thang|kdjendok|kdsatker|kddept|kdunit|kdprogram|kdgiat|kdoutput|kdlokasi|kdkabkota|kddekon|kdsoutput|kdkmpnen|kdskmpnen|kdakun|kdkppn|kdbeban|kdjnsban|kdctarik|register|carahitung|header1|header2|kdheader|noitem|nmitem|vol1|sat1|vol2|sat2|vol3|sat3|vol4|sat4|volkeg|satkeg|hargasat|jumlah|jumlah2|paguphln|pagurmp|pagurkp|kdblokir|blokirphln|blokirrmp|blokirrkp|rphblokir|kdcopy|kdabt|kdsbu|volsbk|volrkakl|blnkontrak|nokontrak|tgkontrak|nilkontrak|januari|pebruari|maret|april|mei|juni|juli|agustus|september|oktober|nopember|desember|jmltunda|kdluncuran|jmlabt|norev|kdubah|kurs|indexjm|kdib
2026|01|527010|015|08|CD|6212|AEF|01|51|1|001|100|JA|521211|019|A|0|0||0|01||1|1|Workshop SAP pada APIP KL|0||0||0||0||0||0|0||0|0|0||0|0|0|0||||0|0||||0|0|0|0|0|0|0|0|0|0|0|0|0|0||0|||1|0|00
2026|01|527010|015|08|CD|6212|AEF|01|51|1|001|100|JA|521211|019|A|0|0||0|04||1|10|Sosialisasi SAP Berbasis Akrual pada Pemda|0||0||0||0||0||0|0||0|0|0||0|0|0|0||||0|0||||0|0|0|0|0|0|0|0|0|0|0|0|0|0||0|||1|0|00
2026|01|527010|015|08|CD|6212|AEF|01|51|1|001|100|JA|521211|019|A|0|0||0|04|||11|KDM  Makan Rapat|34|ORG|2|FR|0||0||68|OF|35912|2442000||0|0|0||0|0|0|0||||0|0||||0|203000|203000|203000|203000|203000|203000|203000|203000|203000|203000|203000|209000|0||0|||1|0|00
2026|01|527010|015|08|CD|6212|AEF|01|51|1|001|100|JA|521211|019|A|0|0||0|04|||12|KDM  KudapanSnack Rapat|33|ORG|2|FR|0||0||66|OF|15122|998000||0|0|0||0|0|0|0||||0|0||||0|83000|83000|83000|83000|83000|83000|83000|83000|83000|83000|83000|85000|0||0|||1|0|00
2026|01|527010|015|08|CD|6212|AEF|01|51|1|001|100|JA|521211|019|A|0|0||0|05||1|13|Sosialisasi SAP Berbasis Akrual pada KL Pusat|0||0||0||0||0||0|0||0|0|0||0|0|0|0||||0|0||||0|0|0|0|0|0|0|0|0|0|0|0|0|0||0|||1|0|00
2026|01|527010|015|08|CD|6212|AEF|01|51|1|001|100|JA|521211|019|A|0|0||0|05|||14|KDM  Makan Rapat|34|ORG|2|FR|0||0||68|OF|35912|2442000||0|0|0||0|0|0|0||||0|0||||0|203000|203000|203000|203000|203000|203000|203000|203000|203000|203000|203000|209000|0||0|||1|0|00
2026|01|527010|015|08|CD|6212|AEF|01|51|1|001|100|JA|521211|019|A|0|0||0|05|||15|KDM  KudapanSnack Rapat|34|ORG|2|FR|0||0||68|OF|15118|1028000||0|0|0||0|0|0|0||||0|0||||0|85000|85000|85000|85000|85000|85000|85000|85000|85000|85000|85000|93000|0||0|||1|0|00
2026|01|527010|015|08|CD|6212|AEF|01|51|1|001|100|JA|521211|019|A|0|0||0|01|||2|KDM  Makan Rapat|25|ORG|1|FR|0||0||25|OF|35920|898000||0|0|0||0|0|0|0||||0|0||||0|74000|74000|74000|74000|74000|74000|74000|74000|74000|74000|74000|84000|0||0|||1|0|00
2026|01|527010|015|08|CD|6212|AEF|01|51|1|001|100|JA|521211|019|A|0|0||0|01|||3|KDM  KudapanSnack Rapat|25|ORG|1|FR|0||0||25|OF|15120|378000||0|0|0||0|0|0|0||||0|0||||0|31000|31000|31000|31000|31000|31000|31000|31000|31000|31000|31000|37000|0||0|||1|0|00
2026|01|527010|015|08|CD|6212|AEF|01|51|1|001|100|JA|521211|019|A|0|0||0|02||1|4|Workshop Standar Akuntansi Pemerintah Daerah (SAPD)|0||0||0||0||0||0|0||0|0|0||0|0|0|0||||0|0||||0|0|0|0|0|0|0|0|0|0|0|0|0|0||0|||1|0|00
2026|01|527010|015|08|CD|6212|AEF|01|51|1|001|100|JA|521211|019|A|0|0||0|02|||5|KDM  Makan Rapat|23|ORG|1|FR|0||0||23|OF|35914|826000||0|0|0||0|0|0|0||||0|0||||0|68000|68000|68000|68000|68000|68000|68000|68000|68000|68000|68000|78000|0||0|||1|0|00
2026|01|527010|015|08|CD|6212|AEF|01|51|1|001|100|JA|521211|019|A|0|0||0|02|||6|KDM  KudapanSnack Rapat|23|ORG|1|FR|0||0||23|OF|15131|348000||0|0|0||0|0|0|0||||0|0||||0|29000|29000|29000|29000|29000|29000|29000|29000|29000|29000|29000|29000|0||0|||1|0|00
2026|01|527010|015|08|CD|6212|AEF|01|51|1|001|100|JA|521211|019|A|0|0||0|03||1|7|Training of Trainers SAP pada KL|0||0||0||0||0||0|0||0|0|0||0|0|0|0||||0|0||||0|0|0|0|0|0|0|0|0|0|0|0|0|0||0|||1|0|00
2026|01|527010|015|08|CD|6212|AEF|01|51|1|001|100|JA|521211|019|A|0|0||0|03|||8|KDM  Makan Rapat|25|ORG|1|FR|0||0||25|OF|35920|898000||0|0|0||0|0|0|0||||0|0||||0|74000|74000|74000|74000|74000|74000|74000|74000|74000|74000|74000|84000|0||0|||1|0|00
2026|01|527010|015|08|CD|6212|AEF|01|51|1|001|100|JA|521211|019|A|0|0||0|03|||9|KDM  KudapanSnack Rapat|25|ORG|1|FR|0||0||25|OF|15120|378000||0|0|0||0|0|0|0||||0|0||||0|31000|31000|31000|31000|31000|31000|31000|31000|31000|31000|31000|37000|0||0|||1|0|00
2026|01|527010|015|08|CD|6212|AEF|01|51|1|001|100|JA|522151|019|A|0|0||0||||1|Honorarium Narasumber|1|ORG|2|JAM|2|FR|0||4|OJ|792000|3168000||0|0|0||0|0|0|0||||0|0||||0|264000|264000|264000|264000|264000|264000|264000|264000|264000|264000|264000|264000|0||0|||1|0|00
2026|01|527010|015|08|CD|6212|AEF|01|51|1|001|100|JA|524111|019|A|0|0||0|01||1|1|Sosialisasi SAP Berbasis Akrual pada Pemda|0||0||0||0||0||0|0||0|0|0||0|0|0|0||||0|0||||0|0|0|0|0|0|0|0|0|0|0|0|0|0||0|||1|0|00
2026|01|527010|015|08|CD|6212|AEF|01|51|1|001|100|JA|524111|019|A|0|0||0|01|||2|Akomodasi|2|ORG|2|HR|1|FR|0||4|OHF|542500|2170000||0|0|0||0|0|0|0||||0|0||||0|180000|180000|180000|180000|180000|180000|180000|180000|180000|180000|180000|190000|0||0|||1|0|00
2026|01|527010|015|08|CD|6212|AEF|01|51|1|001|100|JA|524111|019|A|0|0||0|01|||3|Transport|2|ORG|1|FR|0||0||2|OF|932000|1864000||0|0|0||0|0|0|0||||0|0||||0|155000|155000|155000|155000|155000|155000|155000|155000|155000|155000|155000|159000|0||0|||1|0|00
2026|01|527010|015|08|CD|6212|AEF|01|51|1|001|100|JA|524111|019|A|0|0||0|01|||4|Uang Saku Harian|2|ORG|3|HR|1|FR|0||6|OHF|284334|1706000||0|0|0||0|0|0|0||||0|0||||0|142000|142000|142000|142000|142000|142000|142000|142000|142000|142000|142000|144000|0||0|||1|0|00
2026|01|527010|015|08|CD|6212|AEF|01|51|1|001|100|JA|524111|019|A|0|0||0|02||1|5|Sosialisasi SAP Berbasis Akrual pada KL Pusat|0||0||0||0||0||0|0||0|0|0||0|0|0|0||||0|0||||0|0|0|0|0|0|0|0|0|0|0|0|0|0||0|||1|0|00
2026|01|527010|015|08|CD|6212|AEF|01|51|1|001|100|JA|524111|019|A|0|0||0|02|||6|Akomodasi|3|ORG|2|HR|3|FR|0||18|OHF|464945|8369000||0|0|0||0|0|0|0||||0|0||||0|697000|697000|697000|697000|697000|697000|697000|697000|697000|697000|697000|702000|0||0|||1|0|00
2026|01|527010|015|08|CD|6212|AEF|01|51|1|001|100|JA|524111|019|A|0|0||0|02|||7|Transport|3|ORG|3|FR|0||0||9|OF|852445|7672000||0|0|0||0|0|0|0||||0|0||||0|639000|639000|639000|639000|639000|639000|639000|639000|639000|639000|639000|643000|0||0|||1|0|00
2026|01|527010|015|08|CD|6212|AEF|01|51|1|001|100|JA|524111|019|A|0|0||0|02|||8|Uang Saku Harian|3|ORG|3|HR|3|FR|0||27|OHF|275075|7427000||0|0|0||0|0|0|0||||0|0||||0|618000|618000|618000|618000|618000|618000|618000|618000|618000|618000|618000|629000|0||0|||1|0|00
2026|01|527010|015|08|CD|6212|AEF|01|51|1|001|100|JA|524114|019|A|0|0||0|01||1|1|Workshop Standar Akuntansi Pemerintah Daerah (SAPD)|0||0||0||0||0||0|0||0|0|0||0|0|0|0||||0|0||||0|0|0|0|0|0|0|0|0|0|0|0|0|0||0|||1|0|00
2026|01|527010|015|08|CD|6212|AEF|01|51|1|001|100|JA|524114|019|A|0|0||0|01|||2|Transport Narasumber|2|ORG|1|FR|0||0||2|OF|116000|232000||0|0|0||0|0|0|0||||0|0||||0|19000|19000|19000|19000|19000|19000|19000|19000|19000|19000|19000|23000|0||0|||1|0|00
2026|01|527010|015|08|CD|6212|AEF|01|51|1|001|100|JA|524114|019|A|0|0||0|01|||3|Transport Panitia dan Peserta Internal|25|ORG|1|FR|0||0||25|OF|116240|2906000||0|0|0||0|0|0|0||||0|0||||0|242000|242000|242000|242000|242000|242000|242000|242000|242000|242000|242000|244000|0||0|||1|0|00
2026|01|527010|015|08|CD|6212|AEF|01|51|1|001|100|JA|524114|019|A|0|0||0|01|||4|Uang Saku Peserta|20|ORG|3|HR|1|FR|0||60|OHF|100734|6044000||0|0|0||0|0|0|0||||0|0||||0|503000|503000|503000|503000|503000|503000|503000|503000|503000|503000|503000|511000|0||0|||1|0|00
2026|01|527010|015|08|CD|6212|AEF|01|51|1|001|100|JA|524114|019|A|0|0||0|01|||5|Uang Saku Panitia dan Peserta Internal|25|ORG|3|HR|1|FR|0||75|OHF|100734|7555000||0|0|0||0|0|0|0||||0|0||||0|629000|629000|629000|629000|629000|629000|629000|629000|629000|629000|629000|636000|0||0|||1|0|00
2026|01|527010|015|08|CD|6212|AEF|01|51|1|001|100|JA|524114|019|A|0|0||0|01|||6|Uang Saku Narasumber|2|ORG|2|HR|1|FR|0||4|OHF|100750|403000||0|0|0||0|0|0|0||||0|0||||0|33000|33000|33000|33000|33000|33000|33000|33000|33000|33000|33000|40000|0||0|||1|0|00
2026|01|527010|015|08|CD|6212|AEF|01|51|1|001|100|JA|524114|019|A|0|0||0|01|||7|Transport Peserta|20|ORG|1|FR|0||0||20|OF|1898650|37973000||0|0|0||0|0|0|0||||0|0||||0|3164000|3164000|3164000|3164000|3164000|3164000|3164000|3164000|3164000|3164000|3164000|3169000|0||0|||1|0|00
2026|01|527010|015|08|CD|6212|AEF|01|51|1|001|100|JB|521211|019|A|0|0||0||||1|KDM  KudapanSnack Rapat|40|ORG|2|FR|0||0||80|OF|15125|1210000||0|0|0||0|0|0|0||||0|0||||0|100000|100000|100000|100000|100000|100000|100000|100000|100000|100000|100000|110000|0||0|||1|0|00
2026|01|527010|015|08|CD|6212|AEF|01|51|1|001|100|JC|521211|019|A|0|0||0||||1|KDM  Makan Rapat Menter KeuanganEselon I|130|ORG|1|FR|0||0||130|OF|74339|9664000||0|0|0||0|0|0|0||||0|0||||0|805000|805000|805000|805000|805000|805000|805000|805000|805000|805000|805000|809000|0||0|||1|0|00
2026|01|527010|015|08|CD|6212|AEF|01|51|1|001|100|JC|521211|019|A|0|0||0||||2|KDM  KudapanSnack Rapat Menteri  Setara  Eselon I|130|ORG|1|FR|0||0||130|OF|33393|4341000||0|0|0||0|0|0|0||||0|0||||0|361000|361000|361000|361000|361000|361000|361000|361000|361000|361000|361000|370000|0||0|||1|0|00
2026|01|527010|015|08|CD|6212|AEF|01|51|1|001|100|JC|522191|019|A|0|0||0||||1|Biaya Penyelenggaraan Kegiatan Rapat Rangkaian Rakernas|1|PKT|1|FR|0||0||1|FR|168000000|168000000||0|0|0||0|0|0|0||||0|0||||0|14000000|14000000|14000000|14000000|14000000|14000000|14000000|14000000|14000000|14000000|14000000|14000000|0||0|||1|0|00
2026|01|527010|015|08|CD|6212|AEF|01|51|1|001|100|JC|524111|019|A|0|0||0||||1|Akomodasi|16|ORG|2|HR|1|FR|0||32|OHF|387438|12398000||0|0|0||0|0|0|0||||0|0||||0|1033000|1033000|1033000|1033000|1033000|1033000|1033000|1033000|1033000|1033000|1033000|1035000|0||0|||1|0|00
2026|01|527010|015|08|CD|6212|AEF|01|51|1|001|100|JC|524111|019|A|0|0||0||||2|Transport|16|ORG|1|FR|0||0||16|OF|1330500|21288000||0|0|0||0|0|0|0||||0|0||||0|1774000|1774000|1774000|1774000|1774000|1774000|1774000|1774000|1774000|1774000|1774000|1774000|0||0|||1|0|00
2026|01|527010|015|08|CD|6212|AEF|01|51|1|001|100|JC|524111|019|A|0|0||0||||3|Uang Saku Harian|16|ORG|3|HR|1|FR|0||48|OHF|164271|7885000||0|0|0||0|0|0|0||||0|0||||0|657000|657000|657000|657000|657000|657000|657000|657000|657000|657000|657000|658000|0||0|||1|0|00
2026|01|527010|015|08|CD|6212|AEF|01|51|1|001|100|JD|521211|019|A|0|0||0||||1|CTK  Pencetakan LKPP Berbahasa Inggris|20|Buku|1|FR|0||0||20|Eks|252000|5040000||0|0|0||0|0|0|0||||0|0||||0|420000|420000|420000|420000|420000|420000|420000|420000|420000|420000|420000|420000|0||0|||1|0|00
2026|01|527010|015|08|CD|6212|AEF|01|51|1|001|100|JD|521211|019|A|0|0||0||||2|CTK  Publikasi LKPP dan LKBUN Tahun 2025|1|Media|1|FR|0||0||1|Media|63000000|63000000||0|0|0||0|0|0|0||||0|0||||0|5250000|5250000|5250000|5250000|5250000|5250000|5250000|5250000|5250000|5250000|5250000|5250000|0||0|||1|0|00
2026|01|527010|015|08|CD|6212|AEF|01|51|1|001|100|JD|522191|019|A|0|0||0||||1|Penerjemah|500|HAL|1|FR|0||0||500|HAL|158792|79396000||0|0|0||0|0|0|0||||0|0||||0|6616000|6616000|6616000|6616000|6616000|6616000|6616000|6616000|6616000|6616000|6616000|6620000|0||0|||1|0|00
2026|01|527010|015|08|CD|6212|AEF|01|51|1|005|100|HA|521211|019|A|0|0||0|01||1|1|Sosialisasi|0||0||0||0||0||0|0||0|0|0||0|0|0|0||||0|0||||0|0|0|0|0|0|0|0|0|0|0|0|0|0||0|||1|0|00
2026|01|527010|015|08|CD|6212|AEF|01|51|1|005|100|HA|521211|019|A|0|0||0|01|||2|KDM  Snack Rapat Biasa D.K.I.  JAKARTA|0||0||0||0||50|OK|15120|756000||0|0|0||0|0|0|0||||0|0||||0|63000|63000|63000|63000|63000|63000|63000|63000|63000|63000|63000|63000|0||0|||1|0|00
2026|01|527010|015|08|CD|6212|AEF|01|51|1|005|100|HA|521211|019|A|0|0||0|01|||3|KDM  Makan Rapat Biasa D.K.I.  JAKARTA|0||0||0||0||50|OK|35900|1795000||0|0|0||0|0|0|0||||0|0||||0|149000|149000|149000|149000|149000|149000|149000|149000|149000|149000|149000|156000|0||0|||1|0|00
2026|01|527010|015|08|CD|6212|AEF|01|51|1|005|100|HA|522151|019|A|0|0||0||||1|Narasumber Tenaga Profesional|0||0||0||0||3|OJ|1496000|4488000||0|0|0||0|0|0|0||||0|0||||0|374000|374000|374000|374000|374000|374000|374000|374000|374000|374000|374000|374000|0||0|||1|0|00
2026|01|527010|015|08|CD|6212|AEF|01|51|1|005|100|HB|521211|019|A|0|0||0|01||1|1|Konsumsi Rapat|0||0||0||0||0||0|0||0|0|0||0|0|0|0||||0|0||||0|0|0|0|0|0|0|0|0|0|0|0|0|0||0|||1|0|00
2026|01|527010|015|08|CD|6212|AEF|01|51|1|005|100|HB|521211|019|A|0|0||0|01|||2|KDM  Snack Rapat Biasa D.K.I.  JAKARTA|0||0||0||0||70|OK|15115|1058000||0|0|0||0|0|0|0||||0|0||||0|88000|88000|88000|88000|88000|88000|88000|88000|88000|88000|88000|90000|0||0|||1|0|00
2026|01|527010|015|08|CD|6212|AEF|01|51|1|005|100|HB|521211|019|A|0|0||0|01|||3|KDM  Makan Rapat Biasa D.K.I.  JAKARTA|0||0||0||0||70|OK|35915|2514000||0|0|0||0|0|0|0||||0|0||||0|209000|209000|209000|209000|209000|209000|209000|209000|209000|209000|209000|215000|0||0|||1|0|00
2026|01|527010|015|08|CD|6212|AEF|01|51|1|005|100|HB|522151|019|A|0|0||0||||1|Narasumber Tenaga Profesional|0||0||0||0||9|OJ|1496000|13464000||0|0|0||0|0|0|0||||0|0||||0|1122000|1122000|1122000|1122000|1122000|1122000|1122000|1122000|1122000|1122000|1122000|1122000|0||0|||1|0|00
2026|01|527010|015|08|CD|6212|AEF|01|51|1|005|100|HB|524111|019|A|0|0||0||||1|3. Biaya Penginapan|0||0||0||0||12|OH|464917|5579000||0|0|0||0|0|0|0||||0|0||||0|464000|464000|464000|464000|464000|464000|464000|464000|464000|464000|464000|475000|0||0|||1|0|00
2026|01|527010|015|08|CD|6212|AEF|01|51|1|005|100|HB|524111|019|A|0|0||0||||2|1. Tiket PP|0||0||0||0||6|OK|2557167|15343000||0|0|0||0|0|0|0||||0|0||||0|1278000|1278000|1278000|1278000|1278000|1278000|1278000|1278000|1278000|1278000|1278000|1285000|0||0|||1|0|00
2026|01|527010|015|08|CD|6212|AEF|01|51|1|005|100|HB|524111|019|A|0|0||0||||3|2. Uang Harian|0||0||0||0||18|OH|271223|4882000||0|0|0||0|0|0|0||||0|0||||0|406000|406000|406000|406000|406000|406000|406000|406000|406000|406000|406000|416000|0||0|||1|0|00
2026|01|527010|015|08|CD|6212|AEF|01|51|1|005|100|HB|524113|019|A|0|0||0||||1|1. Transport Lokal|0||0||0||0||12|OK|131750|1581000||0|0|0||0|0|0|0||||0|0||||0|131000|131000|131000|131000|131000|131000|131000|131000|131000|131000|131000|140000|0||0|||1|0|00
2026|01|527010|015|08|CD|6212|AEF|01|51|1|005|100|HC|524111|019|A|0|0||0|01||1|1|Monitoring dan evaluasi pelaksanaan Implementasi Sistem EWS Terpadu|0||0||0||0||0||0|0||0|0|0||0|0|0|0||||0|0||||0|0|0|0|0|0|0|0|0|0|0|0|0|0||0|||1|0|00
2026|01|527010|015|08|CD|6212|AEF|01|51|1|005|100|HC|524111|019|A|0|0||0|01|||2|2. Uang Harian|0||0||0||0||12| OH|232500|2790000||0|0|0||0|0|0|0||||0|0||||0|232000|232000|232000|232000|232000|232000|232000|232000|232000|232000|232000|238000|0||0|||1|0|00
2026|01|527010|015|08|CD|6212|AEF|01|51|1|005|100|HC|524111|019|A|0|0||0|01|||3|3. Biaya Penginapan|0||0||0||0||8|OH|397500|3180000||0|0|0||0|0|0|0||||0|0||||0|265000|265000|265000|265000|265000|265000|265000|265000|265000|265000|265000|265000|0||0|||1|0|00
2026|01|527010|015|08|CD|6212|AEF|01|51|1|005|100|HC|524111|019|A|0|0||0|01|||4|1. Tiket  PP|0||0||0||0||4|OK|2634750|10539000||0|0|0||0|0|0|0||||0|0||||0|878000|878000|878000|878000|878000|878000|878000|878000|878000|878000|878000|881000|0||0|||1|0|00
2026|01|527010|015|08|CD|6212|AEF|01|51|1|005|100|HC|524119|019|A|0|0||0||||1|3. Biaya Penginapan|0||0||0||0||50|OH|779540|38977000||0|0|0||0|0|0|0||||0|0||||0|3248000|3248000|3248000|3248000|3248000|3248000|3248000|3248000|3248000|3248000|3248000|3249000|0||0|||1|0|00
2026|01|527010|015|08|CD|6212|AEF|01|51|1|005|100|HC|524119|019|A|0|0||0||||2|2. Uang Harian|0||0||0||0||75|OH|100734|7555000||0|0|0||0|0|0|0||||0|0||||0|629000|629000|629000|629000|629000|629000|629000|629000|629000|629000|629000|636000|0||0|||1|0|00
2026|01|527010|015|08|CD|6212|AEF|01|51|1|005|100|HC|524119|019|A|0|0||0||||3|1. Transport|0||0||0||0||25|OK|232480|5812000||0|0|0||0|0|0|0||||0|0||||0|484000|484000|484000|484000|484000|484000|484000|484000|484000|484000|484000|488000|0||0|||1|0|00
2026|01|527010|015|08|CD|6212|AEF|01|51|1|004|100|HA|521211|019|A|0|0||0|01||1|1|Sosialisasi|0||0||0||0||0||0|0||0|0|0||0|0|0|0||||0|0||||0|0|0|0|0|0|0|0|0|0|0|0|0|0||0|||1|0|00
2026|01|527010|015|08|CD|6212|AEF|01|51|1|004|100|HA|521211|019|A|0|0||0|01|||2|KDM  Makan Rapat Biasa D.K.I.  JAKARTA|0||0||0||0||38|OK|35922|1365000||0|0|0||0|0|0|0||||0|0||||0|113000|113000|113000|113000|113000|113000|113000|113000|113000|113000|113000|122000|0||0|||1|0|00
2026|01|527010|015|08|CD|6212|AEF|01|51|1|004|100|HA|521211|019|A|0|0||0|01|||3|KDM  Snack Rapat Biasa D.K.I.  JAKARTA|0||0||0||0||38|OK|15132|575000||0|0|0||0|0|0|0||||0|0||||0|47000|47000|47000|47000|47000|47000|47000|47000|47000|47000|47000|58000|0||0|||1|0|00
2026|01|527010|015|08|CD|6212|AEF|01|51|1|004|100|HA|522151|019|A|0|0||0||||1|Narasumber Tenaga Profesional|0||0||0||0||2|OJ|1496000|2992000||0|0|0||0|0|0|0||||0|0||||0|249000|249000|249000|249000|249000|249000|249000|249000|249000|249000|249000|253000|0||0|||1|0|00
2026|01|527010|015|08|CD|6212|AEF|01|51|1|004|100|HB|521211|019|A|0|0||0|01||1|1|Rapat Pembahasan terkait Investasi Pemerintah dan Pinjaman Daerah|0||0||0||0||0||0|0||0|0|0||0|0|0|0||||0|0||||0|0|0|0|0|0|0|0|0|0|0|0|0|0||0|||1|0|00
2026|01|527010|015|08|CD|6212|AEF|01|51|1|004|100|HB|521211|019|A|0|0||0|01|||2|KDM  Snack Rapat Biasa D.K.I.  JAKARTA|0||0||0||0||144|OK|15119|2177000||0|0|0||0|0|0|0||||0|0||||0|181000|181000|181000|181000|181000|181000|181000|181000|181000|181000|181000|186000|0||0|||1|0|00
2026|01|527010|015|08|CD|6212|AEF|01|51|1|004|100|HB|521211|019|A|0|0||0|01|||3|KDM  Makan Rapat Biasa D.K.I.  JAKARTA|0||0||0||0||144|OK|35910|5171000||0|0|0||0|0|0|0||||0|0||||0|430000|430000|430000|430000|430000|430000|430000|430000|430000|430000|430000|441000|0||0|||1|0|00
2026|01|527010|015|08|CD|6212|AEF|01|51|1|004|100|HB|522151|019|A|0|0||0||||1|Honorarium Narasumber (MenteriPejabat Setingkat Menteri)|0||0||0||0||6|OJ|1276000|7656000||0|0|0||0|0|0|0||||0|0||||0|638000|638000|638000|638000|638000|638000|638000|638000|638000|638000|638000|638000|0||0|||1|0|00
2026|01|527010|015|08|CD|6212|AEF|01|51|1|004|100|HB|524111|019|A|0|0||0||||1|3. Biaya Penginapan|0||0||0||0||32|OH|542438|17358000||0|0|0||0|0|0|0||||0|0||||0|1446000|1446000|1446000|1446000|1446000|1446000|1446000|1446000|1446000|1446000|1446000|1452000|0||0|||1|0|00
2026|01|527010|015|08|CD|6212|AEF|01|51|1|004|100|HB|524111|019|A|0|0||0||||2|2. Uang Harian|0||0||0||0||48|OH|286709|13762000||0|0|0||0|0|0|0||||0|0||||0|1146000|1146000|1146000|1146000|1146000|1146000|1146000|1146000|1146000|1146000|1146000|1156000|0||0|||1|0|00
2026|01|527010|015|08|CD|6212|AEF|01|51|1|004|100|HB|524111|019|A|0|0||0||||3|1. Transport PP|0||0||0||0||16|OK|2402188|38435000||0|0|0||0|0|0|0||||0|0||||0|3202000|3202000|3202000|3202000|3202000|3202000|3202000|3202000|3202000|3202000|3202000|3213000|0||0|||1|0|00
2026|01|527010|015|08|CD|6212|AEF|01|51|1|004|100|HB|524113|019|A|0|0||0||||1|1. Transport Lokal|0||0||0||0||8|OK|131750|1054000||0|0|0||0|0|0|0||||0|0||||0|87000|87000|87000|87000|87000|87000|87000|87000|87000|87000|87000|97000|0||0|||1|0|00
2026|01|527010|015|08|CD|6212|AEF|01|51|1|004|100|HB|524113|019|A|0|0||0||||2|2. Uang Harian|0||0||0||0||8|OH|130125|1041000||0|0|0||0|0|0|0||||0|0||||0|86000|86000|86000|86000|86000|86000|86000|86000|86000|86000|86000|95000|0||0|||1|0|00
2026|01|527010|015|08|CD|6212|AEF|01|51|1|004|100|HC|521211|019|A|0|0||0|01||1|1|Konsumsi Workshop Pengelolaan Risiko Investasi dan pengembangan lembaga investasi pemerintah kantor vertikal|0||0||0||0||0||0|0||0|0|0||0|0|0|0||||0|0||||0|0|0|0|0|0|0|0|0|0|0|0|0|0||0|||1|0|00
2026|01|527010|015|08|CD|6212|AEF|01|51|1|004|100|HC|521211|019|A|0|0||0|01|||2|KDM  Makan Rapat Biasa D.K.I.  JAKARTA|0||0||0||0||21|OK|35905|754000||0|0|0||0|0|0|0||||0|0||||0|62000|62000|62000|62000|62000|62000|62000|62000|62000|62000|62000|72000|0||0|||1|0|00
2026|01|527010|015|08|CD|6212|AEF|01|51|1|004|100|HC|521211|019|A|0|0||0|01|||3|KDM  Snack Rapat Biasa D.K.I.  JAKARTA|0||0||0||0||21|OK|15143|318000||0|0|0||0|0|0|0||||0|0||||0|26000|26000|26000|26000|26000|26000|26000|26000|26000|26000|26000|32000|0||0|||1|0|00
2026|01|527010|015|08|CD|6212|AEF|01|51|1|004|100|HC|522151|019|A|0|0||0|01||1|1|Workshop Pengelolaan Risiko Investasi|0||0||0||0||0||0|0||0|0|0||0|0|0|0||||0|0||||0|0|0|0|0|0|0|0|0|0|0|0|0|0||0|||1|0|00
2026|01|527010|015|08|CD|6212|AEF|01|51|1|004|100|HC|522151|019|A|0|0||0|01|||2|Narasumber Tenaga Profesional|2|ORG|2|JAM|1|FREK|0||4|OJ|1408000|5632000||0|0|0||0|0|0|0||||0|0||||0|469000|469000|469000|469000|469000|469000|469000|469000|469000|469000|469000|473000|0||0|||1|0|00
2026|01|527010|015|08|CD|6212|AEF|01|51|1|004|100|HC|524111|019|A|0|0||0|01||1|1|Perjalanan Dinas dalam rangka pembinaan dan pengembangan lembaga investasi pemerintah kantor vertikal|0||0||0||0||0||0|0||0|0|0||0|0|0|0||||0|0||||0|0|0|0|0|0|0|0|0|0|0|0|0|0||0|||1|0|00
2026|01|527010|015|08|CD|6212|AEF|01|51|1|004|100|HC|524111|019|A|0|0||0|01|||2|Tiket PP|3|ORG|1|LOK|1|FREK|0||3|OK|2115334|6346000||0|0|0||0|0|0|0||||0|0||||0|528000|528000|528000|528000|528000|528000|528000|528000|528000|528000|528000|538000|0||0|||1|0|00
2026|01|527010|015|08|CD|6212|AEF|01|51|1|004|100|HC|524111|019|A|0|0||0|01|||3|Uang Harian|3|ORG|1|LOK|1|FREK|3|HARI|9|OH|232445|2092000||0|0|0||0|0|0|0||||0|0||||0|174000|174000|174000|174000|174000|174000|174000|174000|174000|174000|174000|178000|0||0|||1|0|00
2026|01|527010|015|08|CD|6212|AEF|01|51|1|004|100|HC|524111|019|A|0|0||0|01|||4|Biaya Penginapan|3|ORG|1|LOK|1|FREK|2|HARI|6|OH|542500|3255000||0|0|0||0|0|0|0||||0|0||||0|271000|271000|271000|271000|271000|271000|271000|271000|271000|271000|271000|274000|0||0|||1|0|00
2026|01|527010|015|08|CD|6212|AEF|01|51|1|004|100|HC|524113|019|A|0|0||0|01||1|1|Perjalanan dinas dalam rangka pelaksanaan Pembinaan ke BLU dibawah DJPb|0||0||0||0||0||0|0||0|0|0||0|0|0|0||||0|0||||0|0|0|0|0|0|0|0|0|0|0|0|0|0||0|||1|0|00
2026|01|527010|015|08|CD|6212|AEF|01|51|1|004|100|HC|524113|019|A|0|0||0|01|||2|Transport Lokal|15|ORG|4|HARI|2|FREK|0||120|OK|131734|15808000||0|0|0||0|0|0|0||||0|0||||0|1317000|1317000|1317000|1317000|1317000|1317000|1317000|1317000|1317000|1317000|1317000|1321000|0||0|||1|0|00
2026|01|527010|015|08|CD|6212|AEF|01|51|1|004|100|HC|524113|019|A|0|0||0|01|||3|Uang Harian|15|ORG|4|HARI|2|FREK|0||120|OH|116234|13948000||0|0|0||0|0|0|0||||0|0||||0|1162000|1162000|1162000|1162000|1162000|1162000|1162000|1162000|1162000|1162000|1162000|1166000|0||0|||1|0|00
2026|01|527010|015|08|CD|6212|AEF|01|51|1|004|100|HD|521211|019|A|0|0||0|01||1|1|Sosialisasi PP Pemberian Pinjaman|0||0||0||0||0||0|0||0|0|0||0|0|0|0||||0|0||||0|0|0|0|0|0|0|0|0|0|0|0|0|0||0|||1|0|00
2026|01|527010|015|08|CD|6212|AEF|01|51|1|004|100|HD|521211|019|A|0|0||0|01|||2|KDM  Snack Rapat Biasa D.K.I.  JAKARTA|0||0||0||0||54|OK|15112|816000||0|0|0||0|0|0|0||||0|0||||0|68000|68000|68000|68000|68000|68000|68000|68000|68000|68000|68000|68000|0||0|||1|0|00
2026|01|527010|015|08|CD|6212|AEF|01|51|1|004|100|HD|521211|019|A|0|0||0|01|||3|KDM  Makan Rapat Biasa D.K.I.  JAKARTA|0||0||0||0||54|OK|35908|1939000||0|0|0||0|0|0|0||||0|0||||0|161000|161000|161000|161000|161000|161000|161000|161000|161000|161000|161000|168000|0||0|||1|0|00
2026|01|527010|015|08|CD|6212|AEF|01|51|1|004|100|HD|522151|019|A|0|0||0|01||1|1|Sosialisasi PP Pemberian Pinjaman|0||0||0||0||0||0|0||0|0|0||0|0|0|0||||0|0||||0|0|0|0|0|0|0|0|0|0|0|0|0|0||0|||1|0|00
2026|01|527010|015|08|CD|6212|AEF|01|51|1|004|100|HD|522151|019|A|0|0||0|01|||2|Narasumber Tenaga Profesional|3|ORG|3|JAM|1|FREK|0||9|OJ|1496000|13464000||0|0|0||0|0|0|0||||0|0||||0|1122000|1122000|1122000|1122000|1122000|1122000|1122000|1122000|1122000|1122000|1122000|1122000|0||0|||1|0|00
2026|01|527010|015|08|CD|6212|AEF|01|51|1|004|100|HE|522151|019|A|0|0||0||||1|Honor Narasumber Tenaga Profesional|1|ORG|3|JAM|2|FREK|0||6|OJ|1496000|8976000||0|0|0||0|0|0|0||||0|0||||0|748000|748000|748000|748000|748000|748000|748000|748000|748000|748000|748000|748000|0||0|||1|0|00
2026|01|527010|015|08|CD|6212|AEF|01|51|1|004|100|HF|521211|019|A|0|0||0|01||1|1|Konsumsi Rapat|0||0||0||0||0||0|0||0|0|0||0|0|0|0||||0|0||||0|0|0|0|0|0|0|0|0|0|0|0|0|0||0|||1|0|00
2026|01|527010|015|08|CD|6212|AEF|01|51|1|004|100|HF|521211|019|A|0|0||0|01|||2|KDM  Snack Rapat Biasa D.K.I.  JAKARTA|20|ORG|1|HARI|4|FREK|0||80|OK|15125|1210000||0|0|0||0|0|0|0||||0|0||||0|100000|100000|100000|100000|100000|100000|100000|100000|100000|100000|100000|110000|0||0|||1|0|00
2026|01|527010|015|08|CD|6212|AEF|01|51|1|004|100|HF|521211|019|A|0|0||0|01|||3|KDM  Makan Rapat Biasa D.K.I.  JAKARTA|0||0||0||0||80|OK|35913|2873000||0|0|0||0|0|0|0||||0|0||||0|239000|239000|239000|239000|239000|239000|239000|239000|239000|239000|239000|244000|0||0|||1|0|00
2026|01|527010|015|08|CD|6212|AEF|01|51|1|004|100|HG|524111|019|A|0|0||0|01||1|1|Monitoring dan evaluasi pelaksanaan kredit program dan subsidi bunga|0||0||0||0||0||0|0||0|0|0||0|0|0|0||||0|0||||0|0|0|0|0|0|0|0|0|0|0|0|0|0||0|||1|0|00
2026|01|527010|015|08|CD|6212|AEF|01|51|1|004|100|HG|524111|019|A|0|0||0|01|||2|Tiket PP|2|ORG|4|LOK|3|FREK|0||24|OK|2247209|53933000||0|0|0||0|0|0|0||||0|0||||0|4494000|4494000|4494000|4494000|4494000|4494000|4494000|4494000|4494000|4494000|4494000|4499000|0||0|||1|0|00
2026|01|527010|015|08|CD|6212|AEF|01|51|1|004|100|HG|524111|019|A|0|0||0|01|||3|Uang Harian|2|ORG|4|LOK|3|FREK|3|HARI|72|OH|232473|16738000||0|0|0||0|0|0|0||||0|0||||0|1394000|1394000|1394000|1394000|1394000|1394000|1394000|1394000|1394000|1394000|1394000|1404000|0||0|||1|0|00
2026|01|527010|015|08|CD|6212|AEF|01|51|1|004|100|HG|524111|019|A|0|0||0|01|||4|Biaya Penginapan|2|ORG|4|LOK|3|FREK|2|HARI|48|OH|397521|19081000||0|0|0||0|0|0|0||||0|0||||0|1590000|1590000|1590000|1590000|1590000|1590000|1590000|1590000|1590000|1590000|1590000|1591000|0||0|||1|0|00
2026|01|527010|015|08|CD|6212|AEF|01|51|1|002|100|PA|521211|019|A|0|0||0||||1|KDM  Konsumsi snack|38|org|18|frek|0||0||684|OF|13860|9480000||0|0|0||0|0|0|0||||0|0||||0|790000|790000|790000|790000|790000|790000|790000|790000|790000|790000|790000|790000|0||0|||1|0|00
2026|01|527010|015|08|CD|6212|AEF|01|51|1|002|100|PA|521211|019|A|0|0||0||||2|KDM  Konsumsi Makan|30|org|20|frek|0||0||600|OF|26539|15923000||0|0|0||0|0|0|0||||0|0||||0|1326000|1326000|1326000|1326000|1326000|1326000|1326000|1326000|1326000|1326000|1326000|1337000|0||0|||1|0|00
2026|01|527010|015|08|CD|6212|AEF|01|51|1|002|100|PA|522151|019|A|0|0||0||||1|Honor Narasumber Eselon III KL Lain|2|ORG|2|JAM|3|FREK|0||12|OJ|792000|9504000||0|0|0||0|0|0|0||||0|0||||0|792000|792000|792000|792000|792000|792000|792000|792000|792000|792000|792000|792000|0||0|||1|0|00
2026|01|527010|015|08|CD|6212|AEF|01|51|1|002|100|PA|524111|019|A|0|0||0||||1|Akomodasi|5|ORG|2|HR|1|FREK|6|LOK|60|OHFL|464934|27896000||0|0|0||0|0|0|0||||0|0||||0|2324000|2324000|2324000|2324000|2324000|2324000|2324000|2324000|2324000|2324000|2324000|2332000|0||0|||1|0|00
2026|01|527010|015|08|CD|6212|AEF|01|51|1|002|100|PA|524111|019|A|0|0||0||||2|Transportasi|5|org|2|lok|6|frek|0||60|OK|742350|44541000||0|0|0||0|0|0|0||||0|0||||0|3711000|3711000|3711000|3711000|3711000|3711000|3711000|3711000|3711000|3711000|3711000|3720000|0||0|||1|0|00
2026|01|527010|015|08|CD|6212|AEF|01|51|1|002|100|PA|524111|019|A|0|0||0||||3|Uang Harian|5|org|3|hr|6|lok|0||90|OH|333212|29989000||0|0|0||0|0|0|0||||0|0||||0|2499000|2499000|2499000|2499000|2499000|2499000|2499000|2499000|2499000|2499000|2499000|2500000|0||0|||1|0|00
2026|01|527010|015|08|CD|6212|AEF|01|51|1|002|100|PA|524113|019|A|0|0||0||||1|Transport|1|org|5|frek|0||0||5|OF|116200|581000||0|0|0||0|0|0|0||||0|0||||0|48000|48000|48000|48000|48000|48000|48000|48000|48000|48000|48000|53000|0||0|||1|0|00
2026|01|527010|015|08|CD|6212|AEF|01|51|1|002|100|PA|524114|019|A|0|0||0||||1|Transportasi|35|org|1|frek|0||0||35|OK|116229|4068000||0|0|0||0|0|0|0||||0|0||||0|339000|339000|339000|339000|339000|339000|339000|339000|339000|339000|339000|339000|0||0|||1|0|00
2026|01|527010|015|08|CD|6212|AEF|01|51|1|002|100|PA|524114|019|A|0|0||0||||2|Biaya Paket Fullboard Pejabat  Eselon III Ke Bawah|35|org|2|frek|1|hr|0||70|OHF|927558|64929000||0|0|0||0|0|0|0||||0|0||||0|5410000|5410000|5410000|5410000|5410000|5410000|5410000|5410000|5410000|5410000|5410000|5419000|0||0|||1|0|00
2026|01|527010|015|08|CD|6212|AEF|01|51|1|002|100|PA|524114|019|A|0|0||0||||3|Uang Harian Fullboard|35|org|3|hr|0||0||105|OHF|100734|10577000||0|0|0||0|0|0|0||||0|0||||0|881000|881000|881000|881000|881000|881000|881000|881000|881000|881000|881000|886000|0||0|||1|0|00
2026|01|527010|015|08|CD|6212|FAC|01|51|1|001|100|LA|521211|019|A|0|0||0||||1|KDM  Konsumsi Snack|30|ORG|1|LOK|36|FR|0||1080|OK|15121|16330000||0|0|0||0|0|0|0||||0|0||||0|1360000|1360000|1360000|1360000|1360000|1360000|1360000|1360000|1360000|1360000|1360000|1370000|0||0|||1|0|00
2026|01|527010|015|08|CD|6212|FAC|01|51|1|001|100|LA|521211|019|A|0|0||0||||2|KDM  Konsumsi Makan|30|ORG|1|LOK|36|FR|0||1080|OK|35911|38783000||0|0|0||0|0|0|0||||0|0||||0|3231000|3231000|3231000|3231000|3231000|3231000|3231000|3231000|3231000|3231000|3231000|3242000|0||0|||1|0|00
2026|01|527010|015|08|CD|6212|FAC|01|51|1|001|100|LA|522151|019|A|0|0||0|01||1|1|Honor Narasumber Evaluasi Implementasi Kepuasan Pengguna Layanan Sistem IT|0||0||0||0||0||0|0||0|0|0||0|0|0|0||||0|0||||0|0|0|0|0|0|0|0|0|0|0|0|0|0||0|||1|0|00
2026|01|527010|015|08|CD|6212|FAC|01|51|1|001|100|LA|522151|019|A|0|0||0|01|||2|Narasumber AkademisiProfesional|3|KEG|5|ORG|5|JAM|3|HR|225|OJ|792000|178200000||0|0|0||0|0|0|0||||0|0||||0|14850000|14850000|14850000|14850000|14850000|14850000|14850000|14850000|14850000|14850000|14850000|14850000|0||0|||1|0|00
2026|01|527010|015|08|CD|6212|FAC|01|51|1|001|100|LA|524111|019|A|0|0||0||||1|Akomodasi|4|ORG|3|HR|2|FR|3|LOK|72|OH|658667|47424000||0|0|0||0|0|0|0||||0|0||||0|3952000|3952000|3952000|3952000|3952000|3952000|3952000|3952000|3952000|3952000|3952000|3952000|0||0|||1|0|00
2026|01|527010|015|08|CD|6212|FAC|01|51|1|001|100|LA|524111|019|A|0|0||0||||2|Uang Harian|4|ORG|4|HR|2|FR|3|LOK|96|OH|294459|28268000||0|0|0||0|0|0|0||||0|0||||0|2355000|2355000|2355000|2355000|2355000|2355000|2355000|2355000|2355000|2355000|2355000|2363000|0||0|||1|0|00
2026|01|527010|015|08|CD|6212|FAC|01|51|1|001|100|LA|524111|019|A|0|0||0||||3|Transport|4|ORG|2|FR|3|LOK|0||24|OK|2712167|65092000||0|0|0||0|0|0|0||||0|0||||0|5424000|5424000|5424000|5424000|5424000|5424000|5424000|5424000|5424000|5424000|5424000|5428000|0||0|||1|0|00
2026|01|527010|015|08|CD|6212|FAC|01|51|1|001|100|LA|524113|019|A|0|0||0||||1|Uang Harian|3|ORG|3|HR|1|FR|3|LOK|27|OH|130186|3515000||0|0|0||0|0|0|0||||0|0||||0|292000|292000|292000|292000|292000|292000|292000|292000|292000|292000|292000|303000|0||0|||1|0|00
2026|01|527010|015|08|CD|6212|FAC|01|51|1|001|100|LA|524113|019|A|0|0||0||||2|Transport|3|ORG|3|HR|1|FR|3|LOK|27|OK|131741|3557000||0|0|0||0|0|0|0||||0|0||||0|296000|296000|296000|296000|296000|296000|296000|296000|296000|296000|296000|301000|0||0|||1|0|00
2026|01|527010|015|08|CD|6212|FAC|01|51|1|003|100|IA|521211|019|A|0|0||0|01||1|1|FGDSosialisasiEdukasi Satker BLU|0||0||0||0||0||0|0||0|0|0||0|0|0|0||||0|0||||0|0|0|0|0|0|0|0|0|0|0|0|0|0||0|||1|0|00
2026|01|527010|015|08|CD|6212|FAC|01|51|1|003|100|IA|521211|019|A|0|0||0|01|||2|KDM  Konsumsi Rapat Snack|100|ORG|4|FR|0||0||400|OF|11030|4412000||0|0|0||0|0|0|0||||0|0||||0|367000|367000|367000|367000|367000|367000|367000|367000|367000|367000|367000|375000|0||0|||1|0|00
2026|01|527010|015|08|CD|6212|FAC|01|51|1|003|100|IA|521211|019|A|0|0||0|01|||3|KDM  Konsumsi Rapat Makan|100|ORG|4|FR|0||0||400|OF|40000|16000000||0|0|0||0|0|0|0||||0|0||||0|1333000|1333000|1333000|1333000|1333000|1333000|1333000|1333000|1333000|1333000|1333000|1337000|0||0|||1|0|00
2026|01|527010|015|08|CD|6212|FAC|01|51|1|003|100|IA|522151|019|A|0|0||0|01||1|1|FGDSosialisasiEdukasi Satker BLU|0||0||0||0||0||0|0||0|0|0||0|0|0|0||||0|0||||0|0|0|0|0|0|0|0|0|0|0|0|0|0||0|||1|0|00
2026|01|527010|015|08|CD|6212|FAC|01|51|1|003|100|IA|522151|019|A|0|0||0|01|||2|Honor Narasumber PakarPraktisiProfesional|3|ORG|3|JAM|4|FR|0||36|OJ|997334|35904000||0|0|0||0|0|0|0||||0|0||||0|2992000|2992000|2992000|2992000|2992000|2992000|2992000|2992000|2992000|2992000|2992000|2992000|0||0|||1|0|00
2026|01|527010|015|08|CD|6212|FAC|01|51|1|003|100|IB|524111|019|A|0|0||0|01||1|1|ASISTENSI PEMBINAAN BLU DAN BLUD|0||0||0||0||0||0|0||0|0|0||0|0|0|0||||0|0||||0|0|0|0|0|0|0|0|0|0|0|0|0|0||0|||1|0|00
2026|01|527010|015|08|CD|6212|FAC|01|51|1|003|100|IB|524111|019|A|0|0||0|01|||2|Uang Harian|2|ORG|3|HARI|5|FR|0||30|OH|200000|6000000||0|0|0||0|0|0|0||||0|0||||0|500000|500000|500000|500000|500000|500000|500000|500000|500000|500000|500000|500000|0||0|||1|0|00
2026|01|527010|015|08|CD|6212|FAC|01|51|1|003|100|IB|524111|019|A|0|0||0|01|||3|Biaya Penginapan|2|ORG|2|HARI|5|FR|0||20|OH|637250|12745000||0|0|0||0|0|0|0||||0|0||||0|1062000|1062000|1062000|1062000|1062000|1062000|1062000|1062000|1062000|1062000|1062000|1063000|0||0|||1|0|00
2026|01|527010|015|08|CD|6212|FAC|01|51|1|003|100|IB|524111|019|A|0|0||0|01|||4|Biaya Transport|2|ORG|5|FR|0||0||10|OH|2000000|20000000||0|0|0||0|0|0|0||||0|0||||0|1666000|1666000|1666000|1666000|1666000|1666000|1666000|1666000|1666000|1666000|1666000|1674000|0||0|||1|0|00
2026|01|527010|015|08|CD|6212|FAC|01|51|1|008|100|PA|521211|019|A|0|0||0||||1|KDM  Snack|20|org|20|fr|0||0||400|OF|13860|5544000||0|0|0||0|0|0|0||||0|0||||0|462000|462000|462000|462000|462000|462000|462000|462000|462000|462000|462000|462000|0||0|||1|0|00
2026|01|527010|015|08|CD|6212|FAC|01|51|1|008|100|PA|521211|019|A|0|0||0||||2|KDM  Makan|20|org|10|fr|0||0||200|OF|29610|5922000||0|0|0||0|0|0|0||||0|0||||0|493000|493000|493000|493000|493000|493000|493000|493000|493000|493000|493000|499000|0||0|||1|0|00
2026|01|527010|015|08|CD|6212|FAC|01|51|1|008|100|PA|522151|019|A|0|0||0||||1|Honor Narasumber Eselon III KL Lain|2|ORG|2|JAM|3|FREK|0||12|OJ|792000|9504000||0|0|0||0|0|0|0||||0|0||||0|792000|792000|792000|792000|792000|792000|792000|792000|792000|792000|792000|792000|0||0|||1|0|00
2026|01|527010|015|08|CD|6212|FAC|01|51|1|008|100|PA|524111|019|A|0|0||0||||1|Akomodasi|10|oeg|2|hr|2|fr|2|lok|80|OHFL|464938|37195000||0|0|0||0|0|0|0||||0|0||||0|3099000|3099000|3099000|3099000|3099000|3099000|3099000|3099000|3099000|3099000|3099000|3106000|0||0|||1|0|00
2026|01|527010|015|08|CD|6212|FAC|01|51|1|008|100|PA|524111|019|A|0|0||0||||2|Transportasi|10|org|2|fr|2|lok|0||40|OK|742325|29693000||0|0|0||0|0|0|0||||0|0||||0|2474000|2474000|2474000|2474000|2474000|2474000|2474000|2474000|2474000|2474000|2474000|2479000|0||0|||1|0|00
2026|01|527010|015|08|CD|6212|FAC|01|51|1|008|100|PA|524111|019|A|0|0||0||||3|Uang Harian|10|org|3|hr|2|fr|2|lok|120|OHFL|333209|39985000||0|0|0||0|0|0|0||||0|0||||0|3332000|3332000|3332000|3332000|3332000|3332000|3332000|3332000|3332000|3332000|3332000|3333000|0||0|||1|0|00
2026|01|527010|015|08|CD|6212|FAC|01|51|1|008|100|PA|524113|019|A|0|0||0||||1|Transportasi|5|org|1|fr|1|lok|0||5|OFL|116200|581000||0|0|0||0|0|0|0||||0|0||||0|48000|48000|48000|48000|48000|48000|48000|48000|48000|48000|48000|53000|0||0|||1|0|00
2026|01|527010|015|08|CD|6212|FAC|01|51|1|008|100|PB|521211|019|A|0|0||0||||1|KDM  Snack|30|org|10|fr|0||0||300|OF|13860|4158000||0|0|0||0|0|0|0||||0|0||||0|346000|346000|346000|346000|346000|346000|346000|346000|346000|346000|346000|352000|0||0|||1|0|00
2026|01|527010|015|08|CD|6212|FAC|01|51|1|008|100|PB|521211|019|A|0|0||0||||2|KDM  Makan|30|org|5|fr|0||0||150|OF|29607|4441000||0|0|0||0|0|0|0||||0|0||||0|370000|370000|370000|370000|370000|370000|370000|370000|370000|370000|370000|371000|0||0|||1|0|00
2026|01|527010|015|08|CD|6212|FAC|01|51|1|008|100|PB|522151|019|A|0|0||0||||1|Honor Narasumber Eselon III KL Lain|2|org|2|jam|3|fr|0||12|OJ|807334|9688000||0|0|0||0|0|0|0||||0|0||||0|807000|807000|807000|807000|807000|807000|807000|807000|807000|807000|807000|811000|0||0|||1|0|00
2026|01|527010|015|08|CD|6212|FAC|01|51|1|008|100|PB|524111|019|A|0|0||0||||1|Akomodasi|6|org|3|hr|2|fr|1|lok|36|OHFL|387445|13948000||0|0|0||0|0|0|0||||0|0||||0|1162000|1162000|1162000|1162000|1162000|1162000|1162000|1162000|1162000|1162000|1162000|1166000|0||0|||1|0|00
2026|01|527010|015|08|CD|6212|FAC|01|51|1|008|100|PB|524111|019|A|0|0||0||||2|Transportasi|6|org|1|fr|2|lok|0||12|OK|271250|3255000||0|0|0||0|0|0|0||||0|0||||0|271000|271000|271000|271000|271000|271000|271000|271000|271000|271000|271000|274000|0||0|||1|0|00
2026|01|527010|015|08|CD|6212|FAC|01|51|1|008|100|PB|524111|019|A|0|0||0||||3|Uang Harian|6|org|3|hr|2|fr|1|lok|36|OHFL|232473|8369000||0|0|0||0|0|0|0||||0|0||||0|697000|697000|697000|697000|697000|697000|697000|697000|697000|697000|697000|702000|0||0|||1|0|00
2026|01|527010|015|08|CD|6212|FAC|01|51|1|008|100|PC|521211|019|A|0|0||0||||1|KDM  Snack|25|org|2|fr|0||0||50|OF|13860|693000||0|0|0||0|0|0|0||||0|0||||0|57000|57000|57000|57000|57000|57000|57000|57000|57000|57000|57000|66000|0||0|||1|0|00
2026|01|527010|015|08|CD|6212|FAC|01|51|1|008|100|PC|521211|019|A|0|0||0||||2|KDM  Makan|25|org|1|fr|0||0||25|OF|29600|740000||0|0|0||0|0|0|0||||0|0||||0|61000|61000|61000|61000|61000|61000|61000|61000|61000|61000|61000|69000|0||0|||1|0|00
2026|01|527010|015|08|CD|6212|FAC|01|51|1|005|100|FA|521211|019|A|0|0||0||||1|CTK  Pengadaan Plakat Penghargaan Penyaluran DAK Fisik, Dana BOS, dan Dana Desa|3|BUAH|5|KATEG|0||0||15|BUAH|472467|7087000||0|0|0||0|0|0|0||||0|0||||0|590000|590000|590000|590000|590000|590000|590000|590000|590000|590000|590000|597000|0||0|||1|0|00
2026|01|527010|015|08|CD|6212|FAC|01|51|1|005|100|FA|521211|019|A|0|0||0||||2|CTK  Penggandaan Laporan Monev Penyaluran DAK Fisik, Dana BOS, dan Dana Desa|15|EKS|1|FREK|0||0||15|EKS|390600|5859000||0|0|0||0|0|0|0||||0|0||||0|488000|488000|488000|488000|488000|488000|488000|488000|488000|488000|488000|491000|0||0|||1|0|00
2026|01|527010|015|08|CD|6212|FAC|01|51|1|005|100|FA|521211|019|A|0|0||0||||3|CTK  Penggandaan Laporan Keuangan Penyaluran DAK Fisik, Dana BOS, dan Dana Desa|15|EKS|1|FREK|0||0||15|EKS|390600|5859000||0|0|0||0|0|0|0||||0|0||||0|488000|488000|488000|488000|488000|488000|488000|488000|488000|488000|488000|491000|0||0|||1|0|00
2026|01|527010|015|08|CD|6212|FAC|01|51|1|005|100|FA|522151|019|A|0|0||0||||1|Honorarium Narasumber|2|ORG|2|JAM|2|FREK|0||8|OJ|880000|7040000||0|0|0||0|0|0|0||||0|0||||0|586000|586000|586000|586000|586000|586000|586000|586000|586000|586000|586000|594000|0||0|||1|0|00
2026|01|527010|015|08|CD|6212|FAC|01|51|1|005|100|FA|524111|019|A|0|0||0||||1|Penginapan|3|ORG|1|LOK|2|HARI|1|FREK|6|OH|620000|3720000||0|0|0||0|0|0|0||||0|0||||0|310000|310000|310000|310000|310000|310000|310000|310000|310000|310000|310000|310000|0||0|||1|0|00
2026|01|527010|015|08|CD|6212|FAC|01|51|1|005|100|FA|524111|019|A|0|0||0||||2|Uang Harian Luar Kota|3|ORG|1|LOK|3|HARI|1|FREK|9|OH|266556|2399000||0|0|0||0|0|0|0||||0|0||||0|199000|199000|199000|199000|199000|199000|199000|199000|199000|199000|199000|210000|0||0|||1|0|00
2026|01|527010|015|08|CD|6212|FAC|01|51|1|005|100|FA|524111|019|A|0|0||0||||3|Uang Transport Luar Kota|3|ORG|1|LOK|1|FREK|0||3|OK|961667|2885000||0|0|0||0|0|0|0||||0|0||||0|240000|240000|240000|240000|240000|240000|240000|240000|240000|240000|240000|245000|0||0|||1|0|00
2026|01|527010|015|08|CD|6212|FAC|01|51|1|005|100|FA|524114|019|A|0|0||0||||1|Uang Transport Luar Kota|4|ORG|4|FREK|0||0||16|OK|162750|2604000||0|0|0||0|0|0|0||||0|0||||0|217000|217000|217000|217000|217000|217000|217000|217000|217000|217000|217000|217000|0||0|||1|0|00
2026|01|527010|015|08|CD|6212|FAC|01|51|1|005|100|FA|524114|019|A|0|0||0||||2|Uang Transport Dalam Kota|32|ORG|4|FREK|0||0||128|OK|131735|16862000||0|0|0||0|0|0|0||||0|0||||0|1405000|1405000|1405000|1405000|1405000|1405000|1405000|1405000|1405000|1405000|1405000|1407000|0||0|||1|0|00
2026|01|527010|015|08|CD|6212|FAC|01|51|1|005|100|FA|524114|019|A|0|0||0||||3|Uang Harian Luar Kota|4|ORG|4|HARI|4|FREK|0||64|OH|100735|6447000||0|0|0||0|0|0|0||||0|0||||0|537000|537000|537000|537000|537000|537000|537000|537000|537000|537000|537000|540000|0||0|||1|0|00
2026|01|527010|015|08|CD|6212|FAC|01|51|1|005|100|FA|524114|019|A|0|0||0||||4|Uang Harian Dalam Kota|32|ORG|4|HARI|4|FREK|0||512|OH|100737|51577000||0|0|0||0|0|0|0||||0|0||||0|4298000|4298000|4298000|4298000|4298000|4298000|4298000|4298000|4298000|4298000|4298000|4299000|0||0|||1|0|00
2026|01|527010|015|08|CD|6212|FAC|01|51|1|005|100|FA|524114|019|A|0|0||0||||5|Biaya Paket Kegiatan RapatPertemuan Full Board Dalam Kota|36|ORG|3|HARI|4|FREK|0||432|OP|926005|400034000||0|0|0||0|0|0|0||||0|0||||0|33336000|33336000|33336000|33336000|33336000|33336000|33336000|33336000|33336000|33336000|33336000|33338000|0||0|||1|0|00
2026|01|527010|015|08|CD|6212|FAC|01|51|1|007|100|IA|521211|019|A|0|0||0||||1|KDM  Konsumsi Rapat Snack|20|ORG|4|FR|0||0||80|OF|16375|1310000||0|0|0||0|0|0|0||||0|0||||0|154102|154102|154102|154102|154102|154102|154102|154102|77184|0|0|0|0||0|||1|0|00
2026|01|527010|015|08|CD|6212|FAC|01|51|1|007|100|IA|521211|019|A|0|0||0||||2|KDM  Konsumsi Rapat Makan|20|ORG|4|FR|0||0||80|OF|46000|3680000||0|0|0||0|0|0|0||||0|0||||0|432898|432898|432898|432898|432898|432898|432898|432898|216816|0|0|0|0||0|||1|0|00
2026|01|527010|015|08|CD|6212|FAC|01|51|1|004|100|IA|521211|019|A|0|0||0||||1|KDM  Konsumsi Rapat Snack|100|ORG|3|FR|0||0||300|OF|15120|4536000||0|0|0||0|0|0|0||||0|0||||0|378000|378000|378000|378000|378000|378000|378000|378000|378000|378000|378000|378000|0||0|||1|0|00
2026|01|527010|015|08|CD|6212|FAC|01|51|1|004|100|IA|521211|019|A|0|0||0||||2|KDM  Konsumsi Rapat Makan|100|ORG|3|FR|0||0||300|OF|35910|10773000||0|0|0||0|0|0|0||||0|0||||0|897000|897000|897000|897000|897000|897000|897000|897000|897000|897000|897000|906000|0||0|||1|0|00
2026|01|527010|015|08|CD|6212|FAH|01|51|1|001|100|JA|524111|019|A|0|0||0||||1|Transport|3|ORG|4|FR|0||0||12|OF|1184084|14209000||0|0|0||0|0|0|0||||0|0||||0|1184000|1184000|1184000|1184000|1184000|1184000|1184000|1184000|1184000|1184000|1184000|1185000|0||0|||1|0|00
2026|01|527010|015|08|CD|6212|FAH|01|51|1|001|100|JA|524111|019|A|0|0||0||||2|Akomodasi|3|ORG|2|HR|4|FR|0||24|OH|464959|11159000||0|0|0||0|0|0|0||||0|0||||0|929000|929000|929000|929000|929000|929000|929000|929000|929000|929000|929000|940000|0||0|||1|0|00
2026|01|527010|015|08|CD|6212|FAH|01|51|1|001|100|JA|524111|019|A|0|0||0||||3|Uang Saku Harian|3|ORG|3|HR|4|FR|0||36|OH|359556|12944000||0|0|0||0|0|0|0||||0|0||||0|1078000|1078000|1078000|1078000|1078000|1078000|1078000|1078000|1078000|1078000|1078000|1086000|0||0|||1|0|00
2026|01|527010|015|08|CD|6212|FAH|01|51|1|003|100|JA|521211|019|A|0|0||0|01||1|1|Penyuluhan SAI Tingkat UAPAUAPPA Eselon I KL dan Bidang PAPK Kanwil DJPb|0||0||0||0||0||0|0||0|0|0||0|0|0|0||||0|0||||0|0|0|0|0|0|0|0|0|0|0|0|0|0||0|||1|0|00
2026|01|527010|015|08|CD|6212|FAH|01|51|1|003|100|JA|521211|019|A|0|0||0|01|||2|KDM  Konsumsi Makan|32|ORG|4|FR|0||0||128|OF|33000|4224000||0|0|0||0|0|0|0||||0|0||||0|287775|287775|287775|287775|287775|287775|287775|287775|287775|287775|287775|1058475|0||0|||1|0|00
2026|01|527010|015|08|CD|6212|FAH|01|51|1|003|100|JA|521211|019|A|0|0||0|01|||3|KDM  Konsumsi Snack|32|ORG|4|FR|0||0||128|OF|18023|2306000||0|0|0||0|0|0|0||||0|0||||0|157104|157104|157104|157104|157104|157104|157104|157104|157104|157104|157104|577856|0||0|||1|0|00
2026|01|527010|015|08|CD|6212|FAH|01|51|1|003|100|JA|524114|019|A|0|0||0||||1|Transport Panitia dan Narsum|40|ORG|1|HR|1|FR|0||40|OF|124375|4975000||0|0|0||0|0|0|0||||0|0||||0|338940|338940|338940|338940|338940|338940|338940|338940|338940|338940|338940|1246660|0||0|||1|0|00
2026|01|527010|015|08|CD|6212|FAH|01|51|1|003|100|JA|524114|019|A|0|0||0||||2|Uang Saku Panitia dan Narsum|40|ORG|1|HR|1|FR|0||40|OF|50000|2000000||0|0|0||0|0|0|0||||0|0||||0|136257|136257|136257|136257|136257|136257|136257|136257|136257|136257|136257|501173|0||0|||1|0|00
2026|01|527010|015|08|CD|6212|FAH|01|51|1|003|100|JB|521211|019|A|0|0||0||||1|KDM  Konsumsi Makan|25|ORG|3|FR|0||0||75|OF|33000|2475000||0|0|0||0|0|0|0||||0|0||||0|168618|168618|168618|168618|168618|168618|168618|168618|168618|168618|168618|620202|0||0|||1|0|00
2026|01|527010|015|08|CD|6212|FAH|01|51|1|003|100|JB|521211|019|A|0|0||0||||2|KDM  Konsumsi Snack|25|ORG|2|KALI|3|FR|0||150|OF|15000|2250000||0|0|0||0|0|0|0||||0|0||||0|153289|153289|153289|153289|153289|153289|153289|153289|153289|153289|153289|563821|0||0|||1|0|00
2026|01|527010|015|08|CD|6212|FAH|01|51|1|003|100|JB|521211|019|A|0|0||0||||3|Bahan Habis Pakai dan Dokumantasi|1|PKT|1|FR|0||0||1|PKT|284000|284000||0|0|0||0|0|0|0||||0|0||||0|19349|19349|19349|19349|19349|19349|19349|19349|19349|19349|19349|71161|0||0|||1|0|00
2026|01|527010|015|08|CD|6212|FAH|01|51|1|003|100|JB|524111|019|A|0|0||0||||1|Transport|2|ORG|2|FR|0||0||4|OF|1500000|6000000||0|0|0||0|0|0|0||||0|0||||0|408771|408771|408771|408771|408771|408771|408771|408771|408771|408771|408771|1503519|0||0|||1|0|00
2026|01|527010|015|08|CD|6212|FAH|01|51|1|003|100|JB|524111|019|A|0|0||0||||2|Akomodasi|2|ORG|2|HR|2|FR|0||8|OH|619125|4953000||0|0|0||0|0|0|0||||0|0||||0|337441|337441|337441|337441|337441|337441|337441|337441|337441|337441|337441|1241149|0||0|||1|0|00
2026|01|527010|015|08|CD|6212|FAH|01|51|1|003|100|JB|524111|019|A|0|0||0||||3|Uang Saku Harian|2|ORG|3|HR|2|FR|0||12|OH|300000|3600000||0|0|0||0|0|0|0||||0|0||||0|245263|245263|245263|245263|245263|245263|245263|245263|245263|245263|245263|902107|0||0|||1|0|00
2026|01|527010|015|08|CD|6212|FAH|01|51|1|003|100|JC|521211|019|A|0|0||0||||1|KDM  Konsumsi Makan Rapat|31|ORG|1|FR|0||0||31|OF|33000|1023000||0|0|0||0|0|0|0||||0|0||||0|69696|69696|69696|69696|69696|69696|69696|69696|69696|69696|69696|256344|0||0|||1|0|00
2026|01|527010|015|08|CD|6212|FAH|01|51|1|003|100|JC|521211|019|A|0|0||0||||2|KDM  Snack Rapat|31|ORG|1|FR|0||0||31|OF|18033|559000||0|0|0||0|0|0|0||||0|0||||0|38084|38084|38084|38084|38084|38084|38084|38084|38084|38084|38084|140076|0||0|||1|0|00
2026|01|527010|015|08|CD|6212|FAH|01|51|1|003|100|JC|524111|019|A|0|0||0|01||1|1|Monitoring Tindak Lanjut Pemerintah terhadap Pemeriksaan Temuan BPK atas LKPP|0||0||0||0||0||0|0||0|0|0||0|0|0|0||||0|0||||0|0|0|0|0|0|0|0|0|0|0|0|0|0||0|||1|0|00
2026|01|527010|015|08|CD|6212|FAH|01|51|1|003|100|JC|524111|019|A|0|0||0|01|||2|Transport|2|ORG|4|FR|0||0||8|OF|1964375|15715000||0|0|0||0|0|0|0||||0|0||||0|1070640|1070640|1070640|1070640|1070640|1070640|1070640|1070640|1070640|1070640|1070640|3937960|0||0|||1|0|00
2026|01|527010|015|08|CD|6212|FAH|01|51|1|003|100|JC|524111|019|A|0|0||0|01|||3|Akomodasi|3|ORG|2|HR|4|FR|0||24|OH|646375|15513000||0|0|0||0|0|0|0||||0|0||||0|1056878|1056878|1056878|1056878|1056878|1056878|1056878|1056878|1056878|1056878|1056878|3887342|0||0|||1|0|00
2026|01|527010|015|08|CD|6212|FAH|01|51|1|003|100|JC|524111|019|A|0|0||0|01|||4|Uang Saku Harian|3|ORG|3|HR|4|FR|0||36|OH|150000|5400000||0|0|0||0|0|0|0||||0|0||||0|367894|367894|367894|367894|367894|367894|367894|367894|367894|367894|367894|1353166|0||0|||1|0|00
2026|01|527010|015|08|CD|6212|FAH|01|51|1|002|100|JA|522151|019|A|0|0||0||||1|Honorarium Narasumber|1|ORG|3|JAM|1|FR|0||3|OJ|950334|2851000||0|0|0||0|0|0|0||||0|0||||0|291000|291000|291000|291000|291000|291000|291000|291000|291000|232000|0|0|0||0|||1|0|00
2026|01|527010|015|08|CD|6212|FAL|01|51|1|002|100|OB|521211|019|A|0|0||0|01||1|1|Analisis Meeting Oleh Chief Economist Perbankan dan Perusahaan Sekuritas|0||0||0||0||0||0|0||0|0|0||0|0|0|0||||0|0||||0|0|0|0|0|0|0|0|0|0|0|0|0|0||0|||1|0|00
2026|01|527010|015|08|CD|6212|FAL|01|51|1|002|100|OB|521211|019|A|0|0||0|01|||2|KDM  Snack Rapat|100|ORG|4|KEG|0||0||400|OK|13860|5544000||0|0|0||0|0|0|0||||0|0||||0|391941|391941|391941|391941|391941|391941|391941|391941|391941|391941|391941|1232649|0||0|||1|0|00
2026|01|527010|015|08|CD|6212|FAL|01|51|1|002|100|OB|521211|019|A|0|0||0|02||1|3|FGD Risk And Portfolio Management|0||0||0||0||0||0|0||0|0|0||0|0|0|0||||0|0||||0|0|0|0|0|0|0|0|0|0|0|0|0|0||0|||1|0|00
2026|01|527010|015|08|CD|6212|FAL|01|51|1|002|100|OB|521211|019|A|0|0||0|02|||4|KDM  Snack Rapat|100|ORG|4|KEG|0||0||400|OK|13860|5544000||0|0|0||0|0|0|0||||0|0||||0|391941|391941|391941|391941|391941|391941|391941|391941|391941|391941|391941|1232649|0||0|||1|0|00
2026|01|527010|015|08|CD|6212|FAL|01|51|1|002|100|OB|522151|019|A|0|0||0|01||1|1|Analisis Meeting Oleh Chief Economist Perbankan dan Perusahaan Sekuritas|0||0||0||0||0||0|0||0|0|0||0|0|0|0||||0|0||||0|0|0|0|0|0|0|0|0|0|0|0|0|0||0|||1|0|00
2026|01|527010|015|08|CD|6212|FAL|01|51|1|002|100|OB|522151|019|A|0|0||0|01|||2|Narasumber Eselon II yang disetarakan|1|ORG|2|JAM|4|KEG|0||8|OJ|880000|7040000||0|0|0||0|0|0|0||||0|0||||0|497703|497703|497703|497703|497703|497703|497703|497703|497703|497703|497703|1565267|0||0|||1|0|00
2026|01|527010|015|08|CD|6212|FAL|01|51|1|002|100|OB|522151|019|A|0|0||0|02||1|3|FGD Risk And Portfolio Management|0||0||0||0||0||0|0||0|0|0||0|0|0|0||||0|0||||0|0|0|0|0|0|0|0|0|0|0|0|0|0||0|||1|0|00
2026|01|527010|015|08|CD|6212|FAL|01|51|1|002|100|OB|522151|019|A|0|0||0|02|||4|Narasumber Eselon II yang disetarakan|1|ORG|2|JAM|4|KEG|0||8|OJ|880000|7040000||0|0|0||0|0|0|0||||0|0||||0|497703|497703|497703|497703|497703|497703|497703|497703|497703|497703|497703|1565267|0||0|||1|0|00
2026|01|527010|015|08|CD|6212|FAL|01|51|1|002|100|OC|521211|019|A|0|0||0||||1|KDM  Snack Rapat|20|ORG|1|KEG|0||0||20|OK|17250|345000||0|0|0||0|0|0|0||||0|0||||0|24390|24390|24390|24390|24390|24390|24390|24390|24390|24390|24390|76710|0||0|||1|0|00
2026|01|527010|015|08|CD|6212|FAL|01|51|1|002|100|OC|521211|019|A|0|0||0||||2|KDM  Makan Rapat|20|ORG|1|KEG|0||0||20|OK|30000|600000||0|0|0||0|0|0|0||||0|0||||0|42418|42418|42418|42418|42418|42418|42418|42418|42418|42418|42418|133402|0||0|||1|0|00
2026|01|527010|015|08|CD|6212|FAL|01|51|1|002|100|OC|524111|019|A|0|0||0||||1| Akomodasi|2|ORG|2|HR|1|KEG|0||4|OH|605250|2421000||0|0|0||0|0|0|0||||0|0||||0|171156|171156|171156|171156|171156|171156|171156|171156|171156|171156|171156|538284|0||0|||1|0|00
2026|01|527010|015|08|CD|6212|FAL|01|51|1|002|100|OC|524111|019|A|0|0||0||||2|Tiket|2|ORG|1|KEG|1|FR|0||2|OH|2500000|5000000||0|0|0||0|0|0|0||||0|0||||0|353483|353483|353483|353483|353483|353483|353483|353483|353483|353483|353483|1111687|0||0|||1|0|00
2026|01|527010|015|08|CD|6212|FAL|01|51|1|002|100|OC|524111|019|A|0|0||0||||3|Uang Harian|2|ORG|3|HR|1|KEG|0||6|OH|300000|1800000||0|0|0||0|0|0|0||||0|0||||0|127254|127254|127254|127254|127254|127254|127254|127254|127254|127254|127254|400206|0||0|||1|0|00
2026|01|527010|015|08|CD|6212|FAL|01|51|1|002|100|OD|524111|019|A|0|0||0||||1| Akomodasi|2|ORG|2|HR|2|KEG|2|LOK|16|OH|1109000|17744000||0|0|0||0|0|0|0||||0|0||||0|1254439|1254439|1254439|1254439|1254439|1254439|1254439|1254439|1254439|1254439|1254439|3945171|0||0|||1|0|00
2026|01|527010|015|08|CD|6212|FAL|01|51|1|002|100|OD|524111|019|A|0|0||0||||2|Tiket|2|ORG|2|KEG|2|LOK|0||8|OH|2500000|20000000||0|0|0||0|0|0|0||||0|0||||0|1413930|1413930|1413930|1413930|1413930|1413930|1413930|1413930|1413930|1413930|1413930|4446770|0||0|||1|0|00
2026|01|527010|015|08|CD|6212|FAL|01|51|1|002|100|OD|524111|019|A|0|0||0||||3|Uang Harian|2|ORG|3|HR|2|KEG|2|LOK|24|OH|300000|7200000||0|0|0||0|0|0|0||||0|0||||0|509015|509015|509015|509015|509015|509015|509015|509015|509015|509015|509015|1600835|0||0|||1|0|00
2026|01|527010|015|08|CD|6212|FAL|01|51|1|002|100|OE|521211|019|A|0|0||0||||1|CTK  Banner Kegiatan|1|BUAH|1|KEG|0||0||1|BUAH|723000|723000||0|0|0||0|0|0|0||||0|0||||0|51114|51114|51114|51114|51114|51114|51114|51114|51114|51114|51114|160746|0||0|||1|0|00
2026|01|527010|015|08|CD|6212|FAL|01|51|1|002|100|OE|521211|019|A|0|0||0||||2|CTK  Dokumentasi|1|BUAH|1|KEG|0||0||1|BUAH|500000|500000||0|0|0||0|0|0|0||||0|0||||0|35348|35348|35348|35348|35348|35348|35348|35348|35348|35348|35348|111172|0||0|||1|0|00
2026|01|527010|015|08|CD|6212|FAL|01|51|1|002|100|OE|521211|019|A|0|0||0||||3|KDM  Snack Rapat|20|ORG|1|KEG|0||0||20|OK|34850|697000||0|0|0||0|0|0|0||||0|0||||0|49275|49275|49275|49275|49275|49275|49275|49275|49275|49275|49275|154975|0||0|||1|0|00
2026|01|527010|015|08|CD|6212|FAL|01|51|1|002|100|OE|521211|019|A|0|0||0||||4|KDM  Makan Rapat|20|ORG|1|KEG|0||0||20|OK|30000|600000||0|0|0||0|0|0|0||||0|0||||0|42418|42418|42418|42418|42418|42418|42418|42418|42418|42418|42418|133402|0||0|||1|0|00
2026|01|527010|015|08|CD|6212|FAL|01|51|1|002|100|OE|524111|019|A|0|0||0||||1| Akomodasi|5|ORG|2|HR|1|KEG|1|LOK|10|OH|634000|6340000||0|0|0||0|0|0|0||||0|0||||0|448216|448216|448216|448216|448216|448216|448216|448216|448216|448216|448216|1409624|0||0|||1|0|00
2026|01|527010|015|08|CD|6212|FAL|01|51|1|002|100|OE|524111|019|A|0|0||0||||2|Tiket|5|ORG|2|KEG|1|LOK|0||10|OH|2500000|25000000||0|0|0||0|0|0|0||||0|0||||0|1767413|1767413|1767413|1767413|1767413|1767413|1767413|1767413|1767413|1767413|1767413|5558457|0||0|||1|0|00
2026|01|527010|015|08|CD|6212|FAL|01|51|1|002|100|OE|524111|019|A|0|0||0||||3|Uang Harian|5|ORG|3|HR|1|KEG|1|LOK|15|OH|300000|4500000||0|0|0||0|0|0|0||||0|0||||0|318134|318134|318134|318134|318134|318134|318134|318134|318134|318134|318134|1000526|0||0|||1|0|00
2026|01|527010|015|08|CD|6212|FAL|01|51|1|002|100|OE|524113|019|A|0|0||0||||1|Transport Dalam Kota|2|ORG|2|KEG|2|HR|2|FR|16|OK|126438|2023000||0|0|0||0|0|0|0||||0|0||||0|143019|143019|143019|143019|143019|143019|143019|143019|143019|143019|143019|449791|0||0|||1|0|00
2026|01|527010|015|08|CD|6212|FAL|01|51|1|002|100|OE|524113|019|A|0|0||0||||2|Uang Harian Dalam Kota Lebih Dari 8 Jam|2|ORG|2|KEG|2|HR|2|FR|16|OH|120000|1920000||0|0|0||0|0|0|0||||0|0||||0|135737|135737|135737|135737|135737|135737|135737|135737|135737|135737|135737|426893|0||0|||1|0|00
2026|01|527010|015|08|CD|6212|FAL|01|51|1|002|100|OF|524111|019|A|0|0||0||||1| Akomodasi|2|ORG|3|HR|1|KEG|1|LOK|6|OH|813500|4881000||0|0|0||0|0|0|0||||0|0||||0|345070|345070|345070|345070|345070|345070|345070|345070|345070|345070|345070|1085230|0||0|||1|0|00
2026|01|527010|015|08|CD|6212|FAL|01|51|1|002|100|OF|524111|019|A|0|0||0||||2|Tiket|2|ORG|1|KEG|1|LOK|0||2|OH|2500000|5000000||0|0|0||0|0|0|0||||0|0||||0|353483|353483|353483|353483|353483|353483|353483|353483|353483|353483|353483|1111687|0||0|||1|0|00
2026|01|527010|015|08|CD|6212|FAL|01|51|1|002|100|OF|524111|019|A|0|0||0||||3|Uang Harian|2|ORG|2|HR|1|KEG|1|LOK|4|OH|300000|1200000||0|0|0||0|0|0|0||||0|0||||0|84836|84836|84836|84836|84836|84836|84836|84836|84836|84836|84836|266804|0||0|||1|0|00
2026|01|527010|015|08|CD|6212|FAL|01|51|1|002|100|OF|524113|019|A|0|0||0||||1|Transport Dalam Kota|6|ORG|1|KEG|1|HR|5|FR|30|OK|124734|3742000||0|0|0||0|0|0|0||||0|0||||0|264546|264546|264546|264546|264546|264546|264546|264546|264546|264546|264546|831994|0||0|||1|0|00
2026|01|527010|015|08|CD|6212|FAL|01|51|1|002|100|OF|524113|019|A|0|0||0||||2|Uang Harian Dalam Kota Lebih Dari 8 Jam|5|ORG|1|KEG|1|HR|5|FR|25|OH|120000|3000000||0|0|0||0|0|0|0||||0|0||||0|212090|212090|212090|212090|212090|212090|212090|212090|212090|212090|212090|667010|0||0|||1|0|00
2026|01|527010|015|08|CD|6212|FAL|01|51|1|002|100|OG|521211|019|A|0|0||0|01||1|1|FGD  Pengembangan RCE dan TDR|0||0||0||0||0||0|0||0|0|0||0|0|0|0||||0|0||||0|0|0|0|0|0|0|0|0|0|0|0|0|0||0|||1|0|00
2026|01|527010|015|08|CD|6212|FAL|01|51|1|002|100|OG|521211|019|A|0|0||0|01|||2|KDM  Snack Rapat|25|ORG|2|KEG|2|FR|0||100|OK|13860|1386000||0|0|0||0|0|0|0||||0|0||||0|97985|97985|97985|97985|97985|97985|97985|97985|97985|97985|97985|308165|0||0|||1|0|00
2026|01|527010|015|08|CD|6212|FAL|01|51|1|002|100|OG|521211|019|A|0|0||0|01|||3|KDM  Makan Rapat|25|ORG|2|KEG|2|FR|0||100|OK|33390|3339000||0|0|0||0|0|0|0||||0|0||||0|236056|236056|236056|236056|236056|236056|236056|236056|236056|236056|236056|742384|0||0|||1|0|00
2026|01|527010|015|08|CD|6212|FAL|01|51|1|002|100|OG|524111|019|A|0|0||0|01||1|1|Pengembangan RCE dan TDR|0||0||0||0||0||0|0||0|0|0||0|0|0|0||||0|0||||0|0|0|0|0|0|0|0|0|0|0|0|0|0||0|||1|0|00
2026|01|527010|015|08|CD|6212|FAL|01|51|1|002|100|OG|524111|019|A|0|0||0|01|||2| Akomodasi|3|ORG|2|HR|2|KEG|1|LOK|12|OH|740917|8891000||0|0|0||0|0|0|0||||0|0||||0|628563|628563|628563|628563|628563|628563|628563|628563|628563|628563|628563|1976807|0||0|||1|0|00
2026|01|527010|015|08|CD|6212|FAL|01|51|1|002|100|OG|524111|019|A|0|0||0|01|||3|Tiket|3|ORG|1|KEG|2|LOK|0||6|OH|2500000|15000000||0|0|0||0|0|0|0||||0|0||||0|1060448|1060448|1060448|1060448|1060448|1060448|1060448|1060448|1060448|1060448|1060448|3335072|0||0|||1|0|00
2026|01|527010|015|08|CD|6212|FAL|01|51|1|002|100|OG|524111|019|A|0|0||0|01|||4|Uang Harian|3|ORG|3|HR|2|KEG|1|LOK|18|OH|300000|5400000||0|0|0||0|0|0|0||||0|0||||0|381761|381761|381761|381761|381761|381761|381761|381761|381761|381761|381761|1200629|0||0|||1|0|00
2026|01|527010|015|08|CD|6212|FAL|01|51|1|002|100|OH|524111|019|A|0|0||0|01||1|1|Pembinaan Bendahara Instansi Pada Kanwil dan KPPN|0||0||0||0||0||0|0||0|0|0||0|0|0|0||||0|0||||0|0|0|0|0|0|0|0|0|0|0|0|0|0||0|||1|0|00
2026|01|527010|015|08|CD|6212|FAL|01|51|1|002|100|OH|524111|019|A|0|0||0|01|||2| Akomodasi|3|ORG|2|HR|1|KEG|1|LOK|6|OH|750000|4500000||0|0|0||0|0|0|0||||0|0||||0|318134|318134|318134|318134|318134|318134|318134|318134|318134|318134|318134|1000526|0||0|||1|0|00
2026|01|527010|015|08|CD|6212|FAL|01|51|1|002|100|OH|524111|019|A|0|0||0|01|||3|Tiket|3|ORG|1|KEG|1|LOK|0||3|OH|2500000|7500000||0|0|0||0|0|0|0||||0|0||||0|530224|530224|530224|530224|530224|530224|530224|530224|530224|530224|530224|1667536|0||0|||1|0|00
2026|01|527010|015|08|CD|6212|FAL|01|51|1|002|100|OH|524111|019|A|0|0||0|01|||4|Uang Harian|3|ORG|3|HR|1|KEG|1|LOK|9|OH|294445|2650000||0|0|0||0|0|0|0||||0|0||||0|187346|187346|187346|187346|187346|187346|187346|187346|187346|187346|187346|589194|0||0|||1|0|00
2026|01|527010|015|08|CD|6212|FAL|01|51|1|002|100|OJ|521211|019|A|0|0||0|01||1|1|FGD  Pengembangan RCE dan TDR|0||0||0||0||0||0|0||0|0|0||0|0|0|0||||0|0||||0|0|0|0|0|0|0|0|0|0|0|0|0|0||0|||1|0|00
2026|01|527010|015|08|CD|6212|FAL|01|51|1|002|100|OJ|521211|019|A|0|0||0|01|||2|KDM  Snack Rapat|20|ORG|1|KEG|1|FR|0||20|OK|13850|277000||0|0|0||0|0|0|0||||0|0||||0|19583|19583|19583|19583|19583|19583|19583|19583|19583|19583|19583|61587|0||0|||1|0|00
2026|01|527010|015|08|CD|6212|FAL|01|51|1|002|100|OJ|521211|019|A|0|0||0|01|||3|KDM  Makan Rapat|20|ORG|1|KEG|1|FR|0||20|OK|33400|668000||0|0|0||0|0|0|0||||0|0||||0|47225|47225|47225|47225|47225|47225|47225|47225|47225|47225|47225|148525|0||0|||1|0|00
2026|01|527010|015|08|CD|6212|FAL|01|51|1|002|100|OJ|524111|019|A|0|0||0||||1| Akomodasi|1|ORG|2|HR|1|KEG|1|LOK|2|OH|663000|1326000||0|0|0||0|0|0|0||||0|0||||0|93744|93744|93744|93744|93744|93744|93744|93744|93744|93744|93744|294816|0||0|||1|0|00
2026|01|527010|015|08|CD|6212|FAL|01|51|1|002|100|OJ|524111|019|A|0|0||0||||2|Tiket|1|ORG|1|KEG|1|LOK|0||1|OH|2500000|2500000||0|0|0||0|0|0|0||||0|0||||0|176741|176741|176741|176741|176741|176741|176741|176741|176741|176741|176741|555849|0||0|||1|0|00
2026|01|527010|015|08|CD|6212|FAL|01|51|1|002|100|OJ|524111|019|A|0|0||0||||3|Uang Harian|1|ORG|3|HR|1|KEG|1|LOK|3|OH|300000|900000||0|0|0||0|0|0|0||||0|0||||0|63627|63627|63627|63627|63627|63627|63627|63627|63627|63627|63627|200103|0||0|||1|0|00
2026|01|527010|015|08|CD|6212|FAL|01|51|1|002|100|OJ|524113|019|A|0|0||0||||1|Transport Dalam Kota|3|ORG|1|KEG|2|HR|1|FR|6|OK|126334|758000||0|0|0||0|0|0|0||||0|0||||0|53588|53588|53588|53588|53588|53588|53588|53588|53588|53588|53588|168532|0||0|||1|0|00
2026|01|527010|015|08|CD|6212|FAL|01|51|1|002|100|OJ|524113|019|A|0|0||0||||2|Uang Harian Dalam Kota Lebih Dari 8 Jam|3|ORG|1|KEG|2|HR|1|FR|6|OH|120000|720000||0|0|0||0|0|0|0||||0|0||||0|50901|50901|50901|50901|50901|50901|50901|50901|50901|50901|50901|160089|0||0|||1|0|00
2026|01|527010|015|08|CD|6212|FAN|01|51|1|ZZ1|ZZ1|CA|524111|019|A|0|0||0||||1|Pemenuhan Prioritas Direktif Presiden|0||0||0||0||1|PKT|66916090000|66916090000||0|0|0||0|0|0|0||||0|0||||0|0|0|0|0|0|0|0|0|0|0|0|66916090000|0||0|||1|0|42
2026|01|527010|015|08|CD|6212|UAL|01|51|1|208|100|OE|521211|019|A|0|0||0|01||1|1|FGD|0||0||0||0||0||0|0||0|0|0||0|0|0|0||||0|0||||0|0|0|0|0|0|0|0|0|0|0|0|0|0||0|||1|0|00
2026|01|527010|015|08|CD|6212|UAL|01|51|1|208|100|OE|521211|019|A|0|0||0|01|||2|CTK  Banner Kegiatan|1|BUAH|1|KEG|0||0||1|BUAH|630000|630000||0|0|0||0|0|0|0||||0|0||||0|52000|52000|52000|52000|52000|52000|52000|52000|52000|52000|52000|58000|0||0|||1|0|00
2026|01|527010|015|08|CD|6212|UAL|01|51|1|208|100|OE|521211|019|A|0|0||0|01|||3|KDM  Snack Rapat|20|ORG|2|KEG|1|FR|0||40|OK|13850|554000||0|0|0||0|0|0|0||||0|0||||0|46000|46000|46000|46000|46000|46000|46000|46000|46000|46000|46000|48000|0||0|||1|0|00
2026|01|527010|015|08|CD|6212|UAL|01|51|1|208|100|OE|521211|019|A|0|0||0|01|||4|KDM  Makan Rapat|20|ORG|2|KEG|1|FR|0||40|OK|33400|1336000||0|0|0||0|0|0|0||||0|0||||0|111000|111000|111000|111000|111000|111000|111000|111000|111000|111000|111000|115000|0||0|||1|0|00
2026|01|527010|015|08|CD|6212|UAL|01|51|1|208|100|OE|524111|019|A|0|0||0||||1| Akomodasi|3|ORG|2|HR|1|KEG|4|LOK|24|OH|387459|9299000||0|0|0||0|0|0|0||||0|0||||0|774000|774000|774000|774000|774000|774000|774000|774000|774000|774000|774000|785000|0||0|||1|0|00
2026|01|527010|015|08|CD|6212|UAL|01|51|1|208|100|OE|524111|019|A|0|0||0||||2|Tiket|3|ORG|1|KEG|4|LOK|0||12|OH|2324667|27896000||0|0|0||0|0|0|0||||0|0||||0|2324000|2324000|2324000|2324000|2324000|2324000|2324000|2324000|2324000|2324000|2324000|2332000|0||0|||1|0|00
2026|01|527010|015|08|CD|6212|UAL|01|51|1|208|100|OE|524111|019|A|0|0||0||||3|Uang Harian|3|ORG|3|HR|1|KEG|4|LOK|36|OH|348695|12553000||0|0|0||0|0|0|0||||0|0||||0|1046000|1046000|1046000|1046000|1046000|1046000|1046000|1046000|1046000|1046000|1046000|1047000|0||0|||1|0|00
2026|01|527010|015|08|CD|6212|UAL|01|51|1|208|100|OE|524113|019|A|0|0||0||||1|Transport Dalam Kota|2|ORG|2|KEG|2|HR|1|FR|8|OK|116250|930000||0|0|0||0|0|0|0||||0|0||||0|77000|77000|77000|77000|77000|77000|77000|77000|77000|77000|77000|83000|0||0|||1|0|00
2026|01|527010|015|08|CD|6212|UAL|01|51|1|208|100|OE|524113|019|A|0|0||0||||2|Uang Harian Dalam Kota Lebih Dari 8 Jam|3|ORG|2|KEG|2|HR|1|FR|12|OH|130167|1562000||0|0|0||0|0|0|0||||0|0||||0|130000|130000|130000|130000|130000|130000|130000|130000|130000|130000|130000|132000|0||0|||1|0|00
2026|01|527010|015|08|CD|6213|FAE|01|51|1|001|100|MA|521211|019|A|0|0||0|01||1|1|Penyusunan Kajian Terkait Regional Chief Economist dan Financial Advisor|0||0||0||0||0||0|0||0|0|0||0|0|0|0||||0|0||||0|0|0|0|0|0|0|0|0|0|0|0|0|0||0|||1|0|00
2026|01|527010|015|08|CD|6213|FAE|01|51|1|001|100|MA|521211|019|A|0|0||0|01|01|2|2|Konsumsi|0||0||0||0||0||0|0||0|0|0||0|0|0|0||||0|0||||0|0|0|0|0|0|0|0|0|0|0|0|0|0||0|||1|0|00
2026|01|527010|015|08|CD|6213|FAE|01|51|1|001|100|MA|521211|019|A|0|0||0|01|01||3|KDM  Makan Rapat|20|orang|5|Hari|13|Frek|0||1300|OHF|33390|43407000||0|0|0||0|0|0|0||||0|0||||0|3617000|3617000|3617000|3617000|3617000|3617000|3617000|3617000|3617000|3617000|3617000|3620000|0||0|||1|0|00
2026|01|527010|015|08|CD|6213|FAE|01|51|1|001|100|MA|521211|019|A|0|0||0|01|01||4|KDM  Snack Rapat|20|Orang|5|Hari|13|Frek|0||1300|OHF|15120|19656000||0|0|0||0|0|0|0||||0|0||||0|1638000|1638000|1638000|1638000|1638000|1638000|1638000|1638000|1638000|1638000|1638000|1638000|0||0|||1|0|00
2026|01|527010|015|08|CD|6213|FAE|01|51|1|001|100|MA|524111|019|A|0|0||0|01||1|1|Monev Regional Chief Economistt dan Financial Advisor|0||0||0||0||0||0|0||0|0|0||0|0|0|0||||0|0||||0|0|0|0|0|0|0|0|0|0|0|0|0|0||0|||1|0|00
2026|01|527010|015|08|CD|6213|FAE|01|51|1|001|100|MA|524111|019|A|0|0||0|01|||2|Penginapan|3|Orang|2|Hari|6|Frek|0||36|OHF|503695|18133000||0|0|0||0|0|0|0||||0|0||||0|1511000|1511000|1511000|1511000|1511000|1511000|1511000|1511000|1511000|1511000|1511000|1512000|0||0|||1|0|00
2026|01|527010|015|08|CD|6213|FAE|01|51|1|001|100|MA|524111|019|A|0|0||0|01|||3|Transport|3|Orang|1|PP|6|Frek|0||18|OHP|2712167|48819000||0|0|0||0|0|0|0||||0|0||||0|4068000|4068000|4068000|4068000|4068000|4068000|4068000|4068000|4068000|4068000|4068000|4071000|0||0|||1|0|00
2026|01|527010|015|08|CD|6213|FAE|01|51|1|001|100|MA|524111|019|A|0|0||0|01|||4|Uang Harian|3|Orang|3|Hari|6|Frek|0||54|OHF|247963|13390000||0|0|0||0|0|0|0||||0|0||||0|1115000|1115000|1115000|1115000|1115000|1115000|1115000|1115000|1115000|1115000|1115000|1125000|0||0|||1|0|00
2026|01|527010|015|08|CD|6213|FAE|01|51|1|001|100|OB|521211|019|A|0|0||0||||1|KDM  Snack Rapat|20|ORG|1|KEG|0|0|0||20|OK|12600|252000||0|0|0||0|0|0|0||||0|0||||0|21000|21000|21000|21000|21000|21000|21000|21000|21000|21000|21000|21000|0||0|||1|0|00
2026|01|527010|015|08|CD|6213|FAE|01|51|1|001|100|OB|521211|019|A|0|0||0||||2|KDM  Makan Rapat|20|ORG|1|FREK|1|KEG|0|0|20|OK|34650|693000||0|0|0||0|0|0|0||||0|0||||0|57000|57000|57000|57000|57000|57000|57000|57000|57000|57000|57000|66000|0||0|||1|0|00
2026|01|527010|015|08|CD|6213|FAE|01|51|1|001|100|OB|524114|019|A|0|0||0||||1|Transport Dalam Kota|20|ORG|1|FR|1|KEG|1|LOK|20|OH|116250|2325000||0|0|0||0|0|0|0||||0|0||||0|193000|193000|193000|193000|193000|193000|193000|193000|193000|193000|193000|202000|0||0|||1|0|00
2026|01|527010|015|08|CD|6213|FAE|01|51|1|001|100|OB|524114|019|A|0|0||0||||2|Paket Fullboard Es.III ke bawah|20|ORG|2|HR|1|Paket|0||40|OP|813650|32546000||0|0|0||0|0|0|0||||0|0||||0|2712000|2712000|2712000|2712000|2712000|2712000|2712000|2712000|2712000|2712000|2712000|2714000|0||0|||1|0|00
2026|01|527010|015|08|CD|6213|FAE|01|51|1|001|100|OB|524114|019|A|0|0||0||||3|Uang Saku|20|ORG|3|HR|1|KEG|1|LOK|60|OH|100734|6044000||0|0|0||0|0|0|0||||0|0||||0|503000|503000|503000|503000|503000|503000|503000|503000|503000|503000|503000|511000|0||0|||1|0|00
2026|01|527010|015|08|CD|6213|FAE|01|51|1|001|100|OD|521211|019|A|0|0||0||||1|KDM  Snack Rapat|20|ORG|4|KEG|0|0|0||80|OK|13863|1109000||0|0|0||0|0|0|0||||0|0||||0|92000|92000|92000|92000|92000|92000|92000|92000|92000|92000|92000|97000|0||0|||1|0|00
2026|01|527010|015|08|CD|6213|FAE|01|51|1|001|100|OD|521211|019|A|0|0||0||||2|KDM  Makan Rapat|20|ORG|1|FREK|4|KEG|0|0|80|OK|33388|2671000||0|0|0||0|0|0|0||||0|0||||0|222000|222000|222000|222000|222000|222000|222000|222000|222000|222000|222000|229000|0||0|||1|0|00
2026|01|527010|015|08|CD|6213|FAE|01|51|1|001|100|OD|524111|019|A|0|0||0||||1| Akomodasi|2|ORG|2|HR|2|KEG|1|LOK|8|OH|426250|3410000||0|0|0||0|0|0|0||||0|0||||0|284000|284000|284000|284000|284000|284000|284000|284000|284000|284000|284000|286000|0||0|||1|0|00
2026|01|527010|015|08|CD|6213|FAE|01|51|1|001|100|OD|524111|019|A|0|0||0||||2|Tiket|2|ORG|2|KEG|2|LOK|0||8|OH|2712125|21697000||0|0|0||0|0|0|0||||0|0||||0|1808000|1808000|1808000|1808000|1808000|1808000|1808000|1808000|1808000|1808000|1808000|1809000|0||0|||1|0|00
2026|01|527010|015|08|CD|6213|FAE|01|51|1|001|100|OD|524111|019|A|0|0||0||||3|Uang Harian|2|ORG|3|HR|2|KEG|1|LOK|12|OH|464917|5579000||0|0|0||0|0|0|0||||0|0||||0|464000|464000|464000|464000|464000|464000|464000|464000|464000|464000|464000|475000|0||0|||1|0|00
2026|01|527010|015|08|CD|6213|FAE|01|51|1|001|100|OD|524113|019|A|0|0||0||||1|Transport Dalam Kota|6|ORG|2|KEG|2|HR|1|FR|24|OK|116250|2790000||0|0|0||0|0|0|0||||0|0||||0|232000|232000|232000|232000|232000|232000|232000|232000|232000|232000|232000|238000|0||0|||1|0|00
2026|01|527010|015|08|CD|6213|FAE|01|51|1|001|100|OD|524113|019|A|0|0||0||||2|Uang Harian Dalam Kota Lebih Dari 8 Jam|6|ORG|2|KEG|2|HR|1|FR|24|OH|130167|3124000||0|0|0||0|0|0|0||||0|0||||0|260000|260000|260000|260000|260000|260000|260000|260000|260000|260000|260000|264000|0||0|||1|0|00
2026|01|527010|015|08|CD|6213|FAE|01|51|1|002|100|PA|524111|019|A|0|0||0||||1|Akomodasi|4|ORG|2|hr|1|fr|1|lok|8|OH|900000|7200000||0|0|0||0|0|0|0||||0|0||||0|702222|702222|702222|702222|702222|702222|702222|702222|702222|702222|177780|0|0||0|||1|0|00
2026|01|527010|015|08|CD|6213|FAE|01|51|1|002|100|PA|524111|019|A|0|0||0||||2|Transportasi|4|org|1|fr|1|lok|0||4|OK|3250750|13003000||0|0|0||0|0|0|0||||0|0||||0|1268193|1268193|1268193|1268193|1268193|1268193|1268193|1268193|1268193|1268193|321070|0|0||0|||1|0|00
2026|01|527010|015|08|CD|6213|FAE|01|51|1|002|100|PA|524111|019|A|0|0||0||||3|Uang Harian|4|org|3|hr|1|fr|1|lok|12|OH|344000|4128000||0|0|0||0|0|0|0||||0|0||||0|402607|402607|402607|402607|402607|402607|402607|402607|402607|402607|101930|0|0||0|||1|0|00
2026|01|527010|015|08|CD|6213|FAE|01|51|1|002|100|PB|521211|019|A|0|0||0||||1|KDM  Snack Rapat|25|org|8|fr|0||0||200|OF|12600|2520000||0|0|0||0|0|0|0||||0|0||||0|245778|245778|245778|245778|245778|245778|245778|245778|245778|245778|62220|0|0||0|||1|0|00
2026|01|527010|015|08|CD|6213|FAE|01|51|1|002|100|PB|521211|019|A|0|0||0||||2|KDM  Makan Rapat|25|ORG|8|fr|0||0||200|OF|29340|5868000||0|0|0||0|0|0|0||||0|0||||0|572311|572311|572311|572311|572311|572311|572311|572311|572311|572311|144890|0|0||0|||1|0|00
2026|01|527010|015|08|CD|6213|FAE|01|51|1|002|100|PB|524111|019|A|0|0||0||||1|Akomodasi|3|org|2|hr|1|fr|5|lok|30|OHFL|387434|11623000||0|0|0||0|0|0|0||||0|0||||0|1133601|1133601|1133601|1133601|1133601|1133601|1133601|1133601|1133601|1133601|286990|0|0||0|||1|0|00
2026|01|527010|015|08|CD|6213|FAE|01|51|1|002|100|PB|524111|019|A|0|0||0||||2|Transportasi|3|org|1|fr|5|lok|0||15|OK|3099600|46494000||0|0|0||0|0|0|0||||0|0||||0|4534598|4534598|4534598|4534598|4534598|4534598|4534598|4534598|4534598|4534598|1148020|0|0||0|||1|0|00
2026|01|527010|015|08|CD|6213|FAE|01|51|1|002|100|PB|524111|019|A|0|0||0||||3|Uang Harian|3|org|3|hr|1|fr|5|lok|45|OHFL|309956|13948000||0|0|0||0|0|0|0||||0|0||||0|1360360|1360360|1360360|1360360|1360360|1360360|1360360|1360360|1360360|1360360|344400|0|0||0|||1|0|00
2026|01|527010|015|08|CD|6213|FAE|01|51|1|002|100|PB|524113|019|A|0|0||0||||1|Transportasi|1|org|10|fr|0||0||10|OK|116200|1162000||0|0|0||0|0|0|0||||0|0||||0|113330|113330|113330|113330|113330|113330|113330|113330|113330|113330|28700|0|0||0|||1|0|00
2026|01|527010|015|08|CD|6213|FAE|01|51|1|009|100|HA|521211|019|A|0|0||0|01||1|1|001 Rapat Biasa Pembahasan Hasil Monitoring dan evaluasi pelaksanaan kredit program dan subsidi bunga|0||0||0||0||0||0|0||0|0|0||0|0|0|0||||0|0||||0|0|0|0|0|0|0|0|0|0|0|0|0|0||0|||1|0|00
2026|01|527010|015|08|CD|6213|FAE|01|51|1|009|100|HA|521211|019|A|0|0||0|01|||2|KDM  Snack Rapat|20|ORG|1|HARI|5|FREK|0||100|OK|15120|1512000||0|0|0||0|0|0|0||||0|0||||0|126000|126000|126000|126000|126000|126000|126000|126000|126000|126000|126000|126000|0||0|||1|0|00
2026|01|527010|015|08|CD|6213|FAE|01|51|1|009|100|HA|521211|019|A|0|0||0|01|||3|KDM  Makan Rapat|0||0||0||0||100|OK|35910|3591000||0|0|0||0|0|0|0||||0|0||||0|299000|299000|299000|299000|299000|299000|299000|299000|299000|299000|299000|302000|0||0|||1|0|00
2026|01|527010|015|08|CD|6213|FAE|01|51|1|009|100|HA|524111|019|A|0|0||0|01||1|1|Monitoring dan evaluasi pelaksanaan kredit program dan subsidi bunga|0||0||0||0||0||0|0||0|0|0||0|0|0|0||||0|0||||0|0|0|0|0|0|0|0|0|0|0|0|0|0||0|||1|0|00
2026|01|527010|015|08|CD|6213|FAE|01|51|1|009|100|HA|524111|019|A|0|0||0|01|||2|Tiket PP|4|ORG|2|LOK|2|FREK|0||16|OK|2092250|33476000||0|0|0||0|0|0|0||||0|0||||0|2789000|2789000|2789000|2789000|2789000|2789000|2789000|2789000|2789000|2789000|2789000|2797000|0||0|||1|0|00
2026|01|527010|015|08|CD|6213|FAE|01|51|1|009|100|HA|524111|019|A|0|0||0|01|||3|Uang Harian|4|ORG|2|LOK|2|FREK|3|HARI|48|OH|302209|14506000||0|0|0||0|0|0|0||||0|0||||0|1208000|1208000|1208000|1208000|1208000|1208000|1208000|1208000|1208000|1208000|1208000|1218000|0||0|||1|0|00
2026|01|527010|015|08|CD|6213|FAE|01|51|1|009|100|HA|524111|019|A|0|0||0|01|||4|Biaya Penginapan|4|ORG|2|LOK|2|FREK|2|HARI|32|OH|697407|22317000||0|0|0||0|0|0|0||||0|0||||0|1859000|1859000|1859000|1859000|1859000|1859000|1859000|1859000|1859000|1859000|1859000|1868000|0||0|||1|0|00
2026|01|527010|015|08|CD|6213|FAE|01|51|1|009|100|HA|524111|019|A|0|0||0|02||1|5|Monitoring Penerusan Pinjaman Kepada BUMNPTBHL|0||0||0||0||0||0|0||0|0|0||0|0|0|0||||0|0||||0|0|0|0|0|0|0|0|0|0|0|0|0|0||0|||1|0|00
2026|01|527010|015|08|CD|6213|FAE|01|51|1|009|100|HA|524111|019|A|0|0||0|02|||6|Tiket PP|4|ORG|2|LOK|2|FREK|0||16|OK|1549813|24797000||0|0|0||0|0|0|0||||0|0||||0|2066000|2066000|2066000|2066000|2066000|2066000|2066000|2066000|2066000|2066000|2066000|2071000|0||0|||1|0|00
2026|01|527010|015|08|CD|6213|FAE|01|51|1|009|100|HA|524111|019|A|0|0||0|02|||7|Uang Harian|4|ORG|2|LOK|2|FREK|3|HARI|48|OH|232480|11159000||0|0|0||0|0|0|0||||0|0||||0|929000|929000|929000|929000|929000|929000|929000|929000|929000|929000|929000|940000|0||0|||1|0|00
2026|01|527010|015|08|CD|6213|FAE|01|51|1|009|100|HA|524111|019|A|0|0||0|02|||8|Biaya Penginapan|4|ORG|2|LOK|2|FREK|2|HARI|32|OH|441688|14134000||0|0|0||0|0|0|0||||0|0||||0|1177000|1177000|1177000|1177000|1177000|1177000|1177000|1177000|1177000|1177000|1177000|1187000|0||0|||1|0|00
2026|01|527010|015|08|CD|6213|FAE|01|51|1|009|100|HA|524113|019|A|0|0||0|01||1|1|Monitoring dan evaluasi pelaksanaan kredit program dan subsidi bunga|0||0||0||0||0||0|0||0|0|0||0|0|0|0||||0|0||||0|0|0|0|0|0|0|0|0|0|0|0|0|0||0|||1|0|00
2026|01|527010|015|08|CD|6213|FAE|01|51|1|009|100|HA|524113|019|A|0|0||0|01|||2|Transport Lokal|4|ORG|1|HARI|5|FREK|0||20|OK|131750|2635000||0|0|0||0|0|0|0||||0|0||||0|219000|219000|219000|219000|219000|219000|219000|219000|219000|219000|219000|226000|0||0|||1|0|00
2026|01|527010|015|08|CD|6213|FAE|01|51|1|009|100|HB|521211|019|A|0|0||0|01||1|1|Rapat biasa Monitoring dan Evaluasi|0||0||0||0||0||0|0||0|0|0||0|0|0|0||||0|0||||0|0|0|0|0|0|0|0|0|0|0|0|0|0||0|||1|0|00
2026|01|527010|015|08|CD|6213|FAE|01|51|1|009|100|HB|521211|019|A|0|0||0|01|||2|KDM  Makan Rapat|28|ORG|1|HARI|2|FREK|0||56|OK|35911|2011000||0|0|0||0|0|0|0||||0|0||||0|167000|167000|167000|167000|167000|167000|167000|167000|167000|167000|167000|174000|0||0|||1|0|00
2026|01|527010|015|08|CD|6213|FAE|01|51|1|009|100|HB|521211|019|A|0|0||0|01|||3|KDM  Snack Rapat|0||0||0||0||56|OK|15125|847000||0|0|0||0|0|0|0||||0|0||||0|70000|70000|70000|70000|70000|70000|70000|70000|70000|70000|70000|77000|0||0|||1|0|00
2026|01|527010|015|08|CD|6213|FAE|01|51|1|009|100|HB|524111|019|A|0|0||0|01||1|1|Monev penyelesaian piutang negara pada PemdaBUMD dan Monev Early Warning System pada BUMD|0||0||0||0||0||0|0||0|0|0||0|0|0|0||||0|0||||0|0|0|0|0|0|0|0|0|0|0|0|0|0||0|||1|0|00
2026|01|527010|015|08|CD|6213|FAE|01|51|1|009|100|HB|524111|019|A|0|0||0|01|||2|Tiket PP|2|ORG|9|LOK|1|FREK|0||18|OK|1635945|29447000||0|0|0||0|0|0|0||||0|0||||0|2453000|2453000|2453000|2453000|2453000|2453000|2453000|2453000|2453000|2453000|2453000|2464000|0||0|||1|0|00
2026|01|527010|015|08|CD|6213|FAE|01|51|1|009|100|HB|524111|019|A|0|0||0|01|||3|Uang Harian|2|ORG|9|LOK|1|FREK|3|HARI|54|OH|232463|12553000||0|0|0||0|0|0|0||||0|0||||0|1046000|1046000|1046000|1046000|1046000|1046000|1046000|1046000|1046000|1046000|1046000|1047000|0||0|||1|0|00
2026|01|527010|015|08|CD|6213|FAE|01|51|1|009|100|HB|524111|019|A|0|0||0|01|||4|Biaya Penginapan|2|ORG|9|LOK|1|FREK|2|HARI|36|OH|542417|19527000||0|0|0||0|0|0|0||||0|0||||0|1627000|1627000|1627000|1627000|1627000|1627000|1627000|1627000|1627000|1627000|1627000|1630000|0||0|||1|0|00
2026|01|527010|015|08|CD|6213|FAE|01|51|1|009|100|HB|524111|019|A|0|0||0|02||1|5|Monitoring dan Penyelesaian Permasalahan Hukum|0||0||0||0||0||0|0||0|0|0||0|0|0|0||||0|0||||0|0|0|0|0|0|0|0|0|0|0|0|0|0||0|||1|0|00
2026|01|527010|015|08|CD|6213|FAE|01|51|1|009|100|HB|524111|019|A|0|0||0|02|||6|Tiket PP|2|ORG|1|LOK|5|FREK|0||10|OK|2092200|20922000||0|0|0||0|0|0|0||||0|0||||0|1743000|1743000|1743000|1743000|1743000|1743000|1743000|1743000|1743000|1743000|1743000|1749000|0||0|||1|0|00
2026|01|527010|015|08|CD|6213|FAE|01|51|1|009|100|HB|524111|019|A|0|0||0|02|||7|Uang Harian|2|ORG|1|LOK|5|FREK|3|HARI|30|OH|278767|8363000||0|0|0||0|0|0|0||||0|0||||0|696000|696000|696000|696000|696000|696000|696000|696000|696000|696000|696000|707000|0||0|||1|0|00
2026|01|527010|015|08|CD|6213|FAE|01|51|1|009|100|HB|524111|019|A|0|0||0|02|||8|Biaya Penginapan|2|ORG|1|LOK|5|FREK|2|HARI|20|OH|464950|9299000||0|0|0||0|0|0|0||||0|0||||0|774000|774000|774000|774000|774000|774000|774000|774000|774000|774000|774000|785000|0||0|||1|0|00
2026|01|527010|015|08|CD|6213|FAE|01|51|1|009|100|HB|524113|019|A|0|0||0|01||1|1|Monev Penyelesaian Piutang Negara pada Pemda dan Monev Penyaluran Investasi|0||0||0||0||0||0|0||0|0|0||0|0|0|0||||0|0||||0|0|0|0|0|0|0|0|0|0|0|0|0|0||0|||1|0|00
2026|01|527010|015|08|CD|6213|FAE|01|51|1|009|100|HB|524113|019|A|0|0||0|01|||2|Transport Lokal|5|ORG|3|LOK|1|FREK|0||15|OK|131734|1976000||0|0|0||0|0|0|0||||0|0||||0|164000|164000|164000|164000|164000|164000|164000|164000|164000|164000|164000|172000|0||0|||1|0|00
2026|01|527010|015|08|CD|6213|FAE|01|51|1|009|100|HB|524113|019|A|0|0||0|01|||3|Uang Harian|5|ORG|3|LOK|1|FREK|1|HARI|15|OH|130200|1953000||0|0|0||0|0|0|0||||0|0||||0|162000|162000|162000|162000|162000|162000|162000|162000|162000|162000|162000|171000|0||0|||1|0|00
2026|01|527010|015|08|CD|6213|FAE|01|51|1|009|100|HB|524113|019|A|0|0||0|02||1|4|Monitoring dan Penyelesaian Permasalahan Hukum|0||0||0||0||0||0|0||0|0|0||0|0|0|0||||0|0||||0|0|0|0|0|0|0|0|0|0|0|0|0|0||0|||1|0|00
2026|01|527010|015|08|CD|6213|FAE|01|51|1|009|100|HB|524113|019|A|0|0||0|02|||5|Transport Lokal|3|ORG|7|LOK|1|FREK|0||21|OK|131715|2766000||0|0|0||0|0|0|0||||0|0||||0|230000|230000|230000|230000|230000|230000|230000|230000|230000|230000|230000|236000|0||0|||1|0|00
2026|01|527010|015|08|CD|6213|FAE|01|51|1|009|100|HB|524113|019|A|0|0||0|02|||6|Uang Harian|3|ORG|7|LOK|1|FREK|0||21|OH|130191|2734000||0|0|0||0|0|0|0||||0|0||||0|227000|227000|227000|227000|227000|227000|227000|227000|227000|227000|227000|237000|0||0|||1|0|00
2026|01|527010|015|08|CD|6213|FAE|01|51|1|004|100|OA|521211|019|A|0|0||0||||1|KDM  Snack Rapat|20|ORG|4|KEG|1|FR|0||80|OK|13863|1109000||0|0|0||0|0|0|0||||0|0||||0|72383|72383|72383|72383|72383|72383|72383|72383|72383|72383|72383|312787|0||0|||1|0|00
2026|01|527010|015|08|CD|6213|FAE|01|51|1|004|100|OA|521211|019|A|0|0||0||||2|KDM  Makan Rapat|20|ORG|4|KEG|1|FR|0||80|OK|33388|2671000||0|0|0||0|0|0|0||||0|0||||0|174332|174332|174332|174332|174332|174332|174332|174332|174332|174332|174332|753348|0||0|||1|0|00
2026|01|527010|015|08|CD|6213|FAE|01|51|1|004|100|OB|521211|019|A|0|0||0|01||1|1|FGD|0||0||0||0||0||0|0||0|0|0||0|0|0|0||||0|0||||0|0|0|0|0|0|0|0|0|0|0|0|0|0||0|||1|0|00
2026|01|527010|015|08|CD|6213|FAE|01|51|1|004|100|OB|521211|019|A|0|0||0|01|||2|CTK  Banner Kegiatan|1|BUAH|1|KEG|0||0||1|BUAH|801000|801000||0|0|0||0|0|0|0||||0|0||||0|52280|52280|52280|52280|52280|52280|52280|52280|52280|52280|52280|225920|0||0|||1|0|00
2026|01|527010|015|08|CD|6213|FAE|01|51|1|004|100|OB|521211|019|A|0|0||0|01|||3|KDM  Snack Rapat|20|ORG|1|KEG|1|FR|0||20|OK|13850|277000||0|0|0||0|0|0|0||||0|0||||0|18079|18079|18079|18079|18079|18079|18079|18079|18079|18079|18079|78131|0||0|||1|0|00
2026|01|527010|015|08|CD|6213|FAE|01|51|1|004|100|OB|521211|019|A|0|0||0|01|||4|KDM  Makan Rapat|20|ORG|1|KEG|1|FR|0||20|OK|33400|668000||0|0|0||0|0|0|0||||0|0||||0|43599|43599|43599|43599|43599|43599|43599|43599|43599|43599|43599|188411|0||0|||1|0|00
2026|01|527010|015|08|CD|6213|FAE|01|51|1|004|100|OB|524111|019|A|0|0||0||||1| Akomodasi|3|ORG|3|HR|1|KEG|1|LOK|9|OH|575000|5175000||0|0|0||0|0|0|0||||0|0||||0|337764|337764|337764|337764|337764|337764|337764|337764|337764|337764|337764|1459596|0||0|||1|0|00
2026|01|527010|015|08|CD|6213|FAE|01|51|1|004|100|OB|524111|019|A|0|0||0||||2|Transport|3|ORG|1|KEG|1|LOK|0||3|OH|618667|1856000||0|0|0||0|0|0|0||||0|0||||0|121138|121138|121138|121138|121138|121138|121138|121138|121138|121138|121138|523482|0||0|||1|0|00
2026|01|527010|015|08|CD|6213|FAE|01|51|1|004|100|OB|524111|019|A|0|0||0||||3|Uang Harian|3|ORG|4|HR|1|KEG|1|LOK|12|OH|344000|4128000||0|0|0||0|0|0|0||||0|0||||0|269428|269428|269428|269428|269428|269428|269428|269428|269428|269428|269428|1164292|0||0|||1|0|00
2026|01|527010|015|08|CD|6213|FAE|01|51|1|004|100|OB|524113|019|A|0|0||0||||1|Transport Dalam Kota|6|ORG|2|KEG|2|HR|1|FR|24|OK|116250|2790000||0|0|0||0|0|0|0||||0|0||||0|182099|182099|182099|182099|182099|182099|182099|182099|182099|182099|182099|786911|0||0|||1|0|00
2026|01|527010|015|08|CD|6213|FAE|01|51|1|004|100|OB|524113|019|A|0|0||0||||2|Uang Harian Dalam Kota Lebih Dari 8 Jam|6|ORG|2|KEG|2|HR|1|FR|24|OH|130167|3124000||0|0|0||0|0|0|0||||0|0||||0|203898|203898|203898|203898|203898|203898|203898|203898|203898|203898|203898|881122|0||0|||1|0|00
2026|01|527010|015|08|CD|6213|FAE|01|51|1|003|100|IA|524111|019|A|0|0||0||||1|Uang Harian|3|ORG|3|HR|20|FR|0||180|OH|344000|61920000||0|0|0||0|0|0|0||||0|0||||0|4293600|4293600|4293600|4293600|4293600|4293600|4293600|4293600|4293600|4293600|4293600|14690400|0||0|||1|0|00
2026|01|527010|015|08|CD|6213|FAE|01|51|1|003|100|IA|524111|019|A|0|0||0||||2|Biaya Penginapan|3|ORG|4|HR|20|FR|0||240|OH|575000|138000000||0|0|0||0|0|0|0||||0|0||||0|9569071|9569071|9569071|9569071|9569071|9569071|9569071|9569071|9569071|9569071|9569071|32740219|0||0|||1|0|00
2026|01|527010|015|08|CD|6213|FAE|01|51|1|003|100|IA|524111|019|A|0|0||0||||3| Biaya Transport|3|ORG|20|FR|0||0||60|OK|929950|55797000||0|0|0||0|0|0|0||||0|0||||0|3869025|3869025|3869025|3869025|3869025|3869025|3869025|3869025|3869025|3869025|3869025|13237725|0||0|||1|0|00
2026|01|527010|015|08|CD|6213|FAE|01|51|1|003|100|IA|524113|019|A|0|0||0|01||1|1|SATKER BLU DALAM KOTA|0||0||0||0||0||0|0||0|0|0||0|0|0|0||||0|0||||0|0|0|0|0|0|0|0|0|0|0|0|0|0||0|||1|0|00
2026|01|527010|015|08|CD|6213|FAE|01|51|1|003|100|IA|524113|019|A|0|0||0|01|||2|Uang Harian|3|ORG|3|HR|8|FR|0||72|OH|130181|9373000||0|0|0||0|0|0|0||||0|0||||0|649934|649934|649934|649934|649934|649934|649934|649934|649934|649934|649934|2223726|0||0|||1|0|00
2026|01|527010|015|08|CD|6213|FAE|01|51|1|003|100|IA|524113|019|A|0|0||0|01|||3|Uang Transport|3|ORG|8|FR|0||0||24|OK|131750|3162000||0|0|0||0|0|0|0||||0|0||||0|219257|219257|219257|219257|219257|219257|219257|219257|219257|219257|219257|750173|0||0|||1|0|00
2026|01|527010|015|08|CD|6213|FAE|01|51|1|003|100|IB|524111|019|A|0|0||0||||1|Uang Harian|3|ORG|3|HR|2|FR|0||18|OH|232445|4184000||0|0|0||0|0|0|0||||0|0||||0|290123|290123|290123|290123|290123|290123|290123|290123|290123|290123|290123|992647|0||0|||1|0|00
2026|01|527010|015|08|CD|6213|FAE|01|51|1|003|100|IB|524111|019|A|0|0||0||||2|Biaya Penginapan|3|ORG|2|HR|2|FR|0||12|OH|310000|3720000||0|0|0||0|0|0|0||||0|0||||0|257949|257949|257949|257949|257949|257949|257949|257949|257949|257949|257949|882561|0||0|||1|0|00
2026|01|527010|015|08|CD|6213|FAE|01|51|1|003|100|IB|524111|019|A|0|0||0||||3|Biaya Transport|3|ORG|2|FR|0||0||6|OK|2324667|13948000||0|0|0||0|0|0|0||||0|0||||0|967170|967170|967170|967170|967170|967170|967170|967170|967170|967170|967170|3309130|0||0|||1|0|00
2026|01|527010|015|08|CD|6213|FAE|01|51|1|003|100|IC|521211|019|A|0|0||0||||1|CTK  Bahan Pendukung|90|ORG|1|FR|0||0||90|OF|252000|22680000||0|0|0||0|0|0|0||||0|0||||0|1572656|1572656|1572656|1572656|1572656|1572656|1572656|1572656|1572656|1572656|1572656|5380784|0||0|||1|0|00
2026|01|527010|015|08|CD|6213|FAE|01|51|1|003|100|IC|522151|019|A|0|0||0||||1|Honor Narasumber Pejabat Eselon II yang disetarakan|10|ORG|5|JAM|6|FR|0||300|OJ|880000|264000000||0|0|0||0|0|0|0||||0|0||||0|18306048|18306048|18306048|18306048|18306048|18306048|18306048|18306048|18306048|18306048|18306048|62633472|0||0|||1|0|00
2026|01|527010|015|08|CD|6213|FAE|01|51|1|003|100|IC|524111|019|A|0|0||0||||1|Uang Harian|2|ORG|3|HR|2|FR|0||12|OH|232500|2790000||0|0|0||0|0|0|0||||0|0||||0|193462|193462|193462|193462|193462|193462|193462|193462|193462|193462|193462|661918|0||0|||1|0|00
2026|01|527010|015|08|CD|6213|FAE|01|51|1|003|100|IC|524111|019|A|0|0||0||||2|Biaya Penginapan|2|ORG|2|HR|2|FR|0||8|OH|387500|3100000||0|0|0||0|0|0|0||||0|0||||0|214957|214957|214957|214957|214957|214957|214957|214957|214957|214957|214957|735473|0||0|||1|0|00
2026|01|527010|015|08|CD|6213|FAE|01|51|1|003|100|IC|524111|019|A|0|0||0||||3| Biaya Transport|2|ORG|2|FR|0||0||4|OK|2054750|8219000||0|0|0||0|0|0|0||||0|0||||0|569914|569914|569914|569914|569914|569914|569914|569914|569914|569914|569914|1949946|0||0|||1|0|00
2026|01|527010|015|08|CD|6213|FAE|01|51|1|003|100|ID|524111|019|A|0|0||0||||1|Uang Harian|3|ORG|4|HR|2|FR|0||24|OH|213084|5114000||0|0|0||0|0|0|0||||0|0||||0|354610|354610|354610|354610|354610|354610|354610|354610|354610|354610|354610|1213290|0||0|||1|0|00
2026|01|527010|015|08|CD|6213|FAE|01|51|1|003|100|ID|524111|019|A|0|0||0||||2|Biaya Penginapan|3|ORG|3|HR|2|FR|0||18|OH|309945|5579000||0|0|0||0|0|0|0||||0|0||||0|386854|386854|386854|386854|386854|386854|386854|386854|386854|386854|386854|1323606|0||0|||1|0|00
2026|01|527010|015|08|CD|6213|FAE|01|51|1|003|100|ID|524111|019|A|0|0||0||||3|Biaya Transport|3|ORG|2|FR|0||0||6|OK|1782334|10694000||0|0|0||0|0|0|0||||0|0||||0|741534|741534|741534|741534|741534|741534|741534|741534|741534|741534|741534|2537126|0||0|||1|0|00
2026|01|527010|015|08|CD|6213|FAE|01|51|1|003|100|ID|524113|019|A|0|0||0||||1|Uang Harian|4|ORG|3|HR|2|FR|0||24|OH|130167|3124000||0|0|0||0|0|0|0||||0|0||||0|216622|216622|216622|216622|216622|216622|216622|216622|216622|216622|216622|741158|0||0|||1|0|00
2026|01|527010|015|08|CD|6213|FAE|01|51|1|003|100|ID|524113|019|A|0|0||0||||2|Uang Transport|4|ORG|2|FR|0||0||8|OK|131750|1054000||0|0|0||0|0|0|0||||0|0||||0|73086|73086|73086|73086|73086|73086|73086|73086|73086|73086|73086|250054|0||0|||1|0|00
2026|01|527010|015|08|CD|6213|FAE|01|51|1|003|100|IE|524111|019|A|0|0||0||||1|Uang Harian|2|ORG|3|HR|7|FR|0||42|OH|309953|13018000||0|0|0||0|0|0|0||||0|0||||0|902682|902682|902682|902682|902682|902682|902682|902682|902682|902682|902682|3088498|0||0|||1|0|00
2026|01|527010|015|08|CD|6213|FAE|01|51|1|003|100|IE|524111|019|A|0|0||0||||2|Biaya Penginapan|2|ORG|2|HR|7|FR|0||28|OH|464929|13018000||0|0|0||0|0|0|0||||0|0||||0|902682|902682|902682|902682|902682|902682|902682|902682|902682|902682|902682|3088498|0||0|||1|0|00
2026|01|527010|015|08|CD|6213|FAE|01|51|1|003|100|IE|524111|019|A|0|0||0||||3|Biaya Transport|2|ORG|7|FR|0||0||14|OK|2712143|37970000||0|0|0||0|0|0|0||||0|0||||0|2632881|2632881|2632881|2632881|2632881|2632881|2632881|2632881|2632881|2632881|2632881|9008309|0||0|||1|0|00
2026|01|527010|015|08|CD|6213|FAE|01|51|1|003|100|IF|524111|019|A|0|0||0||||1|Uang Harian|3|ORG|3|HR|3|FR|0||27|OH|309963|8369000||0|0|0||0|0|0|0||||0|0||||0|580316|580316|580316|580316|580316|580316|580316|580316|580316|580316|580316|1985524|0||0|||1|0|00
2026|01|527010|015|08|CD|6213|FAE|01|51|1|003|100|IF|524111|019|A|0|0||0||||2|Biaya Penginapan|3|ORG|2|HR|3|FR|0||18|OH|464945|8369000||0|0|0||0|0|0|0||||0|0||||0|580316|580316|580316|580316|580316|580316|580316|580316|580316|580316|580316|1985524|0||0|||1|0|00
2026|01|527010|015|08|CD|6213|FAE|01|51|1|003|100|IF|524111|019|A|0|0||0||||3|Biaya Transport|3|ORG|3|FR|0||0||9|OK|2324667|20922000||0|0|0||0|0|0|0||||0|0||||0|1450754|1450754|1450754|1450754|1450754|1450754|1450754|1450754|1450754|1450754|1450754|4963706|0||0|||1|0|00
2026|01|527010|015|08|CD|6213|FAE|01|51|1|003|100|MA|524113|019|A|0|0||0|01||1|1|Penyusunan Kajian dan Pelaksanaan Tupoksi|0||0||0||0||0||0|0||0|0|0||0|0|0|0||||0|0||||0|0|0|0|0|0|0|0|0|0|0|0|0|0||0|||1|0|00
2026|01|527010|015|08|CD|6213|FAE|01|51|1|003|100|MA|524113|019|A|0|0||0|01|||2|Transport Lokal|2|Orang|1|Hari|5|Keg|0||10|OK|116200|1162000||0|0|0||0|0|0|0||||0|0||||0|80574|80574|80574|80574|80574|80574|80574|80574|80574|80574|80574|275686|0||0|||1|0|00
2026|01|527010|015|08|CD|6213|FAE|01|51|1|003|100|MA|524114|019|A|0|0||0||||1|Transport Panitia dan Peserta Pusat|30|Orang|1|PP|2|Frek|0||60|OHF|116234|6974000||0|0|0||0|0|0|0||||0|0||||0|483585|483585|483585|483585|483585|483585|483585|483585|483585|483585|483585|1654565|0||0|||1|0|00
2026|01|527010|015|08|CD|6213|FAE|01|51|1|003|100|MA|524114|019|A|0|0||0||||2|Uang Saku Harian Peserta dan Panitia Dalam Kota|30|Orang|2|Hari|1|Frek|0||60|OHF|116234|6974000||0|0|0||0|0|0|0||||0|0||||0|483585|483585|483585|483585|483585|483585|483585|483585|483585|483585|483585|1654565|0||0|||1|0|00
2026|01|527010|015|08|CD|6213|FAE|01|51|1|003|100|MA|524114|019|A|0|0||0||||3|Akomodasi Peserta dan Panitia|30|Orang|1|Hari|1|Frek|0||30|OHF|697400|20922000||0|0|0||0|0|0|0||||0|0||||0|1450753|1450753|1450753|1450753|1450753|1450753|1450753|1450753|1450753|1450753|1450753|4963717|0||0|||1|0|00
2026|01|527010|015|08|CD|6213|FAH|01|51|1|001|100|JA|521211|019|A|0|0||0|01||1|1|Monitoring Implementasi SAP pada Pemda|0||0||0||0||0||0|0||0|0|0||0|0|0|0||||0|0||||0|0|0|0|0|0|0|0|0|0|0|0|0|0||0|||1|0|00
2026|01|527010|015|08|CD|6213|FAH|01|51|1|001|100|JA|521211|019|A|0|0||0|01|||2|KDM  Makan Rapat|5|ORG|1|FR|0||0||5|OF|57000|285000||0|0|0||0|0|0|0||||0|0||||0|29544|29544|29544|29544|29544|29544|29544|29544|29544|19104|0|0|0||0|||1|0|00
2026|01|527010|015|08|CD|6213|FAH|01|51|1|001|100|JA|521211|019|A|0|0||0|01|||3|KDM  Snack Rapat|5|ORG|1|FR|0||0||5|OF|24000|120000||0|0|0||0|0|0|0||||0|0||||0|12439|12439|12439|12439|12439|12439|12439|12439|12439|8049|0|0|0||0|||1|0|00
2026|01|527010|015|08|CD|6213|FAH|01|51|1|001|100|JA|521211|019|A|0|0||0|01|||4|CTK  ATK, Bahan Habis Pakai dan Dokumentasi|1|PKT|1|FR|0||0||1|PKT|199000|199000||0|0|0||0|0|0|0||||0|0||||0|20629|20629|20629|20629|20629|20629|20629|20629|20629|13339|0|0|0||0|||1|0|00
2026|01|527010|015|08|CD|6213|FAH|01|51|1|001|100|JA|524111|019|A|0|0||0|01||1|1|Monitoring Implementasi SAP pada Pemda|0||0||0||0||0||0|0||0|0|0||0|0|0|0||||0|0||||0|0|0|0|0|0|0|0|0|0|0|0|0|0||0|||1|0|00
2026|01|527010|015|08|CD|6213|FAH|01|51|1|001|100|JA|524111|019|A|0|0||0|01|||2|Transportasi|2|ORG|1|FR|0||0||2|OF|519000|1038000||0|0|0||0|0|0|0||||0|0||||0|107601|107601|107601|107601|107601|107601|107601|107601|107601|69591|0|0|0||0|||1|0|00
2026|01|527010|015|08|CD|6213|FAH|01|51|1|001|100|JA|524111|019|A|0|0||0|01|||3|Akomodasi|2|ORG|1|HR|1|FR|0||2|OH|700000|1400000||0|0|0||0|0|0|0||||0|0||||0|145126|145126|145126|145126|145126|145126|145126|145126|145126|93866|0|0|0||0|||1|0|00
2026|01|527010|015|08|CD|6213|FAH|01|51|1|001|100|JA|524111|019|A|0|0||0|01|||4|Uang Saku Harian|2|ORG|2|HR|1|FR|0||4|OH|300000|1200000||0|0|0||0|0|0|0||||0|0||||0|124394|124394|124394|124394|124394|124394|124394|124394|124394|80454|0|0|0||0|||1|0|00
2026|01|527010|015|08|CD|6213|FAH|01|51|1|001|100|JB|521211|019|A|0|0||0||||1|CTK  Pencetakan Laporan Tindak Lanjut Temuan LHP BPK|25|EKS|1|FR|0||0||25|EKS|63000|1575000||0|0|0||0|0|0|0||||0|0||||0|163267|163267|163267|163267|163267|163267|163267|163267|163267|105597|0|0|0||0|||1|0|00
2026|01|527010|015|08|CD|6213|FAL|01|51|1|003|100|CA|521211|019|A|0|0||0||||1|KDM  Makan Rapat|12|ORG|34|LOK|4|FR|0||1632|OF|32028|52269000||0|0|0||0|0|0|0||||0|0||||0|4355000|4355000|4355000|4355000|4355000|4355000|4355000|4355000|4355000|4355000|4355000|4364000|0||0|||1|0|00
2026|01|527010|015|08|CD|6213|FAL|01|51|1|003|100|CA|521211|019|A|0|0||0||||2|KDM  Snack Rapat|12|ORG|34|LOK|4|FR|0||1632|OF|13652|22280000||0|0|0||0|0|0|0||||0|0||||0|1856000|1856000|1856000|1856000|1856000|1856000|1856000|1856000|1856000|1856000|1856000|1864000|0||0|||1|0|00
2026|01|527010|015|08|CD|6213|FAL|01|51|1|003|100|CA|522151|019|A|0|0||0||||1|Honorarium Profesional|17|ORG|3|JAM|12|FR|0||612|OJ|1322322|809261000||0|0|0||0|0|0|0||||0|0||||0|67438000|67438000|67438000|67438000|67438000|67438000|67438000|67438000|67438000|67438000|67438000|67443000|0||0|||1|0|00
2026|01|527010|015|08|CD|6213|FAL|01|51|1|003|100|CA|524111|019|A|0|0||0||||1|Transport|3|ORG|3|LOK|4|FR|0||36|OF|2303723|82934000||0|0|0||0|0|0|0||||0|0||||0|6911000|6911000|6911000|6911000|6911000|6911000|6911000|6911000|6911000|6911000|6911000|6913000|0||0|||1|0|00
2026|01|527010|015|08|CD|6213|FAL|01|51|1|003|100|CA|524111|019|A|0|0||0||||2|Akomodasi|3|ORG|2|HR|3|LOK|4|FR|72|OH|524750|37782000||0|0|0||0|0|0|0||||0|0||||0|3148000|3148000|3148000|3148000|3148000|3148000|3148000|3148000|3148000|3148000|3148000|3154000|0||0|||1|0|00
2026|01|527010|015|08|CD|6213|FAL|01|51|1|003|100|CA|524111|019|A|0|0||0||||3|Uang Saku Harian|3|ORG|3|HR|3|LOK|4|FR|108|OH|222658|24047000||0|0|0||0|0|0|0||||0|0||||0|2003000|2003000|2003000|2003000|2003000|2003000|2003000|2003000|2003000|2003000|2003000|2014000|0||0|||1|0|00
2026|01|527010|015|08|CD|6213|FAL|01|51|1|003|100|FA|521211|019|A|0|0||0||||1|KDM  Makan Rapat|30|ORG|1|HARI|4|FREK|0||120|OK|35909|4309000||0|0|0||0|0|0|0||||0|0||||0|359000|359000|359000|359000|359000|359000|359000|359000|359000|359000|359000|360000|0||0|||1|0|00
2026|01|527010|015|08|CD|6213|FAL|01|51|1|003|100|FA|521211|019|A|0|0||0||||2|KDM  Snack Rapat|30|ORG|1|HARI|4|FREK|0||120|OK|15117|1814000||0|0|0||0|0|0|0||||0|0||||0|151000|151000|151000|151000|151000|151000|151000|151000|151000|151000|151000|153000|0||0|||1|0|00
2026|01|527010|015|08|CD|6213|FAL|01|51|1|003|100|FA|521211|019|A|0|0||0||||3|CTK  Pencetakan Laporan Spending Review|1|LAP|15|BUAH|0||0||15|BUAH|378000|5670000||0|0|0||0|0|0|0||||0|0||||0|472000|472000|472000|472000|472000|472000|472000|472000|472000|472000|472000|478000|0||0|||1|0|00
2026|01|527010|015|08|CD|6213|FAL|01|51|1|003|100|FB|521211|019|A|0|0||0||||1|CTK  Pencetakan Laporan Khatuliswa KFR Gabungan|1|LAP|10|BUAH|0||0||10|BUAH|378000|3780000||0|0|0||0|0|0|0||||0|0||||0|315000|315000|315000|315000|315000|315000|315000|315000|315000|315000|315000|315000|0||0|||1|0|00
2026|01|527010|015|08|CD|6213|FAL|01|51|1|003|100|FB|521211|019|A|0|0||0||||2|CTK  Pengadaan Plakat untuk KFR Terbaik|3|BUAH|1|KATEG|0||0||3|BUAH|504000|1512000||0|0|0||0|0|0|0||||0|0||||0|126000|126000|126000|126000|126000|126000|126000|126000|126000|126000|126000|126000|0||0|||1|0|00
2026|01|527010|015|08|CD|6213|FAL|01|51|1|003|100|FB|521211|019|A|0|0||0||||3|KDM  Makan Rapat|30|ORG|1|HARI|2|FREK|0||60|OK|35917|2155000||0|0|0||0|0|0|0||||0|0||||0|179000|179000|179000|179000|179000|179000|179000|179000|179000|179000|179000|186000|0||0|||1|0|00
2026|01|527010|015|08|CD|6213|FAL|01|51|1|003|100|FB|521211|019|A|0|0||0||||4|KDM  Snack Rapat|30|ORG|1|HARI|2|FREK|0||60|OK|15117|907000||0|0|0||0|0|0|0||||0|0||||0|75000|75000|75000|75000|75000|75000|75000|75000|75000|75000|75000|82000|0||0|||1|0|00
2026|01|527010|015|08|CD|6213|FAL|01|51|1|003|100|FB|521213|019|A|0|0||0||||1|Honorarium Tim Penilai KFR|4|ORG|6|BLN|0||0||24|OB|409500|9828000||0|0|0||0|0|0|0||||0|0||||0|819000|819000|819000|819000|819000|819000|819000|819000|819000|819000|819000|819000|0||0|||1|0|00
2026|01|527010|015|08|CD|6213|FAL|01|51|1|003|100|FC|521211|019|A|0|0||0||||1|KDM  Makan Rapat|30|ORG|1|HARI|26|FREK|0||780|OK|35911|28010000||0|0|0||0|0|0|0||||0|0||||0|2334000|2334000|2334000|2334000|2334000|2334000|2334000|2334000|2334000|2334000|2334000|2336000|0||0|||1|0|00
2026|01|527010|015|08|CD|6213|FAL|01|51|1|003|100|FC|521211|019|A|0|0||0||||2|KDM  Snack Rapat|30|ORG|1|HARI|26|FREK|0||780|OK|15121|11794000||0|0|0||0|0|0|0||||0|0||||0|982000|982000|982000|982000|982000|982000|982000|982000|982000|982000|982000|992000|0||0|||1|0|00
2026|01|527010|015|08|CD|6213|FAL|01|51|1|003|100|FC|521211|019|A|0|0||0||||3|CTK  Pencetakan Reviu Pelaksanaan Anggaran|2|LAP|5|EKS|0||0||10|EKS|504000|5040000||0|0|0||0|0|0|0||||0|0||||0|420000|420000|420000|420000|420000|420000|420000|420000|420000|420000|420000|420000|0||0|||1|0|00
2026|01|527010|015|08|CD|6214|AED|01|51|1|002|100|HA|521211|019|A|0|0||0||||1|KDM  Snack Rapat|30|ORG|1|HARI|5|FREK|0||150|OK|15120|2268000||0|0|0||0|0|0|0||||0|0||||0|189000|189000|189000|189000|189000|189000|189000|189000|189000|189000|189000|189000|0||0|||1|0|00
2026|01|527010|015|08|CD|6214|AED|01|51|1|002|100|HA|521211|019|A|0|0||0||||2|KDM  Makan Rapat|0||0||0||0||150|OK|35907|5386000||0|0|0||0|0|0|0||||0|0||||0|448000|448000|448000|448000|448000|448000|448000|448000|448000|448000|448000|458000|0||0|||1|0|00
2026|01|527010|015|08|CD|6214|FAE|01|51|1|001|100|HA|521211|019|A|0|0||0|01||1|1|004. FGD Analisa Program FLPP  Dit. SMI  Fullday di Jakarta|0||0||0||0||0||0|0||0|0|0||0|0|0|0||||0|0||||0|0|0|0|0|0|0|0|0|0|0|0|0|0||0|||1|0|00
2026|01|527010|015|08|CD|6214|FAE|01|51|1|001|100|HA|521211|019|A|0|0||0|04||1|10|Penyusunan Kajian Terkait Investasi BUMN|0||0||0||0||0||0|0||0|0|0||0|0|0|0||||0|0||||0|0|0|0|0|0|0|0|0|0|0|0|0|0||0|||1|0|00
2026|01|527010|015|08|CD|6214|FAE|01|51|1|001|100|HA|521211|019|A|0|0||0|04|||11|KDM  Snack Rapat|21|ORG|1|HARI|13|FREK|0||273|OK|14491|3956000||0|0|0||0|0|0|0||||0|0||||0|329000|329000|329000|329000|329000|329000|329000|329000|329000|329000|329000|337000|0||0|||1|0|00
2026|01|527010|015|08|CD|6214|FAE|01|51|1|001|100|HA|521211|019|A|0|0||0|04|||12|KDM  Makan Rapat|0||0||0||0||273|OK|34982|9550000||0|0|0||0|0|0|0||||0|0||||0|795000|795000|795000|795000|795000|795000|795000|795000|795000|795000|795000|805000|0||0|||1|0|00
2026|01|527010|015|08|CD|6214|FAE|01|51|1|001|100|HA|521211|019|A|0|0||0|01|||2|KDM  Snack Rapat|0||0||0||0||90|OK|15123|1361000||0|0|0||0|0|0|0||||0|0||||0|113000|113000|113000|113000|113000|113000|113000|113000|113000|113000|113000|118000|0||0|||1|0|00
2026|01|527010|015|08|CD|6214|FAE|01|51|1|001|100|HA|521211|019|A|0|0||0|01|||3|KDM  Makan Rapat|0||0||0||0||90|OK|35912|3232000||0|0|0||0|0|0|0||||0|0||||0|269000|269000|269000|269000|269000|269000|269000|269000|269000|269000|269000|273000|0||0|||1|0|00
2026|01|527010|015|08|CD|6214|FAE|01|51|1|001|100|HA|521211|019|A|0|0||0|02||1|4|Penyusunan Kajian Terkait Investasi Pemerintah  Analisis Kelayakan Investasi|0||0||0||0||0||0|0||0|0|0||0|0|0|0||||0|0||||0|0|0|0|0|0|0|0|0|0|0|0|0|0||0|||1|0|00
2026|01|527010|015|08|CD|6214|FAE|01|51|1|001|100|HA|521211|019|A|0|0||0|02|||5|KDM  Snack Rapat|23|ORG|1|HARI|2|FREK|0||46|OK|15131|696000||0|0|0||0|0|0|0||||0|0||||0|58000|58000|58000|58000|58000|58000|58000|58000|58000|58000|58000|58000|0||0|||1|0|00
2026|01|527010|015|08|CD|6214|FAE|01|51|1|001|100|HA|521211|019|A|0|0||0|02|||6|KDM  Makan Rapat|0||0||0||0||46|OK|35914|1652000||0|0|0||0|0|0|0||||0|0||||0|137000|137000|137000|137000|137000|137000|137000|137000|137000|137000|137000|145000|0||0|||1|0|00
2026|01|527010|015|08|CD|6214|FAE|01|51|1|001|100|HA|521211|019|A|0|0||0|03||1|7|Penyusunan Profil Risiko Direktorat dan Laporan Penanganan Risiko|0||0||0||0||0||0|0||0|0|0||0|0|0|0||||0|0||||0|0|0|0|0|0|0|0|0|0|0|0|0|0||0|||1|0|00
2026|01|527010|015|08|CD|6214|FAE|01|51|1|001|100|HA|521211|019|A|0|0||0|03|||8|KDM  Snack Rapat|38|ORG|1|HARI|3|FREK|0||114|OK|15123|1724000||0|0|0||0|0|0|0||||0|0||||0|143000|143000|143000|143000|143000|143000|143000|143000|143000|143000|143000|151000|0||0|||1|0|00
2026|01|527010|015|08|CD|6214|FAE|01|51|1|001|100|HA|521211|019|A|0|0||0|03|||9|KDM  Makan Rapat|0||0||0||0||114|OK|35913|4094000||0|0|0||0|0|0|0||||0|0||||0|341000|341000|341000|341000|341000|341000|341000|341000|341000|341000|341000|343000|0||0|||1|0|00
2026|01|527010|015|08|CD|6214|FAE|01|51|1|001|100|HA|522151|019|A|0|0||0||||1|Narsum Profesional|3|ORG|1|LOK|1|JAM|0||3|OJ|1496000|4488000||0|0|0||0|0|0|0||||0|0||||0|374000|374000|374000|374000|374000|374000|374000|374000|374000|374000|374000|374000|0||0|||1|0|00
2026|01|527010|015|08|CD|6214|FAE|01|51|1|001|100|HA|524111|019|A|0|0||0|01||1|1|Perjalanan Dinas dalam rangka Pemetaan Mitigasi Risiko Investasi|0||0||0||0||0||0|0||0|0|0||0|0|0|0||||0|0||||0|0|0|0|0|0|0|0|0|0|0|0|0|0||0|||1|0|00
2026|01|527010|015|08|CD|6214|FAE|01|51|1|001|100|HA|524111|019|A|0|0||0|01|||2|Tiket PP|1|ORG|1|LOK|1|FREK|0||1|OK|2325000|2325000||0|0|0||0|0|0|0||||0|0||||0|193000|193000|193000|193000|193000|193000|193000|193000|193000|193000|193000|202000|0||0|||1|0|00
2026|01|527010|015|08|CD|6214|FAE|01|51|1|001|100|HA|524111|019|A|0|0||0|01|||3|Uang Harian|1|ORG|3|HARI|1|FREK|0||3|OH|266667|800000||0|0|0||0|0|0|0||||0|0||||0|66000|66000|66000|66000|66000|66000|66000|66000|66000|66000|66000|74000|0||0|||1|0|00
2026|01|527010|015|08|CD|6214|FAE|01|51|1|001|100|HA|524111|019|A|0|0||0|01|||4|Biaya Penginapan|1|ORG|2|HARI|1|FREK|0||2|OH|387500|775000||0|0|0||0|0|0|0||||0|0||||0|64000|64000|64000|64000|64000|64000|64000|64000|64000|64000|64000|71000|0||0|||1|0|00
2026|01|527010|015|08|CD|6214|FAE|01|51|1|001|100|HA|524113|019|A|0|0||0||||1|Transport Dalam Kota|4|ORG|1|HARI|10|FREK|0||40|OK|131725|5269000||0|0|0||0|0|0|0||||0|0||||0|439000|439000|439000|439000|439000|439000|439000|439000|439000|439000|439000|440000|0||0|||1|0|00
2026|01|527010|015|08|CD|6214|FAE|01|51|1|001|100|HA|524114|019|A|0|0||0|01||1|1|2. Uang Harian|0||0||0||0||0||0|0||0|0|0||0|0|0|0||||0|0||||0|0|0|0|0|0|0|0|0|0|0|0|0|0||0|||1|0|00
2026|01|527010|015|08|CD|6214|FAE|01|51|1|001|100|HA|524114|019|A|0|0||0|01|||2|2. Uang Harian|0||0||0||0||25|OH|100720|2518000||0|0|0||0|0|0|0||||0|0||||0|209000|209000|209000|209000|209000|209000|209000|209000|209000|209000|209000|219000|0||0|||1|0|00
2026|01|527010|015|08|CD|6214|FAE|01|51|1|001|100|HA|524114|019|A|0|0||0|02||1|3|3. Akomodasi  Fullday Di Jakarta|0||0||0||0||0||0|0||0|0|0||0|0|0|0||||0|0||||0|0|0|0|0|0|0|0|0|0|0|0|0|0||0|||1|0|00
2026|01|527010|015|08|CD|6214|FAE|01|51|1|001|100|HA|524114|019|A|0|0||0|02|||4|1. Paket Fullday|0||0||0||0||25|OH|352560|8814000||0|0|0||0|0|0|0||||0|0||||0|734000|734000|734000|734000|734000|734000|734000|734000|734000|734000|734000|740000|0||0|||1|0|00
2026|01|527010|015|08|CD|6214|FAE|01|51|1|001|100|HA|524114|019|A|0|0||0|03||1|5|1 Transport Dalam Kota FGD Analisa Program FLPP  Dit. SMI  Fullday di Jakarta|0||0||0||0||0||0|0||0|0|0||0|0|0|0||||0|0||||0|0|0|0|0|0|0|0|0|0|0|0|0|0||0|||1|0|00
2026|01|527010|015|08|CD|6214|FAE|01|51|1|001|100|HA|524114|019|A|0|0||0|03|||6|1. Transport PP|0||0||0||0||25|OK|131720|3293000||0|0|0||0|0|0|0||||0|0||||0|274000|274000|274000|274000|274000|274000|274000|274000|274000|274000|274000|279000|0||0|||1|0|00
2026|01|527010|015|08|CD|6214|FAE|01|51|1|001|100|HB|524111|019|A|0|0||0||||1|Tiket PP|2|ORG|2|LOK|2|FREK|0||8|OK|2131000|17048000||0|0|0||0|0|0|0||||0|0||||0|1420000|1420000|1420000|1420000|1420000|1420000|1420000|1420000|1420000|1420000|1420000|1428000|0||0|||1|0|00
2026|01|527010|015|08|CD|6214|FAE|01|51|1|001|100|HB|524111|019|A|0|0||0||||2|Uang Harian|2|ORG|1|LOK|2|FREK|3|HARI|12|OH|232500|2790000||0|0|0||0|0|0|0||||0|0||||0|232000|232000|232000|232000|232000|232000|232000|232000|232000|232000|232000|238000|0||0|||1|0|00
2026|01|527010|015|08|CD|6214|FAE|01|51|1|001|100|HB|524111|019|A|0|0||0||||3|Biaya Penginapan|2|ORG|2|LOK|1|FREK|2|HARI|8|OH|387500|3100000||0|0|0||0|0|0|0||||0|0||||0|258000|258000|258000|258000|258000|258000|258000|258000|258000|258000|258000|262000|0||0|||1|0|00
2026|01|527010|015|08|CD|6214|FAE|01|51|1|001|100|HC|521211|019|A|0|0||0|01||1|1|Konsumsi Rapat|0||0||0||0||0||0|0||0|0|0||0|0|0|0||||0|0||||0|0|0|0|0|0|0|0|0|0|0|0|0|0||0|||1|0|00
2026|01|527010|015|08|CD|6214|FAE|01|51|1|001|100|HC|521211|019|A|0|0||0|01|||2|KDM  Makan Rapat|0||0||0||0||182|OK|35913|6536000||0|0|0||0|0|0|0||||0|0||||0|544000|544000|544000|544000|544000|544000|544000|544000|544000|544000|544000|552000|0||0|||1|0|00
2026|01|527010|015|08|CD|6214|FAE|01|51|1|001|100|HC|521211|019|A|0|0||0|01|||3|KDM  Snack Rapat|26|ORG|1|HARI|7|FREK|0||182|OK|15121|2752000||0|0|0||0|0|0|0||||0|0||||0|229000|229000|229000|229000|229000|229000|229000|229000|229000|229000|229000|233000|0||0|||1|0|00
2026|01|527010|015|08|CD|6214|FAE|01|51|1|001|100|HC|524111|019|A|0|0||0||||1|Tiket PP.|4|ORG|2|LOK|2|FREK|0||16|OK|1704750|27276000||0|0|0||0|0|0|0||||0|0||||0|2273000|2273000|2273000|2273000|2273000|2273000|2273000|2273000|2273000|2273000|2273000|2273000|0||0|||1|0|00
2026|01|527010|015|08|CD|6214|FAE|01|51|1|001|100|HC|524111|019|A|0|0||0||||2|Uang Harian|2|ORG|2|LOK|2|FREK|3|HARI|24|OH|232459|5579000||0|0|0||0|0|0|0||||0|0||||0|464000|464000|464000|464000|464000|464000|464000|464000|464000|464000|464000|475000|0||0|||1|0|00
2026|01|527010|015|08|CD|6214|FAE|01|51|1|001|100|HC|524111|019|A|0|0||0||||3|Biaya Penginapan|4|ORG|2|LOK|1|FREK|2|HARI|16|OH|397125|6354000||0|0|0||0|0|0|0||||0|0||||0|529000|529000|529000|529000|529000|529000|529000|529000|529000|529000|529000|535000|0||0|||1|0|00
2026|01|527010|015|08|CD|6214|FAE|01|51|1|001|100|HC|524113|019|A|0|0||0||||1|Transport Lokal Penyelesaian Pinjaman TSL pada BDL, BBO dan BBKU|4|ORG|1|HARI|9|FREK|0||36|OK|131723|4742000||0|0|0||0|0|0|0||||0|0||||0|395000|395000|395000|395000|395000|395000|395000|395000|395000|395000|395000|397000|0||0|||1|0|00
2026|01|527010|015|08|CD|6214|FAE|01|51|1|001|100|HD|521211|019|A|0|0||0|01||1|1|Konsumsi Rapat|0||0||0||0||0||0|0||0|0|0||0|0|0|0||||0|0||||0|0|0|0|0|0|0|0|0|0|0|0|0|0||0|||1|0|00
2026|01|527010|015|08|CD|6214|FAE|01|51|1|001|100|HD|521211|019|A|0|0||0|01|||2|KDM  Snack Rapat|14|ORG|1|HARI|5|FREK|0||70|OK|15115|1058000||0|0|0||0|0|0|0||||0|0||||0|88000|88000|88000|88000|88000|88000|88000|88000|88000|88000|88000|90000|0||0|||1|0|00
2026|01|527010|015|08|CD|6214|FAE|01|51|1|001|100|HD|521211|019|A|0|0||0|01|||3|KDM  Makan Rapat|0||0||0||0||70|OK|35915|2514000||0|0|0||0|0|0|0||||0|0||||0|209000|209000|209000|209000|209000|209000|209000|209000|209000|209000|209000|215000|0||0|||1|0|00
2026|01|527010|015|08|CD|6214|FAE|01|51|1|001|100|HD|524111|019|A|0|0||0|01||1|1|Perjalanan Dinas dalam rangka Monitoring Kinerja Penerusan Pinjaman|0||0||0||0||0||0|0||0|0|0||0|0|0|0||||0|0||||0|0|0|0|0|0|0|0|0|0|0|0|0|0||0|||1|0|00
2026|01|527010|015|08|CD|6214|FAE|01|51|1|001|100|HD|524111|019|A|0|0||0|01|||2|Tiket PP|1|ORG|2|LOK|1|FREK|0||2|OK|2634500|5269000||0|0|0||0|0|0|0||||0|0||||0|439000|439000|439000|439000|439000|439000|439000|439000|439000|439000|439000|440000|0||0|||1|0|00
2026|01|527010|015|08|CD|6214|FAE|01|51|1|001|100|HD|524111|019|A|0|0||0|01|||3|Uang Harian|2|ORG|1|LOK|1|FREK|3|HARI|6|OH|266500|1599000||0|0|0||0|0|0|0||||0|0||||0|133000|133000|133000|133000|133000|133000|133000|133000|133000|133000|133000|136000|0||0|||1|0|00
2026|01|527010|015|08|CD|6214|FAE|01|51|1|001|100|HD|524111|019|A|0|0||0|01|||4|Biaya Penginapan|2|ORG|1|LOK|1|FREK|2|HARI|4|OH|736250|2945000||0|0|0||0|0|0|0||||0|0||||0|245000|245000|245000|245000|245000|245000|245000|245000|245000|245000|245000|250000|0||0|||1|0|00
2026|01|527010|015|08|CD|6214|FAE|01|51|1|001|100|HE|521211|019|A|0|0||0|01||1|1|Konsumsi Rapat|0||0||0||0||0||0|0||0|0|0||0|0|0|0||||0|0||||0|0|0|0|0|0|0|0|0|0|0|0|0|0||0|||1|0|00
2026|01|527010|015|08|CD|6214|FAE|01|51|1|001|100|HE|521211|019|A|0|0||0|01|||2|KDM  Snack Rapat|49|ORG|8|FREK|1|HARI|0||392|OK|14817|5808000||0|0|0||0|0|0|0||||0|0||||0|484000|484000|484000|484000|484000|484000|484000|484000|484000|484000|484000|484000|0||0|||1|0|00
2026|01|527010|015|08|CD|6214|FAE|01|51|1|001|100|HE|521211|019|A|0|0||0|01|||3|KDM  Makan Rapat|0||0||0||0||392|OK|35911|14077000||0|0|0||0|0|0|0||||0|0||||0|1173000|1173000|1173000|1173000|1173000|1173000|1173000|1173000|1173000|1173000|1173000|1174000|0||0|||1|0|00
2026|01|527010|015|08|CD|6214|FAE|01|51|1|001|100|HE|522151|019|A|0|0||0||||1|Narasumber Tenaga Profesional|2|ORG|3|JAM|0||0||6|OJ|1496000|8976000||0|0|0||0|0|0|0||||0|0||||0|748000|748000|748000|748000|748000|748000|748000|748000|748000|748000|748000|748000|0||0|||1|0|00
2026|01|527010|015|08|CD|6214|FAE|01|51|1|001|100|HE|524111|019|A|0|0||0||||1|Tiket PP|10|ORG|6|LOK|1|FREK|0||60|OK|2324700|139482000||0|0|0||0|0|0|0||||0|0||||0|11623000|11623000|11623000|11623000|11623000|11623000|11623000|11623000|11623000|11623000|11623000|11629000|0||0|||1|0|00
2026|01|527010|015|08|CD|6214|FAE|01|51|1|001|100|HE|524111|019|A|0|0||0||||2|Uang Harian|10|ORG|6|LOK|1|FREK|3|HARI|180|OH|232473|41845000||0|0|0||0|0|0|0||||0|0||||0|3487000|3487000|3487000|3487000|3487000|3487000|3487000|3487000|3487000|3487000|3487000|3488000|0||0|||1|0|00
2026|01|527010|015|08|CD|6214|FAE|01|51|1|001|100|HE|524111|019|A|0|0||0||||3|Biaya Penginapan|10|ORG|6|LOK|1|FREK|2|HARI|120|OH|399042|47885000||0|0|0||0|0|0|0||||0|0||||0|3990000|3990000|3990000|3990000|3990000|3990000|3990000|3990000|3990000|3990000|3990000|3995000|0||0|||1|0|00
2026|01|527010|015|08|CD|6214|FAE|01|51|1|001|100|HE|524119|019|A|0|0||0||||1|Transport|81|ORG|2|FREK|0||0||162|OK|232470|37660000||0|0|0||0|0|0|0||||0|0||||0|3138000|3138000|3138000|3138000|3138000|3138000|3138000|3138000|3138000|3138000|3138000|3142000|0||0|||1|0|00
2026|01|527010|015|08|CD|6214|FAE|01|51|1|001|100|HE|524119|019|A|0|0||0||||2|Uang Harian|81|ORG|2|FREK|3|HARI|0||486|OH|100737|48958000||0|0|0||0|0|0|0||||0|0||||0|4079000|4079000|4079000|4079000|4079000|4079000|4079000|4079000|4079000|4079000|4079000|4089000|0||0|||1|0|00
2026|01|527010|015|08|CD|6214|FAE|01|51|1|001|100|HE|524119|019|A|0|0||0||||3|Biaya Penginapan|81|ORG|2|FREK|2|HARI|0||324|OH|133321|43196000||0|0|0||0|0|0|0||||0|0||||0|3599000|3599000|3599000|3599000|3599000|3599000|3599000|3599000|3599000|3599000|3599000|3607000|0||0|||1|0|00
2026|01|527010|015|08|CD|6214|FAE|01|51|1|001|100|HF|521211|019|A|0|0||0|01||1|1|Konsumsi Rapat|0||0||0||0||0||0|0||0|0|0||0|0|0|0||||0|0||||0|0|0|0|0|0|0|0|0|0|0|0|0|0||0|||1|0|00
2026|01|527010|015|08|CD|6214|FAE|01|51|1|001|100|HF|521211|019|A|0|0||0|01|||2|KDM  Makan Rapat|0||0||0||0||40|OK|35900|1436000||0|0|0||0|0|0|0||||0|0||||0|119000|119000|119000|119000|119000|119000|119000|119000|119000|119000|119000|127000|0||0|||1|0|00
2026|01|527010|015|08|CD|6214|FAE|01|51|1|001|100|HF|521211|019|A|0|0||0|01|||3|KDM  Snack Rapat|20|ORG|1|HARI|2|FREK|0||40|OK|15125|605000||0|0|0||0|0|0|0||||0|0||||0|50000|50000|50000|50000|50000|50000|50000|50000|50000|50000|50000|55000|0||0|||1|0|00
2026|01|527010|015|08|CD|6214|FAE|01|51|1|001|100|HF|524111|019|A|0|0||0|01||1|1|Site Visit Potensi Investasi di Daerah (Kantor Pusat dan Kanwil DJPb)|0||0||0||0||0||0|0||0|0|0||0|0|0|0||||0|0||||0|0|0|0|0|0|0|0|0|0|0|0|0|0||0|||1|0|00
2026|01|527010|015|08|CD|6214|FAE|01|51|1|001|100|HF|524111|019|A|0|0||0|01|||2|Tiket PP|4|ORG|2|LOK|1|FREK|0||8|OK|2324750|18598000||0|0|0||0|0|0|0||||0|0||||0|1549000|1549000|1549000|1549000|1549000|1549000|1549000|1549000|1549000|1549000|1549000|1559000|0||0|||1|0|00
2026|01|527010|015|08|CD|6214|FAE|01|51|1|001|100|HF|524111|019|A|0|0||0|01|||3|Uang Harian|4|ORG|2|LOK|1|FREK|3|HARI|24|OH|232459|5579000||0|0|0||0|0|0|0||||0|0||||0|464000|464000|464000|464000|464000|464000|464000|464000|464000|464000|464000|475000|0||0|||1|0|00
2026|01|527010|015|08|CD|6214|FAE|01|51|1|001|100|HF|524111|019|A|0|0||0|01|||4|Biaya Penginapan|4|ORG|2|LOK|1|FREK|2|HARI|16|OH|542438|8679000||0|0|0||0|0|0|0||||0|0||||0|723000|723000|723000|723000|723000|723000|723000|723000|723000|723000|723000|726000|0||0|||1|0|00
2026|01|527010|015|08|CD|6214|FAE|01|51|1|001|100|HF|524113|019|A|0|0||0|01||1|1|Site Visit Potensi Investasi di Daerah (Pegawai Kanwil DJPb)|0||0||0||0||0||0|0||0|0|0||0|0|0|0||||0|0||||0|0|0|0|0|0|0|0|0|0|0|0|0|0||0|||1|0|00
2026|01|527010|015|08|CD|6214|FAE|01|51|1|001|100|HF|524113|019|A|0|0||0|01|||2|Transport Lokal|1|ORG|3|LOK|2|HARI|1|FREK|6|OK|131667|790000||0|0|0||0|0|0|0||||0|0||||0|65000|65000|65000|65000|65000|65000|65000|65000|65000|65000|65000|75000|0||0|||1|0|00
2026|01|527010|015|08|CD|6214|FAE|01|51|1|001|100|HF|524113|019|A|0|0||0|01|||3|Uang Harian|2|ORG|1|LOK|2|HARI|1|FREK|4|OH|130250|521000||0|0|0||0|0|0|0||||0|0||||0|43000|43000|43000|43000|43000|43000|43000|43000|43000|43000|43000|48000|0||0|||1|0|00
2026|01|527010|015|08|CD|6214|FAE|01|51|1|001|100|MA|521211|019|A|0|0||0|01||1|1|Penyusunan Kajian Kelembagaan|0||0||0||0||0||0|0||0|0|0||0|0|0|0||||0|0||||0|0|0|0|0|0|0|0|0|0|0|0|0|0||0|||1|0|00
2026|01|527010|015|08|CD|6214|FAE|01|51|1|001|100|MA|521211|019|A|0|0||0|01|01|2|2|Konsumsi|0||0||0||0||0||0|0||0|0|0||0|0|0|0||||0|0||||0|0|0|0|0|0|0|0|0|0|0|0|0|0||0|||1|0|00
2026|01|527010|015|08|CD|6214|FAE|01|51|1|001|100|MA|521211|019|A|0|0||0|01|01||3|KDM  Makan Rapat|15|orang|5|Hari|13|Frek|0||975|OHF|33390|32555000||0|0|0||0|0|0|0||||0|0||||0|2712000|2712000|2712000|2712000|2712000|2712000|2712000|2712000|2712000|2712000|2712000|2723000|0||0|||1|0|00
2026|01|527010|015|08|CD|6214|FAE|01|51|1|001|100|MA|521211|019|A|0|0||0|01|01||4|KDM  Snack Rapat|15|Orang|5|Hari|13|Frek|0||975|OHF|15120|14742000||0|0|0||0|0|0|0||||0|0||||0|1228000|1228000|1228000|1228000|1228000|1228000|1228000|1228000|1228000|1228000|1228000|1234000|0||0|||1|0|00
2026|01|527010|015|08|CD|6214|FAE|01|51|1|001|100|MA|521211|019|A|0|0||0|01|02|2|5|ATK dan Barang Habis Pakai|0||0||0||0||0||0|0||0|0|0||0|0|0|0||||0|0||||0|0|0|0|0|0|0|0|0|0|0|0|0|0||0|||1|0|00
2026|01|527010|015|08|CD|6214|FAE|01|51|1|001|100|MA|521211|019|A|0|0||0|01|02||6|CTK  ATK dan Barang Habis Pakai|1|Paket|12|F|0||0||12|F|555500|6666000||0|0|0||0|0|0|0||||0|0||||0|555000|555000|555000|555000|555000|555000|555000|555000|555000|555000|555000|561000|0||0|||1|0|00
2026|01|527010|015|08|CD|6214|FAE|01|51|1|001|100|MA|522151|019|A|0|0||0|01||1|1|Honorarium Narasumber KajianPenelitianRapatSeminarFGDSosialisasi|0||0||0||0||0||0|0||0|0|0||0|0|0|0||||0|0||||0|0|0|0|0|0|0|0|0|0|0|0|0|0||0|||1|0|00
2026|01|527010|015|08|CD|6214|FAE|01|51|1|001|100|MA|522151|019|A|0|0||0|01|||2|Narasumber Profesional|8|Orang|2|Jam|1|Frek|0||16|OJ|1496000|23936000||0|0|0||0|0|0|0||||0|0||||0|1994000|1994000|1994000|1994000|1994000|1994000|1994000|1994000|1994000|1994000|1994000|2002000|0||0|||1|0|00
2026|01|527010|015|08|CD|6214|FAL|01|51|1|003|100|OA|521211|019|A|0|0||0|01||1|1|Tim Koordinasi Mata Uang Mitra Kerja Bersama Bank Indonesia|0||0||0||0||0||0|0||0|0|0||0|0|0|0||||0|0||||0|0|0|0|0|0|0|0|0|0|0|0|0|0||0|||1|0|00
2026|01|527010|015|08|CD|6214|FAL|01|51|1|003|100|OA|521211|019|A|0|0||0|01|||2|KDM  Snack Rapat|25|ORG|4|KEG|1|FR|0||100|OK|13860|1386000||0|0|0||0|0|0|0||||0|0||||0|115000|115000|115000|115000|115000|115000|115000|115000|115000|115000|115000|121000|0||0|||1|0|00
2026|01|527010|015|08|CD|6214|FAL|01|51|1|003|100|OA|521211|019|A|0|0||0|01|||3|KDM  Makan Rapat|25|ORG|4|KEG|1|FR|0||100|OK|33390|3339000||0|0|0||0|0|0|0||||0|0||||0|278000|278000|278000|278000|278000|278000|278000|278000|278000|278000|278000|281000|0||0|||1|0|00
2026|01|527010|015|08|CD|6214|FAL|01|51|1|003|100|OA|521211|019|A|0|0||0|02||1|4|Rapat Dalam Kantor dalam rangka CPIN, Pengelolaan Valas, Penempatan Uang, dan SBN|0||0||0||0||0||0|0||0|0|0||0|0|0|0||||0|0||||0|0|0|0|0|0|0|0|0|0|0|0|0|0||0|||1|0|00
2026|01|527010|015|08|CD|6214|FAL|01|51|1|003|100|OA|521211|019|A|0|0||0|02|||5|KDM  Snack Rapat|25|ORG|4|KEG|1|FR|0||100|OK|13860|1386000||0|0|0||0|0|0|0||||0|0||||0|115000|115000|115000|115000|115000|115000|115000|115000|115000|115000|115000|121000|0||0|||1|0|00
2026|01|527010|015|08|CD|6214|FAL|01|51|1|003|100|OA|521211|019|A|0|0||0|02|||6|KDM  Makan Rapat|25|ORG|4|KEG|1|FR|0||100|OK|33390|3339000||0|0|0||0|0|0|0||||0|0||||0|278000|278000|278000|278000|278000|278000|278000|278000|278000|278000|278000|281000|0||0|||1|0|00
2026|01|527010|015|08|CD|6214|FAL|01|51|1|003|100|OD|521211|019|A|0|0||0|01||1|1|Pembahasan dan Penyelesaian Pengelolaan Kas Negara|0||0||0||0||0||0|0||0|0|0||0|0|0|0||||0|0||||0|0|0|0|0|0|0|0|0|0|0|0|0|0||0|||1|0|00
2026|01|527010|015|08|CD|6214|FAL|01|51|1|003|100|OD|521211|019|A|0|0||0|01|||2|KDM  Snack Rapat|10|ORG|3|KEG|6|SUB|12|BLN|2160|OK|15120|32659000||0|0|0||0|0|0|0||||0|0||||0|2721000|2721000|2721000|2721000|2721000|2721000|2721000|2721000|2721000|2721000|2721000|2728000|0||0|||1|0|00
2026|01|527010|015|08|CD|6214|FAL|01|51|1|003|100|OD|521211|019|A|0|0||0|01|||3|KDM  Makan Rapat|10|ORG|3|KEG|6|SUB|12|BLN|2160|OK|35911|77567000||0|0|0||0|0|0|0||||0|0||||0|6463000|6463000|6463000|6463000|6463000|6463000|6463000|6463000|6463000|6463000|6463000|6474000|0||0|||1|0|00
2026|01|527010|015|08|CD|6214|FAL|01|51|1|003|100|OD|521211|019|A|0|0||0|01|01|2|4|Penyediaan Bahan Penunjang Kegiatan terkait Pengelolaan Kas Negara|0||0||0||0||0||0|0||0|0|0||0|0|0|0||||0|0||||0|0|0|0|0|0|0|0|0|0|0|0|0|0||0|||1|0|00
2026|01|527010|015|08|CD|6214|FAL|01|51|1|003|100|OD|521211|019|A|0|0||0|01|01||5|CTK  Pencetakan Buku|10|JILID|10|BLN|0||0||100|JILID|83849|8384000||0|0|0||0|0|0|0||||0|0||||0|698000|698000|698000|698000|698000|698000|698000|698000|698000|698000|698000|706000|0||0|||1|0|00
2026|01|527010|015|08|CD|6214|UAE|01|51|1|203|100|HA|521211|019|A|0|0||0|01||1|1|Konsumsi Rapat Biasa|0||0||0||0||0||0|0||0|0|0||0|0|0|0||||0|0||||0|0|0|0|0|0|0|0|0|0|0|0|0|0||0|||1|0|00
2026|01|527010|015|08|CD|6214|UAE|01|51|1|203|100|HA|521211|019|A|0|0||0|01|||2|KDM  Snack Rapat|0||0||0||0||40|OK|15125|605000||0|0|0||0|0|0|0||||0|0||||0|50000|50000|50000|50000|50000|50000|50000|50000|50000|50000|50000|55000|0||0|||1|0|00
2026|01|527010|015|08|CD|6214|UAE|01|51|1|203|100|HA|521211|019|A|0|0||0|01|||3|KDM  Makan Rapat|0||0||0||0||40|OK|35900|1436000||0|0|0||0|0|0|0||||0|0||||0|119000|119000|119000|119000|119000|119000|119000|119000|119000|119000|119000|127000|0||0|||1|0|00
2026|01|527010|015|08|CD|6214|UAE|01|51|1|203|100|HA|522151|019|A|0|0||0||||1|1. Honor Narasumber Tenaga Profesional|0||0||0||0||6|OJ|1496000|8976000||0|0|0||0|0|0|0||||0|0||||0|748000|748000|748000|748000|748000|748000|748000|748000|748000|748000|748000|748000|0||0|||1|0|00
2026|01|527010|015|08|CD|6214|UAE|01|51|1|203|100|HA|524111|019|A|0|0||0||||1|3. Biaya Penginapan|0||0||0||0||22|OH|426182|9376000||0|0|0||0|0|0|0||||0|0||||0|781000|781000|781000|781000|781000|781000|781000|781000|781000|781000|781000|785000|0||0|||1|0|00
2026|01|527010|015|08|CD|6214|UAE|01|51|1|203|100|HA|524111|019|A|0|0||0||||2|2. Uang Harian|0||0||0||0||33|OH|271213|8950000||0|0|0||0|0|0|0||||0|0||||0|745000|745000|745000|745000|745000|745000|745000|745000|745000|745000|745000|755000|0||0|||1|0|00
2026|01|527010|015|08|CD|6214|UAE|01|51|1|203|100|HA|524111|019|A|0|0||0||||3|1. Biaya Transport|0||0||0||0||11|OK|2518455|27703000||0|0|0||0|0|0|0||||0|0||||0|2308000|2308000|2308000|2308000|2308000|2308000|2308000|2308000|2308000|2308000|2308000|2315000|0||0|||1|0|00
2026|01|527010|015|08|CD|6214|UAE|01|51|1|203|100|HB|524111|019|A|0|0||0||||1|3. Biaya Penginapan|0||0||0||0||60|OH|426200|25572000||0|0|0||0|0|0|0||||0|0||||0|2131000|2131000|2131000|2131000|2131000|2131000|2131000|2131000|2131000|2131000|2131000|2131000|0||0|||1|0|00
2026|01|527010|015|08|CD|6214|UAE|01|51|1|203|100|HB|524111|019|A|0|0||0||||2|2. Uang Harian|0||0||0||0||90|OH|271212|24409000||0|0|0||0|0|0|0||||0|0||||0|2034000|2034000|2034000|2034000|2034000|2034000|2034000|2034000|2034000|2034000|2034000|2035000|0||0|||1|0|00
2026|01|527010|015|08|CD|6214|UAE|01|51|1|203|100|HB|524111|019|A|0|0||0||||3|1. Biaya Transport|0||0||0||0||30|OK|2169734|65092000||0|0|0||0|0|0|0||||0|0||||0|5424000|5424000|5424000|5424000|5424000|5424000|5424000|5424000|5424000|5424000|5424000|5428000|0||0|||1|0|00
2026|01|527010|015|08|CD|6214|UAE|01|51|1|203|100|HB|524113|019|A|0|0||0||||1|2. Uang Harian|0||0||0||0||50|OH|130180|6509000||0|0|0||0|0|0|0||||0|0||||0|542000|542000|542000|542000|542000|542000|542000|542000|542000|542000|542000|547000|0||0|||1|0|00
2026|01|527010|015|08|CD|6214|UAE|01|51|1|203|100|HB|524113|019|A|0|0||0||||2|1. Transport Lokal|0||0||0||0||50|OK|131740|6587000||0|0|0||0|0|0|0||||0|0||||0|548000|548000|548000|548000|548000|548000|548000|548000|548000|548000|548000|559000|0||0|||1|0|00
2026|01|527010|015|08|CD|6214|UAE|01|51|1|203|100|HC|521211|019|A|0|0||0|01||1|1|Konsumsi Rapat|0||0||0||0||0||0|0||0|0|0||0|0|0|0||||0|0||||0|0|0|0|0|0|0|0|0|0|0|0|0|0||0|||1|0|00
2026|01|527010|015|08|CD|6214|UAE|01|51|1|203|100|HC|521211|019|A|0|0||0|01|||2|KDM  Snack Rapat|0||0||0||0||45|OK|15112|680000||0|0|0||0|0|0|0||||0|0||||0|56000|56000|56000|56000|56000|56000|56000|56000|56000|56000|56000|64000|0||0|||1|0|00
2026|01|527010|015|08|CD|6214|UAE|01|51|1|203|100|HC|521211|019|A|0|0||0|01|||3|KDM  Makan Rapat|0||0||0||0||45|OK|35912|1616000||0|0|0||0|0|0|0||||0|0||||0|134000|134000|134000|134000|134000|134000|134000|134000|134000|134000|134000|142000|0||0|||1|0|00
2026|01|527010|015|08|CD|6214|UAE|01|51|1|203|100|HD|524114|019|A|0|0||0||||1|3. Biaya Penginapan|0||0||0||0||66|OH|927561|61219000||0|0|0||0|0|0|0||||0|0||||0|5101000|5101000|5101000|5101000|5101000|5101000|5101000|5101000|5101000|5101000|5101000|5108000|0||0|||1|0|00
2026|01|527010|015|08|CD|6214|UAE|01|51|1|203|100|HD|524114|019|A|0|0||0||||2|2. Uang Harian|0||0||0||0||99|OH|100738|9973000||0|0|0||0|0|0|0||||0|0||||0|831000|831000|831000|831000|831000|831000|831000|831000|831000|831000|831000|832000|0||0|||1|0|00
2026|01|527010|015|08|CD|6214|UAE|01|51|1|203|100|HD|524114|019|A|0|0||0||||3|1. Biaya Transport|0||0||0||0||33| OK|345031|11386000||0|0|0||0|0|0|0||||0|0||||0|948000|948000|948000|948000|948000|948000|948000|948000|948000|948000|948000|958000|0||0|||1|0|00
2026|01|527010|015|08|CD|6215|FAH|01|51|1|001|100|JA|521211|019|A|0|0||0|01||1|1|Penyusunan Statistik Keuangan Pemerintah|0||0||0||0||0||0|0||0|0|0||0|0|0|0||||0|0||||0|0|0|0|0|0|0|0|0|0|0|0|0|0||0|||1|0|00
2026|01|527010|015|08|CD|6215|FAH|01|51|1|001|100|JA|521211|019|A|0|0||0|01|||2|KDM  Makan Rapat|40|ORG|1|FR|0||0||40|OF|31500|1260000||0|0|0||0|0|0|0||||0|0||||0|105000|105000|105000|105000|105000|105000|105000|105000|105000|105000|105000|105000|0||0|||1|0|00
2026|01|527010|015|08|CD|6215|FAH|01|51|1|001|100|JA|521211|019|A|0|0||0|01|||3|KDM  Snack Rapat|50|ORG|2|FR|0||0||100|OF|13860|1386000||0|0|0||0|0|0|0||||0|0||||0|115000|115000|115000|115000|115000|115000|115000|115000|115000|115000|115000|121000|0||0|||1|0|00
2026|01|527010|015|08|CD|6215|FAH|01|51|1|001|100|JA|521211|019|A|0|0||0|01|||4|CTK  Pencetakan Laporan Keuangan Sektor Publik|50|EKS|2|FR|0||0||100|EKS|144320|14432000||0|0|0||0|0|0|0||||0|0||||0|1202000|1202000|1202000|1202000|1202000|1202000|1202000|1202000|1202000|1202000|1202000|1210000|0||0|||1|0|00
2026|01|527010|015|08|CD|6215|FAH|01|51|1|001|100|JA|521211|019|A|0|0||0|01|||5|CTK  ATKBahan|1|PKT|1|FR|0||0||1|PKT|424000|424000||0|0|0||0|0|0|0||||0|0||||0|35000|35000|35000|35000|35000|35000|35000|35000|35000|35000|35000|39000|0||0|||1|0|00
2026|01|527010|015|08|CD|6215|FAH|01|51|1|001|100|JA|524111|019|A|0|0||0||||1|Akomodasi|1|ORG|1|HR|1|FR|0||1|OF|542000|542000||0|0|0||0|0|0|0||||0|0||||0|45000|45000|45000|45000|45000|45000|45000|45000|45000|45000|45000|47000|0||0|||1|0|00
2026|01|527010|015|08|CD|6215|FAH|01|51|1|001|100|JA|524111|019|A|0|0||0||||2|Transport|1|ORG|1|FR|0||0||1|OF|1010000|1010000||0|0|0||0|0|0|0||||0|0||||0|84000|84000|84000|84000|84000|84000|84000|84000|84000|84000|84000|86000|0||0|||1|0|00
2026|01|527010|015|08|CD|6215|FAH|01|51|1|001|100|JA|524111|019|A|0|0||0||||3|Uang Saku Harian|1|ORG|2|HR|1|FR|0||2|OF|297500|595000||0|0|0||0|0|0|0||||0|0||||0|49000|49000|49000|49000|49000|49000|49000|49000|49000|49000|49000|56000|0||0|||1|0|00
2026|01|527010|015|08|CD|6215|FAH|01|51|1|005|100|HA|521211|019|A|0|0||0|01||1|1|Konsumsi Rapat|0||0||0||0||0||0|0||0|0|0||0|0|0|0||||0|0||||0|0|0|0|0|0|0|0|0|0|0|0|0|0||0|||1|0|00
2026|01|527010|015|08|CD|6215|FAH|01|51|1|005|100|HA|521211|019|A|0|0||0|01|||2|KDM  Makan Rapat|0||0||0||0||40|OK|35900|1436000||0|0|0||0|0|0|0||||0|0||||0|119000|119000|119000|119000|119000|119000|119000|119000|119000|119000|119000|127000|0||0|||1|0|00
2026|01|527010|015|08|CD|6215|FAH|01|51|1|005|100|HA|521211|019|A|0|0||0|01|||3|KDM  Snack Rapat|0||0||0||0||40|OK|15125|605000||0|0|0||0|0|0|0||||0|0||||0|50000|50000|50000|50000|50000|50000|50000|50000|50000|50000|50000|55000|0||0|||1|0|00
2026|01|527010|015|08|CD|6215|FAH|01|51|1|005|100|HA|524111|019|A|0|0||0||||1|Tiket PP|2|ORG|1|HARI|1|FREK|0||2|OK|2324500|4649000||0|0|0||0|0|0|0||||0|0||||0|387000|387000|387000|387000|387000|387000|387000|387000|387000|387000|387000|392000|0||0|||1|0|00
2026|01|527010|015|08|CD|6215|FAH|01|51|1|005|100|HA|524111|019|A|0|0||0||||2|Uang Harian|3|ORG|2|HARI|1|FREK|0||6|OH|279000|1674000||0|0|0||0|0|0|0||||0|0||||0|139000|139000|139000|139000|139000|139000|139000|139000|139000|139000|139000|145000|0||0|||1|0|00
2026|01|527010|015|08|CD|6215|FAH|01|51|1|005|100|HA|524111|019|A|0|0||0||||3|Biaya Penginapan|2|ORG|2|HARI|1|FREK|0||4|OH|387500|1550000||0|0|0||0|0|0|0||||0|0||||0|129000|129000|129000|129000|129000|129000|129000|129000|129000|129000|129000|131000|0||0|||1|0|00
2026|01|527010|015|08|CD|6215|FAH|01|51|1|005|100|HA|524113|019|A|0|0||0|01||1|1|Kegiatan Penyediaan Kebutuhan Besaran Anggaran Investasi Pemerintah|0||0||0||0||0||0|0||0|0|0||0|0|0|0||||0|0||||0|0|0|0|0|0|0|0|0|0|0|0|0|0||0|||1|0|00
2026|01|527010|015|08|CD|6215|FAH|01|51|1|005|100|HA|524113|019|A|0|0||0|01|||2|Transport Lokal|6|ORG|1|LOK|1|HARI|3|FREK|18|OK|131723|2371000||0|0|0||0|0|0|0||||0|0||||0|197000|197000|197000|197000|197000|197000|197000|197000|197000|197000|197000|204000|0||0|||1|0|00
2026|01|527010|015|08|CD|6215|FAH|01|51|1|005|100|HA|524113|019|A|0|0||0|01|||3|Uang Harian|2|ORG|1|LOK|2|HARI|1|FREK|4|OH|130250|521000||0|0|0||0|0|0|0||||0|0||||0|43000|43000|43000|43000|43000|43000|43000|43000|43000|43000|43000|48000|0||0|||1|0|00
2026|01|527010|015|08|CD|6215|FAH|01|51|1|005|100|HB|521211|019|A|0|0||0|01||1|1|Konsumsi Rapat|0||0||0||0||0||0|0||0|0|0||0|0|0|0||||0|0||||0|0|0|0|0|0|0|0|0|0|0|0|0|0||0|||1|0|00
2026|01|527010|015|08|CD|6215|FAH|01|51|1|005|100|HB|521211|019|A|0|0||0|01|||2|KDM  Snack Rapat|20|ORG|2|HARI|1|FREK|0||40|OK|15125|605000||0|0|0||0|0|0|0||||0|0||||0|50000|50000|50000|50000|50000|50000|50000|50000|50000|50000|50000|55000|0||0|||1|0|00
2026|01|527010|015|08|CD|6215|FAH|01|51|1|005|100|HB|521211|019|A|0|0||0|01|||3|KDM  Makan Rapat|0||0||0||0||40|OK|35900|1436000||0|0|0||0|0|0|0||||0|0||||0|119000|119000|119000|119000|119000|119000|119000|119000|119000|119000|119000|127000|0||0|||1|0|00
2026|01|527010|015|08|CD|6215|FAH|01|51|1|004|100|JA|521211|019|A|0|0||0|01||1|1|Koordinasi Penyusunan LKPP TA 2025|0||0||0||0||0||0|0||0|0|0||0|0|0|0||||0|0||||0|0|0|0|0|0|0|0|0|0|0|0|0|0||0|||1|0|00
2026|01|527010|015|08|CD|6215|FAH|01|51|1|004|100|JA|521211|019|A|0|0||0|03||1|10|Penyusunan LKPP Audited TA 2025|0||0||0||0||0||0|0||0|0|0||0|0|0|0||||0|0||||0|0|0|0|0|0|0|0|0|0|0|0|0|0||0|||1|0|00
2026|01|527010|015|08|CD|6215|FAH|01|51|1|004|100|JA|521211|019|A|0|0||0|03|||11|KDM  Makan Rapat|32|ORG|4|FR|0||0||128|OF|35907|4596000||0|0|0||0|0|0|0||||0|0||||0|383000|383000|383000|383000|383000|383000|383000|383000|383000|383000|383000|383000|0||0|||1|0|00
2026|01|527010|015|08|CD|6215|FAH|01|51|1|004|100|JA|521211|019|A|0|0||0|03|||12|KDM  Snack Rapat|33|ORG|4|FR|0||0||132|OF|15122|1996000||0|0|0||0|0|0|0||||0|0||||0|166000|166000|166000|166000|166000|166000|166000|166000|166000|166000|166000|170000|0||0|||1|0|00
2026|01|527010|015|08|CD|6215|FAH|01|51|1|004|100|JA|521211|019|A|0|0||0|03|||13|CTK  Pencetakan LKPP Audited TA 2025|85|EKS|1|FR|0||0||85|EKS|182695|15529000||0|0|0||0|0|0|0||||0|0||||0|1294000|1294000|1294000|1294000|1294000|1294000|1294000|1294000|1294000|1294000|1294000|1295000|0||0|||1|0|00
2026|01|527010|015|08|CD|6215|FAH|01|51|1|004|100|JA|521211|019|A|0|0||0|03|||14|CTK  Pencetakan Tanggapan Pemerintah atas LHP BPK terhadap LKPP|85|EKS|1|FR|0||0||85|EKS|63000|5355000||0|0|0||0|0|0|0||||0|0||||0|446000|446000|446000|446000|446000|446000|446000|446000|446000|446000|446000|449000|0||0|||1|0|00
2026|01|527010|015|08|CD|6215|FAH|01|51|1|004|100|JA|521211|019|A|0|0||0|01|||2|KDM  Konsumsi Rapat MenteriEselon I|25|ORG|1|FR|0||0||25|OF|74320|1858000||0|0|0||0|0|0|0||||0|0||||0|154000|154000|154000|154000|154000|154000|154000|154000|154000|154000|154000|164000|0||0|||1|0|00
2026|01|527010|015|08|CD|6215|FAH|01|51|1|004|100|JA|521211|019|A|0|0||0|01|||3|KDM  Snack Rapat MenteriEselon I|25|ORG|1|FR|0||0||25|OF|33400|835000||0|0|0||0|0|0|0||||0|0||||0|69000|69000|69000|69000|69000|69000|69000|69000|69000|69000|69000|76000|0||0|||1|0|00
2026|01|527010|015|08|CD|6215|FAH|01|51|1|004|100|JA|521211|019|A|0|0||0|02||1|4|Penyusunan LKPP Unaudited TA 2025, Entry Meeting, dan Rekonsiliasi Tiga Pihak (Tripartit)|0||0||0||0||0||0|0||0|0|0||0|0|0|0||||0|0||||0|0|0|0|0|0|0|0|0|0|0|0|0|0||0|||1|0|00
2026|01|527010|015|08|CD|6215|FAH|01|51|1|004|100|JA|521211|019|A|0|0||0|02|||5|KDM  Konsumsi Entry Meeting Menteri Keuangan dengan BPK RI|20|ORG|1|FR|0||0||20|OF|74350|1487000||0|0|0||0|0|0|0||||0|0||||0|123000|123000|123000|123000|123000|123000|123000|123000|123000|123000|123000|134000|0||0|||1|0|00
2026|01|527010|015|08|CD|6215|FAH|01|51|1|004|100|JA|521211|019|A|0|0||0|02|||6|KDM  Snack Entry Meeting Menteri Keuangan dengan BPK RI|20|ORG|1|FR|0||0||20|OF|33400|668000||0|0|0||0|0|0|0||||0|0||||0|55000|55000|55000|55000|55000|55000|55000|55000|55000|55000|55000|63000|0||0|||1|0|00
2026|01|527010|015|08|CD|6215|FAH|01|51|1|004|100|JA|521211|019|A|0|0||0|02|||7|KDM  Makan Rapat|20|ORG|4|FR|0||0||80|OF|35913|2873000||0|0|0||0|0|0|0||||0|0||||0|239000|239000|239000|239000|239000|239000|239000|239000|239000|239000|239000|244000|0||0|||1|0|00
2026|01|527010|015|08|CD|6215|FAH|01|51|1|004|100|JA|521211|019|A|0|0||0|02|||8|KDM  Snack Rapat|20|ORG|4|FR|0||0||80|OF|15125|1210000||0|0|0||0|0|0|0||||0|0||||0|100000|100000|100000|100000|100000|100000|100000|100000|100000|100000|100000|110000|0||0|||1|0|00
2026|01|527010|015|08|CD|6215|FAH|01|51|1|004|100|JA|521211|019|A|0|0||0|02|||9|CTK  Pencetakan LKPP Unaudited TA 2025|20|EKS|1|FR|0||0||20|EKS|129450|2589000||0|0|0||0|0|0|0||||0|0||||0|215000|215000|215000|215000|215000|215000|215000|215000|215000|215000|215000|224000|0||0|||1|0|00
2026|01|527010|015|08|CD|6215|FAH|01|51|1|004|100|JA|524111|019|A|0|0||0|01||1|1|Pendampingan Audit BPK di Luar Kota|0||0||0||0||0||0|0||0|0|0||0|0|0|0||||0|0||||0|0|0|0|0|0|0|0|0|0|0|0|0|0||0|||1|0|00
2026|01|527010|015|08|CD|6215|FAH|01|51|1|004|100|JA|524111|019|A|0|0||0|01|||2|Transport|3|ORG|3|FR|0||0||9|OF|2733889|24605000||0|0|0||0|0|0|0||||0|0||||0|2050000|2050000|2050000|2050000|2050000|2050000|2050000|2050000|2050000|2050000|2050000|2055000|0||0|||1|0|00
2026|01|527010|015|08|CD|6215|FAH|01|51|1|004|100|JA|524111|019|A|0|0||0|01|||3|Uang Harian|3|ORG|3|HR|3|FR|0||27|OH|359556|9708000||0|0|0||0|0|0|0||||0|0||||0|809000|809000|809000|809000|809000|809000|809000|809000|809000|809000|809000|809000|0||0|||1|0|00
2026|01|527010|015|08|CD|6215|FAH|01|51|1|004|100|JA|524111|019|A|0|0||0|01|||4|Akomodasi|3|ORG|2|HR|3|FR|0||18|OH|542445|9764000||0|0|0||0|0|0|0||||0|0||||0|813000|813000|813000|813000|813000|813000|813000|813000|813000|813000|813000|821000|0||0|||1|0|00
2026|01|527010|015|08|CD|6215|FAH|01|51|1|004|100|JA|524113|019|A|0|0||0|01||1|1|Pendampingan Audit BPK di Dalam Kota|0||0||0||0||0||0|0||0|0|0||0|0|0|0||||0|0||||0|0|0|0|0|0|0|0|0|0|0|0|0|0||0|||1|0|00
2026|01|527010|015|08|CD|6215|FAH|01|51|1|004|100|JA|524113|019|A|0|0||0|01|||2|Transport|2|ORG|2|FR|0||0||4|OF|116250|465000||0|0|0||0|0|0|0||||0|0||||0|38000|38000|38000|38000|38000|38000|38000|38000|38000|38000|38000|47000|0||0|||1|0|00
2026|01|527010|015|08|CD|6215|FAH|01|51|1|004|100|JA|524113|019|A|0|0||0|01|||3|Uang Harian  8 Jam|2|ORG|1|HR|2|FR|0||4|OH|105500|422000||0|0|0||0|0|0|0||||0|0||||0|35000|35000|35000|35000|35000|35000|35000|35000|35000|35000|35000|37000|0||0|||1|0|00
2026|01|527010|015|08|CD|6215|FAH|01|51|1|004|100|JA|524114|019|A|0|0||0|01||1|1|Penyusunan LKPP Unaudited TA 2025|0||0||0||0||0||0|0||0|0|0||0|0|0|0||||0|0||||0|0|0|0|0|0|0|0|0|0|0|0|0|0||0|||1|0|00
2026|01|527010|015|08|CD|6215|FAH|01|51|1|004|100|JA|524114|019|A|0|0||0|01|||2|Transport|16|ORG|1|FR|0||0||16|OF|131750|2108000||0|0|0||0|0|0|0||||0|0||||0|175000|175000|175000|175000|175000|175000|175000|175000|175000|175000|175000|183000|0||0|||1|0|00
2026|01|527010|015|08|CD|6215|FAH|01|51|1|004|100|JA|524114|019|A|0|0||0|01|||3|Uang Saku|16|ORG|3|HR|1|FR|0||48|OH|100730|4835000||0|0|0||0|0|0|0||||0|0||||0|402000|402000|402000|402000|402000|402000|402000|402000|402000|402000|402000|413000|0||0|||1|0|00
2026|01|527010|015|08|CD|6215|FAH|01|51|1|004|100|JA|524114|019|A|0|0||0|02||1|4|Penyusunan LKPP Audited TA 2025|0||0||0||0||0||0|0||0|0|0||0|0|0|0||||0|0||||0|0|0|0|0|0|0|0|0|0|0|0|0|0||0|||1|0|00
2026|01|527010|015|08|CD|6215|FAH|01|51|1|004|100|JA|524114|019|A|0|0||0|02|||5|Transport|16|ORG|1|FR|0||0||16|OF|131750|2108000||0|0|0||0|0|0|0||||0|0||||0|175000|175000|175000|175000|175000|175000|175000|175000|175000|175000|175000|183000|0||0|||1|0|00
2026|01|527010|015|08|CD|6215|FAH|01|51|1|004|100|JA|524114|019|A|0|0||0|02|||6|Uang Saku|16|ORG|3|HR|1|FR|0||48|OH|100730|4835000||0|0|0||0|0|0|0||||0|0||||0|402000|402000|402000|402000|402000|402000|402000|402000|402000|402000|402000|413000|0||0|||1|0|00
2026|01|527010|015|08|CD|6215|FAH|01|51|1|004|100|JA|524114|019|A|0|0||0|02|||7|Uang Saku|1|ORG|1|HR|1|FR|0||1|OH|87000|87000||0|0|0||0|0|0|0||||0|0||||0|7000|7000|7000|7000|7000|7000|7000|7000|7000|7000|7000|10000|0||0|||1|0|00
2026|01|527010|015|08|CD|6215|FAH|01|51|1|004|100|JB|521211|019|A|0|0||0||||1|CTK  ATK dan Dokumentasi|20|ORG|1|FR|0||0||20|OF|78750|1575000||0|0|0||0|0|0|0||||0|0||||0|131000|131000|131000|131000|131000|131000|131000|131000|131000|131000|131000|134000|0||0|||1|0|00
2026|01|527010|015|08|CD|6215|FAH|01|51|1|004|100|JC|521211|019|A|0|0||0||||1|KDM  Makan Rapat|20|ORG|2|FR|0||0||40|OF|35150|1406000||0|0|0||0|0|0|0||||0|0||||0|117000|117000|117000|117000|117000|117000|117000|117000|117000|117000|117000|119000|0||0|||1|0|00
2026|01|527010|015|08|CD|6215|FAH|01|51|1|004|100|JC|521211|019|A|0|0||0||||2|KDM  Snack Rapat|19|ORG|2|FR|0||0||38|OF|14500|551000||0|0|0||0|0|0|0||||0|0||||0|45000|45000|45000|45000|45000|45000|45000|45000|45000|45000|45000|56000|0||0|||1|0|00
2026|01|527010|015|08|CD|6215|FAH|01|51|1|003|100|JA|521211|019|A|0|0||0|01||1|1|Rapat KoordinasiKonsolidasiFinalisasiAnalisis LK dan Rekomendasi Temuan BPK|0||0||0||0||0||0|0||0|0|0||0|0|0|0||||0|0||||0|0|0|0|0|0|0|0|0|0|0|0|0|0||0|||1|0|00
2026|01|527010|015|08|CD|6215|FAH|01|51|1|003|100|JA|521211|019|A|0|0||0|01|||2|KDM  Makan Rapat|23|ORG|2|FR|0||0||46|OF|35914|1652000||0|0|0||0|0|0|0||||0|0||||0|137000|137000|137000|137000|137000|137000|137000|137000|137000|137000|137000|145000|0||0|||1|0|00
2026|01|527010|015|08|CD|6215|FAH|01|51|1|003|100|JA|521211|019|A|0|0||0|01|||3|KDM  Snack Rapat|23|ORG|2|FR|0||0||46|OF|15131|696000||0|0|0||0|0|0|0||||0|0||||0|58000|58000|58000|58000|58000|58000|58000|58000|58000|58000|58000|58000|0||0|||1|0|00
2026|01|527010|015|08|CD|6215|FAH|01|51|1|003|100|JA|524113|019|A|0|0||0||||1|Transport Lokal|2|ORG|4|FR|0||0||8|OF|104625|837000||0|0|0||0|0|0|0||||0|0||||0|69000|69000|69000|69000|69000|69000|69000|69000|69000|69000|69000|78000|0||0|||1|0|00
2026|01|527010|015|08|CD|6215|FAH|01|51|1|003|100|JA|524114|019|A|0|0||0|01||1|1|Penyusunan Laporan Keuangan BUN Unaudited TA 2025|0||0||0||0||0||0|0||0|0|0||0|0|0|0||||0|0||||0|0|0|0|0|0|0|0|0|0|0|0|0|0||0|||1|0|00
2026|01|527010|015|08|CD|6215|FAH|01|51|1|003|100|JA|524114|019|A|0|0||0|01|||2|Transport Peserta|14|ORG|1|FR|0||0||14|OF|117786|1649000||0|0|0||0|0|0|0||||0|0||||0|137000|137000|137000|137000|137000|137000|137000|137000|137000|137000|137000|142000|0||0|||1|0|00
2026|01|527010|015|08|CD|6215|FAH|01|51|1|003|100|JA|524114|019|A|0|0||0|01|||3|Uang Saku Peserta|14|ORG|2|HR|1|FR|0||28|OH|100750|2821000||0|0|0||0|0|0|0||||0|0||||0|235000|235000|235000|235000|235000|235000|235000|235000|235000|235000|235000|236000|0||0|||1|0|00
2026|01|527010|015|08|CD|6215|FAH|01|51|1|003|100|JA|524114|019|A|0|0||0|01|||4|Uang Saku Narasumber|14|ORG|2|HR|1|FR|0||28|OH|100750|2821000||0|0|0||0|0|0|0||||0|0||||0|235000|235000|235000|235000|235000|235000|235000|235000|235000|235000|235000|236000|0||0|||1|0|00
2026|01|527010|015|08|CD|6215|FAH|01|51|1|003|100|JA|524114|019|A|0|0||0|02||1|5|Penyusunan Laporan Keuangan BUN Audited TA 2025|0||0||0||0||0||0|0||0|0|0||0|0|0|0||||0|0||||0|0|0|0|0|0|0|0|0|0|0|0|0|0||0|||1|0|00
2026|01|527010|015|08|CD|6215|FAH|01|51|1|003|100|JA|524114|019|A|0|0||0|02|||6|Transport Peserta|13|ORG|1|FR|0||0||13|OF|117770|1531000||0|0|0||0|0|0|0||||0|0||||0|127000|127000|127000|127000|127000|127000|127000|127000|127000|127000|127000|134000|0||0|||1|0|00
2026|01|527010|015|08|CD|6215|FAH|01|51|1|003|100|JA|524114|019|A|0|0||0|02|||7|Uang Saku Peserta|13|ORG|2|HR|1|FR|0||26|OH|100731|2619000||0|0|0||0|0|0|0||||0|0||||0|218000|218000|218000|218000|218000|218000|218000|218000|218000|218000|218000|221000|0||0|||1|0|00
2026|01|527010|015|08|CD|6215|FAH|01|51|1|003|100|JA|524114|019|A|0|0||0|02|||8|Uang Saku Peserta|13|ORG|2|HR|1|FR|0||26|OH|100731|2619000||0|0|0||0|0|0|0||||0|0||||0|218000|218000|218000|218000|218000|218000|218000|218000|218000|218000|218000|221000|0||0|||1|0|00
2026|01|527010|015|08|CD|6215|FAH|01|51|1|003|100|JA|524114|019|A|0|0||0|02|||9|Uang Saku Peserta|2|ORG|1|HR|1|FR|0||2|OH|100500|201000||0|0|0||0|0|0|0||||0|0||||0|16000|16000|16000|16000|16000|16000|16000|16000|16000|16000|16000|25000|0||0|||1|0|00
2026|01|527010|015|08|CD|6215|FAH|01|51|1|003|100|JB|521211|019|A|0|0||0|01||1|1|Penyusunan Laporan Keuangan BUN Semester I TA 2026|0||0||0||0||0||0|0||0|0|0||0|0|0|0||||0|0||||0|0|0|0|0|0|0|0|0|0|0|0|0|0||0|||1|0|00
2026|01|527010|015|08|CD|6215|FAH|01|51|1|003|100|JB|521211|019|A|0|0||0|01|||2|CTK  ATK dan Bahan Habis Pakai|1|PKT|1|FR|0||0||1|PKT|653000|653000||0|0|0||0|0|0|0||||0|0||||0|54000|54000|54000|54000|54000|54000|54000|54000|54000|54000|54000|59000|0||0|||1|0|00
2026|01|527010|015|08|CD|6215|FAH|01|51|1|003|100|OA|521211|019|A|0|0||0||||1|KDM  Makan Rapat|25|ORG|4|KEG|0||0||100|OK|33390|3339000||0|0|0||0|0|0|0||||0|0||||0|278000|278000|278000|278000|278000|278000|278000|278000|278000|278000|278000|281000|0||0|||1|0|00
2026|01|527010|015|08|CD|6215|FAH|01|51|1|003|100|OA|521211|019|A|0|0||0||||2|KDM  Snack Rapat|25|ORG|4|KEG|0||0||100|OK|15120|1512000||0|0|0||0|0|0|0||||0|0||||0|126000|126000|126000|126000|126000|126000|126000|126000|126000|126000|126000|126000|0||0|||1|0|00
2026|01|527010|015|08|CD|6215|FAH|01|51|1|003|100|OA|521211|019|A|0|0||0||||3|KDM  Makan Rapat Biasa (Penyusunan Buku Merah)|60|ORG|2|KEG|0||0||120|OK|33392|4007000||0|0|0||0|0|0|0||||0|0||||0|333000|333000|333000|333000|333000|333000|333000|333000|333000|333000|333000|344000|0||0|||1|0|00
2026|01|527010|015|08|CD|6215|FAH|01|51|1|003|100|OA|521211|019|A|0|0||0||||4|KDM  Snack Rapat Biasa (Penyusunan Buku Merah)|60|ORG|2|KEG|0||0||120|OK|15117|1814000||0|0|0||0|0|0|0||||0|0||||0|151000|151000|151000|151000|151000|151000|151000|151000|151000|151000|151000|153000|0||0|||1|0|00
2026|01|527010|015|08|CD|6215|FAH|01|51|1|003|100|OB|521211|019|A|0|0||0||||1|CTK  Bahan Penunjang Kegiatan|0||0||0||0||1|KEG|630000|630000||0|0|0||0|0|0|0||||0|0||||0|52000|52000|52000|52000|52000|52000|52000|52000|52000|52000|52000|58000|0||0|||1|0|00
2026|01|527010|015|08|CD|6215|FAH|01|51|1|003|100|OB|524111|019|A|0|0||0||||1|Akomodasi|3|ORG|2|LOK|2|HR|0||12|OF|658667|7904000||0|0|0||0|0|0|0||||0|0||||0|658000|658000|658000|658000|658000|658000|658000|658000|658000|658000|658000|666000|0||0|||1|0|00
2026|01|527010|015|08|CD|6215|FAH|01|51|1|003|100|OB|524111|019|A|0|0||0||||2|Transport|3|ORG|2|LOK|1|FR|0||6|OF|2712167|16273000||0|0|0||0|0|0|0||||0|0||||0|1356000|1356000|1356000|1356000|1356000|1356000|1356000|1356000|1356000|1356000|1356000|1357000|0||0|||1|0|00
2026|01|527010|015|08|CD|6215|FAH|01|51|1|003|100|OB|524111|019|A|0|0||0||||3|Uang Harian|3|ORG|3|HR|2|LOK|0||18|OH|260389|4687000||0|0|0||0|0|0|0||||0|0||||0|390000|390000|390000|390000|390000|390000|390000|390000|390000|390000|390000|397000|0||0|||1|0|00
2026|01|527010|015|08|CD|6216|AAA|01|51|1|A01|100|JA|521211|019|A|0|0||0||||1|KDM  Makan Rapat|12|ORG|5|FR|0||0||60|OF|35917|2155000||0|0|0||0|0|0|0||||0|0||||0|179000|179000|179000|179000|179000|179000|179000|179000|179000|179000|179000|186000|0||0|||1|0|00
2026|01|527010|015|08|CD|6216|AAA|01|51|1|A01|100|JA|521211|019|A|0|0||0||||2|CTK  Pencetakan Jawaban Menteri Keuangan atas Pertanyaan DPR RI|52|EKS|1|FR|0||0||52|EKS|63000|3276000||0|0|0||0|0|0|0||||0|0||||0|273000|273000|273000|273000|273000|273000|273000|273000|273000|273000|273000|273000|0||0|||1|0|00
2026|01|527010|015|08|CD|6216|AAA|01|51|1|A01|100|JA|521211|019|A|0|0||0||||3|CTK  Pencetakan Penjelasan Pemerintah atas RUU PP APBN TA 2025|52|EKS|1|FR|0||0||52|EKS|63000|3276000||0|0|0||0|0|0|0||||0|0||||0|273000|273000|273000|273000|273000|273000|273000|273000|273000|273000|273000|273000|0||0|||1|0|00
2026|01|527010|015|08|CD|6216|AAA|01|51|1|A01|100|JA|521211|019|A|0|0||0||||4|CTK  Pencetakan Draft RUU PP APBN TA 2025|52|EKS|1|FR|0||0||52|EKS|63000|3276000||0|0|0||0|0|0|0||||0|0||||0|273000|273000|273000|273000|273000|273000|273000|273000|273000|273000|273000|273000|0||0|||1|0|00
2026|01|527010|015|08|CD|6216|AAA|01|51|1|A01|100|JA|521211|019|A|0|0||0||||5|CTK  Pencetakan UU PP APBN TA 2025|52|EKS|1|FR|0||0||52|EKS|63000|3276000||0|0|0||0|0|0|0||||0|0||||0|273000|273000|273000|273000|273000|273000|273000|273000|273000|273000|273000|273000|0||0|||1|0|00
2026|01|527010|015|08|CD|6216|AAA|01|51|1|A01|100|JB|521213|019|A|0|0||0||||1|Tim Pengarah|14|ORG|7|BLN|0||0||98|OB|682500|66885000||0|0|0||0|0|0|0||||0|0||||0|5573000|5573000|5573000|5573000|5573000|5573000|5573000|5573000|5573000|5573000|5573000|5582000|0||0|||1|0|00
2026|01|527010|015|08|CD|6216|AAA|01|51|1|A01|100|JB|521213|019|A|0|0||0||||2|Ketua Tim Pelaksana|1|ORG|7|BLN|0||0||7|OB|546000|3822000||0|0|0||0|0|0|0||||0|0||||0|318000|318000|318000|318000|318000|318000|318000|318000|318000|318000|318000|324000|0||0|||1|0|00
2026|01|527010|015|08|CD|6216|AAA|01|51|1|A01|100|JB|521213|019|A|0|0||0||||3|Wakil Ketua Tim Pelaksana|1|ORG|7|BLN|0||0||7|OB|464143|3249000||0|0|0||0|0|0|0||||0|0||||0|270000|270000|270000|270000|270000|270000|270000|270000|270000|270000|270000|279000|0||0|||1|0|00
2026|01|527010|015|08|CD|6216|AAA|01|51|1|A01|100|JB|521213|019|A|0|0||0||||4|Anggota Tim Pelaksana|64|ORG|7|BLN|0||0||448|OB|409500|183456000||0|0|0||0|0|0|0||||0|0||||0|15288000|15288000|15288000|15288000|15288000|15288000|15288000|15288000|15288000|15288000|15288000|15288000|0||0|||1|0|00
2026|01|527010|015|08|CD|6216|AAA|01|51|1|A01|100|JB|521213|019|A|0|0||0||||5|Ketua Tim Sekretariat|1|ORG|7|BLN|0||0||7|OB|136429|955000||0|0|0||0|0|0|0||||0|0||||0|79000|79000|79000|79000|79000|79000|79000|79000|79000|79000|79000|86000|0||0|||1|0|00
2026|01|527010|015|08|CD|6216|AAA|01|51|1|A01|100|JB|521213|019|A|0|0||0||||6|Anggota Tim Sekretariat|6|ORG|7|BLN|0||0||42|OB|120120|5045000||0|0|0||0|0|0|0||||0|0||||0|420000|420000|420000|420000|420000|420000|420000|420000|420000|420000|420000|425000|0||0|||1|0|00
2026|01|527010|015|08|CD|6216|AAA|01|51|1|A01|100|JB|524113|019|A|0|0||0||||1|Transport Dalam Kota Pembahasan RUU|10|ORG|5|FR|0||0||50|OH|131740|6587000||0|0|0||0|0|0|0||||0|0||||0|548000|548000|548000|548000|548000|548000|548000|548000|548000|548000|548000|559000|0||0|||1|0|00
2026|01|527010|015|08|CD|6216|AAA|01|51|1|A01|100|JB|524113|019|A|0|0||0||||2|Uang Harian  8 Jam|10|ORG|1|HR|5|FR|0||50|OHF|128480|6424000||0|0|0||0|0|0|0||||0|0||||0|535000|535000|535000|535000|535000|535000|535000|535000|535000|535000|535000|539000|0||0|||1|0|00
2026|01|527010|015|08|CD|6216|AAC|01|51|1|B01|100|PA|521211|019|A|0|0||0||||1|KDM  Konsumsi FGD snack|40|ORG|2|fr|0||0||80|OF|15125|1210000||0|0|0||0|0|0|0||||0|0||||0|100000|100000|100000|100000|100000|100000|100000|100000|100000|100000|100000|110000|0||0|||1|0|00
2026|01|527010|015|08|CD|6216|AAC|01|51|1|B01|100|PA|521211|019|A|0|0||0||||2|KDM  Konsumsi FGD makan|40|org|2|fr|0||0||80|OF|33388|2671000||0|0|0||0|0|0|0||||0|0||||0|222000|222000|222000|222000|222000|222000|222000|222000|222000|222000|222000|229000|0||0|||1|0|00
2026|01|527010|015|08|CD|6216|AAC|01|51|1|B01|100|PA|521211|019|A|0|0||0||||3|KDM  Snack Rapat|25|org|15|fr|0||0||375|OF|15120|5670000||0|0|0||0|0|0|0||||0|0||||0|472000|472000|472000|472000|472000|472000|472000|472000|472000|472000|472000|478000|0||0|||1|0|00
2026|01|527010|015|08|CD|6216|AAC|01|51|1|B01|100|PA|521211|019|A|0|0||0||||4|KDM  Makan Rapat|25|org|15|fr|0||0||375|OF|33390|12521000||0|0|0||0|0|0|0||||0|0||||0|1043000|1043000|1043000|1043000|1043000|1043000|1043000|1043000|1043000|1043000|1043000|1048000|0||0|||1|0|00
2026|01|527010|015|08|CD|6216|AAC|01|51|1|B01|100|PA|521211|019|A|0|0||0||||5|CTK  Pencetakan|1|PKT|2|fr|0||0||2|OF|630000|1260000||0|0|0||0|0|0|0||||0|0||||0|105000|105000|105000|105000|105000|105000|105000|105000|105000|105000|105000|105000|0||0|||1|0|00
2026|01|527010|015|08|CD|6216|AAC|01|51|1|B01|100|PA|522151|019|A|0|0||0||||1|Honorarium Narasumber dari KL lain (Es II)|6|org|2|jam|0||0||12|OJ|880000|10560000||0|0|0||0|0|0|0||||0|0||||0|880000|880000|880000|880000|880000|880000|880000|880000|880000|880000|880000|880000|0||0|||1|0|00
2026|01|527010|015|08|CD|6216|AAC|01|51|1|B01|100|PA|522151|019|A|0|0||0||||2|Honorarium Narasumberdari KL lain (Es IIIIV)|1|org|3|jam|0||0||3|OJ|792000|2376000||0|0|0||0|0|0|0||||0|0||||0|198000|198000|198000|198000|198000|198000|198000|198000|198000|198000|198000|198000|0||0|||1|0|00
2026|01|527010|015|08|CD|6216|AAC|01|51|1|B01|100|PA|524111|019|A|0|0||0||||1|Akomodasi|6|org|2|hr|1|fr|1|lok|12|OHFL|728417|8741000||0|0|0||0|0|0|0||||0|0||||0|728000|728000|728000|728000|728000|728000|728000|728000|728000|728000|728000|733000|0||0|||1|0|00
2026|01|527010|015|08|CD|6216|AAC|01|51|1|B01|100|PA|524111|019|A|0|0||0||||2|Uang Harian|6|org|3|hr|1|fr|1|lok|18|OHFL|263445|4742000||0|0|0||0|0|0|0||||0|0||||0|395000|395000|395000|395000|395000|395000|395000|395000|395000|395000|395000|397000|0||0|||1|0|00
2026|01|527010|015|08|CD|6216|AAC|01|51|1|B01|100|PA|524111|019|A|0|0||0||||3|Transportasi|6|org|1|fr|1|lok|0||6|OK|1472334|8834000||0|0|0||0|0|0|0||||0|0||||0|736000|736000|736000|736000|736000|736000|736000|736000|736000|736000|736000|738000|0||0|||1|0|00
2026|01|527010|015|08|CD|6216|AAG|01|51|1|D01|100|IA|521211|019|A|0|0||0|01||1|1|RAPAT PEMBAHASAN|0||0||0||0||0||0|0||0|0|0||0|0|0|0||||0|0||||0|0|0|0|0|0|0|0|0|0|0|0|0|0||0|||1|0|00
2026|01|527010|015|08|CD|6216|AAG|01|51|1|D01|100|IA|521211|019|A|0|0||0|01|||2|KDM  Snack Rapat|20|ORG|3|FR|12|BLN|0||720|OF|15120|10886000||0|0|0||0|0|0|0||||0|0||||0|907000|907000|907000|907000|907000|907000|907000|907000|907000|907000|907000|909000|0||0|||1|0|00
2026|01|527010|015|08|CD|6216|AAG|01|51|1|D01|100|IA|521211|019|A|0|0||0|01|||3|KDM  Makan Rapat|20|ORG|3|FR|12|BLN|0||720|OF|35910|25855000||0|0|0||0|0|0|0||||0|0||||0|2154000|2154000|2154000|2154000|2154000|2154000|2154000|2154000|2154000|2154000|2154000|2161000|0||0|||1|0|00
2026|01|527010|015|08|CD|6216|AAG|01|51|1|D01|100|IA|521213|019|A|0|0||0|01||1|1|TIM PENETAPAN STATUS SATKER BLU|0||0||0||0||0||0|0||0|0|0||0|0|0|0||||0|0||||0|0|0|0|0|0|0|0|0|0|0|0|0|0||0|||1|0|00
2026|01|527010|015|08|CD|6216|AAG|01|51|1|D01|100|IA|521213|019|A|0|0||0|01|||2|Anggota|12|ORG|12|BLN|0||0||144|OB|455000|65520000||0|0|0||0|0|0|0||||0|0||||0|5460000|5460000|5460000|5460000|5460000|5460000|5460000|5460000|5460000|5460000|5460000|5460000|0||0|||1|0|00
2026|01|527010|015|08|CD|6216|AAG|01|51|1|D01|100|IB|521211|019|A|0|0||0|01||1|1|RAPAT PEMBAHASAN|0||0||0||0||0||0|0||0|0|0||0|0|0|0||||0|0||||0|0|0|0|0|0|0|0|0|0|0|0|0|0||0|||1|0|00
2026|01|527010|015|08|CD|6216|AAG|01|51|1|D01|100|IB|521211|019|A|0|0||0|01|||2|KDM  Snack Rapat|20|ORG|5|FR|12|BLN|0||1200|OF|15120|18144000||0|0|0||0|0|0|0||||0|0||||0|1512000|1512000|1512000|1512000|1512000|1512000|1512000|1512000|1512000|1512000|1512000|1512000|0||0|||1|0|00
2026|01|527010|015|08|CD|6216|AAG|01|51|1|D01|100|IB|521213|019|A|0|0||0|01||1|1|TIM PENETAPAN TARIF dan REMUNERASI SATKER BLU|0||0||0||0||0||0|0||0|0|0||0|0|0|0||||0|0||||0|0|0|0|0|0|0|0|0|0|0|0|0|0||0|||1|0|00
2026|01|527010|015|08|CD|6216|AAG|01|51|1|D01|100|IB|521213|019|A|0|0||0|01|||2|Anggota Tim Teknis|12|ORG|12|BLN|0||0||144|OB|455000|65520000||0|0|0||0|0|0|0||||0|0||||0|5460000|5460000|5460000|5460000|5460000|5460000|5460000|5460000|5460000|5460000|5460000|5460000|0||0|||1|0|00
2026|01|527010|015|08|CD|6216|AAG|01|51|1|E02|100|HA|521211|019|A|0|0||0|01||1|1|Konsumsi Rapat|0||0||0||0||0||0|0||0|0|0||0|0|0|0||||0|0||||0|0|0|0|0|0|0|0|0|0|0|0|0|0||0|||1|0|00
2026|01|527010|015|08|CD|6216|AAG|01|51|1|E02|100|HA|521211|019|A|0|0||0|01|||2|KDM  Snack Rapat|30|ORG|1|HARI|5|FREK|0||150|OK|15120|2268000||0|0|0||0|0|0|0||||0|0||||0|189000|189000|189000|189000|189000|189000|189000|189000|189000|189000|189000|189000|0||0|||1|0|00
2026|01|527010|015|08|CD|6216|AAG|01|51|1|E02|100|HA|521211|019|A|0|0||0|01|||3|KDM  Makan Rapat|0||0||0||0||150|OK|35907|5386000||0|0|0||0|0|0|0||||0|0||||0|448000|448000|448000|448000|448000|448000|448000|448000|448000|448000|448000|458000|0||0|||1|0|00
2026|01|527010|015|08|CD|6216|AAG|01|51|1|E02|100|HA|522151|019|A|0|0||0||||1|Narasumber Tenaga Profesional|2|ORG|2|JAM|1|FREK|0||4|OJ|1496000|5984000||0|0|0||0|0|0|0||||0|0||||0|498000|498000|498000|498000|498000|498000|498000|498000|498000|498000|498000|506000|0||0|||1|0|00
2026|01|527010|015|08|CD|6216|AAG|01|51|1|E01|100|FA|521211|019|A|0|0||0||||1|KDM  Makan Rapat|30|ORG|1|HARI|5|FREK|0||150|OK|35907|5386000||0|0|0||0|0|0|0||||0|0||||0|448000|448000|448000|448000|448000|448000|448000|448000|448000|448000|448000|458000|0||0|||1|0|00
2026|01|527010|015|08|CD|6216|AAG|01|51|1|E01|100|FA|521211|019|A|0|0||0||||2|KDM  Snack Rapat|30|ORG|1|HARI|5|FREK|0||150|OK|15120|2268000||0|0|0||0|0|0|0||||0|0||||0|189000|189000|189000|189000|189000|189000|189000|189000|189000|189000|189000|189000|0||0|||1|0|00
2026|01|527010|015|08|CD|6216|AAG|01|51|1|E01|100|FA|524111|019|A|0|0||0||||1|Penginapan|5|ORG|7|LOK|2|HARI|1|FREK|70|OH|660215|46215000||0|0|0||0|0|0|0||||0|0||||0|3851000|3851000|3851000|3851000|3851000|3851000|3851000|3851000|3851000|3851000|3851000|3854000|0||0|||1|0|00
2026|01|527010|015|08|CD|6216|AAG|01|51|1|E01|100|FA|524111|019|A|0|0||0||||2|Uang Transport Luar Kota|5|ORG|7|LOK|1|FREK|0||35|OK|2169715|75940000||0|0|0||0|0|0|0||||0|0||||0|6328000|6328000|6328000|6328000|6328000|6328000|6328000|6328000|6328000|6328000|6328000|6332000|0||0|||1|0|00
2026|01|527010|015|08|CD|6216|AAG|01|51|1|E01|100|FA|524111|019|A|0|0||0||||3|Uang Harian Luar Kota|5|ORG|7|LOK|3|HARI|1|FREK|105|OH|278962|29291000||0|0|0||0|0|0|0||||0|0||||0|2440000|2440000|2440000|2440000|2440000|2440000|2440000|2440000|2440000|2440000|2440000|2451000|0||0|||1|0|00
2026|01|527010|015|08|CD|6216|AAH|01|51|1|F01|100|JA|521211|019|A|0|0||0||||1|CTK  Pencetakan dan Penggandaan Buku Panduan Teknis|70|BUKU|1|FR|0||0||70|BUKU|94500|6615000||0|0|0||0|0|0|0||||0|0||||0|551000|551000|551000|551000|551000|551000|551000|551000|551000|551000|551000|554000|0||0|||1|0|00
2026|01|527010|015|08|CD|6216|AAH|01|51|1|F01|100|JA|521213|019|A|0|0||0||||1|Penanggung Jawab|1|ORG|2|OTR|0||0||2|OTR|273000|546000||0|0|0||0|0|0|0||||0|0||||0|45000|45000|45000|45000|45000|45000|45000|45000|45000|45000|45000|51000|0||0|||1|0|00
2026|01|527010|015|08|CD|6216|AAH|01|51|1|F01|100|JA|521213|019|A|0|0||0||||2|Redaktur|1|ORG|2|OTR|0||0||2|OTR|218500|437000||0|0|0||0|0|0|0||||0|0||||0|36000|36000|36000|36000|36000|36000|36000|36000|36000|36000|36000|41000|0||0|||1|0|00
2026|01|527010|015|08|CD|6216|AAH|01|51|1|F01|100|JA|521213|019|A|0|0||0||||3|Penyunting Editor|20|ORG|2|OTR|0||0||40|OTR|163800|6552000||0|0|0||0|0|0|0||||0|0||||0|546000|546000|546000|546000|546000|546000|546000|546000|546000|546000|546000|546000|0||0|||1|0|00
2026|01|527010|015|08|CD|6216|AAH|01|51|1|F01|100|JA|521213|019|A|0|0||0||||4|Pembuat Artikel|47|ORG|2|OTR|0||0||94|OTR|109203|10265000||0|0|0||0|0|0|0||||0|0||||0|855000|855000|855000|855000|855000|855000|855000|855000|855000|855000|855000|860000|0||0|||1|0|00
2026|01|527010|015|08|CD|6216|AAH|01|51|1|F01|100|JA|521213|019|A|0|0||0||||5|Desain Grafis|4|ORG|2|OTR|0||0||8|OTR|98250|786000||0|0|0||0|0|0|0||||0|0||||0|65000|65000|65000|65000|65000|65000|65000|65000|65000|65000|65000|71000|0||0|||1|0|00
2026|01|527010|015|08|CD|6216|AAH|01|51|1|F01|100|JA|521213|019|A|0|0||0||||6|Sekretaris|6|ORG|2|OTR|0||0||12|OTR|81917|983000||0|0|0||0|0|0|0||||0|0||||0|81000|81000|81000|81000|81000|81000|81000|81000|81000|81000|81000|92000|0||0|||1|0|00
2026|01|527010|015|08|CD|6216|AAH|01|51|1|F01|100|JB|524111|019|A|0|0||0||||1|Transport|2|ORG|2|FR|0||0||4|OH|930750|3723000||0|0|0||0|0|0|0||||0|0||||0|310000|310000|310000|310000|310000|310000|310000|310000|310000|310000|310000|313000|0||0|||1|0|00
2026|01|527010|015|08|CD|6216|AAH|01|51|1|F01|100|JB|524111|019|A|0|0||0||||2|Akomodasi|2|ORG|2|HR|2|FR|0||8|OH|465000|3720000||0|0|0||0|0|0|0||||0|0||||0|310000|310000|310000|310000|310000|310000|310000|310000|310000|310000|310000|310000|0||0|||1|0|00
2026|01|527010|015|08|CD|6216|AAH|01|51|1|F01|100|JB|524111|019|A|0|0||0||||3|Uang Saku Harian|2|ORG|3|HR|2|FR|0||12|OH|291334|3496000||0|0|0||0|0|0|0||||0|0||||0|291000|291000|291000|291000|291000|291000|291000|291000|291000|291000|291000|295000|0||0|||1|0|00
2026|01|527010|015|08|CD|6216|AAH|01|51|1|F01|100|JB|524114|019|A|0|0||0|01||1|1|Rapat Evaluasi dan Tinjut Temuan BPK atas Pengembangan SAPP|0||0||0||0||0||0|0||0|0|0||0|0|0|0||||0|0||||0|0|0|0|0|0|0|0|0|0|0|0|0|0||0|||1|0|00
2026|01|527010|015|08|CD|6216|AAH|01|51|1|F01|100|JB|524114|019|A|0|0||0|01|||2|Transport|12|ORG|2|FR|0||0||24|OF|120125|2883000||0|0|0||0|0|0|0||||0|0||||0|240000|240000|240000|240000|240000|240000|240000|240000|240000|240000|240000|243000|0||0|||1|0|00
2026|01|527010|015|08|CD|6216|AAH|01|51|1|F01|100|JB|524114|019|A|0|0||0|01|||3|Uang Saku|12|ORG|3|HR|2|FR|0||72|OH|100737|7253000||0|0|0||0|0|0|0||||0|0||||0|604000|604000|604000|604000|604000|604000|604000|604000|604000|604000|604000|609000|0||0|||1|0|00
2026|01|527010|015|08|CD|6216|AAH|01|51|1|F01|100|JB|524114|019|A|0|0||0|02||1|4|Rapat Pengembangan SAPP Tahun 2026|0||0||0||0||0||0|0||0|0|0||0|0|0|0||||0|0||||0|0|0|0|0|0|0|0|0|0|0|0|0|0||0|||1|0|00
2026|01|527010|015|08|CD|6216|AAH|01|51|1|F01|100|JB|524114|019|A|0|0||0|02|||5|Transport|12|ORG|1|FR|0||0||12|OF|116584|1399000||0|0|0||0|0|0|0||||0|0||||0|116000|116000|116000|116000|116000|116000|116000|116000|116000|116000|116000|123000|0||0|||1|0|00
2026|01|527010|015|08|CD|6216|AAH|01|51|1|F01|100|JB|524114|019|A|0|0||0|02|||6|Uang Saku Harian|12|ORG|2|HR|1|FR|0||24|OH|89875|2157000||0|0|0||0|0|0|0||||0|0||||0|179000|179000|179000|179000|179000|179000|179000|179000|179000|179000|179000|188000|0||0|||1|0|00
2026|01|527010|015|08|CD|6216|AAH|01|51|1|F01|100|JC|521211|019|A|0|0||0|01||1|1|FGD Pembahasan Draft Peraturan|0||0||0||0||0||0|0||0|0|0||0|0|0|0||||0|0||||0|0|0|0|0|0|0|0|0|0|0|0|0|0||0|||1|0|00
2026|01|527010|015|08|CD|6216|AAH|01|51|1|F01|100|JC|521211|019|A|0|0||0|04|||10|KDM  Snack Rapat|26|ORG|4|FR|0||0||104|OF|15116|1572000||0|0|0||0|0|0|0||||0|0||||0|131000|131000|131000|131000|131000|131000|131000|131000|131000|131000|131000|131000|0||0|||1|0|00
2026|01|527010|015|08|CD|6216|AAH|01|51|1|F01|100|JC|521211|019|A|0|0||0|01|||2|KDM  Makan Rapat|24|ORG|3|FR|0||0||72|OF|35917|2586000||0|0|0||0|0|0|0||||0|0||||0|215000|215000|215000|215000|215000|215000|215000|215000|215000|215000|215000|221000|0||0|||1|0|00
2026|01|527010|015|08|CD|6216|AAH|01|51|1|F01|100|JC|521211|019|A|0|0||0|01|||3|KDM  Snack Rapat|24|ORG|3|FR|0||0||72|OF|15125|1089000||0|0|0||0|0|0|0||||0|0||||0|90000|90000|90000|90000|90000|90000|90000|90000|90000|90000|90000|99000|0||0|||1|0|00
2026|01|527010|015|08|CD|6216|AAH|01|51|1|F01|100|JC|521211|019|A|0|0||0|02||1|4|Rapat Finalisasi Peraturan SAPP|0||0||0||0||0||0|0||0|0|0||0|0|0|0||||0|0||||0|0|0|0|0|0|0|0|0|0|0|0|0|0||0|||1|0|00
2026|01|527010|015|08|CD|6216|AAH|01|51|1|F01|100|JC|521211|019|A|0|0||0|02|||5|CTK  Penggandaan dan Pencetakan Peraturan|35|EKS|1|FR|0||0||35|EKS|100800|3528000||0|0|0||0|0|0|0||||0|0||||0|294000|294000|294000|294000|294000|294000|294000|294000|294000|294000|294000|294000|0||0|||1|0|00
2026|01|527010|015|08|CD|6216|AAH|01|51|1|F01|100|JC|521211|019|A|0|0||0|03||1|6|Limited Hearing Uji Publik Peraturan SAPP|0||0||0||0||0||0|0||0|0|0||0|0|0|0||||0|0||||0|0|0|0|0|0|0|0|0|0|0|0|0|0||0|||1|0|00
2026|01|527010|015|08|CD|6216|AAH|01|51|1|F01|100|JC|521211|019|A|0|0||0|03|||7|CTK  ATK, Bahan Habis Pakai dan Dokumentasi|1|PKT|1|FR|0||0||1|PKT|378000|378000||0|0|0||0|0|0|0||||0|0||||0|31000|31000|31000|31000|31000|31000|31000|31000|31000|31000|31000|37000|0||0|||1|0|00
2026|01|527010|015|08|CD|6216|AAH|01|51|1|F01|100|JC|521211|019|A|0|0||0|04||1|8|Rapat Pembahasan Draft Peraturan|0||0||0||0||0||0|0||0|0|0||0|0|0|0||||0|0||||0|0|0|0|0|0|0|0|0|0|0|0|0|0||0|||1|0|00
2026|01|527010|015|08|CD|6216|AAH|01|51|1|F01|100|JC|521211|019|A|0|0||0|04|||9|KDM  Makan Rapat|26|ORG|4|FR|0||0||104|OF|35914|3735000||0|0|0||0|0|0|0||||0|0||||0|311000|311000|311000|311000|311000|311000|311000|311000|311000|311000|311000|314000|0||0|||1|0|00
2026|01|527010|015|08|CD|6216|AAH|01|51|1|F01|100|JC|522151|019|A|0|0||0|01||1|1|Persiapan dan Perumusan Peraturan SAPP|0||0||0||0||0||0|0||0|0|0||0|0|0|0||||0|0||||0|0|0|0|0|0|0|0|0|0|0|0|0|0||0|||1|0|00
2026|01|527010|015|08|CD|6216|AAH|01|51|1|F01|100|JC|522151|019|A|0|0||0|01|||2|Biaya Narasumber|1|ORG|2|JAM|1|FR|0||2|OJ|616000|1232000||0|0|0||0|0|0|0||||0|0||||0|102000|102000|102000|102000|102000|102000|102000|102000|102000|102000|102000|110000|0||0|||1|0|00
2026|01|527010|015|08|CD|6216|AAH|01|51|1|F01|100|JC|522151|019|A|0|0||0|01|||3|Biaya Narasumber Profesional|1|ORG|2|JAM|1|FR|0||2|OJ|1232000|2464000||0|0|0||0|0|0|0||||0|0||||0|205000|205000|205000|205000|205000|205000|205000|205000|205000|205000|205000|209000|0||0|||1|0|00
2026|01|527010|015|08|CD|6216|AAH|01|51|1|F01|100|JC|522151|019|A|0|0||0|02||1|4|FGD Pembahasan Draft Peraturan|0||0||0||0||0||0|0||0|0|0||0|0|0|0||||0|0||||0|0|0|0|0|0|0|0|0|0|0|0|0|0||0|||1|0|00
2026|01|527010|015|08|CD|6216|AAH|01|51|1|F01|100|JC|522151|019|A|0|0||0|02|||5|Biaya Narasumber|1|ORG|2|JAM|1|FR|0||2|OJ|616000|1232000||0|0|0||0|0|0|0||||0|0||||0|102000|102000|102000|102000|102000|102000|102000|102000|102000|102000|102000|110000|0||0|||1|0|00
2026|01|527010|015|08|CD|6216|AAH|01|51|1|F01|100|JC|522151|019|A|0|0||0|02|||6|Biaya Narasumber Profesional|1|ORG|2|JAM|1|FR|0||2|OJ|1232000|2464000||0|0|0||0|0|0|0||||0|0||||0|205000|205000|205000|205000|205000|205000|205000|205000|205000|205000|205000|209000|0||0|||1|0|00
2026|01|527010|015|08|CD|6216|AAH|01|51|1|F01|100|JC|524111|019|A|0|0||0||||1|Transport|3|ORG|1|FR|0||0||3|OH|1312667|3938000||0|0|0||0|0|0|0||||0|0||||0|328000|328000|328000|328000|328000|328000|328000|328000|328000|328000|328000|330000|0||0|||1|0|00
2026|01|527010|015|08|CD|6216|AAH|01|51|1|F01|100|JC|524111|019|A|0|0||0||||2|Akomodasi|3|ORG|2|HR|1|FR|0||6|OH|465000|2790000||0|0|0||0|0|0|0||||0|0||||0|232000|232000|232000|232000|232000|232000|232000|232000|232000|232000|232000|238000|0||0|||1|0|00
2026|01|527010|015|08|CD|6216|AAH|01|51|1|F01|100|JC|524111|019|A|0|0||0||||3|Uang Saku Harian|3|ORG|3|HR|1|FR|0||9|OH|359556|3236000||0|0|0||0|0|0|0||||0|0||||0|269000|269000|269000|269000|269000|269000|269000|269000|269000|269000|269000|277000|0||0|||1|0|00
2026|01|527010|015|08|CD|6216|AAH|01|51|1|F04|100|IA|521211|019|A|0|0||0||||1|KDM  Snack Rapat|10|ORG|2|FR|12|BLN|0||240|OF|15121|3629000||0|0|0||0|0|0|0||||0|0||||0|302000|302000|302000|302000|302000|302000|302000|302000|302000|302000|302000|307000|0||0|||1|0|00
2026|01|527010|015|08|CD|6216|AAH|01|51|1|F04|100|IA|521211|019|A|0|0||0||||2|KDM  Makan Rapat|10|ORG|2|FR|12|BLN|0||240|OF|35909|8618000||0|0|0||0|0|0|0||||0|0||||0|718000|718000|718000|718000|718000|718000|718000|718000|718000|718000|718000|720000|0||0|||1|0|00
2026|01|527010|015|08|CD|6216|AAH|01|51|1|F04|100|IB|521211|019|A|0|0||0|01||1|1|RAPAT PEMBAHASAN|0||0||0||0||0||0|0||0|0|0||0|0|0|0||||0|0||||0|0|0|0|0|0|0|0|0|0|0|0|0|0||0|||1|0|00
2026|01|527010|015|08|CD|6216|AAH|01|51|1|F04|100|IB|521211|019|A|0|0||0|01|||2|KDM  Snack Rapat|10|ORG|2|FR|12|BLN|0||240|OF|15121|3629000||0|0|0||0|0|0|0||||0|0||||0|302000|302000|302000|302000|302000|302000|302000|302000|302000|302000|302000|307000|0||0|||1|0|00
2026|01|527010|015|08|CD|6216|AAH|01|51|1|F04|100|IB|521211|019|A|0|0||0|01|||3|KDM  Makan Rapat|10|ORG|2|FR|12|BLN|0||240|OF|35909|8618000||0|0|0||0|0|0|0||||0|0||||0|718000|718000|718000|718000|718000|718000|718000|718000|718000|718000|718000|720000|0||0|||1|0|00
2026|01|527010|015|08|CD|6216|AAH|01|51|1|F04|100|IB|522151|019|A|0|0||0|01||1|1|SEMINARSHARING SESSION|0||0||0||0||0||0|0||0|0|0||0|0|0|0||||0|0||||0|0|0|0|0|0|0|0|0|0|0|0|0|0||0|||1|0|00
2026|01|527010|015|08|CD|6216|AAH|01|51|1|F04|100|IB|522151|019|A|0|0||0|01|||2|Honor Narasumber Pejabat Eselon II yang disetarakan|2|ORG|2|JAM|3|FR|0||12|OJ|880000|10560000||0|0|0||0|0|0|0||||0|0||||0|880000|880000|880000|880000|880000|880000|880000|880000|880000|880000|880000|880000|0||0|||1|0|00
2026|01|527010|015|08|CD|6216|AAH|01|51|1|F04|100|IB|524119|019|A|0|0||0||||1|Akomodasi Fullboard Es II|3|ORG|2|HR|2|FR|0||12|OH|867084|10405000||0|0|0||0|0|0|0||||0|0||||0|867000|867000|867000|867000|867000|867000|867000|867000|867000|867000|867000|868000|0||0|||1|0|00
2026|01|527010|015|08|CD|6216|AAH|01|51|1|F04|100|IB|524119|019|A|0|0||0||||2|Akomodasi Fullboard Es III kebawah|27|ORG|2|HR|2|FR|0||108|OH|779547|84191000||0|0|0||0|0|0|0||||0|0||||0|7015000|7015000|7015000|7015000|7015000|7015000|7015000|7015000|7015000|7015000|7015000|7026000|0||0|||1|0|00
2026|01|527010|015|08|CD|6216|AAH|01|51|1|F04|100|IB|524119|019|A|0|0||0||||3|Uang Saku|30|ORG|3|HR|2|FR|0||180|OH|100739|18133000||0|0|0||0|0|0|0||||0|0||||0|1511000|1511000|1511000|1511000|1511000|1511000|1511000|1511000|1511000|1511000|1511000|1512000|0||0|||1|0|00
2026|01|527010|015|08|CD|6216|AAH|01|51|1|F04|100|IB|524119|019|A|0|0||0||||4|Biaya Transport|30|ORG|2|FR|0||0||60|OK|464934|27896000||0|0|0||0|0|0|0||||0|0||||0|2324000|2324000|2324000|2324000|2324000|2324000|2324000|2324000|2324000|2324000|2324000|2332000|0||0|||1|0|00
2026|01|527010|015|08|CD|6216|AAH|01|51|1|F03|100|OB|521211|019|A|0|0||0||||1|KDM  Snack Rapat|30|ORG|1|KEG|0||0||30|OK|13867|416000||0|0|0||0|0|0|0||||0|0||||0|34000|34000|34000|34000|34000|34000|34000|34000|34000|34000|34000|42000|0||0|||1|0|00
2026|01|527010|015|08|CD|6216|AAH|01|51|1|F03|100|OB|521211|019|A|0|0||0||||2|KDM  Makan Rapat|30|ORG|1|KEG|0||0||30|OK|33400|1002000||0|0|0||0|0|0|0||||0|0||||0|83000|83000|83000|83000|83000|83000|83000|83000|83000|83000|83000|89000|0||0|||1|0|00
2026|01|527010|015|08|CD|6216|AAH|01|51|1|F03|100|OB|524114|019|A|0|0||0||||1|Transport Dalam Kota|25|ORG|1|FR|1|KEG|1|LOK|25|OH|116240|2906000||0|0|0||0|0|0|0||||0|0||||0|242000|242000|242000|242000|242000|242000|242000|242000|242000|242000|242000|244000|0||0|||1|0|00
2026|01|527010|015|08|CD|6216|AAH|01|51|1|F03|100|OB|524114|019|A|0|0||0||||2|Paket Fullboard Dalam Kota|25|ORG|2|HR|1|Paket|0||50|OP|813640|40682000||0|0|0||0|0|0|0||||0|0||||0|3390000|3390000|3390000|3390000|3390000|3390000|3390000|3390000|3390000|3390000|3390000|3392000|0||0|||1|0|00
2026|01|527010|015|08|CD|6216|AAH|01|51|1|F03|100|OB|524114|019|A|0|0||0||||3|Uang Saku|25|ORG|3|HR|1|KEG|1|LOK|75|OH|100734|7555000||0|0|0||0|0|0|0||||0|0||||0|629000|629000|629000|629000|629000|629000|629000|629000|629000|629000|629000|636000|0||0|||1|0|00
2026|01|527010|015|08|CD|6216|AAH|01|51|1|F02|100|PA|521211|019|A|0|0||0||||1|KDM  Snack Rapat|25|ORG|18|fr|0||0||450|OF|15120|6804000||0|0|0||0|0|0|0||||0|0||||0|567000|567000|567000|567000|567000|567000|567000|567000|567000|567000|567000|567000|0||0|||1|0|00
2026|01|527010|015|08|CD|6216|AAH|01|51|1|F02|100|PA|521211|019|A|0|0||0||||2|KDM  Makan Rapat|25|org|18|fr|0||0||450|OF|33389|15025000||0|0|0||0|0|0|0||||0|0||||0|1252000|1252000|1252000|1252000|1252000|1252000|1252000|1252000|1252000|1252000|1252000|1253000|0||0|||1|0|00
2026|01|527010|015|08|CD|6216|AAH|01|51|1|F02|100|PA|521211|019|A|0|0||0||||3|KDM  Konsumsi FGD snack|40|org|1|fr|0||0||40|OF|15125|605000||0|0|0||0|0|0|0||||0|0||||0|50000|50000|50000|50000|50000|50000|50000|50000|50000|50000|50000|55000|0||0|||1|0|00
2026|01|527010|015|08|CD|6216|AAH|01|51|1|F02|100|PA|521211|019|A|0|0||0||||4|KDM  Konsumsi FGD makan|40|org|1|fr|0||0||40|OF|33400|1336000||0|0|0||0|0|0|0||||0|0||||0|111000|111000|111000|111000|111000|111000|111000|111000|111000|111000|111000|115000|0||0|||1|0|00
2026|01|527010|015|08|CD|6216|AAH|01|51|1|F02|100|PA|522151|019|A|0|0||0||||1|Honorarium Narasumber dari KL lain (Es IIIIV)|1|org|3|jam|0||0||3|OJ|792000|2376000||0|0|0||0|0|0|0||||0|0||||0|198000|198000|198000|198000|198000|198000|198000|198000|198000|198000|198000|198000|0||0|||1|0|00
2026|01|527010|015|08|CD|6216|AAH|01|51|1|F02|100|PA|522151|019|A|0|0||0||||2|Honorarium Narasumber dari KL lain (Es II)|2|org|3|jam|0||0||6|OJ|880000|5280000||0|0|0||0|0|0|0||||0|0||||0|440000|440000|440000|440000|440000|440000|440000|440000|440000|440000|440000|440000|0||0|||1|0|00
2026|01|527010|015|08|CD|6216|AAH|01|51|1|F02|100|PA|524111|019|A|0|0||0||||1|Akomodasi|3|org|2|hr|1|fr|3|lok|18|OHFL|680389|12247000||0|0|0||0|0|0|0||||0|0||||0|1020000|1020000|1020000|1020000|1020000|1020000|1020000|1020000|1020000|1020000|1020000|1027000|0||0|||1|0|00
2026|01|527010|015|08|CD|6216|AAH|01|51|1|F02|100|PA|524111|019|A|0|0||0||||2|Uang Harian|3|org|3|hr|1|fr|3|lok|27|OHFL|246408|6653000||0|0|0||0|0|0|0||||0|0||||0|554000|554000|554000|554000|554000|554000|554000|554000|554000|554000|554000|559000|0||0|||1|0|00
2026|01|527010|015|08|CD|6216|AAH|01|51|1|F02|100|PA|524111|019|A|0|0||0||||3|Trasnportasi|3|org|1|fr|3|lok|0||9|OK|3215889|28943000||0|0|0||0|0|0|0||||0|0||||0|2411000|2411000|2411000|2411000|2411000|2411000|2411000|2411000|2411000|2411000|2411000|2422000|0||0|||1|0|00
2026|01|527010|015|08|CD|6216|FAE|01|51|1|001|100|OA|521211|019|A|0|0||0|01||1|1|Rapat Penyusunan Masukan Pemerintah terkait Pencetakan Uang oleh Bank Indonesia|0||0||0||0||0||0|0||0|0|0||0|0|0|0||||0|0||||0|0|0|0|0|0|0|0|0|0|0|0|0|0||0|||1|0|00
2026|01|527010|015|08|CD|6216|FAE|01|51|1|001|100|OA|521211|019|A|0|0||0|01|||2|KDM  Snack Rapat|40|ORG|1|KEG|4|FR|0||160|OK|12250|1960000||0|0|0||0|0|0|0||||0|0||||0|230741|230741|230741|230741|230741|230741|230741|230741|114072|0|0|0|0||0|||1|0|00
2026|01|527010|015|08|CD|6216|FAE|01|51|1|001|100|OA|521211|019|A|0|0||0|01|||3|KDM  Makan Rapat|40|ORG|1|KEG|4|FR|0||160|OK|35000|5600000||0|0|0||0|0|0|0||||0|0||||0|659259|659259|659259|659259|659259|659259|659259|659259|325928|0|0|0|0||0|||1|0|00
2026|01|527010|015|08|CD|6216|FAE|01|51|1|004|100|OA|521211|019|A|0|0||0|01||1|1|Rekonsiliasi Data Rekening Pemerintah Pusat dengan KL dan Bank|0||0||0||0||0||0|0||0|0|0||0|0|0|0||||0|0||||0|0|0|0|0|0|0|0|0|0|0|0|0|0||0|||1|0|00
2026|01|527010|015|08|CD|6216|FAE|01|51|1|004|100|OA|521211|019|A|0|0||0|03|||10|KDM  Makan Rapat|30|ORG|1|KEG|1|FR|0||30|OK|35900|1077000||0|0|0||0|0|0|0||||0|0||||0|79939|79939|79939|79939|79939|79939|79939|79939|79939|79939|79939|197671|0||0|||1|0|00
2026|01|527010|015|08|CD|6216|FAE|01|51|1|004|100|OA|521211|019|A|0|0||0|01|||2|KDM  Snack Rapat|30|ORG|20|KEG|1|FR|0||600|OK|9184|5510000||0|0|0||0|0|0|0||||0|0||||0|408973|408973|408973|408973|408973|408973|408973|408973|408973|408973|408973|1011297|0||0|||1|0|00
2026|01|527010|015|08|CD|6216|FAE|01|51|1|004|100|OA|521211|019|A|0|0||0|01|||3|KDM  Makan Rapat|30|ORG|20|KEG|1|FR|0||600|OK|21808|13084000||0|0|0||0|0|0|0||||0|0||||0|971144|971144|971144|971144|971144|971144|971144|971144|971144|971144|971144|2401416|0||0|||1|0|00
2026|01|527010|015|08|CD|6216|FAE|01|51|1|004|100|OA|521211|019|A|0|0||0|02||1|4|Rapat pembahasan Peraturan|0||0||0||0||0||0|0||0|0|0||0|0|0|0||||0|0||||0|0|0|0|0|0|0|0|0|0|0|0|0|0||0|||1|0|00
2026|01|527010|015|08|CD|6216|FAE|01|51|1|004|100|OA|521211|019|A|0|0||0|02|||5|KDM  Snack Rapat|30|ORG|10|KEG|1|FR|0||300|OK|15120|4536000||0|0|0||0|0|0|0||||0|0||||0|336679|336679|336679|336679|336679|336679|336679|336679|336679|336679|336679|832531|0||0|||1|0|00
2026|01|527010|015|08|CD|6216|FAE|01|51|1|004|100|OA|521211|019|A|0|0||0|02|||6|KDM  Makan Rapat|30|ORG|10|KEG|1|FR|0||300|OK|35910|10773000||0|0|0||0|0|0|0||||0|0||||0|799613|799613|799613|799613|799613|799613|799613|799613|799613|799613|799613|1977257|0||0|||1|0|00
2026|01|527010|015|08|CD|6216|FAE|01|51|1|004|100|OA|521211|019|A|0|0||0|03||1|7|Sosialisasi Implementasi Restrukturisasi Rekening kepada seluruh KL dan KPPN|0||0||0||0||0||0|0||0|0|0||0|0|0|0||||0|0||||0|0|0|0|0|0|0|0|0|0|0|0|0|0||0|||1|0|00
2026|01|527010|015|08|CD|6216|FAE|01|51|1|004|100|OA|521211|019|A|0|0||0|03|||8|CTK  Pencetakan dan Penjilidan Materi|100|JILID|1|KEG|0||0||100|JILID|161850|16185000||0|0|0||0|0|0|0||||0|0||||0|1201312|1201312|1201312|1201312|1201312|1201312|1201312|1201312|1201312|1201312|1201312|2970568|0||0|||1|0|00
2026|01|527010|015|08|CD|6216|FAE|01|51|1|004|100|OA|521211|019|A|0|0||0|03|||9|KDM  Snack Rapat|30|ORG|1|KEG|1|FR|0||30|OK|15134|454000||0|0|0||0|0|0|0||||0|0||||0|33698|33698|33698|33698|33698|33698|33698|33698|33698|33698|33698|83322|0||0|||1|0|00
2026|01|527010|015|08|CD|6216|FAE|01|51|1|004|100|OA|524111|019|A|0|0||0|01||1|1|Pengelolaan Rekening dalam bentuk Virtual Account ke Bank, Kanwil, dan KPPN|0||0||0||0||0||0|0||0|0|0||0|0|0|0||||0|0||||0|0|0|0|0|0|0|0|0|0|0|0|0|0||0|||1|0|00
2026|01|527010|015|08|CD|6216|FAE|01|51|1|004|100|OA|524111|019|A|0|0||0|01|||2|Akomodasi|5|ORG|2|HR|3|LOK|0||30|OH|619934|18598000||0|0|0||0|0|0|0||||0|0||||0|1380414|1380414|1380414|1380414|1380414|1380414|1380414|1380414|1380414|1380414|1380414|3413446|0||0|||1|0|00
2026|01|527010|015|08|CD|6216|FAE|01|51|1|004|100|OA|524111|019|A|0|0||0|01|||3|Tiket|5|ORG|3|LOK|0||0||15|OF|1549800|23247000||0|0|0||0|0|0|0||||0|0||||0|1725480|1725480|1725480|1725480|1725480|1725480|1725480|1725480|1725480|1725480|1725480|4266720|0||0|||1|0|00
2026|01|527010|015|08|CD|6216|FAE|01|51|1|004|100|OA|524111|019|A|0|0||0|01|||4|Uang Saku|5|ORG|3|HR|3|LOK|0||45|OH|271223|12205000||0|0|0||0|0|0|0||||0|0||||0|905901|905901|905901|905901|905901|905901|905901|905901|905901|905901|905901|2240089|0||0|||1|0|00
2026|01|527010|015|08|CD|6216|FAE|01|51|1|004|100|OA|524113|019|A|0|0||0|01||1|1|Koordinasi Rekening Pemerintah Pusat Pada KL dan Perbankan|0||0||0||0||0||0|0||0|0|0||0|0|0|0||||0|0||||0|0|0|0|0|0|0|0|0|0|0|0|0|0||0|||1|0|00
2026|01|527010|015|08|CD|6216|FAE|01|51|1|004|100|OA|524113|019|A|0|0||0|01|||2|Transport Dalam Kota|2|ORG|10|FR|0||0||20|OK|116250|2325000||0|0|0||0|0|0|0||||0|0||||0|172570|172570|172570|172570|172570|172570|172570|172570|172570|172570|172570|426730|0||0|||1|0|00
2026|01|527010|015|08|CD|6216|FAE|01|51|1|004|100|OA|524113|019|A|0|0||0|01|||3|Uang Harian|2|ORG|10|FR|0||0||20|OH|130200|2604000||0|0|0||0|0|0|0||||0|0||||0|193277|193277|193277|193277|193277|193277|193277|193277|193277|193277|193277|477953|0||0|||1|0|00
2026|01|527010|015|08|CD|6216|FAE|01|51|1|003|100|JA|521211|019|A|0|0||0||||1|KDM  Makan Rapat|9|ORG|1|FR|0||0||9|OF|35889|323000||0|0|0||0|0|0|0||||0|0||||0|29834|29834|29834|29834|29834|29834|29834|29834|29834|29834|24660|0|0||0|||1|0|00
2026|01|527010|015|08|CD|6216|FAE|01|51|1|003|100|JA|521211|019|A|0|0||0||||2|KDM  Snack Rapat|9|ORG|1|FR|0||0||9|OF|15112|136000||0|0|0||0|0|0|0||||0|0||||0|12562|12562|12562|12562|12562|12562|12562|12562|12562|12562|10380|0|0||0|||1|0|00
2026|01|527010|015|08|CD|6216|FAE|01|51|1|003|100|JA|522151|019|A|0|0||0||||1|Honorarium Narasumber|1|ORG|1|JAM|1|FR|0||1|OJ|792000|792000||0|0|0||0|0|0|0||||0|0||||0|73154|73154|73154|73154|73154|73154|73154|73154|73154|73154|60460|0|0||0|||1|0|00
2026|01|527010|015|08|CD|6216|FAE|01|51|1|003|100|JA|524111|019|A|0|0||0||||1|Akomodasi|3|ORG|2|HR|1|FR|0||6|OH|900000|5400000||0|0|0||0|0|0|0||||0|0||||0|498777|498777|498777|498777|498777|498777|498777|498777|498777|498777|412230|0|0||0|||1|0|00
2026|01|527010|015|08|CD|6216|FAE|01|51|1|003|100|JA|524111|019|A|0|0||0||||2|Transport|3|ORG|1|FR|0||0||3|OF|4497334|13492000||0|0|0||0|0|0|0||||0|0||||0|1246203|1246203|1246203|1246203|1246203|1246203|1246203|1246203|1246203|1246203|1029970|0|0||0|||1|0|00
2026|01|527010|015|08|CD|6216|FAE|01|51|1|003|100|JA|524111|019|A|0|0||0||||3|Uang Saku Harian|3|ORG|3|HR|1|FR|0||9|OH|344000|3096000||0|0|0||0|0|0|0||||0|0||||0|285965|285965|285965|285965|285965|285965|285965|285965|285965|285965|236350|0|0||0|||1|0|00
2026|01|527010|015|08|CD|6216|FAE|01|51|1|003|100|JA|524113|019|A|0|0||0|01||1|1|Pengumpulan Bahan Kajian|0||0||0||0||0||0|0||0|0|0||0|0|0|0||||0|0||||0|0|0|0|0|0|0|0|0|0|0|0|0|0||0|||1|0|00
2026|01|527010|015|08|CD|6216|FAE|01|51|1|003|100|JA|524113|019|A|0|0||0|01|||2|Transport Dalam Kota|1|ORG|3|FR|0||0||3|OF|124000|372000||0|0|0||0|0|0|0||||0|0||||0|34360|34360|34360|34360|34360|34360|34360|34360|34360|34360|28400|0|0||0|||1|0|00
2026|01|527010|015|08|CD|6216|FAE|01|51|1|003|100|JA|524113|019|A|0|0||0|01|||3|Uang Saku Harian  8 Jam|1|ORG|0|HR|3|FR|0||3|OH|124000|372000||0|0|0||0|0|0|0||||0|0||||0|34360|34360|34360|34360|34360|34360|34360|34360|34360|34360|28400|0|0||0|||1|0|00
2026|01|527010|015|08|CD|6216|FAE|01|51|1|003|100|PA|521211|019|A|0|0||0||||1|KDM  Snack Rapat|25|org|20|fr|0||0||500|OF|15120|7560000||0|0|0||0|0|0|0||||0|0||||0|698287|698287|698287|698287|698287|698287|698287|698287|698287|698287|577130|0|0||0|||1|0|00
2026|01|527010|015|08|CD|6216|FAE|01|51|1|003|100|PA|521211|019|A|0|0||0||||2|KDM  Makan Rapat|25|org|20|fr|0||0||500|OF|32742|16371000||0|0|0||0|0|0|0||||0|0||||0|1512125|1512125|1512125|1512125|1512125|1512125|1512125|1512125|1512125|1512125|1249750|0|0||0|||1|0|00
2026|01|527010|015|08|CD|6216|FAE|01|51|1|003|100|PA|521211|019|A|0|0||0||||3|CTK  Pencetakan|1|pkt|0||0||0||1|PKT|148000|148000||0|0|0||0|0|0|0||||0|0||||0|13670|13670|13670|13670|13670|13670|13670|13670|13670|13670|11300|0|0||0|||1|0|00
2026|01|527010|015|08|CD|6216|FAE|01|51|1|003|100|PB|524111|019|A|0|0||0||||1|Akomodasi|2|org|2|hr|1|fr|1|lok|4|OHFL|755500|3022000||0|0|0||0|0|0|0||||0|0||||0|279130|279130|279130|279130|279130|279130|279130|279130|279130|279130|230700|0|0||0|||1|0|00
2026|01|527010|015|08|CD|6216|FAE|01|51|1|003|100|PB|524111|019|A|0|0||0||||2|Uang Harian|2|org|3|hr|1|fr|1|lok|6|OHFL|310000|1860000||0|0|0||0|0|0|0||||0|0||||0|171801|171801|171801|171801|171801|171801|171801|171801|171801|171801|141990|0|0||0|||1|0|00
2026|01|527010|015|08|CD|6216|FAE|01|51|1|003|100|PB|524111|019|A|0|0||0||||3|Transportasi|2|org|1|fr|1|lok|0||2|OK|4712000|9424000||0|0|0||0|0|0|0||||0|0||||0|870458|870458|870458|870458|870458|870458|870458|870458|870458|870458|719420|0|0||0|||1|0|00
2026|01|527010|015|08|CD|6216|FAE|01|51|1|003|100|PB|524113|019|A|0|0||0||||1|Transportasi|1|org|5|fr|0||0||5|OK|116200|581000||0|0|0||0|0|0|0||||0|0||||0|53665|53665|53665|53665|53665|53665|53665|53665|53665|53665|44350|0|0||0|||1|0|00
2026|01|527010|015|08|CD|6216|FAE|01|51|1|003|100|PC|524111|019|A|0|0||0||||1|Akomodasi|2|org|3|hr|2|fr|1|lok|12|OHFL|1092584|13111000||0|0|0||0|0|0|0||||0|0||||0|1211011|1211011|1211011|1211011|1211011|1211011|1211011|1211011|1211011|1211011|1000890|0|0||0|||1|0|00
2026|01|527010|015|08|CD|6216|FAE|01|51|1|003|100|PC|524111|019|A|0|0||0||||2|Uang Harian|2|org|4|hr|2|fr|1|lok|16|OHFL|309938|4959000||0|0|0||0|0|0|0||||0|0||||0|458043|458043|458043|458043|458043|458043|458043|458043|458043|458043|378570|0|0||0|||1|0|00
2026|01|527010|015|08|CD|6216|FAE|01|51|1|003|100|PC|524111|019|A|0|0||0||||3|Transportasi|2|org|1|fr|2|lok|0||4|OK|3878750|15515000||0|0|0||0|0|0|0||||0|0||||0|1433059|1433059|1433059|1433059|1433059|1433059|1433059|1433059|1433059|1433059|1184410|0|0||0|||1|0|00
2026|01|527010|015|08|CD|6216|FAE|01|51|1|003|100|PD|521211|019|A|0|0||0||||1|KDM  Snack Rapat|10|org|5|fr|0||0||50|OF|18820|941000||0|0|0||0|0|0|0||||0|0||||0|86916|86916|86916|86916|86916|86916|86916|86916|86916|86916|71840|0|0||0|||1|0|00
2026|01|527010|015|08|CD|6216|FAE|01|51|1|003|100|PD|521211|019|A|0|0||0||||2|KDM  Makan Rapat|10|org|5|fr|0||0||50|OF|43920|2196000||0|0|0||0|0|0|0||||0|0||||0|202836|202836|202836|202836|202836|202836|202836|202836|202836|202836|167640|0|0||0|||1|0|00
2026|01|527010|015|08|CD|6216|FAE|01|51|1|003|100|PD|524111|019|A|0|0||0||||1|Akomodasi|3|org|2|hr|1|fr|1|lok|6|OHFL|697334|4184000||0|0|0||0|0|0|0||||0|0||||0|386460|386460|386460|386460|386460|386460|386460|386460|386460|386460|319400|0|0||0|||1|0|00
2026|01|527010|015|08|CD|6216|FAE|01|51|1|003|100|PD|524111|019|A|0|0||0||||2|Uang Harian|3|org|3|hr|1|fr|1|lok|9|OHFL|279000|2511000||0|0|0||0|0|0|0||||0|0||||0|231931|231931|231931|231931|231931|231931|231931|231931|231931|231931|191690|0|0||0|||1|0|00
2026|01|527010|015|08|CD|6216|FAE|01|51|1|003|100|PD|524111|019|A|0|0||0||||3|Transportasi|3|org|1|fr|1|lok|0||3|OK|2324667|6974000||0|0|0||0|0|0|0||||0|0||||0|644161|644161|644161|644161|644161|644161|644161|644161|644161|644161|532390|0|0||0|||1|0|00
2026|01|527010|015|08|CD|6216|FAE|01|51|1|003|100|PD|524113|019|A|0|0||0||||1|Transport|1|ORG|1|FREK|0||0||1|OF|116000|116000||0|0|0||0|0|0|0||||0|0||||0|10714|10714|10714|10714|10714|10714|10714|10714|10714|10714|8860|0|0||0|||1|0|00
2026|01|527010|015|08|CD|6216|FAE|01|51|1|003|100|PE|521211|019|A|0|0||0||||1|KDM  Snack Rapat|10|org|5|fr|0||0||50|OF|18820|941000||0|0|0||0|0|0|0||||0|0||||0|86916|86916|86916|86916|86916|86916|86916|86916|86916|86916|71840|0|0||0|||1|0|00
2026|01|527010|015|08|CD|6216|FAE|01|51|1|003|100|PE|521211|019|A|0|0||0||||2|KDM  Makan Rapat|10|org|5|fr|0||0||50|OF|43920|2196000||0|0|0||0|0|0|0||||0|0||||0|202836|202836|202836|202836|202836|202836|202836|202836|202836|202836|167640|0|0||0|||1|0|00
2026|01|527010|015|08|CD|6216|FAE|01|51|1|003|100|PF|521211|019|A|0|0||0||||1|KDM  Snack Rapat|10|org|5|fr|0||0||50|OF|15120|756000||0|0|0||0|0|0|0||||0|0||||0|69829|69829|69829|69829|69829|69829|69829|69829|69829|69829|57710|0|0||0|||1|0|00
2026|01|527010|015|08|CD|6216|FAE|01|51|1|003|100|PF|521211|019|A|0|0||0||||2|KDM  Makan Rapat|10|org|5|fr|0||0||50|OF|35280|1764000||0|0|0||0|0|0|0||||0|0||||0|162934|162934|162934|162934|162934|162934|162934|162934|162934|162934|134660|0|0||0|||1|0|00
2026|01|527010|015|08|CD|6216|FAE|01|51|1|003|100|PG|521211|019|A|0|0||0||||1|KDM  Snack Rapat|10|org|5|fr|0||0||50|OF|18820|941000||0|0|0||0|0|0|0||||0|0||||0|86916|86916|86916|86916|86916|86916|86916|86916|86916|86916|71840|0|0||0|||1|0|00
2026|01|527010|015|08|CD|6216|FAE|01|51|1|003|100|PG|521211|019|A|0|0||0||||2|KDM  Makan Rapat|10|org|5|fr|0||0||50|OF|43920|2196000||0|0|0||0|0|0|0||||0|0||||0|202836|202836|202836|202836|202836|202836|202836|202836|202836|202836|167640|0|0||0|||1|0|00
2026|01|527010|015|08|CD|6216|FAE|01|51|1|003|100|PG|522151|019|A|0|0||0||||1|Honorarium Narasumber Praktisi Eksternal (Dosen, Profesor, Peneliti)|4|org|2|jam|2|FR|0||16|OJ|880000|14080000||0|0|0||0|0|0|0||||0|0||||0|1300514|1300514|1300514|1300514|1300514|1300514|1300514|1300514|1300514|1300514|1074860|0|0||0|||1|0|00
2026|01|527010|015|08|CD|6216|FAE|01|51|1|003|100|PG|524111|019|A|0|0||0||||1|Akomodasi|3|org|2|hr|1|fr|1|lok|6|OHFL|697334|4184000||0|0|0||0|0|0|0||||0|0||||0|386460|386460|386460|386460|386460|386460|386460|386460|386460|386460|319400|0|0||0|||1|0|00
2026|01|527010|015|08|CD|6216|FAE|01|51|1|003|100|PG|524111|019|A|0|0||0||||2|Uang Harian|3|org|3|hr|1|fr|1|lok|9|OHFL|279000|2511000||0|0|0||0|0|0|0||||0|0||||0|231931|231931|231931|231931|231931|231931|231931|231931|231931|231931|191690|0|0||0|||1|0|00
2026|01|527010|015|08|CD|6216|FAE|01|51|1|003|100|PG|524111|019|A|0|0||0||||3|Transportasi|3|org|1|fr|1|lok|0||3|OK|2324667|6974000||0|0|0||0|0|0|0||||0|0||||0|644161|644161|644161|644161|644161|644161|644161|644161|644161|644161|532390|0|0||0|||1|0|00
2026|01|527010|015|08|CD|6216|FAE|01|51|1|003|100|PH|521211|019|A|0|0||0||||1|CTK  Pencetakan Jurnal|1|PKT|0||0||0||1|PKT|3780000|3780000||0|0|0||0|0|0|0||||0|0||||0|349144|349144|349144|349144|349144|349144|349144|349144|349144|349144|288560|0|0||0|||1|0|00
2026|01|527010|015|08|CD|6216|FAE|01|51|1|003|100|PH|521211|019|A|0|0||0||||2|KDM  Snack Rapat|10|org|5|fr|0||0||50|OF|15120|756000||0|0|0||0|0|0|0||||0|0||||0|69829|69829|69829|69829|69829|69829|69829|69829|69829|69829|57710|0|0||0|||1|0|00
2026|01|527010|015|08|CD|6216|FAE|01|51|1|003|100|PH|521211|019|A|0|0||0||||3|KDM  Makan Rapat|10|org|5|fr|0||0||50|OF|35280|1764000||0|0|0||0|0|0|0||||0|0||||0|162934|162934|162934|162934|162934|162934|162934|162934|162934|162934|134660|0|0||0|||1|0|00
2026|01|527010|015|08|CD|6216|FAE|01|51|1|003|100|PH|521213|019|A|0|0||0|01||1|1|Jurnal ITRev|0||0||0||0||0||0|0||0|0|0||0|0|0|0||||0|0||||0|0|0|0|0|0|0|0|0|0|0|0|0|0||0|||1|0|00
2026|01|527010|015|08|CD|6216|FAE|01|51|1|003|100|PH|521213|019|A|0|0||0|02||1|10|Jurnal MAPAN|0||0||0||0||0||0|0||0|0|0||0|0|0|0||||0|0||||0|0|0|0|0|0|0|0|0|0|0|0|0|0||0|||1|0|00
2026|01|527010|015|08|CD|6216|FAE|01|51|1|003|100|PH|521213|019|A|0|0||0|02|||11|Sekretaiat|8|org|2|fr|0||0||16|Oter|136500|2184000||0|0|0||0|0|0|0||||0|0||||0|201727|201727|201727|201727|201727|201727|201727|201727|201727|201727|166730|0|0||0|||1|0|00
2026|01|527010|015|08|CD|6216|FAE|01|51|1|003|100|PH|521213|019|A|0|0||0|02|||12|Desain Grafis|2|org|2|fr|0||0||4|Oter|163750|655000||0|0|0||0|0|0|0||||0|0||||0|60500|60500|60500|60500|60500|60500|60500|60500|60500|60500|50000|0|0||0|||1|0|00
2026|01|527010|015|08|CD|6216|FAE|01|51|1|003|100|PH|521213|019|A|0|0||0|02|||13|Dewan Redaksi|5|org|2|fr|0||0||10|Oter|318500|3185000||0|0|0||0|0|0|0||||0|0||||0|294186|294186|294186|294186|294186|294186|294186|294186|294186|294186|243140|0|0||0|||1|0|00
2026|01|527010|015|08|CD|6216|FAE|01|51|1|003|100|PH|521213|019|A|0|0||0|02|||14|Ketua Dewan Redaksi|1|org|2|fr|0||0||2|Oter|364000|728000||0|0|0||0|0|0|0||||0|0||||0|67242|67242|67242|67242|67242|67242|67242|67242|67242|67242|55580|0|0||0|||1|0|00
2026|01|527010|015|08|CD|6216|FAE|01|51|1|003|100|PH|521213|019|A|0|0||0|02|||15|Mitra Bestari|10|org|2|fr|0||0||20|Oter|1365000|27300000||0|0|0||0|0|0|0||||0|0||||0|2521593|2521593|2521593|2521593|2521593|2521593|2521593|2521593|2521593|2521593|2084070|0|0||0|||1|0|00
2026|01|527010|015|08|CD|6216|FAE|01|51|1|003|100|PH|521213|019|A|0|0||0|02|||16|Pembuat Artikel|5|org|20|hlmn|2|frek|0||200|OF|91000|18200000||0|0|0||0|0|0|0||||0|0||||0|1681062|1681062|1681062|1681062|1681062|1681062|1681062|1681062|1681062|1681062|1389380|0|0||0|||1|0|00
2026|01|527010|015|08|CD|6216|FAE|01|51|1|003|100|PH|521213|019|A|0|0||0|02|||17|Penanggung Jawab|2|org|2|fr|0||0||4|Oter|409500|1638000||0|0|0||0|0|0|0||||0|0||||0|151296|151296|151296|151296|151296|151296|151296|151296|151296|151296|125040|0|0||0|||1|0|00
2026|01|527010|015|08|CD|6216|FAE|01|51|1|003|100|PH|521213|019|A|0|0||0|02|||18|Editor|5|org|2|fr|0||0||10|Oter|273000|2730000||0|0|0||0|0|0|0||||0|0||||0|252159|252159|252159|252159|252159|252159|252159|252159|252159|252159|208410|0|0||0|||1|0|00
2026|01|527010|015|08|CD|6216|FAE|01|51|1|003|100|PH|521213|019|A|0|0||0|01|||2|ITRev Sekretariat|8|org|4|fr|0||0||32|Oter|136500|4368000||0|0|0||0|0|0|0||||0|0||||0|403455|403455|403455|403455|403455|403455|403455|403455|403455|403455|333450|0|0||0|||1|0|00
2026|01|527010|015|08|CD|6216|FAE|01|51|1|003|100|PH|521213|019|A|0|0||0|01|||3|ITRev Desain Grafis|2|org|4|fr|0||0||8|Oter|163750|1310000||0|0|0||0|0|0|0||||0|0||||0|121000|121000|121000|121000|121000|121000|121000|121000|121000|121000|100000|0|0||0|||1|0|00
2026|01|527010|015|08|CD|6216|FAE|01|51|1|003|100|PH|521213|019|A|0|0||0|01|||4|ITRev Dewan Redaksi|7|org|4|fr|0||0||28|Oter|318500|8918000||0|0|0||0|0|0|0||||0|0||||0|823720|823720|823720|823720|823720|823720|823720|823720|823720|823720|680800|0|0||0|||1|0|00
2026|01|527010|015|08|CD|6216|FAE|01|51|1|003|100|PH|521213|019|A|0|0||0|01|||5|ITRev Ketua Dewan Redaksi|1|org|4|fr|0||0||4|Oter|364000|1456000||0|0|0||0|0|0|0||||0|0||||0|134485|134485|134485|134485|134485|134485|134485|134485|134485|134485|111150|0|0||0|||1|0|00
2026|01|527010|015|08|CD|6216|FAE|01|51|1|003|100|PH|521213|019|A|0|0||0|01|||6|ITRev Mitra Bestari|14|org|4|fr|0||0||56|Oter|1365000|76440000||0|0|0||0|0|0|0||||0|0||||0|7060461|7060461|7060461|7060461|7060461|7060461|7060461|7060461|7060461|7060461|5835390|0|0||0|||1|0|00
2026|01|527010|015|08|CD|6216|FAE|01|51|1|003|100|PH|521213|019|A|0|0||0|01|||7|ITRev Pembuat Artikel|7|org|20|hlmn|4|fr|0||560|OF|91000|50960000||0|0|0||0|0|0|0||||0|0||||0|4706974|4706974|4706974|4706974|4706974|4706974|4706974|4706974|4706974|4706974|3890260|0|0||0|||1|0|00
2026|01|527010|015|08|CD|6216|FAE|01|51|1|003|100|PH|521213|019|A|0|0||0|01|||8|ITRev Penanggung Jawab|2|org|4|fr|0||0||8|Oter|409500|3276000||0|0|0||0|0|0|0||||0|0||||0|302591|302591|302591|302591|302591|302591|302591|302591|302591|302591|250090|0|0||0|||1|0|00
2026|01|527010|015|08|CD|6216|FAE|01|51|1|003|100|PH|521213|019|A|0|0||0|01|||9|ITRev Editor|7|org|4|fr|0||0||28|Oter|273000|7644000||0|0|0||0|0|0|0||||0|0||||0|706046|706046|706046|706046|706046|706046|706046|706046|706046|706046|583540|0|0||0|||1|0|00
2026|01|527010|015|08|CD|6216|FAE|01|51|1|003|100|PH|522151|019|A|0|0||0||||1|Honorarium Narasumber Praktisi Eksternal (Dosen, Profesor, Peneliti)|5|org|2|jam|4|fr|0||40|OJ|880000|35200000||0|0|0||0|0|0|0||||0|0||||0|3251285|3251285|3251285|3251285|3251285|3251285|3251285|3251285|3251285|3251285|2687150|0|0||0|||1|0|00
2026|01|527010|015|08|CD|6216|FAE|01|51|1|003|100|PH|522191|019|A|0|0||0||||1|Biaya Similarity Check Crossref, DOI System, Plagiarismee Grammarly, Turnitin, dan Proofreading|5|pkt|0||0||0||5|PKT|9920000|49600000||0|0|0||0|0|0|0||||0|0||||0|4581356|4581356|4581356|4581356|4581356|4581356|4581356|4581356|4581356|4581356|3786440|0|0||0|||1|0|00
2026|01|527010|015|08|CD|6216|FAE|01|51|1|003|100|PH|524111|019|A|0|0||0||||1|Akomodasi|2|org|2|hr|1|fr|1|lok|4|OHFL|697500|2790000||0|0|0||0|0|0|0||||0|0||||0|257701|257701|257701|257701|257701|257701|257701|257701|257701|257701|212990|0|0||0|||1|0|00
2026|01|527010|015|08|CD|6216|FAE|01|51|1|003|100|PH|524111|019|A|0|0||0||||2|Uang Harian|2|org|3|hr|1|fr|1|lok|6|OHFL|279000|1674000||0|0|0||0|0|0|0||||0|0||||0|154621|154621|154621|154621|154621|154621|154621|154621|154621|154621|127790|0|0||0|||1|0|00
2026|01|527010|015|08|CD|6216|FAE|01|51|1|003|100|PH|524111|019|A|0|0||0||||3|Transportasi|2|org|1|fr|1|lok|0||2|OK|2421000|4842000||0|0|0||0|0|0|0||||0|0||||0|447236|447236|447236|447236|447236|447236|447236|447236|447236|447236|369640|0|0||0|||1|0|00
2026|01|527010|015|08|CD|6216|FAE|01|51|1|003|100|PI|521211|019|A|0|0||0||||1|KDM  Snack Rapat|25|org|2|fr|0||0||50|OF|14480|724000||0|0|0||0|0|0|0||||0|0||||0|66873|66873|66873|66873|66873|66873|66873|66873|66873|66873|55270|0|0||0|||1|0|00
2026|01|527010|015|08|CD|6216|FAE|01|51|1|003|100|PI|521211|019|A|0|0||0||||2|KDM  Makan Rapat|25|org|3|fr|0||0||75|OF|30240|2268000||0|0|0||0|0|0|0||||0|0||||0|209486|209486|209486|209486|209486|209486|209486|209486|209486|209486|173140|0|0||0|||1|0|00
2026|01|527010|015|08|CD|6216|FAE|01|51|1|003|100|PI|522151|019|A|0|0||0||||1|Honor narasumber profesional|1|org|4|jam|3|fr|0||12|OJ|1496000|17952000||0|0|0||0|0|0|0||||0|0||||0|1658155|1658155|1658155|1658155|1658155|1658155|1658155|1658155|1658155|1658155|1370450|0|0||0|||1|0|00
2026|01|527010|015|08|CD|6216|FAE|01|51|1|003|100|PI|522151|019|A|0|0||0||||2|Honorarium Narasumber Pejabat Es. III KL lain|1|org|4|jam|3|fr|0||12|OJ|880000|10560000||0|0|0||0|0|0|0||||0|0||||0|975385|975385|975385|975385|975385|975385|975385|975385|975385|975385|806150|0|0||0|||1|0|00
2026|01|527010|015|08|CD|6216|FAE|01|51|1|003|100|PI|524111|019|A|0|0||0||||1|Akomodasi Narasumber|2|org|2|hr|1|fr|2|lok|8|OHFL|325500|2604000||0|0|0||0|0|0|0||||0|0||||0|240521|240521|240521|240521|240521|240521|240521|240521|240521|240521|198790|0|0||0|||1|0|00
2026|01|527010|015|08|CD|6216|FAE|01|51|1|003|100|PI|524111|019|A|0|0||0||||2|Uang Harian Narasumber|2|org|2|hr|1|fr|2|lok|8|OHFL|294500|2356000||0|0|0||0|0|0|0||||0|0||||0|217614|217614|217614|217614|217614|217614|217614|217614|217614|217614|179860|0|0||0|||1|0|00
2026|01|527010|015|08|CD|6216|FAE|01|51|1|003|100|PI|524111|019|A|0|0||0||||3|Transportasi Narasumber|2|org|1|fr|2|lok|0||4|OK|2324750|9299000||0|0|0||0|0|0|0||||0|0||||0|858912|858912|858912|858912|858912|858912|858912|858912|858912|858912|709880|0|0||0|||1|0|00
2026|01|527010|015|08|CD|6216|FAE|01|51|1|003|100|PI|524111|019|A|0|0||0||||4|Akomodasi Panitia|4|org|2|hr|1|fr|2|lok|16|OHFL|321000|5136000||0|0|0||0|0|0|0||||0|0||||0|474392|474392|474392|474392|474392|474392|474392|474392|474392|474392|392080|0|0||0|||1|0|00
2026|01|527010|015|08|CD|6216|FAE|01|51|1|003|100|PI|524111|019|A|0|0||0||||5|Uang Harian Panitia|4|org|3|hr|1|fr|2|lok|24|OHFL|294459|7067000||0|0|0||0|0|0|0||||0|0||||0|652751|652751|652751|652751|652751|652751|652751|652751|652751|652751|539490|0|0||0|||1|0|00
2026|01|527010|015|08|CD|6216|FAE|01|51|1|003|100|PI|524111|019|A|0|0||0||||6|Transportasi Panitia|4|org|1|fr|2|lok|0||8|OK|2324750|18598000||0|0|0||0|0|0|0||||0|0||||0|1717824|1717824|1717824|1717824|1717824|1717824|1717824|1717824|1717824|1717824|1419760|0|0||0|||1|0|00
2026|01|527010|015|08|CD|6216|FAE|01|51|1|003|100|PJ|521211|019|A|0|0||0||||1|KDM  Snack Rapat|20|org|15|fr|0||0||300|OF|15120|4536000||0|0|0||0|0|0|0||||0|0||||0|418972|418972|418972|418972|418972|418972|418972|418972|418972|418972|346280|0|0||0|||1|0|00
2026|01|527010|015|08|CD|6216|FAE|01|51|1|003|100|PJ|521211|019|A|0|0||0||||2|KDM  Makan Rapat|20|org|15|fr|0||0||300|OF|35910|10773000||0|0|0||0|0|0|0||||0|0||||0|995059|995059|995059|995059|995059|995059|995059|995059|995059|995059|822410|0|0||0|||1|0|00
2026|01|527010|015|08|CD|6216|FAE|01|51|1|003|100|PJ|521211|019|A|0|0||0||||3|CTK  Penggandaan, Pencetakan Brosur, Leaflet, Spanduk dan Backdrop, dll|1|pkt|0||0||0||1|PKT|7040000|7040000||0|0|0||0|0|0|0||||0|0||||0|650257|650257|650257|650257|650257|650257|650257|650257|650257|650257|537430|0|0||0|||1|0|00
2026|01|527010|015|08|CD|6216|FAE|01|51|1|003|100|PJ|522151|019|A|0|0||0||||1|Honorarium Narasumber Praktisi Eksternal|10|org|1|jam|1|fr|0||10|OJ|1496000|14960000||0|0|0||0|0|0|0||||0|0||||0|1381796|1381796|1381796|1381796|1381796|1381796|1381796|1381796|1381796|1381796|1142040|0|0||0|||1|0|00
2026|01|527010|015|08|CD|6216|FAE|01|51|1|003|100|PJ|524111|019|A|0|0||0||||1|Akomodasi|6|org|2|hr|1|fr|4|lok|48|OHFL|581167|27896000||0|0|0||0|0|0|0||||0|0||||0|2576643|2576643|2576643|2576643|2576643|2576643|2576643|2576643|2576643|2576643|2129570|0|0||0|||1|0|00
2026|01|527010|015|08|CD|6216|FAE|01|51|1|003|100|PJ|524111|019|A|0|0||0||||2|Uang Harian|6|org|3|hr|1|fr|4|lok|72|OHFL|271209|19527000||0|0|0||0|0|0|0||||0|0||||0|1803632|1803632|1803632|1803632|1803632|1803632|1803632|1803632|1803632|1803632|1490680|0|0||0|||1|0|00
2026|01|527010|015|08|CD|6216|FAE|01|51|1|003|100|PJ|524111|019|A|0|0||0||||3|Transportasi|6|org|1|fr|4|lok|0||24|OK|1681542|40357000||0|0|0||0|0|0|0||||0|0||||0|3727617|3727617|3727617|3727617|3727617|3727617|3727617|3727617|3727617|3727617|3080830|0|0||0|||1|0|00
2026|01|527010|015|08|CD|6216|FAE|01|51|1|003|100|PJ|524113|019|A|0|0||0||||1|Transportasi|10|org|2|fr|0||0||20|OK|116250|2325000||0|0|0||0|0|0|0||||0|0||||0|214751|214751|214751|214751|214751|214751|214751|214751|214751|214751|177490|0|0||0|||1|0|00
2026|01|527010|015|08|CD|6216|FAE|01|51|1|003|100|PJ|524114|019|A|0|0||0||||1|paket Fullday|60|org|1|fr|0||0||60|OF|333200|19992000||0|0|0||0|0|0|0||||0|0||||0|1846582|1846582|1846582|1846582|1846582|1846582|1846582|1846582|1846582|1846582|1526180|0|0||0|||1|0|00
2026|01|527010|015|08|CD|6216|FAE|01|51|1|003|100|PJ|524114|019|A|0|0||0||||2|Transportasi|60|org|1|fr|0||0||60|OK|85234|5114000||0|0|0||0|0|0|0||||0|0||||0|472360|472360|472360|472360|472360|472360|472360|472360|472360|472360|390400|0|0||0|||1|0|00
2026|01|527010|015|08|WA|4711|EBA|01|51|1|Z04|100|EA|521211|019|A|0|0||0||||1|KDM  Snack Rapat|10|ORG|1|HR|1|FREK|0||10|OF|13900|139000||0|0|0||0|0|0|0||||0|0||||0|11000|11000|11000|11000|11000|11000|11000|11000|11000|11000|11000|18000|0||0|||1|0|00
2026|01|527010|015|08|WA|4711|EBA|01|51|1|Z04|100|EA|521211|019|A|0|0||0||||2|KDM  Makan Rapat|10|ORG|1|HR|1|FREK|0||10|OF|32800|328000||0|0|0||0|0|0|0||||0|0||||0|27000|27000|27000|27000|27000|27000|27000|27000|27000|27000|27000|31000|0||0|||1|0|00
2026|01|527010|015|08|WA|4711|EBA|01|51|1|Z04|100|EA|524111|019|A|0|0||0||||1|Akomodasi|3|ORG|2|HR|4|FREK|0||24|OF|426209|10229000||0|0|0||0|0|0|0||||0|0||||0|852000|852000|852000|852000|852000|852000|852000|852000|852000|852000|852000|857000|0||0|||1|0|00
2026|01|527010|015|08|WA|4711|EBA|01|51|1|Z04|100|EA|524111|019|A|0|0||0||||2|Transport|3|ORG|4|FREK|0||0||12|OK|2324667|27896000||0|0|0||0|0|0|0||||0|0||||0|2324000|2324000|2324000|2324000|2324000|2324000|2324000|2324000|2324000|2324000|2324000|2332000|0||0|||1|0|00
2026|01|527010|015|08|WA|4711|EBA|01|51|1|Z04|100|EA|524111|019|A|0|0||0||||3|Uang Harian|3|ORG|3|HR|4|FREK|0||36|OH|271223|9764000||0|0|0||0|0|0|0||||0|0||||0|813000|813000|813000|813000|813000|813000|813000|813000|813000|813000|813000|821000|0||0|||1|0|00
2026|01|527010|015|08|WA|4711|EBA|01|51|1|Z04|100|PA|524111|019|A|0|0||0||||1|Akomodasi|1|ORG|2|HR|5|FREK|0||10|OF|503700|5037000||0|0|0||0|0|0|0||||0|0||||0|419000|419000|419000|419000|419000|419000|419000|419000|419000|419000|419000|428000|0||0|||1|0|00
2026|01|527010|015|08|WA|4711|EBA|01|51|1|Z04|100|PA|524111|019|A|0|0||0||||2|Transport|1|ORG|5|FREK|0||0||5|OK|3099600|15498000||0|0|0||0|0|0|0||||0|0||||0|1291000|1291000|1291000|1291000|1291000|1291000|1291000|1291000|1291000|1291000|1291000|1297000|0||0|||1|0|00
2026|01|527010|015|08|WA|4711|EBA|01|51|1|Z04|100|PA|524111|019|A|0|0||0||||3|Uang Harian|1|ORG|3|HR|5|FREK|0||15|OH|359534|5393000||0|0|0||0|0|0|0||||0|0||||0|449000|449000|449000|449000|449000|449000|449000|449000|449000|449000|449000|454000|0||0|||1|0|00
2026|01|527010|015|08|WA|4711|EBA|01|51|1|Z04|100|PA|524113|019|A|0|0||0||||1|Transport|2|org|3|fr|0||0||6|OK|116167|697000||0|0|0||0|0|0|0||||0|0||||0|58000|58000|58000|58000|58000|58000|58000|58000|58000|58000|58000|59000|0||0|||1|0|00
2026|01|527010|015|08|WA|4715|EBA|01|51|1|001|100|BA|522151|019|A|0|0||0||||1|1. Honorarium Narasumber Sumpah|4|ORG|5|FREK|0||0||20|OF|352000|7040000||0|0|0||0|0|0|0||||0|0||||0|586000|586000|586000|586000|586000|586000|586000|586000|586000|586000|586000|594000|0||0|||1|0|00
2026|01|527010|015|08|WA|4715|EBA|01|51|1|001|100|DA|521211|019|A|0|0||0||||1|KDM  Konsumsi Makan Weekly Meeting|25|ORG|40|WEEK|1|KL|0||1000|OK|35910|35910000||0|0|0||0|0|0|0||||0|0||||0|2992000|2992000|2992000|2992000|2992000|2992000|2992000|2992000|2992000|2992000|2992000|2998000|0||0|||1|0|00
2026|01|527010|015|08|WA|4715|EBA|01|51|1|001|100|DA|521211|019|A|0|0||0||||2|KDM  Konsumsi Snack Weekly Meeting|25|ORG|40|WEEK|1|KL|0||1000|OK|15120|15120000||0|0|0||0|0|0|0||||0|0||||0|1260000|1260000|1260000|1260000|1260000|1260000|1260000|1260000|1260000|1260000|1260000|1260000|0||0|||1|0|00
2026|01|527010|015|08|WA|4715|EBA|01|51|1|001|100|DA|521211|019|A|0|0||0||||3|KDM  Konsumsi Makan Kegiatan Rapat Biasa, Sarasehan, Pelantikan, Seremoni|20|ORG|50|HR|1|KL|0||1000|OK|5700|5700000||0|0|0||0|0|0|0||||0|0||||0|475000|475000|475000|475000|475000|475000|475000|475000|475000|475000|475000|475000|0||0|||1|0|00
2026|01|527010|015|08|WA|4715|EBA|01|51|1|001|100|DA|521211|019|A|0|0||0||||4|KDM  Konsumsi Snack Kegiatan Rapat Biasa, Sarasehan, Pelantikan, Seremoni|20|ORG|50|HR|1|KL|0||1000|OK|2400|2400000||0|0|0||0|0|0|0||||0|0||||0|200000|200000|200000|200000|200000|200000|200000|200000|200000|200000|200000|200000|0||0|||1|0|00
2026|01|527010|015|08|WA|4715|EBA|01|51|1|001|100|DA|522141|019|A|0|0||0||||1|Sewa Tanaman Dalam Gedung|0||0||0||0||1|THN|73000000|73000000||0|0|0||0|0|0|0||||0|0||||0|6083000|6083000|6083000|6083000|6083000|6083000|6083000|6083000|6083000|6083000|6083000|6087000|0||0|||1|0|00
2026|01|527010|015|08|WA|4715|EBA|01|51|1|001|100|DA|522191|019|A|0|0||0||||1|Jasa Perawatan Akuarium|0||0||0||0||1|PKT|147648000|147648000||0|0|0||0|0|0|0||||0|0||||0|12304000|12304000|12304000|12304000|12304000|12304000|12304000|12304000|12304000|12304000|12304000|12304000|0||0|||1|0|00
2026|01|527010|015|08|WA|4715|EBA|01|51|1|001|100|DA|524111|019|A|0|0||0||||1|Akomodasi|3|ORG|2|HR|4|KL|0||24|OH|619917|14878000||0|0|0||0|0|0|0||||0|0||||0|1239000|1239000|1239000|1239000|1239000|1239000|1239000|1239000|1239000|1239000|1239000|1249000|0||0|||1|0|00
2026|01|527010|015|08|WA|4715|EBA|01|51|1|001|100|DA|524111|019|A|0|0||0||||2|Transport|3|ORG|4|KL|0||0||12|OK|3693667|44324000||0|0|0||0|0|0|0||||0|0||||0|3693000|3693000|3693000|3693000|3693000|3693000|3693000|3693000|3693000|3693000|3693000|3701000|0||0|||1|0|00
2026|01|527010|015|08|WA|4715|EBA|01|51|1|001|100|DA|524111|019|A|0|0||0||||3|Uang Harian|3|ORG|3|HR|4|KL|0||36|OH|328556|11828000||0|0|0||0|0|0|0||||0|0||||0|985000|985000|985000|985000|985000|985000|985000|985000|985000|985000|985000|993000|0||0|||1|0|00
2026|01|527010|015|08|WA|4715|EBA|01|51|1|001|100|DA|524113|019|A|0|0||0||||1|Transport dalam kota inventarisasi BMN|14|ORG|1|HR|10|KL|0||140|OK|131736|18443000||0|0|0||0|0|0|0||||0|0||||0|1536000|1536000|1536000|1536000|1536000|1536000|1536000|1536000|1536000|1536000|1536000|1547000|0||0|||1|0|00
2026|01|527010|015|08|WA|4715|EBA|01|51|1|001|100|HA|521211|019|A|0|0||0|01||1|1|Konsumsi Rapat|0||0||0||0||0||0|0||0|0|0||0|0|0|0||||0|0||||0|0|0|0|0|0|0|0|0|0|0|0|0|0||0|||1|0|00
2026|01|527010|015|08|WA|4715|EBA|01|51|1|001|100|HA|521211|019|A|0|0||0|01|||2|KDM  Makan Rapat|0||0||0||0||1640|OK|35910|58892000||0|0|0||0|0|0|0||||0|0||||0|4907000|4907000|4907000|4907000|4907000|4907000|4907000|4907000|4907000|4907000|4907000|4915000|0||0|||1|0|00
2026|01|527010|015|08|WA|4715|EBA|01|51|1|001|100|HA|521211|019|A|0|0||0|01|||3|KDM  Snack Rapat|0||0||0||0||1640|OK|15121|24798000||0|0|0||0|0|0|0||||0|0||||0|2066000|2066000|2066000|2066000|2066000|2066000|2066000|2066000|2066000|2066000|2066000|2072000|0||0|||1|0|00
2026|01|527010|015|08|WA|4715|EBA|01|51|1|001|100|HA|521211|019|A|0|0||0|02||1|4|GKM|0||0||0||0||0||0|0||0|0|0||0|0|0|0||||0|0||||0|0|0|0|0|0|0|0|0|0|0|0|0|0||0|||1|0|00
2026|01|527010|015|08|WA|4715|EBA|01|51|1|001|100|HA|521211|019|A|0|0||0|02|||5|KDM  Snack Rapat|0||0||0||0||500|OK|15119|7559000||0|0|0||0|0|0|0||||0|0||||0|629000|629000|629000|629000|629000|629000|629000|629000|629000|629000|629000|640000|0||0|||1|0|00
2026|01|527010|015|08|WA|4715|EBA|01|51|1|001|100|HA|521211|019|A|0|0||0|02|||6|KDM  Makan Rapat|0||0||0||0||500|OK|35084|17542000||0|0|0||0|0|0|0||||0|0||||0|1461000|1461000|1461000|1461000|1461000|1461000|1461000|1461000|1461000|1461000|1461000|1471000|0||0|||1|0|00
2026|01|527010|015|08|WA|4715|EBA|01|51|1|001|100|IA|521211|019|A|0|0||0|01||1|1|PENGELOLAAN KETATA USAHAAN|0||0||0||0||0||0|0||0|0|0||0|0|0|0||||0|0||||0|0|0|0|0|0|0|0|0|0|0|0|0|0||0|||1|0|00
2026|01|527010|015|08|WA|4715|EBA|01|51|1|001|100|IA|521211|019|A|0|0||0|01|||2|KDM  Konsumsi RapatMakan Direktur|5|ORG|15|FR|12|BLN|0||900|OF|35910|32319000||0|0|0||0|0|0|0||||0|0||||0|2693000|2693000|2693000|2693000|2693000|2693000|2693000|2693000|2693000|2693000|2693000|2696000|0||0|||1|0|00
2026|01|527010|015|08|WA|4715|EBA|01|51|1|001|100|IA|521211|019|A|0|0||0|01|||3|KDM  Konsumsi RapatSnack Direktur|5|ORG|15|FR|12|BLN|0||900|OF|15120|13608000||0|0|0||0|0|0|0||||0|0||||0|1134000|1134000|1134000|1134000|1134000|1134000|1134000|1134000|1134000|1134000|1134000|1134000|0||0|||1|0|00
2026|01|527010|015|08|WA|4715|EBA|01|51|1|001|100|IA|521211|019|A|0|0||0|02||1|4|RAPAT KONSULTASI, ASISTENSI DAN PEMBAHASAN KPI SATKER BLU|0||0||0||0||0||0|0||0|0|0||0|0|0|0||||0|0||||0|0|0|0|0|0|0|0|0|0|0|0|0|0||0|||1|0|00
2026|01|527010|015|08|WA|4715|EBA|01|51|1|001|100|IA|521211|019|A|0|0||0|02|||5|KDM  Makan Rapat|5|ORG|15|FR|12|BLN|0||900|OF|35910|32319000||0|0|0||0|0|0|0||||0|0||||0|2693000|2693000|2693000|2693000|2693000|2693000|2693000|2693000|2693000|2693000|2693000|2696000|0||0|||1|0|00
2026|01|527010|015|08|WA|4715|EBA|01|51|1|001|100|IA|521211|019|A|0|0||0|02|||6|KDM  Snack Rapat|5|ORG|15|FR|12|BLN|0||900|OF|15120|13608000||0|0|0||0|0|0|0||||0|0||||0|1134000|1134000|1134000|1134000|1134000|1134000|1134000|1134000|1134000|1134000|1134000|1134000|0||0|||1|0|00
2026|01|527010|015|08|WA|4715|EBA|01|51|1|001|100|JA|521211|019|A|0|0||0||||1|KDM  Makan Rapat|10|ORG|8|FR|12|BLN|0||960|OF|35911|34474000||0|0|0||0|0|0|0||||0|0||||0|2872000|2872000|2872000|2872000|2872000|2872000|2872000|2872000|2872000|2872000|2872000|2882000|0||0|||1|0|00
2026|01|527010|015|08|WA|4715|EBA|01|51|1|001|100|JA|521211|019|A|0|0||0||||2|KDM  Snack Rapat|10|ORG|8|FR|12|BLN|0||960|OF|15120|14515000||0|0|0||0|0|0|0||||0|0||||0|1209000|1209000|1209000|1209000|1209000|1209000|1209000|1209000|1209000|1209000|1209000|1216000|0||0|||1|0|00
2026|01|527010|015|08|WA|4715|EBA|01|51|1|001|100|JA|521211|019|A|0|0||0||||3|CTK  ATKHabis PakaiPenggandaan LaporanBuku (Dukungan Rakernas)|150|EKS|1|FR|0||0||150|EKS|126000|18900000||0|0|0||0|0|0|0||||0|0||||0|1575000|1575000|1575000|1575000|1575000|1575000|1575000|1575000|1575000|1575000|1575000|1575000|0||0|||1|0|00
2026|01|527010|015|08|WA|4715|EBA|01|51|1|001|100|JA|521211|019|A|0|0||0||||4|CTK  ATKHabis PakaiPenggandaan LaporanBuku (Lap Tinjut BPK)|50|EKS|2|FR|0||0||100|EKS|126000|12600000||0|0|0||0|0|0|0||||0|0||||0|1050000|1050000|1050000|1050000|1050000|1050000|1050000|1050000|1050000|1050000|1050000|1050000|0||0|||1|0|00
2026|01|527010|015|08|WA|4715|EBA|01|51|1|001|100|JA|521211|019|A|0|0||0||||5|CTK  ATKHabis PakaiPenggandaan LaporanBuku (LKPP UnauditedAudited)|75|EKS|1|FR|0||0||75|EKS|126000|9450000||0|0|0||0|0|0|0||||0|0||||0|787000|787000|787000|787000|787000|787000|787000|787000|787000|787000|787000|793000|0||0|||1|0|00
2026|01|527010|015|08|WA|4715|EBA|01|51|1|001|100|JA|521211|019|A|0|0||0||||6|CTK  ATKHabis PakaiPenggandaan LaporanBuku (LK BUN UnauditedAudited)|75|EKS|1|FR|0||0||75|EKS|126000|9450000||0|0|0||0|0|0|0||||0|0||||0|787000|787000|787000|787000|787000|787000|787000|787000|787000|787000|787000|793000|0||0|||1|0|00
2026|01|527010|015|08|WA|4715|EBA|01|51|1|001|100|JA|521211|019|A|0|0||0||||7|CTK  ATKHabis PakaiPenggandaan LaporanBuku (LK Akuntansi Pusat, Transaksi khusus, Unit Badan Lainnya, LK BUN Semester I Tahun|75|EKS|1|FR|0||0||75|EKS|126000|9450000||0|0|0||0|0|0|0||||0|0||||0|787000|787000|787000|787000|787000|787000|787000|787000|787000|787000|787000|793000|0||0|||1|0|00
2026|01|527010|015|08|WA|4715|EBA|01|51|1|001|100|JA|521211|019|A|0|0||0||||8|CTK  ATKHabis Pakai Kebutuhan Pegawai Dit. APK)|100|ORG|1|FR|0||0||100|OF|350960|35096000||0|0|0||0|0|0|0||||0|0||||0|2924000|2924000|2924000|2924000|2924000|2924000|2924000|2924000|2924000|2924000|2924000|2932000|0||0|||1|0|00
2026|01|527010|015|08|WA|4715|EBA|01|51|1|001|100|JA|524111|019|A|0|0||0||||1|Transport|2|ORG|5|FR|0||0||10|OF|2289800|22898000||0|0|0||0|0|0|0||||0|0||||0|1908000|1908000|1908000|1908000|1908000|1908000|1908000|1908000|1908000|1908000|1908000|1910000|0||0|||1|0|00
2026|01|527010|015|08|WA|4715|EBA|01|51|1|001|100|JA|524111|019|A|0|0||0||||2|Akomodasi|2|ORG|2|HR|5|FR|0||20|OH|697400|13948000||0|0|0||0|0|0|0||||0|0||||0|1162000|1162000|1162000|1162000|1162000|1162000|1162000|1162000|1162000|1162000|1162000|1166000|0||0|||1|0|00
2026|01|527010|015|08|WA|4715|EBA|01|51|1|001|100|JA|524111|019|A|0|0||0||||3|Uang Saku Harian|2|ORG|3|HR|5|FR|0||30|OH|359567|10787000||0|0|0||0|0|0|0||||0|0||||0|898000|898000|898000|898000|898000|898000|898000|898000|898000|898000|898000|909000|0||0|||1|0|00
2026|01|527010|015|08|WA|4715|EBA|01|51|1|001|100|JA|524113|019|A|0|0||0||||1|Transport Dalam Kota|3|ORG|8|FR|0||0||24|OF|58125|1395000||0|0|0||0|0|0|0||||0|0||||0|116000|116000|116000|116000|116000|116000|116000|116000|116000|116000|116000|119000|0||0|||1|0|00
2026|01|527010|015|08|WA|4715|EBA|01|51|1|001|100|JA|524113|019|A|0|0||0||||2|Uang Saku Dalam Kota  8 Jam|3|ORG|1|HR|8|FR|0||24|OH|65084|1562000||0|0|0||0|0|0|0||||0|0||||0|130000|130000|130000|130000|130000|130000|130000|130000|130000|130000|130000|132000|0||0|||1|0|00
2026|01|527010|015|08|WA|4715|EBA|01|51|1|994|002|CA|521115|019|A|0|0||0|01||1|1|Honorarium Pengelola UAKPA Kantor Pusat DJPb|0||0||0||0||0||0|0||0|0|0||0|0|0|0||||0|0||||0|0|0|0|0|0|0|0|0|0|0|0|0|0||0|||1|0|00
2026|01|527010|015|08|WA|4715|EBA|01|51|1|994|002|CA|521115|019|A|0|0||0|02|||10|Anggota|3|ORG|12|BLN|0||0||36|OB|200000|7200000||0|0|0||0|0|0|0||||0|0||||0|599997|599997|599997|599997|599997|599997|599997|599997|599997|599997|599997|600033|0||0|||1|0|00
2026|01|527010|015|08|WA|4715|EBA|01|51|1|994|002|CA|521115|019|A|0|0||0|03||1|11|Honorarium Pengelola UAPPA Eselon I BUN Belanja Lainlain DJPb|0||0||0||0||0||0|0||0|0|0||0|0|0|0||||0|0||||0|0|0|0|0|0|0|0|0|0|0|0|0|0||0|||1|0|00
2026|01|527010|015|08|WA|4715|EBA|01|51|1|994|002|CA|521115|019|A|0|0||0|03|||12|Penanggung Jawab|1|ORG|12|BLN|0||0||12|OB|270000|3240000||0|0|0||0|0|0|0||||0|0||||0|269999|269999|269999|269999|269999|269999|269999|269999|269999|269999|269999|270011|0||0|||1|0|00
2026|01|527010|015|08|WA|4715|EBA|01|51|1|994|002|CA|521115|019|A|0|0||0|03|||13|Koordinator|1|ORG|12|BLN|0||0||12|OB|240000|2880000||0|0|0||0|0|0|0||||0|0||||0|239999|239999|239999|239999|239999|239999|239999|239999|239999|239999|239999|240011|0||0|||1|0|00
2026|01|527010|015|08|WA|4715|EBA|01|51|1|994|002|CA|521115|019|A|0|0||0|03|||14|Ketua|1|ORG|12|BLN|0||0||12|OB|210000|2520000||0|0|0||0|0|0|0||||0|0||||0|209999|209999|209999|209999|209999|209999|209999|209999|209999|209999|209999|210011|0||0|||1|0|00
2026|01|527010|015|08|WA|4715|EBA|01|51|1|994|002|CA|521115|019|A|0|0||0|03|||15|Anggota|3|ORG|12|BLN|0||0||36|OB|200000|7200000||0|0|0||0|0|0|0||||0|0||||0|599997|599997|599997|599997|599997|599997|599997|599997|599997|599997|599997|600033|0||0|||1|0|00
2026|01|527010|015|08|WA|4715|EBA|01|51|1|994|002|CA|521115|019|A|0|0||0|04||1|16|Honorarium Pengelola Unit Akuntansi dan Pelaporan Keuangan Pembantu BUN Transaksi Khusus|0||0||0||0||0||0|0||0|0|0||0|0|0|0||||0|0||||0|0|0|0|0|0|0|0|0|0|0|0|0|0||0|||1|0|00
2026|01|527010|015|08|WA|4715|EBA|01|51|1|994|002|CA|521115|019|A|0|0||0|04|||17|Penanggung Jawab|1|ORG|12|BLN|0||0||12|OB|270000|3240000||0|0|0||0|0|0|0||||0|0||||0|269999|269999|269999|269999|269999|269999|269999|269999|269999|269999|269999|270011|0||0|||1|0|00
2026|01|527010|015|08|WA|4715|EBA|01|51|1|994|002|CA|521115|019|A|0|0||0|04|||18|Koordinator|1|ORG|12|BLN|0||0||12|OB|240000|2880000||0|0|0||0|0|0|0||||0|0||||0|239999|239999|239999|239999|239999|239999|239999|239999|239999|239999|239999|240011|0||0|||1|0|00
2026|01|527010|015|08|WA|4715|EBA|01|51|1|994|002|CA|521115|019|A|0|0||0|04|||19|Ketua|1|ORG|12|BLN|0||0||12|OB|210000|2520000||0|0|0||0|0|0|0||||0|0||||0|209999|209999|209999|209999|209999|209999|209999|209999|209999|209999|209999|210011|0||0|||1|0|00
2026|01|527010|015|08|WA|4715|EBA|01|51|1|994|002|CA|521115|019|A|0|0||0|01|||2|Penanggung Jawab|1|ORG|12|BLN|0||0||12|OB|200000|2400000||0|0|0||0|0|0|0||||0|0||||0|199999|199999|199999|199999|199999|199999|199999|199999|199999|199999|199999|200011|0||0|||1|0|00
2026|01|527010|015|08|WA|4715|EBA|01|51|1|994|002|CA|521115|019|A|0|0||0|04|||20|Anggota|3|ORG|12|BLN|0||0||36|OB|200000|7200000||0|0|0||0|0|0|0||||0|0||||0|599997|599997|599997|599997|599997|599997|599997|599997|599997|599997|599997|600033|0||0|||1|0|00
2026|01|527010|015|08|WA|4715|EBA|01|51|1|994|002|CA|521115|019|A|0|0||0|05||1|21|Honorarium Pengelola Unit Akuntansi dan Pelaporan Keuangan Belanja Subsidi|0||0||0||0||0||0|0||0|0|0||0|0|0|0||||0|0||||0|0|0|0|0|0|0|0|0|0|0|0|0|0||0|||1|0|00
2026|01|527010|015|08|WA|4715|EBA|01|51|1|994|002|CA|521115|019|A|0|0||0|05|||22|Penanggung Jawab|1|ORG|12|BLN|0||0||12|OB|270000|3240000||0|0|0||0|0|0|0||||0|0||||0|269999|269999|269999|269999|269999|269999|269999|269999|269999|269999|269999|270011|0||0|||1|0|00
2026|01|527010|015|08|WA|4715|EBA|01|51|1|994|002|CA|521115|019|A|0|0||0|05|||23|Koordinator|1|ORG|12|BLN|0||0||12|OB|240000|2880000||0|0|0||0|0|0|0||||0|0||||0|239999|239999|239999|239999|239999|239999|239999|239999|239999|239999|239999|240011|0||0|||1|0|00
2026|01|527010|015|08|WA|4715|EBA|01|51|1|994|002|CA|521115|019|A|0|0||0|05|||24|Ketua|1|ORG|12|BLN|0||0||12|OB|210000|2520000||0|0|0||0|0|0|0||||0|0||||0|209999|209999|209999|209999|209999|209999|209999|209999|209999|209999|209999|210011|0||0|||1|0|00
2026|01|527010|015|08|WA|4715|EBA|01|51|1|994|002|CA|521115|019|A|0|0||0|05|||25|Anggota|3|ORG|12|BLN|0||0||36|OB|200000|7200000||0|0|0||0|0|0|0||||0|0||||0|599997|599997|599997|599997|599997|599997|599997|599997|599997|599997|599997|600033|0||0|||1|0|00
2026|01|527010|015|08|WA|4715|EBA|01|51|1|994|002|CA|521115|019|A|0|0||0|01|||3|Koordinator|1|ORG|12|BLN|0||0||12|OB|200000|2400000||0|0|0||0|0|0|0||||0|0||||0|199999|199999|199999|199999|199999|199999|199999|199999|199999|199999|199999|200011|0||0|||1|0|00
2026|01|527010|015|08|WA|4715|EBA|01|51|1|994|002|CA|521115|019|A|0|0||0|01|||4|Ketua|1|ORG|12|BLN|0||0||12|OB|150000|1800000||0|0|0||0|0|0|0||||0|0||||0|149999|149999|149999|149999|149999|149999|149999|149999|149999|149999|149999|150011|0||0|||1|0|00
2026|01|527010|015|08|WA|4715|EBA|01|51|1|994|002|CA|521115|019|A|0|0||0|01|||5|Anggota|3|ORG|12|BLN|0||0||36|OB|150000|5400000||0|0|0||0|0|0|0||||0|0||||0|449998|449998|449998|449998|449998|449998|449998|449998|449998|449998|449998|450022|0||0|||1|0|00
2026|01|527010|015|08|WA|4715|EBA|01|51|1|994|002|CA|521115|019|A|0|0||0|02||1|6|Honorarium Pengelola UAPPA Eselon I DJPb|0||0||0||0||0||0|0||0|0|0||0|0|0|0||||0|0||||0|0|0|0|0|0|0|0|0|0|0|0|0|0||0|||1|0|00
2026|01|527010|015|08|WA|4715|EBA|01|51|1|994|002|CA|521115|019|A|0|0||0|02|||7|Penanggung Jawab|1|ORG|12|BLN|0||0||12|OB|270000|3240000||0|0|0||0|0|0|0||||0|0||||0|269999|269999|269999|269999|269999|269999|269999|269999|269999|269999|269999|270011|0||0|||1|0|00
2026|01|527010|015|08|WA|4715|EBA|01|51|1|994|002|CA|521115|019|A|0|0||0|02|||8|Koordinator|1|ORG|12|BLN|0||0||12|OB|240000|2880000||0|0|0||0|0|0|0||||0|0||||0|239999|239999|239999|239999|239999|239999|239999|239999|239999|239999|239999|240011|0||0|||1|0|00
2026|01|527010|015|08|WA|4715|EBA|01|51|1|994|002|CA|521115|019|A|0|0||0|02|||9|Ketua|1|ORG|12|BLN|0||0||12|OB|210000|2520000||0|0|0||0|0|0|0||||0|0||||0|209999|209999|209999|209999|209999|209999|209999|209999|209999|209999|209999|210011|0||0|||1|0|00
2026|01|527010|015|08|WA|4715|EBA|01|51|1|994|002|CB|521115|019|A|0|0||0|01||1|1|Pejabat Pengelola Keuangan Satker PPP BUN|0||0||0||0||0||0|0||0|0|0||0|0|0|0||||0|0||||0|0|0|0|0|0|0|0|0|0|0|0|0|0||0|||1|0|00
2026|01|527010|015|08|WA|4715|EBA|01|51|1|994|002|CB|521115|019|A|0|0||0|01|||2|Pejabat KPA|1|ORG|12|BLN|0||0||12|OB|2860000|34320000||0|0|0||0|0|0|0||||0|0||||0|2859985|2859985|2859985|2859985|2859985|2859985|2859985|2859985|2859985|2859985|2859985|2860165|0||0|||1|0|00
2026|01|527010|015|08|WA|4715|EBA|01|51|1|994|002|CB|521115|019|A|0|0||0|01|||3|Pejabat Pembuat Komitmen|7|ORG|12|BLN|0||0||84|OB|2780000|233520000||0|0|0||0|0|0|0||||0|0||||0|19459897|19459897|19459897|19459897|19459897|19459897|19459897|19459897|19459897|19459897|19459897|19461133|0||0|||1|0|00
2026|01|527010|015|08|WA|4715|EBA|01|51|1|994|002|CB|521115|019|A|0|0||0|01|||4|Pejabat Penandatangan SPM|1|ORG|12|BLN|0||0||12|OB|1470000|17640000||0|0|0||0|0|0|0||||0|0||||0|1469992|1469992|1469992|1469992|1469992|1469992|1469992|1469992|1469992|1469992|1469992|1470088|0||0|||1|0|00
2026|01|527010|015|08|WA|4715|EBA|01|51|1|994|002|CB|521115|019|A|0|0||0|01|||5|Bendahara Pengeluaran|1|ORG|12|BLN|0||0||12|OB|1280000|15360000||0|0|0||0|0|0|0||||0|0||||0|1279993|1279993|1279993|1279993|1279993|1279993|1279993|1279993|1279993|1279993|1279993|1280077|0||0|||1|0|00
2026|01|527010|015|08|WA|4715|EBA|01|51|1|994|002|CB|521115|019|A|0|0||0|01|||6|Bendahara Pengeluaran Pembantu|6|ORG|12|BLN|0||0||72|OB|950000|68400000||0|0|0||0|0|0|0||||0|0||||0|5699970|5699970|5699970|5699970|5699970|5699970|5699970|5699970|5699970|5699970|5699970|5700330|0||0|||1|0|00
2026|01|527010|015|08|WA|4715|EBA|01|51|1|994|002|CB|521115|019|A|0|0||0|01|||7|Pejabat Pengadaan BarangJasa|7|ORG|12|BLN|0||0||84|OB|680000|57120000||0|0|0||0|0|0|0||||0|0||||0|4759975|4759975|4759975|4759975|4759975|4759975|4759975|4759975|4759975|4759975|4759975|4760275|0||0|||1|0|00
2026|01|527010|015|08|WA|4715|EBA|01|51|1|994|002|CB|521115|019|A|0|0||0|01|||8|Staf Pengelola Keuangan|15|ORG|12|BLN|0||0||180|OB|950000|171000000||0|0|0||0|0|0|0||||0|0||||0|14249925|14249925|14249925|14249925|14249925|14249925|14249925|14249925|14249925|14249925|14249925|14250825|0||0|||1|0|00
2026|01|527010|015|08|WA|4715|EBA|01|51|1|994|002|DA|521111|019|A|0|0||0||||1|Keperluan sehari hari perkantoran|1367|ORG|1|THN|0||0||1367|OT|1292000|1766164000||0|0|0||0|0|0|0||||0|0||||0|147179554|147179554|147179554|147179554|147179554|147179554|147179554|147179554|147179554|147179554|147179554|147188906|0||0|||1|0|00
2026|01|527010|015|08|WA|4715|EBA|01|51|1|994|002|DA|521111|019|A|0|0||0||||2|Pengadaan alat listrik, keset karpet, underlayer dan barang habis pakai|0||0||0||0||1|THN|566856000|566856000||0|0|0||0|0|0|0||||0|0||||0|47237750|47237750|47237750|47237750|47237750|47237750|47237750|47237750|47237750|47237750|47237750|47240750|0||0|||1|0|00
2026|01|527010|015|08|WA|4715|EBA|01|51|1|994|002|DA|521111|019|A|0|0||0||||3|Honor PPNPN  Petugas Kebersihan|79|ORG|13|BLN|0||0||1027|OB|5513000|5661851000||0|0|0||0|0|0|0||||0|0||||0|471818419|471818419|471818419|471818419|471818419|471818419|471818419|471818419|471818419|471818419|471818419|471848391|0||0|||1|0|00
2026|01|527010|015|08|WA|4715|EBA|01|51|1|994|002|DA|521111|019|A|0|0||0||||4|Honor PPNPN  Pramubhakti|65|ORG|13|BLN|0||0||845|OB|5513000|4658485000||0|0|0||0|0|0|0||||0|0||||0|388205029|388205029|388205029|388205029|388205029|388205029|388205029|388205029|388205029|388205029|388205029|388229681|0||0|||1|0|00
2026|01|527010|015|08|WA|4715|EBA|01|51|1|994|002|DA|521111|019|A|0|0||0||||5|Honor PPNPN  Pengemudi|17|ORG|13|BLN|0||0||221|OB|6065000|1340365000||0|0|0||0|0|0|0||||0|0||||0|111696492|111696492|111696492|111696492|111696492|111696492|111696492|111696492|111696492|111696492|111696492|111703588|0||0|||1|0|00
2026|01|527010|015|08|WA|4715|EBA|01|51|1|994|002|DA|521111|019|A|0|0||0||||6|Honor PPNPN  Satpam|23|ORG|13|BLN|0||0||299|OB|6065000|1813435000||0|0|0||0|0|0|0||||0|0||||0|151118783|151118783|151118783|151118783|151118783|151118783|151118783|151118783|151118783|151118783|151118783|151128387|0||0|||1|0|00
2026|01|527010|015|08|WA|4715|EBA|01|51|1|994|002|DA|521111|019|A|0|0||0||||7|Uang Lembur PPNPN|180|ORG|2|JAM|12|HARI|12|BLN|51840|OJ|13000|673920000||0|0|0||0|0|0|0||||0|0||||0|56159703|56159703|56159703|56159703|56159703|56159703|56159703|56159703|56159703|56159703|56159703|56163267|0||0|||1|0|00
2026|01|527010|015|08|WA|4715|EBA|01|51|1|994|002|DA|521111|019|A|0|0||0||||8|Uang Makan Lembur PPNPN|180|ORG|6|JAM|12|BLN|0||12960|OH|30000|388800000||0|0|0||0|0|0|0||||0|0||||0|32399829|32399829|32399829|32399829|32399829|32399829|32399829|32399829|32399829|32399829|32399829|32401881|0||0|||1|0|00
2026|01|527010|015|08|WA|4715|EBA|01|51|1|994|002|DA|521119|019|A|0|0||0||||1|Pencetakan bukubuku, modul, makalah, bahan sosialisasi|500|EKS|2|FR|0||0||1000|EKS|77188|77188000||0|0|0||0|0|0|0||||0|0||||0|6432299|6432299|6432299|6432299|6432299|6432299|6432299|6432299|6432299|6432299|6432299|6432711|0||0|||1|0|00
2026|01|527010|015|08|WA|4715|EBA|01|51|1|994|002|DA|521119|019|A|0|0||0||||2|Pencetakan kalender|0||0||0||0||1500|PCS|77189|115783000||0|0|0||0|0|0|0||||0|0||||0|9648532|9648532|9648532|9648532|9648532|9648532|9648532|9648532|9648532|9648532|9648532|9649148|0||0|||1|0|00
2026|01|527010|015|08|WA|4715|EBA|01|51|1|994|002|DA|521119|019|A|0|0||0||||3|Pencetakan majalah treasury|1250|EKS|4|FR|0||0||5000|EKS|30876|154380000||0|0|0||0|0|0|0||||0|0||||0|12864932|12864932|12864932|12864932|12864932|12864932|12864932|12864932|12864932|12864932|12864932|12865748|0||0|||1|0|00
2026|01|527010|015|08|WA|4715|EBA|01|51|1|994|002|DA|521119|019|A|0|0||0||||4|Pencetakan buku agenda kerja|0||0||0||0||1000|PCS|77185|77185000||0|0|0||0|0|0|0||||0|0||||0|6432049|6432049|6432049|6432049|6432049|6432049|6432049|6432049|6432049|6432049|6432049|6432461|0||0|||1|0|00
2026|01|527010|015|08|WA|4715|EBA|01|51|1|994|002|DA|521119|019|A|0|0||0||||5|Pengisian Saldo Uang Elektonik Operasional|20|FR|12|BLN|0||0||240|FR|77188|18525000||0|0|0||0|0|0|0||||0|0||||0|1543742|1543742|1543742|1543742|1543742|1543742|1543742|1543742|1543742|1543742|1543742|1543838|0||0|||1|0|00
2026|01|527010|015|08|WA|4715|EBA|01|51|1|994|002|DA|521119|019|A|0|0||0|01||1|6|Seragam Kantor Pusat DJPb|0||0||0||0||0||0|0||0|0|0||0|0|0|0||||0|0||||0|0|0|0|0|0|0|0|0|0|0|0|0|0||0|||1|0|00
2026|01|527010|015|08|WA|4715|EBA|01|51|1|994|002|DA|521119|019|A|0|0||0|01|||7|Seragam ASN|1367|ORG|2|STEL|0||0||2734|STEL|822739|2249368000||0|0|0||0|0|0|0||||0|0||||0|187446341|187446341|187446341|187446341|187446341|187446341|187446341|187446341|187446341|187446341|187446341|187458249|0||0|||1|0|00
2026|01|527010|015|08|WA|4715|EBA|01|51|1|994|002|DA|521119|019|A|0|0||0|01|||8|Seragam PPNPN  Satpam|19|ORG|2|STEL|0||0||38|STEL|1439342|54694000||0|0|0||0|0|0|0||||0|0||||0|4557809|4557809|4557809|4557809|4557809|4557809|4557809|4557809|4557809|4557809|4557809|4558101|0||0|||1|0|00
2026|01|527010|015|08|WA|4715|EBA|01|51|1|994|002|DA|521119|019|A|0|0||0|01|||9|Seragam PPNPN  Pengemudi, Pramubhaksi, Petugas Kebersihan|161|ORG|2|STEL|0||0||322|STEL|670178|215797000||0|0|0||0|0|0|0||||0|0||||0|17982988|17982988|17982988|17982988|17982988|17982988|17982988|17982988|17982988|17982988|17982988|17984132|0||0|||1|0|00
2026|01|527010|015|08|WA|4715|EBA|01|51|1|994|002|DA|521811|019|A|0|0||0||||1|ATK  Pengadaan ATK dan bahan lainnya|0||0||0||0||12|BLN|20400000|244800000||0|0|0||0|0|0|0||||0|0||||0|20399892|20399892|20399892|20399892|20399892|20399892|20399892|20399892|20399892|20399892|20399892|20401188|0||0|||1|0|00
2026|01|527010|015|08|WA|4715|EBA|01|51|1|994|002|DA|521811|019|A|0|0||0||||2|ATK  Pengadaan supplies komputer|0||0||0||0||12|BLN|34000000|408000000||0|0|0||0|0|0|0||||0|0||||0|33999820|33999820|33999820|33999820|33999820|33999820|33999820|33999820|33999820|33999820|33999820|34001980|0||0|||1|0|00
2026|01|527010|015|08|WA|4715|EBA|01|51|1|994|002|DB|521114|019|A|0|0||0||||1|Biaya pengiriman suratdokumenbukuperalatan dan mesin|0||0||0||0||12|BLN|29450000|353400000||0|0|0||0|0|0|0||||0|0||||0|29449844|29449844|29449844|29449844|29449844|29449844|29449844|29449844|29449844|29449844|29449844|29451716|0||0|||1|0|00
2026|01|527010|015|08|WA|4715|EBA|01|51|1|994|002|DB|522111|019|A|0|0||0||||1|Langganan Listrik|0||0||0||0||12|BLN|1624812084|19497745000||0|0|0||0|0|0|0||||0|0||||0|1624803483|1624803483|1624803483|1624803483|1624803483|1624803483|1624803483|1624803483|1624803483|1624803483|1624803483|1624906687|0||0|||1|0|00
2026|01|527010|015|08|WA|4715|EBA|01|51|1|994|002|DB|522112|019|A|0|0||0||||1|Langganan Telepon|0||0||0||0||12|BLN|186666667|2240000000||0|0|0||0|0|0|0||||0|0||||0|186665679|186665679|186665679|186665679|186665679|186665679|186665679|186665679|186665679|186665679|186665679|186677531|0||0|||1|0|00
2026|01|527010|015|08|WA|4715|EBA|01|51|1|994|002|DB|522113|019|A|0|0||0||||1|Langganan Air|0||0||0||0||12|BLN|100000000|1200000000||0|0|0||0|0|0|0||||0|0||||0|99999471|99999471|99999471|99999471|99999471|99999471|99999471|99999471|99999471|99999471|99999471|100005819|0||0|||1|0|00
2026|01|527010|015|08|WA|4715|EBA|01|51|1|994|002|DB|522119|019|A|0|0||0||||1|Biaya Layanan Payment Gateway via VA dan KKP|0||0||0||0||12|BLN|30000000|360000000||0|0|0||0|0|0|0||||0|0||||0|29999841|29999841|29999841|29999841|29999841|29999841|29999841|29999841|29999841|29999841|29999841|30001749|0||0|||1|0|00
2026|01|527010|015|08|WA|4715|EBA|01|51|1|994|002|DC|521115|019|A|0|0||0||||1|Honorarium KPA|1|ORG|12|BLN|0||0||12|OB|2860000|34320000||0|0|0||0|0|0|0||||0|0||||0|2859985|2859985|2859985|2859985|2859985|2859985|2859985|2859985|2859985|2859985|2859985|2860165|0||0|||1|0|00
2026|01|527010|015|08|WA|4715|EBA|01|51|1|994|002|DC|521115|019|A|0|0||0||||10|Honorarium Staf Pembantu PPK Belanja Barang dan Modal TIK|2|ORG|12|BLN|0||0||24|OB|950000|22800000||0|0|0||0|0|0|0||||0|0||||0|1899990|1899990|1899990|1899990|1899990|1899990|1899990|1899990|1899990|1899990|1899990|1900110|0||0|||1|0|00
2026|01|527010|015|08|WA|4715|EBA|01|51|1|994|002|DC|521115|019|A|0|0||0||||11|Honorarium Staf Pembantu PPK Belanja Barang dan Modal Non TIK|8|ORG|12|BLN|0||0||96|OB|490000|47040000||0|0|0||0|0|0|0||||0|0||||0|3919979|3919979|3919979|3919979|3919979|3919979|3919979|3919979|3919979|3919979|3919979|3920231|0||0|||1|0|00
2026|01|527010|015|08|WA|4715|EBA|01|51|1|994|002|DC|521115|019|A|0|0||0||||12|Honorarium Pengelola SAI|0||0||0||0||12|BLN|1800000|21600000||0|0|0||0|0|0|0||||0|0||||0|1799990|1799990|1799990|1799990|1799990|1799990|1799990|1799990|1799990|1799990|1799990|1800110|0||0|||1|0|00
2026|01|527010|015|08|WA|4715|EBA|01|51|1|994|002|DC|521115|019|A|0|0||0||||13|Honorarium Pejabat Pengadaan BarangJasa|14|ORG|12|BLN|0||0||168|OB|680000|114240000||0|0|0||0|0|0|0||||0|0||||0|9519950|9519950|9519950|9519950|9519950|9519950|9519950|9519950|9519950|9519950|9519950|9520550|0||0|||1|0|00
2026|01|527010|015|08|WA|4715|EBA|01|51|1|994|002|DC|521115|019|A|0|0||0||||14|Honorarium POKJA Pemilihan|5|ORG|5|POKJA|3|PKT|0||75|PKT|760000|57000000||0|0|0||0|0|0|0||||0|0||||0|4749975|4749975|4749975|4749975|4749975|4749975|4749975|4749975|4749975|4749975|4749975|4750275|0||0|||1|0|00
2026|01|527010|015|08|WA|4715|EBA|01|51|1|994|002|DC|521115|019|A|0|0||0||||2|Honorarium Pejabat Penandatangan SPM|1|ORG|12|BLN|0||0||12|OB|1470000|17640000||0|0|0||0|0|0|0||||0|0||||0|1469992|1469992|1469992|1469992|1469992|1469992|1469992|1469992|1469992|1469992|1469992|1470088|0||0|||1|0|00
2026|01|527010|015|08|WA|4715|EBA|01|51|1|994|002|DC|521115|019|A|0|0||0||||3|Honorarium PPK Belanja Pegawai|1|ORG|12|BLN|0||0||12|OB|1750000|21000000||0|0|0||0|0|0|0||||0|0||||0|1749991|1749991|1749991|1749991|1749991|1749991|1749991|1749991|1749991|1749991|1749991|1750099|0||0|||1|0|00
2026|01|527010|015|08|WA|4715|EBA|01|51|1|994|002|DC|521115|019|A|0|0||0||||4|Honorarium PPK Belanja Barang dan Modal TIK|1|ORG|12|BLN|0||0||12|OB|2780000|33360000||0|0|0||0|0|0|0||||0|0||||0|2779985|2779985|2779985|2779985|2779985|2779985|2779985|2779985|2779985|2779985|2779985|2780165|0||0|||1|0|00
2026|01|527010|015|08|WA|4715|EBA|01|51|1|994|002|DC|521115|019|A|0|0||0||||5|Honorarium PPK Belanja Barang dan Modal Non TIK|4|ORG|12|BLN|0||0||48|OB|1750000|84000000||0|0|0||0|0|0|0||||0|0||||0|6999963|6999963|6999963|6999963|6999963|6999963|6999963|6999963|6999963|6999963|6999963|7000407|0||0|||1|0|00
2026|01|527010|015|08|WA|4715|EBA|01|51|1|994|002|DC|521115|019|A|0|0||0||||6|Honorarium Bendahara Pengeluaran|1|ORG|12|BLN|0||0||12|OB|1280000|15360000||0|0|0||0|0|0|0||||0|0||||0|1279993|1279993|1279993|1279993|1279993|1279993|1279993|1279993|1279993|1279993|1279993|1280077|0||0|||1|0|00
2026|01|527010|015|08|WA|4715|EBA|01|51|1|994|002|DC|521115|019|A|0|0||0||||7|Honorarium PPABP|1|ORG|12|BLN|0||0||12|OB|490000|5880000||0|0|0||0|0|0|0||||0|0||||0|489997|489997|489997|489997|489997|489997|489997|489997|489997|489997|489997|490033|0||0|||1|0|00
2026|01|527010|015|08|WA|4715|EBA|01|51|1|994|002|DC|521115|019|A|0|0||0||||8|Honorarium Staf Pembantu KPA|1|ORG|12|BLN|0||0||12|OB|950000|11400000||0|0|0||0|0|0|0||||0|0||||0|949995|949995|949995|949995|949995|949995|949995|949995|949995|949995|949995|950055|0||0|||1|0|00
2026|01|527010|015|08|WA|4715|EBA|01|51|1|994|002|DC|521115|019|A|0|0||0||||9|Honorarium Staf Pembantu PPK Belanja Pegawai|1|ORG|12|BLN|0||0||12|OB|490000|5880000||0|0|0||0|0|0|0||||0|0||||0|489997|489997|489997|489997|489997|489997|489997|489997|489997|489997|489997|490033|0||0|||1|0|00
2026|01|527010|015|08|WA|4715|EBA|01|51|1|994|002|DD|523121|019|A|0|0||0||||1|Pemeliharaan Kendaraan Pejabat Eselon I|0||0||0||0||1|UNIT|40580000|40580000||0|0|0||0|0|0|0||||0|0||||0|3381649|3381649|3381649|3381649|3381649|3381649|3381649|3381649|3381649|3381649|3381649|3381861|0||0|||1|0|00
2026|01|527010|015|08|WA|4715|EBA|01|51|1|994|002|DD|523121|019|A|0|0||0||||10|Pemeliharaan CCTV|0||0||0||0||40|UNIT|479100|19164000||0|0|0||0|0|0|0||||0|0||||0|1596992|1596992|1596992|1596992|1596992|1596992|1596992|1596992|1596992|1596992|1596992|1597088|0||0|||1|0|00
2026|01|527010|015|08|WA|4715|EBA|01|51|1|994|002|DD|523121|019|A|0|0||0||||11|Pemeliharaan Sound System|0||0||0||0||2|UNIT|479000|958000||0|0|0||0|0|0|0||||0|0||||0|79833|79833|79833|79833|79833|79833|79833|79833|79833|79833|79833|79837|0||0|||1|0|00
2026|01|527010|015|08|WA|4715|EBA|01|51|1|994|002|DD|523121|019|A|0|0||0||||12|Pemeliharaan Genset Kantor Pusat|0||0||0||0||3|UNIT|15221000|45663000||0|0|0||0|0|0|0||||0|0||||0|3805230|3805230|3805230|3805230|3805230|3805230|3805230|3805230|3805230|3805230|3805230|3805470|0||0|||1|0|00
2026|01|527010|015|08|WA|4715|EBA|01|51|1|994|002|DD|523121|019|A|0|0||0||||13|Pemeliharaan Genset Kantor Vertikal|0||0||0||0||2|UNIT|6353000|12706000||0|0|0||0|0|0|0||||0|0||||0|1058828|1058828|1058828|1058828|1058828|1058828|1058828|1058828|1058828|1058828|1058828|1058892|0||0|||1|0|00
2026|01|527010|015|08|WA|4715|EBA|01|51|1|994|002|DD|523121|019|A|0|0||0||||14|Pemeliharaan Televisi|0||0||0||0||5|UNIT|239600|1198000||0|0|0||0|0|0|0||||0|0||||0|99833|99833|99833|99833|99833|99833|99833|99833|99833|99833|99833|99837|0||0|||1|0|00
2026|01|527010|015|08|WA|4715|EBA|01|51|1|994|002|DD|523121|019|A|0|0||0||||15|Pemeliharaan LED|0||0||0||0||1|UNIT|23955000|23955000||0|0|0||0|0|0|0||||0|0||||0|1996239|1996239|1996239|1996239|1996239|1996239|1996239|1996239|1996239|1996239|1996239|1996371|0||0|||1|0|00
2026|01|527010|015|08|WA|4715|EBA|01|51|1|994|002|DD|523121|019|A|0|0||0||||16|Pemeliharaan Mesin Absensi Hand Key|0||0||0||0||41|UNIT|958196|39286000||0|0|0||0|0|0|0||||0|0||||0|3273816|3273816|3273816|3273816|3273816|3273816|3273816|3273816|3273816|3273816|3273816|3274024|0||0|||1|0|00
2026|01|527010|015|08|WA|4715|EBA|01|51|1|994|002|DD|523121|019|A|0|0||0||||17|Pemeliharaan Mesin Fax, Mesin Fotocopy, Copy Board, Alat Cetak, Mesin Penyortir, Lemari Es, Access Door|0||0||0||0||57|UNIT|958193|54617000||0|0|0||0|0|0|0||||0|0||||0|4551393|4551393|4551393|4551393|4551393|4551393|4551393|4551393|4551393|4551393|4551393|4551677|0||0|||1|0|00
2026|01|527010|015|08|WA|4715|EBA|01|51|1|994|002|DD|523121|019|A|0|0||0||||18|Pemeliharaan Meubelair|0||0||0||0||1210|UNIT|95820|115942000||0|0|0||0|0|0|0||||0|0||||0|9661782|9661782|9661782|9661782|9661782|9661782|9661782|9661782|9661782|9661782|9661782|9662398|0||0|||1|0|00
2026|01|527010|015|08|WA|4715|EBA|01|51|1|994|002|DD|523121|019|A|0|0||0||||19|Pemeliharaan Pompa Air|0||0||0||0||12|UNIT|958167|11498000||0|0|0||0|0|0|0||||0|0||||0|958162|958162|958162|958162|958162|958162|958162|958162|958162|958162|958162|958218|0||0|||1|0|00
2026|01|527010|015|08|WA|4715|EBA|01|51|1|994|002|DD|523121|019|A|0|0||0||||2|Pemeliharaan Kendaraan Pejabat Eselon II|0||0||0||0||9|UNIT|40713889|366425000||0|0|0||0|0|0|0||||0|0||||0|30535255|30535255|30535255|30535255|30535255|30535255|30535255|30535255|30535255|30535255|30535255|30537195|0||0|||1|0|00
2026|01|527010|015|08|WA|4715|EBA|01|51|1|994|002|DD|523121|019|A|0|0||0||||3|Pemeliharaan Kendaraan Roda 4|0||0||0||0||40|UNIT|33537000|1341480000||0|0|0||0|0|0|0||||0|0||||0|111789408|111789408|111789408|111789408|111789408|111789408|111789408|111789408|111789408|111789408|111789408|111796512|0||0|||1|0|00
2026|01|527010|015|08|WA|4715|EBA|01|51|1|994|002|DD|523121|019|A|0|0||0||||4|Pemeliharaan Kendaraan Roda 6|0||0||0||0||2|UNIT|35559000|71118000||0|0|0||0|0|0|0||||0|0||||0|5926469|5926469|5926469|5926469|5926469|5926469|5926469|5926469|5926469|5926469|5926469|5926841|0||0|||1|0|00
2026|01|527010|015|08|WA|4715|EBA|01|51|1|994|002|DD|523121|019|A|0|0||0||||5|Pemeliharaan Kendaraan Roda 2|0||0||0||0||22|UNIT|4311910|94862000||0|0|0||0|0|0|0||||0|0||||0|7905125|7905125|7905125|7905125|7905125|7905125|7905125|7905125|7905125|7905125|7905125|7905625|0||0|||1|0|00
2026|01|527010|015|08|WA|4715|EBA|01|51|1|994|002|DD|523121|019|A|0|0||0||||6|Pemeliharaan AC Sentral|0||0||0||0||15|UNIT|2874600|43119000||0|0|0||0|0|0|0||||0|0||||0|3593231|3593231|3593231|3593231|3593231|3593231|3593231|3593231|3593231|3593231|3593231|3593459|0||0|||1|0|00
2026|01|527010|015|08|WA|4715|EBA|01|51|1|994|002|DD|523121|019|A|0|0||0||||7|Pemeliharaan AC Split|0||0||0||0||3|UNIT|292334|877000||0|0|0||0|0|0|0||||0|0||||0|73083|73083|73083|73083|73083|73083|73083|73083|73083|73083|73083|73087|0||0|||1|0|00
2026|01|527010|015|08|WA|4715|EBA|01|51|1|994|002|DD|523121|019|A|0|0||0||||8|Pemeliharaan Alat Pemadam Kebakaran|0||0||0||0||84|UNIT|95822|8049000||0|0|0||0|0|0|0||||0|0||||0|670746|670746|670746|670746|670746|670746|670746|670746|670746|670746|670746|670794|0||0|||1|0|00
2026|01|527010|015|08|WA|4715|EBA|01|51|1|994|002|DD|523121|019|A|0|0||0||||9|Pemeliharaan LCD Projector|0||0||0||0||48|UNIT|287459|13798000||0|0|0||0|0|0|0||||0|0||||0|1149827|1149827|1149827|1149827|1149827|1149827|1149827|1149827|1149827|1149827|1149827|1149903|0||0|||1|0|00
2026|01|527010|015|08|WA|4715|EBA|01|51|1|994|002|DE|523111|019|A|0|0||0||||1|Gedung Prijadi Praptosuhardjo I  Jl. Lapangan Banteng Timur No. 24 (Bertingkat)|0||0||0||0||10000|M2|157145|1571450000||0|0|0||0|0|0|0||||0|0||||0|130953474|130953474|130953474|130953474|130953474|130953474|130953474|130953474|130953474|130953474|130953474|130961786|0||0|||1|0|00
2026|01|527010|015|08|WA|4715|EBA|01|51|1|994|002|DE|523111|019|A|0|0||0||||10|Gazebo Taman  Jl. Lapangan Banteng Timur No. 24 (Tidak Bertingkat)|0||0||0||0||27|M2|127445|3441000||0|0|0||0|0|0|0||||0|0||||0|286748|286748|286748|286748|286748|286748|286748|286748|286748|286748|286748|286772|0||0|||1|0|00
2026|01|527010|015|08|WA|4715|EBA|01|51|1|994|002|DE|523111|019|A|0|0||0||||11|Gedung DWP  Jl. Budi Utomo No. 2 (Tidak Bertingkat)|0||0||0||0||10|M2|127400|1274000||0|0|0||0|0|0|0||||0|0||||0|106166|106166|106166|106166|106166|106166|106166|106166|106166|106166|106166|106174|0||0|||1|0|00
2026|01|527010|015|08|WA|4715|EBA|01|51|1|994|002|DE|523111|019|A|0|0||0||||12|Halaman Gudang BMN  Jl. Raya Daan Mogot|0||0||0||0||1710|M2|7666|13108000||0|0|0||0|0|0|0||||0|0||||0|1092328|1092328|1092328|1092328|1092328|1092328|1092328|1092328|1092328|1092328|1092328|1092392|0||0|||1|0|00
2026|01|527010|015|08|WA|4715|EBA|01|51|1|994|002|DE|523111|019|A|0|0||0||||13|Halaman Gedung Prijadi Praptosuhardjo I  Jl. Lapangan Banteng Timur No. 24|0||0||0||0||960|M2|7666|7359000||0|0|0||0|0|0|0||||0|0||||0|613247|613247|613247|613247|613247|613247|613247|613247|613247|613247|613247|613283|0||0|||1|0|00
2026|01|527010|015|08|WA|4715|EBA|01|51|1|994|002|DE|523111|019|A|0|0||0||||14|Halaman Gedung Prijadi Praptosuhardjo III A dan III B  Jl. Budi Utomo No.6  Jl. Wahidin II No. 3|0||0||0||0||1287|M2|7666|9866000||0|0|0||0|0|0|0||||0|0||||0|822162|822162|822162|822162|822162|822162|822162|822162|822162|822162|822162|822218|0||0|||1|0|00
2026|01|527010|015|08|WA|4715|EBA|01|51|1|994|002|DE|523111|019|A|0|0||0||||2|Gedung Prijadi Praptosuhardjo III A dan III B   Jl. Budi Utomo No.6Wahidin II No. 3 (Bertingkat)|0||0||0||0||9753|M2|157145|1532635000||0|0|0||0|0|0|0||||0|0||||0|127718907|127718907|127718907|127718907|127718907|127718907|127718907|127718907|127718907|127718907|127718907|127727023|0||0|||1|0|00
2026|01|527010|015|08|WA|4715|EBA|01|51|1|994|002|DE|523111|019|A|0|0||0||||3|Gedung KPPN  Jl. Budi Utomo No.3 (Tidak Bertingkat)|0||0||0||0||250|M2|127426|31856000||0|0|0||0|0|0|0||||0|0||||0|2654653|2654653|2654653|2654653|2654653|2654653|2654653|2654653|2654653|2654653|2654653|2654817|0||0|||1|0|00
2026|01|527010|015|08|WA|4715|EBA|01|51|1|994|002|DE|523111|019|A|0|0||0||||4|Gedung Jusuf Anwar  Jl. Lapangan Banteng Timur No. 1 Blok C (Tidak Bertingkat)|0||0||0||0||6430|M2|127441|819445000||0|0|0||0|0|0|0||||0|0||||0|68286722|68286722|68286722|68286722|68286722|68286722|68286722|68286722|68286722|68286722|68286722|68291058|0||0|||1|0|00
2026|01|527010|015|08|WA|4715|EBA|01|51|1|994|002|DE|523111|019|A|0|0||0||||5|Gedung Prijadi Praptosuhardjo II  Jl. Lapangan Banteng Timur No. 1 (Bertingkat)|0||0||0||0||3822|M2|157145|600608000||0|0|0||0|0|0|0||||0|0||||0|50050402|50050402|50050402|50050402|50050402|50050402|50050402|50050402|50050402|50050402|50050402|50053578|0||0|||1|0|00
2026|01|527010|015|08|WA|4715|EBA|01|51|1|994|002|DE|523111|019|A|0|0||0||||6|Gedung Eks Bawaslu  Jl. Kopi No. 10 (Bertingkat)|0||0||0||0||564|M2|157141|88627000||0|0|0||0|0|0|0||||0|0||||0|7385544|7385544|7385544|7385544|7385544|7385544|7385544|7385544|7385544|7385544|7385544|7386016|0||0|||1|0|00
2026|01|527010|015|08|WA|4715|EBA|01|51|1|994|002|DE|523111|019|A|0|0||0||||7|Gudang Arsip  Jl. Cempaka Baru Timur (Bertingkat)|0||0||0||0||317|M2|157146|49815000||0|0|0||0|0|0|0||||0|0||||0|4151228|4151228|4151228|4151228|4151228|4151228|4151228|4151228|4151228|4151228|4151228|4151492|0||0|||1|0|00
2026|01|527010|015|08|WA|4715|EBA|01|51|1|994|002|DE|523111|019|A|0|0||0||||8|Gudang BMN  Jl. Raya Daan Mogot (Tidak Bertingkat)|0||0||0||0||5855|M2|127441|746167000||0|0|0||0|0|0|0||||0|0||||0|62180254|62180254|62180254|62180254|62180254|62180254|62180254|62180254|62180254|62180254|62180254|62184206|0||0|||1|0|00
2026|01|527010|015|08|WA|4715|EBA|01|51|1|994|002|DE|523111|019|A|0|0||0||||9|Gedung Pondok Bambu  Jl. Pahlawan Revolusi (Tidak Bertingkat)|0||0||0||0||680|M2|127439|86658000||0|0|0||0|0|0|0||||0|0||||0|7221462|7221462|7221462|7221462|7221462|7221462|7221462|7221462|7221462|7221462|7221462|7221918|0||0|||1|0|00
2026|01|527010|015|08|WA|4715|EBA|01|51|1|994|002|DE|523119|019|A|0|0||0||||1|Rumah Negara Golongan I|0||0||0||0||1224|M2|112110|137222000||0|0|0||0|0|0|0||||0|0||||0|11435106|11435106|11435106|11435106|11435106|11435106|11435106|11435106|11435106|11435106|11435106|11435834|0||0|||1|0|00
2026|01|527010|015|08|WA|4715|EBA|01|51|1|994|002|DE|523119|019|A|0|0||0||||2|Halaman Rumah Negara Golongan I|0||0||0||0||818|M2|7650|6257000||0|0|0||0|0|0|0||||0|0||||0|521414|521414|521414|521414|521414|521414|521414|521414|521414|521414|521414|521446|0||0|||1|0|00
2026|01|527010|015|08|WA|4715|EBA|01|51|1|994|002|DE|523119|019|A|0|0||0||||3|Halaman Rumah Negara Golongan II|0||0||0||0||33796|M2|7666|259080000||0|0|0||0|0|0|0||||0|0||||0|21589886|21589886|21589886|21589886|21589886|21589886|21589886|21589886|21589886|21589886|21589886|21591254|0||0|||1|0|00
2026|01|527010|015|08|WA|4715|EBA|01|51|1|994|002|HA|521115|019|A|0|0||0|01||1|1|Honor Penanggung jawab Pengelola Keuangan DIPA Penerusan Pinjaman|0||0||0||0||0||0|0||0|0|0||0|0|0|0||||0|0||||0|0|0|0|0|0|0|0|0|0|0|0|0|0||0|||1|0|00
2026|01|527010|015|08|WA|4715|EBA|01|51|1|994|002|HA|521115|019|A|0|0||0|02|||10|Staff Pengelola Keuangan|4|ORG|12|BLN|0||0||48|OB|1100000|52800000||0|0|0||0|0|0|0||||0|0||||0|4399977|4399977|4399977|4399977|4399977|4399977|4399977|4399977|4399977|4399977|4399977|4400253|0||0|||1|0|00
2026|01|527010|015|08|WA|4715|EBA|01|51|1|994|002|HA|521115|019|A|0|0||0|03||1|11|Honor Penanggung jawab pengelola keuangan DIPA Investasi Pemerintah|0||0||0||0||0||0|0||0|0|0||0|0|0|0||||0|0||||0|0|0|0|0|0|0|0|0|0|0|0|0|0||0|||1|0|00
2026|01|527010|015|08|WA|4715|EBA|01|51|1|994|002|HA|521115|019|A|0|0||0|03|||12|Pejabat KPA|1|ORG|12|BLN|0||0||12|OB|3704500|44454000||0|0|0||0|0|0|0||||0|0||||0|3704480|3704480|3704480|3704480|3704480|3704480|3704480|3704480|3704480|3704480|3704480|3704720|0||0|||1|0|00
2026|01|527010|015|08|WA|4715|EBA|01|51|1|994|002|HA|521115|019|A|0|0||0|03|||13|Pejabat Pembuat Komitmen DPPN|1|ORG|12|BLN|0||0||12|OB|3000000|36000000||0|0|0||0|0|0|0||||0|0||||0|2999984|2999984|2999984|2999984|2999984|2999984|2999984|2999984|2999984|2999984|2999984|3000176|0||0|||1|0|00
2026|01|527010|015|08|WA|4715|EBA|01|51|1|994|002|HA|521115|019|A|0|0||0|03|||14|Pejabat Pembuat Komitmen Dana Bergulir|1|ORG|12|BLN|0||0||12|OB|3000000|36000000||0|0|0||0|0|0|0||||0|0||||0|2999984|2999984|2999984|2999984|2999984|2999984|2999984|2999984|2999984|2999984|2999984|3000176|0||0|||1|0|00
2026|01|527010|015|08|WA|4715|EBA|01|51|1|994|002|HA|521115|019|A|0|0||0|03|||15|Pejabat Penguji dan Penandatangan SPMKPA|1|ORG|12|BLN|0||0||12|OB|2150000|25800000||0|0|0||0|0|0|0||||0|0||||0|2149989|2149989|2149989|2149989|2149989|2149989|2149989|2149989|2149989|2149989|2149989|2150121|0||0|||1|0|00
2026|01|527010|015|08|WA|4715|EBA|01|51|1|994|002|HA|521115|019|A|0|0||0|03|||16|Staff Pengelola Keuangan|5|ORG|12|BLN|0||0||60|OB|1350000|81000000||0|0|0||0|0|0|0||||0|0||||0|6749964|6749964|6749964|6749964|6749964|6749964|6749964|6749964|6749964|6749964|6749964|6750396|0||0|||1|0|00
2026|01|527010|015|08|WA|4715|EBA|01|51|1|994|002|HA|521115|019|A|0|0||0|01|||2|Honorarium Staf  Pengelola (pagu dana di atas  Rp1 triliun)|0||0||0||0||60|OB|1350000|81000000||0|0|0||0|0|0|0||||0|0||||0|6749964|6749964|6749964|6749964|6749964|6749964|6749964|6749964|6749964|6749964|6749964|6750396|0||0|||1|0|00
2026|01|527010|015|08|WA|4715|EBA|01|51|1|994|002|HA|521115|019|A|0|0||0|01|||3|Honorarium Pejabat Pembuat Komitmen (pagu dana di atas  Rp1 triliun)|0||0||0||0||24|OB|3000000|72000000||0|0|0||0|0|0|0||||0|0||||0|5999968|5999968|5999968|5999968|5999968|5999968|5999968|5999968|5999968|5999968|5999968|6000352|0||0|||1|0|00
2026|01|527010|015|08|WA|4715|EBA|01|51|1|994|002|HA|521115|019|A|0|0||0|01|||4|Pejabat KPA|1|ORG|12|BLN|0||0||12|OB|3704500|44454000||0|0|0||0|0|0|0||||0|0||||0|3704480|3704480|3704480|3704480|3704480|3704480|3704480|3704480|3704480|3704480|3704480|3704720|0||0|||1|0|00
2026|01|527010|015|08|WA|4715|EBA|01|51|1|994|002|HA|521115|019|A|0|0||0|01|||5|Pejabat Penguji dan Penandatangan SPMKPA|1|ORG|12|BLN|0||0||12|OB|2150000|25800000||0|0|0||0|0|0|0||||0|0||||0|2149989|2149989|2149989|2149989|2149989|2149989|2149989|2149989|2149989|2149989|2149989|2150121|0||0|||1|0|00
2026|01|527010|015|08|WA|4715|EBA|01|51|1|994|002|HA|521115|019|A|0|0||0|02||1|6|Honor Penanggung jawab Pengelola Keungan DIPA Subsidi dan Transfer|0||0||0||0||0||0|0||0|0|0||0|0|0|0||||0|0||||0|0|0|0|0|0|0|0|0|0|0|0|0|0||0|||1|0|00
2026|01|527010|015|08|WA|4715|EBA|01|51|1|994|002|HA|521115|019|A|0|0||0|02|||7|Pejabat KPA|1|ORG|12|BLN|0||0||12|OB|2900000|34800000||0|0|0||0|0|0|0||||0|0||||0|2899985|2899985|2899985|2899985|2899985|2899985|2899985|2899985|2899985|2899985|2899985|2900165|0||0|||1|0|00
2026|01|527010|015|08|WA|4715|EBA|01|51|1|994|002|HA|521115|019|A|0|0||0|02|||8|Pejabat Pembuat Komitmen|1|ORG|12|BLN|0||0||12|OB|2750000|33000000||0|0|0||0|0|0|0||||0|0||||0|2749985|2749985|2749985|2749985|2749985|2749985|2749985|2749985|2749985|2749985|2749985|2750165|0||0|||1|0|00
2026|01|527010|015|08|WA|4715|EBA|01|51|1|994|002|HA|521115|019|A|0|0||0|02|||9|Pejabat Penguji dan Penandatangan SPMKPA|1|ORG|12|BLN|0||0||12|OB|1600000|19200000||0|0|0||0|0|0|0||||0|0||||0|1599992|1599992|1599992|1599992|1599992|1599992|1599992|1599992|1599992|1599992|1599992|1600088|0||0|||1|0|00
2026|01|527010|015|08|WA|4715|EBA|01|51|1|994|002|IA|521111|019|A|0|0||0|01||1|1|Belanja Keperluan Perkantoran|0||0||0||0||0||0|0||0|0|0||0|0|0|0||||0|0||||0|0|0|0|0|0|0|0|0|0|0|0|0|0||0|||1|0|00
2026|01|527010|015|08|WA|4715|EBA|01|51|1|994|002|IA|521111|019|A|0|0||0|01|||2|Pencetakan dan Penggandaan|2|PAKET|5|SUB|1|FR|0||10|OF|2098920|20989000||0|0|0||0|0|0|0||||0|0||||0|1749074|1749074|1749074|1749074|1749074|1749074|1749074|1749074|1749074|1749074|1749074|1749186|0||0|||1|0|00
2026|01|527010|015|08|WA|4715|EBA|01|51|1|994|002|IA|521111|019|A|0|0||0|01|||3|Biaya Langganan|1|PAKET|4|USER|1|FR|0||4|FR|6000000|24000000||0|0|0||0|0|0|0||||0|0||||0|1999989|1999989|1999989|1999989|1999989|1999989|1999989|1999989|1999989|1999989|1999989|2000121|0||0|||1|0|00
2026|01|527010|015|08|WA|4715|EBA|01|51|1|994|002|OA|522119|019|A|0|0||0||||1|Belanja Jasa Dealing Phone Avaya|1|KEG|1|TAHUN|0||0||1|THN|120000000|120000000||0|0|0||0|0|0|0||||0|0||||0|9999947|9999947|9999947|9999947|9999947|9999947|9999947|9999947|9999947|9999947|9999947|10000583|0||0|||1|0|00
2026|01|527010|015|08|WA|4715|EBA|01|51|1|994|002|PA|521115|019|A|0|0||0||||1|Staf Pengelola Keuangan (Nilai pagu dana di atas Rp 1 triliun)|6|org|12|frek|0||0||72|OF|1720000|123840000||0|0|0||0|0|0|0||||0|0||||0|10319945|10319945|10319945|10319945|10319945|10319945|10319945|10319945|10319945|10319945|10319945|10320605|0||0|||1|0|00
2026|01|527010|015|08|WA|4715|EBA|01|51|1|994|002|PA|521115|019|A|0|0||0||||2|Staf Pengelola UAPPA Barang E1|1|org|12|fr|0||0||12|OF|150000|1800000||0|0|0||0|0|0|0||||0|0||||0|149999|149999|149999|149999|149999|149999|149999|149999|149999|149999|149999|150011|0||0|||1|0|00
2026|01|527010|015|08|WA|4715|EBA|01|51|1|994|002|PA|521115|019|A|0|0||0||||3|Pejabat Kuasa Pengguna Anggaran (Nilai pagu dana di atas Rp 1 triliun)|1|org|12|fr|0||0||12|OF|4430000|53160000||0|0|0||0|0|0|0||||0|0||||0|4429977|4429977|4429977|4429977|4429977|4429977|4429977|4429977|4429977|4429977|4429977|4430253|0||0|||1|0|00
2026|01|527010|015|08|WA|4715|EBA|01|51|1|994|002|PA|521115|019|A|0|0||0||||4|Pejabat Pembuat Komitmen (Nilai pagu dana di atas Rp 1 triliun)|3|org|12|fr|0||0||36|OF|4290000|154440000||0|0|0||0|0|0|0||||0|0||||0|12869932|12869932|12869932|12869932|12869932|12869932|12869932|12869932|12869932|12869932|12869932|12870748|0||0|||1|0|00
2026|01|527010|015|08|WA|4715|EBA|01|51|1|994|002|PA|521115|019|A|0|0||0||||5|Pejabat Penguji Tagihan dan PPSPM (Nilai pagu dana di atas Rp 1 triliun)|1|org|12|fr|0||0||12|OF|2660000|31920000||0|0|0||0|0|0|0||||0|0||||0|2659986|2659986|2659986|2659986|2659986|2659986|2659986|2659986|2659986|2659986|2659986|2660154|0||0|||1|0|00
2026|01|527010|015|08|WA|4715|EBA|01|51|1|994|002|PA|521115|019|A|0|0||0||||6|Penanggung jawab UAPPA Barang E1|2|org|12|fr|0||0||24|OF|200000|4800000||0|0|0||0|0|0|0||||0|0||||0|399998|399998|399998|399998|399998|399998|399998|399998|399998|399998|399998|400022|0||0|||1|0|00
2026|01|527010|015|08|WA|4715|EBA|01|51|1|994|002|TJ|523121|019|A|0|0||0||||1|Pemeliharaan KomputerLaptop|0||0||0||0||3909|UNIT|239551|936404000||0|0|0||0|0|0|0||||0|0||||0|78033254|78033254|78033254|78033254|78033254|78033254|78033254|78033254|78033254|78033254|78033254|78038206|0||0|||1|0|00
2026|01|527010|015|08|WA|4715|EBA|01|51|1|994|002|TJ|523121|019|A|0|0||0||||2|Pemeliharaan Printer|0||0||0||0||1|UNIT|328000|328000||0|0|0||0|0|0|0||||0|0||||0|27333|27333|27333|27333|27333|27333|27333|27333|27333|27333|27333|27337|0||0|||1|0|00
2026|01|527010|015|08|WA|4715|EBA|01|51|1|994|002|TJ|523121|019|A|0|0||0||||3|Pemeliharaan AVR Kantor Pusat|0||0||0||0||11|UNIT|9458819|104047000||0|0|0||0|0|0|0||||0|0||||0|8670537|8670537|8670537|8670537|8670537|8670537|8670537|8670537|8670537|8670537|8670537|8671093|0||0|||1|0|00
2026|01|527010|015|08|WA|4715|EBA|01|51|1|994|002|TJ|523121|019|A|0|0||0||||4|Pemeliharaan UPS Kantor Pusat|0||0||0||0||4|UNIT|191750|767000||0|0|0||0|0|0|0||||0|0||||0|63913|63913|63913|63913|63913|63913|63913|63913|63913|63913|63913|63957|0||0|||1|0|00
2026|01|527010|015|08|WA|4715|EBA|01|51|1|003|100|DA|521211|019|A|0|0||0||||1|KDM  Konsumsi Makan Pemeriksa|20|ORG|8|HR|1|KL|0||160|OK|35913|5746000||0|0|0||0|0|0|0||||0|0||||0|478000|478000|478000|478000|478000|478000|478000|478000|478000|478000|478000|488000|0||0|||1|0|00
2026|01|527010|015|08|WA|4715|EBA|01|51|1|003|100|DA|521211|019|A|0|0||0||||2|KDM  Konsumsi Snack Pemeriksa|20|ORG|8|HR|1|KL|0||160|OK|15119|2419000||0|0|0||0|0|0|0||||0|0||||0|201000|201000|201000|201000|201000|201000|201000|201000|201000|201000|201000|208000|0||0|||1|0|00
2026|01|527010|015|08|WA|4715|EBA|01|51|1|003|100|DA|524111|019|A|0|0||0||||1|Akomodasi|2|ORG|2|HR|15|KL|0||60|OH|619917|37195000||0|0|0||0|0|0|0||||0|0||||0|3099000|3099000|3099000|3099000|3099000|3099000|3099000|3099000|3099000|3099000|3099000|3106000|0||0|||1|0|00
2026|01|527010|015|08|WA|4715|EBA|01|51|1|003|100|DA|524111|019|A|0|0||0||||2|Transport|2|ORG|15|KL|0||0||30|OK|1955834|58675000||0|0|0||0|0|0|0||||0|0||||0|4889000|4889000|4889000|4889000|4889000|4889000|4889000|4889000|4889000|4889000|4889000|4896000|0||0|||1|0|00
2026|01|527010|015|08|WA|4715|EBA|01|51|1|003|100|DA|524111|019|A|0|0||0||||3|Uang Harian|2|ORG|3|HR|15|KL|0||90|OH|266567|23991000||0|0|0||0|0|0|0||||0|0||||0|1999000|1999000|1999000|1999000|1999000|1999000|1999000|1999000|1999000|1999000|1999000|2002000|0||0|||1|0|00
2026|01|527010|015|08|WA|4715|EBA|01|51|1|003|100|DA|524113|019|A|0|0||0||||1|Transport Dalam Kota|5|ORG|2|HR|8|KL|0||80|OK|131738|10539000||0|0|0||0|0|0|0||||0|0||||0|878000|878000|878000|878000|878000|878000|878000|878000|878000|878000|878000|881000|0||0|||1|0|00
2026|01|527010|015|08|WA|4715|EBA|01|51|1|003|100|DB|521211|019|A|0|0||0||||1|KDM  Makan Rapat|20|ORG|15|HR|1|KL|0||300|OK|35910|10773000||0|0|0||0|0|0|0||||0|0||||0|897000|897000|897000|897000|897000|897000|897000|897000|897000|897000|897000|906000|0||0|||1|0|00
2026|01|527010|015|08|WA|4715|EBA|01|51|1|003|100|DB|521211|019|A|0|0||0||||2|KDM  Snack Rapat|20|ORG|15|HR|1|KL|0||300|OK|15120|4536000||0|0|0||0|0|0|0||||0|0||||0|378000|378000|378000|378000|378000|378000|378000|378000|378000|378000|378000|378000|0||0|||1|0|00
2026|01|527010|015|08|WA|4715|EBA|01|51|1|003|100|DB|524111|019|A|0|0||0||||1|Akomodasi|2|ORG|2|HR|15|KL|0||60|OH|619917|37195000||0|0|0||0|0|0|0||||0|0||||0|3099000|3099000|3099000|3099000|3099000|3099000|3099000|3099000|3099000|3099000|3099000|3106000|0||0|||1|0|00
2026|01|527010|015|08|WA|4715|EBA|01|51|1|003|100|DB|524111|019|A|0|0||0||||2|Transport|2|ORG|15|KL|0||0||30|OK|1970367|59111000||0|0|0||0|0|0|0||||0|0||||0|4925000|4925000|4925000|4925000|4925000|4925000|4925000|4925000|4925000|4925000|4925000|4936000|0||0|||1|0|00
2026|01|527010|015|08|WA|4715|EBA|01|51|1|003|100|DB|524111|019|A|0|0||0||||3|Uang Harian|2|ORG|3|HR|15|KL|0||90|OH|266567|23991000||0|0|0||0|0|0|0||||0|0||||0|1999000|1999000|1999000|1999000|1999000|1999000|1999000|1999000|1999000|1999000|1999000|2002000|0||0|||1|0|00
2026|01|527010|015|08|WA|4715|EBA|01|51|1|003|100|DB|524113|019|A|0|0||0||||1|Transport Dalam Kota|5|ORG|2|HR|8|KL|0||80|OK|131738|10539000||0|0|0||0|0|0|0||||0|0||||0|878000|878000|878000|878000|878000|878000|878000|878000|878000|878000|878000|881000|0||0|||1|0|00
2026|01|527010|015|08|WA|4715|EBA|01|51|1|003|100|DC|524111|019|A|0|0||0||||1|Akomodasi|2|ORG|2|HR|5|KL|0||20|OH|619900|12398000||0|0|0||0|0|0|0||||0|0||||0|1033000|1033000|1033000|1033000|1033000|1033000|1033000|1033000|1033000|1033000|1033000|1035000|0||0|||1|0|00
2026|01|527010|015|08|WA|4715|EBA|01|51|1|003|100|DC|524111|019|A|0|0||0||||2|Transport|2|ORG|5|KL|0||0||10|OK|1991500|19915000||0|0|0||0|0|0|0||||0|0||||0|1659000|1659000|1659000|1659000|1659000|1659000|1659000|1659000|1659000|1659000|1659000|1666000|0||0|||1|0|00
2026|01|527010|015|08|WA|4715|EBA|01|51|1|003|100|DC|524111|019|A|0|0||0||||3|Uang Harian|2|ORG|3|HR|5|KL|0||30|OH|266567|7997000||0|0|0||0|0|0|0||||0|0||||0|666000|666000|666000|666000|666000|666000|666000|666000|666000|666000|666000|671000|0||0|||1|0|00
2026|01|527010|015|08|WA|4715|EBA|01|51|1|002|100|AA|521211|019|A|0|0||0||||1|KDM  Snack Rapat|20|ORG|2|FREK|0||0||40|OK|15125|605000||0|0|0||0|0|0|0||||0|0||||0|50000|50000|50000|50000|50000|50000|50000|50000|50000|50000|50000|55000|0||0|||1|0|00
2026|01|527010|015|08|WA|4715|EBA|01|51|1|002|100|AA|521211|019|A|0|0||0||||2|KDM  Makan Rapat|20|ORG|1|FREK|0||0||20|OK|35900|718000||0|0|0||0|0|0|0||||0|0||||0|59000|59000|59000|59000|59000|59000|59000|59000|59000|59000|59000|69000|0||0|||1|0|00
2026|01|527010|015|08|WA|4715|EBA|01|51|1|002|100|AA|524111|019|A|0|0||0||||1|Akomodasi|2|ORG|4|LOK|2|HR|0||16|OH|515313|8245000||0|0|0||0|0|0|0||||0|0||||0|687000|687000|687000|687000|687000|687000|687000|687000|687000|687000|687000|688000|0||0|||1|0|00
2026|01|527010|015|08|WA|4715|EBA|01|51|1|002|100|AA|524111|019|A|0|0||0||||2|Transport|2|ORG|4|LOK|1|FREK|0||8|OK|2324750|18598000||0|0|0||0|0|0|0||||0|0||||0|1549000|1549000|1549000|1549000|1549000|1549000|1549000|1549000|1549000|1549000|1549000|1559000|0||0|||1|0|00
2026|01|527010|015|08|WA|4715|EBA|01|51|1|002|100|AA|524111|019|A|0|0||0||||3|Uang Saku Harian|2|ORG|4|LOK|3|HR|0||24|OH|271209|6509000||0|0|0||0|0|0|0||||0|0||||0|542000|542000|542000|542000|542000|542000|542000|542000|542000|542000|542000|547000|0||0|||1|0|00
2026|01|527010|015|08|WA|4715|EBA|01|51|1|002|100|CA|524111|019|A|0|0||0|01||1|1|Perjalanan Dinas Direktur Jenderal Perbendaharaan|0||0||0||0||0||0|0||0|0|0||0|0|0|0||||0|0||||0|0|0|0|0|0|0|0|0|0|0|0|0|0||0|||1|0|00
2026|01|527010|015|08|WA|4715|EBA|01|51|1|002|100|CA|524111|019|A|0|0||0|02|||10|Uang Representatif Eselon II|3|ORG|3|HR|10|LOK|0||90|OH|116234|10461000||0|0|0||0|0|0|0||||0|0||||0|871000|871000|871000|871000|871000|871000|871000|871000|871000|871000|871000|880000|0||0|||1|0|00
2026|01|527010|015|08|WA|4715|EBA|01|51|1|002|100|CA|524111|019|A|0|0||0|01|||2|Transport|3|ORG|7|LOK|2|FR|0||42|OK|2712143|113910000||0|0|0||0|0|0|0||||0|0||||0|9492000|9492000|9492000|9492000|9492000|9492000|9492000|9492000|9492000|9492000|9492000|9498000|0||0|||1|0|00
2026|01|527010|015|08|WA|4715|EBA|01|51|1|002|100|CA|524111|019|A|0|0||0|01|||3|Akomodasi|3|ORG|3|HR|7|LOK|2|FR|126|OH|488191|61512000||0|0|0||0|0|0|0||||0|0||||0|5126000|5126000|5126000|5126000|5126000|5126000|5126000|5126000|5126000|5126000|5126000|5126000|0||0|||1|0|00
2026|01|527010|015|08|WA|4715|EBA|01|51|1|002|100|CA|524111|019|A|0|0||0|01|||4|Uang saku harian|3|ORG|4|HR|7|LOK|2|FR|168|OH|297560|49990000||0|0|0||0|0|0|0||||0|0||||0|4165000|4165000|4165000|4165000|4165000|4165000|4165000|4165000|4165000|4165000|4165000|4175000|0||0|||1|0|00
2026|01|527010|015|08|WA|4715|EBA|01|51|1|002|100|CA|524111|019|A|0|0||0|01|||5|Uang Representatif Eselon I|1|ORG|4|HR|7|LOK|2|FR|56|OH|154983|8679000||0|0|0||0|0|0|0||||0|0||||0|723000|723000|723000|723000|723000|723000|723000|723000|723000|723000|723000|726000|0||0|||1|0|00
2026|01|527010|015|08|WA|4715|EBA|01|51|1|002|100|CA|524111|019|A|0|0||0|02||1|6|Perjalanan Dinas Sekretaris Ditjen Perbendaharaan|0||0||0||0||0||0|0||0|0|0||0|0|0|0||||0|0||||0|0|0|0|0|0|0|0|0|0|0|0|0|0||0|||1|0|00
2026|01|527010|015|08|WA|4715|EBA|01|51|1|002|100|CA|524111|019|A|0|0||0|02|||7|Transport|3|ORG|10|LOK|0||0||30|OF|2712134|81364000||0|0|0||0|0|0|0||||0|0||||0|6780000|6780000|6780000|6780000|6780000|6780000|6780000|6780000|6780000|6780000|6780000|6784000|0||0|||1|0|00
2026|01|527010|015|08|WA|4715|EBA|01|51|1|002|100|CA|524111|019|A|0|0||0|02|||8|Akomodasi|3|ORG|3|HR|10|LOK|1|FR|90|OH|488189|43937000||0|0|0||0|0|0|0||||0|0||||0|3661000|3661000|3661000|3661000|3661000|3661000|3661000|3661000|3661000|3661000|3661000|3666000|0||0|||1|0|00
2026|01|527010|015|08|WA|4715|EBA|01|51|1|002|100|CA|524111|019|A|0|0||0|02|||9|Uang saku harian|3|ORG|4|HR|10|LOK|0||120|OH|297559|35707000||0|0|0||0|0|0|0||||0|0||||0|2975000|2975000|2975000|2975000|2975000|2975000|2975000|2975000|2975000|2975000|2975000|2982000|0||0|||1|0|00
2026|01|527010|015|08|WA|4715|EBA|01|51|1|002|100|CA|524113|019|A|0|0||0||||1|Transport lokal|3|ORG|2|FR|12|BLN|0||72|OK|113667|8184000||0|0|0||0|0|0|0||||0|0||||0|682000|682000|682000|682000|682000|682000|682000|682000|682000|682000|682000|682000|0||0|||1|0|00
2026|01|527010|015|08|WA|4715|EBA|01|51|1|002|100|CA|524113|019|A|0|0||0||||2|Uang Harian Lebih dari 8 jam|3|ORG|2|FR|4|BLN|0||24|OH|121250|2910000||0|0|0||0|0|0|0||||0|0||||0|242000|242000|242000|242000|242000|242000|242000|242000|242000|242000|242000|248000|0||0|||1|0|00
2026|01|527010|015|08|WA|4715|EBA|01|51|1|002|100|CA|524211|019|A|0|0||0||||1|Transport|4|ORG|1|KL|0||0||4|OK|13577250|54309000||0|0|0||0|0|0|0||||0|0||||0|4525000|4525000|4525000|4525000|4525000|4525000|4525000|4525000|4525000|4525000|4525000|4534000|0||0|||1|0|00
2026|01|527010|015|08|WA|4715|EBA|01|51|1|002|100|CA|524211|019|A|0|0||0||||2|Akomodasi|4|ORG|4|HR|1|FR|0||16|OH|5683875|90942000||0|0|0||0|0|0|0||||0|0||||0|7578000|7578000|7578000|7578000|7578000|7578000|7578000|7578000|7578000|7578000|7578000|7584000|0||0|||1|0|00
2026|01|527010|015|08|WA|4715|EBA|01|51|1|002|100|CA|524211|019|A|0|0||0||||3|Uang Saku Harian|4|ORG|5|HR|1|FR|0||20|OH|1894650|37893000||0|0|0||0|0|0|0||||0|0||||0|3157000|3157000|3157000|3157000|3157000|3157000|3157000|3157000|3157000|3157000|3157000|3166000|0||0|||1|0|00
2026|01|527010|015|08|WA|4715|EBA|01|51|1|002|100|CB|521211|019|A|0|0||0||||1|KDM  Snack Rapat|20|ORG|4|FR|12|BLN|0||960|OH|14788|14196000||0|0|0||0|0|0|0||||0|0||||0|1183000|1183000|1183000|1183000|1183000|1183000|1183000|1183000|1183000|1183000|1183000|1183000|0||0|||1|0|00
2026|01|527010|015|08|WA|4715|EBA|01|51|1|002|100|CB|521211|019|A|0|0||0||||2|KDM  Makan Rapat|40|ORG|4|FR|12|BLN|0||1920|OH|35120|67430000||0|0|0||0|0|0|0||||0|0||||0|5619000|5619000|5619000|5619000|5619000|5619000|5619000|5619000|5619000|5619000|5619000|5621000|0||0|||1|0|00
2026|01|527010|015|08|WA|4715|EBA|01|51|1|002|100|CB|521211|019|A|0|0||0||||3|CTK  Pencetakan bahan materi laporan|4|EKS|4|FR|12|BLN|0||192|EKS|154037|29575000||0|0|0||0|0|0|0||||0|0||||0|2464000|2464000|2464000|2464000|2464000|2464000|2464000|2464000|2464000|2464000|2464000|2471000|0||0|||1|0|00
2026|01|527010|015|08|WA|4715|EBA|01|51|1|002|100|CB|521211|019|A|0|0||0||||4|CTK  Penggandaan Laminasi laporan|1|PKT|4|FR|12|BLN|0||48|PKT|123230|5915000||0|0|0||0|0|0|0||||0|0||||0|492000|492000|492000|492000|492000|492000|492000|492000|492000|492000|492000|503000|0||0|||1|0|00
2026|01|527010|015|08|WA|4715|EBA|01|51|1|002|100|CB|521211|019|A|0|0||0||||5|CTK  ATK dan Bahan Habis Pakai|0||0||0||0||12|PKT|4621084|55453000||0|0|0||0|0|0|0||||0|0||||0|4621000|4621000|4621000|4621000|4621000|4621000|4621000|4621000|4621000|4621000|4621000|4622000|0||0|||1|0|00
2026|01|527010|015|08|WA|4715|EBA|01|51|1|002|100|CB|524111|019|A|0|0||0||||1|Transport|3|ORG|8|LOK|1|FR|0||24|OK|2273542|54565000||0|0|0||0|0|0|0||||0|0||||0|4547000|4547000|4547000|4547000|4547000|4547000|4547000|4547000|4547000|4547000|4547000|4548000|0||0|||1|0|00
2026|01|527010|015|08|WA|4715|EBA|01|51|1|002|100|CB|524111|019|A|0|0||0||||2|Akomodasi|3|ORG|4|HR|8|LOK|0||96|OH|454709|43652000||0|0|0||0|0|0|0||||0|0||||0|3637000|3637000|3637000|3637000|3637000|3637000|3637000|3637000|3637000|3637000|3637000|3645000|0||0|||1|0|00
2026|01|527010|015|08|WA|4715|EBA|01|51|1|002|100|CB|524111|019|A|0|0||0||||3|Uang Saku Harian|3|ORG|5|HR|8|LOK|0||120|OH|266567|31988000||0|0|0||0|0|0|0||||0|0||||0|2665000|2665000|2665000|2665000|2665000|2665000|2665000|2665000|2665000|2665000|2665000|2673000|0||0|||1|0|00
2026|01|527010|015|08|WA|4715|EBA|01|51|1|002|100|CC|521211|019|A|0|0||0||||1|KDM  Snack Rapat|20|ORG|4|FR|12|BLN|0||960|OH|18411|17674000||0|0|0||0|0|0|0||||0|0||||0|1472000|1472000|1472000|1472000|1472000|1472000|1472000|1472000|1472000|1472000|1472000|1482000|0||0|||1|0|00
2026|01|527010|015|08|WA|4715|EBA|01|51|1|002|100|CC|521211|019|A|0|0||0||||2|KDM  Makan Rapat|40|ORG|4|FR|12|BLN|0||1920|OH|43725|83952000||0|0|0||0|0|0|0||||0|0||||0|6996000|6996000|6996000|6996000|6996000|6996000|6996000|6996000|6996000|6996000|6996000|6996000|0||0|||1|0|00
2026|01|527010|015|08|WA|4715|EBA|01|51|1|002|100|CC|521211|019|A|0|0||0||||3|CTK  Pencetakan bahan materi laporan|4|EKS|4|FR|12|BLN|0||192|EKS|191776|36820000||0|0|0||0|0|0|0||||0|0||||0|3068000|3068000|3068000|3068000|3068000|3068000|3068000|3068000|3068000|3068000|3068000|3072000|0||0|||1|0|00
2026|01|527010|015|08|WA|4715|EBA|01|51|1|002|100|CC|521211|019|A|0|0||0||||4|CTK  Penggandaan Laminasi laporan|1|PKT|4|FR|12|BLN|0||48|PKT|153417|7364000||0|0|0||0|0|0|0||||0|0||||0|613000|613000|613000|613000|613000|613000|613000|613000|613000|613000|613000|621000|0||0|||1|0|00
2026|01|527010|015|08|WA|4715|EBA|01|51|1|002|100|CC|521211|019|A|0|0||0||||5|CTK  ATK dan Bahan Habis Pakai|0||0||0||0||12|PKT|4426917|53123000||0|0|0||0|0|0|0||||0|0||||0|4426000|4426000|4426000|4426000|4426000|4426000|4426000|4426000|4426000|4426000|4426000|4437000|0||0|||1|0|00
2026|01|527010|015|08|WA|4715|EBA|01|51|1|002|100|CC|524111|019|A|0|0||0||||1|Transport|3|ORG|5|LOK|2|FR|0||30|OK|3099600|92988000||0|0|0||0|0|0|0||||0|0||||0|7749000|7749000|7749000|7749000|7749000|7749000|7749000|7749000|7749000|7749000|7749000|7749000|0||0|||1|0|00
2026|01|527010|015|08|WA|4715|EBA|01|51|1|002|100|CC|524111|019|A|0|0||0||||2|Akomodasi|3|ORG|4|HR|5|LOK|2|FR|120|OH|454709|54565000||0|0|0||0|0|0|0||||0|0||||0|4547000|4547000|4547000|4547000|4547000|4547000|4547000|4547000|4547000|4547000|4547000|4548000|0||0|||1|0|00
2026|01|527010|015|08|WA|4715|EBA|01|51|1|002|100|CC|524111|019|A|0|0||0||||3|Uang Saku Harian|3|ORG|5|HR|5|LOK|2|FR|150|OH|297560|44634000||0|0|0||0|0|0|0||||0|0||||0|3719000|3719000|3719000|3719000|3719000|3719000|3719000|3719000|3719000|3719000|3719000|3725000|0||0|||1|0|00
2026|01|527010|015|08|WA|4715|EBA|01|51|1|002|100|CD|524111|019|A|0|0||0||||1|Transport|19|ORG|1|FR|12|BLN|0||228|OK|3623707|826205000||0|0|0||0|0|0|0||||0|0||||0|68850000|68850000|68850000|68850000|68850000|68850000|68850000|68850000|68850000|68850000|68850000|68855000|0||0|||1|0|00
2026|01|527010|015|08|WA|4715|EBA|01|51|1|002|100|CD|524111|019|A|0|0||0||||2|Akomodasi Es 1|1|ORG|4|HR|1|FR|12|BLN|48|OH|3031417|145508000||0|0|0||0|0|0|0||||0|0||||0|12125000|12125000|12125000|12125000|12125000|12125000|12125000|12125000|12125000|12125000|12125000|12133000|0||0|||1|0|00
2026|01|527010|015|08|WA|4715|EBA|01|51|1|002|100|CD|524111|019|A|0|0||0||||3|Akomodasi Es 2|8|ORG|4|HR|1|FR|12|BLN|384|OH|1658183|636742000||0|0|0||0|0|0|0||||0|0||||0|53061000|53061000|53061000|53061000|53061000|53061000|53061000|53061000|53061000|53061000|53061000|53071000|0||0|||1|0|00
2026|01|527010|015|08|WA|4715|EBA|01|51|1|002|100|CD|524111|019|A|0|0||0||||4|Akomodasi Es 3|10|ORG|4|HR|1|FR|12|BLN|480|OH|1142084|548200000||0|0|0||0|0|0|0||||0|0||||0|45683000|45683000|45683000|45683000|45683000|45683000|45683000|45683000|45683000|45683000|45683000|45687000|0||0|||1|0|00
2026|01|527010|015|08|WA|4715|EBA|01|51|1|002|100|CD|524111|019|A|0|0||0||||5|Uang Harian|19|ORG|5|HR|1|FR|12|BLN|1140|OH|266566|303885000||0|0|0||0|0|0|0||||0|0||||0|25323000|25323000|25323000|25323000|25323000|25323000|25323000|25323000|25323000|25323000|25323000|25332000|0||0|||1|0|00
2026|01|527010|015|08|WA|4715|EBA|01|51|1|002|100|CD|524111|019|A|0|0||0||||6|Uang Representasi|9|ORG|5|HR|1|FR|12|BLN|540|OH|135608|73228000||0|0|0||0|0|0|0||||0|0||||0|6102000|6102000|6102000|6102000|6102000|6102000|6102000|6102000|6102000|6102000|6102000|6106000|0||0|||1|0|00
2026|01|527010|015|08|WA|4715|EBA|01|51|1|002|100|FA|524111|019|A|0|0||0||||1|Penginapan|1|ORG|2|HARI|2|FREK|0||4|OH|1534250|6137000||0|0|0||0|0|0|0||||0|0||||0|511000|511000|511000|511000|511000|511000|511000|511000|511000|511000|511000|516000|0||0|||1|0|00
2026|01|527010|015|08|WA|4715|EBA|01|51|1|002|100|FA|524111|019|A|0|0||0||||2|Uang Harian Luar Kota|1|ORG|3|HARI|2|FREK|0||6|OH|359500|2157000||0|0|0||0|0|0|0||||0|0||||0|179000|179000|179000|179000|179000|179000|179000|179000|179000|179000|179000|188000|0||0|||1|0|00
2026|01|527010|015|08|WA|4715|EBA|01|51|1|002|100|FA|524111|019|A|0|0||0||||3|Uang Transport Luar Kota|1|ORG|2|FREK|0||0||2|OK|3099500|6199000||0|0|0||0|0|0|0||||0|0||||0|516000|516000|516000|516000|516000|516000|516000|516000|516000|516000|516000|523000|0||0|||1|0|00
2026|01|527010|015|08|WA|4715|EBA|01|51|1|002|100|FA|524111|019|A|0|0||0||||4|Uang Representatif Pejabat Eselon II|1|ORG|3|HARI|2|FREK|0||6|OH|116167|697000||0|0|0||0|0|0|0||||0|0||||0|58000|58000|58000|58000|58000|58000|58000|58000|58000|58000|58000|59000|0||0|||1|0|00
2026|01|527010|015|08|WA|4715|EBA|01|51|1|002|100|FA|524113|019|A|0|0||0||||1|Uang Representatif Pejabat Eselon II|1|ORG|1|HARI|4|FREK|0||4|OH|58000|232000||0|0|0||0|0|0|0||||0|0||||0|19000|19000|19000|19000|19000|19000|19000|19000|19000|19000|19000|23000|0||0|||1|0|00
2026|01|527010|015|08|WA|4715|EBA|01|51|1|002|100|FA|524113|019|A|0|0||0||||2|Transport Dalam Kota|1|ORG|4|FREK|0||0||4|OK|116250|465000||0|0|0||0|0|0|0||||0|0||||0|38000|38000|38000|38000|38000|38000|38000|38000|38000|38000|38000|47000|0||0|||1|0|00
2026|01|527010|015|08|WA|4715|EBA|01|51|1|002|100|FA|524113|019|A|0|0||0||||3|Uang Harian Dalam Kota Lebih Dari 8 Jam|1|ORG|1|HARI|4|FREK|0||4|OH|130250|521000||0|0|0||0|0|0|0||||0|0||||0|43000|43000|43000|43000|43000|43000|43000|43000|43000|43000|43000|48000|0||0|||1|0|00
2026|01|527010|015|08|WA|4715|EBA|01|51|1|002|100|HA|524111|019|A|0|0||0||||1|Transport|1|ORG|5|LOK|1|FREK|0||5|OK|2921400|14607000||0|0|0||0|0|0|0||||0|0||||0|1217000|1217000|1217000|1217000|1217000|1217000|1217000|1217000|1217000|1217000|1217000|1220000|0||0|||1|0|00
2026|01|527010|015|08|WA|4715|EBA|01|51|1|002|100|HA|524111|019|A|0|0||0||||2|Uang Harian|1|ORG|5|LOK|3|HR|1|FREK|15|OH|271200|4068000||0|0|0||0|0|0|0||||0|0||||0|339000|339000|339000|339000|339000|339000|339000|339000|339000|339000|339000|339000|0||0|||1|0|00
2026|01|527010|015|08|WA|4715|EBA|01|51|1|002|100|HA|524111|019|A|0|0||0||||3|Biaya Penginapan|1|ORG|2|HR|5|LOK|1|FREK|10|OH|542400|5424000||0|0|0||0|0|0|0||||0|0||||0|452000|452000|452000|452000|452000|452000|452000|452000|452000|452000|452000|452000|0||0|||1|0|00
2026|01|527010|015|08|WA|4715|EBA|01|51|1|002|100|HA|524113|019|A|0|0||0||||1|Perjalanan dinas dalam rangka menghadiri rapat dalam kota|2|ORG|10|FREK|0||0||20|OK|131750|2635000||0|0|0||0|0|0|0||||0|0||||0|219000|219000|219000|219000|219000|219000|219000|219000|219000|219000|219000|226000|0||0|||1|0|00
2026|01|527010|015|08|WA|4715|EBA|01|51|1|002|100|IA|524111|019|A|0|0||0||||1|Uang Harian|2|ORG|3|HR|8|FR|0||48|OH|309959|14878000||0|0|0||0|0|0|0||||0|0||||0|1239000|1239000|1239000|1239000|1239000|1239000|1239000|1239000|1239000|1239000|1239000|1249000|0||0|||1|0|00
2026|01|527010|015|08|WA|4715|EBA|01|51|1|002|100|IA|524111|019|A|0|0||0||||2|Biaya Penginapan|2|ORG|2|HR|8|FR|0||32|OH|464938|14878000||0|0|0||0|0|0|0||||0|0||||0|1239000|1239000|1239000|1239000|1239000|1239000|1239000|1239000|1239000|1239000|1239000|1249000|0||0|||1|0|00
2026|01|527010|015|08|WA|4715|EBA|01|51|1|002|100|IA|524111|019|A|0|0||0||||3|Biaya Transport|2|ORG|8|FR|0||0||16|OK|3031125|48498000||0|0|0||0|0|0|0||||0|0||||0|4041000|4041000|4041000|4041000|4041000|4041000|4041000|4041000|4041000|4041000|4041000|4047000|0||0|||1|0|00
2026|01|527010|015|08|WA|4715|EBA|01|51|1|002|100|JA|524111|019|A|0|0||0||||1|Transport|1|ORG|1|FR|0||0||1|OK|4649000|4649000||0|0|0||0|0|0|0||||0|0||||0|387000|387000|387000|387000|387000|387000|387000|387000|387000|387000|387000|392000|0||0|||1|0|00
2026|01|527010|015|08|WA|4715|EBA|01|51|1|002|100|JA|524111|019|A|0|0||0||||2|Akomodasi|1|ORG|2|HR|1|FR|0||2|OH|1162500|2325000||0|0|0||0|0|0|0||||0|0||||0|193000|193000|193000|193000|193000|193000|193000|193000|193000|193000|193000|202000|0||0|||1|0|00
2026|01|527010|015|08|WA|4715|EBA|01|51|1|002|100|JA|524111|019|A|0|0||0||||3|Uang Saku Harian|1|ORG|3|HR|1|FR|0||3|OH|348667|1046000||0|0|0||0|0|0|0||||0|0||||0|87000|87000|87000|87000|87000|87000|87000|87000|87000|87000|87000|89000|0||0|||1|0|00
2026|01|527010|015|08|WA|4715|EBA|01|51|1|002|100|JA|524111|019|A|0|0||0||||4|Uang Representatif Pejabat Eselon II|1|ORG|3|HR|2|FR|0||6|OH|116167|697000||0|0|0||0|0|0|0||||0|0||||0|58000|58000|58000|58000|58000|58000|58000|58000|58000|58000|58000|59000|0||0|||1|0|00
2026|01|527010|015|08|WA|4715|EBA|01|51|1|002|100|JA|524113|019|A|0|0||0||||1|Uang Saku Dalam Kota  8 Jam|1|ORG|1|HR|4|FR|0||4|OH|130250|521000||0|0|0||0|0|0|0||||0|0||||0|43000|43000|43000|43000|43000|43000|43000|43000|43000|43000|43000|48000|0||0|||1|0|00
2026|01|527010|015|08|WA|4715|EBA|01|51|1|002|100|JA|524113|019|A|0|0||0||||2|Uang Representatif Pejabat Eselon II|1|ORG|1|HR|4|FR|0||4|OH|58000|232000||0|0|0||0|0|0|0||||0|0||||0|19000|19000|19000|19000|19000|19000|19000|19000|19000|19000|19000|23000|0||0|||1|0|00
2026|01|527010|015|08|WA|4715|EBA|01|51|1|002|100|LA|521211|019|A|0|0||0||||1|KDM  Konsumsi Makan Rapat|30|ORG|1|KTK|48|FR|0||1440|OK|35910|51710000||0|0|0||0|0|0|0||||0|0||||0|4309000|4309000|4309000|4309000|4309000|4309000|4309000|4309000|4309000|4309000|4309000|4311000|0||0|||1|0|00
2026|01|527010|015|08|WA|4715|EBA|01|51|1|002|100|LA|521211|019|A|0|0||0||||2|KDM  Konsumsi Snack Rapat|30|ORG|1|KTK|48|FR|0||1440|OK|15121|21774000||0|0|0||0|0|0|0||||0|0||||0|1814000|1814000|1814000|1814000|1814000|1814000|1814000|1814000|1814000|1814000|1814000|1820000|0||0|||1|0|00
2026|01|527010|015|08|WA|4715|EBA|01|51|1|002|100|LA|524111|019|A|0|0||0||||1|Transport|2|ORG|1|FR|4|LOK|0||8|OK|2712124|21696000||0|0|0||0|0|0|0||||0|0||||0|1808000|1808000|1808000|1808000|1808000|1808000|1808000|1808000|1808000|1808000|1808000|1808000|0||0|||1|0|00
2026|01|527010|015|08|WA|4715|EBA|01|51|1|002|100|LA|524111|019|A|0|0||0||||2|Akomodasi|2|ORG|3|HR|1|FR|4|LOK|24|OH|658667|15808000||0|0|0||0|0|0|0||||0|0||||0|1317000|1317000|1317000|1317000|1317000|1317000|1317000|1317000|1317000|1317000|1317000|1321000|0||0|||1|0|00
2026|01|527010|015|08|WA|4715|EBA|01|51|1|002|100|LA|524111|019|A|0|0||0||||3|Uang Saku Harian|2|ORG|4|HR|1|FR|4|LOK|32|OH|294469|9423000||0|0|0||0|0|0|0||||0|0||||0|785000|785000|785000|785000|785000|785000|785000|785000|785000|785000|785000|788000|0||0|||1|0|00
2026|01|527010|015|08|WA|4715|EBA|01|51|1|002|100|OA|524111|019|A|0|0||0||||1|Tiket|2|ORG|6|LOK|1|FR|0||12|OK|2712167|32546000||0|0|0||0|0|0|0||||0|0||||0|2712000|2712000|2712000|2712000|2712000|2712000|2712000|2712000|2712000|2712000|2712000|2714000|0||0|||1|0|00
2026|01|527010|015|08|WA|4715|EBA|01|51|1|002|100|OA|524111|019|A|0|0||0||||2|Akomodasi|2|ORG|2|HR|6|LOK|0||24|OH|619917|14878000||0|0|0||0|0|0|0||||0|0||||0|1239000|1239000|1239000|1239000|1239000|1239000|1239000|1239000|1239000|1239000|1239000|1249000|0||0|||1|0|00
2026|01|527010|015|08|WA|4715|EBA|01|51|1|002|100|OA|524111|019|A|0|0||0||||3|Uang Saku Harian|2|ORG|3|HR|6|LOK|0||36|OH|232473|8369000||0|0|0||0|0|0|0||||0|0||||0|697000|697000|697000|697000|697000|697000|697000|697000|697000|697000|697000|702000|0||0|||1|0|00
2026|01|527010|015|08|WA|4715|EBA|01|51|1|002|100|PA|524111|019|A|0|0||0||||1|Trnsportasi|1|ORG|1|LOK|4|FR|0||4|OK|3046250|12185000||0|0|0||0|0|0|0||||0|0||||0|1015000|1015000|1015000|1015000|1015000|1015000|1015000|1015000|1015000|1015000|1015000|1020000|0||0|||1|0|00
2026|01|527010|015|08|WA|4715|EBA|01|51|1|002|100|PA|524111|019|A|0|0||0||||2|Akomodasi|1|ORG|2|HR|1|LOK|4|fr|8|OHFL|503625|4029000||0|0|0||0|0|0|0||||0|0||||0|335000|335000|335000|335000|335000|335000|335000|335000|335000|335000|335000|344000|0||0|||1|0|00
2026|01|527010|015|08|WA|4715|EBA|01|51|1|002|100|PA|524111|019|A|0|0||0||||3|Uang Harian|1|ORG|3|HR|4|LOK|0||12|OH|271250|3255000||0|0|0||0|0|0|0||||0|0||||0|271000|271000|271000|271000|271000|271000|271000|271000|271000|271000|271000|274000|0||0|||1|0|00
2026|01|527010|015|08|WA|4715|EBB|01|51|1|002|100|CA|532111|019|A|0|0||0||||1|AVR|0||0||0||0||12|UNIT|107580000|1290960000||0|0|0||0|0|0|0||||0|0||||0|107580000|107580000|107580000|107580000|107580000|107580000|107580000|107580000|107580000|107580000|107580000|107580000|0||0|||1|0|00
2026|01|527010|015|08|WA|4715|EBB|01|51|1|002|100|CA|532111|019|A|0|0||0||||2|Genset|0||0||0||0||27|UNIT|332625371|8980885000||0|0|0||0|0|0|0||||0|0||||0|748407000|748407000|748407000|748407000|748407000|748407000|748407000|748407000|748407000|748407000|748407000|748408000|0||0|||1|0|00
2026|01|527010|015|08|WA|4715|EBB|01|51|1|002|100|CA|532111|019|A|0|0||0||||3|UPS|0||0||0||0||22|UNIT|102690000|2259180000||0|0|0||0|0|0|0||||0|0||||0|188265000|188265000|188265000|188265000|188265000|188265000|188265000|188265000|188265000|188265000|188265000|188265000|0||0|||1|0|00
2026|01|527010|015|08|WA|4715|EBB|01|51|1|002|100|CA|532111|019|A|0|0||0||||4|TV 85 inch|0||0||0||0||23|UNIT|39454955|907463000||0|0|0||0|0|0|0||||0|0||||0|75621000|75621000|75621000|75621000|75621000|75621000|75621000|75621000|75621000|75621000|75621000|75632000|0||0|||1|0|00
2026|01|527010|015|08|WA|4715|EBD|01|51|1|001|100|CA|521211|019|A|0|0||0||||1|KDM  Makan Rapat|30|ORG|3|HR|4|FR|0||360|OK|35120|12643000||0|0|0||0|0|0|0||||0|0||||0|1053000|1053000|1053000|1053000|1053000|1053000|1053000|1053000|1053000|1053000|1053000|1060000|0||0|||1|0|00
2026|01|527010|015|08|WA|4715|EBD|01|51|1|001|100|CA|521211|019|A|0|0||0||||2|KDM  Snack Rapat|30|ORG|3|HR|4|FR|0||360|OK|14787|5323000||0|0|0||0|0|0|0||||0|0||||0|443000|443000|443000|443000|443000|443000|443000|443000|443000|443000|443000|450000|0||0|||1|0|00
2026|01|527010|015|08|WA|4715|EBD|01|51|1|001|100|CA|522151|019|A|0|0||0||||1|Honorarium Narasumber|2|ORG|4|JAM|2|HR|0||16|OJ|774563|12393000||0|0|0||0|0|0|0||||0|0||||0|1032000|1032000|1032000|1032000|1032000|1032000|1032000|1032000|1032000|1032000|1032000|1041000|0||0|||1|0|00
2026|01|527010|015|08|WA|4715|EBD|01|51|1|001|100|CA|524111|019|A|0|0||0||||1|Transport|3|ORG|10|LOK|2|FR|0||60|OK|3031417|181885000||0|0|0||0|0|0|0||||0|0||||0|15157000|15157000|15157000|15157000|15157000|15157000|15157000|15157000|15157000|15157000|15157000|15158000|0||0|||1|0|00
2026|01|527010|015|08|WA|4715|EBD|01|51|1|001|100|CA|524111|019|A|0|0||0||||2|Akomodasi|3|ORG|3|HR|10|LOK|2|FR|180|OH|454712|81848000||0|0|0||0|0|0|0||||0|0||||0|6820000|6820000|6820000|6820000|6820000|6820000|6820000|6820000|6820000|6820000|6820000|6828000|0||0|||1|0|00
2026|01|527010|015|08|WA|4715|EBD|01|51|1|001|100|CA|524111|019|A|0|0||0||||3|Uang saku harian|3|ORG|4|HR|10|LOK|2|FR|240|OH|265250|63660000||0|0|0||0|0|0|0||||0|0||||0|5305000|5305000|5305000|5305000|5305000|5305000|5305000|5305000|5305000|5305000|5305000|5305000|0||0|||1|0|00
2026|01|527010|015|08|WA|4715|EBD|01|51|1|001|100|CB|521211|019|A|0|0||0||||1|KDM  Makan Rapat|25|ORG|2|HR|4|FR|0||200|OK|35120|7024000||0|0|0||0|0|0|0||||0|0||||0|585000|585000|585000|585000|585000|585000|585000|585000|585000|585000|585000|589000|0||0|||1|0|00
2026|01|527010|015|08|WA|4715|EBD|01|51|1|001|100|CB|521211|019|A|0|0||0||||2|KDM  Snack Rapat|25|ORG|2|HR|4|FR|0||200|OK|14785|2957000||0|0|0||0|0|0|0||||0|0||||0|246000|246000|246000|246000|246000|246000|246000|246000|246000|246000|246000|251000|0||0|||1|0|00
2026|01|527010|015|08|WA|4715|EBD|01|51|1|001|100|CB|524111|019|A|0|0||0||||1|Transport|3|ORG|6|LOK|3|FR|0||54|OK|3031408|163696000||0|0|0||0|0|0|0||||0|0||||0|13641000|13641000|13641000|13641000|13641000|13641000|13641000|13641000|13641000|13641000|13641000|13645000|0||0|||1|0|00
2026|01|527010|015|08|WA|4715|EBD|01|51|1|001|100|CB|524111|019|A|0|0||0||||2|Akomodasi|3|ORG|3|HR|6|LOK|3|FR|162|OH|492605|79802000||0|0|0||0|0|0|0||||0|0||||0|6650000|6650000|6650000|6650000|6650000|6650000|6650000|6650000|6650000|6650000|6650000|6652000|0||0|||1|0|00
2026|01|527010|015|08|WA|4715|EBD|01|51|1|001|100|CB|524111|019|A|0|0||0||||3|Uang Saku Harian|3|ORG|4|HR|6|LOK|3|FR|216|OH|265246|57293000||0|0|0||0|0|0|0||||0|0||||0|4774000|4774000|4774000|4774000|4774000|4774000|4774000|4774000|4774000|4774000|4774000|4779000|0||0|||1|0|00
2026|01|527010|015|08|WA|4715|EBD|01|51|1|001|100|CB|524113|019|A|0|0||0||||1|Transport Lokal|3|ORG|2|HR|2|FR|0||12|OK|113667|1364000||0|0|0||0|0|0|0||||0|0||||0|113000|113000|113000|113000|113000|113000|113000|113000|113000|113000|113000|121000|0||0|||1|0|00
2026|01|527010|015|08|WA|4715|EBD|01|51|1|001|100|CB|524113|019|A|0|0||0||||2|Uang Saku Harian Lebih 8 Jam|3|ORG|2|HR|2|FR|0||12|OH|121250|1455000||0|0|0||0|0|0|0||||0|0||||0|121000|121000|121000|121000|121000|121000|121000|121000|121000|121000|121000|124000|0||0|||1|0|00
2026|01|527010|015|08|WA|4715|EBD|01|51|1|001|100|CC|521211|019|A|0|0||0||||1|KDM  Makan Rapat|30|ORG|3|HR|4|FR|0||360|OK|43725|15741000||0|0|0||0|0|0|0||||0|0||||0|1311000|1311000|1311000|1311000|1311000|1311000|1311000|1311000|1311000|1311000|1311000|1320000|0||0|||1|0|00
2026|01|527010|015|08|WA|4715|EBD|01|51|1|001|100|CC|521211|019|A|0|0||0||||2|KDM  Snack Rapat|30|ORG|3|HR|4|FR|0||360|OK|18412|6628000||0|0|0||0|0|0|0||||0|0||||0|552000|552000|552000|552000|552000|552000|552000|552000|552000|552000|552000|556000|0||0|||1|0|00
2026|01|527010|015|08|WA|4715|EBD|01|51|1|001|100|CC|524111|019|A|0|0||0||||1|Transport|3|ORG|10|LOK|1|FR|0||30|OK|3031400|90942000||0|0|0||0|0|0|0||||0|0||||0|7578000|7578000|7578000|7578000|7578000|7578000|7578000|7578000|7578000|7578000|7578000|7584000|0||0|||1|0|00
2026|01|527010|015|08|WA|4715|EBD|01|51|1|001|100|CC|524111|019|A|0|0||0||||2|Akomodasi|3|ORG|3|HR|10|LOK|1|FR|90|OH|492600|44334000||0|0|0||0|0|0|0||||0|0||||0|3694000|3694000|3694000|3694000|3694000|3694000|3694000|3694000|3694000|3694000|3694000|3700000|0||0|||1|0|00
2026|01|527010|015|08|WA|4715|EBD|01|51|1|001|100|CC|524111|019|A|0|0||0||||3|Uang Saku Harian|3|ORG|4|HR|10|LOK|1|FR|120|OH|265250|31830000||0|0|0||0|0|0|0||||0|0||||0|2652000|2652000|2652000|2652000|2652000|2652000|2652000|2652000|2652000|2652000|2652000|2658000|0||0|||1|0|00
2026|01|527010|015|08|WA|4715|EBD|01|51|1|001|100|CC|524113|019|A|0|0||0||||1|Transport Lokal|3|ORG|2|HR|2|FR|0||12|OK|113667|1364000||0|0|0||0|0|0|0||||0|0||||0|113000|113000|113000|113000|113000|113000|113000|113000|113000|113000|113000|121000|0||0|||1|0|00
2026|01|527010|015|08|WA|4715|EBD|01|51|1|001|100|CC|524113|019|A|0|0||0||||2|Uang Saku Harian Lebih 8 Jam|3|ORG|2|HR|2|FR|0||12|OH|121250|1455000||0|0|0||0|0|0|0||||0|0||||0|121000|121000|121000|121000|121000|121000|121000|121000|121000|121000|121000|124000|0||0|||1|0|00
2026|01|527010|015|08|WA|4715|EBD|01|51|1|001|100|CD|521211|019|A|0|0||0||||1|KDM  Makan Rapat|40|ORG|2|HR|4|FR|0||320|OH|35122|11239000||0|0|0||0|0|0|0||||0|0||||0|936000|936000|936000|936000|936000|936000|936000|936000|936000|936000|936000|943000|0||0|||1|0|00
2026|01|527010|015|08|WA|4715|EBD|01|51|1|001|100|CD|521211|019|A|0|0||0||||2|KDM  Snack Rapat|40|ORG|2|HR|4|FR|0||320|OH|14788|4732000||0|0|0||0|0|0|0||||0|0||||0|394000|394000|394000|394000|394000|394000|394000|394000|394000|394000|394000|398000|0||0|||1|0|00
2026|01|527010|015|08|WA|4715|EBD|01|51|1|001|100|CD|524111|019|A|0|0||0||||1|Transport|10|ORG|5|LOK|1|FR|0||50|OK|3031400|151570000||0|0|0||0|0|0|0||||0|0||||0|12630000|12630000|12630000|12630000|12630000|12630000|12630000|12630000|12630000|12630000|12630000|12640000|0||0|||1|0|00
2026|01|527010|015|08|WA|4715|EBD|01|51|1|001|100|CD|524111|019|A|0|0||0||||2|Akomodasi|10|ORG|3|HR|5|LOK|1|FR|150|OH|378927|56839000||0|0|0||0|0|0|0||||0|0||||0|4736000|4736000|4736000|4736000|4736000|4736000|4736000|4736000|4736000|4736000|4736000|4743000|0||0|||1|0|00
2026|01|527010|015|08|WA|4715|EBD|01|51|1|001|100|CD|524111|019|A|0|0||0||||3|Uang Saku Harian|10|ORG|4|HR|5|LOK|1|FR|200|OH|227355|45471000||0|0|0||0|0|0|0||||0|0||||0|3789000|3789000|3789000|3789000|3789000|3789000|3789000|3789000|3789000|3789000|3789000|3792000|0||0|||1|0|00
2026|01|527010|015|08|WA|4715|EBD|01|51|1|001|100|CD|524114|019|A|0|0||0||||1|Akomodasi|100|ORG|3|HR|1|FR|0||300|OH|866024|259807000||0|0|0||0|0|0|0||||0|0||||0|21650000|21650000|21650000|21650000|21650000|21650000|21650000|21650000|21650000|21650000|21650000|21657000|0||0|||1|0|00
2026|01|527010|015|08|WA|4715|EBD|01|51|1|001|100|CD|524114|019|A|0|0||0||||2|Uang Saku Harian|100|ORG|4|HR|1|FR|0||400|OH|98520|39408000||0|0|0||0|0|0|0||||0|0||||0|3284000|3284000|3284000|3284000|3284000|3284000|3284000|3284000|3284000|3284000|3284000|3284000|0||0|||1|0|00
2026|01|527010|015|08|WA|4715|EBD|01|51|1|001|100|CD|524114|019|A|0|0||0||||3|Transport Panitia|100|ORG|1|FR|0||0||100|OK|128830|12883000||0|0|0||0|0|0|0||||0|0||||0|1073000|1073000|1073000|1073000|1073000|1073000|1073000|1073000|1073000|1073000|1073000|1080000|0||0|||1|0|00
2026|01|527010|015|08|WA|4715|EBD|01|51|1|001|100|CE|524111|019|A|0|0||0||||1|Akomodasi|5|ORG|2|HR|3|LOK|2|KL|60|OH|606284|36377000||0|0|0||0|0|0|0||||0|0||||0|3031000|3031000|3031000|3031000|3031000|3031000|3031000|3031000|3031000|3031000|3031000|3036000|0||0|||1|0|00
2026|01|527010|015|08|WA|4715|EBD|01|51|1|001|100|CE|524111|019|A|0|0||0||||2|Transport|5|ORG|3|LOK|2|KL|0||30|OK|2652467|79574000||0|0|0||0|0|0|0||||0|0||||0|6631000|6631000|6631000|6631000|6631000|6631000|6631000|6631000|6631000|6631000|6631000|6633000|0||0|||1|0|00
2026|01|527010|015|08|WA|4715|EBD|01|51|1|001|100|CE|524111|019|A|0|0||0||||3|Uang Harian|5|ORG|3|HR|3|LOK|2|KL|90|OH|265245|23872000||0|0|0||0|0|0|0||||0|0||||0|1989000|1989000|1989000|1989000|1989000|1989000|1989000|1989000|1989000|1989000|1989000|1993000|0||0|||1|0|00
2026|01|527010|015|08|WA|4715|EBD|01|51|1|004|100|CA|521211|019|A|0|0||0|01||1|1|Pengelolaan Perbendaharaan|0||0||0||0||0||0|0||0|0|0||0|0|0|0||||0|0||||0|0|0|0|0|0|0|0|0|0|0|0|0|0||0|||1|0|00
2026|01|527010|015|08|WA|4715|EBD|01|51|1|004|100|CA|521211|019|A|0|0||0|01|||2|KDM  Makan Rapat|40|ORG|3|FR|0||0||120|OK|35117|4214000||0|0|0||0|0|0|0||||0|0||||0|351000|351000|351000|351000|351000|351000|351000|351000|351000|351000|351000|353000|0||0|||1|0|00
2026|01|527010|015|08|WA|4715|EBD|01|51|1|004|100|CA|521211|019|A|0|0||0|01|||3|KDM  Snack Rapat|40|ORG|3|FR|0||0||120|OK|14784|1774000||0|0|0||0|0|0|0||||0|0||||0|147000|147000|147000|147000|147000|147000|147000|147000|147000|147000|147000|157000|0||0|||1|0|00
2026|01|527010|015|08|WA|4715|EBD|01|51|1|004|100|CA|521211|019|A|0|0||0|02||1|4|Monev IKPA|0||0||0||0||0||0|0||0|0|0||0|0|0|0||||0|0||||0|0|0|0|0|0|0|0|0|0|0|0|0|0||0|||1|0|00
2026|01|527010|015|08|WA|4715|EBD|01|51|1|004|100|CA|521211|019|A|0|0||0|02|||5|KDM  Makan Rapat|25|ORG|2|FR|0||0||50|OK|35120|1756000||0|0|0||0|0|0|0||||0|0||||0|146000|146000|146000|146000|146000|146000|146000|146000|146000|146000|146000|150000|0||0|||1|0|00
2026|01|527010|015|08|WA|4715|EBD|01|51|1|004|100|CA|521211|019|A|0|0||0|02|||6|KDM  Snack Rapat|25|ORG|2|FR|0||0||50|OK|14780|739000||0|0|0||0|0|0|0||||0|0||||0|61000|61000|61000|61000|61000|61000|61000|61000|61000|61000|61000|68000|0||0|||1|0|00
2026|01|527010|015|08|WA|4715|EBD|01|51|1|004|100|CA|521211|019|A|0|0||0|03||1|7|Biaya Administrasi Bank|0||0||0||0||0||0|0||0|0|0||0|0|0|0||||0|0||||0|0|0|0|0|0|0|0|0|0|0|0|0|0||0|||1|0|00
2026|01|527010|015|08|WA|4715|EBD|01|51|1|004|100|CA|521211|019|A|0|0||0|03|||8|CTK  Biaya Administrasi Bank|0||0||0||0||1|THN|6300000|6300000||0|0|0||0|0|0|0||||0|0||||0|525000|525000|525000|525000|525000|525000|525000|525000|525000|525000|525000|525000|0||0|||1|0|00
2026|01|527010|015|08|WA|4715|EBD|01|51|1|004|100|CA|521211|019|A|0|0||0|03|||9|CTK  Biaya Pengawalan PengambilanPenyetoran ke Bank|6|ORG|50|FR|0||0||300|OK|30807|9242000||0|0|0||0|0|0|0||||0|0||||0|770000|770000|770000|770000|770000|770000|770000|770000|770000|770000|770000|772000|0||0|||1|0|00
2026|01|527010|015|08|WA|4715|EBD|01|51|1|004|100|CA|524111|019|A|0|0||0|01||1|1|Pegelolaan TKPKN Ditjen Perbendaharaan|0||0||0||0||0||0|0||0|0|0||0|0|0|0||||0|0||||0|0|0|0|0|0|0|0|0|0|0|0|0|0||0|||1|0|00
2026|01|527010|015|08|WA|4715|EBD|01|51|1|004|100|CA|524111|019|A|0|0||0|01|||2|Transport|4|ORG|7|LOK|1|FR|0||28|OK|2712143|75940000||0|0|0||0|0|0|0||||0|0||||0|6328000|6328000|6328000|6328000|6328000|6328000|6328000|6328000|6328000|6328000|6328000|6332000|0||0|||1|0|00
2026|01|527010|015|08|WA|4715|EBD|01|51|1|004|100|CA|524111|019|A|0|0||0|01|||3|Akomodasi|4|ORG|2|HR|7|LOK|1|FR|56|OH|454697|25463000||0|0|0||0|0|0|0||||0|0||||0|2121000|2121000|2121000|2121000|2121000|2121000|2121000|2121000|2121000|2121000|2121000|2132000|0||0|||1|0|00
2026|01|527010|015|08|WA|4715|EBD|01|51|1|004|100|CA|524111|019|A|0|0||0|01|||4|Uang Saku Harian|4|ORG|3|HR|7|LOK|0||84|OH|227346|19097000||0|0|0||0|0|0|0||||0|0||||0|1591000|1591000|1591000|1591000|1591000|1591000|1591000|1591000|1591000|1591000|1591000|1596000|0||0|||1|0|00
2026|01|527010|015|08|WA|4715|EBD|01|51|1|004|100|CA|524113|019|A|0|0||0|01||1|1|Studi Banding Pengelolaan Keuangan dan Perbendaharaan|0||0||0||0||0||0|0||0|0|0||0|0|0|0||||0|0||||0|0|0|0|0|0|0|0|0|0|0|0|0|0||0|||1|0|00
2026|01|527010|015|08|WA|4715|EBD|01|51|1|004|100|CA|524113|019|A|0|0||0|01|||2|Transport Lokal|10|ORG|2|LOK|0||0||20|OK|113700|2274000||0|0|0||0|0|0|0||||0|0||||0|189000|189000|189000|189000|189000|189000|189000|189000|189000|189000|189000|195000|0||0|||1|0|00
2026|01|527010|015|08|WA|4715|EBD|01|51|1|004|100|CA|524113|019|A|0|0||0|01|||3|Uang Harian|10|ORG|2|LOK|0||0||20|OK|127300|2546000||0|0|0||0|0|0|0||||0|0||||0|212000|212000|212000|212000|212000|212000|212000|212000|212000|212000|212000|214000|0||0|||1|0|00
2026|01|527010|015|08|WA|4715|EBD|01|51|1|004|100|CB|521211|019|A|0|0||0||||1|KDM  Makan Rapat|30|ORG|4|FR|0||0||120|OK|35125|4215000||0|0|0||0|0|0|0||||0|0||||0|351000|351000|351000|351000|351000|351000|351000|351000|351000|351000|351000|354000|0||0|||1|0|00
2026|01|527010|015|08|WA|4715|EBD|01|51|1|004|100|CB|521211|019|A|0|0||0||||2|KDM  Snack Rapat|30|ORG|4|FR|0||0||120|OK|14792|1775000||0|0|0||0|0|0|0||||0|0||||0|147000|147000|147000|147000|147000|147000|147000|147000|147000|147000|147000|158000|0||0|||1|0|00
2026|01|527010|015|08|WA|4715|EBD|01|51|1|004|100|CB|524111|019|A|0|0||0||||1|Transport|4|ORG|6|LOK|1|FR|0||24|OK|2712167|65092000||0|0|0||0|0|0|0||||0|0||||0|5424000|5424000|5424000|5424000|5424000|5424000|5424000|5424000|5424000|5424000|5424000|5428000|0||0|||1|0|00
2026|01|527010|015|08|WA|4715|EBD|01|51|1|004|100|CB|524111|019|A|0|0||0||||2|Akomodasi|4|ORG|3|HR|6|LOK|0||72|OH|454709|32739000||0|0|0||0|0|0|0||||0|0||||0|2728000|2728000|2728000|2728000|2728000|2728000|2728000|2728000|2728000|2728000|2728000|2731000|0||0|||1|0|00
2026|01|527010|015|08|WA|4715|EBD|01|51|1|004|100|CB|524111|019|A|0|0||0||||3|Uang Saku Harian|4|ORG|4|HR|6|LOK|0||96|OH|227355|21826000||0|0|0||0|0|0|0||||0|0||||0|1818000|1818000|1818000|1818000|1818000|1818000|1818000|1818000|1818000|1818000|1818000|1828000|0||0|||1|0|00
2026|01|527010|015|08|WA|4715|EBD|01|51|1|004|100|CB|524113|019|A|0|0||0||||1|Transport Lokal|3|ORG|1|HR|6|FR|0||18|OK|113667|2046000||0|0|0||0|0|0|0||||0|0||||0|170000|170000|170000|170000|170000|170000|170000|170000|170000|170000|170000|176000|0||0|||1|0|00
2026|01|527010|015|08|WA|4715|EBD|01|51|1|004|100|CC|524111|019|A|0|0||0||||1|Transport|3|ORG|8|LOK|0||0||24|OK|1937250|46494000||0|0|0||0|0|0|0||||0|0||||0|3874000|3874000|3874000|3874000|3874000|3874000|3874000|3874000|3874000|3874000|3874000|3880000|0||0|||1|0|00
2026|01|527010|015|08|WA|4715|EBD|01|51|1|004|100|CC|524111|019|A|0|0||0||||2|Uang Saku Harian|3|ORG|3|HR|8|LOK|0||72|OH|260695|18770000||0|0|0||0|0|0|0||||0|0||||0|1564000|1564000|1564000|1564000|1564000|1564000|1564000|1564000|1564000|1564000|1564000|1566000|0||0|||1|0|00
2026|01|527010|015|08|WA|4715|EBD|01|51|1|004|100|CC|524111|019|A|0|0||0||||3|Akomodasi|3|ORG|2|HR|8|FR|0||48|OH|519875|24954000||0|0|0||0|0|0|0||||0|0||||0|2079000|2079000|2079000|2079000|2079000|2079000|2079000|2079000|2079000|2079000|2079000|2085000|0||0|||1|0|00
2026|01|527010|015|08|WA|4715|EBD|01|51|1|004|100|CD|521211|019|A|0|0||0||||1|KDM  Makan Rapat|60|ORG|3|HR|1|FR|0||180|OK|35117|6321000||0|0|0||0|0|0|0||||0|0||||0|526000|526000|526000|526000|526000|526000|526000|526000|526000|526000|526000|535000|0||0|||1|0|00
2026|01|527010|015|08|WA|4715|EBD|01|51|1|004|100|CD|521211|019|A|0|0||0||||2|KDM  Snack Rapat|60|ORG|3|HR|1|FR|0||180|OK|14789|2662000||0|0|0||0|0|0|0||||0|0||||0|221000|221000|221000|221000|221000|221000|221000|221000|221000|221000|221000|231000|0||0|||1|0|00
2026|01|527010|015|08|WA|4715|EBD|01|51|1|004|100|CD|522151|019|A|0|0||0||||1|Honorarium Narasumber|2|ORG|2|JAM|0||0||4|OJ|774500|3098000||0|0|0||0|0|0|0||||0|0||||0|258000|258000|258000|258000|258000|258000|258000|258000|258000|258000|258000|260000|0||0|||1|0|00
2026|01|527010|015|08|WA|4715|EBD|01|51|1|004|100|CD|524111|019|A|0|0||0||||1|Transport|10|ORG|5|LOK|1|FR|0||50|OK|3031400|151570000||0|0|0||0|0|0|0||||0|0||||0|12630000|12630000|12630000|12630000|12630000|12630000|12630000|12630000|12630000|12630000|12630000|12640000|0||0|||1|0|00
2026|01|527010|015|08|WA|4715|EBD|01|51|1|004|100|CD|524111|019|A|0|0||0||||2|Akomodasi|10|ORG|3|HR|5|LOK|1|FR|150|OH|378927|56839000||0|0|0||0|0|0|0||||0|0||||0|4736000|4736000|4736000|4736000|4736000|4736000|4736000|4736000|4736000|4736000|4736000|4743000|0||0|||1|0|00
2026|01|527010|015|08|WA|4715|EBD|01|51|1|004|100|CD|524111|019|A|0|0||0||||3|Uang Saku Harian|10|ORG|4|HR|5|LOK|1|FR|200|OH|227355|45471000||0|0|0||0|0|0|0||||0|0||||0|3789000|3789000|3789000|3789000|3789000|3789000|3789000|3789000|3789000|3789000|3789000|3792000|0||0|||1|0|00
2026|01|527010|015|08|WA|4715|EBD|01|51|1|004|100|CD|524114|019|A|0|0||0||||1|Transport|60|ORG|1|FR|0||0||60|OK|113684|6821000||0|0|0||0|0|0|0||||0|0||||0|568000|568000|568000|568000|568000|568000|568000|568000|568000|568000|568000|573000|0||0|||1|0|00
2026|01|527010|015|08|WA|4715|EBD|01|51|1|004|100|CD|524114|019|A|0|0||0||||2|Akomodasi|60|ORG|2|HR|0||0||120|OH|833634|100036000||0|0|0||0|0|0|0||||0|0||||0|8336000|8336000|8336000|8336000|8336000|8336000|8336000|8336000|8336000|8336000|8336000|8340000|0||0|||1|0|00
2026|01|527010|015|08|WA|4715|EBD|01|51|1|004|100|CD|524114|019|A|0|0||0||||3|Uang Harian|60|ORG|3|HR|0||0||180|OH|98523|17734000||0|0|0||0|0|0|0||||0|0||||0|1477000|1477000|1477000|1477000|1477000|1477000|1477000|1477000|1477000|1477000|1477000|1487000|0||0|||1|0|00
2026|01|527010|015|08|WA|4715|EBD|01|51|1|Z36|100|AA|521211|019|A|0|0||0||||1|KDM  Makan Rapat|10|ORG|4|FREK|0||0||40|OK|35900|1436000||0|0|0||0|0|0|0||||0|0||||0|119000|119000|119000|119000|119000|119000|119000|119000|119000|119000|119000|127000|0||0|||1|0|00
2026|01|527010|015|08|WA|4715|EBD|01|51|1|Z36|100|AA|521211|019|A|0|0||0||||2|KDM  Snack Rapat|10|ORG|4|FREK|0||0||40|OK|15125|605000||0|0|0||0|0|0|0||||0|0||||0|50000|50000|50000|50000|50000|50000|50000|50000|50000|50000|50000|55000|0||0|||1|0|00
2026|01|527010|015|08|WA|4715|EBD|01|51|1|Z36|100|AA|524111|019|A|0|0||0||||1|Akomodasi|2|ORG|16|LOK|2|HR|0||64|OH|387454|24797000||0|0|0||0|0|0|0||||0|0||||0|2066000|2066000|2066000|2066000|2066000|2066000|2066000|2066000|2066000|2066000|2066000|2071000|0||0|||1|0|00
2026|01|527010|015|08|WA|4715|EBD|01|51|1|Z36|100|AA|524111|019|A|0|0||0||||2|Transport|2|ORG|16|LOK|1|FREK|0||32|OK|1859750|59512000||0|0|0||0|0|0|0||||0|0||||0|4959000|4959000|4959000|4959000|4959000|4959000|4959000|4959000|4959000|4959000|4959000|4963000|0||0|||1|0|00
2026|01|527010|015|08|WA|4715|EBD|01|51|1|Z36|100|AA|524111|019|A|0|0||0||||3|Uang Saku Harian|2|ORG|16|LOK|3|HR|0||96|OH|309959|29756000||0|0|0||0|0|0|0||||0|0||||0|2479000|2479000|2479000|2479000|2479000|2479000|2479000|2479000|2479000|2479000|2479000|2487000|0||0|||1|0|00
2026|01|527010|015|08|WA|4715|EBD|01|51|1|Z36|100|AB|521211|019|A|0|0||0||||1|KDM  Makan Rapat|25|ORG|3|FREK|0||0||75|OK|35907|2693000||0|0|0||0|0|0|0||||0|0||||0|224000|224000|224000|224000|224000|224000|224000|224000|224000|224000|224000|229000|0||0|||1|0|00
2026|01|527010|015|08|WA|4715|EBD|01|51|1|Z36|100|AB|521211|019|A|0|0||0||||2|KDM  Snack Rapat|25|ORG|3|FREK|0||0||75|OK|15120|1134000||0|0|0||0|0|0|0||||0|0||||0|94000|94000|94000|94000|94000|94000|94000|94000|94000|94000|94000|100000|0||0|||1|0|00
2026|01|527010|015|08|WA|4715|EBD|01|51|1|Z36|100|AB|524111|019|A|0|0||0||||1|Uang Saku Harian|2|ORG|15|LOK|3|HR|0||90|OH|309956|27896000||0|0|0||0|0|0|0||||0|0||||0|2324000|2324000|2324000|2324000|2324000|2324000|2324000|2324000|2324000|2324000|2324000|2332000|0||0|||1|0|00
2026|01|527010|015|08|WA|4715|EBD|01|51|1|Z36|100|AB|524111|019|A|0|0||0||||2|Akomodasi|2|ORG|15|LOK|2|HR|0||60|OH|387450|23247000||0|0|0||0|0|0|0||||0|0||||0|1937000|1937000|1937000|1937000|1937000|1937000|1937000|1937000|1937000|1937000|1937000|1940000|0||0|||1|0|00
2026|01|527010|015|08|WA|4715|EBD|01|51|1|Z36|100|AB|524111|019|A|0|0||0||||3|Transport|2|ORG|15|LOK|1|FREK|0||30|OK|2905867|87176000||0|0|0||0|0|0|0||||0|0||||0|7264000|7264000|7264000|7264000|7264000|7264000|7264000|7264000|7264000|7264000|7264000|7272000|0||0|||1|0|00
2026|01|527010|015|08|WA|4715|EBD|01|51|1|Z36|100|AC|521211|019|A|0|0||0||||1|KDM  Makan Rapat|10|ORG|2|FREK|0||0||20|OF|35900|718000||0|0|0||0|0|0|0||||0|0||||0|59000|59000|59000|59000|59000|59000|59000|59000|59000|59000|59000|69000|0||0|||1|0|00
2026|01|527010|015|08|WA|4715|EBD|01|51|1|Z36|100|AC|521211|019|A|0|0||0||||2|KDM  Snack Rapat|10|ORG|2|FREK|0||0||20|OK|15100|302000||0|0|0||0|0|0|0||||0|0||||0|25000|25000|25000|25000|25000|25000|25000|25000|25000|25000|25000|27000|0||0|||1|0|00
2026|01|527010|015|08|WA|4715|EBD|01|51|1|Z36|100|AC|524111|019|A|0|0||0||||1|Akomodasi|2|ORG|4|LOK|2|HR|0||16|OH|387438|6199000||0|0|0||0|0|0|0||||0|0||||0|516000|516000|516000|516000|516000|516000|516000|516000|516000|516000|516000|523000|0||0|||1|0|00
2026|01|527010|015|08|WA|4715|EBD|01|51|1|Z36|100|AC|524111|019|A|0|0||0||||2|Transport|2|ORG|4|LOK|1|FREK|0||8|OK|3099625|24797000||0|0|0||0|0|0|0||||0|0||||0|2066000|2066000|2066000|2066000|2066000|2066000|2066000|2066000|2066000|2066000|2066000|2071000|0||0|||1|0|00
2026|01|527010|015|08|WA|4715|EBD|01|51|1|Z36|100|AC|524111|019|A|0|0||0||||3|Uang Saku Harian|2|ORG|4|LOK|3|HR|0||24|OH|309959|7439000||0|0|0||0|0|0|0||||0|0||||0|619000|619000|619000|619000|619000|619000|619000|619000|619000|619000|619000|630000|0||0|||1|0|00
2026|01|527010|015|08|WA|4715|EBD|01|51|1|Z26|100|CA|521211|019|A|0|0||0|01||1|1|Laporan Keuangan UnAudited|0||0||0||0||0||0|0||0|0|0||0|0|0|0||||0|0||||0|0|0|0|0|0|0|0|0|0|0|0|0|0||0|||1|0|00
2026|01|527010|015|08|WA|4715|EBD|01|51|1|Z26|100|CA|521211|019|A|0|0||0|01|||2|KDM  Makan Rapat|40|ORG|6|FR|0||0||240|OK|35121|8429000||0|0|0||0|0|0|0||||0|0||||0|702000|702000|702000|702000|702000|702000|702000|702000|702000|702000|702000|707000|0||0|||1|0|00
2026|01|527010|015|08|WA|4715|EBD|01|51|1|Z26|100|CA|521211|019|A|0|0||0|01|||3|KDM  Snack Rapat|40|ORG|6|FR|0||0||240|OK|14788|3549000||0|0|0||0|0|0|0||||0|0||||0|295000|295000|295000|295000|295000|295000|295000|295000|295000|295000|295000|304000|0||0|||1|0|00
2026|01|527010|015|08|WA|4715|EBD|01|51|1|Z26|100|CA|521211|019|A|0|0||0|01|||4|CTK  Pencetakan Laporan dan Dokumentasi Kegiatan|0||0||0||0||1|FR|924000|924000||0|0|0||0|0|0|0||||0|0||||0|77000|77000|77000|77000|77000|77000|77000|77000|77000|77000|77000|77000|0||0|||1|0|00
2026|01|527010|015|08|WA|4715|EBD|01|51|1|Z26|100|CA|521211|019|A|0|0||0|02||1|5|Laporan Keuangan Audited|0||0||0||0||0||0|0||0|0|0||0|0|0|0||||0|0||||0|0|0|0|0|0|0|0|0|0|0|0|0|0||0|||1|0|00
2026|01|527010|015|08|WA|4715|EBD|01|51|1|Z26|100|CA|521211|019|A|0|0||0|02|||6|KDM  Makan Rapat|40|ORG|6|FR|0||0||240|OK|35121|8429000||0|0|0||0|0|0|0||||0|0||||0|702000|702000|702000|702000|702000|702000|702000|702000|702000|702000|702000|707000|0||0|||1|0|00
2026|01|527010|015|08|WA|4715|EBD|01|51|1|Z26|100|CA|521211|019|A|0|0||0|02|||7|KDM  Snack Rapat|40|ORG|6|FR|0||0||240|OK|14788|3549000||0|0|0||0|0|0|0||||0|0||||0|295000|295000|295000|295000|295000|295000|295000|295000|295000|295000|295000|304000|0||0|||1|0|00
2026|01|527010|015|08|WA|4715|EBD|01|51|1|Z26|100|CA|521211|019|A|0|0||0|02|||8|CTK  Pencetakan LKKL Unit Es.I DJPb Audited|1|STKR|1|SET|0||0||1|BUKU|924000|924000||0|0|0||0|0|0|0||||0|0||||0|77000|77000|77000|77000|77000|77000|77000|77000|77000|77000|77000|77000|0||0|||1|0|00
2026|01|527010|015|08|WA|4715|EBD|01|51|1|Z26|100|CA|524111|019|A|0|0||0||||1|Transport|6|ORG|1|FR|0||0||6|OK|2273500|13641000||0|0|0||0|0|0|0||||0|0||||0|1136000|1136000|1136000|1136000|1136000|1136000|1136000|1136000|1136000|1136000|1136000|1145000|0||0|||1|0|00
2026|01|527010|015|08|WA|4715|EBD|01|51|1|Z26|100|CA|524111|019|A|0|0||0||||2|Akomodasi|6|ORG|4|HR|1|FR|0||24|OH|492584|11822000||0|0|0||0|0|0|0||||0|0||||0|985000|985000|985000|985000|985000|985000|985000|985000|985000|985000|985000|987000|0||0|||1|0|00
2026|01|527010|015|08|WA|4715|EBD|01|51|1|Z26|100|CA|524111|019|A|0|0||0||||3|Uang Saku Harian|6|ORG|5|HR|1|FR|0||30|OH|227367|6821000||0|0|0||0|0|0|0||||0|0||||0|568000|568000|568000|568000|568000|568000|568000|568000|568000|568000|568000|573000|0||0|||1|0|00
2026|01|527010|015|08|WA|4715|EBD|01|51|1|Z26|100|CA|524113|019|A|0|0||0||||1|Transport Lokal|3|ORG|1|HR|6|FR|0||18|OK|113667|2046000||0|0|0||0|0|0|0||||0|0||||0|170000|170000|170000|170000|170000|170000|170000|170000|170000|170000|170000|176000|0||0|||1|0|00
2026|01|527010|015|08|WA|4715|EBD|01|51|1|Z26|100|CB|521211|019|A|0|0||0|01||1|1|Penyusunan Laporan Keuangan Semester I|0||0||0||0||0||0|0||0|0|0||0|0|0|0||||0|0||||0|0|0|0|0|0|0|0|0|0|0|0|0|0||0|||1|0|00
2026|01|527010|015|08|WA|4715|EBD|01|51|1|Z26|100|CB|521211|019|A|0|0||0|01|||2|KDM  Makan Rapat|30|ORG|5|FR|0||0||150|OK|35120|5268000||0|0|0||0|0|0|0||||0|0||||0|439000|439000|439000|439000|439000|439000|439000|439000|439000|439000|439000|439000|0||0|||1|0|00
2026|01|527010|015|08|WA|4715|EBD|01|51|1|Z26|100|CB|521211|019|A|0|0||0|01|||3|KDM  Snack Rapat|30|ORG|5|FR|0||0||150|OK|14787|2218000||0|0|0||0|0|0|0||||0|0||||0|184000|184000|184000|184000|184000|184000|184000|184000|184000|184000|184000|194000|0||0|||1|0|00
2026|01|527010|015|08|WA|4715|EBD|01|51|1|Z26|100|CB|522151|019|A|0|0||0||||1|Honorarium Narasumber|3|ORG|2|JAM|1|FR|0||6|OJ|774500|4647000||0|0|0||0|0|0|0||||0|0||||0|387000|387000|387000|387000|387000|387000|387000|387000|387000|387000|387000|390000|0||0|||1|0|00
2026|01|527010|015|08|WA|4715|EBD|01|51|1|Z26|100|CB|524111|019|A|0|0||0||||1|Transport|3|ORG|2|FR|0||0||6|OK|2273500|13641000||0|0|0||0|0|0|0||||0|0||||0|1136000|1136000|1136000|1136000|1136000|1136000|1136000|1136000|1136000|1136000|1136000|1145000|0||0|||1|0|00
2026|01|527010|015|08|WA|4715|EBD|01|51|1|Z26|100|CB|524111|019|A|0|0||0||||2|Akomodasi|3|ORG|4|HR|2|FR|0||24|OH|492584|11822000||0|0|0||0|0|0|0||||0|0||||0|985000|985000|985000|985000|985000|985000|985000|985000|985000|985000|985000|987000|0||0|||1|0|00
2026|01|527010|015|08|WA|4715|EBD|01|51|1|Z26|100|CB|524111|019|A|0|0||0||||3|Uang Saku Harian|6|ORG|4|HR|2|FR|0||48|OH|227355|10913000||0|0|0||0|0|0|0||||0|0||||0|909000|909000|909000|909000|909000|909000|909000|909000|909000|909000|909000|914000|0||0|||1|0|00
2026|01|527010|015|08|WA|4715|EBD|01|51|1|Z26|100|CC|521211|019|A|0|0||0||||1|KDM  Makan Rapat|40|ORG|7|FR|0||0||280|OK|35122|9834000||0|0|0||0|0|0|0||||0|0||||0|819000|819000|819000|819000|819000|819000|819000|819000|819000|819000|819000|825000|0||0|||1|0|00
2026|01|527010|015|08|WA|4715|EBD|01|51|1|Z26|100|CC|521211|019|A|0|0||0||||2|KDM  Snack Rapat|40|ORG|7|FR|0||0||280|OK|14786|4140000||0|0|0||0|0|0|0||||0|0||||0|345000|345000|345000|345000|345000|345000|345000|345000|345000|345000|345000|345000|0||0|||1|0|00
2026|01|527010|015|08|WA|4715|EBD|01|51|1|Z26|100|CC|524111|019|A|0|0||0||||1|Transport|2|ORG|3|FR|0||0||6|OK|2273500|13641000||0|0|0||0|0|0|0||||0|0||||0|1136000|1136000|1136000|1136000|1136000|1136000|1136000|1136000|1136000|1136000|1136000|1145000|0||0|||1|0|00
2026|01|527010|015|08|WA|4715|EBD|01|51|1|Z26|100|CC|524111|019|A|0|0||0||||2|Akomodasi|2|ORG|2|HR|3|FR|0||12|OH|492584|5911000||0|0|0||0|0|0|0||||0|0||||0|492000|492000|492000|492000|492000|492000|492000|492000|492000|492000|492000|499000|0||0|||1|0|00
2026|01|527010|015|08|WA|4715|EBD|01|51|1|Z26|100|CC|524111|019|A|0|0||0||||3|Uang Saku Harian|2|ORG|3|HR|3|FR|0||18|OH|227334|4092000||0|0|0||0|0|0|0||||0|0||||0|341000|341000|341000|341000|341000|341000|341000|341000|341000|341000|341000|341000|0||0|||1|0|00
2026|01|527010|015|08|WA|4715|EBD|01|51|1|Z26|100|CD|524111|019|A|0|0||0||||1|Transport|2|ORG|6|FR|0||0||12|OK|4822250|57867000||0|0|0||0|0|0|0||||0|0||||0|4822000|4822000|4822000|4822000|4822000|4822000|4822000|4822000|4822000|4822000|4822000|4825000|0||0|||1|0|00
2026|01|527010|015|08|WA|4715|EBD|01|51|1|Z26|100|CD|524111|019|A|0|0||0||||2|Akomodasi|2|ORG|2|HR|6|FR|0||24|OK|492625|11823000||0|0|0||0|0|0|0||||0|0||||0|985000|985000|985000|985000|985000|985000|985000|985000|985000|985000|985000|988000|0||0|||1|0|00
2026|01|527010|015|08|WA|4715|EBD|01|51|1|Z26|100|CD|524111|019|A|0|0||0||||3|Uang Saku Harian|2|ORG|3|HR|6|FR|0||36|OH|232473|8369000||0|0|0||0|0|0|0||||0|0||||0|697000|697000|697000|697000|697000|697000|697000|697000|697000|697000|697000|702000|0||0|||1|0|00
2026|01|527010|015|08|WA|4715|EBD|01|51|1|Z26|100|PA|521211|019|A|0|0||0||||1|KDM  Makan Rapat|25|org|15|fr|0||0||375|OK|35910|13466000||0|0|0||0|0|0|0||||0|0||||0|1122000|1122000|1122000|1122000|1122000|1122000|1122000|1122000|1122000|1122000|1122000|1124000|0||0|||1|0|00
2026|01|527010|015|08|WA|4715|EBD|01|51|1|Z26|100|PA|521211|019|A|0|0||0||||2|KDM  Snack Rapat|25|org|15|fr|0||0||375|OK|15120|5670000||0|0|0||0|0|0|0||||0|0||||0|472000|472000|472000|472000|472000|472000|472000|472000|472000|472000|472000|478000|0||0|||1|0|00
2026|01|527010|015|08|WA|4715|EBD|01|51|1|Z26|100|PA|524111|019|A|0|0||0||||1|Akomodasi|7|org|2|hari|1|frek|0||14|OH|440143|6162000||0|0|0||0|0|0|0||||0|0||||0|513000|513000|513000|513000|513000|513000|513000|513000|513000|513000|513000|519000|0||0|||1|0|00
2026|01|527010|015|08|WA|4715|EBD|01|51|1|Z26|100|PA|524111|019|A|0|0||0||||2|Transortasi|7|org|1|frek|0||0||7|OK|1345715|9420000||0|0|0||0|0|0|0||||0|0||||0|785000|785000|785000|785000|785000|785000|785000|785000|785000|785000|785000|785000|0||0|||1|0|00
2026|01|527010|015|08|WA|4715|EBD|01|51|1|Z26|100|PA|524111|019|A|0|0||0||||3|Uang Harian|7|org|3|hr|1|frek|0||21|OH|325477|6835000||0|0|0||0|0|0|0||||0|0||||0|569000|569000|569000|569000|569000|569000|569000|569000|569000|569000|569000|576000|0||0|||1|0|00
2026|01|527010|015|08|WA|4715|EBD|01|51|1|974|100|CA|522191|019|A|0|0||0||||1|Paket Pekerjaaan Penataan Arsip RC Pondok Bambu|0||0||0||0||2408.2|ML|297312|715986000||0|0|0||0|0|0|0||||0|0||||0|59665000|59665000|59665000|59665000|59665000|59665000|59665000|59665000|59665000|59665000|59665000|59671000|0||0|||1|0|00
2026|01|527010|015|08|WA|4715|EBD|01|51|1|974|100|DA|521219|019|A|0|0||0||||1|Pemindahan dan Pembenahan Arsip Aktif Lingkup Unit Pengolah|0||0||0||0||12|BLN|1760000|21120000||0|0|0||0|0|0|0||||0|0||||0|1760000|1760000|1760000|1760000|1760000|1760000|1760000|1760000|1760000|1760000|1760000|1760000|0||0|||1|0|00
2026|01|527010|015|08|WA|4715|EBD|01|51|1|974|100|DA|521219|019|A|0|0||0||||2|Biaya Permanent Out Pemusnahan Arsip  In Aktif Unit Kearsipan II|0||0||0||0||2|PKT|8800000|17600000||0|0|0||0|0|0|0||||0|0||||0|1466000|1466000|1466000|1466000|1466000|1466000|1466000|1466000|1466000|1466000|1466000|1474000|0||0|||1|0|00
2026|01|527010|015|08|WA|4715|EBD|01|51|1|974|100|DA|521219|019|A|0|0||0||||3|Pendataan Dan Pengepakan Arsip In Aktif Unit Kearsipan II|0||0||0||0||2|PKT|35200000|70400000||0|0|0||0|0|0|0||||0|0||||0|5866000|5866000|5866000|5866000|5866000|5866000|5866000|5866000|5866000|5866000|5866000|5874000|0||0|||1|0|00
2026|01|527010|015|08|WA|4715|EBD|01|51|1|974|100|DA|521219|019|A|0|0||0||||4|Penataan Arsip In Aktif Unit Kearsipan II|0||0||0||0||2|PKT|22000000|44000000||0|0|0||0|0|0|0||||0|0||||0|3666000|3666000|3666000|3666000|3666000|3666000|3666000|3666000|3666000|3666000|3666000|3674000|0||0|||1|0|00
2026|01|527010|015|08|WA|4715|EBD|01|51|1|974|100|DA|522191|019|A|0|0||0||||1|Pest Control, Rodent Control dan Fumigasi|0||0||0||0||10000|M2|8800|88000000||0|0|0||0|0|0|0||||0|0||||0|7333000|7333000|7333000|7333000|7333000|7333000|7333000|7333000|7333000|7333000|7333000|7337000|0||0|||1|0|00
2026|01|527010|015|08|WA|4715|EBD|01|51|1|974|100|DA|524111|019|A|0|0||0||||1|Akomodasi|2|ORG|2|HR|6|KL|0||24|OH|619917|14878000||0|0|0||0|0|0|0||||0|0||||0|1239000|1239000|1239000|1239000|1239000|1239000|1239000|1239000|1239000|1239000|1239000|1249000|0||0|||1|0|00
2026|01|527010|015|08|WA|4715|EBD|01|51|1|974|100|DA|524111|019|A|0|0||0||||2|Transport|2|ORG|6|KL|0||0||12|OK|1094167|13130000||0|0|0||0|0|0|0||||0|0||||0|1094000|1094000|1094000|1094000|1094000|1094000|1094000|1094000|1094000|1094000|1094000|1096000|0||0|||1|0|00
2026|01|527010|015|08|WA|4715|EBD|01|51|1|974|100|DA|524111|019|A|0|0||0||||3|Uang Harian|2|ORG|3|HR|6|KL|0||36|OH|266556|9596000||0|0|0||0|0|0|0||||0|0||||0|799000|799000|799000|799000|799000|799000|799000|799000|799000|799000|799000|807000|0||0|||1|0|00
2026|01|527010|015|08|WA|4715|EBD|01|51|1|974|100|DA|524113|019|A|0|0||0||||1|Transport Dalam Kota|8|ORG|1|HR|12|KL|0||96|OK|131730|12646000||0|0|0||0|0|0|0||||0|0||||0|1053000|1053000|1053000|1053000|1053000|1053000|1053000|1053000|1053000|1053000|1053000|1063000|0||0|||1|0|00
2026|01|527010|015|08|WA|4715|EBD|01|51|1|974|100|DB|524111|019|A|0|0||0||||1|Akomodasi|2|ORG|2|HR|6|KL|0||24|OH|619917|14878000||0|0|0||0|0|0|0||||0|0||||0|1239000|1239000|1239000|1239000|1239000|1239000|1239000|1239000|1239000|1239000|1239000|1249000|0||0|||1|0|00
2026|01|527010|015|08|WA|4715|EBD|01|51|1|974|100|DB|524111|019|A|0|0||0||||2|Transport|2|ORG|6|KL|0||0||12|OK|1107834|13294000||0|0|0||0|0|0|0||||0|0||||0|1107000|1107000|1107000|1107000|1107000|1107000|1107000|1107000|1107000|1107000|1107000|1117000|0||0|||1|0|00
2026|01|527010|015|08|WA|4715|EBD|01|51|1|974|100|DB|524111|019|A|0|0||0||||3|Uang Harian|2|ORG|3|HR|6|KL|0||36|OH|266556|9596000||0|0|0||0|0|0|0||||0|0||||0|799000|799000|799000|799000|799000|799000|799000|799000|799000|799000|799000|807000|0||0|||1|0|00
2026|01|527010|015|08|WA|4715|EBD|01|51|1|974|100|DB|524113|019|A|0|0||0||||1|Transport Dalam Kota|6|ORG|12|KL|0||0||72|OK|131737|9485000||0|0|0||0|0|0|0||||0|0||||0|790000|790000|790000|790000|790000|790000|790000|790000|790000|790000|790000|795000|0||0|||1|0|00
2026|01|527010|015|08|WA|4718|BMB|01|51|1|001|100|DA|521211|019|A|0|0||0||||1|CTK  Hari Bakti Perbendaharaan|1000|ORG|1|PKT|0||0||1000|PKT|55654|55654000||0|0|0||0|0|0|0||||0|0||||0|4637000|4637000|4637000|4637000|4637000|4637000|4637000|4637000|4637000|4637000|4637000|4647000|0||0|||1|0|00
2026|01|527010|015|08|WA|4718|BMB|01|51|1|001|100|DA|521211|019|A|0|0||0||||2|CTK  HUT RI|1000|ORG|1|PKT|0||0||1000|PKT|8834|8834000||0|0|0||0|0|0|0||||0|0||||0|736000|736000|736000|736000|736000|736000|736000|736000|736000|736000|736000|738000|0||0|||1|0|00
2026|01|527010|015|08|WA|4718|BMB|01|51|1|001|100|DA|521211|019|A|0|0||0||||3|CTK  Hari Oeang|1000|ORG|1|PKT|0||0||1000|PKT|111308|111308000||0|0|0||0|0|0|0||||0|0||||0|9275000|9275000|9275000|9275000|9275000|9275000|9275000|9275000|9275000|9275000|9275000|9283000|0||0|||1|0|00
2026|01|527010|015|08|WA|4718|BMB|01|51|1|001|100|DA|521211|019|A|0|0||0||||4|CTK  Hari Anti Korupsi|1000|ORG|1|PKT|0||0||1000|PKT|55654|55654000||0|0|0||0|0|0|0||||0|0||||0|4637000|4637000|4637000|4637000|4637000|4637000|4637000|4637000|4637000|4637000|4637000|4647000|0||0|||1|0|00
2026|01|527010|015|08|WA|4718|BMB|01|51|1|001|100|DA|522191|019|A|0|0||0||||1|Hari Bakti Perbendaharaan|0||0||0||0||1|PKT|141344000|141344000||0|0|0||0|0|0|0||||0|0||||0|11778000|11778000|11778000|11778000|11778000|11778000|11778000|11778000|11778000|11778000|11778000|11786000|0||0|||1|0|00
2026|01|527010|015|08|WA|4718|BMB|01|51|1|001|100|DA|522191|019|A|0|0||0||||2|HUT RI|0||0||0||0||1|PKT|141344000|141344000||0|0|0||0|0|0|0||||0|0||||0|11778000|11778000|11778000|11778000|11778000|11778000|11778000|11778000|11778000|11778000|11778000|11786000|0||0|||1|0|00
2026|01|527010|015|08|WA|4718|BMB|01|51|1|001|100|DA|522191|019|A|0|0||0||||3|Hari Oeang|0||0||0||0||1|PKT|212016000|212016000||0|0|0||0|0|0|0||||0|0||||0|17668000|17668000|17668000|17668000|17668000|17668000|17668000|17668000|17668000|17668000|17668000|17668000|0||0|||1|0|00
2026|01|527010|015|08|WA|4718|BMB|01|51|1|001|100|DA|522191|019|A|0|0||0||||4|Hari Anti Korupsi|0||0||0||0||1|PKT|141344000|141344000||0|0|0||0|0|0|0||||0|0||||0|11778000|11778000|11778000|11778000|11778000|11778000|11778000|11778000|11778000|11778000|11778000|11786000|0||0|||1|0|00
2026|01|527010|015|08|WA|4718|BMB|01|51|1|003|100|AA|521211|019|A|0|0||0|01||1|1|Workshop Seminar Pengarusutamaan Gender (PUG) DJPB|0||0||0||0||0||0|0||0|0|0||0|0|0|0||||0|0||||0|0|0|0|0|0|0|0|0|0|0|0|0|0||0|||1|0|00
2026|01|527010|015|08|WA|4718|BMB|01|51|1|003|100|AA|521211|019|A|0|0||0|01|||2|KDM  Makan Rapat|57|ORG|2|FR|0||0||114|OF|57492|6554000||0|0|0||0|0|0|0||||0|0||||0|623016|623016|623016|623016|623016|623016|623016|623016|623016|623016|323840|0|0||0|||1|0|00
2026|01|527010|015|08|WA|4718|BMB|01|51|1|003|100|AA|521211|019|A|0|0||0|01|||3|KDM  Snack Rapat|57|ORG|2|FR|0||0||114|OF|24000|2736000||0|0|0||0|0|0|0||||0|0||||0|260081|260081|260081|260081|260081|260081|260081|260081|260081|260081|135190|0|0||0|||1|0|00
2026|01|527010|015|08|WA|4718|BMB|01|51|1|003|100|AA|521211|019|A|0|0||0|02||1|4|Penilaian Implementasi PUG Lingkup Ditjen Perbendaharaan|0||0||0||0||0||0|0||0|0|0||0|0|0|0||||0|0||||0|0|0|0|0|0|0|0|0|0|0|0|0|0||0|||1|0|00
2026|01|527010|015|08|WA|4718|BMB|01|51|1|003|100|AA|521211|019|A|0|0||0|02|||5|KDM  Makan Rapat|90|ORG|1|FR|0||0||90|OF|57000|5130000||0|0|0||0|0|0|0||||0|0||||0|487652|487652|487652|487652|487652|487652|487652|487652|487652|487652|253480|0|0||0|||1|0|00
2026|01|527010|015|08|WA|4718|BMB|01|51|1|003|100|AA|521211|019|A|0|0||0|02|||6|KDM  Snack Rapat|90|ORG|1|FR|0||0||90|OF|24000|2160000||0|0|0||0|0|0|0||||0|0||||0|205327|205327|205327|205327|205327|205327|205327|205327|205327|205327|106730|0|0||0|||1|0|00
2026|01|527010|015|08|WA|4718|BMB|01|51|1|003|100|AA|522151|019|A|0|0||0||||1|Honor Narasumber Eselon II|1|ORG|2|JAM|2|FR|0||4|OJ|1000000|4000000||0|0|0||0|0|0|0||||0|0||||0|380235|380235|380235|380235|380235|380235|380235|380235|380235|380235|197650|0|0||0|||1|0|00
2026|01|527010|015|08|WA|4718|BMB|01|51|1|003|100|AA|522151|019|A|0|0||0||||2|Honor Narasumber Eselon III|2|ORG|3|JAM|1|FR|0||6|OJ|784500|4707000||0|0|0||0|0|0|0||||0|0||||0|447442|447442|447442|447442|447442|447442|447442|447442|447442|447442|232580|0|0||0|||1|0|00
2026|01|527010|015|08|WA|4718|BMB|01|51|1|003|100|AA|522191|019|A|0|0||0||||1|Jasa EO Lomba Implementasi PUG|0||0||0||0||1|PKT|131818000|131818000||0|0|0||0|0|0|0||||0|0||||0|12530466|12530466|12530466|12530466|12530466|12530466|12530466|12530466|12530466|12530466|6513340|0|0||0|||1|0|00
2026|01|527010|015|08|WA|4718|BMB|01|51|1|003|100|AA|524111|019|A|0|0||0||||1|Transport|3|ORG|2|LOK|0||0||6|OK|2053667|12322000||0|0|0||0|0|0|0||||0|0||||0|1171315|1171315|1171315|1171315|1171315|1171315|1171315|1171315|1171315|1171315|608850|0|0||0|||1|0|00
2026|01|527010|015|08|WA|4718|BMB|01|51|1|003|100|AA|524111|019|A|0|0||0||||2|Akomodasi|3|ORG|2|HR|2|FR|0||12|OH|444917|5339000||0|0|0||0|0|0|0||||0|0||||0|507519|507519|507519|507519|507519|507519|507519|507519|507519|507519|263810|0|0||0|||1|0|00
2026|01|527010|015|08|WA|4718|BMB|01|51|1|003|100|AA|524111|019|A|0|0||0||||3|Uang Saku Harian|3|ORG|3|HR|1|FR|0||9|OH|239556|2156000||0|0|0||0|0|0|0||||0|0||||0|204947|204947|204947|204947|204947|204947|204947|204947|204947|204947|106530|0|0||0|||1|0|00
2026|01|527010|015|08|WA|4718|BMB|01|51|1|002|100|QA|521211|019|A|0|0||0||||1|KDM  Makan Rapat|15|ORG|2|FR|0||0||30|OF|35900|1077000||0|0|0||0|0|0|0||||0|0||||0|89000|89000|89000|89000|89000|89000|89000|89000|89000|89000|89000|98000|0||0|||1|0|00
2026|01|527010|015|08|WA|4718|BMB|01|51|1|002|100|QA|521211|019|A|0|0||0||||2|KDM  Snack Rapat|15|ORG|2|FR|0||0||30|OF|15134|454000||0|0|0||0|0|0|0||||0|0||||0|37000|37000|37000|37000|37000|37000|37000|37000|37000|37000|37000|47000|0||0|||1|0|00
2026|01|527010|015|08|WA|4718|BMB|01|51|1|002|100|QA|521219|019|A|0|0||0||||1| Pencetakan Annual Report|0||0||0||0||250|BUKU|352000|88000000||0|0|0||0|0|0|0||||0|0||||0|7333000|7333000|7333000|7333000|7333000|7333000|7333000|7333000|7333000|7333000|7333000|7337000|0||0|||1|0|00
2026|01|527010|015|08|WA|4718|BMB|01|51|1|002|100|QA|522141|019|A|0|0||0||||1|Sewa Domain Artreasury|0||0||0||0||1|PKT|4380000|4380000||0|0|0||0|0|0|0||||0|0||||0|365000|365000|365000|365000|365000|365000|365000|365000|365000|365000|365000|365000|0||0|||1|0|00
2026|01|527010|015|08|WA|4718|BMB|01|51|1|002|100|QA|522151|019|A|0|0||0||||1|Honor Narasumber dari KL lain|5|ORG|2|JAM|1|KL|0||10|OJ|792000|7920000||0|0|0||0|0|0|0||||0|0||||0|660000|660000|660000|660000|660000|660000|660000|660000|660000|660000|660000|660000|0||0|||1|0|00
2026|01|527010|015|08|WA|4718|BMB|01|51|1|002|100|QA|524111|019|A|0|0||0||||1|Akomodasi|5|ORG|2|HR|6|KL|0||60|OH|585250|35115000||0|0|0||0|0|0|0||||0|0||||0|2926000|2926000|2926000|2926000|2926000|2926000|2926000|2926000|2926000|2926000|2926000|2929000|0||0|||1|0|00
2026|01|527010|015|08|WA|4718|BMB|01|51|1|002|100|QA|524111|019|A|0|0||0||||2|Transport|5|ORG|6|KL|0||0||30|OK|1976000|59280000||0|0|0||0|0|0|0||||0|0||||0|4940000|4940000|4940000|4940000|4940000|4940000|4940000|4940000|4940000|4940000|4940000|4940000|0||0|||1|0|00
2026|01|527010|015|08|WA|4718|BMB|01|51|1|002|100|QA|524111|019|A|0|0||0||||3|Uang Harian|5|ORG|3|HR|6|KL|0||90|OH|266567|23991000||0|0|0||0|0|0|0||||0|0||||0|1999000|1999000|1999000|1999000|1999000|1999000|1999000|1999000|1999000|1999000|1999000|2002000|0||0|||1|0|00
2026|01|527010|015|08|WA|4718|BMB|01|51|1|002|100|QA|524113|019|A|0|0||0||||1|Transport Dalam Kota|3|ORG|12|KL|0||0||36|OF|131723|4742000||0|0|0||0|0|0|0||||0|0||||0|395000|395000|395000|395000|395000|395000|395000|395000|395000|395000|395000|397000|0||0|||1|0|00
2026|01|527010|015|08|WA|4719|EBA|01|51|1|003|100|AA|521211|019|A|0|0||0||||1|KDM  Makan Rapat|20|ORG|2|FREK|0||0||40|OF|35900|1436000||0|0|0||0|0|0|0||||0|0||||0|119000|119000|119000|119000|119000|119000|119000|119000|119000|119000|119000|127000|0||0|||1|0|00
2026|01|527010|015|08|WA|4719|EBA|01|51|1|003|100|AA|521211|019|A|0|0||0||||2|KDM  Snack Rapat|20|ORG|2|FREK|0||0||40|OF|15125|605000||0|0|0||0|0|0|0||||0|0||||0|50000|50000|50000|50000|50000|50000|50000|50000|50000|50000|50000|55000|0||0|||1|0|00
2026|01|527010|015|08|WA|4719|EBA|01|51|1|003|100|AA|524111|019|A|0|0||0||||1|Akomodasi|2|ORG|2|HR|2|LOK|0||8|OH|542375|4339000||0|0|0||0|0|0|0||||0|0||||0|361000|361000|361000|361000|361000|361000|361000|361000|361000|361000|361000|368000|0||0|||1|0|00
2026|01|527010|015|08|WA|4719|EBA|01|51|1|003|100|AA|524111|019|A|0|0||0||||2|Transport|2|ORG|1|FREK|2|LOK|0||4|OF|2169750|8679000||0|0|0||0|0|0|0||||0|0||||0|723000|723000|723000|723000|723000|723000|723000|723000|723000|723000|723000|726000|0||0|||1|0|00
2026|01|527010|015|08|WA|4719|EBA|01|51|1|003|100|AA|524111|019|A|0|0||0||||3|Uang Saku Harian|2|ORG|3|HR|2|LOK|0||12|OH|290584|3487000||0|0|0||0|0|0|0||||0|0||||0|290000|290000|290000|290000|290000|290000|290000|290000|290000|290000|290000|297000|0||0|||1|0|00
2026|01|527010|015|08|WA|4719|EBA|01|51|1|003|100|AB|521211|019|A|0|0||0||||1|KDM  Snack Rapat|10|ORG|2|FREK|0||0||20|OF|15100|302000||0|0|0||0|0|0|0||||0|0||||0|25000|25000|25000|25000|25000|25000|25000|25000|25000|25000|25000|27000|0||0|||1|0|00
2026|01|527010|015|08|WA|4719|EBA|01|51|1|003|100|AB|521211|019|A|0|0||0||||2|KDM  Makan Rapat|10|ORG|2|FREK|0||0||20|OF|35900|718000||0|0|0||0|0|0|0||||0|0||||0|59000|59000|59000|59000|59000|59000|59000|59000|59000|59000|59000|69000|0||0|||1|0|00
2026|01|527010|015|08|WA|4719|EBA|01|51|1|003|100|AB|524111|019|A|0|0||0||||1|Transport|3|ORG|10|LOK|1|FREK|0||30|OF|2712134|81364000||0|0|0||0|0|0|0||||0|0||||0|6780000|6780000|6780000|6780000|6780000|6780000|6780000|6780000|6780000|6780000|6780000|6784000|0||0|||1|0|00
2026|01|527010|015|08|WA|4719|EBA|01|51|1|003|100|AB|524111|019|A|0|0||0||||2|Uang Harian|3|ORG|10|LOK|3|HR|0||90|OH|278967|25107000||0|0|0||0|0|0|0||||0|0||||0|2092000|2092000|2092000|2092000|2092000|2092000|2092000|2092000|2092000|2092000|2092000|2095000|0||0|||1|0|00
2026|01|527010|015|08|WA|4719|EBA|01|51|1|003|100|AB|524111|019|A|0|0||0||||3|Akomodasi|3|ORG|10|LOK|2|HR|0||60|OH|515317|30919000||0|0|0||0|0|0|0||||0|0||||0|2576000|2576000|2576000|2576000|2576000|2576000|2576000|2576000|2576000|2576000|2576000|2583000|0||0|||1|0|00
2026|01|527010|015|08|WA|4719|EBA|01|51|1|003|100|AC|521211|019|A|0|0||0||||1|KDM  Makan Rapat|10|ORG|3|FREK|0||0||30|OF|44700|1341000||0|0|0||0|0|0|0||||0|0||||0|111000|111000|111000|111000|111000|111000|111000|111000|111000|111000|111000|120000|0||0|||1|0|00
2026|01|527010|015|08|WA|4719|EBA|01|51|1|003|100|AC|521211|019|A|0|0||0||||2|KDM  Snack Rapat|10|ORG|3|FREK|0||0||30|OF|18834|565000||0|0|0||0|0|0|0||||0|0||||0|47000|47000|47000|47000|47000|47000|47000|47000|47000|47000|47000|48000|0||0|||1|0|00
2026|01|527010|015|08|WA|4719|EBA|01|51|1|003|100|AC|524111|019|A|0|0||0||||1|Uang Harian|3|ORG|10|LOK|3|HR|0||90|OH|266567|23991000||0|0|0||0|0|0|0||||0|0||||0|1999000|1999000|1999000|1999000|1999000|1999000|1999000|1999000|1999000|1999000|1999000|2002000|0||0|||1|0|00
2026|01|527010|015|08|WA|4719|EBA|01|51|1|003|100|AC|524111|019|A|0|0||0||||2|Transport|3|ORG|10|LOK|1|FREK|0||30|OF|2774134|83224000||0|0|0||0|0|0|0||||0|0||||0|6935000|6935000|6935000|6935000|6935000|6935000|6935000|6935000|6935000|6935000|6935000|6939000|0||0|||1|0|00
2026|01|527010|015|08|WA|4719|EBA|01|51|1|003|100|AC|524111|019|A|0|0||0||||3|Akomodasi|3|ORG|10|LOK|2|HR|0||60|OH|515317|30919000||0|0|0||0|0|0|0||||0|0||||0|2576000|2576000|2576000|2576000|2576000|2576000|2576000|2576000|2576000|2576000|2576000|2583000|0||0|||1|0|00
2026|01|527010|015|08|WA|4719|EBA|01|51|1|003|100|AC|524119|019|A|0|0||0||||1|Uang Harian|20|ORG|1|LOK|3|HR|0||60|OH|100734|6044000||0|0|0||0|0|0|0||||0|0||||0|503000|503000|503000|503000|503000|503000|503000|503000|503000|503000|503000|511000|0||0|||1|0|00
2026|01|527010|015|08|WA|4719|EBA|01|51|1|003|100|AC|524119|019|A|0|0||0||||2|Transport Peserta Luar Jakarta|12|ORG|1|LOK|1|KEG|0||12|OF|2905834|34870000||0|0|0||0|0|0|0||||0|0||||0|2905000|2905000|2905000|2905000|2905000|2905000|2905000|2905000|2905000|2905000|2905000|2915000|0||0|||1|0|00
2026|01|527010|015|08|WA|4719|EBA|01|51|1|003|100|AC|524119|019|A|0|0||0||||3|Transport PanitiaPeserta Jakarta|8|ORG|1|LOK|1|FREK|0||8|OF|619875|4959000||0|0|0||0|0|0|0||||0|0||||0|413000|413000|413000|413000|413000|413000|413000|413000|413000|413000|413000|416000|0||0|||1|0|00
2026|01|527010|015|08|WA|4719|EBA|01|51|1|003|100|AC|524119|019|A|0|0||0||||4|Akomodasi|20|ORG|1|LOK|2|HR|0||40|OH|779550|31182000||0|0|0||0|0|0|0||||0|0||||0|2598000|2598000|2598000|2598000|2598000|2598000|2598000|2598000|2598000|2598000|2598000|2604000|0||0|||1|0|00
2026|01|527010|015|08|WA|4719|EBA|01|51|1|003|100|AD|521211|019|A|0|0||0||||1|KDM  Makan Rapat|15|ORG|3|FREK|0||0||45|OF|35912|1616000||0|0|0||0|0|0|0||||0|0||||0|134000|134000|134000|134000|134000|134000|134000|134000|134000|134000|134000|142000|0||0|||1|0|00
2026|01|527010|015|08|WA|4719|EBA|01|51|1|003|100|AD|521211|019|A|0|0||0||||2|KDM  Snack Rapat|15|ORG|3|FREK|0||0||45|OF|15112|680000||0|0|0||0|0|0|0||||0|0||||0|56000|56000|56000|56000|56000|56000|56000|56000|56000|56000|56000|64000|0||0|||1|0|00
2026|01|527010|015|08|WA|4719|EBA|01|51|1|003|100|AD|524111|019|A|0|0||0||||1|Transport|2|ORG|4|LOK|1|FREK|0||8|OF|2069000|16552000||0|0|0||0|0|0|0||||0|0||||0|1379000|1379000|1379000|1379000|1379000|1379000|1379000|1379000|1379000|1379000|1379000|1383000|0||0|||1|0|00
2026|01|527010|015|08|WA|4719|EBA|01|51|1|003|100|AD|524111|019|A|0|0||0||||2|Uang Harian|2|ORG|4|LOK|3|HR|0||24|OH|266584|6398000||0|0|0||0|0|0|0||||0|0||||0|533000|533000|533000|533000|533000|533000|533000|533000|533000|533000|533000|535000|0||0|||1|0|00
2026|01|527010|015|08|WA|4719|EBA|01|51|1|003|100|AD|524111|019|A|0|0||0||||3|Akomodasi|2|ORG|4|LOK|2|HR|0||16|OH|515313|8245000||0|0|0||0|0|0|0||||0|0||||0|687000|687000|687000|687000|687000|687000|687000|687000|687000|687000|687000|688000|0||0|||1|0|00
2026|01|527010|015|08|WA|4719|EBA|01|51|1|003|100|AE|521211|019|A|0|0||0||||1|KDM  Makan Rapat|15|ORG|5|FREK|0||0||75|OF|35907|2693000||0|0|0||0|0|0|0||||0|0||||0|224000|224000|224000|224000|224000|224000|224000|224000|224000|224000|224000|229000|0||0|||1|0|00
2026|01|527010|015|08|WA|4719|EBA|01|51|1|003|100|AE|524111|019|A|0|0||0||||1|Transport|3|ORG|6|LOK|1|FREK|0||18|OH|1751278|31523000||0|0|0||0|0|0|0||||0|0||||0|2626000|2626000|2626000|2626000|2626000|2626000|2626000|2626000|2626000|2626000|2626000|2637000|0||0|||1|0|00
2026|01|527010|015|08|WA|4719|EBA|01|51|1|003|100|AE|524111|019|A|0|0||0||||2|Uang Saku|3|ORG|6|LOK|3|HARI|0||54|OH|278963|15064000||0|0|0||0|0|0|0||||0|0||||0|1255000|1255000|1255000|1255000|1255000|1255000|1255000|1255000|1255000|1255000|1255000|1259000|0||0|||1|0|00
2026|01|527010|015|08|WA|4719|EBA|01|51|1|003|100|AE|524111|019|A|0|0||0||||3|Akomodasi|3|ORG|6|LOK|2|HARI|0||36|OH|531584|19137000||0|0|0||0|0|0|0||||0|0||||0|1594000|1594000|1594000|1594000|1594000|1594000|1594000|1594000|1594000|1594000|1594000|1603000|0||0|||1|0|00
2026|01|527010|015|08|WA|4719|EBA|01|51|1|003|100|AF|521211|019|A|0|0||0||||1|KDM  Makan Rapat|21|ORG|5|FREK|0||0||105|OF|35915|3771000||0|0|0||0|0|0|0||||0|0||||0|314000|314000|314000|314000|314000|314000|314000|314000|314000|314000|314000|317000|0||0|||1|0|00
2026|01|527010|015|08|WA|4719|EBA|01|51|1|003|100|AF|524111|019|A|0|0||0||||1|Akomodasi|3|ORG|5|LOK|2|HARI|0||30|OH|480434|14413000||0|0|0||0|0|0|0||||0|0||||0|1201000|1201000|1201000|1201000|1201000|1201000|1201000|1201000|1201000|1201000|1201000|1202000|0||0|||1|0|00
2026|01|527010|015|08|WA|4719|EBA|01|51|1|003|100|AF|524111|019|A|0|0||0||||2|Transport|3|ORG|5|LOK|1|FREK|0||15|OK|1317334|19760000||0|0|0||0|0|0|0||||0|0||||0|1646000|1646000|1646000|1646000|1646000|1646000|1646000|1646000|1646000|1646000|1646000|1654000|0||0|||1|0|00
2026|01|527010|015|08|WA|4719|EBA|01|51|1|003|100|AF|524111|019|A|0|0||0||||3|Uang Saku Harian|3|ORG|5|LOK|3|HARI|0||45|OH|278956|12553000||0|0|0||0|0|0|0||||0|0||||0|1046000|1046000|1046000|1046000|1046000|1046000|1046000|1046000|1046000|1046000|1046000|1047000|0||0|||1|0|00
2026|01|527010|015|08|WA|4719|EBA|01|51|1|003|100|AG|524111|019|A|0|0||0||||1|Akomodasi|3|ORG|2|LOK|3|HR|0||18|OH|658667|11856000||0|0|0||0|0|0|0||||0|0||||0|988000|988000|988000|988000|988000|988000|988000|988000|988000|988000|988000|988000|0||0|||1|0|00
2026|01|527010|015|08|WA|4719|EBA|01|51|1|003|100|AG|524111|019|A|0|0||0||||2|Transport|3|ORG|2|LOK|1|FREK|0||6|OK|7361500|44169000||0|0|0||0|0|0|0||||0|0||||0|3680000|3680000|3680000|3680000|3680000|3680000|3680000|3680000|3680000|3680000|3680000|3689000|0||0|||1|0|00
2026|01|527010|015|08|WA|4719|EBA|01|51|1|003|100|AG|524111|019|A|0|0||0||||3|Uang Saku Harian|3|ORG|2|LOK|4|HARI|0||24|OH|278959|6695000||0|0|0||0|0|0|0||||0|0||||0|557000|557000|557000|557000|557000|557000|557000|557000|557000|557000|557000|568000|0||0|||1|0|00
2026|01|527010|015|08|WA|4719|EBA|01|51|1|003|100|AH|521211|019|A|0|0||0||||1|KDM  Makan Rapat|10|ORG|3|FREK|0||0||30|OF|35900|1077000||0|0|0||0|0|0|0||||0|0||||0|89000|89000|89000|89000|89000|89000|89000|89000|89000|89000|89000|98000|0||0|||1|0|00
2026|01|527010|015|08|WA|4719|EBA|01|51|1|003|100|AH|521211|019|A|0|0||0||||2|KDM  Snack Rapat|10|ORG|3|FREK|0||0||30|OF|15134|454000||0|0|0||0|0|0|0||||0|0||||0|37000|37000|37000|37000|37000|37000|37000|37000|37000|37000|37000|47000|0||0|||1|0|00
2026|01|527010|015|08|WA|4719|EBA|01|51|1|003|100|AH|524111|019|A|0|0||0||||1|Akomodasi|2|ORG|6|LOK|2|HR|0||24|OH|619917|14878000||0|0|0||0|0|0|0||||0|0||||0|1239000|1239000|1239000|1239000|1239000|1239000|1239000|1239000|1239000|1239000|1239000|1249000|0||0|||1|0|00
2026|01|527010|015|08|WA|4719|EBA|01|51|1|003|100|AH|524111|019|A|0|0||0||||2|Transport|2|ORG|6|LOK|1|FREK|0||12|OF|2712167|32546000||0|0|0||0|0|0|0||||0|0||||0|2712000|2712000|2712000|2712000|2712000|2712000|2712000|2712000|2712000|2712000|2712000|2714000|0||0|||1|0|00
2026|01|527010|015|08|WA|4719|EBA|01|51|1|003|100|AH|524111|019|A|0|0||0||||3|Uang Saku Harian|2|ORG|6|LOK|3|HR|0||36|OH|282834|10182000||0|0|0||0|0|0|0||||0|0||||0|848000|848000|848000|848000|848000|848000|848000|848000|848000|848000|848000|854000|0||0|||1|0|00
2026|01|527010|015|08|WA|4719|EBA|01|51|1|003|100|AI|521211|019|A|0|0||0||||1|KDM  Makan Rapat|10|ORG|2|FREK|0||0||20|OF|35900|718000||0|0|0||0|0|0|0||||0|0||||0|59000|59000|59000|59000|59000|59000|59000|59000|59000|59000|59000|69000|0||0|||1|0|00
2026|01|527010|015|08|WA|4719|EBA|01|51|1|003|100|AI|521211|019|A|0|0||0||||2|KDM  Snack Rapat|10|ORG|2|FREK|0||0||20|OF|15100|302000||0|0|0||0|0|0|0||||0|0||||0|25000|25000|25000|25000|25000|25000|25000|25000|25000|25000|25000|27000|0||0|||1|0|00
2026|01|527010|015|08|WA|4719|EBA|01|51|1|003|100|AI|524111|019|A|0|0||0||||1|Akomodasi|3|ORG|4|LOK|2|HR|0||24|OH|619917|14878000||0|0|0||0|0|0|0||||0|0||||0|1239000|1239000|1239000|1239000|1239000|1239000|1239000|1239000|1239000|1239000|1239000|1249000|0||0|||1|0|00
2026|01|527010|015|08|WA|4719|EBA|01|51|1|003|100|AI|524111|019|A|0|0||0||||2|Transport|3|ORG|4|LOK|1|FREK|0||12|OK|3099584|37195000||0|0|0||0|0|0|0||||0|0||||0|3099000|3099000|3099000|3099000|3099000|3099000|3099000|3099000|3099000|3099000|3099000|3106000|0||0|||1|0|00
2026|01|527010|015|08|WA|4719|EBA|01|51|1|003|100|AI|524111|019|A|0|0||0||||3|Uang Saku Harian|3|ORG|4|LOK|3|HARI|0||36|OH|278973|10043000||0|0|0||0|0|0|0||||0|0||||0|836000|836000|836000|836000|836000|836000|836000|836000|836000|836000|836000|847000|0||0|||1|0|00
2026|01|527010|015|08|WA|4719|EBA|01|51|1|003|100|AI|524113|019|A|0|0||0||||1|Transport|5|ORG|1|LOK|5|FREK|0||25|OF|131720|3293000||0|0|0||0|0|0|0||||0|0||||0|274000|274000|274000|274000|274000|274000|274000|274000|274000|274000|274000|279000|0||0|||1|0|00
2026|01|527010|015|08|WA|4719|EBA|01|51|1|003|100|AJ|524111|019|A|0|0||0||||1|Akomodasi|2|ORG|4|LOK|2|HR|0||16|OH|619938|9919000||0|0|0||0|0|0|0||||0|0||||0|826000|826000|826000|826000|826000|826000|826000|826000|826000|826000|826000|833000|0||0|||1|0|00
2026|01|527010|015|08|WA|4719|EBA|01|51|1|003|100|AJ|524111|019|A|0|0||0||||2|Transport|2|ORG|4|LOK|1|FREK|0||8|OF|2712125|21697000||0|0|0||0|0|0|0||||0|0||||0|1808000|1808000|1808000|1808000|1808000|1808000|1808000|1808000|1808000|1808000|1808000|1809000|0||0|||1|0|00
2026|01|527010|015|08|WA|4719|EBA|01|51|1|003|100|AJ|524111|019|A|0|0||0||||3|Uang Saku Harian|2|ORG|4|LOK|3|HR|0||24|OH|278959|6695000||0|0|0||0|0|0|0||||0|0||||0|557000|557000|557000|557000|557000|557000|557000|557000|557000|557000|557000|568000|0||0|||1|0|00
2026|01|527010|015|08|WA|4719|EBA|01|51|1|003|100|AK|522151|019|A|0|0||0||||1|Honorarium Narasumber|1|ORG|1|JAM|1|KEG|0||1|OJ|792000|792000||0|0|0||0|0|0|0||||0|0||||0|66000|66000|66000|66000|66000|66000|66000|66000|66000|66000|66000|66000|0||0|||1|0|00
2026|01|527010|015|08|WA|4719|EBA|01|51|1|003|100|AK|524111|019|A|0|0||0||||1|Akomodasi Eselon II Kantor Pusat|4|ORG|2|HR|1|LOK|1|KEG|8|OH|1084875|8679000||0|0|0||0|0|0|0||||0|0||||0|723000|723000|723000|723000|723000|723000|723000|723000|723000|723000|723000|726000|0||0|||1|0|00
2026|01|527010|015|08|WA|4719|EBA|01|51|1|003|100|AK|524111|019|A|0|0||0||||2|Transport|4|ORG|1|LOK|1|KEG|1|FREK|4|OF|2712250|10849000||0|0|0||0|0|0|0||||0|0||||0|904000|904000|904000|904000|904000|904000|904000|904000|904000|904000|904000|905000|0||0|||1|0|00
2026|01|527010|015|08|WA|4719|EBA|01|51|1|003|100|AK|524111|019|A|0|0||0||||3|Uang Harian|4|ORG|3|HR|1|KEG|0||12|OH|279000|3348000||0|0|0||0|0|0|0||||0|0||||0|279000|279000|279000|279000|279000|279000|279000|279000|279000|279000|279000|279000|0||0|||1|0|00
2026|01|527010|015|08|WA|4719|EBA|01|51|1|003|100|AK|524111|019|A|0|0||0||||4|Uang Representasi Eselon II|2|ORG|3|HR|1|KEG|0||6|OH|116167|697000||0|0|0||0|0|0|0||||0|0||||0|58000|58000|58000|58000|58000|58000|58000|58000|58000|58000|58000|59000|0||0|||1|0|00
2026|01|527010|015|08|WA|4719|EBA|01|51|1|003|100|CA|521211|019|A|0|0||0||||1|KDM  Makan Rapat|50|ORG|2|FR|0||0||100|OF|53529|5353000||0|0|0||0|0|0|0||||0|0||||0|446000|446000|446000|446000|446000|446000|446000|446000|446000|446000|446000|447000|0||0|||1|0|00
2026|01|527010|015|08|WA|4719|EBA|01|51|1|003|100|CA|521211|019|A|0|0||0||||2|KDM  Snack Rapat|50|ORG|2|FR|0||0||100|OF|22538|2254000||0|0|0||0|0|0|0||||0|0||||0|187000|187000|187000|187000|187000|187000|187000|187000|187000|187000|187000|197000|0||0|||1|0|00
2026|01|527010|015|08|WA|4719|EBA|01|51|1|003|100|CA|524111|019|A|0|0||0||||1|Akomodasi|30|ORG|6|LOK|2|HARI|1|FR|360|OH|527539|189914000||0|0|0||0|0|0|0||||0|0||||0|15826000|15826000|15826000|15826000|15826000|15826000|15826000|15826000|15826000|15826000|15826000|15828000|0||0|||1|0|00
2026|01|527010|015|08|WA|4719|EBA|01|51|1|003|100|CA|524111|019|A|0|0||0||||2|Transport|30|ORG|6|LOK|0||0||180|OK|4287128|771683000||0|0|0||0|0|0|0||||0|0||||0|64306000|64306000|64306000|64306000|64306000|64306000|64306000|64306000|64306000|64306000|64306000|64317000|0||0|||1|0|00
2026|01|527010|015|08|WA|4719|EBA|01|51|1|003|100|CA|524111|019|A|0|0||0||||3|Uang Saku Harian|30|ORG|6|LOK|3|HARI|0||540|OH|239152|129142000||0|0|0||0|0|0|0||||0|0||||0|10761000|10761000|10761000|10761000|10761000|10761000|10761000|10761000|10761000|10761000|10761000|10771000|0||0|||1|0|00
2026|01|527010|015|08|WA|4719|EBA|01|51|1|003|100|CB|521211|019|A|0|0||0||||1|KDM  Konsumsi Rapat Melibatkan Menteri dan Es I|475|ORG|1|KEG|0||0||475|OK|110000|52250000||0|0|0||0|0|0|0||||0|0||||0|4354000|4354000|4354000|4354000|4354000|4354000|4354000|4354000|4354000|4354000|4354000|4356000|0||0|||1|0|00
2026|01|527010|015|08|WA|4719|EBA|01|51|1|003|100|CB|521211|019|A|0|0||0||||2|KDM  Snack Rapat Melibatkan Menteri  Pejabat Eselon I|475|ORG|1|KEG|0||0||475|OK|49000|23275000||0|0|0||0|0|0|0||||0|0||||0|1939000|1939000|1939000|1939000|1939000|1939000|1939000|1939000|1939000|1939000|1939000|1946000|0||0|||1|0|00
2026|01|527010|015|08|WA|4719|EBA|01|51|1|003|100|CB|522151|019|A|0|0||0||||1|Honor Narsum Setara Menteri|4|ORG|2|JAM|2|KEG|0||16|OJ|1700000|27200000||0|0|0||0|0|0|0||||0|0||||0|2266000|2266000|2266000|2266000|2266000|2266000|2266000|2266000|2266000|2266000|2266000|2274000|0||0|||1|0|00
2026|01|527010|015|08|WA|4719|EBA|01|51|1|003|100|CB|522151|019|A|0|0||0||||2|Honor Narsum Setara Es I|2|ORG|2|JAM|2|KEG|0||8|OJ|1400000|11200000||0|0|0||0|0|0|0||||0|0||||0|933000|933000|933000|933000|933000|933000|933000|933000|933000|933000|933000|937000|0||0|||1|0|00
2026|01|527010|015|08|WA|4719|EBA|01|51|1|003|100|CB|522151|019|A|0|0||0||||3|Honor Narsum Setara Es II|2|ORG|2|JAM|2|KEG|0||8|OJ|1000000|8000000||0|0|0||0|0|0|0||||0|0||||0|666000|666000|666000|666000|666000|666000|666000|666000|666000|666000|666000|674000|0||0|||1|0|00
2026|01|527010|015|08|WA|4719|EBA|01|51|1|003|100|CB|522191|019|A|0|0||0||||1|Provider Event Organizer|0||0||0||0||2|PKT|100000000|200000000||0|0|0||0|0|0|0||||0|0||||0|16666000|16666000|16666000|16666000|16666000|16666000|16666000|16666000|16666000|16666000|16666000|16674000|0||0|||1|0|00
2026|01|527010|015|08|WA|4719|EBA|01|51|1|003|100|CB|524111|019|A|0|0||0||||1|Akomodasi|10|ORG|2|HR|2|KEG|0||40|OH|632900|25316000||0|0|0||0|0|0|0||||0|0||||0|2109000|2109000|2109000|2109000|2109000|2109000|2109000|2109000|2109000|2109000|2109000|2117000|0||0|||1|0|00
2026|01|527010|015|08|WA|4719|EBA|01|51|1|003|100|CB|524111|019|A|0|0||0||||2|Transportasi|10|ORG|2|KEG|0||0||20|OH|3745000|74900000||0|0|0||0|0|0|0||||0|0||||0|6241000|6241000|6241000|6241000|6241000|6241000|6241000|6241000|6241000|6241000|6241000|6249000|0||0|||1|0|00
2026|01|527010|015|08|WA|4719|EBA|01|51|1|003|100|CB|524111|019|A|0|0||0||||3|Uang Harian|10|ORG|3|HR|2|KEG|0||60|OH|251667|15100000||0|0|0||0|0|0|0||||0|0||||0|1258000|1258000|1258000|1258000|1258000|1258000|1258000|1258000|1258000|1258000|1258000|1262000|0||0|||1|0|00
2026|01|527010|015|08|WA|4719|EBA|01|51|1|003|100|CB|524119|019|A|0|0||0|01||1|1|KementerianLembaga|0||0||0||0||0||0|0||0|0|0||0|0|0|0||||0|0||||0|0|0|0|0|0|0|0|0|0|0|0|0|0||0|||1|0|00
2026|01|527010|015|08|WA|4719|EBA|01|51|1|003|100|CB|524119|019|A|0|0||0|02|||10|Transport Peserta Pejabat Kanver|242|ORG|2|KEG|0||0||484|OK|2996000|1450064000||0|0|0||0|0|0|0||||0|0||||0|120838000|120838000|120838000|120838000|120838000|120838000|120838000|120838000|120838000|120838000|120838000|120846000|0||0|||1|0|00
2026|01|527010|015|08|WA|4719|EBA|01|51|1|003|100|CB|524119|019|A|0|0||0|02|||11|Uang Saku Harian|242|ORG|2|KEG|3|HR|0||1452|OH|97370|141381000||0|0|0||0|0|0|0||||0|0||||0|11781000|11781000|11781000|11781000|11781000|11781000|11781000|11781000|11781000|11781000|11781000|11790000|0||0|||1|0|00
2026|01|527010|015|08|WA|4719|EBA|01|51|1|003|100|CB|524119|019|A|0|0||0|01|||2|Akomodasi Setara Menteri dan Pejabat Es I dan II|25|ORG|2|HR|2|KEG|0||100|OH|1008900|100890000||0|0|0||0|0|0|0||||0|0||||0|8407000|8407000|8407000|8407000|8407000|8407000|8407000|8407000|8407000|8407000|8407000|8413000|0||0|||1|0|00
2026|01|527010|015|08|WA|4719|EBA|01|51|1|003|100|CB|524119|019|A|0|0||0|01|||3|Akomodasi Setara Pejabat Es III dan Panitia|110|ORG|2|HR|2|KEG|0||440|OH|896553|394483000||0|0|0||0|0|0|0||||0|0||||0|32873000|32873000|32873000|32873000|32873000|32873000|32873000|32873000|32873000|32873000|32873000|32880000|0||0|||1|0|00
2026|01|527010|015|08|WA|4719|EBA|01|51|1|003|100|CB|524119|019|A|0|0||0|01|||4|Transport Peserta Pejabat Kanver|20|ORG|2|KEG|0||0||40|OK|4494000|179760000||0|0|0||0|0|0|0||||0|0||||0|14980000|14980000|14980000|14980000|14980000|14980000|14980000|14980000|14980000|14980000|14980000|14980000|0||0|||1|0|00
2026|01|527010|015|08|WA|4719|EBA|01|51|1|003|100|CB|524119|019|A|0|0||0|01|||5|Transport Peserta Pejabat Pusat|90|ORG|2|KEG|0||0||180|OK|7490000|1348200000||0|0|0||0|0|0|0||||0|0||||0|112350000|112350000|112350000|112350000|112350000|112350000|112350000|112350000|112350000|112350000|112350000|112350000|0||0|||1|0|00
2026|01|527010|015|08|WA|4719|EBA|01|51|1|003|100|CB|524119|019|A|0|0||0|01|||6|Uang Saku Harian|110|ORG|2|KEG|3|HR|0||660|OH|97370|64264000||0|0|0||0|0|0|0||||0|0||||0|5355000|5355000|5355000|5355000|5355000|5355000|5355000|5355000|5355000|5355000|5355000|5359000|0||0|||1|0|00
2026|01|527010|015|08|WA|4719|EBA|01|51|1|003|100|CB|524119|019|A|0|0||0|02||1|7|Anggota BPP dan Pemda|0||0||0||0||0||0|0||0|0|0||0|0|0|0||||0|0||||0|0|0|0|0|0|0|0|0|0|0|0|0|0||0|||1|0|00
2026|01|527010|015|08|WA|4719|EBA|01|51|1|003|100|CB|524119|019|A|0|0||0|02|||8|Akomodasi Peserta Gubernur, OAP dan POKJA|130|ORG|2|HR|2|KEG|0||520|OH|1008904|524630000||0|0|0||0|0|0|0||||0|0||||0|43719000|43719000|43719000|43719000|43719000|43719000|43719000|43719000|43719000|43719000|43719000|43721000|0||0|||1|0|00
2026|01|527010|015|08|WA|4719|EBA|01|51|1|003|100|CB|524119|019|A|0|0||0|02|||9|Akomodasi Pemda dan Tokoh Masyarakat|112|ORG|2|HR|2|KEG|0||448|OH|896554|401656000||0|0|0||0|0|0|0||||0|0||||0|33471000|33471000|33471000|33471000|33471000|33471000|33471000|33471000|33471000|33471000|33471000|33475000|0||0|||1|0|00
2026|01|527010|015|08|WA|4719|EBA|01|51|1|003|100|CC|521211|019|A|0|0||0||||1|KDM  Makan Rapat|150|ORG|2|KEG|4|PROV|0||1200|OK|57000|68400000||0|0|0||0|0|0|0||||0|0||||0|5700000|5700000|5700000|5700000|5700000|5700000|5700000|5700000|5700000|5700000|5700000|5700000|0||0|||1|0|00
2026|01|527010|015|08|WA|4719|EBA|01|51|1|003|100|CC|521211|019|A|0|0||0||||2|KDM  Snack Rapat|150|ORG|2|KEG|4|PROV|0||1200|OK|24000|28800000||0|0|0||0|0|0|0||||0|0||||0|2400000|2400000|2400000|2400000|2400000|2400000|2400000|2400000|2400000|2400000|2400000|2400000|0||0|||1|0|00
2026|01|527010|015|08|WA|4719|EBA|01|51|1|003|100|CC|521211|019|A|0|0||0||||3|CTK  Pendukung Kegiatan|100|ORG|2|KEG|4|PROV|0||800|OK|200000|160000000||0|0|0||0|0|0|0||||0|0||||0|13333000|13333000|13333000|13333000|13333000|13333000|13333000|13333000|13333000|13333000|13333000|13337000|0||0|||1|0|00
2026|01|527010|015|08|WA|4719|EBA|01|51|1|003|100|CC|522151|019|A|0|0||0||||1|Honor Narsum Setara Es I|2|ORG|2|JAM|2|KEG|4|PRV|32|OJ|1400000|44800000||0|0|0||0|0|0|0||||0|0||||0|3733000|3733000|3733000|3733000|3733000|3733000|3733000|3733000|3733000|3733000|3733000|3737000|0||0|||1|0|00
2026|01|527010|015|08|WA|4719|EBA|01|51|1|003|100|CC|522151|019|A|0|0||0||||2|Honor Narsum Setara Es II|2|ORG|2|JAM|2|KEG|4|PROV|32|OJ|1000000|32000000||0|0|0||0|0|0|0||||0|0||||0|2666000|2666000|2666000|2666000|2666000|2666000|2666000|2666000|2666000|2666000|2666000|2674000|0||0|||1|0|00
2026|01|527010|015|08|WA|4719|EBA|01|51|1|003|100|CC|522191|019|A|0|0||0||||1|Provider Event Organizer|1|PKT|0||0||0||1|PKT|93484000|93484000||0|0|0||0|0|0|0||||0|0||||0|7790000|7790000|7790000|7790000|7790000|7790000|7790000|7790000|7790000|7790000|7790000|7794000|0||0|||1|0|00
2026|01|527010|015|08|WA|4719|EBA|01|51|1|003|100|CC|524111|019|A|0|0||0||||1|Akomodasi|20|ORG|2|HR|2|KEG|4|PROV|320|OH|1872500|599200000||0|0|0||0|0|0|0||||0|0||||0|49933000|49933000|49933000|49933000|49933000|49933000|49933000|49933000|49933000|49933000|49933000|49937000|0||0|||1|0|00
2026|01|527010|015|08|WA|4719|EBA|01|51|1|003|100|CC|524111|019|A|0|0||0||||2|Transportasi|20|ORG|2|KEG|4|PROV|0||160|OH|2771300|443408000||0|0|0||0|0|0|0||||0|0||||0|36950000|36950000|36950000|36950000|36950000|36950000|36950000|36950000|36950000|36950000|36950000|36958000|0||0|||1|0|00
2026|01|527010|015|08|WA|4719|EBA|01|51|1|003|100|CC|524111|019|A|0|0||0||||3|Uang Harian|20|ORG|3|HR|2|KEG|4|PROV|480|OH|347536|166817000||0|0|0||0|0|0|0||||0|0||||0|13901000|13901000|13901000|13901000|13901000|13901000|13901000|13901000|13901000|13901000|13901000|13906000|0||0|||1|0|00
2026|01|527010|015|08|WA|4719|EBA|01|51|1|003|100|CC|524111|019|A|0|0||0||||4|Uang Harian Kegiatan Penguatan Kelompok Kerja dan Pemda|100|ORG|3|HR|2|KEG|4|PROV|2400|OH|347536|834086000||0|0|0||0|0|0|0||||0|0||||0|69507000|69507000|69507000|69507000|69507000|69507000|69507000|69507000|69507000|69507000|69507000|69509000|0||0|||1|0|00
2026|01|527010|015|08|WA|4719|EBA|01|51|1|003|100|CD|522151|019|A|0|0||0||||1|Honor Narsum Setara Menteri|4|ORG|2|JAM|2|KEG|0||16|OJ|1400000|22400000||0|0|0||0|0|0|0||||0|0||||0|1866000|1866000|1866000|1866000|1866000|1866000|1866000|1866000|1866000|1866000|1866000|1874000|0||0|||1|0|00
2026|01|527010|015|08|WA|4719|EBA|01|51|1|003|100|CD|522151|019|A|0|0||0||||2|Honor Narsum Setara Es II|2|ORG|2|JAM|2|KEG|0||8|OJ|1000000|8000000||0|0|0||0|0|0|0||||0|0||||0|666000|666000|666000|666000|666000|666000|666000|666000|666000|666000|666000|674000|0||0|||1|0|00
2026|01|527010|015|08|WA|4719|EBA|01|51|1|003|100|CD|522191|019|A|0|0||0||||1|Provider Event Organizer|1|PKT|2|KEG|0||0||2|PKT|100000000|200000000||0|0|0||0|0|0|0||||0|0||||0|16666000|16666000|16666000|16666000|16666000|16666000|16666000|16666000|16666000|16666000|16666000|16674000|0||0|||1|0|00
2026|01|527010|015|08|WA|4719|EBA|01|51|1|003|100|CD|524111|019|A|0|0||0||||1|Akomodasi|10|ORG|2|HR|2|KEG|0||40|OH|632900|25316000||0|0|0||0|0|0|0||||0|0||||0|2109000|2109000|2109000|2109000|2109000|2109000|2109000|2109000|2109000|2109000|2109000|2117000|0||0|||1|0|00
2026|01|527010|015|08|WA|4719|EBA|01|51|1|003|100|CD|524111|019|A|0|0||0||||2|Transportasi|10|ORG|2|KEG|0||0||20|OH|2996000|59920000||0|0|0||0|0|0|0||||0|0||||0|4993000|4993000|4993000|4993000|4993000|4993000|4993000|4993000|4993000|4993000|4993000|4997000|0||0|||1|0|00
2026|01|527010|015|08|WA|4719|EBA|01|51|1|003|100|CD|524111|019|A|0|0||0||||3|Uang Harian|10|ORG|3|HR|2|KEG|0||60|OH|224700|13482000||0|0|0||0|0|0|0||||0|0||||0|1123000|1123000|1123000|1123000|1123000|1123000|1123000|1123000|1123000|1123000|1123000|1129000|0||0|||1|0|00
2026|01|527010|015|08|WA|4719|EBA|01|51|1|003|100|CD|524119|019|A|0|0||0||||1|Akomodasi Pejabat|216|ORG|2|HR|2|KEG|0||864|OH|896554|774622000||0|0|0||0|0|0|0||||0|0||||0|64551000|64551000|64551000|64551000|64551000|64551000|64551000|64551000|64551000|64551000|64551000|64561000|0||0|||1|0|00
2026|01|527010|015|08|WA|4719|EBA|01|51|1|003|100|CD|524119|019|A|0|0||0||||2|Transport Peserta Kanpus|30|ORG|2|KEG|0||0||60|OK|1498000|89880000||0|0|0||0|0|0|0||||0|0||||0|7490000|7490000|7490000|7490000|7490000|7490000|7490000|7490000|7490000|7490000|7490000|7490000|0||0|||1|0|00
2026|01|527010|015|08|WA|4719|EBA|01|51|1|003|100|CD|524119|019|A|0|0||0||||3|Transport Peserta Pejabat Pusat|216|ORG|2|KEG|0||0||432|OK|2097408|906080000||0|0|0||0|0|0|0||||0|0||||0|75506000|75506000|75506000|75506000|75506000|75506000|75506000|75506000|75506000|75506000|75506000|75514000|0||0|||1|0|00
2026|01|527010|015|08|WA|4719|EBA|01|51|1|003|100|CD|524119|019|A|0|0||0||||4|Uang Saku Harian|216|ORG|2|KEG|3|HR|0||1296|OH|97371|126192000||0|0|0||0|0|0|0||||0|0||||0|10516000|10516000|10516000|10516000|10516000|10516000|10516000|10516000|10516000|10516000|10516000|10516000|0||0|||1|0|00
2026|01|527010|015|08|WA|4719|EBA|01|51|1|004|100|AA|524111|019|A|0|0||0||||1| Uang Saku Harian|4|ORG|3|HR|2|LOK|0||24|OH|278959|6695000||0|0|0||0|0|0|0||||0|0||||0|557000|557000|557000|557000|557000|557000|557000|557000|557000|557000|557000|568000|0||0|||1|0|00
2026|01|527010|015|08|WA|4719|EBA|01|51|1|004|100|AA|524111|019|A|0|0||0||||2|Transport|4|ORG|1|FREK|2|LOK|0||8|OF|1084875|8679000||0|0|0||0|0|0|0||||0|0||||0|723000|723000|723000|723000|723000|723000|723000|723000|723000|723000|723000|726000|0||0|||1|0|00
2026|01|527010|015|08|WA|4719|EBA|01|51|1|004|100|AA|524111|019|A|0|0||0||||3|Akomodasi|4|ORG|2|HK|2|LOK|0||16|OH|542438|8679000||0|0|0||0|0|0|0||||0|0||||0|723000|723000|723000|723000|723000|723000|723000|723000|723000|723000|723000|726000|0||0|||1|0|00
2026|01|527010|015|08|WA|4719|EBA|01|51|1|004|100|AB|521211|019|A|0|0||0||||1|KDM  Snack Rapat|20|ORG|2|FREK|0||0||40|OF|15125|605000||0|0|0||0|0|0|0||||0|0||||0|50000|50000|50000|50000|50000|50000|50000|50000|50000|50000|50000|55000|0||0|||1|0|00
2026|01|527010|015|08|WA|4719|EBA|01|51|1|004|100|AB|521211|019|A|0|0||0||||2|KDM  Makan Rapat|20|ORG|2|FREK|0||0||40|OF|35900|1436000||0|0|0||0|0|0|0||||0|0||||0|119000|119000|119000|119000|119000|119000|119000|119000|119000|119000|119000|127000|0||0|||1|0|00
2026|01|527010|015|08|WA|4719|EBA|01|51|1|004|100|AB|524111|019|A|0|0||0||||1|Akomodasi|2|ORG|2|HR|10|LOK|0||40|OH|539325|21573000||0|0|0||0|0|0|0||||0|0||||0|1797000|1797000|1797000|1797000|1797000|1797000|1797000|1797000|1797000|1797000|1797000|1806000|0||0|||1|0|00
2026|01|527010|015|08|WA|4719|EBA|01|51|1|004|100|AB|524111|019|A|0|0||0||||2|Transport|2|ORG|1|FREK|10|LOK|0||20|OF|1356050|27121000||0|0|0||0|0|0|0||||0|0||||0|2260000|2260000|2260000|2260000|2260000|2260000|2260000|2260000|2260000|2260000|2260000|2261000|0||0|||1|0|00
2026|01|527010|015|08|WA|4719|EBA|01|51|1|004|100|AB|524111|019|A|0|0||0||||3|Uang Saku Harian|2|ORG|3|HR|10|LOK|0||60|OH|309967|18598000||0|0|0||0|0|0|0||||0|0||||0|1549000|1549000|1549000|1549000|1549000|1549000|1549000|1549000|1549000|1549000|1549000|1559000|0||0|||1|0|00
2026|01|527010|015|08|WA|4719|EBA|01|51|1|004|100|AC|522191|019|A|0|0||0||||1|Audit Surveillance ISO 90012015|1|PKT|1|KEG|0||0||1|PKT|164800000|164800000||0|0|0||0|0|0|0||||0|0||||0|13733000|13733000|13733000|13733000|13733000|13733000|13733000|13733000|13733000|13733000|13733000|13737000|0||0|||1|0|00
2026|01|527010|015|08|WA|4719|EBA|01|51|1|004|100|AC|524111|019|A|0|0||0||||1|Akomodasi|2|ORG|2|HR|8|LOK|0||32|OH|539344|17259000||0|0|0||0|0|0|0||||0|0||||0|1438000|1438000|1438000|1438000|1438000|1438000|1438000|1438000|1438000|1438000|1438000|1441000|0||0|||1|0|00
2026|01|527010|015|08|WA|4719|EBA|01|51|1|004|100|AC|524111|019|A|0|0||0||||2|Transport|2|ORG|1|FREK|8|LOK|0||16|OF|1359938|21759000||0|0|0||0|0|0|0||||0|0||||0|1813000|1813000|1813000|1813000|1813000|1813000|1813000|1813000|1813000|1813000|1813000|1816000|0||0|||1|0|00
2026|01|527010|015|08|WA|4719|EBA|01|51|1|004|100|AC|524111|019|A|0|0||0||||3|Uang Saku Harian|2|ORG|3|HR|8|LOK|0||48|OH|309959|14878000||0|0|0||0|0|0|0||||0|0||||0|1239000|1239000|1239000|1239000|1239000|1239000|1239000|1239000|1239000|1239000|1239000|1249000|0||0|||1|0|00
2026|01|527010|015|08|WA|4719|EBA|01|51|1|004|100|AD|524111|019|A|0|0||0||||1|Akomodasi|3|ORG|2|HR|1|LOK|0||6|OH|541667|3250000||0|0|0||0|0|0|0||||0|0||||0|270000|270000|270000|270000|270000|270000|270000|270000|270000|270000|270000|280000|0||0|||1|0|00
2026|01|527010|015|08|WA|4719|EBA|01|51|1|004|100|AD|524111|019|A|0|0||0||||2|Transport|3|ORG|1|FREK|1|LOK|0||3|OF|2712000|8136000||0|0|0||0|0|0|0||||0|0||||0|678000|678000|678000|678000|678000|678000|678000|678000|678000|678000|678000|678000|0||0|||1|0|00
2026|01|527010|015|08|WA|4719|EBA|01|51|1|004|100|AD|524111|019|A|0|0||0||||3|Uang Saku Harian|3|ORG|3|HR|1|LOK|0||9|OH|279000|2511000||0|0|0||0|0|0|0||||0|0||||0|209000|209000|209000|209000|209000|209000|209000|209000|209000|209000|209000|212000|0||0|||1|0|00
2026|01|527010|015|08|WA|4719|EBA|01|51|1|994|001|CA|511129|019|A|0|0||0||||1|Belanja Uang Makan PNS Gol.II|348|ORG|20|HR|12|BLN|0||83520|OH|35000|2923200000||0|0|0||0|0|0|0||||0|0||||0|243600000|243600000|243600000|243600000|243600000|243600000|243600000|243600000|243600000|243600000|243600000|243600000|0||0|||1|0|00
2026|01|527010|015|08|WA|4719|EBA|01|51|1|994|001|CA|511129|019|A|0|0||0||||2|Belanja Uang Makan PNS Gol.III|420|ORG|20|HR|12|BLN|0||100800|OH|37000|3729600000||0|0|0||0|0|0|0||||0|0||||0|310800000|310800000|310800000|310800000|310800000|310800000|310800000|310800000|310800000|310800000|310800000|310800000|0||0|||1|0|00
2026|01|527010|015|08|WA|4719|EBA|01|51|1|994|001|CA|511129|019|A|0|0||0||||3|Belanja Uang Makan PNS Gol.IV|86|ORG|20|HR|12|BLN|0||20640|OH|41000|846240000||0|0|0||0|0|0|0||||0|0||||0|70520000|70520000|70520000|70520000|70520000|70520000|70520000|70520000|70520000|70520000|70520000|70520000|0||0|||1|0|00
2026|01|527010|015|08|WA|4719|EBA|01|51|1|994|001|CA|512211|019|A|0|0||0||||1|Uang Lembur Golongan II|375|ORG|2|JAM|6|HR|12|BLN|54000|OJ|21656|1169424000||0|0|0||0|0|0|0||||0|0||||0|97452000|97452000|97452000|97452000|97452000|97452000|97452000|97452000|97452000|97452000|97452000|97452000|0||0|||1|0|00
2026|01|527010|015|08|WA|4719|EBA|01|51|1|994|001|CA|512211|019|A|0|0||0||||2|Uang Lembur Golongan III|463|ORG|2|JAM|8|HR|12|BLN|88896|OJ|27069|2406325000||0|0|0||0|0|0|0||||0|0||||0|200527000|200527000|200527000|200527000|200527000|200527000|200527000|200527000|200527000|200527000|200527000|200528000|0||0|||1|0|00
2026|01|527010|015|08|WA|4719|EBA|01|51|1|994|001|CA|512211|019|A|0|0||0||||3|Uang Lembur Golongan IV|90|ORG|2|JAM|3|HR|12|BLN|6480|OJ|32483|210489000||0|0|0||0|0|0|0||||0|0||||0|17540000|17540000|17540000|17540000|17540000|17540000|17540000|17540000|17540000|17540000|17540000|17549000|0||0|||1|0|00
2026|01|527010|015|08|WA|4719|EBA|01|51|1|994|001|CA|512211|019|A|0|0||0||||4|Uang Makan Lembur Golongan II|200|ORG|4|HR|12|BLN|0||9600|OH|31581|303177000||0|0|0||0|0|0|0||||0|0||||0|25264000|25264000|25264000|25264000|25264000|25264000|25264000|25264000|25264000|25264000|25264000|25273000|0||0|||1|0|00
2026|01|527010|015|08|WA|4719|EBA|01|51|1|994|001|CA|512211|019|A|0|0||0||||5|Uang Makan Lembur Golongan III|298|ORG|4|HR|12|BLN|0||14304|OH|33385|477539000||0|0|0||0|0|0|0||||0|0||||0|39794000|39794000|39794000|39794000|39794000|39794000|39794000|39794000|39794000|39794000|39794000|39805000|0||0|||1|0|00
2026|01|527010|015|08|WA|4719|EBA|01|51|1|994|001|CA|512211|019|A|0|0||0||||6|Uang Makan Lembur Golongan IV|101|ORG|4|HR|12|BLN|0||4848|OH|36994|179346000||0|0|0||0|0|0|0||||0|0||||0|14945000|14945000|14945000|14945000|14945000|14945000|14945000|14945000|14945000|14945000|14945000|14951000|0||0|||1|0|00
2026|01|527010|015|08|WA|4719|EBA|01|51|1|994|001|CB|511611|019|A|0|0||0||||1|Gaji Pokok PPPK|57|ORG|14|BLN|0||0||798|OB|3008501|2400783000||0|0|0||0|0|0|0||||0|0||||0|200065000|200065000|200065000|200065000|200065000|200065000|200065000|200065000|200065000|200065000|200065000|200068000|0||0|||1|0|00
2026|01|527010|015|08|WA|4719|EBA|01|51|1|994|001|CB|511619|019|A|0|0||0||||1|Pembulatan Gaji PPPK|50|ORG|1|THN|0||0||50|OB|11960|598000||0|0|0||0|0|0|0||||0|0||||0|49000|49000|49000|49000|49000|49000|49000|49000|49000|49000|49000|59000|0||0|||1|0|00
2026|01|527010|015|08|WA|4719|EBA|01|51|1|994|001|CB|511621|019|A|0|0||0||||1|Tunjangan SuamiIstri PPPK|23|ORG|14|BLN|0||0||322|OB|300850|96874000||0|0|0||0|0|0|0||||0|0||||0|8072000|8072000|8072000|8072000|8072000|8072000|8072000|8072000|8072000|8072000|8072000|8082000|0||0|||1|0|00
2026|01|527010|015|08|WA|4719|EBA|01|51|1|994|001|CB|511622|019|A|0|0||0||||1|Tunjangan Anak PPPK|20|ORG|14|BLN|0||0||280|OB|60175|16849000||0|0|0||0|0|0|0||||0|0||||0|1404000|1404000|1404000|1404000|1404000|1404000|1404000|1404000|1404000|1404000|1404000|1405000|0||0|||1|0|00
2026|01|527010|015|08|WA|4719|EBA|01|51|1|994|001|CB|511624|019|A|0|0||0||||1|Tunjangan Fungsional PPPK|57|ORG|14|BLN|0||0||798|OB|507115|404677000||0|0|0||0|0|0|0||||0|0||||0|33723000|33723000|33723000|33723000|33723000|33723000|33723000|33723000|33723000|33723000|33723000|33724000|0||0|||1|0|00
2026|01|527010|015|08|WA|4719|EBA|01|51|1|994|001|CB|511625|019|A|0|0||0||||1| Tunjangan Beras PPPK|101|ORG|14|BLN|0||0||1414|OB|67615|95608000||0|0|0||0|0|0|0||||0|0||||0|7967000|7967000|7967000|7967000|7967000|7967000|7967000|7967000|7967000|7967000|7967000|7971000|0||0|||1|0|00
2026|01|527010|015|08|WA|4719|EBA|01|51|1|994|001|CB|511628|019|A|0|0||0||||1|Belanja Uang Makan PPPK|57|ORG|20|HR|12|BLN|0||13680|OH|34747|475338000||0|0|0||0|0|0|0||||0|0||||0|39611000|39611000|39611000|39611000|39611000|39611000|39611000|39611000|39611000|39611000|39611000|39617000|0||0|||1|0|00
2026|01|527010|015|08|WA|4719|EBA|01|51|1|994|001|CB|511632|019|A|0|0||0||||1|Tunjangan Papua PPPK|2|ORG|14|BLN|0||0||28|OB|399118|11175000||0|0|0||0|0|0|0||||0|0||||0|931000|931000|931000|931000|931000|931000|931000|931000|931000|931000|931000|934000|0||0|||1|0|00
2026|01|527010|015|08|WA|4719|EBA|01|51|1|994|001|CB|512212|019|A|0|0||0||||1|Uang Lembur Golongan III|57|ORG|2|JAM|4|HR|12|BLN|5472|OJ|25420|139098000||0|0|0||0|0|0|0||||0|0||||0|11591000|11591000|11591000|11591000|11591000|11591000|11591000|11591000|11591000|11591000|11591000|11597000|0||0|||1|0|00
2026|01|527010|015|08|WA|4719|EBA|01|51|1|994|001|CB|512212|019|A|0|0||0||||2|Uang Makan Lembur Golongan III|57|ORG|4|HR|12|BLN|0||2736|OH|31352|85779000||0|0|0||0|0|0|0||||0|0||||0|7148000|7148000|7148000|7148000|7148000|7148000|7148000|7148000|7148000|7148000|7148000|7151000|0||0|||1|0|00
2026|01|527010|015|08|WA|4719|EBA|01|51|1|007|100|EA|522191|019|A|0|0||0||||1|Belanja Jasa Sertifikasi|2|PKT|1|FREK|0||0||2|PKT|18160000|36320000||0|0|0||0|0|0|0||||0|0||||0|3026000|3026000|3026000|3026000|3026000|3026000|3026000|3026000|3026000|3026000|3026000|3034000|0||0|||1|0|00
2026|01|527010|015|08|WA|4719|EBA|01|51|1|007|100|EA|524111|019|A|0|0||0||||1|Akomodasi|3|ORG|2|HR|3|FREK|0||18|OF|542445|9764000||0|0|0||0|0|0|0||||0|0||||0|813000|813000|813000|813000|813000|813000|813000|813000|813000|813000|813000|821000|0||0|||1|0|00
2026|01|527010|015|08|WA|4719|EBA|01|51|1|007|100|EA|524111|019|A|0|0||0||||2|Transport|3|ORG|3|FREK|0||0||9|OF|2324667|20922000||0|0|0||0|0|0|0||||0|0||||0|1743000|1743000|1743000|1743000|1743000|1743000|1743000|1743000|1743000|1743000|1743000|1749000|0||0|||1|0|00
2026|01|527010|015|08|WA|4719|EBA|01|51|1|007|100|EA|524111|019|A|0|0||0||||3|Uang Harian|3|ORG|3|HR|3|FREK|0||27|OH|271223|7323000||0|0|0||0|0|0|0||||0|0||||0|610000|610000|610000|610000|610000|610000|610000|610000|610000|610000|610000|613000|0||0|||1|0|00
2026|01|527010|015|08|WA|4719|EBA|01|51|1|006|100|EA|524111|019|A|0|0||0|01||1|1|Pendampingan Field Evaluation WBBM|0||0||0||0||0||0|0||0|0|0||0|0|0|0||||0|0||||0|0|0|0|0|0|0|0|0|0|0|0|0|0||0|||1|0|00
2026|01|527010|015|08|WA|4719|EBA|01|51|1|006|100|EA|524111|019|A|0|0||0|03|||10|Akomodasi|2|ORG|2|HR|2|FR|0||8|OF|426250|3410000||0|0|0||0|0|0|0||||0|0||||0|284000|284000|284000|284000|284000|284000|284000|284000|284000|284000|284000|286000|0||0|||1|0|00
2026|01|527010|015|08|WA|4719|EBA|01|51|1|006|100|EA|524111|019|A|0|0||0|03|||11|Transport|2|ORG|2|FR|0||0||4|OF|2712250|10849000||0|0|0||0|0|0|0||||0|0||||0|904000|904000|904000|904000|904000|904000|904000|904000|904000|904000|904000|905000|0||0|||1|0|00
2026|01|527010|015|08|WA|4719|EBA|01|51|1|006|100|EA|524111|019|A|0|0||0|03|||12|Uang harian|2|ORG|3|HR|2|FR|0||12|OH|271250|3255000||0|0|0||0|0|0|0||||0|0||||0|271000|271000|271000|271000|271000|271000|271000|271000|271000|271000|271000|274000|0||0|||1|0|00
2026|01|527010|015|08|WA|4719|EBA|01|51|1|006|100|EA|524111|019|A|0|0||0|01|||2|Akomodasi|1|ORG|2|HR|10|FREK|0||20|OF|426200|8524000||0|0|0||0|0|0|0||||0|0||||0|710000|710000|710000|710000|710000|710000|710000|710000|710000|710000|710000|714000|0||0|||1|0|00
2026|01|527010|015|08|WA|4719|EBA|01|51|1|006|100|EA|524111|019|A|0|0||0|01|||3|Transport|1|ORG|10|FREK|0||0||10|OF|2712100|27121000||0|0|0||0|0|0|0||||0|0||||0|2260000|2260000|2260000|2260000|2260000|2260000|2260000|2260000|2260000|2260000|2260000|2261000|0||0|||1|0|00
2026|01|527010|015|08|WA|4719|EBA|01|51|1|006|100|EA|524111|019|A|0|0||0|01|||4|Uang Harian|1|ORG|3|HR|10|FREK|0||30|OH|271200|8136000||0|0|0||0|0|0|0||||0|0||||0|678000|678000|678000|678000|678000|678000|678000|678000|678000|678000|678000|678000|0||0|||1|0|00
2026|01|527010|015|08|WA|4719|EBA|01|51|1|006|100|EA|524111|019|A|0|0||0|02||1|5|Pendampingan Monev WBBM|0||0||0||0||0||0|0||0|0|0||0|0|0|0||||0|0||||0|0|0|0|0|0|0|0|0|0|0|0|0|0||0|||1|0|00
2026|01|527010|015|08|WA|4719|EBA|01|51|1|006|100|EA|524111|019|A|0|0||0|02|||6|Akomodasi|1|ORG|2|HR|3|FR|0||6|OF|445500|2673000||0|0|0||0|0|0|0||||0|0||||0|222000|222000|222000|222000|222000|222000|222000|222000|222000|222000|222000|231000|0||0|||1|0|00
2026|01|527010|015|08|WA|4719|EBA|01|51|1|006|100|EA|524111|019|A|0|0||0|02|||7|Transport|1|ORG|3|FR|0||0||3|OF|2789667|8369000||0|0|0||0|0|0|0||||0|0||||0|697000|697000|697000|697000|697000|697000|697000|697000|697000|697000|697000|702000|0||0|||1|0|00
2026|01|527010|015|08|WA|4719|EBA|01|51|1|006|100|EA|524111|019|A|0|0||0|02|||8|Uang harian|1|ORG|3|HR|3|FR|0||9|OF|294445|2650000||0|0|0||0|0|0|0||||0|0||||0|220000|220000|220000|220000|220000|220000|220000|220000|220000|220000|220000|230000|0||0|||1|0|00
2026|01|527010|015|08|WA|4719|EBA|01|51|1|006|100|EA|524111|019|A|0|0||0|03||1|9|Pendampingan Monev WBK Catatan Clearance|0||0||0||0||0||0|0||0|0|0||0|0|0|0||||0|0||||0|0|0|0|0|0|0|0|0|0|0|0|0|0||0|||1|0|00
2026|01|527010|015|08|WA|4719|EBA|01|51|1|006|100|EA|524113|019|A|0|0||0||||1|Transport lokal dalam kota|2|ORG|1|HR|2|FREK|0||4|OK|131750|527000||0|0|0||0|0|0|0||||0|0||||0|43000|43000|43000|43000|43000|43000|43000|43000|43000|43000|43000|54000|0||0|||1|0|00
2026|01|527010|015|08|WA|4719|EBC|01|51|1|001|100|BA|521211|019|A|0|0||0|01||1|1|Pelaksanaan Kegiatan Assessment Center|0||0||0||0||0||0|0||0|0|0||0|0|0|0||||0|0||||0|0|0|0|0|0|0|0|0|0|0|0|0|0||0|||1|0|00
2026|01|527010|015|08|WA|4719|EBC|01|51|1|001|100|BA|521211|019|A|0|0||0|01|||2|KDM  Makan Rapat|10|ORG|10|FREK|1|HARI|0||100|OHF|35910|3591000||0|0|0||0|0|0|0||||0|0||||0|299000|299000|299000|299000|299000|299000|299000|299000|299000|299000|299000|302000|0||0|||1|0|00
2026|01|527010|015|08|WA|4719|EBC|01|51|1|001|100|BA|521211|019|A|0|0||0|01|||3|KDM  Snack Rapat|10|ORG|10|FREK|1|HARI|0||100|OHF|15120|1512000||0|0|0||0|0|0|0||||0|0||||0|126000|126000|126000|126000|126000|126000|126000|126000|126000|126000|126000|126000|0||0|||1|0|00
2026|01|527010|015|08|WA|4719|EBC|01|51|1|001|100|BA|521211|019|A|0|0||0|01|||4|CTK  Biaya Bahan Pendukung|10|UNIT|1|FREK|0||0||10|UF|181100|1811000||0|0|0||0|0|0|0||||0|0||||0|150000|150000|150000|150000|150000|150000|150000|150000|150000|150000|150000|161000|0||0|||1|0|00
2026|01|527010|015|08|WA|4719|EBC|01|51|1|001|100|BA|521211|019|A|0|0||0|02||1|5|Pelaksanaan Kegiatan Perencanaan Strategis SDM|0||0||0||0||0||0|0||0|0|0||0|0|0|0||||0|0||||0|0|0|0|0|0|0|0|0|0|0|0|0|0||0|||1|0|00
2026|01|527010|015|08|WA|4719|EBC|01|51|1|001|100|BA|521211|019|A|0|0||0|02|||6|KDM  Makan Rapat|10|ORG|10|FREK|1|HARI|0||100|OHF|35910|3591000||0|0|0||0|0|0|0||||0|0||||0|299000|299000|299000|299000|299000|299000|299000|299000|299000|299000|299000|302000|0||0|||1|0|00
2026|01|527010|015|08|WA|4719|EBC|01|51|1|001|100|BA|521211|019|A|0|0||0|02|||7|KDM  Snack Rapat|10|ORG|10|FREK|1|HARI|0||100|OHF|15120|1512000||0|0|0||0|0|0|0||||0|0||||0|126000|126000|126000|126000|126000|126000|126000|126000|126000|126000|126000|126000|0||0|||1|0|00
2026|01|527010|015|08|WA|4719|EBC|01|51|1|001|100|BA|521211|019|A|0|0||0|02|||8|CTK  Biaya Bahan Pendukung|10|UNIT|1|FREK|0||0||10|UF|217300|2173000||0|0|0||0|0|0|0||||0|0||||0|181000|181000|181000|181000|181000|181000|181000|181000|181000|181000|181000|182000|0||0|||1|0|00
2026|01|527010|015|08|WA|4719|EBC|01|51|1|001|100|BA|522131|019|A|0|0||0||||1|1. Pengadaan Jasa Evaluasi Potensi Talent Tertentu|25|ORG|1|PKT|0||0||25|OP|1000000|25000000||0|0|0||0|0|0|0||||0|0||||0|2083000|2083000|2083000|2083000|2083000|2083000|2083000|2083000|2083000|2083000|2083000|2087000|0||0|||1|0|00
2026|01|527010|015|08|WA|4719|EBC|01|51|1|001|100|BA|522151|019|A|0|0||0|01||1|1|Pelaksanaan Kegiatan Assessment Center|0||0||0||0||0||0|0||0|0|0||0|0|0|0||||0|0||||0|0|0|0|0|0|0|0|0|0|0|0|0|0||0|||1|0|00
2026|01|527010|015|08|WA|4719|EBC|01|51|1|001|100|BA|522151|019|A|0|0||0|01|||2|1. Honorarium Associate Assessor Kegiatan ReAssessment Center|170|ORG|1|JAM|0||0||170|OJ|748000|127160000||0|0|0||0|0|0|0||||0|0||||0|10596000|10596000|10596000|10596000|10596000|10596000|10596000|10596000|10596000|10596000|10596000|10604000|0||0|||1|0|00
2026|01|527010|015|08|WA|4719|EBC|01|51|1|001|100|BA|522151|019|A|0|0||0|01|||3|2. Honorarium Associate Assessor  Assessor Meeting|170|ORG|1|JAM|0||0||170|OJ|264000|44880000||0|0|0||0|0|0|0||||0|0||||0|3740000|3740000|3740000|3740000|3740000|3740000|3740000|3740000|3740000|3740000|3740000|3740000|0||0|||1|0|00
2026|01|527010|015|08|WA|4719|EBC|01|51|1|001|100|BA|522151|019|A|0|0||0|02||1|4|Pelaksanaan Kegiatan Perencanaan Strategis SDM|0||0||0||0||0||0|0||0|0|0||0|0|0|0||||0|0||||0|0|0|0|0|0|0|0|0|0|0|0|0|0||0|||1|0|00
2026|01|527010|015|08|WA|4719|EBC|01|51|1|001|100|BA|522151|019|A|0|0||0|02|||5|1. Honorarium Narasumber|3|ORG|3|FREK|1|JAM|0||9|OJ|703112|6328000||0|0|0||0|0|0|0||||0|0||||0|527000|527000|527000|527000|527000|527000|527000|527000|527000|527000|527000|531000|0||0|||1|0|00
2026|01|527010|015|08|WA|4719|EBC|01|51|1|001|100|BA|524111|019|A|0|0||0|01||1|1|Pelaksanaan Kegiatan Assessment Center|0||0||0||0||0||0|0||0|0|0||0|0|0|0||||0|0||||0|0|0|0|0|0|0|0|0|0|0|0|0|0||0|||1|0|00
2026|01|527010|015|08|WA|4719|EBC|01|51|1|001|100|BA|524111|019|A|0|0||0|01|||2|1. Biaya Transportasi  Assessment Center|5|ORG|3|FREK|0||0||15|OF|1472334|22085000||0|0|0||0|0|0|0||||0|0||||0|1840000|1840000|1840000|1840000|1840000|1840000|1840000|1840000|1840000|1840000|1840000|1845000|0||0|||1|0|00
2026|01|527010|015|08|WA|4719|EBC|01|51|1|001|100|BA|524111|019|A|0|0||0|01|||3|2. Biaya Uang Saku Assessment Center|5|ORG|3|FREK|3|HARI|0||45|OF|232467|10461000||0|0|0||0|0|0|0||||0|0||||0|871000|871000|871000|871000|871000|871000|871000|871000|871000|871000|871000|880000|0||0|||1|0|00
2026|01|527010|015|08|WA|4719|EBC|01|51|1|001|100|BA|524111|019|A|0|0||0|01|||4|3. Biaya Akomodasi Assessment Center|5|ORG|3|FREK|2|MLM|0||30|OF|387434|11623000||0|0|0||0|0|0|0||||0|0||||0|968000|968000|968000|968000|968000|968000|968000|968000|968000|968000|968000|975000|0||0|||1|0|00
2026|01|527010|015|08|WA|4719|EBC|01|51|1|001|100|BA|524111|019|A|0|0||0|02||1|5|Pelaksanaan Kegiatan Perencanaan Strategis SDM|0||0||0||0||0||0|0||0|0|0||0|0|0|0||||0|0||||0|0|0|0|0|0|0|0|0|0|0|0|0|0||0|||1|0|00
2026|01|527010|015|08|WA|4719|EBC|01|51|1|001|100|BA|524111|019|A|0|0||0|02|||6|1. Biaya Transportasi Program Perencanaan Strategis|2|ORG|2|FREK|0||0||4|OF|1472250|5889000||0|0|0||0|0|0|0||||0|0||||0|490000|490000|490000|490000|490000|490000|490000|490000|490000|490000|490000|499000|0||0|||1|0|00
2026|01|527010|015|08|WA|4719|EBC|01|51|1|001|100|BA|524111|019|A|0|0||0|02|||7|2. Biaya Uang Saku Program Perencanaan Strategis|2|ORG|2|FREK|3|HARI|0||12|OF|232500|2790000||0|0|0||0|0|0|0||||0|0||||0|232000|232000|232000|232000|232000|232000|232000|232000|232000|232000|232000|238000|0||0|||1|0|00
2026|01|527010|015|08|WA|4719|EBC|01|51|1|001|100|BA|524111|019|A|0|0||0|02|||8|3. Biaya Akomodasi Program Perencanaan Strategis|2|ORG|2|FREK|2|MLM|0||8|OF|387500|3100000||0|0|0||0|0|0|0||||0|0||||0|258000|258000|258000|258000|258000|258000|258000|258000|258000|258000|258000|262000|0||0|||1|0|00
2026|01|527010|015|08|WA|4719|EBC|01|51|1|001|100|BA|524113|019|A|0|0||0||||1|1. Transport Lokal Peserta Kegiatan Assessment Center|10|ORG|1|KEG|0||0||10|OK|116200|1162000||0|0|0||0|0|0|0||||0|0||||0|96000|96000|96000|96000|96000|96000|96000|96000|96000|96000|96000|106000|0||0|||1|0|00
2026|01|527010|015|08|WA|4719|EBC|01|51|1|001|100|BA|524113|019|A|0|0||0||||2|2. Uang Saku Peserta Kegiatan Assessment Center|10|ORG|1|FREK|0||0||10|OF|116200|1162000||0|0|0||0|0|0|0||||0|0||||0|96000|96000|96000|96000|96000|96000|96000|96000|96000|96000|96000|106000|0||0|||1|0|00
2026|01|527010|015|08|WA|4719|EBC|01|51|1|001|100|BB|521211|019|A|0|0||0|01||1|1|Pelaksanaan Kegiatan Manajemen Talenta|0||0||0||0||0||0|0||0|0|0||0|0|0|0||||0|0||||0|0|0|0|0|0|0|0|0|0|0|0|0|0||0|||1|0|00
2026|01|527010|015|08|WA|4719|EBC|01|51|1|001|100|BB|521211|019|A|0|0||0|01|||2|KDM  Makan Rapat|10|ORG|10|FREK|1|HARI|0||100|OF|35910|3591000||0|0|0||0|0|0|0||||0|0||||0|299000|299000|299000|299000|299000|299000|299000|299000|299000|299000|299000|302000|0||0|||1|0|00
2026|01|527010|015|08|WA|4719|EBC|01|51|1|001|100|BB|521211|019|A|0|0||0|01|||3|KDM  Snack Rapat|10|ORG|10|FREK|1|HARI|0||100|OF|15120|1512000||0|0|0||0|0|0|0||||0|0||||0|126000|126000|126000|126000|126000|126000|126000|126000|126000|126000|126000|126000|0||0|||1|0|00
2026|01|527010|015|08|WA|4719|EBC|01|51|1|001|100|BB|521211|019|A|0|0||0|01|||4|3. Biaya Bahan Pendukung|20|ORG|2|FREK|0||0||40|OF|275625|11025000||0|0|0||0|0|0|0||||0|0||||0|918000|918000|918000|918000|918000|918000|918000|918000|918000|918000|918000|927000|0||0|||1|0|00
2026|01|527010|015|08|WA|4719|EBC|01|51|1|001|100|BB|521211|019|A|0|0||0|02||1|5|Pelaksanaan Kegiatan Treasury HR Forum|0||0||0||0||0||0|0||0|0|0||0|0|0|0||||0|0||||0|0|0|0|0|0|0|0|0|0|0|0|0|0||0|||1|0|00
2026|01|527010|015|08|WA|4719|EBC|01|51|1|001|100|BB|521211|019|A|0|0||0|02|||6|CTK  Biaya Bahan Pendukung Kegiatan HR Forum|20|ORG|1|FREK|0||0||20|OF|157500|3150000||0|0|0||0|0|0|0||||0|0||||0|262000|262000|262000|262000|262000|262000|262000|262000|262000|262000|262000|268000|0||0|||1|0|00
2026|01|527010|015|08|WA|4719|EBC|01|51|1|001|100|BB|522151|019|A|0|0||0||||1|1. Honorarium Narasumber|2|ORG|2|FREK|2|JAM|0||8|OJ|792000|6336000||0|0|0||0|0|0|0||||0|0||||0|528000|528000|528000|528000|528000|528000|528000|528000|528000|528000|528000|528000|0||0|||1|0|00
2026|01|527010|015|08|WA|4719|EBC|01|51|1|001|100|BB|522191|019|A|0|0||0||||1|1. Biaya Jasa Lainnya Kegiatan Treasury HR Forum|1|PKT|1|FREK|0||0||1|PF|40000000|40000000||0|0|0||0|0|0|0||||0|0||||0|3333000|3333000|3333000|3333000|3333000|3333000|3333000|3333000|3333000|3333000|3333000|3337000|0||0|||1|0|00
2026|01|527010|015|08|WA|4719|EBC|01|51|1|001|100|BB|524111|019|A|0|0||0||||1|1. Biaya Transportasi Pelaksanaan Manajemen Talenta|3|ORG|4|FREK|0||0||12|OF|1549834|18598000||0|0|0||0|0|0|0||||0|0||||0|1549000|1549000|1549000|1549000|1549000|1549000|1549000|1549000|1549000|1549000|1549000|1559000|0||0|||1|0|00
2026|01|527010|015|08|WA|4719|EBC|01|51|1|001|100|BB|524111|019|A|0|0||0||||2|2. Biaya Uang Saku Pelaksanaan Manajemen Talenta|3|ORG|4|FREK|3|HARI|0||36|OF|232473|8369000||0|0|0||0|0|0|0||||0|0||||0|697000|697000|697000|697000|697000|697000|697000|697000|697000|697000|697000|702000|0||0|||1|0|00
2026|01|527010|015|08|WA|4719|EBC|01|51|1|001|100|BB|524111|019|A|0|0||0||||3|3. Biaya Akomodasi Pelaksanaan Manajemen Talenta|3|ORG|4|FREK|2|MLM|0||24|OF|426209|10229000||0|0|0||0|0|0|0||||0|0||||0|852000|852000|852000|852000|852000|852000|852000|852000|852000|852000|852000|857000|0||0|||1|0|00
2026|01|527010|015|08|WA|4719|EBC|01|51|1|001|100|BB|524119|019|A|0|0||0|01||1|1|Pelaksanaan Kegiatan Treasury HR Forum|0||0||0||0||0||0|0||0|0|0||0|0|0|0||||0|0||||0|0|0|0|0|0|0|0|0|0|0|0|0|0||0|||1|0|00
2026|01|527010|015|08|WA|4719|EBC|01|51|1|001|100|BB|524119|019|A|0|0||0|01|||2|1. Biaya Transportasi Panitia dan Peserta|25|ORG|1|FREK|0||0||25|OF|218520|5463000||0|0|0||0|0|0|0||||0|0||||0|455000|455000|455000|455000|455000|455000|455000|455000|455000|455000|455000|458000|0||0|||1|0|00
2026|01|527010|015|08|WA|4719|EBC|01|51|1|001|100|BB|524119|019|A|0|0||0|01|||3|2. Biaya Uang Saku Panitia dan Peserta|25|ORG|1|FREK|3|HARI|0||75|OH|100734|7555000||0|0|0||0|0|0|0||||0|0||||0|629000|629000|629000|629000|629000|629000|629000|629000|629000|629000|629000|636000|0||0|||1|0|00
2026|01|527010|015|08|WA|4719|EBC|01|51|1|001|100|BB|524119|019|A|0|0||0|01|||4|3. Biaya Akomodasi Panitia dan Peserta|25|ORG|1|FREK|3|HARI|0||75|OF|464934|34870000||0|0|0||0|0|0|0||||0|0||||0|2905000|2905000|2905000|2905000|2905000|2905000|2905000|2905000|2905000|2905000|2905000|2915000|0||0|||1|0|00
2026|01|527010|015|08|WA|4719|EBC|01|51|1|001|100|BC|521211|019|A|0|0||0|01||1|1|Kegiatan Persiapan Penilaian KPPc dan PUG|0||0||0||0||0||0|0||0|0|0||0|0|0|0||||0|0||||0|0|0|0|0|0|0|0|0|0|0|0|0|0||0|||1|0|00
2026|01|527010|015|08|WA|4719|EBC|01|51|1|001|100|BC|521211|019|A|0|0||0|03|||10|KDM  Snack Rapat|25|ORG|2|FREK|10|HARI|0||500|UF|13860|6930000||0|0|0||0|0|0|0||||0|0||||0|577000|577000|577000|577000|577000|577000|577000|577000|577000|577000|577000|583000|0||0|||1|0|00
2026|01|527010|015|08|WA|4719|EBC|01|51|1|001|100|BC|521211|019|A|0|0||0|04||1|11|Kegiatan Treasury Wellbeing Program|0||0||0||0||0||0|0||0|0|0||0|0|0|0||||0|0||||0|0|0|0|0|0|0|0|0|0|0|0|0|0||0|||1|0|00
2026|01|527010|015|08|WA|4719|EBC|01|51|1|001|100|BC|521211|019|A|0|0||0|04|||12|KDM  Makan Rapat|30|ORG|2|HARI|4|FREK|0||240|OF|35909|8618000||0|0|0||0|0|0|0||||0|0||||0|718000|718000|718000|718000|718000|718000|718000|718000|718000|718000|718000|720000|0||0|||1|0|00
2026|01|527010|015|08|WA|4719|EBC|01|51|1|001|100|BC|521211|019|A|0|0||0|04|||13|KDM  Snack Rapat|30|ORG|2|HARI|4|FREK|0||240|OF|13859|3326000||0|0|0||0|0|0|0||||0|0||||0|277000|277000|277000|277000|277000|277000|277000|277000|277000|277000|277000|279000|0||0|||1|0|00
2026|01|527010|015|08|WA|4719|EBC|01|51|1|001|100|BC|521211|019|A|0|0||0|05||1|14|Sharing Session Dukungan Pimpinan dan Keprotokolan|0||0||0||0||0||0|0||0|0|0||0|0|0|0||||0|0||||0|0|0|0|0|0|0|0|0|0|0|0|0|0||0|||1|0|00
2026|01|527010|015|08|WA|4719|EBC|01|51|1|001|100|BC|521211|019|A|0|0||0|05|||15|KDM  Makan Rapat|50|ORG|1|HARI|12|FREK|0||600|OF|35910|21546000||0|0|0||0|0|0|0||||0|0||||0|1795000|1795000|1795000|1795000|1795000|1795000|1795000|1795000|1795000|1795000|1795000|1801000|0||0|||1|0|00
2026|01|527010|015|08|WA|4719|EBC|01|51|1|001|100|BC|521211|019|A|0|0||0|05|||16|KDM  Snack Rapat|50|ORG|1|HARI|12|FREK|0||600|OF|13860|8316000||0|0|0||0|0|0|0||||0|0||||0|693000|693000|693000|693000|693000|693000|693000|693000|693000|693000|693000|693000|0||0|||1|0|00
2026|01|527010|015|08|WA|4719|EBC|01|51|1|001|100|BC|521211|019|A|0|0||0|06||1|17|Induksi dan Orientasi Peserta dan Panitia|0||0||0||0||0||0|0||0|0|0||0|0|0|0||||0|0||||0|0|0|0|0|0|0|0|0|0|0|0|0|0||0|||1|0|00
2026|01|527010|015|08|WA|4719|EBC|01|51|1|001|100|BC|521211|019|A|0|0||0|06|||18|KDM  Makan Rapat|50|ORG|1|HARI|12|FREK|0||600|OF|35910|21546000||0|0|0||0|0|0|0||||0|0||||0|1795000|1795000|1795000|1795000|1795000|1795000|1795000|1795000|1795000|1795000|1795000|1801000|0||0|||1|0|00
2026|01|527010|015|08|WA|4719|EBC|01|51|1|001|100|BC|521211|019|A|0|0||0|06|||19|KDM  Snack Rapat|50|ORG|1|HARI|12|FREK|0||600|OF|13860|8316000||0|0|0||0|0|0|0||||0|0||||0|693000|693000|693000|693000|693000|693000|693000|693000|693000|693000|693000|693000|0||0|||1|0|00
2026|01|527010|015|08|WA|4719|EBC|01|51|1|001|100|BC|521211|019|A|0|0||0|01|||2|KDM  Makan Rapat|20|ORG|1|FREK|0|0|0||20|OF|35900|718000||0|0|0||0|0|0|0||||0|0||||0|59000|59000|59000|59000|59000|59000|59000|59000|59000|59000|59000|69000|0||0|||1|0|00
2026|01|527010|015|08|WA|4719|EBC|01|51|1|001|100|BC|521211|019|A|0|0||0|07||1|20|Kegiatan Workshop Eksternal|0||0||0||0||0||0|0||0|0|0||0|0|0|0||||0|0||||0|0|0|0|0|0|0|0|0|0|0|0|0|0||0|||1|0|00
2026|01|527010|015|08|WA|4719|EBC|01|51|1|001|100|BC|521211|019|A|0|0||0|07|||21|CTK  Bahan Dukung Kegiatan Workshop Eksternal|12|UNIT|1|FREK|0||0||12|UF|157500|1890000||0|0|0||0|0|0|0||||0|0||||0|157000|157000|157000|157000|157000|157000|157000|157000|157000|157000|157000|163000|0||0|||1|0|00
2026|01|527010|015|08|WA|4719|EBC|01|51|1|001|100|BC|521211|019|A|0|0||0|01|||3|KDM  Snack Rapat|20|ORG|1|FREK|0|0|0||20|OF|15100|302000||0|0|0||0|0|0|0||||0|0||||0|25000|25000|25000|25000|25000|25000|25000|25000|25000|25000|25000|27000|0||0|||1|0|00
2026|01|527010|015|08|WA|4719|EBC|01|51|1|001|100|BC|521211|019|A|0|0||0|02||1|4|Kegiatan TLounge dan BiOn SDM|0||0||0||0||0||0|0||0|0|0||0|0|0|0||||0|0||||0|0|0|0|0|0|0|0|0|0|0|0|0|0||0|||1|0|00
2026|01|527010|015|08|WA|4719|EBC|01|51|1|001|100|BC|521211|019|A|0|0||0|02|||5|KDM  Makan Rapat|30|ORG|5|FREK|0|0|0||150|OF|35907|5386000||0|0|0||0|0|0|0||||0|0||||0|448000|448000|448000|448000|448000|448000|448000|448000|448000|448000|448000|458000|0||0|||1|0|00
2026|01|527010|015|08|WA|4719|EBC|01|51|1|001|100|BC|521211|019|A|0|0||0|02|||6|KDM  Snack Rapat|30|ORG|5|FREK|0|0|0||150|OF|15120|2268000||0|0|0||0|0|0|0||||0|0||||0|189000|189000|189000|189000|189000|189000|189000|189000|189000|189000|189000|189000|0||0|||1|0|00
2026|01|527010|015|08|WA|4719|EBC|01|51|1|001|100|BC|521211|019|A|0|0||0|02|||7|CTK  Bahan Dukung Kegiatan TLounge dan BiOn SDM|2|UNIT|5|FREK|0||0||10|UF|346500|3465000||0|0|0||0|0|0|0||||0|0||||0|288000|288000|288000|288000|288000|288000|288000|288000|288000|288000|288000|297000|0||0|||1|0|00
2026|01|527010|015|08|WA|4719|EBC|01|51|1|001|100|BC|521211|019|A|0|0||0|03||1|8|Workshop ISO|0||0||0||0||0||0|0||0|0|0||0|0|0|0||||0|0||||0|0|0|0|0|0|0|0|0|0|0|0|0|0||0|||1|0|00
2026|01|527010|015|08|WA|4719|EBC|01|51|1|001|100|BC|521211|019|A|0|0||0|03|||9|KDM  Makan Rapat|25|ORG|2|FREK|10|HARI|0||500|UF|35910|17955000||0|0|0||0|0|0|0||||0|0||||0|1496000|1496000|1496000|1496000|1496000|1496000|1496000|1496000|1496000|1496000|1496000|1499000|0||0|||1|0|00
2026|01|527010|015|08|WA|4719|EBC|01|51|1|001|100|BC|522151|019|A|0|0||0||||1|Honor Narasumber Kegiatan TLounge dan BiOn SDM|1|ORG|3|JAM|6|FREK|0||18|OJ|792000|14256000||0|0|0||0|0|0|0||||0|0||||0|1188000|1188000|1188000|1188000|1188000|1188000|1188000|1188000|1188000|1188000|1188000|1188000|0||0|||1|0|00
2026|01|527010|015|08|WA|4719|EBC|01|51|1|001|100|BC|522151|019|A|0|0||0||||2|Honor Narasumber Kegiatan Talent Beasiswa|1|ORG|2|JAM|5|FREK|0||10|OJ|792000|7920000||0|0|0||0|0|0|0||||0|0||||0|660000|660000|660000|660000|660000|660000|660000|660000|660000|660000|660000|660000|0||0|||1|0|00
2026|01|527010|015|08|WA|4719|EBC|01|51|1|001|100|BC|522151|019|A|0|0||0||||3|Honor Narasumber Kegiatan Workshop Auditor Internal ISO|3|ORG|15|JAM|2|FREK|0||90|OJ|792000|71280000||0|0|0||0|0|0|0||||0|0||||0|5940000|5940000|5940000|5940000|5940000|5940000|5940000|5940000|5940000|5940000|5940000|5940000|0||0|||1|0|00
2026|01|527010|015|08|WA|4719|EBC|01|51|1|001|100|BC|522151|019|A|0|0||0||||4|Honor Narasumber Kegiatan Treasury Wellbeing Program|1|ORG|2|JAM|6|FREK|0||12|OJ|792000|9504000||0|0|0||0|0|0|0||||0|0||||0|792000|792000|792000|792000|792000|792000|792000|792000|792000|792000|792000|792000|0||0|||1|0|00
2026|01|527010|015|08|WA|4719|EBC|01|51|1|001|100|BC|522151|019|A|0|0||0||||5|Honor Narsumber Training Impact Analysis|1|ORG|8|JAM|0||0||8|OJ|792000|6336000||0|0|0||0|0|0|0||||0|0||||0|528000|528000|528000|528000|528000|528000|528000|528000|528000|528000|528000|528000|0||0|||1|0|00
2026|01|527010|015|08|WA|4719|EBC|01|51|1|001|100|BC|522191|019|A|0|0||0||||1|Biaya Jasa Provider Program Induksi dan Orientasi|1|PKT|1|FREK|0||0||1|PF|58954000|58954000||0|0|0||0|0|0|0||||0|0||||0|4912000|4912000|4912000|4912000|4912000|4912000|4912000|4912000|4912000|4912000|4912000|4922000|0||0|||1|0|00
2026|01|527010|015|08|WA|4719|EBC|01|51|1|001|100|BC|522191|019|A|0|0||0||||2|Biaya Jasa Provider Pembekalan Pejabat Administrator dan Pengawas|1|PKT|1|FREK|0||0||1|PF|28740000|28740000||0|0|0||0|0|0|0||||0|0||||0|2395000|2395000|2395000|2395000|2395000|2395000|2395000|2395000|2395000|2395000|2395000|2395000|0||0|||1|0|00
2026|01|527010|015|08|WA|4719|EBC|01|51|1|001|100|BC|522191|019|A|0|0||0||||3|Biaya Jasa Provider Kegiatan Treasury Wellbeing Program|1|PKT|1|FREK|0||0||1|PF|159848000|159848000||0|0|0||0|0|0|0||||0|0||||0|13320000|13320000|13320000|13320000|13320000|13320000|13320000|13320000|13320000|13320000|13320000|13328000|0||0|||1|0|00
2026|01|527010|015|08|WA|4719|EBC|01|51|1|001|100|BC|524111|019|A|0|0||0|01||1|1|Diklatpim III dan IV|0||0||0||0||0||0|0||0|0|0||0|0|0|0||||0|0||||0|0|0|0|0|0|0|0|0|0|0|0|0|0||0|||1|0|00
2026|01|527010|015|08|WA|4719|EBC|01|51|1|001|100|BC|524111|019|A|0|0||0|02|||10|6. Biaya Uang Saku Peserta Pembelajaran Penyusunan Laporan Keuangan LKPP dan LKBUN|25|ORG|5|HARI|0||0||125|OH|39672|4959000||0|0|0||0|0|0|0||||0|0||||0|413000|413000|413000|413000|413000|413000|413000|413000|413000|413000|413000|416000|0||0|||1|0|00
2026|01|527010|015|08|WA|4719|EBC|01|51|1|001|100|BC|524111|019|A|0|0||0|02|||11|7. Biaya Perjalanan Dinas Peserta Pembelajaran Asistensi Pembinaan BLUD|25|ORG|1|FREK|0||0||25|OF|1239840|30996000||0|0|0||0|0|0|0||||0|0||||0|2583000|2583000|2583000|2583000|2583000|2583000|2583000|2583000|2583000|2583000|2583000|2583000|0||0|||1|0|00
2026|01|527010|015|08|WA|4719|EBC|01|51|1|001|100|BC|524111|019|A|0|0||0|02|||12|8. Biaya Uang Saku Peserta Pembelajaran Asistensi Pembinaan BLUD|25|ORG|5|HARI|0||0||125|OH|39672|4959000||0|0|0||0|0|0|0||||0|0||||0|413000|413000|413000|413000|413000|413000|413000|413000|413000|413000|413000|416000|0||0|||1|0|00
2026|01|527010|015|08|WA|4719|EBC|01|51|1|001|100|BC|524111|019|A|0|0||0|02|||13|9. Biaya Perjalanan Dinas Peserta Pembelajaran Penguatan Pengelolaan Keuangan Daerah|25|ORG|1|FREK|0||0||25|OF|1239840|30996000||0|0|0||0|0|0|0||||0|0||||0|2583000|2583000|2583000|2583000|2583000|2583000|2583000|2583000|2583000|2583000|2583000|2583000|0||0|||1|0|00
2026|01|527010|015|08|WA|4719|EBC|01|51|1|001|100|BC|524111|019|A|0|0||0|02|||14|10. Biaya Uang Saku Peserta Pembelajaran Penguatan Pengelolaan Keuangan Daerah|25|ORG|5|HARI|0||0||125|OH|39672|4959000||0|0|0||0|0|0|0||||0|0||||0|413000|413000|413000|413000|413000|413000|413000|413000|413000|413000|413000|416000|0||0|||1|0|00
2026|01|527010|015|08|WA|4719|EBC|01|51|1|001|100|BC|524111|019|A|0|0||0|02|||15|11. Biaya Perjalanan Dinas Peserta Pembelajaran Persiapan Pengadaan BarangJasa Pemerintah|20|ORG|1|FREK|0||0||20|OH|1239850|24797000||0|0|0||0|0|0|0||||0|0||||0|2066000|2066000|2066000|2066000|2066000|2066000|2066000|2066000|2066000|2066000|2066000|2071000|0||0|||1|0|00
2026|01|527010|015|08|WA|4719|EBC|01|51|1|001|100|BC|524111|019|A|0|0||0|02|||16|12. Biaya Uang Saku Peserta Pembelajaran Persiapan Pengadaan BarangJasa Pemerintah|20|ORG|5|HARI|0||0||100|OH|39670|3967000||0|0|0||0|0|0|0||||0|0||||0|330000|330000|330000|330000|330000|330000|330000|330000|330000|330000|330000|337000|0||0|||1|0|00
2026|01|527010|015|08|WA|4719|EBC|01|51|1|001|100|BC|524111|019|A|0|0||0|02|||17|13. Biaya Perjalanan Dinas Peserta Pembelajaran Pelaporan keuangan daerah|25|ORG|1|FREK|0||0||25|OF|1239840|30996000||0|0|0||0|0|0|0||||0|0||||0|2583000|2583000|2583000|2583000|2583000|2583000|2583000|2583000|2583000|2583000|2583000|2583000|0||0|||1|0|00
2026|01|527010|015|08|WA|4719|EBC|01|51|1|001|100|BC|524111|019|A|0|0||0|02|||18|14. Biaya Uang Saku Peserta Pembelajaran Pelaporan keuangan daerah|25|ORG|5|HARI|0||0||125|OH|39672|4959000||0|0|0||0|0|0|0||||0|0||||0|413000|413000|413000|413000|413000|413000|413000|413000|413000|413000|413000|416000|0||0|||1|0|00
2026|01|527010|015|08|WA|4719|EBC|01|51|1|001|100|BC|524111|019|A|0|0||0|02|||19|15. Biaya Perjalanan Dinas Peserta Pembelajaran Pengelolaan BLU SMART|25|ORG|1|FREK|0||0||25|OF|1239840|30996000||0|0|0||0|0|0|0||||0|0||||0|2583000|2583000|2583000|2583000|2583000|2583000|2583000|2583000|2583000|2583000|2583000|2583000|0||0|||1|0|00
2026|01|527010|015|08|WA|4719|EBC|01|51|1|001|100|BC|524111|019|A|0|0||0|01|||2|1. Biaya Perjalanan Dinas Peserta Diklatpim IV|12|ORG|1|FREK|0||0||12|OF|3099584|37195000||0|0|0||0|0|0|0||||0|0||||0|3099000|3099000|3099000|3099000|3099000|3099000|3099000|3099000|3099000|3099000|3099000|3106000|0||0|||1|0|00
2026|01|527010|015|08|WA|4719|EBC|01|51|1|001|100|BC|524111|019|A|0|0||0|02|||20|16. Biaya Uang Saku Peserta Pembelajaran Pengelolaan BLU SMART|25|ORG|5|HARI|0||0||125|OH|39672|4959000||0|0|0||0|0|0|0||||0|0||||0|413000|413000|413000|413000|413000|413000|413000|413000|413000|413000|413000|416000|0||0|||1|0|00
2026|01|527010|015|08|WA|4719|EBC|01|51|1|001|100|BC|524111|019|A|0|0||0|02|||21|17. Biaya Perjalanan Dinas Peserta Pembelajaran Impact Analysis lanjutan|25|ORG|1|FREK|0||0||25|OF|1239840|30996000||0|0|0||0|0|0|0||||0|0||||0|2583000|2583000|2583000|2583000|2583000|2583000|2583000|2583000|2583000|2583000|2583000|2583000|0||0|||1|0|00
2026|01|527010|015|08|WA|4719|EBC|01|51|1|001|100|BC|524111|019|A|0|0||0|02|||22|18. Biaya Uang Saku Peserta Pembelajaran Impact Analysis lanjutan|25|ORG|5|HARI|0||0||125|OH|39672|4959000||0|0|0||0|0|0|0||||0|0||||0|413000|413000|413000|413000|413000|413000|413000|413000|413000|413000|413000|416000|0||0|||1|0|00
2026|01|527010|015|08|WA|4719|EBC|01|51|1|001|100|BC|524111|019|A|0|0||0|02|||23|19. Biaya Perjalanan Dinas Peserta Pembelajaran Penyusunan Laporan Keuangan GFS|25|ORG|1|FREK|0||0||25|OF|1239840|30996000||0|0|0||0|0|0|0||||0|0||||0|2583000|2583000|2583000|2583000|2583000|2583000|2583000|2583000|2583000|2583000|2583000|2583000|0||0|||1|0|00
2026|01|527010|015|08|WA|4719|EBC|01|51|1|001|100|BC|524111|019|A|0|0||0|02|||24|20. Biaya Uang Saku Peserta Pembelajaran Penyusunan Laporan Keuangan GFS|25|ORG|5|HARI|0||0||125|OH|39672|4959000||0|0|0||0|0|0|0||||0|0||||0|413000|413000|413000|413000|413000|413000|413000|413000|413000|413000|413000|416000|0||0|||1|0|00
2026|01|527010|015|08|WA|4719|EBC|01|51|1|001|100|BC|524111|019|A|0|0||0|02|||25|21. Biaya Perjalanan Dinas Peserta Pembelajaran Operasionalisasi Strategi Komunikasi DJPb|25|ORG|1|FREK|0||0||25|OF|1239840|30996000||0|0|0||0|0|0|0||||0|0||||0|2583000|2583000|2583000|2583000|2583000|2583000|2583000|2583000|2583000|2583000|2583000|2583000|0||0|||1|0|00
2026|01|527010|015|08|WA|4719|EBC|01|51|1|001|100|BC|524111|019|A|0|0||0|02|||26|22. Biaya Uang Saku Peserta Pembelajaran Operasionalisasi Strategi Komunikasi DJPb|25|ORG|5|HARI|0||0||125|OF|39672|4959000||0|0|0||0|0|0|0||||0|0||||0|413000|413000|413000|413000|413000|413000|413000|413000|413000|413000|413000|416000|0||0|||1|0|00
2026|01|527010|015|08|WA|4719|EBC|01|51|1|001|100|BC|524111|019|A|0|0||0|03||1|27|DTU Pegawai Baru Tahun 2025|0||0||0||0||0||0|0||0|0|0||0|0|0|0||||0|0||||0|0|0|0|0|0|0|0|0|0|0|0|0|0||0|||1|0|00
2026|01|527010|015|08|WA|4719|EBC|01|51|1|001|100|BC|524111|019|A|0|0||0|03|||28|1. Biaya Perjalanan Dinas Peserta|38|ORG|1|FREK|0||0||38|OF|1394816|53003000||0|0|0||0|0|0|0||||0|0||||0|4416000|4416000|4416000|4416000|4416000|4416000|4416000|4416000|4416000|4416000|4416000|4427000|0||0|||1|0|00
2026|01|527010|015|08|WA|4719|EBC|01|51|1|001|100|BC|524111|019|A|0|0||0|03|||29|2. Biaya Uang Saku Peserta|38|ORG|10|HARI|0||0||380|OH|39674|15076000||0|0|0||0|0|0|0||||0|0||||0|1256000|1256000|1256000|1256000|1256000|1256000|1256000|1256000|1256000|1256000|1256000|1260000|0||0|||1|0|00
2026|01|527010|015|08|WA|4719|EBC|01|51|1|001|100|BC|524111|019|A|0|0||0|01|||3|2. Biaya Uang Saku Peserta Diklatpim IV|12|ORG|5|HARI|0||0||60|OF|100734|6044000||0|0|0||0|0|0|0||||0|0||||0|503000|503000|503000|503000|503000|503000|503000|503000|503000|503000|503000|511000|0||0|||1|0|00
2026|01|527010|015|08|WA|4719|EBC|01|51|1|001|100|BC|524111|019|A|0|0||0|04||1|30|Pelatihan Penguatan Karakter 2025|0||0||0||0||0||0|0||0|0|0||0|0|0|0||||0|0||||0|0|0|0|0|0|0|0|0|0|0|0|0|0||0|||1|0|00
2026|01|527010|015|08|WA|4719|EBC|01|51|1|001|100|BC|524111|019|A|0|0||0|04|||31|1. Biaya Perjalanan Dinas Peserta Pelatihan Penguatan Karakter 2025|40|ORG|1|FREK|0||0||40|OF|1239850|49594000||0|0|0||0|0|0|0||||0|0||||0|4132000|4132000|4132000|4132000|4132000|4132000|4132000|4132000|4132000|4132000|4132000|4142000|0||0|||1|0|00
2026|01|527010|015|08|WA|4719|EBC|01|51|1|001|100|BC|524111|019|A|0|0||0|04|||32|2. Biaya Uang Saku Peserta Pelatihan Penguatan Karakter 2025|40|ORG|5|HARI|0||0||200|OH|39675|7935000||0|0|0||0|0|0|0||||0|0||||0|661000|661000|661000|661000|661000|661000|661000|661000|661000|661000|661000|664000|0||0|||1|0|00
2026|01|527010|015|08|WA|4719|EBC|01|51|1|001|100|BC|524111|019|A|0|0||0|05||1|33|Ujian Dinas (UD) Tahun 2025|0||0||0||0||0||0|0||0|0|0||0|0|0|0||||0|0||||0|0|0|0|0|0|0|0|0|0|0|0|0|0||0|||1|0|00
2026|01|527010|015|08|WA|4719|EBC|01|51|1|001|100|BC|524111|019|A|0|0||0|05|||34|1. Biaya Perjalanan Dinas Peserta Ujian Dinas Tahun 2025|40|ORG|1|FREK|0||0||40|OF|619925|24797000||0|0|0||0|0|0|0||||0|0||||0|2066000|2066000|2066000|2066000|2066000|2066000|2066000|2066000|2066000|2066000|2066000|2071000|0||0|||1|0|00
2026|01|527010|015|08|WA|4719|EBC|01|51|1|001|100|BC|524111|019|A|0|0||0|06||1|35|Ujian Penyesuaian Kenaikan Pangkat (UPKP) Tahun 2025|0||0||0||0||0||0|0||0|0|0||0|0|0|0||||0|0||||0|0|0|0|0|0|0|0|0|0|0|0|0|0||0|||1|0|00
2026|01|527010|015|08|WA|4719|EBC|01|51|1|001|100|BC|524111|019|A|0|0||0|06|||36|1. Biaya Perjalanan Dinas Peserta Ujian Penyesuaian Kenaikan Pangkat (UPKP) Tahun 2025|40|ORG|1|FREK|0||0||40|OF|619925|24797000||0|0|0||0|0|0|0||||0|0||||0|2066000|2066000|2066000|2066000|2066000|2066000|2066000|2066000|2066000|2066000|2066000|2071000|0||0|||1|0|00
2026|01|527010|015|08|WA|4719|EBC|01|51|1|001|100|BC|524111|019|A|0|0||0|07||1|37|Implementasi Learning Organization|0||0||0||0||0||0|0||0|0|0||0|0|0|0||||0|0||||0|0|0|0|0|0|0|0|0|0|0|0|0|0||0|||1|0|00
2026|01|527010|015|08|WA|4719|EBC|01|51|1|001|100|BC|524111|019|A|0|0||0|07|||38|28. Transport dalam rangka Implementasi Learning Organization|30|ORG|1|FREK|0||0||30|OF|1239834|37195000||0|0|0||0|0|0|0||||0|0||||0|3099000|3099000|3099000|3099000|3099000|3099000|3099000|3099000|3099000|3099000|3099000|3106000|0||0|||1|0|00
2026|01|527010|015|08|WA|4719|EBC|01|51|1|001|100|BC|524111|019|A|0|0||0|07|||39|29. Uang Saku dalam rangka Implementasi Learning Organization|30|ORG|1|FREK|3|HARI|0||90|OF|123989|11159000||0|0|0||0|0|0|0||||0|0||||0|929000|929000|929000|929000|929000|929000|929000|929000|929000|929000|929000|940000|0||0|||1|0|00
2026|01|527010|015|08|WA|4719|EBC|01|51|1|001|100|BC|524111|019|A|0|0||0|01|||4|3. Biaya Perjalanan Dinas Peserta DIklatpim III|12|ORG|1|FREK|0||0||12|OF|3099584|37195000||0|0|0||0|0|0|0||||0|0||||0|3099000|3099000|3099000|3099000|3099000|3099000|3099000|3099000|3099000|3099000|3099000|3106000|0||0|||1|0|00
2026|01|527010|015|08|WA|4719|EBC|01|51|1|001|100|BC|524111|019|A|0|0||0|07|||40|30. Akomodasi dalam rangka Implementasi Learning Organization|30|ORG|1|FREK|2|HARI|0||60|OF|154984|9299000||0|0|0||0|0|0|0||||0|0||||0|774000|774000|774000|774000|774000|774000|774000|774000|774000|774000|774000|785000|0||0|||1|0|00
2026|01|527010|015|08|WA|4719|EBC|01|51|1|001|100|BC|524111|019|A|0|0||0|08||1|41|Kegiatan Service Excellent|0||0||0||0||0||0|0||0|0|0||0|0|0|0||||0|0||||0|0|0|0|0|0|0|0|0|0|0|0|0|0||0|||1|0|00
2026|01|527010|015|08|WA|4719|EBC|01|51|1|001|100|BC|524111|019|A|0|0||0|08|||42|31. Transport dalam rangka Kegiatan Service Excellent|15|ORG|1|FREK|0||0||15|OF|1239867|18598000||0|0|0||0|0|0|0||||0|0||||0|1549000|1549000|1549000|1549000|1549000|1549000|1549000|1549000|1549000|1549000|1549000|1559000|0||0|||1|0|00
2026|01|527010|015|08|WA|4719|EBC|01|51|1|001|100|BC|524111|019|A|0|0||0|08|||43|32. Uang Saku dalam rangka Kegiatan Service Excellent|15|ORG|1|FREK|3|HARI|0||45|OF|123978|5579000||0|0|0||0|0|0|0||||0|0||||0|464000|464000|464000|464000|464000|464000|464000|464000|464000|464000|464000|475000|0||0|||1|0|00
2026|01|527010|015|08|WA|4719|EBC|01|51|1|001|100|BC|524111|019|A|0|0||0|08|||44|33. Akomodasi dalam rangka Kegiatan Service Excellent|15|ORG|1|FREK|2|HARI|0||30|OF|154967|4649000||0|0|0||0|0|0|0||||0|0||||0|387000|387000|387000|387000|387000|387000|387000|387000|387000|387000|387000|392000|0||0|||1|0|00
2026|01|527010|015|08|WA|4719|EBC|01|51|1|001|100|BC|524111|019|A|0|0||0|09||1|45|Treasury Wellbeing Program|0||0||0||0||0||0|0||0|0|0||0|0|0|0||||0|0||||0|0|0|0|0|0|0|0|0|0|0|0|0|0||0|||1|0|00
2026|01|527010|015|08|WA|4719|EBC|01|51|1|001|100|BC|524111|019|A|0|0||0|09|||46|1. Transport dalam rangka Kegiatan TWP|4|ORG|4|FREK|3|LOK|0||48|OF|1239834|59512000||0|0|0||0|0|0|0||||0|0||||0|4959000|4959000|4959000|4959000|4959000|4959000|4959000|4959000|4959000|4959000|4959000|4963000|0||0|||1|0|00
2026|01|527010|015|08|WA|4719|EBC|01|51|1|001|100|BC|524111|019|A|0|0||0|09|||47|2. Uang Saku dalam rangka Kegiatan TWP|4|ORG|4|FREK|3|HARI|0||48|OH|154980|7439000||0|0|0||0|0|0|0||||0|0||||0|619000|619000|619000|619000|619000|619000|619000|619000|619000|619000|619000|630000|0||0|||1|0|00
2026|01|527010|015|08|WA|4719|EBC|01|51|1|001|100|BC|524111|019|A|0|0||0|09|||48|3. Akomodasi dalam rangka Kegiatan TWP|4|ORG|4|FREK|2|HARI|0||32|OF|309969|9919000||0|0|0||0|0|0|0||||0|0||||0|826000|826000|826000|826000|826000|826000|826000|826000|826000|826000|826000|833000|0||0|||1|0|00
2026|01|527010|015|08|WA|4719|EBC|01|51|1|001|100|BC|524111|019|A|0|0||0|10||1|49|Training Impact Analysis|0||0||0||0||0||0|0||0|0|0||0|0|0|0||||0|0||||0|0|0|0|0|0|0|0|0|0|0|0|0|0||0|||1|0|00
2026|01|527010|015|08|WA|4719|EBC|01|51|1|001|100|BC|524111|019|A|0|0||0|01|||5|4. Biaya Uang Saku Peserta Diklatpim III|12|ORG|5|HARI|0||0||60|OF|100734|6044000||0|0|0||0|0|0|0||||0|0||||0|503000|503000|503000|503000|503000|503000|503000|503000|503000|503000|503000|511000|0||0|||1|0|00
2026|01|527010|015|08|WA|4719|EBC|01|51|1|001|100|BC|524111|019|A|0|0||0|10|||50|1. Transport dalam rangka Kegiatan TIA|15|ORG|1|FREK|0||0||15|OF|1239867|18598000||0|0|0||0|0|0|0||||0|0||||0|1549000|1549000|1549000|1549000|1549000|1549000|1549000|1549000|1549000|1549000|1549000|1559000|0||0|||1|0|00
2026|01|527010|015|08|WA|4719|EBC|01|51|1|001|100|BC|524111|019|A|0|0||0|10|||51|2. Uang Saku dalam rangka Kegiatan TIA|15|ORG|1|FREK|3|HARI|0||45|OF|123978|5579000||0|0|0||0|0|0|0||||0|0||||0|464000|464000|464000|464000|464000|464000|464000|464000|464000|464000|464000|475000|0||0|||1|0|00
2026|01|527010|015|08|WA|4719|EBC|01|51|1|001|100|BC|524111|019|A|0|0||0|10|||52|3. Akomodasi dalam rangka Kegiatan TIA|15|ORG|1|FREK|2|HARI|0||30|OF|154967|4649000||0|0|0||0|0|0|0||||0|0||||0|387000|387000|387000|387000|387000|387000|387000|387000|387000|387000|387000|392000|0||0|||1|0|00
2026|01|527010|015|08|WA|4719|EBC|01|51|1|001|100|BC|524111|019|A|0|0||0|11||1|53|Secondment Penguatan Kapasitas dan Kompetensi RCE|0||0||0||0||0||0|0||0|0|0||0|0|0|0||||0|0||||0|0|0|0|0|0|0|0|0|0|0|0|0|0||0|||1|0|00
2026|01|527010|015|08|WA|4719|EBC|01|51|1|001|100|BC|524111|019|A|0|0||0|11|||54|1. Biaya Perjalanan Dinas Peserta|4|ORG|1|FREK|6|LOK|0||24|OF|1239834|29756000||0|0|0||0|0|0|0||||0|0||||0|2479000|2479000|2479000|2479000|2479000|2479000|2479000|2479000|2479000|2479000|2479000|2487000|0||0|||1|0|00
2026|01|527010|015|08|WA|4719|EBC|01|51|1|001|100|BC|524111|019|A|0|0||0|11|||55|2. Biaya Uang Saku Peserta Secondment Penguatan Kapasitas dan Kompetensi RCE|4|ORG|13|HR|0||0||52|OF|123981|6447000||0|0|0||0|0|0|0||||0|0||||0|537000|537000|537000|537000|537000|537000|537000|537000|537000|537000|537000|540000|0||0|||1|0|00
2026|01|527010|015|08|WA|4719|EBC|01|51|1|001|100|BC|524111|019|A|0|0||0|11|||56|3. Akomodasi dalam rangka Secondment Penguatan Kapasitas dan Kompetensi RCE|4|ORG|12|HR|6|LOK|0||288|OF|154980|44634000||0|0|0||0|0|0|0||||0|0||||0|3719000|3719000|3719000|3719000|3719000|3719000|3719000|3719000|3719000|3719000|3719000|3725000|0||0|||1|0|00
2026|01|527010|015|08|WA|4719|EBC|01|51|1|001|100|BC|524111|019|A|0|0||0|12||1|57|Pengembangan Kompetensi Berbasis Komunitas|0||0||0||0||0||0|0||0|0|0||0|0|0|0||||0|0||||0|0|0|0|0|0|0|0|0|0|0|0|0|0||0|||1|0|00
2026|01|527010|015|08|WA|4719|EBC|01|51|1|001|100|BC|524111|019|A|0|0||0|12|||58|1. Biaya Perjalanan Dinas Peserta Pengembangan Kompetensi Berbasis Komunitas|40|ORG|1|FREK|0||0||40|OF|619925|24797000||0|0|0||0|0|0|0||||0|0||||0|2066000|2066000|2066000|2066000|2066000|2066000|2066000|2066000|2066000|2066000|2066000|2071000|0||0|||1|0|00
2026|01|527010|015|08|WA|4719|EBC|01|51|1|001|100|BC|524111|019|A|0|0||0|12|||59|2. Biaya Uang Saku Peserta Pengembangan Kompetensi Berbasis Komunitas|40|ORG|5|HR|0||0||200|OH|39675|7935000||0|0|0||0|0|0|0||||0|0||||0|661000|661000|661000|661000|661000|661000|661000|661000|661000|661000|661000|664000|0||0|||1|0|00
2026|01|527010|015|08|WA|4719|EBC|01|51|1|001|100|BC|524111|019|A|0|0||0|02||1|6|Pelatihan, Pembelajaran, dan Diklat Pegawai|0||0||0||0||0||0|0||0|0|0||0|0|0|0||||0|0||||0|0|0|0|0|0|0|0|0|0|0|0|0|0||0|||1|0|00
2026|01|527010|015|08|WA|4719|EBC|01|51|1|001|100|BC|524111|019|A|0|0||0|13||1|60|Pembelajaran DJPb X BPPK|0||0||0||0||0||0|0||0|0|0||0|0|0|0||||0|0||||0|0|0|0|0|0|0|0|0|0|0|0|0|0||0|||1|0|00
2026|01|527010|015|08|WA|4719|EBC|01|51|1|001|100|BC|524111|019|A|0|0||0|13|||61|1. Biaya Perjalanan Dinas Peserta Pembelajaran DJPb X BPPK|25|ORG|1|FREK|0||0||25|OF|1239840|30996000||0|0|0||0|0|0|0||||0|0||||0|2583000|2583000|2583000|2583000|2583000|2583000|2583000|2583000|2583000|2583000|2583000|2583000|0||0|||1|0|00
2026|01|527010|015|08|WA|4719|EBC|01|51|1|001|100|BC|524111|019|A|0|0||0|13|||62|2. Biaya Uang Saku Peserta Pembelajaran DJPb X BPPK|25|ORG|5|HARI|0||0||125|OH|39672|4959000||0|0|0||0|0|0|0||||0|0||||0|413000|413000|413000|413000|413000|413000|413000|413000|413000|413000|413000|416000|0||0|||1|0|00
2026|01|527010|015|08|WA|4719|EBC|01|51|1|001|100|BC|524111|019|A|0|0||0|02|||7|1. Biaya Perjalanan Dinas Peserta Pembelajaran INCRIMA Modul Risk Management|25|ORG|1|FREK|0||0||25|OF|1239840|30996000||0|0|0||0|0|0|0||||0|0||||0|2583000|2583000|2583000|2583000|2583000|2583000|2583000|2583000|2583000|2583000|2583000|2583000|0||0|||1|0|00
2026|01|527010|015|08|WA|4719|EBC|01|51|1|001|100|BC|524111|019|A|0|0||0|02|||8|2. Biaya Uang Saku Peserta Pembelajaran INCRIMA Modul Risk Management|25|ORG|5|HARI|0||0||125|OH|39672|4959000||0|0|0||0|0|0|0||||0|0||||0|413000|413000|413000|413000|413000|413000|413000|413000|413000|413000|413000|416000|0||0|||1|0|00
2026|01|527010|015|08|WA|4719|EBC|01|51|1|001|100|BC|524111|019|A|0|0||0|02|||9|5. Biaya Perjalanan Dinas Peserta Pembelajaran Penyusunan Laporan Keuangan LKPP dan LKBUN|25|ORG|1|FREK|0||0||25|OF|1239840|30996000||0|0|0||0|0|0|0||||0|0||||0|2583000|2583000|2583000|2583000|2583000|2583000|2583000|2583000|2583000|2583000|2583000|2583000|0||0|||1|0|00
2026|01|527010|015|08|WA|4719|EBC|01|51|1|001|100|BC|524113|019|A|0|0||0|01||1|1|Bimtek Pengembangan Kompetensi|0||0||0||0||0||0|0||0|0|0||0|0|0|0||||0|0||||0|0|0|0|0|0|0|0|0|0|0|0|0|0||0|||1|0|00
2026|01|527010|015|08|WA|4719|EBC|01|51|1|001|100|BC|524113|019|A|0|0||0|04|||10|1. Biaya Perjalanan Dinas Peserta Ujian Penyesuaian Kenaikan Pangkat (UPKP) Tahun 2025|40|ORG|1|FREK|0||0||40|OF|46500|1860000||0|0|0||0|0|0|0||||0|0||||0|155000|155000|155000|155000|155000|155000|155000|155000|155000|155000|155000|155000|0||0|||1|0|00
2026|01|527010|015|08|WA|4719|EBC|01|51|1|001|100|BC|524113|019|A|0|0||0|01|||2|1. Transport Lokal Peserta Bimtek Pengembangan Kompetensi|250|ORG|1|KEG|0||0||250|OK|46492|11623000||0|0|0||0|0|0|0||||0|0||||0|968000|968000|968000|968000|968000|968000|968000|968000|968000|968000|968000|975000|0||0|||1|0|00
2026|01|527010|015|08|WA|4719|EBC|01|51|1|001|100|BC|524113|019|A|0|0||0|01|||3|2. Uang saku Peserta Bimtek Peningkatan Kompetensi|250|ORG|1|FREK|5|HARI|0||1250|OF|49594|61992000||0|0|0||0|0|0|0||||0|0||||0|5166000|5166000|5166000|5166000|5166000|5166000|5166000|5166000|5166000|5166000|5166000|5166000|0||0|||1|0|00
2026|01|527010|015|08|WA|4719|EBC|01|51|1|001|100|BC|524113|019|A|0|0||0|02||1|4|Pelatihan Penguatan Karakter 2025|0||0||0||0||0||0|0||0|0|0||0|0|0|0||||0|0||||0|0|0|0|0|0|0|0|0|0|0|0|0|0||0|||1|0|00
2026|01|527010|015|08|WA|4719|EBC|01|51|1|001|100|BC|524113|019|A|0|0||0|02|||5|1. Biaya Perjalanan Dinas Peserta Pelatihan Penguatan Karakter 2025|60|ORG|1|FREK|0||0||60|OF|46500|2790000||0|0|0||0|0|0|0||||0|0||||0|232000|232000|232000|232000|232000|232000|232000|232000|232000|232000|232000|238000|0||0|||1|0|00
2026|01|527010|015|08|WA|4719|EBC|01|51|1|001|100|BC|524113|019|A|0|0||0|02|||6|2. Biaya Uang Saku Peserta Pelatihan Penguatan Karakter 2025|60|ORG|5|HARI|0||0||300|OH|39674|11902000||0|0|0||0|0|0|0||||0|0||||0|991000|991000|991000|991000|991000|991000|991000|991000|991000|991000|991000|1001000|0||0|||1|0|00
2026|01|527010|015|08|WA|4719|EBC|01|51|1|001|100|BC|524113|019|A|0|0||0|03||1|7|Ujian Dinas (UD) Tahun 2025|0||0||0||0||0||0|0||0|0|0||0|0|0|0||||0|0||||0|0|0|0|0|0|0|0|0|0|0|0|0|0||0|||1|0|00
2026|01|527010|015|08|WA|4719|EBC|01|51|1|001|100|BC|524113|019|A|0|0||0|03|||8|1. Biaya Perjalanan Dinas Peserta Ujian Dinas Tahun 2025|40|ORG|1|FREK|0||0||40|OF|46500|1860000||0|0|0||0|0|0|0||||0|0||||0|155000|155000|155000|155000|155000|155000|155000|155000|155000|155000|155000|155000|0||0|||1|0|00
2026|01|527010|015|08|WA|4719|EBC|01|51|1|001|100|BC|524113|019|A|0|0||0|04||1|9|Ujian Penyesuaian Kenaikan Pangkat (UPKP) Tahun 2025|0||0||0||0||0||0|0||0|0|0||0|0|0|0||||0|0||||0|0|0|0|0|0|0|0|0|0|0|0|0|0||0|||1|0|00
2026|01|527010|015|08|WA|4719|EBC|01|51|1|001|100|BC|524114|019|A|0|0||0|01||1|1| Kegiatan Sosialisasi Learning Organization|0||0||0||0||0||0|0||0|0|0||0|0|0|0||||0|0||||0|0|0|0|0|0|0|0|0|0|0|0|0|0||0|||1|0|00
2026|01|527010|015|08|WA|4719|EBC|01|51|1|001|100|BC|524114|019|A|0|0||0|01|||2|1. Transport Panitia dan Peserta Kegiatan Sosialisasi Learning Organization|30|ORG|1|FREK|0||0||30|OF|828367|24851000||0|0|0||0|0|0|0||||0|0||||0|2070000|2070000|2070000|2070000|2070000|2070000|2070000|2070000|2070000|2070000|2070000|2081000|0||0|||1|0|00
2026|01|527010|015|08|WA|4719|EBC|01|51|1|001|100|BC|524114|019|A|0|0||0|01|||3|2. Uang Saku Panitia dan Peserta Kegiatan Sosialisasi Learning Organization|30|ORG|1|FREK|4|HARI|0||120|OF|40292|4835000||0|0|0||0|0|0|0||||0|0||||0|402000|402000|402000|402000|402000|402000|402000|402000|402000|402000|402000|413000|0||0|||1|0|00
2026|01|527010|015|08|WA|4719|EBC|01|51|1|001|100|BC|524114|019|A|0|0||0|01|||4|3. Akomodasi Panitia dan Peserta Kegiatan Sosialisasi Learning Organization|30|ORG|1|FREK|3|HARI|0||90|OF|278967|25107000||0|0|0||0|0|0|0||||0|0||||0|2092000|2092000|2092000|2092000|2092000|2092000|2092000|2092000|2092000|2092000|2092000|2095000|0||0|||1|0|00
2026|01|527010|015|08|WA|4719|EBC|01|51|1|001|100|CA|521211|019|A|0|0||0||||1|KDM  Konsumsi Makan|17|ORG|12|FR|0||0||204|OF|33726|6880000||0|0|0||0|0|0|0||||0|0||||0|573000|573000|573000|573000|573000|573000|573000|573000|573000|573000|573000|577000|0||0|||1|0|00
2026|01|527010|015|08|WA|4719|EBC|01|51|1|001|100|CA|521211|019|A|0|0||0||||2|KDM  Konsumsi Snack|17|ORG|12|FR|0||0||204|OF|14201|2897000||0|0|0||0|0|0|0||||0|0||||0|241000|241000|241000|241000|241000|241000|241000|241000|241000|241000|241000|246000|0||0|||1|0|00
2026|01|527010|015|08|WA|4719|EBC|01|51|1|001|100|CA|522151|019|A|0|0||0||||1|Honor Narasumber|2|ORG|3|JAM|12|BLN|0||72|OJ|743778|53552000||0|0|0||0|0|0|0||||0|0||||0|4462000|4462000|4462000|4462000|4462000|4462000|4462000|4462000|4462000|4462000|4462000|4470000|0||0|||1|0|00
2026|01|527010|015|08|WA|4719|EBC|01|51|1|001|100|CA|524114|019|A|0|0||0||||1|Akomodasi|40|ORG|3|HR|2|FR|0||240|OH|1043792|250510000||0|0|0||0|0|0|0||||0|0||||0|20875000|20875000|20875000|20875000|20875000|20875000|20875000|20875000|20875000|20875000|20875000|20885000|0||0|||1|0|00
2026|01|527010|015|08|WA|4719|EBC|01|51|1|001|100|CA|524114|019|A|0|0||0||||2|Uang Harian|40|ORG|4|HR|2|FR|0||320|OH|100738|32236000||0|0|0||0|0|0|0||||0|0||||0|2686000|2686000|2686000|2686000|2686000|2686000|2686000|2686000|2686000|2686000|2686000|2690000|0||0|||1|0|00
2026|01|527010|015|08|WA|4719|EBC|01|51|1|001|100|CA|524114|019|A|0|0||0||||3|Transport Peserta Daerah|40|ORG|2|FR|0||0||80|OK|2942288|235383000||0|0|0||0|0|0|0||||0|0||||0|19615000|19615000|19615000|19615000|19615000|19615000|19615000|19615000|19615000|19615000|19615000|19618000|0||0|||1|0|00
2026|01|527010|015|08|WA|4719|EBC|01|51|1|001|100|CB|521219|019|A|0|0||0||||1|Tunjangan Hidup DIV PKN STAN Angkatan 2024|35|ORG|12|BLN|0||0||420|OB|454524|190900000||0|0|0||0|0|0|0||||0|0||||0|15908000|15908000|15908000|15908000|15908000|15908000|15908000|15908000|15908000|15908000|15908000|15912000|0||0|||1|0|00
2026|01|527010|015|08|WA|4719|EBC|01|51|1|001|100|CB|521219|019|A|0|0||0||||2|Tunjangan Hidup DIII PKN STAN Angkatan 2024|36|ORG|12|BLN|0||0||432|OB|413204|178504000||0|0|0||0|0|0|0||||0|0||||0|14875000|14875000|14875000|14875000|14875000|14875000|14875000|14875000|14875000|14875000|14875000|14879000|0||0|||1|0|00
2026|01|527010|015|08|WA|4719|EBC|01|51|1|001|100|DA|522151|019|A|0|0||0||||1|Honor narasumber dari KL lain|5|ORG|2|JAM|2|FR|0||20|OJ|743800|14876000||0|0|0||0|0|0|0||||0|0||||0|1239000|1239000|1239000|1239000|1239000|1239000|1239000|1239000|1239000|1239000|1239000|1247000|0||0|||1|0|00
2026|01|527010|015|08|WA|4719|EBC|01|51|1|001|100|DB|522151|019|A|0|0||0||||1|Honor narasumber dari KL lain|5|ORG|2|JAM|2|FR|0||20|OJ|758150|15163000||0|0|0||0|0|0|0||||0|0||||0|1263000|1263000|1263000|1263000|1263000|1263000|1263000|1263000|1263000|1263000|1263000|1270000|0||0|||1|0|00
2026|01|527010|015|08|WA|4719|EBC|01|51|1|001|100|DC|521219|019|A|0|0||0||||1|Dukungan kegiatan lomba karya media|0||0||0||0||1|PKT|2817000|2817000||0|0|0||0|0|0|0||||0|0||||0|234000|234000|234000|234000|234000|234000|234000|234000|234000|234000|234000|243000|0||0|||1|0|00
2026|01|527010|015|08|WA|4719|EBC|01|51|1|001|100|DC|522151|019|A|0|0||0||||1|Honor narasumber dari KL lain|4|ORG|4|JAM|2|FR|0||32|OJ|1404907|44957000||0|0|0||0|0|0|0||||0|0||||0|3746000|3746000|3746000|3746000|3746000|3746000|3746000|3746000|3746000|3746000|3746000|3751000|0||0|||1|0|00
2026|01|527010|015|08|WA|4719|EBC|01|51|1|001|100|DC|524114|019|A|0|0||0||||1|Akomodasi|30|ORG|1|HR|1|KL|0||30|OH|871067|26132000||0|0|0||0|0|0|0||||0|0||||0|2177000|2177000|2177000|2177000|2177000|2177000|2177000|2177000|2177000|2177000|2177000|2185000|0||0|||1|0|00
2026|01|527010|015|08|WA|4719|EBC|01|51|1|001|100|DC|524114|019|A|0|0||0||||2|Uang Harian|30|ORG|2|HR|1|KL|0||60|OH|94600|5676000||0|0|0||0|0|0|0||||0|0||||0|473000|473000|473000|473000|473000|473000|473000|473000|473000|473000|473000|473000|0||0|||1|0|00
2026|01|527010|015|08|WA|4719|EBC|01|51|1|001|100|DC|524114|019|A|0|0||0||||3|Transport|30|ORG|1|KL|0||0||30|OK|123700|3711000||0|0|0||0|0|0|0||||0|0||||0|309000|309000|309000|309000|309000|309000|309000|309000|309000|309000|309000|312000|0||0|||1|0|00
2026|01|527010|015|08|WA|4719|EBC|01|51|1|001|100|DC|524119|019|A|0|0||0||||1|Akomodasi|45|ORG|2|HR|1|KL|0||90|OH|732078|65887000||0|0|0||0|0|0|0||||0|0||||0|5490000|5490000|5490000|5490000|5490000|5490000|5490000|5490000|5490000|5490000|5490000|5497000|0||0|||1|0|00
2026|01|527010|015|08|WA|4719|EBC|01|51|1|001|100|DC|524119|019|A|0|0||0||||2|Uang Harian|45|ORG|3|HR|1|KL|0||135|OH|94600|12771000||0|0|0||0|0|0|0||||0|0||||0|1064000|1064000|1064000|1064000|1064000|1064000|1064000|1064000|1064000|1064000|1064000|1067000|0||0|||1|0|00
2026|01|527010|015|08|WA|4719|EBC|01|51|1|001|100|DC|524119|019|A|0|0||0||||3|Transport|45|ORG|1|KL|0||0||45|OK|1862112|83795000||0|0|0||0|0|0|0||||0|0||||0|6982000|6982000|6982000|6982000|6982000|6982000|6982000|6982000|6982000|6982000|6982000|6993000|0||0|||1|0|00
2026|01|527010|015|08|WA|4719|EBC|01|51|1|001|100|DD|522151|019|A|0|0||0||||1|Honor narasumber dari KL lain|5|ORG|2|JAM|2|FR|0||20|OJ|758150|15163000||0|0|0||0|0|0|0||||0|0||||0|1263000|1263000|1263000|1263000|1263000|1263000|1263000|1263000|1263000|1263000|1263000|1270000|0||0|||1|0|00
2026|01|527010|015|08|WA|4719|EBC|01|51|1|001|100|IA|521211|019|A|0|0||0||||1|KDM  Makan Rapat|5|ORG|16|FR|12|BLN|0||960|OF|34650|33264000||0|0|0||0|0|0|0||||0|0||||0|2772000|2772000|2772000|2772000|2772000|2772000|2772000|2772000|2772000|2772000|2772000|2772000|0||0|||1|0|00
2026|01|527010|015|08|WA|4719|EBC|01|51|1|001|100|IA|521211|019|A|0|0||0||||2|KDM  Snack Rapat|5|ORG|16|FR|12|BLN|0||960|OF|14806|14213000||0|0|0||0|0|0|0||||0|0||||0|1184000|1184000|1184000|1184000|1184000|1184000|1184000|1184000|1184000|1184000|1184000|1189000|0||0|||1|0|00
2026|01|527010|015|08|WA|4719|EBC|01|51|1|001|100|IA|524119|019|A|0|0||0||||1| Akomodasi Fullboard Es III ke bawah|100|ORG|2|HR|1|FR|0||200|OP|556190|111238000||0|0|0||0|0|0|0||||0|0||||0|9269000|9269000|9269000|9269000|9269000|9269000|9269000|9269000|9269000|9269000|9269000|9279000|0||0|||1|0|00
2026|01|527010|015|08|WA|4719|EBC|01|51|1|001|100|IA|524119|019|A|0|0||0||||2|Uang Harian|100|ORG|3|HR|1|FR|0||300|OH|100737|30221000||0|0|0||0|0|0|0||||0|0||||0|2518000|2518000|2518000|2518000|2518000|2518000|2518000|2518000|2518000|2518000|2518000|2523000|0||0|||1|0|00
2026|01|527010|015|08|WA|4719|EBC|01|51|1|001|100|IA|524119|019|A|0|0||0||||3|Biaya Transport|100|ORG|1|FR|0||0||100|OK|271210|27121000||0|0|0||0|0|0|0||||0|0||||0|2260000|2260000|2260000|2260000|2260000|2260000|2260000|2260000|2260000|2260000|2260000|2261000|0||0|||1|0|00
2026|01|527010|015|08|WA|4719|EBC|01|51|1|001|100|JA|522151|019|A|0|0||0||||1|Honor Narasumber Non Kemenkeu|2|ORG|3|JAM|1|FR|0||6|OJ|792000|4752000||0|0|0||0|0|0|0||||0|0||||0|396000|396000|396000|396000|396000|396000|396000|396000|396000|396000|396000|396000|0||0|||1|0|00
2026|01|527010|015|08|WA|4719|EBC|01|51|1|001|100|JA|524119|019|A|0|0||0||||1|Uang Harian Evaluasi Internal Dit. APK|100|ORG|2|HR|1|FR|0||200|OHF|90665|18133000||0|0|0||0|0|0|0||||0|0||||0|1511000|1511000|1511000|1511000|1511000|1511000|1511000|1511000|1511000|1511000|1511000|1512000|0||0|||1|0|00
2026|01|527010|015|08|WA|4719|EBC|01|51|1|001|100|OB|521211|019|A|0|0||0||||1|KDM  Makan Rapat|120|ORG|3|HR|4|KEG|0||1440|OK|35910|51710000||0|0|0||0|0|0|0||||0|0||||0|4309000|4309000|4309000|4309000|4309000|4309000|4309000|4309000|4309000|4309000|4309000|4311000|0||0|||1|0|00
2026|01|527010|015|08|WA|4719|EBC|01|51|1|001|100|OB|521211|019|A|0|0||0||||2|KDM  Snack Rapat|120|ORG|4|KEG|3|HR|0||1440|OK|15121|21774000||0|0|0||0|0|0|0||||0|0||||0|1814000|1814000|1814000|1814000|1814000|1814000|1814000|1814000|1814000|1814000|1814000|1820000|0||0|||1|0|00
2026|01|527010|015|08|WA|4719|EBC|01|51|1|001|100|OB|521211|019|A|0|0||0||||3|CTK  Penggandaan Bahan rapat|120|ORG|1|PKT|4|KEG|0||480|OK|13387|6425000||0|0|0||0|0|0|0||||0|0||||0|535000|535000|535000|535000|535000|535000|535000|535000|535000|535000|535000|540000|0||0|||1|0|00
2026|01|527010|015|08|WA|4719|EBC|01|51|1|001|100|OB|521211|019|A|0|0||0||||4|CTK  Banner Kegiatan|1|BUAH|1|KEG|0||0||1|BUAH|312000|312000||0|0|0||0|0|0|0||||0|0||||0|26000|26000|26000|26000|26000|26000|26000|26000|26000|26000|26000|26000|0||0|||1|0|00
2026|01|527010|015|08|WA|4719|EBC|01|51|1|001|100|OD|521211|019|A|0|0||0||||1|CTK  Penggandaan Bahan rapat|24|ORG|1|KEG|0||0||24|OK|157500|3780000||0|0|0||0|0|0|0||||0|0||||0|315000|315000|315000|315000|315000|315000|315000|315000|315000|315000|315000|315000|0||0|||1|0|00
2026|01|527010|015|08|WA|4719|EBC|01|51|1|001|100|OD|521211|019|A|0|0||0||||2|CTK  Banner Kegiatan|1|BUAH|1|KEG|0||0||1|BUAH|2059000|2059000||0|0|0||0|0|0|0||||0|0||||0|171000|171000|171000|171000|171000|171000|171000|171000|171000|171000|171000|178000|0||0|||1|0|00
2026|01|527010|015|08|WA|4719|EBC|01|51|1|001|100|OD|524114|019|A|0|0||0||||1|Paket Fullboard Es. II|4|ORG|1|PKT|2|HR|1|FR|8|OP|1007375|8059000||0|0|0||0|0|0|0||||0|0||||0|671000|671000|671000|671000|671000|671000|671000|671000|671000|671000|671000|678000|0||0|||1|0|00
2026|01|527010|015|08|WA|4719|EBC|01|51|1|001|100|OD|524114|019|A|0|0||0||||2|Paket Fullboard Es. III ke bawah|20|ORG|1|PKT|2|HR|1|FR|40|OP|774900|30996000||0|0|0||0|0|0|0||||0|0||||0|2583000|2583000|2583000|2583000|2583000|2583000|2583000|2583000|2583000|2583000|2583000|2583000|0||0|||1|0|00
2026|01|527010|015|08|WA|4719|EBC|01|51|1|001|100|OD|524114|019|A|0|0||0||||3|Transport PP|24|ORG|1|FREK|0||0||24|OF|116250|2790000||0|0|0||0|0|0|0||||0|0||||0|232000|232000|232000|232000|232000|232000|232000|232000|232000|232000|232000|238000|0||0|||1|0|00
2026|01|527010|015|08|WA|4719|EBC|01|51|1|001|100|OD|524114|019|A|0|0||0||||4|Uang Harian|24|ORG|1|FREK|3|HARI|0||72|OF|100737|7253000||0|0|0||0|0|0|0||||0|0||||0|604000|604000|604000|604000|604000|604000|604000|604000|604000|604000|604000|609000|0||0|||1|0|00
2026|01|527010|015|08|WA|4719|EBC|01|51|1|001|100|OE|524111|019|A|0|0||0||||1| Akomodasi|3|ORG|2|HR|2|KEG|1|LOK|12|OH|503667|6044000||0|0|0||0|0|0|0||||0|0||||0|503000|503000|503000|503000|503000|503000|503000|503000|503000|503000|503000|511000|0||0|||1|0|00
2026|01|527010|015|08|WA|4719|EBC|01|51|1|001|100|OE|524111|019|A|0|0||0||||2|Tiket|3|ORG|2|KEG|1|LOK|0||6|OH|2712167|16273000||0|0|0||0|0|0|0||||0|0||||0|1356000|1356000|1356000|1356000|1356000|1356000|1356000|1356000|1356000|1356000|1356000|1357000|0||0|||1|0|00
2026|01|527010|015|08|WA|4719|EBC|01|51|1|001|100|OE|524111|019|A|0|0||0||||3|Uang Harian|3|ORG|2|HR|3|KEG|1|LOK|18|OH|348723|6277000||0|0|0||0|0|0|0||||0|0||||0|523000|523000|523000|523000|523000|523000|523000|523000|523000|523000|523000|524000|0||0|||1|0|00
2026|01|527010|015|08|WA|4719|EBC|01|51|1|001|100|OE|524113|019|A|0|0||0||||1|Transport Dalam Kota|3|ORG|8|KEG|0||0||24|OK|116250|2790000||0|0|0||0|0|0|0||||0|0||||0|232000|232000|232000|232000|232000|232000|232000|232000|232000|232000|232000|238000|0||0|||1|0|00
2026|01|527010|015|08|WA|4719|EBC|01|51|1|001|100|OE|524113|019|A|0|0||0||||2|Uang Harian Dalam Kota Lebih Dari 8 Jam|3|ORG|8|KEG|1|HR|0||24|OH|130167|3124000||0|0|0||0|0|0|0||||0|0||||0|260000|260000|260000|260000|260000|260000|260000|260000|260000|260000|260000|264000|0||0|||1|0|00
2026|01|527010|015|08|WA|4719|EBC|01|51|1|001|100|XB|522191|019|A|0|0||0||||1|Pengembangan Kompetensi SDM TIK DJPb|50|ORG|0||0||0||50|PKT|2000000|100000000||0|0|0||0|0|0|0||||0|0||||0|8333000|8333000|8333000|8333000|8333000|8333000|8333000|8333000|8333000|8333000|8333000|8337000|0||0|||1|0|00
2026|01|527010|015|08|WA|4719|EBC|01|51|1|001|100|XB|524113|019|A|0|0||0||||1|Transport Dalam Kota|4|ORG|3|HR|2|FR|1|LOK|24|OF|131750|3162000||0|0|0||0|0|0|0||||0|0||||0|263000|263000|263000|263000|263000|263000|263000|263000|263000|263000|263000|269000|0||0|||1|0|00
2026|01|527010|015|08|WA|4719|EBC|01|51|1|001|100|XB|524113|019|A|0|0||0||||2|Uang Harian|4|ORG|3|HR|2|FR|1|LOK|24|OH|130167|3124000||0|0|0||0|0|0|0||||0|0||||0|260000|260000|260000|260000|260000|260000|260000|260000|260000|260000|260000|264000|0||0|||1|0|00
2026|01|527010|015|08|WA|4719|EBC|01|51|1|001|100|XC|524111|019|A|0|0||0|01||1|1|PB.12  Bagian SDM|0||0||0||0||0||0|0||0|0|0||0|0|0|0||||0|0||||0|0|0|0|0|0|0|0|0|0|0|0|0|0||0|||1|0|00
2026|01|527010|015|08|WA|4719|EBC|01|51|1|001|100|XC|524111|019|A|0|0||0|01|||2|31. Transport dalam rangka Kegiatan Capacity Building|15|ORG|1|FREK|0||0||15|OF|1394800|20922000||0|0|0||0|0|0|0||||0|0||||0|1743000|1743000|1743000|1743000|1743000|1743000|1743000|1743000|1743000|1743000|1743000|1749000|0||0|||1|0|00
2026|01|527010|015|08|WA|4719|EBC|01|51|1|001|100|XC|524111|019|A|0|0||0|01|||3|32. Uang Saku dalam rangka Kegiatan Capacity Building|15|ORG|1|FREK|3|HARI|0||45|OF|123978|5579000||0|0|0||0|0|0|0||||0|0||||0|464000|464000|464000|464000|464000|464000|464000|464000|464000|464000|464000|475000|0||0|||1|0|00
2026|01|527010|015|08|WA|4719|EBC|01|51|1|001|100|XC|524111|019|A|0|0||0|01|||4|33. Akomodasi dalam rangka Kegiatan Capacity Building|15|ORG|1|FREK|2|HARI|0||30|OF|154967|4649000||0|0|0||0|0|0|0||||0|0||||0|387000|387000|387000|387000|387000|387000|387000|387000|387000|387000|387000|392000|0||0|||1|0|00
2026|01|527010|015|08|WA|4719|EBC|01|51|1|004|100|AA|521211|019|A|0|0||0||||1|KDM  Snack Rapat|5|ORG|1|FREK|0||0||5|OF|15200|76000||0|0|0||0|0|0|0||||0|0||||0|6000|6000|6000|6000|6000|6000|6000|6000|6000|6000|6000|10000|0||0|||1|0|00
2026|01|527010|015|08|WA|4719|EBC|01|51|1|004|100|AA|521211|019|A|0|0||0||||2|KDM  Makan Rapat|5|ORG|1|FREK|0||0||5|OF|36000|180000||0|0|0||0|0|0|0||||0|0||||0|15000|15000|15000|15000|15000|15000|15000|15000|15000|15000|15000|15000|0||0|||1|0|00
2026|01|527010|015|08|WA|4719|EBC|01|51|1|004|100|AA|524111|019|A|0|0||0||||1|Akomodasi|2|ORG|4|LOK|2|HR|0||16|OH|503688|8059000||0|0|0||0|0|0|0||||0|0||||0|671000|671000|671000|671000|671000|671000|671000|671000|671000|671000|671000|678000|0||0|||1|0|00
2026|01|527010|015|08|WA|4719|EBC|01|51|1|004|100|AA|524111|019|A|0|0||0||||2|Transport|2|ORG|4|LOK|1|FREK|0||8|OK|2712125|21697000||0|0|0||0|0|0|0||||0|0||||0|1808000|1808000|1808000|1808000|1808000|1808000|1808000|1808000|1808000|1808000|1808000|1809000|0||0|||1|0|00
2026|01|527010|015|08|WA|4719|EBC|01|51|1|004|100|AA|524111|019|A|0|0||0||||3|Uang Saku Harian|2|ORG|4|LOK|3|HR|0||24|OH|278959|6695000||0|0|0||0|0|0|0||||0|0||||0|557000|557000|557000|557000|557000|557000|557000|557000|557000|557000|557000|568000|0||0|||1|0|00
2026|01|527010|015|08|WA|4719|EBC|01|51|1|004|100|BA|521211|019|A|0|0||0||||1|KDM  Makan Rapat|20|ORG|10|FREK|1|HARI|0||200|OF|33390|6678000||0|0|0||0|0|0|0||||0|0||||0|556000|556000|556000|556000|556000|556000|556000|556000|556000|556000|556000|562000|0||0|||1|0|00
2026|01|527010|015|08|WA|4719|EBC|01|51|1|004|100|BA|521211|019|A|0|0||0||||2|KDM  Snack Rapat|20|ORG|10|FREK|1|HARI|0||200|OF|13860|2772000||0|0|0||0|0|0|0||||0|0||||0|231000|231000|231000|231000|231000|231000|231000|231000|231000|231000|231000|231000|0||0|||1|0|00
2026|01|527010|015|08|WA|4719|EBC|01|51|1|004|100|BA|524111|019|A|0|0||0||||1|1. Biaya Transport Implementasi Jabatan Fungsional|3|ORG|2|FREK|0||0||6|OF|1549834|9299000||0|0|0||0|0|0|0||||0|0||||0|774000|774000|774000|774000|774000|774000|774000|774000|774000|774000|774000|785000|0||0|||1|0|00
2026|01|527010|015|08|WA|4719|EBC|01|51|1|004|100|BA|524111|019|A|0|0||0||||2|2. Biaya Uang Saku Implementasi Jabatan Fungsional|3|ORG|2|FREK|3|HARI|0||18|OF|247945|4463000||0|0|0||0|0|0|0||||0|0||||0|371000|371000|371000|371000|371000|371000|371000|371000|371000|371000|371000|382000|0||0|||1|0|00
2026|01|527010|015|08|WA|4719|EBC|01|51|1|004|100|BA|524111|019|A|0|0||0||||3|3. Biaya Akomodasi Implementasi Jabatan Fungsional|3|ORG|2|FREK|2|MLM|0||12|OF|387417|4649000||0|0|0||0|0|0|0||||0|0||||0|387000|387000|387000|387000|387000|387000|387000|387000|387000|387000|387000|392000|0||0|||1|0|00
2026|01|527010|015|08|WA|4719|EBC|01|51|1|003|100|BA|521211|019|A|0|0||0|01||1|1|Rapat Koordinasi Penyelesaian Usul Kenaikan Pangkat|0||0||0||0||0||0|0||0|0|0||0|0|0|0||||0|0||||0|0|0|0|0|0|0|0|0|0|0|0|0|0||0|||1|0|00
2026|01|527010|015|08|WA|4719|EBC|01|51|1|003|100|BA|521211|019|A|0|0||0|04||1|10|Rapat Koordinasi Penyelesaian Pensiun|0||0||0||0||0||0|0||0|0|0||0|0|0|0||||0|0||||0|0|0|0|0|0|0|0|0|0|0|0|0|0||0|||1|0|00
2026|01|527010|015|08|WA|4719|EBC|01|51|1|003|100|BA|521211|019|A|0|0||0|04|||11|KDM  Makan Rapat|10|ORG|1|HARI|1|FREK|0||10|OF|34600|346000||0|0|0||0|0|0|0||||0|0||||0|35621|35621|35621|35621|35621|35621|35621|35621|35621|25411|0|0|0||0|||1|0|00
2026|01|527010|015|08|WA|4719|EBC|01|51|1|003|100|BA|521211|019|A|0|0||0|04|||12|KDM  Snack Rapat|10|ORG|1|HARI|1|FREK|0||10|OF|13900|139000||0|0|0||0|0|0|0||||0|0||||0|14310|14310|14310|14310|14310|14310|14310|14310|14310|10210|0|0|0||0|||1|0|00
2026|01|527010|015|08|WA|4719|EBC|01|51|1|003|100|BA|521211|019|A|0|0||0|05||1|13|Pelantikan dan Pengambilan Sumpah Jabatan|0||0||0||0||0||0|0||0|0|0||0|0|0|0||||0|0||||0|0|0|0|0|0|0|0|0|0|0|0|0|0||0|||1|0|00
2026|01|527010|015|08|WA|4719|EBC|01|51|1|003|100|BA|521211|019|A|0|0||0|05|||14|KDM  Makan Rapat|20|ORG|5|FREK|0||0||100|OF|34650|3465000||0|0|0||0|0|0|0||||0|0||||0|356727|356727|356727|356727|356727|356727|356727|356727|356727|254457|0|0|0||0|||1|0|00
2026|01|527010|015|08|WA|4719|EBC|01|51|1|003|100|BA|521211|019|A|0|0||0|05|||15|KDM  Snack Rapat|20|ORG|7|FREK|0||0||140|OF|13858|1940000||0|0|0||0|0|0|0||||0|0||||0|199726|199726|199726|199726|199726|199726|199726|199726|199726|142466|0|0|0||0|||1|0|00
2026|01|527010|015|08|WA|4719|EBC|01|51|1|003|100|BA|521211|019|A|0|0||0|05|||16|CTK  Belanja Bahan Sumpah dan Pelantikan Jabatan|20|ORG|5|FREK|0||0||100|OF|34650|3465000||0|0|0||0|0|0|0||||0|0||||0|356727|356727|356727|356727|356727|356727|356727|356727|356727|254457|0|0|0||0|||1|0|00
2026|01|527010|015|08|WA|4719|EBC|01|51|1|003|100|BA|521211|019|A|0|0||0|06||1|17|Sosialisasi dan Monitoring Implementasi Human Resources Information System|0||0||0||0||0||0|0||0|0|0||0|0|0|0||||0|0||||0|0|0|0|0|0|0|0|0|0|0|0|0|0||0|||1|0|00
2026|01|527010|015|08|WA|4719|EBC|01|51|1|003|100|BA|521211|019|A|0|0||0|06|||18|KDM  biaya Konsumsi Makan Sosialisasi  Monitoring Implementasi Office Automation|10|ORG|5|LOK|1|HARI|0||50|OF|34640|1732000||0|0|0||0|0|0|0||||0|0||||0|178312|178312|178312|178312|178312|178312|178312|178312|178312|127192|0|0|0||0|||1|0|00
2026|01|527010|015|08|WA|4719|EBC|01|51|1|003|100|BA|521211|019|A|0|0||0|06|||19|KDM  Biaya Konsumsi Snack Sosialisasi  Monitoring Implementasi Office Automation|10|ORG|5|LOK|1|HARI|0||50|OF|13860|693000||0|0|0||0|0|0|0||||0|0||||0|71345|71345|71345|71345|71345|71345|71345|71345|71345|50895|0|0|0||0|||1|0|00
2026|01|527010|015|08|WA|4719|EBC|01|51|1|003|100|BA|521211|019|A|0|0||0|01|||2|KDM  Makan Rapat|10|ORG|2|HARI|2|FREK|0||40|OF|34650|1386000||0|0|0||0|0|0|0||||0|0||||0|142691|142691|142691|142691|142691|142691|142691|142691|142691|101781|0|0|0||0|||1|0|00
2026|01|527010|015|08|WA|4719|EBC|01|51|1|003|100|BA|521211|019|A|0|0||0|01|||3|KDM  Snack Rapat|10|ORG|2|HARI|2|FREK|0||40|OF|13850|554000||0|0|0||0|0|0|0||||0|0||||0|57035|57035|57035|57035|57035|57035|57035|57035|57035|40685|0|0|0||0|||1|0|00
2026|01|527010|015|08|WA|4719|EBC|01|51|1|003|100|BA|521211|019|A|0|0||0|02||1|4|Rapat Koordinasi Penyelesaian Penghargaan SLKS|0||0||0||0||0||0|0||0|0|0||0|0|0|0||||0|0||||0|0|0|0|0|0|0|0|0|0|0|0|0|0||0|||1|0|00
2026|01|527010|015|08|WA|4719|EBC|01|51|1|003|100|BA|521211|019|A|0|0||0|02|||5|KDM  Makan Rapat|10|ORG|2|HARI|1|FREK|0||20|OF|13850|277000||0|0|0||0|0|0|0||||0|0||||0|28518|28518|28518|28518|28518|28518|28518|28518|28518|20338|0|0|0||0|||1|0|00
2026|01|527010|015|08|WA|4719|EBC|01|51|1|003|100|BA|521211|019|A|0|0||0|02|||6|KDM  Snack Rapat|10|ORG|2|HARI|1|FREK|0||20|OF|13850|277000||0|0|0||0|0|0|0||||0|0||||0|28518|28518|28518|28518|28518|28518|28518|28518|28518|20338|0|0|0||0|||1|0|00
2026|01|527010|015|08|WA|4719|EBC|01|51|1|003|100|BA|521211|019|A|0|0||0|03||1|7|Forum Kanreg BKN|0||0||0||0||0||0|0||0|0|0||0|0|0|0||||0|0||||0|0|0|0|0|0|0|0|0|0|0|0|0|0||0|||1|0|00
2026|01|527010|015|08|WA|4719|EBC|01|51|1|003|100|BA|521211|019|A|0|0||0|03|||8|KDM  Makan Rapat|10|ORG|5|LOK|1|HARI|0||50|OF|34640|1732000||0|0|0||0|0|0|0||||0|0||||0|178312|178312|178312|178312|178312|178312|178312|178312|178312|127192|0|0|0||0|||1|0|00
2026|01|527010|015|08|WA|4719|EBC|01|51|1|003|100|BA|521211|019|A|0|0||0|03|||9|KDM  Snack Rapat|10|ORG|5|LOK|1|HARI|0||50|OF|13860|693000||0|0|0||0|0|0|0||||0|0||||0|71345|71345|71345|71345|71345|71345|71345|71345|71345|50895|0|0|0||0|||1|0|00
2026|01|527010|015|08|WA|4719|EBC|01|51|1|003|100|BA|522151|019|A|0|0||0||||1|1. Honorarium Narasumber UKP|2|ORG|2|JAM|2|FREK|0||8|OJ|880000|7040000||0|0|0||0|0|0|0||||0|0||||0|724778|724778|724778|724778|724778|724778|724778|724778|724778|516998|0|0|0||0|||1|0|00
2026|01|527010|015|08|WA|4719|EBC|01|51|1|003|100|BA|522151|019|A|0|0||0||||2|2. Honorarium Narasumber BKN|2|ORG|2|JAM|2|FREK|0||8|OJ|880000|7040000||0|0|0||0|0|0|0||||0|0||||0|724778|724778|724778|724778|724778|724778|724778|724778|724778|516998|0|0|0||0|||1|0|00
2026|01|527010|015|08|WA|4719|EBC|01|51|1|003|100|BA|522151|019|A|0|0||0||||3|3. Honorarium Narasumber asistensi pengelolaan SDM bagi instansi vertikal|2|ORG|1|JAM|2|FREK|0||4|OJ|880000|3520000||0|0|0||0|0|0|0||||0|0||||0|362389|362389|362389|362389|362389|362389|362389|362389|362389|258499|0|0|0||0|||1|0|00
2026|01|527010|015|08|WA|4719|EBC|01|51|1|003|100|BA|524111|019|A|0|0||0|01||1|1|Asistensi Layanan SDM|0||0||0||0||0||0|0||0|0|0||0|0|0|0||||0|0||||0|0|0|0|0|0|0|0|0|0|0|0|0|0||0|||1|0|00
2026|01|527010|015|08|WA|4719|EBC|01|51|1|003|100|BA|524111|019|A|0|0||0|03|||10|1. Biaya Penginapan Perjadin Asistensi Penegakan Disiplin Pegawai|2|ORG|2|MLM|2|LOK|1|FREK|8|OF|387500|3100000||0|0|0||0|0|0|0||||0|0||||0|319150|319150|319150|319150|319150|319150|319150|319150|319150|227650|0|0|0||0|||1|0|00
2026|01|527010|015|08|WA|4719|EBC|01|51|1|003|100|BA|524111|019|A|0|0||0|03|||11|2. Uang Harian Perjadin Perjadin Asistensi Penegakan Disiplin Pegawai|2|ORG|2|HARI|2|LOK|1|FREK|8|OF|232500|1860000||0|0|0||0|0|0|0||||0|0||||0|191490|191490|191490|191490|191490|191490|191490|191490|191490|136590|0|0|0||0|||1|0|00
2026|01|527010|015|08|WA|4719|EBC|01|51|1|003|100|BA|524111|019|A|0|0||0|03|||12|3. Biaya Transportasi Perjadin Asistensi Penegakan Disiplin Pegawai|2|ORG|2|LOK|1|FREK|0||4|OF|2905750|11623000||0|0|0||0|0|0|0||||0|0||||0|1196605|1196605|1196605|1196605|1196605|1196605|1196605|1196605|1196605|853555|0|0|0||0|||1|0|00
2026|01|527010|015|08|WA|4719|EBC|01|51|1|003|100|BA|524111|019|A|0|0||0|04||1|13|Sosialisasi dan Monitoring Implementasi Human Resources Information System|0||0||0||0||0||0|0||0|0|0||0|0|0|0||||0|0||||0|0|0|0|0|0|0|0|0|0|0|0|0|0||0|||1|0|00
2026|01|527010|015|08|WA|4719|EBC|01|51|1|003|100|BA|524111|019|A|0|0||0|04|||14|1. Biaya Penginapan Perjadin Sosialisasi  Monitoring Implementasi Office Automation|2|ORG|2|MLM|2|LOK|0||8|OF|382750|3062000||0|0|0||0|0|0|0||||0|0||||0|315237|315237|315237|315237|315237|315237|315237|315237|315237|224867|0|0|0||0|||1|0|00
2026|01|527010|015|08|WA|4719|EBC|01|51|1|003|100|BA|524111|019|A|0|0||0|04|||15|2. Uang Harian Perjadin Perjadin Sosialisasi  Monitoring Implementasi Office Automation|2|ORG|3|HARI|2|LOK|0||12|OF|232500|2790000||0|0|0||0|0|0|0||||0|0||||0|287235|287235|287235|287235|287235|287235|287235|287235|287235|204885|0|0|0||0|||1|0|00
2026|01|527010|015|08|WA|4719|EBC|01|51|1|003|100|BA|524111|019|A|0|0||0|04|||16|3. Biaya Transportasi Perjadin Sosialisasi  Monitoring Implementasi Office Automation|2|ORG|2|LOK|0||0||4|OF|2905750|11623000||0|0|0||0|0|0|0||||0|0||||0|1196605|1196605|1196605|1196605|1196605|1196605|1196605|1196605|1196605|853555|0|0|0||0|||1|0|00
2026|01|527010|015|08|WA|4719|EBC|01|51|1|003|100|BA|524111|019|A|0|0||0|01|||2|1. Biaya Penginapan Perjadin Asistensi Layanan SDM|2|ORG|2|MLM|2|LOK|1|FREK|8|OF|387500|3100000||0|0|0||0|0|0|0||||0|0||||0|319150|319150|319150|319150|319150|319150|319150|319150|319150|227650|0|0|0||0|||1|0|00
2026|01|527010|015|08|WA|4719|EBC|01|51|1|003|100|BA|524111|019|A|0|0||0|01|||3|2. Uang Harian Perjadin Perjadin Asistensi Layanan SDM|2|ORG|3|HARI|2|LOK|1|FREK|12|OF|232500|2790000||0|0|0||0|0|0|0||||0|0||||0|287235|287235|287235|287235|287235|287235|287235|287235|287235|204885|0|0|0||0|||1|0|00
2026|01|527010|015|08|WA|4719|EBC|01|51|1|003|100|BA|524111|019|A|0|0||0|01|||4|3. Biaya Transportasi Perjadin Asistensi Layanan SDM|2|ORG|2|LOK|3|FREK|0||12|OF|2905834|34870000||0|0|0||0|0|0|0||||0|0||||0|3589918|3589918|3589918|3589918|3589918|3589918|3589918|3589918|3589918|2560738|0|0|0||0|||1|0|00
2026|01|527010|015|08|WA|4719|EBC|01|51|1|003|100|BA|524111|019|A|0|0||0|02||1|5|Rapat Koordinasi Penyelesaian UKP dan Forum Kanreg BKN|0||0||0||0||0||0|0||0|0|0||0|0|0|0||||0|0||||0|0|0|0|0|0|0|0|0|0|0|0|0|0||0|||1|0|00
2026|01|527010|015|08|WA|4719|EBC|01|51|1|003|100|BA|524111|019|A|0|0||0|02|||6|1.  Biaya Penginapan Perjadin PesertaPanitiaNarasumber Forum Kanreg BKN|3|ORG|1|MLM|2|LOK|0||6|OF|387500|2325000||0|0|0||0|0|0|0||||0|0||||0|239362|239362|239362|239362|239362|239362|239362|239362|239362|170742|0|0|0||0|||1|0|00
2026|01|527010|015|08|WA|4719|EBC|01|51|1|003|100|BA|524111|019|A|0|0||0|02|||7|2. Uang Harian Perjadin Perjadin PesertaPanitiaNarasumber Forum Kanreg BKN|3|ORG|2|HARI|2|LOK|0||12|OF|232500|2790000||0|0|0||0|0|0|0||||0|0||||0|287235|287235|287235|287235|287235|287235|287235|287235|287235|204885|0|0|0||0|||1|0|00
2026|01|527010|015|08|WA|4719|EBC|01|51|1|003|100|BA|524111|019|A|0|0||0|02|||8|3. Biaya Transportasi Perjadin PesertaPanitiaNarasumber Forum Kanreg BKN|3|ORG|2|LOK|0||0||6|OF|1162334|6974000||0|0|0||0|0|0|0||||0|0||||0|717984|717984|717984|717984|717984|717984|717984|717984|717984|512144|0|0|0||0|||1|0|00
2026|01|527010|015|08|WA|4719|EBC|01|51|1|003|100|BA|524111|019|A|0|0||0|03||1|9|Asistensi Penegakan Disiplin Pegawai|0||0||0||0||0||0|0||0|0|0||0|0|0|0||||0|0||||0|0|0|0|0|0|0|0|0|0|0|0|0|0||0|||1|0|00
2026|01|527010|015|08|WA|4719|EBC|01|51|1|003|100|BA|524113|019|A|0|0||0||||1|1. Transport Lokal Rohaniwan|6|ORG|5|KEG|0||0||30|OK|116234|3487000||0|0|0||0|0|0|0||||0|0||||0|358992|358992|358992|358992|358992|358992|358992|358992|358992|256072|0|0|0||0|||1|0|00
2026|01|527010|015|08|WA|4719|EBC|01|51|1|003|100|BB|521211|019|A|0|0||0||||1|KDM  Biaya Konsumsi makan RDK (Persiapan Monev Penetapan Jabatan dan Peringkat, Mutasi dan Penilaian Kinerja Pegawai)|20|ORG|2|HARI|1|FREK|0||40|OF|31500|1260000||0|0|0||0|0|0|0||||0|0||||0|129719|129719|129719|129719|129719|129719|129719|129719|129719|92529|0|0|0||0|||1|0|00
2026|01|527010|015|08|WA|4719|EBC|01|51|1|003|100|BB|521211|019|A|0|0||0||||2|KDM  Biaya Konsumsi Snack RDK (Persiapan Monev Penetapan Jabatan dan Peringkat, Mutasi dan Penilaian Kinerja Pegawai)|20|ORG|2|HARI|1|FREK|0||40|OF|12600|504000||0|0|0||0|0|0|0||||0|0||||0|51888|51888|51888|51888|51888|51888|51888|51888|51888|37008|0|0|0||0|||1|0|00
2026|01|527010|015|08|WA|4719|EBC|01|51|1|003|100|BB|524111|019|A|0|0||0|01||1|1|Monev Penetapan Jabatan dan Peringkat, Mutasi dan Penilaian Kinerja Pegawai|0||0||0||0||0||0|0||0|0|0||0|0|0|0||||0|0||||0|0|0|0|0|0|0|0|0|0|0|0|0|0||0|||1|0|00
2026|01|527010|015|08|WA|4719|EBC|01|51|1|003|100|BB|524111|019|A|0|0||0|01|||2|1. Biaya Transportasi (Monev Penetapan Jabatan dan Peringkat, Mutasi dan Penilaian Kinerja Pegawai)|2|ORG|3|LOK|2|FREK|0||12|OF|1793667|21524000||0|0|0||0|0|0|0||||0|0||||0|2215928|2215928|2215928|2215928|2215928|2215928|2215928|2215928|2215928|1580648|0|0|0||0|||1|0|00
2026|01|527010|015|08|WA|4719|EBC|01|51|1|003|100|BB|524111|019|A|0|0||0|01|||3|2. Uang Harian (Monev Penetapan Jabatan dan Peringkat, Mutasi dan Penilaian Kinerja Pegawai)|2|ORG|3|LOK|2|FREK|3|HARI|36|OF|271223|9764000||0|0|0||0|0|0|0||||0|0||||0|1005218|1005218|1005218|1005218|1005218|1005218|1005218|1005218|1005218|717038|0|0|0||0|||1|0|00
2026|01|527010|015|08|WA|4719|EBC|01|51|1|003|100|BB|524111|019|A|0|0||0|01|||4|3. Biaya Penginapan (Monev Penetapan Jabatan dan Peringkat, Mutasi dan Penilaian Kinerja Pegawai)|2|ORG|3|LOK|2|MLM|2|FREK|24|OF|352584|8462000||0|0|0||0|0|0|0||||0|0||||0|871175|871175|871175|871175|871175|871175|871175|871175|871175|621425|0|0|0||0|||1|0|00
2026|01|527010|015|08|WA|4719|EBC|01|51|1|003|100|CA|524111|019|A|0|0||0||||1|Pesangon Pindah|400|ORG|3|FR|0||0||1200|OF|1343415|1612098000||0|0|0||0|0|0|0||||0|0||||0|165967871|165967871|165967871|165967871|165967871|165967871|165967871|165967871|165967871|118387161|0|0|0||0|||1|0|00
2026|01|527010|015|08|WA|4719|EBC|01|51|1|003|100|CA|524111|019|A|0|0||0||||2|Biaya Pindah Menetap Pensiun|0||0||0||0||128|ORG|10947407|1401268000||0|0|0||0|0|0|0||||0|0||||0|144262611|144262611|144262611|144262611|144262611|144262611|144262611|144262611|144262611|102904501|0|0|0||0|||1|0|00
2026|01|527010|015|08|WA|4719|EBC|01|51|1|003|100|XA|524111|019|A|0|0||0||||1|1. Pimpinan Tinggi|10|ORG|2|FREK|0||0||20|OF|30000000|600000000||0|0|0||0|0|0|0||||0|0||||0|61770886|61770886|61770886|61770886|61770886|61770886|61770886|61770886|61770886|44062026|0|0|0||0|||1|0|00
2026|01|527010|015|08|WA|4719|EBC|01|51|1|003|100|XA|524111|019|A|0|0||0||||2|2. Administrator|30|ORG|2|FREK|0||0||60|OF|25886500|1553190000||0|0|0||0|0|0|0||||0|0||||0|159903205|159903205|159903205|159903205|159903205|159903205|159903205|159903205|159903205|114061155|0|0|0||0|||1|0|00
2026|01|527010|015|08|WA|4719|EBC|01|51|1|003|100|XA|524111|019|A|0|0||0||||3|3. Pengawas|100|ORG|2|FREK|0||0||200|OF|25500000|5100000000||0|0|0||0|0|0|0||||0|0||||0|525052534|525052534|525052534|525052534|525052534|525052534|525052534|525052534|525052534|374527194|0|0|0||0|||1|0|00
2026|01|527010|015|08|WA|4719|EBC|01|51|1|003|100|XA|524111|019|A|0|0||0||||4|4. Fungsional|60|ORG|1|FREK|0||0||60|OF|15000000|900000000||0|0|0||0|0|0|0||||0|0||||0|92656330|92656330|92656330|92656330|92656330|92656330|92656330|92656330|92656330|66093030|0|0|0||0|||1|0|00
2026|01|527010|015|08|WA|4719|EBC|01|51|1|003|100|XA|524111|019|A|0|0||0||||5|5. Pelaksana|125|ORG|1|FREK|0||0||125|OF|15000000|1875000000||0|0|0||0|0|0|0||||0|0||||0|193034020|193034020|193034020|193034020|193034020|193034020|193034020|193034020|193034020|137693820|0|0|0||0|||1|0|00
2026|01|527010|015|08|WA|4719|EBC|01|51|1|003|100|XA|524111|019|A|0|0||0||||6|6. Penempatan Pegawai Baru|70|ORG|1|FREK|0||0||70|OF|10000000|700000000||0|0|0||0|0|0|0||||0|0||||0|72066034|72066034|72066034|72066034|72066034|72066034|72066034|72066034|72066034|51405694|0|0|0||0|||1|0|00
2026|01|527010|015|08|WA|4719|EBC|01|51|1|003|100|XA|524111|019|A|0|0||0|01||1|7|PB.13  Kekurangan Mutasi TAYL|0||0||0||0||0||0|0||0|0|0||0|0|0|0||||0|0||||0|0|0|0|0|0|0|0|0|0|0|0|0|0||0|||1|0|00
2026|01|527010|015|08|WA|4719|EBC|01|51|1|003|100|XA|524111|019|A|0|0||0|01|||8|7. PB.13  Kekurangan Biaya Mutasi Tahun Sebelumnya|150|ORG|1|FREK|0||0||150|OF|13688860|2053329000||0|0|0||0|0|0|0||||0|0||||0|211393251|211393251|211393251|211393251|211393251|211393251|211393251|211393251|211393251|150789741|0|0|0||0|||1|0|00
2026|01|527010|015|08|WA|4722|EBD|01|51|1|001|100|EA|524111|019|A|0|0||0||||1|Akomodasi|3|ORG|2|HARI|2|FREK|0||12|OF|387417|4649000||0|0|0||0|0|0|0||||0|0||||0|387000|387000|387000|387000|387000|387000|387000|387000|387000|387000|387000|392000|0||0|||1|0|00
2026|01|527010|015|08|WA|4722|EBD|01|51|1|001|100|EA|524111|019|A|0|0||0||||2|Transport|3|ORG|2|FREK|0||0||6|OF|1704834|10229000||0|0|0||0|0|0|0||||0|0||||0|852000|852000|852000|852000|852000|852000|852000|852000|852000|852000|852000|857000|0||0|||1|0|00
2026|01|527010|015|08|WA|4722|EBD|01|51|1|001|100|EA|524111|019|A|0|0||0||||3|Uang Harian|3|ORG|3|HARI|2|FREK|0||18|OH|259612|4673000||0|0|0||0|0|0|0||||0|0||||0|389000|389000|389000|389000|389000|389000|389000|389000|389000|389000|389000|394000|0||0|||1|0|00
2026|01|527010|015|08|WA|4722|EBD|01|51|1|001|100|JA|522151|019|A|0|0||0||||1|Honorarium Narasumber|1|ORG|1|JAM|1|FR|0||1|OJ|792000|792000||0|0|0||0|0|0|0||||0|0||||0|66000|66000|66000|66000|66000|66000|66000|66000|66000|66000|66000|66000|0||0|||1|0|00
2026|01|527010|015|08|WA|4722|EBD|01|51|1|001|100|JA|524111|019|A|0|0||0||||1|Transport|2|ORG|2|FR|0||0||4|OF|795750|3183000||0|0|0||0|0|0|0||||0|0||||0|265000|265000|265000|265000|265000|265000|265000|265000|265000|265000|265000|268000|0||0|||1|0|00
2026|01|527010|015|08|WA|4722|EBD|01|51|1|001|100|JA|524111|019|A|0|0||0||||2|Akomodasi|2|ORG|2|HR|2|FR|0||8|OF|465000|3720000||0|0|0||0|0|0|0||||0|0||||0|310000|310000|310000|310000|310000|310000|310000|310000|310000|310000|310000|310000|0||0|||1|0|00
2026|01|527010|015|08|WA|4722|EBD|01|51|1|001|100|JA|524111|019|A|0|0||0||||3|Uang Saku Harian|2|ORG|3|HR|2|FREK|0||12|OH|310000|3720000||0|0|0||0|0|0|0||||0|0||||0|310000|310000|310000|310000|310000|310000|310000|310000|310000|310000|310000|310000|0||0|||1|0|00
2026|01|527010|015|08|WA|4722|EBD|01|51|1|003|100|EA|521211|019|A|0|0||0||||1|CTK  Plakat Narasumber|1|ORG|1|PKT|0||0||1|PKT|639000|639000||0|0|0||0|0|0|0||||0|0||||0|53000|53000|53000|53000|53000|53000|53000|53000|53000|53000|53000|56000|0||0|||1|0|00
2026|01|527010|015|08|WA|4722|EBD|01|51|1|003|100|EA|521211|019|A|0|0||0||||2|KDM  Snack Rapat|30|ORG|10|FREK|0||0||300|OF|15120|4536000||0|0|0||0|0|0|0||||0|0||||0|378000|378000|378000|378000|378000|378000|378000|378000|378000|378000|378000|378000|0||0|||1|0|00
2026|01|527010|015|08|WA|4722|EBD|01|51|1|003|100|EA|521211|019|A|0|0||0||||3|KDM  Makan Rapat|30|ORG|10|FREK|0||0||300|OF|35910|10773000||0|0|0||0|0|0|0||||0|0||||0|897000|897000|897000|897000|897000|897000|897000|897000|897000|897000|897000|906000|0||0|||1|0|00
2026|01|527010|015|08|WA|4722|EBD|01|51|1|003|100|EA|522151|019|A|0|0||0||||1|Honor Narasumber Non Kemenkeu|2|ORG|1|JAM|1|FREK|0||2|OJ|1525000|3050000||0|0|0||0|0|0|0||||0|0||||0|254000|254000|254000|254000|254000|254000|254000|254000|254000|254000|254000|256000|0||0|||1|0|00
2026|01|527010|015|08|WA|4722|EBD|01|51|1|003|100|EA|522151|019|A|0|0||0||||2|Honor Narasumber PNS Non Kemenkeu|2|ORG|1|JAM|0||0||2|OJ|792000|1584000||0|0|0||0|0|0|0||||0|0||||0|132000|132000|132000|132000|132000|132000|132000|132000|132000|132000|132000|132000|0||0|||1|0|00
2026|01|527010|015|08|WA|4722|EBD|01|51|1|003|100|EA|524113|019|A|0|0||0||||1|Transport lokal dalam kota|6|ORG|1|HR|4|FREK|0||24|OK|131750|3162000||0|0|0||0|0|0|0||||0|0||||0|263000|263000|263000|263000|263000|263000|263000|263000|263000|263000|263000|269000|0||0|||1|0|00
2026|01|527010|015|08|WA|4722|EBD|01|51|1|003|100|EB|521211|019|A|0|0||0||||1|CTK  Plakat Narasumber|1|ORG|1|PKT|0||0||1|PKT|615000|615000||0|0|0||0|0|0|0||||0|0||||0|51000|51000|51000|51000|51000|51000|51000|51000|51000|51000|51000|54000|0||0|||1|0|00
2026|01|527010|015|08|WA|4722|EBD|01|51|1|003|100|EB|521211|019|A|0|0||0||||2|KDM  Snack Rapat Menteri  Pejabat Eselon I|50|ORG|1|FR|0||0||50|OF|33380|1669000||0|0|0||0|0|0|0||||0|0||||0|139000|139000|139000|139000|139000|139000|139000|139000|139000|139000|139000|140000|0||0|||1|0|00
2026|01|527010|015|08|WA|4722|EBD|01|51|1|003|100|EB|521211|019|A|0|0||0||||3|KDM  Makan Rapat Menteri  Pejabat Eselon I|50|ORG|1|FREK|0||0||50|OF|74340|3717000||0|0|0||0|0|0|0||||0|0||||0|309000|309000|309000|309000|309000|309000|309000|309000|309000|309000|309000|318000|0||0|||1|0|00
2026|01|527010|015|08|WA|4722|EBD|01|51|1|003|100|EB|522151|019|A|0|0||0||||1|Honor Narasumber Non Kemenkeu|2|ORG|1|JAM|1|FREK|0||2|OJ|1496000|2992000||0|0|0||0|0|0|0||||0|0||||0|249000|249000|249000|249000|249000|249000|249000|249000|249000|249000|249000|253000|0||0|||1|0|00
2026|01|527010|015|08|WA|4722|EBD|01|51|1|003|100|EC|521211|019|A|0|0||0||||1|KDM  Snack Rapat|10|ORG|1|HR|8|FREK|0||80|OF|15125|1210000||0|0|0||0|0|0|0||||0|0||||0|100000|100000|100000|100000|100000|100000|100000|100000|100000|100000|100000|110000|0||0|||1|0|00
2026|01|527010|015|08|WA|4722|EBD|01|51|1|003|100|EC|521211|019|A|0|0||0||||2|KDM  Makan Rapat|10|ORG|1|HR|8|FREK|0||80|OF|35913|2873000||0|0|0||0|0|0|0||||0|0||||0|239000|239000|239000|239000|239000|239000|239000|239000|239000|239000|239000|244000|0||0|||1|0|00
2026|01|527010|015|08|WA|4722|EBD|01|51|1|003|100|EC|524111|019|A|0|0||0||||1|Akomodasi|4|ORG|3|HR|6|FREK|0||72|OF|542431|39055000||0|0|0||0|0|0|0||||0|0||||0|3254000|3254000|3254000|3254000|3254000|3254000|3254000|3254000|3254000|3254000|3254000|3261000|0||0|||1|0|00
2026|01|527010|015|08|WA|4722|EBD|01|51|1|003|100|EC|524111|019|A|0|0||0||||2|Transport|4|ORG|6|FREK|0||0||24|OF|2324709|55793000||0|0|0||0|0|0|0||||0|0||||0|4649000|4649000|4649000|4649000|4649000|4649000|4649000|4649000|4649000|4649000|4649000|4654000|0||0|||1|0|00
2026|01|527010|015|08|WA|4722|EBD|01|51|1|003|100|EC|524111|019|A|0|0||0||||3|Uang Harian|4|ORG|4|HR|6|FREK|0||96|OH|271219|26037000||0|0|0||0|0|0|0||||0|0||||0|2169000|2169000|2169000|2169000|2169000|2169000|2169000|2169000|2169000|2169000|2169000|2178000|0||0|||1|0|00
2026|01|527010|015|08|WA|4722|EBD|01|51|1|003|100|EC|524113|019|A|0|0||0||||1|Transport lokal dalam kota|2|ORG|3|HR|6|FREK|0||36|OK|131723|4742000||0|0|0||0|0|0|0||||0|0||||0|395000|395000|395000|395000|395000|395000|395000|395000|395000|395000|395000|397000|0||0|||1|0|00
2026|01|527010|015|08|WA|4722|EBD|01|51|1|003|100|ED|524111|019|A|0|0||0||||1|Akomodasi|2|ORG|4|HR|4|FREK|0||32|OF|542438|17358000||0|0|0||0|0|0|0||||0|0||||0|1446000|1446000|1446000|1446000|1446000|1446000|1446000|1446000|1446000|1446000|1446000|1452000|0||0|||1|0|00
2026|01|527010|015|08|WA|4722|EBD|01|51|1|003|100|ED|524111|019|A|0|0||0||||2|Transport|2|ORG|4|FREK|0||0||8|OF|2324750|18598000||0|0|0||0|0|0|0||||0|0||||0|1549000|1549000|1549000|1549000|1549000|1549000|1549000|1549000|1549000|1549000|1549000|1559000|0||0|||1|0|00
2026|01|527010|015|08|WA|4722|EBD|01|51|1|003|100|ED|524111|019|A|0|0||0||||3|Uang Harian|2|ORG|5|HR|4|FREK|0||40|OH|271225|10849000||0|0|0||0|0|0|0||||0|0||||0|904000|904000|904000|904000|904000|904000|904000|904000|904000|904000|904000|905000|0||0|||1|0|00
2026|01|527010|015|08|WA|4722|EBD|01|51|1|003|100|EE|521211|019|A|0|0||0||||1|KDM  Snack Rapat|6|ORG|2|HR|4|FREK|0||48|OF|13855|665000||0|0|0||0|0|0|0||||0|0||||0|55000|55000|55000|55000|55000|55000|55000|55000|55000|55000|55000|60000|0||0|||1|0|00
2026|01|527010|015|08|WA|4722|EBD|01|51|1|003|100|EE|521211|019|A|0|0||0||||2|KDM  Makan Rapat|6|ORG|2|HR|4|FREK|0||48|OF|32750|1572000||0|0|0||0|0|0|0||||0|0||||0|131000|131000|131000|131000|131000|131000|131000|131000|131000|131000|131000|131000|0||0|||1|0|00
2026|01|527010|015|08|WA|4722|EBD|01|51|1|003|100|EE|521211|019|A|0|0||0||||3|CTK  Dukungan Kegiatan Pengumpulan Informasi|2|ORG|3|FREK|0||0||6|OF|75667|454000||0|0|0||0|0|0|0||||0|0||||0|37000|37000|37000|37000|37000|37000|37000|37000|37000|37000|37000|47000|0||0|||1|0|00
2026|01|527010|015|08|WA|4722|EBD|01|51|1|003|100|EE|524111|019|A|0|0||0||||1|Uang Harian|2|ORG|3|HR|3|FREK|0||18|OH|271223|4882000||0|0|0||0|0|0|0||||0|0||||0|406000|406000|406000|406000|406000|406000|406000|406000|406000|406000|406000|416000|0||0|||1|0|00
2026|01|527010|015|08|WA|4722|EBD|01|51|1|003|100|EE|524111|019|A|0|0||0||||2|Akomodasi|2|ORG|2|HR|3|FREK|0||12|OF|441667|5300000||0|0|0||0|0|0|0||||0|0||||0|441000|441000|441000|441000|441000|441000|441000|441000|441000|441000|441000|449000|0||0|||1|0|00
2026|01|527010|015|08|WA|4722|EBD|01|51|1|003|100|EE|524111|019|A|0|0||0||||3|Transport|2|ORG|3|FREK|0||0||6|OF|2324667|13948000||0|0|0||0|0|0|0||||0|0||||0|1162000|1162000|1162000|1162000|1162000|1162000|1162000|1162000|1162000|1162000|1162000|1166000|0||0|||1|0|00
2026|01|527010|015|08|WA|4722|EBD|01|51|1|003|100|EE|524113|019|A|0|0||0||||1|Transport lokal dalam kota|2|ORG|1|HR|2|FREK|0||4|OK|131750|527000||0|0|0||0|0|0|0||||0|0||||0|43000|43000|43000|43000|43000|43000|43000|43000|43000|43000|43000|54000|0||0|||1|0|00
2026|01|527010|015|08|WA|4722|EBD|01|51|1|002|100|EA|521211|019|A|0|0||0||||1|KDM  Snack Rapat|11|ORG|1|HR|1|FREK|0||11|OK|15091|166000||0|0|0||0|0|0|0||||0|0||||0|13000|13000|13000|13000|13000|13000|13000|13000|13000|13000|13000|23000|0||0|||1|0|00
2026|01|527010|015|08|WA|4722|EBD|01|51|1|002|100|EA|521211|019|A|0|0||0||||2|KDM  Makan Rapat|11|ORG|1|HR|1|FREK|0||11|OK|35910|395000||0|0|0||0|0|0|0||||0|0||||0|32000|32000|32000|32000|32000|32000|32000|32000|32000|32000|32000|43000|0||0|||1|0|00
2026|01|527010|015|08|WA|4722|EBD|01|51|1|002|100|EA|524111|019|A|0|0||0||||1|Akomodasi|2|ORG|2|HR|4|FREK|0||16|OF|542438|8679000||0|0|0||0|0|0|0||||0|0||||0|723000|723000|723000|723000|723000|723000|723000|723000|723000|723000|723000|726000|0||0|||1|0|00
2026|01|527010|015|08|WA|4722|EBD|01|51|1|002|100|EA|524111|019|A|0|0||0||||2|Transport|2|ORG|4|FREK|0||0||8|OF|2324750|18598000||0|0|0||0|0|0|0||||0|0||||0|1549000|1549000|1549000|1549000|1549000|1549000|1549000|1549000|1549000|1549000|1549000|1559000|0||0|||1|0|00
2026|01|527010|015|08|WA|4722|EBD|01|51|1|002|100|EA|524111|019|A|0|0||0||||3|Uang Harian|2|ORG|3|HR|4|FREK|0||24|OH|271209|6509000||0|0|0||0|0|0|0||||0|0||||0|542000|542000|542000|542000|542000|542000|542000|542000|542000|542000|542000|547000|0||0|||1|0|00
2026|01|527010|015|08|WA|4722|EBD|01|51|1|002|100|EA|524113|019|A|0|0||0||||1|Transport Lokal|2|ORG|2|HR|2|FR|0||8|OK|118500|948000||0|0|0||0|0|0|0||||0|0||||0|79000|79000|79000|79000|79000|79000|79000|79000|79000|79000|79000|79000|0||0|||1|0|00
2026|01|527010|015|08|WA|4722|EBD|01|51|1|002|100|JA|521211|019|A|0|0||0||||1|CTK  ATK, Cetakan dan Bahan Habis Pakai|6|EKS|4|FR|0||0||24|EKS|63000|1512000||0|0|0||0|0|0|0||||0|0||||0|126000|126000|126000|126000|126000|126000|126000|126000|126000|126000|126000|126000|0||0|||1|0|00
2026|01|527010|015|08|WA|4725|CCL|01|51|1|001|005|TJ|523121|019|A|0|0||0||||1|Extended Warranty IBM|0||0||0||0||1|PKT|19297058000|19297058000||0|0|0||0|0|0|0||||0|0||||0|1608088000|1608088000|1608088000|1608088000|1608088000|1608088000|1608088000|1608088000|1608088000|1608088000|1608088000|1608090000|0||0|||1|0|00
2026|01|527010|015|08|WA|4725|CCL|01|51|1|001|005|TJ|523121|019|A|0|0||0||||2|Extended Warranty Lenovo|0||0||0||0||1|PKT|8837424000|8837424000||0|0|0||0|0|0|0||||0|0||||0|736452000|736452000|736452000|736452000|736452000|736452000|736452000|736452000|736452000|736452000|736452000|736452000|0||0|||1|0|00
2026|01|527010|015|08|WA|4725|CCL|01|51|1|001|005|TJ|523199|019|A|0|0||0||||1|ACS (Advance Customer Services)  ATS (Annual Technical Support) Lisensi Oracle Database Oracle  SPAN|0||0||0||0||1|PKT|47078982000|47078982000||0|0|0||0|0|0|0||||0|0||||0|3923248000|3923248000|3923248000|3923248000|3923248000|3923248000|3923248000|3923248000|3923248000|3923248000|3923248000|3923254000|0||0|||1|0|00
2026|01|527010|015|08|WA|4725|CCL|01|51|1|001|005|TJ|523199|019|A|0|0||0||||2|Renewal License  ATS DB MPN|0||0||0||0||1|PKT|26335062000|26335062000||0|0|0||0|0|0|0||||0|0||||0|2194588000|2194588000|2194588000|2194588000|2194588000|2194588000|2194588000|2194588000|2194588000|2194588000|2194588000|2194594000|0||0|||1|0|00
2026|01|527010|015|08|WA|4725|CCL|01|51|1|001|005|TJ|523199|019|A|0|0||0||||3|Renewal License  ATS Red Hat Enterprise Linux MPN|0||0||0||0||1|PKT|1354997000|1354997000||0|0|0||0|0|0|0||||0|0||||0|112916000|112916000|112916000|112916000|112916000|112916000|112916000|112916000|112916000|112916000|112916000|112921000|0||0|||1|0|00
2026|01|527010|015|08|WA|4725|CCL|01|51|1|001|005|TJ|523199|019|A|0|0||0||||4|ATS DB dan Apps Oracle SOA|0||0||0||0||1|PKT|29853100000|29853100000||0|0|0||0|0|0|0||||0|0||||0|2487758000|2487758000|2487758000|2487758000|2487758000|2487758000|2487758000|2487758000|2487758000|2487758000|2487758000|2487762000|0||0|||1|0|00
2026|01|527010|015|08|WA|4725|CCL|01|51|1|003|005|TJ|523121|019|A|0|0||0||||1|Extended Warranty DELL|0||0||0||0||1|PKT|5709193000|5709193000||0|0|0||0|0|0|0||||0|0||||0|475765832|475765832|475765832|475765832|475765832|475765832|475765832|475765832|475765832|475765832|475765832|475768848|0||0|||1|0|00
2026|01|527010|015|08|WA|4725|CCL|01|51|1|003|005|TJ|523121|019|A|0|0||0||||2|Extended Warranty Hitachi|0||0||0||0||1|PKT|21958020000|21958020000||0|0|0||0|0|0|0||||0|0||||0|1829834034|1829834034|1829834034|1829834034|1829834034|1829834034|1829834034|1829834034|1829834034|1829834034|1829834034|1829845626|0||0|||1|0|00
2026|01|527010|015|08|WA|4725|CCL|01|51|1|003|005|TJ|523121|019|A|0|0||0||||3|Extended Warranty Hewlett Packard Enterprise (HPE)|0||0||0||0||1|PKT|1282935000|1282935000||0|0|0||0|0|0|0||||0|0||||0|106911194|106911194|106911194|106911194|106911194|106911194|106911194|106911194|106911194|106911194|106911194|106911866|0||0|||1|0|00
2026|01|527010|015|08|WA|4725|CCL|01|51|1|003|005|TJ|523199|019|A|0|0||0||||1|Renewal License  ATS DB SIKP|0||0||0||0||1|PKT|22145241000|22145241000||0|0|0||0|0|0|0||||0|0||||0|1845435776|1845435776|1845435776|1845435776|1845435776|1845435776|1845435776|1845435776|1845435776|1845435776|1845435776|1845447464|0||0|||1|0|00
2026|01|527010|015|08|WA|4725|CCL|01|51|1|003|005|TJ|523199|019|A|0|0||0||||2|Renewal License  ATS Red Hat Enterprise Linux  SIKP|0||0||0||0||1|PKT|248054000|248054000||0|0|0||0|0|0|0||||0|0||||0|20671156|20671156|20671156|20671156|20671156|20671156|20671156|20671156|20671156|20671156|20671156|20671284|0||0|||1|0|00
2026|01|527010|015|08|WA|4725|CCL|01|51|1|003|005|TJ|523199|019|A|0|0||0||||3|Renewal License  ATS MySQL|0||0||0||0||1|PKT|448950000|448950000||0|0|0||0|0|0|0||||0|0||||0|37412480|37412480|37412480|37412480|37412480|37412480|37412480|37412480|37412480|37412480|37412480|37412720|0||0|||1|0|00
2026|01|527010|015|08|WA|4725|CCL|01|51|1|003|005|TJ|523199|019|A|0|0||0||||4|Renewal License  ATS Hitachi Data Protection Suite|0||0||0||0||1|PKT|3172196000|3172196000||0|0|0||0|0|0|0||||0|0||||0|264349527|264349527|264349527|264349527|264349527|264349527|264349527|264349527|264349527|264349527|264349527|264351203|0||0|||1|0|00
2026|01|527010|015|08|WA|4725|CCL|01|51|1|002|005|TJ|522191|019|A|0|0||0||||1|Jasa Layanan SMS OTP SAKTISPAN|0||0||0||0||1|PKT|6533163000|6533163000||0|0|0||0|0|0|0||||0|0||||0|544430154|544430154|544430154|544430154|544430154|544430154|544430154|544430154|544430154|544430154|544430154|544431306|0||0|||1|0|00
2026|01|527010|015|08|WA|4725|CCL|01|51|1|002|005|TJ|523199|019|A|0|0||0||||1|Renewal License  ATS DB SAKTI|0||0||0||0||1|PKT|44247488000|44247488000||0|0|0||0|0|0|0||||0|0||||0|3687290017|3687290017|3687290017|3687290017|3687290017|3687290017|3687290017|3687290017|3687290017|3687290017|3687290017|3687297813|0||0|||1|0|00
2026|01|527010|015|08|WA|4725|CCL|01|51|1|002|005|TJ|523199|019|A|0|0||0||||2|Renewal License  ATS DB OLAP SAKTI|0||0||0||0||1|PKT|15136828000|15136828000||0|0|0||0|0|0|0||||0|0||||0|1261402111|1261402111|1261402111|1261402111|1261402111|1261402111|1261402111|1261402111|1261402111|1261402111|1261402111|1261404779|0||0|||1|0|00
2026|01|527010|015|08|WA|4725|CCL|01|51|1|002|005|TJ|523199|019|A|0|0||0||||3|Renewal License  ATS Java App SAKTI|0||0||0||0||1|PKT|75666769000|75666769000||0|0|0||0|0|0|0||||0|0||||0|6305562972|6305562972|6305562972|6305562972|6305562972|6305562972|6305562972|6305562972|6305562972|6305562972|6305562972|6305576308|0||0|||1|0|00
2026|01|527010|015|08|WA|4725|CCL|01|51|1|002|005|TJ|523199|019|A|0|0||0||||4|Renewal License  ATS TIBCO Jaspersoft|0||0||0||0||1|PKT|5945038000|5945038000||0|0|0||0|0|0|0||||0|0||||0|495419746|495419746|495419746|495419746|495419746|495419746|495419746|495419746|495419746|495419746|495419746|495420794|0||0|||1|0|00
2026|01|527010|015|08|WA|4725|FAB|01|51|1|001|100|LA|521211|019|A|0|0||0||||1|KDM  Makan Rapat|20|ORG|1|KTK|24|FR|0||480|OK|35911|17237000||0|0|0||0|0|0|0||||0|0||||0|1436000|1436000|1436000|1436000|1436000|1436000|1436000|1436000|1436000|1436000|1436000|1441000|0||0|||1|0|00
2026|01|527010|015|08|WA|4725|FAB|01|51|1|001|100|LA|521211|019|A|0|0||0||||2|KDM  Snack Rapat|20|ORG|1|KTK|24|FR|0||480|OK|15121|7258000||0|0|0||0|0|0|0||||0|0||||0|604000|604000|604000|604000|604000|604000|604000|604000|604000|604000|604000|614000|0||0|||1|0|00
2026|01|527010|015|08|WA|4725|FAB|01|51|1|001|100|LA|522151|019|A|0|0||0||||1|Honorarium Narasumber Profesional|2|ORG|2|JAM|2|HR|3|FR|24|OJ|792000|19008000||0|0|0||0|0|0|0||||0|0||||0|1584000|1584000|1584000|1584000|1584000|1584000|1584000|1584000|1584000|1584000|1584000|1584000|0||0|||1|0|00
2026|01|527010|015|08|WA|4725|FAB|01|51|1|001|100|LA|524111|019|A|0|0||0||||1|Akomodasi|3|ORG|2|HR|3|FR|2|LOK|36|OH|658667|23712000||0|0|0||0|0|0|0||||0|0||||0|1976000|1976000|1976000|1976000|1976000|1976000|1976000|1976000|1976000|1976000|1976000|1976000|0||0|||1|0|00
2026|01|527010|015|08|WA|4725|FAB|01|51|1|001|100|LA|524111|019|A|0|0||0||||2|Uang Harian|3|ORG|3|HR|3|FR|2|LOK|54|OH|294463|15901000||0|0|0||0|0|0|0||||0|0||||0|1325000|1325000|1325000|1325000|1325000|1325000|1325000|1325000|1325000|1325000|1325000|1326000|0||0|||1|0|00
2026|01|527010|015|08|WA|4725|FAB|01|51|1|001|100|LA|524111|019|A|0|0||0||||3|Transport|3|ORG|3|FR|2|LOK|0||18|OF|2712167|48819000||0|0|0||0|0|0|0||||0|0||||0|4068000|4068000|4068000|4068000|4068000|4068000|4068000|4068000|4068000|4068000|4068000|4071000|0||0|||1|0|00
2026|01|527010|015|08|WA|4725|FAB|01|51|1|001|100|LA|524113|019|A|0|0||0||||1|Uang Harian|3|ORG|3|HR|2|FR|1|LOK|18|OH|130167|2343000||0|0|0||0|0|0|0||||0|0||||0|195000|195000|195000|195000|195000|195000|195000|195000|195000|195000|195000|198000|0||0|||1|0|00
2026|01|527010|015|08|WA|4725|FAB|01|51|1|001|100|LA|524113|019|A|0|0||0||||2|Transport|3|ORG|3|HR|2|FR|1|LOK|18|OK|131723|2371000||0|0|0||0|0|0|0||||0|0||||0|197000|197000|197000|197000|197000|197000|197000|197000|197000|197000|197000|204000|0||0|||1|0|00
2026|01|527010|015|08|WA|4725|FAB|01|51|1|002|100|LA|521211|019|A|0|0||0||||1|KDM  Makan Rapat|20|ORG|1|KTK|24|FR|0||480|OK|35911|17237000||0|0|0||0|0|0|0||||0|0||||0|1436000|1436000|1436000|1436000|1436000|1436000|1436000|1436000|1436000|1436000|1436000|1441000|0||0|||1|0|00
2026|01|527010|015|08|WA|4725|FAB|01|51|1|002|100|LA|521211|019|A|0|0||0||||2|KDM  Snack Rapat|20|ORG|1|KTK|24|FR|0||480|OK|15121|7258000||0|0|0||0|0|0|0||||0|0||||0|604000|604000|604000|604000|604000|604000|604000|604000|604000|604000|604000|614000|0||0|||1|0|00
2026|01|527010|015|08|WA|4725|FAB|01|51|1|002|100|LA|524111|019|A|0|0||0||||1|Akomodasi|3|ORG|2|HR|3|FR|2|LOK|36|OH|658667|23712000||0|0|0||0|0|0|0||||0|0||||0|1976000|1976000|1976000|1976000|1976000|1976000|1976000|1976000|1976000|1976000|1976000|1976000|0||0|||1|0|00
2026|01|527010|015|08|WA|4725|FAB|01|51|1|002|100|LA|524111|019|A|0|0||0||||2|Uang Harian|3|ORG|3|HR|3|FR|2|LOK|54|OH|294463|15901000||0|0|0||0|0|0|0||||0|0||||0|1325000|1325000|1325000|1325000|1325000|1325000|1325000|1325000|1325000|1325000|1325000|1326000|0||0|||1|0|00
2026|01|527010|015|08|WA|4725|FAB|01|51|1|002|100|LA|524111|019|A|0|0||0||||3|Transport|3|ORG|3|FR|2|LOK|0||18|OF|2712167|48819000||0|0|0||0|0|0|0||||0|0||||0|4068000|4068000|4068000|4068000|4068000|4068000|4068000|4068000|4068000|4068000|4068000|4071000|0||0|||1|0|00
2026|01|527010|015|08|WA|4725|FAB|01|51|1|002|100|LA|524113|019|A|0|0||0||||1|Uang Harian|3|ORG|3|HR|2|FR|1|LOK|18|OH|130167|2343000||0|0|0||0|0|0|0||||0|0||||0|195000|195000|195000|195000|195000|195000|195000|195000|195000|195000|195000|198000|0||0|||1|0|00
2026|01|527010|015|08|WA|4725|FAB|01|51|1|002|100|LA|524113|019|A|0|0||0||||2|Transport|3|ORG|3|HR|2|FR|1|LOK|18|OK|131723|2371000||0|0|0||0|0|0|0||||0|0||||0|197000|197000|197000|197000|197000|197000|197000|197000|197000|197000|197000|204000|0||0|||1|0|00
2026|01|527010|015|08|WA|4725|FAB|01|51|1|002|100|TH|522191|019|A|0|0||0||||1|   Jasa Lainnya Pendukung Operasional Core System|1|PKT|0||0||0||1|PKT|119237000|119237000||0|0|0||0|0|0|0||||0|0||||0|9936000|9936000|9936000|9936000|9936000|9936000|9936000|9936000|9936000|9936000|9936000|9941000|0||0|||1|0|00
2026|01|527010|015|08|WA|4725|FAB|01|51|1|003|100|EA|524111|019|A|0|0||0||||1|Akomodasi|12|ORG|3|HR|2|KL|0||72|OH|531584|38274000||0|0|0||0|0|0|0||||0|0||||0|3189000|3189000|3189000|3189000|3189000|3189000|3189000|3189000|3189000|3189000|3189000|3195000|0||0|||1|0|00
2026|01|527010|015|08|WA|4725|FAB|01|51|1|003|100|EA|524111|019|A|0|0||0||||2|Transport|12|ORG|2|KL|0||0||24|OK|2492084|59810000||0|0|0||0|0|0|0||||0|0||||0|4984000|4984000|4984000|4984000|4984000|4984000|4984000|4984000|4984000|4984000|4984000|4986000|0||0|||1|0|00
2026|01|527010|015|08|WA|4725|FAB|01|51|1|003|100|EA|524111|019|A|0|0||0||||3|Uang Harian|12|ORG|4|HR|2|KL|0||96|OH|266563|25590000||0|0|0||0|0|0|0||||0|0||||0|2132000|2132000|2132000|2132000|2132000|2132000|2132000|2132000|2132000|2132000|2132000|2138000|0||0|||1|0|00
2026|01|527010|015|08|WA|4725|FAB|01|51|1|003|100|LA|521211|019|A|0|0||0||||1|KDM  Makan Rapat|20|ORG|1|KTK|24|FR|0||480|OK|35911|17237000||0|0|0||0|0|0|0||||0|0||||0|1436000|1436000|1436000|1436000|1436000|1436000|1436000|1436000|1436000|1436000|1436000|1441000|0||0|||1|0|00
2026|01|527010|015|08|WA|4725|FAB|01|51|1|003|100|LA|521211|019|A|0|0||0||||2|KDM  Snack Rapat|20|ORG|1|KTK|24|FR|0||480|OK|15121|7258000||0|0|0||0|0|0|0||||0|0||||0|604000|604000|604000|604000|604000|604000|604000|604000|604000|604000|604000|614000|0||0|||1|0|00
2026|01|527010|015|08|WA|4725|FAB|01|51|1|003|100|LA|524111|019|A|0|0||0||||1|Akomodasi|3|ORG|2|HR|3|FR|2|LOK|36|OH|658667|23712000||0|0|0||0|0|0|0||||0|0||||0|1976000|1976000|1976000|1976000|1976000|1976000|1976000|1976000|1976000|1976000|1976000|1976000|0||0|||1|0|00
2026|01|527010|015|08|WA|4725|FAB|01|51|1|003|100|LA|524111|019|A|0|0||0||||2|Uang Harian|3|ORG|3|HR|3|FR|2|LOK|54|OH|294463|15901000||0|0|0||0|0|0|0||||0|0||||0|1325000|1325000|1325000|1325000|1325000|1325000|1325000|1325000|1325000|1325000|1325000|1326000|0||0|||1|0|00
2026|01|527010|015|08|WA|4725|FAB|01|51|1|003|100|LA|524111|019|A|0|0||0||||3|Transport|3|ORG|3|FR|2|LOK|0||18|OF|2712167|48819000||0|0|0||0|0|0|0||||0|0||||0|4068000|4068000|4068000|4068000|4068000|4068000|4068000|4068000|4068000|4068000|4068000|4071000|0||0|||1|0|00
2026|01|527010|015|08|WA|4725|FAB|01|51|1|003|100|LA|524113|019|A|0|0||0||||1|Uang Harian|3|ORG|3|HR|2|FR|1|LOK|18|OH|130167|2343000||0|0|0||0|0|0|0||||0|0||||0|195000|195000|195000|195000|195000|195000|195000|195000|195000|195000|195000|198000|0||0|||1|0|00
2026|01|527010|015|08|WA|4725|FAB|01|51|1|003|100|LA|524113|019|A|0|0||0||||2|Transport|3|ORG|3|HR|2|FR|1|LOK|18|OK|131723|2371000||0|0|0||0|0|0|0||||0|0||||0|197000|197000|197000|197000|197000|197000|197000|197000|197000|197000|197000|204000|0||0|||1|0|00
2026|01|527010|015|08|WA|4725|FAB|01|51|1|003|100|TH|522191|019|A|0|0||0||||1|   Jasa Lainnya Langganan Call Centre HAI  DJPb|12|BLN|0||0||0||12|BLN|15365334|184384000||0|0|0||0|0|0|0||||0|0||||0|15365000|15365000|15365000|15365000|15365000|15365000|15365000|15365000|15365000|15365000|15365000|15369000|0||0|||1|0|00
2026|01|527010|015|08|WA|4725|FAB|01|51|1|307|100|PA|521211|019|A|0|0||0||||1|KDM  Snack Rapat|20|org|18|frek|0||0||360|OF|24000|8640000||0|0|0||0|0|0|0||||0|0||||0|874667|874667|874667|874667|874667|874667|874667|874667|874667|767997|0|0|0||0|||1|0|00
2026|01|527010|015|08|WA|4725|FAB|01|51|1|307|100|PA|521211|019|A|0|0||0||||2|KDM  Makan Rapat|20|org|18|fr|0||0||360|OF|57000|20520000||0|0|0||0|0|0|0||||0|0||||0|2077335|2077335|2077335|2077335|2077335|2077335|2077335|2077335|2077335|1823985|0|0|0||0|||1|0|00
2026|01|527010|015|08|WA|4725|FAB|01|51|1|307|100|PA|521211|019|A|0|0||0||||3|CTK  Pencetakan Laporan, Brosur, Leaflet, Spanduk dan Backdrop, dll|1|pkt|0||0||0||1|PKT|7224000|7224000||0|0|0||0|0|0|0||||0|0||||0|731319|731319|731319|731319|731319|731319|731319|731319|731319|642129|0|0|0||0|||1|0|00
2026|01|527010|015|08|WA|4725|FAB|01|51|1|307|100|PA|524111|019|A|0|0||0|01||1|1|Perjalanan Dinas Dalam Rangka Persiapan Pengembangan Layanan|0||0||0||0||0||0|0||0|0|0||0|0|0|0||||0|0||||0|0|0|0|0|0|0|0|0|0|0|0|0|0||0|||1|0|00
2026|01|527010|015|08|WA|4725|FAB|01|51|1|307|100|PA|524111|019|A|0|0||0|02|||10|Akomodasi Eselon IV dan Pelaksana  Penyusunan|2|org|2|hr|1|fr|2|lok|8|OHFL|650000|5200000||0|0|0||0|0|0|0||||0|0||||0|526420|526420|526420|526420|526420|526420|526420|526420|526420|462220|0|0|0||0|||1|0|00
2026|01|527010|015|08|WA|4725|FAB|01|51|1|307|100|PA|524111|019|A|0|0||0|02|||11|Transportasi  Penyusunan|5|org|1|fr|2|lok|0||10|OK|627000|6270000||0|0|0||0|0|0|0||||0|0||||0|634741|634741|634741|634741|634741|634741|634741|634741|634741|557331|0|0|0||0|||1|0|00
2026|01|527010|015|08|WA|4725|FAB|01|51|1|307|100|PA|524111|019|A|0|0||0|02|||12|Uang Harian  Penyusunan|5|org|3|hr|1|fr|2|lok|30|OHFL|300000|9000000||0|0|0||0|0|0|0||||0|0||||0|911112|911112|911112|911112|911112|911112|911112|911112|911112|799992|0|0|0||0|||1|0|00
2026|01|527010|015|08|WA|4725|FAB|01|51|1|307|100|PA|524111|019|A|0|0||0|03||1|13|Perjalanan Dinas Dalam Rangka Monitoring Pelaksanaan Transaksi|0||0||0||0||0||0|0||0|0|0||0|0|0|0||||0|0||||0|0|0|0|0|0|0|0|0|0|0|0|0|0||0|||1|0|00
2026|01|527010|015|08|WA|4725|FAB|01|51|1|307|100|PA|524111|019|A|0|0||0|03|||14|Akomodasi Eselon II|1|org|2|hr|1|fr|2|lok|4|OHFL|1900000|7600000||0|0|0||0|0|0|0||||0|0||||0|769383|769383|769383|769383|769383|769383|769383|769383|769383|675553|0|0|0||0|||1|0|00
2026|01|527010|015|08|WA|4725|FAB|01|51|1|307|100|PA|524111|019|A|0|0||0|03|||15|Akomodasi Eselon III|2|org|2|hr|1|fr|2|lok|8|OHFL|1100000|8800000||0|0|0||0|0|0|0||||0|0||||0|890865|890865|890865|890865|890865|890865|890865|890865|890865|782215|0|0|0||0|||1|0|00
2026|01|527010|015|08|WA|4725|FAB|01|51|1|307|100|PA|524111|019|A|0|0||0|03|||16|Akomodasi Eselon IV dan Pelaksana|2|org|2|hr|1|fr|2|lok|8|OHFL|650000|5200000||0|0|0||0|0|0|0||||0|0||||0|526420|526420|526420|526420|526420|526420|526420|526420|526420|462220|0|0|0||0|||1|0|00
2026|01|527010|015|08|WA|4725|FAB|01|51|1|307|100|PA|524111|019|A|0|0||0|03|||17|Transportasi|5|org|1|fr|2|lok|0||10|OK|628100|6281000||0|0|0||0|0|0|0||||0|0||||0|635855|635855|635855|635855|635855|635855|635855|635855|635855|558305|0|0|0||0|||1|0|00
2026|01|527010|015|08|WA|4725|FAB|01|51|1|307|100|PA|524111|019|A|0|0||0|03|||18|Uang Harian|5|org|3|hr|1|fr|2|lok|30|OHFL|300000|9000000||0|0|0||0|0|0|0||||0|0||||0|911112|911112|911112|911112|911112|911112|911112|911112|911112|799992|0|0|0||0|||1|0|00
2026|01|527010|015|08|WA|4725|FAB|01|51|1|307|100|PA|524111|019|A|0|0||0|01|||2|Akomodasi Eselon II  Pengembangan|1|org|2|hr|1|fr|2|lok|4|OHFL|1900000|7600000||0|0|0||0|0|0|0||||0|0||||0|769383|769383|769383|769383|769383|769383|769383|769383|769383|675553|0|0|0||0|||1|0|00
2026|01|527010|015|08|WA|4725|FAB|01|51|1|307|100|PA|524111|019|A|0|0||0|01|||3|Akomodasi Eselon III  Pengembangan|2|org|2|hr|1|fr|2|lok|8|OHFL|1100000|8800000||0|0|0||0|0|0|0||||0|0||||0|890865|890865|890865|890865|890865|890865|890865|890865|890865|782215|0|0|0||0|||1|0|00
2026|01|527010|015|08|WA|4725|FAB|01|51|1|307|100|PA|524111|019|A|0|0||0|01|||4|Akomodasi Eselon IV dan Pelaksana  Pengembangan|2|org|2|hr|1|fr|2|lok|8|OHFL|650000|5200000||0|0|0||0|0|0|0||||0|0||||0|526420|526420|526420|526420|526420|526420|526420|526420|526420|462220|0|0|0||0|||1|0|00
2026|01|527010|015|08|WA|4725|FAB|01|51|1|307|100|PA|524111|019|A|0|0||0|01|||5|Transportasi  Pengembangan|5|org|1|fr|2|lok|0||10|OK|627000|6270000||0|0|0||0|0|0|0||||0|0||||0|634741|634741|634741|634741|634741|634741|634741|634741|634741|557331|0|0|0||0|||1|0|00
2026|01|527010|015|08|WA|4725|FAB|01|51|1|307|100|PA|524111|019|A|0|0||0|01|||6|Uang Harian  Pengembangan|5|org|3|hr|1|fr|2|lok|30|OHFL|300000|9000000||0|0|0||0|0|0|0||||0|0||||0|911112|911112|911112|911112|911112|911112|911112|911112|911112|799992|0|0|0||0|||1|0|00
2026|01|527010|015|08|WA|4725|FAB|01|51|1|307|100|PA|524111|019|A|0|0||0|02||1|7|Perjalanan Dinas Dalam Rangka Evaluasi Kegiatan dan Penyusunan Laporan Triwulanan|0||0||0||0||0||0|0||0|0|0||0|0|0|0||||0|0||||0|0|0|0|0|0|0|0|0|0|0|0|0|0||0|||1|0|00
2026|01|527010|015|08|WA|4725|FAB|01|51|1|307|100|PA|524111|019|A|0|0||0|02|||8|Akomodasi Eselon II  Penyusunan|1|org|2|hr|1|fr|2|lok|4|OHFL|1900000|7600000||0|0|0||0|0|0|0||||0|0||||0|769383|769383|769383|769383|769383|769383|769383|769383|769383|675553|0|0|0||0|||1|0|00
2026|01|527010|015|08|WA|4725|FAB|01|51|1|307|100|PA|524111|019|A|0|0||0|02|||9|Akomodasi Eselon III  Penyusunan|2|org|2|hr|1|fr|2|lok|8|OHFL|1100000|8800000||0|0|0||0|0|0|0||||0|0||||0|890865|890865|890865|890865|890865|890865|890865|890865|890865|782215|0|0|0||0|||1|0|00
2026|01|527010|015|08|WA|4725|FAB|01|51|1|006|100|JA|521211|019|A|0|0||0||||1|CTK  ATK, Habis Pakai, Penggandaan SIKRI|1|PKT|1|FR|0||0||1|OF|105000|105000||0|0|0||0|0|0|0||||0|0||||0|8000|8000|8000|8000|8000|8000|8000|8000|8000|8000|8000|17000|0||0|||1|0|00
2026|01|527010|015|08|WA|4725|FAB|01|51|1|006|100|JA|521211|019|A|0|0||0|03|||10|KDM  Snack Rapat|35|ORG|2|FR|0||0||70|OF|15115|1058000||0|0|0||0|0|0|0||||0|0||||0|88000|88000|88000|88000|88000|88000|88000|88000|88000|88000|88000|90000|0||0|||1|0|00
2026|01|527010|015|08|WA|4725|FAB|01|51|1|006|100|JA|521211|019|A|0|0||0|01||1|2|Rapat Pembahasan Penyediaan Data Pemerintah Daerah dan Interkoneksi SIKDSIKRI (Rapat mengundang DJPK dan Direktorat SITP)|0||0||0||0||0||0|0||0|0|0||0|0|0|0||||0|0||||0|0|0|0|0|0|0|0|0|0|0|0|0|0||0|||1|0|00
2026|01|527010|015|08|WA|4725|FAB|01|51|1|006|100|JA|521211|019|A|0|0||0|01|||3|KDM  Makan Rapat|30|ORG|2|FR|0||0||60|OF|35917|2155000||0|0|0||0|0|0|0||||0|0||||0|179000|179000|179000|179000|179000|179000|179000|179000|179000|179000|179000|186000|0||0|||1|0|00
2026|01|527010|015|08|WA|4725|FAB|01|51|1|006|100|JA|521211|019|A|0|0||0|01|||4|KDM  Snack Rapat|30|ORG|2|FR|0||0||60|OF|15117|907000||0|0|0||0|0|0|0||||0|0||||0|75000|75000|75000|75000|75000|75000|75000|75000|75000|75000|75000|82000|0||0|||1|0|00
2026|01|527010|015|08|WA|4725|FAB|01|51|1|006|100|JA|521211|019|A|0|0||0|02||1|5|Rapat Pembahasan Pengembangan Data Analytics dan Business Intelligence (Rapat mengundang Dit. SITP, dan Pusintek|0||0||0||0||0||0|0||0|0|0||0|0|0|0||||0|0||||0|0|0|0|0|0|0|0|0|0|0|0|0|0||0|||1|0|00
2026|01|527010|015|08|WA|4725|FAB|01|51|1|006|100|JA|521211|019|A|0|0||0|02|||6|KDM  Makan Rapat|30|ORG|2|FR|0||0||60|OF|35917|2155000||0|0|0||0|0|0|0||||0|0||||0|179000|179000|179000|179000|179000|179000|179000|179000|179000|179000|179000|186000|0||0|||1|0|00
2026|01|527010|015|08|WA|4725|FAB|01|51|1|006|100|JA|521211|019|A|0|0||0|02|||7|KDM  Snack Rapat|30|ORG|2|FR|0||0||60|OF|15117|907000||0|0|0||0|0|0|0||||0|0||||0|75000|75000|75000|75000|75000|75000|75000|75000|75000|75000|75000|82000|0||0|||1|0|00
2026|01|527010|015|08|WA|4725|FAB|01|51|1|006|100|JA|521211|019|A|0|0||0|03||1|8|Rapat Pembahasan Pengembangan BAS Konsolidasian dan Pengembangan Media Informasi (Rapat mengundang Kemendagri, DJPK, SITP|0||0||0||0||0||0|0||0|0|0||0|0|0|0||||0|0||||0|0|0|0|0|0|0|0|0|0|0|0|0|0||0|||1|0|00
2026|01|527010|015|08|WA|4725|FAB|01|51|1|006|100|JA|521211|019|A|0|0||0|03|||9|KDM  Makan Rapat|35|ORG|2|FR|0||0||70|OF|35915|2514000||0|0|0||0|0|0|0||||0|0||||0|209000|209000|209000|209000|209000|209000|209000|209000|209000|209000|209000|215000|0||0|||1|0|00
2026|01|527010|015|08|WA|4725|FAB|01|51|1|006|100|JA|521213|019|A|0|0||0||||1|Ketua|1|ORG|8|BLN|0||0||8|OB|819000|6552000||0|0|0||0|0|0|0||||0|0||||0|546000|546000|546000|546000|546000|546000|546000|546000|546000|546000|546000|546000|0||0|||1|0|00
2026|01|527010|015|08|WA|4725|FAB|01|51|1|006|100|JA|521213|019|A|0|0||0||||2|Wakil Ketua|1|ORG|8|BLN|0||0||8|OB|728000|5824000||0|0|0||0|0|0|0||||0|0||||0|485000|485000|485000|485000|485000|485000|485000|485000|485000|485000|485000|489000|0||0|||1|0|00
2026|01|527010|015|08|WA|4725|FAB|01|51|1|006|100|JA|521213|019|A|0|0||0||||3|Sekretaris|1|ORG|8|BLN|0||0||8|OB|637000|5096000||0|0|0||0|0|0|0||||0|0||||0|424000|424000|424000|424000|424000|424000|424000|424000|424000|424000|424000|432000|0||0|||1|0|00
2026|01|527010|015|08|WA|4725|FAB|01|51|1|006|100|JA|521213|019|A|0|0||0||||4|Anggota Pokja|12|ORG|8|BLN|0||0||96|OB|637000|61152000||0|0|0||0|0|0|0||||0|0||||0|5096000|5096000|5096000|5096000|5096000|5096000|5096000|5096000|5096000|5096000|5096000|5096000|0||0|||1|0|00
2026|01|527010|015|08|WA|4725|FAB|01|51|1|006|100|JA|522151|019|A|0|0||0||||1|Honorarium Narasumber|2|ORG|2|JAM|2|FR|0||8|OJ|950375|7603000||0|0|0||0|0|0|0||||0|0||||0|633000|633000|633000|633000|633000|633000|633000|633000|633000|633000|633000|640000|0||0|||1|0|00
2026|01|527010|015|08|WA|4725|FAB|01|51|1|006|100|JA|524111|019|A|0|0||0|01||1|1|Monitoring  Evaluasi Implementasi SIKRI pada Kanwil DJPb, User Acceptance Test (UAT) Dashboard, Pemanfaatan SIKRI untuk mendukung|0||0||0||0||0||0|0||0|0|0||0|0|0|0||||0|0||||0|0|0|0|0|0|0|0|0|0|0|0|0|0||0|||1|0|00
2026|01|527010|015|08|WA|4725|FAB|01|51|1|006|100|JA|524111|019|A|0|0||0|01|||2|Transport|6|ORG|4|FR|0||0||24|OF|1442459|34619000||0|0|0||0|0|0|0||||0|0||||0|2884000|2884000|2884000|2884000|2884000|2884000|2884000|2884000|2884000|2884000|2884000|2895000|0||0|||1|0|00
2026|01|527010|015|08|WA|4725|FAB|01|51|1|006|100|JA|524111|019|A|0|0||0|01|||3|Akomodasi|6|ORG|2|HR|4|FR|0||48|OH|542438|26037000||0|0|0||0|0|0|0||||0|0||||0|2169000|2169000|2169000|2169000|2169000|2169000|2169000|2169000|2169000|2169000|2169000|2178000|0||0|||1|0|00
2026|01|527010|015|08|WA|4725|FAB|01|51|1|006|100|JA|524111|019|A|0|0||0|01|||4|Uang Saku Harian|6|ORG|3|HR|4|FR|0||72|OH|359556|25888000||0|0|0||0|0|0|0||||0|0||||0|2157000|2157000|2157000|2157000|2157000|2157000|2157000|2157000|2157000|2157000|2157000|2161000|0||0|||1|0|00
2026|01|527010|015|08|WA|4725|FAB|01|51|1|006|100|JA|524113|019|A|0|0||0|01||1|1|Monitoring  Evaluasi Implementasi SIKRI pada Kanwil DJPb, User Acceptance Test (UAT) Dashboard, Pemanfaatan SIKRI untuk mendukung|0||0||0||0||0||0|0||0|0|0||0|0|0|0||||0|0||||0|0|0|0|0|0|0|0|0|0|0|0|0|0||0|||1|0|00
2026|01|527010|015|08|WA|4725|FAB|01|51|1|006|100|JA|524113|019|A|0|0||0|01|||2|Transport Dalam Kota|2|ORG|5|FR|0||0||10|OF|127000|1270000||0|0|0||0|0|0|0||||0|0||||0|105000|105000|105000|105000|105000|105000|105000|105000|105000|105000|105000|115000|0||0|||1|0|00
2026|01|527010|015|08|WA|4725|FAB|01|51|1|006|100|JA|524113|019|A|0|0||0|01|||3|Uang Harian  8 Jam|2|ORG|1|HR|5|FR|0||10|OH|116200|1162000||0|0|0||0|0|0|0||||0|0||||0|96000|96000|96000|96000|96000|96000|96000|96000|96000|96000|96000|106000|0||0|||1|0|00
2026|01|527010|015|08|WA|4725|FAB|01|51|1|006|100|JA|524114|019|A|0|0||0|01||1|1|Kegiatan Konsinyering Pemusatan Pemeliharaan  Pengembangan SIKRI sesuai kebutuhan Organisasi, Perluasan Cakupan SIKRI|0||0||0||0||0||0|0||0|0|0||0|0|0|0||||0|0||||0|0|0|0|0|0|0|0|0|0|0|0|0|0||0|||1|0|00
2026|01|527010|015|08|WA|4725|FAB|01|51|1|006|100|JA|524114|019|A|0|0||0|01|||2|Transport|28|ORG|1|FR|0||0||28|OHF|116250|3255000||0|0|0||0|0|0|0||||0|0||||0|271000|271000|271000|271000|271000|271000|271000|271000|271000|271000|271000|274000|0||0|||1|0|00
2026|01|527010|015|08|WA|4725|FAB|01|51|1|006|100|JA|524114|019|A|0|0||0|01|||3|Uang Saku Harian|28|ORG|5|HR|1|FR|0||140|OH|100736|14103000||0|0|0||0|0|0|0||||0|0||||0|1175000|1175000|1175000|1175000|1175000|1175000|1175000|1175000|1175000|1175000|1175000|1178000|0||0|||1|0|00
2026|01|527010|015|08|WA|4725|FAB|01|51|1|008|100|FA|524111|019|A|0|0||0||||1|Penginapan|2|ORG|3|LOK|3|HARI|1|FREK|18|OH|658667|11856000||0|0|0||0|0|0|0||||0|0||||0|988000|988000|988000|988000|988000|988000|988000|988000|988000|988000|988000|988000|0||0|||1|0|00
2026|01|527010|015|08|WA|4725|FAB|01|51|1|008|100|FA|524111|019|A|0|0||0||||2|Uang Harian Luar Kota|2|ORG|3|LOK|4|HARI|1|FREK|24|OH|309959|7439000||0|0|0||0|0|0|0||||0|0||||0|619000|619000|619000|619000|619000|619000|619000|619000|619000|619000|619000|630000|0||0|||1|0|00
2026|01|527010|015|08|WA|4725|FAB|01|51|1|008|100|FA|524111|019|A|0|0||0||||3|Uang Transport Luar Kota|2|ORG|3|LOK|1|FREK|0||6|OK|2487500|14925000||0|0|0||0|0|0|0||||0|0||||0|1243000|1243000|1243000|1243000|1243000|1243000|1243000|1243000|1243000|1243000|1243000|1252000|0||0|||1|0|00
2026|01|527010|015|08|WA|4725|FAB|01|51|1|008|100|FB|524111|019|A|0|0||0||||1|Penginapan|2|ORG|3|LOK|3|HARI|1|FREK|18|OH|658667|11856000||0|0|0||0|0|0|0||||0|0||||0|988000|988000|988000|988000|988000|988000|988000|988000|988000|988000|988000|988000|0||0|||1|0|00
2026|01|527010|015|08|WA|4725|FAB|01|51|1|008|100|FB|524111|019|A|0|0||0||||2|Uang Harian Luar Kota|2|ORG|3|LOK|4|HARI|1|FREK|24|OH|309959|7439000||0|0|0||0|0|0|0||||0|0||||0|619000|619000|619000|619000|619000|619000|619000|619000|619000|619000|619000|630000|0||0|||1|0|00
2026|01|527010|015|08|WA|4725|FAB|01|51|1|008|100|FB|524111|019|A|0|0||0||||3|Uang Transport Luar Kota|2|ORG|3|LOK|1|FREK|0||6|OK|2487500|14925000||0|0|0||0|0|0|0||||0|0||||0|1243000|1243000|1243000|1243000|1243000|1243000|1243000|1243000|1243000|1243000|1243000|1252000|0||0|||1|0|00
2026|01|527010|015|08|WA|4725|FAB|01|51|1|004|100|LA|521211|019|A|0|0||0||||1|KDM  Makan Rapat|20|ORG|1|KTK|24|FR|0||480|OK|35911|17237000||0|0|0||0|0|0|0||||0|0||||0|1436000|1436000|1436000|1436000|1436000|1436000|1436000|1436000|1436000|1436000|1436000|1441000|0||0|||1|0|00
2026|01|527010|015|08|WA|4725|FAB|01|51|1|004|100|LA|521211|019|A|0|0||0||||2|KDM  Snack Rapat|20|ORG|1|KTK|24|FR|0||480|OK|15121|7258000||0|0|0||0|0|0|0||||0|0||||0|604000|604000|604000|604000|604000|604000|604000|604000|604000|604000|604000|614000|0||0|||1|0|00
2026|01|527010|015|08|WA|4725|FAB|01|51|1|004|100|LA|524111|019|A|0|0||0||||1|Akomodasi|3|ORG|2|HR|3|FR|2|LOK|36|OH|658667|23712000||0|0|0||0|0|0|0||||0|0||||0|1976000|1976000|1976000|1976000|1976000|1976000|1976000|1976000|1976000|1976000|1976000|1976000|0||0|||1|0|00
2026|01|527010|015|08|WA|4725|FAB|01|51|1|004|100|LA|524111|019|A|0|0||0||||2|Uang Harian|3|ORG|3|HR|3|FR|2|LOK|54|OH|294463|15901000||0|0|0||0|0|0|0||||0|0||||0|1325000|1325000|1325000|1325000|1325000|1325000|1325000|1325000|1325000|1325000|1325000|1326000|0||0|||1|0|00
2026|01|527010|015|08|WA|4725|FAB|01|51|1|004|100|LA|524111|019|A|0|0||0||||3|Transport|3|ORG|3|FR|2|LOK|0||18|OF|2712167|48819000||0|0|0||0|0|0|0||||0|0||||0|4068000|4068000|4068000|4068000|4068000|4068000|4068000|4068000|4068000|4068000|4068000|4071000|0||0|||1|0|00
2026|01|527010|015|08|WA|4725|FAB|01|51|1|004|100|LA|524113|019|A|0|0||0||||1|Uang Harian|3|ORG|3|HR|2|FR|1|LOK|18|OH|130167|2343000||0|0|0||0|0|0|0||||0|0||||0|195000|195000|195000|195000|195000|195000|195000|195000|195000|195000|195000|198000|0||0|||1|0|00
2026|01|527010|015|08|WA|4725|FAB|01|51|1|004|100|LA|524113|019|A|0|0||0||||2|Transport|3|ORG|3|HR|2|FR|1|LOK|18|OK|131723|2371000||0|0|0||0|0|0|0||||0|0||||0|197000|197000|197000|197000|197000|197000|197000|197000|197000|197000|197000|204000|0||0|||1|0|00
