thang|kdjendok|kdsatker|kddept|kdunit|kdprogram|kdgiat|kdoutput|kdlokasi|kdkabkota|kddekon|kdsoutput|kdkmpnen|kdskmpnen|kdakun|kdkppn|kdbeban|header1|header2|kdheader|noitem|nmitem|vol1|sat1|vol2|sat2|vol3|sat3|vol4|sat4|volkeg|satkeg|hargasat|jumlah|rphblokir
2026|01|527010|015|08|CD|6212|AEF|01|51|1|001|100|JA|521211|019|A|01||1|1|Workshop SAP pada APIP KL|0||0||0||0||0||0|0|0
2026|01|527010|015|08|CD|6212|AEF|01|51|1|001|100|JA|521211|019|A|01|||2|KDM  Makan Rapat|18|ORG|1|FR|0||0||18|OF|57000|1026000|0
2026|01|527010|015|08|CD|6212|AEF|01|51|1|001|100|JA|521211|019|A|01|||3|KDM  KudapanSnack Rapat|18|ORG|1|FR|0||0||18|OF|24000|432000|0
2026|01|527010|015|08|CD|6212|AEF|01|51|1|001|100|JA|521211|019|A|02||1|4|Workshop Standar Akuntansi Pemerintah Daerah (SAPD)|0||0||0||0||0||0|0|0
2026|01|527010|015|08|CD|6212|AEF|01|51|1|001|100|JA|521211|019|A|02|||5|KDM  Makan Rapat|14|ORG|1|FR|0||0||14|OF|57000|798000|0
2026|01|527010|015|08|CD|6212|AEF|01|51|1|001|100|JA|521211|019|A|02|||6|KDM  KudapanSnack Rapat|14|ORG|1|FR|0||0||14|OF|24000|336000|0
2026|01|527010|015|08|CD|6212|AEF|01|51|1|001|100|JA|521211|019|A|03||1|7|Training of Trainers SAP pada KL|0||0||0||0||0||0|0|0
2026|01|527010|015|08|CD|6212|AEF|01|51|1|001|100|JA|521211|019|A|03|||8|KDM  Makan Rapat|19|ORG|1|FR|0||0||19|OF|57000|1083000|0
2026|01|527010|015|08|CD|6212|AEF|01|51|1|001|100|JA|521211|019|A|03|||9|KDM  KudapanSnack Rapat|19|ORG|1|FR|0||0||19|OF|24000|456000|0
2026|01|527010|015|08|CD|6212|AEF|01|51|1|001|100|JA|521211|019|A|04||1|10|Sosialisasi SAP Berbasis Akrual pada Pemda|0||0||0||0||0||0|0|0
2026|01|527010|015|08|CD|6212|AEF|01|51|1|001|100|JA|521211|019|A|04|||11|KDM  Makan Rapat|20|ORG|2|FR|0||0||40|OF|57000|2280000|0
2026|01|527010|015|08|CD|6212|AEF|01|51|1|001|100|JA|521211|019|A|04|||12|KDM  KudapanSnack Rapat|20|ORG|2|FR|0||0||40|OF|24000|960000|0
2026|01|527010|015|08|CD|6212|AEF|01|51|1|001|100|JA|521211|019|A|05||1|13|Sosialisasi SAP Berbasis Akrual pada KL Pusat|0||0||0||0||0||0|0|0
2026|01|527010|015|08|CD|6212|AEF|01|51|1|001|100|JA|521211|019|A|05|||14|KDM  Makan Rapat|21|ORG|2|FR|0||0||42|OF|57000|2394000|0
2026|01|527010|015|08|CD|6212|AEF|01|51|1|001|100|JA|521211|019|A|05|||15|KDM  KudapanSnack Rapat|21|ORG|2|FR|0||0||42|OF|24000|1008000|0
2026|01|527010|015|08|CD|6212|AEF|01|51|1|001|100|JA|522151|019|A||||1|Honorarium Narasumber|1|ORG|3|JAM|1|FR|0||3|OJ|900000|2700000|0
2026|01|527010|015|08|CD|6212|AEF|01|51|1|001|100|JA|524111|019|A|01||1|1|Sosialisasi SAP Berbasis Akrual pada Pemda|0||0||0||0||0||0|0|0
2026|01|527010|015|08|CD|6212|AEF|01|51|1|001|100|JA|524111|019|A|01|||2|Akomodasi|3|ORG|2|HR|4|FR|0||24|OHF|800000|19200000|0
2026|01|527010|015|08|CD|6212|AEF|01|51|1|001|100|JA|524111|019|A|01|||3|Transport|3|ORG|4|FR|0||0||12|OF|2000000|24000000|0
2026|01|527010|015|08|CD|6212|AEF|01|51|1|001|100|JA|524111|019|A|01|||4|Uang Saku Harian|3|ORG|3|HR|4|FR|0||36|OHF|384000|13824000|0
2026|01|527010|015|08|CD|6212|AEF|01|51|1|001|100|JA|524111|019|A|02||1|5|Sosialisasi SAP Berbasis Akrual pada KL Pusat|0||0||0||0||0||0|0|0
2026|01|527010|015|08|CD|6212|AEF|01|51|1|001|100|JA|524111|019|A|02|||6|Akomodasi|2|ORG|2|HR|3|FR|0||12|OHF|782000|9384000|0
2026|01|527010|015|08|CD|6212|AEF|01|51|1|001|100|JA|524111|019|A|02|||7|Transport|2|ORG|3|FR|0||0||6|OF|2000000|12000000|0
2026|01|527010|015|08|CD|6212|AEF|01|51|1|001|100|JA|524111|019|A|02|||8|Uang Saku Harian|2|ORG|3|HR|3|FR|0||18|OHF|328000|5904000|0
2026|01|527010|015|08|CD|6212|AEF|01|51|1|001|100|JA|524114|019|A|01||1|1|Workshop Standar Akuntansi Pemerintah Daerah (SAPD)|0||0||0||0||0||0|0|0
2026|01|527010|015|08|CD|6212|AEF|01|51|1|001|100|JA|524114|019|A|01|||2|Transport|2|ORG|1|FR|0||0||2|OF|500|1000|0
2026|01|527010|015|08|CD|6212|AEF|01|51|1|001|100|JA|524114|019|A|01|||3|Uang Saku|2|ORG|2|HR|1|FR|0||4|OHF|500|2000|0
2026|01|527010|015|08|CD|6212|AEF|01|51|1|001|100|JB|521211|019|A||||1|KDM  KudapanSnack Rapat|50|ORG|1|FR|0||0||50|OF|24000|1200000|0
2026|01|527010|015|08|CD|6212|AEF|01|51|1|001|100|JC|521211|019|A||||1|KDM  Makan Rapat Menter Keuangan Eselon I|82|ORG|1|FR|0||0||82|OF|118000|9676000|0
2026|01|527010|015|08|CD|6212|AEF|01|51|1|001|100|JC|521211|019|A||||2|KDM  Kudapan Snack Rapat Menteri  Setara  Eselon I|82|ORG|1|FR|0||0||82|OF|53000|4346000|0
2026|01|527010|015|08|CD|6212|AEF|01|51|1|001|100|JC|522191|019|A||||1|Biaya Penyelenggaraan Kegiatan Rapat Rangkaian Forum Akuntansi|1|PKT|1|FR|0||0||1|FR|168004000|168004000|0
2026|01|527010|015|08|CD|6212|AEF|01|51|1|001|100|JC|524111|019|A||||1|Akomodasi|3|ORG|2|HR|3|FR|0||18|OHF|733500|13203000|0
2026|01|527010|015|08|CD|6212|AEF|01|51|1|001|100|JC|524111|019|A||||2|Transport|3|ORG|3|FR|0||0||9|OF|2000000|18000000|0
2026|01|527010|015|08|CD|6212|AEF|01|51|1|001|100|JC|524111|019|A||||3|Uang Saku Harian|3|ORG|3|HR|3|FR|0||27|OHF|384000|10368000|0
2026|01|527010|015|08|CD|6212|AEF|01|51|1|001|100|JD|521211|019|A||||1|CTK  Pencetakan LKPP Berbahasa Inggris|20|Buku|1|FR|0||0||20|Eks|250000|5000000|0
2026|01|527010|015|08|CD|6212|AEF|01|51|1|001|100|JD|521211|019|A||||2|CTK  Publikasi LKPP dan LKBUN Tahun 2025|1|Media|1|FR|0||0||1|Media|63124000|63124000|0
2026|01|527010|015|08|CD|6212|AEF|01|51|1|001|100|JD|522191|019|A||||1|Penerjemah|500|HAL|1|FR|0||0||500|HAL|168000|84000000|0
2026|01|527010|015|08|CD|6212|AEF|01|51|1|002|100|SA|521211|019|A||||1|KDM  Konsumsi snack|38|org|18|frek|0||0||684|OF|13860|9480000|0
2026|01|527010|015|08|CD|6212|AEF|01|51|1|002|100|SA|521211|019|A||||2|KDM  Konsumsi Makan|30|org|20|frek|0||0||600|OF|26539|15923000|0
2026|01|527010|015|08|CD|6212|AEF|01|51|1|002|100|SA|522151|019|A||||1|Honor Narasumber Eselon III KL Lain|2|ORG|2|JAM|3|FREK|0||12|OJ|792000|9504000|0
2026|01|527010|015|08|CD|6212|AEF|01|51|1|002|100|SA|524111|019|A||||1|Akomodasi|5|ORG|2|HR|1|FREK|6|LOK|60|OHFL|464934|27896000|0
2026|01|527010|015|08|CD|6212|AEF|01|51|1|002|100|SA|524111|019|A||||2|Transportasi|5|org|2|lok|6|frek|0||60|OK|742350|44541000|0
2026|01|527010|015|08|CD|6212|AEF|01|51|1|002|100|SA|524111|019|A||||3|Uang Harian|5|org|3|hr|6|lok|0||90|OH|333212|29989000|0
2026|01|527010|015|08|CD|6212|AEF|01|51|1|002|100|SA|524113|019|A||||1|Transport|1|org|5|frek|0||0||5|OF|116200|581000|0
2026|01|527010|015|08|CD|6212|AEF|01|51|1|002|100|SA|524114|019|A||||1|Transportasi|35|org|1|frek|0||0||35|OK|116229|4068000|0
2026|01|527010|015|08|CD|6212|AEF|01|51|1|002|100|SA|524114|019|A||||2|Biaya Paket Fullboard Pejabat  Eselon III Ke Bawah|35|org|2|frek|1|hr|0||70|OHF|927558|64929000|0
2026|01|527010|015|08|CD|6212|AEF|01|51|1|002|100|SA|524114|019|A||||3|Uang Harian Fullboard|35|org|3|hr|0||0||105|OHF|100734|10577000|0
2026|01|527010|015|08|CD|6212|AEF|01|51|1|004|100|HA|522151|019|A||||1|Narasumber Tenaga Profesional|0||0||0||0||2|OJ|1496000|2992000|0
2026|01|527010|015|08|CD|6212|AEF|01|51|1|004|100|HB|522151|019|A||||1|Honorarium Narasumber (MenteriPejabat Setingkat Menteri)|0||0||0||0||6|OJ|1276000|7656000|0
2026|01|527010|015|08|CD|6212|AEF|01|51|1|004|100|HB|524111|019|A||||1|3. Biaya Penginapan|0||0||0||0||24|OH|542438|13018000|0
2026|01|527010|015|08|CD|6212|AEF|01|51|1|004|100|HB|524111|019|A||||2|2. Uang Harian|0||0||0||0||36|OH|286709|10321000|0
2026|01|527010|015|08|CD|6212|AEF|01|51|1|004|100|HB|524111|019|A||||3|1. Transport PP|0||0||0||0||12|OK|2402188|28826000|0
2026|01|527010|015|08|CD|6212|AEF|01|51|1|004|100|HB|524113|019|A||||1|1. Transport Lokal|0||0||0||0||4|OK|131750|527000|0
2026|01|527010|015|08|CD|6212|AEF|01|51|1|004|100|HB|524113|019|A||||2|2. Uang Harian|0||0||0||0||4|OH|130125|520000|0
2026|01|527010|015|08|CD|6212|AEF|01|51|1|004|100|HC|522151|019|A|01||1|1|Workshop Pengelolaan Risiko Investasi|0||0||0||0||0||0|0|0
2026|01|527010|015|08|CD|6212|AEF|01|51|1|004|100|HC|522151|019|A|01|||2|Narasumber Tenaga Profesional|2|ORG|2|JAM|1|FREK|0||4|OJ|1408000|5632000|0
2026|01|527010|015|08|CD|6212|AEF|01|51|1|004|100|HC|524111|019|A|01||1|1|Perjalanan Dinas dalam rangka pembinaan dan pengembangan lembaga investasi pemerintah kantor vertikal|0||0||0||0||0||0|0|0
2026|01|527010|015|08|CD|6212|AEF|01|51|1|004|100|HC|524111|019|A|01|||2|Tiket PP|3|ORG|1|LOK|1|FREK|0||3|OK|2115334|6346000|0
2026|01|527010|015|08|CD|6212|AEF|01|51|1|004|100|HC|524111|019|A|01|||3|Uang Harian|3|ORG|1|LOK|1|FREK|3|HARI|9|OH|232445|2092000|0
2026|01|527010|015|08|CD|6212|AEF|01|51|1|004|100|HC|524111|019|A|01|||4|Biaya Penginapan|3|ORG|1|LOK|1|FREK|2|HARI|6|OH|542500|3255000|0
2026|01|527010|015|08|CD|6212|AEF|01|51|1|004|100|HC|524113|019|A|01||1|1|Perjalanan dinas dalam rangka pelaksanaan Pembinaan ke BLU dibawah DJPb|0||0||0||0||0||0|0|0
2026|01|527010|015|08|CD|6212|AEF|01|51|1|004|100|HC|524113|019|A|01|||2|Transport Lokal|15|ORG|4|HARI|2|FREK|0||120|OK|131734|15808000|0
2026|01|527010|015|08|CD|6212|AEF|01|51|1|004|100|HC|524113|019|A|01|||3|Uang Harian|15|ORG|4|HARI|2|FREK|0||120|OH|116234|13948000|0
2026|01|527010|015|08|CD|6212|AEF|01|51|1|004|100|HD|522151|019|A|01||1|1|Sosialisasi PP Pemberian Pinjaman|0||0||0||0||0||0|0|0
2026|01|527010|015|08|CD|6212|AEF|01|51|1|004|100|HD|522151|019|A|01|||2|Narasumber Tenaga Profesional|3|ORG|3|JAM|1|FREK|0||9|OJ|1496000|13464000|0
2026|01|527010|015|08|CD|6212|AEF|01|51|1|004|100|HE|522151|019|A||||1|Honor Narasumber Tenaga Profesional|1|ORG|3|JAM|2|FREK|0||6|OJ|1496000|8976000|0
2026|01|527010|015|08|CD|6212|AEF|01|51|1|004|100|HG|524111|019|A|01||1|1|Monitoring dan evaluasi pelaksanaan kredit program dan subsidi bunga|0||0||0||0||0||0|0|0
2026|01|527010|015|08|CD|6212|AEF|01|51|1|004|100|HG|524111|019|A|01|||2|Tiket PP|2|ORG|4|LOK|3|FREK|0||24|OK|1484800|35635000|0
2026|01|527010|015|08|CD|6212|AEF|01|51|1|004|100|HG|524111|019|A|01|||3|Uang Harian|2|ORG|4|LOK|3|FREK|3|HARI|72|OH|232473|16738000|0
2026|01|527010|015|08|CD|6212|AEF|01|51|1|004|100|HG|524111|019|A|01|||4|Biaya Penginapan|2|ORG|4|LOK|3|FREK|2|HARI|48|OH|397521|19081000|0
2026|01|527010|015|08|CD|6212|AEF|01|51|1|005|100|HA|522151|019|A||||1|Narasumber Tenaga Profesional|0||0||0||0||3|OJ|1496000|4488000|0
2026|01|527010|015|08|CD|6212|AEF|01|51|1|005|100|HB|522151|019|A||||1|Narasumber Tenaga Profesional|0||0||0||0||9|OJ|1496000|13464000|0
2026|01|527010|015|08|CD|6212|AEF|01|51|1|005|100|HB|524111|019|A||||1|3. Biaya Penginapan|0||0||0||0||12|OH|464917|5579000|0
2026|01|527010|015|08|CD|6212|AEF|01|51|1|005|100|HB|524111|019|A||||2|1. Tiket PP|0||0||0||0||6|OK|2557167|15343000|0
2026|01|527010|015|08|CD|6212|AEF|01|51|1|005|100|HB|524111|019|A||||3|2. Uang Harian|0||0||0||0||18|OH|271223|4882000|0
2026|01|527010|015|08|CD|6212|AEF|01|51|1|005|100|HB|524113|019|A||||1|1. Transport Lokal|0||0||0||0||12|OK|131750|1581000|0
2026|01|527010|015|08|CD|6212|AEF|01|51|1|005|100|HC|524111|019|A|01||1|1|Monitoring dan evaluasi pelaksanaan Implementasi Sistem EWS Terpadu|0||0||0||0||0||0|0|0
2026|01|527010|015|08|CD|6212|AEF|01|51|1|005|100|HC|524111|019|A|01|||2|2. Uang Harian|0||0||0||0||12| OH|232500|2790000|0
2026|01|527010|015|08|CD|6212|AEF|01|51|1|005|100|HC|524111|019|A|01|||3|3. Biaya Penginapan|0||0||0||0||8|OH|397500|3180000|0
2026|01|527010|015|08|CD|6212|AEF|01|51|1|005|100|HC|524111|019|A|01|||4|1. Tiket  PP|0||0||0||0||4|OK|2634750|10539000|0
2026|01|527010|015|08|CD|6212|AEF|01|51|1|005|100|HC|524119|019|A||||1|3. Biaya Penginapan|0||0||0||0||30|OH|811000|24330000|0
2026|01|527010|015|08|CD|6212|AEF|01|51|1|005|100|HC|524119|019|A||||2|2. Uang Harian|0||0||0||0||45|OH|130000|5850000|0
2026|01|527010|015|08|CD|6212|AEF|01|51|1|005|100|HC|524119|019|A||||3|1. Transport|0||0||0||0||15|OK|300000|4500000|0
2026|01|527010|015|08|CD|6212|FAC|01|51|1|004|100|IA|521211|019|A||||1|KDM  Konsumsi Rapat Snack|100|ORG|3|FR|0||0||300|OF|15120|4536000|0
2026|01|527010|015|08|CD|6212|FAC|01|51|1|004|100|IA|521211|019|A||||2|KDM  Konsumsi Rapat Makan|100|ORG|3|FR|0||0||300|OF|35910|10773000|0
2026|01|527010|015|08|CD|6212|FAC|01|51|1|005|100|FA|521211|019|A||||1|CTK  Pengadaan Plakat Penghargaan Penyaluran DAK Fisik, Dana BOS, dan Dana Desa|3|BUAH|5|KATEG|0||0||15|BUAH|472467|7087000|0
2026|01|527010|015|08|CD|6212|FAC|01|51|1|005|100|FA|521211|019|A||||2|CTK  Penggandaan Laporan Monev Penyaluran DAK Fisik, Dana BOS, dan Dana Desa|15|EKS|1|FREK|0||0||15|EKS|390600|5859000|0
2026|01|527010|015|08|CD|6212|FAC|01|51|1|005|100|FA|521211|019|A||||3|CTK  Penggandaan Laporan Keuangan Penyaluran DAK Fisik, Dana BOS, dan Dana Desa|15|EKS|1|FREK|0||0||15|EKS|390600|5859000|0
2026|01|527010|015|08|CD|6212|FAC|01|51|1|005|100|FA|522151|019|A||||1|Honorarium Narasumber|2|ORG|2|JAM|2|FREK|0||8|OJ|880000|7040000|0
2026|01|527010|015|08|CD|6212|FAC|01|51|1|005|100|FA|524111|019|A||||1|Penginapan|3|ORG|1|LOK|2|HARI|1|FREK|6|OH|620000|3720000|0
2026|01|527010|015|08|CD|6212|FAC|01|51|1|005|100|FA|524111|019|A||||2|Uang Harian Luar Kota|3|ORG|1|LOK|3|HARI|1|FREK|9|OH|266556|2399000|0
2026|01|527010|015|08|CD|6212|FAC|01|51|1|005|100|FA|524111|019|A||||3|Uang Transport Luar Kota|3|ORG|1|LOK|1|FREK|0||3|OK|961667|2885000|0
2026|01|527010|015|08|CD|6212|FAC|01|51|1|005|100|FA|524114|019|A||||1|Uang Transport Luar Kota|4|ORG|4|FREK|0||0||16|OK|162750|2604000|0
2026|01|527010|015|08|CD|6212|FAC|01|51|1|005|100|FA|524114|019|A||||2|Uang Transport Dalam Kota|32|ORG|4|FREK|0||0||128|OK|131735|16862000|0
2026|01|527010|015|08|CD|6212|FAC|01|51|1|005|100|FA|524114|019|A||||3|Uang Harian Luar Kota|4|ORG|4|HARI|4|FREK|0||64|OH|100735|6447000|0
2026|01|527010|015|08|CD|6212|FAC|01|51|1|005|100|FA|524114|019|A||||4|Uang Harian Dalam Kota|32|ORG|4|HARI|4|FREK|0||512|OH|100737|51577000|0
2026|01|527010|015|08|CD|6212|FAC|01|51|1|005|100|FA|524114|019|A||||5|Biaya Paket Kegiatan RapatPertemuan Full Board Dalam Kota|36|ORG|3|HARI|4|FREK|0||432|OP|926005|400034000|0
2026|01|527010|015|08|CD|6212|FAC|01|51|1|003|100|IA|521211|019|A|01||1|1|FGDSosialisasiEdukasi Satker BLU|0||0||0||0||0||0|0|0
2026|01|527010|015|08|CD|6212|FAC|01|51|1|003|100|IA|521211|019|A|01|||2|KDM  Konsumsi Rapat Snack|100|ORG|4|FR|0||0||400|OF|11030|4412000|0
2026|01|527010|015|08|CD|6212|FAC|01|51|1|003|100|IA|521211|019|A|01|||3|KDM  Konsumsi Rapat Makan|100|ORG|4|FR|0||0||400|OF|40000|16000000|0
2026|01|527010|015|08|CD|6212|FAC|01|51|1|003|100|IA|522151|019|A|01||1|1|FGDSosialisasiEdukasi Satker BLU|0||0||0||0||0||0|0|0
2026|01|527010|015|08|CD|6212|FAC|01|51|1|003|100|IA|522151|019|A|01|||2|Honor Narasumber PakarPraktisiProfesional|3|ORG|3|JAM|4|FR|0||36|OJ|997334|35904000|0
2026|01|527010|015|08|CD|6212|FAC|01|51|1|003|100|IB|524111|019|A|01||1|1|ASISTENSI PEMBINAAN BLU DAN BLUD|0||0||0||0||0||0|0|0
2026|01|527010|015|08|CD|6212|FAC|01|51|1|003|100|IB|524111|019|A|01|||2|Uang Harian|2|ORG|3|HARI|5|FR|0||30|OH|200000|6000000|0
2026|01|527010|015|08|CD|6212|FAC|01|51|1|003|100|IB|524111|019|A|01|||3|Biaya Penginapan|2|ORG|2|HARI|5|FR|0||20|OH|637250|12745000|0
2026|01|527010|015|08|CD|6212|FAC|01|51|1|003|100|IB|524111|019|A|01|||4|Biaya Transport|2|ORG|5|FR|0||0||10|OH|2000000|20000000|0
2026|01|527010|015|08|CD|6212|FAC|01|51|1|008|100|SA|521211|019|A||||1|KDM  Snack|20|org|20|fr|0||0||400|OF|13860|5544000|0
2026|01|527010|015|08|CD|6212|FAC|01|51|1|008|100|SA|521211|019|A||||2|KDM  Makan|20|org|10|fr|0||0||200|OF|29610|5922000|0
2026|01|527010|015|08|CD|6212|FAC|01|51|1|008|100|SA|522151|019|A||||1|Honor Narasumber Eselon III KL Lain|2|ORG|2|JAM|3|FREK|0||12|OJ|792000|9504000|0
2026|01|527010|015|08|CD|6212|FAC|01|51|1|008|100|SA|524111|019|A||||1|Akomodasi|10|oeg|2|hr|2|fr|2|lok|80|OHFL|464938|37195000|0
2026|01|527010|015|08|CD|6212|FAC|01|51|1|008|100|SA|524111|019|A||||2|Transportasi|10|org|2|fr|2|lok|0||40|OK|742325|29693000|0
2026|01|527010|015|08|CD|6212|FAC|01|51|1|008|100|SA|524111|019|A||||3|Uang Harian|10|org|3|hr|2|fr|2|lok|120|OHFL|333209|39985000|0
2026|01|527010|015|08|CD|6212|FAC|01|51|1|008|100|SA|524113|019|A||||1|Transportasi|5|org|1|fr|1|lok|0||5|OFL|116200|581000|0
2026|01|527010|015|08|CD|6212|FAC|01|51|1|008|100|SB|521211|019|A||||1|KDM  Snack|30|org|10|fr|0||0||300|OF|13860|4158000|0
2026|01|527010|015|08|CD|6212|FAC|01|51|1|008|100|SB|521211|019|A||||2|KDM  Makan|30|org|5|fr|0||0||150|OF|29607|4441000|0
2026|01|527010|015|08|CD|6212|FAC|01|51|1|008|100|SB|522151|019|A||||1|Honor Narasumber Eselon III KL Lain|2|org|2|jam|3|fr|0||12|OJ|807334|9688000|0
2026|01|527010|015|08|CD|6212|FAC|01|51|1|008|100|SB|524111|019|A||||1|Akomodasi|6|org|3|hr|2|fr|1|lok|36|OHFL|387445|13948000|0
2026|01|527010|015|08|CD|6212|FAC|01|51|1|008|100|SB|524111|019|A||||2|Transportasi|6|org|1|fr|2|lok|0||12|OK|271250|3255000|0
2026|01|527010|015|08|CD|6212|FAC|01|51|1|008|100|SB|524111|019|A||||3|Uang Harian|6|org|3|hr|2|fr|1|lok|36|OHFL|232473|8369000|0
2026|01|527010|015|08|CD|6212|FAC|01|51|1|008|100|SC|521211|019|A||||1|KDM  Snack|25|org|2|fr|0||0||50|OF|13860|693000|0
2026|01|527010|015|08|CD|6212|FAC|01|51|1|008|100|SC|521211|019|A||||2|KDM  Makan|25|org|1|fr|0||0||25|OF|29600|740000|0
2026|01|527010|015|08|CD|6212|FAC|01|51|1|001|100|LA|521211|019|A||||1|KDM  Konsumsi Snack|30|ORG|1|LOK|36|FR|0||1080|OK|15121|16330000|0
2026|01|527010|015|08|CD|6212|FAC|01|51|1|001|100|LA|521211|019|A||||2|KDM  Konsumsi Makan|30|ORG|1|LOK|36|FR|0||1080|OK|35911|38783000|0
2026|01|527010|015|08|CD|6212|FAC|01|51|1|001|100|LA|522151|019|A|01||1|1|Honor Narasumber Evaluasi Implementasi Kepuasan Pengguna Layanan Sistem IT|0||0||0||0||0||0|0|0
2026|01|527010|015|08|CD|6212|FAC|01|51|1|001|100|LA|522151|019|A|01|||2|Narasumber AkademisiProfesional|3|KEG|5|ORG|5|JAM|3|HR|225|OJ|792000|178200000|0
2026|01|527010|015|08|CD|6212|FAC|01|51|1|001|100|LA|524111|019|A||||1|Akomodasi|4|ORG|3|HR|2|FR|3|LOK|72|OH|658667|47424000|0
2026|01|527010|015|08|CD|6212|FAC|01|51|1|001|100|LA|524111|019|A||||2|Uang Harian|4|ORG|4|HR|2|FR|3|LOK|96|OH|294459|28268000|0
2026|01|527010|015|08|CD|6212|FAC|01|51|1|001|100|LA|524111|019|A||||3|Transport|4|ORG|2|FR|3|LOK|0||24|OK|2712167|65092000|0
2026|01|527010|015|08|CD|6212|FAC|01|51|1|001|100|LA|524113|019|A||||1|Uang Harian|3|ORG|3|HR|1|FR|3|LOK|27|OH|130186|3515000|0
2026|01|527010|015|08|CD|6212|FAC|01|51|1|001|100|LA|524113|019|A||||2|Transport|3|ORG|3|HR|1|FR|3|LOK|27|OK|131741|3557000|0
2026|01|527010|015|08|CD|6212|FAC|01|51|1|007|100|IA|521211|019|A||||1|KDM  Konsumsi Rapat Snack|20|ORG|4|FR|0||0||80|OF|16375|1310000|0
2026|01|527010|015|08|CD|6212|FAC|01|51|1|007|100|IA|521211|019|A||||2|KDM  Konsumsi Rapat Makan|20|ORG|4|FR|0||0||80|OF|46000|3680000|0
2026|01|527010|015|08|CD|6212|FAH|01|51|1|001|100|JA|524111|019|A||||1|Transport|2|ORG|4|FR|0||0||8|OF|2037000|16296000|0
2026|01|527010|015|08|CD|6212|FAH|01|51|1|001|100|JA|524111|019|A||||2|Akomodasi|2|ORG|2|HR|4|FR|0||16|OH|800000|12800000|0
2026|01|527010|015|08|CD|6212|FAH|01|51|1|001|100|JA|524111|019|A||||3|Uang Saku Harian|2|ORG|3|HR|4|FR|0||24|OH|384000|9216000|0
2026|01|527010|015|08|CD|6212|FAH|01|51|1|002|100|JA|522151|019|A||||1|Honorarium Narasumber Bilateral Experience Sharing|1|ORG|2|JAM|1|FR|0||2|OJ|1000000|2000000|0
2026|01|527010|015|08|CD|6212|FAH|01|51|1|002|100|JA|522151|019|A||||2|Honorarium Narasumber FGD|1|ORG|2|JAM|1|FR|0||2|OJ|900000|1800000|0
2026|01|527010|015|08|CD|6212|FAH|01|51|1|003|100|JA|521211|019|A|01||1|1|Penyuluhan SAI Tingkat UAPAUAPPA Eselon I KL dan Bidang PAPK Kanwil DJPb|0||0||0||0||0||0|0|0
2026|01|527010|015|08|CD|6212|FAH|01|51|1|003|100|JA|521211|019|A|01|||2|KDM  Konsumsi Makan|20|ORG|4|FR|0||0||80|OF|57000|4560000|0
2026|01|527010|015|08|CD|6212|FAH|01|51|1|003|100|JA|521211|019|A|01|||3|KDM  Konsumsi Snack|20|ORG|4|FR|0||0||80|OF|24000|1920000|0
2026|01|527010|015|08|CD|6212|FAH|01|51|1|003|100|JA|524114|019|A||||1|Transport Panitia dan Narsum|20|ORG|1|HR|1|FR|0||20|OF|170000|3400000|0
2026|01|527010|015|08|CD|6212|FAH|01|51|1|003|100|JA|524114|019|A||||2|Biaya Paket Meeting|3|ORG|1|HR|1|FR|0||3|OH|1190000|3570000|0
2026|01|527010|015|08|CD|6212|FAH|01|51|1|003|100|JB|521211|019|A||||1|KDM  Konsumsi Makan|15|ORG|3|FR|0||0||45|OF|57000|2565000|0
2026|01|527010|015|08|CD|6212|FAH|01|51|1|003|100|JB|521211|019|A||||2|KDM  Konsumsi Snack|15|ORG|2|KALI|3|FR|0||90|OF|24000|2160000|0
2026|01|527010|015|08|CD|6212|FAH|01|51|1|003|100|JB|521211|019|A||||3|Bahan Habis Pakai dan Dokumantasi|1|PKT|1|FR|0||0||1|PKT|465000|465000|0
2026|01|527010|015|08|CD|6212|FAH|01|51|1|003|100|JB|524111|019|A||||1|Transport|1|ORG|3|FR|0||0||3|OF|2098000|6294000|0
2026|01|527010|015|08|CD|6212|FAH|01|51|1|003|100|JB|524111|019|A||||2|Akomodasi|1|ORG|2|HR|3|FR|0||6|OH|800000|4800000|0
2026|01|527010|015|08|CD|6212|FAH|01|51|1|003|100|JB|524111|019|A||||3|Uang Saku Harian|1|ORG|3|HR|3|FR|0||9|OH|384000|3456000|0
2026|01|527010|015|08|CD|6212|FAH|01|51|1|003|100|JC|521211|019|A||||1|KDM  Konsumsi Makan Rapat|20|ORG|1|FR|0||0||20|OF|57000|1140000|0
2026|01|527010|015|08|CD|6212|FAH|01|51|1|003|100|JC|521211|019|A||||2|KDM  Snack Rapat|20|ORG|1|FR|0||0||20|OF|24000|480000|0
2026|01|527010|015|08|CD|6212|FAH|01|51|1|003|100|JC|524111|019|A|01||1|1|Monitoring Tindak Lanjut Pemerintah terhadap Pemeriksaan Temuan BPK atas LKPP|0||0||0||0||0||0|0|0
2026|01|527010|015|08|CD|6212|FAH|01|51|1|003|100|JC|524111|019|A|01|||2|Transport|2|ORG|4|FR|0||0||8|OF|2000000|16000000|0
2026|01|527010|015|08|CD|6212|FAH|01|51|1|003|100|JC|524111|019|A|01|||3|Akomodasi|2|ORG|2|HR|4|FR|0||16|OH|713000|11408000|0
2026|01|527010|015|08|CD|6212|FAH|01|51|1|003|100|JC|524111|019|A|01|||4|Uang Saku Harian|2|ORG|3|HR|4|FR|0||24|OH|384000|9216000|0
2026|01|527010|015|08|CD|6212|FAL|01|51|1|002|100|OB|521211|019|A|01||1|1|Analisis Meeting Oleh Chief Economist Perbankan dan Perusahaan Sekuritas|0||0||0||0||0||0|0|0
2026|01|527010|015|08|CD|6212|FAL|01|51|1|002|100|OB|521211|019|A|01|||2|KDM  Snack Rapat|100|ORG|4|KEG|0||0||400|OK|13860|5544000|0
2026|01|527010|015|08|CD|6212|FAL|01|51|1|002|100|OB|521211|019|A|02||1|3|FGD Risk And Portfolio Management|0||0||0||0||0||0|0|0
2026|01|527010|015|08|CD|6212|FAL|01|51|1|002|100|OB|521211|019|A|02|||4|KDM  Snack Rapat|100|ORG|4|KEG|0||0||400|OK|13860|5544000|0
2026|01|527010|015|08|CD|6212|FAL|01|51|1|002|100|OB|522151|019|A|01||1|1|Analisis Meeting Oleh Chief Economist Perbankan dan Perusahaan Sekuritas|0||0||0||0||0||0|0|0
2026|01|527010|015|08|CD|6212|FAL|01|51|1|002|100|OB|522151|019|A|01|||2|Narasumber Eselon II yang disetarakan|1|ORG|2|JAM|4|KEG|0||8|OJ|880000|7040000|0
2026|01|527010|015|08|CD|6212|FAL|01|51|1|002|100|OB|522151|019|A|02||1|3|FGD Risk And Portfolio Management|0||0||0||0||0||0|0|0
2026|01|527010|015|08|CD|6212|FAL|01|51|1|002|100|OB|522151|019|A|02|||4|Narasumber Eselon II yang disetarakan|1|ORG|2|JAM|4|KEG|0||8|OJ|880000|7040000|0
2026|01|527010|015|08|CD|6212|FAL|01|51|1|002|100|OC|521211|019|A||||1|KDM  Snack Rapat|20|ORG|1|KEG|0||0||20|OK|17250|345000|0
2026|01|527010|015|08|CD|6212|FAL|01|51|1|002|100|OC|521211|019|A||||2|KDM  Makan Rapat|20|ORG|1|KEG|0||0||20|OK|30000|600000|0
2026|01|527010|015|08|CD|6212|FAL|01|51|1|002|100|OC|524111|019|A||||1| Akomodasi|2|ORG|2|HR|1|KEG|0||4|OH|605250|2421000|0
2026|01|527010|015|08|CD|6212|FAL|01|51|1|002|100|OC|524111|019|A||||2|Tiket|2|ORG|1|KEG|1|FR|0||2|OH|2500000|5000000|0
2026|01|527010|015|08|CD|6212|FAL|01|51|1|002|100|OC|524111|019|A||||3|Uang Harian|2|ORG|3|HR|1|KEG|0||6|OH|300000|1800000|0
2026|01|527010|015|08|CD|6212|FAL|01|51|1|002|100|OD|524111|019|A||||1| Akomodasi|2|ORG|2|HR|2|KEG|2|LOK|16|OH|1109000|17744000|0
2026|01|527010|015|08|CD|6212|FAL|01|51|1|002|100|OD|524111|019|A||||2|Tiket|2|ORG|2|KEG|2|LOK|0||8|OH|2500000|20000000|0
2026|01|527010|015|08|CD|6212|FAL|01|51|1|002|100|OD|524111|019|A||||3|Uang Harian|2|ORG|3|HR|2|KEG|2|LOK|24|OH|300000|7200000|0
2026|01|527010|015|08|CD|6212|FAL|01|51|1|002|100|OE|521211|019|A||||1|CTK  Banner Kegiatan|1|BUAH|1|KEG|0||0||1|BUAH|723000|723000|0
2026|01|527010|015|08|CD|6212|FAL|01|51|1|002|100|OE|521211|019|A||||2|CTK  Dokumentasi|1|BUAH|1|KEG|0||0||1|BUAH|500000|500000|0
2026|01|527010|015|08|CD|6212|FAL|01|51|1|002|100|OE|521211|019|A||||3|KDM  Snack Rapat|20|ORG|1|KEG|0||0||20|OK|30000|600000|0
2026|01|527010|015|08|CD|6212|FAL|01|51|1|002|100|OE|521211|019|A||||4|KDM  Makan Rapat|20|ORG|1|KEG|0||0||20|OK|34850|697000|0
2026|01|527010|015|08|CD|6212|FAL|01|51|1|002|100|OE|524111|019|A||||1| Akomodasi|5|ORG|2|HR|1|KEG|1|LOK|10|OH|634000|6340000|0
2026|01|527010|015|08|CD|6212|FAL|01|51|1|002|100|OE|524111|019|A||||2|Tiket|5|ORG|2|KEG|1|LOK|0||10|OH|2500000|25000000|0
2026|01|527010|015|08|CD|6212|FAL|01|51|1|002|100|OE|524111|019|A||||3|Uang Harian|5|ORG|3|HR|1|KEG|1|LOK|15|OH|300000|4500000|0
2026|01|527010|015|08|CD|6212|FAL|01|51|1|002|100|OE|524113|019|A||||1|Transport Dalam Kota|2|ORG|2|KEG|2|HR|2|FR|16|OK|126438|2023000|0
2026|01|527010|015|08|CD|6212|FAL|01|51|1|002|100|OE|524113|019|A||||2|Uang Harian Dalam Kota Lebih Dari 8 Jam|2|ORG|2|KEG|2|HR|2|FR|16|OH|120000|1920000|0
2026|01|527010|015|08|CD|6212|FAL|01|51|1|002|100|OF|524111|019|A||||1| Akomodasi|2|ORG|3|HR|1|KEG|1|LOK|6|OH|813500|4881000|0
2026|01|527010|015|08|CD|6212|FAL|01|51|1|002|100|OF|524111|019|A||||2|Tiket|2|ORG|1|KEG|1|LOK|0||2|OH|2500000|5000000|0
2026|01|527010|015|08|CD|6212|FAL|01|51|1|002|100|OF|524111|019|A||||3|Uang Harian|2|ORG|2|HR|1|KEG|1|LOK|4|OH|300000|1200000|0
2026|01|527010|015|08|CD|6212|FAL|01|51|1|002|100|OF|524113|019|A||||1|Transport Dalam Kota|6|ORG|1|KEG|1|HR|5|FR|30|OK|124734|3742000|0
2026|01|527010|015|08|CD|6212|FAL|01|51|1|002|100|OF|524113|019|A||||2|Uang Harian Dalam Kota Lebih Dari 8 Jam|5|ORG|1|KEG|1|HR|5|FR|25|OH|120000|3000000|0
2026|01|527010|015|08|CD|6212|FAL|01|51|1|002|100|OG|521211|019|A|01||1|1|FGD  Pengembangan RCE dan TDR|0||0||0||0||0||0|0|0
2026|01|527010|015|08|CD|6212|FAL|01|51|1|002|100|OG|521211|019|A|01|||2|KDM  Snack Rapat|25|ORG|2|KEG|2|FR|0||100|OK|13860|1386000|0
2026|01|527010|015|08|CD|6212|FAL|01|51|1|002|100|OG|521211|019|A|01|||3|KDM  Makan Rapat|25|ORG|2|KEG|2|FR|0||100|OK|33390|3339000|0
2026|01|527010|015|08|CD|6212|FAL|01|51|1|002|100|OG|524111|019|A|01||1|1|Pengembangan RCE dan TDR|0||0||0||0||0||0|0|0
2026|01|527010|015|08|CD|6212|FAL|01|51|1|002|100|OG|524111|019|A|01|||2| Akomodasi|3|ORG|2|HR|2|KEG|1|LOK|12|OH|740917|8891000|0
2026|01|527010|015|08|CD|6212|FAL|01|51|1|002|100|OG|524111|019|A|01|||3|Tiket|3|ORG|1|KEG|2|LOK|0||6|OH|2500000|15000000|0
2026|01|527010|015|08|CD|6212|FAL|01|51|1|002|100|OG|524111|019|A|01|||4|Uang Harian|3|ORG|3|HR|2|KEG|1|LOK|18|OH|300000|5400000|0
2026|01|527010|015|08|CD|6212|FAL|01|51|1|002|100|OH|524111|019|A|01||1|1|Pembinaan Bendahara Instansi Pada Kanwil dan KPPN|0||0||0||0||0||0|0|0
2026|01|527010|015|08|CD|6212|FAL|01|51|1|002|100|OH|524111|019|A|01|||2| Akomodasi|3|ORG|2|HR|1|KEG|1|LOK|6|OH|750000|4500000|0
2026|01|527010|015|08|CD|6212|FAL|01|51|1|002|100|OH|524111|019|A|01|||3|Tiket|3|ORG|1|KEG|1|LOK|0||3|OH|2500000|7500000|0
2026|01|527010|015|08|CD|6212|FAL|01|51|1|002|100|OH|524111|019|A|01|||4|Uang Harian|3|ORG|3|HR|1|KEG|1|LOK|9|OH|294445|2650000|0
2026|01|527010|015|08|CD|6212|FAL|01|51|1|002|100|OJ|521211|019|A|01||1|1|FGD  Pengembangan RCE dan TDR|0||0||0||0||0||0|0|0
2026|01|527010|015|08|CD|6212|FAL|01|51|1|002|100|OJ|521211|019|A|01|||2|KDM  Snack Rapat|20|ORG|1|KEG|1|FR|0||20|OK|13850|277000|0
2026|01|527010|015|08|CD|6212|FAL|01|51|1|002|100|OJ|521211|019|A|01|||3|KDM  Makan Rapat|20|ORG|1|KEG|1|FR|0||20|OK|33400|668000|0
2026|01|527010|015|08|CD|6212|FAL|01|51|1|002|100|OJ|524111|019|A||||1| Akomodasi|1|ORG|2|HR|1|KEG|1|LOK|2|OH|663000|1326000|0
2026|01|527010|015|08|CD|6212|FAL|01|51|1|002|100|OJ|524111|019|A||||2|Tiket|1|ORG|1|KEG|1|LOK|0||1|OH|2500000|2500000|0
2026|01|527010|015|08|CD|6212|FAL|01|51|1|002|100|OJ|524111|019|A||||3|Uang Harian|1|ORG|3|HR|1|KEG|1|LOK|3|OH|300000|900000|0
2026|01|527010|015|08|CD|6212|FAL|01|51|1|002|100|OJ|524113|019|A||||1|Transport Dalam Kota|3|ORG|1|KEG|2|HR|1|FR|6|OK|126334|758000|0
2026|01|527010|015|08|CD|6212|FAL|01|51|1|002|100|OJ|524113|019|A||||2|Uang Harian Dalam Kota Lebih Dari 8 Jam|3|ORG|1|KEG|2|HR|1|FR|6|OH|120000|720000|0
2026|01|527010|015|08|CD|6212|FAN|01|51|1|ZZ1|ZZ1|CA|524111|019|A||||1|Pemenuhan Prioritas Direktif Presiden|0||0||0||0||1|PKT|66916090000|66916090000|0
2026|01|527010|015|08|CD|6212|UAL|01|51|1|208|100|OE|521211|019|A|01||1|1|FGD|0||0||0||0||0||0|0|0
2026|01|527010|015|08|CD|6212|UAL|01|51|1|208|100|OE|521211|019|A|01|||2|CTK  Banner Kegiatan|1|BUAH|12|KEG|0||0||12|BUAH|918334|11020000|0
2026|01|527010|015|08|CD|6212|UAL|01|51|1|208|100|OE|521211|019|A|01|||3|KDM  Snack Rapat|45|ORG|12|KEG|1|FR|0||540|OK|24000|12960000|0
2026|01|527010|015|08|CD|6212|UAL|01|51|1|208|100|OE|521211|019|A|01|||4|KDM  Makan Rapat|45|ORG|12|KEG|1|FR|0||540|OK|57000|30780000|0
2026|01|527010|015|08|CD|6213|FAE|01|51|1|001|100|MA|521211|019|A|01||1|1|Penyusunan Kajian Terkait Regional Chief Economist dan Financial Advisor|0||0||0||0||0||0|0|0
2026|01|527010|015|08|CD|6213|FAE|01|51|1|001|100|MA|521211|019|A|01|01|2|2|Konsumsi|0||0||0||0||0||0|0|0
2026|01|527010|015|08|CD|6213|FAE|01|51|1|001|100|MA|521211|019|A|01|01||3|KDM  Makan Rapat|20|orang|5|Hari|13|Frek|0||1300|OHF|33390|43407000|0
2026|01|527010|015|08|CD|6213|FAE|01|51|1|001|100|MA|521211|019|A|01|01||4|KDM  Snack Rapat|20|Orang|5|Hari|13|Frek|0||1300|OHF|15120|19656000|0
2026|01|527010|015|08|CD|6213|FAE|01|51|1|001|100|MA|524111|019|A|01||1|1|Monev Regional Chief Economistt dan Financial Advisor|0||0||0||0||0||0|0|0
2026|01|527010|015|08|CD|6213|FAE|01|51|1|001|100|MA|524111|019|A|01|||2|Penginapan|3|Orang|2|Hari|6|Frek|0||36|OHF|503695|18133000|0
2026|01|527010|015|08|CD|6213|FAE|01|51|1|001|100|MA|524111|019|A|01|||3|Transport|3|Orang|1|PP|6|Frek|0||18|OHP|2712167|48819000|0
2026|01|527010|015|08|CD|6213|FAE|01|51|1|001|100|MA|524111|019|A|01|||4|Uang Harian|3|Orang|3|Hari|6|Frek|0||54|OHF|247963|13390000|0
2026|01|527010|015|08|CD|6213|FAE|01|51|1|001|100|OB|521211|019|A||||1|KDM  Snack Rapat|20|ORG|1|KEG|0|0|0||20|OK|12600|252000|0
2026|01|527010|015|08|CD|6213|FAE|01|51|1|001|100|OB|521211|019|A||||2|KDM  Makan Rapat|20|ORG|1|FREK|1|KEG|0|0|20|OK|34650|693000|0
2026|01|527010|015|08|CD|6213|FAE|01|51|1|001|100|OB|524114|019|A||||1|Transport Dalam Kota|20|ORG|1|FR|1|KEG|1|LOK|20|OH|116250|2325000|0
2026|01|527010|015|08|CD|6213|FAE|01|51|1|001|100|OB|524114|019|A||||2|Paket Fullboard Es.III ke bawah|20|ORG|2|HR|1|Paket|0||40|OP|813650|32546000|0
2026|01|527010|015|08|CD|6213|FAE|01|51|1|001|100|OB|524114|019|A||||3|Uang Saku|20|ORG|3|HR|1|KEG|1|LOK|60|OH|100734|6044000|0
2026|01|527010|015|08|CD|6213|FAE|01|51|1|001|100|OD|521211|019|A||||1|KDM  Snack Rapat|20|ORG|4|KEG|0|0|0||80|OK|13863|1109000|0
2026|01|527010|015|08|CD|6213|FAE|01|51|1|001|100|OD|521211|019|A||||2|KDM  Makan Rapat|20|ORG|1|FREK|4|KEG|0|0|80|OK|33388|2671000|0
2026|01|527010|015|08|CD|6213|FAE|01|51|1|001|100|OD|524111|019|A||||1| Akomodasi|2|ORG|2|HR|2|KEG|1|LOK|8|OH|426250|3410000|0
2026|01|527010|015|08|CD|6213|FAE|01|51|1|001|100|OD|524111|019|A||||2|Tiket|2|ORG|2|KEG|2|LOK|0||8|OH|2712125|21697000|0
2026|01|527010|015|08|CD|6213|FAE|01|51|1|001|100|OD|524111|019|A||||3|Uang Harian|2|ORG|3|HR|2|KEG|1|LOK|12|OH|464917|5579000|0
2026|01|527010|015|08|CD|6213|FAE|01|51|1|001|100|OD|524113|019|A||||1|Transport Dalam Kota|6|ORG|2|KEG|2|HR|1|FR|24|OK|116250|2790000|0
2026|01|527010|015|08|CD|6213|FAE|01|51|1|001|100|OD|524113|019|A||||2|Uang Harian Dalam Kota Lebih Dari 8 Jam|6|ORG|2|KEG|2|HR|1|FR|24|OH|130167|3124000|0
2026|01|527010|015|08|CD|6213|FAE|01|51|1|002|100|SA|524111|019|A||||1|Akomodasi|4|ORG|2|hr|1|fr|1|lok|8|OH|900000|7200000|0
2026|01|527010|015|08|CD|6213|FAE|01|51|1|002|100|SA|524111|019|A||||2|Transportasi|4|org|1|fr|1|lok|0||4|OK|3250750|13003000|0
2026|01|527010|015|08|CD|6213|FAE|01|51|1|002|100|SA|524111|019|A||||3|Uang Harian|4|org|3|hr|1|fr|1|lok|12|OH|344000|4128000|0
2026|01|527010|015|08|CD|6213|FAE|01|51|1|002|100|SB|521211|019|A||||1|KDM  Snack Rapat|25|org|8|fr|0||0||200|OF|12600|2520000|0
2026|01|527010|015|08|CD|6213|FAE|01|51|1|002|100|SB|521211|019|A||||2|KDM  Makan Rapat|25|ORG|8|fr|0||0||200|OF|29340|5868000|0
2026|01|527010|015|08|CD|6213|FAE|01|51|1|002|100|SB|524111|019|A||||1|Akomodasi|3|org|2|hr|1|fr|5|lok|30|OHFL|387434|11623000|0
2026|01|527010|015|08|CD|6213|FAE|01|51|1|002|100|SB|524111|019|A||||2|Transportasi|3|org|1|fr|5|lok|0||15|OK|3099600|46494000|0
2026|01|527010|015|08|CD|6213|FAE|01|51|1|002|100|SB|524111|019|A||||3|Uang Harian|3|org|3|hr|1|fr|5|lok|45|OHFL|309956|13948000|0
2026|01|527010|015|08|CD|6213|FAE|01|51|1|002|100|SB|524113|019|A||||1|Transportasi|1|org|10|fr|0||0||10|OK|116200|1162000|0
2026|01|527010|015|08|CD|6213|FAE|01|51|1|003|100|IA|524111|019|A||||1|Uang Harian|3|ORG|3|HR|20|FR|0||180|OH|344000|61920000|0
2026|01|527010|015|08|CD|6213|FAE|01|51|1|003|100|IA|524111|019|A||||2|Biaya Penginapan|3|ORG|4|HR|20|FR|0||240|OH|575000|138000000|0
2026|01|527010|015|08|CD|6213|FAE|01|51|1|003|100|IA|524111|019|A||||3| Biaya Transport|3|ORG|20|FR|0||0||60|OK|929950|55797000|0
2026|01|527010|015|08|CD|6213|FAE|01|51|1|003|100|IA|524113|019|A|01||1|1|SATKER BLU DALAM KOTA|0||0||0||0||0||0|0|0
2026|01|527010|015|08|CD|6213|FAE|01|51|1|003|100|IA|524113|019|A|01|||2|Uang Harian|3|ORG|3|HR|8|FR|0||72|OH|130181|9373000|0
2026|01|527010|015|08|CD|6213|FAE|01|51|1|003|100|IA|524113|019|A|01|||3|Uang Transport|3|ORG|8|FR|0||0||24|OK|131750|3162000|0
2026|01|527010|015|08|CD|6213|FAE|01|51|1|003|100|IB|524111|019|A||||1|Uang Harian|3|ORG|3|HR|2|FR|0||18|OH|232445|4184000|0
2026|01|527010|015|08|CD|6213|FAE|01|51|1|003|100|IB|524111|019|A||||2|Biaya Penginapan|3|ORG|2|HR|2|FR|0||12|OH|310000|3720000|0
2026|01|527010|015|08|CD|6213|FAE|01|51|1|003|100|IB|524111|019|A||||3|Biaya Transport|3|ORG|2|FR|0||0||6|OK|2324667|13948000|0
2026|01|527010|015|08|CD|6213|FAE|01|51|1|003|100|IC|521211|019|A||||1|CTK  Bahan Pendukung|90|ORG|1|FR|0||0||90|OF|252000|22680000|0
2026|01|527010|015|08|CD|6213|FAE|01|51|1|003|100|IC|522151|019|A||||1|Honor Narasumber Pejabat Eselon II yang disetarakan|10|ORG|5|JAM|6|FR|0||300|OJ|880000|264000000|0
2026|01|527010|015|08|CD|6213|FAE|01|51|1|003|100|IC|524111|019|A||||1|Uang Harian|2|ORG|3|HR|2|FR|0||12|OH|232500|2790000|0
2026|01|527010|015|08|CD|6213|FAE|01|51|1|003|100|IC|524111|019|A||||2|Biaya Penginapan|2|ORG|2|HR|2|FR|0||8|OH|387500|3100000|0
2026|01|527010|015|08|CD|6213|FAE|01|51|1|003|100|IC|524111|019|A||||3| Biaya Transport|2|ORG|2|FR|0||0||4|OK|2054750|8219000|0
2026|01|527010|015|08|CD|6213|FAE|01|51|1|003|100|ID|524111|019|A||||1|Uang Harian|3|ORG|4|HR|2|FR|0||24|OH|213084|5114000|0
2026|01|527010|015|08|CD|6213|FAE|01|51|1|003|100|ID|524111|019|A||||2|Biaya Penginapan|3|ORG|3|HR|2|FR|0||18|OH|309945|5579000|0
2026|01|527010|015|08|CD|6213|FAE|01|51|1|003|100|ID|524111|019|A||||3|Biaya Transport|3|ORG|2|FR|0||0||6|OK|1782334|10694000|0
2026|01|527010|015|08|CD|6213|FAE|01|51|1|003|100|ID|524113|019|A||||1|Uang Harian|4|ORG|3|HR|2|FR|0||24|OH|130167|3124000|0
2026|01|527010|015|08|CD|6213|FAE|01|51|1|003|100|ID|524113|019|A||||2|Uang Transport|4|ORG|2|FR|0||0||8|OK|131750|1054000|0
2026|01|527010|015|08|CD|6213|FAE|01|51|1|003|100|IE|524111|019|A||||1|Uang Harian|2|ORG|3|HR|7|FR|0||42|OH|309953|13018000|0
2026|01|527010|015|08|CD|6213|FAE|01|51|1|003|100|IE|524111|019|A||||2|Biaya Penginapan|2|ORG|2|HR|7|FR|0||28|OH|464929|13018000|0
2026|01|527010|015|08|CD|6213|FAE|01|51|1|003|100|IE|524111|019|A||||3|Biaya Transport|2|ORG|7|FR|0||0||14|OK|2712143|37970000|0
2026|01|527010|015|08|CD|6213|FAE|01|51|1|003|100|IF|524111|019|A||||1|Uang Harian|3|ORG|3|HR|3|FR|0||27|OH|309963|8369000|0
2026|01|527010|015|08|CD|6213|FAE|01|51|1|003|100|IF|524111|019|A||||2|Biaya Penginapan|3|ORG|2|HR|3|FR|0||18|OH|464945|8369000|0
2026|01|527010|015|08|CD|6213|FAE|01|51|1|003|100|IF|524111|019|A||||3|Biaya Transport|3|ORG|3|FR|0||0||9|OK|2324667|20922000|0
2026|01|527010|015|08|CD|6213|FAE|01|51|1|003|100|MA|524113|019|A|01||1|1|Penyusunan Kajian dan Pelaksanaan Tupoksi|0||0||0||0||0||0|0|0
2026|01|527010|015|08|CD|6213|FAE|01|51|1|003|100|MA|524113|019|A|01|||2|Transport Lokal|2|Orang|1|Hari|5|Keg|0||10|OK|116200|1162000|0
2026|01|527010|015|08|CD|6213|FAE|01|51|1|003|100|MA|524114|019|A||||1|Transport Panitia dan Peserta Pusat|30|Orang|1|PP|2|Frek|0||60|OHF|116234|6974000|0
2026|01|527010|015|08|CD|6213|FAE|01|51|1|003|100|MA|524114|019|A||||2|Uang Saku Harian Peserta dan Panitia Dalam Kota|30|Orang|2|Hari|1|Frek|0||60|OHF|116234|6974000|0
2026|01|527010|015|08|CD|6213|FAE|01|51|1|003|100|MA|524114|019|A||||3|Akomodasi Peserta dan Panitia|30|Orang|1|Hari|1|Frek|0||30|OHF|697400|20922000|0
2026|01|527010|015|08|CD|6213|FAE|01|51|1|004|100|OA|521211|019|A||||1|KDM  Snack Rapat|20|ORG|4|KEG|1|FR|0||80|OK|13863|1109000|0
2026|01|527010|015|08|CD|6213|FAE|01|51|1|004|100|OA|521211|019|A||||2|KDM  Makan Rapat|20|ORG|4|KEG|1|FR|0||80|OK|33388|2671000|0
2026|01|527010|015|08|CD|6213|FAE|01|51|1|004|100|OB|521211|019|A|01||1|1|FGD|0||0||0||0||0||0|0|0
2026|01|527010|015|08|CD|6213|FAE|01|51|1|004|100|OB|521211|019|A|01|||2|CTK  Banner Kegiatan|1|BUAH|1|KEG|0||0||1|BUAH|801000|801000|0
2026|01|527010|015|08|CD|6213|FAE|01|51|1|004|100|OB|521211|019|A|01|||3|KDM  Snack Rapat|20|ORG|1|KEG|1|FR|0||20|OK|13850|277000|0
2026|01|527010|015|08|CD|6213|FAE|01|51|1|004|100|OB|521211|019|A|01|||4|KDM  Makan Rapat|20|ORG|1|KEG|1|FR|0||20|OK|33400|668000|0
2026|01|527010|015|08|CD|6213|FAE|01|51|1|004|100|OB|524111|019|A||||1| Akomodasi|3|ORG|3|HR|1|KEG|1|LOK|9|OH|575000|5175000|0
2026|01|527010|015|08|CD|6213|FAE|01|51|1|004|100|OB|524111|019|A||||2|Transport|3|ORG|1|KEG|1|LOK|0||3|OH|618667|1856000|0
2026|01|527010|015|08|CD|6213|FAE|01|51|1|004|100|OB|524111|019|A||||3|Uang Harian|3|ORG|4|HR|1|KEG|1|LOK|12|OH|344000|4128000|0
2026|01|527010|015|08|CD|6213|FAE|01|51|1|004|100|OB|524113|019|A||||1|Transport Dalam Kota|6|ORG|2|KEG|2|HR|1|FR|24|OK|116250|2790000|0
2026|01|527010|015|08|CD|6213|FAE|01|51|1|004|100|OB|524113|019|A||||2|Uang Harian Dalam Kota Lebih Dari 8 Jam|6|ORG|2|KEG|2|HR|1|FR|24|OH|130167|3124000|0
2026|01|527010|015|08|CD|6213|FAE|01|51|1|009|100|HA|524111|019|A|01||1|1|Monitoring dan evaluasi pelaksanaan kredit program dan subsidi bunga|0||0||0||0||0||0|0|0
2026|01|527010|015|08|CD|6213|FAE|01|51|1|009|100|HA|524111|019|A|01|||2|Tiket PP|4|ORG|2|LOK|2|FREK|0||16|OK|2092250|33476000|0
2026|01|527010|015|08|CD|6213|FAE|01|51|1|009|100|HA|524111|019|A|01|||3|Uang Harian|4|ORG|2|LOK|2|FREK|3|HARI|48|OH|302209|14506000|0
2026|01|527010|015|08|CD|6213|FAE|01|51|1|009|100|HA|524111|019|A|01|||4|Biaya Penginapan|4|ORG|2|LOK|2|FREK|2|HARI|32|OH|697407|22317000|0
2026|01|527010|015|08|CD|6213|FAE|01|51|1|009|100|HA|524111|019|A|02||1|5|Monitoring Penerusan Pinjaman Kepada BUMNPTBHL|0||0||0||0||0||0|0|0
2026|01|527010|015|08|CD|6213|FAE|01|51|1|009|100|HA|524111|019|A|02|||6|Tiket PP|4|ORG|2|LOK|2|FREK|0||16|OK|1549813|24797000|0
2026|01|527010|015|08|CD|6213|FAE|01|51|1|009|100|HA|524111|019|A|02|||7|Uang Harian|4|ORG|2|LOK|2|FREK|3|HARI|48|OH|232480|11159000|0
2026|01|527010|015|08|CD|6213|FAE|01|51|1|009|100|HA|524111|019|A|02|||8|Biaya Penginapan|4|ORG|2|LOK|2|FREK|2|HARI|32|OH|441688|14134000|0
2026|01|527010|015|08|CD|6213|FAE|01|51|1|009|100|HA|524113|019|A|01||1|1|Monitoring dan evaluasi pelaksanaan kredit program dan subsidi bunga|0||0||0||0||0||0|0|0
2026|01|527010|015|08|CD|6213|FAE|01|51|1|009|100|HA|524113|019|A|01|||2|Transport Lokal|4|ORG|1|HARI|5|FREK|0||20|OK|131750|2635000|0
2026|01|527010|015|08|CD|6213|FAE|01|51|1|009|100|HB|524111|019|A|01||1|1|Monev penyelesaian piutang negara pada PemdaBUMD dan Monev Early Warning System pada BUMD|0||0||0||0||0||0|0|0
2026|01|527010|015|08|CD|6213|FAE|01|51|1|009|100|HB|524111|019|A|01|||2|Tiket PP|1|ORG|4|LOK|1|FREK|0||4|OK|600000|2400000|0
2026|01|527010|015|08|CD|6213|FAE|01|51|1|009|100|HB|524111|019|A|01|||3|Uang Harian|1|ORG|4|LOK|1|FREK|3|HARI|12|OH|232463|2789000|0
2026|01|527010|015|08|CD|6213|FAE|01|51|1|009|100|HB|524111|019|A|01|||4|Biaya Penginapan|1|ORG|4|LOK|1|FREK|2|HARI|8|OH|427000|3416000|0
2026|01|527010|015|08|CD|6213|FAE|01|51|1|009|100|HB|524111|019|A|02||1|5|Monitoring dan Penyelesaian Permasalahan Hukum|0||0||0||0||0||0|0|0
2026|01|527010|015|08|CD|6213|FAE|01|51|1|009|100|HB|524111|019|A|02|||6|Tiket PP|2|ORG|1|LOK|5|FREK|0||10|OK|1651200|16512000|0
2026|01|527010|015|08|CD|6213|FAE|01|51|1|009|100|HB|524111|019|A|02|||7|Uang Harian|2|ORG|1|LOK|5|FREK|3|HARI|30|OH|278767|8363000|0
2026|01|527010|015|08|CD|6213|FAE|01|51|1|009|100|HB|524111|019|A|02|||8|Biaya Penginapan|2|ORG|1|LOK|5|FREK|2|HARI|20|OH|464950|9299000|0
2026|01|527010|015|08|CD|6213|FAE|01|51|1|009|100|HB|524113|019|A|01||1|1|Monev Penyelesaian Piutang Negara pada Pemda dan Monev Penyaluran Investasi|0||0||0||0||0||0|0|0
2026|01|527010|015|08|CD|6213|FAE|01|51|1|009|100|HB|524113|019|A|01|||2|Transport Lokal|5|ORG|3|LOK|1|FREK|0||15|OK|131734|1976000|0
2026|01|527010|015|08|CD|6213|FAE|01|51|1|009|100|HB|524113|019|A|01|||3|Uang Harian|5|ORG|3|LOK|1|FREK|1|HARI|15|OH|130200|1953000|0
2026|01|527010|015|08|CD|6213|FAE|01|51|1|009|100|HB|524113|019|A|02||1|4|Monitoring dan Penyelesaian Permasalahan Hukum|0||0||0||0||0||0|0|0
2026|01|527010|015|08|CD|6213|FAE|01|51|1|009|100|HB|524113|019|A|02|||5|Transport Lokal|3|ORG|7|LOK|1|FREK|0||21|OK|131715|2766000|0
2026|01|527010|015|08|CD|6213|FAE|01|51|1|009|100|HB|524113|019|A|02|||6|Uang Harian|3|ORG|7|LOK|1|FREK|0||21|OH|130191|2734000|0
2026|01|527010|015|08|CD|6213|FAH|01|51|1|001|100|JA|521211|019|A|01||1|1|Monitoring Implementasi SAP pada Pemda|0||0||0||0||0||0|0|0
2026|01|527010|015|08|CD|6213|FAH|01|51|1|001|100|JA|521211|019|A|01|||2|KDM  Makan Rapat|8|ORG|1|FR|0||0||8|OF|57000|456000|0
2026|01|527010|015|08|CD|6213|FAH|01|51|1|001|100|JA|521211|019|A|01|||3|KDM  Snack Rapat|8|ORG|1|FR|0||0||8|OF|24000|192000|0
2026|01|527010|015|08|CD|6213|FAH|01|51|1|001|100|JA|521211|019|A|01|||4|CTK  ATK, Bahan Habis Pakai dan Dokumentasi|1|PKT|1|FR|0||0||1|PKT|217000|217000|0
2026|01|527010|015|08|CD|6213|FAH|01|51|1|001|100|JA|524111|019|A|01||1|1|Monitoring Implementasi SAP pada Pemda|0||0||0||0||0||0|0|0
2026|01|527010|015|08|CD|6213|FAH|01|51|1|001|100|JA|524111|019|A|01|||2|Transportasi|2|ORG|1|FR|0||0||2|OF|527000|1054000|0
2026|01|527010|015|08|CD|6213|FAH|01|51|1|001|100|JA|524111|019|A|01|||3|Akomodasi|2|ORG|1|HR|1|FR|0||2|OH|700000|1400000|0
2026|01|527010|015|08|CD|6213|FAH|01|51|1|001|100|JA|524111|019|A|01|||4|Uang Saku Harian|2|ORG|2|HR|1|FR|0||4|OH|296000|1184000|0
2026|01|527010|015|08|CD|6213|FAH|01|51|1|001|100|JB|521211|019|A||||1|CTK  Pencetakan Laporan Tindak Lanjut Temuan LHP BPK|25|EKS|1|FR|0||0||25|EKS|40000|1000000|0
2026|01|527010|015|08|CD|6213|FAL|01|51|1|003|100|CA|521211|019|A||||1|KDM  Makan Rapat|11|ORG|34|LOK|4|FR|0||1496|OF|34005|50871000|0
2026|01|527010|015|08|CD|6213|FAL|01|51|1|003|100|CA|521211|019|A||||2|KDM  Snack Rapat|11|ORG|34|LOK|4|FR|0||1496|OF|15500|23188000|0
2026|01|527010|015|08|CD|6213|FAL|01|51|1|003|100|CA|522151|019|A||||1|Honorarium Profesional|17|ORG|3|JAM|12|FR|0||612|OJ|1278066|782176000|0
2026|01|527010|015|08|CD|6213|FAL|01|51|1|003|100|CA|524111|019|A||||1|Transport|3|ORG|3|LOK|4|FR|0||36|OF|2303723|82934000|0
2026|01|527010|015|08|CD|6213|FAL|01|51|1|003|100|CA|524111|019|A||||2|Akomodasi|3|ORG|2|HR|3|LOK|4|FR|72|OH|524750|37782000|0
2026|01|527010|015|08|CD|6213|FAL|01|51|1|003|100|CA|524111|019|A||||3|Uang Saku Harian|3|ORG|3|HR|3|LOK|4|FR|108|OH|222658|24047000|0
2026|01|527010|015|08|CD|6213|FAL|01|51|1|003|100|FA|521211|019|A||||1|KDM  Makan Rapat|30|ORG|1|HARI|4|FREK|0||120|OK|35909|4309000|0
2026|01|527010|015|08|CD|6213|FAL|01|51|1|003|100|FA|521211|019|A||||2|KDM  Snack Rapat|30|ORG|1|HARI|4|FREK|0||120|OK|15117|1814000|0
2026|01|527010|015|08|CD|6213|FAL|01|51|1|003|100|FA|521211|019|A||||3|CTK  Pencetakan Laporan Spending Review|1|LAP|15|BUAH|0||0||15|BUAH|378000|5670000|0
2026|01|527010|015|08|CD|6213|FAL|01|51|1|003|100|FB|521211|019|A||||1|CTK  Pencetakan Laporan Khatuliswa KFR Gabungan|1|LAP|2|BUAH|0||0||2|BUAH|315500|631000|0
2026|01|527010|015|08|CD|6213|FAL|01|51|1|003|100|FB|521211|019|A||||2|CTK  Pengadaan Plakat untuk KFR Terbaik|3|BUAH|1|KATEG|0||0||3|BUAH|504000|1512000|0
2026|01|527010|015|08|CD|6213|FAL|01|51|1|003|100|FB|521211|019|A||||3|KDM  Makan Rapat|30|ORG|1|HARI|2|FREK|0||60|OK|35917|2155000|0
2026|01|527010|015|08|CD|6213|FAL|01|51|1|003|100|FB|521211|019|A||||4|KDM  Snack Rapat|30|ORG|1|HARI|2|FREK|0||60|OK|15117|907000|0
2026|01|527010|015|08|CD|6213|FAL|01|51|1|003|100|FB|521213|019|A||||1|Honorarium Tim Penilai KFR|4|ORG|6|BLN|0||0||24|OB|409500|9828000|0
2026|01|527010|015|08|CD|6213|FAL|01|51|1|003|100|FC|521211|019|A||||1|KDM  Makan Rapat|30|ORG|1|HARI|26|FREK|0||780|OK|39948|31159000|0
2026|01|527010|015|08|CD|6213|FAL|01|51|1|003|100|FC|521211|019|A||||2|KDM  Snack Rapat|30|ORG|1|HARI|26|FREK|0||780|OK|15121|11794000|0
2026|01|527010|015|08|CD|6213|FAL|01|51|1|003|100|FC|521211|019|A||||3|CTK  Pencetakan Reviu Pelaksanaan Anggaran|2|LAP|5|EKS|0||0||10|EKS|504000|5040000|0
2026|01|527010|015|08|CD|6214|AED|01|51|1|002|100|HA|521211|019|A||||1|KDM  Makan Rapat|15|ORG|1|KEG|0||0||15|OK|45000|675000|0
2026|01|527010|015|08|CD|6214|AED|01|51|1|002|100|HA|521211|019|A||||2|KDM  Snack Rapat|15|ORG|1|KEG|0||0||15|OK|23000|345000|0
2026|01|527010|015|08|CD|6214|FAE|01|51|1|001|100|HA|522151|019|A||||1|Narsum Profesional|3|ORG|1|LOK|1|JAM|0||3|OJ|1496000|4488000|0
2026|01|527010|015|08|CD|6214|FAE|01|51|1|001|100|HA|524111|019|A|01||1|1|Perjalanan Dinas dalam rangka Pemetaan Mitigasi Risiko Investasi|0||0||0||0||0||0|0|0
2026|01|527010|015|08|CD|6214|FAE|01|51|1|001|100|HA|524111|019|A|01|||2|Tiket PP|1|ORG|1|LOK|1|FREK|0||1|OK|2325000|2325000|0
2026|01|527010|015|08|CD|6214|FAE|01|51|1|001|100|HA|524111|019|A|01|||3|Uang Harian|1|ORG|3|HARI|1|FREK|0||3|OH|266667|800000|0
2026|01|527010|015|08|CD|6214|FAE|01|51|1|001|100|HA|524111|019|A|01|||4|Biaya Penginapan|1|ORG|2|HARI|1|FREK|0||2|OH|387500|775000|0
2026|01|527010|015|08|CD|6214|FAE|01|51|1|001|100|HA|524113|019|A||||1|Transport Dalam Kota|4|ORG|1|HARI|10|FREK|0||40|OK|131725|5269000|0
2026|01|527010|015|08|CD|6214|FAE|01|51|1|001|100|HA|524114|019|A|01||1|1|2. Uang Harian|0||0||0||0||0||0|0|0
2026|01|527010|015|08|CD|6214|FAE|01|51|1|001|100|HA|524114|019|A|01|||2|2. Uang Harian|0||0||0||0||102|OH|130000|13260000|0
2026|01|527010|015|08|CD|6214|FAE|01|51|1|001|100|HA|524114|019|A|02||1|3|3. Akomodasi  Fullday Di Jakarta|0||0||0||0||0||0|0|0
2026|01|527010|015|08|CD|6214|FAE|01|51|1|001|100|HA|524114|019|A|02|||4|1. Paket Fullday|0||0||0||0||51|OH|1197000|61047000|0
2026|01|527010|015|08|CD|6214|FAE|01|51|1|001|100|HA|524114|019|A|03||1|5|1 Transport Dalam Kota FGD Analisa Program FLPP  Dit. SMI  Fullday di Jakarta|0||0||0||0||0||0|0|0
2026|01|527010|015|08|CD|6214|FAE|01|51|1|001|100|HA|524114|019|A|03|||6|1. Transport PP|0||0||0||0||51|OK|170000|8670000|0
2026|01|527010|015|08|CD|6214|FAE|01|51|1|001|100|HB|521211|019|A||||1|KDM  Makan Rapat|10|ORG|0||0||0||10|OF|34000|340000|0
2026|01|527010|015|08|CD|6214|FAE|01|51|1|001|100|HB|521211|019|A||||2|KDM  Snack Rapat|10|ORG|0||0||0||10|OK|15000|150000|0
2026|01|527010|015|08|CD|6214|FAE|01|51|1|001|100|HC|524111|019|A||||1|Tiket PP.|4|ORG|2|LOK|2|FREK|0||16|OK|1399500|22392000|0
2026|01|527010|015|08|CD|6214|FAE|01|51|1|001|100|HC|524111|019|A||||2|Uang Harian|2|ORG|2|LOK|2|FREK|3|HARI|24|OH|232459|5579000|0
2026|01|527010|015|08|CD|6214|FAE|01|51|1|001|100|HC|524111|019|A||||3|Biaya Penginapan|4|ORG|2|LOK|1|FREK|2|HARI|16|OH|702375|11238000|0
2026|01|527010|015|08|CD|6214|FAE|01|51|1|001|100|HC|524113|019|A||||1|Transport Lokal Penyelesaian Pinjaman TSL pada BDL, BBO dan BBKU|4|ORG|1|HARI|9|FREK|0||36|OK|131723|4742000|0
2026|01|527010|015|08|CD|6214|FAE|01|51|1|001|100|HD|524111|019|A|01||1|1|Perjalanan Dinas dalam rangka Monitoring Kinerja Penerusan Pinjaman|0||0||0||0||0||0|0|0
2026|01|527010|015|08|CD|6214|FAE|01|51|1|001|100|HD|524111|019|A|01|||2|Tiket PP|1|ORG|2|LOK|1|FREK|0||2|OK|1401000|2802000|0
2026|01|527010|015|08|CD|6214|FAE|01|51|1|001|100|HD|524111|019|A|01|||3|Uang Harian|2|ORG|1|LOK|1|FREK|3|HARI|6|OH|266500|1599000|0
2026|01|527010|015|08|CD|6214|FAE|01|51|1|001|100|HD|524111|019|A|01|||4|Biaya Penginapan|2|ORG|1|LOK|1|FREK|2|HARI|4|OH|736250|2945000|0
2026|01|527010|015|08|CD|6214|FAE|01|51|1|001|100|HE|521211|019|A||||1|Belanja Bahan Habis Pakai|0||0||0||0||1|Paket|105000000|105000000|0
2026|01|527010|015|08|CD|6214|FAE|01|51|1|001|100|HE|521211|019|A|01||1|2|Konsumsi Rapat|0||0||0||0||0||0|0|0
2026|01|527010|015|08|CD|6214|FAE|01|51|1|001|100|HE|521211|019|A|01|||3|KDM  Snack Rapat|6|ORG|28|FREK|1|HARI|0||168|OK|22000|3696000|0
2026|01|527010|015|08|CD|6214|FAE|01|51|1|001|100|HE|521211|019|A|01|||4|KDM  Makan Rapat|0||0||0||0||168|OK|43838|7364000|0
2026|01|527010|015|08|CD|6214|FAE|01|51|1|001|100|HE|522151|019|A||||1|Narasumber Tenaga Profesional|2|ORG|3|JAM|0||0||6|OJ|1496000|8976000|0
2026|01|527010|015|08|CD|6214|FAE|01|51|1|001|100|HE|524111|019|A||||1|Tiket PP|10|ORG|6|LOK|1|FREK|0||60|OK|2324700|139482000|0
2026|01|527010|015|08|CD|6214|FAE|01|51|1|001|100|HE|524111|019|A||||2|Uang Harian|10|ORG|6|LOK|1|FREK|3|HARI|180|OH|232473|41845000|0
2026|01|527010|015|08|CD|6214|FAE|01|51|1|001|100|HE|524111|019|A||||3|Biaya Penginapan|10|ORG|6|LOK|1|FREK|2|HARI|120|OH|399042|47885000|0
2026|01|527010|015|08|CD|6214|FAE|01|51|1|001|100|HE|524119|019|A||||1|Transport|125|ORG|2|FREK|0||0||250|OK|804470|201117000|0
2026|01|527010|015|08|CD|6214|FAE|01|51|1|001|100|HE|524119|019|A||||2|Uang Harian|125|ORG|1|FREK|3|HARI|0||375|OH|130000|48750000|0
2026|01|527010|015|08|CD|6214|FAE|01|51|1|001|100|HF|524113|019|A|01||1|1|Site Visit Potensi Investasi di Daerah (Pegawai Kanwil DJPb)|0||0||0||0||0||0|0|0
2026|01|527010|015|08|CD|6214|FAE|01|51|1|001|100|HF|524113|019|A|01|||2|Transport Lokal|1|ORG|3|LOK|2|HARI|1|FREK|6|OK|131667|790000|0
2026|01|527010|015|08|CD|6214|FAE|01|51|1|001|100|HF|524113|019|A|01|||3|Uang Harian|2|ORG|1|LOK|2|HARI|1|FREK|4|OH|130250|521000|0
2026|01|527010|015|08|CD|6214|FAE|01|51|1|001|100|MA|521211|019|A|01||1|1|Penyusunan Kajian Kelembagaan|0||0||0||0||0||0|0|0
2026|01|527010|015|08|CD|6214|FAE|01|51|1|001|100|MA|521211|019|A|01|01|2|2|Konsumsi|0||0||0||0||0||0|0|0
2026|01|527010|015|08|CD|6214|FAE|01|51|1|001|100|MA|521211|019|A|01|01||3|KDM  Makan Rapat|15|orang|5|Hari|13|Frek|0||975|OHF|33390|32555000|0
2026|01|527010|015|08|CD|6214|FAE|01|51|1|001|100|MA|521211|019|A|01|01||4|KDM  Snack Rapat|15|Orang|5|Hari|13|Frek|0||975|OHF|15120|14742000|0
2026|01|527010|015|08|CD|6214|FAE|01|51|1|001|100|MA|521211|019|A|01|02|2|5|ATK dan Barang Habis Pakai|0||0||0||0||0||0|0|0
2026|01|527010|015|08|CD|6214|FAE|01|51|1|001|100|MA|521211|019|A|01|02||6|CTK  ATK dan Barang Habis Pakai|1|Paket|12|F|0||0||12|F|555500|6666000|0
2026|01|527010|015|08|CD|6214|FAE|01|51|1|001|100|MA|522151|019|A|01||1|1|Honorarium Narasumber KajianPenelitianRapatSeminarFGDSosialisasi|0||0||0||0||0||0|0|0
2026|01|527010|015|08|CD|6214|FAE|01|51|1|001|100|MA|522151|019|A|01|||2|Narasumber Profesional|8|Orang|2|Jam|1|Frek|0||16|OJ|1496000|23936000|0
2026|01|527010|015|08|CD|6214|FAL|01|51|1|003|100|OA|521211|019|A|01||1|1|Tim Koordinasi Mata Uang Mitra Kerja Bersama Bank Indonesia|0||0||0||0||0||0|0|0
2026|01|527010|015|08|CD|6214|FAL|01|51|1|003|100|OA|521211|019|A|01|||2|KDM  Snack Rapat|25|ORG|4|KEG|1|FR|0||100|OK|13860|1386000|0
2026|01|527010|015|08|CD|6214|FAL|01|51|1|003|100|OA|521211|019|A|01|||3|KDM  Makan Rapat|25|ORG|4|KEG|1|FR|0||100|OK|33390|3339000|0
2026|01|527010|015|08|CD|6214|FAL|01|51|1|003|100|OA|521211|019|A|02||1|4|Rapat Dalam Kantor dalam rangka CPIN, Pengelolaan Valas, Penempatan Uang, dan SBN|0||0||0||0||0||0|0|0
2026|01|527010|015|08|CD|6214|FAL|01|51|1|003|100|OA|521211|019|A|02|||5|KDM  Snack Rapat|25|ORG|4|KEG|1|FR|0||100|OK|13860|1386000|0
2026|01|527010|015|08|CD|6214|FAL|01|51|1|003|100|OA|521211|019|A|02|||6|KDM  Makan Rapat|25|ORG|4|KEG|1|FR|0||100|OK|33390|3339000|0
2026|01|527010|015|08|CD|6214|FAL|01|51|1|003|100|OD|521211|019|A|01||1|1|Pembahasan dan Penyelesaian Pengelolaan Kas Negara|0||0||0||0||0||0|0|0
2026|01|527010|015|08|CD|6214|FAL|01|51|1|003|100|OD|521211|019|A|01|||2|KDM  Snack Rapat|10|ORG|3|KEG|6|SUB|12|BLN|2160|OK|15120|32659000|0
2026|01|527010|015|08|CD|6214|FAL|01|51|1|003|100|OD|521211|019|A|01|||3|KDM  Makan Rapat|10|ORG|3|KEG|6|SUB|12|BLN|2160|OK|35911|77567000|0
2026|01|527010|015|08|CD|6214|FAL|01|51|1|003|100|OD|521211|019|A|01|01|2|4|Penyediaan Bahan Penunjang Kegiatan terkait Pengelolaan Kas Negara|0||0||0||0||0||0|0|0
2026|01|527010|015|08|CD|6214|FAL|01|51|1|003|100|OD|521211|019|A|01|01||5|CTK  Pencetakan Buku|10|JILID|10|BLN|0||0||100|JILID|83849|8384000|0
2026|01|527010|015|08|CD|6214|UAE|01|51|1|203|100|HA|522151|019|A||||1|1. Honor Narasumber Tenaga Profesional|0||0||0||0||6|OJ|1496000|8976000|0
2026|01|527010|015|08|CD|6214|UAE|01|51|1|203|100|HA|524111|019|A||||1|3. Biaya Penginapan|0||0||0||0||22|OH|426182|9376000|0
2026|01|527010|015|08|CD|6214|UAE|01|51|1|203|100|HA|524111|019|A||||2|2. Uang Harian|0||0||0||0||33|OH|271213|8950000|0
2026|01|527010|015|08|CD|6214|UAE|01|51|1|203|100|HA|524111|019|A||||3|1. Biaya Transport|0||0||0||0||11|OK|2518455|27703000|0
2026|01|527010|015|08|CD|6214|UAE|01|51|1|203|100|HB|524111|019|A||||1|3. Biaya Penginapan|0||0||0||0||54|OH|426200|23014000|0
2026|01|527010|015|08|CD|6214|UAE|01|51|1|203|100|HB|524111|019|A||||2|2. Uang Harian|0||0||0||0||81|OH|271212|21968000|0
2026|01|527010|015|08|CD|6214|UAE|01|51|1|203|100|HB|524111|019|A||||3|1. Biaya Transport|0||0||0||0||27|OK|1913855|51674000|0
2026|01|527010|015|08|CD|6214|UAE|01|51|1|203|100|HB|524113|019|A||||1|2. Uang Harian|0||0||0||0||50|OH|130180|6509000|0
2026|01|527010|015|08|CD|6214|UAE|01|51|1|203|100|HB|524113|019|A||||2|1. Transport Lokal|0||0||0||0||50|OK|131740|6587000|0
2026|01|527010|015|08|CD|6214|UAE|01|51|1|203|100|HD|524114|019|A||||1|3. Biaya Penginapan|0||0||0||0||66|OH|927561|61219000|0
2026|01|527010|015|08|CD|6214|UAE|01|51|1|203|100|HD|524114|019|A||||2|2. Uang Harian|0||0||0||0||99|OH|100738|9973000|0
2026|01|527010|015|08|CD|6214|UAE|01|51|1|203|100|HD|524114|019|A||||3|1. Biaya Transport|0||0||0||0||33| OK|345031|11386000|0
2026|01|527010|015|08|CD|6215|FAH|01|51|1|001|100|JA|521211|019|A|01||1|1|Penyusunan Statistik Keuangan Pemerintah|0||0||0||0||0||0|0|0
2026|01|527010|015|08|CD|6215|FAH|01|51|1|001|100|JA|521211|019|A|01|||2|KDM  Makan Rapat|28|ORG|5|FR|0||0||140|OF|57000|7980000|0
2026|01|527010|015|08|CD|6215|FAH|01|51|1|001|100|JA|521211|019|A|01|||3|KDM  Snack Rapat|27|ORG|10|FR|0||0||270|OF|24000|6480000|0
2026|01|527010|015|08|CD|6215|FAH|01|51|1|001|100|JA|521211|019|A|01|||4|CTK  Pencetakan Laporan Manajerial|30|BUKU|1|FR|0||0||30|EKS|200000|6000000|0
2026|01|527010|015|08|CD|6215|FAH|01|51|1|001|100|JA|521211|019|A|01|||5|CTK  ATK Bahan|1|PKT|1|FR|0||0||1|PKT|343000|343000|0
2026|01|527010|015|08|CD|6215|FAH|01|51|1|001|100|JA|524111|019|A||||1|Akomodasi|1|ORG|1|HR|1|FR|0||1|OF|1000|1000|0
2026|01|527010|015|08|CD|6215|FAH|01|51|1|001|100|JA|524111|019|A||||2|Transport|1|ORG|1|FR|0||0||1|OF|1000|1000|0
2026|01|527010|015|08|CD|6215|FAH|01|51|1|001|100|JA|524111|019|A||||3|Uang Saku Harian|1|ORG|1|HR|1|FR|0||1|OF|1000|1000|0
2026|01|527010|015|08|CD|6215|FAH|01|51|1|003|100|JA|521211|019|A|01||1|1|Rapat KoordinasiKonsolidasiFinalisasiAnalisis LK dan Rekomendasi Temuan BPK|0||0||0||0||0||0|0|0
2026|01|527010|015|08|CD|6215|FAH|01|51|1|003|100|JA|521211|019|A|01|||2|KDM  Makan Rapat|16|ORG|2|FR|0||0||32|OF|57000|1824000|0
2026|01|527010|015|08|CD|6215|FAH|01|51|1|003|100|JA|521211|019|A|01|||3|KDM  Snack Rapat|15|ORG|2|FR|0||0||30|OF|24000|720000|0
2026|01|527010|015|08|CD|6215|FAH|01|51|1|003|100|JA|524113|019|A||||1|Transport Lokal|2|ORG|3|FR|0||0||6|OF|170000|1020000|0
2026|01|527010|015|08|CD|6215|FAH|01|51|1|003|100|JA|524114|019|A|01||1|1|Penyusunan Laporan Keuangan BUN Unaudited TA 2025|0||0||0||0||0||0|0|0
2026|01|527010|015|08|CD|6215|FAH|01|51|1|003|100|JA|524114|019|A|01|||2|Transport|12|ORG|1|FR|0||0||12|OF|170000|2040000|0
2026|01|527010|015|08|CD|6215|FAH|01|51|1|003|100|JA|524114|019|A|01|||3|Uang Harian|12|ORG|2|HR|1|FR|0||24|OH|130000|3120000|0
2026|01|527010|015|08|CD|6215|FAH|01|51|1|003|100|JA|524114|019|A|02||1|4|Penyusunan Laporan Keuangan BUN Audited TA 2025|0||0||0||0||0||0|0|0
2026|01|527010|015|08|CD|6215|FAH|01|51|1|003|100|JA|524114|019|A|02|||5|Transport|12|ORG|1|FR|0||0||12|OF|170000|2040000|0
2026|01|527010|015|08|CD|6215|FAH|01|51|1|003|100|JA|524114|019|A|02|||6|Uang Harian|12|ORG|2|HR|1|FR|0||24|OH|130000|3120000|0
2026|01|527010|015|08|CD|6215|FAH|01|51|1|003|100|JA|524114|019|A|02|||7|Biaya Paket Meeting|3|ORG|1|HR|1|FR|0||3|OH|1197000|3591000|0
2026|01|527010|015|08|CD|6215|FAH|01|51|1|003|100|JB|521211|019|A|01||1|1|Penyusunan Laporan Keuangan BUN Semester I TA 2026|0||0||0||0||0||0|0|0
2026|01|527010|015|08|CD|6215|FAH|01|51|1|003|100|JB|521211|019|A|01|||2|CTK  ATK dan Bahan Habis Pakai|1|PKT|1|FR|0||0||1|PKT|624000|624000|0
2026|01|527010|015|08|CD|6215|FAH|01|51|1|003|100|OA|521211|019|A||||1|KDM  Makan Rapat|25|ORG|4|KEG|0||0||100|OK|33390|3339000|0
2026|01|527010|015|08|CD|6215|FAH|01|51|1|003|100|OA|521211|019|A||||2|KDM  Snack Rapat|25|ORG|4|KEG|0||0||100|OK|15120|1512000|0
2026|01|527010|015|08|CD|6215|FAH|01|51|1|003|100|OA|521211|019|A||||3|KDM  Makan Rapat Biasa (Penyusunan Buku Merah)|60|ORG|2|KEG|0||0||120|OK|33392|4007000|0
2026|01|527010|015|08|CD|6215|FAH|01|51|1|003|100|OA|521211|019|A||||4|KDM  Snack Rapat Biasa (Penyusunan Buku Merah)|60|ORG|2|KEG|0||0||120|OK|15117|1814000|0
2026|01|527010|015|08|CD|6215|FAH|01|51|1|003|100|OB|521211|019|A||||1|CTK  Bahan Penunjang Kegiatan|0||0||0||0||1|KEG|630000|630000|0
2026|01|527010|015|08|CD|6215|FAH|01|51|1|003|100|OB|524111|019|A||||1|Akomodasi|3|ORG|2|LOK|2|HR|0||12|OF|658667|7904000|0
2026|01|527010|015|08|CD|6215|FAH|01|51|1|003|100|OB|524111|019|A||||2|Transport|3|ORG|2|LOK|1|FR|0||6|OF|2712167|16273000|0
2026|01|527010|015|08|CD|6215|FAH|01|51|1|003|100|OB|524111|019|A||||3|Uang Harian|3|ORG|3|HR|2|LOK|0||18|OH|260389|4687000|0
2026|01|527010|015|08|CD|6215|FAH|01|51|1|004|100|JA|521211|019|A|01||1|1|Koordinasi Penyusunan LKPP TA 2025|0||0||0||0||0||0|0|0
2026|01|527010|015|08|CD|6215|FAH|01|51|1|004|100|JA|521211|019|A|01|||2|KDM  Konsumsi Makan|25|ORG|1|FR|0||0||25|OF|57000|1425000|0
2026|01|527010|015|08|CD|6215|FAH|01|51|1|004|100|JA|521211|019|A|01|||3|KDM  Snack Rapat|25|ORG|1|FR|0||0||25|OF|24000|600000|0
2026|01|527010|015|08|CD|6215|FAH|01|51|1|004|100|JA|521211|019|A|02||1|4|Penyusunan LKPP Unaudited TA 2025, Entry Meeting, dan Rekonsiliasi Tiga Pihak (Tripartit)|0||0||0||0||0||0|0|0
2026|01|527010|015|08|CD|6215|FAH|01|51|1|004|100|JA|521211|019|A|02|||5|KDM  Konsumsi Entry Meeting Menteri Keuangan dengan BPK RI|20|ORG|1|FR|0||0||20|OF|118000|2360000|0
2026|01|527010|015|08|CD|6215|FAH|01|51|1|004|100|JA|521211|019|A|02|||6|KDM  Snack Entry Meeting Menteri Keuangan dengan BPK RI|20|ORG|1|FR|0||0||20|OF|53000|1060000|0
2026|01|527010|015|08|CD|6215|FAH|01|51|1|004|100|JA|521211|019|A|02|||7|KDM  Makan Rapat|20|ORG|2|FR|0||0||40|OF|51600|2064000|0
2026|01|527010|015|08|CD|6215|FAH|01|51|1|004|100|JA|521211|019|A|02|||8|KDM  Snack Rapat|20|ORG|2|FR|0||0||40|OF|24000|960000|0
2026|01|527010|015|08|CD|6215|FAH|01|51|1|004|100|JA|521211|019|A|02|||9|CTK  Pencetakan LKPP Unaudited TA 2025|20|EKS|1|FR|0||0||20|EKS|100000|2000000|0
2026|01|527010|015|08|CD|6215|FAH|01|51|1|004|100|JA|521211|019|A|03||1|10|Penyusunan LKPP Audited TA 2025|0||0||0||0||0||0|0|0
2026|01|527010|015|08|CD|6215|FAH|01|51|1|004|100|JA|521211|019|A|03|||11|KDM  Makan Rapat|28|ORG|2|FR|0||0||56|OF|56786|3180000|0
2026|01|527010|015|08|CD|6215|FAH|01|51|1|004|100|JA|521211|019|A|03|||12|KDM  Snack Rapat|26|ORG|2|FR|0||0||52|OF|24000|1248000|0
2026|01|527010|015|08|CD|6215|FAH|01|51|1|004|100|JA|521211|019|A|03|||13|CTK  Pencetakan LKPP Audited TA 2025|85|EKS|1|FR|0||0||85|EKS|180000|15300000|0
2026|01|527010|015|08|CD|6215|FAH|01|51|1|004|100|JA|521211|019|A|03|||14|CTK  Pencetakan Tanggapan Pemerintah atas LHP BPK terhadap LKPP|50|EKS|1|FR|0||0||50|EKS|100000|5000000|0
2026|01|527010|015|08|CD|6215|FAH|01|51|1|004|100|JA|524111|019|A|01||1|1|Pendampingan Audit BPK di Luar Kota|0||0||0||0||0||0|0|0
2026|01|527010|015|08|CD|6215|FAH|01|51|1|004|100|JA|524111|019|A|01|||2|Transport|3|ORG|3|FR|0||0||9|OF|2350000|21150000|0
2026|01|527010|015|08|CD|6215|FAH|01|51|1|004|100|JA|524111|019|A|01|||3|Uang Harian|3|ORG|3|HR|3|FR|0||27|OH|384000|10368000|0
2026|01|527010|015|08|CD|6215|FAH|01|51|1|004|100|JA|524111|019|A|01|||4|Akomodasi|3|ORG|2|HR|3|FR|0||18|OH|700000|12600000|0
2026|01|527010|015|08|CD|6215|FAH|01|51|1|004|100|JA|524113|019|A|01||1|1|Pendampingan Audit BPK di Dalam Kota|0||0||0||0||0||0|0|0
2026|01|527010|015|08|CD|6215|FAH|01|51|1|004|100|JA|524113|019|A|01|||2|Transport|2|ORG|2|FR|0||0||4|OF|170000|680000|0
2026|01|527010|015|08|CD|6215|FAH|01|51|1|004|100|JA|524113|019|A|01|||3|Uang Harian  8 Jam|2|ORG|1|HR|2|FR|0||4|OH|168000|672000|0
2026|01|527010|015|08|CD|6215|FAH|01|51|1|004|100|JA|524114|019|A|01||1|1|Penyusunan LKPP Unaudited TA 2025|0||0||0||0||0||0|0|0
2026|01|527010|015|08|CD|6215|FAH|01|51|1|004|100|JA|524114|019|A|01|||2|Transport|15|ORG|1|FR|0||0||15|OF|170000|2550000|0
2026|01|527010|015|08|CD|6215|FAH|01|51|1|004|100|JA|524114|019|A|01|||3|Uang Saku|15|ORG|3|HR|1|FR|0||45|OH|130000|5850000|0
2026|01|527010|015|08|CD|6215|FAH|01|51|1|004|100|JA|524114|019|A|02||1|4|Penyusunan LKPP Audited TA 2025|0||0||0||0||0||0|0|0
2026|01|527010|015|08|CD|6215|FAH|01|51|1|004|100|JA|524114|019|A|02|||5|Transport|14|ORG|1|FR|0||0||14|OF|170000|2380000|0
2026|01|527010|015|08|CD|6215|FAH|01|51|1|004|100|JA|524114|019|A|02|||6|Uang Saku|14|ORG|3|HR|1|FR|0||42|OH|130000|5460000|0
2026|01|527010|015|08|CD|6215|FAH|01|51|1|004|100|JB|521211|019|A||||1|CTK  ATK dan Dokumentasi|20|ORG|1|FR|0||0||20|OF|50000|1000000|0
2026|01|527010|015|08|CD|6215|FAH|01|51|1|004|100|JC|521211|019|A||||1|KDM  Makan Rapat|24|ORG|1|FR|0||0||24|OF|57000|1368000|0
2026|01|527010|015|08|CD|6215|FAH|01|51|1|004|100|JC|521211|019|A||||2|KDM  Snack Rapat|24|ORG|1|FR|0||0||24|OF|24000|576000|0
2026|01|527010|015|08|CD|6215|FAH|01|51|1|005|100|HA|524111|019|A||||1|Tiket PP|2|ORG|1|HARI|1|FREK|0||2|OK|2324500|4649000|0
2026|01|527010|015|08|CD|6215|FAH|01|51|1|005|100|HA|524111|019|A||||2|Uang Harian|3|ORG|2|HARI|1|FREK|0||6|OH|279000|1674000|0
2026|01|527010|015|08|CD|6215|FAH|01|51|1|005|100|HA|524111|019|A||||3|Biaya Penginapan|2|ORG|2|HARI|1|FREK|0||4|OH|387500|1550000|0
2026|01|527010|015|08|CD|6215|FAH|01|51|1|005|100|HA|524113|019|A|01||1|1|Kegiatan Penyediaan Kebutuhan Besaran Anggaran Investasi Pemerintah|0||0||0||0||0||0|0|0
2026|01|527010|015|08|CD|6215|FAH|01|51|1|005|100|HA|524113|019|A|01|||2|Transport Lokal|6|ORG|1|LOK|1|HARI|3|FREK|18|OK|131723|2371000|0
2026|01|527010|015|08|CD|6215|FAH|01|51|1|005|100|HA|524113|019|A|01|||3|Uang Harian|2|ORG|1|LOK|2|HARI|1|FREK|4|OH|130250|521000|0
2026|01|527010|015|08|CD|6216|AAA|01|51|1|A01|100|JA|521211|019|A||||1|KDM  Makan Rapat|11|ORG|7|FR|0||0||77|OF|57000|4389000|0
2026|01|527010|015|08|CD|6216|AAA|01|51|1|A01|100|JA|521211|019|A||||2|CTK  Pencetakan Jawaban Menteri Keuangan atas Pertanyaan DPR RI|32|BUKU|1|FR|0||0||32|BUKU|100000|3200000|0
2026|01|527010|015|08|CD|6216|AAA|01|51|1|A01|100|JA|521211|019|A||||3|CTK  Pencetakan Penjelasan Pemerintah atas RUU PP APBN TA 2025|32|BUKU|1|FR|0||0||32|BUKU|100000|3200000|0
2026|01|527010|015|08|CD|6216|AAA|01|51|1|A01|100|JA|521211|019|A||||4|CTK  Pencetakan Draft RUU PP APBN TA 2025|32|BUKU|1|FR|0||0||32|BUKU|100000|3200000|0
2026|01|527010|015|08|CD|6216|AAA|01|51|1|A01|100|JA|521211|019|A||||5|CTK  Pencetakan UU PP APBN TA 2025|32|BUKU|1|FR|0||0||32|BUKU|100000|3200000|0
2026|01|527010|015|08|CD|6216|AAA|01|51|1|A01|100|JB|521213|019|A||||1|Tim Pengarah|14|ORG|6|BLN|0||0||84|OB|950000|79800000|0
2026|01|527010|015|08|CD|6216|AAA|01|51|1|A01|100|JB|521213|019|A||||2|Ketua Tim Pelaksana|1|ORG|6|BLN|0||0||6|OB|750000|4500000|0
2026|01|527010|015|08|CD|6216|AAA|01|51|1|A01|100|JB|521213|019|A||||3|Wakil Ketua Tim Pelaksana|1|ORG|6|BLN|0||0||6|OB|650000|3900000|0
2026|01|527010|015|08|CD|6216|AAA|01|51|1|A01|100|JB|521213|019|A||||4|Anggota Tim Pelaksana|64|ORG|6|BLN|0||0||384|OB|430000|165120000|0
2026|01|527010|015|08|CD|6216|AAA|01|51|1|A01|100|JB|521213|019|A||||5|Ketua Tim Sekretariat|1|ORG|6|BLN|0||0||6|OB|220000|1320000|0
2026|01|527010|015|08|CD|6216|AAA|01|51|1|A01|100|JB|521213|019|A||||6|Anggota Tim Sekretariat|6|ORG|6|BLN|0||0||36|OB|200000|7200000|0
2026|01|527010|015|08|CD|6216|AAA|01|51|1|A01|100|JB|524113|019|A||||1|Transport Dalam Kota Pembahasan RUU|6|ORG|5|FR|0||0||30|OH|170000|5100000|0
2026|01|527010|015|08|CD|6216|AAA|01|51|1|A01|100|JB|524113|019|A||||2|Uang Harian  8 Jam|6|ORG|1|HR|5|FR|0||30|OHF|168000|5040000|0
2026|01|527010|015|08|CD|6216|AAC|01|51|1|B01|100|SA|521211|019|A||||1|KDM  Konsumsi FGD snack|40|ORG|2|fr|0||0||80|OF|15125|1210000|0
2026|01|527010|015|08|CD|6216|AAC|01|51|1|B01|100|SA|521211|019|A||||2|KDM  Konsumsi FGD makan|40|org|2|fr|0||0||80|OF|33388|2671000|0
2026|01|527010|015|08|CD|6216|AAC|01|51|1|B01|100|SA|521211|019|A||||3|KDM  Snack Rapat|25|org|15|fr|0||0||375|OF|15120|5670000|0
2026|01|527010|015|08|CD|6216|AAC|01|51|1|B01|100|SA|521211|019|A||||4|KDM  Makan Rapat|25|org|15|fr|0||0||375|OF|33390|12521000|0
2026|01|527010|015|08|CD|6216|AAC|01|51|1|B01|100|SA|521211|019|A||||5|CTK  Pencetakan|1|PKT|2|fr|0||0||2|OF|630000|1260000|0
2026|01|527010|015|08|CD|6216|AAC|01|51|1|B01|100|SA|522151|019|A||||1|Honorarium Narasumber dari KL lain (Es II)|6|org|2|jam|0||0||12|OJ|880000|10560000|0
2026|01|527010|015|08|CD|6216|AAC|01|51|1|B01|100|SA|522151|019|A||||2|Honorarium Narasumberdari KL lain (Es IIIIV)|1|org|3|jam|0||0||3|OJ|792000|2376000|0
2026|01|527010|015|08|CD|6216|AAC|01|51|1|B01|100|SA|524111|019|A||||1|Akomodasi|6|org|2|hr|1|fr|1|lok|12|OHFL|728417|8741000|0
2026|01|527010|015|08|CD|6216|AAC|01|51|1|B01|100|SA|524111|019|A||||2|Uang Harian|6|org|3|hr|1|fr|1|lok|18|OHFL|263445|4742000|0
2026|01|527010|015|08|CD|6216|AAC|01|51|1|B01|100|SA|524111|019|A||||3|Transportasi|6|org|1|fr|1|lok|0||6|OK|1472334|8834000|0
2026|01|527010|015|08|CD|6216|AAG|01|51|1|D01|100|IA|521211|019|A|01||1|1|RAPAT PEMBAHASAN|0||0||0||0||0||0|0|0
2026|01|527010|015|08|CD|6216|AAG|01|51|1|D01|100|IA|521211|019|A|01|||2|KDM  Snack Rapat|20|ORG|3|FR|12|BLN|0||720|OF|15120|10886000|0
2026|01|527010|015|08|CD|6216|AAG|01|51|1|D01|100|IA|521211|019|A|01|||3|KDM  Makan Rapat|20|ORG|3|FR|12|BLN|0||720|OF|35910|25855000|0
2026|01|527010|015|08|CD|6216|AAG|01|51|1|D01|100|IA|521213|019|A|01||1|1|TIM PENETAPAN STATUS SATKER BLU|0||0||0||0||0||0|0|0
2026|01|527010|015|08|CD|6216|AAG|01|51|1|D01|100|IA|521213|019|A|01|||2|Anggota|12|ORG|12|BLN|0||0||144|OB|455000|65520000|0
2026|01|527010|015|08|CD|6216|AAG|01|51|1|D01|100|IB|521211|019|A|01||1|1|RAPAT PEMBAHASAN|0||0||0||0||0||0|0|0
2026|01|527010|015|08|CD|6216|AAG|01|51|1|D01|100|IB|521211|019|A|01|||2|KDM  Snack Rapat|20|ORG|5|FR|12|BLN|0||1200|OF|15120|18144000|0
2026|01|527010|015|08|CD|6216|AAG|01|51|1|D01|100|IB|521213|019|A|01||1|1|TIM PENETAPAN TARIF dan REMUNERASI SATKER BLU|0||0||0||0||0||0|0|0
2026|01|527010|015|08|CD|6216|AAG|01|51|1|D01|100|IB|521213|019|A|01|||2|Anggota Tim Teknis|12|ORG|12|BLN|0||0||144|OB|455000|65520000|0
2026|01|527010|015|08|CD|6216|AAG|01|51|1|E02|100|HA|522151|019|A||||1|Narasumber Tenaga Profesional|2|ORG|2|JAM|1|FREK|0||4|OJ|1496000|5984000|0
2026|01|527010|015|08|CD|6216|AAG|01|51|1|E01|100|FA|521211|019|A||||1|KDM  Makan Rapat|30|ORG|1|HARI|5|FREK|0||150|OK|35907|5386000|0
2026|01|527010|015|08|CD|6216|AAG|01|51|1|E01|100|FA|521211|019|A||||2|KDM  Snack Rapat|30|ORG|1|HARI|5|FREK|0||150|OK|15120|2268000|0
2026|01|527010|015|08|CD|6216|AAG|01|51|1|E01|100|FA|524111|019|A||||1|Penginapan|5|ORG|7|LOK|2|HARI|1|FREK|70|OH|660215|46215000|0
2026|01|527010|015|08|CD|6216|AAG|01|51|1|E01|100|FA|524111|019|A||||2|Uang Transport Luar Kota|5|ORG|7|LOK|1|FREK|0||35|OK|2169715|75940000|0
2026|01|527010|015|08|CD|6216|AAG|01|51|1|E01|100|FA|524111|019|A||||3|Uang Harian Luar Kota|5|ORG|7|LOK|3|HARI|1|FREK|105|OH|278962|29291000|0
2026|01|527010|015|08|CD|6216|AAH|01|51|1|F01|100|JA|521211|019|A||||1|CTK  Pencetakan dan Penggandaan Buku Panduan Teknis|5|BUKU|2|FR|0||0||10|BUKU|500000|5000000|0
2026|01|527010|015|08|CD|6216|AAH|01|51|1|F01|100|JA|521213|019|A||||1|Penyunting Editor|2|ORG|2|OTR|0||0||4|OTR|300000|1200000|0
2026|01|527010|015|08|CD|6216|AAH|01|51|1|F01|100|JA|521213|019|A||||2|Pembuat Artikel|3|ORG|2|OTR|30|HAL|0||180|OTR|100000|18000000|0
2026|01|527010|015|08|CD|6216|AAH|01|51|1|F01|100|JB|524111|019|A||||1|Transport|1|ORG|5|FR|0||0||5|OH|2167000|10835000|0
2026|01|527010|015|08|CD|6216|AAH|01|51|1|F01|100|JB|524111|019|A||||2|Akomodasi|1|ORG|2|HR|5|FR|0||10|OH|800000|8000000|0
2026|01|527010|015|08|CD|6216|AAH|01|51|1|F01|100|JB|524111|019|A||||3|Uang Saku Harian|1|ORG|3|HR|5|FR|0||15|OH|384000|5760000|0
2026|01|527010|015|08|CD|6216|AAH|01|51|1|F01|100|JB|524114|019|A|01||1|1|Rapat Evaluasi dan Tinjut Temuan BPK atas Pengembangan SAPP|0||0||0||0||0||0|0|0
2026|01|527010|015|08|CD|6216|AAH|01|51|1|F01|100|JB|524114|019|A|01|||2|Transport|12|ORG|2|FR|0||0||24|OF|250|6000|0
2026|01|527010|015|08|CD|6216|AAH|01|51|1|F01|100|JB|524114|019|A|01|||3|Uang Saku|12|ORG|3|HR|2|FR|0||72|OH|250|18000|0
2026|01|527010|015|08|CD|6216|AAH|01|51|1|F01|100|JB|524114|019|A|02||1|4|Rapat Pengembangan SAPP Tahun 2026|0||0||0||0||0||0|0|0
2026|01|527010|015|08|CD|6216|AAH|01|51|1|F01|100|JB|524114|019|A|02|||5|Transport|12|ORG|1|FR|0||0||12|OF|250|3000|0
2026|01|527010|015|08|CD|6216|AAH|01|51|1|F01|100|JB|524114|019|A|02|||6|Uang Saku Harian|12|ORG|2|HR|1|FR|0||24|OH|250|6000|0
2026|01|527010|015|08|CD|6216|AAH|01|51|1|F01|100|JC|521211|019|A|01||1|1|FGD Pembahasan Draft Peraturan|0||0||0||0||0||0|0|0
2026|01|527010|015|08|CD|6216|AAH|01|51|1|F01|100|JC|521211|019|A|01|||2|KDM  Makan Rapat|15|ORG|3|FR|0||0||45|OF|57000|2565000|0
2026|01|527010|015|08|CD|6216|AAH|01|51|1|F01|100|JC|521211|019|A|01|||3|KDM  Snack Rapat|15|ORG|3|FR|0||0||45|OF|24000|1080000|0
2026|01|527010|015|08|CD|6216|AAH|01|51|1|F01|100|JC|521211|019|A|02||1|4|Rapat Finalisasi Peraturan SAPP|0||0||0||0||0||0|0|0
2026|01|527010|015|08|CD|6216|AAH|01|51|1|F01|100|JC|521211|019|A|02|||5|CTK  Penggandaan dan Pencetakan Peraturan|35|BUKU|1|FR|0||0||35|BUKU|100000|3500000|0
2026|01|527010|015|08|CD|6216|AAH|01|51|1|F01|100|JC|521211|019|A|03||1|6|Limited Hearing Uji Publik Peraturan SAPP|0||0||0||0||0||0|0|0
2026|01|527010|015|08|CD|6216|AAH|01|51|1|F01|100|JC|521211|019|A|03|||7|CTK  ATK, Bahan Habis Pakai dan Dokumentasi|1|PKT|1|FR|0||0||1|PKT|500000|500000|0
2026|01|527010|015|08|CD|6216|AAH|01|51|1|F01|100|JC|521211|019|A|04||1|8|Rapat Pembahasan Draft Peraturan|0||0||0||0||0||0|0|0
2026|01|527010|015|08|CD|6216|AAH|01|51|1|F01|100|JC|521211|019|A|04|||9|KDM  Makan Rapat|20|ORG|3|FR|0||0||60|OF|57000|3420000|0
2026|01|527010|015|08|CD|6216|AAH|01|51|1|F01|100|JC|521211|019|A|04|||10|KDM  Snack Rapat|20|ORG|3|FR|0||0||60|OF|24000|1440000|0
2026|01|527010|015|08|CD|6216|AAH|01|51|1|F01|100|JC|522151|019|A|01||1|1|Persiapan dan Perumusan Peraturan SAPP|0||0||0||0||0||0|0|0
2026|01|527010|015|08|CD|6216|AAH|01|51|1|F01|100|JC|522151|019|A|01|||2|Biaya Narasumber|1|ORG|2|JAM|1|FR|0||2|OJ|900000|1800000|0
2026|01|527010|015|08|CD|6216|AAH|01|51|1|F01|100|JC|522151|019|A|01|||3|Biaya Narasumber Profesional|1|ORG|2|JAM|1|FR|0||2|OJ|1000000|2000000|0
2026|01|527010|015|08|CD|6216|AAH|01|51|1|F01|100|JC|522151|019|A|02||1|4|FGD Pembahasan Draft Peraturan|0||0||0||0||0||0|0|0
2026|01|527010|015|08|CD|6216|AAH|01|51|1|F01|100|JC|522151|019|A|02|||5|Biaya Narasumber|1|ORG|2|JAM|1|FR|0||2|OJ|900000|1800000|0
2026|01|527010|015|08|CD|6216|AAH|01|51|1|F01|100|JC|522151|019|A|02|||6|Biaya Narasumber Profesional|1|ORG|2|JAM|1|FR|0||2|OJ|1000000|2000000|0
2026|01|527010|015|08|CD|6216|AAH|01|51|1|F01|100|JC|524111|019|A||||1|Transport|2|ORG|1|FR|0||0||2|OH|2230000|4460000|0
2026|01|527010|015|08|CD|6216|AAH|01|51|1|F01|100|JC|524111|019|A||||2|Akomodasi|2|ORG|2|HR|1|FR|0||4|OH|800000|3200000|0
2026|01|527010|015|08|CD|6216|AAH|01|51|1|F01|100|JC|524111|019|A||||3|Uang Saku Harian|2|ORG|3|HR|1|FR|0||6|OH|384000|2304000|0
2026|01|527010|015|08|CD|6216|AAH|01|51|1|F02|100|SA|521211|019|A||||1|KDM  Snack Rapat|25|ORG|18|fr|0||0||450|OF|15120|6804000|0
2026|01|527010|015|08|CD|6216|AAH|01|51|1|F02|100|SA|521211|019|A||||2|KDM  Makan Rapat|25|org|18|fr|0||0||450|OF|33389|15025000|0
2026|01|527010|015|08|CD|6216|AAH|01|51|1|F02|100|SA|521211|019|A||||3|KDM  Konsumsi FGD snack|40|org|1|fr|0||0||40|OF|15125|605000|0
2026|01|527010|015|08|CD|6216|AAH|01|51|1|F02|100|SA|521211|019|A||||4|KDM  Konsumsi FGD makan|40|org|1|fr|0||0||40|OF|33400|1336000|0
2026|01|527010|015|08|CD|6216|AAH|01|51|1|F02|100|SA|522151|019|A||||1|Honorarium Narasumber dari KL lain (Es IIIIV)|1|org|3|jam|0||0||3|OJ|792000|2376000|0
2026|01|527010|015|08|CD|6216|AAH|01|51|1|F02|100|SA|522151|019|A||||2|Honorarium Narasumber dari KL lain (Es II)|2|org|3|jam|0||0||6|OJ|880000|5280000|0
2026|01|527010|015|08|CD|6216|AAH|01|51|1|F02|100|SA|524111|019|A||||1|Akomodasi|3|org|2|hr|1|fr|3|lok|18|OHFL|680389|12247000|0
2026|01|527010|015|08|CD|6216|AAH|01|51|1|F02|100|SA|524111|019|A||||2|Uang Harian|3|org|3|hr|1|fr|3|lok|27|OHFL|246408|6653000|0
2026|01|527010|015|08|CD|6216|AAH|01|51|1|F02|100|SA|524111|019|A||||3|Trasnportasi|3|org|1|fr|3|lok|0||9|OK|3215889|28943000|0
2026|01|527010|015|08|CD|6216|AAH|01|51|1|F03|100|OB|521211|019|A||||1|KDM  Snack Rapat|30|ORG|1|KEG|0||0||30|OK|13867|416000|0
2026|01|527010|015|08|CD|6216|AAH|01|51|1|F03|100|OB|521211|019|A||||2|KDM  Makan Rapat|30|ORG|1|KEG|0||0||30|OK|33400|1002000|0
2026|01|527010|015|08|CD|6216|AAH|01|51|1|F03|100|OB|524114|019|A||||1|Transport Dalam Kota|25|ORG|1|FR|1|KEG|1|LOK|25|OH|116240|2906000|0
2026|01|527010|015|08|CD|6216|AAH|01|51|1|F03|100|OB|524114|019|A||||2|Paket Fullboard Dalam Kota|25|ORG|2|HR|1|Paket|0||50|OP|813640|40682000|0
2026|01|527010|015|08|CD|6216|AAH|01|51|1|F03|100|OB|524114|019|A||||3|Uang Saku|25|ORG|3|HR|1|KEG|1|LOK|75|OH|100734|7555000|0
2026|01|527010|015|08|CD|6216|AAH|01|51|1|F04|100|IA|521211|019|A||||1|KDM  Snack Rapat|10|ORG|2|FR|12|BLN|0||240|OF|15121|3629000|0
2026|01|527010|015|08|CD|6216|AAH|01|51|1|F04|100|IA|521211|019|A||||2|KDM  Makan Rapat|10|ORG|2|FR|12|BLN|0||240|OF|35909|8618000|0
2026|01|527010|015|08|CD|6216|AAH|01|51|1|F04|100|IB|521211|019|A|01||1|1|RAPAT PEMBAHASAN|0||0||0||0||0||0|0|0
2026|01|527010|015|08|CD|6216|AAH|01|51|1|F04|100|IB|521211|019|A|01|||2|KDM  Snack Rapat|10|ORG|2|FR|12|BLN|0||240|OF|15121|3629000|0
2026|01|527010|015|08|CD|6216|AAH|01|51|1|F04|100|IB|521211|019|A|01|||3|KDM  Makan Rapat|10|ORG|2|FR|12|BLN|0||240|OF|35909|8618000|0
2026|01|527010|015|08|CD|6216|AAH|01|51|1|F04|100|IB|522151|019|A|01||1|1|SEMINARSHARING SESSION|0||0||0||0||0||0|0|0
2026|01|527010|015|08|CD|6216|AAH|01|51|1|F04|100|IB|522151|019|A|01|||2|Honor Narasumber Pejabat Eselon II yang disetarakan|2|ORG|2|JAM|3|FR|0||12|OJ|880000|10560000|0
2026|01|527010|015|08|CD|6216|AAH|01|51|1|F04|100|IB|524119|019|A||||1|Akomodasi Fullboard Es II|3|ORG|2|HR|2|FR|0||12|OH|867084|10405000|0
2026|01|527010|015|08|CD|6216|AAH|01|51|1|F04|100|IB|524119|019|A||||2|Akomodasi Fullboard Es III kebawah|27|ORG|2|HR|2|FR|0||108|OH|779547|84191000|0
2026|01|527010|015|08|CD|6216|AAH|01|51|1|F04|100|IB|524119|019|A||||3|Uang Saku|30|ORG|3|HR|2|FR|0||180|OH|100739|18133000|0
2026|01|527010|015|08|CD|6216|AAH|01|51|1|F04|100|IB|524119|019|A||||4|Biaya Transport|30|ORG|2|FR|0||0||60|OK|464934|27896000|0
2026|01|527010|015|08|CD|6216|FAE|01|51|1|001|100|OA|521211|019|A|01||1|1|Rapat Penyusunan Masukan Pemerintah terkait Pencetakan Uang oleh Bank Indonesia|0||0||0||0||0||0|0|0
2026|01|527010|015|08|CD|6216|FAE|01|51|1|001|100|OA|521211|019|A|01|||2|KDM  Snack Rapat|40|ORG|1|KEG|4|FR|0||160|OK|12250|1960000|0
2026|01|527010|015|08|CD|6216|FAE|01|51|1|001|100|OA|521211|019|A|01|||3|KDM  Makan Rapat|40|ORG|1|KEG|4|FR|0||160|OK|35000|5600000|0
2026|01|527010|015|08|CD|6216|FAE|01|51|1|003|100|JA|521211|019|A||||1|KDM  Makan Rapat|16|ORG|1|FR|0||0||16|OF|57000|912000|0
2026|01|527010|015|08|CD|6216|FAE|01|51|1|003|100|JA|521211|019|A||||2|KDM  Snack Rapat|16|ORG|1|FR|0||0||16|OF|24000|384000|0
2026|01|527010|015|08|CD|6216|FAE|01|51|1|003|100|JA|522151|019|A||||1|Honorarium Narasumber|1|ORG|1|JAM|1|FR|0||1|OJ|2000|2000|0
2026|01|527010|015|08|CD|6216|FAE|01|51|1|003|100|JA|524111|019|A||||1|Akomodasi|2|ORG|2|HR|2|FR|0||8|OH|800000|6400000|0
2026|01|527010|015|08|CD|6216|FAE|01|51|1|003|100|JA|524111|019|A||||2|Transport|2|ORG|2|FR|0||0||4|OF|2744750|10979000|0
2026|01|527010|015|08|CD|6216|FAE|01|51|1|003|100|JA|524111|019|A||||3|Uang Saku Harian|2|ORG|3|HR|2|FR|0||12|OH|384000|4608000|0
2026|01|527010|015|08|CD|6216|FAE|01|51|1|003|100|JA|524113|019|A|01||1|1|Pengumpulan Bahan Kajian|0||0||0||0||0||0|0|0
2026|01|527010|015|08|CD|6216|FAE|01|51|1|003|100|JA|524113|019|A|01|||2|Transport Dalam Kota|2|ORG|1|FR|0||0||2|OF|170000|340000|0
2026|01|527010|015|08|CD|6216|FAE|01|51|1|003|100|JA|524113|019|A|01|||3|Uang Saku Harian  8 Jam|2|ORG|1|HR|1|FR|0||2|OH|168000|336000|0
2026|01|527010|015|08|CD|6216|FAE|01|51|1|003|100|SA|521211|019|A||||1|KDM  Snack Rapat|25|org|20|fr|0||0||500|OF|6690|3345000|0
2026|01|527010|015|08|CD|6216|FAE|01|51|1|003|100|SA|521211|019|A||||2|KDM  Makan Rapat|25|org|20|fr|0||0||500|OF|41172|20586000|0
2026|01|527010|015|08|CD|6216|FAE|01|51|1|003|100|SA|521211|019|A||||3|CTK  Pencetakan|1|pkt|0||0||0||1|PKT|148000|148000|0
2026|01|527010|015|08|CD|6216|FAE|01|51|1|003|100|SB|524111|019|A||||1|Akomodasi|2|org|2|hr|1|fr|1|lok|4|OHFL|755500|3022000|0
2026|01|527010|015|08|CD|6216|FAE|01|51|1|003|100|SB|524111|019|A||||2|Uang Harian|2|org|3|hr|1|fr|1|lok|6|OHFL|310000|1860000|0
2026|01|527010|015|08|CD|6216|FAE|01|51|1|003|100|SB|524111|019|A||||3|Transportasi|2|org|1|fr|1|lok|0||2|OK|4712000|9424000|0
2026|01|527010|015|08|CD|6216|FAE|01|51|1|003|100|SB|524113|019|A||||1|Transportasi|1|org|5|fr|0||0||5|OK|116200|581000|0
2026|01|527010|015|08|CD|6216|FAE|01|51|1|003|100|SC|524111|019|A||||1|Akomodasi|2|org|3|hr|2|fr|1|lok|12|OHFL|1092584|13111000|0
2026|01|527010|015|08|CD|6216|FAE|01|51|1|003|100|SC|524111|019|A||||2|Uang Harian|2|org|4|hr|2|fr|1|lok|16|OHFL|309938|4959000|0
2026|01|527010|015|08|CD|6216|FAE|01|51|1|003|100|SC|524111|019|A||||3|Transportasi|2|org|1|fr|2|lok|0||4|OK|3878750|15515000|0
2026|01|527010|015|08|CD|6216|FAE|01|51|1|003|100|SD|521211|019|A||||1|KDM  Snack Rapat|10|org|5|fr|0||0||50|OF|18820|941000|0
2026|01|527010|015|08|CD|6216|FAE|01|51|1|003|100|SD|521211|019|A||||2|KDM  Makan Rapat|10|org|5|fr|0||0||50|OF|43920|2196000|0
2026|01|527010|015|08|CD|6216|FAE|01|51|1|003|100|SD|524111|019|A||||1|Akomodasi|3|org|2|hr|1|fr|1|lok|6|OHFL|697334|4184000|0
2026|01|527010|015|08|CD|6216|FAE|01|51|1|003|100|SD|524111|019|A||||2|Uang Harian|3|org|3|hr|1|fr|1|lok|9|OHFL|279000|2511000|0
2026|01|527010|015|08|CD|6216|FAE|01|51|1|003|100|SD|524111|019|A||||3|Transportasi|3|org|1|fr|1|lok|0||3|OK|2324667|6974000|0
2026|01|527010|015|08|CD|6216|FAE|01|51|1|003|100|SD|524113|019|A||||1|Transport|1|ORG|1|FREK|0||0||1|OF|116000|116000|0
2026|01|527010|015|08|CD|6216|FAE|01|51|1|003|100|SE|521211|019|A||||1|KDM  Snack Rapat|10|org|5|fr|0||0||50|OF|18820|941000|0
2026|01|527010|015|08|CD|6216|FAE|01|51|1|003|100|SE|521211|019|A||||2|KDM  Makan Rapat|10|org|5|fr|0||0||50|OF|43920|2196000|0
2026|01|527010|015|08|CD|6216|FAE|01|51|1|003|100|SF|521211|019|A||||1|KDM  Snack Rapat|10|org|5|fr|0||0||50|OF|15120|756000|0
2026|01|527010|015|08|CD|6216|FAE|01|51|1|003|100|SF|521211|019|A||||2|KDM  Makan Rapat|10|org|5|fr|0||0||50|OF|35280|1764000|0
2026|01|527010|015|08|CD|6216|FAE|01|51|1|003|100|SG|521211|019|A||||1|KDM  Snack Rapat|10|org|5|fr|0||0||50|OF|18820|941000|0
2026|01|527010|015|08|CD|6216|FAE|01|51|1|003|100|SG|521211|019|A||||2|KDM  Makan Rapat|10|org|5|fr|0||0||50|OF|43920|2196000|0
2026|01|527010|015|08|CD|6216|FAE|01|51|1|003|100|SG|522151|019|A||||1|Honorarium Narasumber Praktisi Eksternal (Dosen, Profesor, Peneliti)|4|org|2|jam|2|FR|0||16|OJ|880000|14080000|0
2026|01|527010|015|08|CD|6216|FAE|01|51|1|003|100|SG|524111|019|A||||1|Akomodasi|3|org|2|hr|1|fr|1|lok|6|OHFL|697334|4184000|0
2026|01|527010|015|08|CD|6216|FAE|01|51|1|003|100|SG|524111|019|A||||2|Uang Harian|3|org|3|hr|1|fr|1|lok|9|OHFL|279000|2511000|0
2026|01|527010|015|08|CD|6216|FAE|01|51|1|003|100|SG|524111|019|A||||3|Transportasi|3|org|1|fr|1|lok|0||3|OK|2324667|6974000|0
2026|01|527010|015|08|CD|6216|FAE|01|51|1|003|100|SH|521211|019|A||||1|CTK  Pencetakan Jurnal|1|PKT|0||0||0||1|PKT|3780000|3780000|0
2026|01|527010|015|08|CD|6216|FAE|01|51|1|003|100|SH|521211|019|A||||2|KDM  Snack Rapat|10|org|5|fr|0||0||50|OF|15120|756000|0
2026|01|527010|015|08|CD|6216|FAE|01|51|1|003|100|SH|521211|019|A||||3|KDM  Makan Rapat|10|org|5|fr|0||0||50|OF|35280|1764000|0
2026|01|527010|015|08|CD|6216|FAE|01|51|1|003|100|SH|521213|019|A|01||1|1|Jurnal ITRev|0||0||0||0||0||0|0|0
2026|01|527010|015|08|CD|6216|FAE|01|51|1|003|100|SH|521213|019|A|01|||2|ITRev Sekretariat|8|org|4|fr|0||0||32|Oter|136500|4368000|0
2026|01|527010|015|08|CD|6216|FAE|01|51|1|003|100|SH|521213|019|A|01|||3|ITRev Desain Grafis|2|org|4|fr|0||0||8|Oter|163750|1310000|0
2026|01|527010|015|08|CD|6216|FAE|01|51|1|003|100|SH|521213|019|A|01|||4|ITRev Dewan Redaksi|7|org|4|fr|0||0||28|Oter|318500|8918000|0
2026|01|527010|015|08|CD|6216|FAE|01|51|1|003|100|SH|521213|019|A|01|||5|ITRev Ketua Dewan Redaksi|1|org|4|fr|0||0||4|Oter|364000|1456000|0
2026|01|527010|015|08|CD|6216|FAE|01|51|1|003|100|SH|521213|019|A|01|||6|ITRev Mitra Bestari|14|org|4|fr|0||0||56|Oter|1365000|76440000|0
2026|01|527010|015|08|CD|6216|FAE|01|51|1|003|100|SH|521213|019|A|01|||7|ITRev Pembuat Artikel|7|org|20|hlmn|4|fr|0||560|OF|91000|50960000|0
2026|01|527010|015|08|CD|6216|FAE|01|51|1|003|100|SH|521213|019|A|01|||8|ITRev Penanggung Jawab|2|org|4|fr|0||0||8|Oter|409500|3276000|0
2026|01|527010|015|08|CD|6216|FAE|01|51|1|003|100|SH|521213|019|A|01|||9|ITRev Editor|7|org|4|fr|0||0||28|Oter|273000|7644000|0
2026|01|527010|015|08|CD|6216|FAE|01|51|1|003|100|SH|521213|019|A|02||1|10|Jurnal MAPAN|0||0||0||0||0||0|0|0
2026|01|527010|015|08|CD|6216|FAE|01|51|1|003|100|SH|521213|019|A|02|||11|Sekretaiat|8|org|2|fr|0||0||16|Oter|136500|2184000|0
2026|01|527010|015|08|CD|6216|FAE|01|51|1|003|100|SH|521213|019|A|02|||12|Desain Grafis|2|org|2|fr|0||0||4|Oter|163750|655000|0
2026|01|527010|015|08|CD|6216|FAE|01|51|1|003|100|SH|521213|019|A|02|||13|Dewan Redaksi|5|org|2|fr|0||0||10|Oter|318500|3185000|0
2026|01|527010|015|08|CD|6216|FAE|01|51|1|003|100|SH|521213|019|A|02|||14|Ketua Dewan Redaksi|1|org|2|fr|0||0||2|Oter|364000|728000|0
2026|01|527010|015|08|CD|6216|FAE|01|51|1|003|100|SH|521213|019|A|02|||15|Mitra Bestari|10|org|2|fr|0||0||20|Oter|1365000|27300000|0
2026|01|527010|015|08|CD|6216|FAE|01|51|1|003|100|SH|521213|019|A|02|||16|Pembuat Artikel|5|org|20|hlmn|2|frek|0||200|OF|91000|18200000|0
2026|01|527010|015|08|CD|6216|FAE|01|51|1|003|100|SH|521213|019|A|02|||17|Penanggung Jawab|2|org|2|fr|0||0||4|Oter|409500|1638000|0
2026|01|527010|015|08|CD|6216|FAE|01|51|1|003|100|SH|521213|019|A|02|||18|Editor|5|org|2|fr|0||0||10|Oter|273000|2730000|0
2026|01|527010|015|08|CD|6216|FAE|01|51|1|003|100|SH|522151|019|A||||1|Honorarium Narasumber Praktisi Eksternal (Dosen, Profesor, Peneliti)|5|org|2|jam|4|fr|0||40|OJ|880000|35200000|0
2026|01|527010|015|08|CD|6216|FAE|01|51|1|003|100|SH|522191|019|A||||1|Biaya Similarity Check Crossref, DOI System, Plagiarismee Grammarly, Turnitin, dan Proofreading|5|pkt|0||0||0||5|PKT|9920000|49600000|0
2026|01|527010|015|08|CD|6216|FAE|01|51|1|003|100|SH|524111|019|A||||1|Akomodasi|2|org|2|hr|1|fr|1|lok|4|OHFL|697500|2790000|0
2026|01|527010|015|08|CD|6216|FAE|01|51|1|003|100|SH|524111|019|A||||2|Uang Harian|2|org|3|hr|1|fr|1|lok|6|OHFL|279000|1674000|0
2026|01|527010|015|08|CD|6216|FAE|01|51|1|003|100|SH|524111|019|A||||3|Transportasi|2|org|1|fr|1|lok|0||2|OK|2421000|4842000|0
2026|01|527010|015|08|CD|6216|FAE|01|51|1|003|100|SI|521211|019|A||||1|KDM  Snack Rapat|25|org|2|fr|0||0||50|OF|14480|724000|0
2026|01|527010|015|08|CD|6216|FAE|01|51|1|003|100|SI|521211|019|A||||2|KDM  Makan Rapat|25|org|3|fr|0||0||75|OF|30240|2268000|0
2026|01|527010|015|08|CD|6216|FAE|01|51|1|003|100|SI|522151|019|A||||1|Honor narasumber profesional|1|org|4|jam|3|fr|0||12|OJ|1496000|17952000|0
2026|01|527010|015|08|CD|6216|FAE|01|51|1|003|100|SI|522151|019|A||||2|Honorarium Narasumber Pejabat Es. III KL lain|1|org|4|jam|3|fr|0||12|OJ|880000|10560000|0
2026|01|527010|015|08|CD|6216|FAE|01|51|1|003|100|SI|524111|019|A||||1|Akomodasi Narasumber|2|org|2|hr|1|fr|2|lok|8|OHFL|325500|2604000|0
2026|01|527010|015|08|CD|6216|FAE|01|51|1|003|100|SI|524111|019|A||||2|Uang Harian Narasumber|2|org|2|hr|1|fr|2|lok|8|OHFL|294500|2356000|0
2026|01|527010|015|08|CD|6216|FAE|01|51|1|003|100|SI|524111|019|A||||3|Transportasi Narasumber|2|org|1|fr|2|lok|0||4|OK|2324750|9299000|0
2026|01|527010|015|08|CD|6216|FAE|01|51|1|003|100|SI|524111|019|A||||4|Akomodasi Panitia|4|org|2|hr|1|fr|2|lok|16|OHFL|321000|5136000|0
2026|01|527010|015|08|CD|6216|FAE|01|51|1|003|100|SI|524111|019|A||||5|Uang Harian Panitia|4|org|3|hr|1|fr|2|lok|24|OHFL|294459|7067000|0
2026|01|527010|015|08|CD|6216|FAE|01|51|1|003|100|SI|524111|019|A||||6|Transportasi Panitia|4|org|1|fr|2|lok|0||8|OK|2324750|18598000|0
2026|01|527010|015|08|CD|6216|FAE|01|51|1|003|100|SJ|521211|019|A||||1|KDM  Snack Rapat|20|org|15|fr|0||0||300|OF|15120|4536000|0
2026|01|527010|015|08|CD|6216|FAE|01|51|1|003|100|SJ|521211|019|A||||2|KDM  Makan Rapat|20|org|15|fr|0||0||300|OF|35910|10773000|0
2026|01|527010|015|08|CD|6216|FAE|01|51|1|003|100|SJ|521211|019|A||||3|CTK  Penggandaan, Pencetakan Brosur, Leaflet, Spanduk dan Backdrop, dll|1|pkt|0||0||0||1|PKT|7040000|7040000|0
2026|01|527010|015|08|CD|6216|FAE|01|51|1|003|100|SJ|522151|019|A||||1|Honorarium Narasumber Praktisi Eksternal|10|org|1|jam|1|fr|0||10|OJ|1496000|14960000|0
2026|01|527010|015|08|CD|6216|FAE|01|51|1|003|100|SJ|524111|019|A||||1|Akomodasi|6|org|2|hr|1|fr|4|lok|48|OHFL|581167|27896000|0
2026|01|527010|015|08|CD|6216|FAE|01|51|1|003|100|SJ|524111|019|A||||2|Uang Harian|6|org|3|hr|1|fr|4|lok|72|OHFL|271209|19527000|0
2026|01|527010|015|08|CD|6216|FAE|01|51|1|003|100|SJ|524111|019|A||||3|Transportasi|6|org|1|fr|4|lok|0||24|OK|1681542|40357000|0
2026|01|527010|015|08|CD|6216|FAE|01|51|1|003|100|SJ|524113|019|A||||1|Transportasi|10|org|2|fr|0||0||20|OK|116250|2325000|0
2026|01|527010|015|08|CD|6216|FAE|01|51|1|003|100|SJ|524114|019|A||||1|paket Fullday|60|org|1|fr|0||0||60|OF|333200|19992000|0
2026|01|527010|015|08|CD|6216|FAE|01|51|1|003|100|SJ|524114|019|A||||2|Transportasi|60|org|1|fr|0||0||60|OK|85234|5114000|0
2026|01|527010|015|08|CD|6216|FAE|01|51|1|004|100|OA|521211|019|A|01||1|1|Rekonsiliasi Data Rekening Pemerintah Pusat dengan KL dan Bank|0||0||0||0||0||0|0|0
2026|01|527010|015|08|CD|6216|FAE|01|51|1|004|100|OA|521211|019|A|01|||2|KDM  Snack Rapat|30|ORG|20|KEG|1|FR|0||600|OK|9184|5510000|0
2026|01|527010|015|08|CD|6216|FAE|01|51|1|004|100|OA|521211|019|A|01|||3|KDM  Makan Rapat|30|ORG|20|KEG|1|FR|0||600|OK|21808|13084000|0
2026|01|527010|015|08|CD|6216|FAE|01|51|1|004|100|OA|521211|019|A|02||1|4|Rapat pembahasan Peraturan|0||0||0||0||0||0|0|0
2026|01|527010|015|08|CD|6216|FAE|01|51|1|004|100|OA|521211|019|A|02|||5|KDM  Snack Rapat|30|ORG|10|KEG|1|FR|0||300|OK|15120|4536000|0
2026|01|527010|015|08|CD|6216|FAE|01|51|1|004|100|OA|521211|019|A|02|||6|KDM  Makan Rapat|30|ORG|10|KEG|1|FR|0||300|OK|35910|10773000|0
2026|01|527010|015|08|CD|6216|FAE|01|51|1|004|100|OA|521211|019|A|03||1|7|Sosialisasi Implementasi Restrukturisasi Rekening kepada seluruh KL dan KPPN|0||0||0||0||0||0|0|0
2026|01|527010|015|08|CD|6216|FAE|01|51|1|004|100|OA|521211|019|A|03|||8|CTK  Pencetakan dan Penjilidan Materi|100|JILID|1|KEG|0||0||100|JILID|161850|16185000|0
2026|01|527010|015|08|CD|6216|FAE|01|51|1|004|100|OA|521211|019|A|03|||9|KDM  Snack Rapat|30|ORG|1|KEG|1|FR|0||30|OK|15134|454000|0
2026|01|527010|015|08|CD|6216|FAE|01|51|1|004|100|OA|521211|019|A|03|||10|KDM  Makan Rapat|30|ORG|1|KEG|1|FR|0||30|OK|35900|1077000|0
2026|01|527010|015|08|CD|6216|FAE|01|51|1|004|100|OA|524111|019|A|01||1|1|Pengelolaan Rekening dalam bentuk Virtual Account ke Bank, Kanwil, dan KPPN|0||0||0||0||0||0|0|0
2026|01|527010|015|08|CD|6216|FAE|01|51|1|004|100|OA|524111|019|A|01|||2|Akomodasi|5|ORG|2|HR|3|LOK|0||30|OH|619934|18598000|0
2026|01|527010|015|08|CD|6216|FAE|01|51|1|004|100|OA|524111|019|A|01|||3|Tiket|5|ORG|3|LOK|0||0||15|OF|1549800|23247000|0
2026|01|527010|015|08|CD|6216|FAE|01|51|1|004|100|OA|524111|019|A|01|||4|Uang Saku|5|ORG|3|HR|3|LOK|0||45|OH|271223|12205000|0
2026|01|527010|015|08|CD|6216|FAE|01|51|1|004|100|OA|524113|019|A|01||1|1|Koordinasi Rekening Pemerintah Pusat Pada KL dan Perbankan|0||0||0||0||0||0|0|0
2026|01|527010|015|08|CD|6216|FAE|01|51|1|004|100|OA|524113|019|A|01|||2|Transport Dalam Kota|2|ORG|10|FR|0||0||20|OK|116250|2325000|0
2026|01|527010|015|08|CD|6216|FAE|01|51|1|004|100|OA|524113|019|A|01|||3|Uang Harian|2|ORG|10|FR|0||0||20|OH|130200|2604000|0
2026|01|527010|015|08|WA|4711|EBA|01|51|1|Z04|100|EA|521211|019|A||||1|KDM  Snack Rapat|10|ORG|1|HR|1|FREK|0||10|OF|13900|139000|0
2026|01|527010|015|08|WA|4711|EBA|01|51|1|Z04|100|EA|521211|019|A||||2|KDM  Makan Rapat|10|ORG|1|HR|1|FREK|0||10|OF|32800|328000|0
2026|01|527010|015|08|WA|4711|EBA|01|51|1|Z04|100|EA|524111|019|A||||1|Akomodasi|3|ORG|2|HR|4|FREK|0||24|OF|426209|10229000|0
2026|01|527010|015|08|WA|4711|EBA|01|51|1|Z04|100|EA|524111|019|A||||2|Transport|3|ORG|4|FREK|0||0||12|OK|2324667|27896000|0
2026|01|527010|015|08|WA|4711|EBA|01|51|1|Z04|100|EA|524111|019|A||||3|Uang Harian|3|ORG|3|HR|4|FREK|0||36|OH|271223|9764000|0
2026|01|527010|015|08|WA|4711|EBA|01|51|1|Z04|100|SA|524111|019|A||||1|Akomodasi|1|ORG|2|HR|5|FREK|0||10|OF|503700|5037000|0
2026|01|527010|015|08|WA|4711|EBA|01|51|1|Z04|100|SA|524111|019|A||||2|Transport|1|ORG|5|FREK|0||0||5|OK|3099600|15498000|0
2026|01|527010|015|08|WA|4711|EBA|01|51|1|Z04|100|SA|524111|019|A||||3|Uang Harian|1|ORG|3|HR|5|FREK|0||15|OH|359534|5393000|0
2026|01|527010|015|08|WA|4711|EBA|01|51|1|Z04|100|SA|524113|019|A||||1|Transport|2|org|3|fr|0||0||6|OK|116167|697000|0
2026|01|527010|015|08|WA|4715|EBA|01|51|1|001|100|BA|522151|019|A||||1|1. Honorarium Narasumber Sumpah|4|ORG|5|FREK|0||0||20|OF|352000|7040000|0
2026|01|527010|015|08|WA|4715|EBA|01|51|1|001|100|DA|521211|019|A||||1|KDM  Konsumsi Makan Weekly Meeting|25|ORG|40|WEEK|1|KL|0||1000|OK|35910|35910000|0
2026|01|527010|015|08|WA|4715|EBA|01|51|1|001|100|DA|521211|019|A||||2|KDM  Konsumsi Snack Weekly Meeting|25|ORG|40|WEEK|1|KL|0||1000|OK|15120|15120000|0
2026|01|527010|015|08|WA|4715|EBA|01|51|1|001|100|DA|521211|019|A||||3|KDM  Konsumsi Makan Kegiatan Rapat Biasa, Sarasehan, Pelantikan, Seremoni|20|ORG|50|HR|1|KL|0||1000|OK|5700|5700000|0
2026|01|527010|015|08|WA|4715|EBA|01|51|1|001|100|DA|521211|019|A||||4|KDM  Konsumsi Snack Kegiatan Rapat Biasa, Sarasehan, Pelantikan, Seremoni|20|ORG|50|HR|1|KL|0||1000|OK|2400|2400000|0
2026|01|527010|015|08|WA|4715|EBA|01|51|1|001|100|DA|521211|019|A||||5|Belanja Dukungan Pimpinan Kantor Pusat DJPb|0||0||0||0||1|THN|30000000|30000000|0
2026|01|527010|015|08|WA|4715|EBA|01|51|1|001|100|DA|522141|019|A||||1|Sewa Tanaman Dalam Gedung|0||0||0||0||1|THN|73000000|73000000|0
2026|01|527010|015|08|WA|4715|EBA|01|51|1|001|100|DA|522191|019|A||||1|Jasa Perawatan Akuarium|0||0||0||0||1|PKT|366995000|366995000|0
2026|01|527010|015|08|WA|4715|EBA|01|51|1|001|100|DA|522191|019|A||||2|Jasa Reviu dan Estimator RAB Pekerjaan Konstruksi|0||0||0||0||1|PKT|199467000|199467000|0
2026|01|527010|015|08|WA|4715|EBA|01|51|1|001|100|DA|524111|019|A||||1|Akomodasi|3|ORG|2|HR|4|KL|0||24|OH|619917|14878000|0
2026|01|527010|015|08|WA|4715|EBA|01|51|1|001|100|DA|524111|019|A||||2|Transport|3|ORG|4|KL|0||0||12|OK|3693667|44324000|0
2026|01|527010|015|08|WA|4715|EBA|01|51|1|001|100|DA|524111|019|A||||3|Uang Harian|3|ORG|3|HR|4|KL|0||36|OH|328556|11828000|0
2026|01|527010|015|08|WA|4715|EBA|01|51|1|001|100|DA|524113|019|A||||1|Transport dalam kota inventarisasi BMN|14|ORG|1|HR|10|KL|0||140|OK|131736|18443000|0
2026|01|527010|015|08|WA|4715|EBA|01|51|1|001|100|HA|521211|019|A||||1|Belanja Bahan Habis Pakai|0||0||0||0||1|Paket|25000000|25000000|0
2026|01|527010|015|08|WA|4715|EBA|01|51|1|001|100|HA|521211|019|A|01||1|2|Konsumsi Rapat|0||0||0||0||0||0|0|0
2026|01|527010|015|08|WA|4715|EBA|01|51|1|001|100|HA|521211|019|A|01|||3|KDM  Makan Rapat|0||0||0||0||1400|OK|35910|50274000|0
2026|01|527010|015|08|WA|4715|EBA|01|51|1|001|100|HA|521211|019|A|01|||4|KDM  Snack Rapat|0||0||0||0||1400|OK|15120|21168000|0
2026|01|527010|015|08|WA|4715|EBA|01|51|1|001|100|HA|521211|019|A|02||1|5|GKM|0||0||0||0||0||0|0|0
2026|01|527010|015|08|WA|4715|EBA|01|51|1|001|100|HA|521211|019|A|02|||6|KDM  Snack Rapat|0||0||0||0||175|OK|15120|2646000|0
2026|01|527010|015|08|WA|4715|EBA|01|51|1|001|100|HA|521211|019|A|02|||7|KDM  Makan Rapat|0||0||0||0||275|OK|35284|9703000|0
2026|01|527010|015|08|WA|4715|EBA|01|51|1|001|100|IA|521211|019|A|01||1|1|PENGELOLAAN KETATA USAHAAN|0||0||0||0||0||0|0|0
2026|01|527010|015|08|WA|4715|EBA|01|51|1|001|100|IA|521211|019|A|01|||2|KDM  Konsumsi RapatMakan Direktur|5|ORG|15|FR|12|BLN|0||900|OF|35910|32319000|0
2026|01|527010|015|08|WA|4715|EBA|01|51|1|001|100|IA|521211|019|A|01|||3|KDM  Konsumsi RapatSnack Direktur|5|ORG|15|FR|12|BLN|0||900|OF|15120|13608000|0
2026|01|527010|015|08|WA|4715|EBA|01|51|1|001|100|IA|521211|019|A|02||1|4|RAPAT KONSULTASI, ASISTENSI DAN PEMBAHASAN KPI SATKER BLU|0||0||0||0||0||0|0|0
2026|01|527010|015|08|WA|4715|EBA|01|51|1|001|100|IA|521211|019|A|02|||5|KDM  Makan Rapat|5|ORG|15|FR|12|BLN|0||900|OF|35910|32319000|0
2026|01|527010|015|08|WA|4715|EBA|01|51|1|001|100|IA|521211|019|A|02|||6|KDM  Snack Rapat|5|ORG|15|FR|12|BLN|0||900|OF|15120|13608000|0
2026|01|527010|015|08|WA|4715|EBA|01|51|1|001|100|JA|521211|019|A||||1|KDM  Makan Rapat|10|ORG|6|FR|11|BLN|0||660|OF|57000|37620000|0
2026|01|527010|015|08|WA|4715|EBA|01|51|1|001|100|JA|521211|019|A||||2|KDM  Snack Rapat|10|ORG|6|FR|11|BLN|0||660|OF|24000|15840000|0
2026|01|527010|015|08|WA|4715|EBA|01|51|1|001|100|JA|521211|019|A||||3|CTK  ATKHabis Pakai Penggandaan Laporan Buku (Dukungan Forum Akuntansi)|150|EKS|1|FR|0||0||150|EKS|120000|18000000|0
2026|01|527010|015|08|WA|4715|EBA|01|51|1|001|100|JA|521211|019|A||||4|CTK  ATKHabis Pakai Penggandaan Laporan Buku (Lap Tinjut BPK)|50|EKS|2|FR|0||0||100|EKS|120000|12000000|0
2026|01|527010|015|08|WA|4715|EBA|01|51|1|001|100|JA|521211|019|A||||5|CTK  ATKHabis Pakai Penggandaan Laporan Buku (Publikasi LKPP UnauditedAudited)|85|EKS|1|FR|0||0||85|EKS|120000|10200000|0
2026|01|527010|015|08|WA|4715|EBA|01|51|1|001|100|JA|521211|019|A||||6|CTK  ATKHabis Pakai Penggandaan Laporan Buku (Publikasi LK BUN UnauditedAudited)|85|EKS|1|FR|0||0||85|EKS|120000|10200000|0
2026|01|527010|015|08|WA|4715|EBA|01|51|1|001|100|JA|521211|019|A||||7|CTK  ATKHabis Pakai Penggandaan Laporan Buku (LK Akuntansi Pusat, Transaksi khusus, Unit Badan Lainnya, LK BUN Semester I Tahun 20|85|EKS|1|FR|0||0||85|EKS|120000|10200000|0
2026|01|527010|015|08|WA|4715|EBA|01|51|1|001|100|JA|521211|019|A||||8|CTK  ATK Habis Pakai Kebutuhan Pegawai Dit. APK|100|ORG|1|FR|0||0||100|OF|306380|30638000|0
2026|01|527010|015|08|WA|4715|EBA|01|51|1|001|100|JA|524111|019|A||||1|Transport|2|ORG|5|FR|0||0||10|OF|2430500|24305000|0
2026|01|527010|015|08|WA|4715|EBA|01|51|1|001|100|JA|524111|019|A||||2|Akomodasi|2|ORG|2|HR|5|FR|0||20|OH|850000|17000000|0
2026|01|527010|015|08|WA|4715|EBA|01|51|1|001|100|JA|524111|019|A||||3|Uang Saku Harian|2|ORG|3|HR|5|FR|0||30|OH|384000|11520000|0
2026|01|527010|015|08|WA|4715|EBA|01|51|1|001|100|JA|524113|019|A||||1|Transport Dalam Kota|2|ORG|5|FR|0||0||10|OF|170000|1700000|0
2026|01|527010|015|08|WA|4715|EBA|01|51|1|001|100|JA|524113|019|A||||2|Uang Saku Dalam Kota  8 Jam|2|ORG|1|HR|5|FR|0||10|OH|168000|1680000|0
2026|01|527010|015|08|WA|4715|EBA|01|51|1|002|100|AA|521211|019|A||||1|KDM  Snack Rapat|20|ORG|2|FREK|0||0||40|OK|15125|605000|0
2026|01|527010|015|08|WA|4715|EBA|01|51|1|002|100|AA|521211|019|A||||2|KDM  Makan Rapat|20|ORG|1|FREK|0||0||20|OK|35900|718000|0
2026|01|527010|015|08|WA|4715|EBA|01|51|1|002|100|AA|524111|019|A||||1|Akomodasi|2|ORG|4|LOK|2|HR|0||16|OH|515313|8245000|0
2026|01|527010|015|08|WA|4715|EBA|01|51|1|002|100|AA|524111|019|A||||2|Transport|2|ORG|4|LOK|1|FREK|0||8|OK|2324750|18598000|0
2026|01|527010|015|08|WA|4715|EBA|01|51|1|002|100|AA|524111|019|A||||3|Uang Saku Harian|2|ORG|4|LOK|3|HR|0||24|OH|271209|6509000|0
2026|01|527010|015|08|WA|4715|EBA|01|51|1|002|100|CA|524111|019|A|01||1|1|Perjalanan Dinas Direktur Jenderal Perbendaharaan|0||0||0||0||0||0|0|0
2026|01|527010|015|08|WA|4715|EBA|01|51|1|002|100|CA|524111|019|A|01|||2|Transport|3|ORG|7|LOK|2|FR|0||42|OK|2712143|113910000|0
2026|01|527010|015|08|WA|4715|EBA|01|51|1|002|100|CA|524111|019|A|01|||3|Akomodasi|3|ORG|3|HR|7|LOK|2|FR|126|OH|488191|61512000|0
2026|01|527010|015|08|WA|4715|EBA|01|51|1|002|100|CA|524111|019|A|01|||4|Uang saku harian|3|ORG|4|HR|7|LOK|2|FR|168|OH|297560|49990000|0
2026|01|527010|015|08|WA|4715|EBA|01|51|1|002|100|CA|524111|019|A|01|||5|Uang Representatif Eselon I|1|ORG|4|HR|7|LOK|2|FR|56|OH|154983|8679000|0
2026|01|527010|015|08|WA|4715|EBA|01|51|1|002|100|CA|524111|019|A|02||1|6|Perjalanan Dinas Sekretaris Ditjen Perbendaharaan|0||0||0||0||0||0|0|0
2026|01|527010|015|08|WA|4715|EBA|01|51|1|002|100|CA|524111|019|A|02|||7|Transport|3|ORG|10|LOK|0||0||30|OF|2712134|81364000|0
2026|01|527010|015|08|WA|4715|EBA|01|51|1|002|100|CA|524111|019|A|02|||8|Akomodasi|3|ORG|3|HR|10|LOK|1|FR|90|OH|488189|43937000|0
2026|01|527010|015|08|WA|4715|EBA|01|51|1|002|100|CA|524111|019|A|02|||9|Uang saku harian|3|ORG|4|HR|10|LOK|0||120|OH|297559|35707000|0
2026|01|527010|015|08|WA|4715|EBA|01|51|1|002|100|CA|524111|019|A|02|||10|Uang Representatif Eselon II|3|ORG|3|HR|10|LOK|0||90|OH|116234|10461000|0
2026|01|527010|015|08|WA|4715|EBA|01|51|1|002|100|CA|524113|019|A||||1|Transport lokal|3|ORG|2|FR|12|BLN|0||72|OK|113667|8184000|0
2026|01|527010|015|08|WA|4715|EBA|01|51|1|002|100|CA|524113|019|A||||2|Uang Harian Lebih dari 8 jam|3|ORG|2|FR|4|BLN|0||24|OH|121250|2910000|0
2026|01|527010|015|08|WA|4715|EBA|01|51|1|002|100|CA|524211|019|A||||1|Transport|4|ORG|1|KL|0||0||4|OK|13577250|54309000|0
2026|01|527010|015|08|WA|4715|EBA|01|51|1|002|100|CA|524211|019|A||||2|Akomodasi|4|ORG|4|HR|1|FR|0||16|OH|5683875|90942000|0
2026|01|527010|015|08|WA|4715|EBA|01|51|1|002|100|CA|524211|019|A||||3|Uang Saku Harian|4|ORG|5|HR|1|FR|0||20|OH|1894650|37893000|0
2026|01|527010|015|08|WA|4715|EBA|01|51|1|002|100|CB|521211|019|A||||1|KDM  Snack Rapat|20|ORG|4|FR|12|BLN|0||960|OH|14788|14196000|0
2026|01|527010|015|08|WA|4715|EBA|01|51|1|002|100|CB|521211|019|A||||2|KDM  Makan Rapat|40|ORG|4|FR|12|BLN|0||1920|OH|35120|67430000|0
2026|01|527010|015|08|WA|4715|EBA|01|51|1|002|100|CB|521211|019|A||||3|CTK  Pencetakan bahan materi laporan|4|EKS|4|FR|12|BLN|0||192|EKS|154037|29575000|0
2026|01|527010|015|08|WA|4715|EBA|01|51|1|002|100|CB|521211|019|A||||4|CTK  Penggandaan Laminasi laporan|1|PKT|4|FR|12|BLN|0||48|PKT|123230|5915000|0
2026|01|527010|015|08|WA|4715|EBA|01|51|1|002|100|CB|521211|019|A||||5|CTK  ATK dan Bahan Habis Pakai|0||0||0||0||12|PKT|4621084|55453000|0
2026|01|527010|015|08|WA|4715|EBA|01|51|1|002|100|CB|524111|019|A||||1|Transport|3|ORG|8|LOK|1|FR|0||24|OK|2273542|54565000|0
2026|01|527010|015|08|WA|4715|EBA|01|51|1|002|100|CB|524111|019|A||||2|Akomodasi|3|ORG|4|HR|8|LOK|0||96|OH|454709|43652000|0
2026|01|527010|015|08|WA|4715|EBA|01|51|1|002|100|CB|524111|019|A||||3|Uang Saku Harian|3|ORG|5|HR|8|LOK|0||120|OH|266567|31988000|0
2026|01|527010|015|08|WA|4715|EBA|01|51|1|002|100|CC|521211|019|A||||1|KDM  Snack Rapat|20|ORG|4|FR|12|BLN|0||960|OH|18411|17674000|0
2026|01|527010|015|08|WA|4715|EBA|01|51|1|002|100|CC|521211|019|A||||2|KDM  Makan Rapat|40|ORG|4|FR|12|BLN|0||1920|OH|43725|83952000|0
2026|01|527010|015|08|WA|4715|EBA|01|51|1|002|100|CC|521211|019|A||||3|CTK  Pencetakan bahan materi laporan|4|EKS|4|FR|12|BLN|0||192|EKS|191776|36820000|0
2026|01|527010|015|08|WA|4715|EBA|01|51|1|002|100|CC|521211|019|A||||4|CTK  Penggandaan Laminasi laporan|1|PKT|4|FR|12|BLN|0||48|PKT|153417|7364000|0
2026|01|527010|015|08|WA|4715|EBA|01|51|1|002|100|CC|521211|019|A||||5|CTK  ATK dan Bahan Habis Pakai|0||0||0||0||12|PKT|4426917|53123000|0
2026|01|527010|015|08|WA|4715|EBA|01|51|1|002|100|CC|524111|019|A||||1|Transport|3|ORG|5|LOK|2|FR|0||30|OK|3099600|92988000|0
2026|01|527010|015|08|WA|4715|EBA|01|51|1|002|100|CC|524111|019|A||||2|Akomodasi|3|ORG|4|HR|5|LOK|2|FR|120|OH|454709|54565000|0
2026|01|527010|015|08|WA|4715|EBA|01|51|1|002|100|CC|524111|019|A||||3|Uang Saku Harian|3|ORG|5|HR|5|LOK|2|FR|150|OH|297560|44634000|0
2026|01|527010|015|08|WA|4715|EBA|01|51|1|002|100|CD|524111|019|A||||1|Transport|19|ORG|1|FR|12|BLN|0||228|OK|3623707|826205000|0
2026|01|527010|015|08|WA|4715|EBA|01|51|1|002|100|CD|524111|019|A||||2|Akomodasi Es 1|1|ORG|4|HR|1|FR|12|BLN|48|OH|3031417|145508000|0
2026|01|527010|015|08|WA|4715|EBA|01|51|1|002|100|CD|524111|019|A||||3|Akomodasi Es 2|8|ORG|4|HR|1|FR|12|BLN|384|OH|1658183|636742000|0
2026|01|527010|015|08|WA|4715|EBA|01|51|1|002|100|CD|524111|019|A||||4|Akomodasi Es 3|10|ORG|4|HR|1|FR|12|BLN|480|OH|1142084|548200000|0
2026|01|527010|015|08|WA|4715|EBA|01|51|1|002|100|CD|524111|019|A||||5|Uang Harian|19|ORG|5|HR|1|FR|12|BLN|1140|OH|266566|303885000|0
2026|01|527010|015|08|WA|4715|EBA|01|51|1|002|100|CD|524111|019|A||||6|Uang Representasi|9|ORG|5|HR|1|FR|12|BLN|540|OH|135608|73228000|0
2026|01|527010|015|08|WA|4715|EBA|01|51|1|002|100|FA|524111|019|A||||1|Penginapan|1|ORG|2|HARI|2|FREK|0||4|OH|1534250|6137000|0
2026|01|527010|015|08|WA|4715|EBA|01|51|1|002|100|FA|524111|019|A||||2|Uang Harian Luar Kota|1|ORG|3|HARI|2|FREK|0||6|OH|359500|2157000|0
2026|01|527010|015|08|WA|4715|EBA|01|51|1|002|100|FA|524111|019|A||||3|Uang Transport Luar Kota|1|ORG|2|FREK|0||0||2|OK|3099500|6199000|0
2026|01|527010|015|08|WA|4715|EBA|01|51|1|002|100|FA|524111|019|A||||4|Uang Representatif Pejabat Eselon II|1|ORG|3|HARI|2|FREK|0||6|OH|116167|697000|0
2026|01|527010|015|08|WA|4715|EBA|01|51|1|002|100|FA|524113|019|A||||1|Uang Representatif Pejabat Eselon II|1|ORG|1|HARI|4|FREK|0||4|OH|58000|232000|0
2026|01|527010|015|08|WA|4715|EBA|01|51|1|002|100|FA|524113|019|A||||2|Transport Dalam Kota|1|ORG|4|FREK|0||0||4|OK|116250|465000|0
2026|01|527010|015|08|WA|4715|EBA|01|51|1|002|100|FA|524113|019|A||||3|Uang Harian Dalam Kota Lebih Dari 8 Jam|1|ORG|1|HARI|4|FREK|0||4|OH|130250|521000|0
2026|01|527010|015|08|WA|4715|EBA|01|51|1|002|100|HA|524111|019|A||||1|Transport|1|ORG|5|LOK|1|FREK|0||5|OK|2921400|14607000|0
2026|01|527010|015|08|WA|4715|EBA|01|51|1|002|100|HA|524111|019|A||||2|Uang Harian|1|ORG|5|LOK|3|HR|1|FREK|15|OH|271200|4068000|0
2026|01|527010|015|08|WA|4715|EBA|01|51|1|002|100|HA|524111|019|A||||3|Biaya Penginapan|1|ORG|2|HR|5|LOK|1|FREK|10|OH|542400|5424000|0
2026|01|527010|015|08|WA|4715|EBA|01|51|1|002|100|HA|524113|019|A||||1|Perjalanan dinas dalam rangka menghadiri rapat dalam kota|2|ORG|10|FREK|0||0||20|OK|131750|2635000|0
2026|01|527010|015|08|WA|4715|EBA|01|51|1|002|100|IA|524111|019|A||||1|Uang Harian|2|ORG|3|HR|8|FR|0||48|OH|309959|14878000|0
2026|01|527010|015|08|WA|4715|EBA|01|51|1|002|100|IA|524111|019|A||||2|Biaya Penginapan|2|ORG|2|HR|8|FR|0||32|OH|464938|14878000|0
2026|01|527010|015|08|WA|4715|EBA|01|51|1|002|100|IA|524111|019|A||||3|Biaya Transport|2|ORG|8|FR|0||0||16|OK|3031125|48498000|0
2026|01|527010|015|08|WA|4715|EBA|01|51|1|002|100|JA|524111|019|A||||1|Transport|1|ORG|1|FR|0||0||1|OK|3300000|3300000|0
2026|01|527010|015|08|WA|4715|EBA|01|51|1|002|100|JA|524111|019|A||||2|Akomodasi|1|ORG|2|HR|1|FR|0||2|OH|1800000|3600000|0
2026|01|527010|015|08|WA|4715|EBA|01|51|1|002|100|JA|524111|019|A||||3|Uang Saku Harian|1|ORG|3|HR|1|FR|0||3|OH|384000|1152000|0
2026|01|527010|015|08|WA|4715|EBA|01|51|1|002|100|JA|524111|019|A||||4|Uang Representatif Pejabat Eselon II|1|ORG|3|HR|1|FR|0||3|OH|150000|450000|0
2026|01|527010|015|08|WA|4715|EBA|01|51|1|002|100|JA|524113|019|A||||1|Uang Saku Dalam Kota  8 Jam|1|ORG|1|HR|2|FR|0||2|OH|168000|336000|0
2026|01|527010|015|08|WA|4715|EBA|01|51|1|002|100|JA|524113|019|A||||2|Uang Representatif Pejabat Eselon II|1|ORG|1|HR|2|FR|0||2|OH|75000|150000|0
2026|01|527010|015|08|WA|4715|EBA|01|51|1|002|100|LA|521211|019|A||||1|KDM  Konsumsi Makan Rapat|30|ORG|1|KTK|48|FR|0||1440|OK|35910|51710000|0
2026|01|527010|015|08|WA|4715|EBA|01|51|1|002|100|LA|521211|019|A||||2|KDM  Konsumsi Snack Rapat|30|ORG|1|KTK|48|FR|0||1440|OK|15121|21774000|0
2026|01|527010|015|08|WA|4715|EBA|01|51|1|002|100|LA|524111|019|A||||1|Transport|2|ORG|1|FR|4|LOK|0||8|OK|2712124|21696000|0
2026|01|527010|015|08|WA|4715|EBA|01|51|1|002|100|LA|524111|019|A||||2|Akomodasi|2|ORG|3|HR|1|FR|4|LOK|24|OH|658667|15808000|0
2026|01|527010|015|08|WA|4715|EBA|01|51|1|002|100|LA|524111|019|A||||3|Uang Saku Harian|2|ORG|4|HR|1|FR|4|LOK|32|OH|294469|9423000|0
2026|01|527010|015|08|WA|4715|EBA|01|51|1|002|100|OA|524111|019|A||||1|Tiket|2|ORG|6|LOK|1|FR|0||12|OK|2712167|32546000|0
2026|01|527010|015|08|WA|4715|EBA|01|51|1|002|100|OA|524111|019|A||||2|Akomodasi|2|ORG|2|HR|6|LOK|0||24|OH|619917|14878000|0
2026|01|527010|015|08|WA|4715|EBA|01|51|1|002|100|OA|524111|019|A||||3|Uang Saku Harian|2|ORG|3|HR|6|LOK|0||36|OH|232473|8369000|0
2026|01|527010|015|08|WA|4715|EBA|01|51|1|002|100|SA|524111|019|A||||1|Trnsportasi|1|ORG|1|LOK|4|FR|0||4|OK|3046250|12185000|0
2026|01|527010|015|08|WA|4715|EBA|01|51|1|002|100|SA|524111|019|A||||2|Akomodasi|1|ORG|2|HR|1|LOK|4|fr|8|OHFL|503625|4029000|0
2026|01|527010|015|08|WA|4715|EBA|01|51|1|002|100|SA|524111|019|A||||3|Uang Harian|1|ORG|3|HR|4|LOK|0||12|OH|271250|3255000|0
2026|01|527010|015|08|WA|4715|EBA|01|51|1|003|100|DA|521211|019|A||||1|KDM  Konsumsi Makan Pemeriksa|20|ORG|8|HR|1|KL|0||160|OK|35913|5746000|0
2026|01|527010|015|08|WA|4715|EBA|01|51|1|003|100|DA|521211|019|A||||2|KDM  Konsumsi Snack Pemeriksa|20|ORG|8|HR|1|KL|0||160|OK|15119|2419000|0
2026|01|527010|015|08|WA|4715|EBA|01|51|1|003|100|DA|524111|019|A||||1|Akomodasi|2|ORG|2|HR|15|KL|0||60|OH|619917|37195000|0
2026|01|527010|015|08|WA|4715|EBA|01|51|1|003|100|DA|524111|019|A||||2|Transport|2|ORG|15|KL|0||0||30|OK|1955834|58675000|0
2026|01|527010|015|08|WA|4715|EBA|01|51|1|003|100|DA|524111|019|A||||3|Uang Harian|2|ORG|3|HR|15|KL|0||90|OH|266567|23991000|0
2026|01|527010|015|08|WA|4715|EBA|01|51|1|003|100|DA|524113|019|A||||1|Transport Dalam Kota|5|ORG|2|HR|8|KL|0||80|OK|131738|10539000|0
2026|01|527010|015|08|WA|4715|EBA|01|51|1|003|100|DB|521211|019|A||||1|KDM  Makan Rapat|20|ORG|15|HR|1|KL|0||300|OK|35910|10773000|0
2026|01|527010|015|08|WA|4715|EBA|01|51|1|003|100|DB|521211|019|A||||2|KDM  Snack Rapat|20|ORG|15|HR|1|KL|0||300|OK|15120|4536000|0
2026|01|527010|015|08|WA|4715|EBA|01|51|1|003|100|DB|524111|019|A||||1|Akomodasi|2|ORG|2|HR|15|KL|0||60|OH|619917|37195000|0
2026|01|527010|015|08|WA|4715|EBA|01|51|1|003|100|DB|524111|019|A||||2|Transport|2|ORG|15|KL|0||0||30|OK|1970367|59111000|0
2026|01|527010|015|08|WA|4715|EBA|01|51|1|003|100|DB|524111|019|A||||3|Uang Harian|2|ORG|3|HR|15|KL|0||90|OH|266567|23991000|0
2026|01|527010|015|08|WA|4715|EBA|01|51|1|003|100|DB|524113|019|A||||1|Transport Dalam Kota|5|ORG|2|HR|8|KL|0||80|OK|131738|10539000|0
2026|01|527010|015|08|WA|4715|EBA|01|51|1|003|100|DC|524111|019|A||||1|Akomodasi|2|ORG|2|HR|5|KL|0||20|OH|619900|12398000|0
2026|01|527010|015|08|WA|4715|EBA|01|51|1|003|100|DC|524111|019|A||||2|Transport|2|ORG|5|KL|0||0||10|OK|1991500|19915000|0
2026|01|527010|015|08|WA|4715|EBA|01|51|1|003|100|DC|524111|019|A||||3|Uang Harian|2|ORG|3|HR|5|KL|0||30|OH|266567|7997000|0
2026|01|527010|015|08|WA|4715|EBA|01|51|1|003|100|DD|524111|019|A||||1|Akomodasi|5|ORG|2|HR|3|LOK|2|FR|60|OH|606284|36377000|0
2026|01|527010|015|08|WA|4715|EBA|01|51|1|003|100|DD|524111|019|A||||2|Transport|5|ORG|3|KL|2|FR|0||30|OK|2652467|79574000|0
2026|01|527010|015|08|WA|4715|EBA|01|51|1|003|100|DD|524111|019|A||||3|Uang Harian|5|ORG|3|HR|3|KL|2|FR|90|OH|265245|23872000|0
2026|01|527010|015|08|WA|4715|EBA|01|51|1|994|002|BA|521111|019|A||||1|Uang harian magang mahasiswa|176|org|22|hari|3|frek|0||11616|OH|57000|662112000|0
2026|01|527010|015|08|WA|4715|EBA|01|51|1|994|002|CA|521115|019|A|01||1|1|Honorarium Pengelola UAKPA Kantor Pusat DJPb|0||0||0||0||0||0|0|0
2026|01|527010|015|08|WA|4715|EBA|01|51|1|994|002|CA|521115|019|A|01|||2|Penanggung Jawab|1|ORG|12|BLN|0||0||12|OB|200000|2400000|0
2026|01|527010|015|08|WA|4715|EBA|01|51|1|994|002|CA|521115|019|A|01|||3|Koordinator|1|ORG|12|BLN|0||0||12|OB|200000|2400000|0
2026|01|527010|015|08|WA|4715|EBA|01|51|1|994|002|CA|521115|019|A|01|||4|Ketua|1|ORG|12|BLN|0||0||12|OB|150000|1800000|0
2026|01|527010|015|08|WA|4715|EBA|01|51|1|994|002|CA|521115|019|A|01|||5|Anggota|3|ORG|12|BLN|0||0||36|OB|150000|5400000|0
2026|01|527010|015|08|WA|4715|EBA|01|51|1|994|002|CA|521115|019|A|02||1|6|Honorarium Pengelola UAPPA Eselon I DJPb|0||0||0||0||0||0|0|0
2026|01|527010|015|08|WA|4715|EBA|01|51|1|994|002|CA|521115|019|A|02|||7|Penanggung Jawab|1|ORG|12|BLN|0||0||12|OB|270000|3240000|0
2026|01|527010|015|08|WA|4715|EBA|01|51|1|994|002|CA|521115|019|A|02|||8|Koordinator|1|ORG|12|BLN|0||0||12|OB|240000|2880000|0
2026|01|527010|015|08|WA|4715|EBA|01|51|1|994|002|CA|521115|019|A|02|||9|Ketua|1|ORG|12|BLN|0||0||12|OB|210000|2520000|0
2026|01|527010|015|08|WA|4715|EBA|01|51|1|994|002|CA|521115|019|A|02|||10|Anggota|3|ORG|12|BLN|0||0||36|OB|200000|7200000|0
2026|01|527010|015|08|WA|4715|EBA|01|51|1|994|002|CA|521115|019|A|03||1|11|Honorarium Pengelola UAPPA Eselon I BUN Belanja Lainlain DJPb|0||0||0||0||0||0|0|0
2026|01|527010|015|08|WA|4715|EBA|01|51|1|994|002|CA|521115|019|A|03|||12|Penanggung Jawab|1|ORG|12|BLN|0||0||12|OB|270000|3240000|0
2026|01|527010|015|08|WA|4715|EBA|01|51|1|994|002|CA|521115|019|A|03|||13|Koordinator|1|ORG|12|BLN|0||0||12|OB|240000|2880000|0
2026|01|527010|015|08|WA|4715|EBA|01|51|1|994|002|CA|521115|019|A|03|||14|Ketua|1|ORG|12|BLN|0||0||12|OB|210000|2520000|0
2026|01|527010|015|08|WA|4715|EBA|01|51|1|994|002|CA|521115|019|A|03|||15|Anggota|3|ORG|12|BLN|0||0||36|OB|200000|7200000|0
2026|01|527010|015|08|WA|4715|EBA|01|51|1|994|002|CA|521115|019|A|04||1|16|Honorarium Pengelola Unit Akuntansi dan Pelaporan Keuangan Pembantu BUN Transaksi Khusus|0||0||0||0||0||0|0|0
2026|01|527010|015|08|WA|4715|EBA|01|51|1|994|002|CA|521115|019|A|04|||17|Penanggung Jawab|1|ORG|12|BLN|0||0||12|OB|270000|3240000|0
2026|01|527010|015|08|WA|4715|EBA|01|51|1|994|002|CA|521115|019|A|04|||18|Koordinator|1|ORG|12|BLN|0||0||12|OB|240000|2880000|0
2026|01|527010|015|08|WA|4715|EBA|01|51|1|994|002|CA|521115|019|A|04|||19|Ketua|1|ORG|12|BLN|0||0||12|OB|210000|2520000|0
2026|01|527010|015|08|WA|4715|EBA|01|51|1|994|002|CA|521115|019|A|04|||20|Anggota|3|ORG|12|BLN|0||0||36|OB|200000|7200000|0
2026|01|527010|015|08|WA|4715|EBA|01|51|1|994|002|CA|521115|019|A|05||1|21|Honorarium Pengelola Unit Akuntansi dan Pelaporan Keuangan Belanja Subsidi|0||0||0||0||0||0|0|0
2026|01|527010|015|08|WA|4715|EBA|01|51|1|994|002|CA|521115|019|A|05|||22|Penanggung Jawab|1|ORG|12|BLN|0||0||12|OB|270000|3240000|0
2026|01|527010|015|08|WA|4715|EBA|01|51|1|994|002|CA|521115|019|A|05|||23|Koordinator|1|ORG|12|BLN|0||0||12|OB|240000|2880000|0
2026|01|527010|015|08|WA|4715|EBA|01|51|1|994|002|CA|521115|019|A|05|||24|Ketua|1|ORG|12|BLN|0||0||12|OB|210000|2520000|0
2026|01|527010|015|08|WA|4715|EBA|01|51|1|994|002|CA|521115|019|A|05|||25|Anggota|3|ORG|12|BLN|0||0||36|OB|200000|7200000|0
2026|01|527010|015|08|WA|4715|EBA|01|51|1|994|002|CB|521115|019|A|01||1|1|Pejabat Pengelola Keuangan Satker PPP BUN|0||0||0||0||0||0|0|0
2026|01|527010|015|08|WA|4715|EBA|01|51|1|994|002|CB|521115|019|A|01|||2|Pejabat KPA|1|ORG|12|BLN|0||0||12|OB|2860000|34320000|0
2026|01|527010|015|08|WA|4715|EBA|01|51|1|994|002|CB|521115|019|A|01|||3|Pejabat Pembuat Komitmen|7|ORG|12|BLN|0||0||84|OB|2780000|233520000|0
2026|01|527010|015|08|WA|4715|EBA|01|51|1|994|002|CB|521115|019|A|01|||4|Pejabat Penandatangan SPM|1|ORG|12|BLN|0||0||12|OB|1470000|17640000|0
2026|01|527010|015|08|WA|4715|EBA|01|51|1|994|002|CB|521115|019|A|01|||5|Bendahara Pengeluaran|1|ORG|12|BLN|0||0||12|OB|1280000|15360000|0
2026|01|527010|015|08|WA|4715|EBA|01|51|1|994|002|CB|521115|019|A|01|||6|Bendahara Pengeluaran Pembantu|6|ORG|12|BLN|0||0||72|OB|950000|68400000|0
2026|01|527010|015|08|WA|4715|EBA|01|51|1|994|002|CB|521115|019|A|01|||7|Pejabat Pengadaan BarangJasa|7|ORG|12|BLN|0||0||84|OB|680000|57120000|0
2026|01|527010|015|08|WA|4715|EBA|01|51|1|994|002|CB|521115|019|A|01|||8|Staf Pengelola Keuangan|15|ORG|12|BLN|0||0||180|OB|950000|171000000|0
2026|01|527010|015|08|WA|4715|EBA|01|51|1|994|002|DA|521111|019|A||||1|Keperluan sehari hari perkantoran|1367|ORG|1|THN|0||0||1367|OT|1292000|1766164000|0
2026|01|527010|015|08|WA|4715|EBA|01|51|1|994|002|DA|521111|019|A||||2|Pengadaan alat listrik, keset karpet, underlayer dan barang habis pakai|0||0||0||0||1|THN|566802000|566802000|0
2026|01|527010|015|08|WA|4715|EBA|01|51|1|994|002|DA|521111|019|A||||3|Honor Petugas Kebersihan|79|ORG|13|BLN|0||0||1027|OB|5721000|5875467000|0
2026|01|527010|015|08|WA|4715|EBA|01|51|1|994|002|DA|521111|019|A||||4|Honor Pramubhakti|59|ORG|13|BLN|0||0||767|OB|5721000|4388007000|0
2026|01|527010|015|08|WA|4715|EBA|01|51|1|994|002|DA|521111|019|A||||5|Honor Pengemudi|18|ORG|13|BLN|0||0||234|OB|6294000|1472796000|0
2026|01|527010|015|08|WA|4715|EBA|01|51|1|994|002|DA|521111|019|A||||6|Honor Satpam|31|ORG|13|BLN|0||0||403|OB|6294000|2536482000|0
2026|01|527010|015|08|WA|4715|EBA|01|51|1|994|002|DA|521111|019|A||||7|Uang Lembur Satpam, Pengemudi, Pramubhakti dan Petugas Kebersihan|187|ORG|2|JAM|12|HARI|12|BLN|53856|OJ|13000|700128000|0
2026|01|527010|015|08|WA|4715|EBA|01|51|1|994|002|DA|521111|019|A||||8|Uang Makan Lembur Satpam, Pengemudi, Pramubhakti dan Petugas Kebersihan|187|ORG|6|JAM|12|BLN|0||13464|OH|30000|403920000|0
2026|01|527010|015|08|WA|4715|EBA|01|51|1|994|002|DA|521119|019|A||||1|Medical Check Up PejabatPegawai|0||0||0||0||2555|ORG|1110068|2836223000|0
2026|01|527010|015|08|WA|4715|EBA|01|51|1|994|002|DA|521119|019|A||||2|Pencetakan bukubuku, modul, makalah, bahan sosialisasi|550|EKS|2|FR|0||0||1100|EKS|115630|127193000|0
2026|01|527010|015|08|WA|4715|EBA|01|51|1|994|002|DA|521119|019|A||||3|Pencetakan kalender|0||0||0||0||1500|PCS|77189|115783000|0
2026|01|527010|015|08|WA|4715|EBA|01|51|1|994|002|DA|521119|019|A||||4|Pencetakan majalah treasury|1250|EKS|4|FR|0||0||5000|EKS|30876|154380000|0
2026|01|527010|015|08|WA|4715|EBA|01|51|1|994|002|DA|521119|019|A||||5|Pencetakan buku agenda kerja|0||0||0||0||1000|PCS|77185|77185000|0
2026|01|527010|015|08|WA|4715|EBA|01|51|1|994|002|DA|521119|019|A||||6|Pengisian Saldo Uang Elektonik Operasional|20|FR|12|BLN|0||0||240|FR|77188|18525000|0
2026|01|527010|015|08|WA|4715|EBA|01|51|1|994|002|DA|521119|019|A|01||1|7|Seragam Kantor Pusat DJPb|0||0||0||0||0||0|0|0
2026|01|527010|015|08|WA|4715|EBA|01|51|1|994|002|DA|521119|019|A|01|||8|Seragam ASN|1367|ORG|2|STEL|0||0||2734|STEL|822739|2249368000|0
2026|01|527010|015|08|WA|4715|EBA|01|51|1|994|002|DA|521119|019|A|01|||9|Seragam Satpam|31|ORG|2|STEL|0||0||62|STEL|1585000|98270000|0
2026|01|527010|015|08|WA|4715|EBA|01|51|1|994|002|DA|521119|019|A|01|||10|Seragam Pengemudi, Pramubhaksi, Petugas Kebersihan|156|ORG|2|STEL|0||0||312|STEL|738000|230256000|0
2026|01|527010|015|08|WA|4715|EBA|01|51|1|994|002|DA|521811|019|A||||1|ATK  Pengadaan ATK dan bahan lainnya|0||0||0||0||12|BLN|20400000|244800000|0
2026|01|527010|015|08|WA|4715|EBA|01|51|1|994|002|DA|521811|019|A||||2|ATK  Pengadaan supplies komputer|0||0||0||0||12|BLN|34000000|408000000|0
2026|01|527010|015|08|WA|4715|EBA|01|51|1|994|002|DB|521114|019|A||||1|Biaya pengiriman suratdokumenbukuperalatan dan mesin|0||0||0||0||12|BLN|29450000|353400000|0
2026|01|527010|015|08|WA|4715|EBA|01|51|1|994|002|DB|522111|019|A||||1|Langganan Listrik|0||0||0||0||12|BLN|1596145584|19153747000|0
2026|01|527010|015|08|WA|4715|EBA|01|51|1|994|002|DB|522112|019|A||||1|Langganan Telepon|0||0||0||0||12|BLN|186666667|2240000000|0
2026|01|527010|015|08|WA|4715|EBA|01|51|1|994|002|DB|522113|019|A||||1|Langganan Air|0||0||0||0||12|BLN|100000000|1200000000|0
2026|01|527010|015|08|WA|4715|EBA|01|51|1|994|002|DB|522119|019|A||||1|Biaya Layanan Payment Gateway via VA dan KKP|0||0||0||0||12|BLN|30000000|360000000|0
2026|01|527010|015|08|WA|4715|EBA|01|51|1|994|002|DC|521115|019|A||||1|Honorarium KPA|1|ORG|12|BLN|0||0||12|OB|3500000|42000000|0
2026|01|527010|015|08|WA|4715|EBA|01|51|1|994|002|DC|521115|019|A||||2|Honorarium Pejabat Penandatangan SPM|1|ORG|12|BLN|0||0||12|OB|1940000|23280000|0
2026|01|527010|015|08|WA|4715|EBA|01|51|1|994|002|DC|521115|019|A||||3|Honorarium PPK Belanja Pegawai|1|ORG|12|BLN|0||0||12|OB|1750000|21000000|0
2026|01|527010|015|08|WA|4715|EBA|01|51|1|994|002|DC|521115|019|A||||4|Honorarium PPK Belanja Barang dan Modal TIK|1|ORG|12|BLN|0||0||12|OB|2780000|33360000|0
2026|01|527010|015|08|WA|4715|EBA|01|51|1|994|002|DC|521115|019|A||||5|Honorarium PPK Belanja Barang dan Modal Non TIK|7|ORG|12|BLN|0||0||84|OB|1750000|147000000|0
2026|01|527010|015|08|WA|4715|EBA|01|51|1|994|002|DC|521115|019|A||||6|Honorarium Bendahara Pengeluaran|1|ORG|12|BLN|0||0||12|OB|1690000|20280000|0
2026|01|527010|015|08|WA|4715|EBA|01|51|1|994|002|DC|521115|019|A||||7|Honorarium PPABP|1|ORG|12|BLN|0||0||12|OB|490000|5880000|0
2026|01|527010|015|08|WA|4715|EBA|01|51|1|994|002|DC|521115|019|A||||8|Honorarium Staf Pembantu KPA|1|ORG|12|BLN|0||0||12|OB|1260000|15120000|0
2026|01|527010|015|08|WA|4715|EBA|01|51|1|994|002|DC|521115|019|A||||9|Honorarium Staf Pembantu PPK Belanja Pegawai|1|ORG|12|BLN|0||0||12|OB|490000|5880000|0
2026|01|527010|015|08|WA|4715|EBA|01|51|1|994|002|DC|521115|019|A||||10|Honorarium Staf Pembantu PPK Belanja Barang dan Modal TIK|2|ORG|12|BLN|0||0||24|OB|950000|22800000|0
2026|01|527010|015|08|WA|4715|EBA|01|51|1|994|002|DC|521115|019|A||||11|Honorarium Staf Pembantu PPK Belanja Barang dan Modal Non TIK|8|ORG|12|BLN|0||0||96|OB|490000|47040000|0
2026|01|527010|015|08|WA|4715|EBA|01|51|1|994|002|DC|521115|019|A||||12|Honorarium Pengelola SAI|0||0||0||0||12|BLN|1800000|21600000|0
2026|01|527010|015|08|WA|4715|EBA|01|51|1|994|002|DC|521115|019|A||||13|Honorarium Pejabat Pengadaan BarangJasa|14|ORG|12|BLN|0||0||168|OB|680000|114240000|0
2026|01|527010|015|08|WA|4715|EBA|01|51|1|994|002|DC|521115|019|A||||14|Honorarium POKJA Pemilihan|5|ORG|5|POKJA|3|PKT|0||75|PKT|760000|57000000|0
2026|01|527010|015|08|WA|4715|EBA|01|51|1|994|002|DD|523121|019|A||||1|Pemeliharaan Kendaraan Pejabat Eselon I|0||0||0||0||1|UNIT|40580000|40580000|0
2026|01|527010|015|08|WA|4715|EBA|01|51|1|994|002|DD|523121|019|A||||2|Pemeliharaan Kendaraan Pejabat Eselon II|0||0||0||0||9|UNIT|40713889|366425000|0
2026|01|527010|015|08|WA|4715|EBA|01|51|1|994|002|DD|523121|019|A||||3|Pemeliharaan Kendaraan Roda 4|0||0||0||0||40|UNIT|33537000|1341480000|0
2026|01|527010|015|08|WA|4715|EBA|01|51|1|994|002|DD|523121|019|A||||4|Pemeliharaan Kendaraan Roda 6|0||0||0||0||2|UNIT|35559000|71118000|0
2026|01|527010|015|08|WA|4715|EBA|01|51|1|994|002|DD|523121|019|A||||5|Pemeliharaan Kendaraan Roda 2|0||0||0||0||22|UNIT|4311910|94862000|0
2026|01|527010|015|08|WA|4715|EBA|01|51|1|994|002|DD|523121|019|A||||6|Pemeliharaan AC Sentral|0||0||0||0||15|UNIT|2874600|43119000|0
2026|01|527010|015|08|WA|4715|EBA|01|51|1|994|002|DD|523121|019|A||||7|Pemeliharaan AC Split|0||0||0||0||3|UNIT|292334|877000|0
2026|01|527010|015|08|WA|4715|EBA|01|51|1|994|002|DD|523121|019|A||||8|Pemeliharaan Alat Pemadam Kebakaran|0||0||0||0||84|UNIT|95822|8049000|0
2026|01|527010|015|08|WA|4715|EBA|01|51|1|994|002|DD|523121|019|A||||9|Pemeliharaan LCD Projector|0||0||0||0||48|UNIT|287459|13798000|0
2026|01|527010|015|08|WA|4715|EBA|01|51|1|994|002|DD|523121|019|A||||10|Pemeliharaan CCTV|0||0||0||0||40|UNIT|479100|19164000|0
2026|01|527010|015|08|WA|4715|EBA|01|51|1|994|002|DD|523121|019|A||||11|Pemeliharaan Sound System|0||0||0||0||2|UNIT|479000|958000|0
2026|01|527010|015|08|WA|4715|EBA|01|51|1|994|002|DD|523121|019|A||||12|Pemeliharaan Genset Kantor Pusat|0||0||0||0||3|UNIT|15221000|45663000|0
2026|01|527010|015|08|WA|4715|EBA|01|51|1|994|002|DD|523121|019|A||||13|Pemeliharaan Genset Kantor Vertikal|0||0||0||0||2|UNIT|6353000|12706000|0
2026|01|527010|015|08|WA|4715|EBA|01|51|1|994|002|DD|523121|019|A||||14|Pemeliharaan Televisi|0||0||0||0||5|UNIT|239600|1198000|0
2026|01|527010|015|08|WA|4715|EBA|01|51|1|994|002|DD|523121|019|A||||15|Pemeliharaan LED|0||0||0||0||1|UNIT|23955000|23955000|0
2026|01|527010|015|08|WA|4715|EBA|01|51|1|994|002|DD|523121|019|A||||16|Pemeliharaan Mesin Absensi Hand Key|0||0||0||0||41|UNIT|958196|39286000|0
2026|01|527010|015|08|WA|4715|EBA|01|51|1|994|002|DD|523121|019|A||||17|Pemeliharaan Mesin Fax, Mesin Fotocopy, Copy Board, Alat Cetak, Mesin Penyortir, Lemari Es, Access Door|0||0||0||0||57|UNIT|959141|54671000|0
2026|01|527010|015|08|WA|4715|EBA|01|51|1|994|002|DD|523121|019|A||||18|Pemeliharaan Meubelair|0||0||0||0||1210|UNIT|95820|115942000|0
2026|01|527010|015|08|WA|4715|EBA|01|51|1|994|002|DD|523121|019|A||||19|Pemeliharaan Pompa Air|0||0||0||0||12|UNIT|958167|11498000|0
2026|01|527010|015|08|WA|4715|EBA|01|51|1|994|002|DE|523111|019|A||||1|Gedung Prijadi Praptosuhardjo I  Jl. Lapangan Banteng Timur No. 24 (Bertingkat)|0||0||0||0||10000|M2|157145|1571450000|0
2026|01|527010|015|08|WA|4715|EBA|01|51|1|994|002|DE|523111|019|A||||2|Gedung Prijadi Praptosuhardjo III A dan III B   Jl. Budi Utomo No.6Wahidin II No. 3 (Bertingkat)|0||0||0||0||9753|M2|157145|1532635000|0
2026|01|527010|015|08|WA|4715|EBA|01|51|1|994|002|DE|523111|019|A||||3|Gedung KPPN  Jl. Budi Utomo No.3 (Tidak Bertingkat)|0||0||0||0||250|M2|127426|31856000|0
2026|01|527010|015|08|WA|4715|EBA|01|51|1|994|002|DE|523111|019|A||||4|Gedung Jusuf Anwar  Jl. Lapangan Banteng Timur No. 1 Blok C (Tidak Bertingkat)|0||0||0||0||6430|M2|127441|819445000|0
2026|01|527010|015|08|WA|4715|EBA|01|51|1|994|002|DE|523111|019|A||||5|Gedung Prijadi Praptosuhardjo II  Jl. Lapangan Banteng Timur No. 1 (Bertingkat)|0||0||0||0||3822|M2|157145|600608000|0
2026|01|527010|015|08|WA|4715|EBA|01|51|1|994|002|DE|523111|019|A||||6|Gedung Eks Bawaslu  Jl. Kopi No. 10 (Bertingkat)|0||0||0||0||564|M2|157141|88627000|0
2026|01|527010|015|08|WA|4715|EBA|01|51|1|994|002|DE|523111|019|A||||7|Gudang Arsip  Jl. Cempaka Baru Timur (Bertingkat)|0||0||0||0||317|M2|157146|49815000|0
2026|01|527010|015|08|WA|4715|EBA|01|51|1|994|002|DE|523111|019|A||||8|Gudang BMN  Jl. Raya Daan Mogot (Tidak Bertingkat)|0||0||0||0||5855|M2|127441|746167000|0
2026|01|527010|015|08|WA|4715|EBA|01|51|1|994|002|DE|523111|019|A||||9|Gedung Pondok Bambu  Jl. Pahlawan Revolusi (Tidak Bertingkat)|0||0||0||0||680|M2|127439|86658000|0
2026|01|527010|015|08|WA|4715|EBA|01|51|1|994|002|DE|523111|019|A||||10|Gazebo Taman  Jl. Lapangan Banteng Timur No. 24 (Tidak Bertingkat)|0||0||0||0||27|M2|127445|3441000|0
2026|01|527010|015|08|WA|4715|EBA|01|51|1|994|002|DE|523111|019|A||||11|Gedung DWP  Jl. Budi Utomo No. 2 (Tidak Bertingkat)|0||0||0||0||10|M2|127400|1274000|0
2026|01|527010|015|08|WA|4715|EBA|01|51|1|994|002|DE|523111|019|A||||12|Halaman Gudang BMN  Jl. Raya Daan Mogot|0||0||0||0||1710|M2|7666|13108000|0
2026|01|527010|015|08|WA|4715|EBA|01|51|1|994|002|DE|523111|019|A||||13|Halaman Gedung Prijadi Praptosuhardjo I  Jl. Lapangan Banteng Timur No. 24|0||0||0||0||960|M2|7666|7359000|0
2026|01|527010|015|08|WA|4715|EBA|01|51|1|994|002|DE|523111|019|A||||14|Halaman Gedung Prijadi Praptosuhardjo III A dan III B  Jl. Budi Utomo No.6  Jl. Wahidin II No. 3|0||0||0||0||1287|M2|7666|9866000|0
2026|01|527010|015|08|WA|4715|EBA|01|51|1|994|002|DE|523119|019|A||||1|Rumah Negara Golongan I|0||0||0||0||1224|M2|112110|137222000|0
2026|01|527010|015|08|WA|4715|EBA|01|51|1|994|002|DE|523119|019|A||||2|Halaman Rumah Negara Golongan I|0||0||0||0||818|M2|7650|6257000|0
2026|01|527010|015|08|WA|4715|EBA|01|51|1|994|002|DE|523119|019|A||||3|Halaman Rumah Negara Golongan II|0||0||0||0||33796|M2|7666|259080000|0
2026|01|527010|015|08|WA|4715|EBA|01|51|1|994|002|HA|521115|019|A|01||1|1|Honor Penanggung jawab Pengelola Keuangan DIPA Penerusan Pinjaman|0||0||0||0||0||0|0|0
2026|01|527010|015|08|WA|4715|EBA|01|51|1|994|002|HA|521115|019|A|01|||2|Honorarium Staf  Pengelola (pagu dana di atas  Rp1 triliun)|0||0||0||0||60|OB|1350000|81000000|0
2026|01|527010|015|08|WA|4715|EBA|01|51|1|994|002|HA|521115|019|A|01|||3|Honorarium Pejabat Pembuat Komitmen (pagu dana di atas  Rp1 triliun)|0||0||0||0||24|OB|3000000|72000000|0
2026|01|527010|015|08|WA|4715|EBA|01|51|1|994|002|HA|521115|019|A|01|||4|Pejabat KPA|1|ORG|12|BLN|0||0||12|OB|3704500|44454000|0
2026|01|527010|015|08|WA|4715|EBA|01|51|1|994|002|HA|521115|019|A|01|||5|Pejabat Penguji dan Penandatangan SPMKPA|1|ORG|12|BLN|0||0||12|OB|2150000|25800000|0
2026|01|527010|015|08|WA|4715|EBA|01|51|1|994|002|HA|521115|019|A|02||1|6|Honor Penanggung jawab Pengelola Keungan DIPA Subsidi dan Transfer|0||0||0||0||0||0|0|0
2026|01|527010|015|08|WA|4715|EBA|01|51|1|994|002|HA|521115|019|A|02|||7|Pejabat KPA|1|ORG|12|BLN|0||0||12|OB|2900000|34800000|0
2026|01|527010|015|08|WA|4715|EBA|01|51|1|994|002|HA|521115|019|A|02|||8|Pejabat Pembuat Komitmen|1|ORG|12|BLN|0||0||12|OB|2750000|33000000|0
2026|01|527010|015|08|WA|4715|EBA|01|51|1|994|002|HA|521115|019|A|02|||9|Pejabat Penguji dan Penandatangan SPMKPA|1|ORG|12|BLN|0||0||12|OB|1600000|19200000|0
2026|01|527010|015|08|WA|4715|EBA|01|51|1|994|002|HA|521115|019|A|02|||10|Staff Pengelola Keuangan|4|ORG|12|BLN|0||0||48|OB|1100000|52800000|0
2026|01|527010|015|08|WA|4715|EBA|01|51|1|994|002|HA|521115|019|A|03||1|11|Honor Penanggung jawab pengelola keuangan DIPA Investasi Pemerintah|0||0||0||0||0||0|0|0
2026|01|527010|015|08|WA|4715|EBA|01|51|1|994|002|HA|521115|019|A|03|||12|Pejabat KPA|1|ORG|12|BLN|0||0||12|OB|3704500|44454000|0
2026|01|527010|015|08|WA|4715|EBA|01|51|1|994|002|HA|521115|019|A|03|||13|Pejabat Pembuat Komitmen DPPN|1|ORG|12|BLN|0||0||12|OB|3000000|36000000|0
2026|01|527010|015|08|WA|4715|EBA|01|51|1|994|002|HA|521115|019|A|03|||14|Pejabat Pembuat Komitmen Dana Bergulir|1|ORG|12|BLN|0||0||12|OB|3000000|36000000|0
2026|01|527010|015|08|WA|4715|EBA|01|51|1|994|002|HA|521115|019|A|03|||15|Pejabat Penguji dan Penandatangan SPMKPA|1|ORG|12|BLN|0||0||12|OB|2150000|25800000|0
2026|01|527010|015|08|WA|4715|EBA|01|51|1|994|002|HA|521115|019|A|03|||16|Staff Pengelola Keuangan|5|ORG|12|BLN|0||0||60|OB|1350000|81000000|0
2026|01|527010|015|08|WA|4715|EBA|01|51|1|994|002|IA|521111|019|A|01||1|1|Belanja Keperluan Perkantoran|0||0||0||0||0||0|0|0
2026|01|527010|015|08|WA|4715|EBA|01|51|1|994|002|IA|521111|019|A|01|||2|Pencetakan dan Penggandaan|2|PAKET|5|SUB|1|FR|0||10|OF|2098920|20989000|0
2026|01|527010|015|08|WA|4715|EBA|01|51|1|994|002|IA|521111|019|A|01|||3|Biaya Langganan|1|PAKET|4|USER|1|FR|0||4|FR|6000000|24000000|0
2026|01|527010|015|08|WA|4715|EBA|01|51|1|994|002|OA|522119|019|A||||1|Belanja Jasa Dealing Phone Avaya|1|KEG|1|TAHUN|0||0||1|THN|120000000|120000000|0
2026|01|527010|015|08|WA|4715|EBA|01|51|1|994|002|SA|521115|019|A||||1|Staf Pengelola Keuangan (Nilai pagu dana di atas Rp 1 triliun)|6|org|12|frek|0||0||72|OF|1720000|123840000|0
2026|01|527010|015|08|WA|4715|EBA|01|51|1|994|002|SA|521115|019|A||||2|Staf Pengelola UAPPA Barang E1|1|org|12|fr|0||0||12|OF|150000|1800000|0
2026|01|527010|015|08|WA|4715|EBA|01|51|1|994|002|SA|521115|019|A||||3|Pejabat Kuasa Pengguna Anggaran (Nilai pagu dana di atas Rp 1 triliun)|1|org|12|fr|0||0||12|OF|4430000|53160000|0
2026|01|527010|015|08|WA|4715|EBA|01|51|1|994|002|SA|521115|019|A||||4|Pejabat Pembuat Komitmen (Nilai pagu dana di atas Rp 1 triliun)|3|org|12|fr|0||0||36|OF|4290000|154440000|0
2026|01|527010|015|08|WA|4715|EBA|01|51|1|994|002|SA|521115|019|A||||5|Pejabat Penguji Tagihan dan PPSPM (Nilai pagu dana di atas Rp 1 triliun)|1|org|12|fr|0||0||12|OF|2660000|31920000|0
2026|01|527010|015|08|WA|4715|EBA|01|51|1|994|002|SA|521115|019|A||||6|Penanggung jawab UAPPA Barang E1|2|org|12|fr|0||0||24|OF|200000|4800000|0
2026|01|527010|015|08|WA|4715|EBA|01|51|1|994|002|TJ|523121|019|A||||1|Pemeliharaan KomputerLaptop|0||0||0||0||3909|UNIT|239551|936404000|0
2026|01|527010|015|08|WA|4715|EBA|01|51|1|994|002|TJ|523121|019|A||||2|Pemeliharaan Printer|0||0||0||0||1|UNIT|328000|328000|0
2026|01|527010|015|08|WA|4715|EBA|01|51|1|994|002|TJ|523121|019|A||||3|Pemeliharaan AVR Kantor Pusat|0||0||0||0||11|UNIT|9458819|104047000|0
2026|01|527010|015|08|WA|4715|EBA|01|51|1|994|002|TJ|523121|019|A||||4|Pemeliharaan UPS Kantor Pusat|0||0||0||0||4|UNIT|191750|767000|0
2026|01|527010|015|08|WA|4715|EBA|01|51|1|994|002|TZ|523199|019|A||||1|ATS Oracle SPAN|0||0||0||0||1|PAKET|5127800000|5127800000|0
2026|01|527010|015|08|WA|4715|EBA|01|51|1|994|002|TZ|523199|019|A||||2|ATS Oracle Linux Premier Plus Support SPAN|0||0||0||0||1|PAKET|879300000|879300000|0
2026|01|527010|015|08|WA|4715|EBA|01|51|1|994|002|TZ|523199|019|A||||3|ATS Oracle Multitenant SAKTI Microservices|0||0||0||0||1|PAKET|8856700000|8856700000|0
2026|01|527010|015|08|WA|4715|EBA|01|51|1|994|002|TZ|523199|019|A||||4|ATS Oracle OLAP SAKTI, DIGIT SuperApps dan Treasury Big Data|0||0||0||0||1|PAKET|12363000000|12363000000|0
2026|01|527010|015|08|WA|4715|EBB|01|51|1|002|100|CA|532111|019|A||||1|Sofa Ruang Kerja|0||0||0||0||12|UNIT|4000000|48000000|0
2026|01|527010|015|08|WA|4715|EBB|01|51|1|002|100|CA|532111|019|A||||2|Kursi Kerja|0||0||0||0||27|UNIT|2400000|64800000|0
2026|01|527010|015|08|WA|4715|EBB|01|51|1|002|100|CA|532111|019|A||||3|Meja Kerja|0||0||0||0||22|UNIT|3500000|77000000|0
2026|01|527010|015|08|WA|4715|EBB|01|51|1|002|100|CA|532111|019|A||||4|TV 55 inch|0||0||0||0||23|UNIT|10000000|230000000|0
2026|01|527010|015|08|WA|4715|EBB|01|51|1|002|100|DA|532111|019|A|01||1|1|Kantor Vertikal DJPb|0||0||0||0||0||0|0|0
2026|01|527010|015|08|WA|4715|EBB|01|51|1|002|100|DA|532111|019|A|01|||2|Genset 250 kVA|0||0||0||0||1|UNIT|1637000000|1637000000|0
2026|01|527010|015|08|WA|4715|EBB|01|51|1|002|100|DA|532111|019|A|01|||3|Genset 180 kVA|0||0||0||0||1|UNIT|1052563000|1052563000|0
2026|01|527010|015|08|WA|4715|EBB|01|51|1|002|100|DA|532111|019|A|01|||4|Genset 80 kVA|0||0||0||0||3|UNIT|1342266667|4026800000|0
2026|01|527010|015|08|WA|4715|EBB|01|51|1|002|100|DA|532111|019|A|01|||5|Genset 60 kVA|0||0||0||0||1|UNIT|839000000|839000000|0
2026|01|527010|015|08|WA|4715|EBB|01|51|1|002|100|DA|532111|019|A|01|||6|AVR 250 kVA|0||0||0||0||1|UNIT|436500000|436500000|0
2026|01|527010|015|08|WA|4715|EBB|01|51|1|002|100|DA|532111|019|A|01|||7|AVR 80 kVA|0||0||0||0||2|UNIT|174500000|349000000|0
2026|01|527010|015|08|WA|4715|EBB|01|51|1|002|100|DA|532111|019|A|02||1|8|Sekretariat DJPb|0||0||0||0||0||0|0|0
2026|01|527010|015|08|WA|4715|EBB|01|51|1|002|100|DA|532111|019|A|02|||9|Recorder|0||0||0||0||5|UNIT|2500000|12500000|0
2026|01|527010|015|08|WA|4715|EBB|01|51|1|002|100|DA|532111|019|A|03||1|10|Direktorat PA|0||0||0||0||0||0|0|0
2026|01|527010|015|08|WA|4715|EBB|01|51|1|002|100|DA|532111|019|A|03|||11|Kursi Kerja Pejabat|0||0||0||0||29|UNIT|4000000|116000000|0
2026|01|527010|015|08|WA|4715|EBB|01|51|1|002|100|DA|532111|019|A|03|||12|Meja Rapat|0||0||0||0||1|UNIT|10000000|10000000|0
2026|01|527010|015|08|WA|4715|EBB|01|51|1|002|100|DA|532111|019|A|03|||13|Kursi Rapat|0||0||0||0||8|UNIT|5500000|44000000|0
2026|01|527010|015|08|WA|4715|EBB|01|51|1|002|100|DA|532111|019|A|03|||14|Meja dan Sofa Tamu|0||0||0||0||2|SET|15000000|30000000|0
2026|01|527010|015|08|WA|4715|EBB|01|51|1|002|100|DA|532111|019|A|03|||15|Credenza|0||0||0||0||1|UNIT|4000000|4000000|0
2026|01|527010|015|08|WA|4715|EBB|01|51|1|002|100|DA|532111|019|A|03|||16|Sofa Ruang Kerja|0||0||0||0||1|SET|10000000|10000000|0
2026|01|527010|015|08|WA|4715|EBB|01|51|1|002|100|DA|532111|019|A|03|||17|Nakas|0||0||0||0||1|UNIT|2000000|2000000|0
2026|01|527010|015|08|WA|4715|EBB|01|51|1|002|100|DA|532111|019|A|03|||18|Loker|0||0||0||0||3|SET|4000000|12000000|0
2026|01|527010|015|08|WA|4715|EBB|01|51|1|002|100|DA|532111|019|A|04||1|19|Direktorat PPKBLU|0||0||0||0||0||0|0|0
2026|01|527010|015|08|WA|4715|EBB|01|51|1|002|100|DA|532111|019|A|04|||20|Desk Wireless Microphone|0||0||0||0||1|SET|8000000|8000000|0
2026|01|527010|015|08|WA|4715|EBB|01|51|1|002|100|DA|532111|019|A|04|||21|Speaker|0||0||0||0||1|SET|6000000|6000000|0
2026|01|527010|015|08|WA|4715|EBB|01|51|1|002|100|DA|532111|019|A|04|||22|Mixer Amplifier|0||0||0||0||1|SET|4000000|4000000|0
2026|01|527010|015|08|WA|4715|EBB|01|51|1|002|100|DA|532111|019|A|04|||23|Microphone|0||0||0||0||1|SET|2800000|2800000|0
2026|01|527010|015|08|WA|4715|EBB|01|51|1|002|100|DA|532111|019|A|05||1|24|Direktorat SITP|0||0||0||0||0||0|0|0
2026|01|527010|015|08|WA|4715|EBB|01|51|1|002|100|DA|532111|019|A|05|||25|Kulkas  Mini Bar|0||0||0||0||1|UNIT|6000000|6000000|0
2026|01|527010|015|08|WA|4715|EBB|01|51|1|002|100|DA|532111|019|A|06||1|26|Kebutuhan Lainnya|0||0||0||0||0||0|0|0
2026|01|527010|015|08|WA|4715|EBB|01|51|1|002|100|DA|532111|019|A|06|||27|Coffee Maker|0||0||0||0||2|UNIT|14200000|28400000|0
2026|01|527010|015|08|WA|4715|EBB|01|51|1|002|100|DA|532111|019|A|06|||28|TV 85 inch|0||0||0||0||6|UNIT|31000000|186000000|0
2026|01|527010|015|08|WA|4715|EBB|01|51|1|002|100|DA|532111|019|A|06|||29|TV 55 inch|0||0||0||0||2|UNIT|11000000|22000000|0
2026|01|527010|015|08|WA|4715|EBB|01|51|1|002|100|DA|532111|019|A|06|||30|Drone|0||0||0||0||2|UNIT|31000000|62000000|0
2026|01|527010|015|08|WA|4715|EBB|01|51|1|002|100|DA|532111|019|A|06|||31|Action Cam|0||0||0||0||3|UNIT|8466667|25400000|0
2026|01|527010|015|08|WA|4715|EBB|01|51|1|002|100|DA|532111|019|A|06|||32|Sofa|0||0||0||0||1|UNIT|9000000|9000000|0
2026|01|527010|015|08|WA|4715|EBB|01|51|1|002|100|DA|532111|019|A|06|||33|Meja|0||0||0||0||2|UNIT|2800000|5600000|0
2026|01|527010|015|08|WA|4715|EBB|01|51|1|002|100|DA|532111|019|A|06|||34|Kursi|0||0||0||0||3|UNIT|2000000|6000000|0
2026|01|527010|015|08|WA|4715|EBB|01|51|1|002|100|DA|532111|019|A|06|||35|Dispenser|0||0||0||0||2|UNIT|4500000|9000000|0
2026|01|527010|015|08|WA|4715|EBB|01|51|1|002|100|DA|532111|019|A|06|||36|Water Heater|0||0||0||0||1|UNIT|4500000|4500000|0
2026|01|527010|015|08|WA|4715|EBB|01|51|1|002|100|DA|532111|019|A|06|||37|Mesin Pemotong Rumput|0||0||0||0||1|UNIT|2500000|2500000|0
2026|01|527010|015|08|WA|4715|EBB|01|51|1|004|100|GB|533121|019|A|01||1|1|Renovasi Gedung Daan Mogot Atap Tahap I|0||0||0||0||0||0|0|0
2026|01|527010|015|08|WA|4715|EBB|01|51|1|004|100|GB|533121|019|A|01|||2|Biaya Konstruksi Fisik  Renovasi Gedung Daan Mogot Tahap I|0||0||0||0||200|m2|2000000|400000000|0
2026|01|527010|015|08|WA|4715|EBB|01|51|1|004|100|GB|533121|019|A|01|||3|Biaya Konsultan Perencanaan|0||0||0||0||1|PKT|64000000|64000000|0
2026|01|527010|015|08|WA|4715|EBB|01|51|1|004|100|GB|533121|019|A|01|||4|Biaya Konsultan Pengawasan|0||0||0||0||1|PKT|40000000|40000000|0
2026|01|527010|015|08|WA|4715|EBB|01|51|1|004|100|GB|533121|019|A|01|||5|Biaya Pengelolaan Kegiatan|0||0||0||0||1|PKT|44000000|44000000|0
2026|01|527010|015|08|WA|4715|EBB|01|51|1|004|100|GB|533121|019|A|02||1|6|Renovasi Kanopi Rooftop Gedung Prijadi II|0||0||0||0||0||0|0|0
2026|01|527010|015|08|WA|4715|EBB|01|51|1|004|100|GB|533121|019|A|02|||7|Biaya Konstruksi Fisik  Kanopi Rooftop Gedung Prijadi II|0||0||0||0||1440|m2|277778|400000000|0
2026|01|527010|015|08|WA|4715|EBB|01|51|1|004|100|GB|533121|019|A|02|||8|Biaya Konsultan Perencanaan|0||0||0||0||1|PKT|64000000|64000000|0
2026|01|527010|015|08|WA|4715|EBB|01|51|1|004|100|GB|533121|019|A|02|||9|Biaya Konsultan Pengawasan|0||0||0||0||1|PKT|40000000|40000000|0
2026|01|527010|015|08|WA|4715|EBB|01|51|1|004|100|GB|533121|019|A|02|||10|Biaya Pengelolaan Kegiatan|0||0||0||0||1|PKT|44000000|44000000|0
2026|01|527010|015|08|WA|4715|EBB|01|51|1|004|100|RB|533121|019|A|01||1|1|Renovasi Rumah Dinas Golongan II Tipe D Pondok Gede Jl. A No. 7|0||0||0||0||0||0|0|0
2026|01|527010|015|08|WA|4715|EBB|01|51|1|004|100|RB|533121|019|A|01|||2|Biaya Konstruksi Fisik  Renovasi Rumah Dinas Pondok Gede Jl. A No. 7|0||0||0||0||174|m2|2183909|380000000|0
2026|01|527010|015|08|WA|4715|EBB|01|51|1|004|100|RB|533121|019|A|01|||3|Biaya Konsultan Perencanaan  Renovasi Rumah Dinas Pondok Gede Jl. A No. 7|0||0||0||0||1|PAKET|43400000|43400000|0
2026|01|527010|015|08|WA|4715|EBB|01|51|1|004|100|RB|533121|019|A|01|||4|Biaya Konsultan Pengawasan  Renovasi Rumah Dinas Pondok Gede Jl. A No. 7|0||0||0||0||1|PAKET|42000000|42000000|0
2026|01|527010|015|08|WA|4715|EBB|01|51|1|004|100|RB|533121|019|A|02||1|5|Renovasi Rumah Dinas Golongan II Tipe D Pondok Gede Jl. B No. 7|0||0||0||0||0||0|0|0
2026|01|527010|015|08|WA|4715|EBB|01|51|1|004|100|RB|533121|019|A|02|||6|Biaya Konstruksi Fisik  Renovasi Rumah Dinas Pondok Gede Jl. B No. 7|0||0||0||0||84|m2|3642858|306000000|0
2026|01|527010|015|08|WA|4715|EBB|01|51|1|004|100|RB|533121|019|A|02|||7|Biaya Konsultan Perencanaan  Renovasi Rumah Dinas Pondok Gede Jl. B No. 7|0||0||0||0||1|PAKET|37100000|37100000|0
2026|01|527010|015|08|WA|4715|EBB|01|51|1|004|100|RB|533121|019|A|02|||8|Biaya Konsultan Pengawasan  Renovasi Rumah Dinas Pondok Gede Jl. B No. 7|0||0||0||0||1|PAKET|36000000|36000000|0
2026|01|527010|015|08|WA|4715|EBB|01|51|1|004|100|RB|533121|019|A|03||1|9|Renovasi Rumah Dinas Golongan II Tipe D Jl. Malabar I No. 31|0||0||0||0||0||0|0|0
2026|01|527010|015|08|WA|4715|EBB|01|51|1|004|100|RB|533121|019|A|03|||10|Biaya Konstruksi Fisik  Renovasi Rumah Dinas Jl. Malabar I No. 31|0||0||0||0||112|m2|3571429|400000000|0
2026|01|527010|015|08|WA|4715|EBB|01|51|1|004|100|RB|533121|019|A|03|||11|Biaya Konsultan Perencanaan  Renovasi Rumah Dinas Jl. Malabar I No. 31|0||0||0||0||1|PAKET|74998000|74998000|0
2026|01|527010|015|08|WA|4715|EBB|01|51|1|004|100|RB|533121|019|A|03|||12|Biaya Konsultan Pengawasan  Renovasi Rumah Dinas Jl. Malabar I No. 31|0||0||0||0||1|PAKET|48903000|48903000|0
2026|01|527010|015|08|WA|4715|EBB|01|51|1|004|100|RB|533121|019|A|04||1|13|Renovasi Rumah Dinas Golongan II Tipe D Jl. Ciremai II No. 2|0||0||0||0||0||0|0|0
2026|01|527010|015|08|WA|4715|EBB|01|51|1|004|100|RB|533121|019|A|04|||14|Biaya Konstruksi Fisik  Renovasi Rumah Dinas Jl. Ciremai II No. 2|0||0||0||0||125|m2|3200000|400000000|0
2026|01|527010|015|08|WA|4715|EBB|01|51|1|004|100|RB|533121|019|A|04|||15|Biaya Konsultan Perencanaan  Renovasi Rumah Dinas Jl. Ciremai II No. 2|0||0||0||0||1|PAKET|74998000|74998000|0
2026|01|527010|015|08|WA|4715|EBB|01|51|1|004|100|RB|533121|019|A|04|||16|Biaya Konsultan Pengawasan  Renovasi Rumah Dinas Jl. Ciremai II No. 2|0||0||0||0||1|PAKET|48903000|48903000|0
2026|01|527010|015|08|WA|4715|EBB|01|51|1|004|100|RB|533121|019|A|05||1|17|Renovasi Rumah Dinas Golongan II Tipe D Jl. Ciremai IV No. 18|0||0||0||0||0||0|0|0
2026|01|527010|015|08|WA|4715|EBB|01|51|1|004|100|RB|533121|019|A|05|||18|Biaya Konstruksi Fisik  Renovasi Rumah Dinas Jl. Ciremai IV No. 18|0||0||0||0||108|m2|3703704|400000000|0
2026|01|527010|015|08|WA|4715|EBB|01|51|1|004|100|RB|533121|019|A|05|||19|Biaya Konsultan Perencanaan  Renovasi Rumah Dinas Jl. Ciremai IV No. 18|0||0||0||0||1|PAKET|61048000|61048000|0
2026|01|527010|015|08|WA|4715|EBB|01|51|1|004|100|RB|533121|019|A|05|||20|Biaya Konsultan Pengawasan  Renovasi Rumah Dinas Jl. Ciremai IV No. 18|0||0||0||0||1|PAKET|40955000|40955000|0
2026|01|527010|015|08|WA|4715|EBB|01|51|1|004|100|RB|533121|019|A|06||1|21|Renovasi Rumah Dinas Golongan II Tipe D Jl. Karyawan I No. 6|0||0||0||0||0||0|0|0
2026|01|527010|015|08|WA|4715|EBB|01|51|1|004|100|RB|533121|019|A|06|||22|Biaya Konstruksi Fisik  Renovasi Rumah Dinas Jl. Karyawan I No. 6|0||0||0||0||97|m2|4123712|400000000|0
2026|01|527010|015|08|WA|4715|EBB|01|51|1|004|100|RB|533121|019|A|06|||23|Biaya Konsultan Perencanaan  Renovasi Rumah Dinas Jl. Karyawan I No. 6|0||0||0||0||1|PAKET|63545000|63545000|0
2026|01|527010|015|08|WA|4715|EBB|01|51|1|004|100|RB|533121|019|A|06|||24|Biaya Konsultan Pengawasan  Renovasi Rumah Dinas Jl. Karyawan I No. 6|0||0||0||0||1|PAKET|42492000|42492000|0
2026|01|527010|015|08|WA|4715|EBB|01|51|1|004|100|RB|533121|019|A|07||1|25|Renovasi Rumah Dinas Golongan II Tipe D Jl. Karyawan I No. 19|0||0||0||0||0||0|0|0
2026|01|527010|015|08|WA|4715|EBB|01|51|1|004|100|RB|533121|019|A|07|||26|Biaya Konstruksi Fisik  Renovasi Rumah Dinas Jl. Karyawan I No. 19|0||0||0||0||96|m2|4166667|400000000|0
2026|01|527010|015|08|WA|4715|EBB|01|51|1|004|100|RB|533121|019|A|07|||27|Biaya Konsultan Perencanaan  Renovasi Rumah Dinas Jl. Karyawan I No. 19|0||0||0||0||1|PAKET|63332000|63332000|0
2026|01|527010|015|08|WA|4715|EBB|01|51|1|004|100|RB|533121|019|A|07|||28|Biaya Konsultan Pengawasan  Renovasi Rumah Dinas Jl. Karyawan I No. 19|0||0||0||0||1|PAKET|42350000|42350000|0
2026|01|527010|015|08|WA|4715|EBB|01|51|1|004|100|RB|533121|019|A|08||1|29|Renovasi Rumah Dinas Golongan II Tipe D Cempaka Baru Jl. Siaga I No. 5|0||0||0||0||0||0|0|0
2026|01|527010|015|08|WA|4715|EBB|01|51|1|004|100|RB|533121|019|A|08|||30|Biaya Konstruksi Fisik  Renovasi Rumah Dinas Cempaka Baru Jl. Siaga I No. 5|0||0||0||0||228|m2|1754386|400000000|0
2026|01|527010|015|08|WA|4715|EBB|01|51|1|004|100|RB|533121|019|A|08|||31|Biaya Konsultan Perencanaan  Renovasi Rumah Dinas Cempaka Baru Jl. Siaga I No. 5|0||0||0||0||1|PAKET|64000000|64000000|0
2026|01|527010|015|08|WA|4715|EBB|01|51|1|004|100|RB|533121|019|A|08|||32|Biaya Konsultan Pengawasan  Renovasi Rumah Dinas Cempaka Baru Jl. Siaga I No. 5|0||0||0||0||1|PAKET|40000000|40000000|0
2026|01|527010|015|08|WA|4715|EBB|01|51|1|004|100|RB|533121|019|A|08|||33|Biaya Pengelolaan Kegiatan  Renovasi Rumah Dinas Cempaka Baru Jl. Siaga I No. 5|0||0||0||0||1|PAKET|44000000|44000000|0
2026|01|527010|015|08|WA|4715|EBB|01|51|1|004|100|RB|533121|019|A|09||1|34|Renovasi Rumah Dinas Golongan II Tipe D Pondok Bambu Jl. Anggaran No. 20A|0||0||0||0||0||0|0|0
2026|01|527010|015|08|WA|4715|EBB|01|51|1|004|100|RB|533121|019|A|09|||35|Biaya Konstruksi Fisik  Renovasi Rumah Dinas Pondok Bambu Jl. Anggaran No. 20A|0||0||0||0||10|m2|2550000|25500000|0
2026|01|527010|015|08|WA|4715|EBB|01|51|1|004|100|RB|533121|019|A|10||1|36|Renovasi Rumah Dinas Golongan II Tipe D Pondok Bambu Jl. Anggaran No. 23|0||0||0||0||0||0|0|0
2026|01|527010|015|08|WA|4715|EBB|01|51|1|004|100|RB|533121|019|A|10|||37|Biaya Konstruksi Fisik  Renovasi Rumah Dinas Pondok Bambu Jl. Anggaran No. 23|0||0||0||0||10|m2|2550000|25500000|0
2026|01|527010|015|08|WA|4715|EBD|01|51|1|001|100|CA|521211|019|A||||1|KDM  Makan Rapat|30|ORG|3|HR|4|FR|0||360|OK|35120|12643000|0
2026|01|527010|015|08|WA|4715|EBD|01|51|1|001|100|CA|521211|019|A||||2|KDM  Snack Rapat|30|ORG|3|HR|4|FR|0||360|OK|14787|5323000|0
2026|01|527010|015|08|WA|4715|EBD|01|51|1|001|100|CA|522151|019|A||||1|Honorarium Narasumber|2|ORG|4|JAM|2|HR|0||16|OJ|774563|12393000|0
2026|01|527010|015|08|WA|4715|EBD|01|51|1|001|100|CA|522191|019|A||||1|Jasa Pendukung Kegiatan|0||0||0||0||1|PKT|6500000|6500000|0
2026|01|527010|015|08|WA|4715|EBD|01|51|1|001|100|CA|524111|019|A||||1|Transport|3|ORG|10|LOK|2|FR|0||60|OK|3031417|181885000|0
2026|01|527010|015|08|WA|4715|EBD|01|51|1|001|100|CA|524111|019|A||||2|Akomodasi|3|ORG|3|HR|10|LOK|2|FR|180|OH|454712|81848000|0
2026|01|527010|015|08|WA|4715|EBD|01|51|1|001|100|CA|524111|019|A||||3|Uang saku harian|3|ORG|4|HR|10|LOK|2|FR|240|OH|265250|63660000|0
2026|01|527010|015|08|WA|4715|EBD|01|51|1|001|100|CB|521211|019|A||||1|KDM  Makan Rapat|25|ORG|2|HR|4|FR|0||200|OK|35120|7024000|0
2026|01|527010|015|08|WA|4715|EBD|01|51|1|001|100|CB|521211|019|A||||2|KDM  Snack Rapat|25|ORG|2|HR|4|FR|0||200|OK|14785|2957000|0
2026|01|527010|015|08|WA|4715|EBD|01|51|1|001|100|CB|524111|019|A||||1|Transport|3|ORG|6|LOK|3|FR|0||54|OK|3031408|163696000|0
2026|01|527010|015|08|WA|4715|EBD|01|51|1|001|100|CB|524111|019|A||||2|Akomodasi|3|ORG|3|HR|6|LOK|3|FR|162|OH|492605|79802000|0
2026|01|527010|015|08|WA|4715|EBD|01|51|1|001|100|CB|524111|019|A||||3|Uang Saku Harian|3|ORG|4|HR|6|LOK|3|FR|216|OH|265246|57293000|0
2026|01|527010|015|08|WA|4715|EBD|01|51|1|001|100|CB|524113|019|A||||1|Transport Lokal|3|ORG|2|HR|2|FR|0||12|OK|113667|1364000|0
2026|01|527010|015|08|WA|4715|EBD|01|51|1|001|100|CB|524113|019|A||||2|Uang Saku Harian Lebih 8 Jam|3|ORG|2|HR|2|FR|0||12|OH|121250|1455000|0
2026|01|527010|015|08|WA|4715|EBD|01|51|1|001|100|CC|521211|019|A||||1|KDM  Makan Rapat|30|ORG|3|HR|4|FR|0||360|OK|43725|15741000|0
2026|01|527010|015|08|WA|4715|EBD|01|51|1|001|100|CC|521211|019|A||||2|KDM  Snack Rapat|30|ORG|3|HR|4|FR|0||360|OK|18412|6628000|0
2026|01|527010|015|08|WA|4715|EBD|01|51|1|001|100|CC|524111|019|A||||1|Transport|3|ORG|10|LOK|1|FR|0||30|OK|3031400|90942000|0
2026|01|527010|015|08|WA|4715|EBD|01|51|1|001|100|CC|524111|019|A||||2|Akomodasi|3|ORG|3|HR|10|LOK|1|FR|90|OH|492600|44334000|0
2026|01|527010|015|08|WA|4715|EBD|01|51|1|001|100|CC|524111|019|A||||3|Uang Saku Harian|3|ORG|4|HR|10|LOK|1|FR|120|OH|265250|31830000|0
2026|01|527010|015|08|WA|4715|EBD|01|51|1|001|100|CC|524113|019|A||||1|Transport Lokal|3|ORG|2|HR|2|FR|0||12|OK|113667|1364000|0
2026|01|527010|015|08|WA|4715|EBD|01|51|1|001|100|CC|524113|019|A||||2|Uang Saku Harian Lebih 8 Jam|3|ORG|2|HR|2|FR|0||12|OH|121250|1455000|0
2026|01|527010|015|08|WA|4715|EBD|01|51|1|001|100|CD|521211|019|A||||1|KDM  Makan Rapat|40|ORG|2|HR|4|FR|0||320|OH|35122|11239000|0
2026|01|527010|015|08|WA|4715|EBD|01|51|1|001|100|CD|521211|019|A||||2|KDM  Snack Rapat|40|ORG|2|HR|4|FR|0||320|OH|14788|4732000|0
2026|01|527010|015|08|WA|4715|EBD|01|51|1|001|100|CD|524111|019|A||||1|Transport|10|ORG|5|LOK|1|FR|0||50|OK|3031400|151570000|0
2026|01|527010|015|08|WA|4715|EBD|01|51|1|001|100|CD|524111|019|A||||2|Akomodasi|10|ORG|3|HR|5|LOK|1|FR|150|OH|378927|56839000|0
2026|01|527010|015|08|WA|4715|EBD|01|51|1|001|100|CD|524111|019|A||||3|Uang Saku Harian|10|ORG|4|HR|5|LOK|1|FR|200|OH|227355|45471000|0
2026|01|527010|015|08|WA|4715|EBD|01|51|1|001|100|CD|524114|019|A||||1|Akomodasi|100|ORG|3|HR|1|FR|0||300|OH|866024|259807000|0
2026|01|527010|015|08|WA|4715|EBD|01|51|1|001|100|CD|524114|019|A||||2|Uang Saku Harian|100|ORG|4|HR|1|FR|0||400|OH|98520|39408000|0
2026|01|527010|015|08|WA|4715|EBD|01|51|1|001|100|CD|524114|019|A||||3|Transport Panitia|100|ORG|1|FR|0||0||100|OK|128830|12883000|0
2026|01|527010|015|08|WA|4715|EBD|01|51|1|004|100|CA|521211|019|A|01||1|1|Pengelolaan Perbendaharaan|0||0||0||0||0||0|0|0
2026|01|527010|015|08|WA|4715|EBD|01|51|1|004|100|CA|521211|019|A|01|||2|KDM  Makan Rapat|40|ORG|3|FR|0||0||120|OK|35117|4214000|0
2026|01|527010|015|08|WA|4715|EBD|01|51|1|004|100|CA|521211|019|A|01|||3|KDM  Snack Rapat|40|ORG|3|FR|0||0||120|OK|14784|1774000|0
2026|01|527010|015|08|WA|4715|EBD|01|51|1|004|100|CA|521211|019|A|02||1|4|Monev IKPA|0||0||0||0||0||0|0|0
2026|01|527010|015|08|WA|4715|EBD|01|51|1|004|100|CA|521211|019|A|02|||5|KDM  Makan Rapat|25|ORG|2|FR|0||0||50|OK|35120|1756000|0
2026|01|527010|015|08|WA|4715|EBD|01|51|1|004|100|CA|521211|019|A|02|||6|KDM  Snack Rapat|25|ORG|2|FR|0||0||50|OK|14780|739000|0
2026|01|527010|015|08|WA|4715|EBD|01|51|1|004|100|CA|521211|019|A|03||1|7|Biaya Administrasi Bank|0||0||0||0||0||0|0|0
2026|01|527010|015|08|WA|4715|EBD|01|51|1|004|100|CA|521211|019|A|03|||8|CTK  Biaya Administrasi Bank|0||0||0||0||1|THN|6300000|6300000|0
2026|01|527010|015|08|WA|4715|EBD|01|51|1|004|100|CA|521211|019|A|03|||9|CTK  Biaya Pengawalan PengambilanPenyetoran ke Bank|6|ORG|50|FR|0||0||300|OK|30807|9242000|0
2026|01|527010|015|08|WA|4715|EBD|01|51|1|004|100|CA|524111|019|A|01||1|1|Pegelolaan TKPKN Ditjen Perbendaharaan|0||0||0||0||0||0|0|0
2026|01|527010|015|08|WA|4715|EBD|01|51|1|004|100|CA|524111|019|A|01|||2|Transport|4|ORG|7|LOK|1|FR|0||28|OK|2712143|75940000|0
2026|01|527010|015|08|WA|4715|EBD|01|51|1|004|100|CA|524111|019|A|01|||3|Akomodasi|4|ORG|2|HR|7|LOK|1|FR|56|OH|454697|25463000|0
2026|01|527010|015|08|WA|4715|EBD|01|51|1|004|100|CA|524111|019|A|01|||4|Uang Saku Harian|4|ORG|3|HR|7|LOK|0||84|OH|227346|19097000|0
2026|01|527010|015|08|WA|4715|EBD|01|51|1|004|100|CA|524113|019|A|01||1|1|Studi Banding Pengelolaan Keuangan dan Perbendaharaan|0||0||0||0||0||0|0|0
2026|01|527010|015|08|WA|4715|EBD|01|51|1|004|100|CA|524113|019|A|01|||2|Transport Lokal|10|ORG|2|LOK|0||0||20|OK|113700|2274000|0
2026|01|527010|015|08|WA|4715|EBD|01|51|1|004|100|CA|524113|019|A|01|||3|Uang Harian|10|ORG|2|LOK|0||0||20|OK|127300|2546000|0
2026|01|527010|015|08|WA|4715|EBD|01|51|1|004|100|CB|521211|019|A||||1|KDM  Makan Rapat|30|ORG|4|FR|0||0||120|OK|35125|4215000|0
2026|01|527010|015|08|WA|4715|EBD|01|51|1|004|100|CB|521211|019|A||||2|KDM  Snack Rapat|30|ORG|4|FR|0||0||120|OK|14792|1775000|0
2026|01|527010|015|08|WA|4715|EBD|01|51|1|004|100|CB|521211|019|A||||3|ATK dan Belanja Bahan Pendukung Kegiatan|1|PKT|2|KEG|4|TW|0||8|PKT|1000000|8000000|0
2026|01|527010|015|08|WA|4715|EBD|01|51|1|004|100|CB|524111|019|A||||1|Transport|4|ORG|6|LOK|1|FR|0||24|OK|2712167|65092000|0
2026|01|527010|015|08|WA|4715|EBD|01|51|1|004|100|CB|524111|019|A||||2|Akomodasi|4|ORG|3|HR|6|LOK|0||72|OH|454709|32739000|0
2026|01|527010|015|08|WA|4715|EBD|01|51|1|004|100|CB|524111|019|A||||3|Uang Saku Harian|4|ORG|4|HR|6|LOK|0||96|OH|227355|21826000|0
2026|01|527010|015|08|WA|4715|EBD|01|51|1|004|100|CB|524113|019|A||||1|Transport Lokal|3|ORG|1|HR|6|FR|0||18|OK|113667|2046000|0
2026|01|527010|015|08|WA|4715|EBD|01|51|1|004|100|CC|524111|019|A||||1|Transport|3|ORG|8|LOK|0||0||24|OK|1937250|46494000|0
2026|01|527010|015|08|WA|4715|EBD|01|51|1|004|100|CC|524111|019|A||||2|Akomodasi|3|ORG|3|HR|8|LOK|0||72|OH|260695|18770000|0
2026|01|527010|015|08|WA|4715|EBD|01|51|1|004|100|CC|524111|019|A||||3|Uang Saku Harian|3|ORG|2|HR|8|LOK|0||48|OH|519875|24954000|0
2026|01|527010|015|08|WA|4715|EBD|01|51|1|004|100|CD|521211|019|A||||1|KDM  Makan Rapat|60|ORG|3|HR|1|FR|0||180|OK|35117|6321000|0
2026|01|527010|015|08|WA|4715|EBD|01|51|1|004|100|CD|521211|019|A||||2|KDM  Snack Rapat|60|ORG|3|HR|1|FR|0||180|OK|14789|2662000|0
2026|01|527010|015|08|WA|4715|EBD|01|51|1|004|100|CD|522151|019|A||||1|Honorarium Narasumber|2|ORG|2|JAM|0||0||4|OJ|774500|3098000|0
2026|01|527010|015|08|WA|4715|EBD|01|51|1|004|100|CD|524111|019|A||||1|Transport|10|ORG|5|LOK|1|FR|0||50|OK|3031400|151570000|0
2026|01|527010|015|08|WA|4715|EBD|01|51|1|004|100|CD|524111|019|A||||2|Akomodasi|10|ORG|3|HR|5|LOK|1|FR|150|OH|378927|56839000|0
2026|01|527010|015|08|WA|4715|EBD|01|51|1|004|100|CD|524111|019|A||||3|Uang Saku Harian|10|ORG|4|HR|5|LOK|1|FR|200|OH|227355|45471000|0
2026|01|527010|015|08|WA|4715|EBD|01|51|1|004|100|CD|524114|019|A||||1|Transport|60|ORG|1|FR|0||0||60|OK|113684|6821000|0
2026|01|527010|015|08|WA|4715|EBD|01|51|1|004|100|CD|524114|019|A||||2|Akomodasi|60|ORG|2|HR|0||0||120|OH|833634|100036000|0
2026|01|527010|015|08|WA|4715|EBD|01|51|1|004|100|CD|524114|019|A||||3|Uang Harian|60|ORG|3|HR|0||0||180|OH|98523|17734000|0
2026|01|527010|015|08|WA|4715|EBD|01|51|1|974|100|DA|521219|019|A||||1|Pemindahan dan Pembenahan Arsip Aktif Lingkup Unit Pengolah|0||0||0||0||12|BLN|1760000|21120000|0
2026|01|527010|015|08|WA|4715|EBD|01|51|1|974|100|DA|521219|019|A||||2|Biaya Permanent Out Pemusnahan Arsip  In Aktif Unit Kearsipan II|0||0||0||0||2|PKT|8800000|17600000|0
2026|01|527010|015|08|WA|4715|EBD|01|51|1|974|100|DA|521219|019|A||||3|Pendataan Dan Pengepakan Arsip In Aktif Unit Kearsipan II|0||0||0||0||2|PKT|35200000|70400000|0
2026|01|527010|015|08|WA|4715|EBD|01|51|1|974|100|DA|521219|019|A||||4|Penataan Arsip In Aktif Unit Kearsipan II|0||0||0||0||2|PKT|22000000|44000000|0
2026|01|527010|015|08|WA|4715|EBD|01|51|1|974|100|DA|521219|019|A||||5|Penataan Arsip In Aktif Record Centre Tambora (Jl. Kopi)|0||0||0||0||1|PKT|400000000|400000000|0
2026|01|527010|015|08|WA|4715|EBD|01|51|1|974|100|DA|522191|019|A||||1|Pest Control, Rodent Control dan Fumigasi|0||0||0||0||10000|M2|8800|88000000|0
2026|01|527010|015|08|WA|4715|EBD|01|51|1|974|100|DA|524111|019|A||||1|Akomodasi|2|ORG|2|HR|6|KL|0||24|OH|619917|14878000|0
2026|01|527010|015|08|WA|4715|EBD|01|51|1|974|100|DA|524111|019|A||||2|Transport|2|ORG|6|KL|0||0||12|OK|1094167|13130000|0
2026|01|527010|015|08|WA|4715|EBD|01|51|1|974|100|DA|524111|019|A||||3|Uang Harian|2|ORG|3|HR|6|KL|0||36|OH|266556|9596000|0
2026|01|527010|015|08|WA|4715|EBD|01|51|1|974|100|DA|524113|019|A||||1|Transport Dalam Kota|8|ORG|1|HR|12|KL|0||96|OK|131730|12646000|0
2026|01|527010|015|08|WA|4715|EBD|01|51|1|974|100|DB|524111|019|A||||1|Akomodasi|2|ORG|2|HR|6|KL|0||24|OH|619917|14878000|0
2026|01|527010|015|08|WA|4715|EBD|01|51|1|974|100|DB|524111|019|A||||2|Transport|2|ORG|6|KL|0||0||12|OK|1107834|13294000|0
2026|01|527010|015|08|WA|4715|EBD|01|51|1|974|100|DB|524111|019|A||||3|Uang Harian|2|ORG|3|HR|6|KL|0||36|OH|266556|9596000|0
2026|01|527010|015|08|WA|4715|EBD|01|51|1|974|100|DB|524113|019|A||||1|Transport Dalam Kota|6|ORG|12|KL|0||0||72|OK|131737|9485000|0
2026|01|527010|015|08|WA|4715|EBD|01|51|1|Z26|100|CA|521211|019|A|01||1|1|Laporan Keuangan UnAudited|0||0||0||0||0||0|0|0
2026|01|527010|015|08|WA|4715|EBD|01|51|1|Z26|100|CA|521211|019|A|01|||2|KDM  Makan Rapat|25|ORG|6|FR|0||0||150|OK|36494|5474000|0
2026|01|527010|015|08|WA|4715|EBD|01|51|1|Z26|100|CA|521211|019|A|01|||3|KDM  Snack Rapat|25|ORG|6|FR|0||0||150|OK|14780|2217000|0
2026|01|527010|015|08|WA|4715|EBD|01|51|1|Z26|100|CA|521211|019|A|01|||4|CTK  Pencetakan Laporan dan Dokumentasi Kegiatan|0||0||0||0||1|FR|924000|924000|0
2026|01|527010|015|08|WA|4715|EBD|01|51|1|Z26|100|CA|521211|019|A|02||1|5|Laporan Keuangan Audited|0||0||0||0||0||0|0|0
2026|01|527010|015|08|WA|4715|EBD|01|51|1|Z26|100|CA|521211|019|A|02|||6|KDM  Makan Rapat|30|ORG|6|FR|0||0||180|OK|37000|6660000|0
2026|01|527010|015|08|WA|4715|EBD|01|51|1|Z26|100|CA|521211|019|A|02|||7|KDM  Snack Rapat|35|ORG|6|FR|0||0||210|OK|14786|3105000|0
2026|01|527010|015|08|WA|4715|EBD|01|51|1|Z26|100|CA|521211|019|A|02|||8|CTK  Pencetakan LKKL Unit Es.I DJPb Audited|1|STKR|1|SET|0||0||1|BUKU|924000|924000|0
2026|01|527010|015|08|WA|4715|EBD|01|51|1|Z26|100|CA|524111|019|A||||1|Transport|6|ORG|1|FR|0||0||6|OK|2273500|13641000|0
2026|01|527010|015|08|WA|4715|EBD|01|51|1|Z26|100|CA|524111|019|A||||2|Akomodasi|6|ORG|4|HR|1|FR|0||24|OH|492584|11822000|0
2026|01|527010|015|08|WA|4715|EBD|01|51|1|Z26|100|CA|524111|019|A||||3|Uang Saku Harian|6|ORG|5|HR|1|FR|0||30|OH|227367|6821000|0
2026|01|527010|015|08|WA|4715|EBD|01|51|1|Z26|100|CA|524113|019|A||||1|Transport Lokal|3|ORG|1|HR|6|FR|0||18|OK|113667|2046000|0
2026|01|527010|015|08|WA|4715|EBD|01|51|1|Z26|100|CA|524114|019|A||||1|Transport|120|ORG|1|FR|0||0||120|OK|2907000|348840000|0
2026|01|527010|015|08|WA|4715|EBD|01|51|1|Z26|100|CA|524114|019|A||||2|Akomodasi|120|ORG|5|HR|0||0||600|OH|1197000|718200000|0
2026|01|527010|015|08|WA|4715|EBD|01|51|1|Z26|100|CA|524114|019|A||||3|Uang Harian|120|ORG|6|HR|0||0||720|OH|130000|93600000|0
2026|01|527010|015|08|WA|4715|EBD|01|51|1|Z26|100|CB|521211|019|A|01||1|1|Penyusunan Laporan Keuangan Semester I|0||0||0||0||0||0|0|0
2026|01|527010|015|08|WA|4715|EBD|01|51|1|Z26|100|CB|521211|019|A|01|||2|KDM  Makan Rapat|30|ORG|5|FR|0||0||150|OK|35120|5268000|0
2026|01|527010|015|08|WA|4715|EBD|01|51|1|Z26|100|CB|521211|019|A|01|||3|KDM  Snack Rapat|30|ORG|5|FR|0||0||150|OK|14787|2218000|0
2026|01|527010|015|08|WA|4715|EBD|01|51|1|Z26|100|CB|522151|019|A||||1|Honorarium Narasumber|3|ORG|2|JAM|1|FR|0||6|OJ|774500|4647000|0
2026|01|527010|015|08|WA|4715|EBD|01|51|1|Z26|100|CB|524111|019|A||||1|Transport|3|ORG|2|FR|0||0||6|OK|2273500|13641000|0
2026|01|527010|015|08|WA|4715|EBD|01|51|1|Z26|100|CB|524111|019|A||||2|Akomodasi|3|ORG|4|HR|2|FR|0||24|OH|492584|11822000|0
2026|01|527010|015|08|WA|4715|EBD|01|51|1|Z26|100|CB|524111|019|A||||3|Uang Saku Harian|6|ORG|4|HR|2|FR|0||48|OH|227355|10913000|0
2026|01|527010|015|08|WA|4715|EBD|01|51|1|Z26|100|CC|521211|019|A||||1|KDM  Makan Rapat|40|ORG|7|FR|0||0||280|OK|35122|9834000|0
2026|01|527010|015|08|WA|4715|EBD|01|51|1|Z26|100|CC|521211|019|A||||2|KDM  Snack Rapat|40|ORG|7|FR|0||0||280|OK|14786|4140000|0
2026|01|527010|015|08|WA|4715|EBD|01|51|1|Z26|100|CC|524111|019|A||||1|Transport|2|ORG|3|FR|0||0||6|OK|2273500|13641000|0
2026|01|527010|015|08|WA|4715|EBD|01|51|1|Z26|100|CC|524111|019|A||||2|Akomodasi|2|ORG|2|HR|3|FR|0||12|OH|492584|5911000|0
2026|01|527010|015|08|WA|4715|EBD|01|51|1|Z26|100|CC|524111|019|A||||3|Uang Saku Harian|2|ORG|3|HR|3|FR|0||18|OH|227334|4092000|0
2026|01|527010|015|08|WA|4715|EBD|01|51|1|Z26|100|CD|524111|019|A||||1|Transport|2|ORG|6|FR|0||0||12|OK|4822250|57867000|0
2026|01|527010|015|08|WA|4715|EBD|01|51|1|Z26|100|CD|524111|019|A||||2|Akomodasi|2|ORG|2|HR|6|FR|0||24|OK|492625|11823000|0
2026|01|527010|015|08|WA|4715|EBD|01|51|1|Z26|100|CD|524111|019|A||||3|Uang Saku Harian|2|ORG|3|HR|6|FR|0||36|OH|232473|8369000|0
2026|01|527010|015|08|WA|4715|EBD|01|51|1|Z26|100|SA|521211|019|A||||1|KDM  Makan Rapat|25|org|15|fr|0||0||375|OK|35910|13466000|0
2026|01|527010|015|08|WA|4715|EBD|01|51|1|Z26|100|SA|521211|019|A||||2|KDM  Snack Rapat|25|org|15|fr|0||0||375|OK|15120|5670000|0
2026|01|527010|015|08|WA|4715|EBD|01|51|1|Z26|100|SA|524111|019|A||||1|Akomodasi|7|org|2|hari|1|frek|0||14|OH|440143|6162000|0
2026|01|527010|015|08|WA|4715|EBD|01|51|1|Z26|100|SA|524111|019|A||||2|Transortasi|7|org|1|frek|0||0||7|OK|1345715|9420000|0
2026|01|527010|015|08|WA|4715|EBD|01|51|1|Z26|100|SA|524111|019|A||||3|Uang Harian|7|org|3|hr|1|frek|0||21|OH|325477|6835000|0
2026|01|527010|015|08|WA|4715|EBD|01|51|1|Z36|100|AA|521211|019|A||||1|KDM  Makan Rapat|10|ORG|4|FREK|0||0||40|OK|35900|1436000|0
2026|01|527010|015|08|WA|4715|EBD|01|51|1|Z36|100|AA|521211|019|A||||2|KDM  Snack Rapat|10|ORG|4|FREK|0||0||40|OK|15125|605000|0
2026|01|527010|015|08|WA|4715|EBD|01|51|1|Z36|100|AA|524111|019|A||||1|Akomodasi|2|ORG|16|LOK|2|HR|0||64|OH|387454|24797000|0
2026|01|527010|015|08|WA|4715|EBD|01|51|1|Z36|100|AA|524111|019|A||||2|Transport|2|ORG|16|LOK|1|FREK|0||32|OK|1859750|59512000|0
2026|01|527010|015|08|WA|4715|EBD|01|51|1|Z36|100|AA|524111|019|A||||3|Uang Saku Harian|2|ORG|16|LOK|3|HR|0||96|OH|309959|29756000|0
2026|01|527010|015|08|WA|4715|EBD|01|51|1|Z36|100|AB|521211|019|A||||1|KDM  Makan Rapat|25|ORG|3|FREK|0||0||75|OK|35907|2693000|0
2026|01|527010|015|08|WA|4715|EBD|01|51|1|Z36|100|AB|521211|019|A||||2|KDM  Snack Rapat|25|ORG|3|FREK|0||0||75|OK|15120|1134000|0
2026|01|527010|015|08|WA|4715|EBD|01|51|1|Z36|100|AB|524111|019|A||||1|Uang Saku Harian|2|ORG|15|LOK|3|HR|0||90|OH|309956|27896000|0
2026|01|527010|015|08|WA|4715|EBD|01|51|1|Z36|100|AB|524111|019|A||||2|Akomodasi|2|ORG|15|LOK|2|HR|0||60|OH|387450|23247000|0
2026|01|527010|015|08|WA|4715|EBD|01|51|1|Z36|100|AB|524111|019|A||||3|Transport|2|ORG|15|LOK|1|FREK|0||30|OK|2905867|87176000|0
2026|01|527010|015|08|WA|4715|EBD|01|51|1|Z36|100|AC|521211|019|A||||1|KDM  Makan Rapat|10|ORG|2|FREK|0||0||20|OF|35900|718000|0
2026|01|527010|015|08|WA|4715|EBD|01|51|1|Z36|100|AC|521211|019|A||||2|KDM  Snack Rapat|10|ORG|2|FREK|0||0||20|OK|15100|302000|0
2026|01|527010|015|08|WA|4715|EBD|01|51|1|Z36|100|AC|524111|019|A||||1|Akomodasi|2|ORG|4|LOK|2|HR|0||16|OH|387438|6199000|0
2026|01|527010|015|08|WA|4715|EBD|01|51|1|Z36|100|AC|524111|019|A||||2|Transport|2|ORG|4|LOK|1|FREK|0||8|OK|3099625|24797000|0
2026|01|527010|015|08|WA|4715|EBD|01|51|1|Z36|100|AC|524111|019|A||||3|Uang Saku Harian|2|ORG|4|LOK|3|HR|0||24|OH|309959|7439000|0
2026|01|527010|015|08|WA|4718|BMB|01|51|1|001|100|DA|521211|019|A||||1|CTK  Hari Bakti Perbendaharaan|1000|ORG|1|PKT|0||0||1000|PKT|55654|55654000|0
2026|01|527010|015|08|WA|4718|BMB|01|51|1|001|100|DA|521211|019|A||||2|CTK  HUT RI|1000|ORG|1|PKT|0||0||1000|PKT|8834|8834000|0
2026|01|527010|015|08|WA|4718|BMB|01|51|1|001|100|DA|521211|019|A||||3|CTK  Hari Oeang|1000|ORG|1|PKT|0||0||1000|PKT|111308|111308000|0
2026|01|527010|015|08|WA|4718|BMB|01|51|1|001|100|DA|521211|019|A||||4|CTK  Hari Anti Korupsi|1000|ORG|1|PKT|0||0||1000|PKT|55654|55654000|0
2026|01|527010|015|08|WA|4718|BMB|01|51|1|001|100|DA|522191|019|A||||1|Hari Bakti Perbendaharaan|0||0||0||0||1|PKT|141344000|141344000|0
2026|01|527010|015|08|WA|4718|BMB|01|51|1|001|100|DA|522191|019|A||||2|HUT RI|0||0||0||0||1|PKT|141344000|141344000|0
2026|01|527010|015|08|WA|4718|BMB|01|51|1|001|100|DA|522191|019|A||||3|Hari Oeang|0||0||0||0||1|PKT|212016000|212016000|0
2026|01|527010|015|08|WA|4718|BMB|01|51|1|001|100|DA|522191|019|A||||4|Hari Anti Korupsi|0||0||0||0||1|PKT|141344000|141344000|0
2026|01|527010|015|08|WA|4718|BMB|01|51|1|002|100|QA|521211|019|A||||1|KDM  Konsumsi Makan Rapat|20|ORG|3|FR|0||0||60|OF|57000|3420000|0
2026|01|527010|015|08|WA|4718|BMB|01|51|1|002|100|QA|521211|019|A||||2|KDM  Konsumsi Snack Rapat|20|ORG|3|FR|0||0||60|OF|24000|1440000|0
2026|01|527010|015|08|WA|4718|BMB|01|51|1|002|100|QA|522151|019|A||||1|Honor Narasumber Eselon II KL lain|5|ORG|2|JAM|2|FR|0||20|OJF|900000|18000000|0
2026|01|527010|015|08|WA|4718|BMB|01|51|1|002|100|QA|524111|019|A||||1|Akomodasi|3|ORG|2|HR|1|FR|3|LOK|18|OHFL|720000|12960000|0
2026|01|527010|015|08|WA|4718|BMB|01|51|1|002|100|QA|524111|019|A||||2|Transport|3|ORG|1|FR|3|LOK|0||9|OHFL|3200000|28800000|0
2026|01|527010|015|08|WA|4718|BMB|01|51|1|002|100|QA|524111|019|A||||3|Uang Harian|3|ORG|3|HR|1|FR|3|LOK|27|OHFL|344000|9288000|0
2026|01|527010|015|08|WA|4718|BMB|01|51|1|002|100|QA|524113|019|A||||1|Transport Dalam Kota|2|ORG|4|FR|0||0||8|OF|170000|1360000|0
2026|01|527010|015|08|WA|4718|BMB|01|51|1|002|100|QA|524114|019|A||||1|Akomodasi|28|ORG|2|HR|2|FR|0||112|OHF|1197000|134064000|0
2026|01|527010|015|08|WA|4718|BMB|01|51|1|002|100|QA|524114|019|A||||2|Uang Harian|28|ORG|3|HR|2|FR|0||168|OHF|130000|21840000|0
2026|01|527010|015|08|WA|4718|BMB|01|51|1|002|100|QA|524114|019|A||||3|Transportasi|28|ORG|2|FR|0||0||56|OF|170000|9520000|0
2026|01|527010|015|08|WA|4718|BMB|01|51|1|002|100|QA|524119|019|A||||1|Akomodasi|28|ORG|2|HR|1|FR|0||56|OHF|1006000|56336000|0
2026|01|527010|015|08|WA|4718|BMB|01|51|1|002|100|QA|524119|019|A||||2|Uang Harian|28|ORG|3|HR|1|FR|0||84|OHF|130000|10920000|0
2026|01|527010|015|08|WA|4718|BMB|01|51|1|002|100|QA|524119|019|A||||3|Transportasi|28|ORG|1|FR|0||0||28|OF|600000|16800000|0
2026|01|527010|015|08|WA|4718|BMB|01|51|1|002|100|QB|521211|019|A||||1|KDM  Konsumsi Snack Rapat|40|ORG|2|FR|0||0||80|OF|24000|1920000|0
2026|01|527010|015|08|WA|4718|BMB|01|51|1|002|100|QB|521211|019|A||||2|KDM  Konsumsi Makan Rapat|40|ORG|2|FR|0||0||80|OF|57000|4560000|0
2026|01|527010|015|08|WA|4718|BMB|01|51|1|002|100|QB|521213|019|A||||1|Honorarium Pembuat Artikel Website DJPb|10|ORG|12|BLN|0||0||120|OB|100000|12000000|0
2026|01|527010|015|08|WA|4718|BMB|01|51|1|002|100|QB|521213|019|A||||2|Honorarium Pembuat Artikel MTI|32|HAL|4|FR|0||0||128|HF|100000|12800000|0
2026|01|527010|015|08|WA|4718|BMB|01|51|1|002|100|QB|522151|019|A||||1|Honorarium Translasi Annual Report|3|ORG|8|HR|0||0||24|OH|900000|21600000|0
2026|01|527010|015|08|WA|4718|BMB|01|51|1|002|100|QB|522151|019|A||||2|Honorarium Narasumber Profesional  Strategi Komunikasi|2|ORG|3|JAM|2|FR|0||12|OJF|1700000|20400000|0
2026|01|527010|015|08|WA|4718|BMB|01|51|1|002|100|QB|524111|019|A||||1|Akomodasi|3|ORG|2|HR|4|LOK|0||24|OHL|720000|17280000|0
2026|01|527010|015|08|WA|4718|BMB|01|51|1|002|100|QB|524111|019|A||||2|Transport|3|ORG|4|LOK|0||0||12|OL|3200000|38400000|0
2026|01|527010|015|08|WA|4718|BMB|01|51|1|002|100|QB|524111|019|A||||3|Uang Harian|3|ORG|3|HR|4|LOK|0||36|OHFL|344000|12384000|0
2026|01|527010|015|08|WA|4718|BMB|01|51|1|002|100|QB|524113|019|A||||1|Transportasi Dalam Kota Rapat Agenda Setting Kemenkeu|2|ORG|12|KL|0||0||24|OK|170000|4080000|0
2026|01|527010|015|08|WA|4718|BMB|01|51|1|002|100|QC|521211|019|A||||1|KDM  Konsumsi Makan Rapat|40|ORG|2|FR|0||0||80|OK|57000|4560000|0
2026|01|527010|015|08|WA|4718|BMB|01|51|1|002|100|QC|521211|019|A||||2|KDM  Konsumsi Snack Rapat|40|ORG|2|FR|0||0||80|OK|24000|1920000|0
2026|01|527010|015|08|WA|4718|BMB|01|51|1|002|100|QC|522151|019|A||||1|Honor Narasumber Profesional  Layanan Informasi|2|ORG|3|HR|1|FR|0||6|OHF|1700000|10200000|0
2026|01|527010|015|08|WA|4718|BMB|01|51|1|002|100|QC|524111|019|A|01||1|1|Perjadin Media Visit, Gathering, dan Briefing|0||0||0||0||0||0|0|0
2026|01|527010|015|08|WA|4718|BMB|01|51|1|002|100|QC|524111|019|A|03|||10|Akomodasi|3|ORG|2|HR|1|LOK|0||6|OHL|720000|4320000|0
2026|01|527010|015|08|WA|4718|BMB|01|51|1|002|100|QC|524111|019|A|03|||11|Transport|3|ORG|1|LOK|0||0||3|OL|3200000|9600000|0
2026|01|527010|015|08|WA|4718|BMB|01|51|1|002|100|QC|524111|019|A|03|||12|Uang Harian|3|ORG|3|HR|1|LOK|0||9|OHFL|344000|3096000|0
2026|01|527010|015|08|WA|4718|BMB|01|51|1|002|100|QC|524111|019|A|04||1|13|Perjadin Monev Keterbukaan Informasi Publik|0||0||0||0||0||0|0|0
2026|01|527010|015|08|WA|4718|BMB|01|51|1|002|100|QC|524111|019|A|04|||14|Akomodasi|3|ORG|2|HR|3|LOK|0||18|OHL|720000|12960000|0
2026|01|527010|015|08|WA|4718|BMB|01|51|1|002|100|QC|524111|019|A|04|||15|Transport|3|ORG|3|LOK|0||0||9|OL|3200000|28800000|0
2026|01|527010|015|08|WA|4718|BMB|01|51|1|002|100|QC|524111|019|A|04|||16|Uang Harian|3|ORG|3|HR|3|LOK|0||27|OHFL|344000|9288000|0
2026|01|527010|015|08|WA|4718|BMB|01|51|1|002|100|QC|524111|019|A|01|||2|Akomodasi|2|ORG|2|HR|2|LOK|0||8|OHL|720000|5760000|0
2026|01|527010|015|08|WA|4718|BMB|01|51|1|002|100|QC|524111|019|A|01|||3|Transport|2|ORG|2|LOK|0||0||4|OL|3200000|12800000|0
2026|01|527010|015|08|WA|4718|BMB|01|51|1|002|100|QC|524111|019|A|01|||4|Uang Harian|2|ORG|3|HR|2|LOK|0||12|OHFL|344000|4128000|0
2026|01|527010|015|08|WA|4718|BMB|01|51|1|002|100|QC|524111|019|A|02||1|5|Perjadin Monev Pengelolaan Cagar Budaya dan Liputan Agenda Pimpinan|0||0||0||0||0||0|0|0
2026|01|527010|015|08|WA|4718|BMB|01|51|1|002|100|QC|524111|019|A|02|||6|Akomodasi|3|ORG|2|HR|2|LOK|0||12|OHL|720000|8640000|0
2026|01|527010|015|08|WA|4718|BMB|01|51|1|002|100|QC|524111|019|A|02|||7|Transport|3|ORG|2|LOK|0||0||6|OL|3200000|19200000|0
2026|01|527010|015|08|WA|4718|BMB|01|51|1|002|100|QC|524111|019|A|02|||8|Uang Harian|3|ORG|3|HR|2|LOK|0||18|OHFL|344000|6192000|0
2026|01|527010|015|08|WA|4718|BMB|01|51|1|002|100|QC|524111|019|A|03||1|9|Perjadin Edukasi Publik Treasury Goes to SchoolCampus|0||0||0||0||0||0|0|0
2026|01|527010|015|08|WA|4718|BMB|01|51|1|002|100|QC|524113|019|A||||1|Transportasi Dalam Kota Kegiatan Media Gathering|15|ORG|2|FR|0||0||30|OK|170000|5100000|0
2026|01|527010|015|08|WA|4718|BMB|01|51|1|002|100|QC|524113|019|A||||2|Transportasi Dalam Kota Koordinasi Pengelolaan Informasi Publik|3|ORG|4|KL|0||0||12|OK|170000|2040000|0
2026|01|527010|015|08|WA|4718|BMB|01|51|1|002|100|QC|524113|019|A||||3|Transportasi Dalam Kota Lpiutan Agenda Pimpinan Dalam Kota|2|ORG|24|KL|0||0||48|OK|170000|8160000|0
2026|01|527010|015|08|WA|4718|BMB|01|51|1|003|100|AA|521211|019|A|01||1|1|Workshop Seminar Pengarusutamaan Gender (PUG) DJPB|0||0||0||0||0||0|0|0
2026|01|527010|015|08|WA|4718|BMB|01|51|1|003|100|AA|521211|019|A|01|||2|KDM  Makan Rapat|57|ORG|2|FR|0||0||114|OF|57492|6554000|0
2026|01|527010|015|08|WA|4718|BMB|01|51|1|003|100|AA|521211|019|A|01|||3|KDM  Snack Rapat|57|ORG|2|FR|0||0||114|OF|24000|2736000|0
2026|01|527010|015|08|WA|4718|BMB|01|51|1|003|100|AA|521211|019|A|02||1|4|Penilaian Implementasi PUG Lingkup Ditjen Perbendaharaan|0||0||0||0||0||0|0|0
2026|01|527010|015|08|WA|4718|BMB|01|51|1|003|100|AA|521211|019|A|02|||5|KDM  Makan Rapat|90|ORG|1|FR|0||0||90|OF|57000|5130000|0
2026|01|527010|015|08|WA|4718|BMB|01|51|1|003|100|AA|521211|019|A|02|||6|KDM  Snack Rapat|90|ORG|1|FR|0||0||90|OF|24000|2160000|0
2026|01|527010|015|08|WA|4718|BMB|01|51|1|003|100|AA|522151|019|A||||1|Honor Narasumber Eselon II|1|ORG|2|JAM|2|FR|0||4|OJ|1000000|4000000|0
2026|01|527010|015|08|WA|4718|BMB|01|51|1|003|100|AA|522151|019|A||||2|Honor Narasumber Eselon III|2|ORG|3|JAM|1|FR|0||6|OJ|784500|4707000|0
2026|01|527010|015|08|WA|4718|BMB|01|51|1|003|100|AA|522191|019|A||||1|Jasa EO Lomba Implementasi PUG|0||0||0||0||1|PKT|131818000|131818000|0
2026|01|527010|015|08|WA|4718|BMB|01|51|1|003|100|AA|524111|019|A||||1|Transport|3|ORG|2|LOK|0||0||6|OK|2053667|12322000|0
2026|01|527010|015|08|WA|4718|BMB|01|51|1|003|100|AA|524111|019|A||||2|Akomodasi|3|ORG|2|HR|2|FR|0||12|OH|444917|5339000|0
2026|01|527010|015|08|WA|4718|BMB|01|51|1|003|100|AA|524111|019|A||||3|Uang Saku Harian|3|ORG|3|HR|1|FR|0||9|OH|239556|2156000|0
2026|01|527010|015|08|WA|4719|EBA|01|51|1|003|100|AA|521211|019|A||||1|KDM  Makan Rapat|20|ORG|2|FREK|0||0||40|OF|35900|1436000|0
2026|01|527010|015|08|WA|4719|EBA|01|51|1|003|100|AA|521211|019|A||||2|KDM  Snack Rapat|20|ORG|2|FREK|0||0||40|OF|15125|605000|0
2026|01|527010|015|08|WA|4719|EBA|01|51|1|003|100|AA|524111|019|A||||1|Akomodasi|2|ORG|2|HR|2|LOK|0||8|OH|542375|4339000|0
2026|01|527010|015|08|WA|4719|EBA|01|51|1|003|100|AA|524111|019|A||||2|Transport|2|ORG|1|FREK|2|LOK|0||4|OF|2169750|8679000|0
2026|01|527010|015|08|WA|4719|EBA|01|51|1|003|100|AA|524111|019|A||||3|Uang Saku Harian|2|ORG|3|HR|2|LOK|0||12|OH|290584|3487000|0
2026|01|527010|015|08|WA|4719|EBA|01|51|1|003|100|AB|521211|019|A||||1|KDM  Snack Rapat|10|ORG|2|FREK|0||0||20|OF|15100|302000|0
2026|01|527010|015|08|WA|4719|EBA|01|51|1|003|100|AB|521211|019|A||||2|KDM  Makan Rapat|10|ORG|2|FREK|0||0||20|OF|35900|718000|0
2026|01|527010|015|08|WA|4719|EBA|01|51|1|003|100|AB|524111|019|A||||1|Transport|3|ORG|10|LOK|1|FREK|0||30|OF|2712134|81364000|0
2026|01|527010|015|08|WA|4719|EBA|01|51|1|003|100|AB|524111|019|A||||2|Uang Harian|3|ORG|10|LOK|3|HR|0||90|OH|278967|25107000|0
2026|01|527010|015|08|WA|4719|EBA|01|51|1|003|100|AB|524111|019|A||||3|Akomodasi|3|ORG|10|LOK|2|HR|0||60|OH|515317|30919000|0
2026|01|527010|015|08|WA|4719|EBA|01|51|1|003|100|AB|524111|019|A|01||1|4|Manajemen Keberlangsungan Bisnis DJPb|0||0||0||0||0||0|0|0
2026|01|527010|015|08|WA|4719|EBA|01|51|1|003|100|AB|524111|019|A|01|||5|Transport|66|ORG|1|LOK|1|FREK|0||66|OF|373485|24650000|0
2026|01|527010|015|08|WA|4719|EBA|01|51|1|003|100|AB|524111|019|A|01|||6|Uang Harian|66|ORG|1|LOK|4|HR|0||264|OH|272728|72000000|0
2026|01|527010|015|08|WA|4719|EBA|01|51|1|003|100|AC|521211|019|A||||1|KDM  Makan Rapat|10|ORG|3|FREK|0||0||30|OF|44700|1341000|0
2026|01|527010|015|08|WA|4719|EBA|01|51|1|003|100|AC|521211|019|A||||2|KDM  Snack Rapat|10|ORG|3|FREK|0||0||30|OF|18834|565000|0
2026|01|527010|015|08|WA|4719|EBA|01|51|1|003|100|AC|524111|019|A||||1|Uang Harian|3|ORG|10|LOK|3|HR|0||90|OH|266567|23991000|0
2026|01|527010|015|08|WA|4719|EBA|01|51|1|003|100|AC|524111|019|A||||2|Transport|3|ORG|10|LOK|1|FREK|0||30|OF|2774134|83224000|0
2026|01|527010|015|08|WA|4719|EBA|01|51|1|003|100|AC|524111|019|A||||3|Akomodasi|3|ORG|10|LOK|2|HR|0||60|OH|515317|30919000|0
2026|01|527010|015|08|WA|4719|EBA|01|51|1|003|100|AC|524119|019|A||||1|Uang Harian|20|ORG|1|LOK|3|HR|0||60|OH|100734|6044000|0
2026|01|527010|015|08|WA|4719|EBA|01|51|1|003|100|AC|524119|019|A||||2|Transport Peserta Luar Jakarta|12|ORG|1|LOK|1|KEG|0||12|OF|2905834|34870000|0
2026|01|527010|015|08|WA|4719|EBA|01|51|1|003|100|AC|524119|019|A||||3|Transport PanitiaPeserta Jakarta|8|ORG|1|LOK|1|FREK|0||8|OF|619875|4959000|0
2026|01|527010|015|08|WA|4719|EBA|01|51|1|003|100|AC|524119|019|A||||4|Akomodasi|20|ORG|1|LOK|2|HR|0||40|OH|779550|31182000|0
2026|01|527010|015|08|WA|4719|EBA|01|51|1|003|100|AD|521211|019|A||||1|KDM  Makan Rapat|15|ORG|3|FREK|0||0||45|OF|35912|1616000|0
2026|01|527010|015|08|WA|4719|EBA|01|51|1|003|100|AD|521211|019|A||||2|KDM  Snack Rapat|15|ORG|3|FREK|0||0||45|OF|15112|680000|0
2026|01|527010|015|08|WA|4719|EBA|01|51|1|003|100|AD|524111|019|A||||1|Transport|2|ORG|4|LOK|1|FREK|0||8|OF|2069000|16552000|0
2026|01|527010|015|08|WA|4719|EBA|01|51|1|003|100|AD|524111|019|A||||2|Uang Harian|2|ORG|4|LOK|3|HR|0||24|OH|266584|6398000|0
2026|01|527010|015|08|WA|4719|EBA|01|51|1|003|100|AD|524111|019|A||||3|Akomodasi|2|ORG|4|LOK|2|HR|0||16|OH|515313|8245000|0
2026|01|527010|015|08|WA|4719|EBA|01|51|1|003|100|AE|521211|019|A||||1|KDM  Makan Rapat|15|ORG|5|FREK|0||0||75|OF|35907|2693000|0
2026|01|527010|015|08|WA|4719|EBA|01|51|1|003|100|AE|524111|019|A||||1|Transport|3|ORG|6|LOK|1|FREK|0||18|OH|1751278|31523000|0
2026|01|527010|015|08|WA|4719|EBA|01|51|1|003|100|AE|524111|019|A||||2|Uang Saku|3|ORG|6|LOK|3|HARI|0||54|OH|278963|15064000|0
2026|01|527010|015|08|WA|4719|EBA|01|51|1|003|100|AE|524111|019|A||||3|Akomodasi|3|ORG|6|LOK|2|HARI|0||36|OH|531584|19137000|0
2026|01|527010|015|08|WA|4719|EBA|01|51|1|003|100|AF|521211|019|A||||1|KDM  Makan Rapat|21|ORG|5|FREK|0||0||105|OF|35915|3771000|0
2026|01|527010|015|08|WA|4719|EBA|01|51|1|003|100|AF|524111|019|A||||1|Akomodasi|3|ORG|5|LOK|2|HARI|0||30|OH|480434|14413000|0
2026|01|527010|015|08|WA|4719|EBA|01|51|1|003|100|AF|524111|019|A||||2|Transport|3|ORG|5|LOK|1|FREK|0||15|OK|1317334|19760000|0
2026|01|527010|015|08|WA|4719|EBA|01|51|1|003|100|AF|524111|019|A||||3|Uang Saku Harian|3|ORG|5|LOK|3|HARI|0||45|OH|278956|12553000|0
2026|01|527010|015|08|WA|4719|EBA|01|51|1|003|100|AG|524111|019|A||||1|Akomodasi|3|ORG|2|LOK|3|HR|0||18|OH|658667|11856000|0
2026|01|527010|015|08|WA|4719|EBA|01|51|1|003|100|AG|524111|019|A||||2|Transport|3|ORG|2|LOK|1|FREK|0||6|OK|7361500|44169000|0
2026|01|527010|015|08|WA|4719|EBA|01|51|1|003|100|AG|524111|019|A||||3|Uang Saku Harian|3|ORG|2|LOK|4|HARI|0||24|OH|278959|6695000|0
2026|01|527010|015|08|WA|4719|EBA|01|51|1|003|100|AH|521211|019|A||||1|KDM  Makan Rapat|10|ORG|3|FREK|0||0||30|OF|35900|1077000|0
2026|01|527010|015|08|WA|4719|EBA|01|51|1|003|100|AH|521211|019|A||||2|KDM  Snack Rapat|10|ORG|3|FREK|0||0||30|OF|15134|454000|0
2026|01|527010|015|08|WA|4719|EBA|01|51|1|003|100|AH|524111|019|A||||1|Akomodasi|2|ORG|6|LOK|2|HR|0||24|OH|619917|14878000|0
2026|01|527010|015|08|WA|4719|EBA|01|51|1|003|100|AH|524111|019|A||||2|Transport|2|ORG|6|LOK|1|FREK|0||12|OF|2712167|32546000|0
2026|01|527010|015|08|WA|4719|EBA|01|51|1|003|100|AH|524111|019|A||||3|Uang Saku Harian|2|ORG|6|LOK|3|HR|0||36|OH|282834|10182000|0
2026|01|527010|015|08|WA|4719|EBA|01|51|1|003|100|AI|521211|019|A||||1|KDM  Makan Rapat|10|ORG|2|FREK|0||0||20|OF|35900|718000|0
2026|01|527010|015|08|WA|4719|EBA|01|51|1|003|100|AI|521211|019|A||||2|KDM  Snack Rapat|10|ORG|2|FREK|0||0||20|OF|15100|302000|0
2026|01|527010|015|08|WA|4719|EBA|01|51|1|003|100|AI|524111|019|A||||1|Akomodasi|3|ORG|4|LOK|2|HR|0||24|OH|619917|14878000|0
2026|01|527010|015|08|WA|4719|EBA|01|51|1|003|100|AI|524111|019|A||||2|Transport|3|ORG|4|LOK|1|FREK|0||12|OK|3099584|37195000|0
2026|01|527010|015|08|WA|4719|EBA|01|51|1|003|100|AI|524111|019|A||||3|Uang Saku Harian|3|ORG|4|LOK|3|HARI|0||36|OH|278973|10043000|0
2026|01|527010|015|08|WA|4719|EBA|01|51|1|003|100|AI|524113|019|A||||1|Transport|5|ORG|1|LOK|5|FREK|0||25|OF|131720|3293000|0
2026|01|527010|015|08|WA|4719|EBA|01|51|1|003|100|AJ|524111|019|A||||1|Akomodasi|2|ORG|4|LOK|2|HR|0||16|OH|619938|9919000|0
2026|01|527010|015|08|WA|4719|EBA|01|51|1|003|100|AJ|524111|019|A||||2|Transport|2|ORG|4|LOK|1|FREK|0||8|OF|2712125|21697000|0
2026|01|527010|015|08|WA|4719|EBA|01|51|1|003|100|AJ|524111|019|A||||3|Uang Saku Harian|2|ORG|4|LOK|3|HR|0||24|OH|278959|6695000|0
2026|01|527010|015|08|WA|4719|EBA|01|51|1|003|100|AK|522151|019|A||||1|Honorarium Narasumber|1|ORG|1|JAM|1|KEG|0||1|OJ|792000|792000|0
2026|01|527010|015|08|WA|4719|EBA|01|51|1|003|100|AK|524111|019|A||||1|Akomodasi Eselon II Kantor Pusat|4|ORG|2|HR|1|LOK|1|KEG|8|OH|1084875|8679000|0
2026|01|527010|015|08|WA|4719|EBA|01|51|1|003|100|AK|524111|019|A||||2|Transport|4|ORG|1|LOK|1|KEG|1|FREK|4|OF|2712250|10849000|0
2026|01|527010|015|08|WA|4719|EBA|01|51|1|003|100|AK|524111|019|A||||3|Uang Harian|4|ORG|3|HR|1|KEG|0||12|OH|279000|3348000|0
2026|01|527010|015|08|WA|4719|EBA|01|51|1|003|100|AK|524111|019|A||||4|Uang Representasi Eselon II|2|ORG|3|HR|1|KEG|0||6|OH|116167|697000|0
2026|01|527010|015|08|WA|4719|EBA|01|51|1|003|100|CA|521211|019|A||||1|KDM  Makan Rapat|50|ORG|2|FR|0||0||100|OF|53529|5353000|0
2026|01|527010|015|08|WA|4719|EBA|01|51|1|003|100|CA|521211|019|A||||2|KDM  Snack Rapat|50|ORG|2|FR|0||0||100|OF|22538|2254000|0
2026|01|527010|015|08|WA|4719|EBA|01|51|1|003|100|CA|524111|019|A||||1|Akomodasi|30|ORG|6|LOK|2|HARI|1|FR|360|OH|527539|189914000|0
2026|01|527010|015|08|WA|4719|EBA|01|51|1|003|100|CA|524111|019|A||||2|Transport|30|ORG|6|LOK|0||0||180|OK|4287128|771683000|0
2026|01|527010|015|08|WA|4719|EBA|01|51|1|003|100|CA|524111|019|A||||3|Uang Saku Harian|30|ORG|6|LOK|3|HARI|0||540|OH|239152|129142000|0
2026|01|527010|015|08|WA|4719|EBA|01|51|1|003|100|CB|521211|019|A||||1|KDM  Konsumsi Rapat Melibatkan Menteri dan Es I|475|ORG|1|KEG|0||0||475|OK|110000|52250000|0
2026|01|527010|015|08|WA|4719|EBA|01|51|1|003|100|CB|521211|019|A||||2|KDM  Snack Rapat Melibatkan Menteri  Pejabat Eselon I|475|ORG|1|KEG|0||0||475|OK|49000|23275000|0
2026|01|527010|015|08|WA|4719|EBA|01|51|1|003|100|CB|522151|019|A||||1|Honor Narsum Setara Menteri|4|ORG|2|JAM|2|KEG|0||16|OJ|1700000|27200000|0
2026|01|527010|015|08|WA|4719|EBA|01|51|1|003|100|CB|522151|019|A||||2|Honor Narsum Setara Es I|2|ORG|2|JAM|2|KEG|0||8|OJ|1400000|11200000|0
2026|01|527010|015|08|WA|4719|EBA|01|51|1|003|100|CB|522151|019|A||||3|Honor Narsum Setara Es II|2|ORG|2|JAM|2|KEG|0||8|OJ|1000000|8000000|0
2026|01|527010|015|08|WA|4719|EBA|01|51|1|003|100|CB|522191|019|A||||1|Provider Event Organizer|0||0||0||0||2|PKT|100000000|200000000|0
2026|01|527010|015|08|WA|4719|EBA|01|51|1|003|100|CB|524111|019|A||||1|Akomodasi|10|ORG|2|HR|2|KEG|0||40|OH|632900|25316000|0
2026|01|527010|015|08|WA|4719|EBA|01|51|1|003|100|CB|524111|019|A||||2|Transportasi|10|ORG|2|KEG|0||0||20|OH|3745000|74900000|0
2026|01|527010|015|08|WA|4719|EBA|01|51|1|003|100|CB|524111|019|A||||3|Uang Harian|10|ORG|3|HR|2|KEG|0||60|OH|251667|15100000|0
2026|01|527010|015|08|WA|4719|EBA|01|51|1|003|100|CB|524119|019|A|01||1|1|KementerianLembaga|0||0||0||0||0||0|0|0
2026|01|527010|015|08|WA|4719|EBA|01|51|1|003|100|CB|524119|019|A|01|||2|Akomodasi Setara Menteri dan Pejabat Es I dan II|25|ORG|2|HR|2|KEG|0||100|OH|1008900|100890000|0
2026|01|527010|015|08|WA|4719|EBA|01|51|1|003|100|CB|524119|019|A|01|||3|Akomodasi Setara Pejabat Es III dan Panitia|110|ORG|2|HR|2|KEG|0||440|OH|896553|394483000|0
2026|01|527010|015|08|WA|4719|EBA|01|51|1|003|100|CB|524119|019|A|01|||4|Transport Peserta Pejabat Kanver|20|ORG|2|KEG|0||0||40|OK|4494000|179760000|0
2026|01|527010|015|08|WA|4719|EBA|01|51|1|003|100|CB|524119|019|A|01|||5|Transport Peserta Pejabat Pusat|90|ORG|2|KEG|0||0||180|OK|7490000|1348200000|0
2026|01|527010|015|08|WA|4719|EBA|01|51|1|003|100|CB|524119|019|A|01|||6|Uang Saku Harian|110|ORG|2|KEG|3|HR|0||660|OH|97370|64264000|0
2026|01|527010|015|08|WA|4719|EBA|01|51|1|003|100|CB|524119|019|A|02||1|7|Anggota BPP dan Pemda|0||0||0||0||0||0|0|0
2026|01|527010|015|08|WA|4719|EBA|01|51|1|003|100|CB|524119|019|A|02|||8|Akomodasi Peserta Gubernur, OAP dan POKJA|130|ORG|2|HR|2|KEG|0||520|OH|1008904|524630000|0
2026|01|527010|015|08|WA|4719|EBA|01|51|1|003|100|CB|524119|019|A|02|||9|Akomodasi Pemda dan Tokoh Masyarakat|112|ORG|2|HR|2|KEG|0||448|OH|896554|401656000|0
2026|01|527010|015|08|WA|4719|EBA|01|51|1|003|100|CB|524119|019|A|02|||10|Transport Peserta Pejabat Kanver|242|ORG|2|KEG|0||0||484|OK|2996000|1450064000|0
2026|01|527010|015|08|WA|4719|EBA|01|51|1|003|100|CB|524119|019|A|02|||11|Uang Saku Harian|242|ORG|2|KEG|3|HR|0||1452|OH|97370|141381000|0
2026|01|527010|015|08|WA|4719|EBA|01|51|1|003|100|CC|521211|019|A||||1|KDM  Makan Rapat|150|ORG|2|KEG|4|PROV|0||1200|OK|57000|68400000|0
2026|01|527010|015|08|WA|4719|EBA|01|51|1|003|100|CC|521211|019|A||||2|KDM  Snack Rapat|150|ORG|2|KEG|4|PROV|0||1200|OK|24000|28800000|0
2026|01|527010|015|08|WA|4719|EBA|01|51|1|003|100|CC|521211|019|A||||3|CTK  Pendukung Kegiatan|100|ORG|2|KEG|4|PROV|0||800|OK|200000|160000000|0
2026|01|527010|015|08|WA|4719|EBA|01|51|1|003|100|CC|522151|019|A||||1|Honor Narsum Setara Es I|2|ORG|2|JAM|2|KEG|4|PRV|32|OJ|1400000|44800000|0
2026|01|527010|015|08|WA|4719|EBA|01|51|1|003|100|CC|522151|019|A||||2|Honor Narsum Setara Es II|2|ORG|2|JAM|2|KEG|4|PROV|32|OJ|1000000|32000000|0
2026|01|527010|015|08|WA|4719|EBA|01|51|1|003|100|CC|522191|019|A||||1|Provider Event Organizer|1|PKT|0||0||0||1|PKT|93484000|93484000|0
2026|01|527010|015|08|WA|4719|EBA|01|51|1|003|100|CC|524111|019|A||||1|Akomodasi|20|ORG|2|HR|2|KEG|4|PROV|320|OH|1872500|599200000|0
2026|01|527010|015|08|WA|4719|EBA|01|51|1|003|100|CC|524111|019|A||||2|Transportasi|20|ORG|2|KEG|4|PROV|0||160|OH|2771300|443408000|0
2026|01|527010|015|08|WA|4719|EBA|01|51|1|003|100|CC|524111|019|A||||3|Uang Harian|20|ORG|3|HR|2|KEG|4|PROV|480|OH|347536|166817000|0
2026|01|527010|015|08|WA|4719|EBA|01|51|1|003|100|CC|524111|019|A||||4|Uang Harian Kegiatan Penguatan Kelompok Kerja dan Pemda|100|ORG|3|HR|2|KEG|4|PROV|2400|OH|347536|834086000|0
2026|01|527010|015|08|WA|4719|EBA|01|51|1|003|100|CD|522151|019|A||||1|Honor Narsum Setara Menteri|4|ORG|2|JAM|2|KEG|0||16|OJ|1400000|22400000|0
2026|01|527010|015|08|WA|4719|EBA|01|51|1|003|100|CD|522151|019|A||||2|Honor Narsum Setara Es II|2|ORG|2|JAM|2|KEG|0||8|OJ|1000000|8000000|0
2026|01|527010|015|08|WA|4719|EBA|01|51|1|003|100|CD|522191|019|A||||1|Provider Event Organizer|1|PKT|2|KEG|0||0||2|PKT|100000000|200000000|0
2026|01|527010|015|08|WA|4719|EBA|01|51|1|003|100|CD|524111|019|A||||1|Akomodasi|10|ORG|2|HR|2|KEG|0||40|OH|632900|25316000|0
2026|01|527010|015|08|WA|4719|EBA|01|51|1|003|100|CD|524111|019|A||||2|Transportasi|10|ORG|2|KEG|0||0||20|OH|2996000|59920000|0
2026|01|527010|015|08|WA|4719|EBA|01|51|1|003|100|CD|524111|019|A||||3|Uang Harian|10|ORG|3|HR|2|KEG|0||60|OH|224700|13482000|0
2026|01|527010|015|08|WA|4719|EBA|01|51|1|003|100|CD|524119|019|A||||1|Akomodasi Pejabat|216|ORG|2|HR|2|KEG|0||864|OH|896554|774622000|0
2026|01|527010|015|08|WA|4719|EBA|01|51|1|003|100|CD|524119|019|A||||2|Transport Peserta Kanpus|30|ORG|2|KEG|0||0||60|OK|1498000|89880000|0
2026|01|527010|015|08|WA|4719|EBA|01|51|1|003|100|CD|524119|019|A||||3|Transport Peserta Pejabat Pusat|216|ORG|2|KEG|0||0||432|OK|2097408|906080000|0
2026|01|527010|015|08|WA|4719|EBA|01|51|1|003|100|CD|524119|019|A||||4|Uang Saku Harian|216|ORG|2|KEG|3|HR|0||1296|OH|97371|126192000|0
2026|01|527010|015|08|WA|4719|EBA|01|51|1|003|100|DA|521211|019|A||||1|Pendukung Kegiatan|0||0||0||0||1|PKT|200000000|200000000|0
2026|01|527010|015|08|WA|4719|EBA|01|51|1|003|100|DA|524111|019|A||||1|Akomodasi|60|ORG|2|HR|1|KEG|0||120|OH|799000|95880000|0
2026|01|527010|015|08|WA|4719|EBA|01|51|1|003|100|DA|524111|019|A||||2|Transportasi|60|ORG|1|KEG|0||0||60|OK|2950600|177036000|0
2026|01|527010|015|08|WA|4719|EBA|01|51|1|003|100|DA|524111|019|A||||3|Uang Harian|60|ORG|3|HR|1|KEG|0||180|OH|344000|61920000|0
2026|01|527010|015|08|WA|4719|EBA|01|51|1|003|100|DB|521211|019|A||||1|Belanja Bahan Pendukung Kegiatan|0||0||0||0||900|ORG|300000|270000000|0
2026|01|527010|015|08|WA|4719|EBA|01|51|1|003|100|DB|522191|019|A||||1|Jasa EO|0||0||0||0||3|PKT|200000000|600000000|0
2026|01|527010|015|08|WA|4719|EBA|01|51|1|003|100|DB|524119|019|A||||1|Uang harian Fullboard|350|ORG|4|HR|0||0||1400|OH|130000|182000000|0
2026|01|527010|015|08|WA|4719|EBA|01|51|1|003|100|DB|524119|019|A||||2|Biaya Paket Kegiatan RapatPertemuan Full Board di Luar Kantor  Pejabat Eselon III ke bawah (Jawa  Barat)|341|ORG|3|HR|0||0||1023|OP|1006000|1029138000|0
2026|01|527010|015|08|WA|4719|EBA|01|51|1|003|100|DB|524119|019|A||||3|Biaya Paket Kegiatan RapatPertemuan Full Board di Luar Kantor  Pejabat Eselon I  II (Jawa  Barat)|9|ORG|3|HR|0||0||27|OP|1199000|32373000|0
2026|01|527010|015|08|WA|4719|EBA|01|51|1|003|100|DB|524119|019|A||||4|Transport|350|ORG|1|KL|0||0||350|OK|1000000|350000000|0
2026|01|527010|015|08|WA|4719|EBA|01|51|1|004|100|AA|524111|019|A||||1| Uang Saku Harian|4|ORG|3|HR|2|LOK|0||24|OH|278959|6695000|0
2026|01|527010|015|08|WA|4719|EBA|01|51|1|004|100|AA|524111|019|A||||2|Transport|4|ORG|1|FREK|2|LOK|0||8|OF|1084875|8679000|0
2026|01|527010|015|08|WA|4719|EBA|01|51|1|004|100|AA|524111|019|A||||3|Akomodasi|4|ORG|2|HK|2|LOK|0||16|OH|542438|8679000|0
2026|01|527010|015|08|WA|4719|EBA|01|51|1|004|100|AB|521211|019|A||||1|KDM  Snack Rapat|20|ORG|2|FREK|0||0||40|OF|15125|605000|0
2026|01|527010|015|08|WA|4719|EBA|01|51|1|004|100|AB|521211|019|A||||2|KDM  Makan Rapat|20|ORG|2|FREK|0||0||40|OF|35900|1436000|0
2026|01|527010|015|08|WA|4719|EBA|01|51|1|004|100|AB|524111|019|A||||1|Akomodasi|2|ORG|2|HR|10|LOK|0||40|OH|539325|21573000|0
2026|01|527010|015|08|WA|4719|EBA|01|51|1|004|100|AB|524111|019|A||||2|Transport|2|ORG|1|FREK|10|LOK|0||20|OF|1356050|27121000|0
2026|01|527010|015|08|WA|4719|EBA|01|51|1|004|100|AB|524111|019|A||||3|Uang Saku Harian|2|ORG|3|HR|10|LOK|0||60|OH|309967|18598000|0
2026|01|527010|015|08|WA|4719|EBA|01|51|1|004|100|AC|522191|019|A||||1|Audit Surveillance ISO 90012015|1|PKT|1|KEG|0||0||1|PKT|164800000|164800000|0
2026|01|527010|015|08|WA|4719|EBA|01|51|1|004|100|AC|524111|019|A||||1|Akomodasi|2|ORG|2|HR|8|LOK|0||32|OH|539344|17259000|0
2026|01|527010|015|08|WA|4719|EBA|01|51|1|004|100|AC|524111|019|A||||2|Transport|2|ORG|1|FREK|8|LOK|0||16|OF|1359938|21759000|0
2026|01|527010|015|08|WA|4719|EBA|01|51|1|004|100|AC|524111|019|A||||3|Uang Saku Harian|2|ORG|3|HR|8|LOK|0||48|OH|309959|14878000|0
2026|01|527010|015|08|WA|4719|EBA|01|51|1|004|100|AD|524111|019|A||||1|Akomodasi|3|ORG|2|HR|1|LOK|0||6|OH|541667|3250000|0
2026|01|527010|015|08|WA|4719|EBA|01|51|1|004|100|AD|524111|019|A||||2|Transport|3|ORG|1|FREK|1|LOK|0||3|OF|2712000|8136000|0
2026|01|527010|015|08|WA|4719|EBA|01|51|1|004|100|AD|524111|019|A||||3|Uang Saku Harian|3|ORG|3|HR|1|LOK|0||9|OH|279000|2511000|0
2026|01|527010|015|08|WA|4719|EBA|01|51|1|006|100|EA|524111|019|A|01||1|1|Pendampingan Field Evaluation WBBM|0||0||0||0||0||0|0|0
2026|01|527010|015|08|WA|4719|EBA|01|51|1|006|100|EA|524111|019|A|01|||2|Akomodasi|1|ORG|2|HR|10|FREK|0||20|OF|426200|8524000|0
2026|01|527010|015|08|WA|4719|EBA|01|51|1|006|100|EA|524111|019|A|01|||3|Transport|1|ORG|10|FREK|0||0||10|OF|2712100|27121000|0
2026|01|527010|015|08|WA|4719|EBA|01|51|1|006|100|EA|524111|019|A|01|||4|Uang Harian|1|ORG|3|HR|10|FREK|0||30|OH|271200|8136000|0
2026|01|527010|015|08|WA|4719|EBA|01|51|1|006|100|EA|524111|019|A|02||1|5|Pendampingan Monev WBBM|0||0||0||0||0||0|0|0
2026|01|527010|015|08|WA|4719|EBA|01|51|1|006|100|EA|524111|019|A|02|||6|Akomodasi|1|ORG|2|HR|3|FR|0||6|OF|445500|2673000|0
2026|01|527010|015|08|WA|4719|EBA|01|51|1|006|100|EA|524111|019|A|02|||7|Transport|1|ORG|3|FR|0||0||3|OF|2789667|8369000|0
2026|01|527010|015|08|WA|4719|EBA|01|51|1|006|100|EA|524111|019|A|02|||8|Uang harian|1|ORG|3|HR|3|FR|0||9|OF|294445|2650000|0
2026|01|527010|015|08|WA|4719|EBA|01|51|1|006|100|EA|524111|019|A|03||1|9|Pendampingan Monev WBK Catatan Clearance|0||0||0||0||0||0|0|0
2026|01|527010|015|08|WA|4719|EBA|01|51|1|006|100|EA|524111|019|A|03|||10|Akomodasi|2|ORG|2|HR|2|FR|0||8|OF|426250|3410000|0
2026|01|527010|015|08|WA|4719|EBA|01|51|1|006|100|EA|524111|019|A|03|||11|Transport|2|ORG|2|FR|0||0||4|OF|2712250|10849000|0
2026|01|527010|015|08|WA|4719|EBA|01|51|1|006|100|EA|524111|019|A|03|||12|Uang harian|2|ORG|3|HR|2|FR|0||12|OH|271250|3255000|0
2026|01|527010|015|08|WA|4719|EBA|01|51|1|006|100|EA|524113|019|A||||1|Transport lokal dalam kota|2|ORG|1|HR|2|FREK|0||4|OK|131750|527000|0
2026|01|527010|015|08|WA|4719|EBA|01|51|1|007|100|EA|522191|019|A||||1|Belanja Jasa Sertifikasi|2|PKT|1|FREK|0||0||2|PKT|18160000|36320000|0
2026|01|527010|015|08|WA|4719|EBA|01|51|1|007|100|EA|524111|019|A||||1|Akomodasi|3|ORG|2|HR|3|FREK|0||18|OF|542445|9764000|0
2026|01|527010|015|08|WA|4719|EBA|01|51|1|007|100|EA|524111|019|A||||2|Transport|3|ORG|3|FREK|0||0||9|OF|2324667|20922000|0
2026|01|527010|015|08|WA|4719|EBA|01|51|1|007|100|EA|524111|019|A||||3|Uang Harian|3|ORG|3|HR|3|FREK|0||27|OH|271223|7323000|0
2026|01|527010|015|08|WA|4719|EBA|01|51|1|994|001|CA|511129|019|A||||1|Belanja Uang Makan PNS Gol.II|348|ORG|20|HR|12|BLN|0||83520|OH|35000|2923200000|0
2026|01|527010|015|08|WA|4719|EBA|01|51|1|994|001|CA|511129|019|A||||2|Belanja Uang Makan PNS Gol.III|420|ORG|20|HR|12|BLN|0||100800|OH|37000|3729600000|0
2026|01|527010|015|08|WA|4719|EBA|01|51|1|994|001|CA|511129|019|A||||3|Belanja Uang Makan PNS Gol.IV|86|ORG|20|HR|12|BLN|0||20640|OH|41000|846240000|0
2026|01|527010|015|08|WA|4719|EBA|01|51|1|994|001|CA|512211|019|A||||1|Uang Lembur Golongan II|375|ORG|2|JAM|6|HR|12|BLN|54000|OJ|21656|1169424000|0
2026|01|527010|015|08|WA|4719|EBA|01|51|1|994|001|CA|512211|019|A||||2|Uang Lembur Golongan III|463|ORG|2|JAM|8|HR|12|BLN|88896|OJ|27069|2406325000|0
2026|01|527010|015|08|WA|4719|EBA|01|51|1|994|001|CA|512211|019|A||||3|Uang Lembur Golongan IV|90|ORG|2|JAM|3|HR|12|BLN|6480|OJ|32483|210489000|0
2026|01|527010|015|08|WA|4719|EBA|01|51|1|994|001|CA|512211|019|A||||4|Uang Makan Lembur Golongan II|200|ORG|4|HR|12|BLN|0||9600|OH|31581|303177000|0
2026|01|527010|015|08|WA|4719|EBA|01|51|1|994|001|CA|512211|019|A||||5|Uang Makan Lembur Golongan III|298|ORG|4|HR|12|BLN|0||14304|OH|33385|477539000|0
2026|01|527010|015|08|WA|4719|EBA|01|51|1|994|001|CA|512211|019|A||||6|Uang Makan Lembur Golongan IV|101|ORG|4|HR|12|BLN|0||4848|OH|36994|179346000|0
2026|01|527010|015|08|WA|4719|EBA|01|51|1|994|001|CB|511611|019|A||||1|Gaji Pokok PPPK|57|ORG|14|BLN|0||0||798|OB|3008501|2400783000|0
2026|01|527010|015|08|WA|4719|EBA|01|51|1|994|001|CB|511619|019|A||||1|Pembulatan Gaji PPPK|50|ORG|1|THN|0||0||50|OB|11960|598000|0
2026|01|527010|015|08|WA|4719|EBA|01|51|1|994|001|CB|511621|019|A||||1|Tunjangan SuamiIstri PPPK|23|ORG|14|BLN|0||0||322|OB|300850|96874000|0
2026|01|527010|015|08|WA|4719|EBA|01|51|1|994|001|CB|511622|019|A||||1|Tunjangan Anak PPPK|20|ORG|14|BLN|0||0||280|OB|60175|16849000|0
2026|01|527010|015|08|WA|4719|EBA|01|51|1|994|001|CB|511624|019|A||||1|Tunjangan Fungsional PPPK|57|ORG|14|BLN|0||0||798|OB|507115|404677000|0
2026|01|527010|015|08|WA|4719|EBA|01|51|1|994|001|CB|511625|019|A||||1| Tunjangan Beras PPPK|101|ORG|14|BLN|0||0||1414|OB|67615|95608000|0
2026|01|527010|015|08|WA|4719|EBA|01|51|1|994|001|CB|511628|019|A||||1|Belanja Uang Makan PPPK|57|ORG|20|HR|12|BLN|0||13680|OH|34747|475338000|0
2026|01|527010|015|08|WA|4719|EBA|01|51|1|994|001|CB|511632|019|A||||1|Tunjangan Papua PPPK|2|ORG|14|BLN|0||0||28|OB|399118|11175000|0
2026|01|527010|015|08|WA|4719|EBA|01|51|1|994|001|CB|512212|019|A||||1|Uang Lembur Golongan III|57|ORG|2|JAM|4|HR|12|BLN|5472|OJ|25420|139098000|0
2026|01|527010|015|08|WA|4719|EBA|01|51|1|994|001|CB|512212|019|A||||2|Uang Makan Lembur Golongan III|57|ORG|4|HR|12|BLN|0||2736|OH|31352|85779000|0
2026|01|527010|015|08|WA|4719|EBC|01|51|1|001|100|BA|521211|019|A|01||1|1|Pelaksanaan Kegiatan Assessment Center|0||0||0||0||0||0|0|0
2026|01|527010|015|08|WA|4719|EBC|01|51|1|001|100|BA|521211|019|A|01|||2|KDM  Makan Rapat|10|ORG|10|FREK|1|HARI|0||100|OHF|35910|3591000|0
2026|01|527010|015|08|WA|4719|EBC|01|51|1|001|100|BA|521211|019|A|01|||3|KDM  Snack Rapat|10|ORG|10|FREK|1|HARI|0||100|OHF|15120|1512000|0
2026|01|527010|015|08|WA|4719|EBC|01|51|1|001|100|BA|521211|019|A|01|||4|CTK  Biaya Bahan Pendukung|10|UNIT|1|FREK|0||0||10|UF|181100|1811000|0
2026|01|527010|015|08|WA|4719|EBC|01|51|1|001|100|BA|521211|019|A|02||1|5|Pelaksanaan Kegiatan Perencanaan Strategis SDM|0||0||0||0||0||0|0|0
2026|01|527010|015|08|WA|4719|EBC|01|51|1|001|100|BA|521211|019|A|02|||6|KDM  Makan Rapat|10|ORG|10|FREK|1|HARI|0||100|OHF|35910|3591000|0
2026|01|527010|015|08|WA|4719|EBC|01|51|1|001|100|BA|521211|019|A|02|||7|KDM  Snack Rapat|10|ORG|10|FREK|1|HARI|0||100|OHF|15120|1512000|0
2026|01|527010|015|08|WA|4719|EBC|01|51|1|001|100|BA|521211|019|A|02|||8|CTK  Biaya Bahan Pendukung|10|UNIT|1|FREK|0||0||10|UF|217300|2173000|0
2026|01|527010|015|08|WA|4719|EBC|01|51|1|001|100|BA|522131|019|A||||1|1. Pengadaan Jasa Evaluasi Potensi Talent Tertentu|25|ORG|1|PKT|0||0||25|OP|1000000|25000000|0
2026|01|527010|015|08|WA|4719|EBC|01|51|1|001|100|BA|522151|019|A|01||1|1|Pelaksanaan Kegiatan Assessment Center|0||0||0||0||0||0|0|0
2026|01|527010|015|08|WA|4719|EBC|01|51|1|001|100|BA|522151|019|A|01|||2|1. Honorarium Associate Assessor Kegiatan ReAssessment Center|953|ORG|1|JAM|0||0||953|OJ|748000|712844000|0
2026|01|527010|015|08|WA|4719|EBC|01|51|1|001|100|BA|522151|019|A|01|||3|2. Honorarium Associate Assessor  Assessor Meeting|955|ORG|1|JAM|0||0||955|OJ|264000|252120000|0
2026|01|527010|015|08|WA|4719|EBC|01|51|1|001|100|BA|522151|019|A|02||1|4|Pelaksanaan Kegiatan Perencanaan Strategis SDM|0||0||0||0||0||0|0|0
2026|01|527010|015|08|WA|4719|EBC|01|51|1|001|100|BA|522151|019|A|02|||5|1. Honorarium Narasumber|3|ORG|3|FREK|1|JAM|0||9|OJ|703112|6328000|0
2026|01|527010|015|08|WA|4719|EBC|01|51|1|001|100|BA|524111|019|A|01||1|1|Pelaksanaan Kegiatan Assessment Center|0||0||0||0||0||0|0|0
2026|01|527010|015|08|WA|4719|EBC|01|51|1|001|100|BA|524111|019|A|01|||2|1. Biaya Transportasi  Assessment Center|5|ORG|3|FREK|0||0||15|OF|1472334|22085000|0
2026|01|527010|015|08|WA|4719|EBC|01|51|1|001|100|BA|524111|019|A|01|||3|2. Biaya Uang Saku Assessment Center|5|ORG|3|FREK|3|HARI|0||45|OF|232467|10461000|0
2026|01|527010|015|08|WA|4719|EBC|01|51|1|001|100|BA|524111|019|A|01|||4|3. Biaya Akomodasi Assessment Center|5|ORG|3|FREK|2|MLM|0||30|OF|387434|11623000|0
2026|01|527010|015|08|WA|4719|EBC|01|51|1|001|100|BA|524111|019|A|02||1|5|Pelaksanaan Kegiatan Perencanaan Strategis SDM|0||0||0||0||0||0|0|0
2026|01|527010|015|08|WA|4719|EBC|01|51|1|001|100|BA|524111|019|A|02|||6|1. Biaya Transportasi Program Perencanaan Strategis|2|ORG|2|FREK|0||0||4|OF|1472250|5889000|0
2026|01|527010|015|08|WA|4719|EBC|01|51|1|001|100|BA|524111|019|A|02|||7|2. Biaya Uang Saku Program Perencanaan Strategis|2|ORG|2|FREK|3|HARI|0||12|OF|232500|2790000|0
2026|01|527010|015|08|WA|4719|EBC|01|51|1|001|100|BA|524111|019|A|02|||8|3. Biaya Akomodasi Program Perencanaan Strategis|2|ORG|2|FREK|2|MLM|0||8|OF|387500|3100000|0
2026|01|527010|015|08|WA|4719|EBC|01|51|1|001|100|BA|524113|019|A||||1|1. Transport Lokal Peserta Kegiatan Assessment Center|10|ORG|1|KEG|0||0||10|OK|116200|1162000|0
2026|01|527010|015|08|WA|4719|EBC|01|51|1|001|100|BA|524113|019|A||||2|2. Uang Saku Peserta Kegiatan Assessment Center|10|ORG|1|FREK|0||0||10|OF|116200|1162000|0
2026|01|527010|015|08|WA|4719|EBC|01|51|1|001|100|BB|521211|019|A|01||1|1|Pelaksanaan Kegiatan Manajemen Talenta|0||0||0||0||0||0|0|0
2026|01|527010|015|08|WA|4719|EBC|01|51|1|001|100|BB|521211|019|A|01|||2|KDM  Makan Rapat|10|ORG|10|FREK|1|HARI|0||100|OF|35910|3591000|0
2026|01|527010|015|08|WA|4719|EBC|01|51|1|001|100|BB|521211|019|A|01|||3|KDM  Snack Rapat|10|ORG|10|FREK|1|HARI|0||100|OF|15120|1512000|0
2026|01|527010|015|08|WA|4719|EBC|01|51|1|001|100|BB|521211|019|A|01|||4|3. Biaya Bahan Pendukung|20|ORG|2|FREK|0||0||40|OF|275625|11025000|0
2026|01|527010|015|08|WA|4719|EBC|01|51|1|001|100|BB|521211|019|A|02||1|5|Pelaksanaan Kegiatan Treasury HR Forum|0||0||0||0||0||0|0|0
2026|01|527010|015|08|WA|4719|EBC|01|51|1|001|100|BB|521211|019|A|02|||6|CTK  Biaya Bahan Pendukung Kegiatan HR Forum|20|ORG|1|FREK|0||0||20|OF|157500|3150000|0
2026|01|527010|015|08|WA|4719|EBC|01|51|1|001|100|BB|522151|019|A||||1|1. Honorarium Narasumber|2|ORG|2|FREK|2|JAM|0||8|OJ|792000|6336000|0
2026|01|527010|015|08|WA|4719|EBC|01|51|1|001|100|BB|522191|019|A||||1|1. Biaya Jasa Lainnya Kegiatan Treasury HR Forum|1|PKT|1|FREK|0||0||1|PF|40000000|40000000|0
2026|01|527010|015|08|WA|4719|EBC|01|51|1|001|100|BB|524111|019|A||||1|1. Biaya Transportasi Pelaksanaan Manajemen Talenta|3|ORG|4|FREK|0||0||12|OF|1549834|18598000|0
2026|01|527010|015|08|WA|4719|EBC|01|51|1|001|100|BB|524111|019|A||||2|2. Biaya Uang Saku Pelaksanaan Manajemen Talenta|3|ORG|4|FREK|3|HARI|0||36|OF|232473|8369000|0
2026|01|527010|015|08|WA|4719|EBC|01|51|1|001|100|BB|524111|019|A||||3|3. Biaya Akomodasi Pelaksanaan Manajemen Talenta|3|ORG|4|FREK|2|MLM|0||24|OF|426209|10229000|0
2026|01|527010|015|08|WA|4719|EBC|01|51|1|001|100|BB|524119|019|A|01||1|1|Pelaksanaan Kegiatan Treasury HR Forum|0||0||0||0||0||0|0|0
2026|01|527010|015|08|WA|4719|EBC|01|51|1|001|100|BB|524119|019|A|01|||2|1. Biaya Transportasi Panitia dan Peserta|25|ORG|1|FREK|0||0||25|OF|218520|5463000|0
2026|01|527010|015|08|WA|4719|EBC|01|51|1|001|100|BB|524119|019|A|01|||3|2. Biaya Uang Saku Panitia dan Peserta|25|ORG|1|FREK|3|HARI|0||75|OH|100734|7555000|0
2026|01|527010|015|08|WA|4719|EBC|01|51|1|001|100|BB|524119|019|A|01|||4|3. Biaya Akomodasi Panitia dan Peserta|25|ORG|1|FREK|3|HARI|0||75|OF|464934|34870000|0
2026|01|527010|015|08|WA|4719|EBC|01|51|1|001|100|BC|521211|019|A|01||1|1|Kegiatan Persiapan Penilaian KPPc dan PUG|0||0||0||0||0||0|0|0
2026|01|527010|015|08|WA|4719|EBC|01|51|1|001|100|BC|521211|019|A|01|||2|KDM  Makan Rapat|20|ORG|1|FREK|0|0|0||20|OF|35900|718000|0
2026|01|527010|015|08|WA|4719|EBC|01|51|1|001|100|BC|521211|019|A|01|||3|KDM  Snack Rapat|20|ORG|1|FREK|0|0|0||20|OF|15100|302000|0
2026|01|527010|015|08|WA|4719|EBC|01|51|1|001|100|BC|521211|019|A|02||1|4|Kegiatan TLounge dan BiOn SDM|0||0||0||0||0||0|0|0
2026|01|527010|015|08|WA|4719|EBC|01|51|1|001|100|BC|521211|019|A|02|||5|KDM  Makan Rapat|30|ORG|5|FREK|0|0|0||150|OF|35907|5386000|0
2026|01|527010|015|08|WA|4719|EBC|01|51|1|001|100|BC|521211|019|A|02|||6|KDM  Snack Rapat|30|ORG|5|FREK|0|0|0||150|OF|15120|2268000|0
2026|01|527010|015|08|WA|4719|EBC|01|51|1|001|100|BC|521211|019|A|02|||7|CTK  Bahan Dukung Kegiatan TLounge dan BiOn SDM|2|UNIT|5|FREK|0||0||10|UF|346500|3465000|0
2026|01|527010|015|08|WA|4719|EBC|01|51|1|001|100|BC|521211|019|A|03||1|8|Workshop ISO|0||0||0||0||0||0|0|0
2026|01|527010|015|08|WA|4719|EBC|01|51|1|001|100|BC|521211|019|A|03|||9|KDM  Makan Rapat|25|ORG|2|FREK|10|HARI|0||500|UF|35910|17955000|0
2026|01|527010|015|08|WA|4719|EBC|01|51|1|001|100|BC|521211|019|A|03|||10|KDM  Snack Rapat|25|ORG|2|FREK|10|HARI|0||500|UF|13860|6930000|0
2026|01|527010|015|08|WA|4719|EBC|01|51|1|001|100|BC|521211|019|A|04||1|11|Kegiatan Treasury Wellbeing Program|0||0||0||0||0||0|0|0
2026|01|527010|015|08|WA|4719|EBC|01|51|1|001|100|BC|521211|019|A|04|||12|KDM  Makan Rapat|30|ORG|2|HARI|4|FREK|0||240|OF|35909|8618000|0
2026|01|527010|015|08|WA|4719|EBC|01|51|1|001|100|BC|521211|019|A|04|||13|KDM  Snack Rapat|30|ORG|2|HARI|4|FREK|0||240|OF|13859|3326000|0
2026|01|527010|015|08|WA|4719|EBC|01|51|1|001|100|BC|521211|019|A|05||1|14|Sharing Session Dukungan Pimpinan dan Keprotokolan|0||0||0||0||0||0|0|0
2026|01|527010|015|08|WA|4719|EBC|01|51|1|001|100|BC|521211|019|A|05|||15|KDM  Makan Rapat|50|ORG|1|HARI|12|FREK|0||600|OF|35910|21546000|0
2026|01|527010|015|08|WA|4719|EBC|01|51|1|001|100|BC|521211|019|A|05|||16|KDM  Snack Rapat|50|ORG|1|HARI|12|FREK|0||600|OF|13860|8316000|0
2026|01|527010|015|08|WA|4719|EBC|01|51|1|001|100|BC|521211|019|A|06||1|17|Induksi dan Orientasi Peserta dan Panitia|0||0||0||0||0||0|0|0
2026|01|527010|015|08|WA|4719|EBC|01|51|1|001|100|BC|521211|019|A|06|||18|KDM  Makan Rapat|50|ORG|1|HARI|12|FREK|0||600|OF|35910|21546000|0
2026|01|527010|015|08|WA|4719|EBC|01|51|1|001|100|BC|521211|019|A|06|||19|KDM  Snack Rapat|50|ORG|1|HARI|12|FREK|0||600|OF|13860|8316000|0
2026|01|527010|015|08|WA|4719|EBC|01|51|1|001|100|BC|521211|019|A|07||1|20|Kegiatan Workshop Eksternal|0||0||0||0||0||0|0|0
2026|01|527010|015|08|WA|4719|EBC|01|51|1|001|100|BC|521211|019|A|07|||21|CTK  Bahan Dukung Kegiatan Workshop Eksternal|12|UNIT|1|FREK|0||0||12|UF|157500|1890000|0
2026|01|527010|015|08|WA|4719|EBC|01|51|1|001|100|BC|522151|019|A||||1|Honor Narasumber Kegiatan TLounge dan BiOn SDM|1|ORG|3|JAM|6|FREK|0||18|OJ|792000|14256000|0
2026|01|527010|015|08|WA|4719|EBC|01|51|1|001|100|BC|522151|019|A||||2|Honor Narasumber Kegiatan Talent Beasiswa|1|ORG|2|JAM|5|FREK|0||10|OJ|792000|7920000|0
2026|01|527010|015|08|WA|4719|EBC|01|51|1|001|100|BC|522151|019|A||||3|Honor Narasumber Kegiatan Workshop Auditor Internal ISO|3|ORG|15|JAM|2|FREK|0||90|OJ|792000|71280000|0
2026|01|527010|015|08|WA|4719|EBC|01|51|1|001|100|BC|522151|019|A||||4|Honor Narasumber Kegiatan Treasury Wellbeing Program|7|ORG|2|JAM|2|FREK|0||28|OJ|792000|22176000|0
2026|01|527010|015|08|WA|4719|EBC|01|51|1|001|100|BC|522151|019|A||||5|Honor Narsumber Training Impact Analysis|1|ORG|8|JAM|0||0||8|OJ|792000|6336000|0
2026|01|527010|015|08|WA|4719|EBC|01|51|1|001|100|BC|522191|019|A||||1|Biaya Jasa Provider Program Induksi dan Orientasi|1|PKT|1|FREK|0||0||1|PF|58954000|58954000|0
2026|01|527010|015|08|WA|4719|EBC|01|51|1|001|100|BC|522191|019|A||||2|Biaya Jasa Provider Pembekalan Pejabat Administrator dan Pengawas|1|PKT|1|FREK|0||0||1|PF|28740000|28740000|0
2026|01|527010|015|08|WA|4719|EBC|01|51|1|001|100|BC|522191|019|A||||3|Biaya Jasa Provider Kegiatan Treasury Wellbeing Program|1|PKT|1|FREK|0||0||1|PF|200000000|200000000|0
2026|01|527010|015|08|WA|4719|EBC|01|51|1|001|100|BC|524111|019|A|01||1|1|Diklatpim III dan IV|0||0||0||0||0||0|0|0
2026|01|527010|015|08|WA|4719|EBC|01|51|1|001|100|BC|524111|019|A|01|||2|1. Biaya Perjalanan Dinas Peserta Diklatpim IV|12|ORG|1|FREK|0||0||12|OF|3099584|37195000|0
2026|01|527010|015|08|WA|4719|EBC|01|51|1|001|100|BC|524111|019|A|01|||3|2. Biaya Uang Saku Peserta Diklatpim IV|12|ORG|5|HARI|0||0||60|OF|100734|6044000|0
2026|01|527010|015|08|WA|4719|EBC|01|51|1|001|100|BC|524111|019|A|01|||4|3. Biaya Perjalanan Dinas Peserta DIklatpim III|12|ORG|1|FREK|0||0||12|OF|3099584|37195000|0
2026|01|527010|015|08|WA|4719|EBC|01|51|1|001|100|BC|524111|019|A|01|||5|4. Biaya Uang Saku Peserta Diklatpim III|12|ORG|5|HARI|0||0||60|OF|100734|6044000|0
2026|01|527010|015|08|WA|4719|EBC|01|51|1|001|100|BC|524111|019|A|02||1|6|Pelatihan, Pembelajaran, dan Diklat Pegawai|0||0||0||0||0||0|0|0
2026|01|527010|015|08|WA|4719|EBC|01|51|1|001|100|BC|524111|019|A|02|||7|1. Biaya Perjalanan Dinas Peserta Pembelajaran INCRIMA Modul Risk Management|25|ORG|1|FREK|0||0||25|OF|1239840|30996000|0
2026|01|527010|015|08|WA|4719|EBC|01|51|1|001|100|BC|524111|019|A|02|||8|2. Biaya Uang Saku Peserta Pembelajaran INCRIMA Modul Risk Management|25|ORG|5|HARI|0||0||125|OH|39672|4959000|0
2026|01|527010|015|08|WA|4719|EBC|01|51|1|001|100|BC|524111|019|A|02|||9|5. Biaya Perjalanan Dinas Peserta Pembelajaran Penyusunan Laporan Keuangan LKPP dan LKBUN|25|ORG|1|FREK|0||0||25|OF|1239840|30996000|0
2026|01|527010|015|08|WA|4719|EBC|01|51|1|001|100|BC|524111|019|A|02|||10|6. Biaya Uang Saku Peserta Pembelajaran Penyusunan Laporan Keuangan LKPP dan LKBUN|25|ORG|5|HARI|0||0||125|OH|39672|4959000|0
2026|01|527010|015|08|WA|4719|EBC|01|51|1|001|100|BC|524111|019|A|02|||11|7. Biaya Perjalanan Dinas Peserta Pembelajaran Asistensi Pembinaan BLUD|25|ORG|1|FREK|0||0||25|OF|1239840|30996000|0
2026|01|527010|015|08|WA|4719|EBC|01|51|1|001|100|BC|524111|019|A|02|||12|8. Biaya Uang Saku Peserta Pembelajaran Asistensi Pembinaan BLUD|25|ORG|5|HARI|0||0||125|OH|39672|4959000|0
2026|01|527010|015|08|WA|4719|EBC|01|51|1|001|100|BC|524111|019|A|02|||13|9. Biaya Perjalanan Dinas Peserta Pembelajaran Penguatan Pengelolaan Keuangan Daerah|25|ORG|1|FREK|0||0||25|OF|1239840|30996000|0
2026|01|527010|015|08|WA|4719|EBC|01|51|1|001|100|BC|524111|019|A|02|||14|10. Biaya Uang Saku Peserta Pembelajaran Penguatan Pengelolaan Keuangan Daerah|25|ORG|5|HARI|0||0||125|OH|39672|4959000|0
2026|01|527010|015|08|WA|4719|EBC|01|51|1|001|100|BC|524111|019|A|02|||15|11. Biaya Perjalanan Dinas Peserta Pembelajaran Persiapan Pengadaan BarangJasa Pemerintah|20|ORG|1|FREK|0||0||20|OH|1239850|24797000|0
2026|01|527010|015|08|WA|4719|EBC|01|51|1|001|100|BC|524111|019|A|02|||16|12. Biaya Uang Saku Peserta Pembelajaran Persiapan Pengadaan BarangJasa Pemerintah|20|ORG|5|HARI|0||0||100|OH|39670|3967000|0
2026|01|527010|015|08|WA|4719|EBC|01|51|1|001|100|BC|524111|019|A|02|||17|13. Biaya Perjalanan Dinas Peserta Pembelajaran Pelaporan keuangan daerah|25|ORG|1|FREK|0||0||25|OF|1239840|30996000|0
2026|01|527010|015|08|WA|4719|EBC|01|51|1|001|100|BC|524111|019|A|02|||18|14. Biaya Uang Saku Peserta Pembelajaran Pelaporan keuangan daerah|25|ORG|5|HARI|0||0||125|OH|39672|4959000|0
2026|01|527010|015|08|WA|4719|EBC|01|51|1|001|100|BC|524111|019|A|02|||19|15. Biaya Perjalanan Dinas Peserta Pembelajaran Pengelolaan BLU SMART|25|ORG|1|FREK|0||0||25|OF|1239840|30996000|0
2026|01|527010|015|08|WA|4719|EBC|01|51|1|001|100|BC|524111|019|A|02|||20|16. Biaya Uang Saku Peserta Pembelajaran Pengelolaan BLU SMART|25|ORG|5|HARI|0||0||125|OH|39672|4959000|0
2026|01|527010|015|08|WA|4719|EBC|01|51|1|001|100|BC|524111|019|A|02|||21|17. Biaya Perjalanan Dinas Peserta Pembelajaran Impact Analysis lanjutan|25|ORG|1|FREK|0||0||25|OF|1239840|30996000|0
2026|01|527010|015|08|WA|4719|EBC|01|51|1|001|100|BC|524111|019|A|02|||22|18. Biaya Uang Saku Peserta Pembelajaran Impact Analysis lanjutan|25|ORG|5|HARI|0||0||125|OH|39672|4959000|0
2026|01|527010|015|08|WA|4719|EBC|01|51|1|001|100|BC|524111|019|A|02|||23|19. Biaya Perjalanan Dinas Peserta Pembelajaran Penyusunan Laporan Keuangan GFS|25|ORG|1|FREK|0||0||25|OF|1239840|30996000|0
2026|01|527010|015|08|WA|4719|EBC|01|51|1|001|100|BC|524111|019|A|02|||24|20. Biaya Uang Saku Peserta Pembelajaran Penyusunan Laporan Keuangan GFS|25|ORG|5|HARI|0||0||125|OH|39672|4959000|0
2026|01|527010|015|08|WA|4719|EBC|01|51|1|001|100|BC|524111|019|A|02|||25|21. Biaya Perjalanan Dinas Peserta Pembelajaran Operasionalisasi Strategi Komunikasi DJPb|25|ORG|1|FREK|0||0||25|OF|1239840|30996000|0
2026|01|527010|015|08|WA|4719|EBC|01|51|1|001|100|BC|524111|019|A|02|||26|22. Biaya Uang Saku Peserta Pembelajaran Operasionalisasi Strategi Komunikasi DJPb|25|ORG|5|HARI|0||0||125|OF|39672|4959000|0
2026|01|527010|015|08|WA|4719|EBC|01|51|1|001|100|BC|524111|019|A|03||1|27|DTU Pegawai Baru Tahun 2025|0||0||0||0||0||0|0|0
2026|01|527010|015|08|WA|4719|EBC|01|51|1|001|100|BC|524111|019|A|03|||28|1. Biaya Perjalanan Dinas Peserta|38|ORG|1|FREK|0||0||38|OF|1394816|53003000|0
2026|01|527010|015|08|WA|4719|EBC|01|51|1|001|100|BC|524111|019|A|03|||29|2. Biaya Uang Saku Peserta|38|ORG|10|HARI|0||0||380|OH|39674|15076000|0
2026|01|527010|015|08|WA|4719|EBC|01|51|1|001|100|BC|524111|019|A|04||1|30|Pelatihan Penguatan Karakter 2025|0||0||0||0||0||0|0|0
2026|01|527010|015|08|WA|4719|EBC|01|51|1|001|100|BC|524111|019|A|04|||31|1. Biaya Perjalanan Dinas Peserta Pelatihan Penguatan Karakter 2025|40|ORG|1|FREK|0||0||40|OF|1239850|49594000|0
2026|01|527010|015|08|WA|4719|EBC|01|51|1|001|100|BC|524111|019|A|04|||32|2. Biaya Uang Saku Peserta Pelatihan Penguatan Karakter 2025|40|ORG|5|HARI|0||0||200|OH|39675|7935000|0
2026|01|527010|015|08|WA|4719|EBC|01|51|1|001|100|BC|524111|019|A|05||1|33|Ujian Dinas (UD) Tahun 2025|0||0||0||0||0||0|0|0
2026|01|527010|015|08|WA|4719|EBC|01|51|1|001|100|BC|524111|019|A|05|||34|1. Biaya Perjalanan Dinas Peserta Ujian Dinas Tahun 2025|40|ORG|1|FREK|0||0||40|OF|619925|24797000|0
2026|01|527010|015|08|WA|4719|EBC|01|51|1|001|100|BC|524111|019|A|06||1|35|Ujian Penyesuaian Kenaikan Pangkat (UPKP) Tahun 2025|0||0||0||0||0||0|0|0
2026|01|527010|015|08|WA|4719|EBC|01|51|1|001|100|BC|524111|019|A|06|||36|1. Biaya Perjalanan Dinas Peserta Ujian Penyesuaian Kenaikan Pangkat (UPKP) Tahun 2025|40|ORG|1|FREK|0||0||40|OF|619925|24797000|0
2026|01|527010|015|08|WA|4719|EBC|01|51|1|001|100|BC|524111|019|A|07||1|37|Implementasi Learning Organization|0||0||0||0||0||0|0|0
2026|01|527010|015|08|WA|4719|EBC|01|51|1|001|100|BC|524111|019|A|07|||38|28. Transport dalam rangka Implementasi Learning Organization|30|ORG|1|FREK|0||0||30|OF|1239834|37195000|0
2026|01|527010|015|08|WA|4719|EBC|01|51|1|001|100|BC|524111|019|A|07|||39|29. Uang Saku dalam rangka Implementasi Learning Organization|30|ORG|1|FREK|3|HARI|0||90|OF|123989|11159000|0
2026|01|527010|015|08|WA|4719|EBC|01|51|1|001|100|BC|524111|019|A|07|||40|30. Akomodasi dalam rangka Implementasi Learning Organization|30|ORG|1|FREK|2|HARI|0||60|OF|154984|9299000|0
2026|01|527010|015|08|WA|4719|EBC|01|51|1|001|100|BC|524111|019|A|08||1|41|Kegiatan Service Excellent|0||0||0||0||0||0|0|0
2026|01|527010|015|08|WA|4719|EBC|01|51|1|001|100|BC|524111|019|A|08|||42|31. Transport dalam rangka Kegiatan Service Excellent|15|ORG|1|FREK|0||0||15|OF|1239867|18598000|0
2026|01|527010|015|08|WA|4719|EBC|01|51|1|001|100|BC|524111|019|A|08|||43|32. Uang Saku dalam rangka Kegiatan Service Excellent|15|ORG|1|FREK|3|HARI|0||45|OF|123978|5579000|0
2026|01|527010|015|08|WA|4719|EBC|01|51|1|001|100|BC|524111|019|A|08|||44|33. Akomodasi dalam rangka Kegiatan Service Excellent|15|ORG|1|FREK|2|HARI|0||30|OF|154967|4649000|0
2026|01|527010|015|08|WA|4719|EBC|01|51|1|001|100|BC|524111|019|A|09||1|45|Treasury Wellbeing Program|0||0||0||0||0||0|0|0
2026|01|527010|015|08|WA|4719|EBC|01|51|1|001|100|BC|524111|019|A|09|||46|1. Transport dalam rangka Kegiatan TWP|4|ORG|4|FREK|3|LOK|0||48|OF|1239834|59512000|0
2026|01|527010|015|08|WA|4719|EBC|01|51|1|001|100|BC|524111|019|A|09|||47|2. Uang Saku dalam rangka Kegiatan TWP|4|ORG|4|FREK|3|HARI|0||48|OH|154980|7439000|0
2026|01|527010|015|08|WA|4719|EBC|01|51|1|001|100|BC|524111|019|A|09|||48|3. Akomodasi dalam rangka Kegiatan TWP|4|ORG|4|FREK|2|HARI|0||32|OF|309969|9919000|0
2026|01|527010|015|08|WA|4719|EBC|01|51|1|001|100|BC|524111|019|A|10||1|49|Training Impact Analysis|0||0||0||0||0||0|0|0
2026|01|527010|015|08|WA|4719|EBC|01|51|1|001|100|BC|524111|019|A|10|||50|1. Transport dalam rangka Kegiatan TIA|15|ORG|1|FREK|0||0||15|OF|1239867|18598000|0
2026|01|527010|015|08|WA|4719|EBC|01|51|1|001|100|BC|524111|019|A|10|||51|2. Uang Saku dalam rangka Kegiatan TIA|15|ORG|1|FREK|3|HARI|0||45|OF|123978|5579000|0
2026|01|527010|015|08|WA|4719|EBC|01|51|1|001|100|BC|524111|019|A|10|||52|3. Akomodasi dalam rangka Kegiatan TIA|15|ORG|1|FREK|2|HARI|0||30|OF|154967|4649000|0
2026|01|527010|015|08|WA|4719|EBC|01|51|1|001|100|BC|524111|019|A|11||1|53|Secondment Penguatan Kapasitas dan Kompetensi RCE|0||0||0||0||0||0|0|0
2026|01|527010|015|08|WA|4719|EBC|01|51|1|001|100|BC|524111|019|A|11|||54|1. Biaya Perjalanan Dinas Peserta|4|ORG|1|FREK|6|LOK|0||24|OF|1239834|29756000|0
2026|01|527010|015|08|WA|4719|EBC|01|51|1|001|100|BC|524111|019|A|11|||55|2. Biaya Uang Saku Peserta Secondment Penguatan Kapasitas dan Kompetensi RCE|4|ORG|13|HR|0||0||52|OF|123981|6447000|0
2026|01|527010|015|08|WA|4719|EBC|01|51|1|001|100|BC|524111|019|A|11|||56|3. Akomodasi dalam rangka Secondment Penguatan Kapasitas dan Kompetensi RCE|4|ORG|12|HR|6|LOK|0||288|OF|154980|44634000|0
2026|01|527010|015|08|WA|4719|EBC|01|51|1|001|100|BC|524111|019|A|12||1|57|Pengembangan Kompetensi Berbasis Komunitas|0||0||0||0||0||0|0|0
2026|01|527010|015|08|WA|4719|EBC|01|51|1|001|100|BC|524111|019|A|12|||58|1. Biaya Perjalanan Dinas Peserta Pengembangan Kompetensi Berbasis Komunitas|40|ORG|1|FREK|0||0||40|OF|619925|24797000|0
2026|01|527010|015|08|WA|4719|EBC|01|51|1|001|100|BC|524111|019|A|12|||59|2. Biaya Uang Saku Peserta Pengembangan Kompetensi Berbasis Komunitas|40|ORG|5|HR|0||0||200|OH|39675|7935000|0
2026|01|527010|015|08|WA|4719|EBC|01|51|1|001|100|BC|524111|019|A|13||1|60|Pembelajaran DJPb X BPPK|0||0||0||0||0||0|0|0
2026|01|527010|015|08|WA|4719|EBC|01|51|1|001|100|BC|524111|019|A|13|||61|1. Biaya Perjalanan Dinas Peserta Pembelajaran DJPb X BPPK|25|ORG|1|FREK|0||0||25|OF|1239840|30996000|0
2026|01|527010|015|08|WA|4719|EBC|01|51|1|001|100|BC|524111|019|A|13|||62|2. Biaya Uang Saku Peserta Pembelajaran DJPb X BPPK|25|ORG|5|HARI|0||0||125|OH|39672|4959000|0
2026|01|527010|015|08|WA|4719|EBC|01|51|1|001|100|BC|524113|019|A|01||1|1|Bimtek Pengembangan Kompetensi|0||0||0||0||0||0|0|0
2026|01|527010|015|08|WA|4719|EBC|01|51|1|001|100|BC|524113|019|A|01|||2|1. Transport Lokal Peserta Bimtek Pengembangan Kompetensi|250|ORG|1|KEG|0||0||250|OK|46492|11623000|0
2026|01|527010|015|08|WA|4719|EBC|01|51|1|001|100|BC|524113|019|A|01|||3|2. Uang saku Peserta Bimtek Peningkatan Kompetensi|250|ORG|1|FREK|5|HARI|0||1250|OF|49594|61992000|0
2026|01|527010|015|08|WA|4719|EBC|01|51|1|001|100|BC|524113|019|A|02||1|4|Pelatihan Penguatan Karakter 2025|0||0||0||0||0||0|0|0
2026|01|527010|015|08|WA|4719|EBC|01|51|1|001|100|BC|524113|019|A|02|||5|1. Biaya Perjalanan Dinas Peserta Pelatihan Penguatan Karakter 2025|60|ORG|1|FREK|0||0||60|OF|46500|2790000|0
2026|01|527010|015|08|WA|4719|EBC|01|51|1|001|100|BC|524113|019|A|02|||6|2. Biaya Uang Saku Peserta Pelatihan Penguatan Karakter 2025|60|ORG|5|HARI|0||0||300|OH|39674|11902000|0
2026|01|527010|015|08|WA|4719|EBC|01|51|1|001|100|BC|524113|019|A|03||1|7|Ujian Dinas (UD) Tahun 2025|0||0||0||0||0||0|0|0
2026|01|527010|015|08|WA|4719|EBC|01|51|1|001|100|BC|524113|019|A|03|||8|1. Biaya Perjalanan Dinas Peserta Ujian Dinas Tahun 2025|40|ORG|1|FREK|0||0||40|OF|46500|1860000|0
2026|01|527010|015|08|WA|4719|EBC|01|51|1|001|100|BC|524113|019|A|04||1|9|Ujian Penyesuaian Kenaikan Pangkat (UPKP) Tahun 2025|0||0||0||0||0||0|0|0
2026|01|527010|015|08|WA|4719|EBC|01|51|1|001|100|BC|524113|019|A|04|||10|1. Biaya Perjalanan Dinas Peserta Ujian Penyesuaian Kenaikan Pangkat (UPKP) Tahun 2025|40|ORG|1|FREK|0||0||40|OF|46500|1860000|0
2026|01|527010|015|08|WA|4719|EBC|01|51|1|001|100|BC|524114|019|A|01||1|1| Kegiatan Sosialisasi Learning Organization|0||0||0||0||0||0|0|0
2026|01|527010|015|08|WA|4719|EBC|01|51|1|001|100|BC|524114|019|A|01|||2|1. Transport Panitia dan Peserta Kegiatan Sosialisasi Learning Organization|30|ORG|1|FREK|0||0||30|OF|828367|24851000|0
2026|01|527010|015|08|WA|4719|EBC|01|51|1|001|100|BC|524114|019|A|01|||3|2. Uang Saku Panitia dan Peserta Kegiatan Sosialisasi Learning Organization|30|ORG|1|FREK|4|HARI|0||120|OF|40292|4835000|0
2026|01|527010|015|08|WA|4719|EBC|01|51|1|001|100|BC|524114|019|A|01|||4|3. Akomodasi Panitia dan Peserta Kegiatan Sosialisasi Learning Organization|30|ORG|1|FREK|3|HARI|0||90|OF|278967|25107000|0
2026|01|527010|015|08|WA|4719|EBC|01|51|1|001|100|CA|521211|019|A||||1|KDM  Makan Rapat|30|ORG|4|FR|0||0||120|OK|35125|4215000|0
2026|01|527010|015|08|WA|4719|EBC|01|51|1|001|100|CA|521211|019|A||||2|KDM  Snack Rapat|30|ORG|4|FR|0||0||120|OK|14792|1775000|0
2026|01|527010|015|08|WA|4719|EBC|01|51|1|001|100|CA|524114|019|A||||1|Akomodasi|40|ORG|3|HR|2|FR|0||240|OH|1043792|250510000|0
2026|01|527010|015|08|WA|4719|EBC|01|51|1|001|100|CA|524114|019|A||||2|Uang Harian|40|ORG|4|HR|2|FR|0||320|OH|100738|32236000|0
2026|01|527010|015|08|WA|4719|EBC|01|51|1|001|100|CA|524114|019|A||||3|Transport Peserta Daerah|40|ORG|2|FR|0||0||80|OK|2942288|235383000|0
2026|01|527010|015|08|WA|4719|EBC|01|51|1|001|100|DA|522151|019|A||||1|Honor narasumber dari KL lain|5|ORG|2|JAM|2|FR|0||20|OJ|743800|14876000|0
2026|01|527010|015|08|WA|4719|EBC|01|51|1|001|100|DB|522151|019|A||||1|Honor narasumber dari KL lain|5|ORG|2|JAM|2|FR|0||20|OJ|758150|15163000|0
2026|01|527010|015|08|WA|4719|EBC|01|51|1|001|100|DC|521219|019|A||||1|Dukungan kegiatan lomba karya media|0||0||0||0||1|PKT|2817000|2817000|0
2026|01|527010|015|08|WA|4719|EBC|01|51|1|001|100|DC|522151|019|A||||1|Honor narasumber dari KL lain|4|ORG|4|JAM|2|FR|0||32|OJ|1404907|44957000|0
2026|01|527010|015|08|WA|4719|EBC|01|51|1|001|100|DC|524114|019|A||||1|Akomodasi|30|ORG|1|HR|1|KL|0||30|OH|871067|26132000|0
2026|01|527010|015|08|WA|4719|EBC|01|51|1|001|100|DC|524114|019|A||||2|Uang Harian|30|ORG|2|HR|1|KL|0||60|OH|94600|5676000|0
2026|01|527010|015|08|WA|4719|EBC|01|51|1|001|100|DC|524114|019|A||||3|Transport|30|ORG|1|KL|0||0||30|OK|123700|3711000|0
2026|01|527010|015|08|WA|4719|EBC|01|51|1|001|100|DC|524119|019|A||||1|Akomodasi|45|ORG|2|HR|1|KL|0||90|OH|732078|65887000|0
2026|01|527010|015|08|WA|4719|EBC|01|51|1|001|100|DC|524119|019|A||||2|Uang Harian|45|ORG|3|HR|1|KL|0||135|OH|94600|12771000|0
2026|01|527010|015|08|WA|4719|EBC|01|51|1|001|100|DC|524119|019|A||||3|Transport|45|ORG|1|KL|0||0||45|OK|1862112|83795000|0
2026|01|527010|015|08|WA|4719|EBC|01|51|1|001|100|DD|522151|019|A||||1|Honor narasumber dari KL lain|5|ORG|2|JAM|2|FR|0||20|OJ|758150|15163000|0
2026|01|527010|015|08|WA|4719|EBC|01|51|1|001|100|IA|521211|019|A||||1|KDM  Makan Rapat|5|ORG|16|FR|12|BLN|0||960|OF|34650|33264000|0
2026|01|527010|015|08|WA|4719|EBC|01|51|1|001|100|IA|521211|019|A||||2|KDM  Snack Rapat|5|ORG|16|FR|12|BLN|0||960|OF|14806|14213000|0
2026|01|527010|015|08|WA|4719|EBC|01|51|1|001|100|IA|524119|019|A||||1| Akomodasi Fullboard Es III ke bawah|100|ORG|2|HR|1|FR|0||200|OP|556190|111238000|0
2026|01|527010|015|08|WA|4719|EBC|01|51|1|001|100|IA|524119|019|A||||2|Uang Harian|100|ORG|3|HR|1|FR|0||300|OH|100737|30221000|0
2026|01|527010|015|08|WA|4719|EBC|01|51|1|001|100|IA|524119|019|A||||3|Biaya Transport|100|ORG|1|FR|0||0||100|OK|271210|27121000|0
2026|01|527010|015|08|WA|4719|EBC|01|51|1|001|100|JA|522151|019|A||||1|Honor Narasumber Non Kemenkeu|1|ORG|5|JAM|1|FR|0||5|OJ|900000|4500000|0
2026|01|527010|015|08|WA|4719|EBC|01|51|1|001|100|JA|524119|019|A||||1|Uang Harian Evaluasi Internal Dit. APK|100|ORG|1|HR|1|FR|0||100|OHF|130000|13000000|0
2026|01|527010|015|08|WA|4719|EBC|01|51|1|001|100|OB|521211|019|A||||1|KDM  Makan Rapat|120|ORG|3|HR|4|KEG|0||1440|OK|35910|51710000|0
2026|01|527010|015|08|WA|4719|EBC|01|51|1|001|100|OB|521211|019|A||||2|KDM  Snack Rapat|120|ORG|4|KEG|3|HR|0||1440|OK|15121|21774000|0
2026|01|527010|015|08|WA|4719|EBC|01|51|1|001|100|OB|521211|019|A||||3|CTK  Penggandaan Bahan rapat|120|ORG|1|PKT|4|KEG|0||480|OK|13387|6425000|0
2026|01|527010|015|08|WA|4719|EBC|01|51|1|001|100|OB|521211|019|A||||4|CTK  Banner Kegiatan|1|BUAH|1|KEG|0||0||1|BUAH|312000|312000|0
2026|01|527010|015|08|WA|4719|EBC|01|51|1|001|100|OD|521211|019|A||||1|CTK  Penggandaan Bahan rapat|24|ORG|1|KEG|0||0||24|OK|157500|3780000|0
2026|01|527010|015|08|WA|4719|EBC|01|51|1|001|100|OD|521211|019|A||||2|CTK  Banner Kegiatan|1|BUAH|1|KEG|0||0||1|BUAH|2059000|2059000|0
2026|01|527010|015|08|WA|4719|EBC|01|51|1|001|100|OD|524114|019|A||||1|Paket Fullboard Es. II|4|ORG|1|PKT|2|HR|1|FR|8|OP|1007375|8059000|0
2026|01|527010|015|08|WA|4719|EBC|01|51|1|001|100|OD|524114|019|A||||2|Paket Fullboard Es. III ke bawah|20|ORG|1|PKT|2|HR|1|FR|40|OP|774900|30996000|0
2026|01|527010|015|08|WA|4719|EBC|01|51|1|001|100|OD|524114|019|A||||3|Transport PP|24|ORG|1|FREK|0||0||24|OF|116250|2790000|0
2026|01|527010|015|08|WA|4719|EBC|01|51|1|001|100|OD|524114|019|A||||4|Uang Harian|24|ORG|1|FREK|3|HARI|0||72|OF|100737|7253000|0
2026|01|527010|015|08|WA|4719|EBC|01|51|1|001|100|OE|524111|019|A||||1| Akomodasi|3|ORG|2|HR|2|KEG|1|LOK|12|OH|503667|6044000|0
2026|01|527010|015|08|WA|4719|EBC|01|51|1|001|100|OE|524111|019|A||||2|Tiket|3|ORG|2|KEG|1|LOK|0||6|OH|2712167|16273000|0
2026|01|527010|015|08|WA|4719|EBC|01|51|1|001|100|OE|524111|019|A||||3|Uang Harian|3|ORG|2|HR|3|KEG|1|LOK|18|OH|348723|6277000|0
2026|01|527010|015|08|WA|4719|EBC|01|51|1|001|100|OE|524113|019|A||||1|Transport Dalam Kota|3|ORG|8|KEG|0||0||24|OK|116250|2790000|0
2026|01|527010|015|08|WA|4719|EBC|01|51|1|001|100|OE|524113|019|A||||2|Uang Harian Dalam Kota Lebih Dari 8 Jam|3|ORG|8|KEG|1|HR|0||24|OH|130167|3124000|0
2026|01|527010|015|08|WA|4719|EBC|01|51|1|001|100|XB|522191|019|A||||1|Pengembangan Kompetensi SDM TIK DJPb|50|ORG|0||0||0||50|PKT|2000000|100000000|0
2026|01|527010|015|08|WA|4719|EBC|01|51|1|001|100|XB|524113|019|A||||1|Transport Dalam Kota|4|ORG|3|HR|2|FR|1|LOK|24|OF|131750|3162000|0
2026|01|527010|015|08|WA|4719|EBC|01|51|1|001|100|XB|524113|019|A||||2|Uang Harian|4|ORG|3|HR|2|FR|1|LOK|24|OH|130167|3124000|0
2026|01|527010|015|08|WA|4719|EBC|01|51|1|001|100|XC|524111|019|A|01||1|1|PB.12  Bagian SDM|0||0||0||0||0||0|0|0
2026|01|527010|015|08|WA|4719|EBC|01|51|1|001|100|XC|524111|019|A|01|||2|31. Transport dalam rangka Kegiatan Capacity Building|15|ORG|1|FREK|0||0||15|OF|1394800|20922000|0
2026|01|527010|015|08|WA|4719|EBC|01|51|1|001|100|XC|524111|019|A|01|||3|32. Uang Saku dalam rangka Kegiatan Capacity Building|15|ORG|1|FREK|3|HARI|0||45|OF|123978|5579000|0
2026|01|527010|015|08|WA|4719|EBC|01|51|1|001|100|XC|524111|019|A|01|||4|33. Akomodasi dalam rangka Kegiatan Capacity Building|15|ORG|1|FREK|2|HARI|0||30|OF|154967|4649000|0
2026|01|527010|015|08|WA|4719|EBC|01|51|1|003|100|BA|521211|019|A|01||1|1|Rapat Koordinasi Penyelesaian Usul Kenaikan Pangkat|0||0||0||0||0||0|0|0
2026|01|527010|015|08|WA|4719|EBC|01|51|1|003|100|BA|521211|019|A|01|||2|KDM  Makan Rapat|10|ORG|2|HARI|2|FREK|0||40|OF|34650|1386000|0
2026|01|527010|015|08|WA|4719|EBC|01|51|1|003|100|BA|521211|019|A|01|||3|KDM  Snack Rapat|10|ORG|2|HARI|2|FREK|0||40|OF|13850|554000|0
2026|01|527010|015|08|WA|4719|EBC|01|51|1|003|100|BA|521211|019|A|02||1|4|Rapat Koordinasi Penyelesaian Penghargaan SLKS|0||0||0||0||0||0|0|0
2026|01|527010|015|08|WA|4719|EBC|01|51|1|003|100|BA|521211|019|A|02|||5|KDM  Makan Rapat|10|ORG|2|HARI|1|FREK|0||20|OF|13850|277000|0
2026|01|527010|015|08|WA|4719|EBC|01|51|1|003|100|BA|521211|019|A|02|||6|KDM  Snack Rapat|10|ORG|2|HARI|1|FREK|0||20|OF|13850|277000|0
2026|01|527010|015|08|WA|4719|EBC|01|51|1|003|100|BA|521211|019|A|03||1|7|Forum Kanreg BKN|0||0||0||0||0||0|0|0
2026|01|527010|015|08|WA|4719|EBC|01|51|1|003|100|BA|521211|019|A|03|||8|KDM  Makan Rapat|10|ORG|5|LOK|1|HARI|0||50|OF|34640|1732000|0
2026|01|527010|015|08|WA|4719|EBC|01|51|1|003|100|BA|521211|019|A|03|||9|KDM  Snack Rapat|10|ORG|5|LOK|1|HARI|0||50|OF|13860|693000|0
2026|01|527010|015|08|WA|4719|EBC|01|51|1|003|100|BA|521211|019|A|04||1|10|Rapat Koordinasi Penyelesaian Pensiun|0||0||0||0||0||0|0|0
2026|01|527010|015|08|WA|4719|EBC|01|51|1|003|100|BA|521211|019|A|04|||11|KDM  Makan Rapat|10|ORG|1|HARI|1|FREK|0||10|OF|34600|346000|0
2026|01|527010|015|08|WA|4719|EBC|01|51|1|003|100|BA|521211|019|A|04|||12|KDM  Snack Rapat|10|ORG|1|HARI|1|FREK|0||10|OF|13900|139000|0
2026|01|527010|015|08|WA|4719|EBC|01|51|1|003|100|BA|521211|019|A|05||1|13|Pelantikan dan Pengambilan Sumpah Jabatan|0||0||0||0||0||0|0|0
2026|01|527010|015|08|WA|4719|EBC|01|51|1|003|100|BA|521211|019|A|05|||14|KDM  Makan Rapat|20|ORG|5|FREK|0||0||100|OF|34650|3465000|0
2026|01|527010|015|08|WA|4719|EBC|01|51|1|003|100|BA|521211|019|A|05|||15|KDM  Snack Rapat|20|ORG|7|FREK|0||0||140|OF|13858|1940000|0
2026|01|527010|015|08|WA|4719|EBC|01|51|1|003|100|BA|521211|019|A|05|||16|CTK  Belanja Bahan Sumpah dan Pelantikan Jabatan|20|ORG|5|FREK|0||0||100|OF|34650|3465000|0
2026|01|527010|015|08|WA|4719|EBC|01|51|1|003|100|BA|521211|019|A|06||1|17|Sosialisasi dan Monitoring Implementasi Human Resources Information System|0||0||0||0||0||0|0|0
2026|01|527010|015|08|WA|4719|EBC|01|51|1|003|100|BA|521211|019|A|06|||18|KDM  biaya Konsumsi Makan Sosialisasi  Monitoring Implementasi Office Automation|10|ORG|5|LOK|1|HARI|0||50|OF|34640|1732000|0
2026|01|527010|015|08|WA|4719|EBC|01|51|1|003|100|BA|521211|019|A|06|||19|KDM  Biaya Konsumsi Snack Sosialisasi  Monitoring Implementasi Office Automation|10|ORG|5|LOK|1|HARI|0||50|OF|13860|693000|0
2026|01|527010|015|08|WA|4719|EBC|01|51|1|003|100|BA|522151|019|A||||1|1. Honorarium Narasumber UKP|2|ORG|2|JAM|2|FREK|0||8|OJ|880000|7040000|0
2026|01|527010|015|08|WA|4719|EBC|01|51|1|003|100|BA|522151|019|A||||2|2. Honorarium Narasumber BKN|2|ORG|2|JAM|2|FREK|0||8|OJ|880000|7040000|0
2026|01|527010|015|08|WA|4719|EBC|01|51|1|003|100|BA|522151|019|A||||3|3. Honorarium Narasumber asistensi pengelolaan SDM bagi instansi vertikal|2|ORG|1|JAM|2|FREK|0||4|OJ|880000|3520000|0
2026|01|527010|015|08|WA|4719|EBC|01|51|1|003|100|BA|524111|019|A|01||1|1|Asistensi Layanan SDM|0||0||0||0||0||0|0|0
2026|01|527010|015|08|WA|4719|EBC|01|51|1|003|100|BA|524111|019|A|01|||2|1. Biaya Penginapan Perjadin Asistensi Layanan SDM|2|ORG|2|MLM|2|LOK|1|FREK|8|OF|387500|3100000|0
2026|01|527010|015|08|WA|4719|EBC|01|51|1|003|100|BA|524111|019|A|01|||3|2. Uang Harian Perjadin Perjadin Asistensi Layanan SDM|2|ORG|3|HARI|2|LOK|1|FREK|12|OF|232500|2790000|0
2026|01|527010|015|08|WA|4719|EBC|01|51|1|003|100|BA|524111|019|A|01|||4|3. Biaya Transportasi Perjadin Asistensi Layanan SDM|2|ORG|2|LOK|3|FREK|0||12|OF|2905834|34870000|0
2026|01|527010|015|08|WA|4719|EBC|01|51|1|003|100|BA|524111|019|A|02||1|5|Rapat Koordinasi Penyelesaian UKP dan Forum Kanreg BKN|0||0||0||0||0||0|0|0
2026|01|527010|015|08|WA|4719|EBC|01|51|1|003|100|BA|524111|019|A|02|||6|1.  Biaya Penginapan Perjadin PesertaPanitiaNarasumber Forum Kanreg BKN|3|ORG|1|MLM|2|LOK|0||6|OF|387500|2325000|0
2026|01|527010|015|08|WA|4719|EBC|01|51|1|003|100|BA|524111|019|A|02|||7|2. Uang Harian Perjadin Perjadin PesertaPanitiaNarasumber Forum Kanreg BKN|3|ORG|2|HARI|2|LOK|0||12|OF|232500|2790000|0
2026|01|527010|015|08|WA|4719|EBC|01|51|1|003|100|BA|524111|019|A|02|||8|3. Biaya Transportasi Perjadin PesertaPanitiaNarasumber Forum Kanreg BKN|3|ORG|2|LOK|0||0||6|OF|1162334|6974000|0
2026|01|527010|015|08|WA|4719|EBC|01|51|1|003|100|BA|524111|019|A|03||1|9|Asistensi Penegakan Disiplin Pegawai|0||0||0||0||0||0|0|0
2026|01|527010|015|08|WA|4719|EBC|01|51|1|003|100|BA|524111|019|A|03|||10|1. Biaya Penginapan Perjadin Asistensi Penegakan Disiplin Pegawai|2|ORG|2|MLM|2|LOK|1|FREK|8|OF|387500|3100000|0
2026|01|527010|015|08|WA|4719|EBC|01|51|1|003|100|BA|524111|019|A|03|||11|2. Uang Harian Perjadin Perjadin Asistensi Penegakan Disiplin Pegawai|2|ORG|2|HARI|2|LOK|1|FREK|8|OF|232500|1860000|0
2026|01|527010|015|08|WA|4719|EBC|01|51|1|003|100|BA|524111|019|A|03|||12|3. Biaya Transportasi Perjadin Asistensi Penegakan Disiplin Pegawai|2|ORG|2|LOK|1|FREK|0||4|OF|2905750|11623000|0
2026|01|527010|015|08|WA|4719|EBC|01|51|1|003|100|BA|524111|019|A|04||1|13|Sosialisasi dan Monitoring Implementasi Human Resources Information System|0||0||0||0||0||0|0|0
2026|01|527010|015|08|WA|4719|EBC|01|51|1|003|100|BA|524111|019|A|04|||14|1. Biaya Penginapan Perjadin Sosialisasi  Monitoring Implementasi Office Automation|2|ORG|2|MLM|2|LOK|0||8|OF|382750|3062000|0
2026|01|527010|015|08|WA|4719|EBC|01|51|1|003|100|BA|524111|019|A|04|||15|2. Uang Harian Perjadin Perjadin Sosialisasi  Monitoring Implementasi Office Automation|2|ORG|3|HARI|2|LOK|0||12|OF|232500|2790000|0
2026|01|527010|015|08|WA|4719|EBC|01|51|1|003|100|BA|524111|019|A|04|||16|3. Biaya Transportasi Perjadin Sosialisasi  Monitoring Implementasi Office Automation|2|ORG|2|LOK|0||0||4|OF|2905750|11623000|0
2026|01|527010|015|08|WA|4719|EBC|01|51|1|003|100|BA|524113|019|A||||1|1. Transport Lokal Rohaniwan|6|ORG|5|KEG|0||0||30|OK|116234|3487000|0
2026|01|527010|015|08|WA|4719|EBC|01|51|1|003|100|BB|521211|019|A||||1|KDM  Biaya Konsumsi makan RDK (Persiapan Monev Penetapan Jabatan dan Peringkat, Mutasi dan Penilaian Kinerja Pegawai)|20|ORG|2|HARI|1|FREK|0||40|OF|31500|1260000|0
2026|01|527010|015|08|WA|4719|EBC|01|51|1|003|100|BB|521211|019|A||||2|KDM  Biaya Konsumsi Snack RDK (Persiapan Monev Penetapan Jabatan dan Peringkat, Mutasi dan Penilaian Kinerja Pegawai)|20|ORG|2|HARI|1|FREK|0||40|OF|12600|504000|0
2026|01|527010|015|08|WA|4719|EBC|01|51|1|003|100|BB|524111|019|A|01||1|1|Monev Penetapan Jabatan dan Peringkat, Mutasi dan Penilaian Kinerja Pegawai|0||0||0||0||0||0|0|0
2026|01|527010|015|08|WA|4719|EBC|01|51|1|003|100|BB|524111|019|A|01|||2|1. Biaya Transportasi (Monev Penetapan Jabatan dan Peringkat, Mutasi dan Penilaian Kinerja Pegawai)|2|ORG|3|LOK|2|FREK|0||12|OF|1793667|21524000|0
2026|01|527010|015|08|WA|4719|EBC|01|51|1|003|100|BB|524111|019|A|01|||3|2. Uang Harian (Monev Penetapan Jabatan dan Peringkat, Mutasi dan Penilaian Kinerja Pegawai)|2|ORG|3|LOK|2|FREK|3|HARI|36|OF|271223|9764000|0
2026|01|527010|015|08|WA|4719|EBC|01|51|1|003|100|BB|524111|019|A|01|||4|3. Biaya Penginapan (Monev Penetapan Jabatan dan Peringkat, Mutasi dan Penilaian Kinerja Pegawai)|2|ORG|3|LOK|2|MLM|2|FREK|24|OF|352584|8462000|0
2026|01|527010|015|08|WA|4719|EBC|01|51|1|003|100|CA|524111|019|A||||1|Pesangon Pindah|300|ORG|3|FR|0||0||900|OF|1332315|1199083000|0
2026|01|527010|015|08|WA|4719|EBC|01|51|1|003|100|CA|524111|019|A||||2|Biaya Pindah Menetap Pensiun|0||0||0||0||128|ORG|10947407|1401268000|0
2026|01|527010|015|08|WA|4719|EBC|01|51|1|003|100|XA|524111|019|A||||1|1. Pimpinan Tinggi|10|ORG|2|FREK|0||0||20|OF|30000000|600000000|0
2026|01|527010|015|08|WA|4719|EBC|01|51|1|003|100|XA|524111|019|A||||2|2. Administrator|75|ORG|2|FREK|0||0||150|OF|26012520|3901878000|0
2026|01|527010|015|08|WA|4719|EBC|01|51|1|003|100|XA|524111|019|A||||3|3. Pengawas|200|ORG|3|FREK|0||0||600|OF|18000000|10800000000|0
2026|01|527010|015|08|WA|4719|EBC|01|51|1|003|100|XA|524111|019|A||||4|4. Fungsional|55|ORG|3|FREK|0||0||165|OF|13000000|2145000000|0
2026|01|527010|015|08|WA|4719|EBC|01|51|1|003|100|XA|524111|019|A||||5|5. Pelaksana|280|ORG|2|FREK|0||0||560|OF|10000000|5600000000|0
2026|01|527010|015|08|WA|4719|EBC|01|51|1|003|100|XA|524111|019|A||||6|6. Penempatan Pegawai Baru|70|ORG|1|FREK|0||0||70|OF|10000000|700000000|0
2026|01|527010|015|08|WA|4719|EBC|01|51|1|003|100|XA|524111|019|A|01||1|7|PB.13  Kekurangan Mutasi TAYL|0||0||0||0||0||0|0|0
2026|01|527010|015|08|WA|4719|EBC|01|51|1|003|100|XA|524111|019|A|01|||8|7. PB.13  Kekurangan Biaya Mutasi Tahun Sebelumnya|150|ORG|1|FREK|0||0||150|OF|13688860|2053329000|0
2026|01|527010|015|08|WA|4719|EBC|01|51|1|004|100|AA|521211|019|A||||1|KDM  Snack Rapat|5|ORG|1|FREK|0||0||5|OF|15200|76000|0
2026|01|527010|015|08|WA|4719|EBC|01|51|1|004|100|AA|521211|019|A||||2|KDM  Makan Rapat|5|ORG|1|FREK|0||0||5|OF|36000|180000|0
2026|01|527010|015|08|WA|4719|EBC|01|51|1|004|100|AA|524111|019|A||||1|Akomodasi|2|ORG|4|LOK|2|HR|0||16|OH|503688|8059000|0
2026|01|527010|015|08|WA|4719|EBC|01|51|1|004|100|AA|524111|019|A||||2|Transport|2|ORG|4|LOK|1|FREK|0||8|OK|2712125|21697000|0
2026|01|527010|015|08|WA|4719|EBC|01|51|1|004|100|AA|524111|019|A||||3|Uang Saku Harian|2|ORG|4|LOK|3|HR|0||24|OH|278959|6695000|0
2026|01|527010|015|08|WA|4719|EBC|01|51|1|004|100|BA|521211|019|A||||1|KDM  Makan Rapat|20|ORG|10|FREK|1|HARI|0||200|OF|33390|6678000|0
2026|01|527010|015|08|WA|4719|EBC|01|51|1|004|100|BA|521211|019|A||||2|KDM  Snack Rapat|20|ORG|10|FREK|1|HARI|0||200|OF|13860|2772000|0
2026|01|527010|015|08|WA|4719|EBC|01|51|1|004|100|BA|524111|019|A||||1|1. Biaya Transport Implementasi Jabatan Fungsional|3|ORG|2|FREK|0||0||6|OF|1549834|9299000|0
2026|01|527010|015|08|WA|4719|EBC|01|51|1|004|100|BA|524111|019|A||||2|2. Biaya Uang Saku Implementasi Jabatan Fungsional|3|ORG|2|FREK|3|HARI|0||18|OF|247945|4463000|0
2026|01|527010|015|08|WA|4719|EBC|01|51|1|004|100|BA|524111|019|A||||3|3. Biaya Akomodasi Implementasi Jabatan Fungsional|3|ORG|2|FREK|2|MLM|0||12|OF|387417|4649000|0
2026|01|527010|015|08|WA|4722|EBD|01|51|1|001|100|EA|524111|019|A||||1|Akomodasi|3|ORG|2|HARI|2|FREK|0||12|OF|387417|4649000|0
2026|01|527010|015|08|WA|4722|EBD|01|51|1|001|100|EA|524111|019|A||||2|Transport|3|ORG|2|FREK|0||0||6|OF|1704834|10229000|0
2026|01|527010|015|08|WA|4722|EBD|01|51|1|001|100|EA|524111|019|A||||3|Uang Harian|3|ORG|3|HARI|2|FREK|0||18|OH|259612|4673000|0
2026|01|527010|015|08|WA|4722|EBD|01|51|1|001|100|JA|522151|019|A||||1|Honorarium Narasumber|1|ORG|1|JAM|1|FR|0||1|OJ|900000|900000|0
2026|01|527010|015|08|WA|4722|EBD|01|51|1|001|100|JA|524111|019|A||||1|Transport|2|ORG|1|FR|0||0||2|OF|2559500|5119000|0
2026|01|527010|015|08|WA|4722|EBD|01|51|1|001|100|JA|524111|019|A||||2|Akomodasi|2|ORG|2|HR|1|FR|0||4|OF|800000|3200000|0
2026|01|527010|015|08|WA|4722|EBD|01|51|1|001|100|JA|524111|019|A||||3|Uang Saku Harian|2|ORG|3|HR|1|FREK|0||6|OH|384000|2304000|0
2026|01|527010|015|08|WA|4722|EBD|01|51|1|002|100|EA|521211|019|A||||1|KDM  Snack Rapat|11|ORG|1|HR|1|FREK|0||11|OK|15091|166000|0
2026|01|527010|015|08|WA|4722|EBD|01|51|1|002|100|EA|521211|019|A||||2|KDM  Makan Rapat|11|ORG|1|HR|1|FREK|0||11|OK|35910|395000|0
2026|01|527010|015|08|WA|4722|EBD|01|51|1|002|100|EA|524111|019|A||||1|Akomodasi|2|ORG|2|HR|4|FREK|0||16|OF|542438|8679000|0
2026|01|527010|015|08|WA|4722|EBD|01|51|1|002|100|EA|524111|019|A||||2|Transport|2|ORG|4|FREK|0||0||8|OF|2324750|18598000|0
2026|01|527010|015|08|WA|4722|EBD|01|51|1|002|100|EA|524111|019|A||||3|Uang Harian|2|ORG|3|HR|4|FREK|0||24|OH|271209|6509000|0
2026|01|527010|015|08|WA|4722|EBD|01|51|1|002|100|EA|524113|019|A||||1|Transport Lokal|2|ORG|2|HR|2|FR|0||8|OK|118500|948000|0
2026|01|527010|015|08|WA|4722|EBD|01|51|1|002|100|JA|521211|019|A||||1|CTK  ATK, Cetakan dan Bahan Habis Pakai|10|EKS|1|FR|0||0||10|EKS|100000|1000000|0
2026|01|527010|015|08|WA|4722|EBD|01|51|1|003|100|EA|521211|019|A||||1|CTK  Plakat Narasumber|1|ORG|1|PKT|0||0||1|PKT|639000|639000|0
2026|01|527010|015|08|WA|4722|EBD|01|51|1|003|100|EA|521211|019|A||||2|KDM  Snack Rapat|30|ORG|10|FREK|0||0||300|OF|15120|4536000|0
2026|01|527010|015|08|WA|4722|EBD|01|51|1|003|100|EA|521211|019|A||||3|KDM  Makan Rapat|30|ORG|10|FREK|0||0||300|OF|35910|10773000|0
2026|01|527010|015|08|WA|4722|EBD|01|51|1|003|100|EA|522151|019|A||||1|Honor Narasumber Non Kemenkeu|2|ORG|1|JAM|1|FREK|0||2|OJ|1525000|3050000|0
2026|01|527010|015|08|WA|4722|EBD|01|51|1|003|100|EA|522151|019|A||||2|Honor Narasumber PNS Non Kemenkeu|2|ORG|1|JAM|0||0||2|OJ|792000|1584000|0
2026|01|527010|015|08|WA|4722|EBD|01|51|1|003|100|EA|524113|019|A||||1|Transport lokal dalam kota|6|ORG|1|HR|4|FREK|0||24|OK|131750|3162000|0
2026|01|527010|015|08|WA|4722|EBD|01|51|1|003|100|EB|521211|019|A||||1|CTK  Plakat Narasumber|1|ORG|1|PKT|0||0||1|PKT|615000|615000|0
2026|01|527010|015|08|WA|4722|EBD|01|51|1|003|100|EB|521211|019|A||||2|KDM  Snack Rapat Menteri  Pejabat Eselon I|50|ORG|1|FR|0||0||50|OF|33380|1669000|0
2026|01|527010|015|08|WA|4722|EBD|01|51|1|003|100|EB|521211|019|A||||3|KDM  Makan Rapat Menteri  Pejabat Eselon I|50|ORG|1|FREK|0||0||50|OF|74340|3717000|0
2026|01|527010|015|08|WA|4722|EBD|01|51|1|003|100|EB|522151|019|A||||1|Honor Narasumber Non Kemenkeu|2|ORG|1|JAM|1|FREK|0||2|OJ|1496000|2992000|0
2026|01|527010|015|08|WA|4722|EBD|01|51|1|003|100|EC|521211|019|A||||1|KDM  Snack Rapat|10|ORG|1|HR|8|FREK|0||80|OF|15125|1210000|0
2026|01|527010|015|08|WA|4722|EBD|01|51|1|003|100|EC|521211|019|A||||2|KDM  Makan Rapat|10|ORG|1|HR|8|FREK|0||80|OF|35913|2873000|0
2026|01|527010|015|08|WA|4722|EBD|01|51|1|003|100|EC|524111|019|A||||1|Akomodasi|4|ORG|3|HR|6|FREK|0||72|OF|542431|39055000|0
2026|01|527010|015|08|WA|4722|EBD|01|51|1|003|100|EC|524111|019|A||||2|Transport|4|ORG|6|FREK|0||0||24|OF|2324709|55793000|0
2026|01|527010|015|08|WA|4722|EBD|01|51|1|003|100|EC|524111|019|A||||3|Uang Harian|4|ORG|4|HR|6|FREK|0||96|OH|271219|26037000|0
2026|01|527010|015|08|WA|4722|EBD|01|51|1|003|100|EC|524113|019|A||||1|Transport lokal dalam kota|2|ORG|3|HR|6|FREK|0||36|OK|131723|4742000|0
2026|01|527010|015|08|WA|4722|EBD|01|51|1|003|100|ED|524111|019|A||||1|Akomodasi|2|ORG|4|HR|4|FREK|0||32|OF|542438|17358000|0
2026|01|527010|015|08|WA|4722|EBD|01|51|1|003|100|ED|524111|019|A||||2|Transport|2|ORG|4|FREK|0||0||8|OF|2324750|18598000|0
2026|01|527010|015|08|WA|4722|EBD|01|51|1|003|100|ED|524111|019|A||||3|Uang Harian|2|ORG|5|HR|4|FREK|0||40|OH|271225|10849000|0
2026|01|527010|015|08|WA|4722|EBD|01|51|1|003|100|EE|521211|019|A||||1|KDM  Snack Rapat|6|ORG|2|HR|4|FREK|0||48|OF|13855|665000|0
2026|01|527010|015|08|WA|4722|EBD|01|51|1|003|100|EE|521211|019|A||||2|KDM  Makan Rapat|6|ORG|2|HR|4|FREK|0||48|OF|32750|1572000|0
2026|01|527010|015|08|WA|4722|EBD|01|51|1|003|100|EE|521211|019|A||||3|CTK  Dukungan Kegiatan Pengumpulan Informasi|2|ORG|3|FREK|0||0||6|OF|75667|454000|0
2026|01|527010|015|08|WA|4722|EBD|01|51|1|003|100|EE|524111|019|A||||1|Uang Harian|2|ORG|3|HR|3|FREK|0||18|OH|271223|4882000|0
2026|01|527010|015|08|WA|4722|EBD|01|51|1|003|100|EE|524111|019|A||||2|Akomodasi|2|ORG|2|HR|3|FREK|0||12|OF|441667|5300000|0
2026|01|527010|015|08|WA|4722|EBD|01|51|1|003|100|EE|524111|019|A||||3|Transport|2|ORG|3|FREK|0||0||6|OF|2324667|13948000|0
2026|01|527010|015|08|WA|4722|EBD|01|51|1|003|100|EE|524113|019|A||||1|Transport lokal dalam kota|2|ORG|1|HR|2|FREK|0||4|OK|131750|527000|0
2026|01|527010|015|08|WA|4725|CCL|01|51|1|001|005|TJ|523121|019|A||||1|Extended Warranty IBM|0||0||0||0||1|PKT|19082535000|19082535000|0
2026|01|527010|015|08|WA|4725|CCL|01|51|1|001|005|TJ|523121|019|A||||2|Extended Warranty Lenovo|0||0||0||0||1|PKT|8703643000|8703643000|0
2026|01|527010|015|08|WA|4725|CCL|01|51|1|001|005|TJ|523199|019|A||||1|ACS (Advance Customer Services)  ATS (Annual Technical Support) Lisensi Oracle Database Oracle  SPAN|0||0||0||0||1|PKT|46977456000|46977456000|0
2026|01|527010|015|08|WA|4725|CCL|01|51|1|001|005|TJ|523199|019|A||||2|Renewal License  ATS DB MPN|0||0||0||0||1|PKT|26267346000|26267346000|0
2026|01|527010|015|08|WA|4725|CCL|01|51|1|001|005|TJ|523199|019|A||||3|Renewal License  ATS Red Hat Enterprise Linux MPN|0||0||0||0||1|PKT|1232831000|1232831000|0
2026|01|527010|015|08|WA|4725|CCL|01|51|1|001|005|TJ|523199|019|A||||4|ATS DB dan Apps Oracle SOA|0||0||0||0||1|PKT|19950191000|19950191000|0
2026|01|527010|015|08|WA|4725|CCL|01|51|1|002|005|TJ|522191|019|A||||1|Jasa Layanan SMS OTP SAKTISPAN|0||0||0||0||1|PKT|6533163000|6533163000|0
2026|01|527010|015|08|WA|4725|CCL|01|51|1|002|005|TJ|523199|019|A||||1|Renewal License  ATS DB SAKTI|0||0||0||0||1|PKT|44247488000|44247488000|0
2026|01|527010|015|08|WA|4725|CCL|01|51|1|002|005|TJ|523199|019|A||||2|Renewal License  ATS DB OLAP SAKTI|0||0||0||0||1|PKT|11798242000|11798242000|0
2026|01|527010|015|08|WA|4725|CCL|01|51|1|002|005|TJ|523199|019|A||||3|Renewal License  ATS Java App SAKTI|0||0||0||0||1|PKT|70952568000|70952568000|0
2026|01|527010|015|08|WA|4725|CCL|01|51|1|002|005|TJ|523199|019|A||||4|Renewal License  ATS TIBCO Jaspersoft|0||0||0||0||1|PKT|5920200000|5920200000|0
2026|01|527010|015|08|WA|4725|CCL|01|51|1|003|005|TJ|522191|019|A||||1|Jasa Lainnya Lisensi Penetration Test|0||0||0||0||1|PKT|86293000|86293000|0
2026|01|527010|015|08|WA|4725|CCL|01|51|1|003|005|TJ|523121|019|A||||1|Extended Warranty DELL|0||0||0||0||1|PKT|5589240000|5589240000|0
2026|01|527010|015|08|WA|4725|CCL|01|51|1|003|005|TJ|523121|019|A||||2|Extended Warranty Hitachi|0||0||0||0||1|PKT|14882603000|14882603000|0
2026|01|527010|015|08|WA|4725|CCL|01|51|1|003|005|TJ|523121|019|A||||3|Extended Warranty Hewlett Packard Enterprise (HPE)|0||0||0||0||1|PKT|1220657000|1220657000|0
2026|01|527010|015|08|WA|4725|CCL|01|51|1|003|005|TJ|523199|019|A||||1|Renewal License  ATS DB SIKP|0||0||0||0||1|PKT|20884349000|20884349000|0
2026|01|527010|015|08|WA|4725|CCL|01|51|1|003|005|TJ|523199|019|A||||2|Renewal License  ATS Red Hat Enterprise Linux  SIKP|0||0||0||0||1|PKT|176119000|176119000|0
2026|01|527010|015|08|WA|4725|CCL|01|51|1|003|005|TJ|523199|019|A||||3|Renewal License  ATS MySQL|0||0||0||0||1|PKT|429704000|429704000|0
2026|01|527010|015|08|WA|4725|CCL|01|51|1|003|005|TJ|523199|019|A||||4|Renewal License  ATS Hitachi Data Protection Suite|0||0||0||0||1|PKT|1803750000|1803750000|0
2026|01|527010|015|08|WA|4725|CCL|01|51|1|003|005|TJ|523199|019|A||||5|Penggantian Spare Part untuk Pemeliharaan Perangkat Server|0||0||0||0||1|PKT|665416000|665416000|0
2026|01|527010|015|08|WA|4725|FAB|01|51|1|001|100|LA|521211|019|A||||1|KDM  Makan Rapat|20|ORG|1|KTK|24|FR|0||480|OK|35911|17237000|0
2026|01|527010|015|08|WA|4725|FAB|01|51|1|001|100|LA|521211|019|A||||2|KDM  Snack Rapat|20|ORG|1|KTK|24|FR|0||480|OK|15121|7258000|0
2026|01|527010|015|08|WA|4725|FAB|01|51|1|001|100|LA|522151|019|A||||1|Honorarium Narasumber Profesional|2|ORG|2|JAM|2|HR|3|FR|24|OJ|792000|19008000|0
2026|01|527010|015|08|WA|4725|FAB|01|51|1|001|100|LA|524111|019|A||||1|Akomodasi|3|ORG|2|HR|3|FR|2|LOK|36|OH|658667|23712000|0
2026|01|527010|015|08|WA|4725|FAB|01|51|1|001|100|LA|524111|019|A||||2|Uang Harian|3|ORG|3|HR|3|FR|2|LOK|54|OH|294463|15901000|0
2026|01|527010|015|08|WA|4725|FAB|01|51|1|001|100|LA|524111|019|A||||3|Transport|3|ORG|3|FR|2|LOK|0||18|OF|2712167|48819000|0
2026|01|527010|015|08|WA|4725|FAB|01|51|1|001|100|LA|524113|019|A||||1|Uang Harian|3|ORG|3|HR|2|FR|1|LOK|18|OH|130167|2343000|0
2026|01|527010|015|08|WA|4725|FAB|01|51|1|001|100|LA|524113|019|A||||2|Transport|3|ORG|3|HR|2|FR|1|LOK|18|OK|131723|2371000|0
2026|01|527010|015|08|WA|4725|FAB|01|51|1|002|100|LA|521211|019|A||||1|KDM  Makan Rapat|20|ORG|1|KTK|24|FR|0||480|OK|35911|17237000|0
2026|01|527010|015|08|WA|4725|FAB|01|51|1|002|100|LA|521211|019|A||||2|KDM  Snack Rapat|20|ORG|1|KTK|24|FR|0||480|OK|15121|7258000|0
2026|01|527010|015|08|WA|4725|FAB|01|51|1|002|100|LA|524111|019|A||||1|Akomodasi|3|ORG|2|HR|3|FR|2|LOK|36|OH|658667|23712000|0
2026|01|527010|015|08|WA|4725|FAB|01|51|1|002|100|LA|524111|019|A||||2|Uang Harian|3|ORG|3|HR|3|FR|2|LOK|54|OH|294463|15901000|0
2026|01|527010|015|08|WA|4725|FAB|01|51|1|002|100|LA|524111|019|A||||3|Transport|3|ORG|3|FR|2|LOK|0||18|OF|2712167|48819000|0
2026|01|527010|015|08|WA|4725|FAB|01|51|1|002|100|LA|524113|019|A||||1|Uang Harian|3|ORG|3|HR|2|FR|1|LOK|18|OH|130167|2343000|0
2026|01|527010|015|08|WA|4725|FAB|01|51|1|002|100|LA|524113|019|A||||2|Transport|3|ORG|3|HR|2|FR|1|LOK|18|OK|131723|2371000|0
2026|01|527010|015|08|WA|4725|FAB|01|51|1|002|100|TH|522191|019|A||||1|   Jasa Lainnya Pendukung Operasional Core System|1|PKT|0||0||0||1|PKT|119237000|119237000|0
2026|01|527010|015|08|WA|4725|FAB|01|51|1|003|100|EA|524111|019|A||||1|Akomodasi|12|ORG|3|HR|2|KL|0||72|OH|531584|38274000|0
2026|01|527010|015|08|WA|4725|FAB|01|51|1|003|100|EA|524111|019|A||||2|Transport|12|ORG|2|KL|0||0||24|OK|2492084|59810000|0
2026|01|527010|015|08|WA|4725|FAB|01|51|1|003|100|EA|524111|019|A||||3|Uang Harian|12|ORG|4|HR|2|KL|0||96|OH|266563|25590000|0
2026|01|527010|015|08|WA|4725|FAB|01|51|1|003|100|LA|521211|019|A||||1|KDM  Makan Rapat|20|ORG|1|KTK|24|FR|0||480|OK|35911|17237000|0
2026|01|527010|015|08|WA|4725|FAB|01|51|1|003|100|LA|521211|019|A||||2|KDM  Snack Rapat|20|ORG|1|KTK|24|FR|0||480|OK|15121|7258000|0
2026|01|527010|015|08|WA|4725|FAB|01|51|1|003|100|LA|524111|019|A||||1|Akomodasi|3|ORG|2|HR|3|FR|2|LOK|36|OH|658667|23712000|0
2026|01|527010|015|08|WA|4725|FAB|01|51|1|003|100|LA|524111|019|A||||2|Uang Harian|3|ORG|3|HR|3|FR|2|LOK|54|OH|294463|15901000|0
2026|01|527010|015|08|WA|4725|FAB|01|51|1|003|100|LA|524111|019|A||||3|Transport|3|ORG|3|FR|2|LOK|0||18|OF|2712167|48819000|0
2026|01|527010|015|08|WA|4725|FAB|01|51|1|003|100|LA|524113|019|A||||1|Uang Harian|3|ORG|3|HR|2|FR|1|LOK|18|OH|130167|2343000|0
2026|01|527010|015|08|WA|4725|FAB|01|51|1|003|100|LA|524113|019|A||||2|Transport|3|ORG|3|HR|2|FR|1|LOK|18|OK|131723|2371000|0
2026|01|527010|015|08|WA|4725|FAB|01|51|1|003|100|TH|522191|019|A||||1|   Jasa Lainnya Langganan Call Centre HAI  DJPb|12|BLN|0||0||0||12|BLN|15365334|184384000|0
2026|01|527010|015|08|WA|4725|FAB|01|51|1|004|100|LA|521211|019|A||||1|KDM  Makan Rapat|20|ORG|1|KTK|24|FR|0||480|OK|35911|17237000|0
2026|01|527010|015|08|WA|4725|FAB|01|51|1|004|100|LA|521211|019|A||||2|KDM  Snack Rapat|20|ORG|1|KTK|24|FR|0||480|OK|15121|7258000|0
2026|01|527010|015|08|WA|4725|FAB|01|51|1|004|100|LA|524111|019|A||||1|Akomodasi|3|ORG|2|HR|3|FR|2|LOK|36|OH|658667|23712000|0
2026|01|527010|015|08|WA|4725|FAB|01|51|1|004|100|LA|524111|019|A||||2|Uang Harian|3|ORG|3|HR|3|FR|2|LOK|54|OH|294463|15901000|0
2026|01|527010|015|08|WA|4725|FAB|01|51|1|004|100|LA|524111|019|A||||3|Transport|3|ORG|3|FR|2|LOK|0||18|OF|2712167|48819000|0
2026|01|527010|015|08|WA|4725|FAB|01|51|1|004|100|LA|524113|019|A||||1|Uang Harian|3|ORG|3|HR|2|FR|1|LOK|18|OH|130167|2343000|0
2026|01|527010|015|08|WA|4725|FAB|01|51|1|004|100|LA|524113|019|A||||2|Transport|3|ORG|3|HR|2|FR|1|LOK|18|OK|131723|2371000|0
2026|01|527010|015|08|WA|4725|FAB|01|51|1|006|100|JA|521211|019|A||||1|CTK  ATK, Habis Pakai, Penggandaan SIKRI|1|PKT|1|FR|0||0||1|OF|157000|157000|0
2026|01|527010|015|08|WA|4725|FAB|01|51|1|006|100|JA|521211|019|A|01||1|2|Rapat Pembahasan Penyediaan Data Pemerintah Daerah dan Interkoneksi SIKDSIKRI (Rapat mengundang DJPK dan Direktorat SITP)|0||0||0||0||0||0|0|0
2026|01|527010|015|08|WA|4725|FAB|01|51|1|006|100|JA|521211|019|A|01|||3|KDM  Makan Rapat|26|ORG|2|FR|0||0||52|OF|57000|2964000|0
2026|01|527010|015|08|WA|4725|FAB|01|51|1|006|100|JA|521211|019|A|01|||4|KDM  Snack Rapat|26|ORG|2|FR|0||0||52|OF|24000|1248000|0
2026|01|527010|015|08|WA|4725|FAB|01|51|1|006|100|JA|521211|019|A|02||1|5|Rapat Pembahasan SIKRI G2, SIKRIMP, SIKRIKP, SIKRISP (Rapat Mengundang Dit. SITP dan BaTii)|0||0||0||0||0||0|0|0
2026|01|527010|015|08|WA|4725|FAB|01|51|1|006|100|JA|521211|019|A|02|||6|KDM  Makan Rapat|26|ORG|2|FR|0||0||52|OF|57000|2964000|0
2026|01|527010|015|08|WA|4725|FAB|01|51|1|006|100|JA|521211|019|A|02|||7|KDM  Snack Rapat|26|ORG|2|FR|0||0||52|OF|24000|1248000|0
2026|01|527010|015|08|WA|4725|FAB|01|51|1|006|100|JA|521211|019|A|03||1|8|Rapat Pembahasan Pengembangan BAS Konsolidasian dan Pengembangan Media Informasi (Rapat mengundang Kemendagri, DJPK, Dit. SITP, da|0||0||0||0||0||0|0|0
2026|01|527010|015|08|WA|4725|FAB|01|51|1|006|100|JA|521211|019|A|03|||9|KDM  Makan Rapat|26|ORG|2|FR|0||0||52|OF|57000|2964000|0
2026|01|527010|015|08|WA|4725|FAB|01|51|1|006|100|JA|521211|019|A|03|||10|KDM  Snack Rapat|26|ORG|2|FR|0||0||52|OF|24000|1248000|0
2026|01|527010|015|08|WA|4725|FAB|01|51|1|006|100|JA|521213|019|A||||1|Ketua|1|ORG|10|BLN|0||0||10|OB|650000|6500000|0
2026|01|527010|015|08|WA|4725|FAB|01|51|1|006|100|JA|521213|019|A||||2|Wakil Ketua|1|ORG|10|BLN|0||0||10|OB|600000|6000000|0
2026|01|527010|015|08|WA|4725|FAB|01|51|1|006|100|JA|521213|019|A||||3|Sekretaris|1|ORG|10|BLN|0||0||10|OB|500000|5000000|0
2026|01|527010|015|08|WA|4725|FAB|01|51|1|006|100|JA|521213|019|A||||4|Anggota Pokja|12|ORG|10|BLN|0||0||120|OB|500000|60000000|0
2026|01|527010|015|08|WA|4725|FAB|01|51|1|006|100|JA|522151|019|A||||1|Honorarium Narasumber|2|ORG|2|JAM|2|FR|0||8|OJ|900000|7200000|0
2026|01|527010|015|08|WA|4725|FAB|01|51|1|006|100|JA|524111|019|A|01||1|1|Monitoring  Evaluasi Implementasi SIKRI pada Kanwil DJPb, User Acceptance Test (UAT) pada Kanwil DJPb, Pemanfaatan SIKRI untuk men|0||0||0||0||0||0|0|0
2026|01|527010|015|08|WA|4725|FAB|01|51|1|006|100|JA|524111|019|A|01|||2|Transport|3|ORG|4|FR|0||0||12|OF|5830000|69960000|0
2026|01|527010|015|08|WA|4725|FAB|01|51|1|006|100|JA|524111|019|A|01|||3|Akomodasi|3|ORG|2|HR|4|FR|0||24|OH|870000|20880000|0
2026|01|527010|015|08|WA|4725|FAB|01|51|1|006|100|JA|524111|019|A|01|||4|Uang Saku Harian|3|ORG|3|HR|4|FR|0||36|OH|330000|11880000|0
2026|01|527010|015|08|WA|4725|FAB|01|51|1|006|100|JA|524113|019|A|01||1|1|Monitoring  Evaluasi Implementasi SIKRI pada Kanwil DJPb, User Acceptance Test (UAT) pada Kanwil DJPb, Dashboard dan Monitoring da|0||0||0||0||0||0|0|0
2026|01|527010|015|08|WA|4725|FAB|01|51|1|006|100|JA|524113|019|A|01|||2|Transport Dalam Kota|3|ORG|4|FR|0||0||12|OF|170000|2040000|0
2026|01|527010|015|08|WA|4725|FAB|01|51|1|006|100|JA|524114|019|A|01||1|1|Kegiatan Konsinyering Pemusatan Pemeliharaan  Pengembangan SIKRI sesuai kebutuhan Organisasi, Perluasan Cakupan SIKRI|0||0||0||0||0||0|0|0
2026|01|527010|015|08|WA|4725|FAB|01|51|1|006|100|JA|524114|019|A|01|||2|Transport|1|ORG|1|FR|0||0||1|OHF|1000|1000|0
2026|01|527010|015|08|WA|4725|FAB|01|51|1|006|100|JA|524114|019|A|01|||3|Uang Saku Harian|1|ORG|1|HR|1|FR|0||1|OH|1000|1000|0
2026|01|527010|015|08|WA|4725|FAB|01|51|1|008|100|FA|524111|019|A||||1|Penginapan|2|ORG|3|LOK|3|HARI|1|FREK|18|OH|658667|11856000|0
2026|01|527010|015|08|WA|4725|FAB|01|51|1|008|100|FA|524111|019|A||||2|Uang Harian Luar Kota|2|ORG|3|LOK|4|HARI|1|FREK|24|OH|309959|7439000|0
2026|01|527010|015|08|WA|4725|FAB|01|51|1|008|100|FA|524111|019|A||||3|Uang Transport Luar Kota|2|ORG|3|LOK|1|FREK|0||6|OK|2487500|14925000|0
2026|01|527010|015|08|WA|4725|FAB|01|51|1|008|100|FB|524111|019|A||||1|Penginapan|2|ORG|3|LOK|3|HARI|1|FREK|18|OH|658667|11856000|0
2026|01|527010|015|08|WA|4725|FAB|01|51|1|008|100|FB|524111|019|A||||2|Uang Harian Luar Kota|2|ORG|3|LOK|4|HARI|1|FREK|24|OH|309959|7439000|0
2026|01|527010|015|08|WA|4725|FAB|01|51|1|008|100|FB|524111|019|A||||3|Uang Transport Luar Kota|2|ORG|3|LOK|1|FREK|0||6|OK|2487500|14925000|0
2026|01|527010|015|08|WA|4725|FAB|01|51|1|307|100|SA|521211|019|A||||1|KDM  Snack Rapat|20|org|18|frek|0||0||360|OF|24000|8640000|0
2026|01|527010|015|08|WA|4725|FAB|01|51|1|307|100|SA|521211|019|A||||2|KDM  Makan Rapat|20|org|18|fr|0||0||360|OF|57000|20520000|0
2026|01|527010|015|08|WA|4725|FAB|01|51|1|307|100|SA|521211|019|A||||3|CTK  Pencetakan Laporan, Brosur, Leaflet, Spanduk dan Backdrop, dll|1|pkt|0||0||0||1|PKT|7224000|7224000|0
2026|01|527010|015|08|WA|4725|FAB|01|51|1|307|100|SA|524111|019|A|01||1|1|Perjalanan Dinas Dalam Rangka Persiapan Pengembangan Layanan|0||0||0||0||0||0|0|0
2026|01|527010|015|08|WA|4725|FAB|01|51|1|307|100|SA|524111|019|A|01|||2|Akomodasi Eselon II  Pengembangan|1|org|2|hr|1|fr|2|lok|4|OHFL|1900000|7600000|0
2026|01|527010|015|08|WA|4725|FAB|01|51|1|307|100|SA|524111|019|A|01|||3|Akomodasi Eselon III  Pengembangan|2|org|2|hr|1|fr|2|lok|8|OHFL|1100000|8800000|0
2026|01|527010|015|08|WA|4725|FAB|01|51|1|307|100|SA|524111|019|A|01|||4|Akomodasi Eselon IV dan Pelaksana  Pengembangan|2|org|2|hr|1|fr|2|lok|8|OHFL|650000|5200000|0
2026|01|527010|015|08|WA|4725|FAB|01|51|1|307|100|SA|524111|019|A|01|||5|Transportasi  Pengembangan|5|org|1|fr|2|lok|0||10|OK|627000|6270000|0
2026|01|527010|015|08|WA|4725|FAB|01|51|1|307|100|SA|524111|019|A|01|||6|Uang Harian  Pengembangan|5|org|3|hr|1|fr|2|lok|30|OHFL|300000|9000000|0
2026|01|527010|015|08|WA|4725|FAB|01|51|1|307|100|SA|524111|019|A|02||1|7|Perjalanan Dinas Dalam Rangka Evaluasi Kegiatan dan Penyusunan Laporan Triwulanan|0||0||0||0||0||0|0|0
2026|01|527010|015|08|WA|4725|FAB|01|51|1|307|100|SA|524111|019|A|02|||8|Akomodasi Eselon II  Penyusunan|1|org|2|hr|1|fr|2|lok|4|OHFL|1900000|7600000|0
2026|01|527010|015|08|WA|4725|FAB|01|51|1|307|100|SA|524111|019|A|02|||9|Akomodasi Eselon III  Penyusunan|2|org|2|hr|1|fr|2|lok|8|OHFL|1100000|8800000|0
2026|01|527010|015|08|WA|4725|FAB|01|51|1|307|100|SA|524111|019|A|02|||10|Akomodasi Eselon IV dan Pelaksana  Penyusunan|2|org|2|hr|1|fr|2|lok|8|OHFL|650000|5200000|0
2026|01|527010|015|08|WA|4725|FAB|01|51|1|307|100|SA|524111|019|A|02|||11|Transportasi  Penyusunan|5|org|1|fr|2|lok|0||10|OK|627000|6270000|0
2026|01|527010|015|08|WA|4725|FAB|01|51|1|307|100|SA|524111|019|A|02|||12|Uang Harian  Penyusunan|5|org|3|hr|1|fr|2|lok|30|OHFL|300000|9000000|0
2026|01|527010|015|08|WA|4725|FAB|01|51|1|307|100|SA|524111|019|A|03||1|13|Perjalanan Dinas Dalam Rangka Monitoring Pelaksanaan Transaksi|0||0||0||0||0||0|0|0
2026|01|527010|015|08|WA|4725|FAB|01|51|1|307|100|SA|524111|019|A|03|||14|Akomodasi Eselon II|1|org|2|hr|1|fr|2|lok|4|OHFL|1900000|7600000|0
2026|01|527010|015|08|WA|4725|FAB|01|51|1|307|100|SA|524111|019|A|03|||15|Akomodasi Eselon III|2|org|2|hr|1|fr|2|lok|8|OHFL|1100000|8800000|0
2026|01|527010|015|08|WA|4725|FAB|01|51|1|307|100|SA|524111|019|A|03|||16|Akomodasi Eselon IV dan Pelaksana|2|org|2|hr|1|fr|2|lok|8|OHFL|650000|5200000|0
2026|01|527010|015|08|WA|4725|FAB|01|51|1|307|100|SA|524111|019|A|03|||17|Transportasi|5|org|1|fr|2|lok|0||10|OK|628100|6281000|0
2026|01|527010|015|08|WA|4725|FAB|01|51|1|307|100|SA|524111|019|A|03|||18|Uang Harian|5|org|3|hr|1|fr|2|lok|30|OHFL|300000|9000000|0
2026|01|528476|015|08|CD|6212|BMB|21|51|2|001|100| A|524113|061|A||||1|Transport Lokal|5|ORG|1|KEG|0||0||5|OK|127000|635000|0
2026|01|528476|015|08|CD|6212|BMB|21|51|2|001|100| B|521211|061|A||||1|KDM  Konsumsi Makan|30|ORG|2|KEG|0||0||60|OK|57600|3456000|0
2026|01|528476|015|08|CD|6212|BMB|21|51|2|001|100| B|521211|061|A||||2|KDM  Konsumsi Snack|30|ORG|2|KEG|0||0||60|OK|22500|1350000|0
2026|01|528476|015|08|CD|6212|BMB|21|51|2|001|100| B|522151|061|A||||1|Honor Narasumber|2|ORG|2|JAM|2|KEG|0||8|OJ|900000|7200000|0
2026|01|528476|015|08|CD|6212|BMB|21|51|2|001|100| B|524113|061|A||||1|Transport Lokal Narasumber|2|ORG|1|HR|2|KEG|0||4|OK|131750|527000|0
2026|01|528476|015|08|CD|6212|BMB|21|51|2|001|100| B|524113|061|A||||2|Transport Lokal Peserta Kegiatan|30|ORG|2|KEG|0||0||60|OK|100000|6000000|0
2026|01|528476|015|08|CD|6212|BMB|21|51|2|001|100| C|524113|061|A||||1|Transport Lokal|2|ORG|2|HR|2|KEG|0||8|OK|131750|1054000|0
2026|01|528476|015|08|CD|6212|BMB|21|51|2|001|100| C|524113|061|A||||2|Uang Harian Dalam Kota Lebih dari 8 Jam|2|ORG|2|HR|2|KEG|0||8|OH|93000|744000|0
2026|01|528476|015|08|CD|6212|BMB|21|51|2|001|100| D|521211|061|A||||1|KDM  Konsumsi Makan|20|ORG|1|KEG|0||0||20|OK|57600|1152000|0
2026|01|528476|015|08|CD|6212|BMB|21|51|2|001|100| D|521211|061|A||||2|KDM  Konsumsi Snack|20|ORG|1|KEG|0||0||20|OK|22500|450000|0
2026|01|528476|015|08|CD|6212|BMB|21|51|2|001|100| D|521211|061|A||||3|CTK  Media Penunjang Kegiatan|1|KEG|1|PKT|0||0||1|OK|1500000|1500000|0
2026|01|528476|015|08|CD|6212|BMB|21|51|2|001|100| D|522141|061|A||||1|Sewa Tenda|0||0||0||0||1|OK|15000000|15000000|0
2026|01|528476|015|08|CD|6212|FAC|21|51|2|002|100| A|524111|061|A||||1|Transport|2|BLU|2|ORG|1|FREK|0||4|OK|1064475|4257000|0
2026|01|528476|015|08|CD|6212|FAC|21|51|2|002|100| A|524111|061|A||||2|Akomodasi|2|BLU|2|ORG|1|FREK|2|HR|8|OH|387656|3101000|0
2026|01|528476|015|08|CD|6212|FAC|21|51|2|002|100| A|524111|061|A||||3|Uang harian|2|BLU|2|ORG|1|FREK|3|HR|12|OH|176750|2121000|0
2026|01|528476|015|08|CD|6212|FAC|21|51|2|002|100| A|524113|061|A||||1|Trasnport Lokal|5|BLU|3|ORG|2|FREK|1|HR|30|OK|131500|3945000|0
2026|01|528476|015|08|CD|6212|FAC|21|51|2|002|100| B|524111|061|A||||1|Transport|2|PEMDA|2|ORG|1|FREK|0||4|Ok|1456500|5826000|0
2026|01|528476|015|08|CD|6212|FAC|21|51|2|002|100| B|524111|061|A||||2|Akomodasi|2|PEMDA|2|ORG|1|FREK|1|HR|4|OH|516750|2067000|0
2026|01|528476|015|08|CD|6212|FAC|21|51|2|002|100| B|524111|061|A||||3|Uang harian|2|PEMDA|2|ORG|1|FREK|2|HR|8|OH|235625|1885000|0
2026|01|528476|015|08|CD|6212|FAC|21|51|2|002|100| B|524113|061|A||||1|Transport Lokal|3|ORG|1|FREK|2|HR|0||6|OK|150000|900000|0
2026|01|528476|015|08|CD|6212|FAH|21|51|2|002|100| A|521211|061|A||||1|KDM  Konsumsi Makan Peserta|10|ORG|1|KEG|0||0||10|OK|28600|286000|0
2026|01|528476|015|08|CD|6212|FAH|21|51|2|002|100| A|521211|061|A||||2|KDM   Konsumsi Snack Peserta|10|ORG|1|KEG|0||0||10|OK|10900|109000|0
2026|01|528476|015|08|CD|6212|FAH|21|51|2|002|100| B|524111|061|A||||1|Transport|2|ORG|1|FREK|0||0||2|OK|883500|1767000|0
2026|01|528476|015|08|CD|6212|FAH|21|51|2|002|100| B|524111|061|A||||2|Akomodasi|2|ORG|1|FREK|2|HR|0||4|OH|446250|1785000|0
2026|01|528476|015|08|CD|6212|FAH|21|51|2|002|100| B|524111|061|A||||3|Uang harian|2|ORG|1|FREK|3|HR|0||6|OH|223167|1339000|0
2026|01|528476|015|08|CD|6212|FAH|21|51|2|002|100| B|524113|061|A||||1|Transport Lokal Koordinasi Data|2|ORH|2|FREK|0||0||4|OK|131750|527000|0
2026|01|528476|015|08|CD|6212|FAH|21|51|2|002|100| C|522151|061|A||||1|Honor Narasumber|2|ORG|2|JAM|1|KEG|0||4|OJ|441000|1764000|0
2026|01|528476|015|08|CD|6212|FAH|21|51|2|002|100| C|524113|061|A||||1|Transport Lokal Narasumber|2|ORG|1|KEG|0||0||2|OK|131500|263000|0
2026|01|528476|015|08|CD|6212|FAH|21|51|2|003|100| A|524113|061|A||||1|Transport Lokal|2|ORG|2|FREK|1|HR|0||4|OK|131750|527000|0
2026|01|528476|015|08|CD|6212|FAH|21|51|2|003|100| B|524111|061|A||||1|Transport|1|ORG|1|FREK|0||0||1|OK|1367000|1367000|0
2026|01|528476|015|08|CD|6212|FAH|21|51|2|003|100| B|524111|061|A||||2|Akomodasi|1|ORG|1|FREK|2|HR|0||2|OH|446500|893000|0
2026|01|528476|015|08|CD|6212|FAH|21|51|2|003|100| B|524111|061|A||||3|Uang harian|1|ORG|1|FREK|3|HR|0||3|OH|223334|670000|0
2026|01|528476|015|08|CD|6212|FAH|21|51|2|003|100| B|524113|061|A||||1|Transport Lokal|2|ORG|1|FREK|0||0||2|OK|131500|263000|0
2026|01|528476|015|08|CD|6212|FAL|21|51|2|001|100| A|524111|061|A||||1|Transport|1|KAB|2|ORG|1|FREK|0||2|OK|1550000|3100000|0
2026|01|528476|015|08|CD|6212|FAL|21|51|2|001|100| A|524111|061|A||||2|Akomodasi|1|KAB|2|ORG|1|FREK|1|HR|2|OH|577000|1154000|0
2026|01|528476|015|08|CD|6212|FAL|21|51|2|001|100| A|524111|061|A||||3|Uang harian|1|KAB|2|ORG|1|FREK|2|HR|4|OH|235500|942000|0
2026|01|528476|015|08|CD|6212|FAL|21|51|2|001|100| A|524113|061|A||||1|Transport Lokal|2|ORG|1|FREK|2|HR|0||4|OK|101750|407000|0
2026|01|528476|015|08|CD|6212|FAL|21|51|2|001|100| B|521211|061|A||||1|KDM  Konsumsi Makan Peserta Pemda|12|PEMDA|2|ORG|1|KEG|0||24|OK|43500|1044000|0
2026|01|528476|015|08|CD|6212|FAL|21|51|2|001|100| B|521211|061|A||||2|KDM  Konsumsi Snack Peserta Pemda|12|PEMDA|2|ORG|1|KEG|0||24|OK|17000|408000|0
2026|01|528476|015|08|CD|6212|FAL|21|51|2|001|100| B|521211|061|A||||3|KDM  Konsumsi Makan Panitia dan Narasumber|20|ORG|1|KEG|0||0||20|OK|43500|870000|0
2026|01|528476|015|08|CD|6212|FAL|21|51|2|001|100| B|521211|061|A||||4|KDM  Konsumsi Snack Panitia dan Narasumber|20|ORG|1|KEG|0||0||20|OK|17000|340000|0
2026|01|528476|015|08|CD|6212|FAL|21|51|2|001|100| B|522151|061|A||||1|Honor Narasumber (Ekonom KemenkeuEksternal)|1|ORG|2|JAM|1|KEG|0||2|OJ|441000|882000|0
2026|01|528476|015|08|CD|6212|FAL|21|51|2|001|100| C|524111|061|A||||1|Transport|1|PEMDA|2|ORG|1|FREK|0||2|OK|1550000|3100000|0
2026|01|528476|015|08|CD|6212|FAL|21|51|2|001|100| C|524111|061|A||||2|Akomodasi|1|PEMDA|2|ORG|1|FREK|1|HR|2|OH|517000|1034000|0
2026|01|528476|015|08|CD|6212|FAL|21|51|2|001|100| C|524111|061|A||||3|Uang harian|1|PEMDA|2|ORG|1|FREK|2|HR|4|OH|235500|942000|0
2026|01|528476|015|08|CD|6212|FAL|21|51|2|001|100| C|524113|061|A||||1|Transport Lokal|2|ORG|1|FREK|2|HR|0||4|OK|131750|527000|0
2026|01|528476|015|08|CD|6212|FAL|21|51|2|001|100| D|521211|061|A|01||1|1|Rapat Persiapan Penyerahan DIPA|0||0||0||0||0||0|0|0
2026|01|528476|015|08|CD|6212|FAL|21|51|2|001|100| D|521211|061|A|01|||2|KDM  Konsumsi Makan Panitia|14|ORG|1|KEG|0||0||14|OK|43500|609000|0
2026|01|528476|015|08|CD|6212|FAL|21|51|2|001|100| D|521211|061|A|01|||3|KDM  Konsumsi Snack Panitia|14|ORG|1|KEG|0||0||14|OK|17000|238000|0
2026|01|528476|015|08|CD|6212|FAL|21|51|2|001|100| D|521211|061|A|02||1|4|Pelaksanaan Penyerahan DIPA|0||0||0||0||0||0|0|0
2026|01|528476|015|08|CD|6212|FAL|21|51|2|001|100| D|521211|061|A|02|||5|KDM  Konsumsi Makan Satker|35|UAPAW|2|ORG|1|KEG|0||70|OK|43515|3046000|0
2026|01|528476|015|08|CD|6212|FAL|21|51|2|001|100| D|521211|061|A|02|||6|KDM  Konsumsi Snack Satker|35|UAPAW|2|Org|1|KEG|0||70|OK|17000|1190000|0
2026|01|528476|015|08|CD|6212|FAL|21|51|2|001|100| D|521211|061|A|02|||7|KDM  Konsumsi Makan Pemda|12|PEMDA|3|ORG|1|KEG|0||36|OK|43528|1567000|0
2026|01|528476|015|08|CD|6212|FAL|21|51|2|001|100| D|521211|061|A|02|||8|KDM  Konsumsi Snack Pemda|12|PEMDA|3|ORG|1|KEG|0||36|OK|17000|612000|0
2026|01|528476|015|08|CD|6212|FAL|21|51|2|001|100| D|521211|061|A|02|||9|KDM  Konsumsi Makan Panitia, Peserta Kanwil dan Narasumber|14|ORG|1|KEG|0||0||14|OK|43500|609000|0
2026|01|528476|015|08|CD|6212|FAL|21|51|2|001|100| D|521211|061|A|02|||10|KDM  Konsumsi Snack Panitia, Peserta Kanwil dan Narasumber|14|ORG|1|KEG|0||0||14|OK|17000|238000|0
2026|01|528476|015|08|CD|6212|FAL|21|51|2|001|100| D|521213|061|A||||1|Panitia Kegiatan (Pemprov)|8|ORG|1|KEG|0||0||8|OK|63000|504000|0
2026|01|528476|015|08|CD|6212|FAL|21|51|2|001|100| D|522151|061|A||||1|Honor Narasumber (Gubernur)|1|ORG|2|JAM|1|KEG|0||2|OJ|490000|980000|0
2026|01|528476|015|08|CD|6212|FAL|21|51|2|001|100| D|524113|061|A||||1|Transport Lokal Panitia|14|ORG|1|KEG|0||0||14|OK|131715|1844000|0
2026|01|528476|015|08|CD|6213|ABA|21|51|2|001|100| A|522151|061|A||||1|Honor Narasumber Tenaga Profesional|1|ORG|2|JAM|3|KEG|0||6|OJ|441000|2646000|0
2026|01|528476|015|08|CD|6213|ABA|21|51|2|001|100| A|524111|061|A|01||1|1|Site Visit Potensi Investasi|0||0||0||0||0||0|0|0
2026|01|528476|015|08|CD|6213|ABA|21|51|2|001|100| A|524111|061|A|01|||2|Transport|3|ORG|2|LOK|1|FREK|0||6|OK|1170167|7021000|0
2026|01|528476|015|08|CD|6213|ABA|21|51|2|001|100| A|524111|061|A|01|||3|Akomodasi|3|ORG|2|LOK|1|FREK|2|HR|12|OH|446334|5356000|0
2026|01|528476|015|08|CD|6213|ABA|21|51|2|001|100| A|524111|061|A|01|||4|Uang Harian|3|ORG|2|LOK|1|FREK|3|HR|18|OH|223167|4017000|0
2026|01|528476|015|08|CD|6213|FAE|21|51|2|008|100| A|522151|061|A||||1|Honor Narasumber Local Expert|1|ORG|2|JAM|2|KEG|0||4|OJ|1000000|4000000|0
2026|01|528476|015|08|CD|6213|FAE|21|51|2|008|100| A|522151|061|A||||2|Honor Local Expert|1|ORG|12|BLN|0||0||12|OB|5100000|61200000|0
2026|01|528476|015|08|CD|6213|FAE|21|51|2|008|100| A|524111|061|A||||1|Transport|1|ORG|2|LOK|2|FREK|0||4|OK|1436750|5747000|0
2026|01|528476|015|08|CD|6213|FAE|21|51|2|008|100| A|524111|061|A||||2|Akomodasi|1|ORG|2|LOK|2|FREK|2|HR|8|OH|446375|3571000|0
2026|01|528476|015|08|CD|6213|FAE|21|51|2|008|100| A|524111|061|A||||3|Uang harian|1|ORG|2|LOK|2|FREK|3|HR|12|OH|223167|2678000|0
2026|01|528476|015|08|CD|6213|FAE|21|51|2|009|100| B|524111|061|A||||1|Transport|2|PEMDA|2|ORG|1|FREK|0||4|OK|1549750|6199000|0
2026|01|528476|015|08|CD|6213|FAE|21|51|2|009|100| B|524111|061|A||||2|Akomodasi|2|PEMDA|2|ORG|1|FREK|1|HR|4|OK|1068500|4274000|0
2026|01|528476|015|08|CD|6213|FAE|21|51|2|009|100| B|524111|061|A||||3|Uang Harian|2|PEMDA|2|ORG|1|FREK|2|HR|8|OK|235625|1885000|0
2026|01|528476|015|08|CD|6213|FAE|21|51|2|009|100| B|524113|061|A||||1|Transport Lokal|3|ORG|1|FREK|0||0||3|OK|131667|395000|0
2026|01|528476|015|08|CD|6213|FAE|21|51|2|009|100| C|524111|061|A||||1|Transport|3|ORG|2|LOK|1|FREK|0||6|OK|1182000|7092000|0
2026|01|528476|015|08|CD|6213|FAE|21|51|2|009|100| C|524111|061|A||||2|Akomodasi|3|ORG|2|HR|2|LOK|1|FREK|12|OK|516834|6202000|0
2026|01|528476|015|08|CD|6213|FAE|21|51|2|009|100| C|524111|061|A||||3|Uang Harian|3|ORG|3|HR|2|LOK|1|FREK|18|OK|235556|4240000|0
2026|01|528476|015|08|CD|6213|FAE|21|51|2|009|100| C|524113|061|A||||1|Transport Lokal|3|ORG|1|LOK|1|FREK|0||3|OK|131667|395000|0
2026|01|528476|015|08|CD|6213|FAE|21|51|2|009|100| D|521211|061|A||||1|KDM  Konsumsi Makan Peserta|20|ORG|1|LOK|1|KEG|0||20|OK|43500|870000|0
2026|01|528476|015|08|CD|6213|FAE|21|51|2|009|100| D|521211|061|A||||2|KDM  Konsumsi Snack Peserta|20|ORG|1|LOK|1|KEG|0||20|OK|17000|340000|0
2026|01|528476|015|08|CD|6213|FAE|21|51|2|009|100| D|522151|061|A||||1| Honor Narasumber|3|ORG|2|JAM|1|FREK|0||6|OJ|833000|4998000|0
2026|01|528476|015|08|CD|6213|FAE|21|51|2|009|100| D|524113|061|A||||1|Transport Lokal|20|ORG|1|FREK|0||0||20|OK|131750|2635000|0
2026|01|528476|015|08|CD|6213|FAE|21|51|2|009|100| D|524113|061|A||||2|Uang Harian|20|ORG|1|HR|1|FREK|0||20|OK|93000|1860000|0
2026|01|528476|015|08|CD|6213|FAL|21|51|2|003|100| A|521211|061|A|01||1|1|Penyusunan Spending Review|0||0||0||0||0||0|0|0
2026|01|528476|015|08|CD|6213|FAL|21|51|2|003|100| A|521211|061|A|01|||2|KDM  Konsumsi Makan Rapat|10|ORG|1|FREK|1|KEG|0||10|OK|52500|525000|0
2026|01|528476|015|08|CD|6213|FAL|21|51|2|003|100| A|521211|061|A|01|||3|KDM  Konsumsi Snack Rapat|10|ORG|1|FREK|1|KEG|0||10|OK|20500|205000|0
2026|01|528476|015|08|CD|6213|FAL|21|51|2|003|100| A|521211|061|A|01|||4|CTK  PencetakanPenggandaaan|1|KEG|1|PKT|0||0||1|PAKET|480000|480000|0
2026|01|528476|015|08|CD|6213|FAL|21|51|2|003|100| C|521211|061|A|01||1|1|Pelaksanaan FGD|0||0||0||0||0||0|0|0
2026|01|528476|015|08|CD|6213|FAL|21|51|2|003|100| C|521211|061|A|01|||2|KDM  Konsumsi Makan Peserta|0|STKR|0|ORG|1|KEG|0||1|OK|1000|1000|0
2026|01|528476|015|08|CD|6213|FAL|21|51|2|003|100| D|524111|061|A||||1|Transport|4|ORG|1|FREK|0||0||4|OK|1304000|5216000|0
2026|01|528476|015|08|CD|6213|FAL|21|51|2|003|100| D|524111|061|A||||2|Akomodasi|4|ORG|1|FREK|2|HR|0||8|OH|387500|3100000|0
2026|01|528476|015|08|CD|6213|FAL|21|51|2|003|100| D|524111|061|A||||3|Uang harian|4|ORG|1|FREK|3|HR|0||12|OH|176667|2120000|0
2026|01|528476|015|08|CD|6213|FAL|21|51|2|003|100| D|524113|061|A||||1|Trasnport Lokal|2|ORG|1|FREK|0||1|hr|2|OK|170000|340000|0
2026|01|528476|015|08|CD|6213|FAL|21|51|2|003|100| E|521211|061|A||||1|KDM  Konsumsi Makan Rapat|20|ORG|2|KEG|0||0||40|OK|43525|1741000|0
2026|01|528476|015|08|CD|6213|FAL|21|51|2|003|100| E|521211|061|A||||2|KDM  Konsumsi Snack Rapat|20|ORG|2|KEG|0||0||40|OK|17000|680000|0
2026|01|528476|015|08|CD|6213|FAL|21|51|2|003|100| E|522151|061|A||||1| Honor Narasumber (Ekonom KemenkeuEksternal)|1|ORG|2|JAM|2|KEG|0||4|OJ|490000|1960000|0
2026|01|528476|015|08|CD|6213|FAL|21|51|2|003|100| E|524113|061|A||||1|Transport Lokal|2|ORG|2|FREK|0||0||4|OK|131750|527000|0
2026|01|528476|015|08|CD|6213|FAL|21|51|2|003|100| F|521211|061|A|01||1|1|Pelaksanaan Rakor serta Sosialisasi|0||0||0||0||0||0|0|0
2026|01|528476|015|08|CD|6213|FAL|21|51|2|003|100| F|521211|061|A|01|||2|KDM  Konsumsi Makan Peserta Pemda|6|PEMDA|2|ORG|1|KEG|0||12|OK|43500|522000|0
2026|01|528476|015|08|CD|6213|FAL|21|51|2|003|100| F|521211|061|A|01|||3|KDM  Konsumsi Snack Peserta Pemda|6|PEMDA|2|ORG|1|KEG|0||12|OK|17000|204000|0
2026|01|528476|015|08|CD|6213|FAL|21|51|2|003|100| F|521211|061|A|01|||4|KDM  Konsumsi Makan Peserta KL Unit Terkait|5|ORG|1|KEG|0||0||5|OK|43600|218000|0
2026|01|528476|015|08|CD|6213|FAL|21|51|2|003|100| F|521211|061|A|01|||5|KDM  Konsumsi Snack Peserta KL Unit Terkait|5|ORG|1|KEG|0||0||5|OK|17000|85000|0
2026|01|528476|015|08|CD|6213|FAL|21|51|2|003|100| F|521211|061|A|01|||6|KDM  Konsumsi Makan Peserta KPPN|4|KPPN|1|ORG|1|KEG|0||4|OK|43500|174000|0
2026|01|528476|015|08|CD|6213|FAL|21|51|2|003|100| F|521211|061|A|01|||7|KDM  Konsumsi Snack Peserta KPPN|4|KPPN|1|ORG|1|KEG|0||4|OK|17000|68000|0
2026|01|528476|015|08|CD|6213|FAL|21|51|2|003|100| F|521211|061|A|01|||8|KDM  Konsumsi Makan Panitia dan Narasumber|20|ORG|2|KEG|0||0||40|OK|43525|1741000|0
2026|01|528476|015|08|CD|6213|FAL|21|51|2|003|100| F|521211|061|A|01|||9|KDM  Konsumsi Snack Panitia dan Narasumber|20|ORG|2|KEG|0||0||40|OK|17000|680000|0
2026|01|528476|015|08|CD|6213|FAL|21|51|2|003|100| F|522151|061|A||||1|Honor Narasumber setara Pejabat Es. II (Ekonom KemenkeuEksternal)|2|ORG|2|JAM|1|KEG|0||4|OJ|490000|1960000|0
2026|01|528476|015|08|CD|6213|FAL|21|51|2|003|100| F|524111|061|A||||1|Transport|3|KPPN|1|ORG|1|FREK|0||3|OK|1549667|4649000|0
2026|01|528476|015|08|CD|6213|FAL|21|51|2|003|100| F|524111|061|A||||2|Akomodasi|3|KPPN|1|ORG|1|FREK|1|HR|3|OH|517000|1551000|0
2026|01|528476|015|08|CD|6213|FAL|21|51|2|003|100| F|524111|061|A||||3|Uang Harian|3|KPPN|1|org|1|FREK|2|HR|6|OH|235500|1413000|0
2026|01|528476|015|08|CD|6213|FAL|21|51|2|003|100| F|524113|061|A||||1|Transport Lokal (Peserta KPPN)|1|KPPN|1|ORG|1|FREK|0||1|OK|132000|132000|0
2026|01|528476|015|08|CD|6213|FAL|21|51|2|003|100| G|521211|061|A||||1|KDM  Konsumsi Makan|20|ORG|1|KEG|0||0||20|OK|40500|810000|0
2026|01|528476|015|08|CD|6213|FAL|21|51|2|003|100| G|521211|061|A||||2|KDM  Konsumsi Snack|20|ORG|1|KEG|0||0||20|OK|13950|279000|0
2026|01|528476|015|08|CD|6213|FAL|21|51|2|003|100| H|524111|061|A|01||1|1|Perjalanan Dinas Pembinaan KPPNMonev ke Pemda|0||0||0||0||0||0|0|0
2026|01|528476|015|08|CD|6213|FAL|21|51|2|003|100| H|524111|061|A|01|||2|Transport|3|PEMDA|2|ORG|2|FREK|0||12|OK|1549834|18598000|0
2026|01|528476|015|08|CD|6213|FAL|21|51|2|003|100| H|524111|061|A|01|||3|Akomodasi|3|PEMDA|2|ORG|2|FREK|1|HR|12|OH|516834|6202000|0
2026|01|528476|015|08|CD|6213|FAL|21|51|2|003|100| H|524111|061|A|01|||4|Uang Harian|3|PEMDA|2|ORG|2|FREK|2|HR|24|OH|235584|5654000|0
2026|01|528476|015|08|CD|6213|FAL|21|51|2|003|100| H|524113|061|A||||1|Transport Lokal|2|ORG|2|FREK|2|HR|0||8|OK|131750|1054000|0
2026|01|528476|015|08|CD|6215|FAH|21|51|2|001|100| A|524111|061|A|01||1|1|Perjalanan Dinas|0||0||0||0||0||0|0|0
2026|01|528476|015|08|CD|6215|FAH|21|51|2|001|100| A|524111|061|A|01|||2|Transport|3|PEMDA|2|ORG|1|FREK|0||6|OK|1549834|9299000|0
2026|01|528476|015|08|CD|6215|FAH|21|51|2|001|100| A|524111|061|A|01|||3|Akomodasi|3|PEMDA|2|ORG|1|FREK|1|HR|6|OH|516834|3101000|0
2026|01|528476|015|08|CD|6215|FAH|21|51|2|001|100| A|524111|061|A|01|||4|Uang Harian|3|PEMDA|2|ORG|1|FREK|2|HR|12|OH|235584|2827000|0
2026|01|528476|015|08|CD|6215|FAH|21|51|2|001|100| A|524113|061|A||||1|Transport Lokal Koordinasi data|2|ORG|1|FREK|0||0||2|OK|131500|263000|0
2026|01|528476|015|08|CD|6215|FAH|21|51|2|001|100| B|521211|061|A|01||1|1|Pelaksanaan Kearsipan dan Dokumentasi|0||0||0||0||0||0|0|0
2026|01|528476|015|08|CD|6215|FAH|21|51|2|001|100| B|521211|061|A|01|||2|CTK  DokumentasiPenggandaanLaminasi|1|THN|0||0||0||1|THN|680000|680000|0
2026|01|528476|015|08|CD|6215|FAH|21|51|2|003|100| A|524111|061|A|01||1|1|Perjalanan Dinas|0||0||0||0||0||0|0|0
2026|01|528476|015|08|CD|6215|FAH|21|51|2|003|100| A|524111|061|A|01|||2|Transport|1|KPPN|2|ORG|1|FREK|0||2|OK|1550000|3100000|0
2026|01|528476|015|08|CD|6215|FAH|21|51|2|003|100| A|524111|061|A|01|||3|Akomodasi|1|KPPN|2|ORG|1|FREK|2|HR|4|OH|516750|2067000|0
2026|01|528476|015|08|CD|6215|FAH|21|51|2|003|100| A|524111|061|A|01|||4|Uang Harian|1|KPPN|2|ORG|1|FREK|3|HR|6|OH|235500|1413000|0
2026|01|528476|015|08|CD|6215|FAH|21|51|2|003|100| A|524113|061|A||||1|Transport Lokal|1|KPPN|2|ORG|1|FREK|0||2|OK|131500|263000|0
2026|01|528476|015|08|CD|6215|FAH|21|51|2|003|100| B|521211|061|A||||1|KDM  Konsumsi Makan Peserta KPPN|4|KPPN|1|ORG|1|KEG|0||4|OK|43500|174000|0
2026|01|528476|015|08|CD|6215|FAH|21|51|2|003|100| B|521211|061|A||||2|KDM  Konsumsi Snack Peserta KPPN|4|KPPN|1|ORG|1|KEG|0||4|OK|17000|68000|0
2026|01|528476|015|08|CD|6215|FAH|21|51|2|003|100| B|521211|061|A||||3|KDM  Konsumsi Makan Peserta Kanwil|9|ORG|1|KEG|0||0||9|OK|43556|392000|0
2026|01|528476|015|08|CD|6215|FAH|21|51|2|003|100| B|521211|061|A||||4|KDM  Konsumsi Snack Peserta Kanwil|9|ORG|1|KEG|0||0||9|OK|17000|153000|0
2026|01|528476|015|08|CD|6216|FAE|21|51|2|002|100| A|524111|061|A||||1|Transport|1|ORG|1|FREK|0||0||1|OK|1029000|1029000|0
2026|01|528476|015|08|CD|6216|FAE|21|51|2|002|100| A|524111|061|A||||2|Akomodasi|1|ORG|1|FREK|2|HR|0||2|OH|446500|893000|0
2026|01|528476|015|08|CD|6216|FAE|21|51|2|002|100| A|524111|061|A||||3|Uang Harian|1|ORG|1|FREK|3|HR|0||3|OH|223334|670000|0
2026|01|528476|015|08|CD|6216|FAE|21|51|2|002|100| A|524113|061|A||||1|Transport Lokal|2|ORG|4|FREK|0||0||8|OK|146875|1175000|0
2026|01|528476|015|08|WA|4715|EBA|21|51|2|001|100| A|521811|061|A||||1|ATK dan Suplies Komputer|1|THN|0||0||0||1|THN|14320000|14320000|0
2026|01|528476|015|08|WA|4715|EBA|21|51|2|001|100| A|522151|061|A||||1| Honor Rohaniawan dalam rangka Pelantikan|3|ORG|2|JAM|0||0||6|OJ|196000|1176000|0
2026|01|528476|015|08|WA|4715|EBA|21|51|2|001|100| B|522151|061|A||||1|Honor Narasumber (Dinas PU)|2|ORG|1|JAM|0||0||2|OJ|441000|882000|0
2026|01|528476|015|08|WA|4715|EBA|21|51|2|001|100| B|524113|061|A||||1|Transport Penilai|2|ORG|1|FREK|1|HR|0||2|OK|131500|263000|0
2026|01|528476|015|08|WA|4715|EBA|21|51|2|002|100| A|524111|061|A|01||1|1|Konsultasi ke Pusat|0||0||0||0||0||0|0|0
2026|01|528476|015|08|WA|4715|EBA|21|51|2|002|100| A|524111|061|A|01|||2|Transport|2|ORG|2|FREK|0||0||4|OK|6283750|25135000|0
2026|01|528476|015|08|WA|4715|EBA|21|51|2|002|100| A|524111|061|A|01|||3|Akomodasi|2|ORG|2|FREK|2|HR|0||8|OH|565625|4525000|0
2026|01|528476|015|08|WA|4715|EBA|21|51|2|002|100| A|524111|061|A|01|||4|Uang Harian|2|ORG|2|FREK|3|HR|0||12|OH|328584|3943000|0
2026|01|528476|015|08|WA|4715|EBA|21|51|2|002|100| A|524111|061|A|02||1|5| KoordinasiRapatPembinaanKonsultasi|0||0||0||0||0||0|0|0
2026|01|528476|015|08|WA|4715|EBA|21|51|2|002|100| A|524111|061|A|02|||6|Transport|2|KPPN|2|ORG|1|FREK|0||4|OK|1549750|6199000|0
2026|01|528476|015|08|WA|4715|EBA|21|51|2|002|100| A|524111|061|A|02|||7|Akomodasi|2|KPPN|2|ORG|1|FREK|2|HR|8|OH|516875|4135000|0
2026|01|528476|015|08|WA|4715|EBA|21|51|2|002|100| A|524111|061|A|02|||8|Uang Harian|2|KPPN|2|ORG|1|FREK|3|HR|12|OH|235584|2827000|0
2026|01|528476|015|08|WA|4715|EBA|21|51|2|002|100| A|524113|061|A||||1|Transport Lokal dalam rangka Koordinasi|2|ORG|12|FREK|0||0||24|OK|131750|3162000|0
2026|01|528476|015|08|WA|4715|EBA|21|51|2|994|002| A|521111|061|A||||1|Keperluan seharihari perkantoran|1|THN|0||0||0||1|THN|84262000|84262000|0
2026|01|528476|015|08|WA|4715|EBA|21|51|2|994|002| A|521111|061|A||||2|Honor Satpam|3|ORG|13|BLN|0||0||39|OB|3595000|140205000|0
2026|01|528476|015|08|WA|4715|EBA|21|51|2|994|002| A|521111|061|A||||3|Honor Pengemudi|1|ORG|13|BLN|0||0||13|OB|3595000|46735000|0
2026|01|528476|015|08|WA|4715|EBA|21|51|2|994|002| A|521111|061|A||||4|Honor Pramubakti|5|ORG|13|BLN|0||0||65|OB|3268000|212420000|0
2026|01|528476|015|08|WA|4715|EBA|21|51|2|994|002| A|521111|061|A||||5|Honor Dokter|1|ORG|12|BLN|0||0||12|OB|625000|7500000|0
2026|01|528476|015|08|WA|4715|EBA|21|51|2|994|002| A|521111|061|A||||6|Uang Lembur PPNPN|9|ORG|2|JAM|96|HR|0||1728|OJ|13000|22464000|0
2026|01|528476|015|08|WA|4715|EBA|21|51|2|994|002| A|521111|061|A||||7|Uang Makan Lembur PPNPN|9|ORG|24|HR|0||0||216|OH|30000|6480000|0
2026|01|528476|015|08|WA|4715|EBA|21|51|2|994|002| A|521111|061|A||||8|Konsumsi RapatPenerimaan Tamu|50|ORG|10|KEG|0||0||500|OK|50000|25000000|0
2026|01|528476|015|08|WA|4715|EBA|21|51|2|994|002| A|521119|061|A||||1|Peningkatan Kebugaran|1|ORG|12|BLN|0||0||12|OB|105750|1269000|0
2026|01|528476|015|08|WA|4715|EBA|21|51|2|994|002| A|521811|061|A||||1|Obatobatan|40|PEG|0||0||0||40|PEG|250000|10000000|0
2026|01|528476|015|08|WA|4715|EBA|21|51|2|994|002| B|521114|061|A||||1|PosPengepakanPengirimanPengangkutan|1|THN|0||0||0||1|THN|1121000|1121000|0
2026|01|528476|015|08|WA|4715|EBA|21|51|2|994|002| B|522113|061|A||||1|Langganan Air|1|THN|0||0||0||1|THN|52395000|52395000|0
2026|01|528476|015|08|WA|4715|EBA|21|51|2|994|002| C|521115|061|A|01||1|1|Honor Pengelola Keuangan|0||0||0||0||0||0|0|0
2026|01|528476|015|08|WA|4715|EBA|21|51|2|994|002| C|521115|061|A|01|||2|KPA|1|ORG|12|BLN|0||0||12|OB|1180000|14160000|0
2026|01|528476|015|08|WA|4715|EBA|21|51|2|994|002| C|521115|061|A|01|||3|PPK|1|ORG|12|BLN|0||0||12|OB|1150000|13800000|0
2026|01|528476|015|08|WA|4715|EBA|21|51|2|994|002| C|521115|061|A|01|||4|PPSPM|1|ORG|12|BLn|0||0||12|OB|470000|5640000|0
2026|01|528476|015|08|WA|4715|EBA|21|51|2|994|002| C|521115|061|A|01|||5|Bendahara|1|ORG|12|BLN|0||0||12|OB|410000|4920000|0
2026|01|528476|015|08|WA|4715|EBA|21|51|2|994|002| C|521115|061|A|01|||6|Staff Pengelola Keuangan|2|ORG|12|BLN|0||0||24|OB|300000|7200000|0
2026|01|528476|015|08|WA|4715|EBA|21|51|2|994|002| C|521115|061|A|02||1|7|Honor Tim SAI|0||0||0||0||0||0|0|0
2026|01|528476|015|08|WA|4715|EBA|21|51|2|994|002| C|521115|061|A|02|||8|Penanggung Jawab|1|ORG|12|BLN|0||0||12|OB|200000|2400000|0
2026|01|528476|015|08|WA|4715|EBA|21|51|2|994|002| C|521115|061|A|02|||9|Koordinator|1|ORG|12|BLN|0||0||12|OB|200000|2400000|0
2026|01|528476|015|08|WA|4715|EBA|21|51|2|994|002| C|521115|061|A|02|||10|KetuaWakil Ketua|1|ORG|12|BLN|0||0||12|OB|150000|1800000|0
2026|01|528476|015|08|WA|4715|EBA|21|51|2|994|002| C|521115|061|A|02|||11|AnggotaPetugas|1|ORG|12|BLN|0||0||12|OB|150000|1800000|0
2026|01|528476|015|08|WA|4715|EBA|21|51|2|994|002| C|521115|061|A|03||1|12|Honor Output Kegiatan|0||0||0||0||0||0|0|0
2026|01|528476|015|08|WA|4715|EBA|21|51|2|994|002| C|521115|061|A|03|||13|Honor Pejabat PBJ|1|ORG|12|BLN|0||0||12|OB|680000|8160000|0
2026|01|528476|015|08|WA|4715|EBA|21|51|2|994|002| C|521115|061|A|03|||14|Honor Penyimpan dan Pengurus BMN|1|ORG|12|BLN|0||0||12|OB|180000|2160000|0
2026|01|528476|015|08|WA|4715|EBA|21|51|2|994|002| C|521119|061|A||||1|Seragam Pegawai|40|PEG|1|STEL|0||0||40|STEL|723750|28950000|0
2026|01|528476|015|08|WA|4715|EBA|21|51|2|994|002| C|521119|061|A||||2|Seragam Satpam|3|ORG|1|STEL|0||0||3|Stel|2197667|6593000|0
2026|01|528476|015|08|WA|4715|EBA|21|51|2|994|002| C|521119|061|A||||3|Seragam Pengemudi|1|ORG|1|STEL|0||0||1|STEL|522000|522000|0
2026|01|528476|015|08|WA|4715|EBA|21|51|2|994|002| C|521119|061|A||||4|Seragam Pramubakti|5|ORG|1|STEL|0||0||5|STEL|522200|2611000|0
2026|01|528476|015|08|WA|4715|EBA|21|51|2|994|002| D|523121|061|A||||1|Kendaraan Jabatan|1|UNIT|0||0||0||1|UNIT|30868000|30868000|0
2026|01|528476|015|08|WA|4715|EBA|21|51|2|994|002| D|523121|061|A||||2|Kendaraan Roda 4|3|UNIT|0||0||0||3|UNIT|30868334|92605000|0
2026|01|528476|015|08|WA|4715|EBA|21|51|2|994|002| D|523121|061|A||||3|Kendaraan Roda 2 (Sepeda Motor)|1|UNIT|0||0||0||1|UNIT|5040000|5040000|0
2026|01|528476|015|08|WA|4715|EBA|21|51|2|994|002| D|523121|061|A||||4|Kendaraan Roda 2 (Sepeda Motor Listrik)|1|UNIT|0||0||0||1|UNIT|3066000|3066000|0
2026|01|528476|015|08|WA|4715|EBA|21|51|2|994|002| D|523121|061|A||||5|Inventaris Kantor|40|PEG|0||0||0||40|PEG|76650|3066000|0
2026|01|528476|015|08|WA|4715|EBA|21|51|2|994|002| D|523121|061|A||||6|Tabung Pemadam Api|15|UNIT|0||0||0||15|UNIT|287467|4312000|0
2026|01|528476|015|08|WA|4715|EBA|21|51|2|994|002| D|523121|061|A||||7|AC Standing Floor SplitCassette|35|UNIT|0||0||0||35|UNIT|479086|16768000|0
2026|01|528476|015|08|WA|4715|EBA|21|51|2|994|002| D|523121|061|A||||8|Genset s.d 50 KVA|2|UNIT|0||0||0||2|UNIT|4856000|9712000|0
2026|01|528476|015|08|WA|4715|EBA|21|51|2|994|002| G|523111|061|A||||1|Pemeliharaan Gedung Kantor Bertingkat|2022|M2|0||0||0||2022|M2|89021|180000000|0
2026|01|528476|015|08|WA|4715|EBA|21|51|2|994|002| G|523111|061|A||||2|Pemeliharaan Halaman Kantor|157|M2|0||0||0||157|M2|11497|1805000|0
2026|01|528476|015|08|WA|4715|EBA|21|51|2|994|002| G|523119|061|A||||1|Pemeliharaan GedungBangunan Lainnya Tidak Bertingkat (Maluku)|161|M2|0||0||0||161|M2|89250|14369000|0
2026|01|528476|015|08|WA|4715|EBA|21|51|2|994|002| G|523119|061|A||||2|Rumah Jabatan Kakanwil|278|M2|0||0||0||278|M2|99173|27570000|0
2026|01|528476|015|08|WA|4715|EBA|21|51|2|994|002| G|523119|061|A||||3|Halaman Rujab Kakanwil|603|M2|0||0||0||603|M2|7186|4333000|0
2026|01|528476|015|08|WA|4715|EBA|21|51|2|994|002|TJ|523121|061|A||||1|PC Laptop|40|UNIT|0||0||0||40|UNIT|104100|4164000|0
2026|01|528476|015|08|WA|4715|EBA|21|51|2|994|002|TJ|523121|061|A||||2|Printer|19|UNIT|0||0||0||19|UNIT|134843|2562000|0
2026|01|528476|015|08|WA|4715|EBD|21|51|2|Z26|100| A|521211|061|A||||1|KDM  Konsumsi Makan Peserta KPPN|4|KPPN|2|ORG|1|KEG|2|HR|16|OK|43500|696000|0
2026|01|528476|015|08|WA|4715|EBD|21|51|2|Z26|100| A|521211|061|A||||2|KDM  Konsumsi Snack Peserta KPPN|4|KPPN|2|ORG|1|KEG|2|HR|16|OK|17000|272000|0
2026|01|528476|015|08|WA|4715|EBD|21|51|2|Z26|100| A|521211|061|A||||3|KDM  Konsumsi Makan Peserta Kanwil|10|ORG|1|KEG|2|HR|0||20|OK|43500|870000|0
2026|01|528476|015|08|WA|4715|EBD|21|51|2|Z26|100| A|521211|061|A||||4|KDM  Konsumsi Snack Peserta Kanwil|10|ORG|1|KEG|2|HR|0||20|OK|17000|340000|0
2026|01|528476|015|08|WA|4715|EBD|21|51|2|Z26|100| A|524111|061|A||||1|Transport|3|KPPN|2|ORG|1|FREK|0||6|Ok|1549834|9299000|0
2026|01|528476|015|08|WA|4715|EBD|21|51|2|Z26|100| A|524111|061|A||||2|Akomodasi|3|KPPN|2|ORG|1|FREK|2|HR|12|OH|516834|6202000|0
2026|01|528476|015|08|WA|4715|EBD|21|51|2|Z26|100| A|524111|061|A||||3|Uang Harian|3|KPPN|2|ORG|1|FREK|3|HR|18|OH|235556|4240000|0
2026|01|528476|015|08|WA|4715|EBD|21|51|2|Z26|100| A|524113|061|A||||1|Transport Lokal|1|KPPN|2|ORG|1|FREK|0||2|OK|131500|263000|0
2026|01|528476|015|08|WA|4715|EBD|21|51|2|Z36|100| A|521211|061|A|01||1|1| Rakor Penyusunan Pengelolaan Kinerja dan DKO (Cross Program)|0||0||0||0||0||0|0|0
2026|01|528476|015|08|WA|4715|EBD|21|51|2|Z36|100| A|521211|061|A|01|||2|KDM  Konsumsi Makan Peserta KPPN|1|KPPN|1|ORG|1|KEG|1|HR|1|OK|1000|1000|0
2026|01|528476|015|08|WA|4715|EBD|21|51|2|Z36|100| A|521211|061|A|01|||3|KDM  Konsumsi Makan Peserta Kanwil|2|ORG|1|KEG|1|HR|0||2|OK|1000|2000|0
2026|01|528476|015|08|WA|4715|EBD|21|51|2|Z36|100| A|524111|061|A||||1|Transport|2|ORG|1|KEG|0||0||2|OK|660000|1320000|0
2026|01|528476|015|08|WA|4715|EBD|21|51|2|Z36|100| A|524111|061|A||||2|Akomodasi|2|ORG|1|KEG|2|HR|0||4|OH|445000|1780000|0
2026|01|528476|015|08|WA|4715|EBD|21|51|2|Z36|100| A|524111|061|A||||3|Uang Harian|2|ORG|1|KEG|3|HR|0||6|OH|304000|1824000|0
2026|01|528476|015|08|WA|4718|BMB|21|51|2|001|100| A|521211|061|A||||1|KDM  Konsumsi Makan Peserta|50|ORG|2|KEG|0||0||100|OK|43520|4352000|0
2026|01|528476|015|08|WA|4718|BMB|21|51|2|001|100| A|521211|061|A||||2|KDM  Konsumsi Snack Peserta|50|ORG|2|KEG|0||0||100|OK|17000|1700000|0
2026|01|528476|015|08|WA|4718|BMB|21|51|2|002|100| A|521211|061|A||||1|KDM  Konsumsi Makan Peserta Press Conference|20|ORG|12|BLN|0||0||240|OK|43521|10445000|0
2026|01|528476|015|08|WA|4718|BMB|21|51|2|002|100| A|521211|061|A||||2|KDM  Konsumsi Snack Peserta Press Conference|20|ORG|12|BLN|0||0||240|OK|17000|4080000|0
2026|01|528476|015|08|WA|4718|BMB|21|51|2|002|100| A|521211|061|A||||3|CTK  SpandukBanner|12|BLN|1|PKT|0||0||12|PKT|340000|4080000|0
2026|01|528476|015|08|WA|4718|BMB|21|51|2|002|100| A|521219|061|A||||1|Advertorial APBN Kita|4|FREK|1|PKT|0||0||4|PKT|1005000|4020000|0
2026|01|528476|015|08|WA|4719|EBA|21|51|2|003|100| A|524111|061|A||||1|Transport|3|KPPN|4|ORG|1|FREK|0||12|OK|1956250|23475000|0
2026|01|528476|015|08|WA|4719|EBA|21|51|2|003|100| A|524111|061|A||||2|Akomodasi|3|KPPN|4|ORG|1|FREK|4|hr|48|OH|362500|17400000|0
2026|01|528476|015|08|WA|4719|EBA|21|51|2|003|100| A|524111|061|A||||3|Uang Harian|3|KPPN|4|ORG|1|FREK|5|HR|60|OH|198750|11925000|0
2026|01|528476|015|08|WA|4719|EBA|21|51|2|003|100| A|524113|061|A||||1|Transport Lokal|3|KPPN|7|ORG|1|FREK|2|HR|42|OK|150000|6300000|0
2026|01|528476|015|08|WA|4719|EBA|21|51|2|003|100| A|524113|061|A||||2|Uang Harian Dalam Kota lebih dari 8 Jam|1|KPPN|2|ORG|1|FREK|1|HR|2|OK|80500|161000|0
2026|01|528476|015|08|WA|4719|EBA|21|51|2|003|100| B|521211|061|A|01||1|1|Koordinasi Kanwil Dalam Rangka WBKWBBMKWTKPT|0||0||0||0||0||0|0|0
2026|01|528476|015|08|WA|4719|EBA|21|51|2|003|100| B|521211|061|A|01|||2|KDM  Konsumsi Peserta KPPN|4|KPPN|2|ORG|2|KEG|0||16|OK|1250|20000|0
2026|01|528476|015|08|WA|4719|EBA|21|51|2|003|100| B|521211|061|A|01|||3|KDM  Konsumsi Peserta KPPN|4|KPPN|2|ORG|2|KEG|0||16|OK|1250|20000|0
2026|01|528476|015|08|WA|4719|EBA|21|51|2|003|100| B|521211|061|A|01|||4|KDM  Konsumsi Peserta Kanwil|10|ORG|2|KEG|0||0||20|OK|1000|20000|0
2026|01|528476|015|08|WA|4719|EBA|21|51|2|003|100| B|521211|061|A|01|||5| KDM Konsumsi Peserta Kanwil|10|ORG|2|KEG|0||0||20|OK|1000|20000|0
2026|01|528476|015|08|WA|4719|EBA|21|51|2|005|100| A|524111|061|A||||1|Transport|2|ORG|1|FREK|0||0||2|OK|2150000|4300000|0
2026|01|528476|015|08|WA|4719|EBA|21|51|2|005|100| A|524111|061|A||||2|Akomodasi|2|ORG|1|FREK|1|HR|0||2|OH|667000|1334000|0
2026|01|528476|015|08|WA|4719|EBA|21|51|2|005|100| A|524111|061|A||||3|Uang Harian|1|ORG|1|FREK|3|HR|0||3|OH|304000|912000|0
2026|01|528476|015|08|WA|4719|EBA|21|51|2|005|100| A|524113|061|A||||1|Transport Lokal|2|ORG|1|FREK|0||0||2|OK|20000|40000|0
2026|01|528476|015|08|WA|4719|EBA|21|51|2|005|100| B|524111|061|A||||1|Transport|2|KPPN|2|ORG|1|FREK|0||4|OK|1640000|6560000|0
2026|01|528476|015|08|WA|4719|EBA|21|51|2|005|100| B|524111|061|A||||2|Akomodasi|2|KPPN|2|ORG|1|FREK|2|HR|8|OH|667000|5336000|0
2026|01|528476|015|08|WA|4719|EBA|21|51|2|005|100| B|524111|061|A||||3|Uang Harian|2|KPPN|2|ORG|1|FREK|3|HR|12|OH|304000|3648000|0
2026|01|528476|015|08|WA|4719|EBA|21|51|2|005|100| B|524113|061|A||||1|Transport Lokal|1|KPPN|2|ORG|1|FREK|4|HR|8|OK|154125|1233000|0
2026|01|528476|015|08|WA|4719|EBA|21|51|2|005|100| B|524113|061|A||||2|Uang Harian Dalam Kota Lebih dari 8 Jam|1|KPPN|2|ORG|1|FREK|2|HR|4|OK|2500|10000|0
2026|01|528476|015|08|WA|4719|EBA|21|51|2|994|001| A|511129|061|A||||1|Uang Makan Golongan II|12|ORG|19|HR|12|BLN|0||2736|OH|35000|95760000|0
2026|01|528476|015|08|WA|4719|EBA|21|51|2|994|001| A|511129|061|A||||2|Uang Makan golongan III|23|ORG|19|HR|12|BLN|0||5244|OH|37000|194028000|0
2026|01|528476|015|08|WA|4719|EBA|21|51|2|994|001| A|511129|061|A||||3|Uang makan Golongan IV|5|ORG|19|HR|12|BLN|0||1140|OH|41000|46740000|0
2026|01|528476|015|08|WA|4719|EBA|21|51|2|994|001| A|512211|061|A||||1|Uang Lembur Golongan II|12|ORG|2|JAM|30|HR|0||720|OJ|21656|15592000|0
2026|01|528476|015|08|WA|4719|EBA|21|51|2|994|001| A|512211|061|A||||2|Uang Lembur Golongan III|23|ORG|2|JAM|30|HR|0||1380|OJ|27069|37355000|0
2026|01|528476|015|08|WA|4719|EBA|21|51|2|994|001| A|512211|061|A||||3|Uang Lembur Golongan IV|5|ORG|2|JAM|30|HR|0||300|OJ|32484|9745000|0
2026|01|528476|015|08|WA|4719|EBA|21|51|2|994|001| A|512211|061|A||||4|Uang Makan Lembur Golongan II|12|ORG|1|FREK|30|HR|0||360|OH|31581|11369000|0
2026|01|528476|015|08|WA|4719|EBA|21|51|2|994|001| A|512211|061|A||||5|Uang Makan Lembur Golongan III|23|ORG|1|FREK|30|HR|0||690|OH|33386|23036000|0
2026|01|528476|015|08|WA|4719|EBA|21|51|2|994|001| A|512211|061|A||||6|Uang makan Lembur Golongan IV|5|ORG|1|FREK|30|HR|0||150|OH|36994|5549000|0
2026|01|528476|015|08|WA|4719|EBC|21|51|2|001|100|XC|521211|061|A|01||1|1|In House Training|0||0||0||0||0||0|0|0
2026|01|528476|015|08|WA|4719|EBC|21|51|2|001|100|XC|521211|061|A|01|||2|KDM  Konsumsi Makan|45|PEG|1|KL|0||0||45|OK|43512|1958000|0
2026|01|528476|015|08|WA|4719|EBC|21|51|2|001|100|XC|521211|061|A|01|||3|KDM  Konsumsi Snack|45|PEG|1|KL|0||0||45|OK|17000|765000|0
2026|01|528476|015|08|WA|4719|EBC|21|51|2|001|100|XC|521211|061|A|01|||4|CTK  Barang Habis Pakai|45|PEG|1|FREK|0||0||45|OK|47600|2142000|0
2026|01|528476|015|08|WA|4719|EBC|21|51|2|001|100|XC|521211|061|A|02||1|5|Data Analitik|0||0||0||0||0||0|0|0
2026|01|528476|015|08|WA|4719|EBC|21|51|2|001|100|XC|521211|061|A|02|||6|KDM  Konsumsi Makan|20|PEG|2|FREK|0||0||40|OK|43525|1741000|0
2026|01|528476|015|08|WA|4719|EBC|21|51|2|001|100|XC|521211|061|A|02|||7|KDM  Konsumsi Snack|20|PEG|2|FREK|0||0||40|OK|17000|680000|0
2026|01|528476|015|08|WA|4719|EBC|21|51|2|001|100|XC|521219|061|A||||1|Penunjang Kegiatan|1|PAKET|1|KEG|0||0||1|PAKET|918000|918000|0
2026|01|528476|015|08|WA|4719|EBC|21|51|2|001|100|XC|522141|061|A||||1|Sewa Tempat Kegiatan|1|PAKET|1|KEG|0||0||1|PAKET|1845000|1845000|0
2026|01|528476|015|08|WA|4719|EBC|21|51|2|001|100|XC|522151|061|A|01||1|1|Peningkatan Kapasitas SDM|0||0||0||0||0||0|0|0
2026|01|528476|015|08|WA|4719|EBC|21|51|2|001|100|XC|522151|061|A|01|||2|Honorarium Narasumber|1|ORG|2|JAM|3|FREK|0||6|OJ|133500|801000|0
2026|01|528476|015|08|WA|4719|EBC|21|51|2|001|100|XC|524113|061|A|01||1|1|Perjalanan Dinas dalam rangka Peningkatan Kapasitas SDM|0||0||0||0||0||0|0|0
2026|01|528476|015|08|WA|4719|EBC|21|51|2|001|100|XC|524113|061|A|01|||2|Transport Narasumber|1|ORG|3|FREK|0||0||3|OK|131667|395000|0
2026|01|528476|015|08|WA|4722|EBD|21|51|2|001|100| A|521211|061|A|01||1|1|Rapat Penyusunan Profil Risiko (Cross Program)|0||0||0||0||0||0|0|0
2026|01|528476|015|08|WA|4722|EBD|21|51|2|001|100| A|521211|061|A|01|||2|KDM  Konsumsi Snack Peserta KPPN|4|KPPN|2|ORG|2|KEG|0||16|OK|20875|334000|0
2026|01|528476|015|08|WA|4722|EBD|21|51|2|001|100| A|521211|061|A|01|||3|KDM  Konsumsi Snack Peserta Kanwil|12|ORG|2|KEG|0||0||24|OK|20850|500000|0
2026|01|528476|015|08|WA|4722|EBD|21|51|2|001|100| B|524111|061|A||||1|Transport|1|KPPN|2|ORG|1|FREK|0||2|OK|2153000|4306000|0
2026|01|528476|015|08|WA|4722|EBD|21|51|2|001|100| B|524111|061|A||||2|Akomodasi|1|KPPN|2|ORG|1|FREK|1|HR|2|OH|667000|1334000|0
2026|01|528476|015|08|WA|4722|EBD|21|51|2|001|100| B|524111|061|A||||3|Uang Harian|1|KPPN|1|ORG|1|FREK|3|HR|3|OH|304000|912000|0
2026|01|528476|015|08|WA|4722|EBD|21|51|2|001|100| B|524113|061|A||||1|Transport Lokal|1|KPPN|1|ORG|1|FREK|0||1|OK|10000|10000|0
2026|01|528476|015|08|WA|4715|EBB|21|51|2|004|100|GL|533111|061|A|01||1|1|Pembangunan 1 Unit Town House|0||0||0||0||0||0|0|0
2026|01|528476|015|08|WA|4715|EBB|21|51|2|004|100|GL|533111|061|A|01|||2|Biaya Konstruksi Fisik|254|m2|0||0||0||254|m2|9043953|2297164000|0
2026|01|528476|015|08|WA|4715|EBB|21|51|2|004|100|GL|533111|061|A|01|||3|Biaya Konsultan Perencana|1|PKT|0||0||0||1|PKT|100000000|100000000|0
2026|01|528476|015|08|WA|4715|EBB|21|51|2|004|100|GL|533111|061|A|01|||4|Biaya Konsltan Pengawas|1|PKT|0||0||0||1|PKT|95000000|95000000|0
2026|01|528476|015|08|WA|4715|EBB|21|51|2|004|100|GL|533111|061|A|01|||5|Biaya Pengelola Kegiatan|1|PKT|0||0||0||1|PKT|95000000|95000000|0
2026|01|528629|015|08|CD|6212|BMB|24|51|2|001|100| A|524113|039|A||||1|Transport Lokal|5|ORG|1|KEG|0||0||5|OK|100000|500000|0
2026|01|528629|015|08|CD|6212|BMB|24|51|2|001|100| B|521211|039|A||||1|KDM  Konsumsi Makan|30|ORG|2|KEG|0||0||60|OK|46800|2808000|0
2026|01|528629|015|08|CD|6212|BMB|24|51|2|001|100| B|521211|039|A||||2|KDM  Konsumsi Snack|30|ORG|2|KEG|0||0||60|OK|19800|1188000|0
2026|01|528629|015|08|CD|6212|BMB|24|51|2|001|100| B|521211|039|A||||3|CTK  Seminar Kit|30|ORG|2|KEG|0||0||60|OK|100000|6000000|0
2026|01|528629|015|08|CD|6212|BMB|24|51|2|001|100| B|522151|039|A||||1|Honor Narasumber|2|ORG|1|JAM|4|KEG|0||8|OJ|700000|5600000|0
2026|01|528629|015|08|CD|6212|BMB|24|51|2|001|100| B|524113|039|A||||1|Transport Lokal UMKM|4|ORG|1|HR|12|KEG|0||48|OK|100000|4800000|0
2026|01|528629|015|08|CD|6212|BMB|24|51|2|001|100| B|524113|039|A||||2|Transport Lokal Media|9|ORG|1|KEG|0||0||9|OK|100000|900000|0
2026|01|528629|015|08|CD|6212|BMB|24|51|2|001|100| C|524113|039|A||||1|Transport Lokal|5|ORG|2|HR|2|KEG|0||20|OK|75000|1500000|0
2026|01|528629|015|08|CD|6212|BMB|24|51|2|001|100| D|521211|039|A||||1|KDM  Konsumsi Makan|20|ORG|1|KEG|0||0||20|OK|46800|936000|0
2026|01|528629|015|08|CD|6212|BMB|24|51|2|001|100| D|521211|039|A||||2|KDM  Konsumsi Snack|20|ORG|1|KEG|0||0||20|OK|19800|396000|0
2026|01|528629|015|08|CD|6212|BMB|24|51|2|001|100| D|521211|039|A||||3|CTK  Media Penunjang Kegiatan|1|KEG|1|PKT|0||0||1|OK|1409000|1409000|0
2026|01|528629|015|08|CD|6212|BMB|24|51|2|001|100| D|521211|039|A||||4|Biaya Publikasi UMKM|1|PKT|0||0||0||1|PKT|2500000|2500000|0
2026|01|528629|015|08|CD|6212|BMB|24|51|2|001|100| D|522141|039|A||||1|Sewa Tenda|1|PKT|0||0||0||1|PKT|9600000|9600000|0
2026|01|528629|015|08|CD|6212|FAC|24|51|2|002|100| A|524111|039|A||||1|Transport|2|BLU|2|ORG|1|FREK|0||4|OK|1084750|4339000|0
2026|01|528629|015|08|CD|6212|FAC|24|51|2|002|100| A|524111|039|A||||2|Akomodasi|2|BLU|2|ORG|1|FREK|2|HR|8|OH|571125|4569000|0
2026|01|528629|015|08|CD|6212|FAC|24|51|2|002|100| A|524111|039|A||||3|Uang Harian|2|BLU|2|ORG|1|FREK|3|HR|12|OH|266584|3199000|0
2026|01|528629|015|08|CD|6212|FAC|24|51|2|002|100| A|524113|039|A||||1|Transport Lokal|1|BLU|2|ORG|1|FREK|1|HR|2|OK|131500|263000|0
2026|01|528629|015|08|CD|6212|FAC|24|51|2|002|100| B|521211|039|A||||1|KDM  Konsumsi Makan|20|ORG|1|FREK|0||0||20|OK|52000|1040000|0
2026|01|528629|015|08|CD|6212|FAC|24|51|2|002|100| B|521211|039|A||||2|KDM  Konsumsi Snack|20|ORG|1|FREK|0||0||20|OK|22000|440000|0
2026|01|528629|015|08|CD|6212|FAC|24|51|2|002|100| B|521211|039|A||||3|Cetak Buku Profil BLUD|2|BUKU|1|FREK|0||0||2|BH|676500|1353000|0
2026|01|528629|015|08|CD|6212|FAC|24|51|2|002|100| B|522151|039|A||||1|Honor Narasumber|2|ORG|1|JAM|1|FREK|0||2|OK|900000|1800000|0
2026|01|528629|015|08|CD|6212|FAC|24|51|2|002|100| B|524111|039|A||||1|Transport|3|PEMDA|2|ORG|1|FREK|0||6|OK|1113334|6680000|0
2026|01|528629|015|08|CD|6212|FAC|24|51|2|002|100| B|524111|039|A||||2|Akomodasi|3|PEMDA|4|ORG|1|FREK|1|HR|12|OH|500000|6000000|0
2026|01|528629|015|08|CD|6212|FAC|24|51|2|002|100| B|524111|039|A||||3|Uang Harian|3|PEMDA|4|ORG|1|FREK|2|HR|24|OH|190750|4578000|0
2026|01|528629|015|08|CD|6212|FAC|24|51|2|002|100| B|524113|039|A||||1|Transport Lokal|2|ORG|1|FREK|2|HR|0||4|OK|131750|527000|0
2026|01|528629|015|08|CD|6212|FAH|24|51|2|003|100| A|524113|039|A||||1|Transport Lokal|2|ORG|2|FREK|1|HR|0||4|OK|131750|527000|0
2026|01|528629|015|08|CD|6212|FAH|24|51|2|003|100| B|524111|039|A||||1|Transport|1|ORG|1|FREK|0||0||1|OK|1217000|1217000|0
2026|01|528629|015|08|CD|6212|FAH|24|51|2|003|100| B|524111|039|A||||2|Akomodasi|1|ORG|1|FREK|2|HR|0||2|OH|446500|893000|0
2026|01|528629|015|08|CD|6212|FAH|24|51|2|003|100| B|524111|039|A||||3|Uang Harian|1|ORG|1|FREK|3|HR|0||3|OH|273334|820000|0
2026|01|528629|015|08|CD|6212|FAH|24|51|2|003|100| B|524113|039|A||||1|Transport Lokal|2|ORG|1|FREK|0||0||2|OK|131500|263000|0
2026|01|528629|015|08|CD|6212|FAH|24|51|2|002|100| A|521211|039|A||||1|KDM  Konsumsi Makan Peserta|10|ORG|1|KEG|0||0||10|OK|34000|340000|0
2026|01|528629|015|08|CD|6212|FAH|24|51|2|002|100| A|521211|039|A||||2|KDM  Konsumsi Snack Peserta|10|ORG|1|KEG|0||0||10|OK|13000|130000|0
2026|01|528629|015|08|CD|6212|FAH|24|51|2|002|100| B|524111|039|A||||1|Transport|2|ORG|1|FREK|0||0||2|OK|883500|1767000|0
2026|01|528629|015|08|CD|6212|FAH|24|51|2|002|100| B|524111|039|A||||2|Akomodasi|2|ORG|1|FREK|2|HR|0||4|OH|446250|1785000|0
2026|01|528629|015|08|CD|6212|FAH|24|51|2|002|100| B|524111|039|A||||3|Uang Harian|2|ORG|1|FREK|3|HR|0||6|OH|223167|1339000|0
2026|01|528629|015|08|CD|6212|FAH|24|51|2|002|100| B|524113|039|A||||1|Transport Lokal Koordinasi Data|2|ORG|2|FREK|0||0||4|OK|131750|527000|0
2026|01|528629|015|08|CD|6212|FAH|24|51|2|002|100| C|522151|039|A||||1|Honor Narasumber|2|ORG|2|JAM|1|KEG|0||4|OJ|765000|3060000|0
2026|01|528629|015|08|CD|6212|FAH|24|51|2|002|100| C|524113|039|A||||1|Transport Lokal Narasumber|2|ORG|1|KEG|0||0||2|OK|131500|263000|0
2026|01|528629|015|08|CD|6212|FAL|24|51|2|001|100| A|524111|039|A||||1|Transport|3|KAB|2|ORG|1|FREK|0||6|OK|1101500|6609000|0
2026|01|528629|015|08|CD|6212|FAL|24|51|2|001|100| A|524111|039|A||||2|Akomodasi|3|KAB|2|ORG|1|HR|0||6|OH|562834|3377000|0
2026|01|528629|015|08|CD|6212|FAL|24|51|2|001|100| A|524111|039|A||||3|Uang Harian|3|KAB|2|ORG|1|FREK|2|HR|12|OH|262417|3149000|0
2026|01|528629|015|08|CD|6212|FAL|24|51|2|001|100| A|524113|039|A||||1|Transport Lokal|2|ORG|1|FREK|2|HR|0||4|OK|131750|527000|0
2026|01|528629|015|08|CD|6212|FAL|24|51|2|001|100| B|521211|039|A||||1|KDM  Konsumsi Makan Peserta Pemda|23|PEMDA|3|ORG|1|KEG|0||69|OK|49198|3394000|0
2026|01|528629|015|08|CD|6212|FAL|24|51|2|001|100| B|521211|039|A||||2|KDM  Konsumsi Snack Peserta Pemda|23|PEMDA|3|ORG|1|KEG|0||69|OK|20406|1408000|0
2026|01|528629|015|08|CD|6212|FAL|24|51|2|001|100| B|521211|039|A||||3|KDM  Konsumsi Makan Panitia dan Narasumber|16|ORG|1|KEG|0||0||16|OK|52000|832000|0
2026|01|528629|015|08|CD|6212|FAL|24|51|2|001|100| B|521211|039|A||||4|KDM  Konsumsi Snack Panitia dan Narasumber|16|ORG|1|KEG|0||0||16|OK|22000|352000|0
2026|01|528629|015|08|CD|6212|FAL|24|51|2|001|100| C|521211|039|A||||1|KDM  Konsumsi Makan Peserta Pemda|15|ORG|2|ORG|2|KEG|0||60|OK|45050|2703000|0
2026|01|528629|015|08|CD|6212|FAL|24|51|2|001|100| C|521211|039|A||||2|KDM  Konsumsi Makan Panitia|4|ORG|2|KEG|0||0||8|OK|50133|401000|0
2026|01|528629|015|08|CD|6212|FAL|24|51|2|001|100| C|521211|039|A||||3|KDM  Konsumsi Snack Peserta Pemda|15|PEMDA|2|ORG|2|KEG|0||60|OK|18750|1125000|0
2026|01|528629|015|08|CD|6212|FAL|24|51|2|001|100| C|521211|039|A||||4|KDM  Konsumsi Snack Panitia|4|ORG|2|KEG|0||0||8|OK|22000|176000|0
2026|01|528629|015|08|CD|6212|FAL|24|51|2|001|100| D|521211|039|A|01||1|1|Rapat Persiapan Penyerahan DIPA|0||0||0||0||0||0|0|0
2026|01|528629|015|08|CD|6212|FAL|24|51|2|001|100| D|521211|039|A|01|||2|KDM  Konsumsi Makan Panitia|14|ORG|1|KEG|0||0||14|OK|42143|590000|0
2026|01|528629|015|08|CD|6212|FAL|24|51|2|001|100| D|521211|039|A|01|||3|KDM  Konsumsi Snack Panitia|14|ORG|1|KEG|0||0||14|OK|17786|249000|0
2026|01|528629|015|08|CD|6212|FAL|24|51|2|001|100| D|521211|039|A|02||1|4|Pelaksanaan Penyerahan DIPA|0||0||0||0||0||0|0|0
2026|01|528629|015|08|CD|6212|FAL|24|51|2|001|100| D|521211|039|A|02|||5|KDM  Konsumsi Makan Panitia, Peserta Kanwil dan Narasumber|14|ORG|1|KEG|0||0||14|OK|42143|590000|0
2026|01|528629|015|08|CD|6212|FAL|24|51|2|001|100| D|521211|039|A|02|||6|KDM  Konsumsi Snack Panitia, Peserta Kanwil dan Narasumber|14|ORG|1|KEG|0||0||14|OK|17786|249000|0
2026|01|528629|015|08|CD|6212|FAL|24|51|2|001|100| D|521211|039|A|02|||7|KDM  Konsumsi Makan Satker|32|SKTR|2|ORG|1|KEG|0||64|OK|42125|2696000|0
2026|01|528629|015|08|CD|6212|FAL|24|51|2|001|100| D|521211|039|A|02|||8|KDM  Konsumsi Snack Satker|32|SKTR|2|ORG|1|KEG|0||64|OK|17813|1140000|0
2026|01|528629|015|08|CD|6212|FAL|24|51|2|001|100| D|521211|039|A|02|||9|KDM  Konsumsi Makan Pemda|23|PEMDA|3|ORG|1|KEG|0||69|OK|42116|2906000|0
2026|01|528629|015|08|CD|6212|FAL|24|51|2|001|100| D|521211|039|A|02|||10|KDM  Konsumsi Snack Pemda|23|PEMDA|3|ORG|1|KEG|0||69|OK|17827|1230000|0
2026|01|528629|015|08|CD|6212|FAL|24|51|2|001|100| D|521213|039|A||||1|Panitia Kegiatan (Pemprov)|8|ORG|1|KEG|0||0||8|OK|60000|480000|0
2026|01|528629|015|08|CD|6212|FAL|24|51|2|001|100| D|522151|039|A||||1|Honor Narasumber (Gubernur)|1|ORG|2|JAM|1|KEG|0||2|OJ|850000|1700000|0
2026|01|528629|015|08|CD|6212|FAL|24|51|2|001|100| D|524113|039|A||||1|Transport Lokal Panitia|14|ORG|1|KEG|0||0||14|OK|131715|1844000|0
2026|01|528629|015|08|CD|6213|ABA|24|51|2|001|100| A|522151|039|A||||1|Honor Narasumber Tenaga Profesional|1|ORG|2|JAM|3|KEG|0||6|OJ|765000|4590000|0
2026|01|528629|015|08|CD|6213|ABA|24|51|2|001|100| A|524111|039|A|01||1|1|Site Visit Potensi Investasi|0||0||0||0||0||0|0|0
2026|01|528629|015|08|CD|6213|ABA|24|51|2|001|100| A|524111|039|A|01|||2|Transport|3|ORG|2|LOK|1|FREK|0||6|OK|1170167|7021000|0
2026|01|528629|015|08|CD|6213|ABA|24|51|2|001|100| A|524111|039|A|01|||3|Akomodasi|3|ORG|2|LOK|1|FREK|2|HR|12|OH|446334|5356000|0
2026|01|528629|015|08|CD|6213|ABA|24|51|2|001|100| A|524111|039|A|01|||4|Uang Harian|3|ORG|2|LOK|1|FREK|3|HR|18|OH|223167|4017000|0
2026|01|528629|015|08|CD|6213|FAE|24|51|2|008|100| A|521211|039|A||||1|KDM  Konsumsi Makan Peserta dan Panitia|20|ORG|1|KEG|12|FREK|0||240|OK|35000|8400000|0
2026|01|528629|015|08|CD|6213|FAE|24|51|2|008|100| A|521211|039|A||||2|KDM  Konsumsi Snack Peserta dan Panitia|20|ORG|1|KEG|12|FREK|0||240|OK|14984|3596000|0
2026|01|528629|015|08|CD|6213|FAE|24|51|2|008|100| A|522151|039|A||||1|Honor Narasumber Local Expert|1|ORG|2|JAM|2|KEG|0||4|OJ|1000000|4000000|0
2026|01|528629|015|08|CD|6213|FAE|24|51|2|008|100| A|522151|039|A||||2|Honor Local Expert|1|ORG|12|BLN|0||0||12|OB|5100000|61200000|0
2026|01|528629|015|08|CD|6213|FAE|24|51|2|009|100| B|524111|039|A||||1|Transport|2|PEMDA|2|ORG|1|FREK|0||4|OK|1159750|4639000|0
2026|01|528629|015|08|CD|6213|FAE|24|51|2|009|100| B|524111|039|A||||2|Akomodasi|2|PEMDA|2|ORG|1|FREK|1|HR|4|OK|571000|2284000|0
2026|01|528629|015|08|CD|6213|FAE|24|51|2|009|100| B|524111|039|A||||3|Uang Harian|2|PEMDA|2|ORG|1|FREK|2|HR|8|OK|266625|2133000|0
2026|01|528629|015|08|CD|6213|FAE|24|51|2|009|100| B|524113|039|A||||1|Transport Lokal|3|ORG|1|FREK|0||0||3|OK|131667|395000|0
2026|01|528629|015|08|CD|6213|FAE|24|51|2|009|100| C|524111|039|A||||1|Transport|3|ORG|2|LOK|1|FREK|0||6|OK|1084834|6509000|0
2026|01|528629|015|08|CD|6213|FAE|24|51|2|009|100| C|524111|039|A||||2|Akomodasi|3|ORG|2|HR|2|LOK|1|FREK|12|OK|571089|6853000|0
2026|01|528629|015|08|CD|6213|FAE|24|51|2|009|100| C|524111|039|A||||3|Uang Harian|3|ORG|3|HR|2|LOK|1|FREK|18|OK|266556|4798000|0
2026|01|528629|015|08|CD|6213|FAE|24|51|2|009|100| C|524113|039|A||||1|Transport Lokal|3|ORG|1|LOK|1|FREK|0||3|OK|131667|395000|0
2026|01|528629|015|08|CD|6213|FAE|24|51|2|009|100| D|521211|039|A||||1|KDM  Konsumsi Makan Peserta|20|ORG|1|LOK|1|KEG|0||20|OK|42100|842000|0
2026|01|528629|015|08|CD|6213|FAE|24|51|2|009|100| D|521211|039|A||||2|KDM  Konsumsi Snack Peserta|20|ORG|1|LOK|1|KEG|0||20|OK|17800|356000|0
2026|01|528629|015|08|CD|6213|FAE|24|51|2|009|100| D|522151|039|A||||1|Honor Narasumber|3|ORG|2|JAM|1|FREK|0||6|OJ|1395000|8370000|0
2026|01|528629|015|08|CD|6213|FAE|24|51|2|009|100| D|524113|039|A||||1|Transport Lokal|20|ORG|1|FREK|0||0||20|OK|131750|2635000|0
2026|01|528629|015|08|CD|6213|FAE|24|51|2|009|100| D|524113|039|A||||2|Uang Harian|20|ORG|1|HR|1|FREK|0||20|OK|105400|2108000|0
2026|01|528629|015|08|CD|6213|FAL|24|51|2|003|100| A|521211|039|A|01||1|1|Penyusunan Spending Review|0||0||0||0||0||0|0|0
2026|01|528629|015|08|CD|6213|FAL|24|51|2|003|100| A|521211|039|A|01|||2|KDM  Konsumsi Makan Rapat|20|ORG|1|FREK|1|KEG|0||20|OK|42100|842000|0
2026|01|528629|015|08|CD|6213|FAL|24|51|2|003|100| A|521211|039|A|01|||3|KDM  Konsumsi Snack Rapat|20|ORG|1|FREK|1|KEG|0||20|OK|17800|356000|0
2026|01|528629|015|08|CD|6213|FAL|24|51|2|003|100| C|521211|039|A|01||1|1|Pelaksanaan FGD|0||0||0||0||0||0|0|0
2026|01|528629|015|08|CD|6213|FAL|24|51|2|003|100| C|521211|039|A|01|||2|KDM  Konsumsi Makan Panitia|3|ORG|1|KEG|0||0||3|OK|42000|126000|0
2026|01|528629|015|08|CD|6213|FAL|24|51|2|003|100| C|521211|039|A|01|||3|KDM  Konsumsi Snack Panitia|3|ORG|1|KEG|0||0||3|OK|17667|53000|0
2026|01|528629|015|08|CD|6213|FAL|24|51|2|003|100| C|521211|039|A|01|||4|KDM  Konsumsi Makan Peserta|30|SKTR|2|ORG|1|KEG|0||60|OK|42117|2527000|0
2026|01|528629|015|08|CD|6213|FAL|24|51|2|003|100| C|521211|039|A|01|||5|KDM  Konsumsi Snack Peserta|30|SKTR|2|ORG|1|KEG|0||60|OK|17817|1069000|0
2026|01|528629|015|08|CD|6213|FAL|24|51|2|003|100| D|524111|039|A||||1|Transport|2|ORG|1|FREK|0||0||2|OK|1085000|2170000|0
2026|01|528629|015|08|CD|6213|FAL|24|51|2|003|100| D|524111|039|A||||2|Akomodasi|2|ORG|1|FREK|2|HR|0||4|OH|571000|2284000|0
2026|01|528629|015|08|CD|6213|FAL|24|51|2|003|100| D|524111|039|A||||3|Uang Harian|2|ORG|1|FREK|3|HR|0||6|OH|266500|1599000|0
2026|01|528629|015|08|CD|6213|FAL|24|51|2|003|100| D|524113|039|A||||1|Transport Lokal|2|ORG|1|FREK|0||0||2|OK|131500|263000|0
2026|01|528629|015|08|CD|6213|FAL|24|51|2|003|100| E|521211|039|A||||1|KDM  Konsumsi Makan Rapat|20|ORG|2|KEG|0||0||40|OK|42125|1685000|0
2026|01|528629|015|08|CD|6213|FAL|24|51|2|003|100| E|521211|039|A||||2|KDM  Konsumsi Snack Rapat|20|ORG|2|KEG|0||0||40|OK|17825|713000|0
2026|01|528629|015|08|CD|6213|FAL|24|51|2|003|100| E|522151|039|A||||1|Honor Narasumber (Ekonomi KemenkeuEksternal)|1|ORG|2|JAM|2|KEG|0||4|OJ|850000|3400000|0
2026|01|528629|015|08|CD|6213|FAL|24|51|2|003|100| E|524113|039|A||||1|Transport Lokal|2|ORG|2|FREK|0||0||4|OK|131750|527000|0
2026|01|528629|015|08|CD|6213|FAL|24|51|2|003|100| F|521211|039|A|01||1|1|Pelaksanaan Rakor serta Sosialisasi|0||0||0||0||0||0|0|0
2026|01|528629|015|08|CD|6213|FAL|24|51|2|003|100| F|521211|039|A|01|||2|KDM  Konsumsi Makan Peserta KPPN|6|KPPN|1|ORG|1|KEG|0||6|OK|42167|253000|0
2026|01|528629|015|08|CD|6213|FAL|24|51|2|003|100| F|521211|039|A|01|||3|KDM  Konsumsi Snack Peserta KPPN|6|KPPN|1|ORG|1|KEG|0||6|OK|17834|107000|0
2026|01|528629|015|08|CD|6213|FAL|24|51|2|003|100| F|521211|039|A|01|||4|KDM  Konsumsi Makan Panitia dan Narasumber|20|ORG|2|KEG|0||0||40|OK|42125|1685000|0
2026|01|528629|015|08|CD|6213|FAL|24|51|2|003|100| F|521211|039|A|01|||5|KDM  Konsumsi Snack Panitia dan Narasumber|20|ORG|2|KEG|0||0||40|OK|17825|713000|0
2026|01|528629|015|08|CD|6213|FAL|24|51|2|003|100| F|521211|039|A|01|||6|KDM  Konsumsi Makan Peserta Pemda|23|PEMDA|1|ORG|1|KEG|0||23|OK|42131|969000|0
2026|01|528629|015|08|CD|6213|FAL|24|51|2|003|100| F|521211|039|A|01|||7|KDM  Konsumsi Snack Peserta Pemda|23|PEMDA|1|ORG|1|KEG|0||23|OK|17827|410000|0
2026|01|528629|015|08|CD|6213|FAL|24|51|2|003|100| F|521211|039|A|01|||8|KDM  Konsumsi Makan Peserta KL Unit Terkait|5|ORG|1|KEG|0||0||5|PKT|42200|211000|0
2026|01|528629|015|08|CD|6213|FAL|24|51|2|003|100| F|521211|039|A|01|||9|KDM  Konsumsi Snack Peserta KL Unit Terkait|5|ORG|1|KEG|0||0||5|PKT|17800|89000|0
2026|01|528629|015|08|CD|6213|FAL|24|51|2|003|100| F|522151|039|A||||1|Honor Narasumber setara Pejabat Es.II (Ekonomi KemenkeuEksternal)|2|ORG|2|JAM|1|KEG|0||4|OJ|850000|3400000|0
2026|01|528629|015|08|CD|6213|FAL|24|51|2|003|100| F|524111|039|A||||1|Transport|5|KPPN|1|FREK|1|ORG|0||5|OK|1084800|5424000|0
2026|01|528629|015|08|CD|6213|FAL|24|51|2|003|100| F|524111|039|A||||2|Akomodasi|5|KPPN|1|FREK|1|HR|1|ORG|5|OH|571200|2856000|0
2026|01|528629|015|08|CD|6213|FAL|24|51|2|003|100| F|524111|039|A||||3|Uang Harian|5|KPPN|1|FREK|2|HR|1|ORG|10|OH|266600|2666000|0
2026|01|528629|015|08|CD|6213|FAL|24|51|2|003|100| F|524113|039|A||||1|Transport Lokal (Peserta KPPN)|1|KPPN|1|FREK|1|ORG|0||1|OK|132000|132000|0
2026|01|528629|015|08|CD|6213|FAL|24|51|2|003|100| G|521211|039|A||||1|KDM  Konsumsi Makan|20|ORG|1|KEG|0||0||20|OK|42100|842000|0
2026|01|528629|015|08|CD|6213|FAL|24|51|2|003|100| G|521211|039|A||||2|KDM  Konsumsi Snack|20|ORG|1|KEG|0||0||20|OK|17800|356000|0
2026|01|528629|015|08|CD|6213|FAL|24|51|2|003|100| H|524111|039|A|01||1|1|Perjalanan Dinas Pembinaan KPPNMonev ke Pemda|0||0||0||0||0||0|0|0
2026|01|528629|015|08|CD|6213|FAL|24|51|2|003|100| H|524111|039|A|01|||2|Transport|6|PEMDA|2|ORG|2|FREK|0||24|OK|1084875|26037000|0
2026|01|528629|015|08|CD|6213|FAL|24|51|2|003|100| H|524111|039|A|01|||3|Akomodasi|6|PEMDA|2|ORG|2|FREK|1|HR|24|OH|571084|13706000|0
2026|01|528629|015|08|CD|6213|FAL|24|51|2|003|100| H|524111|039|A|01|||4|Uang Harian|6|PEMDA|2|ORG|2|FREK|2|HR|48|OH|266563|12795000|0
2026|01|528629|015|08|CD|6213|FAL|24|51|2|003|100| H|524113|039|A||||1|Transport Lokal|2|ORG|2|FREK|2|HR|0||8|OK|131750|1054000|0
2026|01|528629|015|08|CD|6215|FAH|24|51|2|003|100| A|524111|039|A||||1|Transport|2|KPPN|2|ORG|1|FREK|0||4|OK|1109750|4439000|0
2026|01|528629|015|08|CD|6215|FAH|24|51|2|003|100| A|524111|039|A||||2|Akomodasi|2|KPPN|2|ORG|1|FREK|2|HR|8|OH|564875|4519000|0
2026|01|528629|015|08|CD|6215|FAH|24|51|2|003|100| A|524111|039|A||||3|Uang Harian|2|KPPN|2|ORG|1|FREK|3|HR|12|OH|262417|3149000|0
2026|01|528629|015|08|CD|6215|FAH|24|51|2|003|100| A|524113|039|A||||1|Transport Lokal|1|KPPN|2|ORG|1|FREK|0||2|OK|131500|263000|0
2026|01|528629|015|08|CD|6215|FAH|24|51|2|003|100| B|521211|039|A||||1|KDM  Konsumsi Makan Peserta KPPN|6|ORG|1|ORG|1|KEG|0||6|OK|42167|253000|0
2026|01|528629|015|08|CD|6215|FAH|24|51|2|003|100| B|521211|039|A||||2|KDM  Konsumsi Snack Peserta KPPN|6|ORG|1|ORG|1|KEG|0||6|OK|17834|107000|0
2026|01|528629|015|08|CD|6215|FAH|24|51|2|003|100| B|521211|039|A||||3|KDM  Konsumsi Makan Peserta Kanwil|9|ORG|1|KEG|0||0||9|OK|42112|379000|0
2026|01|528629|015|08|CD|6215|FAH|24|51|2|003|100| B|521211|039|A||||4|KDM  Konsumsi Snack Peserta Kanwil|9|ORG|1|KEG|0||0||9|OK|17778|160000|0
2026|01|528629|015|08|CD|6215|FAH|24|51|2|001|100| A|524111|039|A||||1|Transport|6|PEMDA|2|ORG|1|FREK|0||12|OK|1084834|13018000|0
2026|01|528629|015|08|CD|6215|FAH|24|51|2|001|100| A|524111|039|A||||2|Akomodasi|6|PEMDA|2|ORG|1|FREK|1|HR|12|OH|571084|6853000|0
2026|01|528629|015|08|CD|6215|FAH|24|51|2|001|100| A|524111|039|A||||3|Uang Harian|6|PEMDA|2|ORG|1|FREK|2|HR|24|OH|266584|6398000|0
2026|01|528629|015|08|CD|6215|FAH|24|51|2|001|100| A|524113|039|A||||1|Transport Lokal Koordinasi Data|2|ORG|1|FREK|0||0||2|OK|131500|263000|0
2026|01|528629|015|08|CD|6215|FAH|24|51|2|001|100| B|521211|039|A|01||1|1|Pelaksanaan Kearsipan dan Dokumentasi|0||0||0||0||0||0|0|0
2026|01|528629|015|08|CD|6215|FAH|24|51|2|001|100| B|521211|039|A|01|||2|CTK  DokumentasiPenggandaanLaminasi|1|THN|0||0||0||1|THN|810000|810000|0
2026|01|528629|015|08|CD|6216|FAE|24|51|2|002|100| A|524111|039|A||||1|Transport|1|ORG|1|FREK|0||0||1|OK|1150000|1150000|0
2026|01|528629|015|08|CD|6216|FAE|24|51|2|002|100| A|524111|039|A||||2|Akomodasi|1|ORG|1|FREK|2|HR|0||2|OH|446500|893000|0
2026|01|528629|015|08|CD|6216|FAE|24|51|2|002|100| A|524111|039|A||||3|Uang Harian|1|ORG|1|FREK|3|HR|0||3|OH|223334|670000|0
2026|01|528629|015|08|CD|6216|FAE|24|51|2|002|100| A|524113|039|A||||1|Transport Lokal|2|ORG|4|FREK|0||0||8|OK|131750|1054000|0
2026|01|528629|015|08|WA|4715|EBA|24|51|2|001|100| A|521811|039|A||||1|ATK dan Supplies Komputer|0||0||0||0||1|THN|12082000|12082000|0
2026|01|528629|015|08|WA|4715|EBA|24|51|2|001|100| A|522151|039|A||||1|Honor Rohaniawan dalam rangka Pelantikan|3|ORG|2|KEG|0||0||6|OJ|340000|2040000|0
2026|01|528629|015|08|WA|4715|EBA|24|51|2|001|100| B|522151|039|A||||1|Honor Narasumber (Dinas PU)|2|ORG|1|JAM|0||0||2|OJ|765000|1530000|0
2026|01|528629|015|08|WA|4715|EBA|24|51|2|001|100| B|524113|039|A||||1|Transport Penilai|2|ORG|1|FREK|1|HR|0||2|OK|131500|263000|0
2026|01|528629|015|08|WA|4715|EBA|24|51|2|002|100| A|524111|039|A|01||1|1|KoordinasiPembinaanRapatKonsultasi|0||0||0||0||0||0|0|0
2026|01|528629|015|08|WA|4715|EBA|24|51|2|002|100| A|524111|039|A|01|||2|Transport|3|KPPN|2|ORG|1|FREK|0||6|OK|1084834|6509000|0
2026|01|528629|015|08|WA|4715|EBA|24|51|2|002|100| A|524111|039|A|01|||3|Akomodasi|3|KPPN|2|ORG|1|FREK|2|HR|12|OH|571084|6853000|0
2026|01|528629|015|08|WA|4715|EBA|24|51|2|002|100| A|524111|039|A|01|||4|Uang Harian|3|KPPN|2|ORG|1|FREK|3|HR|18|OH|266566|4798000|0
2026|01|528629|015|08|WA|4715|EBA|24|51|2|002|100| A|524111|039|A|02||1|5|Konsultasi ke Pusat|0||0||0||0||0||0|0|0
2026|01|528629|015|08|WA|4715|EBA|24|51|2|002|100| A|524111|039|A|02|||6|Transport|2|ORG|2|FREK|0||0||4|OK|4529250|18117000|0
2026|01|528629|015|08|WA|4715|EBA|24|51|2|002|100| A|524111|039|A|02|||7|Akomodasi|2|ORG|2|FREK|2|HR|0||8|OH|565625|4525000|0
2026|01|528629|015|08|WA|4715|EBA|24|51|2|002|100| A|524111|039|A|02|||8|Uang Harian|2|ORG|2|FREK|3|HR|0||12|OH|328584|3943000|0
2026|01|528629|015|08|WA|4715|EBA|24|51|2|002|100| A|524113|039|A||||1|Transport Lokal dalam rangka Koordinasi|3|ORG|12|FREK|0||0||36|OK|150000|5400000|0
2026|01|528629|015|08|WA|4715|EBA|24|51|2|994|002| A|521111|039|A||||1|Honor Dokter|1|ORG|12|BLN|0||0||12|OB|625000|7500000|0
2026|01|528629|015|08|WA|4715|EBA|24|51|2|994|002| A|521111|039|A||||2|Keperluan seharihari perkantoran|43|ORG|1|THN|0||0||43|PEG|1520000|65360000|0
2026|01|528629|015|08|WA|4715|EBA|24|51|2|994|002| A|521111|039|A||||3|Uang Lembur PPNPN|9|ORG|2|JAM|60|HR|0||1080|OJ|13000|14040000|0
2026|01|528629|015|08|WA|4715|EBA|24|51|2|994|002| A|521111|039|A||||4|Honor Pengemudi|2|ORG|13|BLN|0||0||26|OB|2695000|70070000|0
2026|01|528629|015|08|WA|4715|EBA|24|51|2|994|002| A|521111|039|A||||5|Honor Satpam|5|ORG|13|BLN|0||0||65|OB|2695000|175175000|0
2026|01|528629|015|08|WA|4715|EBA|24|51|2|994|002| A|521111|039|A||||6|Honor Pramubhakti|2|ORG|13|BLN|0||0||26|OB|2542500|66105000|0
2026|01|528629|015|08|WA|4715|EBA|24|51|2|994|002| A|521111|039|A||||7|Uang Makan Lembur PPNPN|9|ORG|60|HR|0||0||540|OH|30000|16200000|0
2026|01|528629|015|08|WA|4715|EBA|24|51|2|994|002| A|521119|039|A||||1|Peningkatan Kebugaran|1|ORG|12|BLN|0||0||12|OB|227000|2724000|0
2026|01|528629|015|08|WA|4715|EBA|24|51|2|994|002| A|521811|039|A||||1|Obatobatan|43|PEG|0||0||0||43|PEG|200000|8600000|0
2026|01|528629|015|08|WA|4715|EBA|24|51|2|994|002| B|521114|039|A||||1|PosPengepakanPengirimanPengangkutan|1|THN|0||0||0||1|THN|4645000|4645000|0
2026|01|528629|015|08|WA|4715|EBA|24|51|2|994|002| B|522111|039|A||||1|Langganan Listrik|1|THN|0||0||0||1|THN|8895000|8895000|0
2026|01|528629|015|08|WA|4715|EBA|24|51|2|994|002| B|522112|039|A||||1|Langganan Telepon|1|THN|0||0||0||1|THN|2035000|2035000|0
2026|01|528629|015|08|WA|4715|EBA|24|51|2|994|002| B|522113|039|A||||1|Langganan Air|0||0||0||0||1|THN|546000|546000|0
2026|01|528629|015|08|WA|4715|EBA|24|51|2|994|002| C|521115|039|A|01||1|1|Honor Output Kegiatan|0||0||0||0||0||0|0|0
2026|01|528629|015|08|WA|4715|EBA|24|51|2|994|002| C|521115|039|A|01|||2|Honor Pejabat PBJ|1|ORG|12|BLN|0||0||12|OB|680000|8160000|0
2026|01|528629|015|08|WA|4715|EBA|24|51|2|994|002| C|521115|039|A|01|||3|Honor Penyimpan dan Pengurus BMN|1|ORG|12|BLN|0||0||12|OB|180000|2160000|0
2026|01|528629|015|08|WA|4715|EBA|24|51|2|994|002| C|521115|039|A|02||1|4|Honor Tim SAI|0||0||0||0||0||0|0|0
2026|01|528629|015|08|WA|4715|EBA|24|51|2|994|002| C|521115|039|A|02|||5|Penanggung jawab|1|ORG|12|BLN|0||0||12|OB|200000|2400000|0
2026|01|528629|015|08|WA|4715|EBA|24|51|2|994|002| C|521115|039|A|02|||6|Koordinator|1|ORG|12|BLN|0||0||12|OB|200000|2400000|0
2026|01|528629|015|08|WA|4715|EBA|24|51|2|994|002| C|521115|039|A|02|||7|Ketuawakil ketua|1|ORG|12|BLN|0||0||12|OB|150000|1800000|0
2026|01|528629|015|08|WA|4715|EBA|24|51|2|994|002| C|521115|039|A|02|||8|AnggotaPetugas|1|ORG|12|BLN|0||0||12|OB|150000|1800000|0
2026|01|528629|015|08|WA|4715|EBA|24|51|2|994|002| C|521115|039|A|03||1|9|Honor Pengelola Keuangan|0||0||0||0||0||0|0|0
2026|01|528629|015|08|WA|4715|EBA|24|51|2|994|002| C|521115|039|A|03|||10|KPA|1|ORG|12|BLN|0||0||12|OB|1180000|14160000|0
2026|01|528629|015|08|WA|4715|EBA|24|51|2|994|002| C|521115|039|A|03|||11|PPK|1|ORG|12|BLN|0||0||12|OB|1150000|13800000|0
2026|01|528629|015|08|WA|4715|EBA|24|51|2|994|002| C|521115|039|A|03|||12|PPSPM|1|ORG|12|BLN|0||0||12|OB|470000|5640000|0
2026|01|528629|015|08|WA|4715|EBA|24|51|2|994|002| C|521115|039|A|03|||13|Bendahara|1|ORG|12|BLN|0||0||12|OB|410000|4920000|0
2026|01|528629|015|08|WA|4715|EBA|24|51|2|994|002| C|521115|039|A|03|||14|Staf Pengelola Keuangan|2|ORG|12|BLN|0||0||24|OB|300000|7200000|0
2026|01|528629|015|08|WA|4715|EBA|24|51|2|994|002| C|521119|039|A|01||1|1|Pengadaan Seragam|0||0||0||0||0||0|0|0
2026|01|528629|015|08|WA|4715|EBA|24|51|2|994|002| C|521119|039|A|01|||2|Seragam Pegawai|45|PEG|1|STEL|0||0||45|STEL|655000|29475000|0
2026|01|528629|015|08|WA|4715|EBA|24|51|2|994|002| C|521119|039|A|01|||3|Seragam Satpam|5|ORG|1|STEL|0||0||5|STEL|1999600|9998000|0
2026|01|528629|015|08|WA|4715|EBA|24|51|2|994|002| C|521119|039|A|01|||4|Seragam Pengemudi|2|ORG|1|STEL|0||0||2|STEL|655000|1310000|0
2026|01|528629|015|08|WA|4715|EBA|24|51|2|994|002| C|521119|039|A|01|||5|Seragam Pramubhakti|2|ORG|1|STEL|0||0||2|STEL|655000|1310000|0
2026|01|528629|015|08|WA|4715|EBA|24|51|2|994|002| D|523121|039|A||||1|Mesin Fotocopy|1|UNIT|0||0||0||1|Unit|958000|958000|0
2026|01|528629|015|08|WA|4715|EBA|24|51|2|994|002| D|523121|039|A||||2|AC SentralWindowSplitCassette|6|Unit|0||0||0||6|Unit|479167|2875000|0
2026|01|528629|015|08|WA|4715|EBA|24|51|2|994|002| D|523121|039|A||||3|Inventaris Kantor|43|PEG|0||0||0||43|PEG|76652|3296000|0
2026|01|528629|015|08|WA|4715|EBA|24|51|2|994|002| D|523121|039|A|01||1|4|Pemeliharaan Kendaraan Dinas Roda 4|0||0||0||0||0||0|0|0
2026|01|528629|015|08|WA|4715|EBA|24|51|2|994|002| D|523121|039|A|01|||5|Mini Bus (Penumpang 14 Orang Ke Bawah)|1|Unit|0||0||0||1|Unit|29720000|29720000|0
2026|01|528629|015|08|WA|4715|EBA|24|51|2|994|002| G|523111|039|A|01||1|1|Pemeliharaan Rumah Jabatan|0||0||0||0||0||0|0|0
2026|01|528629|015|08|WA|4715|EBA|24|51|2|994|002| G|523111|039|A|01|||2|Pemeliharaan Rumah Negara Golongan II Tipe C Permanen|0||0||0||0||70|M2|5028|351000|0
2026|01|528629|015|08|WA|4715|EBA|24|51|2|994|002| G|523111|039|A|01|||3|Pemeliharaan Rumah Negara Golongan II Tipe B Permanen|0||0||0||0||120|M2|80000|9600000|0
2026|01|528629|015|08|WA|4715|EBA|24|51|2|994|002| G|523111|039|A|02||1|4|Pemeliharaan Gedung dan Bangunan|0||0||0||0||0||0|0|0
2026|01|528629|015|08|WA|4715|EBA|24|51|2|994|002| G|523111|039|A|02|||5|Bangunan Gedung Kantor Permanen|400|M2|0||0||0||400|M2|68983|27593000|0
2026|01|528629|015|08|WA|4715|EBA|24|51|2|994|002| G|523111|039|A|03||1|6|Pemeliharaan Halaman Kantor|0||0||0||0||0||0|0|0
2026|01|528629|015|08|WA|4715|EBA|24|51|2|994|002| G|523111|039|A|03|||7|Tanah Bangunan Kantor Pemerintah|10052|M2|0||0||0||10052|M2|6676|67107000|0
2026|01|528629|015|08|WA|4715|EBA|24|51|2|994|002|TJ|523121|039|A||||1|PCLaptop|43|Unit|0||0||0||43|Unit|479094|20601000|0
2026|01|528629|015|08|WA|4715|EBA|24|51|2|994|002|TJ|523121|039|A||||2|Printer|22|Unit|0||0||0||22|Unit|661137|14545000|0
2026|01|528629|015|08|WA|4715|EBA|24|51|2|994|002|TJ|523121|039|A||||3|UPS10KVA|0||0||0||0||6|Unit|191667|1150000|0
2026|01|528629|015|08|WA|4715|EBD|24|51|2|Z26|100| A|521211|039|A||||1|KDM  Konsumsi Makan Peserta KPPN|6|KPPN|2|ORG|1|KEG|2|HR|24|OK|42125|1011000|0
2026|01|528629|015|08|WA|4715|EBD|24|51|2|Z26|100| A|521211|039|A||||2|KDM  Konsumsi Snack Peserta KPPN|6|KPPN|2|ORG|1|KEG|2|HR|24|OK|17834|428000|0
2026|01|528629|015|08|WA|4715|EBD|24|51|2|Z26|100| A|521211|039|A||||3|KDM  Konsumsi Makan Peserta Kanwil|10|ORG|1|KEG|2|HR|0||20|OK|42100|842000|0
2026|01|528629|015|08|WA|4715|EBD|24|51|2|Z26|100| A|521211|039|A||||4|KDM  Konsumsi Snack Peserta Kanwil|10|ORG|1|KEG|2|HR|0||20|OK|17800|356000|0
2026|01|528629|015|08|WA|4715|EBD|24|51|2|Z26|100| A|524111|039|A||||1|Transport|5|KPPN|2|ORG|1|FREK|0||10|OK|1206100|12061000|0
2026|01|528629|015|08|WA|4715|EBD|24|51|2|Z26|100| A|524111|039|A||||2|Akomodasi|5|KPPN|2|ORG|1|FREK|2|HR|20|OH|510500|10210000|0
2026|01|528629|015|08|WA|4715|EBD|24|51|2|Z26|100| A|524111|039|A||||3|Uang Harian|5|KPPN|2|ORG|1|FREK|3|HR|30|OH|266567|7997000|0
2026|01|528629|015|08|WA|4715|EBD|24|51|2|Z26|100| A|524113|039|A||||1|Transport Lokal|1|KPPN|2|ORG|1|FREK|0||2|OK|131500|263000|0
2026|01|528629|015|08|WA|4715|EBD|24|51|2|Z36|100| A|521211|039|A|01||1|1|Rakor Penyusunan Pengelolaan Kinerja dan DKO (Cross Program)|0||0||0||0||0||0|0|0
2026|01|528629|015|08|WA|4715|EBD|24|51|2|Z36|100| A|521211|039|A|01|||2|KDM  Konsumsi Makan Peserta KPPN|6|KPPN|1|ORG|1|KEG|1|HR|6|OK|42167|253000|0
2026|01|528629|015|08|WA|4715|EBD|24|51|2|Z36|100| A|521211|039|A|01|||3|KDM  Konsumsi Snack Peserta KPPN|6|KPPN|1|ORG|1|KEG|1|HR|6|OK|17834|107000|0
2026|01|528629|015|08|WA|4715|EBD|24|51|2|Z36|100| A|521211|039|A|01|||4|KDM  Konsumsi Makan Peserta Kanwil|10|ORG|1|KEG|1|HR|0||10|OK|42100|421000|0
2026|01|528629|015|08|WA|4715|EBD|24|51|2|Z36|100| A|521211|039|A|01|||5|KDM  Konsumsi Snack Peserta Kanwil|10|ORG|1|KEG|1|HR|0||10|OK|17800|178000|0
2026|01|528629|015|08|WA|4715|EBD|24|51|2|Z36|100| A|521211|039|A|01|||6|CTK  Pengelolaan Kinerja, DAMS dan ABK|0||0||0||0||12|BLN|405000|4860000|0
2026|01|528629|015|08|WA|4718|BMB|24|51|2|001|100| A|521211|039|A||||1|KDM  Konsumsi Makan Peserta|50|ORG|2|KEG|0||0||100|OK|42120|4212000|0
2026|01|528629|015|08|WA|4718|BMB|24|51|2|001|100| A|521211|039|A||||2|KDM  Konsumsi Snack Peserta|50|ORG|2|KEG|0||0||100|OK|17820|1782000|0
2026|01|528629|015|08|WA|4718|BMB|24|51|2|002|100| A|521211|039|A||||1|KDM  Konsumsi Makan Peserta Press Conference|20|ORG|12|BLN|0||0||240|OK|42121|10109000|0
2026|01|528629|015|08|WA|4718|BMB|24|51|2|002|100| A|521211|039|A||||2|KDM  Konsumsi Snack Peserta Press Conference|20|ORG|12|BLN|0||0||240|OK|17821|4277000|0
2026|01|528629|015|08|WA|4718|BMB|24|51|2|002|100| A|521211|039|A||||3|CTK  SpandukBanner|12|BLN|1|PKT|0||0||12|PKT|295000|3540000|0
2026|01|528629|015|08|WA|4718|BMB|24|51|2|002|100| A|521219|039|A||||1|Advertorial APBN Kita|12|FREK|1|PKT|0||0||12|PKT|500000|6000000|0
2026|01|528629|015|08|WA|4719|EBA|24|51|2|003|100| A|524111|039|A||||1|Transport|5|KPPN|4|ORG|1|FREK|0||20|OK|1084850|21697000|0
2026|01|528629|015|08|WA|4719|EBA|24|51|2|003|100| A|524111|039|A||||2|Akomodasi|5|KPPN|4|ORG|1|FREK|4|HR|80|OH|571100|45688000|0
2026|01|528629|015|08|WA|4719|EBA|24|51|2|003|100| A|524111|039|A||||3|Uang Harian|5|KPPN|4|ORG|1|FREK|5|HR|100|OH|266570|26657000|0
2026|01|528629|015|08|WA|4719|EBA|24|51|2|003|100| A|524113|039|A||||1|Transport Lokal|1|KPPN|4|ORG|1|FREK|4|HR|16|OK|131750|2108000|0
2026|01|528629|015|08|WA|4719|EBA|24|51|2|003|100| A|524113|039|A||||2|Uang Harian Dalam Kota Lebih dari 8 Jam|1|KPPN|4|ORG|1|FREK|4|HR|16|OK|105375|1686000|0
2026|01|528629|015|08|WA|4719|EBA|24|51|2|003|100| B|521211|039|A|01||1|1|Koordinasi Kanwil Dalam Rangka WBKWBBMKWTKPT (Cross Program)|0||0||0||0||0||0|0|0
2026|01|528629|015|08|WA|4719|EBA|24|51|2|003|100| B|521211|039|A|01|||2|KDM  Konsumsi Makan Peserta KPPN|6|KPPN|2|ORG|2|KEG|0||24|OK|42125|1011000|0
2026|01|528629|015|08|WA|4719|EBA|24|51|2|003|100| B|521211|039|A|01|||3|KDM  Konsumsi Snack Peserta KPPN|6|KPPN|2|ORG|2|KEG|0||24|OK|17834|428000|0
2026|01|528629|015|08|WA|4719|EBA|24|51|2|003|100| B|521211|039|A|01|||4|KDM  Konsumsi Makan Peserta Kanwil|10|ORG|1|KEG|2|HR|0||20|OK|42100|842000|0
2026|01|528629|015|08|WA|4719|EBA|24|51|2|003|100| B|521211|039|A|01|||5|KDM  Konsumsi Snack Peserta Kanwil|10|ORG|1|KEG|2|HR|0||20|OK|17800|356000|0
2026|01|528629|015|08|WA|4719|EBA|24|51|2|994|001| A|511129|039|A||||1|Uang Makan Golongan II|10|ORG|19|HR|12|BLN|0||2280|OH|35000|79800000|0
2026|01|528629|015|08|WA|4719|EBA|24|51|2|994|001| A|511129|039|A||||2|Uang Makan Golongan III|24|ORG|19|HR|12|BLN|0||5472|OH|37000|202464000|0
2026|01|528629|015|08|WA|4719|EBA|24|51|2|994|001| A|511129|039|A||||3|Uang Makan Golongan IV|9|ORG|19|HR|12|BLN|0||2052|OH|41000|84132000|0
2026|01|528629|015|08|WA|4719|EBA|24|51|2|994|001| A|512211|039|A||||1|Uang Lembur Golongan II|10|ORG|2|JAM|30|HR|0||600|OJ|21655|12993000|0
2026|01|528629|015|08|WA|4719|EBA|24|51|2|994|001| A|512211|039|A||||2|Uang Lembur Golongan III|24|ORG|2|JAM|30|HR|0||1440|OJ|27069|38979000|0
2026|01|528629|015|08|WA|4719|EBA|24|51|2|994|001| A|512211|039|A||||3|Uang Lembur Golongan IV|9|ORG|2|JAM|30|HR|0||540|OJ|32484|17541000|0
2026|01|528629|015|08|WA|4719|EBA|24|51|2|994|001| A|512211|039|A||||4|Uang Makan Lembur Golongan II|10|ORG|1|FREK|30|HR|0||300|OH|31580|9474000|0
2026|01|528629|015|08|WA|4719|EBA|24|51|2|994|001| A|512211|039|A||||5|Uang Makan Lembur Golongan III|24|ORG|1|FREK|30|HR|0||720|OH|33385|24037000|0
2026|01|528629|015|08|WA|4719|EBA|24|51|2|994|001| A|512211|039|A||||6|Uang Makan Lembur Golongan IV|9|ORG|1|FREK|30|HR|0||270|OH|36993|9988000|0
2026|01|528629|015|08|WA|4719|EBA|24|51|2|005|100| A|524111|039|A||||1|Transport|2|ORG|1|FREK|0||0||2|OK|1085000|2170000|0
2026|01|528629|015|08|WA|4719|EBA|24|51|2|005|100| A|524111|039|A||||2|Akomodasi|2|ORG|1|FREK|1|HR|0||2|OH|571000|1142000|0
2026|01|528629|015|08|WA|4719|EBA|24|51|2|005|100| A|524111|039|A||||3|Uang Harian|2|ORG|1|ORG|2|HR|0||4|OH|266500|1066000|0
2026|01|528629|015|08|WA|4719|EBA|24|51|2|005|100| A|524113|039|A||||1|Transport Lokal|2|ORG|1|FREK|0||0||2|OK|131500|263000|0
2026|01|528629|015|08|WA|4719|EBA|24|51|2|005|100| B|524111|039|A||||1|Transport|3|KPPN|2|ORG|1|FREK|0||6|OK|1084834|6509000|0
2026|01|528629|015|08|WA|4719|EBA|24|51|2|005|100| B|524111|039|A||||2|Akomodasi|3|KPPN|2|ORG|1|FREK|2|HR|12|OH|571084|6853000|0
2026|01|528629|015|08|WA|4719|EBA|24|51|2|005|100| B|524111|039|A||||3|Uang Harian|3|KPPN|2|ORG|1|FREK|3|HR|18|OH|266556|4798000|0
2026|01|528629|015|08|WA|4719|EBA|24|51|2|005|100| B|524113|039|A||||1|Transport Lokal|1|KPPN|2|ORG|1|FREK|2|HR|4|OK|131750|527000|0
2026|01|528629|015|08|WA|4719|EBA|24|51|2|005|100| B|524113|039|A||||2|Uang Harian Dalam Kota Lebih dari 8 Jam|1|KPPN|2|ORG|1|FREK|2|HR|4|OK|105500|422000|0
2026|01|528629|015|08|WA|4719|EBC|24|51|2|001|100|XC|521211|039|A|01||1|1|In House Training|0||0||0||0||0||0|0|0
2026|01|528629|015|08|WA|4719|EBC|24|51|2|001|100|XC|521211|039|A|01|||2|KDM  Konsumsi Makan|48|ORG|1|KL|0||0||48|OK|42125|2022000|0
2026|01|528629|015|08|WA|4719|EBC|24|51|2|001|100|XC|521211|039|A|01|||3|KDM  Konsumsi Snack|48|ORG|1|KL|0||0||48|OK|17813|855000|0
2026|01|528629|015|08|WA|4719|EBC|24|51|2|001|100|XC|521211|039|A|01|||4|CTK  Barang Habis Pakai|48|ORG|1|FREK|0||0||48|OK|40500|1944000|0
2026|01|528629|015|08|WA|4719|EBC|24|51|2|001|100|XC|521211|039|A|02||1|5|Data Analitik|0||0||0||0||0||0|0|0
2026|01|528629|015|08|WA|4719|EBC|24|51|2|001|100|XC|521211|039|A|02|||6|KDM  Konsumsi Makan|22|ORG|2|FREK|0||0||44|OK|42117|1853000|0
2026|01|528629|015|08|WA|4719|EBC|24|51|2|001|100|XC|521211|039|A|02|||7|KDM  Konsumsi Snack|22|ORG|2|FREK|0||0||44|OK|17819|784000|0
2026|01|528629|015|08|WA|4719|EBC|24|51|2|001|100|XC|522151|039|A|01||1|1|Peningkatan Kapasitas SDM|0||0||0||0||0||0|0|0
2026|01|528629|015|08|WA|4719|EBC|24|51|2|001|100|XC|522151|039|A|01|||2|Honor Narasumber|1|ORG|2|JAM|3|FREK|0||6|OJ|765000|4590000|0
2026|01|528629|015|08|WA|4719|EBC|24|51|2|001|100|XC|524113|039|A||||1|Transport Narasumber|1|ORG|3|FREK|0||0||3|OK|131667|395000|0
2026|01|528629|015|08|WA|4722|EBD|24|51|2|001|100| A|521211|039|A|01||1|1|Rapat Penyusunan Profil Risiko (Cross Program)|0||0||0||0||0||0|0|0
2026|01|528629|015|08|WA|4722|EBD|24|51|2|001|100| A|521211|039|A|01|||2|KDM  Konsumsi Makan Peserta KPPN|6|KPPN|2|ORG|2|KEG|0||24|OK|42125|1011000|0
2026|01|528629|015|08|WA|4722|EBD|24|51|2|001|100| A|521211|039|A|01|||3|KDM  Konsumsi Snack Peserta KPPN|6|KPPN|2|ORG|2|KEG|0||24|OK|17834|428000|0
2026|01|528629|015|08|WA|4722|EBD|24|51|2|001|100| A|521211|039|A|01|||4|KDM  Konsumsi Makan Peserta Kanwil|9|ORG|2|KEG|0||0||18|OK|42112|758000|0
2026|01|528629|015|08|WA|4722|EBD|24|51|2|001|100| A|521211|039|A|01|||5|KDM  Konsumsi Snack Peserta Kanwil|9|ORG|2|KEG|0||0||18|OK|17834|321000|0
2026|01|528629|015|08|WA|4722|EBD|24|51|2|001|100| B|524111|039|A||||1|Transport|2|KPPN|2|ORG|1|FREK|0||4|OK|1084750|4339000|0
2026|01|528629|015|08|WA|4722|EBD|24|51|2|001|100| B|524111|039|A||||2|Akomodasi|2|KPPN|2|ORG|1|FREK|1|HR|4|OH|571000|2284000|0
2026|01|528629|015|08|WA|4722|EBD|24|51|2|001|100| B|524111|039|A||||3|Uang Harian|2|KPPN|2|ORG|1|FREK|2|HR|8|OH|266625|2133000|0
2026|01|528629|015|08|WA|4722|EBD|24|51|2|001|100| B|524113|039|A||||1|Transport Lokal|1|KPPN|2|ORG|1|FREK|0||2|OK|131500|263000|0
2026|01|528629|015|08|WA|4715|EBB|24|51|2|004|100|GL|533111|039|A|01||1|1|Pembangunan 1 Unit Townhouse|0||0||0||0||0||0|0|0
2026|01|528629|015|08|WA|4715|EBB|24|51|2|004|100|GL|533111|039|A|01|||2|Biaya Konstruksi Fisik|350|m2|0||0||0||350|m2|6492858|2272500000|0
2026|01|528629|015|08|WA|4715|EBB|24|51|2|004|100|GL|533111|039|A|01|||3|Biaya Konsultan Perencana|1|PKT|0||0||0||1|PKT|95000000|95000000|0
2026|01|528629|015|08|WA|4715|EBB|24|51|2|004|100|GL|533111|039|A|01|||4|Biaya Konsultan Pengawas|1|PKT|0||0||0||1|PKT|82500000|82500000|0
2026|01|528629|015|08|WA|4715|EBB|24|51|2|004|100|GL|533111|039|A|01|||5|Biaya Pengelola Kegiatan|1|PKT|0||0||0||1|PKT|50000000|50000000|0
2026|01|662788|015|08|CD|6212|BMB|35|01|2|001|100| A|524113|185|A||||1|Transport Lokal|2|ORG|1|KEG|0||0||2|OK|131500|263000|0
2026|01|662788|015|08|CD|6212|BMB|35|01|2|001|100| A|524113|185|A||||2|Uang Harian Dalam Kota Lebih dari 8 Jam|2|ORG|2|HR|1|KEG|0||4|OH|105500|422000|0
2026|01|662788|015|08|CD|6212|BMB|35|01|2|001|100| B|521211|185|A||||1|KDM  Konsumsi Makan|30|ORG|2|KEG|0||0||60|OK|47700|2862000|0
2026|01|662788|015|08|CD|6212|BMB|35|01|2|001|100| B|521211|185|A||||2|KDM  Konsumsi Snack|30|ORG|2|KEG|0||0||60|OK|19800|1188000|0
2026|01|662788|015|08|CD|6212|BMB|35|01|2|001|100| B|521211|185|A||||3|CTK  Seminar Kit|30|ORG|2|KEG|0||0||60|OK|100000|6000000|0
2026|01|662788|015|08|CD|6212|BMB|35|01|2|001|100| B|522151|185|A||||1|Honor Narasumber|2|ORG|2|JAM|2|KEG|0||8|OJ|900000|7200000|0
2026|01|662788|015|08|CD|6212|BMB|35|01|2|001|100| B|524113|185|A||||1|Transport Lokal Narasumber|2|ORG|1|HR|2|KEG|0||4|OK|131750|527000|0
2026|01|662788|015|08|CD|6212|BMB|35|01|2|001|100| C|524113|185|A||||1|Transport Lokal Dalam Kota|2|ORG|2|HR|2|KEG|0||8|OK|131750|1054000|0
2026|01|662788|015|08|CD|6212|BMB|35|01|2|001|100| C|524113|185|A||||2|Uang Harian Dalam Kota Lebih dari 8 Jam|2|ORG|2|HR|2|KEG|0||8|OH|105375|843000|0
2026|01|662788|015|08|CD|6212|BMB|35|01|2|001|100| D|521211|185|A||||1|KDM  Konsumsi Makan|20|ORG|1|KEG|0||0||20|OK|47700|954000|0
2026|01|662788|015|08|CD|6212|BMB|35|01|2|001|100| D|521211|185|A||||2|KDM  Konsumsi Snack|20|ORG|1|KEG|0||0||20|OK|19800|396000|0
2026|01|662788|015|08|CD|6212|BMB|35|01|2|001|100| D|521211|185|A||||3|CTK  Media Penunjang Kesehatan|1|KEG|1|PKT|0||0||1|OK|1500000|1500000|0
2026|01|662788|015|08|CD|6212|BMB|35|01|2|001|100| D|522141|185|A||||1|Sewa Tenda|1|KEG|0||0||0||1|OK|15000000|15000000|0
2026|01|662788|015|08|CD|6212|FAC|35|01|2|002|100| A|524111|185|A||||1|Transport|1|BLU|2|ORG|1|FREK|0||2|OK|581000|1162000|0
2026|01|662788|015|08|CD|6212|FAC|35|01|2|002|100| A|524111|185|A||||2|Akomodasi|1|BLU|2|ORG|1|FREK|2|HR|4|OH|700500|2802000|0
2026|01|662788|015|08|CD|6212|FAC|35|01|2|002|100| A|524111|185|A||||3|Uang Harian|1|BLU|2|ORG|1|FREK|3|HR|6|OH|266500|1599000|0
2026|01|662788|015|08|CD|6212|FAC|35|01|2|002|100| A|524113|185|A||||1|Transport Lokal|1|BLU|2|ORG|1|FREK|1|HR|2|OK|131500|263000|0
2026|01|662788|015|08|CD|6212|FAC|35|01|2|002|100| B|524111|185|A||||1|Transport|1|PEMDA|2|ORG|1|FREK|0||2|OK|581000|1162000|0
2026|01|662788|015|08|CD|6212|FAC|35|01|2|002|100| B|524111|185|A||||2|Akomodasi|1|PEMDA|2|ORG|1|FREK|1|HR|2|OK|700500|1401000|0
2026|01|662788|015|08|CD|6212|FAC|35|01|2|002|100| B|524111|185|A||||3|Uang Harian|1|PEMDA|2|ORG|1|FREK|2|HR|4|OH|266500|1066000|0
2026|01|662788|015|08|CD|6212|FAC|35|01|2|002|100| B|524113|185|A||||1|Transport Lokal|2|ORG|1|FREK|2|HR|0||4|OK|131750|527000|0
2026|01|662788|015|08|CD|6212|FAH|35|01|2|003|100| A|524113|185|A||||1|Transport Lokal|2|ORG|2|FREK|1|HR|1||4|OK|131750|527000|0
2026|01|662788|015|08|CD|6212|FAH|35|01|2|003|100| B|524111|185|A||||1|Transport|1|KEG|1|ORG|1|FREK|1||1|OK|1247000|1247000|0
2026|01|662788|015|08|CD|6212|FAH|35|01|2|003|100| B|524111|185|A||||2|Akomodasi|1|KEG|1|ORG|2|FREK|1|HR|2|OK|506500|1013000|0
2026|01|662788|015|08|CD|6212|FAH|35|01|2|003|100| B|524111|185|A||||3|Uang Harian|1|KEG|1|ORG|3|FREK|1|HR|3|OH|223334|670000|0
2026|01|662788|015|08|CD|6212|FAH|35|01|2|003|100| B|524113|185|A||||1|Transport Lokal|2|ORG|1|FREK|1|HR|1||2|OK|131500|263000|0
2026|01|662788|015|08|CD|6212|FAH|35|01|2|002|100| A|521211|185|A||||1|KDM  Konsumsi Makan Peserta|10|ORG|1|KEG|1||1||10|OK|35300|353000|0
2026|01|662788|015|08|CD|6212|FAH|35|01|2|002|100| A|521211|185|A||||2|KDM  Konsumsi Snack Peserta|10|ORG|1|KEG|1||1||10|OK|13400|134000|0
2026|01|662788|015|08|CD|6212|FAH|35|01|2|002|100| B|524111|185|A||||1|Transport|2|KEG|1|ORG|1|FREK|1||2|OK|883500|1767000|0
2026|01|662788|015|08|CD|6212|FAH|35|01|2|002|100| B|524111|185|A||||2|Akomodasi|2|KEG|1|ORG|2|FREK|1|HR|4|OK|446250|1785000|0
2026|01|662788|015|08|CD|6212|FAH|35|01|2|002|100| B|524111|185|A||||3|Uang Harian|2|KEG|1|ORG|3|FREK|1|HR|6|OH|223167|1339000|0
2026|01|662788|015|08|CD|6212|FAH|35|01|2|002|100| B|524113|185|A||||1|Transport Lokal Koordinasi Data|2|ORG|2|FREK|1|HR|1||4|OK|131750|527000|0
2026|01|662788|015|08|CD|6212|FAH|35|01|2|002|100| C|522151|185|A||||1|Honor Narasumber|2|ORG|2|JAM|1|KEG|0||4|OJ|900000|3600000|0
2026|01|662788|015|08|CD|6212|FAH|35|01|2|002|100| C|524113|185|A||||1|Transport lokal narasumber|2|ORG|1|FREK|0||0||2|OK|131500|263000|0
2026|01|662788|015|08|CD|6212|FAL|35|01|2|001|100| A|524111|185|A||||1|Transport|1|LOK|2|ORG|1|FREK|1||2|OK|581000|1162000|0
2026|01|662788|015|08|CD|6212|FAL|35|01|2|001|100| A|524111|185|A||||2|Akomodasi|1|LOK|2|ORG|1|FREK|1|HR|2|OK|700500|1401000|0
2026|01|662788|015|08|CD|6212|FAL|35|01|2|001|100| A|524111|185|A||||3|Uang Harian|1|LOK|2|ORG|1|FREK|2|HR|4|OH|266500|1066000|0
2026|01|662788|015|08|CD|6212|FAL|35|01|2|001|100| A|524113|185|A||||1|Transport Lokal|2|ORG|1|FREK|2|HR|1||4|OK|131750|527000|0
2026|01|662788|015|08|CD|6212|FAL|35|01|2|001|100| B|521211|185|A||||1|KDM  Konsumsi Makan Peserta Pemda|6|PEMDA|2|ORG|1|KEG|0||12|OK|44500|534000|0
2026|01|662788|015|08|CD|6212|FAL|35|01|2|001|100| B|521211|185|A||||2|KDM  Konsumsi Makan Peserta Pemda|6|PEMDA|2|ORG|1|KEG|0||12|OK|18500|222000|0
2026|01|662788|015|08|CD|6212|FAL|35|01|2|001|100| B|521211|185|A||||3|KDM  Konsumsi Makan Panitia dan Narasumber|1|FR|20|ORG|1|KEG|0||20|OK|44500|890000|0
2026|01|662788|015|08|CD|6212|FAL|35|01|2|001|100| B|521211|185|A||||4|KDM  Konsumsi Snack Panitia dan Narasumber|1|FR|20|ORG|1|KEG|0||20|OK|18500|370000|0
2026|01|662788|015|08|CD|6212|FAL|35|01|2|001|100| B|522151|185|A||||1|Honor Narasumber (Ekonom KemenkeuEksternal)|1|ORG|2|JAM|1|KEG|0||2|OJ|900000|1800000|0
2026|01|662788|015|08|CD|6212|FAL|35|01|2|001|100| C|524111|185|A||||1|Transport|1|LOK|2|ORG|1|FREK|0||2|OK|581000|1162000|0
2026|01|662788|015|08|CD|6212|FAL|35|01|2|001|100| C|524111|185|A||||2|Akomodasi|1|LOK|2|ORG|1|FREK|1|HR|2|OK|700500|1401000|0
2026|01|662788|015|08|CD|6212|FAL|35|01|2|001|100| C|524111|185|A||||3|Uang Harian|1|LOK|2|ORG|1|FREK|2|HR|4|OH|266500|1066000|0
2026|01|662788|015|08|CD|6212|FAL|35|01|2|001|100| C|524113|185|A||||1|Transport Lokal Dalam Kota|2|ORG|1|FREK|2|HR|0||4|OK|131750|527000|0
2026|01|662788|015|08|CD|6212|FAL|35|01|2|001|100| D|521211|185|A|01||1|1|Rapat Persiapan Penyerahan DIPA|0||0||0||0||0||0|0|0
2026|01|662788|015|08|CD|6212|FAL|35|01|2|001|100| D|521211|185|A|02|||10|KDM  Konsumsi Snack Panitia, Peserta Kanwil dan Narasumber|1|FR|10|ORG|1|KEG|0||10|OK|18500|185000|0
2026|01|662788|015|08|CD|6212|FAL|35|01|2|001|100| D|521211|185|A|01|||2|KDM  Konsumsi Makan Panitia|1|FR|10|ORG|1|KEG|0||10|OK|44500|445000|0
2026|01|662788|015|08|CD|6212|FAL|35|01|2|001|100| D|521211|185|A|01|||3|KDM  Konsumsi Snack Panitia|1|FR|10|ORG|1|KEG|0||10|OK|18500|185000|0
2026|01|662788|015|08|CD|6212|FAL|35|01|2|001|100| D|521211|185|A|02||1|4|Pelaksanaan Penyerahan DIPA|0||0||0||0||0||0|0|0
2026|01|662788|015|08|CD|6212|FAL|35|01|2|001|100| D|521211|185|A|02|||5|KDM  Konsumsi Makan Satker|21|SATKR|2|ORG|1|KEG|0||42|OK|44524|1870000|0
2026|01|662788|015|08|CD|6212|FAL|35|01|2|001|100| D|521211|185|A|02|||6|KDM  Konsumsi Snack Satker|21|SATKR|2|ORG|1|KEG|0||42|OK|18477|776000|0
2026|01|662788|015|08|CD|6212|FAL|35|01|2|001|100| D|521211|185|A|02|||7|KDM  Konsumsi Makan Pemda|6|PEMDA|3|ORG|1|KEG|0||18|OK|44500|801000|0
2026|01|662788|015|08|CD|6212|FAL|35|01|2|001|100| D|521211|185|A|02|||8|KDM  Konsumsi Snack Pemda|6|PEMDA|3|ORG|1|KEG|0||18|OK|18500|333000|0
2026|01|662788|015|08|CD|6212|FAL|35|01|2|001|100| D|521211|185|A|02|||9|KDM Konsumsi Makan Panitia, Peserta Kanwil dan Narasumber|1|FR|10|ORG|1|KEG|0||10|OK|44500|445000|0
2026|01|662788|015|08|CD|6212|FAL|35|01|2|001|100| D|521213|185|A||||1|Panitia Kegiatan (Pemprov)|7|ORG|1|KEG|0||0||7|OK|30000|210000|0
2026|01|662788|015|08|CD|6212|FAL|35|01|2|001|100| D|522151|185|A||||1|Honor Narasumber Gubernur|1|ORG|2|JAM|1|KEG|0||2|OJ|1000000|2000000|0
2026|01|662788|015|08|CD|6212|FAL|35|01|2|001|100| D|524113|185|A||||1|Transport Lokal|10|ORG|1|FREK|1|HR|0||10|OK|131750|1317000|0
2026|01|662788|015|08|CD|6213|ABA|35|01|2|001|100| A|522151|185|A||||1|Honor Narasumber Tenaga Profesional|1|ORG|2|JAM|3|KEG|1||6|OJ|900000|5400000|0
2026|01|662788|015|08|CD|6213|ABA|35|01|2|001|100| A|524111|185|A|01||1|1|Site Visit Potensi Investasi|0||0||0||0||0||0|0|0
2026|01|662788|015|08|CD|6213|ABA|35|01|2|001|100| A|524111|185|A|01|||2|Transport|3|ORG|2|LOK|1|FREK|1||6|OK|1170167|7021000|0
2026|01|662788|015|08|CD|6213|ABA|35|01|2|001|100| A|524111|185|A|01|||3|Akomodasi|3|ORG|2|LOK|1|FREK|2|HR|12|OH|446334|5356000|0
2026|01|662788|015|08|CD|6213|ABA|35|01|2|001|100| A|524111|185|A|01|||4|Uang Harian|3|ORG|2|LOK|1|FREK|3|HR|18|OH|223167|4017000|0
2026|01|662788|015|08|CD|6213|FAE|35|01|2|008|100| A|522151|185|A||||1|Honor Narasumber Local Expert|1|ORG|2|JAM|2|KEG|0||4|OJ|1000000|4000000|0
2026|01|662788|015|08|CD|6213|FAE|35|01|2|008|100| A|522151|185|A||||2|Honor Local Expert|1|ORG|12|BL|1||1||12|OB|5100000|61200000|0
2026|01|662788|015|08|CD|6213|FAE|35|01|2|008|100| A|524111|185|A||||1|Transport|3|LOK|1|ORG|5|FREK|1||15|OK|1436750|21551000|0
2026|01|662788|015|08|CD|6213|FAE|35|01|2|008|100| A|524111|185|A||||2|Akomodasi|1|LOK|1|ORG|19|FREK|1|HR|19|OK|446375|8481000|0
2026|01|662788|015|08|CD|6213|FAE|35|01|2|008|100| A|524111|185|A||||3|Uang Harian|3|LOK|2|ORG|2|FREK|3|HR|36|OH|223167|8034000|0
2026|01|662788|015|08|CD|6213|FAE|35|01|2|009|100| B|524111|185|A||||1|Transport|2|LOK|1|ORG|2|FREK|0||4|OK|581250|2325000|0
2026|01|662788|015|08|CD|6213|FAE|35|01|2|009|100| B|524111|185|A||||2|Akomodasi|2|LOK|1|ORG|2|FREK|1|HR|4|OK|700500|2802000|0
2026|01|662788|015|08|CD|6213|FAE|35|01|2|009|100| B|524111|185|A||||3|Uang Harian|2|LOK|1|ORG|2|FREK|2|HR|8|OH|266625|2133000|0
2026|01|662788|015|08|CD|6213|FAE|35|01|2|009|100| B|524113|185|A||||1|Transport Dalam Kota|3|ORG|1|FREK|1|HR|0||3|OK|131667|395000|0
2026|01|662788|015|08|CD|6213|FAE|35|01|2|009|100| C|524111|185|A||||1|Transport|2|LOK|3|ORG|1|FREK|0||6|OK|581167|3487000|0
2026|01|662788|015|08|CD|6213|FAE|35|01|2|009|100| C|524111|185|A||||2|Akomodasi|2|LOK|3|ORG|1|FREK|2|HR|12|OK|700500|8406000|0
2026|01|662788|015|08|CD|6213|FAE|35|01|2|009|100| C|524111|185|A||||3|Uang Harian|2|LOK|3|ORG|1|FREK|3|HR|18|OH|266556|4798000|0
2026|01|662788|015|08|CD|6213|FAE|35|01|2|009|100| C|524113|185|A||||1|Transport Dalam Kota|3|ORG|1|FREK|1|LOK|0||3|OK|131667|395000|0
2026|01|662788|015|08|CD|6213|FAE|35|01|2|009|100| D|521211|185|A||||1|KDM  Konsumsi Makan Peserta|20|ORG|1|LOK|1|KEG|0||20|OK|44500|890000|0
2026|01|662788|015|08|CD|6213|FAE|35|01|2|009|100| D|521211|185|A||||2|KDM  Konsumsi Snack Peserta|20|ORG|1|LOK|1|KEG|0||20|OK|18500|370000|0
2026|01|662788|015|08|CD|6213|FAE|35|01|2|009|100| D|522151|185|A||||1|Honor Narasumber|3|ORG|2|JAM|1|FREK|0||6|OJ|1700000|10200000|0
2026|01|662788|015|08|CD|6213|FAE|35|01|2|009|100| D|524113|185|A||||1|Transport Dalam Kota|20|ORG|1|FREK|0||0||20|OK|131750|2635000|0
2026|01|662788|015|08|CD|6213|FAE|35|01|2|009|100| D|524113|185|A||||2|Uang Harian Dalam Kota Lebih dari 8 Jam|20|ORG|1|HR|1|FREK|0||20|OK|105400|2108000|0
2026|01|662788|015|08|CD|6213|FAL|35|01|2|003|100| A|521211|185|A||||1|KDM  Konsumsi Makan Rapat|1|FREK|20|ORG|1|KEG|0||20|OK|44500|890000|0
2026|01|662788|015|08|CD|6213|FAL|35|01|2|003|100| A|521211|185|A||||2|KDM  Konsumsi Snack Rapat|1|FREK|20|ORG|1|KEG|0||20|OK|18500|370000|0
2026|01|662788|015|08|CD|6213|FAL|35|01|2|003|100| C|521211|185|A||||1|KDM  Konsumsi Makan Peserta|25|UNIT|2|ORG|1|KEG|0||50|OK|44520|2226000|0
2026|01|662788|015|08|CD|6213|FAL|35|01|2|003|100| C|521211|185|A||||2|KDM  Konsumsi Makan Peserta|25|UNIT|2|ORG|1|KEG|0||50|OK|18480|924000|0
2026|01|662788|015|08|CD|6213|FAL|35|01|2|003|100| C|521211|185|A||||3|KDM  Konsumsi Makan Panitia|1|FR|3|ORG|1|KEG|0||3|OK|44667|134000|0
2026|01|662788|015|08|CD|6213|FAL|35|01|2|003|100| C|521211|185|A||||4|KDM  Konsumsi Snack Panitia|1|FR|3|ORG|1|KEG|0||3|OK|18334|55000|0
2026|01|662788|015|08|CD|6213|FAL|35|01|2|003|100| D|524111|185|A||||1|Transport|1|LOK|2|ORG|1|FREK|0||2|OK|581000|1162000|0
2026|01|662788|015|08|CD|6213|FAL|35|01|2|003|100| D|524111|185|A||||2|Akomodasi|1|LOK|2|ORG|1|FREK|2|HR|4|OK|700500|2802000|0
2026|01|662788|015|08|CD|6213|FAL|35|01|2|003|100| D|524111|185|A||||3|Uang Harian|1|LOK|2|ORG|1|FREK|3|HR|6|OH|266500|1599000|0
2026|01|662788|015|08|CD|6213|FAL|35|01|2|003|100| D|524113|185|A||||1|Transport Lokal|1|ORG|2|FREK|1|HR|0||2|OK|131500|263000|0
2026|01|662788|015|08|CD|6213|FAL|35|01|2|003|100| E|521211|185|A||||1|KDM  Konsumsi Makan Rapat|2|FREK|20|ORG|1|KEG|0||40|OK|44525|1781000|0
2026|01|662788|015|08|CD|6213|FAL|35|01|2|003|100| E|521211|185|A||||2|KDM  Konsumsi Snack Rapat|2|FREK|20|ORG|1|KEG|0||40|OK|18475|739000|0
2026|01|662788|015|08|CD|6213|FAL|35|01|2|003|100| E|522151|185|A||||1|Honor Narasumber (Ekonom KemenkeuEksternal)|1|ORG|2|JAM|2|KEG|0||4|OJ|1000000|4000000|0
2026|01|662788|015|08|CD|6213|FAL|35|01|2|003|100| E|524113|185|A||||1|Transport Lokal|2|ORG|2|FREK|1|HR|0||4|OK|131750|527000|0
2026|01|662788|015|08|CD|6213|FAL|35|01|2|003|100| F|521211|185|A|01||1|1|Pelaksanaan Rakor serta Sosialisasi|0||0||0||0||0||0|0|0
2026|01|662788|015|08|CD|6213|FAL|35|01|2|003|100| F|521211|185|A|01|||2|KDM  Konsumsi Makan Peserta Pemda|6|PEMDA|1|ORG|1|KEG|0||6|OK|44500|267000|0
2026|01|662788|015|08|CD|6213|FAL|35|01|2|003|100| F|521211|185|A|01|||3|KDM  Konsumsi Snack Peserta Pemda|6|PEMDA|1|ORG|1|KEG|0||6|OK|18500|111000|0
2026|01|662788|015|08|CD|6213|FAL|35|01|2|003|100| F|521211|185|A|01|||4|KDM  Konsumsi Makan Peserta KL Unit Terkait|1|UNIT|5|ORG|1|KEG|0||5|OK|44600|223000|0
2026|01|662788|015|08|CD|6213|FAL|35|01|2|003|100| F|521211|185|A|01|||5|KDM  Konsumsi Sanck Peserta KL Unit Terkait|1|UNIT|5|ORG|1|KEG|0||5|OK|18400|92000|0
2026|01|662788|015|08|CD|6213|FAL|35|01|2|003|100| F|521211|185|A|01|||6|KDM  Konsumsi Makan Peserta KPPN|3|KPPN|1|ORG|1|KEG|0||3|OK|44667|134000|0
2026|01|662788|015|08|CD|6213|FAL|35|01|2|003|100| F|521211|185|A|01|||7|KDM  Konsumsi Snack Peserta KPPN|3|KPPN|1|ORG|1|KEG|0||3|OK|18334|55000|0
2026|01|662788|015|08|CD|6213|FAL|35|01|2|003|100| F|521211|185|A|01|||8|KDM  Konsumsi Makan Panitia dan Narasumber|1|FR|15|ORG|2|KEG|0||30|OK|44534|1336000|0
2026|01|662788|015|08|CD|6213|FAL|35|01|2|003|100| F|521211|185|A|01|||9|KDM  Konsumsi Snack Panitia dan Narasumber|1|FR|15|ORG|2|KEG|0||30|OK|18467|554000|0
2026|01|662788|015|08|CD|6213|FAL|35|01|2|003|100| F|522151|185|A||||1|Honor Narasumber setara Pejabat Es. II|2|ORG|2|JAM|1|KEG|0||4|OJ|1000000|4000000|0
2026|01|662788|015|08|CD|6213|FAL|35|01|2|003|100| F|524111|185|A||||1|Transport|2|KPPN|1|ORG|1|FREK|0||2|OK|581000|1162000|0
2026|01|662788|015|08|CD|6213|FAL|35|01|2|003|100| F|524111|185|A||||2|Akomodasi|2|KPPN|1|ORG|1|FREK|1|HR|2|OK|700500|1401000|0
2026|01|662788|015|08|CD|6213|FAL|35|01|2|003|100| F|524111|185|A||||3|Uang Harian|2|KPPN|1|ORG|1|FREK|2|HR|4|OH|266500|1066000|0
2026|01|662788|015|08|CD|6213|FAL|35|01|2|003|100| F|524113|185|A||||1|Transport Lokal|1|ORG|1|FREK|1|HR|0||1|OK|132000|132000|0
2026|01|662788|015|08|CD|6213|FAL|35|01|2|003|100| G|521211|185|A||||1|KDM  Konsumsi Makan Rapat|1|FREK|15|ORG|1|KEG|0||15|OK|44534|668000|0
2026|01|662788|015|08|CD|6213|FAL|35|01|2|003|100| G|521211|185|A||||2|KDM  Konsumsi Snack Rapat|1|FREK|15|ORG|1|KEG|0||15|OK|18467|277000|0
2026|01|662788|015|08|CD|6213|FAL|35|01|2|003|100| H|524111|185|A|01||1|1|Perjalanan Dinas Pembinaan KPPNMonev ke Pemda|0||0||0||0||0||0|0|0
2026|01|662788|015|08|CD|6213|FAL|35|01|2|003|100| H|524111|185|A|01|||2|Transport|1|PEMDA|2|ORG|2|FREK|0||4|OK|581250|2325000|0
2026|01|662788|015|08|CD|6213|FAL|35|01|2|003|100| H|524111|185|A|01|||3|Akomodasi|1|PEMDA|2|ORG|2|FREK|1|HR|4|OK|700500|2802000|0
2026|01|662788|015|08|CD|6213|FAL|35|01|2|003|100| H|524111|185|A|01|||4|Uang Harian|1|PEMDA|2|ORG|2|FREK|2|HR|8|OH|266625|2133000|0
2026|01|662788|015|08|CD|6213|FAL|35|01|2|003|100| H|524113|185|A||||1|Transport Lokal|2|ORG|2|FREK|2|HR|0||8|OK|131750|1054000|0
2026|01|662788|015|08|CD|6215|FAH|35|01|2|003|100| A|524111|185|A||||1|Transport|1|KPPN|2|ORG|1|FREK|0||2|OK|581000|1162000|0
2026|01|662788|015|08|CD|6215|FAH|35|01|2|003|100| A|524111|185|A||||2|Akomodasi|1|KPPN|2|ORG|1|FREK|2|HR|4|OK|700500|2802000|0
2026|01|662788|015|08|CD|6215|FAH|35|01|2|003|100| A|524111|185|A||||3|Uang Harian|1|KPPN|2|ORG|1|FREK|3|HR|6|OH|266500|1599000|0
2026|01|662788|015|08|CD|6215|FAH|35|01|2|003|100| A|524113|185|A||||1|Transport Lokal|2|ORG|1|FREK|1|HR|0||2|OK|131500|263000|0
2026|01|662788|015|08|CD|6215|FAH|35|01|2|003|100| B|521211|185|A||||1|KDM  Konsumsi Makan Peserta KPPN|3|KPPN|1|ORG|1|KEG|0||3|OK|44667|134000|0
2026|01|662788|015|08|CD|6215|FAH|35|01|2|003|100| B|521211|185|A||||2|KDM  Konsumsi Snack Peserta KPPN|3|KPPN|1|ORG|1|KEG|0||3|OK|18334|55000|0
2026|01|662788|015|08|CD|6215|FAH|35|01|2|003|100| B|521211|185|A||||3|KDM  Konsumsi Makan Peserta Kanwil|8|ORG|1|KEG|0||0||8|OK|44500|356000|0
2026|01|662788|015|08|CD|6215|FAH|35|01|2|003|100| B|521211|185|A||||4|KDM  Konsumsi Snack Peserta Kanwil|8|ORG|1|KEG|0||0||8|OK|18500|148000|0
2026|01|662788|015|08|CD|6215|FAH|35|01|2|001|100| A|524111|185|A||||1|Transport|1|PEMDA|2|ORG|1|FREK|0||2|OK|581000|1162000|0
2026|01|662788|015|08|CD|6215|FAH|35|01|2|001|100| A|524111|185|A||||2|Akomodasi|1|PEMDA|2|ORG|1|FREK|1|HR|2|OK|700500|1401000|0
2026|01|662788|015|08|CD|6215|FAH|35|01|2|001|100| A|524111|185|A||||3|Uang Harian|1|PEMDA|2|ORG|1|FREK|2|HR|4|OH|266500|1066000|0
2026|01|662788|015|08|CD|6215|FAH|35|01|2|001|100| A|524113|185|A||||1|Transport Lokal|2|ORG|1|FREK|1|HR|0||2|OK|131500|263000|0
2026|01|662788|015|08|CD|6215|FAH|35|01|2|001|100| B|521211|185|A|01||1|1|Pelaksanaan Kearsipan dan Dokumentasi|0||0||0||0||0||0|0|0
2026|01|662788|015|08|CD|6215|FAH|35|01|2|001|100| B|521211|185|A|01|||2|CTK  DokumentasiPenggandaanLaminasi|1|THN|0||0||0||1|THN|840000|840000|0
2026|01|662788|015|08|CD|6216|FAE|35|01|2|002|100| A|524111|185|A||||1|Uang Harian|1|ORG|1|FREK|3|HR|0|0|3|ORG|223334|670000|0
2026|01|662788|015|08|CD|6216|FAE|35|01|2|002|100| A|524111|185|A||||2|Transport|1|ORG|1|FREK|0|0|0|0|1|ORG|1029000|1029000|0
2026|01|662788|015|08|CD|6216|FAE|35|01|2|002|100| A|524111|185|A||||3|Akomodasi|1|ORG|1|FREK|2|HR|0|0|2|FREK|507000|1014000|0
2026|01|662788|015|08|CD|6216|FAE|35|01|2|002|100| A|524113|185|A||||1|Transport Lokal|8|ORG|1|FREK|1|HR|0||8|OK|131750|1054000|0
2026|01|662788|015|08|WA|4715|EBA|35|01|2|001|100| A|521811|185|A||||1|ATK dan Supplies Komputer|0||0||0||0||1|THN|10240000|10240000|0
2026|01|662788|015|08|WA|4715|EBA|35|01|2|001|100| A|522151|185|A||||1|Honor Rohaniwan dalam rangka Pelantikan|3|ORG|2|KEG|0||0||6|OJ|400000|2400000|0
2026|01|662788|015|08|WA|4715|EBA|35|01|2|001|100| B|522151|185|A||||1|Honor Narasumber (Dinas PU)|2|ORG|1|JAM|0||0||2|OJ|900000|1800000|0
2026|01|662788|015|08|WA|4715|EBA|35|01|2|001|100| B|524113|185|A||||1|Transport Penilai|2|ORG|1|FREK|1|HR|0||2|OK|131500|263000|0
2026|01|662788|015|08|WA|4715|EBA|35|01|2|994|002| A|521111|185|A|01||1|1|Honor Dokter|0||0||0||0||0||0|0|0
2026|01|662788|015|08|WA|4715|EBA|35|01|2|994|002| A|521111|185|A|04|||10|Uang Lembur PPNPN|10|ORG|60|HR|2|JAM|0||1200|OJ|13000|15600000|0
2026|01|662788|015|08|WA|4715|EBA|35|01|2|994|002| A|521111|185|A|04|||11|Uang Makan Lembur PPNPN|10|ORG|60|HR|0||0||600|OH|30000|18000000|0
2026|01|662788|015|08|WA|4715|EBA|35|01|2|994|002| A|521111|185|A|01|||2|Honor Dokter|1|ORG|12|BLN|0||0||12|OB|625000|7500000|0
2026|01|662788|015|08|WA|4715|EBA|35|01|2|994|002| A|521111|185|A|02||1|3|Keperluan Perkantoran|0||0||0||0||0||0|0|0
2026|01|662788|015|08|WA|4715|EBA|35|01|2|994|002| A|521111|185|A|02|||4|Keperluan Seharihari Perkantoran|1|THN|0||0||0||1|THN|60440000|60440000|0
2026|01|662788|015|08|WA|4715|EBA|35|01|2|994|002| A|521111|185|A|03||1|5|Honorarium PPNPN|0||0||0||0||0||0|0|0
2026|01|662788|015|08|WA|4715|EBA|35|01|2|994|002| A|521111|185|A|03|||6|Honor Satpam|6|ORG|13|BLN|0||0||78|OB|4191000|326898000|0
2026|01|662788|015|08|WA|4715|EBA|35|01|2|994|002| A|521111|185|A|03|||7|Honor Pengemudi|2|ORG|13|BLN|0||0||26|OB|4191000|108966000|0
2026|01|662788|015|08|WA|4715|EBA|35|01|2|994|002| A|521111|185|A|03|||8|Honor Pramubakti|2|ORG|13|BLN|0||0||26|OB|3810000|99060000|0
2026|01|662788|015|08|WA|4715|EBA|35|01|2|994|002| A|521111|185|A|04||1|9|Lembur PPNPN|0||0||0||0||0||0|0|0
2026|01|662788|015|08|WA|4715|EBA|35|01|2|994|002| A|521119|185|A||||1|Peningkatan Kebugaran|1|ORG|12|BLN|0||0||12|OB|227000|2724000|0
2026|01|662788|015|08|WA|4715|EBA|35|01|2|994|002| A|521811|185|A||||1|ObatObatan|39|PEG|1|1|0||0||39|PEG|200000|7800000|0
2026|01|662788|015|08|WA|4715|EBA|35|01|2|994|002| B|521114|185|A||||1|PosPengepakanPengirimanPengangkutan|0||0||0||0||1|THN|3746000|3746000|0
2026|01|662788|015|08|WA|4715|EBA|35|01|2|994|002| B|522113|185|A||||1|Langganan air|0||0||0||0||1|THN|13850000|13850000|0
2026|01|662788|015|08|WA|4715|EBA|35|01|2|994|002| C|521115|185|A|01||1|1|Honor Pengelola Keuangan|0||0||0||0||0||0|0|0
2026|01|662788|015|08|WA|4715|EBA|35|01|2|994|002| C|521115|185|A|02|||10|KetuaWakil Ketua|1|ORG|12|BLN|0||0||12|OB|150000|1800000|0
2026|01|662788|015|08|WA|4715|EBA|35|01|2|994|002| C|521115|185|A|02|||11|AnggotaPetugas|1|ORG|12|BLN|0||0||12|OB|150000|1800000|0
2026|01|662788|015|08|WA|4715|EBA|35|01|2|994|002| C|521115|185|A|03||1|12|Honor Output Kegiatan|0||0||0||0||0||0|0|0
2026|01|662788|015|08|WA|4715|EBA|35|01|2|994|002| C|521115|185|A|03|||13|Honor Pejabat PBJ|1|ORG|12|BLN|0||0||12|OB|680000|8160000|0
2026|01|662788|015|08|WA|4715|EBA|35|01|2|994|002| C|521115|185|A|03|||14|Honor Penyimpan dan Pengurus BMN|1|ORG|12|BLN|0||0||12|OB|180000|2160000|0
2026|01|662788|015|08|WA|4715|EBA|35|01|2|994|002| C|521115|185|A|01|||2|KPA|1|ORG|12|BLN|0||0||12|OB|1180000|14160000|0
2026|01|662788|015|08|WA|4715|EBA|35|01|2|994|002| C|521115|185|A|01|||3|PPK|1|ORG|12|BLN|0||0||12|OB|1150000|13800000|0
2026|01|662788|015|08|WA|4715|EBA|35|01|2|994|002| C|521115|185|A|01|||4|PPSPM|1|ORG|12|BLN|0||0||12|OB|470000|5640000|0
2026|01|662788|015|08|WA|4715|EBA|35|01|2|994|002| C|521115|185|A|01|||5|Bendahara|1|ORG|12|BLN|0||0||12|OB|410000|4920000|0
2026|01|662788|015|08|WA|4715|EBA|35|01|2|994|002| C|521115|185|A|01|||6|Staff Pengelola Keuangan|2|ORG|12|BLN|0||0||24|OB|300000|7200000|0
2026|01|662788|015|08|WA|4715|EBA|35|01|2|994|002| C|521115|185|A|02||1|7|Honor tim SAI|0||0||0||0||0||0|0|0
2026|01|662788|015|08|WA|4715|EBA|35|01|2|994|002| C|521115|185|A|02|||8|Penanggung jawab|1|ORG|12|BLN|0||0||12|OB|200000|2400000|0
2026|01|662788|015|08|WA|4715|EBA|35|01|2|994|002| C|521115|185|A|02|||9|Koordinator|1|ORG|12|BLN|0||0||12|OB|200000|2400000|0
2026|01|662788|015|08|WA|4715|EBA|35|01|2|994|002| C|521119|185|A|01||1|1|Pengadaan Seragam|0||0||0||0||0||0|0|0
2026|01|662788|015|08|WA|4715|EBA|35|01|2|994|002| C|521119|185|A|01|||2|Seragam pegawai|39|ORG|1|STEL|0||0||39|STEL|959872|37435000|0
2026|01|662788|015|08|WA|4715|EBA|35|01|2|994|002| C|521119|185|A|01|||3|Seragam satpam|6|ORG|1|STEL|0||0||6|STEL|1924334|11546000|0
2026|01|662788|015|08|WA|4715|EBA|35|01|2|994|002| C|521119|185|A|01|||4|Seragam pengemudi|2|ORG|1|STEL|0||0||2|STEL|657500|1315000|0
2026|01|662788|015|08|WA|4715|EBA|35|01|2|994|002| C|521119|185|A|01|||5|Seragam pramubakti|2|ORG|1|STEL|0||0||2|STEL|657500|1315000|0
2026|01|662788|015|08|WA|4715|EBA|35|01|2|994|002| D|523121|185|A||||1|Kendaraan Jabatan|0||0||0||0||1|UNIT|30429000|30429000|0
2026|01|662788|015|08|WA|4715|EBA|35|01|2|994|002| D|523121|185|A||||2|Kendaraan Roda 4|0||0||0||0||3|UNIT|30428667|91286000|0
2026|01|662788|015|08|WA|4715|EBA|35|01|2|994|002| D|523121|185|A||||3|Kendaraan Roda 2|0||0||0||0||1|UNIT|3469000|3469000|0
2026|01|662788|015|08|WA|4715|EBA|35|01|2|994|002| D|523121|185|A||||4|Inventaris Kantor|0||0||0||0||39|ORG|76667|2990000|0
2026|01|662788|015|08|WA|4715|EBA|35|01|2|994|002| D|523121|185|A||||5|Mesin Fotocopy|0||0||0||0||1|UNIT|958000|958000|0
2026|01|662788|015|08|WA|4715|EBA|35|01|2|994|002| D|523121|185|A||||6|Tabung pemadam api|0||0||0||0||10|UNIT|287500|2875000|0
2026|01|662788|015|08|WA|4715|EBA|35|01|2|994|002| D|523121|185|A||||7|AC Standing loorSplitCassette|0||0||0||0||27|UNIT|479112|12936000|0
2026|01|662788|015|08|WA|4715|EBA|35|01|2|994|002| D|523121|185|A||||8|Genset Khusus|0||0||0||0||1|UNIT|8780000|8780000|0
2026|01|662788|015|08|WA|4715|EBA|35|01|2|994|002| G|523111|185|A||||1|Pemeliharaan Gedung Kantor Permanen|300|m2|0||0||0||300|m2|91414|27424000|0
2026|01|662788|015|08|WA|4715|EBA|35|01|2|994|002| G|523119|185|A||||1|Rumah Negara Golongan I Tipe B Permanen|0||0||0||0||120|M2|101567|12188000|0
2026|01|662788|015|08|WA|4715|EBA|35|01|2|994|002| G|523119|185|A||||2|Rumah Negara Golongan I Tipe C Permanen|0||0||0||0||70|M2|101572|7110000|0
2026|01|662788|015|08|WA|4715|EBA|35|01|2|994|002|TJ|523121|185|A||||1|Printer|0||0||0||0||15|UNIT|661134|9917000|0
2026|01|662788|015|08|WA|4715|EBA|35|01|2|994|002|TJ|523121|185|A||||2|PCLaptop|0||0||0||0||39|UNIT|479104|18685000|0
2026|01|662788|015|08|WA|4715|EBA|35|01|2|994|002|TJ|523121|185|A||||3|UPS 10KVA|0||0||0||0||3|UNIT|191668|575000|0
2026|01|662788|015|08|WA|4715|EBA|35|01|2|002|100| A|524111|185|A|01||1|1|Konsultasi ke Pusat|0||0||0||0||0||0|0|0
2026|01|662788|015|08|WA|4715|EBA|35|01|2|002|100| A|524111|185|A|01|||2|Transport|1|KEG|2|ORG|2|FREK|0||4|OK|4126250|16505000|0
2026|01|662788|015|08|WA|4715|EBA|35|01|2|002|100| A|524111|185|A|01|||3|Akomodasi|1|KEG|2|ORG|2|FREK|2|HR|8|OK|565625|4525000|0
2026|01|662788|015|08|WA|4715|EBA|35|01|2|002|100| A|524111|185|A|01|||4|Uang Harian|1|KEG|2|ORG|2|FREK|3|HR|12|OH|328584|3943000|0
2026|01|662788|015|08|WA|4715|EBA|35|01|2|002|100| A|524111|185|A|02||1|5|KoordinasiRapatPembinaanKonsultasi|0||0||0||0||0||0|0|0
2026|01|662788|015|08|WA|4715|EBA|35|01|2|002|100| A|524111|185|A|02|||6|Transport|1|KEG|2|ORG|1|FREK|0||2|OK|581000|1162000|0
2026|01|662788|015|08|WA|4715|EBA|35|01|2|002|100| A|524111|185|A|02|||7|Akomodasi|1|KEG|2|ORG|1|FREK|2|HR|4|OK|700500|2802000|0
2026|01|662788|015|08|WA|4715|EBA|35|01|2|002|100| A|524111|185|A|02|||8|Uang Harian|1|KEG|2|ORG|1|FREK|3|HR|6|OH|266500|1599000|0
2026|01|662788|015|08|WA|4715|EBA|35|01|2|002|100| A|524113|185|A||||1|Transport Lokal dalam rangka Koordinasi|2|ORG|12|FREK|1|HR|0||24|OK|131750|3162000|0
2026|01|662788|015|08|WA|4715|EBD|35|01|2|Z26|100| A|521211|185|A||||1|KDM  Konsumsi Makan Peserta KPPN|3|KPPN|2|ORG|2|KEG|0||12|OK|44500|534000|0
2026|01|662788|015|08|WA|4715|EBD|35|01|2|Z26|100| A|521211|185|A||||2|KDM  Konsumsi Snack Peserta KPPN|3|KPPN|2|ORG|2|KEG|0||12|OK|18500|222000|0
2026|01|662788|015|08|WA|4715|EBD|35|01|2|Z26|100| A|521211|185|A||||3|KDM  Konsumsi Makan Peserta Kanwil|1|KPPN|10|ORG|2|KEG|0||20|OK|44500|890000|0
2026|01|662788|015|08|WA|4715|EBD|35|01|2|Z26|100| A|521211|185|A||||4|KDM  Konsumsi Snack Peserta Kanwil|1|KPPN|10|ORG|2|KEG|0||20|OK|18500|370000|0
2026|01|662788|015|08|WA|4715|EBD|35|01|2|Z26|100| A|524111|185|A||||1|Transport|2|KPPN|2|ORG|1|FREK|0||4|OK|581250|2325000|0
2026|01|662788|015|08|WA|4715|EBD|35|01|2|Z26|100| A|524111|185|A||||2|Akomodasi|2|KPPN|2|ORG|1|FREK|2|HR|8|OK|700500|5604000|0
2026|01|662788|015|08|WA|4715|EBD|35|01|2|Z26|100| A|524111|185|A||||3|Uang Harian|2|KPPN|2|ORG|1|FREK|3|HR|12|OH|266584|3199000|0
2026|01|662788|015|08|WA|4715|EBD|35|01|2|Z26|100| A|524113|185|A||||1|Transport Lokal|2|ORG|1|FREK|1|HR|0||2|OK|131500|263000|0
2026|01|662788|015|08|WA|4715|EBD|35|01|2|Z36|100| A|521211|185|A|01||1|1|Rakor Penyusunan Pengelolaan Kinerja dan DKO (Cross Program)|0||0||0||0||0||0|0|0
2026|01|662788|015|08|WA|4715|EBD|35|01|2|Z36|100| A|521211|185|A|01|||2|KDM  Konsumsi Makan Peserta KPPN|3|KPPN|2|ORG|2|KEG|2|HR|24|OK|44667|1072000|0
2026|01|662788|015|08|WA|4715|EBD|35|01|2|Z36|100| A|521211|185|A|01|||3|KDM  Konsumsi Snack Peserta KPPN|3|KPPN|1|ORG|1|KEG|1|HR|3|OK|18334|55000|0
2026|01|662788|015|08|WA|4715|EBD|35|01|2|Z36|100| A|521211|185|A|01|||4|KDM  Konsumsi Makan Peserta Kanwil|17|ORG|2|KEG|1|HR|0||34|OK|44324|1507000|0
2026|01|662788|015|08|WA|4715|EBD|35|01|2|Z36|100| A|521211|185|A|01|||5|KDM  Konsumsi Snack Peserta Kanwil|10|ORG|1|KEG|1|HR|0||10|OK|18500|185000|0
2026|01|662788|015|08|WA|4715|EBD|35|01|2|Z36|100| A|521211|185|A|01|||6|CTK  Pengelolaan Kinerja, DAMS, ABK|0||0||0||0||12|BLN|253334|3040000|0
2026|01|662788|015|08|WA|4718|BMB|35|01|2|002|100| A|521211|185|A||||1|KDM  Konsumsi Makan Peserta Press Conference|12|BLN|20|ORG|1|KEG|0||240|OK|44521|10685000|0
2026|01|662788|015|08|WA|4718|BMB|35|01|2|002|100| A|521211|185|A||||2|KDM  Konsumsi Snack Peserta Press Conference|12|BLN|20|ORG|1|KEG|0||240|OK|18480|4435000|0
2026|01|662788|015|08|WA|4718|BMB|35|01|2|002|100| A|521211|185|A||||3|CTK  SpandukBanner|0||0||0||0||12|PKT|420000|5040000|0
2026|01|662788|015|08|WA|4718|BMB|35|01|2|002|100| A|521219|185|A||||1|Advetorial APBN Kita|0||0||0||0||4|PKT|735000|2940000|0
2026|01|662788|015|08|WA|4718|BMB|35|01|2|001|100| A|521211|185|A||||1|KDM  Konsumsi Makan Peserta|1|FREK|50|ORG|2|KEG|0||100|OK|44520|4452000|0
2026|01|662788|015|08|WA|4718|BMB|35|01|2|001|100| A|521211|185|A||||2|KDM  Konsumsi Snack Peserta|1|FREK|50|ORG|2|KEG|0||100|OK|18480|1848000|0
2026|01|662788|015|08|WA|4719|EBA|35|01|2|005|100| A|524111|185|A||||1|Transport|1|LOK|2|ORG|1|FREK|0||2|OK|581000|1162000|0
2026|01|662788|015|08|WA|4719|EBA|35|01|2|005|100| A|524111|185|A||||2|Akomodasi|1|LOK|2|ORG|1|FREK|1|HR|2|OK|700500|1401000|0
2026|01|662788|015|08|WA|4719|EBA|35|01|2|005|100| A|524111|185|A||||3|Uang Harian|1|LOK|2|ORG|1|FREK|2|HR|4|OH|266500|1066000|0
2026|01|662788|015|08|WA|4719|EBA|35|01|2|005|100| A|524113|185|A||||1|Transport Lokal|2|ORG|1|FREK|1|HR|0||2|OK|131500|263000|0
2026|01|662788|015|08|WA|4719|EBA|35|01|2|005|100| B|524111|185|A||||1|Transport|1|KPPN|2|ORG|1|FREK|0||2|OK|581000|1162000|0
2026|01|662788|015|08|WA|4719|EBA|35|01|2|005|100| B|524111|185|A||||2|Akomodasi|1|KPPN|2|ORG|1|FREK|2|HR|4|OK|700500|2802000|0
2026|01|662788|015|08|WA|4719|EBA|35|01|2|005|100| B|524111|185|A||||3|Uang Harian|1|KPPN|2|ORG|1|FREK|3|HR|6|OH|266500|1599000|0
2026|01|662788|015|08|WA|4719|EBA|35|01|2|005|100| B|524113|185|A||||1|Transport Lokal|2|ORG|1|FREK|2|HR|0||4|OK|131750|527000|0
2026|01|662788|015|08|WA|4719|EBA|35|01|2|005|100| B|524113|185|A||||2|Uang Harian dalam kota Lebih dari 8 Jam|2|ORG|1|FREK|2|HR|0||4|OK|105500|422000|0
2026|01|662788|015|08|WA|4719|EBA|35|01|2|003|100| A|524111|185|A||||1|Transport|2|KPPN|4|ORG|1|FREK|0||8|OK|581125|4649000|0
2026|01|662788|015|08|WA|4719|EBA|35|01|2|003|100| A|524111|185|A||||2|Akomodasi|2|KPPN|4|ORG|1|FREK|4|HR|32|OK|700500|22416000|0
2026|01|662788|015|08|WA|4719|EBA|35|01|2|003|100| A|524111|185|A||||3|Uang Harian|2|KPPN|4|ORG|1|FREK|5|HR|40|OH|266575|10663000|0
2026|01|662788|015|08|WA|4719|EBA|35|01|2|003|100| A|524113|185|A||||1|Transport Lokal|4|ORG|1|FREK|4|HR|0||16|OK|131750|2108000|0
2026|01|662788|015|08|WA|4719|EBA|35|01|2|003|100| A|524113|185|A||||2|Uang Harian dalam kota Lebih dari 8 Jam|4|ORG|1|FREK|4|HR|0||16|OK|105375|1686000|0
2026|01|662788|015|08|WA|4719|EBA|35|01|2|003|100| B|521211|185|A|01||1|1|Koordinasi Kanwil Dalam Rangka WBKWBBMKWTKPT (Cross Program)|0||0||0||0||0||0|0|0
2026|01|662788|015|08|WA|4719|EBA|35|01|2|003|100| B|521211|185|A|01|||2|KDM  Konsumsi Makan Peserta KPPN|3|KPPN|2|ORG|2|KEG|0||12|OK|44500|534000|0
2026|01|662788|015|08|WA|4719|EBA|35|01|2|003|100| B|521211|185|A|01|||3|KDM  Konsumsi Snack Peserta KPPN|3|KPPN|2|ORG|2|KEG|0||12|OK|18500|222000|0
2026|01|662788|015|08|WA|4719|EBA|35|01|2|003|100| B|521211|185|A|01|||4|KDM  Konsumsi Makan Peserta Kanwil|1|FR|10|ORG|2|KEG|0||20|OK|44500|890000|0
2026|01|662788|015|08|WA|4719|EBA|35|01|2|003|100| B|521211|185|A|01|||5|KDM  Konsumsi Snack Peserta Kanwil|1|FR|10|ORG|2|KEG|0||20|OK|18500|370000|0
2026|01|662788|015|08|WA|4719|EBA|35|01|2|994|001| A|511129|185|A||||1|Uang Makan Golongan II|15|ORG|19|HR|12|BLN|0|0|3420|OH|35000|119700000|0
2026|01|662788|015|08|WA|4719|EBA|35|01|2|994|001| A|511129|185|A||||2|Uang Makan Golongan III|19|ORG|19|HR|12|BLN|0|0|4332|OH|37000|160284000|0
2026|01|662788|015|08|WA|4719|EBA|35|01|2|994|001| A|511129|185|A||||3|Uang Makan Golongan IV|5|ORG|19|HR|12|BLN|0|0|1140|OH|41000|46740000|0
2026|01|662788|015|08|WA|4719|EBA|35|01|2|994|001| A|512211|185|A||||1|Uang Lembur Golongan II|15|ORG|2|JAM|30|HARI|0|0|900|OJ|21656|19490000|0
2026|01|662788|015|08|WA|4719|EBA|35|01|2|994|001| A|512211|185|A||||2|Uang Lembur Golongan III|19|ORG|2|JAM|30|HARI|0|0|1140|OJ|27070|30859000|0
2026|01|662788|015|08|WA|4719|EBA|35|01|2|994|001| A|512211|185|A||||3|Uang Lembur Golongan IV|5|ORG|2|JAM|30|HARI|0|0|300|OJ|32484|9745000|0
2026|01|662788|015|08|WA|4719|EBA|35|01|2|994|001| A|512211|185|A||||4|Uang makan Lembur Golongan II|15|ORG|30|HR|1|FREK|0||450|OH|31580|14211000|0
2026|01|662788|015|08|WA|4719|EBA|35|01|2|994|001| A|512211|185|A||||5|Uang makan Lembur Golongan III|19|ORG|30|HR|1|FREK|0||570|OH|33387|19030000|0
2026|01|662788|015|08|WA|4719|EBA|35|01|2|994|001| A|512211|185|A||||6|Uang makan Lembur Golongan IV|5|ORG|30|HR|1|FREK|0||150|OH|36994|5549000|0
2026|01|662788|015|08|WA|4719|EBC|35|01|2|001|100|XC|521211|185|A|01||1|1|In House Training|0||0||0||0||0||0|0|0
2026|01|662788|015|08|WA|4719|EBC|35|01|2|001|100|XC|521211|185|A|01|||2|KDM  Konsumsi Makan|44|ORG|1|KEG|0|0|0|0|44|OK|44523|1959000|0
2026|01|662788|015|08|WA|4719|EBC|35|01|2|001|100|XC|521211|185|A|01|||3|KDM  Konsumsi Snack|44|ORG|1|KEG|0|0|0|0|44|OK|18478|813000|0
2026|01|662788|015|08|WA|4719|EBC|35|01|2|001|100|XC|521211|185|A|01|||4|CTK  Barang Habis Pakai|44|ORG|1|KEG|0|0|0|0|44|OK|42000|1848000|0
2026|01|662788|015|08|WA|4719|EBC|35|01|2|001|100|XC|521211|185|A|02||1|5|Data Analitik|0||0||0||0||0||0|0|0
2026|01|662788|015|08|WA|4719|EBC|35|01|2|001|100|XC|521211|185|A|02|||6|KDM  Konsumsi Makan|20|ORG|2|KEG|0|0|0|0|40|OK|44525|1781000|0
2026|01|662788|015|08|WA|4719|EBC|35|01|2|001|100|XC|521211|185|A|02|||7|KDM  Konsumsi Snack|20|ORG|2|KEG|0|0|0|0|40|OK|18475|739000|0
2026|01|662788|015|08|WA|4719|EBC|35|01|2|001|100|XC|522151|185|A|01||1|1|Peningkatan Kapasitas SDM|0||0||0||0||0||0|0|0
2026|01|662788|015|08|WA|4719|EBC|35|01|2|001|100|XC|522151|185|A|01|||2|Honor Narasumber|1|ORG|2|JAM|3|KEG|0||6|OJ|900000|5400000|0
2026|01|662788|015|08|WA|4719|EBC|35|01|2|001|100|XC|524113|185|A|01||1|1|Perjalanan Dinas dalam rangka Peningkatan Kapasitas SDM|0||0||0||0||0||0|0|0
2026|01|662788|015|08|WA|4719|EBC|35|01|2|001|100|XC|524113|185|A|01|||2|Transport lokal narasumber|1|ORG|3|FREK|0||0||3|OK|131668|395000|0
2026|01|662788|015|08|WA|4722|EBD|35|01|2|001|100| A|521211|185|A||||1|KDM  Konsumsi Makan Peserta KPPN|3|KPPN|2|ORG|2|KEG|0||12|OK|44500|534000|0
2026|01|662788|015|08|WA|4722|EBD|35|01|2|001|100| A|521211|185|A||||2|KDM  Konsumsi Snack Peserta KPPN|3|KPPN|2|ORG|2|KEG|0||12|OK|18500|222000|0
2026|01|662788|015|08|WA|4722|EBD|35|01|2|001|100| A|521211|185|A||||3|KDM  Konsumsi Makan Peserta Kanwil|1|FREK|7|ORG|2|KEG|0||14|OK|44500|623000|0
2026|01|662788|015|08|WA|4722|EBD|35|01|2|001|100| A|521211|185|A||||4|KDM  Konsumsi Makan Peserta Kanwil|1|FREK|7|ORG|2|KEG|0||14|OK|18500|259000|0
2026|01|662788|015|08|WA|4722|EBD|35|01|2|001|100| B|524111|185|A||||1|Transport|1|KPPN|2|ORG|1|FREK|0||2|OK|581000|1162000|0
2026|01|662788|015|08|WA|4722|EBD|35|01|2|001|100| B|524111|185|A||||2|Akomodasi|1|KPPN|2|ORG|1|FREK|1|HR|2|OK|700500|1401000|0
2026|01|662788|015|08|WA|4722|EBD|35|01|2|001|100| B|524111|185|A||||3|Uang Harian|1|KPPN|2|ORG|1|FREK|2|HR|4|OH|266500|1066000|0
2026|01|662788|015|08|WA|4722|EBD|35|01|2|001|100| B|524113|185|A||||1|Transport Lokal|2|ORG|1|FREK|1|HR|0||2|OK|131500|263000|0
