thang|kdjendok|kdsatker|kddept|kdunit|kdprogram|kdgiat|kdoutput|kdlokasi|kdkabkota|kddekon|kdsoutput|kdkmpnen|kdskmpnen|urskmpnen|kdib|kdlokus|reflokus|nmlokus
2026|01|015115|015|08|CD|6212|FAC|01|51|2|001|100| A|Training Modul Aplikasi SAKTI|00||0|0
2026|01|015115|015|08|CD|6212|FAH|01|51|2|001|100| A|TANPA SUB KOMPONEN|00||0|0
2026|01|015115|015|08|CD|6212|FAL|01|51|2|004|100| A|Konsultasi|00||0|0
2026|01|015115|015|08|CD|6212|FAL|01|51|2|004|100| B|Sosialisasi dan Bimbingan Teknis|00||0|0
2026|01|015115|015|08|CD|6213|FAC|01|51|2|001|100| A|Pembinaan Jabatan Fungsional|00||0|0
2026|01|015115|015|08|CD|6214|FAL|01|51|2|002|100| A|Pelaksanaan PencairanPenarikanPengesahan Dana|00||0|0
2026|01|015115|015|08|CD|6214|FAL|01|51|2|002|100| B|PenerbitanPersetujuanRekonsiliasi RekeningSKPPKonfirmasi Penerimaan Negara, dll|00||0|0
2026|01|015115|015|08|CD|6215|FAH|01|51|2|003|100| A|Penyusunan Laporan Keuangan Tingkat Kuasa BUN di Daerah|00||0|0
2026|01|015115|015|08|CD|6215|FAH|01|51|2|003|100| B|Koordinasi UAKBUND KPPN di Kanwil|00||0|0
2026|01|015115|015|08|WA|4715|EBA|01|51|2|001|100| A|TANPA SUB KOMPONEN|00||0|0
2026|01|015115|015|08|WA|4715|EBA|01|51|2|001|100| B|Koordinasi Penyusunan ATK PU|00||0|0
2026|01|015115|015|08|WA|4715|EBA|01|51|2|002|100| A|TANPA SUB KOMPONEN|00||0|0
2026|01|015115|015|08|WA|4715|EBA|01|51|2|994|002| A|Keperluan SehariHari Perkantoran|00||0|0
2026|01|015115|015|08|WA|4715|EBA|01|51|2|994|002| B|Langganan Daya dan Jasa|00||0|0
2026|01|015115|015|08|WA|4715|EBA|01|51|2|994|002| C|Pelaksanaan Operasional Kantor|00||0|0
2026|01|015115|015|08|WA|4715|EBA|01|51|2|994|002| D|Belanja Pemeliharaan Peralatan dan Mesin|00||0|0
2026|01|015115|015|08|WA|4715|EBA|01|51|2|994|002|HB|Dukungan Tusi - Reviu Belanja Pemerintah|00||0|0
2026|01|015115|015|08|WA|4715|EBA|01|51|2|994|002|TJ|Jasa PemeliharaanAnnual Technical Support (ATS)|00||0|0
2026|01|015115|015|08|WA|4718|BMB|01|51|2|002|100| A|TANPA SUB KOMPONEN|00||0|0
2026|01|015115|015|08|WA|4718|BMB|01|51|2|001|100| A|TANPA SUB KOMPONEN|00||0|0
2026|01|015115|015|08|WA|4719|EBA|01|51|2|004|100| A|Survey Kepuasan Pengguna Layanan|00||0|0
2026|01|015115|015|08|WA|4719|EBA|01|51|2|994|001| A|TANPA SUB KOMPONEN|00||0|0
2026|01|015115|015|08|WA|4719|EBC|01|51|2|001|100|XC|Penyelenggaraan Capacity Building|00||0|0
2026|01|497607|015|08|CD|6212|BMB|17|53|2|001|100|AA|Profiling UMKM  KPPN Induk|00||0|0
2026|01|497607|015|08|CD|6212|BMB|17|53|2|001|100|BA|Profiling UMKM  KPPN Unit|00||0|0
2026|01|497607|015|08|CD|6212|FAC|17|53|2|001|100|AA|Training Modul Aplikasi SAKTI  KPPN Induk|00||0|0
2026|01|497607|015|08|CD|6212|FAC|17|53|2|001|100|AB|FGD dan Bimtek Transfer Keuangan Daerah  KPPN Induk|00||0|0
2026|01|497607|015|08|CD|6212|FAC|17|53|2|001|100|BA|Training Modul Aplikasi SAKTI  KPPN Unit|00||0|0
2026|01|497607|015|08|CD|6212|FAC|17|53|2|001|100|BB|FGD dan Bimtek Transfer Keuangan Daerah  KPPN Unit|00||0|0
2026|01|497607|015|08|CD|6212|FAH|17|53|2|001|100|AA|TANPA SUB KOMPONEN  KPPN Induk|00||0|0
2026|01|497607|015|08|CD|6212|FAH|17|53|2|001|100|BA|TANPA SUB KOMPONEN  KPPN Unit|00||0|0
2026|01|497607|015|08|CD|6212|FAL|17|53|2|004|100|AA|Konsultasi  KPPN Induk|00||0|0
2026|01|497607|015|08|CD|6212|FAL|17|53|2|004|100|AB|Sosialisasi dan Bimbingan Teknis  KPPN Induk|00||0|0
2026|01|497607|015|08|CD|6212|FAL|17|53|2|004|100|AD|Pembinaan Pemda, TKD, dan Penandatanganan BAR  KPPN Induk|00||0|0
2026|01|497607|015|08|CD|6212|FAL|17|53|2|004|100|BA|Konsultasi  KPPN Unit|00||0|0
2026|01|497607|015|08|CD|6212|FAL|17|53|2|004|100|BB|Sosialisasi dan Bimbingan Teknis  KPPN Unit|00||0|0
2026|01|497607|015|08|CD|6212|FAL|17|53|2|004|100|BD|Pembinaan Pemda, TKD, dan Penandatanganan BAR  KPPN Unit|00||0|0
2026|01|497607|015|08|CD|6213|FAC|17|53|2|001|100|AA|Pembinaan Jabatan Fungsional Perbendaharaan  KPPN Induk|00||0|0
2026|01|497607|015|08|CD|6213|FAC|17|53|2|001|100|BA|Pembinaan Jabatan Fungsional Perbendaharaan  KPPN Unit|00||0|0
2026|01|497607|015|08|CD|6213|FAE|17|53|2|009|100|AA|Monev Penyaluran Pembiayaan Ultra Mikro  KPPN Induk|00||0|0
2026|01|497607|015|08|CD|6213|FAE|17|53|2|009|100|BA|Monev Penyaluran Pembiayaan Ultra Mikro  KPPN Unit|00||0|0
2026|01|497607|015|08|CD|6213|FAL|17|53|2|003|100|AA|Monev Pelaksanaan Anggaran  KPPN Induk|00||0|0
2026|01|497607|015|08|CD|6213|FAL|17|53|2|003|100|BA|Monev Pelaksanaan Anggaran  KPPN Unit|00||0|0
2026|01|497607|015|08|CD|6214|FAL|17|53|2|002|100|AA|Pelaksanaan PencairanPenarikanPengesahan Dana  KPPN Induk|00||0|0
2026|01|497607|015|08|CD|6214|FAL|17|53|2|002|100|AB|PenerbitanPersetujuanRekonsiliasi RekeningSKPPKonfirmasi Penerimaan Negara, dll  KPPN Induk|00||0|0
2026|01|497607|015|08|CD|6214|FAL|17|53|2|002|100|BA|Pelaksanaan PencairanPenarikanPengesahan Dana  KPPN Unit|00||0|0
2026|01|497607|015|08|CD|6214|FAL|17|53|2|002|100|BB|PenerbitanPersetujuanRekonsiliasi RekeningSKPPKonfirmasi Penerimaan Negara, dll  KPPN Unit|00||0|0
2026|01|497607|015|08|CD|6215|FAH|17|53|2|003|100|AA|Penyusunan Laporan Keuangan Tingkat Kuasa BUN di Daerah  KPPN Induk|00||0|0
2026|01|497607|015|08|CD|6215|FAH|17|53|2|003|100|AB|Koordinasi UAKBUND KPPN di Kanwil  KPPN Unit (Cross Program)|00||0|0
2026|01|497607|015|08|CD|6215|FAH|17|53|2|003|100|BA|Penyusunan Laporan Keuangan Tingkat Kuasa BUN di Daerah  KPPN Unit|00||0|0
2026|01|497607|015|08|WA|4715|EBA|17|53|2|001|100|AA|TANPA SUB KOMPONEN  KPPN Induk|00||0|0
2026|01|497607|015|08|WA|4715|EBA|17|53|2|001|100|BA|TANPA SUB KOMPONEN  KPPN Unit|00||0|0
2026|01|497607|015|08|WA|4715|EBA|17|53|2|002|100|AA|TANPA SUB KOMPONEN  KPPN Induk|00||0|0
2026|01|497607|015|08|WA|4715|EBA|17|53|2|002|100|AB|Monitoring PejabatPetugas Pengelola Keuangan|00||0|0
2026|01|497607|015|08|WA|4715|EBA|17|53|2|002|100|BA|TANPA SUB KOMPONEN  KPPN Unit|00||0|0
2026|01|497607|015|08|WA|4715|EBA|17|53|2|994|002|AA|Keperluan Seharihari Perkantoran  KPPN Induk|00||0|0
2026|01|497607|015|08|WA|4715|EBA|17|53|2|994|002|AB|Langganan Daya dan Jasa  KPPN Induk|00||0|0
2026|01|497607|015|08|WA|4715|EBA|17|53|2|994|002|AC|Pelaksanaan Operasional Kantor  KPPN Induk|00||0|0
2026|01|497607|015|08|WA|4715|EBA|17|53|2|994|002|AD|Pemeliharaan Peralatan dan Mesin  Induk|00||0|0
2026|01|497607|015|08|WA|4715|EBA|17|53|2|994|002|AE|Pemeliharaan Gedung dan Bangunan  KPPN Induk|00||0|0
2026|01|497607|015|08|WA|4715|EBA|17|53|2|994|002|BA|Keperluan Seharihari Perkantoran  KPPN Unit|00||0|0
2026|01|497607|015|08|WA|4715|EBA|17|53|2|994|002|BC|Pelaksanaan Operasional Kantor  KPPN Unit|00||0|0
2026|01|497607|015|08|WA|4715|EBA|17|53|2|994|002|BD|Pemeliharaan Peralatan dan Mesin  KPPN Unit|00||0|0
2026|01|497607|015|08|WA|4715|EBA|17|53|2|994|002|BE|Pemeliharaan Gedung dan Bangunan  KPPN Unit|00||0|0
2026|01|497607|015|08|WA|4715|EBA|17|53|2|994|002|HA|Dukungan Tusi - Konsultasi Pencairan Dana KPPN Induk|00||0|0
2026|01|497607|015|08|WA|4715|EBA|17|53|2|994|002|HB|Dukungan Tusi - Reviu Belanja Pemerintah KPPN Induk|00||0|0
2026|01|497607|015|08|WA|4715|EBA|17|53|2|994|002|HH|Dukungan Pelaksanaan Tusi Prioritas Direktif Presiden|00||0|0
2026|01|497607|015|08|WA|4715|EBA|17|53|2|994|002|TJ|Jasa PemeliharaanAnnual Technical Support (ATS)|00||0|0
2026|01|497607|015|08|WA|4715|EBD|17|53|2|Z36|100|BB|Pelaksanaan Manajemen Kinerja, Resiko dan Kepatuhan Internal  KPPN Unit|00||0|0
2026|01|497607|015|08|WA|4718|BMB|17|53|2|001|100|AA|TANPA SUB KOMPONEN  KPPN Induk|00||0|0
2026|01|497607|015|08|WA|4718|BMB|17|53|2|001|100|BA|TANPA SUB KOMPONEN  KPPN Unit|00||0|0
2026|01|497607|015|08|WA|4718|BMB|17|53|2|002|100|AA|TANPA SUB KOMPONEN  KPPN Induk|00||0|0
2026|01|497607|015|08|WA|4718|BMB|17|53|2|002|100|BA|TANPA SUB KOMPONEN  KPPN Unit|00||0|0
2026|01|497607|015|08|WA|4719|EBA|17|53|2|004|100|AA|Survey Kepuasan Pengguna Layanan  KPPN Induk|00||0|0
2026|01|497607|015|08|WA|4719|EBA|17|53|2|004|100|BA|Survey Kepuasan Pengguna Layanan  KPPN Unit|00||0|0
2026|01|497607|015|08|WA|4719|EBA|17|53|2|994|001|AA|TANPA SUB KOMPONEN  KPPN Induk|00||0|0
2026|01|497607|015|08|WA|4719|EBA|17|53|2|994|001|BA|TANPA SUB KOMPONEN  KPPN Unit|00||0|0
2026|01|497607|015|08|WA|4719|EBC|17|53|2|001|100|XC|Penyelenggaraan Capacity Building|00||0|0
2026|01|330171|015|08|CD|6212|BMB|33|01|2|001|100| B|Pemberdayaan UMKM  SosialisasiBimtekAsistensi dan BazarPojokRumah UMKM|00||0|0
2026|01|330171|015|08|CD|6212|BMB|33|01|2|001|100| D|Komunikasi Publik  BazarPojokRumah UMKM|00||0|0
2026|01|330171|015|08|CD|6212|FAC|33|01|2|002|100| A|Pembinaan Satker BLU|00||0|0
2026|01|330171|015|08|CD|6212|FAH|33|01|2|002|100| A|Forum Koordinasi dan Rekonsiliasi Data dengan Bank Indonesia|00||0|0
2026|01|330171|015|08|CD|6212|FAH|33|01|2|002|100| C|SosialisasiBimtekWorkshopFGD dengan Pemda|00||0|0
2026|01|330171|015|08|CD|6212|FAL|33|01|2|001|100| A|Sosialisasi PeraturanKebijakan Pelaksanaan Anggaran|00||0|0
2026|01|330171|015|08|CD|6212|FAL|33|01|2|001|100| B|Pengkoordinasian Kerjasama Ekonomi dan Keuangan Daerah|00||0|0
2026|01|330171|015|08|CD|6212|FAL|33|01|2|001|100| D|Penyerahan DIPA|00||0|0
2026|01|330171|015|08|CD|6213|ABA|33|01|2|001|100| A|Penyusunan Analisis Potensi Pembiayaan dan Pelaksanaan MoU DJPb dan PT SMI di Daerah|00||0|0
2026|01|330171|015|08|CD|6213|FAE|33|01|2|009|100| D|FGD Analisa Fasilitas Likuiditas Pembiayaan Perumahan (FLPP)|00||0|0
2026|01|330171|015|08|CD|6213|FAE|33|01|2|008|100| A|Koordinasi Pelaksanaan Tugas RCE  ALCo|00||0|0
2026|01|330171|015|08|CD|6213|FAL|33|01|2|003|100| A|Pelaksanaan Spending Review|00||0|0
2026|01|330171|015|08|CD|6213|FAL|33|01|2|003|100| C|Review Pelaksanaan Anggaran|00||0|0
2026|01|330171|015|08|CD|6213|FAL|33|01|2|003|100| E|Pengumpulan InformasiPenajaman Data Fiskal RegionalPenyusunan KFR|00||0|0
2026|01|330171|015|08|CD|6213|FAL|33|01|2|003|100| F|Publikasi Kajian Fiskal Regional|00||0|0
2026|01|330171|015|08|CD|6213|FAL|33|01|2|003|100| G|Pengumpulan Konfirmasi Informasi Pengelolaan Keuangan Daerah dan Penyusunan Profil Keuangan Daerah|00||0|0
2026|01|330171|015|08|CD|6213|FAL|33|01|2|003|100| H|Monitoring atas Dana Transfer dan Dana Desa|00||0|0
2026|01|330171|015|08|CD|6215|FAH|33|01|2|003|100| B|Koordinasi UAKBUN D (KPPN)|00||0|0
2026|01|330171|015|08|CD|6215|FAH|33|01|2|001|100| B|Penyusunan Laporan Statistik Keuangan Pemerintah Tingkat Wilayah|00||0|0
2026|01|330171|015|08|CD|6216|FAE|33|01|2|002|100| A|Pelaksanaan Survei Bahan Sumbangan Standar Biaya Masukan|00||0|0
2026|01|330171|015|08|WA|4715|EBA|33|01|2|001|100| A|TANPA SUB KOMPONEN|00||0|0
2026|01|330171|015|08|WA|4715|EBA|33|01|2|001|100| B|Koordinasi Penyusunan ATK PU|00||0|0
2026|01|330171|015|08|WA|4715|EBA|33|01|2|002|100| A|TANPA SUB KOMPONEN|00||0|0
2026|01|330171|015|08|WA|4715|EBA|33|01|2|994|002| A|Keperluan Seharihari Perkantoran|00||0|0
2026|01|330171|015|08|WA|4715|EBA|33|01|2|994|002| B|Langganan Daya dan Jasa|00||0|0
2026|01|330171|015|08|WA|4715|EBA|33|01|2|994|002| C|Operasional Kantor|00||0|0
2026|01|330171|015|08|WA|4715|EBA|33|01|2|994|002| D|Pemeliharaan Peralatan dan Mesin|00||0|0
2026|01|330171|015|08|WA|4715|EBA|33|01|2|994|002| F|Ongkos Angkut Beras|00||0|0
2026|01|330171|015|08|WA|4715|EBA|33|01|2|994|002| G|Pemeliharaan Gedung dan Bangunan|00||0|0
2026|01|330171|015|08|WA|4715|EBA|33|01|2|994|002|HD|Dukungan Tusi - Rekomendasi Pengelolaan Organisasi|00||0|0
2026|01|330171|015|08|WA|4715|EBA|33|01|2|994|002|HF|Dukungan Tusi - SHEK Anggota Pokja BPP Papua Barat|00||0|0
2026|01|330171|015|08|WA|4715|EBA|33|01|2|994|002|HG|Dukungan Tusi - Sekretariat BPP Papua Barat|00||0|0
2026|01|330171|015|08|WA|4715|EBA|33|01|2|994|002|HH|Dukungan Tusi - Monitoring dan Evaluasi SDM, Penilaian Kinerja, dan Penyusunan Laporan Keuangan UAPPAW  UAPBW|00||0|0
2026|01|330171|015|08|WA|4715|EBA|33|01|2|994|002|HI|Dukungan Pelaksanaan Tusi Prioritas Direktif Presiden|00||0|0
2026|01|330171|015|08|WA|4715|EBA|33|01|2|994|002|TJ|Jasa PemeliharaanAnnual Technical Support (ATS)|00||0|0
2026|01|330171|015|08|WA|4715|EBB|33|01|2|004|100|RA|Pembangunan Rumah Dinas|00||0|0
2026|01|330171|015|08|WA|4715|EBB|33|01|2|004|100|RB|Renovasi Rumah Dinas|00||0|0
2026|01|330171|015|08|WA|4715|EBD|33|01|2|Z36|100| A|TANPA SUB KOMPONEN|00||0|0
2026|01|330171|015|08|WA|4715|EBD|33|01|2|Z26|100| A|Rakor Penyusunan Laporan Keuangan Tingkat UAPPAW|00||0|0
2026|01|330171|015|08|WA|4718|BMB|33|01|2|002|100| A|TANPA SUB KOMPONEN|00||0|0
2026|01|330171|015|08|WA|4718|BMB|33|01|2|001|100| A|TANPA SUB KOMPONEN|00||0|0
2026|01|330171|015|08|WA|4719|EBA|33|01|2|994|001| A|TANPA SUB KOMPONEN|00||0|0
2026|01|330171|015|08|WA|4719|EBA|33|01|2|003|100| B|Koordinasi Inovasi layanan|00||0|0
2026|01|330171|015|08|WA|4719|EBC|33|01|2|001|100|XC|Penyelenggaraan Capacity Building|00||0|0
2026|01|330171|015|08|WA|4722|EBD|33|01|2|001|100| A|Pelaksanaan Manajemen Risiko dan Kepatuhan Internal|00||0|0
2026|01|330171|015|08|WA|6990|ABA|33|01|2|001|100|SA|Pokja Papua Barat Cerdas (Monitoring Dana Otsus Ke Pemda Prov. Papua Barat)|00||0|0
2026|01|330171|015|08|WA|6990|ABA|33|01|2|001|100|SB|Pokja Papua Barat Sehat (Monitoring Dana Otsus Ke Pemda Prov. Papua Barat)|00||0|0
2026|01|330171|015|08|WA|6990|ABA|33|01|2|001|100|SC|Pokja Papua Barat Produktif (Monitoring Dana Otsus Ke Pemda Prov. Papua Barat)|00||0|0
2026|01|330171|015|08|WA|6990|ABA|33|01|2|001|100|SD|Pokja Papua Barat Polhukam (Monitoring Dana Otsus Ke Pemda Prov. Papua Barat)|00||0|0
2026|01|527094|015|08|CD|6212|BMB|02|51|2|001|100| A|Profiling UMKM|00||0|0
2026|01|527094|015|08|CD|6212|BMB|02|51|2|001|100| B|Pemberdayaan UMKM  SosialisasiBimtekAsistensi dan BazarPojokRumah UMKM|00||0|0
2026|01|527094|015|08|CD|6212|BMB|02|51|2|001|100| C|Monitoring dan Evaluasi|00||0|0
2026|01|527094|015|08|CD|6212|BMB|02|51|2|001|100| D|Komunikasi Publik  BazarPojokRumah UMKM|00||0|0
2026|01|527094|015|08|CD|6212|FAC|02|51|2|002|100| A|Pembinaan Satker BLU|00||0|0
2026|01|527094|015|08|CD|6212|FAC|02|51|2|002|100| B|AsistensiPembinaan Pengelolaan Keuangan BLU Daerah|00||0|0
2026|01|527094|015|08|CD|6212|FAH|02|51|2|003|100| A|Pendampingan Penyusunan dan Penyelesaian Permasalahan Laporan Keuangan UAPPAW dan BLU|00||0|0
2026|01|527094|015|08|CD|6212|FAH|02|51|2|003|100| B|Sosialisasi dan Bimbingan Teknis UAPPAW|00||0|0
2026|01|527094|015|08|CD|6212|FAH|02|51|2|002|100| A|Forum Koordinasi dan Rekonsiliasi Data dengan Bank Indonesia|00||0|0
2026|01|527094|015|08|CD|6212|FAH|02|51|2|002|100| B|Pembinaan SAP pada Pemerintah Daerah|00||0|0
2026|01|527094|015|08|CD|6212|FAH|02|51|2|002|100| C|SosialisasiBimtekWorkshopFGD dengan Pemda|00||0|0
2026|01|527094|015|08|CD|6212|FAL|02|51|2|001|100| A|Sosialisasi PeraturanKebijakan Pelaksanaan Anggaran|00||0|0
2026|01|527094|015|08|CD|6212|FAL|02|51|2|001|100| B|Pengkoordinasian Kerjasama Ekonomi dan Keuangan Daerah|00||0|0
2026|01|527094|015|08|CD|6212|FAL|02|51|2|001|100| C|Pembinaan dan Bimtek Pengelolaan Keuangan Daerah|00||0|0
2026|01|527094|015|08|CD|6212|FAL|02|51|2|001|100| D|Penyerahan DIPA|00||0|0
2026|01|527094|015|08|CD|6213|ABA|02|51|2|001|100| A|Penyusunan Analisis Potensi Pembiayaan dan Pelaksanaan MoU DJPb dan PT SMI di Daerah|00||0|0
2026|01|527094|015|08|CD|6213|FAE|02|51|2|009|100| B|Monitoring dan  Evaluasi KURPenerusan Pinjaman|00||0|0
2026|01|527094|015|08|CD|6213|FAE|02|51|2|008|100| A|Koordinasi Pelaksanaan Tugas RCE  ALCo|00||0|0
2026|01|527094|015|08|CD|6213|FAL|02|51|2|003|100| A|Pelaksanaan Spending Review|00||0|0
2026|01|527094|015|08|CD|6213|FAL|02|51|2|003|100| C|Review Pelaksanaan Anggaran|00||0|0
2026|01|527094|015|08|CD|6213|FAL|02|51|2|003|100| D|Monitoring dan Evaluasi Pelaksanaan Anggaran|00||0|0
2026|01|527094|015|08|CD|6213|FAL|02|51|2|003|100| E|Pengumpulan InformasiPenajaman Data Fiskal RegionalPenyusunan KFR|00||0|0
2026|01|527094|015|08|CD|6213|FAL|02|51|2|003|100| F|Publikasi Kajian Fiskal Regional|00||0|0
2026|01|527094|015|08|CD|6213|FAL|02|51|2|003|100| G|Pengumpulan Konfirmasi Informasi Pengelolaan Keuangan Daerah dan Penyusunan Profil Keuangan Daerah|00||0|0
2026|01|527094|015|08|CD|6213|FAL|02|51|2|003|100| H|Monitoring atas Dana Transfer dan Dana Desa|00||0|0
2026|01|527094|015|08|CD|6215|FAH|02|51|2|003|100| A|Pembinaan UAKBUN D (KPPN)|00||0|0
2026|01|527094|015|08|CD|6215|FAH|02|51|2|003|100| B|Koordinasi UAKBUN D (KPPN)|00||0|0
2026|01|527094|015|08|CD|6215|FAH|02|51|2|001|100| A|Koordinasi Laporan Keuangan Pemerintah Daerah dan atau BLUD|00||0|0
2026|01|527094|015|08|CD|6215|FAH|02|51|2|001|100| B|Penyusunan Laporan Statistik Keuangan Pemerintah Tingkat Wilayah|00||0|0
2026|01|527094|015|08|CD|6216|FAE|02|51|2|002|100| A|TANPA SUB KOMPONEN|00||0|0
2026|01|527094|015|08|WA|4715|EBA|02|51|2|001|100| A|TANPA SUB KOMPONEN|00||0|0
2026|01|527094|015|08|WA|4715|EBA|02|51|2|001|100| B|Koordinasi Penyusunan ATK PU|00||0|0
2026|01|527094|015|08|WA|4715|EBA|02|51|2|002|100| A|TANPA SUB KOMPONEN|00||0|0
2026|01|527094|015|08|WA|4715|EBA|02|51|2|994|002| A|Keperluan Seharihari Perkantoran|00||0|0
2026|01|527094|015|08|WA|4715|EBA|02|51|2|994|002| B|Langganan Daya dan Jasa|00||0|0
2026|01|527094|015|08|WA|4715|EBA|02|51|2|994|002| C|Operasional Kantor|00||0|0
2026|01|527094|015|08|WA|4715|EBA|02|51|2|994|002| D|Pemeliharaan Peralatan dan Mesin|00||0|0
2026|01|527094|015|08|WA|4715|EBA|02|51|2|994|002| G|Pemeliharaan Gedung dan Bangunan|00||0|0
2026|01|527094|015|08|WA|4715|EBA|02|51|2|994|002|HB|Dukungan Tusi - Reviu Belanja Pemerintah|00||0|0
2026|01|527094|015|08|WA|4715|EBA|02|51|2|994|002|HC|Dukungan Tusi - Government Financial Statistic (GFS)|00||0|0
2026|01|527094|015|08|WA|4715|EBA|02|51|2|994|002|HD|Dukungan Tusi - Rekomendasi Pengelolaan Organisasi|00||0|0
2026|01|527094|015|08|WA|4715|EBA|02|51|2|994|002|HH|Dukungan Pelaksaan Tusi Prioritas Direktif Presiden|00||0|0
2026|01|527094|015|08|WA|4715|EBA|02|51|2|994|002|TJ|Jasa PemeliharaanAnnual Technical Support (ATS)|00||0|0
2026|01|527094|015|08|WA|4715|EBD|02|51|2|Z36|100| A|TANPA SUB KOMPONEN|00||0|0
2026|01|527094|015|08|WA|4715|EBD|02|51|2|Z26|100| A|Rakor Penyusunan Laporan Keuangan Tingkat UAPPAW|00||0|0
2026|01|527094|015|08|WA|4718|BMB|02|51|2|001|100| A|TANPA SUB KOMPONEN|00||0|0
2026|01|527094|015|08|WA|4718|BMB|02|51|2|001|100| B|Studi Teknis Museum Perbendaharaan |00||0|0
2026|01|527094|015|08|WA|4718|BMB|02|51|2|001|100| C|FGD Hasil Studi Teknis|00||0|0
2026|01|527094|015|08|WA|4718|BMB|02|51|2|002|100| A|TANPA SUB KOMPONEN|00||0|0
2026|01|527094|015|08|WA|4719|EBA|02|51|2|003|100| A|Pelaksanaan Supervisi Proses Bisnis KPPN|00||0|0
2026|01|527094|015|08|WA|4719|EBA|02|51|2|003|100| B|Koordinasi Inovasi layanan|00||0|0
2026|01|527094|015|08|WA|4719|EBA|02|51|2|994|001| A|TANPA SUB KOMPONEN|00||0|0
2026|01|527094|015|08|WA|4719|EBA|02|51|2|005|100| A|Monitoring dan Evaluasi Implementasi ISO|00||0|0
2026|01|527094|015|08|WA|4719|EBA|02|51|2|005|100| B|Pelaksanaan Supervisi Teknis Aplikasi|00||0|0
2026|01|527094|015|08|WA|4719|EBC|02|51|2|001|100|XC|Penyelenggaraan Capacity Building|00||0|0
2026|01|527094|015|08|WA|4722|EBD|02|51|2|001|100| A|Pelaksanaan Manajemen Resiko dan Kepatuhan Internal|00||0|0
2026|01|527094|015|08|WA|4722|EBD|02|51|2|001|100| B|Pemantauan Kode Etik dan Kepatuhan Pegawai|00||0|0
2026|01|527272|015|08|CD|6212|BMB|03|51|2|001|100| A|Profiling UMKM|00||0|0
2026|01|527272|015|08|CD|6212|FAC|03|51|2|001|100| A|Training Modul Aplikasi SAKTI|00||0|0
2026|01|527272|015|08|CD|6212|FAC|03|51|2|001|100| B|FGD dan Bimtek Transfer Keuangan Daerah|00||0|0
2026|01|527272|015|08|CD|6212|FAH|03|51|2|001|100| A|TANPA SUB KOMPONEN|00||0|0
2026|01|527272|015|08|CD|6212|FAL|03|51|2|004|100| A|Konsultasi|00||0|0
2026|01|527272|015|08|CD|6212|FAL|03|51|2|004|100| B|Sosialisasi dan Bimbingan Teknis|00||0|0
2026|01|527272|015|08|CD|6212|FAL|03|51|2|004|100| D|Pembinaan Pemda, TKD, dan Penandatanganan BAR|00||0|0
2026|01|527272|015|08|CD|6213|FAC|03|51|2|001|100| A|Pembinaan Jabatan Fungsional Perbendaharaan|00||0|0
2026|01|527272|015|08|CD|6213|FAE|03|51|2|009|100| A|Monev Penyaluran Pembiayaan Ultra Mikro|00||0|0
2026|01|527272|015|08|CD|6213|FAL|03|51|2|003|100| A|Monev Pelaksanaan Anggaran|00||0|0
2026|01|527272|015|08|CD|6214|FAL|03|51|2|002|100| A|Pelaksanaan PencairanPenarikanPengesahan Dana|00||0|0
2026|01|527272|015|08|CD|6214|FAL|03|51|2|002|100| B|PenerbitanPersetujuanRekonsiliasi RekeningSKPPKonfirmasi Penerimaan Negara dll|00||0|0
2026|01|527272|015|08|CD|6215|FAH|03|51|2|003|100| A|Penyusunan Laporan Keuangan TIngkat Kuasa Bun di Daerah|00||0|0
2026|01|527272|015|08|WA|4715|EBA|03|51|2|001|100| A|TANPA SUB KOMPONEN|00||0|0
2026|01|527272|015|08|WA|4715|EBA|03|51|2|002|100| A|TANPA SUB KOMPONEN|00||0|0
2026|01|527272|015|08|WA|4715|EBA|03|51|2|994|002| A|Keperluan Seharihari Perkantoran|00||0|0
2026|01|527272|015|08|WA|4715|EBA|03|51|2|994|002| B|Langganan Daya dan Jasa|00||0|0
2026|01|527272|015|08|WA|4715|EBA|03|51|2|994|002| C|Pelaksanaan Operasional Kantor|00||0|0
2026|01|527272|015|08|WA|4715|EBA|03|51|2|994|002| D|Pemeliharaan Peralatan dan Mesin|00||0|0
2026|01|527272|015|08|WA|4715|EBA|03|51|2|994|002| G|Pemeliharaan Gedung dan Bangunan|00||0|0
2026|01|527272|015|08|WA|4715|EBA|03|51|2|994|002|HA|Dukungan Tusi - Konsultasi Pencairan Dana|00||0|0
2026|01|527272|015|08|WA|4715|EBA|03|51|2|994|002|HB|Dukungan Tusi - Reviu Belanja Pemerintah|00||0|0
2026|01|527272|015|08|WA|4715|EBA|03|51|2|994|002|HH|Dukungan Pelaksanaan Tusi Prioritas Direktif Presiden|00||0|0
2026|01|527272|015|08|WA|4715|EBA|03|51|2|994|002|TJ|Jasa PemeliharaanAnnual Technical Support (ATS)|00||0|0
2026|01|527272|015|08|WA|4715|EBB|03|51|2|002|100| A|TANPA SUB KOMPONEN|00||0|0
2026|01|527272|015|08|WA|4718|BMB|03|51|2|002|100| A|TANPA SUB KOMPONEN|00||0|0
2026|01|527272|015|08|WA|4718|BMB|03|51|2|001|100| A|TANPA SUB KOMPONEN|00||0|0
2026|01|527272|015|08|WA|4719|EBA|03|51|2|994|001| A|TANPA SUB KOMPONEN|00||0|0
2026|01|527272|015|08|WA|4719|EBA|03|51|2|004|100| A|Survey Kepuasan Pengguna Layanan|00||0|0
2026|01|527272|015|08|WA|4719|EBC|03|51|2|001|100|XC|Penyelenggaraan Capacity Building|00||0|0
2026|01|527289|015|08|CD|6212|BMB|03|56|2|001|100| A|Profiling UMKM|00||0|0
2026|01|527289|015|08|CD|6212|FAC|03|56|2|001|100| A|Training Modul Aplikasi SAKTI|00||0|0
2026|01|527289|015|08|CD|6212|FAC|03|56|2|001|100| B|FGD dan Bimtek Transfer Keuangan Daerah|00||0|0
2026|01|527289|015|08|CD|6212|FAH|03|56|2|001|100| A|TANPA SUB KOMPONEN|00||0|0
2026|01|527289|015|08|CD|6212|FAL|03|56|2|004|100| A|Konsultasi|00||0|0
2026|01|527289|015|08|CD|6212|FAL|03|56|2|004|100| B|Sosialisasi dan Bimbingan Teknis|00||0|0
2026|01|527289|015|08|CD|6212|FAL|03|56|2|004|100| C|Pembinaan Satker|00||0|0
2026|01|527289|015|08|CD|6212|FAL|03|56|2|004|100| D|Pembinaan Pemda, TKD, dan Penandatanganan BA Rekonsiliasi Pajak|00||0|0
2026|01|527289|015|08|CD|6213|FAC|03|56|2|001|100| A|Pembinaan Jabatan Fungsional Perbendaharaan|00||0|0
2026|01|527289|015|08|CD|6213|FAE|03|56|2|009|100| A|Monev Penyaluran Pembiayaan Ultra Mikro|00||0|0
2026|01|527289|015|08|CD|6214|FAL|03|56|2|002|100| A|Pelaksanaan PencairanPenarikanPengesahan Dana|00||0|0
2026|01|527289|015|08|CD|6214|FAL|03|56|2|002|100| B|PenerbitanPersetujuanRekonsiliasi RekeningSKPPKonfirmasi Penerimaan Negara, dll|00||0|0
2026|01|527289|015|08|CD|6215|FAH|03|56|2|003|100| A|Penyusunan Laporan Keuangan Tingkat Kuasa BUN di Daerah|00||0|0
2026|01|527289|015|08|WA|4715|EBA|03|56|2|001|100| A|TANPA SUB KOMPONEN|00||0|0
2026|01|527289|015|08|WA|4715|EBA|03|56|2|001|100| B|Koordinasi Penyusunan ATK PU|00||0|0
2026|01|527289|015|08|WA|4715|EBA|03|56|2|002|100| A|TANPA SUB KOMPONEN|00||0|0
2026|01|527289|015|08|WA|4715|EBA|03|56|2|994|002| A|Keperluan Seharihari Perkantoran|00||0|0
2026|01|527289|015|08|WA|4715|EBA|03|56|2|994|002| B|Langganan Daya dan Jasa|00||0|0
2026|01|527289|015|08|WA|4715|EBA|03|56|2|994|002| C|Pelaksanaan Operasional Kantor|00||0|0
2026|01|527289|015|08|WA|4715|EBA|03|56|2|994|002| D|Pemeliharaan Peralatan dan Mesin|00||0|0
2026|01|527289|015|08|WA|4715|EBA|03|56|2|994|002| G|Pemeliharaan Gedung dan Bangunan|00||0|0
2026|01|527289|015|08|WA|4715|EBA|03|56|2|994|002|HA|Dukungan Tusi - Konsultasi Pencairan Dana|00||0|0
2026|01|527289|015|08|WA|4715|EBA|03|56|2|994|002|HB|Dukungan Tusi - Reviu Belanja Pemerintah|00||0|0
2026|01|527289|015|08|WA|4715|EBA|03|56|2|994|002|HH|Dukungan Pelaksaan Tusi Prioritas Direktif Presiden|00||0|0
2026|01|527289|015|08|WA|4715|EBA|03|56|2|994|002|TJ|Jasa PemeliharaanAnnual Technical Support (ATS)|00||0|0
2026|01|527289|015|08|WA|4715|EBB|03|56|2|002|100| A|TANPA SUB KOMPONEN|00||0|0
2026|01|527289|015|08|WA|4715|EBD|03|56|2|Z36|100| B|Pelaksanaan Manajemen Kinerja, Resiko dan Kepatuhan Internal|00||0|0
2026|01|527289|015|08|WA|4718|BMB|03|56|2|001|100| A|TANPA SUB KOMPONEN|00||0|0
2026|01|527289|015|08|WA|4718|BMB|03|56|2|002|100| A|TANPA SUB KOMPONEN|00||0|0
2026|01|527289|015|08|WA|4719|EBA|03|56|2|004|100| A|Survey Kepuasan Pengguna Layanan|00||0|0
2026|01|527289|015|08|WA|4719|EBA|03|56|2|994|001| A|TANPA SUB KOMPONEN|00||0|0
2026|01|527289|015|08|WA|4719|EBC|03|56|2|001|100|XC|Penyelenggaraan Capacity Building|00||0|0
2026|01|527322|015|08|CD|6212|BMB|03|09|2|001|100| A|Profiling UMKM|00||0|0
2026|01|527322|015|08|CD|6212|FAC|03|09|2|001|100| A|Training Modul Aplikasi SAKTI|00||0|0
2026|01|527322|015|08|CD|6212|FAC|03|09|2|001|100| B|FGD dan Bimtek Transfer Keuangan Daerah|00||0|0
2026|01|527322|015|08|CD|6212|FAH|03|09|2|001|100| A|TANPA SUB KOMPONEN|00||0|0
2026|01|527322|015|08|CD|6212|FAL|03|09|2|004|100| A|Konsultasi|00||0|0
2026|01|527322|015|08|CD|6212|FAL|03|09|2|004|100| B|Sosialisasi dan Bimbingan Teknis|00||0|0
2026|01|527322|015|08|CD|6212|FAL|03|09|2|004|100| D|Pembinaan Pemda, TKD, dan Penandatanganan BAR|00||0|0
2026|01|527322|015|08|CD|6213|FAC|03|09|2|001|100| A|Pembinaan Jabatan Fungsional Perbendaharaan|00||0|0
2026|01|527322|015|08|CD|6213|FAL|03|09|2|003|100| A|Monev Pelaksanaan Anggaran|00||0|0
2026|01|527322|015|08|CD|6214|FAL|03|09|2|002|100| A|Pelaksanaan PencairanPenarikanPengesahan Dana|00||0|0
2026|01|527322|015|08|CD|6214|FAL|03|09|2|002|100| B|PenerbitanPersetujuanRekonsiliasi RekeningSKPPKonfirmasi Penerimaan Negara, dll|00||0|0
2026|01|527322|015|08|CD|6215|FAH|03|09|2|003|100| A|Penyusunan Laporan Keuangan Tingkat Kuasa BUN di Daerah|00||0|0
2026|01|527322|015|08|WA|4715|EBA|03|09|2|001|100| A|TANPA SUB KOMPONEN|00||0|0
2026|01|527322|015|08|WA|4715|EBA|03|09|2|002|100| A|TANPA SUB KOMPONEN|00||0|0
2026|01|527322|015|08|WA|4715|EBA|03|09|2|994|002| A|Keperluan Seharihari Perkantoran|00||0|0
2026|01|527322|015|08|WA|4715|EBA|03|09|2|994|002| B|Langganan Daya dan Jasa|00||0|0
2026|01|527322|015|08|WA|4715|EBA|03|09|2|994|002| C|Pelaksanaan Operasional Kantor|00||0|0
2026|01|527322|015|08|WA|4715|EBA|03|09|2|994|002| D|Pemeliharaan Peralatan dan Mesin|00||0|0
2026|01|527322|015|08|WA|4715|EBA|03|09|2|994|002| G|Pemeliharaan Gedung dan Bangunan|00||0|0
2026|01|527322|015|08|WA|4715|EBA|03|09|2|994|002|HA|Dukungan Tusi - Konsultasi Pencairan Dana|00||0|0
2026|01|527322|015|08|WA|4715|EBA|03|09|2|994|002|HB|Dukungan Tusi - Reviu Belanja Pemerintah|00||0|0
2026|01|527322|015|08|WA|4715|EBA|03|09|2|994|002|HH|Dukungan Pelaksanaan Tusi Prioritas Direktif Presiden|00||0|0
2026|01|527322|015|08|WA|4715|EBA|03|09|2|994|002|TJ|Jasa PemeliharaanAnnual Technical Support (ATS)|00||0|0
2026|01|527322|015|08|WA|4715|EBB|03|09|2|004|100|RB|Renovasi Rumah Dinas|00||0|0
2026|01|527322|015|08|WA|4715|EBB|03|09|2|002|100| A|TANPA SUB KOMPONEN|00||0|0
2026|01|527322|015|08|WA|4715|EBD|03|09|2|Z36|100| B|Pelaksanaan Manajemen Kinerja, Resiko dan Kepatuhan Internal|00||0|0
2026|01|527322|015|08|WA|4718|BMB|03|09|2|002|100| A|TANPA SUB KOMPONEN|00||0|0
2026|01|527322|015|08|WA|4718|BMB|03|09|2|001|100| A|TANPA SUB KOMPONEN|00||0|0
2026|01|527322|015|08|WA|4719|EBA|03|09|2|994|001| A|TANPA SUB KOMPONEN|00||0|0
2026|01|527322|015|08|WA|4719|EBA|03|09|2|004|100| A|Survey Kepuasan Pengguna Layanan|00||0|0
2026|01|527322|015|08|WA|4719|EBC|03|09|2|001|100|XC|Penyelenggaraan Capacity Building|00||0|0
2026|01|527336|015|08|CD|6212|BMB|03|10|2|001|100| A|Profiling UMKM|00||0|0
2026|01|527336|015|08|CD|6212|FAC|03|10|2|001|100| A|Training Modul Aplikasi SAKTI|00||0|0
2026|01|527336|015|08|CD|6212|FAC|03|10|2|001|100| B|FGD dan Bimtek Transfer Keuangan Daerah|00||0|0
2026|01|527336|015|08|CD|6212|FAH|03|10|2|001|100| A|TANPA SUB KOMPONEN|00||0|0
2026|01|527336|015|08|CD|6212|FAL|03|10|2|004|100| A|Konsultasi|00||0|0
2026|01|527336|015|08|CD|6212|FAL|03|10|2|004|100| B|Sosialisasi dan Bimbingan Teknis|00||0|0
2026|01|527336|015|08|CD|6212|FAL|03|10|2|004|100| D|Pembinaan Pemda, TKD, dan Penandatanganan BAR|00||0|0
2026|01|527336|015|08|CD|6213|FAC|03|10|2|001|100| A|Pembinaan Jabatan Fungsional Perbendaharaan|00||0|0
2026|01|527336|015|08|CD|6213|FAE|03|10|2|009|100| A|Monev Penyaluran Pembiayaan Ultra Mikro|00||0|0
2026|01|527336|015|08|CD|6213|FAL|03|10|2|003|100| A|Monev Pelaksanaan Anggaran|11||0|0
2026|01|527336|015|08|CD|6214|FAL|03|10|2|002|100| A|Pelaksanaan PencairanPenarikanPengesahan Dana|11||0|0
2026|01|527336|015|08|CD|6214|FAL|03|10|2|002|100| B|PenerbitanPersetujuanRekonsiliasi RekeningSKPPKonfirmasi Penerimaan Negara, dll|11||0|0
2026|01|527336|015|08|CD|6215|FAH|03|10|2|003|100| A|Penyusunan Laporan Keuangan Tingkat Kuasa BUN di Daerah|11||0|0
2026|01|527336|015|08|WA|4715|EBA|03|10|2|001|100| A|TANPA SUB KOMPONEN|00||0|0
2026|01|527336|015|08|WA|4715|EBA|03|10|2|002|100| A|TANPA SUB KOMPONEN|00||0|0
2026|01|527336|015|08|WA|4715|EBA|03|10|2|994|002|AA|Keperluan Seharihari Perkantoran  KPPN Induk|00||0|0
2026|01|527336|015|08|WA|4715|EBA|03|10|2|994|002| B|Langganan Daya dan Jasa|00||0|0
2026|01|527336|015|08|WA|4715|EBA|03|10|2|994|002| C|Pelaksanaan Operasional Kantor|00||0|0
2026|01|527336|015|08|WA|4715|EBA|03|10|2|994|002| D|Pemeliharaan Peralatan dan Mesin|00||0|0
2026|01|527336|015|08|WA|4715|EBA|03|10|2|994|002| G|Pemeliharaan Gedung dan Bangunan|00||0|0
2026|01|527336|015|08|WA|4715|EBA|03|10|2|994|002|HH|Dukungan Pelaksanaan Tusi Prioritas Direktif Presiden|00||0|0
2026|01|527336|015|08|WA|4715|EBA|03|10|2|994|002|TJ|Jasa PemeliharaanAnnual Technical Support (ATS)|00||0|0
2026|01|527336|015|08|WA|4715|EBD|03|10|2|Z36|100| B|Pelaksanaan Manajemen Kinerja ,Resiko dan Kepatuhan Internal|00||0|0
2026|01|527336|015|08|WA|4718|BMB|03|10|2|002|100| A|TANPA SUB KOMPONEN|00||0|0
2026|01|527336|015|08|WA|4718|BMB|03|10|2|001|100| A|TANPA SUB KOMPONEN|00||0|0
2026|01|527336|015|08|WA|4719|EBA|03|10|2|994|001| A|TANPA SUB KOMPONEN|00||0|0
2026|01|527336|015|08|WA|4719|EBA|03|10|2|004|100| A|Survey Kepuasan Pengguna Layanan  KPPN Induk|00||0|0
2026|01|527336|015|08|WA|4719|EBC|03|10|2|001|100|XC|Penyelenggaraan Capacity Building|00||0|0
2026|01|527399|015|08|CD|6212|FAC|04|51|2|001|100| A|Training Modul Aplikasi SAKTI|00||0|0
2026|01|527399|015|08|CD|6212|FAC|04|51|2|001|100| B|FGD dan Bimtek Transfer Keuangan Daerah|00||0|0
2026|01|527399|015|08|CD|6212|FAH|04|51|2|001|100| A|TANPA SUB KOMPONEN|00||0|0
2026|01|527399|015|08|CD|6212|FAL|04|51|2|004|100| A|Konsultasi|00||0|0
2026|01|527399|015|08|CD|6212|FAL|04|51|2|004|100| B|Sosialisasi dan Bimbingan Teknis|00||0|0
2026|01|527399|015|08|CD|6212|FAL|04|51|2|004|100| D|Pembinaan Pemda, TKD, dan Penandatanganan BAR|00||0|0
2026|01|527399|015|08|CD|6213|FAC|04|51|2|001|100| A|Pembinaan Jabatan Fungsional Perbendaharaan|00||0|0
2026|01|527399|015|08|CD|6213|FAE|04|51|2|009|100| A|Monev Penyaluran Pembiayaan Ultra Mikro|00||0|0
2026|01|527399|015|08|CD|6214|FAL|04|51|2|002|100| A|Pelaksanaan PencairanPenarikanPengesahan Dana|00||0|0
2026|01|527399|015|08|CD|6214|FAL|04|51|2|002|100| B|PenerbitanPersetujuanRekonsiliasi RekeningSKPPKonfirmasi Penerimaan Negara, dll|00||0|0
2026|01|527399|015|08|CD|6215|FAH|04|51|2|003|100| A|Penyusunan Laporan Keuangan Tingkat Kuasa BUN di Daerah|00||0|0
2026|01|527399|015|08|CD|6215|FAH|04|51|2|003|100| B|Koordinasi UAKBUND KPPN di Kanwil|00||0|0
2026|01|527399|015|08|WA|4715|EBA|04|51|2|001|100| A|TANPA SUB KOMPONEN|00||0|0
2026|01|527399|015|08|WA|4715|EBA|04|51|2|001|100| B|Koordinasi Penyusunan ATK PU|00||0|0
2026|01|527399|015|08|WA|4715|EBA|04|51|2|002|100| A|TANPA SUB KOMPONEN|00||0|0
2026|01|527399|015|08|WA|4715|EBA|04|51|2|994|002| A|Keperluan Seharihari Perkantoran|00||0|0
2026|01|527399|015|08|WA|4715|EBA|04|51|2|994|002| B|Langganan Daya dan Jasa|00||0|0
2026|01|527399|015|08|WA|4715|EBA|04|51|2|994|002| C|Pelaksanaan Operasional Kantor|00||0|0
2026|01|527399|015|08|WA|4715|EBA|04|51|2|994|002| D|Pemeliharaan Peralatan dan Mesin|00||0|0
2026|01|527399|015|08|WA|4715|EBA|04|51|2|994|002|HA|Dukungan Tusi - Konsultasi Pencairan Dana|00||0|0
2026|01|527399|015|08|WA|4715|EBA|04|51|2|994|002|HB|Dukungan Tusi - Reviu Belanja Pemerintah|00||0|0
2026|01|527399|015|08|WA|4715|EBA|04|51|2|994|002|HH|Dukungan Pelaksanaan Tusi Prioritas Direktif Presiden|00||0|0
2026|01|527399|015|08|WA|4715|EBA|04|51|2|994|002|TJ|Jasa PemeliharaanAnnual Technical Support (ATS)|00||0|0
2026|01|527399|015|08|WA|4715|EBD|04|51|2|Z36|100| B|Pelaksanaan Manajemen Kinerja, Resiko dan Kepatuhan Internal|00||0|0
2026|01|527399|015|08|WA|4718|BMB|04|51|2|001|100| A|Tanpa Sub Komponen|00||0|0
2026|01|527399|015|08|WA|4718|BMB|04|51|2|002|100| A|Tanpa Sub Komponen|00||0|0
2026|01|527399|015|08|WA|4719|EBA|04|51|2|004|100| A|Survey Kepuasan Pengguna Layanan|00||0|0
2026|01|527399|015|08|WA|4719|EBA|04|51|2|994|001| A|Tanpa Sub Komponen|00||0|0
2026|01|527399|015|08|WA|4719|EBC|04|51|2|001|100|XC|Penyelenggaraan Capacity Building|00||0|0
2026|01|527010|015|08|CD|6212|AEF|01|51|1|001|100|JA|PB.60  Sosialisasi, Workshop dan ToT Standar Akuntansi Pemerintah (SAP)|00||0|0
2026|01|527010|015|08|CD|6212|AEF|01|51|1|001|100|JB|PB.60  Penyelenggaraan Helpdesk Standar Akuntansi Pemerintah|00||0|0
2026|01|527010|015|08|CD|6212|AEF|01|51|1|001|100|JC|PB.60  Forum Akuntansi Pemerintah Pusat|00||0|0
2026|01|527010|015|08|CD|6212|AEF|01|51|1|001|100|JD|PB.60  Publikasi LKPP, LKBUN dan LKPP Berbahasa Inggris Audited Tahun 2025|00||0|0
2026|01|527010|015|08|CD|6212|AEF|01|51|1|005|100|HB|PB.40  Workshop Investasi BUMNPT|00||0|0
2026|01|527010|015|08|CD|6212|AEF|01|51|1|004|100|HB|PB.40  FGD Investasipembiayaan Daerah dan Penerusan Pinjaman PemdaBUMD|00||0|0
2026|01|527010|015|08|CD|6212|AEF|01|51|1|004|100|HD|PB.40  Investasi Pemerintah|00||0|0
2026|01|527010|015|08|CD|6212|AEF|01|51|1|004|100|HE|PB.40  Workshop Pengelolaan Kredit Program|00||0|0
2026|01|527010|015|08|CD|6212|AEF|01|51|1|004|100|HG|PB.40  Bimbingan Teknis Pemanfaatan Sistem Informasi Kredit Program|00||0|0
2026|01|527010|015|08|CD|6212|AEF|01|51|1|002|100|SA|PB.70  Sosialisasi Peraturan Terkait Jabatan Fungsional Bidang Perbendaharaan|00||0|0
2026|01|527010|015|08|CD|6212|FAC|01|51|1|001|100|LA|PB.80  Komunikasi Implementasi Aplikasi  Direktorat SITP|00||0|0
2026|01|527010|015|08|CD|6212|FAC|01|51|1|003|100|IA|PB.50  FGDSosialisasiEdukasi Satker BLU  Direktorat Pembinaan PK BLU|00||0|0
2026|01|527010|015|08|CD|6212|FAC|01|51|1|004|100|IA|PB.50  Refreshment Operasionalisasi Aplikasi BiOS PK BLU  Direktorat Pembinaan PK BLU|00||0|0
2026|01|527010|015|08|CD|6212|FAC|01|51|1|005|100|FA|PB.20  Pengelolaan Penyaluran DAK Fisik, Dana BOS, dan Dana Desa|00||0|0
2026|01|527010|015|08|CD|6212|FAC|01|51|1|007|100|IA|PB.50  Collecting dan Evaluasi Data Analytical BLU Direktorat Pembinaan PK BLU|00||0|0
2026|01|527010|015|08|CD|6212|FAC|01|51|1|008|100|SA|PB.70  Pelaksanaan Sertifikasi Kompetensi PPK, PPSPM dan Bendahara|00||0|0
2026|01|527010|015|08|CD|6212|FAC|01|51|1|008|100|SB|PB.70  Pelaksanaan Penilaian Kinerja Jabatan Fungsional Bidang Perbendaharaan|00||0|0
2026|01|527010|015|08|CD|6212|FAC|01|51|1|008|100|SC|PB.70  Pembinaan Unit Pembina Jabatan Fungsional Bidang Perbendaharaan KL|00||0|0
2026|01|527010|015|08|CD|6212|FAH|01|51|1|001|100|JA|PB.60  Pembinaan Penyusunan Laporan Keuangan Kuasa BUN TA 2025|00||0|0
2026|01|527010|015|08|CD|6212|FAH|01|51|1|002|100|JA|PB.60  Forum Group Discussion, Diseminasi serta Bimbingan Teknis GFS kepada Pihak Internal dan Eksternal DJPb|00||0|0
2026|01|527010|015|08|CD|6212|FAH|01|51|1|003|100|JA|PB.60  Penyuluhan Penyusunan Laporan Keuangan KL dan BUN TA 2025 Level Operator|00||0|0
2026|01|527010|015|08|CD|6212|FAH|01|51|1|003|100|JB|PB.60  Sosialisasi Peraturan dan Sistem Aplikasi Terbaru|00||0|0
2026|01|527010|015|08|CD|6212|FAH|01|51|1|003|100|JC|PB.60  Pembinaan Penyusunan Laporan Keuangan KL (LKKL) TA 2025|00||0|0
2026|01|527010|015|08|CD|6212|FAL|01|51|1|002|100|OB|PB.30  Analisis Meeting Oleh Chief Economist Perbankan dan Perusahaan Sekuritas dan FGD Risk And  Portfolio Management|00||0|0
2026|01|527010|015|08|CD|6212|FAL|01|51|1|002|100|OC|PB.30  Workshop, FGD dan Sosialisasi  Pengelolaan Kas Negara|00||0|0
2026|01|527010|015|08|CD|6212|FAL|01|51|1|002|100|OE|PB.30  Bimbingan Teknis dan Sosialisasi terkait Pengelolaan Kas Negara|00||0|0
2026|01|527010|015|08|CD|6212|FAL|01|51|1|002|100|OG|PB.30  Knowledge Sharing Program Active Cash Management|00||0|0
2026|01|527010|015|08|CD|6212|FAL|01|51|1|002|100|OH|PB.30  Pembinaan Bendahara Instansi Pada Kanwil dan KPPN|00||0|0
2026|01|527010|015|08|CD|6212|FAL|01|51|1|002|100|OJ|PB.30  Monev terkait Sistem Penyetoran Pajak Ke Kas Negara yang Terintegrasi Pencairan Dana Belanja Daerah|00||0|0
2026|01|527010|015|08|CD|6212|UAL|01|51|1|208|100|OE|PB.30  Workshop, FGD, dan Sosialisasi terkait Penggunaan Digital Payment  Marketplace|00||0|0
2026|01|527010|015|08|CD|6213|FAE|01|51|1|001|100|MA|PB.TP  Penyusunan Kajian Bidang Perbendaharaan|00||0|0
2026|01|527010|015|08|CD|6213|FAE|01|51|1|001|100|OB|PB.30  Rapat Koordinasi Pinjaman dan Hibah|00||0|0
2026|01|527010|015|08|CD|6213|FAE|01|51|1|001|100|OD|PB.30  Monitoring dan evaluasi Implementasi Teasury Billing System|00||0|0
2026|01|527010|015|08|CD|6213|FAE|01|51|1|002|100|SB|PB.70  Monitoring Implementasi Proses Bisnis pada Ditjen Perbendaharaan|00||0|0
2026|01|527010|015|08|CD|6213|FAE|01|51|1|009|100|HA|PB.40  Monitoring dan Evaluasi terkait Kredit Program|00||0|0
2026|01|527010|015|08|CD|6213|FAE|01|51|1|009|100|HB|PB.40  Monitoring dan Evaluasi Penyaluran Pinjaman|00||0|0
2026|01|527010|015|08|CD|6213|FAE|01|51|1|004|100|OA|PB.30  Monitoring dan Evaluasi Kemitraan BUMPUN dan Counterparty Pengelolaan SBN|00||0|0
2026|01|527010|015|08|CD|6213|FAE|01|51|1|004|100|OB|PB.30  Monitoring dan Evaluasi Perjanjian Kerjasama dengan Perbankan|00||0|0
2026|01|527010|015|08|CD|6213|FAE|01|51|1|003|100|IA|PB.50  Monitoring dan Evaluasi Kinerja dan Layanan  Direktorat Pembinaan PK BLU|00||0|0
2026|01|527010|015|08|CD|6213|FAE|01|51|1|003|100|IC|PB.50  Survey Pengguna Layanan Satker PK BLU  Direktorat Pembinaan PK BLU|00||0|0
2026|01|527010|015|08|CD|6213|FAE|01|51|1|003|100|IE|PB.50  Monitoring dan Evaluasi Maturity Rating Satker PK BLU  Direktorat Pembinaan PK BLU|00||0|0
2026|01|527010|015|08|CD|6213|FAE|01|51|1|003|100|IF|PB.50 Monitoring dan Evaluasi Pemberdayaan UMKM Lingkup DJPB|00||0|0
2026|01|527010|015|08|CD|6213|FAH|01|51|1|001|100|JA|PB.60  Monitoring Implementasi Standar Akuntansi Pemerintah (SAP)|00||0|0
2026|01|527010|015|08|CD|6213|FAH|01|51|1|001|100|JB|PB.60  Monitoring Tindak Lanjut Pemerintah terhadap Temuan Pemeriksaan BPK atas LKPP|00||0|0
2026|01|527010|015|08|CD|6213|FAL|01|51|1|003|100|CA|PB.13  Pelaksanaan Kajian Fiskal Regional di Daerah|00||0|0
2026|01|527010|015|08|CD|6213|FAL|01|51|1|003|100|FA|PB.20  Spending Review|00||0|0
2026|01|527010|015|08|CD|6213|FAL|01|51|1|003|100|FB|PB.20  Kajian Fiskal Regional|00||0|0
2026|01|527010|015|08|CD|6213|FAL|01|51|1|003|100|FC|PB.20  Reviu Pelaksanaan Anggaran|00||0|0
2026|01|527010|015|08|CD|6214|AED|01|51|1|002|100|HA|PB.40  Penyusunan Perjanjian Terkait Investasi Pemerintah|00||0|0
2026|01|527010|015|08|CD|6214|FAE|01|51|1|001|100|HA|PB.40  Penyusunan Kajian Terkait Investasi Pemerintah|00||0|0
2026|01|527010|015|08|CD|6214|FAE|01|51|1|001|100|HB|PB.40  Penerusan Pinjaman Kepada BUMNBHLBLU|00||0|0
2026|01|527010|015|08|CD|6214|FAE|01|51|1|001|100|HC|PB.40  Penyelesaian Piutang Negara Terkait Investasi Pemerintah|00||0|0
2026|01|527010|015|08|CD|6214|FAE|01|51|1|001|100|HD|PB.40  Pengelolaan Kinerja Investasi|00||0|0
2026|01|527010|015|08|CD|6214|FAE|01|51|1|001|100|HE|PB.40  Riset dan Pengembangan Kebijakan Investasi Pemerintah|00||0|0
2026|01|527010|015|08|CD|6214|FAE|01|51|1|001|100|MA|PB.TP  Penyusunan Kajian Bidang Perbendaharaan|00||0|0
2026|01|527010|015|08|CD|6214|FAL|01|51|1|003|100|OA|PB.30  Rapat Dalam Rangka Perencanaan dan Optimalisasi Kas Pemerintah|00||0|0
2026|01|527010|015|08|CD|6214|FAL|01|51|1|003|100|OD|PB.30  Pembahasan dan Penyelesaian Pengelolaan Kas Negara|00||0|0
2026|01|527010|015|08|CD|6214|UAE|01|51|1|203|100|HB|PB.40 Monitoring dan Evaluasi skema baru Pembiayaan UMi|00||0|0
2026|01|527010|015|08|CD|6215|FAH|01|51|1|001|100|JA|PB.60  Government Finance Statistic (GFS)|00||0|0
2026|01|527010|015|08|CD|6215|FAH|01|51|1|003|100|JA|PB.60  Laporan Keuangan BUN TA 2026|00||0|0
2026|01|527010|015|08|CD|6215|FAH|01|51|1|003|100|JB|PB.60  Laporan Keuangan BUN Semester I TA 2026|00||0|0
2026|01|527010|015|08|CD|6215|FAH|01|51|1|003|100|OA|PB.30  Penyusunan LK SiAP (BA 999.00) dan LK SATK PKN (BA 999.99) serta Buku Merah|00||0|0
2026|01|527010|015|08|CD|6215|FAH|01|51|1|003|100|OB|PB.30  Penyusunan UAR dan UAT Sistem Aplikasi Penunjang Layanan (OMSPAN)|00||0|0
2026|01|527010|015|08|CD|6215|FAH|01|51|1|004|100|JA|PB.60  Laporan Keuangan Pemerintah Pusat TA 2025|00||0|0
2026|01|527010|015|08|CD|6215|FAH|01|51|1|004|100|JB|PB.60  Laporan Keuangan Pemerintah Pusat Semester I TA 2026|00||0|0
2026|01|527010|015|08|CD|6215|FAH|01|51|1|004|100|JC|PB.60  Analisis Fiskal dan Makro Ekonomi LKPP|00||0|0
2026|01|527010|015|08|CD|6215|FAH|01|51|1|005|100|HA|PB.40  Konsolidasi Laporan Pelaksanaan Investasi Pemerintah|00||0|0
2026|01|527010|015|08|CD|6216|AAA|01|51|1|A01|100|JA|PB.60  Penyusunan RUU PP APBN TA 2025|00||0|0
2026|01|527010|015|08|CD|6216|AAA|01|51|1|A01|100|JB|PB.60  Tim Pembahasan Rancangan UndangUndang tentang Pertanggungjawaban atas Pelaksanaan APBN|00||0|0
2026|01|527010|015|08|CD|6216|AAC|01|51|1|B01|100|SA|PB.70  Penyempurnaan Peraturan Terkait Pelaksanaan Anggaran|00||0|0
2026|01|527010|015|08|CD|6216|AAD|01|51|1|C50|100|HA|PB.40 Peraturan Presiden tentang Kebijakan Pemberian Pinjaman|00||0|0
2026|01|527010|015|08|CD|6216|AAG|01|51|1|D01|100|IA|PB.50  Penetapan Satker PK BLU|00||0|0
2026|01|527010|015|08|CD|6216|AAG|01|51|1|D01|100|IB|PB.50  Penetapan Tarif Layanan dan Remunerasi Satker PK BLU|00||0|0
2026|01|527010|015|08|CD|6216|AAG|01|51|1|E02|100|HA|PB.40  Penyusunan Peraturan dan Keputusan (termasuk kegiatan persiapan)|00||0|0
2026|01|527010|015|08|CD|6216|AAG|01|51|1|E01|100|FA|PB.20  Peraturan Menteri Mengenai Pembayaran Atas Beban APBN|00||0|0
2026|01|527010|015|08|CD|6216|AAH|01|51|1|F01|100|JA|PB.60  Penyusunan Buku Panduan Teknis dan Analisis Laporan Keuangan|00||0|0
2026|01|527010|015|08|CD|6216|AAH|01|51|1|F01|100|JC|PB.60  Penyusunan Peraturan SAPP|00||0|0
2026|01|527010|015|08|CD|6216|AAH|01|51|1|F02|100|SA|PB.70  Peraturan Lainnya Mengenai Pembayaran Atas Beban APBN|00||0|0
2026|01|527010|015|08|CD|6216|AAH|01|51|1|F03|100|OB|PB.30  Penyusunan Peraturan dan Petunjuk Teknis Terkait dengan Peningkatan Pengelolaan Kas Negara|00||0|0
2026|01|527010|015|08|CD|6216|AAH|01|51|1|F04|100|IA|PB.50  Sinkronisasi dan Harmonisasi Peraturan PK BLU  Direktorat Pembinaan PK BLU|00||0|0
2026|01|527010|015|08|CD|6216|AAH|01|51|1|F04|100|IB|PB.50  Penyusunan Peraturan dan Pedoman Teknis PK BLU  Direktorat Pembinaan PK BLU|00||0|0
2026|01|527010|015|08|CD|6216|FAE|01|51|1|001|100|OA|PB.30  Penyusunan Masukan Pemerintah terkait Pencetakan Uang oleh Bank Indonesia|00||0|0
2026|01|527010|015|08|CD|6216|FAE|01|51|1|004|100|OA|PB.30  Pengelolaan Rekening Pemerintah|00||0|0
2026|01|527010|015|08|CD|6216|FAE|01|51|1|003|100|JA|PB.60  Penyusunan Kajian Standar Akuntansi Pemerintahan Dit. APK|00||0|0
2026|01|527010|015|08|CD|6216|FAE|01|51|1|003|100|SA|PB.70  Rekomendasi atas Implementasi Peraturan dan Perbaikan Peraturan|00||0|0
2026|01|527010|015|08|CD|6216|FAE|01|51|1|003|100|SB|PB.70  Evaluasi Peraturan Perbendaharaan|00||0|0
2026|01|527010|015|08|CD|6216|FAE|01|51|1|003|100|SC|PB.70  Tindak Lanjut atas Evaluasi Implementasi Peraturan, dan Penyelesaian Permasalahan terkait Sistem Perbendaharaan|00||0|0
2026|01|527010|015|08|CD|6216|FAE|01|51|1|003|100|SD|PB.70  Penelitian dan Pengembangan Sistem Pembayaran dan Pengelolaan Liquiditas|00||0|0
2026|01|527010|015|08|CD|6216|FAE|01|51|1|003|100|SE|PB.70  Sinkronisasi Kerjasama Kelembagaan|00||0|0
2026|01|527010|015|08|CD|6216|FAE|01|51|1|003|100|SF|PB.70  Kerjasama dengan KementerianLembaga|00||0|0
2026|01|527010|015|08|CD|6216|FAE|01|51|1|003|100|SG|PB.70  Penelitian dan Pengembangan Sistem Penerimaan, dan Pelaporan|00||0|0
2026|01|527010|015|08|CD|6216|FAE|01|51|1|003|100|SH|PB.70  Penelitian dan Pengembangan Misi Khusus Perbendaharaan|00||0|0
2026|01|527010|015|08|CD|6216|FAE|01|51|1|003|100|SI|PB.70  FGDSeminar Hukum keuangan Negara|00||0|0
2026|01|527010|015|08|CD|6216|FAE|01|51|1|003|100|SJ|PB.70  Penyusunan Tata Kelola Implementasi, Pelaksanaan Manajemen Perubahan dan Komunikasi Transformasi Kelembagaan|00||0|0
2026|01|527010|015|08|WA|4711|EBA|01|51|1|Z04|100|EA|PB.15  Penanganan Permasalahan Hukum non Keuangan Negara oleh Bagian KI|00||0|0
2026|01|527010|015|08|WA|4711|EBA|01|51|1|Z04|100|SA|PB.70  Pelaksanaan Bantuan Penanganan Masalah Hukum, Pendampingan, Pemberian Keterangan Ahli, pembelajaran Hukum, Koordinasi dan Kegiatan Terkait Lainnya|00||0|0
2026|01|527010|015|08|WA|4715|EBA|01|51|1|001|100|BA|PB.12  Implementasi Administrasi Kepegawaian Bagian SDM|00||0|0
2026|01|527010|015|08|WA|4715|EBA|01|51|1|001|100|CA|PB.13 Dukungan Kerumahtanggan Kantor Vertikal|00||0|0
2026|01|527010|015|08|WA|4715|EBA|01|51|1|001|100|DA|PB.14  Pengelolaan Rumah Tangga Bagian Umum|00||0|0
2026|01|527010|015|08|WA|4715|EBA|01|51|1|001|100|HA|PB.40  Pengelolaan Ketatausahaan Direktorat Sistem Manajemen Investasi|00||0|0
2026|01|527010|015|08|WA|4715|EBA|01|51|1|001|100|IA|PB.50  Pengelolaan Keatausahaan  Direktorat Pembinaan PK BLU|00||0|0
2026|01|527010|015|08|WA|4715|EBA|01|51|1|001|100|JA|PB.60  Pengelolaan Ketatausahaan Direktorat APK|00||0|0
2026|01|527010|015|08|WA|4715|EBA|01|51|1|002|100|AA|PB.11  Sinkronisasi Agenda Strategis dan Monev Tindak Lanjut Kebijakan Pimpinan|00||0|0
2026|01|527010|015|08|WA|4715|EBA|01|51|1|002|100|CA|PB.13  Dukungan Keprotokoleran Direktur Jenderal Perbendaharaan dan Sekretaris Ditjen Perbendaharaan|00||0|0
2026|01|527010|015|08|WA|4715|EBA|01|51|1|002|100|CC|PB.13  Kegiatan Strategis Pimpinan|00||0|0
2026|01|527010|015|08|WA|4715|EBA|01|51|1|002|100|FA|PB.20  Dukungan Keprotokoleran Perjalanan Dinas Direktur Pelaksanaan Anggaran|00||0|0
2026|01|527010|015|08|WA|4715|EBA|01|51|1|002|100|HA|PB.40  Dukungan Keprotokoleran Perjalanan Dinas Direktur Sistem Manajemen Investasi|00||0|0
2026|01|527010|015|08|WA|4715|EBA|01|51|1|002|100|IA|PB.50  Dukungan Keprotokoler Perjalanan Dinas Direktur  Direktorat Pembinaan PK BLU|00||0|0
2026|01|527010|015|08|WA|4715|EBA|01|51|1|002|100|LA|PB.80  Dukungan Keprotokoleran Direktur SITP|00||0|0
2026|01|527010|015|08|WA|4715|EBA|01|51|1|002|100|OA|PB.30  Dukungan Keprotokoleran Perjalanan Dinas Direktur PKN|00||0|0
2026|01|527010|015|08|WA|4715|EBA|01|51|1|002|100|SA|PB.70  Dukungan Keprotokoleran Perjalanan Dinas Direktur Sistem Perbendaharaan|00||0|0
2026|01|527010|015|08|WA|4715|EBA|01|51|1|003|100|DA|PB.14  Perencanaan, Pelaksanaan, Pembinaan dan Evaluasi Pengadaan Barang dan Jasa|00||0|0
2026|01|527010|015|08|WA|4715|EBA|01|51|1|003|100|DB|PB.14  Pembinaan Pengelolaan BMN Ditjen Perbendaharaan|00||0|0
2026|01|527010|015|08|WA|4715|EBA|01|51|1|003|100|DC|PB.14  Penertiban Rumah Negara|00||0|0
2026|01|527010|015|08|WA|4715|EBA|01|51|1|003|100|DD|PB.14  Taskforce Pemenuhan Kebutuhan BMN dan Anggaran|00||0|0
2026|01|527010|015|08|WA|4715|EBA|01|51|1|994|002|AC|PB.11 - Monev Tata Laksana Layanan Kantor Vertikal, Implementasi layanan berstandar Internasional dan Pengembangan Enterprise Architecture DJPb|00||0|0
2026|01|527010|015|08|WA|4715|EBA|01|51|1|994|002|AH|PB.11 Change Management Kebijakan Penataan Organisasi DJPb|00||0|0
2026|01|527010|015|08|WA|4715|EBA|01|51|1|994|002|BA|PB.12 Magang Reguler Lingkup Ditjen Perbendaharaan|00||0|0
2026|01|527010|015|08|WA|4715|EBA|01|51|1|994|002|CA|PB.13  Honorarium Pengelola Unit Akuntansi Direktorat Jenderal Perbendaharaan|00||0|0
2026|01|527010|015|08|WA|4715|EBA|01|51|1|994|002|CB|PB.13  Honorarium Operasional Satker PNBP BUN|00||0|0
2026|01|527010|015|08|WA|4715|EBA|01|51|1|994|002|CC|PB.13 - Dukungan Tusi Program Prioritas Presiden|00||0|0
2026|01|527010|015|08|WA|4715|EBA|01|51|1|994|002|CD|PB.13 - Dukungan Operasional Kantor Vertikal|00||0|0
2026|01|527010|015|08|WA|4715|EBA|01|51|1|994|002|CE|PB.13 - Dukungan Tusi Penghitungan Pembayaran Mutasi|00||0|0
2026|01|527010|015|08|WA|4715|EBA|01|51|1|994|002|DA|PB.14  Keperluan Seharihari Perkantoran|00||0|0
2026|01|527010|015|08|WA|4715|EBA|01|51|1|994|002|DB|PB.14  Langganan Daya dan Jasa|00||0|0
2026|01|527010|015|08|WA|4715|EBA|01|51|1|994|002|DC|PB.14  Honorarium Pengelola Keuangan Satker Kantor Pusat Ditjen Perbendaharaan|00||0|0
2026|01|527010|015|08|WA|4715|EBA|01|51|1|994|002|DD|PB.14  Pemeliharaan Peralatan dan Mesin|00||0|0
2026|01|527010|015|08|WA|4715|EBA|01|51|1|994|002|DE|PB.14  Pemeliharaan GedungBangunan Aset Kantor Pusat Ditjen Perbendaharaan|00||0|0
2026|01|527010|015|08|WA|4715|EBA|01|51|1|994|002|FA|PB.20 - Dukungan Tusi Monev MBG, KDMP dan SR|00||0|0
2026|01|527010|015|08|WA|4715|EBA|01|51|1|994|002|FB|PB.20 - Dukungan Tusi Pendukung Aplikasi Keuangan SPPG|00||0|0
2026|01|527010|015|08|WA|4715|EBA|01|51|1|994|002|HA|PB.40  Honorarium Pengelola DIPA Penerusan Pinjaman, Subsidi,Transfer  Investasi Pemerintah|00||0|0
2026|01|527010|015|08|WA|4715|EBA|01|51|1|994|002|HB|PB.12 Dukungan Tusi - Pengembangan SDM|00||0|0
2026|01|527010|015|08|WA|4715|EBA|01|51|1|994|002|HC|PB.70 - Penelitian dan Pengembangan Misi Khusus Perbendaharaan|00||0|0
2026|01|527010|015|08|WA|4715|EBA|01|51|1|994|002|IA|PB.50  Dukungan Operasional  Direktorat Pembinaan PK BLU|00||0|0
2026|01|527010|015|08|WA|4715|EBA|01|51|1|994|002|JB|PB.60-Publikasi LKPP, LKBUN dan LKPP Berbahasa Inggris Audited Tahun 2025|00||0|0
2026|01|527010|015|08|WA|4715|EBA|01|51|1|994|002|OA|PB.30  Dukungan Operasional Ketatausahaan Direktorat PKN|00||0|0
2026|01|527010|015|08|WA|4715|EBA|01|51|1|994|002|OB|PB.30 Kerjasama dengan Perbankan|00||0|0
2026|01|527010|015|08|WA|4715|EBA|01|51|1|994|002|SA|PB.70  Honorarium Pengelolaan Keuangan Bagian Anggaran 999.99 Dit. SP|00||0|0
2026|01|527010|015|08|WA|4715|EBA|01|51|1|994|002|TJ|PB.14  Jasa PemeliharaanAnnual Technical Support (ATS)|00||0|0
2026|01|527010|015|08|WA|4715|EBA|01|51|1|994|002|TZ|PB.13  Pemeliharaan TIKAnnual Technical Support (ATS)|00||0|0
2026|01|527010|015|08|WA|4715|EBA|01|51|1|994|002|XA|PB.13 Dukungan Tusi - Perjalanan Dinas Mutasi|00||0|0
2026|01|527010|015|08|WA|4715|EBA|01|51|1|994|002|CA|PB.13 Keperluan Sehari-hari Perkantoran|9A||0|0
2026|01|527010|015|08|WA|4715|EBB|01|51|1|004|100|RB|PB.14 Renovasi Rumah Dinas Dukungan Kesekretariatan BPP|9A||0|0
2026|01|527010|015|08|WA|4715|EBB|01|51|1|002|100|DA|PB.14 Peralatan Mesin Dukungan Kesekretariatan BPP|9A||0|0
2026|01|527010|015|08|WA|4715|EBB|01|51|1|001|100|KC|PB.14  Kendaraan Dinas Jabatan Roda 4|00||0|0
2026|01|527010|015|08|WA|4715|EBB|01|51|1|004|100|GB|PB.14  Renovasi GedungBangunan Kantor|00||0|0
2026|01|527010|015|08|WA|4715|EBB|01|51|1|004|100|RB|PB.14  Renovasi Rumah Dinas|00||0|0
2026|01|527010|015|08|WA|4715|EBB|01|51|1|002|100|CA|PB.13 Mebelair Gedung Prijadi|00||0|0
2026|01|527010|015|08|WA|4715|EBB|01|51|1|002|100|DA|PB.14  Peralatan Fasilitas Perkantoran Kantor Pusat DJPb|00||0|0
2026|01|527010|015|08|WA|4715|EBB|01|51|1|002|100|DB|PB.14  Peralatan Fasilitas Perkantoran Kantor Pusat DJPb|00||0|0
2026|01|527010|015|08|WA|4715|EBD|01|51|1|001|100|CA|PB.13  Baseline|00||0|0
2026|01|527010|015|08|WA|4715|EBD|01|51|1|001|100|CC|PB.13  Pagu Anggaran|00||0|0
2026|01|527010|015|08|WA|4715|EBD|01|51|1|001|100|CD|PB.13  Alokasi Anggaran|00||0|0
2026|01|527010|015|08|WA|4715|EBD|01|51|1|004|100|CA|PB.13  Pengelolaan Perbendaharaan|00||0|0
2026|01|527010|015|08|WA|4715|EBD|01|51|1|004|100|CB|PB.13  Pengelolaan Belanja Pegawai|00||0|0
2026|01|527010|015|08|WA|4715|EBD|01|51|1|004|100|CC|PB.13  Pengelolaan Aplikasi Perbendaharaan|00||0|0
2026|01|527010|015|08|WA|4715|EBD|01|51|1|004|100|CD|PB.13  Evaluasi Persiapan, Pelaksanaan, Penyusunan Anggaran dan Pelaporan Keuangan|00||0|0
2026|01|527010|015|08|WA|4715|EBD|01|51|1|974|100|DA|PB.14  Pengelolaan Kearsipan|00||0|0
2026|01|527010|015|08|WA|4715|EBD|01|51|1|974|100|DB|PB.14  PenataanPenghapusan Arsip|00||0|0
2026|01|527010|015|08|WA|4715|EBD|01|51|1|Z26|100|CA|PB.13  Laporan Keuangan TA 2025|00||0|0
2026|01|527010|015|08|WA|4715|EBD|01|51|1|Z26|100|CB|PB.13  Laporan Keuangan Semester I TA 2025|00||0|0
2026|01|527010|015|08|WA|4715|EBD|01|51|1|Z26|100|CC|PB.13  Laporan Tindak Lanjut Hasil Pengawasan Pemeriksaan|00||0|0
2026|01|527010|015|08|WA|4715|EBD|01|51|1|Z26|100|CD|PB.13  Konsolidasi Laporan Tingkat KL|00||0|0
2026|01|527010|015|08|WA|4715|EBD|01|51|1|Z26|100|SA|PB.70  Perhitungan dan Analisis Realisasi Pembayaran serta Pengelolaan Keuangan dan Sistem Akuntansi Instansi Program Jaminan Sosial, PFK, SiLPA dan Penyelesaian TGR|00||0|0
2026|01|527010|015|08|WA|4715|EBD|01|51|1|Z36|100|AA|PB.11  Perumusan Kebijakan Pengelolaan Kinerja Organisasi|00||0|0
2026|01|527010|015|08|WA|4715|EBD|01|51|1|Z36|100|AB|PB.11  Internalisasi dan Evaluasi Implementasi Pengelolaan Kinerja Organisasi DJPb|00||0|0
2026|01|527010|015|08|WA|4715|EBD|01|51|1|Z36|100|AC|PB.11  Perumusan dan Pengukuran Sistem Akuntabilitas Kinerja DJPb|00||0|0
2026|01|527010|015|08|WA|4718|BMB|01|51|1|001|100|DA|PB.14  Penyelenggaraan Kegiatan Edukasi Publik|00||0|0
2026|01|527010|015|08|WA|4718|BMB|01|51|1|002|100|DA|PB.14  Penyelenggaraan Kehumasan|00||0|0
2026|01|527010|015|08|WA|4718|BMB|01|51|1|002|100|QA|PB.16  Kerja Sama Kelembagaan|00||0|0
2026|01|527010|015|08|WA|4718|BMB|01|51|1|002|100|QB|PB.16  Strategi Komunikasi dan Publikasi|00||0|0
2026|01|527010|015|08|WA|4718|BMB|01|51|1|002|100|QC|PB.16  Layanan Informasi dan Hubungan Media|00||0|0
2026|01|527010|015|08|WA|4718|BMB|01|51|1|003|100|AA|PB.11  Implementasi PUG Ditjen Perbendaharaan|00||0|0
2026|01|527010|015|08|WA|4719|EBA|01|51|1|003|100|CA|PB.13 Rapat SHEK|9A||0|0
2026|01|527010|015|08|WA|4719|EBA|01|51|1|003|100|CB|PB.13 Mandatory Monitoring Evaluasi Komeks dan POKJA|9A||0|0
2026|01|527010|015|08|WA|4719|EBA|01|51|1|003|100|AA|PB.11  Perumusan, Penyempurnaan, dan Monev Proses Bisnis Kantor Vertikal DJPb di Bidang Perbendaharaan (Supervisi Proses Bisnis Kanwil DJPb dan KPPN)|00||0|0
2026|01|527010|015|08|WA|4719|EBA|01|51|1|003|100|AB|PB.11  Dukungan Transformasi Pola Kerja melalui Intress Office, Integrasi Layanan (FO Layanan Bersama dan Kemenkeu Satu) dan Monev Manajemen Keberlangsungan Bisnis|00||0|0
2026|01|527010|015|08|WA|4719|EBA|01|51|1|003|100|AC|PB.11  Monev Analisis Beban Kerja dan Simplifikasi Laporan|00||0|0
2026|01|527010|015|08|WA|4719|EBA|01|51|1|003|100|AD|PB.11  Pengukuran Efektivitas dan Evaluasi Implementasi Renstra DJPb 20252029|00||0|0
2026|01|527010|015|08|WA|4719|EBA|01|51|1|003|100|AE|PB.11  Pengembangan Kajian dan Kebijakan Penataan dan Transformasi Organisasi Instansi Vertikal|00||0|0
2026|01|527010|015|08|WA|4719|EBA|01|51|1|003|100|AF|PB.11  Pengembangan Kajian dan Kebijakan Penataan dan Transformasi Organisasi Kantor Pusat|00||0|0
2026|01|527010|015|08|WA|4719|EBA|01|51|1|003|100|AG|PB.11  Monev Kebijakan Pelaksanaan Badan Pengarah Papua (BPP)  DOB|00||0|0
2026|01|527010|015|08|WA|4719|EBA|01|51|1|003|100|AH|PB.11  Change Management Kebijakan Penataan Organisasi DJPb|00||0|0
2026|01|527010|015|08|WA|4719|EBA|01|51|1|003|100|AI|PB.11  Pengembangan Kajian dan Kebijakan Terkait Pelayanan DJPb melalui Penajaman CSO dan Treasury Connect|00||0|0
2026|01|527010|015|08|WA|4719|EBA|01|51|1|003|100|AJ|PB.11  Monev atas Implementasi Regional Chief Economist dan Financial Advisor|00||0|0
2026|01|527010|015|08|WA|4719|EBA|01|51|1|003|100|AK|PB.11  Dukungan Strategis Pembangunan Ibu Kota Negara (IKN)|00||0|0
2026|01|527010|015|08|WA|4719|EBA|01|51|1|003|100|AL|PB.11  Dukungan Strategis Organisasi dan Koordinasi Lintas Wilayah|00||0|0
2026|01|527010|015|08|WA|4719|EBA|01|51|1|003|100|BA|PB.12 Rekomendasi Implementasi Administrasi Kepegawaaian|00||0|0
2026|01|527010|015|08|WA|4719|EBA|01|51|1|003|100|CD|PB.13  Konferensi Pimpinan Perbendaharaan|00||0|0
2026|01|527010|015|08|WA|4719|EBA|01|51|1|003|100|DA|PB.14  Board of Directors (BoD) Rencana Strategis DJPb|00||0|0
2026|01|527010|015|08|WA|4719|EBA|01|51|1|003|100|DB|PB.14 Dukungan Rapat Pimpinan|00||0|0
2026|01|527010|015|08|WA|4719|EBA|01|51|1|003|100|DC|PB.14 - Rekomendasi Pengelolaan Kerumahtanggaan|00||0|0
2026|01|527010|015|08|WA|4719|EBA|01|51|1|003|100|DD|PB.14 Rekomendasi Perencanaan, Pelaksanaan, Pembinaan dan Evaluasi Pengadaan Barang dan Jasa|00||0|0
2026|01|527010|015|08|WA|4719|EBA|01|51|1|003|100|DE|PB.14 Rekomendasi Pengelolaan Aset Ditjen Perbendaharaan|00||0|0
2026|01|527010|015|08|WA|4719|EBA|01|51|1|003|100|DF|PB.14 Rekomendasi Pengelolaan Kearsipan|00||0|0
2026|01|527010|015|08|WA|4719|EBA|01|51|1|003|100|EA|PB.15 Rekomendasi Dukungan Monitoring Kepatuhan Organisasi dan Koordinasi Lintas K/L|00||0|0
2026|01|527010|015|08|WA|4719|EBA|01|51|1|003|100|FA|PB.20 Rekomendasi Evaluasi Pelaksanaan Anggaran Belanja Prioritas Pemerintah|00||0|0
2026|01|527010|015|08|WA|4719|EBA|01|51|1|003|100|FB|PB.20 Rapat Koordinasi Gabungan Pengendalian Belanja TA 2026 Dan Persiapan TA 2027|00||0|0
2026|01|527010|015|08|WA|4719|EBA|01|51|1|003|100|HA|PB.40. Dukungan Keprotokoleran Perjalanan Dinas Direktur Sistem Manajemen Investasi|00||0|0
2026|01|527010|015|08|WA|4719|EBA|01|51|1|003|100|IA|PB.50 Rekomendasi Pengembangan Tugas Pengelolaan BLU, BLUD, dan UMKM|00||0|0
2026|01|527010|015|08|WA|4719|EBA|01|51|1|003|100|QA|PB.16 Rekomendasi Penguatan Strategi Komunikasi Ekonomi dan Fiskal|00||0|0
2026|01|527010|015|08|WA|4719|EBA|01|51|1|003|100|QB|PB.16 - Rekomendasi Penguatan Strategi Komunikasi Ekonomi dan Fiskal|00||0|0
2026|01|527010|015|08|WA|4719|EBA|01|51|1|003|100|QC|PB.16 Rekomendasi Strategi Komunikasi dan Publikasi|00||0|0
2026|01|527010|015|08|WA|4719|EBA|01|51|1|003|100|QD|PB.16 Rekomdasi Layanan Informasi dan Hubungan Media|00||0|0
2026|01|527010|015|08|WA|4719|EBA|01|51|1|004|100|AA|PB.11  Pengukuran Efektivitas Implementasi Regulasi di Bidang Perbendaharaan (Monev SOP, Perdirjen, Kepdirjen dan regulasi lainnya)|00||0|0
2026|01|527010|015|08|WA|4719|EBA|01|51|1|004|100|AB|PB.11  Pengukuran Kualitas Layanan dan Pembinaan Kantor Vertikal di Tingkat Kementerian Keuangan serta Pengawalan Inovasi Kementerian Keuangan|00||0|0
2026|01|527010|015|08|WA|4719|EBA|01|51|1|004|100|AC|PB.11  Monev Tata Laksana Layanan Kantor Vertikal, Implementasi layanan berstandar Internasional dan Pengembangan Enterprise Architecture DJPb|00||0|0
2026|01|527010|015|08|WA|4719|EBA|01|51|1|004|100|AD|PB.11  Monev Tindak Lanjut hasil Survei MOFIN|00||0|0
2026|01|527010|015|08|WA|4719|EBA|01|51|1|007|100|EA|PB.15  Implementasi ISO 37001 tentang Sistem Manajemen Anti Penyuapan|00||0|0
2026|01|527010|015|08|WA|4719|EBA|01|51|1|994|001|CA|PB.13  Pembayaran Gaji dan Tunjangan|00||0|0
2026|01|527010|015|08|WA|4719|EBA|01|51|1|994|001|CB|PB.13  Pembayaran Gaji dan Tunjangan PPPK|00||0|0
2026|01|527010|015|08|WA|4719|EBC|01|51|1|001|100|BA|PB.12  Perencanaan Strategis Bidang SDM  Bagian SDM|00||0|0
2026|01|527010|015|08|WA|4719|EBC|01|51|1|001|100|BB|PB.12  Implementasi Manajemen Talenta Bagian SDM|00||0|0
2026|01|527010|015|08|WA|4719|EBC|01|51|1|001|100|BC|PB.12  Pengembangan SDM Ditjen Perbendaharaan  Bagian SDM|00||0|0
2026|01|527010|015|08|WA|4719|EBC|01|51|1|001|100|CA|PB.13  Kesejahteraan Mental Pegawai|00||0|0
2026|01|527010|015|08|WA|4719|EBC|01|51|1|001|100|DA|PB.14  Workshop Pengadaan Barang dan Jasa|00||0|0
2026|01|527010|015|08|WA|4719|EBC|01|51|1|001|100|DC|PB.14  Pengembangan Kapasitas Kehumasan dan Evaluasi Publikasi|00||0|0
2026|01|527010|015|08|WA|4719|EBC|01|51|1|001|100|IA|PB.50Pengembangan Kapasitas SDM Dit. PK BLU  Direktorat Pembinaan PK BLU|00||0|0
2026|01|527010|015|08|WA|4719|EBC|01|51|1|001|100|OB|PB.30  Evaluasi Internal Direktorat Pengelolaan Kas Negara|00||0|0
2026|01|527010|015|08|WA|4719|EBC|01|51|1|001|100|OD|PB.30  Forum Mata Uang dengan Bank Indonesia|00||0|0
2026|01|527010|015|08|WA|4719|EBC|01|51|1|001|100|OE|PB.30  SIT dan UAT Ulang Sistem Pembayaran Collecting Agent akibat Implementasi Core Tax Administration|00||0|0
2026|01|527010|015|08|WA|4719|EBC|01|51|1|001|100|XB|PB.80  Pengembangan Kapabilitas SDM TIK|00||0|0
2026|01|527010|015|08|WA|4719|EBC|01|51|1|003|100|BA|PB.12  Implementasi Administrasi Kepegawaian Bagian SDM|00||0|0
2026|01|527010|015|08|WA|4719|EBC|01|51|1|003|100|BB|PB.12  Penetapan Jabatan dan Peringkat, Mutasi serta Penilaian Kinerja Pegawai  Bagian SDM|00||0|0
2026|01|527010|015|08|WA|4719|EBC|01|51|1|003|100|CA|PB.13  Pesangon Pindah dan Menetap Pensiun Bagian Keuangan|00||0|0
2026|01|527010|015|08|WA|4719|EBC|01|51|1|003|100|XA|PB.12  Pelaksanaan Mutasi|00||0|0
2026|01|527010|015|08|WA|4719|EBC|01|51|1|004|100|AA|PB.11  Pengembangan Kajian dan Kebijakan Jabatan Fungsional Tertutup Bidang Tugas Perbendaharaan|00||0|0
2026|01|527010|015|08|WA|4719|EBC|01|51|1|004|100|BA|PB.12  Pengelolaan Jabatan Fungsional Tertutup DJPb Bagian SDM|00||0|0
2026|01|527010|015|08|WA|4722|EBD|01|51|1|001|100|EA|PB.15  Monev Implementasi Integrity Framework|00||0|0
2026|01|527010|015|08|WA|4722|EBD|01|51|1|003|100|EA|PB.15  Koordinasi Pelaksanaan Tugas Kepatuhan Internal|00||0|0
2026|01|527010|015|08|WA|4722|EBD|01|51|1|003|100|EB|PB.15  Hakordia|00||0|0
2026|01|527010|015|08|WA|4722|EBD|01|51|1|003|100|EC|PB.15  Pemantauan Pengendalian Internal|00||0|0
2026|01|527010|015|08|WA|4722|EBD|01|51|1|003|100|ED|PB.15  Program Kerja Pengawasan Tahunan|00||0|0
2026|01|527010|015|08|WA|4722|EBD|01|51|1|003|100|EE|PB.15  Pengelolaan Pengaduan, Penegakan Kode Etik Disiplin dan Penyelesaian Tindak Lanjut Hasil Audit|00||0|0
2026|01|527010|015|08|WA|4722|EBD|01|51|1|003|100|EF|PB.15 Peningkatan Kualitas Laporan Kepatuhan Internal|00||0|0
2026|01|527010|015|08|WA|4722|EBD|01|51|1|002|100|EA|PB.15  Penerapan Manajemen Risiko|00||0|0
2026|01|527010|015|08|WA|4722|EBD|01|51|1|002|100|JA|PB.60  Pengelolaan Manajemen Risiko Dit. APK|00||0|0
2026|01|527010|015|08|WA|4725|CCL|01|51|1|001|005|TJ|PB.13  Jasa PemeliharaanAnnual Technical Support|00||0|0
2026|01|527010|015|08|WA|4725|CCL|01|51|1|003|005|TJ|PB.13  Jasa PemeliharaanAnnual Technical Support|00||0|0
2026|01|527010|015|08|WA|4725|CCL|01|51|1|002|005|TJ|PB.13  Jasa PemeliharaanAnnual Technical Support|00||0|0
2026|01|527010|015|08|WA|4725|FAB|01|51|1|001|100|LA|PB.80  Sistem Pengelolaan Data Analitik  Direktorat SITP|00||0|0
2026|01|527010|015|08|WA|4725|FAB|01|51|1|002|100|LA|PB.80  Pengembangan Sistem Aplikasi BUN  Direktorat SITP|00||0|0
2026|01|527010|015|08|WA|4725|FAB|01|51|1|002|100|TH|PB.80  Jasa Konsultansi|00||0|0
2026|01|527010|015|08|WA|4725|FAB|01|51|1|003|100|EA|PB.15  Penyempurnaan Aplikasi INCRIMA|00||0|0
2026|01|527010|015|08|WA|4725|FAB|01|51|1|003|100|LA|PB.80  Pengembangan Sistem Aplikasi Perbendaharaan  Direktorat SITP|00||0|0
2026|01|527010|015|08|WA|4725|FAB|01|51|1|003|100|TH|PB.80  Jasa Konsultansi|00||0|0
2026|01|527010|015|08|WA|4725|FAB|01|51|1|004|100|LA|PB.80  Pengembangan Sistem Aplikasi Satker  Direktorat SITP|00||0|0
2026|01|527010|015|08|WA|4725|FAB|01|51|1|006|100|JA|PB.60  Sistem Informasi Keuangan Republik Indonesia (SIKRI) Dit. APK. Gen.2|00||0|0
2026|01|527010|015|08|WA|4725|FAB|01|51|1|008|100|FA|PB.20  Modul Penilaian Kinerja Pelaksanaan Anggaran pada OMSPAN|00||0|0
2026|01|527010|015|08|WA|4725|FAB|01|51|1|307|100|SA|PB.70  Sinkronisasi Kerjasama Pengembangan Pembayaran Pemerintah (PU)|00||0|0
2026|01|527488|015|08|CD|6212|BMB|05|27|2|001|100| A|Profiling UMKM|00||0|0
2026|01|527488|015|08|CD|6212|FAC|05|27|2|001|100| A|Training Modul Aplikasi SAKTI|00||0|0
2026|01|527488|015|08|CD|6212|FAC|05|27|2|001|100| B|FGD dan Bimtek Transfer Keuangan Daerah|00||0|0
2026|01|527488|015|08|CD|6212|FAH|05|27|2|001|100| A|TANPA SUB KOMPONEN|00||0|0
2026|01|527488|015|08|CD|6212|FAL|05|27|2|004|100| A|Konsultasi|00||0|0
2026|01|527488|015|08|CD|6212|FAL|05|27|2|004|100| B|Sosialisasi dan Bimbingan Teknis|00||0|0
2026|01|527488|015|08|CD|6212|FAL|05|27|2|004|100| C|Pembinaan Satker|00||0|0
2026|01|527488|015|08|CD|6212|FAL|05|27|2|004|100| D|Pembinaan Pemda, TKD, dan Penandatanganan BAR|00||0|0
2026|01|527488|015|08|CD|6213|FAC|05|27|2|001|100| A|Pembinaan Jabatan Fungsional Perbendaharaan|00||0|0
2026|01|527488|015|08|CD|6213|FAE|05|27|2|009|100| A|Monev Penyaluran Pembiayaan Ultra Mikro|00||0|0
2026|01|527488|015|08|CD|6213|FAL|05|27|2|003|100| A|Monev Pelaksanaan Anggaran|00||0|0
2026|01|527488|015|08|CD|6214|FAL|05|27|2|002|100| A|Pelaksanaan PencarianPenarikanPengesahan Dana|00||0|0
2026|01|527488|015|08|CD|6214|FAL|05|27|2|002|100| B|PenerbitanPersetujuanRekonsiliasi RekeningSKPPKonfirmasi Penerimaan Negara, dll|00||0|0
2026|01|527488|015|08|CD|6215|FAH|05|27|2|003|100| A|Penyusunan Laporan Keuangan Tingkat Kuasa BUN di Daerah|00||0|0
2026|01|527488|015|08|WA|4715|EBA|05|27|2|001|100| A|TANPA SUB KOMPONEN|00||0|0
2026|01|527488|015|08|WA|4715|EBA|05|27|2|001|100| B|Koordinasi Penyusunan ATK PU|00||0|0
2026|01|527488|015|08|WA|4715|EBA|05|27|2|002|100| A|TANPA SUB KOMPONEN|00||0|0
2026|01|527488|015|08|WA|4715|EBA|05|27|2|994|002| A|Keperluan Seharihari Perkantoran|00||0|0
2026|01|527488|015|08|WA|4715|EBA|05|27|2|994|002| B|Langganan Daya dan Jasa|00||0|0
2026|01|527488|015|08|WA|4715|EBA|05|27|2|994|002| C|Pelaksanaan Operasional Kantor|00||0|0
2026|01|527488|015|08|WA|4715|EBA|05|27|2|994|002| D|Pemeliharaan Peralatan dan Mesin|00||0|0
2026|01|527488|015|08|WA|4715|EBA|05|27|2|994|002| G|Pemeliharaan Gedung dan Bangunan|00||0|0
2026|01|527488|015|08|WA|4715|EBA|05|27|2|994|002|HA|Dukungan Tusi-Konsultasi Pencairan Dana|00||0|0
2026|01|527488|015|08|WA|4715|EBA|05|27|2|994|002|HB|Dukungan Tusi-Reviu Belanja Pemerintah|00||0|0
2026|01|527488|015|08|WA|4715|EBA|05|27|2|994|002|HH|Dukungan Pelaksanaan Tusi Prioritas Direktif Presiden|00||0|0
2026|01|527488|015|08|WA|4715|EBA|05|27|2|994|002|TJ|Jasa Pemeliharaan Annual Technical Support (ATS)|00||0|0
2026|01|527488|015|08|WA|4715|EBB|05|27|2|004|100|GB|Renovasi GedungBangunan Kantor|00||0|0
2026|01|527488|015|08|WA|4715|EBB|05|27|2|004|100|RB|Renovasi Rumah Dinas|00||0|0
2026|01|527488|015|08|WA|4718|BMB|05|27|2|001|100| A|TANPA SUB KOMPONEN|00||0|0
2026|01|527488|015|08|WA|4718|BMB|05|27|2|002|100| A|TANPA SUB KOMPONEN|00||0|0
2026|01|527488|015|08|WA|4719|EBA|05|27|2|004|100| A|Survey Kepuasan Pengguna Layanan|00||0|0
2026|01|527488|015|08|WA|4719|EBA|05|27|2|994|001| A|TANPA SUB KOMPONEN|00||0|0
2026|01|527488|015|08|WA|4719|EBC|05|27|2|001|100| A|Peningkatan Kapasitas SDM|00||0|0
2026|01|527471|015|08|CD|6212|FAH|05|06|2|001|100| A|TANPA SUB KOMPONEN|00||0|0
2026|01|527471|015|08|CD|6212|FAH|05|06|2|001|100| B|TANPA SUB KOMPONEN|00||0|0
2026|01|527471|015|08|CD|6212|FAL|05|06|2|004|100| A|Konsultasi|00||0|0
2026|01|527471|015|08|CD|6212|FAL|05|06|2|004|100| B|Sosialisasi dan Bimbingan Teknis|00||0|0
2026|01|527471|015|08|CD|6212|FAL|05|06|2|004|100| D|Pembinaan Pemda, TKD, dan Penandatanganan BAR|00||0|0
2026|01|527471|015|08|CD|6213|FAC|05|06|2|001|100| A|Pembinaan Jabatan Fungsional Perbendaharaan|00||0|0
2026|01|527471|015|08|CD|6212|BMB|05|06|2|001|100| A|Profilling UMKM|00||0|0
2026|01|527471|015|08|CD|6212|FAC|05|06|2|001|100| A|Training Modul Aplikasi SAKTI|00||0|0
2026|01|527471|015|08|CD|6212|FAC|05|06|2|001|100| B|FGD dan Bimtek Transfer Keuangan Daerah|00||0|0
2026|01|527471|015|08|CD|6213|FAE|05|06|2|009|100| A|Monev Penyaluran Pembiayaan Ultra Mikro|00||0|0
2026|01|527471|015|08|CD|6213|FAL|05|06|2|003|100| A|Monev Pelaksanaan Anggaran|00||0|0
2026|01|527471|015|08|CD|6214|FAL|05|06|2|002|100| A|Pelaksanaan PencairanPenarikanPengesahan Dana|00||0|0
2026|01|527471|015|08|CD|6214|FAL|05|06|2|002|100| B|PenerbitanPersetujuanRekonsiliasi RekeningSKPPKonfirmasi Penerimaan Negara, dll|00||0|0
2026|01|527471|015|08|CD|6215|FAH|05|06|2|003|100| A|Penyusunan Laporan Keuangan Tingkat Kuasa BUN di Daerah|00||0|0
2026|01|527471|015|08|CD|6215|FAH|05|06|2|003|100| B|Koordinasi UAKBUND KPPN di Kanwil|00||0|0
2026|01|527471|015|08|WA|4715|EBA|05|06|2|001|100| A|TANPA SUB KOMPONEN|00||0|0
2026|01|527471|015|08|WA|4715|EBA|05|06|2|001|100| B|Koordinasi Penyusunan ATK PU|00||0|0
2026|01|527471|015|08|WA|4715|EBA|05|06|2|002|100| A|TANPA SUB KOMPONEN|00||0|0
2026|01|527471|015|08|WA|4715|EBA|05|06|2|994|002| A|Keperluan Seharihari Perkantoran|00||0|0
2026|01|527471|015|08|WA|4715|EBA|05|06|2|994|002| B|Langganan Daya dan Jasa|00||0|0
2026|01|527471|015|08|WA|4715|EBA|05|06|2|994|002| C|Pelaksanaan Operasional Kantor|00||0|0
2026|01|527471|015|08|WA|4715|EBA|05|06|2|994|002| D|Pemeliharaan Peralatan dan Mesin|00||0|0
2026|01|527471|015|08|WA|4715|EBA|05|06|2|994|002| G|Pemeliharaan Gedung dan Bangunan|00||0|0
2026|01|527471|015|08|WA|4715|EBA|05|06|2|994|002|HA|Dukungan Tusi - Konsultasi Pencairan Dana|00||0|0
2026|01|527471|015|08|WA|4715|EBA|05|06|2|994|002|HB|Dukungan Tusi - Reviu Belanja Pemerintah|00||0|0
2026|01|527471|015|08|WA|4715|EBA|05|06|2|994|002|HH|Dukungan Pelaksaan Tusi Prioritas Direktif Presiden|00||0|0
2026|01|527471|015|08|WA|4715|EBA|05|06|2|994|002|TJ|Jasa PemeliharaanAnnual Technical Support (ATS)|00||0|0
2026|01|527471|015|08|WA|4715|EBD|05|06|2|Z36|100| A|Perumusan Kebijakan Pengelolaan Kinerja Organisasi|00||0|0
2026|01|527471|015|08|WA|4718|BMB|05|06|2|001|100| A|TANPA SUB KOMPONEN|00||0|0
2026|01|527471|015|08|WA|4718|BMB|05|06|2|002|100| A|TANPA SUB KOMPONEN|00||0|0
2026|01|527471|015|08|WA|4719|EBA|05|06|2|004|100| A|Survey Kepuasan Pengguna layanan|00||0|0
2026|01|527471|015|08|WA|4719|EBA|05|06|2|994|001| A|TANPA SUB KOMPONEN|00||0|0
2026|01|527471|015|08|WA|4719|EBC|05|06|2|001|100| A|Peningkatan Kapasitas SDM|00||0|0
2026|01|527645|015|08|CD|6212|BMB|07|51|2|001|100| B|Pemberdayaan UMKM  SosialisasiBimtekAsistensi dan BazarPojokRumah UMKM|00||0|0
2026|01|527645|015|08|CD|6212|BMB|07|51|2|001|100| D|Komunikasi Publik  BazarPojokRumah UMKM|00||0|0
2026|01|527645|015|08|CD|6212|FAH|07|51|2|002|100| A|Forum Koordinasi dan Rekonsiliasi Data dengan Bank Indonesia|00||0|0
2026|01|527645|015|08|CD|6212|FAH|07|51|2|002|100| B|Pembinaan SAP pada Pemerintah Daerah|00||0|0
2026|01|527645|015|08|CD|6212|FAH|07|51|2|002|100| C|SosialisasiBimtekWorkshopFGD dengan Pemda|00||0|0
2026|01|527645|015|08|CD|6212|FAL|07|51|2|001|100| B|Pengkoordinasian Kerjasama Ekonomi dan Keuangan Daerah|00||0|0
2026|01|527645|015|08|CD|6212|FAL|07|51|2|001|100| D|Penyerahan DIPA|00||0|0
2026|01|527645|015|08|CD|6213|FAE|07|51|2|009|100| A|FGD Analisa Fasilitas Likuiditas Pembiayaan Perumahan (FLPP)|00||0|0
2026|01|527645|015|08|CD|6213|FAE|07|51|2|008|100| A|Koordinasi Pelaksanaan Tugas RCE  ALCo|00||0|0
2026|01|527645|015|08|CD|6213|FAL|07|51|2|003|100| A|Pelaksanaan Spending Review|00||0|0
2026|01|527645|015|08|CD|6213|FAL|07|51|2|003|100| D|Monitoring dan Evaluasi Pelaksanaan Anggaran|00||0|0
2026|01|527645|015|08|CD|6213|FAL|07|51|2|003|100| E|Pengumpulan InformasiPenajaman Data Fiskal RegionalPenyusunan KFR|00||0|0
2026|01|527645|015|08|CD|6213|FAL|07|51|2|003|100| F|Publikasi Kajian Fiskal Regional|00||0|0
2026|01|527645|015|08|CD|6213|FAL|07|51|2|003|100| G|Pengumpulan Konfirmasi Informasi Pengelolaan Keuangan Daerah dan Penyusunan Profil Keuangan Daerah|00||0|0
2026|01|527645|015|08|CD|6213|FAL|07|51|2|003|100| H|Monitoring atas Dana Transfer dan Dana Desa|00||0|0
2026|01|527645|015|08|CD|6215|FAH|07|51|2|003|100| B|Koordinasi UAKBUND (KPPN)|00||0|0
2026|01|527645|015|08|CD|6215|FAH|07|51|2|001|100| B|Penyusunan Laporan Statistik Keuangan Pemerintah Tingkat Wilayah|00||0|0
2026|01|527645|015|08|WA|4715|EBA|07|51|2|001|100| A|TANPA SUB KOMPONEN|00||0|0
2026|01|527645|015|08|WA|4715|EBA|07|51|2|002|100| A|TANPA SUB KOMPONEN|00||0|0
2026|01|527645|015|08|WA|4715|EBA|07|51|2|994|002| A|Keperluan Seharihari Perkantoran|00||0|0
2026|01|527645|015|08|WA|4715|EBA|07|51|2|994|002| B|Langganan Daya dan Jasa|00||0|0
2026|01|527645|015|08|WA|4715|EBA|07|51|2|994|002| C|Pelaksanaan Operasional Kantor|00||0|0
2026|01|527645|015|08|WA|4715|EBA|07|51|2|994|002| D|Pemeliharaan Peralatan dan Mesin|00||0|0
2026|01|527645|015|08|WA|4715|EBA|07|51|2|994|002| G|Pemeliharaan Gedung dan Bangunan|00||0|0
2026|01|527645|015|08|WA|4715|EBA|07|51|2|994|002|HB|Dukungan Tusi - Reviu Belanja Pemerintah|00||0|0
2026|01|527645|015|08|WA|4715|EBA|07|51|2|994|002|HC|Dukungan Tusi - Government Financial Statistic (GFS)|00||0|0
2026|01|527645|015|08|WA|4715|EBA|07|51|2|994|002|HD|Dukungan Tusi - Rekomendasi Pengelolaan Organisasi|00||0|0
2026|01|527645|015|08|WA|4715|EBA|07|51|2|994|002|TJ|Jasa PemeliharaanAnnual Technical Support (ATS)|00||0|0
2026|01|527645|015|08|WA|4715|EBD|07|51|2|Z36|100| A|TANPA SUB KOMPONEN|00||0|0
2026|01|527645|015|08|WA|4715|EBD|07|51|2|Z26|100| A|Rakor Penyusunan Laporan Keuangan Tingkat UAPPAW (Full Cost)|00||0|0
2026|01|527645|015|08|WA|4718|BMB|07|51|2|002|100| A|TANPA SUB KOMPONEN|00||0|0
2026|01|527645|015|08|WA|4718|BMB|07|51|2|001|100| A|TANPA SUB KOMPONEN|00||0|0
2026|01|527645|015|08|WA|4719|EBA|07|51|2|005|100| B|Pelaksanaan Supervisi Teknis Aplikasi|00||0|0
2026|01|527645|015|08|WA|4719|EBA|07|51|2|994|001| A|TANPA SUB KOMPONEN|00||0|0
2026|01|527645|015|08|WA|4719|EBA|07|51|2|003|100| A|Pelaksanaan Supervisi Proses Bisnis KPPN|00||0|0
2026|01|527645|015|08|WA|4719|EBA|07|51|2|003|100| B|Koordinasi Inovasi layanan|00||0|0
2026|01|527645|015|08|WA|4719|EBC|07|51|2|001|100|XC|Penyelenggaraan Capacity Building|00||0|0
2026|01|527645|015|08|WA|4722|EBD|07|51|2|001|100| A|TANPA SUB KOMPONEN|00||0|0
2026|01|527691|015|08|CD|6212|BMB|07|55|2|001|100| A|Profiling UMKM|00||0|0
2026|01|527691|015|08|CD|6212|FAC|07|55|2|001|100| A|Training Modul Aplikasi SAKTI|00||0|0
2026|01|527691|015|08|CD|6212|FAC|07|55|2|001|100| B|FGD dan Bimtek Transfer Keuangan Daerah|00||0|0
2026|01|527691|015|08|CD|6212|FAH|07|55|2|001|100| A|TANPA SUB KOMPONEN|00||0|0
2026|01|527691|015|08|CD|6212|FAL|07|55|2|004|100| A|Konsultasi|00||0|0
2026|01|527691|015|08|CD|6212|FAL|07|55|2|004|100| B|Sosialisasi dan Bimbingan Teknis|00||0|0
2026|01|527691|015|08|CD|6212|FAL|07|55|2|004|100| D|Pembinaan Pemda, TKD, dan BA Rekonsiliasi Pajak|00||0|0
2026|01|527691|015|08|CD|6213|FAC|07|55|2|001|100| A|Pembinaan Jabatan Fungsional Perbendaharaan|00||0|0
2026|01|527691|015|08|CD|6213|FAE|07|55|2|009|100| A|Monev Penyaluran Pembiayaan Ultra Mikro|00||0|0
2026|01|527691|015|08|CD|6213|FAL|07|55|2|003|100| A|Monev Pelaksanaan Anggaran|00||0|0
2026|01|527691|015|08|CD|6214|FAL|07|55|2|002|100| A|Pelaksanaan PencairanPenarikanPengesahan Dana|00||0|0
2026|01|527691|015|08|CD|6214|FAL|07|55|2|002|100| B|PenerbitanPersetujuanRekonsiliasi RekeningSKPPKonfirmasi Penerimaan Negara, dll|00||0|0
2026|01|527691|015|08|CD|6215|FAH|07|55|2|003|100| A|Penyusunan Laporan Keuangan Tingkat Kuasa BUN di Daerah|00||0|0
2026|01|527691|015|08|CD|6215|FAH|07|55|2|003|100| B|Koordinasi UAKBUND KPPN di Kanwil|00||0|0
2026|01|527691|015|08|WA|4715|EBA|07|55|2|001|100| A|TANPA SUB KOMPONEN|00||0|0
2026|01|527691|015|08|WA|4715|EBA|07|55|2|001|100| B|Koordinasi Penyusunan ATK PU|00||0|0
2026|01|527691|015|08|WA|4715|EBA|07|55|2|002|100| A|TANPA SUB KOMPONEN|00||0|0
2026|01|527691|015|08|WA|4715|EBA|07|55|2|994|002| A|Keperluan Seharihari Perkantoran|00||0|0
2026|01|527691|015|08|WA|4715|EBA|07|55|2|994|002| B|Langganan Daya dan Jasa|00||0|0
2026|01|527691|015|08|WA|4715|EBA|07|55|2|994|002| C|Pelaksanaan Operasional Kantor|00||0|0
2026|01|527691|015|08|WA|4715|EBA|07|55|2|994|002| D|Pemeliharaan Peralatan dan Mesin|00||0|0
2026|01|527691|015|08|WA|4715|EBA|07|55|2|994|002| G|Pemeliharaan Gedung dan Bangunan|00||0|0
2026|01|527691|015|08|WA|4715|EBA|07|55|2|994|002|HA|Dukungan Tusi-Konsultasi Pencairan Dana|00||0|0
2026|01|527691|015|08|WA|4715|EBA|07|55|2|994|002|HB|Dukungan Tusi - Reviu Belanja Pemerinah|00||0|0
2026|01|527691|015|08|WA|4715|EBA|07|55|2|994|002|HH|Dukungan Pelaksanaan Tusi Prioritas Direktif Presiden|00||0|0
2026|01|527691|015|08|WA|4715|EBA|07|55|2|994|002|TJ|Jasa PemeliharaanAnnual Technical Support (ATS)|00||0|0
2026|01|527691|015|08|WA|4715|EBD|07|55|2|Z36|100| B|Pelaksanaan Manajemen Kinerja, Resiko dan Kepatuhan Internal|00||0|0
2026|01|527691|015|08|WA|4718|BMB|07|55|2|001|100| A|TANPA SUB KOMPONEN|00||0|0
2026|01|527691|015|08|WA|4718|BMB|07|55|2|002|100| A|TANPA SUB KOMPONEN|00||0|0
2026|01|527691|015|08|WA|4719|EBA|07|55|2|004|100| A|Survey Kepuasan Pengguna Layanan|00||0|0
2026|01|527691|015|08|WA|4719|EBA|07|55|2|994|001| A|TANPA SUB KOMPONEN|00||0|0
2026|01|527691|015|08|WA|4719|EBC|07|55|2|001|100|XC|Penyelenggaraan Capacity Building|00||0|0
2026|01|527741|015|08|CD|6213|FAE|07|52|2|009|100| A|Monev Penyaluran Pembiayaan Ultra Mikro|00||0|0
2026|01|527741|015|08|CD|6213|FAL|07|52|2|001|100| A|Monev BankPos|00||0|0
2026|01|527741|015|08|CD|6214|FAL|07|52|2|002|100| A|Pelaksanaan PencairanPenarikanPengesahan Dana|00||0|0
2026|01|527741|015|08|CD|6214|FAL|07|52|2|002|100| B|PenerbitanPersetujuanRekonsiliasi RekeningSKPPKonfirmasi Penerimaan Negara,dll|00||0|0
2026|01|527741|015|08|CD|6215|FAH|07|52|2|003|100| A|Penyusunan Laporan Keuangan Tingkat Kuasa BUN di Daerah|00||0|0
2026|01|527741|015|08|CD|6215|FAH|07|52|2|003|100| B|Koordinasi UAKBUND KPPN di Kanwil|00||0|0
2026|01|527741|015|08|WA|4715|EBA|07|52|2|001|100| A|TANPA SUB KOMPONEN|00||0|0
2026|01|527741|015|08|WA|4715|EBA|07|52|2|001|100| B|Koordinasi Penyusunan ATK PU|00||0|0
2026|01|527741|015|08|WA|4715|EBA|07|52|2|002|100| A|TANPA SUB KOMPONEN|00||0|0
2026|01|527741|015|08|WA|4715|EBA|07|52|2|994|002| A|Keperluan Seharihari perkantoran|00||0|0
2026|01|527741|015|08|WA|4715|EBA|07|52|2|994|002| B|Langganan Daya dan Jasa|00||0|0
2026|01|527741|015|08|WA|4715|EBA|07|52|2|994|002| C|Pelaksanaan Operasional Kantor|00||0|0
2026|01|527741|015|08|WA|4715|EBA|07|52|2|994|002| D|Pemeliharaan Peralatan dan Mesin|00||0|0
2026|01|527741|015|08|WA|4715|EBA|07|52|2|994|002| G|Pemeliharaan Gedung dan Bangunan|00||0|0
2026|01|527741|015|08|WA|4715|EBA|07|52|2|994|002|HA|Dukungan Tusi - Konsultasi Pencairan Dana|00||0|0
2026|01|527741|015|08|WA|4715|EBA|07|52|2|994|002|HH|Dukungan Pelaksanaan Tusi Prioritas Direktif Presiden|00||0|0
2026|01|527741|015|08|WA|4715|EBA|07|52|2|994|002|TJ|Jasa PemeliharaanAnnual Technical Support (ATS)|00||0|0
2026|01|527741|015|08|WA|4715|EBD|07|52|2|Z36|100| B|Pelaksanaan Manajemen Kinerja, Resiko dan Kepatuhan Internal|00||0|0
2026|01|527741|015|08|CD|6212|FAH|07|52|2|001|100| A|TANPA SUB KOMPONEN|00||0|0
2026|01|527741|015|08|CD|6212|FAL|07|52|2|004|100| A|Konsultasi|00||0|0
2026|01|527741|015|08|CD|6212|FAL|07|52|2|004|100| B|Sosialisasi dan Bimbingan Teknis|00||0|0
2026|01|527741|015|08|CD|6212|FAL|07|52|2|004|100| D|Pembinaan Pemda, TKD, dan Penandatanganan BAR|00||0|0
2026|01|527741|015|08|CD|6213|FAC|07|52|2|001|100| A|Pembinaan Jabatan Fungsional Perbendaharaan|00||0|0
2026|01|527741|015|08|WA|4718|BMB|07|52|2|002|100| A|TANPA SUB KOMPONEN|00||0|0
2026|01|527741|015|08|WA|4718|BMB|07|52|2|001|100| A|TANPA SUB KOMPONEN|00||0|0
2026|01|527741|015|08|WA|4719|EBA|07|52|2|994|001| A|TANPA SUB KOMPONEN|00||0|0
2026|01|527741|015|08|WA|4719|EBA|07|52|2|004|100| A|Survey Kepuasan Pengguna Layanan|00||0|0
2026|01|527741|015|08|WA|4719|EBC|07|52|2|001|100|XC|Penyelenggaraan Capacity Building|00||0|0
2026|01|527741|015|08|CD|6212|FAC|07|52|2|001|100| A|Training Modul Aplikasi SAKTI|00||0|0
2026|01|527741|015|08|CD|6212|FAC|07|52|2|001|100| B|FGD dan Bimtek Transfer Keuangan Daerah|00||0|0
2026|01|527823|015|08|CD|6212|FAC|08|02|2|001|100| A|Training Modul Aplikasi SAKTI|00||0|0
2026|01|527823|015|08|CD|6212|FAC|08|02|2|001|100| B|FGD dan Bimtek Transfer Keuangan Daerah|00||0|0
2026|01|527823|015|08|CD|6212|FAH|08|02|2|001|100| A|TANPA SUB KOMPONEN|00||0|0
2026|01|527823|015|08|CD|6212|FAL|08|02|2|004|100| A|Konsultasi|00||0|0
2026|01|527823|015|08|CD|6212|FAL|08|02|2|004|100| B|Sosialisasi dan Bimbingan Teknis|00||0|0
2026|01|527823|015|08|CD|6212|FAL|08|02|2|004|100| D|Pembinaan Pemda, TKD, dan Penandatanganan BAR|00||0|0
2026|01|527823|015|08|CD|6213|FAC|08|02|2|001|100| A|Pembinaan Jabatan Fungsional Perbendaharaan|00||0|0
2026|01|527823|015|08|CD|6213|FAL|08|02|2|003|100| A|Monev Pelaksanaan Anggaran|00||0|0
2026|01|527823|015|08|WA|4715|EBA|08|02|2|001|100| A|TANPA SUB KOMPONEN|00||0|0
2026|01|527823|015|08|WA|4715|EBA|08|02|2|002|100| A|TANPA SUB KOMPONEN|00||0|0
2026|01|527823|015|08|WA|4715|EBA|08|02|2|994|002| A|Keperluan Seharihari Perkantoran|00||0|0
2026|01|527823|015|08|WA|4715|EBA|08|02|2|994|002| B|Langganan Daya dan Jasa|00||0|0
2026|01|527823|015|08|WA|4715|EBA|08|02|2|994|002| C|Pelaksanaan Operasional Kantor|00||0|0
2026|01|527823|015|08|WA|4715|EBA|08|02|2|994|002| D|Pemeliharaan Peralatan dan Mesin|00||0|0
2026|01|527823|015|08|WA|4715|EBA|08|02|2|994|002| E|Pemeliharaan Gedung dan Bangunan|00||0|0
2026|01|527823|015|08|WA|4715|EBA|08|02|2|994|002|HA|Dukungan Tusi - Konsultasi Pencairan Dana|00||0|0
2026|01|527823|015|08|WA|4715|EBA|08|02|2|994|002|HB|Dukungan Tusi - Reviu Belanja Pemerintah|00||0|0
2026|01|527823|015|08|WA|4715|EBA|08|02|2|994|002|HH|Dukungan Pelaksaan Tusi Prioritas Direktif Presiden|00||0|0
2026|01|527823|015|08|WA|4715|EBA|08|02|2|994|002|TJ|Jasa Pemeliharaan Annual Technical Support (ATS)|00||0|0
2026|01|527823|015|08|WA|4715|EBD|08|02|2|Z36|100| B|Pelaksanaan Manajemen Kinerja, Resiko dan Kepatuhan Internal|00||0|0
2026|01|527823|015|08|WA|4718|BMB|08|02|2|002|100| A|TANPA SUB KOMPONEN|00||0|0
2026|01|527823|015|08|WA|4718|BMB|08|02|2|001|100| A|TANPA SUB KOMPONEN|00||0|0
2026|01|527823|015|08|WA|4719|EBA|08|02|2|994|001| A|TANPA SUB KOMPONEN|00||0|0
2026|01|527823|015|08|WA|4719|EBA|08|02|2|004|100| A|Survey Kepuasan Pengguna Layanan|00||0|0
2026|01|527823|015|08|WA|4719|EBC|08|02|2|001|100|XC|Penyelenggaraan Capacity Building|00||0|0
2026|01|527776|015|08|CD|6212|BMB|08|55|2|001|100| A|Profiling UMKM|00||0|0
2026|01|527776|015|08|CD|6212|BMB|08|55|2|001|100| B|Pemberdayaan UMKM  SosialisasiBimtekAsistensi dan BazarPojokRumah UMKM|00||0|0
2026|01|527776|015|08|CD|6212|BMB|08|55|2|001|100| D|Komunikasi Publik  BazarPojokRumah UMKM|00||0|0
2026|01|527776|015|08|CD|6212|FAC|08|55|2|002|100| B|Asistensi  Pembinaan Pengelolaan Keuangan BLU Daerah|00||0|0
2026|01|527776|015|08|CD|6212|FAH|08|55|2|003|100| B|Sosialisasi dan Bimbingan Teknis UAPPAW|00||0|0
2026|01|527776|015|08|CD|6212|FAH|08|55|2|002|100| A|Forum Koordinasi dan Rekonsiliasi Data dengan Bank Indonesia|00||0|0
2026|01|527776|015|08|CD|6212|FAH|08|55|2|002|100| B|Pembinaan SAP pada Pemerintah Daerah|00||0|0
2026|01|527776|015|08|CD|6212|FAL|08|55|2|001|100| A|Sosialisasi PeraturanKebijakan Pelaksanaan Anggaran|00||0|0
2026|01|527776|015|08|CD|6212|FAL|08|55|2|001|100| B|Pengkoordinasian Kerjasama Ekonomi dan Keuangan Daerah|00||0|0
2026|01|527776|015|08|CD|6212|FAL|08|55|2|001|100| D|Penyerahan DIPA|00||0|0
2026|01|527776|015|08|CD|6213|ABA|08|55|2|001|100| A|Penyusunan Analisis Potensi Pembiayaan dan Pelaksanaan MoU DJPb dan PT SMI di Daerah|00||0|0
2026|01|527776|015|08|CD|6213|FAE|08|55|2|009|100| B|Monitoring dan  Evaluasi KURPenerusan Pinjaman|00||0|0
2026|01|527776|015|08|CD|6213|FAE|08|55|2|009|100| D|FGD Analisa Fasilitas Likuiditas Pembiayaan Perumahan (FLPP)|00||0|0
2026|01|527776|015|08|CD|6213|FAE|08|55|2|008|100| A|Koordinasi Pelaksanaan Tugas RCE  ALCo|00||0|0
2026|01|527776|015|08|CD|6213|FAL|08|55|2|003|100| A|Pelaksanaan Spending Review|00||0|0
2026|01|527776|015|08|CD|6213|FAL|08|55|2|003|100| C|Review Pelaksanaan Anggaran|00||0|0
2026|01|527776|015|08|CD|6213|FAL|08|55|2|003|100| E|Pengumpulan InformasiPenajaman Data Fiskal RegionalPenyusunan KFR|00||0|0
2026|01|527776|015|08|CD|6213|FAL|08|55|2|003|100| F|Publikasi Kajian Fiskal Regional (Full Cost)|00||0|0
2026|01|527776|015|08|CD|6213|FAL|08|55|2|003|100| G|Pengumpulan Konfirmasi Informasi Pengelolaan Keuangan Daerah dan Penyusunan Profil Keuangan Daerah|00||0|0
2026|01|527776|015|08|CD|6213|FAL|08|55|2|003|100| H|Monitoring atas Dana Transfer dan Dana Desa|00||0|0
2026|01|527776|015|08|CD|6215|FAH|08|55|2|003|100| A|Pembinaan UAKBUN D (KPPN)|00||0|0
2026|01|527776|015|08|CD|6215|FAH|08|55|2|003|100| B|Koordinasi UAKBUND (KPPN)|00||0|0
2026|01|527776|015|08|CD|6215|FAH|08|55|2|001|100| A|Koordinasi Laporan Keuangan Pemerintah Daerah danatau BLUD|00||0|0
2026|01|527776|015|08|CD|6215|FAH|08|55|2|001|100| B|Penyusunan Laporan Statistik Keuangan Pemerintah Tingkat Wilayah|00||0|0
2026|01|527776|015|08|WA|4715|EBA|08|55|2|001|100| A|TANPA SUB KOMPONEN|00||0|0
2026|01|527776|015|08|WA|4715|EBA|08|55|2|001|100| B|Koordinasi Penyusunan ATK PU|00||0|0
2026|01|527776|015|08|WA|4715|EBA|08|55|2|994|002| A|Keperluan Seharihari Perkantoran|00||0|0
2026|01|527776|015|08|WA|4715|EBA|08|55|2|994|002| B|Langganan Daya dan Jasa|00||0|0
2026|01|527776|015|08|WA|4715|EBA|08|55|2|994|002| C|Pelaksanaan Operasional Kantor|00||0|0
2026|01|527776|015|08|WA|4715|EBA|08|55|2|994|002| D|Pemeliharaan Peralatan dan Mesin|00||0|0
2026|01|527776|015|08|WA|4715|EBA|08|55|2|994|002| G|Pemeliharaan Gedung dan Bangunan|00||0|0
2026|01|527776|015|08|WA|4715|EBA|08|55|2|994|002|HB|Dukungan Tusi - Reviu Belanja Pemerintah|00||0|0
2026|01|527776|015|08|WA|4715|EBA|08|55|2|994|002|HC|Dukungan Tusi - Government Financial Statistic (GFS)|00||0|0
2026|01|527776|015|08|WA|4715|EBA|08|55|2|994|002|HD|Dukungan Tusi - Rekomendasi Pengelolaan Organisasi|00||0|0
2026|01|527776|015|08|WA|4715|EBA|08|55|2|994|002|HH|Dukungan Pelaksaan Tusi Prioritas Direktif Presiden|00||0|0
2026|01|527776|015|08|WA|4715|EBA|08|55|2|994|002|TJ|Jasa Pemeliharaan Annual Technical Support (ATS)|00||0|0
2026|01|527776|015|08|WA|4715|EBA|08|55|2|002|100| A|TANPA SUB KOMPONEN|00||0|0
2026|01|527776|015|08|WA|4715|EBB|08|55|2|002|100| A|TANPA SUB KOMPONEN|00||0|0
2026|01|527776|015|08|WA|4715|EBB|08|55|2|004|100|RB|Renovasi Rumah Dinas|00||0|0
2026|01|527776|015|08|WA|4715|EBD|08|55|2|Z36|100| A|TANPA SUB KOMPONEN|00||0|0
2026|01|527776|015|08|WA|4715|EBD|08|55|2|Z26|100| A|Rakor Penyusunan Laporan Keuangan Tingkat UAPPAW (Full Cost)|00||0|0
2026|01|527776|015|08|WA|4718|BMB|08|55|2|002|100| A|TANPA SUB KOMPONEN|00||0|0
2026|01|527776|015|08|WA|4718|BMB|08|55|2|001|100| A|TANPA SUB KOMPONEN|00||0|0
2026|01|527776|015|08|WA|4719|EBA|08|55|2|003|100| B|Koordinasi Inovasi layanan|00||0|0
2026|01|527776|015|08|WA|4719|EBA|08|55|2|994|001| A|TANPA SUB KOMPONEN|00||0|0
2026|01|527776|015|08|WA|4719|EBA|08|55|2|005|100| A|Monitoring dan Evaluasi Implementasi ISO|00||0|0
2026|01|527776|015|08|WA|4719|EBA|08|55|2|005|100| B|Pelaksanaan Supervisi Teknis Aplikasi|00||0|0
2026|01|527776|015|08|WA|4719|EBC|08|55|2|001|100|XC|Penyelenggaraan Capacity Building|00||0|0
2026|01|527776|015|08|WA|4722|EBD|08|55|2|001|100| A|Pelaksanaan Manajemen Resiko dan Kepatuhan Internal|00||0|0
2026|01|527776|015|08|WA|4722|EBD|08|55|2|001|100| B|Pemantauan Kode Etik dan Kepatuhan Pegawai|00||0|0
2026|01|527961|015|08|CD|6212|BMB|11|55|2|001|100| A|Profiling UMKM|00||0|0
2026|01|527961|015|08|CD|6212|FAC|11|55|2|001|100| A|Training Modul Aplikasi SAKTI|00||0|0
2026|01|527961|015|08|CD|6212|FAC|11|55|2|001|100| B|FGD dan Bimtek Transfer Keuangan Daerah|00||0|0
2026|01|527961|015|08|CD|6212|FAH|11|55|2|001|100| A|TANPA SUB KOMPONEN|00||0|0
2026|01|527961|015|08|CD|6212|FAL|11|55|2|004|100| A|Konsultasi|00||0|0
2026|01|527961|015|08|CD|6212|FAL|11|55|2|004|100| B|Sosialisasi dan Bimbingan Teknis|00||0|0
2026|01|527961|015|08|CD|6212|FAL|11|55|2|004|100| D|Pembinaan Pemda, TKD, dan Penandatanganan BAR|00||0|0
2026|01|527961|015|08|CD|6213|FAC|11|55|2|001|100| A|Pembinaan Jabatan Fungsional Perbendaharaan|00||0|0
2026|01|527961|015|08|CD|6213|FAE|11|55|2|009|100| A|Monev Penyaluran Pembiayaan Ultra Mikro|00||0|0
2026|01|527961|015|08|CD|6213|FAL|11|55|2|003|100| A|Monev Pelaksanaan Anggaran|00||0|0
2026|01|527961|015|08|CD|6214|FAL|11|55|2|002|100| A|Pelaksanaan PencairanPenarikanPengesahan Dana|00||0|0
2026|01|527961|015|08|CD|6214|FAL|11|55|2|002|100| B|PenerbitanPersetujuanRekonsiliasi RekeningSKPPKonfirmasi Penerimaan Negara, dll|00||0|0
2026|01|527961|015|08|CD|6215|FAH|11|55|2|003|100| A|Penyusunan Laporan Keuangan Tingkat Kuasa BUN di Daerah|00||0|0
2026|01|527961|015|08|WA|4715|EBA|11|55|2|001|100| A|TANPA SUB KOMPONEN|00||0|0
2026|01|527961|015|08|WA|4715|EBA|11|55|2|002|100| A|TANPA SUB KOMPONEN|00||0|0
2026|01|527961|015|08|WA|4715|EBA|11|55|2|994|002| A|Keperluan Seharihari Perkantoran|00||0|0
2026|01|527961|015|08|WA|4715|EBA|11|55|2|994|002| B|Langganan Daya dan Jasa|00||0|0
2026|01|527961|015|08|WA|4715|EBA|11|55|2|994|002| C|Pelaksanaan Operasional Kantor|00||0|0
2026|01|527961|015|08|WA|4715|EBA|11|55|2|994|002| D|Pemeliharaan Peralatan dan Mesin|00||0|0
2026|01|527961|015|08|WA|4715|EBA|11|55|2|994|002| G|Pemeliharaan Gedung dan Bangunan|00||0|0
2026|01|527961|015|08|WA|4715|EBA|11|55|2|994|002|HA|Dukungan Tusi - Konsultasi Pencairan Dana|00||0|0
2026|01|527961|015|08|WA|4715|EBA|11|55|2|994|002|HB|Dukungan Tusi - Reviu Belanja Pemerintah|00||0|0
2026|01|527961|015|08|WA|4715|EBA|11|55|2|994|002|HH|Dukungan Pelaksanaan Tusi Prioritas Direktif Presiden|00||0|0
2026|01|527961|015|08|WA|4715|EBA|11|55|2|994|002|TJ|Jasa PemeliharaanAnnual Technical Support (ATS)|00||0|0
2026|01|527961|015|08|WA|4715|EBD|11|55|2|Z36|100| B|Pelaksanaan Manajemen Kinerja, Resiko dan Kepatuhan Internal|00||0|0
2026|01|527961|015|08|WA|4718|BMB|11|55|2|001|100| A|TANPA SUB KOMPONEN|00||0|0
2026|01|527961|015|08|WA|4718|BMB|11|55|2|002|100| A|TANPA SUB KOMPONEN|00||0|0
2026|01|527961|015|08|WA|4719|EBA|11|55|2|004|100| A|Survey Kepuasan Pengguna Layanan|00||0|0
2026|01|527961|015|08|WA|4719|EBA|11|55|2|994|001| A|TANPA SUB KOMPONEN|00||0|0
2026|01|527961|015|08|WA|4719|EBC|11|55|2|001|100|XC|Penyelenggaraan Capacity Building|00||0|0
2026|01|528146|015|08|CD|6212|FAC|14|03|2|001|100| A|Training Modul Aplikasi SAKTI|00||0|0
2026|01|528146|015|08|CD|6212|FAC|14|03|2|001|100| B|FGD dan Bimtek Transfer Keuangan Daerah|00||0|0
2026|01|528146|015|08|CD|6212|FAH|14|03|2|001|100| A|TANPA SUB KOMPONEN|00||0|0
2026|01|528146|015|08|CD|6212|FAL|14|03|2|004|100| A|Konsultasi|00||0|0
2026|01|528146|015|08|CD|6212|FAL|14|03|2|004|100| B|Sosialisasi dan Bimbingan Teknis|00||0|0
2026|01|528146|015|08|CD|6212|FAL|14|03|2|004|100| D|Pembinaan Pemda, TKD, dan Penandatanganan BAR|00||0|0
2026|01|528146|015|08|CD|6213|FAC|14|03|2|001|100| A|Pembinaan Jabatan Fungsional Perbendaharaan|00||0|0
2026|01|528146|015|08|CD|6213|FAL|14|03|2|003|100| A|TANPA SUB KOMPONEN|00||0|0
2026|01|528146|015|08|CD|6214|FAL|14|03|2|002|100| A|Pelaksanaan PencairanPenarikanPengesahan Dana|00||0|0
2026|01|528146|015|08|CD|6214|FAL|14|03|2|002|100| B|PenerbitanPersetujuanRekonsiliasi RekeningSKPPKonfirmasi Penerimaan Negara, dll|00||0|0
2026|01|528146|015|08|CD|6215|FAH|14|03|2|003|100| A|Penyusunan Laporan Keuangan Tingkat Kuasa BUN di Daerah|00||0|0
2026|01|528146|015|08|WA|4715|EBA|14|03|2|001|100| A|TANPA SUB KOMPONEN|00||0|0
2026|01|528146|015|08|WA|4715|EBA|14|03|2|001|100| B|TANPA SUB KOMPONEN|00||0|0
2026|01|528146|015|08|WA|4715|EBA|14|03|2|002|100| A|TANPA SUB KOMPONEN|00||0|0
2026|01|528146|015|08|WA|4715|EBA|14|03|2|994|002| A|Keperluan Seharihari Perkantoran|00||0|0
2026|01|528146|015|08|WA|4715|EBA|14|03|2|994|002| B|Langganan Daya dan Jasa|00||0|0
2026|01|528146|015|08|WA|4715|EBA|14|03|2|994|002| C|Pelaksanaan Operasional Kantor|00||0|0
2026|01|528146|015|08|WA|4715|EBA|14|03|2|994|002| D|Pemeliharaan Peralatan dan Mesin|00||0|0
2026|01|528146|015|08|WA|4715|EBA|14|03|2|994|002| G|Pemeliharaan Gedung dan Bangunan|00||0|0
2026|01|528146|015|08|WA|4715|EBA|14|03|2|994|002|HA|Dukungan Tusi - Konsultasi Pencairan Dana|00||0|0
2026|01|528146|015|08|WA|4715|EBA|14|03|2|994|002|HB|Dukungan Tusi - Reviu Belanja Pemerintah|00||0|0
2026|01|528146|015|08|WA|4715|EBA|14|03|2|994|002|HH|Dukungan Pelaksaan Tusi Prioritas Direktif Presiden|00||0|0
2026|01|528146|015|08|WA|4715|EBA|14|03|2|994|002|TJ|Jasa PemeliharaanAnnual Technical Support (ATS)|00||0|0
2026|01|528146|015|08|WA|4715|EBD|14|03|2|Z36|100| B|Pelaksanaan Manajemen Kinerja, Resiko dan Kepatuhan Internal|00||0|0
2026|01|528146|015|08|WA|4718|BMB|14|03|2|001|100| A|TANPA SUB KOMPONEN|00||0|0
2026|01|528146|015|08|WA|4718|BMB|14|03|2|002|100| A|TANPA SUB KOMPONEN|00||0|0
2026|01|528146|015|08|WA|4719|EBA|14|03|2|004|100| A|Survey Kepuasan Pengguna Layanan|00||0|0
2026|01|528146|015|08|WA|4719|EBA|14|03|2|994|001| A|TANPA SUB KOMPONEN|00||0|0
2026|01|528146|015|08|WA|4719|EBC|14|03|2|001|100|XC|Penyelenggaraan Capacity Building|00||0|0
2026|01|528057|015|08|CD|6213|FAL|13|51|2|003|100| A|Pelaksanaan Spending Review|00||0|0
2026|01|528057|015|08|CD|6213|FAL|13|51|2|003|100| C|Review Pelaksanaan Anggaran|00||0|0
2026|01|528057|015|08|CD|6213|FAL|13|51|2|003|100| D|Monitoring dan Evaluasi Pelaksanaan Anggaran|00||0|0
2026|01|528057|015|08|CD|6213|FAL|13|51|2|003|100| E|Pengumpulan InformasiPenajaman Data Fiskal RegionalPenyusunan KFR|00||0|0
2026|01|528057|015|08|CD|6213|FAL|13|51|2|003|100| F|Publikasi Kajian Fiskal Regional|00||0|0
2026|01|528057|015|08|CD|6213|FAL|13|51|2|003|100| G|Pengumpulan Konfirmasi Informasi Pengelolaan Keuangan Daerah dan Penyusunan Profil Keuangan Daerah|00||0|0
2026|01|528057|015|08|CD|6213|FAL|13|51|2|003|100| H|Monitoring atas Dana Transfer dan Dana Desa|00||0|0
2026|01|528057|015|08|CD|6215|FAH|13|51|2|003|100| B|Koordinasi UAKBUND (KPPN)|00||0|0
2026|01|528057|015|08|CD|6215|FAH|13|51|2|001|100| A|Koordinasi Laporan Keuangan Pemerintah Daerah danatau BLUD|00||0|0
2026|01|528057|015|08|CD|6215|FAH|13|51|2|001|100| B|Penyusunan Laporan Statistik Keuangan Pemerintah Tingkat Wilayah|00||0|0
2026|01|528057|015|08|CD|6216|FAE|13|51|2|002|100| A|Pelaksanaan Survei Bahan Sumbangan Standar Biaya Masukan|00||0|0
2026|01|528057|015|08|WA|4715|EBA|13|51|2|001|100| A|TANPA SUB KOMPONEN|00||0|0
2026|01|528057|015|08|WA|4715|EBA|13|51|2|001|100| B|Koordinasi Penyusunan ATK PU|00||0|0
2026|01|528057|015|08|WA|4715|EBA|13|51|2|002|100| A|TANPA SUB KOMPONEN|00||0|0
2026|01|528057|015|08|WA|4715|EBA|13|51|2|994|002| A|Keperluan Seharihari Perkantoran|00||0|0
2026|01|528057|015|08|WA|4715|EBA|13|51|2|994|002| B|Langganan Daya dan Jasa|00||0|0
2026|01|528057|015|08|WA|4715|EBA|13|51|2|994|002| C|Pelaksanaan Operasional Kantor|00||0|0
2026|01|528057|015|08|WA|4715|EBA|13|51|2|994|002| D|Pemeliharaan Peralatan dan Mesin|00||0|0
2026|01|528057|015|08|WA|4715|EBA|13|51|2|994|002| E|Pemeliharaan Gedung dan Bangunan|00||0|0
2026|01|528057|015|08|WA|4715|EBA|13|51|2|994|002|HB|Dukungan Tusi - Reviu Belanja Pemerintah|00||0|0
2026|01|528057|015|08|WA|4715|EBA|13|51|2|994|002|HC|Dukungan Tusi - Government Financial Statistic (GFS)|00||0|0
2026|01|528057|015|08|WA|4715|EBA|13|51|2|994|002|HD|Dukungan Tusi - Rekomendasi Pengelolaan Organisasi|00||0|0
2026|01|528057|015|08|WA|4715|EBA|13|51|2|994|002|HH|Dukungan Pelaksanaan Tusi Prioritas Direktif Presiden|00||0|0
2026|01|528057|015|08|WA|4715|EBA|13|51|2|994|002|TJ|Jasa PemeliharaanAnnual Technical Support (ATS)|00||0|0
2026|01|528057|015|08|WA|4715|EBB|13|51|2|004|100|RB|Renovasi Rumah DInas|00||0|0
2026|01|528057|015|08|WA|4715|EBD|13|51|2|Z36|100| A|TANPA SUB KOMPONEN|00||0|0
2026|01|528057|015|08|WA|4715|EBD|13|51|2|Z26|100| A|Rakor Penyusunan Laporan Keuangan Tingkat UAPPAW|00||0|0
2026|01|528057|015|08|WA|4718|BMB|13|51|2|002|100| A|TANPA SUB KOMPONEN|00||0|0
2026|01|528057|015|08|WA|4718|BMB|13|51|2|001|100| A|TANPA SUB KOMPONEN|00||0|0
2026|01|528057|015|08|WA|4719|EBA|13|51|2|003|100| B|Koordinasi Inovasi Layanan|00||0|0
2026|01|528057|015|08|WA|4719|EBA|13|51|2|994|001| A|TANPA SUB KOMPONEN|00||0|0
2026|01|528057|015|08|WA|4719|EBC|13|51|2|001|100|XC|Penyelenggaraan Capacity Building|00||0|0
2026|01|528057|015|08|WA|4722|EBD|13|51|2|001|100| A|Pelaksanaan Manajemen Resiko dan Kepatuhan Internal|00||0|0
2026|01|528057|015|08|CD|6212|BMB|13|51|2|001|100| A|Profiling UMKM|00||0|0
2026|01|528057|015|08|CD|6212|BMB|13|51|2|001|100| B|Pemberdayaan UMKM  SosialisasiBimtekAsistensi dan BazarPojokRumah UMKM|00||0|0
2026|01|528057|015|08|CD|6212|BMB|13|51|2|001|100| C|Monitoring dan Evaluasi|00||0|0
2026|01|528057|015|08|CD|6212|BMB|13|51|2|001|100| D|Komunikasi Publik  BazarPojokRumah UMKM|00||0|0
2026|01|528057|015|08|CD|6212|FAC|13|51|2|002|100| B|Asistensi  Pembinaan Pengelolaan Keuangan BLU Daerah|00||0|0
2026|01|528057|015|08|CD|6212|FAH|13|51|2|003|100| A|Pendampingan Penyusunan dan Penyelesaian Permasalahan Laporan Keuangan UAPPAW dan BLU|00||0|0
2026|01|528057|015|08|CD|6212|FAH|13|51|2|003|100| B|Sosialisasi dan Bimbingan Teknis UAPPAW|00||0|0
2026|01|528057|015|08|CD|6212|FAH|13|51|2|002|100| A|Forum Koordinasi dan Rekonsiliasi Data dengan Bank Indonesia|00||0|0
2026|01|528057|015|08|CD|6212|FAH|13|51|2|002|100| B|Pembinaan SAP pada Pemerintah Daerah|00||0|0
2026|01|528057|015|08|CD|6212|FAH|13|51|2|002|100| C|SosialisasiBimtekWorkshopFGD dengan Pemda|00||0|0
2026|01|528057|015|08|CD|6212|FAL|13|51|2|001|100| A|Sosialisasi PeraturanKebijakan Pelaksanaan Anggaran|00||0|0
2026|01|528057|015|08|CD|6212|FAL|13|51|2|001|100| B|Pengkoordinasian Kerjasama Ekonomi dan Keuangan Daerah|00||0|0
2026|01|528057|015|08|CD|6212|FAL|13|51|2|001|100| C|Pembinaan dan Bimtek Pengelolaan Keuangan Daerah|00||0|0
2026|01|528057|015|08|CD|6212|FAL|13|51|2|001|100| D|Penyerahan DIPA|00||0|0
2026|01|528057|015|08|CD|6213|ABA|13|51|2|001|100| A|Penyusunan Analisis Potensi Pembiayaan dan Pelaksanaan MoU DJPb dan PT SMI di Daerah|00||0|0
2026|01|528057|015|08|CD|6213|FAE|13|51|2|009|100| B|Monitoring dan  Evaluasi KURPenerusan Pinjaman|00||0|0
2026|01|528057|015|08|CD|6213|FAE|13|51|2|009|100| C|Monev Site Visit Fasilitas Likuiditas Pembiayaan Perumahan (FLPP)|00||0|0
2026|01|528057|015|08|CD|6213|FAE|13|51|2|009|100| D|FGD Analisa Fasilitas Likuiditas Pembiayaan Perumahan (FLPP)|00||0|0
2026|01|528057|015|08|CD|6213|FAE|13|51|2|008|100| A|Koordinasi Pelaksanaan Tugas RCE  ALCo|00||0|0
2026|01|528565|015|08|CD|6212|BMB|22|01|2|001|100| A|TANPA SUB KOMPONEN|00||0|0
2026|01|528565|015|08|CD|6212|FAC|22|01|2|001|100| A|Training Modul Aplikasi SAKTI|00||0|0
2026|01|528565|015|08|CD|6212|FAC|22|01|2|001|100| B|FGD dan Bimtek Transfer Keuangan Daerah|00||0|0
2026|01|528565|015|08|CD|6212|FAH|22|01|2|001|100| A|TANPA SUB KOMPONEN|00||0|0
2026|01|528565|015|08|CD|6212|FAL|22|01|2|004|100| A|Konsultasi|00||0|0
2026|01|528565|015|08|CD|6212|FAL|22|01|2|004|100| B|Sosialisasi dan Bimbingan Teknis|00||0|0
2026|01|528565|015|08|CD|6212|FAL|22|01|2|004|100| C|Pembinaan Satker|00||0|0
2026|01|528565|015|08|CD|6212|FAL|22|01|2|004|100| D|Pembinaan Pemda, TKD, dan Penandatanganan BAR|00||0|0
2026|01|528565|015|08|CD|6213|FAC|22|01|2|001|100| A|Pembinaan Jabatan Fungsional Perbendaharaan|00||0|0
2026|01|528565|015|08|CD|6213|FAE|22|01|2|009|100| A|Monev Penyaluran Pembiayaan Ultra Mikro|00||0|0
2026|01|528565|015|08|CD|6213|FAL|22|01|2|003|100| A|Monev Pelaksanaan Anggaran|00||0|0
2026|01|528565|015|08|CD|6214|FAL|22|01|2|002|100| A|Pelaksanaan Pencairan/Penarikan/Pengesahan Dana|00||0|0
2026|01|528565|015|08|CD|6214|FAL|22|01|2|002|100| B|Penerbitan/Persetujuan/Rekonsiliasi Rekening/SKPP/Konfirmasi Penerimaan Negara|00||0|0
2026|01|528565|015|08|CD|6215|FAH|22|01|2|003|100| A|Penyusunan Laporan Keuangan Tingkat Kuasa BUN di Daerah|00||0|0
2026|01|528565|015|08|CD|6215|FAH|22|01|2|003|100| B|Koordinasi UAKBUN-D KPPN di Kanwil|00||0|0
2026|01|528565|015|08|WA|4715|EBA|22|01|2|001|100| A|TANPA SUB KOMPONEN|00||0|0
2026|01|528565|015|08|WA|4715|EBA|22|01|2|001|100| B|TANPA SUB KOMPONEN|00||0|0
2026|01|528565|015|08|WA|4715|EBA|22|01|2|002|100| A|TANPA SUB KOMPONEN|00||0|0
2026|01|528565|015|08|WA|4715|EBA|22|01|2|994|002| A|Keperluan Sehari-Hari Perkantoran|00||0|0
2026|01|528565|015|08|WA|4715|EBA|22|01|2|994|002| B|Langganan Daya dan Jasa|00||0|0
2026|01|528565|015|08|WA|4715|EBA|22|01|2|994|002| C|Pelaksanaan Operasional Kantor|00||0|0
2026|01|528565|015|08|WA|4715|EBA|22|01|2|994|002| D|Pemeliharaan Peralatan dan Mesin|00||0|0
2026|01|528565|015|08|WA|4715|EBA|22|01|2|994|002| G|Pemeliharaan Gedung dan Bangunan|00||0|0
2026|01|528565|015|08|WA|4715|EBA|22|01|2|994|002|HA|Dukungan Tusi - Konsultasi Pencairan Dana|00||0|0
2026|01|528565|015|08|WA|4715|EBA|22|01|2|994|002|HB|Dukungan Tusi - Reviu Belanja Pemerintah|00||0|0
2026|01|528565|015|08|WA|4715|EBA|22|01|2|994|002|HH|Dukungan Pelaksaan Tusi Prioritas Direktif Presiden|00||0|0
2026|01|528565|015|08|WA|4715|EBA|22|01|2|994|002|TJ|Jasa Pemeliharaan/Annual Technical Support (ATS)|00||0|0
2026|01|528565|015|08|WA|4715|EBD|22|01|2|Z36|100| B|Pelaksanaan Manajemen Kinerja, Resiko dan Kepatuhan Internal|00||0|0
2026|01|528565|015|08|WA|4718|BMB|22|01|2|001|100| A|TANPA SUB KOMPONEN|00||0|0
2026|01|528565|015|08|WA|4718|BMB|22|01|2|002|100| A|TANPA SUB KOMPONEN|00||0|0
2026|01|528565|015|08|WA|4719|EBA|22|01|2|994|001| A|TANPA SUB KOMPONEN|00||0|0
2026|01|528565|015|08|WA|4719|EBA|22|01|2|004|100| A|Survey Kepuasan Pengguna Layanan|00||0|0
2026|01|528565|015|08|WA|4719|EBC|22|01|2|001|100|XC|Penyelenggaraan Capacity Building|00||0|0
2026|01|528235|015|08|CD|6212|BMB|35|51|2|001|100| A|Profiling UMKM|00||0|0
2026|01|528235|015|08|CD|6212|FAC|35|51|2|001|100| A|Training Modul Aplikasi SAKTI|00||0|0
2026|01|528235|015|08|CD|6212|FAC|35|51|2|001|100| B|FGD dan Bimtek Transfer Keuangan Daerah|00||0|0
2026|01|528235|015|08|CD|6212|FAH|35|51|2|001|100| A|TANPA SUB KOMPONEN|00||0|0
2026|01|528235|015|08|CD|6212|FAL|35|51|2|004|100| A|Konsultasi|00||0|0
2026|01|528235|015|08|CD|6212|FAL|35|51|2|004|100| B|Sosialisasi dan Bimbingan Teknis|00||0|0
2026|01|528235|015|08|CD|6212|FAL|35|51|2|004|100| D|Pembinaan Pemda, TKD, dan Penandatanganan BAR|00||0|0
2026|01|528235|015|08|CD|6213|FAC|35|51|2|001|100| A|Pembinaan Jabatan Fungsional Perbendaharaan|00||0|0
2026|01|528235|015|08|CD|6213|FAE|35|51|2|009|100| A|Monev Penyaluran Pembiayaan Ultra Mikro|00||0|0
2026|01|528235|015|08|CD|6213|FAL|35|51|2|003|100| A|Monev Pelaksanaan Anggaran|00||0|0
2026|01|528235|015|08|CD|6214|FAL|35|51|2|002|100| A|Pelaksanaan PencairanPenarikanPengesahan Dana|00||0|0
2026|01|528235|015|08|CD|6214|FAL|35|51|2|002|100| B|PenerbitanPersetujuanRekonsiliasi RekeningSKPPKonfirmasi Penerimaan Negara, dll|00||0|0
2026|01|528235|015|08|CD|6215|FAH|35|51|2|003|100| A|Penyusunan Laporan Keuangan Tingkat Kuasa BUN di Daerah|00||0|0
2026|01|528235|015|08|CD|6215|FAH|35|51|2|003|100| B|Koordinasi UAKBUND KPPN di Kanwil (Cross Program)|00||0|0
2026|01|528235|015|08|WA|4715|EBA|35|51|2|001|100| A|TANPA SUB KOMPONEN|00||0|0
2026|01|528235|015|08|WA|4715|EBA|35|51|2|001|100| B|Koordinasi Penyusunan ATK PU|00||0|0
2026|01|528235|015|08|WA|4715|EBA|35|51|2|002|100| A|TANPA SUB KOMPONEN|00||0|0
2026|01|528235|015|08|WA|4715|EBA|35|51|2|994|002| A|Keperluan Seharihari Perkantoran|00||0|0
2026|01|528235|015|08|WA|4715|EBA|35|51|2|994|002| B|Langganan Daya dan Jasa|00||0|0
2026|01|528235|015|08|WA|4715|EBA|35|51|2|994|002| C|Pelaksanaan Operasional Kantor|00||0|0
2026|01|528235|015|08|WA|4715|EBA|35|51|2|994|002| D|Pemeliharaan Peralatan dan Mesin|00||0|0
2026|01|528235|015|08|WA|4715|EBA|35|51|2|994|002| G|Pemeliharaan Gedung dan Bangunan|00||0|0
2026|01|528235|015|08|WA|4715|EBA|35|51|2|994|002|HA|Dukungan Tusi - Konsultasi Pencairan Dana|00||0|0
2026|01|528235|015|08|WA|4715|EBA|35|51|2|994|002|HB|Dukungan Tusi - Reviu Belanja Pemerintah|00||0|0
2026|01|528235|015|08|WA|4715|EBA|35|51|2|994|002|HH|Dukungan Pelaksaan Tusi Prioritas Direktif Presiden|00||0|0
2026|01|528235|015|08|WA|4715|EBA|35|51|2|994|002|TJ|Jasa PemeliharaanAnnual Technical Support (ATS)|00||0|0
2026|01|528235|015|08|WA|4715|EBD|35|51|2|Z36|100| B|Pelaksanaan Manajemen Kinerja, Resiko dan Kepatuhan Internal|00||0|0
2026|01|528235|015|08|WA|4718|BMB|35|51|2|002|100| A|TANPA SUB KOMPONEN|00||0|0
2026|01|528235|015|08|WA|4718|BMB|35|51|2|001|100| A|TANPA SUB KOMPONEN|00||0|0
2026|01|528235|015|08|WA|4719|EBA|35|51|2|994|001| A|TANPA SUB KOMPONEN|00||0|0
2026|01|528235|015|08|WA|4719|EBA|35|51|2|004|100| A|Survey Kepuasan Pengguna Layanan|00||0|0
2026|01|528235|015|08|WA|4719|EBC|35|51|2|001|100|XC|Penyelenggaraan Capacity Building|00||0|0
2026|01|528420|015|08|CD|6212|FAC|19|05|2|001|100| A|Training Modul Aplikasi SAKTI|00||0|0
2026|01|528420|015|08|CD|6212|FAC|19|05|2|001|100| B|FGD dan Bimtek Transfer Keuangan Daerah|00||0|0
2026|01|528420|015|08|CD|6212|FAH|19|05|2|001|100| A|TANPA SUB KOMPONEN|00||0|0
2026|01|528420|015|08|CD|6212|FAL|19|05|2|004|100| A|Konsultasi|00||0|0
2026|01|528420|015|08|CD|6212|FAL|19|05|2|004|100| B|Sosialisasi dan Bimbingan Teknis|00||0|0
2026|01|528420|015|08|CD|6212|FAL|19|05|2|004|100| D|Pembinaan Pemda, TKD, dan Penandatanganan BAR|00||0|0
2026|01|528420|015|08|CD|6213|FAC|19|05|2|001|100| A|Pembinaan Jabatan Fungsional Perbendaharaan|00||0|0
2026|01|528420|015|08|CD|6214|FAL|19|05|2|002|100| A|Pelaksanaan Pencairan/Penarikan/Pengesahan Dana|00||0|0
2026|01|528420|015|08|CD|6214|FAL|19|05|2|002|100| B|Penerbitan/Persetujuan/Rekonsiliasi Rekening/SKPP/Konfirmasi Penerimaan Negara, dll|00||0|0
2026|01|528420|015|08|CD|6215|FAH|19|05|2|003|100| A|Penyusunan Laporan Keuangan Tingkat Kuasa BUN di Daerah|00||0|0
2026|01|528420|015|08|WA|4715|EBA|19|05|2|001|100| A|TANPA SUB KOMPONEN|00||0|0
2026|01|528420|015|08|WA|4715|EBA|19|05|2|001|100| B|Koordinasi Penyusunan ATK PU|00||0|0
2026|01|528420|015|08|WA|4715|EBA|19|05|2|002|100| A|TANPA SUB KOMPONEN|00||0|0
2026|01|528420|015|08|WA|4715|EBA|19|05|2|994|002| A|Keperluan Sehari-hari Perkantoran|00||0|0
2026|01|528420|015|08|WA|4715|EBA|19|05|2|994|002| B|Langganan Daya dan Jasa|00||0|0
2026|01|528420|015|08|WA|4715|EBA|19|05|2|994|002| C|Pelaksanaan Operasional Kantor|00||0|0
2026|01|528420|015|08|WA|4715|EBA|19|05|2|994|002| D|Pemeliharaan Peralatan dan Mesin|00||0|0
2026|01|528420|015|08|WA|4715|EBA|19|05|2|994|002| G|Pemeliharaan Gedung dan Bangunan|00||0|0
2026|01|528420|015|08|WA|4715|EBA|19|05|2|994|002|HA|Dukungan Tusi - Konsultasi Pencairan Dana|00||0|0
2026|01|528420|015|08|WA|4715|EBA|19|05|2|994|002|HB|Dukungan Tusi - Reviu Belanja Pemerintah|00||0|0
2026|01|528420|015|08|WA|4715|EBA|19|05|2|994|002|HH|Dukungan Pelaksanaan Tusi Prioritas Direktif Presiden|00||0|0
2026|01|528420|015|08|WA|4715|EBA|19|05|2|994|002|TJ|Jasa Pemeliharaan/Annual Technical Support (ATS)|00||0|0
2026|01|528420|015|08|WA|4715|EBD|19|05|2|Z36|100| B|Pelaksanaan Manajemen Kinerja, Resiko dan Kepatuhan Internal|00||0|0
2026|01|528420|015|08|WA|4718|BMB|19|05|2|002|100| A|TANPA SUB KOMPONEN|00||0|0
2026|01|528420|015|08|WA|4718|BMB|19|05|2|001|100| A|TANPA SUB KOMPONEN|00||0|0
2026|01|528420|015|08|WA|4719|EBA|19|05|2|994|001| A|TANPA SUB KOMPONEN|00||0|0
2026|01|528420|015|08|WA|4719|EBA|19|05|2|004|100| A|Survey Kepuasan Pengguna Layanan|00||0|0
2026|01|528420|015|08|WA|4719|EBC|19|05|2|001|100|XC|Penyelenggaraan Capacity Building|00||0|0
2026|01|528200|015|08|CD|6212|BMB|15|05|2|001|100| A|Profiling UMKM|00||0|0
2026|01|528200|015|08|CD|6212|FAC|15|05|2|001|100| A|Training Modul Aplikasi SAKTI|00||0|0
2026|01|528200|015|08|CD|6212|FAC|15|05|2|001|100| B|FGD dan Bimtek Transfer Keuangan Daerah|00||0|0
2026|01|528200|015|08|CD|6212|FAH|15|05|2|001|100| A|TANPA SUB KOMPONEN|00||0|0
2026|01|528200|015|08|CD|6212|FAL|15|05|2|004|100| A|Konsultasi|00||0|0
2026|01|528200|015|08|CD|6212|FAL|15|05|2|004|100| B|Sosialisasi dan Bimbingan Teknis|00||0|0
2026|01|528200|015|08|CD|6212|FAL|15|05|2|004|100| D|Pembinaan Pemda, TKD, dan Penandatanganan BA Rekonsiliasi Pajak|00||0|0
2026|01|528200|015|08|CD|6213|FAC|15|05|2|001|100| A|Pembinaan Jabatan Fungsional Perbendaharaan|00||0|0
2026|01|528200|015|08|CD|6213|FAL|15|05|2|003|100| A|Monev Pelaksanaan Anggaran|00||0|0
2026|01|528200|015|08|CD|6214|FAL|15|05|2|002|100| A|Pelaksanaan PencairanPenarikanPengesahan Dana|00||0|0
2026|01|528200|015|08|CD|6214|FAL|15|05|2|002|100| B|PenerbitanPersetujuanRekonsiliasi RekeningSKPPKonfirmasi Penerimaan Negara|00||0|0
2026|01|528200|015|08|CD|6215|FAH|15|05|2|003|100| A|Penyusunan Laporan Keuangan Tingkat Kuasa BUN di Daerah|00||0|0
2026|01|528200|015|08|CD|6215|FAH|15|05|2|003|100| B|Koordinasi UAKBUND KPPN di Kanwil|00||0|0
2026|01|528200|015|08|WA|4715|EBA|15|05|2|001|100| A|TANPA SUB KOMPONEN|00||0|0
2026|01|528200|015|08|WA|4715|EBA|15|05|2|001|100| B|Koordinasi Penyusunan ATK PU|00||0|0
2026|01|528200|015|08|WA|4715|EBA|15|05|2|002|100| A|TANPA SUB KOMPONEN|00||0|0
2026|01|528200|015|08|WA|4715|EBA|15|05|2|994|002| A|Keperluan Seharihari Perkantoran|00||0|0
2026|01|528200|015|08|WA|4715|EBA|15|05|2|994|002| B|Langganan Daya dan Jasa|00||0|0
2026|01|528200|015|08|WA|4715|EBA|15|05|2|994|002| C|Pelaksanaan Operasional Kantor|00||0|0
2026|01|528200|015|08|WA|4715|EBA|15|05|2|994|002| D|Pemeliharaan Peralatan dan Mesin|00||0|0
2026|01|528200|015|08|WA|4715|EBA|15|05|2|994|002| G|Pemeliharaan Gedung dan Bangunan|00||0|0
2026|01|528200|015|08|WA|4715|EBA|15|05|2|994|002|HA|Dukungan Tusi - Konsultasi Pencairan Dana|00||0|0
2026|01|528200|015|08|WA|4715|EBA|15|05|2|994|002|HB|Dukungan Tusi - Reviu Belanja Pemerintah|00||0|0
2026|01|528200|015|08|WA|4715|EBA|15|05|2|994|002|HH|Dukungan Pelaksaan Tusi Prioritas Direktif Presiden|00||0|0
2026|01|528200|015|08|WA|4715|EBA|15|05|2|994|002|TJ|Jasa Pemeliharaan Annual Technical Support (ATS)|00||0|0
2026|01|528200|015|08|WA|4715|EBD|15|05|2|Z36|100| B|Pelaksanaan Manajemen Kinerja, Resiko dan Kepatuhan Internal|00||0|0
2026|01|528200|015|08|WA|4718|BMB|15|05|2|001|100| A|TANPA SUB KOMPONEN|00||0|0
2026|01|528200|015|08|WA|4718|BMB|15|05|2|002|100| A|TANPA SUB KOMPONEN|00||0|0
2026|01|528200|015|08|WA|4719|EBA|15|05|2|004|100| A|Survey Kepuasan Pengguna Layanan|00||0|0
2026|01|528200|015|08|WA|4719|EBA|15|05|2|994|001| A|TANPA SUB KOMPONEN|00||0|0
2026|01|528200|015|08|WA|4719|EBC|15|05|2|001|100|XC|Penyelenggaraan Capacity Building|00||0|0
2026|01|528590|015|08|CD|6212|BMB|23|52|2|001|100| A|Profiling UMKM|00||0|0
2026|01|528590|015|08|CD|6212|FAC|23|52|2|001|100| A|Training Modul Aplikasi Sakti|00||0|0
2026|01|528590|015|08|CD|6212|FAC|23|52|2|001|100| B|FGD dan Bimtek Transfer Keuangan Daerah|00||0|0
2026|01|528590|015|08|CD|6212|FAH|23|52|2|001|100| A|TANPA SUB KOMPONEN|00||0|0
2026|01|528590|015|08|CD|6212|FAL|23|52|2|004|100| A|Konsultasi|00||0|0
2026|01|528590|015|08|CD|6212|FAL|23|52|2|004|100| B|Sosialisasi dan Bimbingan Teknis|00||0|0
2026|01|528590|015|08|CD|6212|FAL|23|52|2|004|100| D|Pembinaan Pemda, TKD, dan Penandatangan BA Rekonsiliasi Pajak|00||0|0
2026|01|528590|015|08|CD|6213|FAC|23|52|2|001|100| A|TANPA SUB KOMPONEN|00||0|0
2026|01|528590|015|08|CD|6213|FAE|23|52|2|009|100| A|Monev Penyaluran Pembiayaan Ultra Mikro|00||0|0
2026|01|528590|015|08|CD|6213|FAL|23|52|2|003|100| A|Monev Pelaksanaan Anggaran|00||0|0
2026|01|528590|015|08|CD|6214|FAL|23|52|2|002|100| A|Pelaksanaan PencairanPenarikanPengesahan Dana|00||0|0
2026|01|528590|015|08|CD|6214|FAL|23|52|2|002|100| B|PenerbitanPersetujuanRekonsiliasi RekeningSKPPKonfirmasi Penerimaan Negara, dll|00||0|0
2026|01|528590|015|08|CD|6215|FAH|23|52|2|003|100| A|Penyusunan Laporan Keuangan Tingkat Kuasa BUN di Daerah|00||0|0
2026|01|528590|015|08|WA|4715|EBA|23|52|2|001|100| A|TANPA SUB KOMPONEN|00||0|0
2026|01|528590|015|08|WA|4715|EBA|23|52|2|001|100| B|Koordinasi Penyusunan ATK PU|00||0|0
2026|01|528590|015|08|WA|4715|EBA|23|52|2|002|100| A|TANPA SUB KOMPONEN|00||0|0
2026|01|528590|015|08|WA|4715|EBA|23|52|2|994|002| A|Keperluan Seharihari Perkantoran|00||0|0
2026|01|528590|015|08|WA|4715|EBA|23|52|2|994|002| B|Langganan Daya dan Jasa|00||0|0
2026|01|528590|015|08|WA|4715|EBA|23|52|2|994|002| C|Pelaksanaan Operasional Kantor|00||0|0
2026|01|528590|015|08|WA|4715|EBA|23|52|2|994|002| D|Pemeliharaan Peralatan dan Mesin|00||0|0
2026|01|528590|015|08|WA|4715|EBA|23|52|2|994|002| E|Pemeliharaan Gedung dan Bangunan|00||0|0
2026|01|528590|015|08|WA|4715|EBA|23|52|2|994|002| F|Tunggakan Honor Desember 2025|00||0|0
2026|01|528590|015|08|WA|4715|EBA|23|52|2|994|002|HA|Dukungan Tusi - Konsultasi Pencairan Dana|00||0|0
2026|01|528590|015|08|WA|4715|EBA|23|52|2|994|002|HB|Dukungan Tusi - Reviu Belanja Pemerintah|00||0|0
2026|01|528590|015|08|WA|4715|EBA|23|52|2|994|002|HH|Dukungan Pelaksanaan Tusi Prioritas Direktif Presiden|00||0|0
2026|01|528590|015|08|WA|4715|EBA|23|52|2|994|002|TJ|Jasa PemeliharaanAnnual Technical Support (ATS)|00||0|0
2026|01|528590|015|08|WA|4715|EBB|23|52|2|002|100| A|Peralatan Fasilitas Perkantoran|00||0|0
2026|01|528590|015|08|WA|4715|EBD|23|52|2|Z36|100| B|Pelaksanaan Manajemen Kinerja, Resiko dan Kepatuhan Internal|00||0|0
2026|01|528590|015|08|WA|4718|BMB|23|52|2|002|100| A|TANPA SUB KOMPONEN|00||0|0
2026|01|528590|015|08|WA|4718|BMB|23|52|2|001|100| A|TANPA SUB KOMPONEN|00||0|0
2026|01|528590|015|08|WA|4719|EBA|23|52|2|994|001| A|TANPA SUB KOMPONEN|00||0|0
2026|01|528590|015|08|WA|4719|EBA|23|52|2|004|100| A|Survey Kepuasan Pengguna Layanan|00||0|0
2026|01|528590|015|08|WA|4719|EBC|23|52|2|001|100|XC|Penyelenggaraan Capacity Building|00||0|0
2026|01|528654|015|08|CD|6212|BMB|24|11|2|001|100| A|Profiling UMKM|00||0|0
2026|01|528654|015|08|CD|6212|FAC|24|11|2|001|100| A|Training Modul Aplikasi SAKTI|00||0|0
2026|01|528654|015|08|CD|6212|FAC|24|11|2|001|100| B|FGD dan Bimtek Transfer Keuangan Daerah|00||0|0
2026|01|528654|015|08|CD|6212|FAH|24|11|2|001|100| A|TANPA SUB KOMPONEN|00||0|0
2026|01|528654|015|08|CD|6212|FAL|24|11|2|004|100| A|Konsultasi|00||0|0
2026|01|528654|015|08|CD|6212|FAL|24|11|2|004|100| B|Sosialisasi dan Bimbingan Teknis|00||0|0
2026|01|528654|015|08|CD|6212|FAL|24|11|2|004|100| D|Pembinaan Pemda, TKD, dan Penandatanganan BAR|00||0|0
2026|01|528654|015|08|CD|6213|FAC|24|11|2|001|100| A|Pembinaan Jabatan Fungsional Perbendaharaan|00||0|0
2026|01|528654|015|08|CD|6213|FAE|24|11|2|009|100| A|Monev Penyaluran Pembiayaan Ultra Mikro|00||0|0
2026|01|528654|015|08|CD|6213|FAL|24|11|2|003|100| A|Monev Pelaksanaan Anggaran|00||0|0
2026|01|528654|015|08|CD|6214|FAL|24|11|2|002|100| A|Pelaksanaan Pencairan/Penarikan/Pengesahan Dana|00||0|0
2026|01|528654|015|08|CD|6214|FAL|24|11|2|002|100| B|Penerbitan/Persetujuan/Rekonsiliasi Rekening/SKPP/Konfirmasi Penerimaan Negara, dll|00||0|0
2026|01|528654|015|08|CD|6215|FAH|24|11|2|003|100| A|Penyusunan Laporan Keuangan Tingkat Kuasa BUN di Daerah|00||0|0
2026|01|528654|015|08|WA|4715|EBA|24|11|2|001|100| A|TANPA SUB KOMPONEN|00||0|0
2026|01|528654|015|08|WA|4715|EBA|24|11|2|994|002| A|Keperluan Sehari-hari Perkantoran|00||0|0
2026|01|528654|015|08|WA|4715|EBA|24|11|2|994|002| B|Langganan Daya dan Jasa|00||0|0
2026|01|528654|015|08|WA|4715|EBA|24|11|2|994|002| C|Pelaksanaan Operasional Kantor|00||0|0
2026|01|528654|015|08|WA|4715|EBA|24|11|2|994|002| D|Pemeliharaan Peralatan dan Mesin|00||0|0
2026|01|528654|015|08|WA|4715|EBA|24|11|2|994|002| G|Pemeliharaan Gedung dan Bangunan|00||0|0
2026|01|528654|015|08|WA|4715|EBA|24|11|2|994|002|HA|Dukungan Tusi - Konsultasi Pencairan Dana|00||0|0
2026|01|528654|015|08|WA|4715|EBA|24|11|2|994|002|HB|Dukungan Tusi - Reviu Belanja Pemerintah|00||0|0
2026|01|528654|015|08|WA|4715|EBA|24|11|2|994|002|HH|Dukungan Pelaksaan Tusi Prioritas Direktif Presiden|00||0|0
2026|01|528654|015|08|WA|4715|EBA|24|11|2|994|002|TJ|Jasa Pemeliharaan/Annual Technical Support (ATS)|00||0|0
2026|01|528654|015|08|WA|4715|EBD|24|11|2|Z36|100| B|Pelaksanaan Manajemen Kinerja, Resiko dan Kepatuhan Internal|00||0|0
2026|01|528654|015|08|WA|4718|BMB|24|11|2|001|100| A|TANPA SUB KOMPONEN|00||0|0
2026|01|528654|015|08|WA|4718|BMB|24|11|2|002|100| A|TANPA SUB KOMPONEN|00||0|0
2026|01|528654|015|08|WA|4719|EBA|24|11|2|004|100| A|Survey Kepuasan Pengguna Layanan|00||0|0
2026|01|528654|015|08|WA|4719|EBA|24|11|2|994|001| A|TANPA SUB KOMPONEN|00||0|0
2026|01|528654|015|08|WA|4719|EBC|24|11|2|001|100|XC|Penyelenggaraan Capacity Building|00||0|0
2026|01|528629|015|08|CD|6212|BMB|24|51|2|001|100| A|Profiling UMKM|00||0|0
2026|01|528629|015|08|CD|6212|BMB|24|51|2|001|100| B|Pemberdayaan UMKM  SosialisasiBimtekAsistensi dan BazarPojokRumah UMKM|00||0|0
2026|01|528629|015|08|CD|6212|BMB|24|51|2|001|100| D|Komunikasi Publik  BazarPojokRumah UMKM|00||0|0
2026|01|528629|015|08|CD|6212|FAC|24|51|2|002|100| B|Asistensi  Pembinaan Pengelolaan Keuangan BLU Daerah|00||0|0
2026|01|528629|015|08|CD|6212|FAH|24|51|2|003|100| B|Sosialisasi dan Bimbingan Teknis UAPPAW|00||0|0
2026|01|528629|015|08|CD|6212|FAH|24|51|2|002|100| A|Forum Koordinasi dan Rekonsiliasi Data dengan Bank Indonesia|00||0|0
2026|01|528629|015|08|CD|6212|FAH|24|51|2|002|100| B|Pembinaan SAP pada Pemerintah Daerah|00||0|0
2026|01|528629|015|08|CD|6212|FAH|24|51|2|002|100| C|SosialisasiBimtekWorkshopFGD dengan Pemda|00||0|0
2026|01|528629|015|08|CD|6212|FAL|24|51|2|001|100| A|Sosialisasi PeraturanKebijakan Pelaksanaan Anggaran|00||0|0
2026|01|528629|015|08|CD|6212|FAL|24|51|2|001|100| B|Pengkoordinasian Kerjasama Ekonomi dan Keuangan Daerah|00||0|0
2026|01|528629|015|08|CD|6212|FAL|24|51|2|001|100| C|Pembinaan dan Bimtek Pengelolaan Keuangan Daerah|00||0|0
2026|01|528629|015|08|CD|6212|FAL|24|51|2|001|100| D|Penyerahan DIPA|00||0|0
2026|01|528629|015|08|CD|6213|ABA|24|51|2|001|100| A|Penyusunan Analisis Potensi Pembiayaan dan Pelaksanaan MoU DJPb dan PT SMI di Daerah|00||0|0
2026|01|528629|015|08|CD|6213|FAE|24|51|2|009|100| B|Monitoring dan Evaluasi KUR/Penerusan Pinjaman|00||0|0
2026|01|528629|015|08|CD|6213|FAE|24|51|2|008|100| A|Koordinasi Pelaksanaan Tugas RCE  ALCo|00||0|0
2026|01|528629|015|08|CD|6213|FAL|24|51|2|003|100| A|Pelaksanaan Spending Review|00||0|0
2026|01|528629|015|08|CD|6213|FAL|24|51|2|003|100| C|Review Pelaksanaan Anggaran|00||0|0
2026|01|528629|015|08|CD|6213|FAL|24|51|2|003|100| D|Monitoring dan Evaluasi Pelaksanaan Anggaran|00||0|0
2026|01|528629|015|08|CD|6213|FAL|24|51|2|003|100| E|Pengumpulan InformasiPenajaman Data Fiskal RegionalPenyusunan KFR|00||0|0
2026|01|528629|015|08|CD|6213|FAL|24|51|2|003|100| F|Publikasi Kajian Fiskal Regional (Full Cost)|00||0|0
2026|01|528629|015|08|CD|6213|FAL|24|51|2|003|100| G|Pengumpulan Konfirmasi Informasi Pengelolaan Keuangan Daerah dan Penyusunan Profil Keuangan Daerah|00||0|0
2026|01|528629|015|08|CD|6213|FAL|24|51|2|003|100| H|Monitoring atas Dana Transfer dan Dana Desa|00||0|0
2026|01|528629|015|08|CD|6215|FAH|24|51|2|003|100| B|Koordinasi UAKBUND (KPPN) (Cross Program)|00||0|0
2026|01|528629|015|08|CD|6215|FAH|24|51|2|001|100| B|Penyusunan Laporan Statistik Keuangan Pemerintah Tingkat Wilayah|00||0|0
2026|01|528629|015|08|WA|4715|EBA|24|51|2|001|100| A|TANPA SUB KOMPONEN|00||0|0
2026|01|528629|015|08|WA|4715|EBA|24|51|2|001|100| B|Koordinasi Penyusunan ATK PU|00||0|0
2026|01|528629|015|08|WA|4715|EBA|24|51|2|002|100| A|TANPA SUB KOMPONEN|00||0|0
2026|01|528629|015|08|WA|4715|EBA|24|51|2|994|002| A|Keperluan Seharihari Perkantoran|00||0|0
2026|01|528629|015|08|WA|4715|EBA|24|51|2|994|002| B|Langganan Daya dan Jasa|00||0|0
2026|01|528629|015|08|WA|4715|EBA|24|51|2|994|002| C|Pelaksanaan Operasional Kantor|00||0|0
2026|01|528629|015|08|WA|4715|EBA|24|51|2|994|002| D|Pemeliharaan Peralatan dan Mesin|00||0|0
2026|01|528629|015|08|WA|4715|EBA|24|51|2|994|002| G|Pemeliharaan Gedung dan Bangunan|00||0|0
2026|01|528629|015|08|WA|4715|EBA|24|51|2|994|002|HB|Dukungan Tusi - Reviu Belanja Pemerintah|00||0|0
2026|01|528629|015|08|WA|4715|EBA|24|51|2|994|002|HC|Dukungan Tusi - Government Financial Statistic (GFS)|00||0|0
2026|01|528629|015|08|WA|4715|EBA|24|51|2|994|002|HD|Dukungan Tusi - Rekomendasi Pengelolaan Organisasi|00||0|0
2026|01|528629|015|08|WA|4715|EBA|24|51|2|994|002|HH|Dukungan Pelaksaan Tusi Prioritas Direktif Presiden|00||0|0
2026|01|528629|015|08|WA|4715|EBA|24|51|2|994|002|TJ|Jasa PemeliharaanAnnual Technical Support (ATS)|00||0|0
2026|01|528629|015|08|WA|4715|EBB|24|51|2|004|100|GL|Bangunan Lainnya|00||0|0
2026|01|528629|015|08|WA|4715|EBD|24|51|2|Z36|100| A|TANPA SUB KOMPONEN|00||0|0
2026|01|528629|015|08|WA|4715|EBD|24|51|2|Z26|100| A|Rakor Penyusunan Laporan Keuangan Tingkat UAPPAW (Full Cost)|00||0|0
2026|01|528629|015|08|WA|4718|BMB|24|51|2|001|100| A|TANPA SUB KOMPONEN|00||0|0
2026|01|528629|015|08|WA|4718|BMB|24|51|2|002|100| A|TANPA SUB KOMPONEN|00||0|0
2026|01|528629|015|08|WA|4719|EBA|24|51|2|003|100| A|Pelaksanaan Supervisi Proses Bisnis KPPN|00||0|0
2026|01|528629|015|08|WA|4719|EBA|24|51|2|003|100| B|Koordinasi Inovasi layanan|00||0|0
2026|01|528629|015|08|WA|4719|EBA|24|51|2|994|001| A|TANPA SUB KOMPONEN|00||0|0
2026|01|528629|015|08|WA|4719|EBC|24|51|2|001|100|XC|Penyelenggaraan Capacity Building|00||0|0
2026|01|528629|015|08|WA|4722|EBD|24|51|2|001|100| A|Pelaksanaan Manajemen Resiko dan Kepatuhan Internal|00||0|0
2026|01|528629|015|08|WA|4722|EBD|24|51|2|001|100| B|Pemantauan Kode Etik dan Kepatuhan Pegawai|00||0|0
2026|01|528764|015|08|CD|6212|BMB|25|08|2|001|100| A|Profiling UMKM|00||0|0
2026|01|528764|015|08|CD|6212|FAC|25|08|2|001|100| A|Training Modul Aplikasi SAKTI|00||0|0
2026|01|528764|015|08|CD|6212|FAC|25|08|2|001|100| B|FGD dan Bimtek Transfer Keuangan Daerah|00||0|0
2026|01|528764|015|08|CD|6212|FAH|25|08|2|001|100| A|TANPA SUB KOMPONEN|00||0|0
2026|01|528764|015|08|CD|6212|FAL|25|08|2|004|100| A|Konsultasi|00||0|0
2026|01|528764|015|08|CD|6212|FAL|25|08|2|004|100| B|Sosialisasi dan Bimbingan Teknis|00||0|0
2026|01|528764|015|08|CD|6212|FAL|25|08|2|004|100| D|Pembinaan Pemda, TKD, dan Penandatanganan BAR|00||0|0
2026|01|528764|015|08|CD|6213|FAC|25|08|2|001|100| A|Pembinaan Jabatan Fungsional Perbendaharaan|00||0|0
2026|01|528764|015|08|CD|6213|FAE|25|08|2|009|100| A|Monev Penyaluran Pembiayaan Ultra Mikro|00||0|0
2026|01|528764|015|08|CD|6213|FAL|25|08|2|003|100| A|Monev Pelaksanaan Anggaran|00||0|0
2026|01|528764|015|08|CD|6214|FAL|25|08|2|002|100| A|Pelaksanaan PencairanPenarikanPengesahan Dana|00||0|0
2026|01|528764|015|08|CD|6214|FAL|25|08|2|002|100| B|PenerbitanPersetujuanRekonsiliasi RekeningSKPPKonfirmasi Penerimaan Negara, DLL|00||0|0
2026|01|528764|015|08|CD|6215|FAH|25|08|2|003|100| A|Penyusunan Laporan Keuangan Tingkat Kuasa BUN di Daerah|00||0|0
2026|01|528764|015|08|WA|4715|EBA|25|08|2|001|100| A|TANPA SUB KOMPONEN|00||0|0
2026|01|528764|015|08|WA|4715|EBA|25|08|2|001|100| B|Koordinasi Penyusunan ATK PU|00||0|0
2026|01|528764|015|08|WA|4715|EBA|25|08|2|002|100| A|TANPA SUB KOMPONEN|00||0|0
2026|01|528764|015|08|WA|4715|EBA|25|08|2|994|002| A|Keperluan SehariHari Perkantoran|00||0|0
2026|01|528764|015|08|WA|4715|EBA|25|08|2|994|002| B|Langganan Daya dan Jasa|00||0|0
2026|01|528764|015|08|WA|4715|EBA|25|08|2|994|002| C|Pelaksanaan Operasional Kantor|00||0|0
2026|01|528764|015|08|WA|4715|EBA|25|08|2|994|002| D|Pemeliharaan Peralatan dan Mesin|00||0|0
2026|01|528764|015|08|WA|4715|EBA|25|08|2|994|002| G|Pemeliharaan Gedung dan Bangunan|00||0|0
2026|01|528764|015|08|WA|4715|EBA|25|08|2|994|002|HA|Dukungan Tusi - Konsultasi Pencairan Dana|00||0|0
2026|01|528764|015|08|WA|4715|EBA|25|08|2|994|002|HB|Dukungan Tusi - Reviu Belanja Pemerintah|00||0|0
2026|01|528764|015|08|WA|4715|EBA|25|08|2|994|002|HF|Dukungan Tusi - Badan Pengarah Papua|00||0|0
2026|01|528764|015|08|WA|4715|EBA|25|08|2|994|002|HY|Dukungan Tusi - Keprotokoleran|00||0|0
2026|01|528764|015|08|WA|4715|EBA|25|08|2|994|002|HZ|Dukungan Tusi - Monitoring TKD|00||0|0
2026|01|528764|015|08|WA|4715|EBB|25|08|2|002|100| A|Pengisian Mess/Rumah Dinas/Ruang Kerja|9A||0|0
2026|01|528764|015|08|WA|4715|EBB|25|08|2|002|100| A|TANPA SUB KOMPONEN|00||0|0
2026|01|528764|015|08|WA|4715|EBB|25|08|2|004|100|GB|Renovasi  Gedung Bangunan Kantor|00||0|0
2026|01|528764|015|08|WA|4715|EBD|25|08|2|Z36|100| B|Pelaksanaan Manajemen Kinerja, Resiko dan Kepatuhan Internal|00||0|0
2026|01|528764|015|08|WA|4718|BMB|25|08|2|002|100| A|TANPA SUB KOMPONEN|00||0|0
2026|01|528764|015|08|WA|4718|BMB|25|08|2|001|100| A|TANPA SUB KOMPONEN|00||0|0
2026|01|528764|015|08|WA|4719|EBA|25|08|2|994|001| A|TANPA SUB KOMPONEN|00||0|0
2026|01|528764|015|08|WA|4719|EBA|25|08|2|004|100| A|Survey Kepuasan Pengguna Layanan|00||0|0
2026|01|528764|015|08|WA|4719|EBC|25|08|2|001|100|XC|Penyelenggaraan Capacity Building|00||0|0
2026|01|528764|015|08|WA|6990|ABA|25|08|2|001|100|VA|Monitoring Dana Otsus Ke Pemda Prov. Papua Pegunungan|00||0|0
2026|01|528682|015|08|CD|6212|BMB|25|51|2|001|100| B|Pemberdayaan UMKM  SosialisasiBimtekAsistensi dan BazarPojokRumah UMKM|00||0|0
2026|01|528682|015|08|CD|6212|BMB|25|51|2|001|100| D|Komunikasi Publik  BazarPojokRumah UMKM|00||0|0
2026|01|528682|015|08|CD|6212|FAC|25|51|2|002|100| A|Pembinaan Satker BLU|00||0|0
2026|01|528682|015|08|CD|6212|FAC|25|51|2|002|100| B|Asistensi  Pembinaan Pengelolaan Keuangan BLU Daerah|00||0|0
2026|01|528682|015|08|CD|6212|FAH|25|51|2|002|100| C|SosialisasiBimtekWorkshopFGD dengan Pemda|00||0|0
2026|01|528682|015|08|CD|6212|FAL|25|51|2|001|100| B|Pengkoordinasian Kerjasama Ekonomi dan Keuangan Daerah|00||0|0
2026|01|528682|015|08|CD|6212|FAL|25|51|2|001|100| D|Penyerahan DIPA|00||0|0
2026|01|528682|015|08|CD|6213|ABA|25|51|2|001|100| A|Penyusunan Analisis Potensi Pembiayaan dan Pelaksanaan MoU DJPb dan PT SMI di Daerah|00||0|0
2026|01|528682|015|08|CD|6213|FAE|25|51|2|008|100| A|Koordinasi Pelaksanaan Tugas RCE  ALCo|00||0|0
2026|01|528682|015|08|CD|6213|FAE|25|51|2|009|100| B|Monitoring dan  Evaluasi KURPenerusan Pinjaman|00||0|0
2026|01|528682|015|08|CD|6213|FAL|25|51|2|003|100| D|Monitoring dan Evaluasi Pelaksanaan Anggaran|00||0|0
2026|01|528682|015|08|CD|6213|FAL|25|51|2|003|100| E|Pengumpulan InformasiPenajaman Data Fiskal RegionalPenyusunan KFR|00||0|0
2026|01|528682|015|08|CD|6213|FAL|25|51|2|003|100| F|Publikasi Kajian Fiskal Regional|00||0|0
2026|01|528682|015|08|CD|6213|FAL|25|51|2|003|100| G|Pelaksanaan Spending Review|00||0|0
2026|01|528682|015|08|CD|6213|FAL|25|51|2|003|100| H|Monitoring atas Dana Transfer dan Dana Desa|00||0|0
2026|01|528682|015|08|CD|6215|FAH|25|51|2|001|100| A|Koordinasi Laporan Keuangan Pemerintah Daerah danatau BLUD|00||0|0
2026|01|528682|015|08|CD|6215|FAH|25|51|2|003|100| A|Pembinaan UAKBUN D (KPPN)|00||0|0
2026|01|528682|015|08|WA|4715|EBA|25|51|2|001|100| A|TANPA SUB KOMPONEN|00||0|0
2026|01|528682|015|08|WA|4715|EBA|25|51|2|001|100| B|Koordinasi Penyusunan ATK PU|00||0|0
2026|01|528682|015|08|WA|4715|EBA|25|51|2|002|100| A|TANPA SUB KOMPONEN|00||0|0
2026|01|528682|015|08|WA|4715|EBA|25|51|2|994|002| A|Keperluan Seharihari Perkantoran|00||0|0
2026|01|528682|015|08|WA|4715|EBA|25|51|2|994|002| B|Langganan Daya dan Jasa|00||0|0
2026|01|528682|015|08|WA|4715|EBA|25|51|2|994|002| C|Pelaksanaan Operasional Kantor|00||0|0
2026|01|528682|015|08|WA|4715|EBA|25|51|2|994|002| D|Pemeliharaan Peralatan dan Mesin|00||0|0
2026|01|528682|015|08|WA|4715|EBA|25|51|2|994|002| E|Pemeliharaan Gedung dan Bangunan|00||0|0
2026|01|528682|015|08|WA|4715|EBA|25|51|2|994|002| F|Honorarium Operasional Satuan Kerja Ongkos Angkut Beras|00||0|0
2026|01|528682|015|08|WA|4715|EBA|25|51|2|994|002|HB|Dukungan Tusi - Reviu Belanja Pemerintah|00||0|0
2026|01|528682|015|08|WA|4715|EBA|25|51|2|994|002|HC|Dukungan Tusi - Government Financial Statistic (GFS)|00||0|0
2026|01|528682|015|08|WA|4715|EBA|25|51|2|994|002|HD|Dukungan Tusi - Rekomendasi Pengelolaan Organisasi|00||0|0
2026|01|528682|015|08|WA|4715|EBA|25|51|2|994|002|HF|Dukungan Tusi - Protokoler Kanwil/Badan Pengarah Papua/Komite Eksekutif/Kelompok Kerja|00||0|0
2026|01|528682|015|08|WA|4715|EBA|25|51|2|994|002|HG|Monitoring dan Evaluasi SPPG, KDMP, dan SR|00||0|0
2026|01|528682|015|08|WA|4715|EBB|25|51|2|004|100|RB|Renovasi Rumah Negara|9A||0|0
2026|01|528682|015|08|WA|4715|EBB|25|51|2|004|100| A|TANPA SUB KOMPONEN|00||0|0
2026|01|528682|015|08|WA|4715|EBD|25|51|2|Z26|100| A|Rakor Penyusunan Laporan Keuangan Tingkat UAPPAW|00||0|0
2026|01|528682|015|08|WA|4715|EBD|25|51|2|Z36|100| A|TANPA SUB KOMPONEN|00||0|0
2026|01|528682|015|08|WA|4718|BMB|25|51|2|002|100| A|TANPA SUB KOMPONEN|00||0|0
2026|01|528682|015|08|WA|4718|BMB|25|51|2|001|100| A|TANPA SUB KOMPONEN|00||0|0
2026|01|528682|015|08|WA|4719|EBA|25|51|2|994|001| A|TANPA SUB KOMPONEN|00||0|0
2026|01|528682|015|08|WA|4719|EBA|25|51|2|003|100| A|Pelaksanaan Supervisi Proses Bisnis KPPN|00||0|0
2026|01|528682|015|08|WA|4719|EBA|25|51|2|003|100| B|Koordinasi Inovasi layanan|00||0|0
2026|01|528682|015|08|WA|4719|EBC|25|51|2|001|100|XC|Penyelenggaraan Capacity Building|00||0|0
2026|01|528682|015|08|WA|4722|EBD|25|51|2|001|100| A|Pelaksanaan Manajemen Resiko dan Kepatuhan Internal|00||0|0
2026|01|528682|015|08|WA|4722|EBD|25|51|2|001|100| B|Pemantauan Kode Etik dan Kepatuhan Pegawai|00||0|0
2026|01|528682|015|08|WA|6990|ABA|25|51|2|001|100|FA|Pokja Papua|00||0|0
2026|01|528682|015|08|WA|6990|ABA|25|51|2|001|100|FB|Monitoring Dana Otsus ke PemdaSHEK|00||0|0
2026|01|528682|015|08|WA|6990|ABA|25|51|2|001|100|KP|ABT  Dukungan Tusi Badan Pengarah Papua|00||0|0
2026|01|528682|015|08|WA|6990|ABA|25|51|2|001|100|QA|Focus Group Discussion Badan Pengarah Papua|00||0|0
2026|01|528682|015|08|WA|6990|ABA|25|51|2|001|100|QB|Penyusunan Rekomendasi Badan Pengarah Papua|00||0|0
2026|01|528682|015|08|WA|6990|ABA|25|51|2|001|100|QD|Kebutuhan Rekrutmen Anggota Pokja|00||0|0
2026|01|528682|015|08|WA|6990|EBA|25|51|2|002|100| A|TANPA SUB KOMPONEN|00||0|0
2026|01|528682|015|08|WA|6990|EBA|25|51|2|002|100|KE|Komite Eksekutif|00||0|0
2026|01|528682|015|08|WA|6990|EBA|25|51|2|002|100|KP|Rapat Koordinasi BPP|00||0|0
2026|01|528682|015|08|WA|6990|EBA|25|51|2|994|001| A|TANPA SUB KOMPONEN|00||0|0
2026|01|528682|015|08|WA|6990|EBA|25|51|2|994|002| A|Keperluan SehariHari Perkantoran|00||0|0
2026|01|528682|015|08|WA|6990|EBA|25|51|2|994|002| B|Langganan Daya dan Jasa|00||0|0
2026|01|528682|015|08|WA|6990|EBA|25|51|2|994|002| C|Pelaksanaan Operasional Kantor|00||0|0
2026|01|528682|015|08|WA|6990|EBA|25|51|2|994|002| D|Jasa Pemeliharaan Peralatan BPP|00||0|0
2026|01|528682|015|08|WA|6990|EBA|25|51|2|994|002| E|Pemeliharaan Gedung dan Bangunan|00||0|0
2026|01|528661|015|08|CD|6212|BMB|24|10|2|001|100|AA|Profiling UMKM - KPPN Induk|00||0|0
2026|01|528661|015|08|CD|6212|BMB|24|10|2|001|100|BA|Profiling UMKM - KPPN Unit|00||0|0
2026|01|528661|015|08|CD|6212|FAC|24|10|2|001|100|AA|TRAINING MODUL APLIKASI SAKTI - KPPN Induk|00||0|0
2026|01|528661|015|08|CD|6212|FAC|24|10|2|001|100|AB|FGD DAN BIMTEK TRANSFER KEUANGAN DAERAH - KPPN Induk|00||0|0
2026|01|528661|015|08|CD|6212|FAC|24|10|2|001|100|BA|TRAINING MODUL APLIKASI SAKTI - KPPN Unit|00||0|0
2026|01|528661|015|08|CD|6212|FAC|24|10|2|001|100|BB|FGD DAN BIMTEK TRANSFER KEUANGAN DAERAH - KPPN Unit|00||0|0
2026|01|528661|015|08|CD|6212|FAH|24|10|2|001|100|AA|TANPA SUB KOMPONEN - KPPN Induk|00||0|0
2026|01|528661|015|08|CD|6212|FAL|24|10|2|004|100|AA|KONSULTASI - KPPN Induk|00||0|0
2026|01|528661|015|08|CD|6212|FAL|24|10|2|004|100|AB|SOSIALISASI DAN BIMBINGAN TEKNIS - KPPN Induk|00||0|0
2026|01|528661|015|08|CD|6212|FAL|24|10|2|004|100|AD|Pembinaan Pemda, TKD, dan Penandatanganan BA Rekonsiliasi Pajak - KPPN Induk|00||0|0
2026|01|528661|015|08|CD|6212|FAL|24|10|2|004|100|BA|KONSULTASI - KPPN Unit|00||0|0
2026|01|528661|015|08|CD|6212|FAL|24|10|2|004|100|BB|SOSIALISASI DAN BIMBINGAN TEKNIS - KPPN Unit|00||0|0
2026|01|528661|015|08|CD|6212|FAL|24|10|2|004|100|BD|PEMBINAAN PEMDA, TKD, DAN PENANDATANGANAN BAR - KPPN Unit|00||0|0
2026|01|528661|015|08|CD|6213|FAC|24|10|2|001|100|AA|PEMBINAAN JABATAN FUNGSIONAL PERBENDAHARAAN - KPPN Induk|00||0|0
2026|01|528661|015|08|CD|6213|FAC|24|10|2|001|100|BA|PEMBINAAN JABATAN FUNGSIONAL PERBENDAHARAAN - KPPN Unit|00||0|0
2026|01|528661|015|08|CD|6213|FAE|24|10|2|009|100|AA|Monev Penyaluran Pembiayaan Ultra Mikro - KPPN Induk|00||0|0
2026|01|528661|015|08|CD|6213|FAL|24|10|2|003|100|AA|MONEV PELAKSANAAN ANGGARAN - KPPN Induk|00||0|0
2026|01|528661|015|08|CD|6214|FAL|24|10|2|002|100|AA|PELAKSANAAN PENCAIRAN/PENARIKAN/PENGESAHAN DANA - KPPN Induk|00||0|0
2026|01|528661|015|08|CD|6214|FAL|24|10|2|002|100|AB|PENERBITAN/PERSETUJUAN/REKONSILIASI REKENING/SKPP/KONFIRMASI PENERIMAAN NEGARA, DLL - KPPN Induk|00||0|0
2026|01|528661|015|08|CD|6214|FAL|24|10|2|002|100|BA|PELAKSANAAN PENCAIRAN/PENARIKAN/PENGESAHAN DANA - KPPN Unit|00||0|0
2026|01|528661|015|08|CD|6214|FAL|24|10|2|002|100|BB|PENERBITAN/PERSETUJUAN/REKONSILIASI REKENING/SKPP/KONFIRMASI PENERIMAAN NEGARA, DLL - KPPN Unit|00||0|0
2026|01|528661|015|08|CD|6215|FAH|24|10|2|003|100|AA|PENYUSUNAN LAPORAN KEUANGAN TINGKAT KUASA BUN DI DAERAH - KPPN Induk|00||0|0
2026|01|528661|015|08|CD|6215|FAH|24|10|2|003|100|BA|PENYUSUNAN LAPORAN KEUANGAN TINGKAT KUASA BUN DI DAERAH - KPPN Unit|00||0|0
2026|01|528661|015|08|WA|4715|EBA|24|10|2|001|100|AA|TANPA SUB KOMPONEN - KPPN Induk|00||0|0
2026|01|528661|015|08|WA|4715|EBA|24|10|2|001|100|BA|TANPA SUB KOMPONEN - KPPN Unit|00||0|0
2026|01|528661|015|08|WA|4715|EBA|24|10|2|002|100|AA|TANPA SUB KOMPONEN - KPPN Induk|00||0|0
2026|01|528661|015|08|WA|4715|EBA|24|10|2|002|100|AB|Monitoring Pejabat/Petugas Pengelola Keuangan - KPPN Induk|00||0|0
2026|01|528661|015|08|WA|4715|EBA|24|10|2|002|100|BA|TANPA SUB KOMPONEN-KPPN UNIT|00||0|0
2026|01|528661|015|08|WA|4715|EBA|24|10|2|994|002|AA|KEPERLUAN SEHARI-HARI PERKANTORAN - KPPN Induk|00||0|0
2026|01|528661|015|08|WA|4715|EBA|24|10|2|994|002|AB|LANGGANAN DAYA DAN JASA - KPPN Induk|00||0|0
2026|01|528661|015|08|WA|4715|EBA|24|10|2|994|002|AC|PELAKSANAAN OPERASIONAL KANTOR - KPPN Induk|00||0|0
2026|01|528661|015|08|WA|4715|EBA|24|10|2|994|002|AD|PEMELIHARAAN PERALATAN DAN MESIN - KPPN Induk|00||0|0
2026|01|528661|015|08|WA|4715|EBA|24|10|2|994|002|AE|PEMELIHARAAN GEDUNG DAN BANGUNAN - KPPN Induk|00||0|0
2026|01|528661|015|08|WA|4715|EBA|24|10|2|994|002|BA|KEPERLUAN SEHARI-HARI PERKANTORAN - KPPN Unit|00||0|0
2026|01|528661|015|08|WA|4715|EBA|24|10|2|994|002|BB|Langganan Daya dan Jasa - KPPN Unit|00||0|0
2026|01|528661|015|08|WA|4715|EBA|24|10|2|994|002|BC|PELAKSANAAN OPERASIONAL KANTOR - KPPN Unit|00||0|0
2026|01|528661|015|08|WA|4715|EBA|24|10|2|994|002|BD|PEMELIHARAAN PERALATAN DAN MESIN - KPPN Unit|00||0|0
2026|01|528661|015|08|WA|4715|EBA|24|10|2|994|002|BE|Pemeliharaan Gedung dan Bangunan - KPPN Unit|00||0|0
2026|01|528661|015|08|WA|4715|EBA|24|10|2|994|002|HA|Dukungan Tusi - Konsultasi Pencairan Dana|00||0|0
2026|01|528661|015|08|WA|4715|EBA|24|10|2|994|002|HB|Dukungan Tusi - Reviu Belanja Pemerintah|00||0|0
2026|01|528661|015|08|WA|4715|EBA|24|10|2|994|002|HE|Dukungan Tusi - WBK WBBM - KPPN Induk|00||0|0
2026|01|528661|015|08|WA|4715|EBA|24|10|2|994|002|HH|Dukungan Pelaksanaan Tusi Prioritas Direktif Presiden|00||0|0
2026|01|528661|015|08|WA|4715|EBA|24|10|2|994|002|TJ|Jasa Pemeliharaan/Annual Technical Support (ATS)|00||0|0
2026|01|528661|015|08|WA|4715|EBB|24|10|2|004|100| A|TANPA SUB KOMPONEN|00||0|0
2026|01|528661|015|08|WA|4715|EBB|24|10|2|004|100|RB|TANPA SUB KOMPONEN|00||0|0
2026|01|528661|015|08|WA|4715|EBD|24|10|2|Z36|100|AB|PELAKSANAAN MANAJEMEN KINERJA, RESIKO, DAN KEPATUHAN INTERNAL - KPPN Induk|00||0|0
2026|01|528661|015|08|WA|4715|EBD|24|10|2|Z36|100|BB|PELAKSANAAN MANAJEMEN KINERJA, RESIKO, DAN KEPATUHAN INTERNAL - KPPN Unit|00||0|0
2026|01|528661|015|08|WA|4718|BMB|24|10|2|001|100|AA|TANPA SUB KOMPONEN - KPPN Induk|00||0|0
2026|01|528661|015|08|WA|4718|BMB|24|10|2|001|100|BA|TANPA SUB KOMPONEN - KPPN Unit|00||0|0
2026|01|528661|015|08|WA|4718|BMB|24|10|2|002|100|AA|TANPA SUB KOMPONEN - KPPN Induk|00||0|0
2026|01|528661|015|08|WA|4718|BMB|24|10|2|002|100|BA|TANPA SUB KOMPONEN - KPPN Unit|00||0|0
2026|01|528661|015|08|WA|4719|EBA|24|10|2|994|001|AA|TANPA SUB KOMPONEN - KPPN Induk|00||0|0
2026|01|528661|015|08|WA|4719|EBA|24|10|2|994|001|BA|TANPA SUB KOMPONEN - KPPN Unit|00||0|0
2026|01|528661|015|08|WA|4719|EBA|24|10|2|004|100|AA|SURVEY KEPUASAN PENGGUNA LAYANAN - KPPN Induk|00||0|0
2026|01|528661|015|08|WA|4719|EBA|24|10|2|004|100|BA|SURVEY KEPUASAN PENGGUNA LAYANAN - KPPN Unit|00||0|0
2026|01|528661|015|08|WA|4719|EBC|24|10|2|001|100|XC|Penyelenggaraan Capacity Building|00||0|0
2026|01|634991|015|08|CD|6212|BMB|35|02|2|001|100| A|Profilling UMKM|00||0|0
2026|01|634991|015|08|CD|6212|FAC|35|02|2|001|100| A|Training Modul Aplikasi SAKTI|00||0|0
2026|01|634991|015|08|CD|6212|FAC|35|02|2|001|100| B|FGD dan Bimtek Transfer Keuangan Daerah|00||0|0
2026|01|634991|015|08|CD|6212|FAH|35|02|2|001|100| A|TANPA SUB KOMPONEN|00||0|0
2026|01|634991|015|08|CD|6212|FAL|35|02|2|004|100| A|Konsultasi|00||0|0
2026|01|634991|015|08|CD|6212|FAL|35|02|2|004|100| B|Sosialisasi dan Bimbingan Teknis|00||0|0
2026|01|634991|015|08|CD|6212|FAL|35|02|2|004|100| D|Pembinaan Pemda, TKD, dan Penandatanganan BAR|00||0|0
2026|01|634991|015|08|CD|6213|FAC|35|02|2|001|100| A|Pembinaan Jabatan Fungsional Perbendaharaan|00||0|0
2026|01|634991|015|08|CD|6213|FAE|35|02|2|009|100| A|Monev Penyaluran Pembiayaan Ultra Mikro|00||0|0
2026|01|634991|015|08|CD|6213|FAL|35|02|2|003|100| A|Monev Pelaksanaan Anggaran|00||0|0
2026|01|634991|015|08|CD|6214|FAL|35|02|2|002|100| A|Pelaksanaan PencairanPenarikanPengesahan Dana|00||0|0
2026|01|634991|015|08|CD|6214|FAL|35|02|2|002|100| B|PenerbitanPersetujuanRekonsiliasi RekeningSKPPKonfirmasi Penerimaan Negara, dll|00||0|0
2026|01|634991|015|08|CD|6215|FAH|35|02|2|003|100| A|Penyusunan Laporan Keuangan Tingkat Kuasa BUN di Daerah|00||0|0
2026|01|634991|015|08|WA|4715|EBA|35|02|2|001|100| A|TANPA SUB KOMPONEN|00||0|0
2026|01|634991|015|08|WA|4715|EBA|35|02|2|002|100| A|TANPA SUB KOMPONEN|00||0|0
2026|01|634991|015|08|WA|4715|EBA|35|02|2|994|002| A|Keperluan Seharihari Perkantoran|00||0|0
2026|01|634991|015|08|WA|4715|EBA|35|02|2|994|002| B|Langganan Daya dan Jasa|00||0|0
2026|01|634991|015|08|WA|4715|EBA|35|02|2|994|002| C|Pelaksanaan Operasional Kantor|00||0|0
2026|01|634991|015|08|WA|4715|EBA|35|02|2|994|002| D|Pemeliharaan Peralatan dan Mesin|00||0|0
2026|01|634991|015|08|WA|4715|EBA|35|02|2|994|002| G|Pemeliharaan Gedung dan Bangunan|00||0|0
2026|01|634991|015|08|WA|4715|EBA|35|02|2|994|002|HA|Dukungan Tusi - Konsultasi Pencairan Dana|00||0|0
2026|01|634991|015|08|WA|4715|EBA|35|02|2|994|002|HB|Dukungan Tusi - Reviu Belanja Pemerintah|00||0|0
2026|01|634991|015|08|WA|4715|EBA|35|02|2|994|002|HH|Dukungan Pelaksanaan Tusi Prioritas Direktif Presiden|00||0|0
2026|01|634991|015|08|WA|4715|EBA|35|02|2|994|002|TJ|Jasa PemeliharaanAnnual Technical Support (ATS)|00||0|0
2026|01|634991|015|08|WA|4715|EBD|35|02|2|Z36|100| B|Pelaksanaan Manajemen Kinerja, Resiko dan Kepatuhan Internal|00||0|0
2026|01|634991|015|08|WA|4718|BMB|35|02|2|001|100| A|TANPA SUB KOMPONEN|00||0|0
2026|01|634991|015|08|WA|4718|BMB|35|02|2|002|100| A|TANPA SUB KOMPONEN|00||0|0
2026|01|634991|015|08|WA|4719|EBA|35|02|2|004|100| A|Survey Kepuasan Pengguna Layanan|00||0|0
2026|01|634991|015|08|WA|4719|EBA|35|02|2|994|001| A|TANPA SUB KOMPONEN|00||0|0
2026|01|634991|015|08|WA|4719|EBC|35|02|2|001|100|XC|Penyelenggaraan Capacity Building|00||0|0
2026|01|648779|015|08|CD|6212|FAC|11|03|2|001|100| A|Training Modul Aplikasi SAKTI|00||0|0
2026|01|648779|015|08|CD|6212|FAC|11|03|2|001|100| B|FGD dan Bimtek Transfer Keuangan Daerah|00||0|0
2026|01|648779|015|08|CD|6212|FAH|11|03|2|001|100| A|TANPA SUB KOMPONEN|00||0|0
2026|01|648779|015|08|CD|6212|FAL|11|03|2|004|100| A|Konsultasi|00||0|0
2026|01|648779|015|08|CD|6212|FAL|11|03|2|004|100| B|Sosialisasi dan Bimbingan Teknis|00||0|0
2026|01|648779|015|08|CD|6212|FAL|11|03|2|004|100| C|Pembinaan Pemda, TKD, dan Penandatanganan BA Rekonsiliasi Pajak|00||0|0
2026|01|648779|015|08|CD|6213|FAC|11|03|2|001|100| A|Pembinaan Jabatan Fungsional Perbendaharaan|00||0|0
2026|01|648779|015|08|CD|6213|FAL|11|03|2|003|100| A|Monev Pelaksanaan Anggaran|00||0|0
2026|01|648779|015|08|CD|6214|FAL|11|03|2|002|100| A|Pelaksanaan Pencairan/Penarikan/Pengesahan Dana|00||0|0
2026|01|648779|015|08|CD|6214|FAL|11|03|2|002|100| B|Penerbitan/Persetujuan/Rekonsiliasi Rekening/SKPP/Konfirmasi Penerimaan Negara, dll|00||0|0
2026|01|648779|015|08|CD|6215|FAH|11|03|2|003|100| A|Penyusunan Laporan Keuangan Tingkat Kuasa BUN di Daerah|00||0|0
2026|01|648779|015|08|WA|4715|EBA|11|03|2|001|100| A|TANPA SUB KOMPONEN|00||0|0
2026|01|648779|015|08|WA|4715|EBA|11|03|2|001|100| B|Koordinasi Penyusunan ATK PU|00||0|0
2026|01|648779|015|08|WA|4715|EBA|11|03|2|002|100| A|TANPA SUB KOMPONEN|00||0|0
2026|01|648779|015|08|WA|4715|EBA|11|03|2|994|002| A|Keperluan Sehari-hari Perkantoran|00||0|0
2026|01|648779|015|08|WA|4715|EBA|11|03|2|994|002| B|Langganan Daya dan Jasa|00||0|0
2026|01|648779|015|08|WA|4715|EBA|11|03|2|994|002| C|Pelaksanaan Operasional Kantor|00||0|0
2026|01|648779|015|08|WA|4715|EBA|11|03|2|994|002| D|Pemeliharaan Peralatan dan Mesin|00||0|0
2026|01|648779|015|08|WA|4715|EBA|11|03|2|994|002| G|Pemeliharaan Gedung dan Bangunan|00||0|0
2026|01|648779|015|08|WA|4715|EBA|11|03|2|994|002|HA|Dukungan Tusi - Konsultasi Pencairan Dana|00||0|0
2026|01|648779|015|08|WA|4715|EBA|11|03|2|994|002|HB|Dukungan Tusi - Reviu Belanja Pemerintah|00||0|0
2026|01|648779|015|08|WA|4715|EBA|11|03|2|994|002|HH|Dukungan Pelaksaan Tusi Prioritas Direktif Presiden|00||0|0
2026|01|648779|015|08|WA|4715|EBA|11|03|2|994|002|TJ|Jasa Pemeliharaan/Annual Technical Support (ATS)|00||0|0
2026|01|648779|015|08|WA|4715|EBD|11|03|2|Z36|100| B|Pelaksanaan Manajemen Kinerja, Resiko dan Kepatuhan Internal|00||0|0
2026|01|648779|015|08|WA|4718|BMB|11|03|2|002|100| A|TANPA SUB KOMPONEN|00||0|0
2026|01|648779|015|08|WA|4718|BMB|11|03|2|001|100| A|TANPA SUB KOMPONEN|00||0|0
2026|01|648779|015|08|WA|4719|EBA|11|03|2|004|100| A|Survey Kepuasan Pengguna Layanan|00||0|0
2026|01|648779|015|08|WA|4719|EBA|11|03|2|994|001| A|TANPA SUB KOMPONEN|00||0|0
2026|01|648779|015|08|WA|4719|EBC|11|03|2|001|100|XC|Penyelenggaraan Capacity Building|00||0|0
2026|01|634277|015|08|CD|6212|BMB|04|51|2|001|100| A|Profiling UMKM|00||0|0
2026|01|634277|015|08|CD|6212|BMB|04|51|2|001|100| B|Pemberdayaan UMKM  SosialisasiBimtekAsistensi dan BazarPojokRumah UMKM|00||0|0
2026|01|634277|015|08|CD|6212|BMB|04|51|2|001|100| C|Monitoring dan Evaluasi|00||0|0
2026|01|634277|015|08|CD|6212|BMB|04|51|2|001|100| D|Komunikasi Publik  BazarPojokRumah UMKM|00||0|0
2026|01|634277|015|08|CD|6212|FAC|04|51|2|002|100| A|Pembinaan Satker BLU|00||0|0
2026|01|634277|015|08|CD|6212|FAH|04|51|2|003|100| B|Sosialisasi dan Bimbingan Teknis UAPPAW|00||0|0
2026|01|634277|015|08|CD|6212|FAH|04|51|2|002|100| A|Forum Koordinasi dan Rekonsiliasi Data dengan Bank Indonesia|00||0|0
2026|01|634277|015|08|CD|6212|FAH|04|51|2|002|100| B|Pembinaan SAP pada Pemerintah Daerah|00||0|0
2026|01|634277|015|08|CD|6212|FAH|04|51|2|002|100| C|SosialisasiBimtekWorkshopFGD dengan PEMDA|00||0|0
2026|01|634277|015|08|CD|6212|FAL|04|51|2|001|100| A|Sosialisasi PeraturanKebijakan Pelaksanaan Anggaran|00||0|0
2026|01|634277|015|08|CD|6212|FAL|04|51|2|001|100| B|Pengkoordinasian Kerjasama Ekonomi dan Keuangan Daerah|00||0|0
2026|01|634277|015|08|CD|6212|FAL|04|51|2|001|100| D|Penyerahan DIPA|00||0|0
2026|01|634277|015|08|CD|6213|ABA|04|51|2|001|100| A|Penyusunan Analisis Potensi Pembiayaan dan Pelaksanaan MoU DJPb dan PT SMI di Daerah|00||0|0
2026|01|634277|015|08|CD|6213|FAE|04|51|2|008|100| A|Koordinasi Pelaksanaan Tugas RCE dan ALCo|00||0|0
2026|01|634277|015|08|CD|6213|FAE|04|51|2|009|100| B|Monitoring dan  Evaluasi KURPenerusan Pinjaman|00||0|0
2026|01|634277|015|08|CD|6213|FAL|04|51|2|003|100| A|Pelaksanaan Spending Review|00||0|0
2026|01|634277|015|08|CD|6213|FAL|04|51|2|003|100| C|Review Pelaksanaan Anggaran|00||0|0
2026|01|634277|015|08|CD|6213|FAL|04|51|2|003|100| E|Pengumpulan InformasiPenajaman Data Fiskal RegionalPenyaluran KFR|00||0|0
2026|01|634277|015|08|CD|6213|FAL|04|51|2|003|100| F|Publikasi Kajian Fiskal Regional|00||0|0
2026|01|634277|015|08|CD|6215|FAH|04|51|2|003|100| B|Koordinasi UAKBUND (KPPN)|00||0|0
2026|01|634277|015|08|CD|6215|FAH|04|51|2|001|100| A|Koordinasi Laporan Keuangan Pemerintah Daerah danatau BLUD|00||0|0
2026|01|634277|015|08|CD|6215|FAH|04|51|2|001|100| B|Penyusunan Laporan Statistik Keuangan Pemerintah Tingkat Wilayah|00||0|0
2026|01|634277|015|08|WA|4715|EBA|04|51|2|001|100| A|TANPA SUB KOMPONEN|00||0|0
2026|01|634277|015|08|WA|4715|EBA|04|51|2|001|100| B|Koordinasi Penyusunan ATK PU|00||0|0
2026|01|634277|015|08|WA|4715|EBA|04|51|2|002|100| A|TANPA SUB KOMPONEN|00||0|0
2026|01|634277|015|08|WA|4715|EBA|04|51|2|994|002| A|Keperluan SehariHari Perkantoran|00||0|0
2026|01|634277|015|08|WA|4715|EBA|04|51|2|994|002| B|Langganan Daya dan Jasa|00||0|0
2026|01|634277|015|08|WA|4715|EBA|04|51|2|994|002| C|Pelaksanaan Operasional Kantor|00||0|0
2026|01|634277|015|08|WA|4715|EBA|04|51|2|994|002| D|Pemeliharaan Peralatan dan Mesin|00||0|0
2026|01|634277|015|08|WA|4715|EBA|04|51|2|994|002| G|Pemeliharaan Gedung dan Bangunan|00||0|0
2026|01|634277|015|08|WA|4715|EBA|04|51|2|994|002|HB|Dukungan Tusi-Reviu Belanja Pemerintah|00||0|0
2026|01|634277|015|08|WA|4715|EBA|04|51|2|994|002|HC|Dukungan Tusi-Goverment Financial Statistic(GFS)|00||0|0
2026|01|634277|015|08|WA|4715|EBA|04|51|2|994|002|HD|Dukungan Tusi-Rekomendasi Pengelolaan Organisasi|00||0|0
2026|01|634277|015|08|WA|4715|EBA|04|51|2|994|002|HH|Dukungan Pelaksaan Tusi Prioritas Direktif Presiden|00||0|0
2026|01|634277|015|08|WA|4715|EBA|04|51|2|994|002|TJ|Jasa PemeliharaanAnnual Technical Support (ATS)|00||0|0
2026|01|634277|015|08|WA|4715|EBB|04|51|2|004|100|GB|Renovasi GedungBangunan Kantor|41||0|0
2026|01|634277|015|08|WA|4715|EBD|04|51|2|Z36|100| A|TANPA SUB KOMPONEN|00||0|0
2026|01|634277|015|08|WA|4715|EBD|04|51|2|Z26|100| A|Rakor Penyusunan Laporan Keuangan Tingkat UAPPAW|00||0|0
2026|01|634277|015|08|WA|4718|BMB|04|51|2|002|100| A|TANPA SUB KOMPONEN|00||0|0
2026|01|634277|015|08|WA|4718|BMB|04|51|2|001|100| A|TANPA SUB KOMPONEN|00||0|0
2026|01|634277|015|08|WA|4719|EBA|04|51|2|003|100| B|Koordinasi Inovasi Layanan|00||0|0
2026|01|634277|015|08|WA|4719|EBA|04|51|2|994|001| A|TANPA SUB KOMPONEN|00||0|0
2026|01|634277|015|08|WA|4719|EBA|04|51|2|005|100| B|Pelaksanaan Supervisi Teksnis Aplikasi|00||0|0
2026|01|634277|015|08|WA|4719|EBC|04|51|2|001|100|XC|Penyelenggaraan Capacity Building|00||0|0
2026|01|634277|015|08|WA|4722|EBD|04|51|2|001|100| A|Pelaksanaan Manajemen Resiko dan Kepatuhan Internal|00||0|0
2026|01|648741|015|08|CD|6212|BMB|31|51|2|001|100| A|Profiling UMKM|00||0|0
2026|01|648741|015|08|CD|6212|BMB|31|51|2|001|100| B|Pemberdayaan UMKM  SosialisasiBimtekAsistensi dan BazarPojokRumah UMKM|00||0|0
2026|01|648741|015|08|CD|6212|BMB|31|51|2|001|100| C|Monitoring dan Evaluasi|00||0|0
2026|01|648741|015|08|CD|6212|BMB|31|51|2|001|100| D|Komunikasi Publik  BazarPojokRumah UMKM|00||0|0
2026|01|648741|015|08|CD|6212|FAC|31|51|2|002|100| A|Pembinaan Satker BLU|00||0|0
2026|01|648741|015|08|CD|6212|FAC|31|51|2|002|100| B|Asistensi  Pembinaan Pengelolaan Keuangan BLU Daerah|00||0|0
2026|01|648741|015|08|CD|6212|FAH|31|51|2|003|100| A|Pendampingan Penyusunan dan Penyelesaian Permasalahan Laporan Keuangan UAPPAW dan BLU|00||0|0
2026|01|648741|015|08|CD|6212|FAH|31|51|2|003|100| B|Sosialisasi dan Bimbingan Teknis UAPPAW|00||0|0
2026|01|648741|015|08|CD|6212|FAH|31|51|2|002|100| A|Forum Koordinasi dan Rekonsiliasi Data dengan Bank Indonesia|00||0|0
2026|01|648741|015|08|CD|6212|FAH|31|51|2|002|100| B|Pembinaan SAP pada Pemerintah Daerah|00||0|0
2026|01|648741|015|08|CD|6212|FAH|31|51|2|002|100| C|SosialisasiBimtekWorkshopFGD dengan Pemda|00||0|0
2026|01|648741|015|08|CD|6212|FAL|31|51|2|001|100| A|Sosialisasi PeraturanKebijakan Pelaksanaan Anggaran|00||0|0
2026|01|648741|015|08|CD|6212|FAL|31|51|2|001|100| B|Pengkoordinasian Kerjasama Ekonomi dan Keuangan Daerah|00||0|0
2026|01|648741|015|08|CD|6212|FAL|31|51|2|001|100| C|Pembinaan dan Bimtek Pengelolaan Keuangan Daerah|00||0|0
2026|01|648741|015|08|CD|6212|FAL|31|51|2|001|100| D|Penyerahan DIPA|00||0|0
2026|01|648741|015|08|CD|6213|ABA|31|51|2|001|100| A|Penyusunan Analisis Potensi Pembiayaan dan Pelaksanaan MoU DJPb dan PT SMI di Daerah|00||0|0
2026|01|648741|015|08|CD|6213|FAE|31|51|2|009|100| B|Monitoring dan Evaluasi KURPenerusan Pinjaman|00||0|0
2026|01|648741|015|08|CD|6213|FAE|31|51|2|009|100| D|FGD Analisa Fasilitas Likuiditas Pembiayaan Perumahan (FLPP)|00||0|0
2026|01|648741|015|08|CD|6213|FAE|31|51|2|008|100| A|Koordinasi Pelaksanaan Tugas RCE  ALCo|00||0|0
2026|01|648741|015|08|CD|6213|FAL|31|51|2|003|100| A|Pelaksanaan Spending Review|00||0|0
2026|01|648741|015|08|CD|6213|FAL|31|51|2|003|100| C|Review Pelaksanaan Anggaran|00||0|0
2026|01|648741|015|08|CD|6213|FAL|31|51|2|003|100| D|Monitoring dan Evaluasi Pelaksanaan Anggaran|00||0|0
2026|01|648741|015|08|CD|6213|FAL|31|51|2|003|100| E|Pengumpulan InformasiPenajaman Data Fiskal RegionalPenyusunan KFR|00||0|0
2026|01|648741|015|08|CD|6213|FAL|31|51|2|003|100| F|Publikasi Kajian Fiskal Regional (Full Cost)|00||0|0
2026|01|648741|015|08|CD|6213|FAL|31|51|2|003|100| G|Pengumpulan Konfirmasi Informasi Pengelolaan Keuangan Daerah dan Penyusunan Profil Keuangan Daerah|00||0|0
2026|01|648741|015|08|CD|6213|FAL|31|51|2|003|100| H|Monitoring atas Dana Transfer dan Dana Desa|00||0|0
2026|01|648741|015|08|CD|6215|FAH|31|51|2|003|100| A|Pembinaan UAKBUN D (KPPN)|00||0|0
2026|01|648741|015|08|CD|6215|FAH|31|51|2|003|100| B|Koordinasi UAKBUND (KPPN) (Cross Program)|00||0|0
2026|01|648741|015|08|CD|6215|FAH|31|51|2|001|100| A|Koordinasi Laporan Keuangan Pemerintah Daerah danatau BLUD|00||0|0
2026|01|648741|015|08|CD|6215|FAH|31|51|2|001|100| B|Penyusunan Laporan Statistik Keuangan Pemerintah Tingkat Wilayah|00||0|0
2026|01|648741|015|08|CD|6216|FAE|31|51|2|002|100| A|Pelaksanaan Survei Bahan Sumbangan Standar Biaya Masukan|00||0|0
2026|01|648741|015|08|WA|4715|EBA|31|51|2|001|100| A|TANPA SUB KOMPONEN|00||0|0
2026|01|648741|015|08|WA|4715|EBA|31|51|2|001|100| B|Koordinasi Penyusunan ATK PU|00||0|0
2026|01|648741|015|08|WA|4715|EBA|31|51|2|002|100| A|TANPA SUB KOMPONEN|00||0|0
2026|01|648741|015|08|WA|4715|EBA|31|51|2|994|002| A|Keperluan Seharihari Perkantoran|00||0|0
2026|01|648741|015|08|WA|4715|EBA|31|51|2|994|002| B|Langganan Daya dan Jasa|00||0|0
2026|01|648741|015|08|WA|4715|EBA|31|51|2|994|002| C|Pelaksanaan Operasional Kantor|00||0|0
2026|01|648741|015|08|WA|4715|EBA|31|51|2|994|002| D|Pemeliharaan Peralatan dan Mesin|00||0|0
2026|01|648741|015|08|WA|4715|EBA|31|51|2|994|002| G|Pemeliharaan Gedung dan Bangunan|00||0|0
2026|01|648741|015|08|WA|4715|EBA|31|51|2|994|002|HB|Dukungan Tusi - Reviu Belanja Pemerintah|00||0|0
2026|01|648741|015|08|WA|4715|EBA|31|51|2|994|002|HC|Dukungan Tusi - Government Financial Statistic (GFS)|00||0|0
2026|01|648741|015|08|WA|4715|EBA|31|51|2|994|002|HD|Dukungan Tusi - Rekomendasi Pengelolaan Organisasi|00||0|0
2026|01|648741|015|08|WA|4715|EBA|31|51|2|994|002|HE|Monev Dukungan Program Prioritas Presiden (MBG/KDPM/SR)|00||0|0
2026|01|648741|015|08|WA|4715|EBA|31|51|2|994|002|TJ|Jasa Pemeliharaan Annual Technical Support (ATS)|00||0|0
2026|01|648741|015|08|WA|4715|EBD|31|51|2|Z36|100| A|TANPA SUB KOMPONEN|00||0|0
2026|01|648741|015|08|WA|4715|EBD|31|51|2|Z26|100| A|Rakor Penyusunan Laporan Keuangan Tingkat UAPPAW (Full Cost)|00||0|0
2026|01|648741|015|08|WA|4718|BMB|31|51|2|002|100| A|TANPA SUB KOMPONEN|00||0|0
2026|01|648741|015|08|WA|4718|BMB|31|51|2|001|100| A|TANPA SUB KOMPONEN|00||0|0
2026|01|648741|015|08|WA|4719|EBA|31|51|2|003|100| A|Pelaksanaan Supervisi Proses Bisnis KPPN|00||0|0
2026|01|648741|015|08|WA|4719|EBA|31|51|2|003|100| B|Koordinasi Inovasi layanan|00||0|0
2026|01|648741|015|08|WA|4719|EBA|31|51|2|994|001| A|TANPA SUB KOMPONEN|00||0|0
2026|01|648741|015|08|WA|4719|EBA|31|51|2|005|100| A|Monitoring dan Evaluasi Implementasi ISO|00||0|0
2026|01|648741|015|08|WA|4719|EBA|31|51|2|005|100| B|Pelaksanaan Supervisi Teknis Aplikasi|00||0|0
2026|01|648741|015|08|WA|4719|EBC|31|51|2|001|100|XC|Penyelenggaraan Capacity Building|00||0|0
2026|01|648741|015|08|WA|4722|EBD|31|51|2|001|100| A|Pelaksanaan Manajemen Resiko dan Kepatuhan Internal|00||0|0
2026|01|648741|015|08|WA|4722|EBD|31|51|2|001|100| B|Pemantauan Kode Etik dan Kepatuhan Pegawai|00||0|0
2026|01|648741|015|08|WA|4715|EBB|31|51|2|004|100|RB|Renovasi Rumah Dinas|00||0|0
2026|01|613771|015|08|CD|6212|BMB|16|51|2|001|100| A|Profiling UMKM|00||0|0
2026|01|613771|015|08|CD|6212|BMB|16|51|2|001|100| B|Pemberdayaan UMKM  SosialisasiBimtekAsistensi dan BazarPojokRumah UMKM|00||0|0
2026|01|613771|015|08|CD|6212|BMB|16|51|2|001|100| C|Monitoring dan Evaluasi|00||0|0
2026|01|613771|015|08|CD|6212|BMB|16|51|2|001|100| D|Komunikasi Publik  BazarPojokRumah UMKM|00||0|0
2026|01|613771|015|08|CD|6212|FAC|16|51|2|002|100| A|Pembinaan Satker BLU|00||0|0
2026|01|613771|015|08|CD|6212|FAH|16|51|2|003|100| A|Pendampingan Penyusunan dan Penyelesaian Permasalahan Laporang Keuangan UAPPAW|00||0|0
2026|01|613771|015|08|CD|6212|FAH|16|51|2|002|100| A|Forum Koordinasi dan Rekonsiliasi Data dengan Bank Indonesia|00||0|0
2026|01|613771|015|08|CD|6212|FAH|16|51|2|002|100| B|Pembinaan SAP pada Pemerintah Daerah|00||0|0
2026|01|613771|015|08|CD|6212|FAH|16|51|2|002|100| C|SosialisasiBimtekWorkshopFGD dengan PEMDA|00||0|0
2026|01|613771|015|08|CD|6212|FAL|16|51|2|001|100| A|Sosialisasi PeraturanKebijakan Pelaksanaan Anggaran|00||0|0
2026|01|613771|015|08|CD|6212|FAL|16|51|2|001|100| B|Pengkoordinasian Kerjasama Ekonomi dan Keuangan Daerah|00||0|0
2026|01|613771|015|08|CD|6212|FAL|16|51|2|001|100| D|Penyerahan DIPA|00||0|0
2026|01|613771|015|08|CD|6213|ABA|16|51|2|001|100| A|Penyusunan Analisis Potensi Pembiayaan dan Pelaksanaan MoU DJPb dan PT SMI di Daerah|00||0|0
2026|01|613771|015|08|CD|6213|FAE|16|51|2|009|100| B|Monitoring dan  Evaluasi KURPenerusan Pinjaman|00||0|0
2026|01|613771|015|08|CD|6213|FAE|16|51|2|009|100| D|FGD Analisa Fasilitas Likuiditas Pembiayaan Perumahan (FLPP)|00||0|0
2026|01|613771|015|08|CD|6213|FAE|16|51|2|008|100| A|Koordinasi Pelaksanaan Tugas RCE  ALCo|00||0|0
2026|01|613771|015|08|CD|6213|FAL|16|51|2|003|100| A|Pelaksanaan Spending Review|00||0|0
2026|01|613771|015|08|CD|6213|FAL|16|51|2|003|100| C|Review Pelaksanaan Anggaran|00||0|0
2026|01|613771|015|08|CD|6213|FAL|16|51|2|003|100| D|Monitoring dan Evaluasi Pelaksanaan Anggaran|00||0|0
2026|01|613771|015|08|CD|6213|FAL|16|51|2|003|100| E|Pengumpulan InformasiPenajaman Data Fiskal RegionalPenyusunan KFR|00||0|0
2026|01|613771|015|08|CD|6213|FAL|16|51|2|003|100| F|Publikasi Kajian Fiskal Regional (Full Cost)|00||0|0
2026|01|613771|015|08|CD|6213|FAL|16|51|2|003|100| G|Pengumpulan Konfirmasi Informasi Pengelolaan Keuangan Daerah dan Penyusunan Profil Keuangan Daerah|00||0|0
2026|01|613771|015|08|CD|6213|FAL|16|51|2|003|100| H|Monitoring atas Dana Transfer dan Dana Desa|00||0|0
2026|01|613771|015|08|CD|6215|FAH|16|51|2|003|100| A|Pembinaan UAKBUN D (KPPN)|00||0|0
2026|01|613771|015|08|CD|6215|FAH|16|51|2|003|100| B|Koordinasi UAKBUDD (KPPN)|00||0|0
2026|01|613771|015|08|CD|6215|FAH|16|51|2|001|100| A|Koordinasi Laporan Keuangan Pemerintah Daerah danatau BLUD|00||0|0
2026|01|613771|015|08|CD|6215|FAH|16|51|2|001|100| B|Penyusunan Laporan Statistik Keuangan Pemerintah Tingkat Wilayah|00||0|0
2026|01|613771|015|08|CD|6216|FAE|16|51|2|002|100| A|Pelaksanaan Survei Bahan Sumbangan Standar Biaya Masukan|00||0|0
2026|01|613771|015|08|WA|4715|EBA|16|51|2|001|100| A|TANPA SUB KOMPONEN|00||0|0
2026|01|613771|015|08|WA|4715|EBA|16|51|2|001|100| B|Koordinasi Penyusunan ATK PU|00||0|0
2026|01|613771|015|08|WA|4715|EBA|16|51|2|002|100| A|TANPA SUB KOMPONEN|00||0|0
2026|01|613771|015|08|WA|4715|EBA|16|51|2|994|002| A|Keperluan Seharihari Perkantoran|00||0|0
2026|01|613771|015|08|WA|4715|EBA|16|51|2|994|002| B|Langganan Daya dan Jasa|00||0|0
2026|01|613771|015|08|WA|4715|EBA|16|51|2|994|002| C|Pelaksanaan Operasional Kantor|00||0|0
2026|01|613771|015|08|WA|4715|EBA|16|51|2|994|002| D|Pemeliharaan Peralatan dan Mesin|00||0|0
2026|01|613771|015|08|WA|4715|EBA|16|51|2|994|002| G|Pemeliharaan Gedung dan Bangunan|00||0|0
2026|01|613771|015|08|WA|4715|EBA|16|51|2|994|002|HB|Dukungan Tusi - Reviu Belanja Pemerintah|00||0|0
2026|01|613771|015|08|WA|4715|EBA|16|51|2|994|002|HC|Dukungan Tusi - Government Financial Statistic (GFS)|00||0|0
2026|01|613771|015|08|WA|4715|EBA|16|51|2|994|002|HD|Dukungan Tusi - Rekomendasi Pengelolaan Organisasi|00||0|0
2026|01|613771|015|08|WA|4715|EBA|16|51|2|994|002|HH|Dukungan Pelaksanaan Tusi Prioritas Direktif Presiden|00||0|0
2026|01|613771|015|08|WA|4715|EBA|16|51|2|994|002|TJ|Jasa PemeliharaanAnnual Technical Support (ATS)|00||0|0
2026|01|613771|015|08|WA|4715|EBB|16|51|2|002|100| A|TANPA SUB KOMPONEN|00||0|0
2026|01|613771|015|08|WA|4715|EBD|16|51|2|Z36|100| A|TANPA SUB KOMPONEN|00||0|0
2026|01|613771|015|08|WA|4715|EBD|16|51|2|Z26|100| A|Rakor Penyusunan Laporan Keuangan Tingkat UAPPAW|00||0|0
2026|01|613771|015|08|WA|4718|BMB|16|51|2|002|100| A|TANPA SUB KOMPONEN|00||0|0
2026|01|613771|015|08|WA|4718|BMB|16|51|2|001|100| A|TANPA SUB KOMPONEN|00||0|0
2026|01|613771|015|08|WA|4719|EBA|16|51|2|003|100| A|Pelaksanaan Supervisi Proses Bisnis KPPN|00||0|0
2026|01|613771|015|08|WA|4719|EBA|16|51|2|003|100| B|Koordinasi Inovasi Layanan|00||0|0
2026|01|613771|015|08|WA|4719|EBA|16|51|2|994|001| A|TANPA SUB KOMPONEN|00||0|0
2026|01|613771|015|08|WA|4719|EBA|16|51|2|005|100| A|Monitoring dan Evaluasi Implementasi ISO|00||0|0
2026|01|613771|015|08|WA|4719|EBA|16|51|2|005|100| B|Pelaksanaan Supervisi Teknis Aplikasi|00||0|0
2026|01|613771|015|08|WA|4719|EBC|16|51|2|001|100|XC|Penyelenggaraan Capacity Building|00||0|0
2026|01|613771|015|08|WA|4722|EBD|16|51|2|001|100| A|Pelaksanaan Manajemen Resiko dan Kepatuhan Internal|00||0|0
2026|01|613771|015|08|WA|4722|EBD|16|51|2|001|100| B|Pemantauan Kode Etik dan Kepatuhan Pegawai|00||0|0
2026|01|648872|015|08|CD|6212|BMB|15|02|2|001|100|AA|Profiling UMKM   UMi KPPN Induk|00||0|0
2026|01|648872|015|08|CD|6212|FAC|15|02|2|001|100|AA|Training Modul Aplikasi SAKTI  KPPN Induk|00||0|0
2026|01|648872|015|08|CD|6212|FAC|15|02|2|001|100|AB|FGD dan Bimtek Transfer Keuangan Daerah  KPPN Induk|00||0|0
2026|01|648872|015|08|CD|6212|FAC|15|02|2|001|100|BA|Training Modul Aplikasi SAKTI  KPPN Unit|00||0|0
2026|01|648872|015|08|CD|6212|FAC|15|02|2|001|100|BB|FGD dan Bimtek Transfer Keuangan Daerah  KPPN Unit|00||0|0
2026|01|648872|015|08|CD|6212|FAH|15|02|2|001|100|AA|TANPA SUB KOMPONENKPPN Induk|00||0|0
2026|01|648872|015|08|CD|6212|FAH|15|02|2|001|100|BA|TANPA SUB KOMPONEN  KPPN Unit|00||0|0
2026|01|648872|015|08|CD|6212|FAL|15|02|2|004|100|AA|KonsultasiKPPN Induk|00||0|0
2026|01|648872|015|08|CD|6212|FAL|15|02|2|004|100|AB|Sosialisasi dan Bimbingan Teknis  KPPN Induk|00||0|0
2026|01|648872|015|08|CD|6212|FAL|15|02|2|004|100|AC|Pembinaan Satker - KPPN Induk|00||0|0
2026|01|648872|015|08|CD|6212|FAL|15|02|2|004|100|AD|Pembinaan Pemda, TKD, dan Penandatanganan BA Rekonsiliasi Pajak  KPPN Induk|00||0|0
2026|01|648872|015|08|CD|6212|FAL|15|02|2|004|100|BA|Konsultasi  KPPN Unit|00||0|0
2026|01|648872|015|08|CD|6212|FAL|15|02|2|004|100|BB|Sosialisasi dan Bimbingan Teknis  KPPN Unit|00||0|0
2026|01|648872|015|08|CD|6212|FAL|15|02|2|004|100|BC|Pembinaan Satker - KPPN Unit|00||0|0
2026|01|648872|015|08|CD|6212|FAL|15|02|2|004|100|BD|Pembinaan Pemda, TKD, dan Penandatanganan BAR  KPPN Unit|00||0|0
2026|01|648872|015|08|CD|6213|FAC|15|02|2|001|100|AA|Pembinaan Jabatan Fungsional Perbendaharaan  KPPN Induk|00||0|0
2026|01|648872|015|08|CD|6213|FAC|15|02|2|001|100|BA|Pembinaan Jabatan Fungsional Perbendaharaan  KPPN Unit|00||0|0
2026|01|648872|015|08|CD|6213|FAL|15|02|2|003|100|AA|Monev Pelaksanaan Anggaran  KPPN Induk|00||0|0
2026|01|648872|015|08|CD|6213|FAL|15|02|2|003|100|BA|Monev Pelaksanaan Anggaran  KPPN Unit|00||0|0
2026|01|648872|015|08|CD|6214|FAL|15|02|2|002|100|AA|Pelaksanaan PencairanPenarikanPengesahan Dana  KPPN Induk|00||0|0
2026|01|648872|015|08|CD|6214|FAL|15|02|2|002|100|AB|PenerbitanPersetujuanRekonsiliasi RekeningSKPPKonfirmasi Penerimaan Negara, dll  KPPN Induk|00||0|0
2026|01|648872|015|08|CD|6214|FAL|15|02|2|002|100|BA|Pelaksanaan PencairanPenarikanPengesahan Dana  KPPN Unit|00||0|0
2026|01|648872|015|08|CD|6214|FAL|15|02|2|002|100|BB|PenerbitanPersetujuanRekonsiliasi RekeningSKPPKonfirmasi Penerimaan Negara, dll  KPPN Unit|00||0|0
2026|01|648872|015|08|CD|6215|FAH|15|02|2|003|100|AB|Koordinasi UAKBUND KPPN di KanwilKPPN Induk|00||0|0
2026|01|648872|015|08|CD|6215|FAH|15|02|2|003|100|BA|Penyusunan Laporan Keuangan Tingkat Kuasa BUN di DaerahKPPN Unit|00||0|0
2026|01|648872|015|08|WA|4715|EBA|15|02|2|001|100|AA|TANPA SUB KOMPONEN  KPPN Induk|00||0|0
2026|01|648872|015|08|WA|4715|EBA|15|02|2|001|100|AB|Koordinasi Penyusunan ATK PU  KPPN Induk|00||0|0
2026|01|648872|015|08|WA|4715|EBA|15|02|2|001|100|BA|TANPA SUB KOMPONEN  KPPN Unit|00||0|0
2026|01|648872|015|08|WA|4715|EBA|15|02|2|002|100|AA|TANPA SUB KOMPONENKPPN Induk|00||0|0
2026|01|648872|015|08|WA|4715|EBA|15|02|2|002|100|AB|Monitoring PejabatPetugas Pengelola Keuangan|00||0|0
2026|01|648872|015|08|WA|4715|EBA|15|02|2|002|100|BA|TANPA SUB KOMPONEN  KPPN Unit|00||0|0
2026|01|648872|015|08|WA|4715|EBA|15|02|2|994|002|AA|Keperluan Seharihari Perkantoran  KPPN Induk|00||0|0
2026|01|648872|015|08|WA|4715|EBA|15|02|2|994|002|AB|Langganan Daya dan Jasa  KPPN Induk|00||0|0
2026|01|648872|015|08|WA|4715|EBA|15|02|2|994|002|AC|Pelaksanaan Operasional Kantor  KPPN Induk|00||0|0
2026|01|648872|015|08|WA|4715|EBA|15|02|2|994|002|AD|Pemeliharaan Peralatan dan Mesin  KPPN Induk|00||0|0
2026|01|648872|015|08|WA|4715|EBA|15|02|2|994|002|AE|Pemeliharaan Gedung dan Bangunan  KPPN Induk|00||0|0
2026|01|648872|015|08|WA|4715|EBA|15|02|2|994|002|BA|Keperluan Seharihari Perkantoran  KPPN Unit|00||0|0
2026|01|648872|015|08|WA|4715|EBA|15|02|2|994|002|BB|Langganan Daya dan Jasa  KPPN Unit|00||0|0
2026|01|648872|015|08|WA|4715|EBA|15|02|2|994|002|BC|Pelaksanaan Operasional Kantor  KPPN Unit|00||0|0
2026|01|648872|015|08|WA|4715|EBA|15|02|2|994|002|BD|Pemeliharaan Peralatan dan Mesin  KPPN Unit|00||0|0
2026|01|648872|015|08|WA|4715|EBA|15|02|2|994|002|BE|Pemeliharaan Gedung dan Bangunan  KPPN Unit|00||0|0
2026|01|648872|015|08|WA|4715|EBA|15|02|2|994|002|HA|Dukungan Tusi - Konsultasi Pencairan Dana|00||0|0
2026|01|648872|015|08|WA|4715|EBA|15|02|2|994|002|HB|Dukungan Tusi - Reviu Belanja Pemerintah|00||0|0
2026|01|648872|015|08|WA|4715|EBA|15|02|2|994|002|HH|Dukungan Pelaksaan Tusi Prioritas Direktif Presiden KPPN Induk|00||0|0
2026|01|648872|015|08|WA|4715|EBA|15|02|2|994|002|HI|Dukungan Pelaksaan Tusi Prioritas Direktif Presiden KPPN Unit|00||0|0
2026|01|648872|015|08|WA|4715|EBA|15|02|2|994|002|TJ|Jasa PemeliharaanAnnual Technical Support (ATS)|00||0|0
2026|01|648872|015|08|WA|4715|EBD|15|02|2|Z36|100|AB|Pelaksanaan Manajemen Kinerja, Resiko dan Kepatuhan Internal|00||0|0
2026|01|648872|015|08|WA|4718|BMB|15|02|2|002|100|BA|TANPA SUB KOMPONEN  KPPN Unit|00||0|0
2026|01|648872|015|08|WA|4718|BMB|15|02|2|001|100|AA|TANPA SUB KOMPONEN|00||0|0
2026|01|648872|015|08|WA|4719|EBA|15|02|2|994|001|AA|TANPA SUB KOMPONEN|00||0|0
2026|01|648872|015|08|WA|4719|EBA|15|02|2|994|001|BA|TANPA SUB KOMPONEN  KPPN Unit|00||0|0
2026|01|648872|015|08|WA|4719|EBA|15|02|2|004|100|AA|Survey Kepuasan Pengguna LayananKPPN Induk|00||0|0
2026|01|648872|015|08|WA|4719|EBA|15|02|2|004|100|BA|Survey Kepuasan Pengguna Layanan  KPPN Unit|00||0|0
2026|01|648872|015|08|WA|4719|EBC|15|02|2|001|100|XC|Penyelenggaraan Capacity Building|00||0|0
2026|01|662788|015|08|CD|6212|BMB|35|01|2|001|100| A|Profiling UMKM|00||0|0
2026|01|662788|015|08|CD|6212|BMB|35|01|2|001|100| B|Pemberdayaan UMKM  SosialisasiBimtekAsistensi dan BazarPojokRumah UMKM|00||0|0
2026|01|662788|015|08|CD|6212|BMB|35|01|2|001|100| C|Monitoring dan Evaluasi|00||0|0
2026|01|662788|015|08|CD|6212|BMB|35|01|2|001|100| D|Komunikasi Publik  BazarPojokRumah UMKM|00||0|0
2026|01|662788|015|08|CD|6212|FAC|35|01|2|002|100| B|Asistensi  Pembinaan Pengelolaan Keuangan BLU Daerah|00||0|0
2026|01|662788|015|08|CD|6212|FAH|35|01|2|002|100| A|Forum Koordinasi dan Rekonsiliasi Data dengan Bank Indonesia|00||0|0
2026|01|662788|015|08|CD|6212|FAH|35|01|2|002|100| B|Pembinaan SAP pada Pemerintah Daerah|00||0|0
2026|01|662788|015|08|CD|6212|FAH|35|01|2|002|100| C|SosialisasiBimtekWorkshopFGD dengan Pemda|00||0|0
2026|01|662788|015|08|CD|6212|FAH|35|01|2|003|100| A|Pendampingan Penyusunan dan Penyelesaian Permasalahan Laporan Keuangan UAPPAW dan BLU|00||0|0
2026|01|662788|015|08|CD|6212|FAH|35|01|2|003|100| B|Sosialisasi dan Bimbingan Teknis UAPPAW|00||0|0
2026|01|662788|015|08|CD|6212|FAL|35|01|2|001|100| B|Pengkoordinasian Kerjasama Ekonomi dan Keuangan Daerah|00||0|0
2026|01|662788|015|08|CD|6212|FAL|35|01|2|001|100| C|Pembinaan dan Bimtek Pengelolaan Keuangan Daerah|00||0|0
2026|01|662788|015|08|CD|6212|FAL|35|01|2|001|100| D|Penyerahan DIPA|00||0|0
2026|01|662788|015|08|CD|6213|ABA|35|01|2|001|100| A|Penyusunan Analisis Potensi Pembiayaan dan Pelaksanaan MoU DJPb dan PT SMI di Daerah|00||0|0
2026|01|662788|015|08|CD|6213|FAE|35|01|2|008|100| A|Koordinasi Pelaksanaan Tugas RCE  ALCo|00||0|0
2026|01|662788|015|08|CD|6213|FAE|35|01|2|009|100| B|Monitoring dan  Evaluasi KURPenerusan Pinjaman|00||0|0
2026|01|662788|015|08|CD|6213|FAE|35|01|2|009|100| D|FGD Analisa Fasilitas Likuiditas Pembiayaan Perumahan (FLPP)|00||0|0
2026|01|662788|015|08|CD|6213|FAL|35|01|2|003|100| A|Pelaksanaan Spending Review|00||0|0
2026|01|662788|015|08|CD|6213|FAL|35|01|2|003|100| C|Review Pelaksanaan Anggaran|00||0|0
2026|01|662788|015|08|CD|6213|FAL|35|01|2|003|100| D|Monitoring dan Evaluasi Pelaksanaan Anggaran|00||0|0
2026|01|662788|015|08|CD|6213|FAL|35|01|2|003|100| E|Pengumpulan InformasiPenajaman Data Fiskal RegionalPenyusunan KFR|00||0|0
2026|01|662788|015|08|CD|6213|FAL|35|01|2|003|100| F|Publikasi Kajian Fiskal Regional (Full Cost KPPN ditanggung Kanwil)|00||0|0
2026|01|662788|015|08|CD|6213|FAL|35|01|2|003|100| G|Pengumpulan Konfirmasi Informasi Pengelolaan Keuangan Daerah dan Penyusunan Profil Keuangan Daerah|00||0|0
2026|01|662788|015|08|CD|6213|FAL|35|01|2|003|100| H|Monitoring atas Dana Transfer dan Dana Desa|00||0|0
2026|01|662788|015|08|CD|6215|FAH|35|01|2|001|100| A|Koordinasi Laporan Keuangan Pemerintah Daerah danatau BLUD|00||0|0
2026|01|662788|015|08|CD|6215|FAH|35|01|2|001|100| B|Penyusunan Laporan Statistik Keuangan Pemerintah Tingkat Wilayah|00||0|0
2026|01|662788|015|08|CD|6215|FAH|35|01|2|003|100| A|Pembinaan UAKBUN D (KPPN)|00||0|0
2026|01|662788|015|08|CD|6215|FAH|35|01|2|003|100| B|Koordinasi UAKBUND (KPPN) (Cross Program)|00||0|0
2026|01|662788|015|08|CD|6216|FAE|35|01|2|002|100| A|Pelaksanaan Survei Bahan Sumbangan Standar Biaya Masukan|00||0|0
2026|01|662788|015|08|WA|4715|EBA|35|01|2|001|100| A|TANPA SUB KOMPONEN|00||0|0
2026|01|662788|015|08|WA|4715|EBA|35|01|2|001|100| B|Koordinasi Penyusunan ATK PU|00||0|0
2026|01|662788|015|08|WA|4715|EBA|35|01|2|002|100| A|TANPA SUB KOMPONEN|00||0|0
2026|01|662788|015|08|WA|4715|EBA|35|01|2|994|002| A|Keperluan Seharihari Perkantoran|00||0|0
2026|01|662788|015|08|WA|4715|EBA|35|01|2|994|002| B|Langganan Daya dan Jasa|00||0|0
2026|01|662788|015|08|WA|4715|EBA|35|01|2|994|002| C|Pelaksanaan Operasional Kantor|00||0|0
2026|01|662788|015|08|WA|4715|EBA|35|01|2|994|002| D|Pemeliharaan Peralatan dan Mesin|00||0|0
2026|01|662788|015|08|WA|4715|EBA|35|01|2|994|002| G|Pemeliharaan Gedung dan Bangunan|00||0|0
2026|01|662788|015|08|WA|4715|EBA|35|01|2|994|002| H|Pelaksanaan Non Operasional Kantor|00||0|0
2026|01|662788|015|08|WA|4715|EBA|35|01|2|994|002|HB|Dukungan Tusi - Reviu Belanja Pemerintah|00||0|0
2026|01|662788|015|08|WA|4715|EBA|35|01|2|994|002|HC|Dukungan Tusi - Government Financial Statistic (GFS)|00||0|0
2026|01|662788|015|08|WA|4715|EBA|35|01|2|994|002|HD|Dukungan Tusi - Rekomendasi Pengelolaan Organisasi|00||0|0
2026|01|662788|015|08|WA|4715|EBA|35|01|2|994|002|HH|Dukungan Pelaksanaan Tusi Prioritas Direktif Presiden|00||0|0
2026|01|662788|015|08|WA|4715|EBA|35|01|2|994|002|TJ|Jasa PemeliharaanAnnual Technical Support (ATS)|00||0|0
2026|01|662788|015|08|WA|4715|EBB|35|01|2|002|100| A|BMGB - Belanja Modal Peralatan Fasilitas Perkantoran|00||0|0
2026|01|662788|015|08|WA|4715|EBD|35|01|2|Z26|100| A|Rakor Penyusunan Laporan Keuangan Tingkat UAPPAW (Full Cost)|00||0|0
2026|01|662788|015|08|WA|4715|EBD|35|01|2|Z36|100| A|Tanpa Sub Komponen|00||0|0
2026|01|662788|015|08|WA|4718|BMB|35|01|2|001|100| A|TANPA SUB KOMPONEN|00||0|0
2026|01|662788|015|08|WA|4718|BMB|35|01|2|002|100| A|TANPA SUB KOMPONEN|00||0|0
2026|01|662788|015|08|WA|4719|EBA|35|01|2|003|100| A|Pelaksanaan Supervisi Proses Bisnis KPPN|00||0|0
2026|01|662788|015|08|WA|4719|EBA|35|01|2|003|100| B|Koordinasi Inovasi layanan|00||0|0
2026|01|662788|015|08|WA|4719|EBA|35|01|2|005|100| B|Pelaksanaan Supervisi Teknis Aplikasi|00||0|0
2026|01|662788|015|08|WA|4719|EBA|35|01|2|994|001| A|TANPA SUB KOMPONEN|00||0|0
2026|01|662788|015|08|WA|4719|EBC|35|01|2|001|100|XC|Penyelenggaraan Capacity Building|00||0|0
2026|01|662788|015|08|WA|4722|EBD|35|01|2|001|100| A|Pelaksanaan Manajemen Resiko dan Kepatuhan Internal|00||0|0
