thang|kdjendok|kdsatker|kddept|kdunit|kdprogram|kdgiat|kdoutput|kdlokasi|kdkabkota|kddekon|kdsoutput|kdkmpnen|kdskmpnen|kdakun|kdkppn|kdbeban|kdjnsban|kdctarik|register|carahitung|prosenphln|prosenrkp|prosenrmp|kppnrkp|kppnrmp|kppnphln|regdam|kdluncuran|kdblokir|uraiblokir|kdib
2026|01|015115|015|08|CD|6212|FAC|01|51|2|001|100| A|521211|019|A|0|0| |0|0|0|0| | | | ||00||0
2026|01|015115|015|08|CD|6212|FAH|01|51|2|001|100| A|521211|019|A|0|0| |0|0|0|0| | | | ||00||0
2026|01|015115|015|08|CD|6212|FAL|01|51|2|004|100| A|521211|019|A|0|0| |0|0|0|0| | | | ||00||0
2026|01|015115|015|08|CD|6212|FAL|01|51|2|004|100| B|521211|019|A|0|0| |0|0|0|0| | | | ||00||0
2026|01|015115|015|08|CD|6213|FAC|01|51|2|001|100| A|521211|019|A|0|0| |0|0|0|0| | | | ||00||0
2026|01|015115|015|08|CD|6214|FAL|01|51|2|002|100| A|521211|019|A|0|0| |0|0|0|0| | | | ||00||0
2026|01|015115|015|08|CD|6214|FAL|01|51|2|002|100| B|521211|019|A|0|0| |0|0|0|0| | | | ||00||0
2026|01|015115|015|08|CD|6215|FAH|01|51|2|003|100| A|521211|019|A|0|0| |0|0|0|0| | | | ||00||0
2026|01|015115|015|08|CD|6215|FAH|01|51|2|003|100| B|524113|019|A|0|0| |0|0|0|0| | | | ||00||0
2026|01|015115|015|08|WA|4715|EBA|01|51|2|001|100| A|521811|019|A|0|0| |0|0|0|0| | | | ||00||0
2026|01|015115|015|08|WA|4715|EBA|01|51|2|001|100| B|522151|019|A|0|0| |0|0|0|0| | | | ||00||0
2026|01|015115|015|08|WA|4715|EBA|01|51|2|001|100| B|524113|019|A|0|0| |0|0|0|0| | | | ||00||0
2026|01|015115|015|08|WA|4715|EBA|01|51|2|994|002| A|521111|019|A|0|0| |0|0|0|0| | | | ||00||0
2026|01|015115|015|08|WA|4715|EBA|01|51|2|994|002| A|521119|019|A|0|0| |0|0|0|0| | | | ||00||0
2026|01|015115|015|08|WA|4715|EBA|01|51|2|994|002| A|521811|019|A|0|0| |0|0|0|0| | | | ||00||0
2026|01|015115|015|08|WA|4715|EBA|01|51|2|994|002| B|521114|019|A|0|0| |0|0|0|0| | | | ||00||0
2026|01|015115|015|08|WA|4715|EBA|01|51|2|994|002| C|521113|019|A|0|0| |0|0|0|0| | | | ||00||0
2026|01|015115|015|08|WA|4715|EBA|01|51|2|994|002| C|521115|019|A|0|0| |0|0|0|0| | | | ||00||0
2026|01|015115|015|08|WA|4715|EBA|01|51|2|994|002| C|521119|019|A|0|0| |0|0|0|0| | | | ||00||0
2026|01|015115|015|08|WA|4715|EBA|01|51|2|994|002| D|523121|019|A|0|0| |0|0|0|0| | | | ||00||0
2026|01|015115|015|08|WA|4715|EBA|01|51|2|994|002|HB|524113|019|A|0|0| |0|0|0|0| | | | ||00||0
2026|01|015115|015|08|WA|4715|EBA|01|51|2|994|002|TJ|523121|019|A|0|0| |0|0|0|0| | | | ||00||0
2026|01|015115|015|08|WA|4715|EBA|01|51|2|002|100| A|524113|019|A|0|0| |0|0|0|0| | | | ||00||0
2026|01|015115|015|08|WA|4718|BMB|01|51|2|002|100| A|521219|019|A|0|0| |0|0|0|0| | | | ||00||0
2026|01|015115|015|08|WA|4718|BMB|01|51|2|001|100| A|521211|019|A|0|0| |0|0|0|0| | | | ||00||0
2026|01|015115|015|08|WA|4719|EBA|01|51|2|994|001| A|511129|019|A|0|0| |0|0|0|0| | | | ||00||0
2026|01|015115|015|08|WA|4719|EBA|01|51|2|994|001| A|512211|019|A|0|0| |0|0|0|0| | | | ||00||0
2026|01|015115|015|08|WA|4719|EBA|01|51|2|004|100| A|521211|019|A|0|0| |0|0|0|0| | | | ||00||0
2026|01|015115|015|08|WA|4719|EBC|01|51|2|001|100|XC|521211|019|A|0|0| |0|0|0|0| | | | ||00||0
2026|01|015115|015|08|WA|4719|EBC|01|51|2|001|100|XC|522151|019|A|0|0| |0|0|0|0| | | | ||00||0
2026|01|015115|015|08|WA|4719|EBC|01|51|2|001|100|XC|524113|019|A|0|0| |0|0|0|0| | | | ||00||0
2026|01|497607|015|08|CD|6212|BMB|17|53|2|001|100|AA|524111|179|A|0|0| |0|0|0|0| | | | ||00||0
2026|01|497607|015|08|CD|6212|BMB|17|53|2|001|100|BA|524111|179|A|0|0| |0|0|0|0| | | | ||00||0
2026|01|497607|015|08|CD|6212|FAC|17|53|2|001|100|AA|521211|179|A|0|0| |0|0|0|0| | | | ||00||0
2026|01|497607|015|08|CD|6212|FAC|17|53|2|001|100|AB|521211|179|A|0|0| |0|0|0|0| | | | ||00||0
2026|01|497607|015|08|CD|6212|FAC|17|53|2|001|100|BA|521211|179|A|0|0| |0|0|0|0| | | | ||00||0
2026|01|497607|015|08|CD|6212|FAC|17|53|2|001|100|BB|521211|179|A|0|0| |0|0|0|0| | | | ||00||0
2026|01|497607|015|08|CD|6212|FAH|17|53|2|001|100|AA|521211|179|A|0|0| |0|0|0|0| | | | ||00||0
2026|01|497607|015|08|CD|6212|FAH|17|53|2|001|100|BA|521211|179|A|0|0| |0|0|0|0| | | | ||00||0
2026|01|497607|015|08|CD|6212|FAL|17|53|2|004|100|AA|521211|179|A|0|0| |0|0|0|0| | | | ||00||0
2026|01|497607|015|08|CD|6212|FAL|17|53|2|004|100|AB|521211|179|A|0|0| |0|0|0|0| | | | ||00||0
2026|01|497607|015|08|CD|6212|FAL|17|53|2|004|100|AD|524111|179|A|0|0| |0|0|0|0| | | | ||00||0
2026|01|497607|015|08|CD|6212|FAL|17|53|2|004|100|AD|524113|179|A|0|0| |0|0|0|0| | | | ||00||0
2026|01|497607|015|08|CD|6212|FAL|17|53|2|004|100|BA|521211|179|A|0|0| |0|0|0|0| | | | ||00||0
2026|01|497607|015|08|CD|6212|FAL|17|53|2|004|100|BB|521211|179|A|0|0| |0|0|0|0| | | | ||00||0
2026|01|497607|015|08|CD|6212|FAL|17|53|2|004|100|BD|524111|179|A|0|0| |0|0|0|0| | | | ||00||0
2026|01|497607|015|08|CD|6212|FAL|17|53|2|004|100|BD|524113|179|A|0|0| |0|0|0|0| | | | ||00||0
2026|01|497607|015|08|CD|6213|FAC|17|53|2|001|100|AA|521211|179|A|0|0| |0|0|0|0| | | | ||00||0
2026|01|497607|015|08|CD|6213|FAC|17|53|2|001|100|BA|521211|179|A|0|0| |0|0|0|0| | | | ||00||0
2026|01|497607|015|08|CD|6213|FAE|17|53|2|009|100|AA|524113|179|A|0|0| |0|0|0|0| | | | ||00||0
2026|01|497607|015|08|CD|6213|FAE|17|53|2|009|100|BA|524113|179|A|0|0| |0|0|0|0| | | | ||00||0
2026|01|497607|015|08|CD|6213|FAL|17|53|2|003|100|AA|524111|179|A|0|0| |0|0|0|0| | | | ||00||0
2026|01|497607|015|08|CD|6213|FAL|17|53|2|003|100|AA|524113|179|A|0|0| |0|0|0|0| | | | ||00||0
2026|01|497607|015|08|CD|6213|FAL|17|53|2|003|100|BA|524113|179|A|0|0| |0|0|0|0| | | | ||00||0
2026|01|497607|015|08|CD|6214|FAL|17|53|2|002|100|AA|521211|179|A|0|0| |0|0|0|0| | | | ||00||0
2026|01|497607|015|08|CD|6214|FAL|17|53|2|002|100|AB|521211|179|A|0|0| |0|0|0|0| | | | ||00||0
2026|01|497607|015|08|CD|6214|FAL|17|53|2|002|100|BA|521211|179|A|0|0| |0|0|0|0| | | | ||00||0
2026|01|497607|015|08|CD|6214|FAL|17|53|2|002|100|BB|521211|179|A|0|0| |0|0|0|0| | | | ||00||0
2026|01|497607|015|08|CD|6215|FAH|17|53|2|003|100|AA|521211|179|A|0|0| |0|0|0|0| | | | ||00||0
2026|01|497607|015|08|CD|6215|FAH|17|53|2|003|100|AB|524111|179|A|0|0| |0|0|0|0| | | | ||00||0
2026|01|497607|015|08|CD|6215|FAH|17|53|2|003|100|BA|521211|179|A|0|0| |0|0|0|0| | | | ||00||0
2026|01|497607|015|08|WA|4715|EBA|17|53|2|001|100|AA|521811|179|A|0|0| |0|0|0|0| | | | ||00||0
2026|01|497607|015|08|WA|4715|EBA|17|53|2|001|100|BA|521811|179|A|0|0| |0|0|0|0| | | | ||00||0
2026|01|497607|015|08|WA|4715|EBA|17|53|2|994|002|AA|521111|179|A|0|0| |0|0|0|0| | | | ||00||0
2026|01|497607|015|08|WA|4715|EBA|17|53|2|994|002|AA|521119|179|A|0|0| |0|0|0|0| | | | ||00||0
2026|01|497607|015|08|WA|4715|EBA|17|53|2|994|002|AA|521811|179|A|0|0| |0|0|0|0| | | | ||00||0
2026|01|497607|015|08|WA|4715|EBA|17|53|2|994|002|AB|521114|179|A|0|0| |0|0|0|0| | | | ||00||0
2026|01|497607|015|08|WA|4715|EBA|17|53|2|994|002|AB|522111|179|A|0|0| |0|0|0|0| | | | ||00||0
2026|01|497607|015|08|WA|4715|EBA|17|53|2|994|002|AB|522113|179|A|0|0| |0|0|0|0| | | | ||00||0
2026|01|497607|015|08|WA|4715|EBA|17|53|2|994|002|AC|521113|179|A|0|0| |0|0|0|0| | | | ||00||0
2026|01|497607|015|08|WA|4715|EBA|17|53|2|994|002|AC|521115|179|A|0|0| |0|0|0|0| | | | ||00||0
2026|01|497607|015|08|WA|4715|EBA|17|53|2|994|002|AC|521119|179|A|0|0| |0|0|0|0| | | | ||00||0
2026|01|497607|015|08|WA|4715|EBA|17|53|2|994|002|AD|523121|179|A|0|0| |0|0|0|0| | | | ||00||0
2026|01|497607|015|08|WA|4715|EBA|17|53|2|994|002|AE|523111|179|A|0|0| |0|0|0|0| | | | ||00||0
2026|01|497607|015|08|WA|4715|EBA|17|53|2|994|002|AE|523119|179|A|0|0| |0|0|0|0| | | | ||00||0
2026|01|497607|015|08|WA|4715|EBA|17|53|2|994|002|BA|521111|179|A|0|0| |0|0|0|0| | | | ||00||0
2026|01|497607|015|08|WA|4715|EBA|17|53|2|994|002|BA|521119|179|A|0|0| |0|0|0|0| | | | ||00||0
2026|01|497607|015|08|WA|4715|EBA|17|53|2|994|002|BA|521811|179|A|0|0| |0|0|0|0| | | | ||00||0
2026|01|497607|015|08|WA|4715|EBA|17|53|2|994|002|BC|521113|179|A|0|0| |0|0|0|0| | | | ||00||0
2026|01|497607|015|08|WA|4715|EBA|17|53|2|994|002|BC|521115|179|A|0|0| |0|0|0|0| | | | ||00||0
2026|01|497607|015|08|WA|4715|EBA|17|53|2|994|002|BC|521119|179|A|0|0| |0|0|0|0| | | | ||00||0
2026|01|497607|015|08|WA|4715|EBA|17|53|2|994|002|BD|523121|179|A|0|0| |0|0|0|0| | | | ||00||0
2026|01|497607|015|08|WA|4715|EBA|17|53|2|994|002|BE|523119|179|A|0|0| |0|0|0|0| | | | ||00||0
2026|01|497607|015|08|WA|4715|EBA|17|53|2|994|002|HA|524111|179|A|0|0| |0|0|0|0| | | | ||00||0
2026|01|497607|015|08|WA|4715|EBA|17|53|2|994|002|HA|524113|179|A|0|0| |0|0|0|0| | | | ||00||0
2026|01|497607|015|08|WA|4715|EBA|17|53|2|994|002|HB|524111|179|A|0|0| |0|0|0|0| | | | ||00||0
2026|01|497607|015|08|WA|4715|EBA|17|53|2|994|002|HB|524113|179|A|0|0| |0|0|0|0| | | | ||00||0
2026|01|497607|015|08|WA|4715|EBA|17|53|2|994|002|HH|524111|179|A|0|0| |0|0|0|0| | | | ||00||0
2026|01|497607|015|08|WA|4715|EBA|17|53|2|994|002|HH|524113|179|A|0|0| |0|0|0|0| | | | ||00||0
2026|01|497607|015|08|WA|4715|EBA|17|53|2|994|002|TJ|523121|179|A|0|0| |0|0|0|0| | | | ||00||0
2026|01|497607|015|08|WA|4715|EBA|17|53|2|002|100|AA|524111|179|A|0|0| |0|0|0|0| | | | ||00||0
2026|01|497607|015|08|WA|4715|EBA|17|53|2|002|100|AA|524113|179|A|0|0| |0|0|0|0| | | | ||00||0
2026|01|497607|015|08|WA|4715|EBA|17|53|2|002|100|AB|524111|179|A|0|0| |0|0|0|0| | | | ||00||0
2026|01|497607|015|08|WA|4715|EBA|17|53|2|002|100|BA|524111|179|A|0|0| |0|0|0|0| | | | ||00||0
2026|01|497607|015|08|WA|4715|EBD|17|53|2|Z36|100|BB|524111|179|A|0|0| |0|0|0|0| | | | ||00||0
2026|01|497607|015|08|WA|4718|BMB|17|53|2|002|100|AA|521219|179|A|0|0| |0|0|0|0| | | | ||00||0
2026|01|497607|015|08|WA|4718|BMB|17|53|2|002|100|BA|521219|179|A|0|0| |0|0|0|0| | | | ||00||0
2026|01|497607|015|08|WA|4718|BMB|17|53|2|001|100|AA|521211|179|A|0|0| |0|0|0|0| | | | ||00||0
2026|01|497607|015|08|WA|4718|BMB|17|53|2|001|100|BA|521211|179|A|0|0| |0|0|0|0| | | | ||00||0
2026|01|497607|015|08|WA|4719|EBA|17|53|2|994|001|AA|511129|179|A|0|0| |0|0|0|0| | | | ||00||0
2026|01|497607|015|08|WA|4719|EBA|17|53|2|994|001|AA|512211|179|A|0|0| |0|0|0|0| | | | ||00||0
2026|01|497607|015|08|WA|4719|EBA|17|53|2|994|001|BA|511129|179|A|0|0| |0|0|0|0| | | | ||00||0
2026|01|497607|015|08|WA|4719|EBA|17|53|2|994|001|BA|512211|179|A|0|0| |0|0|0|0| | | | ||00||0
2026|01|497607|015|08|WA|4719|EBA|17|53|2|004|100|AA|521211|179|A|0|0| |0|0|0|0| | | | ||00||0
2026|01|497607|015|08|WA|4719|EBA|17|53|2|004|100|BA|521211|179|A|0|0| |0|0|0|0| | | | ||00||0
2026|01|497607|015|08|WA|4719|EBC|17|53|2|001|100|XC|521211|179|A|0|0| |0|0|0|0| | | | ||00||0
2026|01|497607|015|08|WA|4719|EBC|17|53|2|001|100|XC|524113|179|A|0|0| |0|0|0|0| | | | ||00||0
2026|01|330171|015|08|CD|6212|BMB|33|01|2|001|100| B|521211|065|A|0|0| |0|0|0|0| | | | ||00||0
2026|01|330171|015|08|CD|6212|BMB|33|01|2|001|100| B|522151|065|A|0|0| |0|0|0|0| | | | ||00||0
2026|01|330171|015|08|CD|6212|BMB|33|01|2|001|100| D|521211|065|A|0|0| |0|0|0|0| | | | ||00||0
2026|01|330171|015|08|CD|6212|BMB|33|01|2|001|100| D|522141|065|A|0|0| |0|0|0|0| | | | ||00||0
2026|01|330171|015|08|CD|6212|FAC|33|01|2|002|100| A|524111|065|A|0|0| |0|0|0|0| | | | ||00||0
2026|01|330171|015|08|CD|6212|FAH|33|01|2|002|100| A|521211|065|A|0|0| |0|0|0|0| | | | ||00||0
2026|01|330171|015|08|CD|6212|FAH|33|01|2|002|100| C|521211|065|A|0|0| |0|0|0|0| | | | ||00||0
2026|01|330171|015|08|CD|6212|FAL|33|01|2|001|100| A|524111|065|A|0|0| |0|0|0|0| | | | ||00||0
2026|01|330171|015|08|CD|6212|FAL|33|01|2|001|100| B|521211|065|A|0|0| |0|0|0|0| | | | ||00||0
2026|01|330171|015|08|CD|6212|FAL|33|01|2|001|100| B|522151|065|A|0|0| |0|0|0|0| | | | ||00||0
2026|01|330171|015|08|CD|6212|FAL|33|01|2|001|100| D|521211|065|A|0|0| |0|0|0|0| | | | ||00||0
2026|01|330171|015|08|CD|6212|FAL|33|01|2|001|100| D|521213|065|A|0|0| |0|0|0|0| | | | ||00||0
2026|01|330171|015|08|CD|6212|FAL|33|01|2|001|100| D|522151|065|A|0|0| |0|0|0|0| | | | ||00||0
2026|01|330171|015|08|CD|6213|ABA|33|01|2|001|100| A|522151|065|A|0|0| |0|0|0|0| | | | ||00||0
2026|01|330171|015|08|CD|6213|FAE|33|01|2|009|100| D|521211|065|A|0|0| |0|0|0|0| | | | ||00||0
2026|01|330171|015|08|CD|6213|FAE|33|01|2|009|100| D|522151|065|A|0|0| |0|0|0|0| | | | ||00||0
2026|01|330171|015|08|CD|6213|FAE|33|01|2|008|100| A|521211|065|A|0|0| |0|0|0|0| | | | ||00||0
2026|01|330171|015|08|CD|6213|FAE|33|01|2|008|100| A|522151|065|A|0|0| |0|0|0|0| | | | ||00||0
2026|01|330171|015|08|CD|6213|FAL|33|01|2|003|100| A|521211|065|A|0|0| |0|0|0|0| | | | ||00||0
2026|01|330171|015|08|CD|6213|FAL|33|01|2|003|100| C|521211|065|A|0|0| |0|0|0|0| | | | ||00||0
2026|01|330171|015|08|CD|6213|FAL|33|01|2|003|100| E|521211|065|A|0|0| |0|0|0|0| | | | ||00||0
2026|01|330171|015|08|CD|6213|FAL|33|01|2|003|100| E|522151|065|A|0|0| |0|0|0|0| | | | ||00||0
2026|01|330171|015|08|CD|6213|FAL|33|01|2|003|100| E|524113|065|A|0|0| |0|0|0|0| | | | ||00||0
2026|01|330171|015|08|CD|6213|FAL|33|01|2|003|100| F|521211|065|A|0|0| |0|0|0|0| | | | ||00||0
2026|01|330171|015|08|CD|6213|FAL|33|01|2|003|100| F|522151|065|A|0|0| |0|0|0|0| | | | ||00||0
2026|01|330171|015|08|CD|6213|FAL|33|01|2|003|100| G|521211|065|A|0|0| |0|0|0|0| | | | ||00||0
2026|01|330171|015|08|CD|6213|FAL|33|01|2|003|100| H|524111|065|A|0|0| |0|0|0|0| | | | ||00||0
2026|01|330171|015|08|CD|6213|FAL|33|01|2|003|100| H|524113|065|A|0|0| |0|0|0|0| | | | ||00||0
2026|01|330171|015|08|CD|6215|FAH|33|01|2|003|100| B|521211|065|A|0|0| |0|0|0|0| | | | ||00||0
2026|01|330171|015|08|CD|6215|FAH|33|01|2|001|100| B|521211|065|A|0|0| |0|0|0|0| | | | ||00||0
2026|01|330171|015|08|CD|6216|FAE|33|01|2|002|100| A|524113|065|A|0|0| |0|0|0|0| | | | ||00||0
2026|01|330171|015|08|WA|4715|EBA|33|01|2|001|100| A|521811|065|A|0|0| |0|0|0|0| | | | ||00||0
2026|01|330171|015|08|WA|4715|EBA|33|01|2|001|100| A|522151|065|A|0|0| |0|0|0|0| | | | ||00||0
2026|01|330171|015|08|WA|4715|EBA|33|01|2|001|100| B|522151|065|A|0|0| |0|0|0|0| | | | ||00||0
2026|01|330171|015|08|WA|4715|EBA|33|01|2|001|100| B|524113|065|A|0|0| |0|0|0|0| | | | ||00||0
2026|01|330171|015|08|WA|4715|EBA|33|01|2|994|002| A|521111|065|A|0|0| |0|0|0|0| | | | ||00||0
2026|01|330171|015|08|WA|4715|EBA|33|01|2|994|002| A|521119|065|A|0|0| |0|0|0|0| | | | ||00||0
2026|01|330171|015|08|WA|4715|EBA|33|01|2|994|002| A|521811|065|A|0|0| |0|0|0|0| | | | ||00||0
2026|01|330171|015|08|WA|4715|EBA|33|01|2|994|002| B|521114|065|A|0|0| |0|0|0|0| | | | ||00||0
2026|01|330171|015|08|WA|4715|EBA|33|01|2|994|002| C|521115|065|A|0|0| |0|0|0|0| | | | ||00||0
2026|01|330171|015|08|WA|4715|EBA|33|01|2|994|002| C|521119|065|A|0|0| |0|0|0|0| | | | ||00||0
2026|01|330171|015|08|WA|4715|EBA|33|01|2|994|002| D|523121|065|A|0|0| |0|0|0|0| | | | ||00||0
2026|01|330171|015|08|WA|4715|EBA|33|01|2|994|002| F|521115|065|A|0|0| |0|0|0|0| | | | ||00||0
2026|01|330171|015|08|WA|4715|EBA|33|01|2|994|002| G|523111|065|A|0|0| |0|0|0|0| | | | ||00||0
2026|01|330171|015|08|WA|4715|EBA|33|01|2|994|002|HD|524111|065|A|0|0| |0|0|0|0| | | | ||00||0
2026|01|330171|015|08|WA|4715|EBA|33|01|2|994|002|HF|524111|065|A|0|0| |0|0|0|0| | | | ||00||0
2026|01|330171|015|08|WA|4715|EBA|33|01|2|994|002|HG|521211|065|A|0|0| |0|0|0|0| | | | ||00||0
2026|01|330171|015|08|WA|4715|EBA|33|01|2|994|002|HG|524111|065|A|0|0| |0|0|0|0| | | | ||00||0
2026|01|330171|015|08|WA|4715|EBA|33|01|2|994|002|HH|524111|065|A|0|0| |0|0|0|0| | | | ||00||0
2026|01|330171|015|08|WA|4715|EBA|33|01|2|994|002|TJ|523121|065|A|0|0| |0|0|0|0| | | | ||00||0
2026|01|330171|015|08|WA|4715|EBA|33|01|2|002|100| A|524111|065|A|0|0| |0|0|0|0| | | | ||00||0
2026|01|330171|015|08|WA|4715|EBA|33|01|2|002|100| A|524113|065|A|0|0| |0|0|0|0| | | | ||00||0
2026|01|330171|015|08|WA|4715|EBB|33|01|2|004|100|RA|533111|065|A|0|0| |0|0|0|0| | | | ||00||0
2026|01|330171|015|08|WA|4715|EBB|33|01|2|004|100|RB|533121|065|A|0|0| |0|0|0|0| | | | ||00||0
2026|01|330171|015|08|WA|4715|EBD|33|01|2|Z36|100| A|521211|065|A|0|0| |0|0|0|0| | | | ||00||0
2026|01|330171|015|08|WA|4715|EBD|33|01|2|Z26|100| A|521211|065|A|0|0| |0|0|0|0| | | | ||00||0
2026|01|330171|015|08|WA|4715|EBD|33|01|2|Z26|100| A|524113|065|A|0|0| |0|0|0|0| | | | ||00||0
2026|01|330171|015|08|WA|4718|BMB|33|01|2|002|100| A|521211|065|A|0|0| |0|0|0|0| | | | ||00||0
2026|01|330171|015|08|WA|4718|BMB|33|01|2|002|100| A|521219|065|A|0|0| |0|0|0|0| | | | ||00||0
2026|01|330171|015|08|WA|4718|BMB|33|01|2|001|100| A|521211|065|A|0|0| |0|0|0|0| | | | ||00||0
2026|01|330171|015|08|WA|4719|EBA|33|01|2|994|001| A|511129|065|A|0|0| |0|0|0|0| | | | ||00||0
2026|01|330171|015|08|WA|4719|EBA|33|01|2|994|001| A|512211|065|A|0|0| |0|0|0|0| | | | ||00||0
2026|01|330171|015|08|WA|4719|EBA|33|01|2|003|100| B|521211|065|A|0|0| |0|0|0|0| | | | ||00||0
2026|01|330171|015|08|WA|4719|EBC|33|01|2|001|100|XC|521211|065|A|0|0| |0|0|0|0| | | | ||00||0
2026|01|330171|015|08|WA|4719|EBC|33|01|2|001|100|XC|522151|065|A|0|0| |0|0|0|0| | | | ||00||0
2026|01|330171|015|08|WA|4719|EBC|33|01|2|001|100|XC|524113|065|A|0|0| |0|0|0|0| | | | ||00||0
2026|01|330171|015|08|WA|4722|EBD|33|01|2|001|100| A|521211|065|A|0|0| |0|0|0|0| | | | ||00||0
2026|01|330171|015|08|WA|6990|ABA|33|01|2|001|100|SA|521211|065|A|0|0| |0|0|0|0| | | | ||00||0
2026|01|330171|015|08|WA|6990|ABA|33|01|2|001|100|SA|524111|065|A|0|0| |0|0|0|0| | | | ||00||0
2026|01|330171|015|08|WA|6990|ABA|33|01|2|001|100|SA|524113|065|A|0|0| |0|0|0|0| | | | ||00||0
2026|01|330171|015|08|WA|6990|ABA|33|01|2|001|100|SB|521211|065|A|0|0| |0|0|0|0| | | | ||00||0
2026|01|330171|015|08|WA|6990|ABA|33|01|2|001|100|SB|524111|065|A|0|0| |0|0|0|0| | | | ||00||0
2026|01|330171|015|08|WA|6990|ABA|33|01|2|001|100|SB|524113|065|A|0|0| |0|0|0|0| | | | ||00||0
2026|01|330171|015|08|WA|6990|ABA|33|01|2|001|100|SC|521211|065|A|0|0| |0|0|0|0| | | | ||00||0
2026|01|330171|015|08|WA|6990|ABA|33|01|2|001|100|SC|524111|065|A|0|0| |0|0|0|0| | | | ||00||0
2026|01|330171|015|08|WA|6990|ABA|33|01|2|001|100|SC|524113|065|A|0|0| |0|0|0|0| | | | ||00||0
2026|01|330171|015|08|WA|6990|ABA|33|01|2|001|100|SD|521211|065|A|0|0| |0|0|0|0| | | | ||00||0
2026|01|330171|015|08|WA|6990|ABA|33|01|2|001|100|SD|524111|065|A|0|0| |0|0|0|0| | | | ||00||0
2026|01|330171|015|08|WA|6990|ABA|33|01|2|001|100|SD|524113|065|A|0|0| |0|0|0|0| | | | ||00||0
2026|01|527094|015|08|CD|6212|BMB|02|51|2|001|100| A|524113|022|A|0|0| |0|0|0|0| | | | ||00||0
2026|01|527094|015|08|CD|6212|BMB|02|51|2|001|100| B|521211|022|A|0|0| |0|0|0|0| | | | ||00||0
2026|01|527094|015|08|CD|6212|BMB|02|51|2|001|100| B|522151|022|A|0|0| |0|0|0|0| | | | ||00||0
2026|01|527094|015|08|CD|6212|BMB|02|51|2|001|100| B|524113|022|A|0|0| |0|0|0|0| | | | ||00||0
2026|01|527094|015|08|CD|6212|BMB|02|51|2|001|100| C|524111|022|A|0|0| |0|0|0|0| | | | ||00||0
2026|01|527094|015|08|CD|6212|BMB|02|51|2|001|100| C|524113|022|A|0|0| |0|0|0|0| | | | ||00||0
2026|01|527094|015|08|CD|6212|BMB|02|51|2|001|100| D|521211|022|A|0|0| |0|0|0|0| | | | ||00||0
2026|01|527094|015|08|CD|6212|BMB|02|51|2|001|100| D|522141|022|A|0|0| |0|0|0|0| | | | ||00||0
2026|01|527094|015|08|CD|6212|FAC|02|51|2|002|100| A|524113|022|A|0|0| |0|0|0|0| | | | ||00||0
2026|01|527094|015|08|CD|6212|FAC|02|51|2|002|100| B|524111|022|A|0|0| |0|0|0|0| | | | ||00||0
2026|01|527094|015|08|CD|6212|FAH|02|51|2|003|100| A|524113|022|A|0|0| |0|0|0|0| | | | ||00||0
2026|01|527094|015|08|CD|6212|FAH|02|51|2|003|100| B|524111|022|A|0|0| |0|0|0|0| | | | ||00||0
2026|01|527094|015|08|CD|6212|FAH|02|51|2|003|100| B|524113|022|A|0|0| |0|0|0|0| | | | ||00||0
2026|01|527094|015|08|CD|6212|FAH|02|51|2|002|100| A|521211|022|A|0|0| |0|0|0|0| | | | ||00||0
2026|01|527094|015|08|CD|6212|FAH|02|51|2|002|100| B|524111|022|A|0|0| |0|0|0|0| | | | ||00||0
2026|01|527094|015|08|CD|6212|FAH|02|51|2|002|100| B|524113|022|A|0|0| |0|0|0|0| | | | ||00||0
2026|01|527094|015|08|CD|6212|FAH|02|51|2|002|100| C|521211|022|A|0|0| |0|0|0|0| | | | ||00||0
2026|01|527094|015|08|CD|6212|FAH|02|51|2|002|100| C|524113|022|A|0|0| |0|0|0|0| | | | ||00||0
2026|01|527094|015|08|CD|6212|FAL|02|51|2|001|100| A|524113|022|A|0|0| |0|0|0|0| | | | ||00||0
2026|01|527094|015|08|CD|6212|FAL|02|51|2|001|100| B|521211|022|A|0|0| |0|0|0|0| | | | ||00||0
2026|01|527094|015|08|CD|6212|FAL|02|51|2|001|100| B|522151|022|A|0|0| |0|0|0|0| | | | ||00||0
2026|01|527094|015|08|CD|6212|FAL|02|51|2|001|100| C|524113|022|A|0|0| |0|0|0|0| | | | ||00||0
2026|01|527094|015|08|CD|6212|FAL|02|51|2|001|100| D|521211|022|A|0|0| |0|0|0|0| | | | ||00||0
2026|01|527094|015|08|CD|6212|FAL|02|51|2|001|100| D|521213|022|A|0|0| |0|0|0|0| | | | ||00||0
2026|01|527094|015|08|CD|6212|FAL|02|51|2|001|100| D|522151|022|A|0|0| |0|0|0|0| | | | ||00||0
2026|01|527094|015|08|CD|6212|FAL|02|51|2|001|100| D|524113|022|A|0|0| |0|0|0|0| | | | ||00||0
2026|01|527094|015|08|CD|6213|ABA|02|51|2|001|100| A|524111|022|A|0|0| |0|0|0|0| | | | ||00||0
2026|01|527094|015|08|CD|6213|FAE|02|51|2|009|100| B|524111|022|A|0|0| |0|0|0|0| | | | ||00||0
2026|01|527094|015|08|CD|6213|FAE|02|51|2|008|100| A|522151|022|A|0|0| |0|0|0|0| | | | ||00||0
2026|01|527094|015|08|CD|6213|FAL|02|51|2|003|100| A|521211|022|A|0|0| |0|0|0|0| | | | ||00||0
2026|01|527094|015|08|CD|6213|FAL|02|51|2|003|100| C|521211|022|A|0|0| |0|0|0|0| | | | ||00||0
2026|01|527094|015|08|CD|6213|FAL|02|51|2|003|100| D|524111|022|A|0|0| |0|0|0|0| | | | ||00||0
2026|01|527094|015|08|CD|6213|FAL|02|51|2|003|100| D|524113|022|A|0|0| |0|0|0|0| | | | ||00||0
2026|01|527094|015|08|CD|6213|FAL|02|51|2|003|100| E|522151|022|A|0|0| |0|0|0|0| | | | ||00||0
2026|01|527094|015|08|CD|6213|FAL|02|51|2|003|100| E|524113|022|A|0|0| |0|0|0|0| | | | ||00||0
2026|01|527094|015|08|CD|6213|FAL|02|51|2|003|100| F|521211|022|A|0|0| |0|0|0|0| | | | ||00||0
2026|01|527094|015|08|CD|6213|FAL|02|51|2|003|100| F|522151|022|A|0|0| |0|0|0|0| | | | ||00||0
2026|01|527094|015|08|CD|6213|FAL|02|51|2|003|100| F|524113|022|A|0|0| |0|0|0|0| | | | ||00||0
2026|01|527094|015|08|CD|6213|FAL|02|51|2|003|100| G|521211|022|A|0|0| |0|0|0|0| | | | ||00||0
2026|01|527094|015|08|CD|6213|FAL|02|51|2|003|100| H|524111|022|A|0|0| |0|0|0|0| | | | ||00||0
2026|01|527094|015|08|CD|6213|FAL|02|51|2|003|100| H|524113|022|A|0|0| |0|0|0|0| | | | ||00||0
2026|01|527094|015|08|CD|6215|FAH|02|51|2|003|100| A|521211|022|A|0|0| |0|0|0|0| | | | ||00||0
2026|01|527094|015|08|CD|6215|FAH|02|51|2|003|100| A|524113|022|A|0|0| |0|0|0|0| | | | ||00||0
2026|01|527094|015|08|CD|6215|FAH|02|51|2|003|100| B|521211|022|A|0|0| |0|0|0|0| | | | ||00||0
2026|01|527094|015|08|CD|6215|FAH|02|51|2|001|100| A|524111|022|A|0|0| |0|0|0|0| | | | ||00||0
2026|01|527094|015|08|CD|6215|FAH|02|51|2|001|100| B|521211|022|A|0|0| |0|0|0|0| | | | ||00||0
2026|01|527094|015|08|CD|6216|FAE|02|51|2|002|100| A|524113|022|A|0|0| |0|0|0|0| | | | ||00||0
2026|01|527094|015|08|WA|4715|EBA|02|51|2|001|100| A|521811|022|A|0|0| |0|0|0|0| | | | ||00||0
2026|01|527094|015|08|WA|4715|EBA|02|51|2|001|100| A|522151|022|A|0|0| |0|0|0|0| | | | ||00||0
2026|01|527094|015|08|WA|4715|EBA|02|51|2|001|100| B|522151|022|A|0|0| |0|0|0|0| | | | ||00||0
2026|01|527094|015|08|WA|4715|EBA|02|51|2|001|100| B|524113|022|A|0|0| |0|0|0|0| | | | ||00||0
2026|01|527094|015|08|WA|4715|EBA|02|51|2|994|002| A|521111|022|A|0|0| |0|0|0|0| | | | ||00||0
2026|01|527094|015|08|WA|4715|EBA|02|51|2|994|002| A|521119|022|A|0|0| |0|0|0|0| | | | ||00||0
2026|01|527094|015|08|WA|4715|EBA|02|51|2|994|002| A|521811|022|A|0|0| |0|0|0|0| | | | ||00||0
2026|01|527094|015|08|WA|4715|EBA|02|51|2|994|002| B|521114|022|A|0|0| |0|0|0|0| | | | ||00||0
2026|01|527094|015|08|WA|4715|EBA|02|51|2|994|002| B|522111|022|A|0|0| |0|0|0|0| | | | ||00||0
2026|01|527094|015|08|WA|4715|EBA|02|51|2|994|002| B|522113|022|A|0|0| |0|0|0|0| | | | ||00||0
2026|01|527094|015|08|WA|4715|EBA|02|51|2|994|002| C|521115|022|A|0|0| |0|0|0|0| | | | ||00||0
2026|01|527094|015|08|WA|4715|EBA|02|51|2|994|002| C|521119|022|A|0|0| |0|0|0|0| | | | ||00||0
2026|01|527094|015|08|WA|4715|EBA|02|51|2|994|002| D|523121|022|A|0|0| |0|0|0|0| | | | ||00||0
2026|01|527094|015|08|WA|4715|EBA|02|51|2|994|002| G|523111|022|A|0|0| |0|0|0|0| | | | ||00||0
2026|01|527094|015|08|WA|4715|EBA|02|51|2|994|002| G|523119|022|A|0|0| |0|0|0|0| | | | ||00||0
2026|01|527094|015|08|WA|4715|EBA|02|51|2|994|002|HB|524111|022|A|0|0| |0|0|0|0| | | | ||00||0
2026|01|527094|015|08|WA|4715|EBA|02|51|2|994|002|HB|524113|022|A|0|0| |0|0|0|0| | | | ||00||0
2026|01|527094|015|08|WA|4715|EBA|02|51|2|994|002|HC|524111|022|A|0|0| |0|0|0|0| | | | ||00||0
2026|01|527094|015|08|WA|4715|EBA|02|51|2|994|002|HD|524111|022|A|0|0| |0|0|0|0| | | | ||00||0
2026|01|527094|015|08|WA|4715|EBA|02|51|2|994|002|HD|524113|022|A|0|0| |0|0|0|0| | | | ||00||0
2026|01|527094|015|08|WA|4715|EBA|02|51|2|994|002|HH|521211|022|A|0|0| |0|0|0|0| | | | ||00||0
2026|01|527094|015|08|WA|4715|EBA|02|51|2|994|002|TJ|523121|022|A|0|0| |0|0|0|0| | | | ||00||0
2026|01|527094|015|08|WA|4715|EBA|02|51|2|002|100| A|524111|022|A|0|0| |0|0|0|0| | | | ||00||0
2026|01|527094|015|08|WA|4715|EBA|02|51|2|002|100| A|524113|022|A|0|0| |0|0|0|0| | | | ||00||0
2026|01|527094|015|08|WA|4715|EBD|02|51|2|Z36|100| A|521211|022|A|0|0| |0|0|0|0| | | | ||00||0
2026|01|527094|015|08|WA|4715|EBD|02|51|2|Z36|100| A|524111|022|A|0|0| |0|0|0|0| | | | ||00||0
2026|01|527094|015|08|WA|4715|EBD|02|51|2|Z26|100| A|524113|022|A|0|0| |0|0|0|0| | | | ||00||0
2026|01|527094|015|08|WA|4718|BMB|02|51|2|002|100| A|521211|022|A|0|0| |0|0|0|0| | | | ||00||0
2026|01|527094|015|08|WA|4718|BMB|02|51|2|002|100| A|521219|022|A|0|0| |0|0|0|0| | | | ||00||0
2026|01|527094|015|08|WA|4718|BMB|02|51|2|001|100| A|521211|022|A|0|0| |0|0|0|0| | | | ||00||0
2026|01|527094|015|08|WA|4718|BMB|02|51|2|001|100| A|521219|022|A|0|0| |0|0|0|0| | | | ||00||0
2026|01|527094|015|08|WA|4719|EBA|02|51|2|003|100| A|524111|022|A|0|0| |0|0|0|0| | | | ||00||0
2026|01|527094|015|08|WA|4719|EBA|02|51|2|003|100| A|524113|022|A|0|0| |0|0|0|0| | | | ||00||0
2026|01|527094|015|08|WA|4719|EBA|02|51|2|003|100| B|521211|022|A|0|0| |0|0|0|0| | | | ||00||0
2026|01|527094|015|08|WA|4719|EBA|02|51|2|994|001| A|511129|022|A|0|0| |0|0|0|0| | | | ||00||0
2026|01|527094|015|08|WA|4719|EBA|02|51|2|994|001| A|512211|022|A|0|0| |0|0|0|0| | | | ||00||0
2026|01|527094|015|08|WA|4719|EBA|02|51|2|005|100| A|524113|022|A|0|0| |0|0|0|0| | | | ||00||0
2026|01|527094|015|08|WA|4719|EBA|02|51|2|005|100| B|524113|022|A|0|0| |0|0|0|0| | | | ||00||0
2026|01|527094|015|08|WA|4719|EBC|02|51|2|001|100|XC|521211|022|A|0|0| |0|0|0|0| | | | ||00||0
2026|01|527094|015|08|WA|4719|EBC|02|51|2|001|100|XC|522151|022|A|0|0| |0|0|0|0| | | | ||00||0
2026|01|527094|015|08|WA|4719|EBC|02|51|2|001|100|XC|524113|022|A|0|0| |0|0|0|0| | | | ||00||0
2026|01|527094|015|08|WA|4722|EBD|02|51|2|001|100| A|521211|022|A|0|0| |0|0|0|0| | | | ||00||0
2026|01|527094|015|08|WA|4722|EBD|02|51|2|001|100| B|524111|022|A|0|0| |0|0|0|0| | | | ||00||0
2026|01|527094|015|08|WA|4722|EBD|02|51|2|001|100| B|524113|022|A|0|0| |0|0|0|0| | | | ||00||0
2026|01|527272|015|08|CD|6212|BMB|03|51|2|001|100| A|524111|026|A|0|0| |0|0|0|0| | | | ||00||0
2026|01|527272|015|08|CD|6212|BMB|03|51|2|001|100| A|524113|026|A|0|0| |0|0|0|0| | | | ||00||0
2026|01|527272|015|08|CD|6212|FAC|03|51|2|001|100| A|521211|026|A|0|0| |0|0|0|0| | | | ||00||0
2026|01|527272|015|08|CD|6212|FAC|03|51|2|001|100| B|521211|026|A|0|0| |0|0|0|0| | | | ||00||0
2026|01|527272|015|08|CD|6212|FAH|03|51|2|001|100| A|521211|026|A|0|0| |0|0|0|0| | | | ||00||0
2026|01|527272|015|08|CD|6212|FAL|03|51|2|004|100| A|521211|026|A|0|0| |0|0|0|0| | | | ||00||0
2026|01|527272|015|08|CD|6212|FAL|03|51|2|004|100| B|521211|026|A|0|0| |0|0|0|0| | | | ||00||0
2026|01|527272|015|08|CD|6212|FAL|03|51|2|004|100| D|524113|026|A|0|0| |0|0|0|0| | | | ||00||0
2026|01|527272|015|08|CD|6213|FAC|03|51|2|001|100| A|521211|026|A|0|0| |0|0|0|0| | | | ||00||0
2026|01|527272|015|08|CD|6213|FAE|03|51|2|009|100| A|524113|026|A|0|0| |0|0|0|0| | | | ||00||0
2026|01|527272|015|08|CD|6213|FAL|03|51|2|003|100| A|524111|026|A|0|0| |0|0|0|0| | | | ||00||0
2026|01|527272|015|08|CD|6213|FAL|03|51|2|003|100| A|524113|026|A|0|0| |0|0|0|0| | | | ||00||0
2026|01|527272|015|08|CD|6214|FAL|03|51|2|002|100| A|521211|026|A|0|0| |0|0|0|0| | | | ||00||0
2026|01|527272|015|08|CD|6214|FAL|03|51|2|002|100| B|521211|026|A|0|0| |0|0|0|0| | | | ||00||0
2026|01|527272|015|08|CD|6215|FAH|03|51|2|003|100| A|521211|026|A|0|0| |0|0|0|0| | | | ||00||0
2026|01|527272|015|08|WA|4715|EBA|03|51|2|001|100| A|521811|026|A|0|0| |0|0|0|0| | | | ||00||0
2026|01|527272|015|08|WA|4715|EBA|03|51|2|994|002| A|521111|026|A|0|0| |0|0|0|0| | | | ||00||0
2026|01|527272|015|08|WA|4715|EBA|03|51|2|994|002| A|521119|026|A|0|0| |0|0|0|0| | | | ||00||0
2026|01|527272|015|08|WA|4715|EBA|03|51|2|994|002| A|521811|026|A|0|0| |0|0|0|0| | | | ||00||0
2026|01|527272|015|08|WA|4715|EBA|03|51|2|994|002| B|521114|026|A|0|0| |0|0|0|0| | | | ||00||0
2026|01|527272|015|08|WA|4715|EBA|03|51|2|994|002| B|522113|026|A|0|0| |0|0|0|0| | | | ||00||0
2026|01|527272|015|08|WA|4715|EBA|03|51|2|994|002| C|521113|026|A|0|0| |0|0|0|0| | | | ||00||0
2026|01|527272|015|08|WA|4715|EBA|03|51|2|994|002| C|521115|026|A|0|0| |0|0|0|0| | | | ||00||0
2026|01|527272|015|08|WA|4715|EBA|03|51|2|994|002| C|521119|026|A|0|0| |0|0|0|0| | | | ||00||0
2026|01|527272|015|08|WA|4715|EBA|03|51|2|994|002| D|523121|026|A|0|0| |0|0|0|0| | | | ||00||0
2026|01|527272|015|08|WA|4715|EBA|03|51|2|994|002| G|523111|026|A|0|0| |0|0|0|0| | | | ||00||0
2026|01|527272|015|08|WA|4715|EBA|03|51|2|994|002| G|523119|026|A|0|0| |0|0|0|0| | | | ||00||0
2026|01|527272|015|08|WA|4715|EBA|03|51|2|994|002|HA|524111|026|A|0|0| |0|0|0|0| | | | ||00||0
2026|01|527272|015|08|WA|4715|EBA|03|51|2|994|002|HA|524113|026|A|0|0| |0|0|0|0| | | | ||00||0
2026|01|527272|015|08|WA|4715|EBA|03|51|2|994|002|HB|524111|026|A|0|0| |0|0|0|0| | | | ||00||0
2026|01|527272|015|08|WA|4715|EBA|03|51|2|994|002|HB|524113|026|A|0|0| |0|0|0|0| | | | ||00||0
2026|01|527272|015|08|WA|4715|EBA|03|51|2|994|002|HH|524113|026|A|0|0| |0|0|0|0| | | | ||00||0
2026|01|527272|015|08|WA|4715|EBA|03|51|2|994|002|TJ|523121|026|A|0|0| |0|0|0|0| | | | ||00||0
2026|01|527272|015|08|WA|4715|EBA|03|51|2|002|100| A|524111|026|A|0|0| |0|0|0|0| | | | ||00||0
2026|01|527272|015|08|WA|4715|EBA|03|51|2|002|100| A|524113|026|A|0|0| |0|0|0|0| | | | ||00||0
2026|01|527272|015|08|WA|4715|EBB|03|51|2|002|100| A|532111|026|A|0|0| |0|0|0|0| | | | ||00||0
2026|01|527272|015|08|WA|4718|BMB|03|51|2|002|100| A|521219|026|A|0|0| |0|0|0|0| | | | ||00||0
2026|01|527272|015|08|WA|4718|BMB|03|51|2|001|100| A|521211|026|A|0|0| |0|0|0|0| | | | ||00||0
2026|01|527272|015|08|WA|4719|EBA|03|51|2|994|001| A|511129|026|A|0|0| |0|0|0|0| | | | ||00||0
2026|01|527272|015|08|WA|4719|EBA|03|51|2|994|001| A|512211|026|A|0|0| |0|0|0|0| | | | ||00||0
2026|01|527272|015|08|WA|4719|EBA|03|51|2|004|100| A|521211|026|A|0|0| |0|0|0|0| | | | ||00||0
2026|01|527272|015|08|WA|4719|EBC|03|51|2|001|100|XC|521211|026|A|0|0| |0|0|0|0| | | | ||00||0
2026|01|527272|015|08|WA|4719|EBC|03|51|2|001|100|XC|522151|026|A|0|0| |0|0|0|0| | | | ||00||0
2026|01|527289|015|08|CD|6212|BMB|03|56|2|001|100| A|524111|028|A|0|0| |0|0|0|0| | | | ||00||0
2026|01|527289|015|08|CD|6212|BMB|03|56|2|001|100| A|524113|028|A|0|0| |0|0|0|0| | | | ||00||0
2026|01|527289|015|08|CD|6212|FAC|03|56|2|001|100| A|521211|028|A|0|0| |0|0|0|0| | | | ||00||0
2026|01|527289|015|08|CD|6212|FAC|03|56|2|001|100| B|521211|028|A|0|0| |0|0|0|0| | | | ||00||0
2026|01|527289|015|08|CD|6212|FAH|03|56|2|001|100| A|521211|028|A|0|0| |0|0|0|0| | | | ||00||0
2026|01|527289|015|08|CD|6212|FAL|03|56|2|004|100| A|521211|028|A|0|0| |0|0|0|0| | | | ||00||0
2026|01|527289|015|08|CD|6212|FAL|03|56|2|004|100| B|521211|028|A|0|0| |0|0|0|0| | | | ||00||0
2026|01|527289|015|08|CD|6212|FAL|03|56|2|004|100| C|524111|028|A|0|0| |0|0|0|0| | | | ||00||0
2026|01|527289|015|08|CD|6212|FAL|03|56|2|004|100| D|524111|028|A|0|0| |0|0|0|0| | | | ||00||0
2026|01|527289|015|08|CD|6212|FAL|03|56|2|004|100| D|524113|028|A|0|0| |0|0|0|0| | | | ||00||0
2026|01|527289|015|08|CD|6213|FAC|03|56|2|001|100| A|521211|028|A|0|0| |0|0|0|0| | | | ||00||0
2026|01|527289|015|08|CD|6213|FAE|03|56|2|009|100| A|524113|028|A|0|0| |0|0|0|0| | | | ||00||0
2026|01|527289|015|08|CD|6214|FAL|03|56|2|002|100| A|521211|028|A|0|0| |0|0|0|0| | | | ||00||0
2026|01|527289|015|08|CD|6214|FAL|03|56|2|002|100| B|521211|028|A|0|0| |0|0|0|0| | | | ||00||0
2026|01|527289|015|08|CD|6215|FAH|03|56|2|003|100| A|521211|028|A|0|0| |0|0|0|0| | | | ||00||0
2026|01|527289|015|08|WA|4715|EBA|03|56|2|001|100| A|521811|028|A|0|0| |0|0|0|0| | | | ||00||0
2026|01|527289|015|08|WA|4715|EBA|03|56|2|001|100| B|522151|028|A|0|0| |0|0|0|0| | | | ||00||0
2026|01|527289|015|08|WA|4715|EBA|03|56|2|994|002| A|521111|028|A|0|0| |0|0|0|0| | | | ||00||0
2026|01|527289|015|08|WA|4715|EBA|03|56|2|994|002| A|521119|028|A|0|0| |0|0|0|0| | | | ||00||0
2026|01|527289|015|08|WA|4715|EBA|03|56|2|994|002| A|521811|028|A|0|0| |0|0|0|0| | | | ||00||0
2026|01|527289|015|08|WA|4715|EBA|03|56|2|994|002| B|521114|028|A|0|0| |0|0|0|0| | | | ||00||0
2026|01|527289|015|08|WA|4715|EBA|03|56|2|994|002| B|522113|028|A|0|0| |0|0|0|0| | | | ||00||0
2026|01|527289|015|08|WA|4715|EBA|03|56|2|994|002| C|521113|028|A|0|0| |0|0|0|0| | | | ||00||0
2026|01|527289|015|08|WA|4715|EBA|03|56|2|994|002| C|521115|028|A|0|0| |0|0|0|0| | | | ||00||0
2026|01|527289|015|08|WA|4715|EBA|03|56|2|994|002| C|521119|028|A|0|0| |0|0|0|0| | | | ||00||0
2026|01|527289|015|08|WA|4715|EBA|03|56|2|994|002| D|523121|028|A|0|0| |0|0|0|0| | | | ||00||0
2026|01|527289|015|08|WA|4715|EBA|03|56|2|994|002| G|523111|028|A|0|0| |0|0|0|0| | | | ||00||0
2026|01|527289|015|08|WA|4715|EBA|03|56|2|994|002| G|523119|028|A|0|0| |0|0|0|0| | | | ||00||0
2026|01|527289|015|08|WA|4715|EBA|03|56|2|994|002|HA|524111|028|A|0|0| |0|0|0|0| | | | ||00||0
2026|01|527289|015|08|WA|4715|EBA|03|56|2|994|002|HA|524113|028|A|0|0| |0|0|0|0| | | | ||00||0
2026|01|527289|015|08|WA|4715|EBA|03|56|2|994|002|HB|524111|028|A|0|0| |0|0|0|0| | | | ||00||0
2026|01|527289|015|08|WA|4715|EBA|03|56|2|994|002|HB|524113|028|A|0|0| |0|0|0|0| | | | ||00||0
2026|01|527289|015|08|WA|4715|EBA|03|56|2|994|002|HH|524111|028|A|0|0| |0|0|0|0| | | | ||00||0
2026|01|527289|015|08|WA|4715|EBA|03|56|2|994|002|HH|524113|028|A|0|0| |0|0|0|0| | | | ||00||0
2026|01|527289|015|08|WA|4715|EBA|03|56|2|994|002|TJ|523121|028|A|0|0| |0|0|0|0| | | | ||00||0
2026|01|527289|015|08|WA|4715|EBA|03|56|2|002|100| A|524111|028|A|0|0| |0|0|0|0| | | | ||00||0
2026|01|527289|015|08|WA|4715|EBA|03|56|2|002|100| A|524113|028|A|0|0| |0|0|0|0| | | | ||00||0
2026|01|527289|015|08|WA|4715|EBB|03|56|2|002|100| A|521252|028|A|0|0| |0|0|0|0| | | | ||00||0
2026|01|527289|015|08|WA|4715|EBB|03|56|2|002|100| A|532111|028|A|0|0| |0|0|0|0| | | | ||00||0
2026|01|527289|015|08|WA|4715|EBD|03|56|2|Z36|100| B|524111|028|A|0|0| |0|0|0|0| | | | ||00||0
2026|01|527289|015|08|WA|4718|BMB|03|56|2|002|100| A|521219|028|A|0|0| |0|0|0|0| | | | ||00||0
2026|01|527289|015|08|WA|4718|BMB|03|56|2|001|100| A|521211|028|A|0|0| |0|0|0|0| | | | ||00||0
2026|01|527289|015|08|WA|4719|EBA|03|56|2|994|001| A|511129|028|A|0|0| |0|0|0|0| | | | ||00||0
2026|01|527289|015|08|WA|4719|EBA|03|56|2|994|001| A|512211|028|A|0|0| |0|0|0|0| | | | ||00||0
2026|01|527289|015|08|WA|4719|EBA|03|56|2|004|100| A|521211|028|A|0|0| |0|0|0|0| | | | ||00||0
2026|01|527289|015|08|WA|4719|EBC|03|56|2|001|100|XC|521211|028|A|0|0| |0|0|0|0| | | | ||00||0
2026|01|527289|015|08|WA|4719|EBC|03|56|2|001|100|XC|522151|028|A|0|0| |0|0|0|0| | | | ||00||0
2026|01|527322|015|08|CD|6212|BMB|03|09|2|001|100| A|524113|097|A|0|0| |0|0|0|0| | | | ||00||0
2026|01|527322|015|08|CD|6212|FAC|03|09|2|001|100| A|521211|097|A|0|0| |0|0|0|0| | | | ||00||0
2026|01|527322|015|08|CD|6212|FAC|03|09|2|001|100| B|521211|097|A|0|0| |0|0|0|0| | | | ||00||0
2026|01|527322|015|08|CD|6212|FAH|03|09|2|001|100| A|521211|097|A|0|0| |0|0|0|0| | | | ||00||0
2026|01|527322|015|08|CD|6212|FAL|03|09|2|004|100| A|521211|097|A|0|0| |0|0|0|0| | | | ||00||0
2026|01|527322|015|08|CD|6212|FAL|03|09|2|004|100| B|521211|097|A|0|0| |0|0|0|0| | | | ||00||0
2026|01|527322|015|08|CD|6212|FAL|03|09|2|004|100| D|524111|097|A|0|0| |0|0|0|0| | | | ||00||0
2026|01|527322|015|08|CD|6212|FAL|03|09|2|004|100| D|524113|097|A|0|0| |0|0|0|0| | | | ||00||0
2026|01|527322|015|08|CD|6213|FAC|03|09|2|001|100| A|521211|097|A|0|0| |0|0|0|0| | | | ||00||0
2026|01|527322|015|08|CD|6213|FAL|03|09|2|003|100| A|524111|097|A|0|0| |0|0|0|0| | | | ||00||0
2026|01|527322|015|08|CD|6213|FAL|03|09|2|003|100| A|524113|097|A|0|0| |0|0|0|0| | | | ||00||0
2026|01|527322|015|08|CD|6214|FAL|03|09|2|002|100| A|521211|097|A|0|0| |0|0|0|0| | | | ||00||0
2026|01|527322|015|08|CD|6214|FAL|03|09|2|002|100| B|521211|097|A|0|0| |0|0|0|0| | | | ||00||0
2026|01|527322|015|08|CD|6215|FAH|03|09|2|003|100| A|521211|097|A|0|0| |0|0|0|0| | | | ||00||0
2026|01|527322|015|08|WA|4715|EBA|03|09|2|001|100| A|521811|097|A|0|0| |0|0|0|0| | | | ||00||0
2026|01|527322|015|08|WA|4715|EBA|03|09|2|994|002| A|521111|097|A|0|0| |0|0|0|0| | | | ||00||0
2026|01|527322|015|08|WA|4715|EBA|03|09|2|994|002| A|521119|097|A|0|0| |0|0|0|0| | | | ||00||0
2026|01|527322|015|08|WA|4715|EBA|03|09|2|994|002| A|521811|097|A|0|0| |0|0|0|0| | | | ||00||0
2026|01|527322|015|08|WA|4715|EBA|03|09|2|994|002| B|521114|097|A|0|0| |0|0|0|0| | | | ||00||0
2026|01|527322|015|08|WA|4715|EBA|03|09|2|994|002| B|522113|097|A|0|0| |0|0|0|0| | | | ||00||0
2026|01|527322|015|08|WA|4715|EBA|03|09|2|994|002| C|521113|097|A|0|0| |0|0|0|0| | | | ||00||0
2026|01|527322|015|08|WA|4715|EBA|03|09|2|994|002| C|521115|097|A|0|0| |0|0|0|0| | | | ||00||0
2026|01|527322|015|08|WA|4715|EBA|03|09|2|994|002| C|521119|097|A|0|0| |0|0|0|0| | | | ||00||0
2026|01|527322|015|08|WA|4715|EBA|03|09|2|994|002| D|523121|097|A|0|0| |0|0|0|0| | | | ||00||0
2026|01|527322|015|08|WA|4715|EBA|03|09|2|994|002| G|523111|097|A|0|0| |0|0|0|0| | | | ||00||0
2026|01|527322|015|08|WA|4715|EBA|03|09|2|994|002|HA|524111|097|A|0|0| |0|0|0|0| | | | ||00||0
2026|01|527322|015|08|WA|4715|EBA|03|09|2|994|002|HA|524113|097|A|0|0| |0|0|0|0| | | | ||00||0
2026|01|527322|015|08|WA|4715|EBA|03|09|2|994|002|HB|524111|097|A|0|0| |0|0|0|0| | | | ||00||0
2026|01|527322|015|08|WA|4715|EBA|03|09|2|994|002|HB|524113|097|A|0|0| |0|0|0|0| | | | ||00||0
2026|01|527322|015|08|WA|4715|EBA|03|09|2|994|002|HH|524111|097|A|0|0| |0|0|0|0| | | | ||00||0
2026|01|527322|015|08|WA|4715|EBA|03|09|2|994|002|HH|524113|097|A|0|0| |0|0|0|0| | | | ||00||0
2026|01|527322|015|08|WA|4715|EBA|03|09|2|994|002|TJ|523121|097|A|0|0| |0|0|0|0| | | | ||00||0
2026|01|527322|015|08|WA|4715|EBA|03|09|2|002|100| A|524111|097|A|0|0| |0|0|0|0| | | | ||00||0
2026|01|527322|015|08|WA|4715|EBA|03|09|2|002|100| A|524113|097|A|0|0| |0|0|0|0| | | | ||00||0
2026|01|527322|015|08|WA|4715|EBB|03|09|2|004|100|RB|533121|097|A|0|0| |0|0|0|0| | | | ||00||0
2026|01|527322|015|08|WA|4715|EBB|03|09|2|002|100| A|532111|097|A|0|0| |0|0|0|0| | | | ||00||0
2026|01|527322|015|08|WA|4715|EBD|03|09|2|Z36|100| B|524111|097|A|0|0| |0|0|0|0| | | | ||00||0
2026|01|527322|015|08|WA|4718|BMB|03|09|2|002|100| A|521219|097|A|0|0| |0|0|0|0| | | | ||00||0
2026|01|527322|015|08|WA|4718|BMB|03|09|2|001|100| A|521211|097|A|0|0| |0|0|0|0| | | | ||00||0
2026|01|527322|015|08|WA|4719|EBA|03|09|2|994|001| A|511129|097|A|0|0| |0|0|0|0| | | | ||00||0
2026|01|527322|015|08|WA|4719|EBA|03|09|2|994|001| A|512211|097|A|0|0| |0|0|0|0| | | | ||00||0
2026|01|527322|015|08|WA|4719|EBA|03|09|2|004|100| A|521211|097|A|0|0| |0|0|0|0| | | | ||00||0
2026|01|527322|015|08|WA|4719|EBC|03|09|2|001|100|XC|521211|097|A|0|0| |0|0|0|0| | | | ||00||0
2026|01|527322|015|08|WA|4719|EBC|03|09|2|001|100|XC|522151|097|A|0|0| |0|0|0|0| | | | ||00||0
2026|01|527336|015|08|CD|6212|BMB|03|10|2|001|100| A|524111|129|A|0|0| |0|0|0|0| | | | ||00||0
2026|01|527336|015|08|CD|6212|FAC|03|10|2|001|100| A|521211|129|A|0|0| |0|0|0|0| | | | ||00||0
2026|01|527336|015|08|CD|6212|FAC|03|10|2|001|100| B|521211|129|A|0|0| |0|0|0|0| | | | ||00||0
2026|01|527336|015|08|CD|6212|FAH|03|10|2|001|100| A|521211|129|A|0|0| |0|0|0|0| | | | ||00||0
2026|01|527336|015|08|CD|6212|FAL|03|10|2|004|100| A|521211|129|A|0|0| |0|0|0|0| | | | ||00||0
2026|01|527336|015|08|CD|6212|FAL|03|10|2|004|100| B|521211|129|A|0|0| |0|0|0|0| | | | ||00||0
2026|01|527336|015|08|CD|6212|FAL|03|10|2|004|100| D|524111|129|A|0|0| |0|0|0|0| | | | ||00||0
2026|01|527336|015|08|CD|6213|FAC|03|10|2|001|100| A|521211|129|A|0|0| |0|0|0|0| | | | ||00||0
2026|01|527336|015|08|CD|6213|FAE|03|10|2|009|100| A|524111|129|A|0|0| |0|0|0|0| | | | ||00||0
2026|01|527336|015|08|CD|6213|FAL|03|10|2|003|100| A|524111|129|A|0|0| |0|0|0|0| | | | ||11||0
2026|01|527336|015|08|CD|6214|FAL|03|10|2|002|100| A|521211|129|A|0|0| |0|0|0|0| | | | ||11||0
2026|01|527336|015|08|CD|6214|FAL|03|10|2|002|100| B|521211|129|A|0|0| |0|0|0|0| | | | ||11||0
2026|01|527336|015|08|CD|6215|FAH|03|10|2|003|100| A|521211|129|A|0|0| |0|0|0|0| | | | ||11||0
2026|01|527336|015|08|WA|4715|EBA|03|10|2|001|100| A|521811|129|A|0|0| |0|0|0|0| | | | ||00||0
2026|01|527336|015|08|WA|4715|EBA|03|10|2|994|002| B|521114|129|A|0|0| |0|0|0|0| | | | ||00||0
2026|01|527336|015|08|WA|4715|EBA|03|10|2|994|002| B|522113|129|A|0|0| |0|0|0|0| | | | ||00||0
2026|01|527336|015|08|WA|4715|EBA|03|10|2|994|002| C|521113|129|A|0|0| |0|0|0|0| | | | ||00||0
2026|01|527336|015|08|WA|4715|EBA|03|10|2|994|002| C|521115|129|A|0|0| |0|0|0|0| | | | ||00||0
2026|01|527336|015|08|WA|4715|EBA|03|10|2|994|002| C|521119|129|A|0|0| |0|0|0|0| | | | ||00||0
2026|01|527336|015|08|WA|4715|EBA|03|10|2|994|002| D|523121|129|A|0|0| |0|0|0|0| | | | ||00||0
2026|01|527336|015|08|WA|4715|EBA|03|10|2|994|002| G|523111|129|A|0|0| |0|0|0|0| | | | ||00||0
2026|01|527336|015|08|WA|4715|EBA|03|10|2|994|002| G|523119|129|A|0|0| |0|0|0|0| | | | ||00||0
2026|01|527336|015|08|WA|4715|EBA|03|10|2|994|002|AA|521111|129|A|0|0| |0|0|0|0| | | | ||00||0
2026|01|527336|015|08|WA|4715|EBA|03|10|2|994|002|AA|521119|129|A|0|0| |0|0|0|0| | | | ||00||0
2026|01|527336|015|08|WA|4715|EBA|03|10|2|994|002|AA|521811|129|A|0|0| |0|0|0|0| | | | ||00||0
2026|01|527336|015|08|WA|4715|EBA|03|10|2|994|002|HH|524111|129|A|0|0| |0|0|0|0| | | | ||00||0
2026|01|527336|015|08|WA|4715|EBA|03|10|2|994|002|HH|524113|129|A|0|0| |0|0|0|0| | | | ||00||0
2026|01|527336|015|08|WA|4715|EBA|03|10|2|994|002|TJ|523121|129|A|0|0| |0|0|0|0| | | | ||00||0
2026|01|527336|015|08|WA|4715|EBA|03|10|2|002|100| A|524111|129|A|0|0| |0|0|0|0| | | | ||00||0
2026|01|527336|015|08|WA|4715|EBD|03|10|2|Z36|100| B|524111|129|A|0|0| |0|0|0|0| | | | ||00||0
2026|01|527336|015|08|WA|4718|BMB|03|10|2|002|100| A|521219|129|A|0|0| |0|0|0|0| | | | ||00||0
2026|01|527336|015|08|WA|4718|BMB|03|10|2|001|100| A|521211|129|A|0|0| |0|0|0|0| | | | ||00||0
2026|01|527336|015|08|WA|4719|EBA|03|10|2|994|001| A|511129|129|A|0|0| |0|0|0|0| | | | ||00||0
2026|01|527336|015|08|WA|4719|EBA|03|10|2|994|001| A|512211|129|A|0|0| |0|0|0|0| | | | ||00||0
2026|01|527336|015|08|WA|4719|EBA|03|10|2|004|100| A|521211|129|A|0|0| |0|0|0|0| | | | ||00||0
2026|01|527336|015|08|WA|4719|EBC|03|10|2|001|100|XC|521211|129|A|0|0| |0|0|0|0| | | | ||00||0
2026|01|527336|015|08|WA|4719|EBC|03|10|2|001|100|XC|522151|129|A|0|0| |0|0|0|0| | | | ||00||0
2026|01|527399|015|08|CD|6212|FAC|04|51|2|001|100| A|521211|030|A|0|0| |0|0|0|0| | | | ||00||0
2026|01|527399|015|08|CD|6212|FAC|04|51|2|001|100| B|521211|030|A|0|0| |0|0|0|0| | | | ||00||0
2026|01|527399|015|08|CD|6212|FAH|04|51|2|001|100| A|521211|030|A|0|0| |0|0|0|0| | | | ||00||0
2026|01|527399|015|08|CD|6212|FAL|04|51|2|004|100| A|521211|030|A|0|0| |0|0|0|0| | | | ||00||0
2026|01|527399|015|08|CD|6212|FAL|04|51|2|004|100| B|521211|030|A|0|0| |0|0|0|0| | | | ||00||0
2026|01|527399|015|08|CD|6212|FAL|04|51|2|004|100| D|524111|030|A|0|0| |0|0|0|0| | | | ||00||0
2026|01|527399|015|08|CD|6212|FAL|04|51|2|004|100| D|524113|030|A|0|0| |0|0|0|0| | | | ||00||0
2026|01|527399|015|08|CD|6213|FAC|04|51|2|001|100| A|521211|030|A|0|0| |0|0|0|0| | | | ||00||0
2026|01|527399|015|08|CD|6213|FAE|04|51|2|009|100| A|524111|030|A|0|0| |0|0|0|0| | | | ||00||0
2026|01|527399|015|08|CD|6214|FAL|04|51|2|002|100| A|521211|030|A|0|0| |0|0|0|0| | | | ||00||0
2026|01|527399|015|08|CD|6214|FAL|04|51|2|002|100| B|521211|030|A|0|0| |0|0|0|0| | | | ||00||0
2026|01|527399|015|08|CD|6215|FAH|04|51|2|003|100| A|521211|030|A|0|0| |0|0|0|0| | | | ||00||0
2026|01|527399|015|08|CD|6215|FAH|04|51|2|003|100| B|524113|030|A|0|0| |0|0|0|0| | | | ||00||0
2026|01|527399|015|08|WA|4715|EBA|04|51|2|001|100| A|521811|030|A|0|0| |0|0|0|0| | | | ||00||0
2026|01|527399|015|08|WA|4715|EBA|04|51|2|001|100| B|522151|030|A|0|0| |0|0|0|0| | | | ||00||0
2026|01|527399|015|08|WA|4715|EBA|04|51|2|994|002| A|521111|030|A|0|0| |0|0|0|0| | | | ||00||0
2026|01|527399|015|08|WA|4715|EBA|04|51|2|994|002| A|521119|030|A|0|0| |0|0|0|0| | | | ||00||0
2026|01|527399|015|08|WA|4715|EBA|04|51|2|994|002| A|521811|030|A|0|0| |0|0|0|0| | | | ||00||0
2026|01|527399|015|08|WA|4715|EBA|04|51|2|994|002| B|521114|030|A|0|0| |0|0|0|0| | | | ||00||0
2026|01|527399|015|08|WA|4715|EBA|04|51|2|994|002| C|521113|030|A|0|0| |0|0|0|0| | | | ||00||0
2026|01|527399|015|08|WA|4715|EBA|04|51|2|994|002| C|521115|030|A|0|0| |0|0|0|0| | | | ||00||0
2026|01|527399|015|08|WA|4715|EBA|04|51|2|994|002| C|521119|030|A|0|0| |0|0|0|0| | | | ||00||0
2026|01|527399|015|08|WA|4715|EBA|04|51|2|994|002| D|523121|030|A|0|0| |0|0|0|0| | | | ||00||0
2026|01|527399|015|08|WA|4715|EBA|04|51|2|994|002|HA|524111|030|A|0|0| |0|0|0|0| | | | ||00||0
2026|01|527399|015|08|WA|4715|EBA|04|51|2|994|002|HB|524111|030|A|0|0| |0|0|0|0| | | | ||00||0
2026|01|527399|015|08|WA|4715|EBA|04|51|2|994|002|HH|524111|030|A|0|0| |0|0|0|0| | | | ||00||0
2026|01|527399|015|08|WA|4715|EBA|04|51|2|994|002|HH|524113|030|A|0|0| |0|0|0|0| | | | ||00||0
2026|01|527399|015|08|WA|4715|EBA|04|51|2|994|002|TJ|523121|030|A|0|0| |0|0|0|0| | | | ||00||0
2026|01|527399|015|08|WA|4715|EBA|04|51|2|002|100| A|524111|030|A|0|0| |0|0|0|0| | | | ||00||0
2026|01|527399|015|08|WA|4715|EBA|04|51|2|002|100| A|524113|030|A|0|0| |0|0|0|0| | | | ||00||0
2026|01|527399|015|08|WA|4715|EBD|04|51|2|Z36|100| B|524113|030|A|0|0| |0|0|0|0| | | | ||00||0
2026|01|527399|015|08|WA|4718|BMB|04|51|2|002|100| A|521219|030|A|0|0| |0|0|0|0| | | | ||00||0
2026|01|527399|015|08|WA|4718|BMB|04|51|2|001|100| A|521211|030|A|0|0| |0|0|0|0| | | | ||00||0
2026|01|527399|015|08|WA|4719|EBA|04|51|2|994|001| A|511129|030|A|0|0| |0|0|0|0| | | | ||00||0
2026|01|527399|015|08|WA|4719|EBA|04|51|2|994|001| A|512211|030|A|0|0| |0|0|0|0| | | | ||00||0
2026|01|527399|015|08|WA|4719|EBA|04|51|2|004|100| A|521211|030|A|0|0| |0|0|0|0| | | | ||00||0
2026|01|527399|015|08|WA|4719|EBC|04|51|2|001|100|XC|521211|030|A|0|0| |0|0|0|0| | | | ||00||0
2026|01|527399|015|08|WA|4719|EBC|04|51|2|001|100|XC|522151|030|A|0|0| |0|0|0|0| | | | ||00||0
2026|01|527399|015|08|WA|4719|EBC|04|51|2|001|100|XC|524113|030|A|0|0| |0|0|0|0| | | | ||00||0
2026|01|527010|015|08|CD|6212|AEF|01|51|1|001|100|JA|521211|019|A|0|0| |0|0|0|0| | | | ||00||0
2026|01|527010|015|08|CD|6212|AEF|01|51|1|001|100|JB|521211|019|A|0|0| |0|0|0|0| | | | ||00||0
2026|01|527010|015|08|CD|6212|AEF|01|51|1|001|100|JC|521211|019|A|0|0| |0|0|0|0| | | | ||00||0
2026|01|527010|015|08|CD|6212|AEF|01|51|1|001|100|JC|522191|019|A|0|0| |0|0|0|0| | | | ||00||0
2026|01|527010|015|08|CD|6212|AEF|01|51|1|001|100|JD|524114|019|A|0|0| |0|0|0|0| | | | ||00||0
2026|01|527010|015|08|CD|6212|AEF|01|51|1|005|100|HB|522151|019|A|0|0| |0|0|0|0| | | | ||00||0
2026|01|527010|015|08|CD|6212|AEF|01|51|1|004|100|HB|524111|019|A|0|0| |0|0|0|0| | | | ||00||0
2026|01|527010|015|08|CD|6212|AEF|01|51|1|004|100|HD|522151|019|A|0|0| |0|0|0|0| | | | ||00||0
2026|01|527010|015|08|CD|6212|AEF|01|51|1|004|100|HE|522151|019|A|0|0| |0|0|0|0| | | | ||00||0
2026|01|527010|015|08|CD|6212|AEF|01|51|1|004|100|HG|524111|019|A|0|0| |0|0|0|0| | | | ||00||0
2026|01|527010|015|08|CD|6212|AEF|01|51|1|002|100|SA|521211|019|A|0|0| |0|0|0|0| | | | ||00||0
2026|01|527010|015|08|CD|6212|AEF|01|51|1|002|100|SA|524111|019|A|0|0| |0|0|0|0| | | | ||00||0
2026|01|527010|015|08|CD|6212|FAC|01|51|1|001|100|LA|521211|019|A|0|0| |0|0|0|0| | | | ||00||0
2026|01|527010|015|08|CD|6212|FAC|01|51|1|001|100|LA|524111|019|A|0|0| |0|0|0|0| | | | ||00||0
2026|01|527010|015|08|CD|6212|FAC|01|51|1|003|100|IA|521211|019|A|0|0| |0|0|0|0| | | | ||00||0
2026|01|527010|015|08|CD|6212|FAC|01|51|1|003|100|IA|522151|019|A|0|0| |0|0|0|0| | | | ||00||0
2026|01|527010|015|08|CD|6212|FAC|01|51|1|008|100|SA|521211|019|A|0|0| |0|0|0|0| | | | ||00||0
2026|01|527010|015|08|CD|6212|FAC|01|51|1|008|100|SA|524111|019|A|0|0| |0|0|0|0| | | | ||00||0
2026|01|527010|015|08|CD|6212|FAC|01|51|1|008|100|SB|521211|019|A|0|0| |0|0|0|0| | | | ||00||0
2026|01|527010|015|08|CD|6212|FAC|01|51|1|008|100|SC|521211|019|A|0|0| |0|0|0|0| | | | ||00||0
2026|01|527010|015|08|CD|6212|FAC|01|51|1|005|100|FA|521211|019|A|0|0| |0|0|0|0| | | | ||00||0
2026|01|527010|015|08|CD|6212|FAC|01|51|1|005|100|FA|524111|019|A|0|0| |0|0|0|0| | | | ||00||0
2026|01|527010|015|08|CD|6212|FAC|01|51|1|005|100|FA|524114|019|A|0|0| |0|0|0|0| | | | ||00||0
2026|01|527010|015|08|CD|6212|FAC|01|51|1|007|100|IA|521211|019|A|0|0| |0|0|0|0| | | | ||00||0
2026|01|527010|015|08|CD|6212|FAC|01|51|1|004|100|IA|521211|019|A|0|0| |0|0|0|0| | | | ||00||0
2026|01|527010|015|08|CD|6212|FAH|01|51|1|001|100|JA|524111|019|A|0|0| |0|0|0|0| | | | ||00||0
2026|01|527010|015|08|CD|6212|FAH|01|51|1|003|100|JA|521211|019|A|0|0| |0|0|0|0| | | | ||00||0
2026|01|527010|015|08|CD|6212|FAH|01|51|1|003|100|JB|521211|019|A|0|0| |0|0|0|0| | | | ||00||0
2026|01|527010|015|08|CD|6212|FAH|01|51|1|003|100|JC|521211|019|A|0|0| |0|0|0|0| | | | ||00||0
2026|01|527010|015|08|CD|6212|FAH|01|51|1|003|100|JC|524111|019|A|0|0| |0|0|0|0| | | | ||00||0
2026|01|527010|015|08|CD|6212|FAH|01|51|1|002|100|JA|522151|019|A|0|0| |0|0|0|0| | | | ||00||0
2026|01|527010|015|08|CD|6212|FAL|01|51|1|002|100|OB|521211|019|A|0|0| |0|0|0|0| | | | ||00||0
2026|01|527010|015|08|CD|6212|FAL|01|51|1|002|100|OB|522151|019|A|0|0| |0|0|0|0| | | | ||00||0
2026|01|527010|015|08|CD|6212|FAL|01|51|1|002|100|OC|521211|019|A|0|0| |0|0|0|0| | | | ||00||0
2026|01|527010|015|08|CD|6212|FAL|01|51|1|002|100|OE|521211|019|A|0|0| |0|0|0|0| | | | ||00||0
2026|01|527010|015|08|CD|6212|FAL|01|51|1|002|100|OG|521211|019|A|0|0| |0|0|0|0| | | | ||00||0
2026|01|527010|015|08|CD|6212|FAL|01|51|1|002|100|OG|524111|019|A|0|0| |0|0|0|0| | | | ||00||0
2026|01|527010|015|08|CD|6212|FAL|01|51|1|002|100|OH|524111|019|A|0|0| |0|0|0|0| | | | ||00||0
2026|01|527010|015|08|CD|6212|FAL|01|51|1|002|100|OJ|521211|019|A|0|0| |0|0|0|0| | | | ||00||0
2026|01|527010|015|08|CD|6212|UAL|01|51|1|208|100|OE|521211|019|A|0|0| |0|0|0|0| | | | ||00||0
2026|01|527010|015|08|CD|6213|FAE|01|51|1|001|100|MA|521211|019|A|0|0| |0|0|0|0| | | | ||00||0
2026|01|527010|015|08|CD|6213|FAE|01|51|1|001|100|MA|524111|019|A|0|0| |0|0|0|0| | | | ||00||0
2026|01|527010|015|08|CD|6213|FAE|01|51|1|001|100|OB|521211|019|A|0|0| |0|0|0|0| | | | ||00||0
2026|01|527010|015|08|CD|6213|FAE|01|51|1|001|100|OB|524114|019|A|0|0| |0|0|0|0| | | | ||00||0
2026|01|527010|015|08|CD|6213|FAE|01|51|1|001|100|OD|521211|019|A|0|0| |0|0|0|0| | | | ||00||0
2026|01|527010|015|08|CD|6213|FAE|01|51|1|001|100|OD|524113|019|A|0|0| |0|0|0|0| | | | ||00||0
2026|01|527010|015|08|CD|6213|FAE|01|51|1|002|100|SB|522151|019|A|0|0| |0|0|0|0| | | | ||00||0
2026|01|527010|015|08|CD|6213|FAE|01|51|1|009|100|HA|524111|019|A|0|0| |0|0|0|0| | | | ||00||0
2026|01|527010|015|08|CD|6213|FAE|01|51|1|009|100|HB|524113|019|A|0|0| |0|0|0|0| | | | ||00||0
2026|01|527010|015|08|CD|6213|FAE|01|51|1|004|100|OA|521211|019|A|0|0| |0|0|0|0| | | | ||00||0
2026|01|527010|015|08|CD|6213|FAE|01|51|1|004|100|OB|521211|019|A|0|0| |0|0|0|0| | | | ||00||0
2026|01|527010|015|08|CD|6213|FAE|01|51|1|003|100|IA|524111|019|A|0|0| |0|0|0|0| | | | ||00||0
2026|01|527010|015|08|CD|6213|FAE|01|51|1|003|100|IA|524113|019|A|0|0| |0|0|0|0| | | | ||00||0
2026|01|527010|015|08|CD|6213|FAE|01|51|1|003|100|IC|521211|019|A|0|0| |0|0|0|0| | | | ||00||0
2026|01|527010|015|08|CD|6213|FAE|01|51|1|003|100|IE|524111|019|A|0|0| |0|0|0|0| | | | ||00||0
2026|01|527010|015|08|CD|6213|FAE|01|51|1|003|100|IF|524111|019|A|0|0| |0|0|0|0| | | | ||00||0
2026|01|527010|015|08|CD|6213|FAH|01|51|1|001|100|JA|521211|019|A|0|0| |0|0|0|0| | | | ||00||0
2026|01|527010|015|08|CD|6213|FAH|01|51|1|001|100|JB|521211|019|A|0|0| |0|0|0|0| | | | ||00||0
2026|01|527010|015|08|CD|6213|FAL|01|51|1|003|100|CA|521211|019|A|0|0| |0|0|0|0| | | | ||00||0
2026|01|527010|015|08|CD|6213|FAL|01|51|1|003|100|FA|521211|019|A|0|0| |0|0|0|0| | | | ||00||0
2026|01|527010|015|08|CD|6213|FAL|01|51|1|003|100|FB|521211|019|A|0|0| |0|0|0|0| | | | ||00||0
2026|01|527010|015|08|CD|6213|FAL|01|51|1|003|100|FC|521211|019|A|0|0| |0|0|0|0| | | | ||00||0
2026|01|527010|015|08|CD|6214|AED|01|51|1|002|100|HA|521211|019|A|0|0| |0|0|0|0| | | | ||00||0
2026|01|527010|015|08|CD|6214|FAE|01|51|1|001|100|HA|524111|019|A|0|0| |0|0|0|0| | | | ||00||0
2026|01|527010|015|08|CD|6214|FAE|01|51|1|001|100|HB|521211|019|A|0|0| |0|0|0|0| | | | ||00||0
2026|01|527010|015|08|CD|6214|FAE|01|51|1|001|100|HC|524111|019|A|0|0| |0|0|0|0| | | | ||00||0
2026|01|527010|015|08|CD|6214|FAE|01|51|1|001|100|HC|524113|019|A|0|0| |0|0|0|0| | | | ||00||0
2026|01|527010|015|08|CD|6214|FAE|01|51|1|001|100|HD|524111|019|A|0|0| |0|0|0|0| | | | ||00||0
2026|01|527010|015|08|CD|6214|FAE|01|51|1|001|100|HE|521211|019|A|0|0| |0|0|0|0| | | | ||00||0
2026|01|527010|015|08|CD|6214|FAE|01|51|1|001|100|HE|522151|019|A|0|0| |0|0|0|0| | | | ||00||0
2026|01|527010|015|08|CD|6214|FAE|01|51|1|001|100|HE|524111|019|A|0|0| |0|0|0|0| | | | ||00||0
2026|01|527010|015|08|CD|6214|FAE|01|51|1|001|100|HE|524119|019|A|0|0| |0|0|0|0| | | | ||00||0
2026|01|527010|015|08|CD|6214|FAE|01|51|1|001|100|MA|521211|019|A|0|0| |0|0|0|0| | | | ||00||0
2026|01|527010|015|08|CD|6214|FAL|01|51|1|003|100|OA|521211|019|A|0|0| |0|0|0|0| | | | ||00||0
2026|01|527010|015|08|CD|6214|FAL|01|51|1|003|100|OD|521211|019|A|0|0| |0|0|0|0| | | | ||00||0
2026|01|527010|015|08|CD|6214|UAE|01|51|1|203|100|HB|524113|019|A|0|0| |0|0|0|0| | | | ||00||0
2026|01|527010|015|08|CD|6215|FAH|01|51|1|001|100|JA|521211|019|A|0|0| |0|0|0|0| | | | ||00||0
2026|01|527010|015|08|CD|6215|FAH|01|51|1|005|100|HA|524111|019|A|0|0| |0|0|0|0| | | | ||00||0
2026|01|527010|015|08|CD|6215|FAH|01|51|1|004|100|JA|521211|019|A|0|0| |0|0|0|0| | | | ||00||0
2026|01|527010|015|08|CD|6215|FAH|01|51|1|004|100|JA|524111|019|A|0|0| |0|0|0|0| | | | ||00||0
2026|01|527010|015|08|CD|6215|FAH|01|51|1|004|100|JB|521211|019|A|0|0| |0|0|0|0| | | | ||00||0
2026|01|527010|015|08|CD|6215|FAH|01|51|1|004|100|JC|521211|019|A|0|0| |0|0|0|0| | | | ||00||0
2026|01|527010|015|08|CD|6215|FAH|01|51|1|003|100|JA|521211|019|A|0|0| |0|0|0|0| | | | ||00||0
2026|01|527010|015|08|CD|6215|FAH|01|51|1|003|100|JB|521211|019|A|0|0| |0|0|0|0| | | | ||00||0
2026|01|527010|015|08|CD|6215|FAH|01|51|1|003|100|OA|521211|019|A|0|0| |0|0|0|0| | | | ||00||0
2026|01|527010|015|08|CD|6215|FAH|01|51|1|003|100|OB|521211|019|A|0|0| |0|0|0|0| | | | ||00||0
2026|01|527010|015|08|CD|6215|FAH|01|51|1|003|100|OB|524111|019|A|0|0| |0|0|0|0| | | | ||00||0
2026|01|527010|015|08|CD|6216|AAA|01|51|1|A01|100|JA|521211|019|A|0|0| |0|0|0|0| | | | ||00||0
2026|01|527010|015|08|CD|6216|AAA|01|51|1|A01|100|JB|524113|019|A|0|0| |0|0|0|0| | | | ||00||0
2026|01|527010|015|08|CD|6216|AAC|01|51|1|B01|100|SA|521211|019|A|0|0| |0|0|0|0| | | | ||00||0
2026|01|527010|015|08|CD|6216|AAD|01|51|1|C50|100|HA|521213|019|A|0|0| |0|0|0|0| | | | ||00||0
2026|01|527010|015|08|CD|6216|AAG|01|51|1|D01|100|IA|521211|019|A|0|0| |0|0|0|0| | | | ||00||0
2026|01|527010|015|08|CD|6216|AAG|01|51|1|D01|100|IA|521213|019|A|0|0| |0|0|0|0| | | | ||00||0
2026|01|527010|015|08|CD|6216|AAG|01|51|1|D01|100|IB|521211|019|A|0|0| |0|0|0|0| | | | ||00||0
2026|01|527010|015|08|CD|6216|AAG|01|51|1|D01|100|IB|521213|019|A|0|0| |0|0|0|0| | | | ||00||0
2026|01|527010|015|08|CD|6216|AAG|01|51|1|E02|100|HA|522151|019|A|0|0| |0|0|0|0| | | | ||00||0
2026|01|527010|015|08|CD|6216|AAG|01|51|1|E01|100|FA|521211|019|A|0|0| |0|0|0|0| | | | ||00||0
2026|01|527010|015|08|CD|6216|AAG|01|51|1|E01|100|FA|524111|019|A|0|0| |0|0|0|0| | | | ||00||0
2026|01|527010|015|08|CD|6216|AAH|01|51|1|F03|100|OB|521211|019|A|0|0| |0|0|0|0| | | | ||00||0
2026|01|527010|015|08|CD|6216|AAH|01|51|1|F02|100|SA|521211|019|A|0|0| |0|0|0|0| | | | ||00||0
2026|01|527010|015|08|CD|6216|AAH|01|51|1|F02|100|SA|524111|019|A|0|0| |0|0|0|0| | | | ||00||0
2026|01|527010|015|08|CD|6216|AAH|01|51|1|F01|100|JA|521211|019|A|0|0| |0|0|0|0| | | | ||00||0
2026|01|527010|015|08|CD|6216|AAH|01|51|1|F01|100|JC|521211|019|A|0|0| |0|0|0|0| | | | ||00||0
2026|01|527010|015|08|CD|6216|AAH|01|51|1|F04|100|IA|521211|019|A|0|0| |0|0|0|0| | | | ||00||0
2026|01|527010|015|08|CD|6216|AAH|01|51|1|F04|100|IB|521211|019|A|0|0| |0|0|0|0| | | | ||00||0
2026|01|527010|015|08|CD|6216|AAH|01|51|1|F04|100|IB|524111|019|A|0|0| |0|0|0|0| | | | ||00||0
2026|01|527010|015|08|CD|6216|AAH|01|51|1|F04|100|IB|524114|019|A|0|0| |0|0|0|0| | | | ||00||0
2026|01|527010|015|08|CD|6216|FAE|01|51|1|001|100|OA|521211|019|A|0|0| |0|0|0|0| | | | ||00||0
2026|01|527010|015|08|CD|6216|FAE|01|51|1|004|100|OA|521211|019|A|0|0| |0|0|0|0| | | | ||00||0
2026|01|527010|015|08|CD|6216|FAE|01|51|1|003|100|JA|521211|019|A|0|0| |0|0|0|0| | | | ||00||0
2026|01|527010|015|08|CD|6216|FAE|01|51|1|003|100|SA|521211|019|A|0|0| |0|0|0|0| | | | ||00||0
2026|01|527010|015|08|CD|6216|FAE|01|51|1|003|100|SB|524111|019|A|0|0| |0|0|0|0| | | | ||00||0
2026|01|527010|015|08|CD|6216|FAE|01|51|1|003|100|SC|524111|019|A|0|0| |0|0|0|0| | | | ||00||0
2026|01|527010|015|08|CD|6216|FAE|01|51|1|003|100|SD|521211|019|A|0|0| |0|0|0|0| | | | ||00||0
2026|01|527010|015|08|CD|6216|FAE|01|51|1|003|100|SE|521211|019|A|0|0| |0|0|0|0| | | | ||00||0
2026|01|527010|015|08|CD|6216|FAE|01|51|1|003|100|SF|521211|019|A|0|0| |0|0|0|0| | | | ||00||0
2026|01|527010|015|08|CD|6216|FAE|01|51|1|003|100|SG|521211|019|A|0|0| |0|0|0|0| | | | ||00||0
2026|01|527010|015|08|CD|6216|FAE|01|51|1|003|100|SH|521211|019|A|0|0| |0|0|0|0| | | | ||00||0
2026|01|527010|015|08|CD|6216|FAE|01|51|1|003|100|SH|522151|019|A|0|0| |0|0|0|0| | | | ||00||0
2026|01|527010|015|08|CD|6216|FAE|01|51|1|003|100|SH|522191|019|A|0|0| |0|0|0|0| | | | ||00||0
2026|01|527010|015|08|CD|6216|FAE|01|51|1|003|100|SI|521211|019|A|0|0| |0|0|0|0| | | | ||00||0
2026|01|527010|015|08|CD|6216|FAE|01|51|1|003|100|SJ|521211|019|A|0|0| |0|0|0|0| | | | ||00||0
2026|01|527010|015|08|WA|4711|EBA|01|51|1|Z04|100|EA|521211|019|A|0|0| |0|0|0|0| | | | ||00||0
2026|01|527010|015|08|WA|4711|EBA|01|51|1|Z04|100|EA|524111|019|A|0|0| |0|0|0|0| | | | ||00||0
2026|01|527010|015|08|WA|4711|EBA|01|51|1|Z04|100|SA|524111|019|A|0|0| |0|0|0|0| | | | ||00||0
2026|01|527010|015|08|WA|4715|EBA|01|51|1|001|100|BA|522151|019|A|0|0| |0|0|0|0| | | | ||00||0
2026|01|527010|015|08|WA|4715|EBA|01|51|1|001|100|CA|521211|019|A|0|0| |0|0|0|0| | | | ||00||0
2026|01|527010|015|08|WA|4715|EBA|01|51|1|001|100|CA|524111|019|A|0|0| |0|0|0|0| | | | ||00||0
2026|01|527010|015|08|WA|4715|EBA|01|51|1|001|100|DA|521211|019|A|0|0| |0|0|0|0| | | | ||00||0
2026|01|527010|015|08|WA|4715|EBA|01|51|1|001|100|DA|522141|019|A|0|0| |0|0|0|0| | | | ||00||0
2026|01|527010|015|08|WA|4715|EBA|01|51|1|001|100|DA|522191|019|A|0|0| |0|0|0|0| | | | ||00||0
2026|01|527010|015|08|WA|4715|EBA|01|51|1|001|100|DA|524111|019|A|0|0| |0|0|0|0| | | | ||00||0
2026|01|527010|015|08|WA|4715|EBA|01|51|1|001|100|DA|524113|019|A|0|0| |0|0|0|0| | | | ||00||0
2026|01|527010|015|08|WA|4715|EBA|01|51|1|001|100|HA|521211|019|A|0|0| |0|0|0|0| | | | ||00||0
2026|01|527010|015|08|WA|4715|EBA|01|51|1|001|100|HB|522151|019|A|0|0| |0|0|0|0| | | | ||00||0
2026|01|527010|015|08|WA|4715|EBA|01|51|1|001|100|IA|521211|019|A|0|0| |0|0|0|0| | | | ||00||0
2026|01|527010|015|08|WA|4715|EBA|01|51|1|001|100|JA|521211|019|A|0|0| |0|0|0|0| | | | ||00||0
2026|01|527010|015|08|WA|4715|EBA|01|51|1|001|100|JA|522191|019|A|0|0| |0|0|0|0| | | | ||00||0
2026|01|527010|015|08|WA|4715|EBA|01|51|1|001|100|JA|524111|019|A|0|0| |0|0|0|0| | | | ||00||0
2026|01|527010|015|08|WA|4715|EBA|01|51|1|001|100|JA|524113|019|A|0|0| |0|0|0|0| | | | ||00||0
2026|01|527010|015|08|WA|4715|EBA|01|51|1|994|002|AC|524111|019|A|0|0| |0|0|0|0| | | | ||00||0
2026|01|527010|015|08|WA|4715|EBA|01|51|1|994|002|AH|521211|019|A|0|0| |0|0|0|0| | | | ||00||0
2026|01|527010|015|08|WA|4715|EBA|01|51|1|994|002|BA|521111|019|A|0|0| |0|0|0|0| | | | ||00||0
2026|01|527010|015|08|WA|4715|EBA|01|51|1|994|002|CA|521115|019|A|0|0| |0|0|0|0| | | | ||00||0
2026|01|527010|015|08|WA|4715|EBA|01|51|1|994|002|CB|521115|019|A|0|0| |0|0|0|0| | | | ||00||0
2026|01|527010|015|08|WA|4715|EBA|01|51|1|994|002|CC|524111|019|A|0|0| |0|0|0|0| | | | ||00||0
2026|01|527010|015|08|WA|4715|EBA|01|51|1|994|002|CC|524119|019|A|0|0| |0|0|0|0| | | | ||00||0
2026|01|527010|015|08|WA|4715|EBA|01|51|1|994|002|CE|524111|019|A|0|0| |0|0|0|0| | | | ||00||0
2026|01|527010|015|08|WA|4715|EBA|01|51|1|994|002|DA|521111|019|A|0|0| |0|0|0|0| | | | ||00||0
2026|01|527010|015|08|WA|4715|EBA|01|51|1|994|002|DA|521119|019|A|0|0| |0|0|0|0| | | | ||00||0
2026|01|527010|015|08|WA|4715|EBA|01|51|1|994|002|DA|521211|019|A|0|0| |0|0|0|0| | | | ||00||0
2026|01|527010|015|08|WA|4715|EBA|01|51|1|994|002|DA|521811|019|A|0|0| |0|0|0|0| | | | ||00||0
2026|01|527010|015|08|WA|4715|EBA|01|51|1|994|002|DA|522141|019|A|0|0| |0|0|0|0| | | | ||00||0
2026|01|527010|015|08|WA|4715|EBA|01|51|1|994|002|DB|521114|019|A|0|0| |0|0|0|0| | | | ||00||0
2026|01|527010|015|08|WA|4715|EBA|01|51|1|994|002|DB|522111|019|A|0|0| |0|0|0|0| | | | ||00||0
2026|01|527010|015|08|WA|4715|EBA|01|51|1|994|002|DB|522112|019|A|0|0| |0|0|0|0| | | | ||00||0
2026|01|527010|015|08|WA|4715|EBA|01|51|1|994|002|DB|522113|019|A|0|0| |0|0|0|0| | | | ||00||0
2026|01|527010|015|08|WA|4715|EBA|01|51|1|994|002|DB|522119|019|A|0|0| |0|0|0|0| | | | ||00||0
2026|01|527010|015|08|WA|4715|EBA|01|51|1|994|002|DC|521115|019|A|0|0| |0|0|0|0| | | | ||00||0
2026|01|527010|015|08|WA|4715|EBA|01|51|1|994|002|DD|523121|019|A|0|0| |0|0|0|0| | | | ||00||0
2026|01|527010|015|08|WA|4715|EBA|01|51|1|994|002|DE|523111|019|A|0|0| |0|0|0|0| | | | ||00||0
2026|01|527010|015|08|WA|4715|EBA|01|51|1|994|002|DE|523119|019|A|0|0| |0|0|0|0| | | | ||00||0
2026|01|527010|015|08|WA|4715|EBA|01|51|1|994|002|FA|524111|019|A|0|0| |0|0|0|0| | | | ||00||0
2026|01|527010|015|08|WA|4715|EBA|01|51|1|994|002|FB|521211|019|A|0|0| |0|0|0|0| | | | ||00||0
2026|01|527010|015|08|WA|4715|EBA|01|51|1|994|002|FB|522151|019|A|0|0| |0|0|0|0| | | | ||00||0
2026|01|527010|015|08|WA|4715|EBA|01|51|1|994|002|FB|524114|019|A|0|0| |0|0|0|0| | | | ||00||0
2026|01|527010|015|08|WA|4715|EBA|01|51|1|994|002|FB|524119|019|A|0|0| |0|0|0|0| | | | ||00||0
2026|01|527010|015|08|WA|4715|EBA|01|51|1|994|002|HA|521115|019|A|0|0| |0|0|0|0| | | | ||00||0
2026|01|527010|015|08|WA|4715|EBA|01|51|1|994|002|HB|522151|019|A|0|0| |0|0|0|0| | | | ||00||0
2026|01|527010|015|08|WA|4715|EBA|01|51|1|994|002|HC|521213|019|A|0|0| |0|0|0|0| | | | ||00||0
2026|01|527010|015|08|WA|4715|EBA|01|51|1|994|002|IA|521211|019|A|0|0| |0|0|0|0| | | | ||00||0
2026|01|527010|015|08|WA|4715|EBA|01|51|1|994|002|JB|521211|019|A|0|0| |0|0|0|0| | | | ||00||0
2026|01|527010|015|08|WA|4715|EBA|01|51|1|994|002|OA|522119|019|A|0|0| |0|0|0|0| | | | ||00||0
2026|01|527010|015|08|WA|4715|EBA|01|51|1|994|002|OB|524111|019|A|0|0| |0|0|0|0| | | | ||00||0
2026|01|527010|015|08|WA|4715|EBA|01|51|1|994|002|SA|521111|019|A|0|0| |0|0|0|0| | | | ||00||0
2026|01|527010|015|08|WA|4715|EBA|01|51|1|994|002|SA|521115|019|A|0|0| |0|0|0|0| | | | ||00||0
2026|01|527010|015|08|WA|4715|EBA|01|51|1|994|002|TJ|523121|019|A|0|0| |0|0|0|0| | | | ||00||0
2026|01|527010|015|08|WA|4715|EBA|01|51|1|994|002|TZ|523199|019|A|0|0| |0|0|0|0| | | | ||00||0
2026|01|527010|015|08|WA|4715|EBA|01|51|1|994|002|XA|524111|019|A|0|0| |0|0|0|0| | | | ||00||0
2026|01|527010|015|08|WA|4715|EBA|01|51|1|003|100|DA|521211|019|A|0|0| |0|0|0|0| | | | ||00||0
2026|01|527010|015|08|WA|4715|EBA|01|51|1|003|100|DA|524111|019|A|0|0| |0|0|0|0| | | | ||00||0
2026|01|527010|015|08|WA|4715|EBA|01|51|1|003|100|DB|521211|019|A|0|0| |0|0|0|0| | | | ||00||0
2026|01|527010|015|08|WA|4715|EBA|01|51|1|003|100|DB|524111|019|A|0|0| |0|0|0|0| | | | ||00||0
2026|01|527010|015|08|WA|4715|EBA|01|51|1|003|100|DB|524113|019|A|0|0| |0|0|0|0| | | | ||00||0
2026|01|527010|015|08|WA|4715|EBA|01|51|1|003|100|DC|524111|019|A|0|0| |0|0|0|0| | | | ||00||0
2026|01|527010|015|08|WA|4715|EBA|01|51|1|003|100|DD|524111|019|A|0|0| |0|0|0|0| | | | ||00||0
2026|01|527010|015|08|WA|4715|EBA|01|51|1|002|100|AA|521211|019|A|0|0| |0|0|0|0| | | | ||00||0
2026|01|527010|015|08|WA|4715|EBA|01|51|1|002|100|AA|524111|019|A|0|0| |0|0|0|0| | | | ||00||0
2026|01|527010|015|08|WA|4715|EBA|01|51|1|002|100|CA|524111|019|A|0|0| |0|0|0|0| | | | ||00||0
2026|01|527010|015|08|WA|4715|EBA|01|51|1|002|100|CA|524211|019|A|0|0| |0|0|0|0| | | | ||00||0
2026|01|527010|015|08|WA|4715|EBA|01|51|1|002|100|CC|524111|019|A|0|0| |0|0|0|0| | | | ||00||0
2026|01|527010|015|08|WA|4715|EBA|01|51|1|002|100|FA|524111|019|A|0|0| |0|0|0|0| | | | ||00||0
2026|01|527010|015|08|WA|4715|EBA|01|51|1|002|100|HA|524111|019|A|0|0| |0|0|0|0| | | | ||00||0
2026|01|527010|015|08|WA|4715|EBA|01|51|1|002|100|HA|524113|019|A|0|0| |0|0|0|0| | | | ||00||0
2026|01|527010|015|08|WA|4715|EBA|01|51|1|002|100|IA|524111|019|A|0|0| |0|0|0|0| | | | ||00||0
2026|01|527010|015|08|WA|4715|EBA|01|51|1|002|100|LA|521211|019|A|0|0| |0|0|0|0| | | | ||00||0
2026|01|527010|015|08|WA|4715|EBA|01|51|1|002|100|LA|524111|019|A|0|0| |0|0|0|0| | | | ||00||0
2026|01|527010|015|08|WA|4715|EBA|01|51|1|002|100|OA|524111|019|A|0|0| |0|0|0|0| | | | ||00||0
2026|01|527010|015|08|WA|4715|EBA|01|51|1|002|100|SA|524111|019|A|0|0| |0|0|0|0| | | | ||00||0
2026|01|527010|015|08|WA|4715|EBA|01|51|1|994|002|CA|521111|019|A|0|0| |0|0|0|0| | | | ||9A||0
2026|01|527010|015|08|WA|4715|EBB|01|51|1|004|100|RB|533121|019|A|0|0| |0|0|0|0| | | | ||9A||0
2026|01|527010|015|08|WA|4715|EBB|01|51|1|002|100|DA|532111|019|A|0|0| |0|0|0|0| | | | ||9A||0
2026|01|527010|015|08|WA|4715|EBB|01|51|1|001|100|KC|532111|019|A|0|0| |0|0|0|0| | | | ||00||0
2026|01|527010|015|08|WA|4715|EBB|01|51|1|004|100|GB|533121|019|A|0|0| |0|0|0|0| | | | ||00||0
2026|01|527010|015|08|WA|4715|EBB|01|51|1|004|100|RB|533121|019|A|0|0| |0|0|0|0| | | | ||00||0
2026|01|527010|015|08|WA|4715|EBB|01|51|1|002|100|CA|532111|019|A|0|0| |0|0|0|0| | | | ||00||0
2026|01|527010|015|08|WA|4715|EBB|01|51|1|002|100|DA|521252|019|A|0|0| |0|0|0|0| | | | ||00||0
2026|01|527010|015|08|WA|4715|EBB|01|51|1|002|100|DA|532111|019|A|0|0| |0|0|0|0| | | | ||00||0
2026|01|527010|015|08|WA|4715|EBB|01|51|1|002|100|DB|532111|019|A|0|0| |0|0|0|0| | | | ||00||0
2026|01|527010|015|08|WA|4715|EBD|01|51|1|001|100|CA|522191|019|A|0|0| |0|0|0|0| | | | ||00||0
2026|01|527010|015|08|WA|4715|EBD|01|51|1|001|100|CC|521211|019|A|0|0| |0|0|0|0| | | | ||00||0
2026|01|527010|015|08|WA|4715|EBD|01|51|1|001|100|CC|524111|019|A|0|0| |0|0|0|0| | | | ||00||0
2026|01|527010|015|08|WA|4715|EBD|01|51|1|001|100|CD|521211|019|A|0|0| |0|0|0|0| | | | ||00||0
2026|01|527010|015|08|WA|4715|EBD|01|51|1|001|100|CD|524111|019|A|0|0| |0|0|0|0| | | | ||00||0
2026|01|527010|015|08|WA|4715|EBD|01|51|1|004|100|CA|521211|019|A|0|0| |0|0|0|0| | | | ||00||0
2026|01|527010|015|08|WA|4715|EBD|01|51|1|004|100|CA|524111|019|A|0|0| |0|0|0|0| | | | ||00||0
2026|01|527010|015|08|WA|4715|EBD|01|51|1|004|100|CB|521211|019|A|0|0| |0|0|0|0| | | | ||00||0
2026|01|527010|015|08|WA|4715|EBD|01|51|1|004|100|CB|524111|019|A|0|0| |0|0|0|0| | | | ||00||0
2026|01|527010|015|08|WA|4715|EBD|01|51|1|004|100|CC|524111|019|A|0|0| |0|0|0|0| | | | ||00||0
2026|01|527010|015|08|WA|4715|EBD|01|51|1|004|100|CD|524111|019|A|0|0| |0|0|0|0| | | | ||00||0
2026|01|527010|015|08|WA|4715|EBD|01|51|1|004|100|CD|524114|019|A|0|0| |0|0|0|0| | | | ||00||0
2026|01|527010|015|08|WA|4715|EBD|01|51|1|Z36|100|AA|521211|019|A|0|0| |0|0|0|0| | | | ||00||0
2026|01|527010|015|08|WA|4715|EBD|01|51|1|Z36|100|AA|524111|019|A|0|0| |0|0|0|0| | | | ||00||0
2026|01|527010|015|08|WA|4715|EBD|01|51|1|Z36|100|AB|521211|019|A|0|0| |0|0|0|0| | | | ||00||0
2026|01|527010|015|08|WA|4715|EBD|01|51|1|Z36|100|AC|521211|019|A|0|0| |0|0|0|0| | | | ||00||0
2026|01|527010|015|08|WA|4715|EBD|01|51|1|Z26|100|CA|521211|019|A|0|0| |0|0|0|0| | | | ||00||0
2026|01|527010|015|08|WA|4715|EBD|01|51|1|Z26|100|CA|524111|019|A|0|0| |0|0|0|0| | | | ||00||0
2026|01|527010|015|08|WA|4715|EBD|01|51|1|Z26|100|CA|524113|019|A|0|0| |0|0|0|0| | | | ||00||0
2026|01|527010|015|08|WA|4715|EBD|01|51|1|Z26|100|CA|524114|019|A|0|0| |0|0|0|0| | | | ||00||0
2026|01|527010|015|08|WA|4715|EBD|01|51|1|Z26|100|CB|521211|019|A|0|0| |0|0|0|0| | | | ||00||0
2026|01|527010|015|08|WA|4715|EBD|01|51|1|Z26|100|CC|521211|019|A|0|0| |0|0|0|0| | | | ||00||0
2026|01|527010|015|08|WA|4715|EBD|01|51|1|Z26|100|CC|524111|019|A|0|0| |0|0|0|0| | | | ||00||0
2026|01|527010|015|08|WA|4715|EBD|01|51|1|Z26|100|CD|524111|019|A|0|0| |0|0|0|0| | | | ||00||0
2026|01|527010|015|08|WA|4715|EBD|01|51|1|Z26|100|SA|521211|019|A|0|0| |0|0|0|0| | | | ||00||0
2026|01|527010|015|08|WA|4715|EBD|01|51|1|974|100|DA|521219|019|A|0|0| |0|0|0|0| | | | ||00||0
2026|01|527010|015|08|WA|4715|EBD|01|51|1|974|100|DA|522191|019|A|0|0| |0|0|0|0| | | | ||00||0
2026|01|527010|015|08|WA|4715|EBD|01|51|1|974|100|DA|524111|019|A|0|0| |0|0|0|0| | | | ||00||0
2026|01|527010|015|08|WA|4715|EBD|01|51|1|974|100|DB|524111|019|A|0|0| |0|0|0|0| | | | ||00||0
2026|01|527010|015|08|WA|4718|BMB|01|51|1|001|100|DA|521211|019|A|0|0| |0|0|0|0| | | | ||00||0
2026|01|527010|015|08|WA|4718|BMB|01|51|1|001|100|DA|522191|019|A|0|0| |0|0|0|0| | | | ||00||0
2026|01|527010|015|08|WA|4718|BMB|01|51|1|003|100|AA|521211|019|A|0|0| |0|0|0|0| | | | ||00||0
2026|01|527010|015|08|WA|4718|BMB|01|51|1|003|100|AA|522191|019|A|0|0| |0|0|0|0| | | | ||00||0
2026|01|527010|015|08|WA|4718|BMB|01|51|1|003|100|AA|524111|019|A|0|0| |0|0|0|0| | | | ||00||0
2026|01|527010|015|08|WA|4718|BMB|01|51|1|002|100|DA|522191|019|A|0|0| |0|0|0|0| | | | ||00||0
2026|01|527010|015|08|WA|4718|BMB|01|51|1|002|100|QA|521211|019|A|0|0| |0|0|0|0| | | | ||00||0
2026|01|527010|015|08|WA|4718|BMB|01|51|1|002|100|QA|524111|019|A|0|0| |0|0|0|0| | | | ||00||0
2026|01|527010|015|08|WA|4718|BMB|01|51|1|002|100|QA|524113|019|A|0|0| |0|0|0|0| | | | ||00||0
2026|01|527010|015|08|WA|4718|BMB|01|51|1|002|100|QB|521211|019|A|0|0| |0|0|0|0| | | | ||00||0
2026|01|527010|015|08|WA|4718|BMB|01|51|1|002|100|QB|521213|019|A|0|0| |0|0|0|0| | | | ||00||0
2026|01|527010|015|08|WA|4718|BMB|01|51|1|002|100|QB|522151|019|A|0|0| |0|0|0|0| | | | ||00||0
2026|01|527010|015|08|WA|4718|BMB|01|51|1|002|100|QB|522191|019|A|0|0| |0|0|0|0| | | | ||00||0
2026|01|527010|015|08|WA|4718|BMB|01|51|1|002|100|QB|524111|019|A|0|0| |0|0|0|0| | | | ||00||0
2026|01|527010|015|08|WA|4718|BMB|01|51|1|002|100|QB|524113|019|A|0|0| |0|0|0|0| | | | ||00||0
2026|01|527010|015|08|WA|4718|BMB|01|51|1|002|100|QC|521211|019|A|0|0| |0|0|0|0| | | | ||00||0
2026|01|527010|015|08|WA|4718|BMB|01|51|1|002|100|QC|522151|019|A|0|0| |0|0|0|0| | | | ||00||0
2026|01|527010|015|08|WA|4718|BMB|01|51|1|002|100|QC|524111|019|A|0|0| |0|0|0|0| | | | ||00||0
2026|01|527010|015|08|WA|4718|BMB|01|51|1|002|100|QC|524113|019|A|0|0| |0|0|0|0| | | | ||00||0
2026|01|527010|015|08|WA|4719|EBA|01|51|1|003|100|CA|521211|019|A|0|0| |0|0|0|0| | | | ||9A||0
2026|01|527010|015|08|WA|4719|EBA|01|51|1|003|100|CA|522151|019|A|0|0| |0|0|0|0| | | | ||9A||0
2026|01|527010|015|08|WA|4719|EBA|01|51|1|003|100|CA|524111|019|A|0|0| |0|0|0|0| | | | ||9A||0
2026|01|527010|015|08|WA|4719|EBA|01|51|1|003|100|CA|524119|019|A|0|0| |0|0|0|0| | | | ||9A||0
2026|01|527010|015|08|WA|4719|EBA|01|51|1|003|100|CB|521211|019|A|0|0| |0|0|0|0| | | | ||9A||0
2026|01|527010|015|08|WA|4719|EBA|01|51|1|003|100|CB|522151|019|A|0|0| |0|0|0|0| | | | ||9A||0
2026|01|527010|015|08|WA|4719|EBA|01|51|1|003|100|CB|524111|019|A|0|0| |0|0|0|0| | | | ||9A||0
2026|01|527010|015|08|WA|4719|EBA|01|51|1|003|100|CB|524113|019|A|0|0| |0|0|0|0| | | | ||9A||0
2026|01|527010|015|08|WA|4719|EBA|01|51|1|003|100|AA|521211|019|A|0|0| |0|0|0|0| | | | ||00||0
2026|01|527010|015|08|WA|4719|EBA|01|51|1|003|100|AA|524111|019|A|0|0| |0|0|0|0| | | | ||00||0
2026|01|527010|015|08|WA|4719|EBA|01|51|1|003|100|AB|521211|019|A|0|0| |0|0|0|0| | | | ||00||0
2026|01|527010|015|08|WA|4719|EBA|01|51|1|003|100|AB|524111|019|A|0|0| |0|0|0|0| | | | ||00||0
2026|01|527010|015|08|WA|4719|EBA|01|51|1|003|100|AC|521211|019|A|0|0| |0|0|0|0| | | | ||00||0
2026|01|527010|015|08|WA|4719|EBA|01|51|1|003|100|AC|524111|019|A|0|0| |0|0|0|0| | | | ||00||0
2026|01|527010|015|08|WA|4719|EBA|01|51|1|003|100|AD|521211|019|A|0|0| |0|0|0|0| | | | ||00||0
2026|01|527010|015|08|WA|4719|EBA|01|51|1|003|100|AD|524111|019|A|0|0| |0|0|0|0| | | | ||00||0
2026|01|527010|015|08|WA|4719|EBA|01|51|1|003|100|AE|521211|019|A|0|0| |0|0|0|0| | | | ||00||0
2026|01|527010|015|08|WA|4719|EBA|01|51|1|003|100|AE|524111|019|A|0|0| |0|0|0|0| | | | ||00||0
2026|01|527010|015|08|WA|4719|EBA|01|51|1|003|100|AF|521211|019|A|0|0| |0|0|0|0| | | | ||00||0
2026|01|527010|015|08|WA|4719|EBA|01|51|1|003|100|AG|524111|019|A|0|0| |0|0|0|0| | | | ||00||0
2026|01|527010|015|08|WA|4719|EBA|01|51|1|003|100|AH|521211|019|A|0|0| |0|0|0|0| | | | ||00||0
2026|01|527010|015|08|WA|4719|EBA|01|51|1|003|100|AH|522151|019|A|0|0| |0|0|0|0| | | | ||00||0
2026|01|527010|015|08|WA|4719|EBA|01|51|1|003|100|AH|524111|019|A|0|0| |0|0|0|0| | | | ||00||0
2026|01|527010|015|08|WA|4719|EBA|01|51|1|003|100|AI|521211|019|A|0|0| |0|0|0|0| | | | ||00||0
2026|01|527010|015|08|WA|4719|EBA|01|51|1|003|100|AI|524113|019|A|0|0| |0|0|0|0| | | | ||00||0
2026|01|527010|015|08|WA|4719|EBA|01|51|1|003|100|AJ|524111|019|A|0|0| |0|0|0|0| | | | ||00||0
2026|01|527010|015|08|WA|4719|EBA|01|51|1|003|100|AK|524111|019|A|0|0| |0|0|0|0| | | | ||00||0
2026|01|527010|015|08|WA|4719|EBA|01|51|1|003|100|AL|524111|019|A|0|0| |0|0|0|0| | | | ||00||0
2026|01|527010|015|08|WA|4719|EBA|01|51|1|003|100|BA|524111|019|A|0|0| |0|0|0|0| | | | ||00||0
2026|01|527010|015|08|WA|4719|EBA|01|51|1|003|100|CD|524119|019|A|0|0| |0|0|0|0| | | | ||00||0
2026|01|527010|015|08|WA|4719|EBA|01|51|1|003|100|DA|521211|019|A|0|0| |0|0|0|0| | | | ||00||0
2026|01|527010|015|08|WA|4719|EBA|01|51|1|003|100|DA|524111|019|A|0|0| |0|0|0|0| | | | ||00||0
2026|01|527010|015|08|WA|4719|EBA|01|51|1|003|100|DB|521211|019|A|0|0| |0|0|0|0| | | | ||00||0
2026|01|527010|015|08|WA|4719|EBA|01|51|1|003|100|DC|524111|019|A|0|0| |0|0|0|0| | | | ||00||0
2026|01|527010|015|08|WA|4719|EBA|01|51|1|003|100|DC|524113|019|A|0|0| |0|0|0|0| | | | ||00||0
2026|01|527010|015|08|WA|4719|EBA|01|51|1|003|100|DD|524111|019|A|0|0| |0|0|0|0| | | | ||00||0
2026|01|527010|015|08|WA|4719|EBA|01|51|1|003|100|DE|524111|019|A|0|0| |0|0|0|0| | | | ||00||0
2026|01|527010|015|08|WA|4719|EBA|01|51|1|003|100|DE|524113|019|A|0|0| |0|0|0|0| | | | ||00||0
2026|01|527010|015|08|WA|4719|EBA|01|51|1|003|100|DF|524111|019|A|0|0| |0|0|0|0| | | | ||00||0
2026|01|527010|015|08|WA|4719|EBA|01|51|1|003|100|EA|524111|019|A|0|0| |0|0|0|0| | | | ||00||0
2026|01|527010|015|08|WA|4719|EBA|01|51|1|003|100|FA|521211|019|A|0|0| |0|0|0|0| | | | ||00||0
2026|01|527010|015|08|WA|4719|EBA|01|51|1|003|100|HA|524111|019|A|0|0| |0|0|0|0| | | | ||00||0
2026|01|527010|015|08|WA|4719|EBA|01|51|1|003|100|IA|524111|019|A|0|0| |0|0|0|0| | | | ||00||0
2026|01|527010|015|08|WA|4719|EBA|01|51|1|003|100|QA|522151|019|A|0|0| |0|0|0|0| | | | ||00||0
2026|01|527010|015|08|WA|4719|EBA|01|51|1|003|100|QA|524111|019|A|0|0| |0|0|0|0| | | | ||00||0
2026|01|527010|015|08|WA|4719|EBA|01|51|1|003|100|QA|524119|019|A|0|0| |0|0|0|0| | | | ||00||0
2026|01|527010|015|08|WA|4719|EBA|01|51|1|003|100|QB|524113|019|A|0|0| |0|0|0|0| | | | ||00||0
2026|01|527010|015|08|WA|4719|EBA|01|51|1|003|100|QC|521211|019|A|0|0| |0|0|0|0| | | | ||00||0
2026|01|527010|015|08|WA|4719|EBA|01|51|1|003|100|QC|521213|019|A|0|0| |0|0|0|0| | | | ||00||0
2026|01|527010|015|08|WA|4719|EBA|01|51|1|003|100|QC|522151|019|A|0|0| |0|0|0|0| | | | ||00||0
2026|01|527010|015|08|WA|4719|EBA|01|51|1|003|100|QC|524111|019|A|0|0| |0|0|0|0| | | | ||00||0
2026|01|527010|015|08|WA|4719|EBA|01|51|1|003|100|QC|524113|019|A|0|0| |0|0|0|0| | | | ||00||0
2026|01|527010|015|08|WA|4719|EBA|01|51|1|003|100|QD|524111|019|A|0|0| |0|0|0|0| | | | ||00||0
2026|01|527010|015|08|WA|4719|EBA|01|51|1|994|001|CA|511129|019|A|0|0| |0|0|0|0| | | | ||00||0
2026|01|527010|015|08|WA|4719|EBA|01|51|1|994|001|CA|512211|019|A|0|0| |0|0|0|0| | | | ||00||0
2026|01|527010|015|08|WA|4719|EBA|01|51|1|994|001|CB|511125|019|A|0|0| |0|0|0|0| | | | ||00||0
2026|01|527010|015|08|WA|4719|EBA|01|51|1|994|001|CB|511611|019|A|0|0| |0|0|0|0| | | | ||00||0
2026|01|527010|015|08|WA|4719|EBA|01|51|1|994|001|CB|511619|019|A|0|0| |0|0|0|0| | | | ||00||0
2026|01|527010|015|08|WA|4719|EBA|01|51|1|994|001|CB|511621|019|A|0|0| |0|0|0|0| | | | ||00||0
2026|01|527010|015|08|WA|4719|EBA|01|51|1|994|001|CB|511622|019|A|0|0| |0|0|0|0| | | | ||00||0
2026|01|527010|015|08|WA|4719|EBA|01|51|1|994|001|CB|511624|019|A|0|0| |0|0|0|0| | | | ||00||0
2026|01|527010|015|08|WA|4719|EBA|01|51|1|994|001|CB|511625|019|A|0|0| |0|0|0|0| | | | ||00||0
2026|01|527010|015|08|WA|4719|EBA|01|51|1|994|001|CB|511628|019|A|0|0| |0|0|0|0| | | | ||00||0
2026|01|527010|015|08|WA|4719|EBA|01|51|1|994|001|CB|511632|019|A|0|0| |0|0|0|0| | | | ||00||0
2026|01|527010|015|08|WA|4719|EBA|01|51|1|994|001|CB|512212|019|A|0|0| |0|0|0|0| | | | ||00||0
2026|01|527010|015|08|WA|4719|EBA|01|51|1|007|100|EA|522191|019|A|0|0| |0|0|0|0| | | | ||00||0
2026|01|527010|015|08|WA|4719|EBA|01|51|1|004|100|AA|524111|019|A|0|0| |0|0|0|0| | | | ||00||0
2026|01|527010|015|08|WA|4719|EBA|01|51|1|004|100|AB|521211|019|A|0|0| |0|0|0|0| | | | ||00||0
2026|01|527010|015|08|WA|4719|EBA|01|51|1|004|100|AB|524111|019|A|0|0| |0|0|0|0| | | | ||00||0
2026|01|527010|015|08|WA|4719|EBA|01|51|1|004|100|AC|522151|019|A|0|0| |0|0|0|0| | | | ||00||0
2026|01|527010|015|08|WA|4719|EBA|01|51|1|004|100|AC|522191|019|A|0|0| |0|0|0|0| | | | ||00||0
2026|01|527010|015|08|WA|4719|EBA|01|51|1|004|100|AD|524111|019|A|0|0| |0|0|0|0| | | | ||00||0
2026|01|527010|015|08|WA|4719|EBC|01|51|1|001|100|BA|521211|019|A|0|0| |0|0|0|0| | | | ||00||0
2026|01|527010|015|08|WA|4719|EBC|01|51|1|001|100|BA|522131|019|A|0|0| |0|0|0|0| | | | ||00||0
2026|01|527010|015|08|WA|4719|EBC|01|51|1|001|100|BA|522151|019|A|0|0| |0|0|0|0| | | | ||00||0
2026|01|527010|015|08|WA|4719|EBC|01|51|1|001|100|BA|524111|019|A|0|0| |0|0|0|0| | | | ||00||0
2026|01|527010|015|08|WA|4719|EBC|01|51|1|001|100|BB|521211|019|A|0|0| |0|0|0|0| | | | ||00||0
2026|01|527010|015|08|WA|4719|EBC|01|51|1|001|100|BB|522151|019|A|0|0| |0|0|0|0| | | | ||00||0
2026|01|527010|015|08|WA|4719|EBC|01|51|1|001|100|BB|522191|019|A|0|0| |0|0|0|0| | | | ||00||0
2026|01|527010|015|08|WA|4719|EBC|01|51|1|001|100|BB|524111|019|A|0|0| |0|0|0|0| | | | ||00||0
2026|01|527010|015|08|WA|4719|EBC|01|51|1|001|100|BC|521211|019|A|0|0| |0|0|0|0| | | | ||00||0
2026|01|527010|015|08|WA|4719|EBC|01|51|1|001|100|BC|522151|019|A|0|0| |0|0|0|0| | | | ||00||0
2026|01|527010|015|08|WA|4719|EBC|01|51|1|001|100|BC|522191|019|A|0|0| |0|0|0|0| | | | ||00||0
2026|01|527010|015|08|WA|4719|EBC|01|51|1|001|100|BC|524111|019|A|0|0| |0|0|0|0| | | | ||00||0
2026|01|527010|015|08|WA|4719|EBC|01|51|1|001|100|BC|524113|019|A|0|0| |0|0|0|0| | | | ||00||0
2026|01|527010|015|08|WA|4719|EBC|01|51|1|001|100|BC|524114|019|A|0|0| |0|0|0|0| | | | ||00||0
2026|01|527010|015|08|WA|4719|EBC|01|51|1|001|100|CA|521211|019|A|0|0| |0|0|0|0| | | | ||00||0
2026|01|527010|015|08|WA|4719|EBC|01|51|1|001|100|CA|524114|019|A|0|0| |0|0|0|0| | | | ||00||0
2026|01|527010|015|08|WA|4719|EBC|01|51|1|001|100|DA|522151|019|A|0|0| |0|0|0|0| | | | ||00||0
2026|01|527010|015|08|WA|4719|EBC|01|51|1|001|100|DC|521219|019|A|0|0| |0|0|0|0| | | | ||00||0
2026|01|527010|015|08|WA|4719|EBC|01|51|1|001|100|IA|522191|019|A|0|0| |0|0|0|0| | | | ||00||0
2026|01|527010|015|08|WA|4719|EBC|01|51|1|001|100|OB|521211|019|A|0|0| |0|0|0|0| | | | ||00||0
2026|01|527010|015|08|WA|4719|EBC|01|51|1|001|100|OD|521211|019|A|0|0| |0|0|0|0| | | | ||00||0
2026|01|527010|015|08|WA|4719|EBC|01|51|1|001|100|OE|524113|019|A|0|0| |0|0|0|0| | | | ||00||0
2026|01|527010|015|08|WA|4719|EBC|01|51|1|001|100|XB|522191|019|A|0|0| |0|0|0|0| | | | ||00||0
2026|01|527010|015|08|WA|4719|EBC|01|51|1|001|100|XB|524113|019|A|0|0| |0|0|0|0| | | | ||00||0
2026|01|527010|015|08|WA|4719|EBC|01|51|1|004|100|AA|521211|019|A|0|0| |0|0|0|0| | | | ||00||0
2026|01|527010|015|08|WA|4719|EBC|01|51|1|004|100|BA|521211|019|A|0|0| |0|0|0|0| | | | ||00||0
2026|01|527010|015|08|WA|4719|EBC|01|51|1|003|100|BA|521211|019|A|0|0| |0|0|0|0| | | | ||00||0
2026|01|527010|015|08|WA|4719|EBC|01|51|1|003|100|BA|522151|019|A|0|0| |0|0|0|0| | | | ||00||0
2026|01|527010|015|08|WA|4719|EBC|01|51|1|003|100|BA|524111|019|A|0|0| |0|0|0|0| | | | ||00||0
2026|01|527010|015|08|WA|4719|EBC|01|51|1|003|100|BA|524113|019|A|0|0| |0|0|0|0| | | | ||00||0
2026|01|527010|015|08|WA|4719|EBC|01|51|1|003|100|BB|521211|019|A|0|0| |0|0|0|0| | | | ||00||0
2026|01|527010|015|08|WA|4719|EBC|01|51|1|003|100|CA|524111|019|A|0|0| |0|0|0|0| | | | ||00||0
2026|01|527010|015|08|WA|4719|EBC|01|51|1|003|100|XA|524111|019|A|0|0| |0|0|0|0| | | | ||00||0
2026|01|527010|015|08|WA|4722|EBD|01|51|1|001|100|EA|524111|019|A|0|0| |0|0|0|0| | | | ||00||0
2026|01|527010|015|08|WA|4722|EBD|01|51|1|003|100|EA|521211|019|A|0|0| |0|0|0|0| | | | ||00||0
2026|01|527010|015|08|WA|4722|EBD|01|51|1|003|100|EB|521211|019|A|0|0| |0|0|0|0| | | | ||00||0
2026|01|527010|015|08|WA|4722|EBD|01|51|1|003|100|EC|521211|019|A|0|0| |0|0|0|0| | | | ||00||0
2026|01|527010|015|08|WA|4722|EBD|01|51|1|003|100|EC|524111|019|A|0|0| |0|0|0|0| | | | ||00||0
2026|01|527010|015|08|WA|4722|EBD|01|51|1|003|100|ED|524111|019|A|0|0| |0|0|0|0| | | | ||00||0
2026|01|527010|015|08|WA|4722|EBD|01|51|1|003|100|ED|524113|019|A|0|0| |0|0|0|0| | | | ||00||0
2026|01|527010|015|08|WA|4722|EBD|01|51|1|003|100|EE|521211|019|A|0|0| |0|0|0|0| | | | ||00||0
2026|01|527010|015|08|WA|4722|EBD|01|51|1|003|100|EF|521211|019|A|0|0| |0|0|0|0| | | | ||00||0
2026|01|527010|015|08|WA|4722|EBD|01|51|1|002|100|EA|521211|019|A|0|0| |0|0|0|0| | | | ||00||0
2026|01|527010|015|08|WA|4722|EBD|01|51|1|002|100|EA|524111|019|A|0|0| |0|0|0|0| | | | ||00||0
2026|01|527010|015|08|WA|4722|EBD|01|51|1|002|100|JA|521211|019|A|0|0| |0|0|0|0| | | | ||00||0
2026|01|527010|015|08|WA|4725|CCL|01|51|1|001|005|TJ|523121|019|A|0|0| |0|0|0|0| | | | ||00||0
2026|01|527010|015|08|WA|4725|CCL|01|51|1|001|005|TJ|523199|019|A|0|0| |0|0|0|0| | | | ||00||0
2026|01|527010|015|08|WA|4725|CCL|01|51|1|003|005|TJ|522191|019|A|0|0| |0|0|0|0| | | | ||00||0
2026|01|527010|015|08|WA|4725|CCL|01|51|1|003|005|TJ|523121|019|A|0|0| |0|0|0|0| | | | ||00||0
2026|01|527010|015|08|WA|4725|CCL|01|51|1|003|005|TJ|523199|019|A|0|0| |0|0|0|0| | | | ||00||0
2026|01|527010|015|08|WA|4725|CCL|01|51|1|002|005|TJ|522191|019|A|0|0| |0|0|0|0| | | | ||00||0
2026|01|527010|015|08|WA|4725|CCL|01|51|1|002|005|TJ|523199|019|A|0|0| |0|0|0|0| | | | ||00||0
2026|01|527010|015|08|WA|4725|FAB|01|51|1|003|100|EA|524111|019|A|0|0| |0|0|0|0| | | | ||00||0
2026|01|527010|015|08|WA|4725|FAB|01|51|1|003|100|LA|521211|019|A|0|0| |0|0|0|0| | | | ||00||0
2026|01|527010|015|08|WA|4725|FAB|01|51|1|003|100|LA|524111|019|A|0|0| |0|0|0|0| | | | ||00||0
2026|01|527010|015|08|WA|4725|FAB|01|51|1|003|100|TH|522191|019|A|0|0| |0|0|0|0| | | | ||00||0
2026|01|527010|015|08|WA|4725|FAB|01|51|1|004|100|LA|521211|019|A|0|0| |0|0|0|0| | | | ||00||0
2026|01|527010|015|08|WA|4725|FAB|01|51|1|004|100|LA|524111|019|A|0|0| |0|0|0|0| | | | ||00||0
2026|01|527010|015|08|WA|4725|FAB|01|51|1|004|100|LA|524113|019|A|0|0| |0|0|0|0| | | | ||00||0
2026|01|527010|015|08|WA|4725|FAB|01|51|1|006|100|JA|521211|019|A|0|0| |0|0|0|0| | | | ||00||0
2026|01|527010|015|08|WA|4725|FAB|01|51|1|002|100|LA|521211|019|A|0|0| |0|0|0|0| | | | ||00||0
2026|01|527010|015|08|WA|4725|FAB|01|51|1|002|100|LA|524111|019|A|0|0| |0|0|0|0| | | | ||00||0
2026|01|527010|015|08|WA|4725|FAB|01|51|1|002|100|TH|522191|019|A|0|0| |0|0|0|0| | | | ||00||0
2026|01|527010|015|08|WA|4725|FAB|01|51|1|307|100|SA|521211|019|A|0|0| |0|0|0|0| | | | ||00||0
2026|01|527010|015|08|WA|4725|FAB|01|51|1|307|100|SA|524111|019|A|0|0| |0|0|0|0| | | | ||00||0
2026|01|527010|015|08|WA|4725|FAB|01|51|1|001|100|LA|521211|019|A|0|0| |0|0|0|0| | | | ||00||0
2026|01|527010|015|08|WA|4725|FAB|01|51|1|001|100|LA|522151|019|A|0|0| |0|0|0|0| | | | ||00||0
2026|01|527010|015|08|WA|4725|FAB|01|51|1|001|100|LA|524111|019|A|0|0| |0|0|0|0| | | | ||00||0
2026|01|527010|015|08|WA|4725|FAB|01|51|1|008|100|FA|524111|019|A|0|0| |0|0|0|0| | | | ||00||0
2026|01|527488|015|08|CD|6212|BMB|05|27|2|001|100| A|524113|073|A|0|0| |0|0|0|0| | | | ||00||0
2026|01|527488|015|08|CD|6212|FAC|05|27|2|001|100| A|521211|073|A|0|0| |0|0|0|0| | | | ||00||0
2026|01|527488|015|08|CD|6212|FAC|05|27|2|001|100| B|521211|073|A|0|0| |0|0|0|0| | | | ||00||0
2026|01|527488|015|08|CD|6212|FAH|05|27|2|001|100| A|521211|073|A|0|0| |0|0|0|0| | | | ||00||0
2026|01|527488|015|08|CD|6212|FAL|05|27|2|004|100| A|521211|073|A|0|0| |0|0|0|0| | | | ||00||0
2026|01|527488|015|08|CD|6212|FAL|05|27|2|004|100| B|521211|073|A|0|0| |0|0|0|0| | | | ||00||0
2026|01|527488|015|08|CD|6212|FAL|05|27|2|004|100| C|524111|073|A|0|0| |0|0|0|0| | | | ||00||0
2026|01|527488|015|08|CD|6212|FAL|05|27|2|004|100| D|524111|073|A|0|0| |0|0|0|0| | | | ||00||0
2026|01|527488|015|08|CD|6212|FAL|05|27|2|004|100| D|524113|073|A|0|0| |0|0|0|0| | | | ||00||0
2026|01|527488|015|08|CD|6213|FAC|05|27|2|001|100| A|521211|073|A|0|0| |0|0|0|0| | | | ||00||0
2026|01|527488|015|08|CD|6213|FAE|05|27|2|009|100| A|524113|073|A|0|0| |0|0|0|0| | | | ||00||0
2026|01|527488|015|08|CD|6213|FAL|05|27|2|003|100| A|524111|073|A|0|0| |0|0|0|0| | | | ||00||0
2026|01|527488|015|08|CD|6213|FAL|05|27|2|003|100| A|524113|073|A|0|0| |0|0|0|0| | | | ||00||0
2026|01|527488|015|08|CD|6214|FAL|05|27|2|002|100| A|521211|073|A|0|0| |0|0|0|0| | | | ||00||0
2026|01|527488|015|08|CD|6214|FAL|05|27|2|002|100| B|521211|073|A|0|0| |0|0|0|0| | | | ||00||0
2026|01|527488|015|08|CD|6215|FAH|05|27|2|003|100| A|521211|073|A|0|0| |0|0|0|0| | | | ||00||0
2026|01|527488|015|08|WA|4715|EBA|05|27|2|001|100| A|521811|073|A|0|0| |0|0|0|0| | | | ||00||0
2026|01|527488|015|08|WA|4715|EBA|05|27|2|001|100| B|522151|073|A|0|0| |0|0|0|0| | | | ||00||0
2026|01|527488|015|08|WA|4715|EBA|05|27|2|994|002| A|521111|073|A|0|0| |0|0|0|0| | | | ||00||0
2026|01|527488|015|08|WA|4715|EBA|05|27|2|994|002| A|521119|073|A|0|0| |0|0|0|0| | | | ||00||0
2026|01|527488|015|08|WA|4715|EBA|05|27|2|994|002| A|521811|073|A|0|0| |0|0|0|0| | | | ||00||0
2026|01|527488|015|08|WA|4715|EBA|05|27|2|994|002| B|521114|073|A|0|0| |0|0|0|0| | | | ||00||0
2026|01|527488|015|08|WA|4715|EBA|05|27|2|994|002| B|522113|073|A|0|0| |0|0|0|0| | | | ||00||0
2026|01|527488|015|08|WA|4715|EBA|05|27|2|994|002| C|521113|073|A|0|0| |0|0|0|0| | | | ||00||0
2026|01|527488|015|08|WA|4715|EBA|05|27|2|994|002| C|521115|073|A|0|0| |0|0|0|0| | | | ||00||0
2026|01|527488|015|08|WA|4715|EBA|05|27|2|994|002| C|521119|073|A|0|0| |0|0|0|0| | | | ||00||0
2026|01|527488|015|08|WA|4715|EBA|05|27|2|994|002| D|523121|073|A|0|0| |0|0|0|0| | | | ||00||0
2026|01|527488|015|08|WA|4715|EBA|05|27|2|994|002| G|523111|073|A|0|0| |0|0|0|0| | | | ||00||0
2026|01|527488|015|08|WA|4715|EBA|05|27|2|994|002| G|523119|073|A|0|0| |0|0|0|0| | | | ||00||0
2026|01|527488|015|08|WA|4715|EBA|05|27|2|994|002|HA|524111|073|A|0|0| |0|0|0|0| | | | ||00||0
2026|01|527488|015|08|WA|4715|EBA|05|27|2|994|002|HB|524111|073|A|0|0| |0|0|0|0| | | | ||00||0
2026|01|527488|015|08|WA|4715|EBA|05|27|2|994|002|HH|524111|073|A|0|0| |0|0|0|0| | | | ||00||0
2026|01|527488|015|08|WA|4715|EBA|05|27|2|994|002|HH|524113|073|A|0|0| |0|0|0|0| | | | ||00||0
2026|01|527488|015|08|WA|4715|EBA|05|27|2|994|002|TJ|523121|073|A|0|0| |0|0|0|0| | | | ||00||0
2026|01|527488|015|08|WA|4715|EBA|05|27|2|002|100| A|524111|073|A|0|0| |0|0|0|0| | | | ||00||0
2026|01|527488|015|08|WA|4715|EBA|05|27|2|002|100| A|524113|073|A|0|0| |0|0|0|0| | | | ||00||0
2026|01|527488|015|08|WA|4715|EBB|05|27|2|004|100|GB|533121|073|A|0|0| |0|0|0|0| | | | ||00||0
2026|01|527488|015|08|WA|4715|EBB|05|27|2|004|100|RB|533121|073|A|0|0| |0|0|0|0| | | | ||00||0
2026|01|527488|015|08|WA|4718|BMB|05|27|2|002|100| A|521219|073|A|0|0| |0|0|0|0| | | | ||00||0
2026|01|527488|015|08|WA|4718|BMB|05|27|2|001|100| A|521211|073|A|0|0| |0|0|0|0| | | | ||00||0
2026|01|527488|015|08|WA|4719|EBA|05|27|2|994|001| A|511129|073|A|0|0| |0|0|0|0| | | | ||00||0
2026|01|527488|015|08|WA|4719|EBA|05|27|2|994|001| A|512211|073|A|0|0| |0|0|0|0| | | | ||00||0
2026|01|527488|015|08|WA|4719|EBA|05|27|2|004|100| A|521211|073|A|0|0| |0|0|0|0| | | | ||00||0
2026|01|527488|015|08|WA|4719|EBC|05|27|2|001|100| A|521211|073|A|0|0| |0|0|0|0| | | | ||00||0
2026|01|527488|015|08|WA|4719|EBC|05|27|2|001|100| A|522151|073|A|0|0| |0|0|0|0| | | | ||00||0
2026|01|527488|015|08|WA|4719|EBC|05|27|2|001|100| A|524113|073|A|0|0| |0|0|0|0| | | | ||00||0
2026|01|527471|015|08|CD|6212|BMB|05|06|2|001|100| A|524111|036|A|0|0| |0|0|0|0| | | | ||00||0
2026|01|527471|015|08|CD|6212|BMB|05|06|2|001|100| A|524113|036|A|0|0| |0|0|0|0| | | | ||00||0
2026|01|527471|015|08|CD|6212|FAC|05|06|2|001|100| A|521211|036|A|0|0| |0|0|0|0| | | | ||00||0
2026|01|527471|015|08|CD|6212|FAC|05|06|2|001|100| B|521211|036|A|0|0| |0|0|0|0| | | | ||00||0
2026|01|527471|015|08|CD|6212|FAH|05|06|2|001|100| A|521211|036|A|0|0| |0|0|0|0| | | | ||00||0
2026|01|527471|015|08|CD|6212|FAH|05|06|2|001|100| B|524111|036|A|0|0| |0|0|0|0| | | | ||00||0
2026|01|527471|015|08|CD|6212|FAH|05|06|2|001|100| B|524113|036|A|0|0| |0|0|0|0| | | | ||00||0
2026|01|527471|015|08|CD|6212|FAL|05|06|2|004|100| A|521211|036|A|0|0| |0|0|0|0| | | | ||00||0
2026|01|527471|015|08|CD|6212|FAL|05|06|2|004|100| B|521211|036|A|0|0| |0|0|0|0| | | | ||00||0
2026|01|527471|015|08|CD|6212|FAL|05|06|2|004|100| D|524111|036|A|0|0| |0|0|0|0| | | | ||00||0
2026|01|527471|015|08|CD|6212|FAL|05|06|2|004|100| D|524113|036|A|0|0| |0|0|0|0| | | | ||00||0
2026|01|527471|015|08|CD|6213|FAC|05|06|2|001|100| A|521211|036|A|0|0| |0|0|0|0| | | | ||00||0
2026|01|527471|015|08|CD|6213|FAE|05|06|2|009|100| A|524111|036|A|0|0| |0|0|0|0| | | | ||00||0
2026|01|527471|015|08|CD|6213|FAE|05|06|2|009|100| A|524113|036|A|0|0| |0|0|0|0| | | | ||00||0
2026|01|527471|015|08|CD|6213|FAL|05|06|2|003|100| A|524111|036|A|0|0| |0|0|0|0| | | | ||00||0
2026|01|527471|015|08|CD|6213|FAL|05|06|2|003|100| A|524113|036|A|0|0| |0|0|0|0| | | | ||00||0
2026|01|527471|015|08|CD|6214|FAL|05|06|2|002|100| A|521211|036|A|0|0| |0|0|0|0| | | | ||00||0
2026|01|527471|015|08|CD|6214|FAL|05|06|2|002|100| B|521211|036|A|0|0| |0|0|0|0| | | | ||00||0
2026|01|527471|015|08|CD|6215|FAH|05|06|2|003|100| A|521211|036|A|0|0| |0|0|0|0| | | | ||00||0
2026|01|527471|015|08|CD|6215|FAH|05|06|2|003|100| B|524111|036|A|0|0| |0|0|0|0| | | | ||00||0
2026|01|527471|015|08|WA|4715|EBA|05|06|2|001|100| A|521811|036|A|0|0| |0|0|0|0| | | | ||00||0
2026|01|527471|015|08|WA|4715|EBA|05|06|2|001|100| B|522151|036|A|0|0| |0|0|0|0| | | | ||00||0
2026|01|527471|015|08|WA|4715|EBA|05|06|2|001|100| B|524111|036|A|0|0| |0|0|0|0| | | | ||00||0
2026|01|527471|015|08|WA|4715|EBA|05|06|2|994|002| A|521111|036|A|0|0| |0|0|0|0| | | | ||00||0
2026|01|527471|015|08|WA|4715|EBA|05|06|2|994|002| A|521119|036|A|0|0| |0|0|0|0| | | | ||00||0
2026|01|527471|015|08|WA|4715|EBA|05|06|2|994|002| A|521811|036|A|0|0| |0|0|0|0| | | | ||00||0
2026|01|527471|015|08|WA|4715|EBA|05|06|2|994|002| B|521114|036|A|0|0| |0|0|0|0| | | | ||00||0
2026|01|527471|015|08|WA|4715|EBA|05|06|2|994|002| B|522113|036|A|0|0| |0|0|0|0| | | | ||00||0
2026|01|527471|015|08|WA|4715|EBA|05|06|2|994|002| C|521113|036|A|0|0| |0|0|0|0| | | | ||00||0
2026|01|527471|015|08|WA|4715|EBA|05|06|2|994|002| C|521115|036|A|0|0| |0|0|0|0| | | | ||00||0
2026|01|527471|015|08|WA|4715|EBA|05|06|2|994|002| C|521119|036|A|0|0| |0|0|0|0| | | | ||00||0
2026|01|527471|015|08|WA|4715|EBA|05|06|2|994|002| D|523121|036|A|0|0| |0|0|0|0| | | | ||00||0
2026|01|527471|015|08|WA|4715|EBA|05|06|2|994|002| G|523111|036|A|0|0| |0|0|0|0| | | | ||00||0
2026|01|527471|015|08|WA|4715|EBA|05|06|2|994|002| G|523119|036|A|0|0| |0|0|0|0| | | | ||00||0
2026|01|527471|015|08|WA|4715|EBA|05|06|2|994|002|HA|524111|036|A|0|0| |0|0|0|0| | | | ||00||0
2026|01|527471|015|08|WA|4715|EBA|05|06|2|994|002|HB|524111|036|A|0|0| |0|0|0|0| | | | ||00||0
2026|01|527471|015|08|WA|4715|EBA|05|06|2|994|002|HH|524111|036|A|0|0| |0|0|0|0| | | | ||00||0
2026|01|527471|015|08|WA|4715|EBA|05|06|2|994|002|HH|524113|036|A|0|0| |0|0|0|0| | | | ||00||0
2026|01|527471|015|08|WA|4715|EBA|05|06|2|994|002|TJ|523121|036|A|0|0| |0|0|0|0| | | | ||00||0
2026|01|527471|015|08|WA|4715|EBA|05|06|2|002|100| A|524111|036|A|0|0| |0|0|0|0| | | | ||00||0
2026|01|527471|015|08|WA|4715|EBA|05|06|2|002|100| A|524113|036|A|0|0| |0|0|0|0| | | | ||00||0
2026|01|527471|015|08|WA|4715|EBD|05|06|2|Z36|100| A|524111|036|A|0|0| |0|0|0|0| | | | ||00||0
2026|01|527471|015|08|WA|4718|BMB|05|06|2|001|100| A|521211|036|A|0|0| |0|0|0|0| | | | ||00||0
2026|01|527471|015|08|WA|4718|BMB|05|06|2|002|100| A|521219|036|A|0|0| |0|0|0|0| | | | ||00||0
2026|01|527471|015|08|WA|4719|EBA|05|06|2|994|001| A|511129|036|A|0|0| |0|0|0|0| | | | ||00||0
2026|01|527471|015|08|WA|4719|EBA|05|06|2|994|001| A|512211|036|A|0|0| |0|0|0|0| | | | ||00||0
2026|01|527471|015|08|WA|4719|EBA|05|06|2|004|100| A|521211|036|A|0|0| |0|0|0|0| | | | ||00||0
2026|01|527471|015|08|WA|4719|EBC|05|06|2|001|100| A|521211|036|A|0|0| |0|0|0|0| | | | ||00||0
2026|01|527471|015|08|WA|4719|EBC|05|06|2|001|100| A|522151|036|A|0|0| |0|0|0|0| | | | ||00||0
2026|01|527471|015|08|WA|4719|EBC|05|06|2|001|100| A|524113|036|A|0|0| |0|0|0|0| | | | ||00||0
2026|01|527645|015|08|CD|6212|BMB|07|51|2|001|100| B|521211|123|A|0|0| |0|0|0|0| | | | ||00||0
2026|01|527645|015|08|CD|6212|BMB|07|51|2|001|100| B|522151|123|A|0|0| |0|0|0|0| | | | ||00||0
2026|01|527645|015|08|CD|6212|BMB|07|51|2|001|100| D|521211|123|A|0|0| |0|0|0|0| | | | ||00||0
2026|01|527645|015|08|CD|6212|BMB|07|51|2|001|100| D|522141|123|A|0|0| |0|0|0|0| | | | ||00||0
2026|01|527645|015|08|CD|6212|FAH|07|51|2|002|100| A|521211|123|A|0|0| |0|0|0|0| | | | ||00||0
2026|01|527645|015|08|CD|6212|FAH|07|51|2|002|100| B|524111|123|A|0|0| |0|0|0|0| | | | ||00||0
2026|01|527645|015|08|CD|6212|FAH|07|51|2|002|100| C|522151|123|A|0|0| |0|0|0|0| | | | ||00||0
2026|01|527645|015|08|CD|6212|FAL|07|51|2|001|100| B|521211|123|A|0|0| |0|0|0|0| | | | ||00||0
2026|01|527645|015|08|CD|6212|FAL|07|51|2|001|100| D|521211|123|A|0|0| |0|0|0|0| | | | ||00||0
2026|01|527645|015|08|CD|6212|FAL|07|51|2|001|100| D|521213|123|A|0|0| |0|0|0|0| | | | ||00||0
2026|01|527645|015|08|CD|6212|FAL|07|51|2|001|100| D|522151|123|A|0|0| |0|0|0|0| | | | ||00||0
2026|01|527645|015|08|CD|6213|FAE|07|51|2|009|100| A|521211|123|A|0|0| |0|0|0|0| | | | ||00||0
2026|01|527645|015|08|CD|6213|FAE|07|51|2|009|100| A|522151|123|A|0|0| |0|0|0|0| | | | ||00||0
2026|01|527645|015|08|CD|6213|FAE|07|51|2|008|100| A|522151|123|A|0|0| |0|0|0|0| | | | ||00||0
2026|01|527645|015|08|CD|6213|FAE|07|51|2|008|100| A|524111|123|A|0|0| |0|0|0|0| | | | ||00||0
2026|01|527645|015|08|CD|6213|FAL|07|51|2|003|100| A|521211|123|A|0|0| |0|0|0|0| | | | ||00||0
2026|01|527645|015|08|CD|6213|FAL|07|51|2|003|100| D|521211|123|A|0|0| |0|0|0|0| | | | ||00||0
2026|01|527645|015|08|CD|6213|FAL|07|51|2|003|100| D|524111|123|A|0|0| |0|0|0|0| | | | ||00||0
2026|01|527645|015|08|CD|6213|FAL|07|51|2|003|100| E|521211|123|A|0|0| |0|0|0|0| | | | ||00||0
2026|01|527645|015|08|CD|6213|FAL|07|51|2|003|100| E|522151|123|A|0|0| |0|0|0|0| | | | ||00||0
2026|01|527645|015|08|CD|6213|FAL|07|51|2|003|100| F|521211|123|A|0|0| |0|0|0|0| | | | ||00||0
2026|01|527645|015|08|CD|6213|FAL|07|51|2|003|100| F|522151|123|A|0|0| |0|0|0|0| | | | ||00||0
2026|01|527645|015|08|CD|6213|FAL|07|51|2|003|100| G|521211|123|A|0|0| |0|0|0|0| | | | ||00||0
2026|01|527645|015|08|CD|6213|FAL|07|51|2|003|100| H|524111|123|A|0|0| |0|0|0|0| | | | ||00||0
2026|01|527645|015|08|CD|6215|FAH|07|51|2|003|100| B|521211|123|A|0|0| |0|0|0|0| | | | ||00||0
2026|01|527645|015|08|CD|6215|FAH|07|51|2|001|100| B|521211|123|A|0|0| |0|0|0|0| | | | ||00||0
2026|01|527645|015|08|WA|4715|EBA|07|51|2|001|100| A|521811|123|A|0|0| |0|0|0|0| | | | ||00||0
2026|01|527645|015|08|WA|4715|EBA|07|51|2|001|100| A|522151|123|A|0|0| |0|0|0|0| | | | ||00||0
2026|01|527645|015|08|WA|4715|EBA|07|51|2|994|002| A|521111|123|A|0|0| |0|0|0|0| | | | ||00||0
2026|01|527645|015|08|WA|4715|EBA|07|51|2|994|002| A|521119|123|A|0|0| |0|0|0|0| | | | ||00||0
2026|01|527645|015|08|WA|4715|EBA|07|51|2|994|002| A|521811|123|A|0|0| |0|0|0|0| | | | ||00||0
2026|01|527645|015|08|WA|4715|EBA|07|51|2|994|002| B|521114|123|A|0|0| |0|0|0|0| | | | ||00||0
2026|01|527645|015|08|WA|4715|EBA|07|51|2|994|002| B|522111|123|A|0|0| |0|0|0|0| | | | ||00||0
2026|01|527645|015|08|WA|4715|EBA|07|51|2|994|002| B|522113|123|A|0|0| |0|0|0|0| | | | ||00||0
2026|01|527645|015|08|WA|4715|EBA|07|51|2|994|002| C|521115|123|A|0|0| |0|0|0|0| | | | ||00||0
2026|01|527645|015|08|WA|4715|EBA|07|51|2|994|002| C|521119|123|A|0|0| |0|0|0|0| | | | ||00||0
2026|01|527645|015|08|WA|4715|EBA|07|51|2|994|002| D|523121|123|A|0|0| |0|0|0|0| | | | ||00||0
2026|01|527645|015|08|WA|4715|EBA|07|51|2|994|002| G|523119|123|A|0|0| |0|0|0|0| | | | ||00||0
2026|01|527645|015|08|WA|4715|EBA|07|51|2|994|002|HB|521211|123|A|0|0| |0|0|0|0| | | | ||00||0
2026|01|527645|015|08|WA|4715|EBA|07|51|2|994|002|HB|524111|123|A|0|0| |0|0|0|0| | | | ||00||0
2026|01|527645|015|08|WA|4715|EBA|07|51|2|994|002|HC|524111|123|A|0|0| |0|0|0|0| | | | ||00||0
2026|01|527645|015|08|WA|4715|EBA|07|51|2|994|002|HD|524111|123|A|0|0| |0|0|0|0| | | | ||00||0
2026|01|527645|015|08|WA|4715|EBA|07|51|2|994|002|TJ|523121|123|A|0|0| |0|0|0|0| | | | ||00||0
2026|01|527645|015|08|WA|4715|EBA|07|51|2|002|100| A|524111|123|A|0|0| |0|0|0|0| | | | ||00||0
2026|01|527645|015|08|WA|4715|EBD|07|51|2|Z36|100| A|521211|123|A|0|0| |0|0|0|0| | | | ||00||0
2026|01|527645|015|08|WA|4715|EBD|07|51|2|Z26|100| A|521211|123|A|0|0| |0|0|0|0| | | | ||00||0
2026|01|527645|015|08|WA|4718|BMB|07|51|2|002|100| A|521211|123|A|0|0| |0|0|0|0| | | | ||00||0
2026|01|527645|015|08|WA|4718|BMB|07|51|2|002|100| A|521219|123|A|0|0| |0|0|0|0| | | | ||00||0
2026|01|527645|015|08|WA|4718|BMB|07|51|2|001|100| A|521211|123|A|0|0| |0|0|0|0| | | | ||00||0
2026|01|527645|015|08|WA|4719|EBA|07|51|2|003|100| A|524111|123|A|0|0| |0|0|0|0| | | | ||00||0
2026|01|527645|015|08|WA|4719|EBA|07|51|2|003|100| B|521211|123|A|0|0| |0|0|0|0| | | | ||00||0
2026|01|527645|015|08|WA|4719|EBA|07|51|2|994|001| A|511129|123|A|0|0| |0|0|0|0| | | | ||00||0
2026|01|527645|015|08|WA|4719|EBA|07|51|2|994|001| A|512211|123|A|0|0| |0|0|0|0| | | | ||00||0
2026|01|527645|015|08|WA|4719|EBA|07|51|2|005|100| B|524111|123|A|0|0| |0|0|0|0| | | | ||00||0
2026|01|527645|015|08|WA|4719|EBC|07|51|2|001|100|XC|521211|123|A|0|0| |0|0|0|0| | | | ||00||0
2026|01|527645|015|08|WA|4719|EBC|07|51|2|001|100|XC|522151|123|A|0|0| |0|0|0|0| | | | ||00||0
2026|01|527645|015|08|WA|4722|EBD|07|51|2|001|100| A|521211|123|A|0|0| |0|0|0|0| | | | ||00||0
2026|01|527691|015|08|CD|6212|BMB|07|55|2|001|100| A|524113|076|A|0|0| |0|0|0|0| | | | ||00||0
2026|01|527691|015|08|CD|6212|FAC|07|55|2|001|100| A|521211|076|A|0|0| |0|0|0|0| | | | ||00||0
2026|01|527691|015|08|CD|6212|FAC|07|55|2|001|100| B|521211|076|A|0|0| |0|0|0|0| | | | ||00||0
2026|01|527691|015|08|CD|6212|FAH|07|55|2|001|100| A|521211|076|A|0|0| |0|0|0|0| | | | ||00||0
2026|01|527691|015|08|CD|6212|FAL|07|55|2|004|100| A|521211|076|A|0|0| |0|0|0|0| | | | ||00||0
2026|01|527691|015|08|CD|6212|FAL|07|55|2|004|100| B|521211|076|A|0|0| |0|0|0|0| | | | ||00||0
2026|01|527691|015|08|CD|6212|FAL|07|55|2|004|100| D|524111|076|A|0|0| |0|0|0|0| | | | ||00||0
2026|01|527691|015|08|CD|6212|FAL|07|55|2|004|100| D|524113|076|A|0|0| |0|0|0|0| | | | ||00||0
2026|01|527691|015|08|CD|6213|FAC|07|55|2|001|100| A|521211|076|A|0|0| |0|0|0|0| | | | ||00||0
2026|01|527691|015|08|CD|6213|FAE|07|55|2|009|100| A|524113|076|A|0|0| |0|0|0|0| | | | ||00||0
2026|01|527691|015|08|CD|6213|FAL|07|55|2|003|100| A|524113|076|A|0|0| |0|0|0|0| | | | ||00||0
2026|01|527691|015|08|CD|6214|FAL|07|55|2|002|100| A|521211|076|A|0|0| |0|0|0|0| | | | ||00||0
2026|01|527691|015|08|CD|6214|FAL|07|55|2|002|100| B|521211|076|A|0|0| |0|0|0|0| | | | ||00||0
2026|01|527691|015|08|CD|6215|FAH|07|55|2|003|100| A|521211|076|A|0|0| |0|0|0|0| | | | ||00||0
2026|01|527691|015|08|CD|6215|FAH|07|55|2|003|100| B|524111|076|A|0|0| |0|0|0|0| | | | ||00||0
2026|01|527691|015|08|WA|4715|EBA|07|55|2|001|100| A|521811|076|A|0|0| |0|0|0|0| | | | ||00||0
2026|01|527691|015|08|WA|4715|EBA|07|55|2|001|100| B|522151|076|A|0|0| |0|0|0|0| | | | ||00||0
2026|01|527691|015|08|WA|4715|EBA|07|55|2|001|100| B|524111|076|A|0|0| |0|0|0|0| | | | ||00||0
2026|01|527691|015|08|WA|4715|EBA|07|55|2|994|002| A|521111|076|A|0|0| |0|0|0|0| | | | ||00||0
2026|01|527691|015|08|WA|4715|EBA|07|55|2|994|002| A|521119|076|A|0|0| |0|0|0|0| | | | ||00||0
2026|01|527691|015|08|WA|4715|EBA|07|55|2|994|002| A|521811|076|A|0|0| |0|0|0|0| | | | ||00||0
2026|01|527691|015|08|WA|4715|EBA|07|55|2|994|002| B|521114|076|A|0|0| |0|0|0|0| | | | ||00||0
2026|01|527691|015|08|WA|4715|EBA|07|55|2|994|002| B|522113|076|A|0|0| |0|0|0|0| | | | ||00||0
2026|01|527691|015|08|WA|4715|EBA|07|55|2|994|002| C|521113|076|A|0|0| |0|0|0|0| | | | ||00||0
2026|01|527691|015|08|WA|4715|EBA|07|55|2|994|002| C|521115|076|A|0|0| |0|0|0|0| | | | ||00||0
2026|01|527691|015|08|WA|4715|EBA|07|55|2|994|002| C|521119|076|A|0|0| |0|0|0|0| | | | ||00||0
2026|01|527691|015|08|WA|4715|EBA|07|55|2|994|002| D|523121|076|A|0|0| |0|0|0|0| | | | ||00||0
2026|01|527691|015|08|WA|4715|EBA|07|55|2|994|002| G|523111|076|A|0|0| |0|0|0|0| | | | ||00||0
2026|01|527691|015|08|WA|4715|EBA|07|55|2|994|002|HA|524111|076|A|0|0| |0|0|0|0| | | | ||00||0
2026|01|527691|015|08|WA|4715|EBA|07|55|2|994|002|HB|524111|076|A|0|0| |0|0|0|0| | | | ||00||0
2026|01|527691|015|08|WA|4715|EBA|07|55|2|994|002|TJ|523121|076|A|0|0| |0|0|0|0| | | | ||00||0
2026|01|527691|015|08|WA|4715|EBA|07|55|2|002|100| A|524111|076|A|0|0| |0|0|0|0| | | | ||00||0
2026|01|527691|015|08|WA|4715|EBD|07|55|2|Z36|100| B|524111|076|A|0|0| |0|0|0|0| | | | ||00||0
2026|01|527691|015|08|WA|4718|BMB|07|55|2|002|100| A|521219|076|A|0|0| |0|0|0|0| | | | ||00||0
2026|01|527691|015|08|WA|4718|BMB|07|55|2|001|100| A|521211|076|A|0|0| |0|0|0|0| | | | ||00||0
2026|01|527691|015|08|WA|4719|EBA|07|55|2|994|001| A|511129|076|A|0|0| |0|0|0|0| | | | ||00||0
2026|01|527691|015|08|WA|4719|EBA|07|55|2|994|001| A|512211|076|A|0|0| |0|0|0|0| | | | ||00||0
2026|01|527691|015|08|WA|4719|EBA|07|55|2|004|100| A|521211|076|A|0|0| |0|0|0|0| | | | ||00||0
2026|01|527691|015|08|WA|4719|EBC|07|55|2|001|100|XC|521211|076|A|0|0| |0|0|0|0| | | | ||00||0
2026|01|527691|015|08|WA|4719|EBC|07|55|2|001|100|XC|522151|076|A|0|0| |0|0|0|0| | | | ||00||0
2026|01|527741|015|08|CD|6212|FAC|07|52|2|001|100| A|521211|124|A|0|0| |0|0|0|0| | | | ||00||0
2026|01|527741|015|08|CD|6212|FAC|07|52|2|001|100| B|521211|124|A|0|0| |0|0|0|0| | | | ||00||0
2026|01|527741|015|08|CD|6212|FAH|07|52|2|001|100| A|521211|124|A|0|0| |0|0|0|0| | | | ||00||0
2026|01|527741|015|08|CD|6212|FAL|07|52|2|004|100| A|521211|124|A|0|0| |0|0|0|0| | | | ||00||0
2026|01|527741|015|08|CD|6212|FAL|07|52|2|004|100| B|521211|124|A|0|0| |0|0|0|0| | | | ||00||0
2026|01|527741|015|08|CD|6212|FAL|07|52|2|004|100| D|524111|124|A|0|0| |0|0|0|0| | | | ||00||0
2026|01|527741|015|08|CD|6213|FAC|07|52|2|001|100| A|521211|124|A|0|0| |0|0|0|0| | | | ||00||0
2026|01|527741|015|08|CD|6213|FAE|07|52|2|009|100| A|524111|124|A|0|0| |0|0|0|0| | | | ||00||0
2026|01|527741|015|08|CD|6213|FAE|07|52|2|009|100| A|524113|124|A|0|0| |0|0|0|0| | | | ||00||0
2026|01|527741|015|08|CD|6213|FAL|07|52|2|001|100| A|524111|124|A|0|0| |0|0|0|0| | | | ||00||0
2026|01|527741|015|08|CD|6214|FAL|07|52|2|002|100| A|521211|124|A|0|0| |0|0|0|0| | | | ||00||0
2026|01|527741|015|08|CD|6214|FAL|07|52|2|002|100| B|521211|124|A|0|0| |0|0|0|0| | | | ||00||0
2026|01|527741|015|08|CD|6215|FAH|07|52|2|003|100| A|521211|124|A|0|0| |0|0|0|0| | | | ||00||0
2026|01|527741|015|08|CD|6215|FAH|07|52|2|003|100| B|524111|124|A|0|0| |0|0|0|0| | | | ||00||0
2026|01|527741|015|08|WA|4715|EBA|07|52|2|001|100| A|521811|124|A|0|0| |0|0|0|0| | | | ||00||0
2026|01|527741|015|08|WA|4715|EBA|07|52|2|001|100| B|522151|124|A|0|0| |0|0|0|0| | | | ||00||0
2026|01|527741|015|08|WA|4715|EBA|07|52|2|994|002| A|521111|124|A|0|0| |0|0|0|0| | | | ||00||0
2026|01|527741|015|08|WA|4715|EBA|07|52|2|994|002| A|521119|124|A|0|0| |0|0|0|0| | | | ||00||0
2026|01|527741|015|08|WA|4715|EBA|07|52|2|994|002| A|521811|124|A|0|0| |0|0|0|0| | | | ||00||0
2026|01|527741|015|08|WA|4715|EBA|07|52|2|994|002| B|521114|124|A|0|0| |0|0|0|0| | | | ||00||0
2026|01|527741|015|08|WA|4715|EBA|07|52|2|994|002| C|521113|124|A|0|0| |0|0|0|0| | | | ||00||0
2026|01|527741|015|08|WA|4715|EBA|07|52|2|994|002| C|521115|124|A|0|0| |0|0|0|0| | | | ||00||0
2026|01|527741|015|08|WA|4715|EBA|07|52|2|994|002| C|521119|124|A|0|0| |0|0|0|0| | | | ||00||0
2026|01|527741|015|08|WA|4715|EBA|07|52|2|994|002| D|523121|124|A|0|0| |0|0|0|0| | | | ||00||0
2026|01|527741|015|08|WA|4715|EBA|07|52|2|994|002| G|523111|124|A|0|0| |0|0|0|0| | | | ||00||0
2026|01|527741|015|08|WA|4715|EBA|07|52|2|994|002| G|523119|124|A|0|0| |0|0|0|0| | | | ||00||0
2026|01|527741|015|08|WA|4715|EBA|07|52|2|994|002|HA|524111|124|A|0|0| |0|0|0|0| | | | ||00||0
2026|01|527741|015|08|WA|4715|EBA|07|52|2|994|002|TJ|523121|124|A|0|0| |0|0|0|0| | | | ||00||0
2026|01|527741|015|08|WA|4715|EBA|07|52|2|002|100| A|524111|124|A|0|0| |0|0|0|0| | | | ||00||0
2026|01|527741|015|08|WA|4715|EBD|07|52|2|Z36|100| B|524111|124|A|0|0| |0|0|0|0| | | | ||00||0
2026|01|527741|015|08|WA|4718|BMB|07|52|2|002|100| A|521219|124|A|0|0| |0|0|0|0| | | | ||00||0
2026|01|527741|015|08|WA|4718|BMB|07|52|2|001|100| A|521211|124|A|0|0| |0|0|0|0| | | | ||00||0
2026|01|527741|015|08|WA|4719|EBA|07|52|2|994|001| A|511129|124|A|0|0| |0|0|0|0| | | | ||00||0
2026|01|527741|015|08|WA|4719|EBA|07|52|2|994|001| A|512211|124|A|0|0| |0|0|0|0| | | | ||00||0
2026|01|527741|015|08|WA|4719|EBA|07|52|2|004|100| A|521211|124|A|0|0| |0|0|0|0| | | | ||00||0
2026|01|527741|015|08|WA|4719|EBC|07|52|2|001|100|XC|521211|124|A|0|0| |0|0|0|0| | | | ||00||0
2026|01|527741|015|08|WA|4719|EBC|07|52|2|001|100|XC|522151|124|A|0|0| |0|0|0|0| | | | ||00||0
2026|01|527823|015|08|CD|6212|FAC|08|02|2|001|100| A|521211|091|A|0|0| |0|0|0|0| | | | ||00||0
2026|01|527823|015|08|CD|6212|FAC|08|02|2|001|100| B|521211|091|A|0|0| |0|0|0|0| | | | ||00||0
2026|01|527823|015|08|CD|6212|FAH|08|02|2|001|100| A|521211|091|A|0|0| |0|0|0|0| | | | ||00||0
2026|01|527823|015|08|CD|6212|FAL|08|02|2|004|100| A|521211|091|A|0|0| |0|0|0|0| | | | ||00||0
2026|01|527823|015|08|CD|6212|FAL|08|02|2|004|100| B|521211|091|A|0|0| |0|0|0|0| | | | ||00||0
2026|01|527823|015|08|CD|6212|FAL|08|02|2|004|100| B|524111|091|A|0|0| |0|0|0|0| | | | ||00||0
2026|01|527823|015|08|CD|6212|FAL|08|02|2|004|100| B|524113|091|A|0|0| |0|0|0|0| | | | ||00||0
2026|01|527823|015|08|CD|6212|FAL|08|02|2|004|100| D|521211|091|A|0|0| |0|0|0|0| | | | ||00||0
2026|01|527823|015|08|CD|6212|FAL|08|02|2|004|100| D|524111|091|A|0|0| |0|0|0|0| | | | ||00||0
2026|01|527823|015|08|CD|6212|FAL|08|02|2|004|100| D|524113|091|A|0|0| |0|0|0|0| | | | ||00||0
2026|01|527823|015|08|CD|6213|FAC|08|02|2|001|100| A|521211|091|A|0|0| |0|0|0|0| | | | ||00||0
2026|01|527823|015|08|CD|6213|FAL|08|02|2|003|100| A|524111|091|A|0|0| |0|0|0|0| | | | ||00||0
2026|01|527823|015|08|CD|6213|FAL|08|02|2|003|100| A|524113|091|A|0|0| |0|0|0|0| | | | ||00||0
2026|01|527823|015|08|WA|4715|EBA|08|02|2|001|100| A|521811|091|A|0|0| |0|0|0|0| | | | ||00||0
2026|01|527823|015|08|WA|4715|EBA|08|02|2|994|002| A|521111|091|A|0|0| |0|0|0|0| | | | ||00||0
2026|01|527823|015|08|WA|4715|EBA|08|02|2|994|002| A|521119|091|A|0|0| |0|0|0|0| | | | ||00||0
2026|01|527823|015|08|WA|4715|EBA|08|02|2|994|002| A|521811|091|A|0|0| |0|0|0|0| | | | ||00||0
2026|01|527823|015|08|WA|4715|EBA|08|02|2|994|002| B|521114|091|A|0|0| |0|0|0|0| | | | ||00||0
2026|01|527823|015|08|WA|4715|EBA|08|02|2|994|002| B|522113|091|A|0|0| |0|0|0|0| | | | ||00||0
2026|01|527823|015|08|WA|4715|EBA|08|02|2|994|002| C|521113|091|A|0|0| |0|0|0|0| | | | ||00||0
2026|01|527823|015|08|WA|4715|EBA|08|02|2|994|002| C|521115|091|A|0|0| |0|0|0|0| | | | ||00||0
2026|01|527823|015|08|WA|4715|EBA|08|02|2|994|002| C|521119|091|A|0|0| |0|0|0|0| | | | ||00||0
2026|01|527823|015|08|WA|4715|EBA|08|02|2|994|002| D|523121|091|A|0|0| |0|0|0|0| | | | ||00||0
2026|01|527823|015|08|WA|4715|EBA|08|02|2|994|002| E|523111|091|A|0|0| |0|0|0|0| | | | ||00||0
2026|01|527823|015|08|WA|4715|EBA|08|02|2|994|002| E|523119|091|A|0|0| |0|0|0|0| | | | ||00||0
2026|01|527823|015|08|WA|4715|EBA|08|02|2|994|002|HA|524111|091|A|0|0| |0|0|0|0| | | | ||00||0
2026|01|527823|015|08|WA|4715|EBA|08|02|2|994|002|HA|524113|091|A|0|0| |0|0|0|0| | | | ||00||0
2026|01|527823|015|08|WA|4715|EBA|08|02|2|994|002|HB|524111|091|A|0|0| |0|0|0|0| | | | ||00||0
2026|01|527823|015|08|WA|4715|EBA|08|02|2|994|002|HB|524113|091|A|0|0| |0|0|0|0| | | | ||00||0
2026|01|527823|015|08|WA|4715|EBA|08|02|2|994|002|HH|521211|091|A|0|0| |0|0|0|0| | | | ||00||0
2026|01|527823|015|08|WA|4715|EBA|08|02|2|994|002|HH|524111|091|A|0|0| |0|0|0|0| | | | ||00||0
2026|01|527823|015|08|WA|4715|EBA|08|02|2|994|002|HH|524113|091|A|0|0| |0|0|0|0| | | | ||00||0
2026|01|527823|015|08|WA|4715|EBA|08|02|2|994|002|TJ|523121|091|A|0|0| |0|0|0|0| | | | ||00||0
2026|01|527823|015|08|WA|4715|EBA|08|02|2|002|100| A|524111|091|A|0|0| |0|0|0|0| | | | ||00||0
2026|01|527823|015|08|WA|4715|EBA|08|02|2|002|100| A|524113|091|A|0|0| |0|0|0|0| | | | ||00||0
2026|01|527823|015|08|WA|4715|EBD|08|02|2|Z36|100| B|524111|091|A|0|0| |0|0|0|0| | | | ||00||0
2026|01|527823|015|08|WA|4718|BMB|08|02|2|002|100| A|521219|091|A|0|0| |0|0|0|0| | | | ||00||0
2026|01|527823|015|08|WA|4718|BMB|08|02|2|001|100| A|521211|091|A|0|0| |0|0|0|0| | | | ||00||0
2026|01|527823|015|08|WA|4719|EBA|08|02|2|994|001| A|511129|091|A|0|0| |0|0|0|0| | | | ||00||0
2026|01|527823|015|08|WA|4719|EBA|08|02|2|994|001| A|512211|091|A|0|0| |0|0|0|0| | | | ||00||0
2026|01|527823|015|08|WA|4719|EBA|08|02|2|004|100| A|521211|091|A|0|0| |0|0|0|0| | | | ||00||0
2026|01|527823|015|08|WA|4719|EBC|08|02|2|001|100|XC|521211|091|A|0|0| |0|0|0|0| | | | ||00||0
2026|01|527776|015|08|CD|6212|BMB|08|55|2|001|100| A|524113|010|A|0|0| |0|0|0|0| | | | ||00||0
2026|01|527776|015|08|CD|6212|BMB|08|55|2|001|100| B|521211|010|A|0|0| |0|0|0|0| | | | ||00||0
2026|01|527776|015|08|CD|6212|BMB|08|55|2|001|100| B|522151|010|A|0|0| |0|0|0|0| | | | ||00||0
2026|01|527776|015|08|CD|6212|BMB|08|55|2|001|100| B|524113|010|A|0|0| |0|0|0|0| | | | ||00||0
2026|01|527776|015|08|CD|6212|BMB|08|55|2|001|100| D|521211|010|A|0|0| |0|0|0|0| | | | ||00||0
2026|01|527776|015|08|CD|6212|BMB|08|55|2|001|100| D|522141|010|A|0|0| |0|0|0|0| | | | ||00||0
2026|01|527776|015|08|CD|6212|FAC|08|55|2|002|100| B|521211|010|A|0|0| |0|0|0|0| | | | ||00||0
2026|01|527776|015|08|CD|6212|FAH|08|55|2|003|100| B|524111|010|A|0|0| |0|0|0|0| | | | ||00||0
2026|01|527776|015|08|CD|6212|FAH|08|55|2|002|100| A|521211|010|A|0|0| |0|0|0|0| | | | ||00||0
2026|01|527776|015|08|CD|6212|FAH|08|55|2|002|100| B|524111|010|A|0|0| |0|0|0|0| | | | ||00||0
2026|01|527776|015|08|CD|6212|FAL|08|55|2|001|100| A|524111|010|A|0|0| |0|0|0|0| | | | ||00||0
2026|01|527776|015|08|CD|6212|FAL|08|55|2|001|100| B|521211|010|A|0|0| |0|0|0|0| | | | ||00||0
2026|01|527776|015|08|CD|6212|FAL|08|55|2|001|100| D|521211|010|A|0|0| |0|0|0|0| | | | ||00||0
2026|01|527776|015|08|CD|6212|FAL|08|55|2|001|100| D|521213|010|A|0|0| |0|0|0|0| | | | ||00||0
2026|01|527776|015|08|CD|6212|FAL|08|55|2|001|100| D|522151|010|A|0|0| |0|0|0|0| | | | ||00||0
2026|01|527776|015|08|CD|6213|ABA|08|55|2|001|100| A|521211|010|A|0|0| |0|0|0|0| | | | ||00||0
2026|01|527776|015|08|CD|6213|FAE|08|55|2|009|100| B|524111|010|A|0|0| |0|0|0|0| | | | ||00||0
2026|01|527776|015|08|CD|6213|FAE|08|55|2|009|100| D|521211|010|A|0|0| |0|0|0|0| | | | ||00||0
2026|01|527776|015|08|CD|6213|FAE|08|55|2|009|100| D|522151|010|A|0|0| |0|0|0|0| | | | ||00||0
2026|01|527776|015|08|CD|6213|FAE|08|55|2|009|100| D|524113|010|A|0|0| |0|0|0|0| | | | ||00||0
2026|01|527776|015|08|CD|6213|FAE|08|55|2|008|100| A|521211|010|A|0|0| |0|0|0|0| | | | ||00||0
2026|01|527776|015|08|CD|6213|FAE|08|55|2|008|100| A|522151|010|A|0|0| |0|0|0|0| | | | ||00||0
2026|01|527776|015|08|CD|6213|FAL|08|55|2|003|100| A|521211|010|A|0|0| |0|0|0|0| | | | ||00||0
2026|01|527776|015|08|CD|6213|FAL|08|55|2|003|100| C|521211|010|A|0|0| |0|0|0|0| | | | ||00||0
2026|01|527776|015|08|CD|6213|FAL|08|55|2|003|100| E|521211|010|A|0|0| |0|0|0|0| | | | ||00||0
2026|01|527776|015|08|CD|6213|FAL|08|55|2|003|100| E|522151|010|A|0|0| |0|0|0|0| | | | ||00||0
2026|01|527776|015|08|CD|6213|FAL|08|55|2|003|100| F|521211|010|A|0|0| |0|0|0|0| | | | ||00||0
2026|01|527776|015|08|CD|6213|FAL|08|55|2|003|100| F|522151|010|A|0|0| |0|0|0|0| | | | ||00||0
2026|01|527776|015|08|CD|6213|FAL|08|55|2|003|100| G|521211|010|A|0|0| |0|0|0|0| | | | ||00||0
2026|01|527776|015|08|CD|6213|FAL|08|55|2|003|100| H|524111|010|A|0|0| |0|0|0|0| | | | ||00||0
2026|01|527776|015|08|CD|6215|FAH|08|55|2|003|100| A|524111|010|A|0|0| |0|0|0|0| | | | ||00||0
2026|01|527776|015|08|CD|6215|FAH|08|55|2|003|100| B|521211|010|A|0|0| |0|0|0|0| | | | ||00||0
2026|01|527776|015|08|CD|6215|FAH|08|55|2|001|100| A|524111|010|A|0|0| |0|0|0|0| | | | ||00||0
2026|01|527776|015|08|CD|6215|FAH|08|55|2|001|100| B|521211|010|A|0|0| |0|0|0|0| | | | ||00||0
2026|01|527776|015|08|WA|4715|EBA|08|55|2|001|100| A|521811|010|A|0|0| |0|0|0|0| | | | ||00||0
2026|01|527776|015|08|WA|4715|EBA|08|55|2|001|100| A|522151|010|A|0|0| |0|0|0|0| | | | ||00||0
2026|01|527776|015|08|WA|4715|EBA|08|55|2|001|100| B|522151|010|A|0|0| |0|0|0|0| | | | ||00||0
2026|01|527776|015|08|WA|4715|EBA|08|55|2|994|002| A|521111|010|A|0|0| |0|0|0|0| | | | ||00||0
2026|01|527776|015|08|WA|4715|EBA|08|55|2|994|002| A|521119|010|A|0|0| |0|0|0|0| | | | ||00||0
2026|01|527776|015|08|WA|4715|EBA|08|55|2|994|002| A|521811|010|A|0|0| |0|0|0|0| | | | ||00||0
2026|01|527776|015|08|WA|4715|EBA|08|55|2|994|002| B|521114|010|A|0|0| |0|0|0|0| | | | ||00||0
2026|01|527776|015|08|WA|4715|EBA|08|55|2|994|002| B|522113|010|A|0|0| |0|0|0|0| | | | ||00||0
2026|01|527776|015|08|WA|4715|EBA|08|55|2|994|002| C|521115|010|A|0|0| |0|0|0|0| | | | ||00||0
2026|01|527776|015|08|WA|4715|EBA|08|55|2|994|002| C|521119|010|A|0|0| |0|0|0|0| | | | ||00||0
2026|01|527776|015|08|WA|4715|EBA|08|55|2|994|002| D|523121|010|A|0|0| |0|0|0|0| | | | ||00||0
2026|01|527776|015|08|WA|4715|EBA|08|55|2|994|002| G|523111|010|A|0|0| |0|0|0|0| | | | ||00||0
2026|01|527776|015|08|WA|4715|EBA|08|55|2|994|002| G|523119|010|A|0|0| |0|0|0|0| | | | ||00||0
2026|01|527776|015|08|WA|4715|EBA|08|55|2|994|002|HB|524111|010|A|0|0| |0|0|0|0| | | | ||00||0
2026|01|527776|015|08|WA|4715|EBA|08|55|2|994|002|HC|524111|010|A|0|0| |0|0|0|0| | | | ||00||0
2026|01|527776|015|08|WA|4715|EBA|08|55|2|994|002|HD|524111|010|A|0|0| |0|0|0|0| | | | ||00||0
2026|01|527776|015|08|WA|4715|EBA|08|55|2|994|002|HH|521211|010|A|0|0| |0|0|0|0| | | | ||00||0
2026|01|527776|015|08|WA|4715|EBA|08|55|2|994|002|TJ|523121|010|A|0|0| |0|0|0|0| | | | ||00||0
2026|01|527776|015|08|WA|4715|EBA|08|55|2|002|100| A|524111|010|A|0|0| |0|0|0|0| | | | ||00||0
2026|01|527776|015|08|WA|4715|EBB|08|55|2|004|100|RB|533121|010|A|0|0| |0|0|0|0| | | | ||00||0
2026|01|527776|015|08|WA|4715|EBD|08|55|2|Z36|100| A|521211|010|A|0|0| |0|0|0|0| | | | ||00||0
2026|01|527776|015|08|WA|4715|EBD|08|55|2|Z26|100| A|521211|010|A|0|0| |0|0|0|0| | | | ||00||0
2026|01|527776|015|08|WA|4718|BMB|08|55|2|002|100| A|521211|010|A|0|0| |0|0|0|0| | | | ||00||0
2026|01|527776|015|08|WA|4718|BMB|08|55|2|002|100| A|521219|010|A|0|0| |0|0|0|0| | | | ||00||0
2026|01|527776|015|08|WA|4718|BMB|08|55|2|001|100| A|521211|010|A|0|0| |0|0|0|0| | | | ||00||0
2026|01|527776|015|08|WA|4719|EBA|08|55|2|003|100| B|521211|010|A|0|0| |0|0|0|0| | | | ||00||0
2026|01|527776|015|08|WA|4719|EBA|08|55|2|994|001| A|511129|010|A|0|0| |0|0|0|0| | | | ||00||0
2026|01|527776|015|08|WA|4719|EBA|08|55|2|994|001| A|512211|010|A|0|0| |0|0|0|0| | | | ||00||0
2026|01|527776|015|08|WA|4719|EBA|08|55|2|005|100| A|524111|010|A|0|0| |0|0|0|0| | | | ||00||0
2026|01|527776|015|08|WA|4719|EBA|08|55|2|005|100| B|524111|010|A|0|0| |0|0|0|0| | | | ||00||0
2026|01|527776|015|08|WA|4719|EBC|08|55|2|001|100|XC|521211|010|A|0|0| |0|0|0|0| | | | ||00||0
2026|01|527776|015|08|WA|4719|EBC|08|55|2|001|100|XC|522151|010|A|0|0| |0|0|0|0| | | | ||00||0
2026|01|527776|015|08|WA|4722|EBD|08|55|2|001|100| A|521211|010|A|0|0| |0|0|0|0| | | | ||00||0
2026|01|527776|015|08|WA|4722|EBD|08|55|2|001|100| B|524111|010|A|0|0| |0|0|0|0| | | | ||00||0
2026|01|527776|015|08|WA|4722|EBD|08|55|2|001|100| B|524113|010|A|0|0| |0|0|0|0| | | | ||00||0
2026|01|527961|015|08|CD|6212|BMB|11|55|2|001|100| A|524113|070|A|0|0| |0|0|0|0| | | | ||00||0
2026|01|527961|015|08|CD|6212|FAC|11|55|2|001|100| A|521211|070|A|0|0| |0|0|0|0| | | | ||00||0
2026|01|527961|015|08|CD|6212|FAC|11|55|2|001|100| B|521211|070|A|0|0| |0|0|0|0| | | | ||00||0
2026|01|527961|015|08|CD|6212|FAH|11|55|2|001|100| A|521211|070|A|0|0| |0|0|0|0| | | | ||00||0
2026|01|527961|015|08|CD|6212|FAL|11|55|2|004|100| A|521211|070|A|0|0| |0|0|0|0| | | | ||00||0
2026|01|527961|015|08|CD|6212|FAL|11|55|2|004|100| B|521211|070|A|0|0| |0|0|0|0| | | | ||00||0
2026|01|527961|015|08|CD|6212|FAL|11|55|2|004|100| D|524111|070|A|0|0| |0|0|0|0| | | | ||00||0
2026|01|527961|015|08|CD|6212|FAL|11|55|2|004|100| D|524113|070|A|0|0| |0|0|0|0| | | | ||00||0
2026|01|527961|015|08|CD|6213|FAC|11|55|2|001|100| A|521211|070|A|0|0| |0|0|0|0| | | | ||00||0
2026|01|527961|015|08|CD|6213|FAE|11|55|2|009|100| A|524113|070|A|0|0| |0|0|0|0| | | | ||00||0
2026|01|527961|015|08|CD|6213|FAL|11|55|2|003|100| A|524111|070|A|0|0| |0|0|0|0| | | | ||00||0
2026|01|527961|015|08|CD|6213|FAL|11|55|2|003|100| A|524113|070|A|0|0| |0|0|0|0| | | | ||00||0
2026|01|527961|015|08|CD|6214|FAL|11|55|2|002|100| A|521211|070|A|0|0| |0|0|0|0| | | | ||00||0
2026|01|527961|015|08|CD|6214|FAL|11|55|2|002|100| B|521211|070|A|0|0| |0|0|0|0| | | | ||00||0
2026|01|527961|015|08|CD|6215|FAH|11|55|2|003|100| A|521211|070|A|0|0| |0|0|0|0| | | | ||00||0
2026|01|527961|015|08|WA|4715|EBA|11|55|2|994|002| A|521111|070|A|0|0| |0|0|0|0| | | | ||00||0
2026|01|527961|015|08|WA|4715|EBA|11|55|2|994|002| A|521119|070|A|0|0| |0|0|0|0| | | | ||00||0
2026|01|527961|015|08|WA|4715|EBA|11|55|2|994|002| A|521811|070|A|0|0| |0|0|0|0| | | | ||00||0
2026|01|527961|015|08|WA|4715|EBA|11|55|2|994|002| B|521114|070|A|0|0| |0|0|0|0| | | | ||00||0
2026|01|527961|015|08|WA|4715|EBA|11|55|2|994|002| B|522113|070|A|0|0| |0|0|0|0| | | | ||00||0
2026|01|527961|015|08|WA|4715|EBA|11|55|2|994|002| C|521113|070|A|0|0| |0|0|0|0| | | | ||00||0
2026|01|527961|015|08|WA|4715|EBA|11|55|2|994|002| C|521115|070|A|0|0| |0|0|0|0| | | | ||00||0
2026|01|527961|015|08|WA|4715|EBA|11|55|2|994|002| C|521119|070|A|0|0| |0|0|0|0| | | | ||00||0
2026|01|527961|015|08|WA|4715|EBA|11|55|2|994|002| D|523121|070|A|0|0| |0|0|0|0| | | | ||00||0
2026|01|527961|015|08|WA|4715|EBA|11|55|2|994|002| G|523111|070|A|0|0| |0|0|0|0| | | | ||00||0
2026|01|527961|015|08|WA|4715|EBA|11|55|2|994|002|HA|524111|070|A|0|0| |0|0|0|0| | | | ||00||0
2026|01|527961|015|08|WA|4715|EBA|11|55|2|994|002|HB|524111|070|A|0|0| |0|0|0|0| | | | ||00||0
2026|01|527961|015|08|WA|4715|EBA|11|55|2|994|002|HH|524111|070|A|0|0| |0|0|0|0| | | | ||00||0
2026|01|527961|015|08|WA|4715|EBA|11|55|2|994|002|HH|524113|070|A|0|0| |0|0|0|0| | | | ||00||0
2026|01|527961|015|08|WA|4715|EBA|11|55|2|994|002|TJ|523121|070|A|0|0| |0|0|0|0| | | | ||00||0
2026|01|527961|015|08|WA|4715|EBA|11|55|2|002|100| A|524111|070|A|0|0| |0|0|0|0| | | | ||00||0
2026|01|527961|015|08|WA|4715|EBA|11|55|2|002|100| A|524113|070|A|0|0| |0|0|0|0| | | | ||00||0
2026|01|527961|015|08|WA|4715|EBA|11|55|2|001|100| A|521811|070|A|0|0| |0|0|0|0| | | | ||00||0
2026|01|527961|015|08|WA|4715|EBD|11|55|2|Z36|100| B|524111|070|A|0|0| |0|0|0|0| | | | ||00||0
2026|01|527961|015|08|WA|4718|BMB|11|55|2|002|100| A|521219|070|A|0|0| |0|0|0|0| | | | ||00||0
2026|01|527961|015|08|WA|4718|BMB|11|55|2|001|100| A|521211|070|A|0|0| |0|0|0|0| | | | ||00||0
2026|01|527961|015|08|WA|4719|EBA|11|55|2|994|001| A|511129|070|A|0|0| |0|0|0|0| | | | ||00||0
2026|01|527961|015|08|WA|4719|EBA|11|55|2|994|001| A|512211|070|A|0|0| |0|0|0|0| | | | ||00||0
2026|01|527961|015|08|WA|4719|EBA|11|55|2|004|100| A|521211|070|A|0|0| |0|0|0|0| | | | ||00||0
2026|01|527961|015|08|WA|4719|EBC|11|55|2|001|100|XC|521211|070|A|0|0| |0|0|0|0| | | | ||00||0
2026|01|527961|015|08|WA|4719|EBC|11|55|2|001|100|XC|522151|070|A|0|0| |0|0|0|0| | | | ||00||0
2026|01|527961|015|08|WA|4719|EBC|11|55|2|001|100|XC|524113|070|A|0|0| |0|0|0|0| | | | ||00||0
2026|01|528146|015|08|CD|6212|FAC|14|03|2|001|100| A|521211|080|A|0|0| |0|0|0|0| | | | ||00||0
2026|01|528146|015|08|CD|6212|FAC|14|03|2|001|100| B|521211|080|A|0|0| |0|0|0|0| | | | ||00||0
2026|01|528146|015|08|CD|6212|FAH|14|03|2|001|100| A|521211|080|A|0|0| |0|0|0|0| | | | ||00||0
2026|01|528146|015|08|CD|6212|FAL|14|03|2|004|100| A|521211|080|A|0|0| |0|0|0|0| | | | ||00||0
2026|01|528146|015|08|CD|6212|FAL|14|03|2|004|100| B|521211|080|A|0|0| |0|0|0|0| | | | ||00||0
2026|01|528146|015|08|CD|6212|FAL|14|03|2|004|100| D|524113|080|A|0|0| |0|0|0|0| | | | ||00||0
2026|01|528146|015|08|CD|6213|FAC|14|03|2|001|100| A|521211|080|A|0|0| |0|0|0|0| | | | ||00||0
2026|01|528146|015|08|CD|6213|FAL|14|03|2|003|100| A|524111|080|A|0|0| |0|0|0|0| | | | ||00||0
2026|01|528146|015|08|CD|6213|FAL|14|03|2|003|100| A|524113|080|A|0|0| |0|0|0|0| | | | ||00||0
2026|01|528146|015|08|CD|6214|FAL|14|03|2|002|100| A|521211|080|A|0|0| |0|0|0|0| | | | ||00||0
2026|01|528146|015|08|CD|6214|FAL|14|03|2|002|100| B|521211|080|A|0|0| |0|0|0|0| | | | ||00||0
2026|01|528146|015|08|CD|6215|FAH|14|03|2|003|100| A|521211|080|A|0|0| |0|0|0|0| | | | ||00||0
2026|01|528146|015|08|WA|4715|EBA|14|03|2|001|100| A|521811|080|A|0|0| |0|0|0|0| | | | ||00||0
2026|01|528146|015|08|WA|4715|EBA|14|03|2|001|100| A|524111|080|A|0|0| |0|0|0|0| | | | ||00||0
2026|01|528146|015|08|WA|4715|EBA|14|03|2|001|100| B|522151|080|A|0|0| |0|0|0|0| | | | ||00||0
2026|01|528146|015|08|WA|4715|EBA|14|03|2|001|100| B|524111|080|A|0|0| |0|0|0|0| | | | ||00||0
2026|01|528146|015|08|WA|4715|EBA|14|03|2|994|002| A|521111|080|A|0|0| |0|0|0|0| | | | ||00||0
2026|01|528146|015|08|WA|4715|EBA|14|03|2|994|002| A|521119|080|A|0|0| |0|0|0|0| | | | ||00||0
2026|01|528146|015|08|WA|4715|EBA|14|03|2|994|002| A|521811|080|A|0|0| |0|0|0|0| | | | ||00||0
2026|01|528146|015|08|WA|4715|EBA|14|03|2|994|002| B|521114|080|A|0|0| |0|0|0|0| | | | ||00||0
2026|01|528146|015|08|WA|4715|EBA|14|03|2|994|002| B|522113|080|A|0|0| |0|0|0|0| | | | ||00||0
2026|01|528146|015|08|WA|4715|EBA|14|03|2|994|002| C|521113|080|A|0|0| |0|0|0|0| | | | ||00||0
2026|01|528146|015|08|WA|4715|EBA|14|03|2|994|002| C|521115|080|A|0|0| |0|0|0|0| | | | ||00||0
2026|01|528146|015|08|WA|4715|EBA|14|03|2|994|002| C|521119|080|A|0|0| |0|0|0|0| | | | ||00||0
2026|01|528146|015|08|WA|4715|EBA|14|03|2|994|002| D|522141|080|A|0|0| |0|0|0|0| | | | ||00||0
2026|01|528146|015|08|WA|4715|EBA|14|03|2|994|002| D|523121|080|A|0|0| |0|0|0|0| | | | ||00||0
2026|01|528146|015|08|WA|4715|EBA|14|03|2|994|002| G|523111|080|A|0|0| |0|0|0|0| | | | ||00||0
2026|01|528146|015|08|WA|4715|EBA|14|03|2|994|002| G|523119|080|A|0|0| |0|0|0|0| | | | ||00||0
2026|01|528146|015|08|WA|4715|EBA|14|03|2|994|002|HA|524111|080|A|0|0| |0|0|0|0| | | | ||00||0
2026|01|528146|015|08|WA|4715|EBA|14|03|2|994|002|HB|524111|080|A|0|0| |0|0|0|0| | | | ||00||0
2026|01|528146|015|08|WA|4715|EBA|14|03|2|994|002|HH|524111|080|A|0|0| |0|0|0|0| | | | ||00||0
2026|01|528146|015|08|WA|4715|EBA|14|03|2|994|002|HH|524113|080|A|0|0| |0|0|0|0| | | | ||00||0
2026|01|528146|015|08|WA|4715|EBA|14|03|2|994|002|TJ|523121|080|A|0|0| |0|0|0|0| | | | ||00||0
2026|01|528146|015|08|WA|4715|EBA|14|03|2|002|100| A|524111|080|A|0|0| |0|0|0|0| | | | ||00||0
2026|01|528146|015|08|WA|4715|EBA|14|03|2|002|100| A|524113|080|A|0|0| |0|0|0|0| | | | ||00||0
2026|01|528146|015|08|WA|4715|EBD|14|03|2|Z36|100| B|524111|080|A|0|0| |0|0|0|0| | | | ||00||0
2026|01|528146|015|08|WA|4718|BMB|14|03|2|002|100| A|521219|080|A|0|0| |0|0|0|0| | | | ||00||0
2026|01|528146|015|08|WA|4718|BMB|14|03|2|001|100| A|521211|080|A|0|0| |0|0|0|0| | | | ||00||0
2026|01|528146|015|08|WA|4719|EBA|14|03|2|994|001| A|511129|080|A|0|0| |0|0|0|0| | | | ||00||0
2026|01|528146|015|08|WA|4719|EBA|14|03|2|994|001| A|512211|080|A|0|0| |0|0|0|0| | | | ||00||0
2026|01|528146|015|08|WA|4719|EBA|14|03|2|004|100| A|521211|080|A|0|0| |0|0|0|0| | | | ||00||0
2026|01|528146|015|08|WA|4719|EBC|14|03|2|001|100|XC|521211|080|A|0|0| |0|0|0|0| | | | ||00||0
2026|01|528146|015|08|WA|4719|EBC|14|03|2|001|100|XC|522151|080|A|0|0| |0|0|0|0| | | | ||00||0
2026|01|528057|015|08|CD|6212|BMB|13|51|2|001|100| A|524113|042|A|0|0| |0|0|0|0| | | | ||00||0
2026|01|528057|015|08|CD|6212|BMB|13|51|2|001|100| B|521211|042|A|0|0| |0|0|0|0| | | | ||00||0
2026|01|528057|015|08|CD|6212|BMB|13|51|2|001|100| B|522151|042|A|0|0| |0|0|0|0| | | | ||00||0
2026|01|528057|015|08|CD|6212|BMB|13|51|2|001|100| B|524113|042|A|0|0| |0|0|0|0| | | | ||00||0
2026|01|528057|015|08|CD|6212|BMB|13|51|2|001|100| C|524113|042|A|0|0| |0|0|0|0| | | | ||00||0
2026|01|528057|015|08|CD|6212|BMB|13|51|2|001|100| D|521211|042|A|0|0| |0|0|0|0| | | | ||00||0
2026|01|528057|015|08|CD|6212|BMB|13|51|2|001|100| D|524111|042|A|0|0| |0|0|0|0| | | | ||00||0
2026|01|528057|015|08|CD|6212|FAC|13|51|2|002|100| B|521211|042|A|0|0| |0|0|0|0| | | | ||00||0
2026|01|528057|015|08|CD|6212|FAH|13|51|2|003|100| A|521211|042|A|0|0| |0|0|0|0| | | | ||00||0
2026|01|528057|015|08|CD|6212|FAH|13|51|2|003|100| B|521211|042|A|0|0| |0|0|0|0| | | | ||00||0
2026|01|528057|015|08|CD|6212|FAH|13|51|2|002|100| A|521211|042|A|0|0| |0|0|0|0| | | | ||00||0
2026|01|528057|015|08|CD|6212|FAH|13|51|2|002|100| B|524113|042|A|0|0| |0|0|0|0| | | | ||00||0
2026|01|528057|015|08|CD|6212|FAH|13|51|2|002|100| C|521211|042|A|0|0| |0|0|0|0| | | | ||00||0
2026|01|528057|015|08|CD|6212|FAH|13|51|2|002|100| C|522151|042|A|0|0| |0|0|0|0| | | | ||00||0
2026|01|528057|015|08|CD|6212|FAL|13|51|2|001|100| A|521211|042|A|0|0| |0|0|0|0| | | | ||00||0
2026|01|528057|015|08|CD|6212|FAL|13|51|2|001|100| B|521211|042|A|0|0| |0|0|0|0| | | | ||00||0
2026|01|528057|015|08|CD|6212|FAL|13|51|2|001|100| B|522151|042|A|0|0| |0|0|0|0| | | | ||00||0
2026|01|528057|015|08|CD|6212|FAL|13|51|2|001|100| C|521211|042|A|0|0| |0|0|0|0| | | | ||00||0
2026|01|528057|015|08|CD|6212|FAL|13|51|2|001|100| C|524113|042|A|0|0| |0|0|0|0| | | | ||00||0
2026|01|528057|015|08|CD|6212|FAL|13|51|2|001|100| D|521211|042|A|0|0| |0|0|0|0| | | | ||00||0
2026|01|528057|015|08|CD|6212|FAL|13|51|2|001|100| D|521213|042|A|0|0| |0|0|0|0| | | | ||00||0
2026|01|528057|015|08|CD|6212|FAL|13|51|2|001|100| D|522151|042|A|0|0| |0|0|0|0| | | | ||00||0
2026|01|528057|015|08|CD|6213|ABA|13|51|2|001|100| A|521211|042|A|0|0| |0|0|0|0| | | | ||00||0
2026|01|528057|015|08|CD|6213|ABA|13|51|2|001|100| A|522151|042|A|0|0| |0|0|0|0| | | | ||00||0
2026|01|528057|015|08|CD|6213|FAE|13|51|2|009|100| B|524111|042|A|0|0| |0|0|0|0| | | | ||00||0
2026|01|528057|015|08|CD|6213|FAE|13|51|2|009|100| B|524113|042|A|0|0| |0|0|0|0| | | | ||00||0
2026|01|528057|015|08|CD|6213|FAE|13|51|2|009|100| C|521211|042|A|0|0| |0|0|0|0| | | | ||00||0
2026|01|528057|015|08|CD|6213|FAE|13|51|2|009|100| D|521211|042|A|0|0| |0|0|0|0| | | | ||00||0
2026|01|528057|015|08|CD|6213|FAE|13|51|2|009|100| D|524113|042|A|0|0| |0|0|0|0| | | | ||00||0
2026|01|528057|015|08|CD|6213|FAE|13|51|2|008|100| A|521211|042|A|0|0| |0|0|0|0| | | | ||00||0
2026|01|528057|015|08|CD|6213|FAE|13|51|2|008|100| A|522151|042|A|0|0| |0|0|0|0| | | | ||00||0
2026|01|528057|015|08|CD|6213|FAE|13|51|2|008|100| A|524111|042|A|0|0| |0|0|0|0| | | | ||00||0
2026|01|528057|015|08|CD|6213|FAE|13|51|2|008|100| A|524113|042|A|0|0| |0|0|0|0| | | | ||00||0
2026|01|528057|015|08|CD|6213|FAL|13|51|2|003|100| A|521211|042|A|0|0| |0|0|0|0| | | | ||00||0
2026|01|528057|015|08|CD|6213|FAL|13|51|2|003|100| C|521211|042|A|0|0| |0|0|0|0| | | | ||00||0
2026|01|528057|015|08|CD|6213|FAL|13|51|2|003|100| D|524113|042|A|0|0| |0|0|0|0| | | | ||00||0
2026|01|528057|015|08|CD|6213|FAL|13|51|2|003|100| E|521211|042|A|0|0| |0|0|0|0| | | | ||00||0
2026|01|528057|015|08|CD|6213|FAL|13|51|2|003|100| E|522151|042|A|0|0| |0|0|0|0| | | | ||00||0
2026|01|528057|015|08|CD|6213|FAL|13|51|2|003|100| E|524113|042|A|0|0| |0|0|0|0| | | | ||00||0
2026|01|528057|015|08|CD|6213|FAL|13|51|2|003|100| F|521211|042|A|0|0| |0|0|0|0| | | | ||00||0
2026|01|528057|015|08|CD|6213|FAL|13|51|2|003|100| F|522151|042|A|0|0| |0|0|0|0| | | | ||00||0
2026|01|528057|015|08|CD|6213|FAL|13|51|2|003|100| F|524113|042|A|0|0| |0|0|0|0| | | | ||00||0
2026|01|528057|015|08|CD|6213|FAL|13|51|2|003|100| G|521211|042|A|0|0| |0|0|0|0| | | | ||00||0
2026|01|528057|015|08|CD|6213|FAL|13|51|2|003|100| H|521211|042|A|0|0| |0|0|0|0| | | | ||00||0
2026|01|528057|015|08|CD|6213|FAL|13|51|2|003|100| H|524111|042|A|0|0| |0|0|0|0| | | | ||00||0
2026|01|528057|015|08|CD|6213|FAL|13|51|2|003|100| H|524113|042|A|0|0| |0|0|0|0| | | | ||00||0
2026|01|528057|015|08|CD|6215|FAH|13|51|2|003|100| B|521211|042|A|0|0| |0|0|0|0| | | | ||00||0
2026|01|528057|015|08|CD|6215|FAH|13|51|2|001|100| A|524111|042|A|0|0| |0|0|0|0| | | | ||00||0
2026|01|528057|015|08|CD|6215|FAH|13|51|2|001|100| B|521211|042|A|0|0| |0|0|0|0| | | | ||00||0
2026|01|528057|015|08|CD|6216|FAE|13|51|2|002|100| A|524113|042|A|0|0| |0|0|0|0| | | | ||00||0
2026|01|528057|015|08|WA|4715|EBA|13|51|2|001|100| A|521811|042|A|0|0| |0|0|0|0| | | | ||00||0
2026|01|528057|015|08|WA|4715|EBA|13|51|2|001|100| A|522151|042|A|0|0| |0|0|0|0| | | | ||00||0
2026|01|528057|015|08|WA|4715|EBA|13|51|2|001|100| B|522151|042|A|0|0| |0|0|0|0| | | | ||00||0
2026|01|528057|015|08|WA|4715|EBA|13|51|2|994|002| A|521111|042|A|0|0| |0|0|0|0| | | | ||00||0
2026|01|528057|015|08|WA|4715|EBA|13|51|2|994|002| A|521119|042|A|0|0| |0|0|0|0| | | | ||00||0
2026|01|528057|015|08|WA|4715|EBA|13|51|2|994|002| A|521811|042|A|0|0| |0|0|0|0| | | | ||00||0
2026|01|528057|015|08|WA|4715|EBA|13|51|2|994|002| B|521114|042|A|0|0| |0|0|0|0| | | | ||00||0
2026|01|528057|015|08|WA|4715|EBA|13|51|2|994|002| B|522113|042|A|0|0| |0|0|0|0| | | | ||00||0
2026|01|528057|015|08|WA|4715|EBA|13|51|2|994|002| C|521115|042|A|0|0| |0|0|0|0| | | | ||00||0
2026|01|528057|015|08|WA|4715|EBA|13|51|2|994|002| C|521119|042|A|0|0| |0|0|0|0| | | | ||00||0
2026|01|528057|015|08|WA|4715|EBA|13|51|2|994|002| D|523121|042|A|0|0| |0|0|0|0| | | | ||00||0
2026|01|528057|015|08|WA|4715|EBA|13|51|2|994|002| E|523111|042|A|0|0| |0|0|0|0| | | | ||00||0
2026|01|528057|015|08|WA|4715|EBA|13|51|2|994|002| E|523119|042|A|0|0| |0|0|0|0| | | | ||00||0
2026|01|528057|015|08|WA|4715|EBA|13|51|2|994|002|HB|524111|042|A|0|0| |0|0|0|0| | | | ||00||0
2026|01|528057|015|08|WA|4715|EBA|13|51|2|994|002|HC|524111|042|A|0|0| |0|0|0|0| | | | ||00||0
2026|01|528057|015|08|WA|4715|EBA|13|51|2|994|002|HD|524111|042|A|0|0| |0|0|0|0| | | | ||00||0
2026|01|528057|015|08|WA|4715|EBA|13|51|2|994|002|HH|521211|042|A|0|0| |0|0|0|0| | | | ||00||0
2026|01|528057|015|08|WA|4715|EBA|13|51|2|994|002|TJ|523121|042|A|0|0| |0|0|0|0| | | | ||00||0
2026|01|528057|015|08|WA|4715|EBA|13|51|2|002|100| A|524111|042|A|0|0| |0|0|0|0| | | | ||00||0
2026|01|528057|015|08|WA|4715|EBB|13|51|2|004|100|RB|533121|042|A|0|0| |0|0|0|0| | | | ||00||0
2026|01|528057|015|08|WA|4715|EBD|13|51|2|Z36|100| A|521211|042|A|0|0| |0|0|0|0| | | | ||00||0
2026|01|528057|015|08|WA|4715|EBD|13|51|2|Z26|100| A|521211|042|A|0|0| |0|0|0|0| | | | ||00||0
2026|01|528057|015|08|WA|4715|EBD|13|51|2|Z26|100| A|524111|042|A|0|0| |0|0|0|0| | | | ||00||0
2026|01|528057|015|08|WA|4718|BMB|13|51|2|002|100| A|521211|042|A|0|0| |0|0|0|0| | | | ||00||0
2026|01|528057|015|08|WA|4718|BMB|13|51|2|002|100| A|521219|042|A|0|0| |0|0|0|0| | | | ||00||0
2026|01|528057|015|08|WA|4718|BMB|13|51|2|001|100| A|521211|042|A|0|0| |0|0|0|0| | | | ||00||0
2026|01|528057|015|08|WA|4719|EBA|13|51|2|994|001| A|511129|042|A|0|0| |0|0|0|0| | | | ||00||0
2026|01|528057|015|08|WA|4719|EBA|13|51|2|994|001| A|512211|042|A|0|0| |0|0|0|0| | | | ||00||0
2026|01|528057|015|08|WA|4719|EBA|13|51|2|003|100| B|521211|042|A|0|0| |0|0|0|0| | | | ||00||0
2026|01|528057|015|08|WA|4719|EBC|13|51|2|001|100|XC|521211|042|A|0|0| |0|0|0|0| | | | ||00||0
2026|01|528057|015|08|WA|4719|EBC|13|51|2|001|100|XC|522151|042|A|0|0| |0|0|0|0| | | | ||00||0
2026|01|528057|015|08|WA|4722|EBD|13|51|2|001|100| A|521211|042|A|0|0| |0|0|0|0| | | | ||00||0
2026|01|528565|015|08|CD|6212|BMB|22|01|2|001|100| A|524111|132|A|0|0| |0|0|0|0| | | | ||00||0
2026|01|528565|015|08|CD|6212|BMB|22|01|2|001|100| A|524113|132|A|0|0| |0|0|0|0| | | | ||00||0
2026|01|528565|015|08|CD|6212|FAC|22|01|2|001|100| A|521211|132|A|0|0| |0|0|0|0| | | | ||00||0
2026|01|528565|015|08|CD|6212|FAC|22|01|2|001|100| B|521211|132|A|0|0| |0|0|0|0| | | | ||00||0
2026|01|528565|015|08|CD|6212|FAH|22|01|2|001|100| A|521211|132|A|0|0| |0|0|0|0| | | | ||00||0
2026|01|528565|015|08|CD|6212|FAL|22|01|2|004|100| A|521211|132|A|0|0| |0|0|0|0| | | | ||00||0
2026|01|528565|015|08|CD|6212|FAL|22|01|2|004|100| B|521211|132|A|0|0| |0|0|0|0| | | | ||00||0
2026|01|528565|015|08|CD|6212|FAL|22|01|2|004|100| B|522141|132|A|0|0| |0|0|0|0| | | | ||00||0
2026|01|528565|015|08|CD|6212|FAL|22|01|2|004|100| C|524111|132|A|0|0| |0|0|0|0| | | | ||00||0
2026|01|528565|015|08|CD|6212|FAL|22|01|2|004|100| D|524111|132|A|0|0| |0|0|0|0| | | | ||00||0
2026|01|528565|015|08|CD|6213|FAC|22|01|2|001|100| A|521211|132|A|0|0| |0|0|0|0| | | | ||00||0
2026|01|528565|015|08|CD|6213|FAE|22|01|2|009|100| A|524111|132|A|0|0| |0|0|0|0| | | | ||00||0
2026|01|528565|015|08|CD|6213|FAL|22|01|2|003|100| A|524111|132|A|0|0| |0|0|0|0| | | | ||00||0
2026|01|528565|015|08|CD|6213|FAL|22|01|2|003|100| A|524113|132|A|0|0| |0|0|0|0| | | | ||00||0
2026|01|528565|015|08|CD|6214|FAL|22|01|2|002|100| A|521211|132|A|0|0| |0|0|0|0| | | | ||00||0
2026|01|528565|015|08|CD|6214|FAL|22|01|2|002|100| B|521211|132|A|0|0| |0|0|0|0| | | | ||00||0
2026|01|528565|015|08|CD|6215|FAH|22|01|2|003|100| A|521211|132|A|0|0| |0|0|0|0| | | | ||00||0
2026|01|528565|015|08|CD|6215|FAH|22|01|2|003|100| B|524111|132|A|0|0| |0|0|0|0| | | | ||00||0
2026|01|528565|015|08|WA|4715|EBA|22|01|2|001|100| A|521811|132|A|0|0| |0|0|0|0| | | | ||00||0
2026|01|528565|015|08|WA|4715|EBA|22|01|2|001|100| B|522151|132|A|0|0| |0|0|0|0| | | | ||00||0
2026|01|528565|015|08|WA|4715|EBA|22|01|2|001|100| B|524111|132|A|0|0| |0|0|0|0| | | | ||00||0
2026|01|528565|015|08|WA|4715|EBA|22|01|2|994|002| A|521111|132|A|0|0| |0|0|0|0| | | | ||00||0
2026|01|528565|015|08|WA|4715|EBA|22|01|2|994|002| A|521119|132|A|0|0| |0|0|0|0| | | | ||00||0
2026|01|528565|015|08|WA|4715|EBA|22|01|2|994|002| A|521811|132|A|0|0| |0|0|0|0| | | | ||00||0
2026|01|528565|015|08|WA|4715|EBA|22|01|2|994|002| B|521114|132|A|0|0| |0|0|0|0| | | | ||00||0
2026|01|528565|015|08|WA|4715|EBA|22|01|2|994|002| C|521113|132|A|0|0| |0|0|0|0| | | | ||00||0
2026|01|528565|015|08|WA|4715|EBA|22|01|2|994|002| C|521115|132|A|0|0| |0|0|0|0| | | | ||00||0
2026|01|528565|015|08|WA|4715|EBA|22|01|2|994|002| C|521119|132|A|0|0| |0|0|0|0| | | | ||00||0
2026|01|528565|015|08|WA|4715|EBA|22|01|2|994|002| D|523121|132|A|0|0| |0|0|0|0| | | | ||00||0
2026|01|528565|015|08|WA|4715|EBA|22|01|2|994|002| G|523119|132|A|0|0| |0|0|0|0| | | | ||00||0
2026|01|528565|015|08|WA|4715|EBA|22|01|2|994|002|HA|524111|132|A|0|0| |0|0|0|0| | | | ||00||0
2026|01|528565|015|08|WA|4715|EBA|22|01|2|994|002|HA|524113|132|A|0|0| |0|0|0|0| | | | ||00||0
2026|01|528565|015|08|WA|4715|EBA|22|01|2|994|002|HB|524111|132|A|0|0| |0|0|0|0| | | | ||00||0
2026|01|528565|015|08|WA|4715|EBA|22|01|2|994|002|HB|524113|132|A|0|0| |0|0|0|0| | | | ||00||0
2026|01|528565|015|08|WA|4715|EBA|22|01|2|994|002|HH|524111|132|A|0|0| |0|0|0|0| | | | ||00||0
2026|01|528565|015|08|WA|4715|EBA|22|01|2|994|002|TJ|523121|132|A|0|0| |0|0|0|0| | | | ||00||0
2026|01|528565|015|08|WA|4715|EBA|22|01|2|002|100| A|524111|132|A|0|0| |0|0|0|0| | | | ||00||0
2026|01|528565|015|08|WA|4715|EBA|22|01|2|002|100| A|524113|132|A|0|0| |0|0|0|0| | | | ||00||0
2026|01|528565|015|08|WA|4715|EBD|22|01|2|Z36|100| B|524111|132|A|0|0| |0|0|0|0| | | | ||00||0
2026|01|528565|015|08|WA|4718|BMB|22|01|2|001|100| A|521211|132|A|0|0| |0|0|0|0| | | | ||00||0
2026|01|528565|015|08|WA|4718|BMB|22|01|2|002|100| A|521219|132|A|0|0| |0|0|0|0| | | | ||00||0
2026|01|528565|015|08|WA|4719|EBA|22|01|2|994|001| A|511129|132|A|0|0| |0|0|0|0| | | | ||00||0
2026|01|528565|015|08|WA|4719|EBA|22|01|2|994|001| A|512211|132|A|0|0| |0|0|0|0| | | | ||00||0
2026|01|528565|015|08|WA|4719|EBA|22|01|2|004|100| A|521211|132|A|0|0| |0|0|0|0| | | | ||00||0
2026|01|528565|015|08|WA|4719|EBC|22|01|2|001|100|XC|521211|132|A|0|0| |0|0|0|0| | | | ||00||0
2026|01|528565|015|08|WA|4719|EBC|22|01|2|001|100|XC|522151|132|A|0|0| |0|0|0|0| | | | ||00||0
2026|01|528565|015|08|WA|4719|EBC|22|01|2|001|100|XC|524113|132|A|0|0| |0|0|0|0| | | | ||00||0
2026|01|528235|015|08|CD|6212|BMB|35|51|2|001|100| A|524113|048|A|0|0| |0|0|0|0| | | | ||00||0
2026|01|528235|015|08|CD|6212|FAC|35|51|2|001|100| A|521211|048|A|0|0| |0|0|0|0| | | | ||00||0
2026|01|528235|015|08|CD|6212|FAC|35|51|2|001|100| B|521211|048|A|0|0| |0|0|0|0| | | | ||00||0
2026|01|528235|015|08|CD|6212|FAH|35|51|2|001|100| A|521211|048|A|0|0| |0|0|0|0| | | | ||00||0
2026|01|528235|015|08|CD|6212|FAL|35|51|2|004|100| A|521211|048|A|0|0| |0|0|0|0| | | | ||00||0
2026|01|528235|015|08|CD|6212|FAL|35|51|2|004|100| B|521211|048|A|0|0| |0|0|0|0| | | | ||00||0
2026|01|528235|015|08|CD|6212|FAL|35|51|2|004|100| D|524113|048|A|0|0| |0|0|0|0| | | | ||00||0
2026|01|528235|015|08|CD|6213|FAC|35|51|2|001|100| A|521211|048|A|0|0| |0|0|0|0| | | | ||00||0
2026|01|528235|015|08|CD|6213|FAE|35|51|2|009|100| A|524113|048|A|0|0| |0|0|0|0| | | | ||00||0
2026|01|528235|015|08|CD|6213|FAL|35|51|2|003|100| A|524113|048|A|0|0| |0|0|0|0| | | | ||00||0
2026|01|528235|015|08|CD|6214|FAL|35|51|2|002|100| A|521211|048|A|0|0| |0|0|0|0| | | | ||00||0
2026|01|528235|015|08|CD|6214|FAL|35|51|2|002|100| B|521211|048|A|0|0| |0|0|0|0| | | | ||00||0
2026|01|528235|015|08|CD|6215|FAH|35|51|2|003|100| A|521211|048|A|0|0| |0|0|0|0| | | | ||00||0
2026|01|528235|015|08|CD|6215|FAH|35|51|2|003|100| B|524113|048|A|0|0| |0|0|0|0| | | | ||00||0
2026|01|528235|015|08|WA|4715|EBA|35|51|2|001|100| A|521811|048|A|0|0| |0|0|0|0| | | | ||00||0
2026|01|528235|015|08|WA|4715|EBA|35|51|2|001|100| B|522151|048|A|0|0| |0|0|0|0| | | | ||00||0
2026|01|528235|015|08|WA|4715|EBA|35|51|2|994|002| A|521111|048|A|0|0| |0|0|0|0| | | | ||00||0
2026|01|528235|015|08|WA|4715|EBA|35|51|2|994|002| A|521119|048|A|0|0| |0|0|0|0| | | | ||00||0
2026|01|528235|015|08|WA|4715|EBA|35|51|2|994|002| A|521811|048|A|0|0| |0|0|0|0| | | | ||00||0
2026|01|528235|015|08|WA|4715|EBA|35|51|2|994|002| B|521114|048|A|0|0| |0|0|0|0| | | | ||00||0
2026|01|528235|015|08|WA|4715|EBA|35|51|2|994|002| B|522113|048|A|0|0| |0|0|0|0| | | | ||00||0
2026|01|528235|015|08|WA|4715|EBA|35|51|2|994|002| C|521113|048|A|0|0| |0|0|0|0| | | | ||00||0
2026|01|528235|015|08|WA|4715|EBA|35|51|2|994|002| C|521115|048|A|0|0| |0|0|0|0| | | | ||00||0
2026|01|528235|015|08|WA|4715|EBA|35|51|2|994|002| C|521119|048|A|0|0| |0|0|0|0| | | | ||00||0
2026|01|528235|015|08|WA|4715|EBA|35|51|2|994|002| D|523121|048|A|0|0| |0|0|0|0| | | | ||00||0
2026|01|528235|015|08|WA|4715|EBA|35|51|2|994|002| G|523111|048|A|0|0| |0|0|0|0| | | | ||00||0
2026|01|528235|015|08|WA|4715|EBA|35|51|2|994|002| G|523119|048|A|0|0| |0|0|0|0| | | | ||00||0
2026|01|528235|015|08|WA|4715|EBA|35|51|2|994|002|HA|524111|048|A|0|0| |0|0|0|0| | | | ||00||0
2026|01|528235|015|08|WA|4715|EBA|35|51|2|994|002|HA|524113|048|A|0|0| |0|0|0|0| | | | ||00||0
2026|01|528235|015|08|WA|4715|EBA|35|51|2|994|002|HB|524111|048|A|0|0| |0|0|0|0| | | | ||00||0
2026|01|528235|015|08|WA|4715|EBA|35|51|2|994|002|HB|524113|048|A|0|0| |0|0|0|0| | | | ||00||0
2026|01|528235|015|08|WA|4715|EBA|35|51|2|994|002|HH|524113|048|A|0|0| |0|0|0|0| | | | ||00||0
2026|01|528235|015|08|WA|4715|EBA|35|51|2|994|002|TJ|523121|048|A|0|0| |0|0|0|0| | | | ||00||0
2026|01|528235|015|08|WA|4715|EBA|35|51|2|002|100| A|524113|048|A|0|0| |0|0|0|0| | | | ||00||0
2026|01|528235|015|08|WA|4715|EBD|35|51|2|Z36|100| B|524111|048|A|0|0| |0|0|0|0| | | | ||00||0
2026|01|528235|015|08|WA|4718|BMB|35|51|2|002|100| A|521219|048|A|0|0| |0|0|0|0| | | | ||00||0
2026|01|528235|015|08|WA|4718|BMB|35|51|2|001|100| A|521211|048|A|0|0| |0|0|0|0| | | | ||00||0
2026|01|528235|015|08|WA|4719|EBA|35|51|2|994|001| A|511129|048|A|0|0| |0|0|0|0| | | | ||00||0
2026|01|528235|015|08|WA|4719|EBA|35|51|2|994|001| A|512211|048|A|0|0| |0|0|0|0| | | | ||00||0
2026|01|528235|015|08|WA|4719|EBA|35|51|2|004|100| A|521211|048|A|0|0| |0|0|0|0| | | | ||00||0
2026|01|528235|015|08|WA|4719|EBC|35|51|2|001|100|XC|521211|048|A|0|0| |0|0|0|0| | | | ||00||0
2026|01|528235|015|08|WA|4719|EBC|35|51|2|001|100|XC|522151|048|A|0|0| |0|0|0|0| | | | ||00||0
2026|01|528235|015|08|WA|4719|EBC|35|51|2|001|100|XC|524113|048|A|0|0| |0|0|0|0| | | | ||00||0
2026|01|528420|015|08|CD|6212|FAC|19|05|2|001|100| A|521211|055|A|0|0| |0|0|0|0| | | | ||00||0
2026|01|528420|015|08|CD|6212|FAC|19|05|2|001|100| B|521211|055|A|0|0| |0|0|0|0| | | | ||00||0
2026|01|528420|015|08|CD|6212|FAH|19|05|2|001|100| A|521211|055|A|0|0| |0|0|0|0| | | | ||00||0
2026|01|528420|015|08|CD|6212|FAL|19|05|2|004|100| A|521211|055|A|0|0| |0|0|0|0| | | | ||00||0
2026|01|528420|015|08|CD|6212|FAL|19|05|2|004|100| B|521211|055|A|0|0| |0|0|0|0| | | | ||00||0
2026|01|528420|015|08|CD|6212|FAL|19|05|2|004|100| D|524111|055|A|0|0| |0|0|0|0| | | | ||00||0
2026|01|528420|015|08|CD|6212|FAL|19|05|2|004|100| D|524113|055|A|0|0| |0|0|0|0| | | | ||00||0
2026|01|528420|015|08|CD|6213|FAC|19|05|2|001|100| A|521211|055|A|0|0| |0|0|0|0| | | | ||00||0
2026|01|528420|015|08|CD|6214|FAL|19|05|2|002|100| A|521211|055|A|0|0| |0|0|0|0| | | | ||00||0
2026|01|528420|015|08|CD|6214|FAL|19|05|2|002|100| B|521211|055|A|0|0| |0|0|0|0| | | | ||00||0
2026|01|528420|015|08|CD|6215|FAH|19|05|2|003|100| A|521211|055|A|0|0| |0|0|0|0| | | | ||00||0
2026|01|528420|015|08|WA|4715|EBA|19|05|2|001|100| A|521811|055|A|0|0| |0|0|0|0| | | | ||00||0
2026|01|528420|015|08|WA|4715|EBA|19|05|2|001|100| B|522151|055|A|0|0| |0|0|0|0| | | | ||00||0
2026|01|528420|015|08|WA|4715|EBA|19|05|2|994|002| A|521111|055|A|0|0| |0|0|0|0| | | | ||00||0
2026|01|528420|015|08|WA|4715|EBA|19|05|2|994|002| A|521119|055|A|0|0| |0|0|0|0| | | | ||00||0
2026|01|528420|015|08|WA|4715|EBA|19|05|2|994|002| A|521811|055|A|0|0| |0|0|0|0| | | | ||00||0
2026|01|528420|015|08|WA|4715|EBA|19|05|2|994|002| B|521114|055|A|0|0| |0|0|0|0| | | | ||00||0
2026|01|528420|015|08|WA|4715|EBA|19|05|2|994|002| B|522113|055|A|0|0| |0|0|0|0| | | | ||00||0
2026|01|528420|015|08|WA|4715|EBA|19|05|2|994|002| C|521113|055|A|0|0| |0|0|0|0| | | | ||00||0
2026|01|528420|015|08|WA|4715|EBA|19|05|2|994|002| C|521115|055|A|0|0| |0|0|0|0| | | | ||00||0
2026|01|528420|015|08|WA|4715|EBA|19|05|2|994|002| C|521119|055|A|0|0| |0|0|0|0| | | | ||00||0
2026|01|528420|015|08|WA|4715|EBA|19|05|2|994|002| D|523121|055|A|0|0| |0|0|0|0| | | | ||00||0
2026|01|528420|015|08|WA|4715|EBA|19|05|2|994|002| G|523111|055|A|0|0| |0|0|0|0| | | | ||00||0
2026|01|528420|015|08|WA|4715|EBA|19|05|2|994|002| G|523119|055|A|0|0| |0|0|0|0| | | | ||00||0
2026|01|528420|015|08|WA|4715|EBA|19|05|2|994|002|HA|524111|055|A|0|0| |0|0|0|0| | | | ||00||0
2026|01|528420|015|08|WA|4715|EBA|19|05|2|994|002|HA|524113|055|A|0|0| |0|0|0|0| | | | ||00||0
2026|01|528420|015|08|WA|4715|EBA|19|05|2|994|002|HB|524111|055|A|0|0| |0|0|0|0| | | | ||00||0
2026|01|528420|015|08|WA|4715|EBA|19|05|2|994|002|HB|524113|055|A|0|0| |0|0|0|0| | | | ||00||0
2026|01|528420|015|08|WA|4715|EBA|19|05|2|994|002|HH|524111|055|A|0|0| |0|0|0|0| | | | ||00||0
2026|01|528420|015|08|WA|4715|EBA|19|05|2|994|002|HH|524113|055|A|0|0| |0|0|0|0| | | | ||00||0
2026|01|528420|015|08|WA|4715|EBA|19|05|2|994|002|TJ|523121|055|A|0|0| |0|0|0|0| | | | ||00||0
2026|01|528420|015|08|WA|4715|EBA|19|05|2|002|100| A|524113|055|A|0|0| |0|0|0|0| | | | ||00||0
2026|01|528420|015|08|WA|4715|EBD|19|05|2|Z36|100| B|524111|055|A|0|0| |0|0|0|0| | | | ||00||0
2026|01|528420|015|08|WA|4718|BMB|19|05|2|002|100| A|521219|055|A|0|0| |0|0|0|0| | | | ||00||0
2026|01|528420|015|08|WA|4718|BMB|19|05|2|001|100| A|521211|055|A|0|0| |0|0|0|0| | | | ||00||0
2026|01|528420|015|08|WA|4719|EBA|19|05|2|994|001| A|511129|055|A|0|0| |0|0|0|0| | | | ||00||0
2026|01|528420|015|08|WA|4719|EBA|19|05|2|994|001| A|512211|055|A|0|0| |0|0|0|0| | | | ||00||0
2026|01|528420|015|08|WA|4719|EBA|19|05|2|004|100| A|521211|055|A|0|0| |0|0|0|0| | | | ||00||0
2026|01|528420|015|08|WA|4719|EBC|19|05|2|001|100|XC|521211|055|A|0|0| |0|0|0|0| | | | ||00||0
2026|01|528420|015|08|WA|4719|EBC|19|05|2|001|100|XC|522151|055|A|0|0| |0|0|0|0| | | | ||00||0
2026|01|528200|015|08|CD|6212|BMB|15|05|2|001|100| A|524113|110|A|0|0| |0|0|0|0| | | | ||00||0
2026|01|528200|015|08|CD|6212|FAC|15|05|2|001|100| A|521211|110|A|0|0| |0|0|0|0| | | | ||00||0
2026|01|528200|015|08|CD|6212|FAC|15|05|2|001|100| B|521211|110|A|0|0| |0|0|0|0| | | | ||00||0
2026|01|528200|015|08|CD|6212|FAH|15|05|2|001|100| A|521211|110|A|0|0| |0|0|0|0| | | | ||00||0
2026|01|528200|015|08|CD|6212|FAL|15|05|2|004|100| A|521211|110|A|0|0| |0|0|0|0| | | | ||00||0
2026|01|528200|015|08|CD|6212|FAL|15|05|2|004|100| B|521211|110|A|0|0| |0|0|0|0| | | | ||00||0
2026|01|528200|015|08|CD|6212|FAL|15|05|2|004|100| D|524111|110|A|0|0| |0|0|0|0| | | | ||00||0
2026|01|528200|015|08|CD|6212|FAL|15|05|2|004|100| D|524113|110|A|0|0| |0|0|0|0| | | | ||00||0
2026|01|528200|015|08|CD|6213|FAC|15|05|2|001|100| A|521211|110|A|0|0| |0|0|0|0| | | | ||00||0
2026|01|528200|015|08|CD|6213|FAL|15|05|2|003|100| A|524111|110|A|0|0| |0|0|0|0| | | | ||00||0
2026|01|528200|015|08|CD|6213|FAL|15|05|2|003|100| A|524113|110|A|0|0| |0|0|0|0| | | | ||00||0
2026|01|528200|015|08|CD|6214|FAL|15|05|2|002|100| A|521211|110|A|0|0| |0|0|0|0| | | | ||00||0
2026|01|528200|015|08|CD|6214|FAL|15|05|2|002|100| B|521211|110|A|0|0| |0|0|0|0| | | | ||00||0
2026|01|528200|015|08|CD|6215|FAH|15|05|2|003|100| A|521211|110|A|0|0| |0|0|0|0| | | | ||00||0
2026|01|528200|015|08|CD|6215|FAH|15|05|2|003|100| B|524111|110|A|0|0| |0|0|0|0| | | | ||00||0
2026|01|528200|015|08|WA|4715|EBA|15|05|2|001|100| A|521811|110|A|0|0| |0|0|0|0| | | | ||00||0
2026|01|528200|015|08|WA|4715|EBA|15|05|2|001|100| B|522151|110|A|0|0| |0|0|0|0| | | | ||00||0
2026|01|528200|015|08|WA|4715|EBA|15|05|2|994|002| A|521111|110|A|0|0| |0|0|0|0| | | | ||00||0
2026|01|528200|015|08|WA|4715|EBA|15|05|2|994|002| A|521119|110|A|0|0| |0|0|0|0| | | | ||00||0
2026|01|528200|015|08|WA|4715|EBA|15|05|2|994|002| A|521811|110|A|0|0| |0|0|0|0| | | | ||00||0
2026|01|528200|015|08|WA|4715|EBA|15|05|2|994|002| B|521114|110|A|0|0| |0|0|0|0| | | | ||00||0
2026|01|528200|015|08|WA|4715|EBA|15|05|2|994|002| B|522111|110|A|0|0| |0|0|0|0| | | | ||00||0
2026|01|528200|015|08|WA|4715|EBA|15|05|2|994|002| B|522113|110|A|0|0| |0|0|0|0| | | | ||00||0
2026|01|528200|015|08|WA|4715|EBA|15|05|2|994|002| C|521113|110|A|0|0| |0|0|0|0| | | | ||00||0
2026|01|528200|015|08|WA|4715|EBA|15|05|2|994|002| C|521115|110|A|0|0| |0|0|0|0| | | | ||00||0
2026|01|528200|015|08|WA|4715|EBA|15|05|2|994|002| C|521119|110|A|0|0| |0|0|0|0| | | | ||00||0
2026|01|528200|015|08|WA|4715|EBA|15|05|2|994|002| D|523121|110|A|0|0| |0|0|0|0| | | | ||00||0
2026|01|528200|015|08|WA|4715|EBA|15|05|2|994|002| G|523111|110|A|0|0| |0|0|0|0| | | | ||00||0
2026|01|528200|015|08|WA|4715|EBA|15|05|2|994|002| G|523119|110|A|0|0| |0|0|0|0| | | | ||00||0
2026|01|528200|015|08|WA|4715|EBA|15|05|2|994|002|HA|524111|110|A|0|0| |0|0|0|0| | | | ||00||0
2026|01|528200|015|08|WA|4715|EBA|15|05|2|994|002|HA|524113|110|A|0|0| |0|0|0|0| | | | ||00||0
2026|01|528200|015|08|WA|4715|EBA|15|05|2|994|002|HB|524111|110|A|0|0| |0|0|0|0| | | | ||00||0
2026|01|528200|015|08|WA|4715|EBA|15|05|2|994|002|HB|524113|110|A|0|0| |0|0|0|0| | | | ||00||0
2026|01|528200|015|08|WA|4715|EBA|15|05|2|994|002|HH|524111|110|A|0|0| |0|0|0|0| | | | ||00||0
2026|01|528200|015|08|WA|4715|EBA|15|05|2|994|002|HH|524113|110|A|0|0| |0|0|0|0| | | | ||00||0
2026|01|528200|015|08|WA|4715|EBA|15|05|2|994|002|TJ|523121|110|A|0|0| |0|0|0|0| | | | ||00||0
2026|01|528200|015|08|WA|4715|EBA|15|05|2|002|100| A|524111|110|A|0|0| |0|0|0|0| | | | ||00||0
2026|01|528200|015|08|WA|4715|EBA|15|05|2|002|100| A|524113|110|A|0|0| |0|0|0|0| | | | ||00||0
2026|01|528200|015|08|WA|4715|EBD|15|05|2|Z36|100| B|524111|110|A|0|0| |0|0|0|0| | | | ||00||0
2026|01|528200|015|08|WA|4718|BMB|15|05|2|002|100| A|521219|110|A|0|0| |0|0|0|0| | | | ||00||0
2026|01|528200|015|08|WA|4718|BMB|15|05|2|001|100| A|521211|110|A|0|0| |0|0|0|0| | | | ||00||0
2026|01|528200|015|08|WA|4719|EBA|15|05|2|994|001| A|511129|110|A|0|0| |0|0|0|0| | | | ||00||0
2026|01|528200|015|08|WA|4719|EBA|15|05|2|994|001| A|512211|110|A|0|0| |0|0|0|0| | | | ||00||0
2026|01|528200|015|08|WA|4719|EBA|15|05|2|004|100| A|521211|110|A|0|0| |0|0|0|0| | | | ||00||0
2026|01|528200|015|08|WA|4719|EBC|15|05|2|001|100|XC|521211|110|A|0|0| |0|0|0|0| | | | ||00||0
2026|01|528200|015|08|WA|4719|EBC|15|05|2|001|100|XC|522151|110|A|0|0| |0|0|0|0| | | | ||00||0
2026|01|528200|015|08|WA|4719|EBC|15|05|2|001|100|XC|524113|110|A|0|0| |0|0|0|0| | | | ||00||0
2026|01|528590|015|08|CD|6212|BMB|23|52|2|001|100| A|524111|071|A|0|0| |0|0|0|0| | | | ||00||0
2026|01|528590|015|08|CD|6212|BMB|23|52|2|001|100| A|524113|071|A|0|0| |0|0|0|0| | | | ||00||0
2026|01|528590|015|08|CD|6212|FAC|23|52|2|001|100| A|521211|071|A|0|0| |0|0|0|0| | | | ||00||0
2026|01|528590|015|08|CD|6212|FAC|23|52|2|001|100| B|521211|071|A|0|0| |0|0|0|0| | | | ||00||0
2026|01|528590|015|08|CD|6212|FAH|23|52|2|001|100| A|521211|071|A|0|0| |0|0|0|0| | | | ||00||0
2026|01|528590|015|08|CD|6212|FAL|23|52|2|004|100| A|521211|071|A|0|0| |0|0|0|0| | | | ||00||0
2026|01|528590|015|08|CD|6212|FAL|23|52|2|004|100| A|524111|071|A|0|0| |0|0|0|0| | | | ||00||0
2026|01|528590|015|08|CD|6212|FAL|23|52|2|004|100| A|524113|071|A|0|0| |0|0|0|0| | | | ||00||0
2026|01|528590|015|08|CD|6212|FAL|23|52|2|004|100| B|521211|071|A|0|0| |0|0|0|0| | | | ||00||0
2026|01|528590|015|08|CD|6212|FAL|23|52|2|004|100| D|524111|071|A|0|0| |0|0|0|0| | | | ||00||0
2026|01|528590|015|08|CD|6212|FAL|23|52|2|004|100| D|524113|071|A|0|0| |0|0|0|0| | | | ||00||0
2026|01|528590|015|08|CD|6213|FAC|23|52|2|001|100| A|521211|071|A|0|0| |0|0|0|0| | | | ||00||0
2026|01|528590|015|08|CD|6213|FAE|23|52|2|009|100| A|524111|071|A|0|0| |0|0|0|0| | | | ||00||0
2026|01|528590|015|08|CD|6213|FAE|23|52|2|009|100| A|524113|071|A|0|0| |0|0|0|0| | | | ||00||0
2026|01|528590|015|08|CD|6213|FAL|23|52|2|003|100| A|524111|071|A|0|0| |0|0|0|0| | | | ||00||0
2026|01|528590|015|08|CD|6213|FAL|23|52|2|003|100| A|524113|071|A|0|0| |0|0|0|0| | | | ||00||0
2026|01|528590|015|08|CD|6214|FAL|23|52|2|002|100| A|521211|071|A|0|0| |0|0|0|0| | | | ||00||0
2026|01|528590|015|08|CD|6214|FAL|23|52|2|002|100| B|521211|071|A|0|0| |0|0|0|0| | | | ||00||0
2026|01|528590|015|08|CD|6215|FAH|23|52|2|003|100| A|521211|071|A|0|0| |0|0|0|0| | | | ||00||0
2026|01|528590|015|08|CD|6215|FAH|23|52|2|003|100| A|524111|071|A|0|0| |0|0|0|0| | | | ||00||0
2026|01|528590|015|08|WA|4715|EBA|23|52|2|001|100| A|521811|071|A|0|0| |0|0|0|0| | | | ||00||0
2026|01|528590|015|08|WA|4715|EBA|23|52|2|001|100| B|522151|071|A|0|0| |0|0|0|0| | | | ||00||0
2026|01|528590|015|08|WA|4715|EBA|23|52|2|001|100| B|524113|071|A|0|0| |0|0|0|0| | | | ||00||0
2026|01|528590|015|08|WA|4715|EBA|23|52|2|994|002| A|521111|071|A|0|0| |0|0|0|0| | | | ||00||0
2026|01|528590|015|08|WA|4715|EBA|23|52|2|994|002| A|521119|071|A|0|0| |0|0|0|0| | | | ||00||0
2026|01|528590|015|08|WA|4715|EBA|23|52|2|994|002| A|521811|071|A|0|0| |0|0|0|0| | | | ||00||0
2026|01|528590|015|08|WA|4715|EBA|23|52|2|994|002| B|521114|071|A|0|0| |0|0|0|0| | | | ||00||0
2026|01|528590|015|08|WA|4715|EBA|23|52|2|994|002| C|521113|071|A|0|0| |0|0|0|0| | | | ||00||0
2026|01|528590|015|08|WA|4715|EBA|23|52|2|994|002| C|521115|071|A|0|0| |0|0|0|0| | | | ||00||0
2026|01|528590|015|08|WA|4715|EBA|23|52|2|994|002| C|521119|071|A|0|0| |0|0|0|0| | | | ||00||0
2026|01|528590|015|08|WA|4715|EBA|23|52|2|994|002| D|523121|071|A|0|0| |0|0|0|0| | | | ||00||0
2026|01|528590|015|08|WA|4715|EBA|23|52|2|994|002| E|523111|071|A|0|0| |0|0|0|0| | | | ||00||0
2026|01|528590|015|08|WA|4715|EBA|23|52|2|994|002| E|523119|071|A|0|0| |0|0|0|0| | | | ||00||0
2026|01|528590|015|08|WA|4715|EBA|23|52|2|994|002| F|521115|071|A|0|0| |0|0|0|0| | | | ||00||0
2026|01|528590|015|08|WA|4715|EBA|23|52|2|994|002|HA|524111|071|A|0|0| |0|0|0|0| | | | ||00||0
2026|01|528590|015|08|WA|4715|EBA|23|52|2|994|002|HA|524113|071|A|0|0| |0|0|0|0| | | | ||00||0
2026|01|528590|015|08|WA|4715|EBA|23|52|2|994|002|HB|524111|071|A|0|0| |0|0|0|0| | | | ||00||0
2026|01|528590|015|08|WA|4715|EBA|23|52|2|994|002|HB|524113|071|A|0|0| |0|0|0|0| | | | ||00||0
2026|01|528590|015|08|WA|4715|EBA|23|52|2|994|002|HH|524111|071|A|0|0| |0|0|0|0| | | | ||00||0
2026|01|528590|015|08|WA|4715|EBA|23|52|2|994|002|HH|524113|071|A|0|0| |0|0|0|0| | | | ||00||0
2026|01|528590|015|08|WA|4715|EBA|23|52|2|994|002|TJ|523121|071|A|0|0| |0|0|0|0| | | | ||00||0
2026|01|528590|015|08|WA|4715|EBA|23|52|2|002|100| A|524111|071|A|0|0| |0|0|0|0| | | | ||00||0
2026|01|528590|015|08|WA|4715|EBA|23|52|2|002|100| A|524113|071|A|0|0| |0|0|0|0| | | | ||00||0
2026|01|528590|015|08|WA|4715|EBB|23|52|2|002|100| A|532111|071|A|0|0| |0|0|0|0| | | | ||00||0
2026|01|528590|015|08|WA|4715|EBD|23|52|2|Z36|100| B|524111|071|A|0|0| |0|0|0|0| | | | ||00||0
2026|01|528590|015|08|WA|4718|BMB|23|52|2|002|100| A|521219|071|A|0|0| |0|0|0|0| | | | ||00||0
2026|01|528590|015|08|WA|4718|BMB|23|52|2|001|100| A|521211|071|A|0|0| |0|0|0|0| | | | ||00||0
2026|01|528590|015|08|WA|4719|EBA|23|52|2|994|001| A|511129|071|A|0|0| |0|0|0|0| | | | ||00||0
2026|01|528590|015|08|WA|4719|EBA|23|52|2|994|001| A|512211|071|A|0|0| |0|0|0|0| | | | ||00||0
2026|01|528590|015|08|WA|4719|EBA|23|52|2|004|100| A|521211|071|A|0|0| |0|0|0|0| | | | ||00||0
2026|01|528590|015|08|WA|4719|EBC|23|52|2|001|100|XC|521211|071|A|0|0| |0|0|0|0| | | | ||00||0
2026|01|528590|015|08|WA|4719|EBC|23|52|2|001|100|XC|522151|071|A|0|0| |0|0|0|0| | | | ||00||0
2026|01|528590|015|08|WA|4719|EBC|23|52|2|001|100|XC|524113|071|A|0|0| |0|0|0|0| | | | ||00||0
2026|01|528654|015|08|CD|6212|BMB|24|11|2|001|100| A|521211|041|A|0|0| |0|0|0|0| | | | ||00||0
2026|01|528654|015|08|CD|6212|FAC|24|11|2|001|100| A|521211|041|A|0|0| |0|0|0|0| | | | ||00||0
2026|01|528654|015|08|CD|6212|FAC|24|11|2|001|100| B|521211|041|A|0|0| |0|0|0|0| | | | ||00||0
2026|01|528654|015|08|CD|6212|FAH|24|11|2|001|100| A|521211|041|A|0|0| |0|0|0|0| | | | ||00||0
2026|01|528654|015|08|CD|6212|FAL|24|11|2|004|100| A|521211|041|A|0|0| |0|0|0|0| | | | ||00||0
2026|01|528654|015|08|CD|6212|FAL|24|11|2|004|100| B|521211|041|A|0|0| |0|0|0|0| | | | ||00||0
2026|01|528654|015|08|CD|6212|FAL|24|11|2|004|100| D|524111|041|A|0|0| |0|0|0|0| | | | ||00||0
2026|01|528654|015|08|CD|6213|FAC|24|11|2|001|100| A|521211|041|A|0|0| |0|0|0|0| | | | ||00||0
2026|01|528654|015|08|CD|6213|FAE|24|11|2|009|100| A|524113|041|A|0|0| |0|0|0|0| | | | ||00||0
2026|01|528654|015|08|CD|6213|FAL|24|11|2|003|100| A|524113|041|A|0|0| |0|0|0|0| | | | ||00||0
2026|01|528654|015|08|CD|6214|FAL|24|11|2|002|100| A|521211|041|A|0|0| |0|0|0|0| | | | ||00||0
2026|01|528654|015|08|CD|6214|FAL|24|11|2|002|100| B|521211|041|A|0|0| |0|0|0|0| | | | ||00||0
2026|01|528654|015|08|CD|6215|FAH|24|11|2|003|100| A|521211|041|A|0|0| |0|0|0|0| | | | ||00||0
2026|01|528654|015|08|WA|4715|EBA|24|11|2|994|002| A|521111|041|A|0|0| |0|0|0|0| | | | ||00||0
2026|01|528654|015|08|WA|4715|EBA|24|11|2|994|002| A|521119|041|A|0|0| |0|0|0|0| | | | ||00||0
2026|01|528654|015|08|WA|4715|EBA|24|11|2|994|002| A|521811|041|A|0|0| |0|0|0|0| | | | ||00||0
2026|01|528654|015|08|WA|4715|EBA|24|11|2|994|002| B|521114|041|A|0|0| |0|0|0|0| | | | ||00||0
2026|01|528654|015|08|WA|4715|EBA|24|11|2|994|002| B|522111|041|A|0|0| |0|0|0|0| | | | ||00||0
2026|01|528654|015|08|WA|4715|EBA|24|11|2|994|002| B|522113|041|A|0|0| |0|0|0|0| | | | ||00||0
2026|01|528654|015|08|WA|4715|EBA|24|11|2|994|002| C|521113|041|A|0|0| |0|0|0|0| | | | ||00||0
2026|01|528654|015|08|WA|4715|EBA|24|11|2|994|002| C|521115|041|A|0|0| |0|0|0|0| | | | ||00||0
2026|01|528654|015|08|WA|4715|EBA|24|11|2|994|002| C|521119|041|A|0|0| |0|0|0|0| | | | ||00||0
2026|01|528654|015|08|WA|4715|EBA|24|11|2|994|002| D|523121|041|A|0|0| |0|0|0|0| | | | ||00||0
2026|01|528654|015|08|WA|4715|EBA|24|11|2|994|002| G|523111|041|A|0|0| |0|0|0|0| | | | ||00||0
2026|01|528654|015|08|WA|4715|EBA|24|11|2|994|002| G|523119|041|A|0|0| |0|0|0|0| | | | ||00||0
2026|01|528654|015|08|WA|4715|EBA|24|11|2|994|002|HA|524111|041|A|0|0| |0|0|0|0| | | | ||00||0
2026|01|528654|015|08|WA|4715|EBA|24|11|2|994|002|HB|524111|041|A|0|0| |0|0|0|0| | | | ||00||0
2026|01|528654|015|08|WA|4715|EBA|24|11|2|994|002|HH|524111|041|A|0|0| |0|0|0|0| | | | ||00||0
2026|01|528654|015|08|WA|4715|EBA|24|11|2|994|002|HH|524113|041|A|0|0| |0|0|0|0| | | | ||00||0
2026|01|528654|015|08|WA|4715|EBA|24|11|2|994|002|TJ|523121|041|A|0|0| |0|0|0|0| | | | ||00||0
2026|01|528654|015|08|WA|4715|EBA|24|11|2|001|100| A|521811|041|A|0|0| |0|0|0|0| | | | ||00||0
2026|01|528654|015|08|WA|4715|EBD|24|11|2|Z36|100| B|524111|041|A|0|0| |0|0|0|0| | | | ||00||0
2026|01|528654|015|08|WA|4718|BMB|24|11|2|002|100| A|521219|041|A|0|0| |0|0|0|0| | | | ||00||0
2026|01|528654|015|08|WA|4718|BMB|24|11|2|001|100| A|521211|041|A|0|0| |0|0|0|0| | | | ||00||0
2026|01|528654|015|08|WA|4719|EBA|24|11|2|994|001| A|511129|041|A|0|0| |0|0|0|0| | | | ||00||0
2026|01|528654|015|08|WA|4719|EBA|24|11|2|994|001| A|512211|041|A|0|0| |0|0|0|0| | | | ||00||0
2026|01|528654|015|08|WA|4719|EBA|24|11|2|004|100| A|521211|041|A|0|0| |0|0|0|0| | | | ||00||0
2026|01|528654|015|08|WA|4719|EBC|24|11|2|001|100|XC|521211|041|A|0|0| |0|0|0|0| | | | ||00||0
2026|01|528654|015|08|WA|4719|EBC|24|11|2|001|100|XC|522151|041|A|0|0| |0|0|0|0| | | | ||00||0
2026|01|528629|015|08|CD|6212|BMB|24|51|2|001|100| A|524113|039|A|0|0| |0|0|0|0| | | | ||00||0
2026|01|528629|015|08|CD|6212|BMB|24|51|2|001|100| B|521211|039|A|0|0| |0|0|0|0| | | | ||00||0
2026|01|528629|015|08|CD|6212|BMB|24|51|2|001|100| B|522151|039|A|0|0| |0|0|0|0| | | | ||00||0
2026|01|528629|015|08|CD|6212|BMB|24|51|2|001|100| B|524113|039|A|0|0| |0|0|0|0| | | | ||00||0
2026|01|528629|015|08|CD|6212|BMB|24|51|2|001|100| D|521211|039|A|0|0| |0|0|0|0| | | | ||00||0
2026|01|528629|015|08|CD|6212|FAC|24|51|2|002|100| B|521211|039|A|0|0| |0|0|0|0| | | | ||00||0
2026|01|528629|015|08|CD|6212|FAC|24|51|2|002|100| B|522151|039|A|0|0| |0|0|0|0| | | | ||00||0
2026|01|528629|015|08|CD|6212|FAH|24|51|2|003|100| B|524111|039|A|0|0| |0|0|0|0| | | | ||00||0
2026|01|528629|015|08|CD|6212|FAH|24|51|2|002|100| A|521211|039|A|0|0| |0|0|0|0| | | | ||00||0
2026|01|528629|015|08|CD|6212|FAH|24|51|2|002|100| B|524113|039|A|0|0| |0|0|0|0| | | | ||00||0
2026|01|528629|015|08|CD|6212|FAH|24|51|2|002|100| C|522151|039|A|0|0| |0|0|0|0| | | | ||00||0
2026|01|528629|015|08|CD|6212|FAL|24|51|2|001|100| A|521211|039|A|0|0| |0|0|0|0| | | | ||00||0
2026|01|528629|015|08|CD|6212|FAL|24|51|2|001|100| A|524111|039|A|0|0| |0|0|0|0| | | | ||00||0
2026|01|528629|015|08|CD|6212|FAL|24|51|2|001|100| B|521211|039|A|0|0| |0|0|0|0| | | | ||00||0
2026|01|528629|015|08|CD|6212|FAL|24|51|2|001|100| C|521211|039|A|0|0| |0|0|0|0| | | | ||00||0
2026|01|528629|015|08|CD|6212|FAL|24|51|2|001|100| D|521211|039|A|0|0| |0|0|0|0| | | | ||00||0
2026|01|528629|015|08|CD|6212|FAL|24|51|2|001|100| D|521213|039|A|0|0| |0|0|0|0| | | | ||00||0
2026|01|528629|015|08|CD|6212|FAL|24|51|2|001|100| D|522151|039|A|0|0| |0|0|0|0| | | | ||00||0
2026|01|528629|015|08|CD|6213|ABA|24|51|2|001|100| A|521211|039|A|0|0| |0|0|0|0| | | | ||00||0
2026|01|528629|015|08|CD|6213|ABA|24|51|2|001|100| A|522151|039|A|0|0| |0|0|0|0| | | | ||00||0
2026|01|528629|015|08|CD|6213|ABA|24|51|2|001|100| A|524111|039|A|0|0| |0|0|0|0| | | | ||00||0
2026|01|528629|015|08|CD|6213|FAE|24|51|2|009|100| B|524111|039|A|0|0| |0|0|0|0| | | | ||00||0
2026|01|528629|015|08|CD|6213|FAE|24|51|2|008|100| A|521211|039|A|0|0| |0|0|0|0| | | | ||00||0
2026|01|528629|015|08|CD|6213|FAE|24|51|2|008|100| A|522151|039|A|0|0| |0|0|0|0| | | | ||00||0
2026|01|528629|015|08|CD|6213|FAL|24|51|2|003|100| A|521211|039|A|0|0| |0|0|0|0| | | | ||00||0
2026|01|528629|015|08|CD|6213|FAL|24|51|2|003|100| C|521211|039|A|0|0| |0|0|0|0| | | | ||00||0
2026|01|528629|015|08|CD|6213|FAL|24|51|2|003|100| D|524111|039|A|0|0| |0|0|0|0| | | | ||00||0
2026|01|528629|015|08|CD|6213|FAL|24|51|2|003|100| E|521211|039|A|0|0| |0|0|0|0| | | | ||00||0
2026|01|528629|015|08|CD|6213|FAL|24|51|2|003|100| E|522151|039|A|0|0| |0|0|0|0| | | | ||00||0
2026|01|528629|015|08|CD|6213|FAL|24|51|2|003|100| F|521211|039|A|0|0| |0|0|0|0| | | | ||00||0
2026|01|528629|015|08|CD|6213|FAL|24|51|2|003|100| F|522151|039|A|0|0| |0|0|0|0| | | | ||00||0
2026|01|528629|015|08|CD|6213|FAL|24|51|2|003|100| G|521211|039|A|0|0| |0|0|0|0| | | | ||00||0
2026|01|528629|015|08|CD|6213|FAL|24|51|2|003|100| H|524111|039|A|0|0| |0|0|0|0| | | | ||00||0
2026|01|528629|015|08|CD|6215|FAH|24|51|2|003|100| B|521211|039|A|0|0| |0|0|0|0| | | | ||00||0
2026|01|528629|015|08|CD|6215|FAH|24|51|2|001|100| B|521211|039|A|0|0| |0|0|0|0| | | | ||00||0
2026|01|528629|015|08|WA|4715|EBA|24|51|2|001|100| A|521811|039|A|0|0| |0|0|0|0| | | | ||00||0
2026|01|528629|015|08|WA|4715|EBA|24|51|2|001|100| A|522151|039|A|0|0| |0|0|0|0| | | | ||00||0
2026|01|528629|015|08|WA|4715|EBA|24|51|2|001|100| B|522151|039|A|0|0| |0|0|0|0| | | | ||00||0
2026|01|528629|015|08|WA|4715|EBA|24|51|2|994|002| A|521111|039|A|0|0| |0|0|0|0| | | | ||00||0
2026|01|528629|015|08|WA|4715|EBA|24|51|2|994|002| A|521119|039|A|0|0| |0|0|0|0| | | | ||00||0
2026|01|528629|015|08|WA|4715|EBA|24|51|2|994|002| A|521811|039|A|0|0| |0|0|0|0| | | | ||00||0
2026|01|528629|015|08|WA|4715|EBA|24|51|2|994|002| B|521114|039|A|0|0| |0|0|0|0| | | | ||00||0
2026|01|528629|015|08|WA|4715|EBA|24|51|2|994|002| B|522111|039|A|0|0| |0|0|0|0| | | | ||00||0
2026|01|528629|015|08|WA|4715|EBA|24|51|2|994|002| B|522112|039|A|0|0| |0|0|0|0| | | | ||00||0
2026|01|528629|015|08|WA|4715|EBA|24|51|2|994|002| B|522113|039|A|0|0| |0|0|0|0| | | | ||00||0
2026|01|528629|015|08|WA|4715|EBA|24|51|2|994|002| C|521115|039|A|0|0| |0|0|0|0| | | | ||00||0
2026|01|528629|015|08|WA|4715|EBA|24|51|2|994|002| C|521119|039|A|0|0| |0|0|0|0| | | | ||00||0
2026|01|528629|015|08|WA|4715|EBA|24|51|2|994|002| D|523121|039|A|0|0| |0|0|0|0| | | | ||00||0
2026|01|528629|015|08|WA|4715|EBA|24|51|2|994|002| G|523111|039|A|0|0| |0|0|0|0| | | | ||00||0
2026|01|528629|015|08|WA|4715|EBA|24|51|2|994|002|HB|524111|039|A|0|0| |0|0|0|0| | | | ||00||0
2026|01|528629|015|08|WA|4715|EBA|24|51|2|994|002|HB|524113|039|A|0|0| |0|0|0|0| | | | ||00||0
2026|01|528629|015|08|WA|4715|EBA|24|51|2|994|002|HC|524111|039|A|0|0| |0|0|0|0| | | | ||00||0
2026|01|528629|015|08|WA|4715|EBA|24|51|2|994|002|HD|524111|039|A|0|0| |0|0|0|0| | | | ||00||0
2026|01|528629|015|08|WA|4715|EBA|24|51|2|994|002|HH|521211|039|A|0|0| |0|0|0|0| | | | ||00||0
2026|01|528629|015|08|WA|4715|EBA|24|51|2|994|002|TJ|523121|039|A|0|0| |0|0|0|0| | | | ||00||0
2026|01|528629|015|08|WA|4715|EBA|24|51|2|002|100| A|524111|039|A|0|0| |0|0|0|0| | | | ||00||0
2026|01|528629|015|08|WA|4715|EBA|24|51|2|002|100| A|524113|039|A|0|0| |0|0|0|0| | | | ||00||0
2026|01|528629|015|08|WA|4715|EBB|24|51|2|004|100|GL|533111|039|A|0|0| |0|0|0|0| | | | ||00||0
2026|01|528629|015|08|WA|4715|EBD|24|51|2|Z36|100| A|521211|039|A|0|0| |0|0|0|0| | | | ||00||0
2026|01|528629|015|08|WA|4715|EBD|24|51|2|Z26|100| A|521211|039|A|0|0| |0|0|0|0| | | | ||00||0
2026|01|528629|015|08|WA|4715|EBD|24|51|2|Z26|100| A|524111|039|A|0|0| |0|0|0|0| | | | ||00||0
2026|01|528629|015|08|WA|4718|BMB|24|51|2|002|100| A|521211|039|A|0|0| |0|0|0|0| | | | ||00||0
2026|01|528629|015|08|WA|4718|BMB|24|51|2|002|100| A|521219|039|A|0|0| |0|0|0|0| | | | ||00||0
2026|01|528629|015|08|WA|4718|BMB|24|51|2|002|100| A|524113|039|A|0|0| |0|0|0|0| | | | ||00||0
2026|01|528629|015|08|WA|4718|BMB|24|51|2|001|100| A|521211|039|A|0|0| |0|0|0|0| | | | ||00||0
2026|01|528629|015|08|WA|4719|EBA|24|51|2|994|001| A|511129|039|A|0|0| |0|0|0|0| | | | ||00||0
2026|01|528629|015|08|WA|4719|EBA|24|51|2|994|001| A|512211|039|A|0|0| |0|0|0|0| | | | ||00||0
2026|01|528629|015|08|WA|4719|EBA|24|51|2|003|100| A|524111|039|A|0|0| |0|0|0|0| | | | ||00||0
2026|01|528629|015|08|WA|4719|EBA|24|51|2|003|100| B|521211|039|A|0|0| |0|0|0|0| | | | ||00||0
2026|01|528629|015|08|WA|4719|EBC|24|51|2|001|100|XC|521211|039|A|0|0| |0|0|0|0| | | | ||00||0
2026|01|528629|015|08|WA|4719|EBC|24|51|2|001|100|XC|522141|039|A|0|0| |0|0|0|0| | | | ||00||0
2026|01|528629|015|08|WA|4722|EBD|24|51|2|001|100| A|521211|039|A|0|0| |0|0|0|0| | | | ||00||0
2026|01|528629|015|08|WA|4722|EBD|24|51|2|001|100| B|524111|039|A|0|0| |0|0|0|0| | | | ||00||0
2026|01|528764|015|08|CD|6212|BMB|25|08|2|001|100| A|524113|113|A|0|0| |0|0|0|0| | | | ||00||0
2026|01|528764|015|08|CD|6212|FAC|25|08|2|001|100| A|521211|113|A|0|0| |0|0|0|0| | | | ||00||0
2026|01|528764|015|08|CD|6212|FAC|25|08|2|001|100| B|521211|113|A|0|0| |0|0|0|0| | | | ||00||0
2026|01|528764|015|08|CD|6212|FAH|25|08|2|001|100| A|521211|113|A|0|0| |0|0|0|0| | | | ||00||0
2026|01|528764|015|08|CD|6212|FAL|25|08|2|004|100| A|521211|113|A|0|0| |0|0|0|0| | | | ||00||0
2026|01|528764|015|08|CD|6212|FAL|25|08|2|004|100| B|521211|113|A|0|0| |0|0|0|0| | | | ||00||0
2026|01|528764|015|08|CD|6212|FAL|25|08|2|004|100| D|524111|113|A|0|0| |0|0|0|0| | | | ||00||0
2026|01|528764|015|08|CD|6212|FAL|25|08|2|004|100| D|524113|113|A|0|0| |0|0|0|0| | | | ||00||0
2026|01|528764|015|08|CD|6213|FAC|25|08|2|001|100| A|521211|113|A|0|0| |0|0|0|0| | | | ||00||0
2026|01|528764|015|08|CD|6213|FAE|25|08|2|009|100| A|524113|113|A|0|0| |0|0|0|0| | | | ||00||0
2026|01|528764|015|08|CD|6213|FAL|25|08|2|003|100| A|524113|113|A|0|0| |0|0|0|0| | | | ||00||0
2026|01|528764|015|08|CD|6214|FAL|25|08|2|002|100| A|521211|113|A|0|0| |0|0|0|0| | | | ||00||0
2026|01|528764|015|08|CD|6214|FAL|25|08|2|002|100| B|521211|113|A|0|0| |0|0|0|0| | | | ||00||0
2026|01|528764|015|08|CD|6215|FAH|25|08|2|003|100| A|521211|113|A|0|0| |0|0|0|0| | | | ||00||0
2026|01|528764|015|08|WA|4715|EBA|25|08|2|994|002| A|521111|113|A|0|0| |0|0|0|0| | | | ||00||0
2026|01|528764|015|08|WA|4715|EBA|25|08|2|994|002| A|521119|113|A|0|0| |0|0|0|0| | | | ||00||0
2026|01|528764|015|08|WA|4715|EBA|25|08|2|994|002| A|521252|113|A|0|0| |0|0|0|0| | | | ||00||0
2026|01|528764|015|08|WA|4715|EBA|25|08|2|994|002| A|521811|113|A|0|0| |0|0|0|0| | | | ||00||0
2026|01|528764|015|08|WA|4715|EBA|25|08|2|994|002| B|521114|113|A|0|0| |0|0|0|0| | | | ||00||0
2026|01|528764|015|08|WA|4715|EBA|25|08|2|994|002| B|522111|113|A|0|0| |0|0|0|0| | | | ||00||0
2026|01|528764|015|08|WA|4715|EBA|25|08|2|994|002| C|521113|113|A|0|0| |0|0|0|0| | | | ||00||0
2026|01|528764|015|08|WA|4715|EBA|25|08|2|994|002| C|521115|113|A|0|0| |0|0|0|0| | | | ||00||0
2026|01|528764|015|08|WA|4715|EBA|25|08|2|994|002| C|521119|113|A|0|0| |0|0|0|0| | | | ||00||0
2026|01|528764|015|08|WA|4715|EBA|25|08|2|994|002| D|523121|113|A|0|0| |0|0|0|0| | | | ||00||0
2026|01|528764|015|08|WA|4715|EBA|25|08|2|994|002| G|523111|113|A|0|0| |0|0|0|0| | | | ||00||0
2026|01|528764|015|08|WA|4715|EBA|25|08|2|994|002| G|523119|113|A|0|0| |0|0|0|0| | | | ||00||0
2026|01|528764|015|08|WA|4715|EBA|25|08|2|994|002|HA|524111|113|A|0|0| |0|0|0|0| | | | ||00||0
2026|01|528764|015|08|WA|4715|EBA|25|08|2|994|002|HB|524111|113|A|0|0| |0|0|0|0| | | | ||00||0
2026|01|528764|015|08|WA|4715|EBA|25|08|2|994|002|HF|524111|113|A|0|0| |0|0|0|0| | | | ||00||0
2026|01|528764|015|08|WA|4715|EBA|25|08|2|994|002|HY|524111|113|A|0|0| |0|0|0|0| | | | ||00||0
2026|01|528764|015|08|WA|4715|EBA|25|08|2|994|002|HZ|524111|113|A|0|0| |0|0|0|0| | | | ||00||0
2026|01|528764|015|08|WA|4715|EBA|25|08|2|002|100| A|524113|113|A|0|0| |0|0|0|0| | | | ||00||0
2026|01|528764|015|08|WA|4715|EBA|25|08|2|001|100| A|521811|113|A|0|0| |0|0|0|0| | | | ||00||0
2026|01|528764|015|08|WA|4715|EBA|25|08|2|001|100| B|522151|113|A|0|0| |0|0|0|0| | | | ||00||0
2026|01|528764|015|08|WA|4715|EBB|25|08|2|002|100| A|532111|113|A|0|0| |0|0|0|0| | | | ||9A||0
2026|01|528764|015|08|WA|4715|EBB|25|08|2|004|100|GB|533121|113|A|0|0| |0|0|0|0| | | | ||00||0
2026|01|528764|015|08|WA|4715|EBB|25|08|2|002|100| A|532111|113|A|0|0| |0|0|0|0| | | | ||00||0
2026|01|528764|015|08|WA|4715|EBD|25|08|2|Z36|100| B|524111|113|A|0|0| |0|0|0|0| | | | ||00||0
2026|01|528764|015|08|WA|4718|BMB|25|08|2|002|100| A|521219|113|A|0|0| |0|0|0|0| | | | ||00||0
2026|01|528764|015|08|WA|4718|BMB|25|08|2|001|100| A|521211|113|A|0|0| |0|0|0|0| | | | ||00||0
2026|01|528764|015|08|WA|4719|EBA|25|08|2|994|001| A|511129|113|A|0|0| |0|0|0|0| | | | ||00||0
2026|01|528764|015|08|WA|4719|EBA|25|08|2|994|001| A|512211|113|A|0|0| |0|0|0|0| | | | ||00||0
2026|01|528764|015|08|WA|4719|EBA|25|08|2|004|100| A|521211|113|A|0|0| |0|0|0|0| | | | ||00||0
2026|01|528764|015|08|WA|4719|EBC|25|08|2|001|100|XC|521211|113|A|0|0| |0|0|0|0| | | | ||00||0
2026|01|528764|015|08|WA|4719|EBC|25|08|2|001|100|XC|522151|113|A|0|0| |0|0|0|0| | | | ||00||0
2026|01|528764|015|08|WA|4719|EBC|25|08|2|001|100|XC|524113|113|A|0|0| |0|0|0|0| | | | ||00||0
2026|01|528764|015|08|WA|6990|ABA|25|08|2|001|100|VA|521211|113|A|0|0| |0|0|0|0| | | | ||00||0
2026|01|528764|015|08|WA|6990|ABA|25|08|2|001|100|VA|522151|113|A|0|0| |0|0|0|0| | | | ||00||0
2026|01|528764|015|08|WA|6990|ABA|25|08|2|001|100|VA|524113|113|A|0|0| |0|0|0|0| | | | ||00||0
2026|01|528682|015|08|CD|6212|BMB|25|51|2|001|100| B|521211|063|A|0|0| |0|0|0|0| | | | ||00||0
2026|01|528682|015|08|CD|6212|BMB|25|51|2|001|100| B|522151|063|A|0|0| |0|0|0|0| | | | ||00||0
2026|01|528682|015|08|CD|6212|BMB|25|51|2|001|100| D|521211|063|A|0|0| |0|0|0|0| | | | ||00||0
2026|01|528682|015|08|CD|6212|FAC|25|51|2|002|100| A|524111|063|A|0|0| |0|0|0|0| | | | ||00||0
2026|01|528682|015|08|CD|6212|FAC|25|51|2|002|100| B|524111|063|A|0|0| |0|0|0|0| | | | ||00||0
2026|01|528682|015|08|CD|6212|FAH|25|51|2|002|100| C|521211|063|A|0|0| |0|0|0|0| | | | ||00||0
2026|01|528682|015|08|CD|6212|FAL|25|51|2|001|100| B|521211|063|A|0|0| |0|0|0|0| | | | ||00||0
2026|01|528682|015|08|CD|6212|FAL|25|51|2|001|100| D|521211|063|A|0|0| |0|0|0|0| | | | ||00||0
2026|01|528682|015|08|CD|6213|ABA|25|51|2|001|100| A|521211|063|A|0|0| |0|0|0|0| | | | ||00||0
2026|01|528682|015|08|CD|6213|ABA|25|51|2|001|100| A|524111|063|A|0|0| |0|0|0|0| | | | ||00||0
2026|01|528682|015|08|CD|6213|FAE|25|51|2|009|100| B|524111|063|A|0|0| |0|0|0|0| | | | ||00||0
2026|01|528682|015|08|CD|6213|FAE|25|51|2|009|100| B|524113|063|A|0|0| |0|0|0|0| | | | ||00||0
2026|01|528682|015|08|CD|6213|FAE|25|51|2|009|100| D|521211|063|A|0|0| |0|0|0|0| | | | ||00||0
2026|01|528682|015|08|CD|6213|FAE|25|51|2|008|100| A|521211|063|A|0|0| |0|0|0|0| | | | ||00||0
2026|01|528682|015|08|CD|6213|FAE|25|51|2|008|100| A|522151|063|A|0|0| |0|0|0|0| | | | ||00||0
2026|01|528682|015|08|CD|6213|FAL|25|51|2|003|100| A|521211|063|A|0|0| |0|0|0|0| | | | ||00||0
2026|01|528682|015|08|CD|6213|FAL|25|51|2|003|100| D|524111|063|A|0|0| |0|0|0|0| | | | ||00||0
2026|01|528682|015|08|CD|6213|FAL|25|51|2|003|100| E|521211|063|A|0|0| |0|0|0|0| | | | ||00||0
2026|01|528682|015|08|CD|6213|FAL|25|51|2|003|100| F|521211|063|A|0|0| |0|0|0|0| | | | ||00||0
2026|01|528682|015|08|CD|6213|FAL|25|51|2|003|100| F|524113|063|A|0|0| |0|0|0|0| | | | ||00||0
2026|01|528682|015|08|CD|6213|FAL|25|51|2|003|100| H|524111|063|A|0|0| |0|0|0|0| | | | ||00||0
2026|01|528682|015|08|CD|6213|FAL|25|51|2|003|100| H|524113|063|A|0|0| |0|0|0|0| | | | ||00||0
2026|01|528682|015|08|CD|6215|FAH|25|51|2|003|100| A|524111|063|A|0|0| |0|0|0|0| | | | ||00||0
2026|01|528682|015|08|CD|6215|FAH|25|51|2|003|100| B|521211|063|A|0|0| |0|0|0|0| | | | ||00||0
2026|01|528682|015|08|CD|6215|FAH|25|51|2|001|100| A|524111|063|A|0|0| |0|0|0|0| | | | ||00||0
2026|01|528682|015|08|WA|4715|EBA|25|51|2|001|100| A|521811|063|A|0|0| |0|0|0|0| | | | ||00||0
2026|01|528682|015|08|WA|4715|EBA|25|51|2|001|100| A|522151|063|A|0|0| |0|0|0|0| | | | ||00||0
2026|01|528682|015|08|WA|4715|EBA|25|51|2|001|100| B|522151|063|A|0|0| |0|0|0|0| | | | ||00||0
2026|01|528682|015|08|WA|4715|EBA|25|51|2|994|002| A|521111|063|A|0|0| |0|0|0|0| | | | ||00||0
2026|01|528682|015|08|WA|4715|EBA|25|51|2|994|002| A|521119|063|A|0|0| |0|0|0|0| | | | ||00||0
2026|01|528682|015|08|WA|4715|EBA|25|51|2|994|002| A|521811|063|A|0|0| |0|0|0|0| | | | ||00||0
2026|01|528682|015|08|WA|4715|EBA|25|51|2|994|002| B|521114|063|A|0|0| |0|0|0|0| | | | ||00||0
2026|01|528682|015|08|WA|4715|EBA|25|51|2|994|002| B|522111|063|A|0|0| |0|0|0|0| | | | ||00||0
2026|01|528682|015|08|WA|4715|EBA|25|51|2|994|002| B|522113|063|A|0|0| |0|0|0|0| | | | ||00||0
2026|01|528682|015|08|WA|4715|EBA|25|51|2|994|002| C|521115|063|A|0|0| |0|0|0|0| | | | ||00||0
2026|01|528682|015|08|WA|4715|EBA|25|51|2|994|002| C|521119|063|A|0|0| |0|0|0|0| | | | ||00||0
2026|01|528682|015|08|WA|4715|EBA|25|51|2|994|002| D|523121|063|A|0|0| |0|0|0|0| | | | ||00||0
2026|01|528682|015|08|WA|4715|EBA|25|51|2|994|002| E|523119|063|A|0|0| |0|0|0|0| | | | ||00||0
2026|01|528682|015|08|WA|4715|EBA|25|51|2|994|002| F|521115|063|A|0|0| |0|0|0|0| | | | ||00||0
2026|01|528682|015|08|WA|4715|EBA|25|51|2|994|002|HB|524111|063|A|0|0| |0|0|0|0| | | | ||00||0
2026|01|528682|015|08|WA|4715|EBA|25|51|2|994|002|HB|524113|063|A|0|0| |0|0|0|0| | | | ||00||0
2026|01|528682|015|08|WA|4715|EBA|25|51|2|994|002|HC|524111|063|A|0|0| |0|0|0|0| | | | ||00||0
2026|01|528682|015|08|WA|4715|EBA|25|51|2|994|002|HD|524111|063|A|0|0| |0|0|0|0| | | | ||00||0
2026|01|528682|015|08|WA|4715|EBA|25|51|2|994|002|HF|521211|063|A|0|0| |0|0|0|0| | | | ||00||0
2026|01|528682|015|08|WA|4715|EBA|25|51|2|994|002|HF|524111|063|A|0|0| |0|0|0|0| | | | ||00||0
2026|01|528682|015|08|WA|4715|EBA|25|51|2|002|100| A|524111|063|A|0|0| |0|0|0|0| | | | ||00||0
2026|01|528682|015|08|WA|4715|EBB|25|51|2|004|100|RB|533121|063|A|0|0| |0|0|0|0| | | | ||9A||0
2026|01|528682|015|08|WA|4715|EBB|25|51|2|004|100| A|533121|063|A|0|0| |0|0|0|0| | | | ||00||0
2026|01|528682|015|08|WA|4715|EBD|25|51|2|Z36|100| A|521211|063|A|0|0| |0|0|0|0| | | | ||00||0
2026|01|528682|015|08|WA|4715|EBD|25|51|2|Z26|100| A|521211|063|A|0|0| |0|0|0|0| | | | ||00||0
2026|01|528682|015|08|WA|4718|BMB|25|51|2|002|100| A|521211|063|A|0|0| |0|0|0|0| | | | ||00||0
2026|01|528682|015|08|WA|4718|BMB|25|51|2|002|100| A|521219|063|A|0|0| |0|0|0|0| | | | ||00||0
2026|01|528682|015|08|WA|4718|BMB|25|51|2|001|100| A|521211|063|A|0|0| |0|0|0|0| | | | ||00||0
2026|01|528682|015|08|WA|4719|EBA|25|51|2|994|001| A|511129|063|A|0|0| |0|0|0|0| | | | ||00||0
2026|01|528682|015|08|WA|4719|EBA|25|51|2|994|001| A|512211|063|A|0|0| |0|0|0|0| | | | ||00||0
2026|01|528682|015|08|WA|4719|EBA|25|51|2|003|100| A|524111|063|A|0|0| |0|0|0|0| | | | ||00||0
2026|01|528682|015|08|WA|4719|EBA|25|51|2|003|100| B|521211|063|A|0|0| |0|0|0|0| | | | ||00||0
2026|01|528682|015|08|WA|4719|EBC|25|51|2|001|100|XC|521211|063|A|0|0| |0|0|0|0| | | | ||00||0
2026|01|528682|015|08|WA|4719|EBC|25|51|2|001|100|XC|524113|063|A|0|0| |0|0|0|0| | | | ||00||0
2026|01|528682|015|08|WA|4722|EBD|25|51|2|001|100| A|521211|063|A|0|0| |0|0|0|0| | | | ||00||0
2026|01|528682|015|08|WA|4722|EBD|25|51|2|001|100| B|524111|063|A|0|0| |0|0|0|0| | | | ||00||0
2026|01|528682|015|08|WA|6990|ABA|25|51|2|001|100|FA|521211|063|A|0|0| |0|0|0|0| | | | ||00||0
2026|01|528682|015|08|WA|6990|ABA|25|51|2|001|100|FA|522151|063|A|0|0| |0|0|0|0| | | | ||00||0
2026|01|528682|015|08|WA|6990|ABA|25|51|2|001|100|FB|524111|063|A|0|0| |0|0|0|0| | | | ||00||0
2026|01|528682|015|08|WA|6990|ABA|25|51|2|001|100|FB|524113|063|A|0|0| |0|0|0|0| | | | ||00||0
2026|01|528682|015|08|WA|6990|ABA|25|51|2|001|100|KP|521211|063|A|0|0| |0|0|0|0| | | | ||00||0
2026|01|528682|015|08|WA|6990|ABA|25|51|2|001|100|KP|524111|063|A|0|0| |0|0|0|0| | | | ||00||0
2026|01|528682|015|08|WA|6990|ABA|25|51|2|001|100|KP|524113|063|A|0|0| |0|0|0|0| | | | ||00||0
2026|01|528682|015|08|WA|6990|ABA|25|51|2|001|100|QA|521211|063|A|0|0| |0|0|0|0| | | | ||00||0
2026|01|528682|015|08|WA|6990|ABA|25|51|2|001|100|QB|522151|063|A|0|0| |0|0|0|0| | | | ||00||0
2026|01|528682|015|08|WA|6990|ABA|25|51|2|001|100|QB|522191|063|A|0|0| |0|0|0|0| | | | ||00||0
2026|01|528682|015|08|WA|6990|ABA|25|51|2|001|100|QD|521211|063|A|0|0| |0|0|0|0| | | | ||00||0
2026|01|528682|015|08|WA|6990|ABA|25|51|2|001|100|QD|521213|063|A|0|0| |0|0|0|0| | | | ||00||0
2026|01|528682|015|08|WA|6990|ABA|25|51|2|001|100|QD|522151|063|A|0|0| |0|0|0|0| | | | ||00||0
2026|01|528682|015|08|WA|6990|ABA|25|51|2|001|100|QD|524111|063|A|0|0| |0|0|0|0| | | | ||00||0
2026|01|528682|015|08|WA|6990|ABA|25|51|2|001|100|QD|524114|063|A|0|0| |0|0|0|0| | | | ||00||0
2026|01|528682|015|08|WA|6990|EBA|25|51|2|994|001| A|512411|063|A|0|0| |0|0|0|0| | | | ||00||0
2026|01|528682|015|08|WA|6990|EBA|25|51|2|994|002| A|521111|063|A|0|0| |0|0|0|0| | | | ||00||0
2026|01|528682|015|08|WA|6990|EBA|25|51|2|994|002| B|522119|063|A|0|0| |0|0|0|0| | | | ||00||0
2026|01|528682|015|08|WA|6990|EBA|25|51|2|994|002| C|521119|063|A|0|0| |0|0|0|0| | | | ||00||0
2026|01|528682|015|08|WA|6990|EBA|25|51|2|994|002| C|522141|063|A|0|0| |0|0|0|0| | | | ||00||0
2026|01|528682|015|08|WA|6990|EBA|25|51|2|994|002| D|523121|063|A|0|0| |0|0|0|0| | | | ||00||0
2026|01|528682|015|08|WA|6990|EBA|25|51|2|994|002| E|523119|063|A|0|0| |0|0|0|0| | | | ||00||0
2026|01|528682|015|08|WA|6990|EBA|25|51|2|002|100| A|521211|063|A|0|0| |0|0|0|0| | | | ||00||0
2026|01|528682|015|08|WA|6990|EBA|25|51|2|002|100| A|524111|063|A|0|0| |0|0|0|0| | | | ||00||0
2026|01|528682|015|08|WA|6990|EBA|25|51|2|002|100| A|524113|063|A|0|0| |0|0|0|0| | | | ||00||0
2026|01|528682|015|08|WA|6990|EBA|25|51|2|002|100|KE|521211|063|A|0|0| |0|0|0|0| | | | ||00||0
2026|01|528682|015|08|WA|6990|EBA|25|51|2|002|100|KE|524111|063|A|0|0| |0|0|0|0| | | | ||00||0
2026|01|528682|015|08|WA|6990|EBA|25|51|2|002|100|KE|524114|063|A|0|0| |0|0|0|0| | | | ||00||0
2026|01|528682|015|08|WA|6990|EBA|25|51|2|002|100|KP|521211|063|A|0|0| |0|0|0|0| | | | ||00||0
2026|01|528682|015|08|WA|6990|EBA|25|51|2|002|100|KP|522151|063|A|0|0| |0|0|0|0| | | | ||00||0
2026|01|528682|015|08|WA|6990|EBA|25|51|2|002|100|KP|522191|063|A|0|0| |0|0|0|0| | | | ||00||0
2026|01|528682|015|08|WA|6990|EBA|25|51|2|002|100|KP|524111|063|A|0|0| |0|0|0|0| | | | ||00||0
2026|01|528682|015|08|WA|6990|EBA|25|51|2|002|100|KP|524119|063|A|0|0| |0|0|0|0| | | | ||00||0
2026|01|528661|015|08|CD|6212|BMB|24|10|2|001|100|AA|524111|111|A|0|0| |0|0|0|0| | | | ||00||0
2026|01|528661|015|08|CD|6212|BMB|24|10|2|001|100|AA|524113|111|A|0|0| |0|0|0|0| | | | ||00||0
2026|01|528661|015|08|CD|6212|BMB|24|10|2|001|100|BA|524111|111|A|0|0| |0|0|0|0| | | | ||00||0
2026|01|528661|015|08|CD|6212|FAC|24|10|2|001|100|AA|521211|111|A|0|0| |0|0|0|0| | | | ||00||0
2026|01|528661|015|08|CD|6212|FAC|24|10|2|001|100|AB|521211|111|A|0|0| |0|0|0|0| | | | ||00||0
2026|01|528661|015|08|CD|6212|FAC|24|10|2|001|100|BA|521211|111|A|0|0| |0|0|0|0| | | | ||00||0
2026|01|528661|015|08|CD|6212|FAC|24|10|2|001|100|BB|521211|111|A|0|0| |0|0|0|0| | | | ||00||0
2026|01|528661|015|08|CD|6212|FAH|24|10|2|001|100|AA|521211|111|A|0|0| |0|0|0|0| | | | ||00||0
2026|01|528661|015|08|CD|6212|FAL|24|10|2|004|100|AA|521211|111|A|0|0| |0|0|0|0| | | | ||00||0
2026|01|528661|015|08|CD|6212|FAL|24|10|2|004|100|AB|521211|111|A|0|0| |0|0|0|0| | | | ||00||0
2026|01|528661|015|08|CD|6212|FAL|24|10|2|004|100|AD|524111|111|A|0|0| |0|0|0|0| | | | ||00||0
2026|01|528661|015|08|CD|6212|FAL|24|10|2|004|100|AD|524113|111|A|0|0| |0|0|0|0| | | | ||00||0
2026|01|528661|015|08|CD|6212|FAL|24|10|2|004|100|BA|521211|111|A|0|0| |0|0|0|0| | | | ||00||0
2026|01|528661|015|08|CD|6212|FAL|24|10|2|004|100|BB|521211|111|A|0|0| |0|0|0|0| | | | ||00||0
2026|01|528661|015|08|CD|6212|FAL|24|10|2|004|100|BD|524111|111|A|0|0| |0|0|0|0| | | | ||00||0
2026|01|528661|015|08|CD|6213|FAC|24|10|2|001|100|AA|521211|111|A|0|0| |0|0|0|0| | | | ||00||0
2026|01|528661|015|08|CD|6213|FAC|24|10|2|001|100|BA|521211|111|A|0|0| |0|0|0|0| | | | ||00||0
2026|01|528661|015|08|CD|6213|FAE|24|10|2|009|100|AA|524113|111|A|0|0| |0|0|0|0| | | | ||00||0
2026|01|528661|015|08|CD|6213|FAL|24|10|2|003|100|AA|524111|111|A|0|0| |0|0|0|0| | | | ||00||0
2026|01|528661|015|08|CD|6213|FAL|24|10|2|003|100|AA|524113|111|A|0|0| |0|0|0|0| | | | ||00||0
2026|01|528661|015|08|CD|6214|FAL|24|10|2|002|100|AA|521211|111|A|0|0| |0|0|0|0| | | | ||00||0
2026|01|528661|015|08|CD|6214|FAL|24|10|2|002|100|AB|521211|111|A|0|0| |0|0|0|0| | | | ||00||0
2026|01|528661|015|08|CD|6214|FAL|24|10|2|002|100|BA|521211|111|A|0|0| |0|0|0|0| | | | ||00||0
2026|01|528661|015|08|CD|6214|FAL|24|10|2|002|100|BB|521211|111|A|0|0| |0|0|0|0| | | | ||00||0
2026|01|528661|015|08|CD|6215|FAH|24|10|2|003|100|AA|521211|111|A|0|0| |0|0|0|0| | | | ||00||0
2026|01|528661|015|08|CD|6215|FAH|24|10|2|003|100|BA|524111|111|A|0|0| |0|0|0|0| | | | ||00||0
2026|01|528661|015|08|CD|6215|FAH|24|10|2|003|100|BA|524113|111|A|0|0| |0|0|0|0| | | | ||00||0
2026|01|528661|015|08|WA|4715|EBA|24|10|2|001|100|AA|521811|111|A|0|0| |0|0|0|0| | | | ||00||0
2026|01|528661|015|08|WA|4715|EBA|24|10|2|001|100|BA|521811|111|A|0|0| |0|0|0|0| | | | ||00||0
2026|01|528661|015|08|WA|4715|EBA|24|10|2|994|002|AA|521111|111|A|0|0| |0|0|0|0| | | | ||00||0
2026|01|528661|015|08|WA|4715|EBA|24|10|2|994|002|AA|521119|111|A|0|0| |0|0|0|0| | | | ||00||0
2026|01|528661|015|08|WA|4715|EBA|24|10|2|994|002|AA|521811|111|A|0|0| |0|0|0|0| | | | ||00||0
2026|01|528661|015|08|WA|4715|EBA|24|10|2|994|002|AB|521114|111|A|0|0| |0|0|0|0| | | | ||00||0
2026|01|528661|015|08|WA|4715|EBA|24|10|2|994|002|AB|522111|111|A|0|0| |0|0|0|0| | | | ||00||0
2026|01|528661|015|08|WA|4715|EBA|24|10|2|994|002|AB|522113|111|A|0|0| |0|0|0|0| | | | ||00||0
2026|01|528661|015|08|WA|4715|EBA|24|10|2|994|002|AC|521113|111|A|0|0| |0|0|0|0| | | | ||00||0
2026|01|528661|015|08|WA|4715|EBA|24|10|2|994|002|AC|521115|111|A|0|0| |0|0|0|0| | | | ||00||0
2026|01|528661|015|08|WA|4715|EBA|24|10|2|994|002|AC|521119|111|A|0|0| |0|0|0|0| | | | ||00||0
2026|01|528661|015|08|WA|4715|EBA|24|10|2|994|002|AD|523121|111|A|0|0| |0|0|0|0| | | | ||00||0
2026|01|528661|015|08|WA|4715|EBA|24|10|2|994|002|AE|523111|111|A|0|0| |0|0|0|0| | | | ||00||0
2026|01|528661|015|08|WA|4715|EBA|24|10|2|994|002|AE|523119|111|A|0|0| |0|0|0|0| | | | ||00||0
2026|01|528661|015|08|WA|4715|EBA|24|10|2|994|002|BA|521111|111|A|0|0| |0|0|0|0| | | | ||00||0
2026|01|528661|015|08|WA|4715|EBA|24|10|2|994|002|BA|521811|111|A|0|0| |0|0|0|0| | | | ||00||0
2026|01|528661|015|08|WA|4715|EBA|24|10|2|994|002|BB|521114|111|A|0|0| |0|0|0|0| | | | ||00||0
2026|01|528661|015|08|WA|4715|EBA|24|10|2|994|002|BB|522111|111|A|0|0| |0|0|0|0| | | | ||00||0
2026|01|528661|015|08|WA|4715|EBA|24|10|2|994|002|BB|522113|111|A|0|0| |0|0|0|0| | | | ||00||0
2026|01|528661|015|08|WA|4715|EBA|24|10|2|994|002|BC|521113|111|A|0|0| |0|0|0|0| | | | ||00||0
2026|01|528661|015|08|WA|4715|EBA|24|10|2|994|002|BC|521115|111|A|0|0| |0|0|0|0| | | | ||00||0
2026|01|528661|015|08|WA|4715|EBA|24|10|2|994|002|BC|521119|111|A|0|0| |0|0|0|0| | | | ||00||0
2026|01|528661|015|08|WA|4715|EBA|24|10|2|994|002|BD|523121|111|A|0|0| |0|0|0|0| | | | ||00||0
2026|01|528661|015|08|WA|4715|EBA|24|10|2|994|002|BE|523111|111|A|0|0| |0|0|0|0| | | | ||00||0
2026|01|528661|015|08|WA|4715|EBA|24|10|2|994|002|BE|523119|111|A|0|0| |0|0|0|0| | | | ||00||0
2026|01|528661|015|08|WA|4715|EBA|24|10|2|994|002|HA|524111|111|A|0|0| |0|0|0|0| | | | ||00||0
2026|01|528661|015|08|WA|4715|EBA|24|10|2|994|002|HA|524113|111|A|0|0| |0|0|0|0| | | | ||00||0
2026|01|528661|015|08|WA|4715|EBA|24|10|2|994|002|HB|524111|111|A|0|0| |0|0|0|0| | | | ||00||0
2026|01|528661|015|08|WA|4715|EBA|24|10|2|994|002|HB|524113|111|A|0|0| |0|0|0|0| | | | ||00||0
2026|01|528661|015|08|WA|4715|EBA|24|10|2|994|002|HE|521211|111|A|0|0| |0|0|0|0| | | | ||00||0
2026|01|528661|015|08|WA|4715|EBA|24|10|2|994|002|HE|522191|111|A|0|0| |0|0|0|0| | | | ||00||0
2026|01|528661|015|08|WA|4715|EBA|24|10|2|994|002|HE|524111|111|A|0|0| |0|0|0|0| | | | ||00||0
2026|01|528661|015|08|WA|4715|EBA|24|10|2|994|002|HH|521211|111|A|0|0| |0|0|0|0| | | | ||00||0
2026|01|528661|015|08|WA|4715|EBA|24|10|2|994|002|HH|524111|111|A|0|0| |0|0|0|0| | | | ||00||0
2026|01|528661|015|08|WA|4715|EBA|24|10|2|994|002|HH|524113|111|A|0|0| |0|0|0|0| | | | ||00||0
2026|01|528661|015|08|WA|4715|EBA|24|10|2|994|002|TJ|523121|111|A|0|0| |0|0|0|0| | | | ||00||0
2026|01|528661|015|08|WA|4715|EBA|24|10|2|002|100|AA|524111|111|A|0|0| |0|0|0|0| | | | ||00||0
2026|01|528661|015|08|WA|4715|EBA|24|10|2|002|100|AB|524111|111|A|0|0| |0|0|0|0| | | | ||00||0
2026|01|528661|015|08|WA|4715|EBA|24|10|2|002|100|BA|524111|111|A|0|0| |0|0|0|0| | | | ||00||0
2026|01|528661|015|08|WA|4715|EBA|24|10|2|002|100|BA|524113|111|A|0|0| |0|0|0|0| | | | ||00||0
2026|01|528661|015|08|WA|4715|EBB|24|10|2|004|100| A|533121|111|A|0|0| |0|0|0|0| | | | ||00||0
2026|01|528661|015|08|WA|4715|EBD|24|10|2|Z36|100|AB|524111|111|A|0|0| |0|0|0|0| | | | ||00||0
2026|01|528661|015|08|WA|4715|EBD|24|10|2|Z36|100|BB|524111|111|A|0|0| |0|0|0|0| | | | ||00||0
2026|01|528661|015|08|WA|4718|BMB|24|10|2|001|100|AA|521211|111|A|0|0| |0|0|0|0| | | | ||00||0
2026|01|528661|015|08|WA|4718|BMB|24|10|2|001|100|BA|521211|111|A|0|0| |0|0|0|0| | | | ||00||0
2026|01|528661|015|08|WA|4718|BMB|24|10|2|002|100|AA|521219|111|A|0|0| |0|0|0|0| | | | ||00||0
2026|01|528661|015|08|WA|4718|BMB|24|10|2|002|100|BA|521219|111|A|0|0| |0|0|0|0| | | | ||00||0
2026|01|528661|015|08|WA|4719|EBA|24|10|2|994|001|AA|511129|111|A|0|0| |0|0|0|0| | | | ||00||0
2026|01|528661|015|08|WA|4719|EBA|24|10|2|994|001|AA|512211|111|A|0|0| |0|0|0|0| | | | ||00||0
2026|01|528661|015|08|WA|4719|EBA|24|10|2|994|001|BA|511129|111|A|0|0| |0|0|0|0| | | | ||00||0
2026|01|528661|015|08|WA|4719|EBA|24|10|2|994|001|BA|512211|111|A|0|0| |0|0|0|0| | | | ||00||0
2026|01|528661|015|08|WA|4719|EBA|24|10|2|004|100|AA|521211|111|A|0|0| |0|0|0|0| | | | ||00||0
2026|01|528661|015|08|WA|4719|EBA|24|10|2|004|100|BA|521211|111|A|0|0| |0|0|0|0| | | | ||00||0
2026|01|528661|015|08|WA|4719|EBC|24|10|2|001|100|XC|521211|111|A|0|0| |0|0|0|0| | | | ||00||0
2026|01|528661|015|08|WA|4719|EBC|24|10|2|001|100|XC|522151|111|A|0|0| |0|0|0|0| | | | ||00||0
2026|01|634991|015|08|CD|6212|BMB|35|02|2|001|100| A|524113|152|A|0|0| |0|0|0|0| | | | ||00||0
2026|01|634991|015|08|CD|6212|FAC|35|02|2|001|100| A|521211|152|A|0|0| |0|0|0|0| | | | ||00||0
2026|01|634991|015|08|CD|6212|FAC|35|02|2|001|100| B|521211|152|A|0|0| |0|0|0|0| | | | ||00||0
2026|01|634991|015|08|CD|6212|FAH|35|02|2|001|100| A|521211|152|A|0|0| |0|0|0|0| | | | ||00||0
2026|01|634991|015|08|CD|6212|FAL|35|02|2|004|100| A|521211|152|A|0|0| |0|0|0|0| | | | ||00||0
2026|01|634991|015|08|CD|6212|FAL|35|02|2|004|100| B|521211|152|A|0|0| |0|0|0|0| | | | ||00||0
2026|01|634991|015|08|CD|6212|FAL|35|02|2|004|100| D|524113|152|A|0|0| |0|0|0|0| | | | ||00||0
2026|01|634991|015|08|CD|6213|FAC|35|02|2|001|100| A|521211|152|A|0|0| |0|0|0|0| | | | ||00||0
2026|01|634991|015|08|CD|6213|FAE|35|02|2|009|100| A|524113|152|A|0|0| |0|0|0|0| | | | ||00||0
2026|01|634991|015|08|CD|6213|FAL|35|02|2|003|100| A|524113|152|A|0|0| |0|0|0|0| | | | ||00||0
2026|01|634991|015|08|CD|6214|FAL|35|02|2|002|100| A|521211|152|A|0|0| |0|0|0|0| | | | ||00||0
2026|01|634991|015|08|CD|6214|FAL|35|02|2|002|100| B|521211|152|A|0|0| |0|0|0|0| | | | ||00||0
2026|01|634991|015|08|CD|6215|FAH|35|02|2|003|100| A|521211|152|A|0|0| |0|0|0|0| | | | ||00||0
2026|01|634991|015|08|WA|4715|EBA|35|02|2|001|100| A|521811|152|A|0|0| |0|0|0|0| | | | ||00||0
2026|01|634991|015|08|WA|4715|EBA|35|02|2|994|002| A|521111|152|A|0|0| |0|0|0|0| | | | ||00||0
2026|01|634991|015|08|WA|4715|EBA|35|02|2|994|002| A|521119|152|A|0|0| |0|0|0|0| | | | ||00||0
2026|01|634991|015|08|WA|4715|EBA|35|02|2|994|002| A|521811|152|A|0|0| |0|0|0|0| | | | ||00||0
2026|01|634991|015|08|WA|4715|EBA|35|02|2|994|002| B|521114|152|A|0|0| |0|0|0|0| | | | ||00||0
2026|01|634991|015|08|WA|4715|EBA|35|02|2|994|002| B|522113|152|A|0|0| |0|0|0|0| | | | ||00||0
2026|01|634991|015|08|WA|4715|EBA|35|02|2|994|002| C|521113|152|A|0|0| |0|0|0|0| | | | ||00||0
2026|01|634991|015|08|WA|4715|EBA|35|02|2|994|002| C|521115|152|A|0|0| |0|0|0|0| | | | ||00||0
2026|01|634991|015|08|WA|4715|EBA|35|02|2|994|002| C|521119|152|A|0|0| |0|0|0|0| | | | ||00||0
2026|01|634991|015|08|WA|4715|EBA|35|02|2|994|002| D|523121|152|A|0|0| |0|0|0|0| | | | ||00||0
2026|01|634991|015|08|WA|4715|EBA|35|02|2|994|002| G|523111|152|A|0|0| |0|0|0|0| | | | ||00||0
2026|01|634991|015|08|WA|4715|EBA|35|02|2|994|002| G|523119|152|A|0|0| |0|0|0|0| | | | ||00||0
2026|01|634991|015|08|WA|4715|EBA|35|02|2|994|002|HA|524113|152|A|0|0| |0|0|0|0| | | | ||00||0
2026|01|634991|015|08|WA|4715|EBA|35|02|2|994|002|HB|524113|152|A|0|0| |0|0|0|0| | | | ||00||0
2026|01|634991|015|08|WA|4715|EBA|35|02|2|994|002|HH|524113|152|A|0|0| |0|0|0|0| | | | ||00||0
2026|01|634991|015|08|WA|4715|EBA|35|02|2|994|002|TJ|523121|152|A|0|0| |0|0|0|0| | | | ||00||0
2026|01|634991|015|08|WA|4715|EBA|35|02|2|002|100| A|524111|152|A|0|0| |0|0|0|0| | | | ||00||0
2026|01|634991|015|08|WA|4715|EBA|35|02|2|002|100| A|524113|152|A|0|0| |0|0|0|0| | | | ||00||0
2026|01|634991|015|08|WA|4715|EBD|35|02|2|Z36|100| B|524111|152|A|0|0| |0|0|0|0| | | | ||00||0
2026|01|634991|015|08|WA|4718|BMB|35|02|2|002|100| A|521219|152|A|0|0| |0|0|0|0| | | | ||00||0
2026|01|634991|015|08|WA|4718|BMB|35|02|2|001|100| A|521211|152|A|0|0| |0|0|0|0| | | | ||00||0
2026|01|634991|015|08|WA|4719|EBA|35|02|2|994|001| A|511129|152|A|0|0| |0|0|0|0| | | | ||00||0
2026|01|634991|015|08|WA|4719|EBA|35|02|2|994|001| A|512211|152|A|0|0| |0|0|0|0| | | | ||00||0
2026|01|634991|015|08|WA|4719|EBA|35|02|2|004|100| A|521211|152|A|0|0| |0|0|0|0| | | | ||00||0
2026|01|634991|015|08|WA|4719|EBC|35|02|2|001|100|XC|521211|152|A|0|0| |0|0|0|0| | | | ||00||0
2026|01|634991|015|08|WA|4719|EBC|35|02|2|001|100|XC|522151|152|A|0|0| |0|0|0|0| | | | ||00||0
2026|01|648779|015|08|CD|6212|FAC|11|03|2|001|100| A|521211|160|A|0|0| |0|0|0|0| | | | ||00||0
2026|01|648779|015|08|CD|6212|FAC|11|03|2|001|100| B|521211|160|A|0|0| |0|0|0|0| | | | ||00||0
2026|01|648779|015|08|CD|6212|FAH|11|03|2|001|100| A|521211|160|A|0|0| |0|0|0|0| | | | ||00||0
2026|01|648779|015|08|CD|6212|FAL|11|03|2|004|100| A|521211|160|A|0|0| |0|0|0|0| | | | ||00||0
2026|01|648779|015|08|CD|6212|FAL|11|03|2|004|100| B|521211|160|A|0|0| |0|0|0|0| | | | ||00||0
2026|01|648779|015|08|CD|6212|FAL|11|03|2|004|100| C|524111|160|A|0|0| |0|0|0|0| | | | ||00||0
2026|01|648779|015|08|CD|6212|FAL|11|03|2|004|100| C|524113|160|A|0|0| |0|0|0|0| | | | ||00||0
2026|01|648779|015|08|CD|6213|FAC|11|03|2|001|100| A|521211|160|A|0|0| |0|0|0|0| | | | ||00||0
2026|01|648779|015|08|CD|6213|FAL|11|03|2|003|100| A|524111|160|A|0|0| |0|0|0|0| | | | ||00||0
2026|01|648779|015|08|CD|6213|FAL|11|03|2|003|100| A|524113|160|A|0|0| |0|0|0|0| | | | ||00||0
2026|01|648779|015|08|CD|6214|FAL|11|03|2|002|100| A|521211|160|A|0|0| |0|0|0|0| | | | ||00||0
2026|01|648779|015|08|CD|6214|FAL|11|03|2|002|100| B|521211|160|A|0|0| |0|0|0|0| | | | ||00||0
2026|01|648779|015|08|CD|6215|FAH|11|03|2|003|100| A|521211|160|A|0|0| |0|0|0|0| | | | ||00||0
2026|01|648779|015|08|WA|4715|EBA|11|03|2|001|100| A|521811|160|A|0|0| |0|0|0|0| | | | ||00||0
2026|01|648779|015|08|WA|4715|EBA|11|03|2|001|100| B|522151|160|A|0|0| |0|0|0|0| | | | ||00||0
2026|01|648779|015|08|WA|4715|EBA|11|03|2|994|002| A|521111|160|A|0|0| |0|0|0|0| | | | ||00||0
2026|01|648779|015|08|WA|4715|EBA|11|03|2|994|002| B|521114|160|A|0|0| |0|0|0|0| | | | ||00||0
2026|01|648779|015|08|WA|4715|EBA|11|03|2|994|002| B|522113|160|A|0|0| |0|0|0|0| | | | ||00||0
2026|01|648779|015|08|WA|4715|EBA|11|03|2|994|002| C|521113|160|A|0|0| |0|0|0|0| | | | ||00||0
2026|01|648779|015|08|WA|4715|EBA|11|03|2|994|002| C|521115|160|A|0|0| |0|0|0|0| | | | ||00||0
2026|01|648779|015|08|WA|4715|EBA|11|03|2|994|002| C|521119|160|A|0|0| |0|0|0|0| | | | ||00||0
2026|01|648779|015|08|WA|4715|EBA|11|03|2|994|002| D|523121|160|A|0|0| |0|0|0|0| | | | ||00||0
2026|01|648779|015|08|WA|4715|EBA|11|03|2|994|002| G|523111|160|A|0|0| |0|0|0|0| | | | ||00||0
2026|01|648779|015|08|WA|4715|EBA|11|03|2|994|002| G|523119|160|A|0|0| |0|0|0|0| | | | ||00||0
2026|01|648779|015|08|WA|4715|EBA|11|03|2|994|002|HA|524111|160|A|0|0| |0|0|0|0| | | | ||00||0
2026|01|648779|015|08|WA|4715|EBA|11|03|2|994|002|HA|524113|160|A|0|0| |0|0|0|0| | | | ||00||0
2026|01|648779|015|08|WA|4715|EBA|11|03|2|994|002|HB|524111|160|A|0|0| |0|0|0|0| | | | ||00||0
2026|01|648779|015|08|WA|4715|EBA|11|03|2|994|002|HB|524113|160|A|0|0| |0|0|0|0| | | | ||00||0
2026|01|648779|015|08|WA|4715|EBA|11|03|2|994|002|HH|524111|160|A|0|0| |0|0|0|0| | | | ||00||0
2026|01|648779|015|08|WA|4715|EBA|11|03|2|994|002|HH|524113|160|A|0|0| |0|0|0|0| | | | ||00||0
2026|01|648779|015|08|WA|4715|EBA|11|03|2|994|002|TJ|523121|160|A|0|0| |0|0|0|0| | | | ||00||0
2026|01|648779|015|08|WA|4715|EBA|11|03|2|002|100| A|524111|160|A|0|0| |0|0|0|0| | | | ||00||0
2026|01|648779|015|08|WA|4715|EBA|11|03|2|002|100| A|524113|160|A|0|0| |0|0|0|0| | | | ||00||0
2026|01|648779|015|08|WA|4715|EBD|11|03|2|Z36|100| B|524111|160|A|0|0| |0|0|0|0| | | | ||00||0
2026|01|648779|015|08|WA|4718|BMB|11|03|2|002|100| A|521219|160|A|0|0| |0|0|0|0| | | | ||00||0
2026|01|648779|015|08|WA|4718|BMB|11|03|2|001|100| A|521211|160|A|0|0| |0|0|0|0| | | | ||00||0
2026|01|648779|015|08|WA|4719|EBA|11|03|2|994|001| A|511129|160|A|0|0| |0|0|0|0| | | | ||00||0
2026|01|648779|015|08|WA|4719|EBA|11|03|2|994|001| A|512211|160|A|0|0| |0|0|0|0| | | | ||00||0
2026|01|648779|015|08|WA|4719|EBA|11|03|2|004|100| A|521211|160|A|0|0| |0|0|0|0| | | | ||00||0
2026|01|648779|015|08|WA|4719|EBC|11|03|2|001|100|XC|521211|160|A|0|0| |0|0|0|0| | | | ||00||0
2026|01|648779|015|08|WA|4719|EBC|11|03|2|001|100|XC|522151|160|A|0|0| |0|0|0|0| | | | ||00||0
2026|01|634277|015|08|CD|6212|BMB|04|51|2|001|100| A|524113|030|A|0|0| |0|0|0|0| | | | ||00||0
2026|01|634277|015|08|CD|6212|BMB|04|51|2|001|100| B|521211|030|A|0|0| |0|0|0|0| | | | ||00||0
2026|01|634277|015|08|CD|6212|BMB|04|51|2|001|100| B|522151|030|A|0|0| |0|0|0|0| | | | ||00||0
2026|01|634277|015|08|CD|6212|BMB|04|51|2|001|100| C|524113|030|A|0|0| |0|0|0|0| | | | ||00||0
2026|01|634277|015|08|CD|6212|BMB|04|51|2|001|100| D|521211|030|A|0|0| |0|0|0|0| | | | ||00||0
2026|01|634277|015|08|CD|6212|BMB|04|51|2|001|100| D|522141|030|A|0|0| |0|0|0|0| | | | ||00||0
2026|01|634277|015|08|CD|6212|FAC|04|51|2|002|100| A|521211|030|A|0|0| |0|0|0|0| | | | ||00||0
2026|01|634277|015|08|CD|6212|FAH|04|51|2|003|100| B|521211|030|A|0|0| |0|0|0|0| | | | ||00||0
2026|01|634277|015|08|CD|6212|FAH|04|51|2|003|100| B|524111|030|A|0|0| |0|0|0|0| | | | ||00||0
2026|01|634277|015|08|CD|6212|FAH|04|51|2|002|100| A|521211|030|A|0|0| |0|0|0|0| | | | ||00||0
2026|01|634277|015|08|CD|6212|FAH|04|51|2|002|100| B|524111|030|A|0|0| |0|0|0|0| | | | ||00||0
2026|01|634277|015|08|CD|6212|FAH|04|51|2|002|100| C|521211|030|A|0|0| |0|0|0|0| | | | ||00||0
2026|01|634277|015|08|CD|6212|FAH|04|51|2|002|100| C|522151|030|A|0|0| |0|0|0|0| | | | ||00||0
2026|01|634277|015|08|CD|6212|FAL|04|51|2|001|100| A|521211|030|A|0|0| |0|0|0|0| | | | ||00||0
2026|01|634277|015|08|CD|6212|FAL|04|51|2|001|100| B|521211|030|A|0|0| |0|0|0|0| | | | ||00||0
2026|01|634277|015|08|CD|6212|FAL|04|51|2|001|100| B|522151|030|A|0|0| |0|0|0|0| | | | ||00||0
2026|01|634277|015|08|CD|6212|FAL|04|51|2|001|100| D|521211|030|A|0|0| |0|0|0|0| | | | ||00||0
2026|01|634277|015|08|CD|6212|FAL|04|51|2|001|100| D|521213|030|A|0|0| |0|0|0|0| | | | ||00||0
2026|01|634277|015|08|CD|6212|FAL|04|51|2|001|100| D|522151|030|A|0|0| |0|0|0|0| | | | ||00||0
2026|01|634277|015|08|CD|6213|ABA|04|51|2|001|100| A|522151|030|A|0|0| |0|0|0|0| | | | ||00||0
2026|01|634277|015|08|CD|6213|ABA|04|51|2|001|100| A|524111|030|A|0|0| |0|0|0|0| | | | ||00||0
2026|01|634277|015|08|CD|6213|FAE|04|51|2|008|100| A|521211|030|A|0|0| |0|0|0|0| | | | ||00||0
2026|01|634277|015|08|CD|6213|FAE|04|51|2|008|100| A|522151|030|A|0|0| |0|0|0|0| | | | ||00||0
2026|01|634277|015|08|CD|6213|FAE|04|51|2|009|100| B|524111|030|A|0|0| |0|0|0|0| | | | ||00||0
2026|01|634277|015|08|CD|6213|FAL|04|51|2|003|100| A|521211|030|A|0|0| |0|0|0|0| | | | ||00||0
2026|01|634277|015|08|CD|6213|FAL|04|51|2|003|100| C|521211|030|A|0|0| |0|0|0|0| | | | ||00||0
2026|01|634277|015|08|CD|6213|FAL|04|51|2|003|100| E|521211|030|A|0|0| |0|0|0|0| | | | ||00||0
2026|01|634277|015|08|CD|6213|FAL|04|51|2|003|100| E|522151|030|A|0|0| |0|0|0|0| | | | ||00||0
2026|01|634277|015|08|CD|6213|FAL|04|51|2|003|100| F|521211|030|A|0|0| |0|0|0|0| | | | ||00||0
2026|01|634277|015|08|CD|6213|FAL|04|51|2|003|100| F|522151|030|A|0|0| |0|0|0|0| | | | ||00||0
2026|01|634277|015|08|CD|6215|FAH|04|51|2|003|100| B|521211|030|A|0|0| |0|0|0|0| | | | ||00||0
2026|01|634277|015|08|CD|6215|FAH|04|51|2|001|100| A|524111|030|A|0|0| |0|0|0|0| | | | ||00||0
2026|01|634277|015|08|CD|6215|FAH|04|51|2|001|100| B|521211|030|A|0|0| |0|0|0|0| | | | ||00||0
2026|01|634277|015|08|WA|4715|EBA|04|51|2|001|100| A|521811|030|A|0|0| |0|0|0|0| | | | ||00||0
2026|01|634277|015|08|WA|4715|EBA|04|51|2|001|100| A|522151|030|A|0|0| |0|0|0|0| | | | ||00||0
2026|01|634277|015|08|WA|4715|EBA|04|51|2|001|100| B|522151|030|A|0|0| |0|0|0|0| | | | ||00||0
2026|01|634277|015|08|WA|4715|EBA|04|51|2|994|002| A|521111|030|A|0|0| |0|0|0|0| | | | ||00||0
2026|01|634277|015|08|WA|4715|EBA|04|51|2|994|002| A|521811|030|A|0|0| |0|0|0|0| | | | ||00||0
2026|01|634277|015|08|WA|4715|EBA|04|51|2|994|002| B|521114|030|A|0|0| |0|0|0|0| | | | ||00||0
2026|01|634277|015|08|WA|4715|EBA|04|51|2|994|002| B|522111|030|A|0|0| |0|0|0|0| | | | ||00||0
2026|01|634277|015|08|WA|4715|EBA|04|51|2|994|002| B|522113|030|A|0|0| |0|0|0|0| | | | ||00||0
2026|01|634277|015|08|WA|4715|EBA|04|51|2|994|002| C|521115|030|A|0|0| |0|0|0|0| | | | ||00||0
2026|01|634277|015|08|WA|4715|EBA|04|51|2|994|002| C|521119|030|A|0|0| |0|0|0|0| | | | ||00||0
2026|01|634277|015|08|WA|4715|EBA|04|51|2|994|002| D|523121|030|A|0|0| |0|0|0|0| | | | ||00||0
2026|01|634277|015|08|WA|4715|EBA|04|51|2|994|002| G|523111|030|A|0|0| |0|0|0|0| | | | ||00||0
2026|01|634277|015|08|WA|4715|EBA|04|51|2|994|002| G|523119|030|A|0|0| |0|0|0|0| | | | ||00||0
2026|01|634277|015|08|WA|4715|EBA|04|51|2|994|002|HB|524111|030|A|0|0| |0|0|0|0| | | | ||00||0
2026|01|634277|015|08|WA|4715|EBA|04|51|2|994|002|HC|524111|030|A|0|0| |0|0|0|0| | | | ||00||0
2026|01|634277|015|08|WA|4715|EBA|04|51|2|994|002|HD|524111|030|A|0|0| |0|0|0|0| | | | ||00||0
2026|01|634277|015|08|WA|4715|EBA|04|51|2|994|002|HH|521211|030|A|0|0| |0|0|0|0| | | | ||00||0
2026|01|634277|015|08|WA|4715|EBA|04|51|2|994|002|TJ|523121|030|A|0|0| |0|0|0|0| | | | ||00||0
2026|01|634277|015|08|WA|4715|EBA|04|51|2|002|100| A|524111|030|A|0|0| |0|0|0|0| | | | ||00||0
2026|01|634277|015|08|WA|4715|EBA|04|51|2|002|100| A|524113|030|A|0|0| |0|0|0|0| | | | ||00||0
2026|01|634277|015|08|WA|4715|EBB|04|51|2|004|100|GB|533121|030|A|0|0| |0|0|0|0| | | | ||41||0
2026|01|634277|015|08|WA|4715|EBD|04|51|2|Z36|100| A|521211|030|A|0|0| |0|0|0|0| | | | ||00||0
2026|01|634277|015|08|WA|4715|EBD|04|51|2|Z36|100| A|524111|030|A|0|0| |0|0|0|0| | | | ||00||0
2026|01|634277|015|08|WA|4715|EBD|04|51|2|Z26|100| A|521211|030|A|0|0| |0|0|0|0| | | | ||00||0
2026|01|634277|015|08|WA|4718|BMB|04|51|2|002|100| A|521211|030|A|0|0| |0|0|0|0| | | | ||00||0
2026|01|634277|015|08|WA|4718|BMB|04|51|2|002|100| A|521219|030|A|0|0| |0|0|0|0| | | | ||00||0
2026|01|634277|015|08|WA|4718|BMB|04|51|2|002|100| A|522151|030|A|0|0| |0|0|0|0| | | | ||00||0
2026|01|634277|015|08|WA|4718|BMB|04|51|2|001|100| A|521211|030|A|0|0| |0|0|0|0| | | | ||00||0
2026|01|634277|015|08|WA|4718|BMB|04|51|2|001|100| A|524113|030|A|0|0| |0|0|0|0| | | | ||00||0
2026|01|634277|015|08|WA|4719|EBA|04|51|2|003|100| B|521211|030|A|0|0| |0|0|0|0| | | | ||00||0
2026|01|634277|015|08|WA|4719|EBA|04|51|2|994|001| A|511129|030|A|0|0| |0|0|0|0| | | | ||00||0
2026|01|634277|015|08|WA|4719|EBA|04|51|2|994|001| A|512211|030|A|0|0| |0|0|0|0| | | | ||00||0
2026|01|634277|015|08|WA|4719|EBA|04|51|2|005|100| B|524111|030|A|0|0| |0|0|0|0| | | | ||00||0
2026|01|634277|015|08|WA|4719|EBC|04|51|2|001|100|XC|521211|030|A|0|0| |0|0|0|0| | | | ||00||0
2026|01|634277|015|08|WA|4719|EBC|04|51|2|001|100|XC|522151|030|A|0|0| |0|0|0|0| | | | ||00||0
2026|01|634277|015|08|WA|4722|EBD|04|51|2|001|100| A|521211|030|A|0|0| |0|0|0|0| | | | ||00||0
2026|01|648741|015|08|CD|6212|BMB|31|51|2|001|100| A|524113|050|A|0|0| |0|0|0|0| | | | ||00||0
2026|01|648741|015|08|CD|6212|BMB|31|51|2|001|100| B|521211|050|A|0|0| |0|0|0|0| | | | ||00||0
2026|01|648741|015|08|CD|6212|BMB|31|51|2|001|100| B|522151|050|A|0|0| |0|0|0|0| | | | ||00||0
2026|01|648741|015|08|CD|6212|BMB|31|51|2|001|100| C|524113|050|A|0|0| |0|0|0|0| | | | ||00||0
2026|01|648741|015|08|CD|6212|BMB|31|51|2|001|100| D|521211|050|A|0|0| |0|0|0|0| | | | ||00||0
2026|01|648741|015|08|CD|6212|FAC|31|51|2|002|100| A|524111|050|A|0|0| |0|0|0|0| | | | ||00||0
2026|01|648741|015|08|CD|6212|FAC|31|51|2|002|100| A|524113|050|A|0|0| |0|0|0|0| | | | ||00||0
2026|01|648741|015|08|CD|6212|FAC|31|51|2|002|100| B|524111|050|A|0|0| |0|0|0|0| | | | ||00||0
2026|01|648741|015|08|CD|6212|FAC|31|51|2|002|100| B|524113|050|A|0|0| |0|0|0|0| | | | ||00||0
2026|01|648741|015|08|CD|6212|FAH|31|51|2|003|100| A|524113|050|A|0|0| |0|0|0|0| | | | ||00||0
2026|01|648741|015|08|CD|6212|FAH|31|51|2|003|100| B|524113|050|A|0|0| |0|0|0|0| | | | ||00||0
2026|01|648741|015|08|CD|6212|FAH|31|51|2|002|100| A|521211|050|A|0|0| |0|0|0|0| | | | ||00||0
2026|01|648741|015|08|CD|6212|FAH|31|51|2|002|100| B|524113|050|A|0|0| |0|0|0|0| | | | ||00||0
2026|01|648741|015|08|CD|6212|FAH|31|51|2|002|100| C|522151|050|A|0|0| |0|0|0|0| | | | ||00||0
2026|01|648741|015|08|CD|6212|FAL|31|51|2|001|100| A|524113|050|A|0|0| |0|0|0|0| | | | ||00||0
2026|01|648741|015|08|CD|6212|FAL|31|51|2|001|100| B|521211|050|A|0|0| |0|0|0|0| | | | ||00||0
2026|01|648741|015|08|CD|6212|FAL|31|51|2|001|100| B|522151|050|A|0|0| |0|0|0|0| | | | ||00||0
2026|01|648741|015|08|CD|6212|FAL|31|51|2|001|100| C|524113|050|A|0|0| |0|0|0|0| | | | ||00||0
2026|01|648741|015|08|CD|6212|FAL|31|51|2|001|100| D|521211|050|A|0|0| |0|0|0|0| | | | ||00||0
2026|01|648741|015|08|CD|6213|ABA|31|51|2|001|100| A|522151|050|A|0|0| |0|0|0|0| | | | ||00||0
2026|01|648741|015|08|CD|6213|FAE|31|51|2|009|100| B|521211|050|A|0|0| |0|0|0|0| | | | ||00||0
2026|01|648741|015|08|CD|6213|FAE|31|51|2|009|100| B|524111|050|A|0|0| |0|0|0|0| | | | ||00||0
2026|01|648741|015|08|CD|6213|FAE|31|51|2|009|100| B|524113|050|A|0|0| |0|0|0|0| | | | ||00||0
2026|01|648741|015|08|CD|6213|FAE|31|51|2|009|100| D|521211|050|A|0|0| |0|0|0|0| | | | ||00||0
2026|01|648741|015|08|CD|6213|FAE|31|51|2|008|100| A|522151|050|A|0|0| |0|0|0|0| | | | ||00||0
2026|01|648741|015|08|CD|6213|FAE|31|51|2|008|100| A|524111|050|A|0|0| |0|0|0|0| | | | ||00||0
2026|01|648741|015|08|CD|6213|FAL|31|51|2|003|100| A|521211|050|A|0|0| |0|0|0|0| | | | ||00||0
2026|01|648741|015|08|CD|6213|FAL|31|51|2|003|100| C|521211|050|A|0|0| |0|0|0|0| | | | ||00||0
2026|01|648741|015|08|CD|6213|FAL|31|51|2|003|100| D|524111|050|A|0|0| |0|0|0|0| | | | ||00||0
2026|01|648741|015|08|CD|6213|FAL|31|51|2|003|100| D|524113|050|A|0|0| |0|0|0|0| | | | ||00||0
2026|01|648741|015|08|CD|6213|FAL|31|51|2|003|100| E|521211|050|A|0|0| |0|0|0|0| | | | ||00||0
2026|01|648741|015|08|CD|6213|FAL|31|51|2|003|100| E|522151|050|A|0|0| |0|0|0|0| | | | ||00||0
2026|01|648741|015|08|CD|6213|FAL|31|51|2|003|100| E|524113|050|A|0|0| |0|0|0|0| | | | ||00||0
2026|01|648741|015|08|CD|6213|FAL|31|51|2|003|100| F|521211|050|A|0|0| |0|0|0|0| | | | ||00||0
2026|01|648741|015|08|CD|6213|FAL|31|51|2|003|100| F|522151|050|A|0|0| |0|0|0|0| | | | ||00||0
2026|01|648741|015|08|CD|6213|FAL|31|51|2|003|100| G|521211|050|A|0|0| |0|0|0|0| | | | ||00||0
2026|01|648741|015|08|CD|6213|FAL|31|51|2|003|100| H|524111|050|A|0|0| |0|0|0|0| | | | ||00||0
2026|01|648741|015|08|CD|6213|FAL|31|51|2|003|100| H|524113|050|A|0|0| |0|0|0|0| | | | ||00||0
2026|01|648741|015|08|CD|6215|FAH|31|51|2|003|100| A|524113|050|A|0|0| |0|0|0|0| | | | ||00||0
2026|01|648741|015|08|CD|6215|FAH|31|51|2|003|100| B|521211|050|A|0|0| |0|0|0|0| | | | ||00||0
2026|01|648741|015|08|CD|6215|FAH|31|51|2|001|100| A|524113|050|A|0|0| |0|0|0|0| | | | ||00||0
2026|01|648741|015|08|CD|6215|FAH|31|51|2|001|100| B|521211|050|A|0|0| |0|0|0|0| | | | ||00||0
2026|01|648741|015|08|CD|6216|FAE|31|51|2|002|100| A|524111|050|A|0|0| |0|0|0|0| | | | ||00||0
2026|01|648741|015|08|CD|6216|FAE|31|51|2|002|100| A|524113|050|A|0|0| |0|0|0|0| | | | ||00||0
2026|01|648741|015|08|WA|4715|EBA|31|51|2|001|100| A|521811|050|A|0|0| |0|0|0|0| | | | ||00||0
2026|01|648741|015|08|WA|4715|EBA|31|51|2|001|100| A|522151|050|A|0|0| |0|0|0|0| | | | ||00||0
2026|01|648741|015|08|WA|4715|EBA|31|51|2|001|100| B|522151|050|A|0|0| |0|0|0|0| | | | ||00||0
2026|01|648741|015|08|WA|4715|EBA|31|51|2|001|100| B|524113|050|A|0|0| |0|0|0|0| | | | ||00||0
2026|01|648741|015|08|WA|4715|EBA|31|51|2|994|002| A|521111|050|A|0|0| |0|0|0|0| | | | ||00||0
2026|01|648741|015|08|WA|4715|EBA|31|51|2|994|002| A|521119|050|A|0|0| |0|0|0|0| | | | ||00||0
2026|01|648741|015|08|WA|4715|EBA|31|51|2|994|002| A|521811|050|A|0|0| |0|0|0|0| | | | ||00||0
2026|01|648741|015|08|WA|4715|EBA|31|51|2|994|002| B|521114|050|A|0|0| |0|0|0|0| | | | ||00||0
2026|01|648741|015|08|WA|4715|EBA|31|51|2|994|002| B|522113|050|A|0|0| |0|0|0|0| | | | ||00||0
2026|01|648741|015|08|WA|4715|EBA|31|51|2|994|002| C|521115|050|A|0|0| |0|0|0|0| | | | ||00||0
2026|01|648741|015|08|WA|4715|EBA|31|51|2|994|002| C|521119|050|A|0|0| |0|0|0|0| | | | ||00||0
2026|01|648741|015|08|WA|4715|EBA|31|51|2|994|002| D|523121|050|A|0|0| |0|0|0|0| | | | ||00||0
2026|01|648741|015|08|WA|4715|EBA|31|51|2|994|002| G|523111|050|A|0|0| |0|0|0|0| | | | ||00||0
2026|01|648741|015|08|WA|4715|EBA|31|51|2|994|002| G|523119|050|A|0|0| |0|0|0|0| | | | ||00||0
2026|01|648741|015|08|WA|4715|EBA|31|51|2|994|002|HB|524111|050|A|0|0| |0|0|0|0| | | | ||00||0
2026|01|648741|015|08|WA|4715|EBA|31|51|2|994|002|HB|524113|050|A|0|0| |0|0|0|0| | | | ||00||0
2026|01|648741|015|08|WA|4715|EBA|31|51|2|994|002|HC|524111|050|A|0|0| |0|0|0|0| | | | ||00||0
2026|01|648741|015|08|WA|4715|EBA|31|51|2|994|002|HC|524113|050|A|0|0| |0|0|0|0| | | | ||00||0
2026|01|648741|015|08|WA|4715|EBA|31|51|2|994|002|HD|524111|050|A|0|0| |0|0|0|0| | | | ||00||0
2026|01|648741|015|08|WA|4715|EBA|31|51|2|994|002|HD|524113|050|A|0|0| |0|0|0|0| | | | ||00||0
2026|01|648741|015|08|WA|4715|EBA|31|51|2|994|002|HE|521211|050|A|0|0| |0|0|0|0| | | | ||00||0
2026|01|648741|015|08|WA|4715|EBA|31|51|2|994|002|TJ|523121|050|A|0|0| |0|0|0|0| | | | ||00||0
2026|01|648741|015|08|WA|4715|EBA|31|51|2|002|100| A|524111|050|A|0|0| |0|0|0|0| | | | ||00||0
2026|01|648741|015|08|WA|4715|EBD|31|51|2|Z36|100| A|521211|050|A|0|0| |0|0|0|0| | | | ||00||0
2026|01|648741|015|08|WA|4715|EBD|31|51|2|Z26|100| A|521211|050|A|0|0| |0|0|0|0| | | | ||00||0
2026|01|648741|015|08|WA|4718|BMB|31|51|2|002|100| A|521211|050|A|0|0| |0|0|0|0| | | | ||00||0
2026|01|648741|015|08|WA|4718|BMB|31|51|2|002|100| A|521219|050|A|0|0| |0|0|0|0| | | | ||00||0
2026|01|648741|015|08|WA|4718|BMB|31|51|2|001|100| A|521211|050|A|0|0| |0|0|0|0| | | | ||00||0
2026|01|648741|015|08|WA|4719|EBA|31|51|2|003|100| A|524113|050|A|0|0| |0|0|0|0| | | | ||00||0
2026|01|648741|015|08|WA|4719|EBA|31|51|2|003|100| B|521211|050|A|0|0| |0|0|0|0| | | | ||00||0
2026|01|648741|015|08|WA|4719|EBA|31|51|2|994|001| A|511129|050|A|0|0| |0|0|0|0| | | | ||00||0
2026|01|648741|015|08|WA|4719|EBA|31|51|2|994|001| A|512211|050|A|0|0| |0|0|0|0| | | | ||00||0
2026|01|648741|015|08|WA|4719|EBA|31|51|2|005|100| A|524113|050|A|0|0| |0|0|0|0| | | | ||00||0
2026|01|648741|015|08|WA|4719|EBA|31|51|2|005|100| B|524113|050|A|0|0| |0|0|0|0| | | | ||00||0
2026|01|648741|015|08|WA|4719|EBC|31|51|2|001|100|XC|521211|050|A|0|0| |0|0|0|0| | | | ||00||0
2026|01|648741|015|08|WA|4719|EBC|31|51|2|001|100|XC|522151|050|A|0|0| |0|0|0|0| | | | ||00||0
2026|01|648741|015|08|WA|4719|EBC|31|51|2|001|100|XC|524113|050|A|0|0| |0|0|0|0| | | | ||00||0
2026|01|648741|015|08|WA|4722|EBD|31|51|2|001|100| A|521211|050|A|0|0| |0|0|0|0| | | | ||00||0
2026|01|648741|015|08|WA|4722|EBD|31|51|2|001|100| B|524113|050|A|0|0| |0|0|0|0| | | | ||00||0
2026|01|613771|015|08|CD|6212|BMB|16|51|2|001|100| A|524113|046|A|0|0| |0|0|0|0| | | | ||00||0
2026|01|613771|015|08|CD|6212|BMB|16|51|2|001|100| B|521211|046|A|0|0| |0|0|0|0| | | | ||00||0
2026|01|613771|015|08|CD|6212|BMB|16|51|2|001|100| B|522151|046|A|0|0| |0|0|0|0| | | | ||00||0
2026|01|613771|015|08|CD|6212|BMB|16|51|2|001|100| B|524113|046|A|0|0| |0|0|0|0| | | | ||00||0
2026|01|613771|015|08|CD|6212|BMB|16|51|2|001|100| C|524113|046|A|0|0| |0|0|0|0| | | | ||00||0
2026|01|613771|015|08|CD|6212|BMB|16|51|2|001|100| D|521211|046|A|0|0| |0|0|0|0| | | | ||00||0
2026|01|613771|015|08|CD|6212|BMB|16|51|2|001|100| D|522141|046|A|0|0| |0|0|0|0| | | | ||00||0
2026|01|613771|015|08|CD|6212|FAC|16|51|2|002|100| A|521211|046|A|0|0| |0|0|0|0| | | | ||00||0
2026|01|613771|015|08|CD|6212|FAC|16|51|2|002|100| A|524111|046|A|0|0| |0|0|0|0| | | | ||00||0
2026|01|613771|015|08|CD|6212|FAC|16|51|2|002|100| A|524113|046|A|0|0| |0|0|0|0| | | | ||00||0
2026|01|613771|015|08|CD|6212|FAH|16|51|2|003|100| A|522151|046|A|0|0| |0|0|0|0| | | | ||00||0
2026|01|613771|015|08|CD|6212|FAH|16|51|2|003|100| A|524113|046|A|0|0| |0|0|0|0| | | | ||00||0
2026|01|613771|015|08|CD|6212|FAH|16|51|2|002|100| A|521211|046|A|0|0| |0|0|0|0| | | | ||00||0
2026|01|613771|015|08|CD|6212|FAH|16|51|2|002|100| B|521211|046|A|0|0| |0|0|0|0| | | | ||00||0
2026|01|613771|015|08|CD|6212|FAH|16|51|2|002|100| B|524113|046|A|0|0| |0|0|0|0| | | | ||00||0
2026|01|613771|015|08|CD|6212|FAH|16|51|2|002|100| C|522151|046|A|0|0| |0|0|0|0| | | | ||00||0
2026|01|613771|015|08|CD|6212|FAH|16|51|2|002|100| C|524113|046|A|0|0| |0|0|0|0| | | | ||00||0
2026|01|613771|015|08|CD|6212|FAL|16|51|2|001|100| A|524113|046|A|0|0| |0|0|0|0| | | | ||00||0
2026|01|613771|015|08|CD|6212|FAL|16|51|2|001|100| B|521211|046|A|0|0| |0|0|0|0| | | | ||00||0
2026|01|613771|015|08|CD|6212|FAL|16|51|2|001|100| D|521211|046|A|0|0| |0|0|0|0| | | | ||00||0
2026|01|613771|015|08|CD|6212|FAL|16|51|2|001|100| D|521213|046|A|0|0| |0|0|0|0| | | | ||00||0
2026|01|613771|015|08|CD|6212|FAL|16|51|2|001|100| D|522151|046|A|0|0| |0|0|0|0| | | | ||00||0
2026|01|613771|015|08|CD|6213|ABA|16|51|2|001|100| A|522151|046|A|0|0| |0|0|0|0| | | | ||00||0
2026|01|613771|015|08|CD|6213|FAE|16|51|2|009|100| B|524113|046|A|0|0| |0|0|0|0| | | | ||00||0
2026|01|613771|015|08|CD|6213|FAE|16|51|2|009|100| D|521211|046|A|0|0| |0|0|0|0| | | | ||00||0
2026|01|613771|015|08|CD|6213|FAE|16|51|2|009|100| D|522151|046|A|0|0| |0|0|0|0| | | | ||00||0
2026|01|613771|015|08|CD|6213|FAE|16|51|2|008|100| A|521211|046|A|0|0| |0|0|0|0| | | | ||00||0
2026|01|613771|015|08|CD|6213|FAE|16|51|2|008|100| A|522151|046|A|0|0| |0|0|0|0| | | | ||00||0
2026|01|613771|015|08|CD|6213|FAE|16|51|2|008|100| A|524111|046|A|0|0| |0|0|0|0| | | | ||00||0
2026|01|613771|015|08|CD|6213|FAE|16|51|2|008|100| A|524113|046|A|0|0| |0|0|0|0| | | | ||00||0
2026|01|613771|015|08|CD|6213|FAL|16|51|2|003|100| A|521211|046|A|0|0| |0|0|0|0| | | | ||00||0
2026|01|613771|015|08|CD|6213|FAL|16|51|2|003|100| C|521211|046|A|0|0| |0|0|0|0| | | | ||00||0
2026|01|613771|015|08|CD|6213|FAL|16|51|2|003|100| D|524111|046|A|0|0| |0|0|0|0| | | | ||00||0
2026|01|613771|015|08|CD|6213|FAL|16|51|2|003|100| D|524113|046|A|0|0| |0|0|0|0| | | | ||00||0
2026|01|613771|015|08|CD|6213|FAL|16|51|2|003|100| E|521211|046|A|0|0| |0|0|0|0| | | | ||00||0
2026|01|613771|015|08|CD|6213|FAL|16|51|2|003|100| F|521211|046|A|0|0| |0|0|0|0| | | | ||00||0
2026|01|613771|015|08|CD|6213|FAL|16|51|2|003|100| F|524111|046|A|0|0| |0|0|0|0| | | | ||00||0
2026|01|613771|015|08|CD|6213|FAL|16|51|2|003|100| G|521211|046|A|0|0| |0|0|0|0| | | | ||00||0
2026|01|613771|015|08|CD|6213|FAL|16|51|2|003|100| H|524111|046|A|0|0| |0|0|0|0| | | | ||00||0
2026|01|613771|015|08|CD|6215|FAH|16|51|2|003|100| A|524113|046|A|0|0| |0|0|0|0| | | | ||00||0
2026|01|613771|015|08|CD|6215|FAH|16|51|2|003|100| B|521211|046|A|0|0| |0|0|0|0| | | | ||00||0
2026|01|613771|015|08|CD|6215|FAH|16|51|2|001|100| A|524111|046|A|0|0| |0|0|0|0| | | | ||00||0
2026|01|613771|015|08|CD|6215|FAH|16|51|2|001|100| A|524113|046|A|0|0| |0|0|0|0| | | | ||00||0
2026|01|613771|015|08|CD|6215|FAH|16|51|2|001|100| B|521211|046|A|0|0| |0|0|0|0| | | | ||00||0
2026|01|613771|015|08|CD|6216|FAE|16|51|2|002|100| A|524113|046|A|0|0| |0|0|0|0| | | | ||00||0
2026|01|613771|015|08|WA|4715|EBA|16|51|2|001|100| A|521811|046|A|0|0| |0|0|0|0| | | | ||00||0
2026|01|613771|015|08|WA|4715|EBA|16|51|2|001|100| A|522151|046|A|0|0| |0|0|0|0| | | | ||00||0
2026|01|613771|015|08|WA|4715|EBA|16|51|2|001|100| B|522151|046|A|0|0| |0|0|0|0| | | | ||00||0
2026|01|613771|015|08|WA|4715|EBA|16|51|2|994|002| A|521111|046|A|0|0| |0|0|0|0| | | | ||00||0
2026|01|613771|015|08|WA|4715|EBA|16|51|2|994|002| A|521119|046|A|0|0| |0|0|0|0| | | | ||00||0
2026|01|613771|015|08|WA|4715|EBA|16|51|2|994|002| A|521811|046|A|0|0| |0|0|0|0| | | | ||00||0
2026|01|613771|015|08|WA|4715|EBA|16|51|2|994|002| B|521114|046|A|0|0| |0|0|0|0| | | | ||00||0
2026|01|613771|015|08|WA|4715|EBA|16|51|2|994|002| B|522113|046|A|0|0| |0|0|0|0| | | | ||00||0
2026|01|613771|015|08|WA|4715|EBA|16|51|2|994|002| C|521115|046|A|0|0| |0|0|0|0| | | | ||00||0
2026|01|613771|015|08|WA|4715|EBA|16|51|2|994|002| C|521119|046|A|0|0| |0|0|0|0| | | | ||00||0
2026|01|613771|015|08|WA|4715|EBA|16|51|2|994|002| D|523121|046|A|0|0| |0|0|0|0| | | | ||00||0
2026|01|613771|015|08|WA|4715|EBA|16|51|2|994|002| G|523111|046|A|0|0| |0|0|0|0| | | | ||00||0
2026|01|613771|015|08|WA|4715|EBA|16|51|2|994|002| G|523119|046|A|0|0| |0|0|0|0| | | | ||00||0
2026|01|613771|015|08|WA|4715|EBA|16|51|2|994|002|HB|524111|046|A|0|0| |0|0|0|0| | | | ||00||0
2026|01|613771|015|08|WA|4715|EBA|16|51|2|994|002|HC|524111|046|A|0|0| |0|0|0|0| | | | ||00||0
2026|01|613771|015|08|WA|4715|EBA|16|51|2|994|002|HD|524111|046|A|0|0| |0|0|0|0| | | | ||00||0
2026|01|613771|015|08|WA|4715|EBA|16|51|2|994|002|HH|521211|046|A|0|0| |0|0|0|0| | | | ||00||0
2026|01|613771|015|08|WA|4715|EBA|16|51|2|994|002|TJ|523121|046|A|0|0| |0|0|0|0| | | | ||00||0
2026|01|613771|015|08|WA|4715|EBA|16|51|2|002|100| A|524111|046|A|0|0| |0|0|0|0| | | | ||00||0
2026|01|613771|015|08|WA|4715|EBA|16|51|2|002|100| A|524113|046|A|0|0| |0|0|0|0| | | | ||00||0
2026|01|613771|015|08|WA|4715|EBB|16|51|2|002|100| A|532111|046|A|0|0| |0|0|0|0| | | | ||00||0
2026|01|613771|015|08|WA|4715|EBD|16|51|2|Z36|100| A|521211|046|A|0|0| |0|0|0|0| | | | ||00||0
2026|01|613771|015|08|WA|4715|EBD|16|51|2|Z26|100| A|521211|046|A|0|0| |0|0|0|0| | | | ||00||0
2026|01|613771|015|08|WA|4718|BMB|16|51|2|002|100| A|521211|046|A|0|0| |0|0|0|0| | | | ||00||0
2026|01|613771|015|08|WA|4718|BMB|16|51|2|002|100| A|521219|046|A|0|0| |0|0|0|0| | | | ||00||0
2026|01|613771|015|08|WA|4718|BMB|16|51|2|001|100| A|521211|046|A|0|0| |0|0|0|0| | | | ||00||0
2026|01|613771|015|08|WA|4719|EBA|16|51|2|003|100| A|524111|046|A|0|0| |0|0|0|0| | | | ||00||0
2026|01|613771|015|08|WA|4719|EBA|16|51|2|003|100| A|524113|046|A|0|0| |0|0|0|0| | | | ||00||0
2026|01|613771|015|08|WA|4719|EBA|16|51|2|003|100| B|521211|046|A|0|0| |0|0|0|0| | | | ||00||0
2026|01|613771|015|08|WA|4719|EBA|16|51|2|994|001| A|511129|046|A|0|0| |0|0|0|0| | | | ||00||0
2026|01|613771|015|08|WA|4719|EBA|16|51|2|994|001| A|512211|046|A|0|0| |0|0|0|0| | | | ||00||0
2026|01|613771|015|08|WA|4719|EBA|16|51|2|005|100| A|524113|046|A|0|0| |0|0|0|0| | | | ||00||0
2026|01|613771|015|08|WA|4719|EBA|16|51|2|005|100| B|524113|046|A|0|0| |0|0|0|0| | | | ||00||0
2026|01|613771|015|08|WA|4719|EBC|16|51|2|001|100|XC|521211|046|A|0|0| |0|0|0|0| | | | ||00||0
2026|01|613771|015|08|WA|4719|EBC|16|51|2|001|100|XC|522141|046|A|0|0| |0|0|0|0| | | | ||00||0
2026|01|613771|015|08|WA|4719|EBC|16|51|2|001|100|XC|522151|046|A|0|0| |0|0|0|0| | | | ||00||0
2026|01|613771|015|08|WA|4722|EBD|16|51|2|001|100| A|521211|046|A|0|0| |0|0|0|0| | | | ||00||0
2026|01|613771|015|08|WA|4722|EBD|16|51|2|001|100| B|524111|046|A|0|0| |0|0|0|0| | | | ||00||0
2026|01|613771|015|08|WA|4722|EBD|16|51|2|001|100| B|524113|046|A|0|0| |0|0|0|0| | | | ||00||0
2026|01|648872|015|08|CD|6212|BMB|15|02|2|001|100|AA|524113|168|A|0|0| |0|0|0|0| | | | ||00||0
2026|01|648872|015|08|CD|6212|FAC|15|02|2|001|100|AA|521211|168|A|0|0| |0|0|0|0| | | | ||00||0
2026|01|648872|015|08|CD|6212|FAC|15|02|2|001|100|AB|521211|168|A|0|0| |0|0|0|0| | | | ||00||0
2026|01|648872|015|08|CD|6212|FAC|15|02|2|001|100|BA|521211|168|A|0|0| |0|0|0|0| | | | ||00||0
2026|01|648872|015|08|CD|6212|FAC|15|02|2|001|100|BB|521211|168|A|0|0| |0|0|0|0| | | | ||00||0
2026|01|648872|015|08|CD|6212|FAH|15|02|2|001|100|AA|521211|168|A|0|0| |0|0|0|0| | | | ||00||0
2026|01|648872|015|08|CD|6212|FAH|15|02|2|001|100|BA|521211|168|A|0|0| |0|0|0|0| | | | ||00||0
2026|01|648872|015|08|CD|6212|FAL|15|02|2|004|100|AA|521211|168|A|0|0| |0|0|0|0| | | | ||00||0
2026|01|648872|015|08|CD|6212|FAL|15|02|2|004|100|AA|522141|168|A|0|0| |0|0|0|0| | | | ||00||0
2026|01|648872|015|08|CD|6212|FAL|15|02|2|004|100|AB|521211|168|A|0|0| |0|0|0|0| | | | ||00||0
2026|01|648872|015|08|CD|6212|FAL|15|02|2|004|100|AB|522141|168|A|0|0| |0|0|0|0| | | | ||00||0
2026|01|648872|015|08|CD|6212|FAL|15|02|2|004|100|AC|524113|168|A|0|0| |0|0|0|0| | | | ||00||0
2026|01|648872|015|08|CD|6212|FAL|15|02|2|004|100|AD|524113|168|A|0|0| |0|0|0|0| | | | ||00||0
2026|01|648872|015|08|CD|6212|FAL|15|02|2|004|100|BA|521211|168|A|0|0| |0|0|0|0| | | | ||00||0
2026|01|648872|015|08|CD|6212|FAL|15|02|2|004|100|BB|521211|168|A|0|0| |0|0|0|0| | | | ||00||0
2026|01|648872|015|08|CD|6212|FAL|15|02|2|004|100|BC|524111|168|A|0|0| |0|0|0|0| | | | ||00||0
2026|01|648872|015|08|CD|6212|FAL|15|02|2|004|100|BC|524113|168|A|0|0| |0|0|0|0| | | | ||00||0
2026|01|648872|015|08|CD|6212|FAL|15|02|2|004|100|BD|524111|168|A|0|0| |0|0|0|0| | | | ||00||0
2026|01|648872|015|08|CD|6212|FAL|15|02|2|004|100|BD|524113|168|A|0|0| |0|0|0|0| | | | ||00||0
2026|01|648872|015|08|CD|6213|FAC|15|02|2|001|100|AA|521211|168|A|0|0| |0|0|0|0| | | | ||00||0
2026|01|648872|015|08|CD|6213|FAC|15|02|2|001|100|BA|521211|168|A|0|0| |0|0|0|0| | | | ||00||0
2026|01|648872|015|08|CD|6213|FAL|15|02|2|003|100|AA|524113|168|A|0|0| |0|0|0|0| | | | ||00||0
2026|01|648872|015|08|CD|6213|FAL|15|02|2|003|100|BA|524111|168|A|0|0| |0|0|0|0| | | | ||00||0
2026|01|648872|015|08|CD|6213|FAL|15|02|2|003|100|BA|524113|168|A|0|0| |0|0|0|0| | | | ||00||0
2026|01|648872|015|08|CD|6214|FAL|15|02|2|002|100|AA|521211|168|A|0|0| |0|0|0|0| | | | ||00||0
2026|01|648872|015|08|CD|6214|FAL|15|02|2|002|100|AB|521211|168|A|0|0| |0|0|0|0| | | | ||00||0
2026|01|648872|015|08|CD|6214|FAL|15|02|2|002|100|BA|521211|168|A|0|0| |0|0|0|0| | | | ||00||0
2026|01|648872|015|08|CD|6214|FAL|15|02|2|002|100|BB|521211|168|A|0|0| |0|0|0|0| | | | ||00||0
2026|01|648872|015|08|CD|6215|FAH|15|02|2|003|100|AB|524111|168|A|0|0| |0|0|0|0| | | | ||00||0
2026|01|648872|015|08|CD|6215|FAH|15|02|2|003|100|BA|521211|168|A|0|0| |0|0|0|0| | | | ||00||0
2026|01|648872|015|08|WA|4715|EBA|15|02|2|001|100|AA|521811|168|A|0|0| |0|0|0|0| | | | ||00||0
2026|01|648872|015|08|WA|4715|EBA|15|02|2|001|100|AB|524111|168|A|0|0| |0|0|0|0| | | | ||00||0
2026|01|648872|015|08|WA|4715|EBA|15|02|2|001|100|BA|521811|168|A|0|0| |0|0|0|0| | | | ||00||0
2026|01|648872|015|08|WA|4715|EBA|15|02|2|994|002|AA|521111|168|A|0|0| |0|0|0|0| | | | ||00||0
2026|01|648872|015|08|WA|4715|EBA|15|02|2|994|002|AA|521119|168|A|0|0| |0|0|0|0| | | | ||00||0
2026|01|648872|015|08|WA|4715|EBA|15|02|2|994|002|AA|521811|168|A|0|0| |0|0|0|0| | | | ||00||0
2026|01|648872|015|08|WA|4715|EBA|15|02|2|994|002|AB|521114|168|A|0|0| |0|0|0|0| | | | ||00||0
2026|01|648872|015|08|WA|4715|EBA|15|02|2|994|002|AC|521113|168|A|0|0| |0|0|0|0| | | | ||00||0
2026|01|648872|015|08|WA|4715|EBA|15|02|2|994|002|AC|521115|168|A|0|0| |0|0|0|0| | | | ||00||0
2026|01|648872|015|08|WA|4715|EBA|15|02|2|994|002|AC|521119|168|A|0|0| |0|0|0|0| | | | ||00||0
2026|01|648872|015|08|WA|4715|EBA|15|02|2|994|002|AD|523121|168|A|0|0| |0|0|0|0| | | | ||00||0
2026|01|648872|015|08|WA|4715|EBA|15|02|2|994|002|AE|523111|168|A|0|0| |0|0|0|0| | | | ||00||0
2026|01|648872|015|08|WA|4715|EBA|15|02|2|994|002|AE|523119|168|A|0|0| |0|0|0|0| | | | ||00||0
2026|01|648872|015|08|WA|4715|EBA|15|02|2|994|002|BA|521111|168|A|0|0| |0|0|0|0| | | | ||00||0
2026|01|648872|015|08|WA|4715|EBA|15|02|2|994|002|BA|521119|168|A|0|0| |0|0|0|0| | | | ||00||0
2026|01|648872|015|08|WA|4715|EBA|15|02|2|994|002|BA|521811|168|A|0|0| |0|0|0|0| | | | ||00||0
2026|01|648872|015|08|WA|4715|EBA|15|02|2|994|002|BB|521114|168|A|0|0| |0|0|0|0| | | | ||00||0
2026|01|648872|015|08|WA|4715|EBA|15|02|2|994|002|BB|522111|168|A|0|0| |0|0|0|0| | | | ||00||0
2026|01|648872|015|08|WA|4715|EBA|15|02|2|994|002|BB|522113|168|A|0|0| |0|0|0|0| | | | ||00||0
2026|01|648872|015|08|WA|4715|EBA|15|02|2|994|002|BC|521113|168|A|0|0| |0|0|0|0| | | | ||00||0
2026|01|648872|015|08|WA|4715|EBA|15|02|2|994|002|BC|521115|168|A|0|0| |0|0|0|0| | | | ||00||0
2026|01|648872|015|08|WA|4715|EBA|15|02|2|994|002|BC|521119|168|A|0|0| |0|0|0|0| | | | ||00||0
2026|01|648872|015|08|WA|4715|EBA|15|02|2|994|002|BD|523121|168|A|0|0| |0|0|0|0| | | | ||00||0
2026|01|648872|015|08|WA|4715|EBA|15|02|2|994|002|BE|523111|168|A|0|0| |0|0|0|0| | | | ||00||0
2026|01|648872|015|08|WA|4715|EBA|15|02|2|994|002|BE|523119|168|A|0|0| |0|0|0|0| | | | ||00||0
2026|01|648872|015|08|WA|4715|EBA|15|02|2|994|002|HA|524111|168|A|0|0| |0|0|0|0| | | | ||00||0
2026|01|648872|015|08|WA|4715|EBA|15|02|2|994|002|HA|524113|168|A|0|0| |0|0|0|0| | | | ||00||0
2026|01|648872|015|08|WA|4715|EBA|15|02|2|994|002|HB|524111|168|A|0|0| |0|0|0|0| | | | ||00||0
2026|01|648872|015|08|WA|4715|EBA|15|02|2|994|002|HB|524113|168|A|0|0| |0|0|0|0| | | | ||00||0
2026|01|648872|015|08|WA|4715|EBA|15|02|2|994|002|HH|524113|168|A|0|0| |0|0|0|0| | | | ||00||0
2026|01|648872|015|08|WA|4715|EBA|15|02|2|994|002|HI|521211|168|A|0|0| |0|0|0|0| | | | ||00||0
2026|01|648872|015|08|WA|4715|EBA|15|02|2|994|002|HI|524111|168|A|0|0| |0|0|0|0| | | | ||00||0
2026|01|648872|015|08|WA|4715|EBA|15|02|2|994|002|HI|524113|168|A|0|0| |0|0|0|0| | | | ||00||0
2026|01|648872|015|08|WA|4715|EBA|15|02|2|994|002|TJ|523121|168|A|0|0| |0|0|0|0| | | | ||00||0
2026|01|648872|015|08|WA|4715|EBA|15|02|2|002|100|AA|524111|168|A|0|0| |0|0|0|0| | | | ||00||0
2026|01|648872|015|08|WA|4715|EBA|15|02|2|002|100|AA|524113|168|A|0|0| |0|0|0|0| | | | ||00||0
2026|01|648872|015|08|WA|4715|EBA|15|02|2|002|100|AB|524111|168|A|0|0| |0|0|0|0| | | | ||00||0
2026|01|648872|015|08|WA|4715|EBA|15|02|2|002|100|BA|524111|168|A|0|0| |0|0|0|0| | | | ||00||0
2026|01|648872|015|08|WA|4715|EBD|15|02|2|Z36|100|AB|524111|168|A|0|0| |0|0|0|0| | | | ||00||0
2026|01|648872|015|08|WA|4718|BMB|15|02|2|002|100|BA|521219|168|A|0|0| |0|0|0|0| | | | ||00||0
2026|01|648872|015|08|WA|4718|BMB|15|02|2|001|100|AA|521211|168|A|0|0| |0|0|0|0| | | | ||00||0
2026|01|648872|015|08|WA|4719|EBA|15|02|2|994|001|AA|511129|168|A|0|0| |0|0|0|0| | | | ||00||0
2026|01|648872|015|08|WA|4719|EBA|15|02|2|994|001|AA|512211|168|A|0|0| |0|0|0|0| | | | ||00||0
2026|01|648872|015|08|WA|4719|EBA|15|02|2|994|001|BA|511129|168|A|0|0| |0|0|0|0| | | | ||00||0
2026|01|648872|015|08|WA|4719|EBA|15|02|2|994|001|BA|512211|168|A|0|0| |0|0|0|0| | | | ||00||0
2026|01|648872|015|08|WA|4719|EBA|15|02|2|004|100|AA|521211|168|A|0|0| |0|0|0|0| | | | ||00||0
2026|01|648872|015|08|WA|4719|EBA|15|02|2|004|100|BA|521211|168|A|0|0| |0|0|0|0| | | | ||00||0
2026|01|648872|015|08|WA|4719|EBC|15|02|2|001|100|XC|521211|168|A|0|0| |0|0|0|0| | | | ||00||0
2026|01|648872|015|08|WA|4719|EBC|15|02|2|001|100|XC|522151|168|A|0|0| |0|0|0|0| | | | ||00||0
2026|01|662788|015|08|CD|6212|BMB|35|01|2|001|100| A|524113|185|A|0|0| |0|0|0|0| | | | ||00||0
2026|01|662788|015|08|CD|6212|BMB|35|01|2|001|100| B|521211|185|A|0|0| |0|0|0|0| | | | ||00||0
2026|01|662788|015|08|CD|6212|BMB|35|01|2|001|100| B|522151|185|A|0|0| |0|0|0|0| | | | ||00||0
2026|01|662788|015|08|CD|6212|BMB|35|01|2|001|100| B|524113|185|A|0|0| |0|0|0|0| | | | ||00||0
2026|01|662788|015|08|CD|6212|BMB|35|01|2|001|100| C|524113|185|A|0|0| |0|0|0|0| | | | ||00||0
2026|01|662788|015|08|CD|6212|BMB|35|01|2|001|100| D|521211|185|A|0|0| |0|0|0|0| | | | ||00||0
2026|01|662788|015|08|CD|6212|BMB|35|01|2|001|100| D|522141|185|A|0|0| |0|0|0|0| | | | ||00||0
2026|01|662788|015|08|CD|6212|FAC|35|01|2|002|100| B|524113|185|A|0|0| |0|0|0|0| | | | ||00||0
2026|01|662788|015|08|CD|6212|FAH|35|01|2|003|100| A|524113|185|A|0|0| |0|0|0|0| | | | ||00||0
2026|01|662788|015|08|CD|6212|FAH|35|01|2|003|100| B|524113|185|A|0|0| |0|0|0|0| | | | ||00||0
2026|01|662788|015|08|CD|6212|FAH|35|01|2|002|100| A|521211|185|A|0|0| |0|0|0|0| | | | ||00||0
2026|01|662788|015|08|CD|6212|FAH|35|01|2|002|100| B|524113|185|A|0|0| |0|0|0|0| | | | ||00||0
2026|01|662788|015|08|CD|6212|FAH|35|01|2|002|100| C|521211|185|A|0|0| |0|0|0|0| | | | ||00||0
2026|01|662788|015|08|CD|6212|FAH|35|01|2|002|100| C|524113|185|A|0|0| |0|0|0|0| | | | ||00||0
2026|01|662788|015|08|CD|6212|FAL|35|01|2|001|100| B|521211|185|A|0|0| |0|0|0|0| | | | ||00||0
2026|01|662788|015|08|CD|6212|FAL|35|01|2|001|100| B|522151|185|A|0|0| |0|0|0|0| | | | ||00||0
2026|01|662788|015|08|CD|6212|FAL|35|01|2|001|100| B|524111|185|A|0|0| |0|0|0|0| | | | ||00||0
2026|01|662788|015|08|CD|6212|FAL|35|01|2|001|100| C|524113|185|A|0|0| |0|0|0|0| | | | ||00||0
2026|01|662788|015|08|CD|6212|FAL|35|01|2|001|100| D|521211|185|A|0|0| |0|0|0|0| | | | ||00||0
2026|01|662788|015|08|CD|6212|FAL|35|01|2|001|100| D|521213|185|A|0|0| |0|0|0|0| | | | ||00||0
2026|01|662788|015|08|CD|6212|FAL|35|01|2|001|100| D|522151|185|A|0|0| |0|0|0|0| | | | ||00||0
2026|01|662788|015|08|CD|6212|FAL|35|01|2|001|100| D|524113|185|A|0|0| |0|0|0|0| | | | ||00||0
2026|01|662788|015|08|CD|6213|ABA|35|01|2|001|100| A|521211|185|A|0|0| |0|0|0|0| | | | ||00||0
2026|01|662788|015|08|CD|6213|ABA|35|01|2|001|100| A|524111|185|A|0|0| |0|0|0|0| | | | ||00||0
2026|01|662788|015|08|CD|6213|ABA|35|01|2|001|100| A|524113|185|A|0|0| |0|0|0|0| | | | ||00||0
2026|01|662788|015|08|CD|6213|FAE|35|01|2|009|100| B|521211|185|A|0|0| |0|0|0|0| | | | ||00||0
2026|01|662788|015|08|CD|6213|FAE|35|01|2|009|100| B|524113|185|A|0|0| |0|0|0|0| | | | ||00||0
2026|01|662788|015|08|CD|6213|FAE|35|01|2|009|100| D|521211|185|A|0|0| |0|0|0|0| | | | ||00||0
2026|01|662788|015|08|CD|6213|FAE|35|01|2|008|100| A|521211|185|A|0|0| |0|0|0|0| | | | ||00||0
2026|01|662788|015|08|CD|6213|FAE|35|01|2|008|100| A|522151|185|A|0|0| |0|0|0|0| | | | ||00||0
2026|01|662788|015|08|CD|6213|FAE|35|01|2|008|100| A|524111|185|A|0|0| |0|0|0|0| | | | ||00||0
2026|01|662788|015|08|CD|6213|FAL|35|01|2|003|100| A|521211|185|A|0|0| |0|0|0|0| | | | ||00||0
2026|01|662788|015|08|CD|6213|FAL|35|01|2|003|100| C|521211|185|A|0|0| |0|0|0|0| | | | ||00||0
2026|01|662788|015|08|CD|6213|FAL|35|01|2|003|100| D|524113|185|A|0|0| |0|0|0|0| | | | ||00||0
2026|01|662788|015|08|CD|6213|FAL|35|01|2|003|100| E|521211|185|A|0|0| |0|0|0|0| | | | ||00||0
2026|01|662788|015|08|CD|6213|FAL|35|01|2|003|100| E|524113|185|A|0|0| |0|0|0|0| | | | ||00||0
2026|01|662788|015|08|CD|6213|FAL|35|01|2|003|100| F|521211|185|A|0|0| |0|0|0|0| | | | ||00||0
2026|01|662788|015|08|CD|6213|FAL|35|01|2|003|100| F|524113|185|A|0|0| |0|0|0|0| | | | ||00||0
2026|01|662788|015|08|CD|6213|FAL|35|01|2|003|100| G|521211|185|A|0|0| |0|0|0|0| | | | ||00||0
2026|01|662788|015|08|CD|6213|FAL|35|01|2|003|100| H|524113|185|A|0|0| |0|0|0|0| | | | ||00||0
2026|01|662788|015|08|CD|6215|FAH|35|01|2|003|100| A|524113|185|A|0|0| |0|0|0|0| | | | ||00||0
2026|01|662788|015|08|CD|6215|FAH|35|01|2|003|100| B|521211|185|A|0|0| |0|0|0|0| | | | ||00||0
2026|01|662788|015|08|CD|6215|FAH|35|01|2|001|100| A|524113|185|A|0|0| |0|0|0|0| | | | ||00||0
2026|01|662788|015|08|CD|6215|FAH|35|01|2|001|100| B|521211|185|A|0|0| |0|0|0|0| | | | ||00||0
2026|01|662788|015|08|CD|6216|FAE|35|01|2|002|100| A|524113|185|A|0|0| |0|0|0|0| | | | ||00||0
2026|01|662788|015|08|WA|4715|EBA|35|01|2|001|100| A|521811|185|A|0|0| |0|0|0|0| | | | ||00||0
2026|01|662788|015|08|WA|4715|EBA|35|01|2|001|100| A|522151|185|A|0|0| |0|0|0|0| | | | ||00||0
2026|01|662788|015|08|WA|4715|EBA|35|01|2|001|100| B|522151|185|A|0|0| |0|0|0|0| | | | ||00||0
2026|01|662788|015|08|WA|4715|EBA|35|01|2|001|100| B|524113|185|A|0|0| |0|0|0|0| | | | ||00||0
2026|01|662788|015|08|WA|4715|EBA|35|01|2|994|002| A|521111|185|A|0|0| |0|0|0|0| | | | ||00||0
2026|01|662788|015|08|WA|4715|EBA|35|01|2|994|002| A|521119|185|A|0|0| |0|0|0|0| | | | ||00||0
2026|01|662788|015|08|WA|4715|EBA|35|01|2|994|002| A|521811|185|A|0|0| |0|0|0|0| | | | ||00||0
2026|01|662788|015|08|WA|4715|EBA|35|01|2|994|002| B|521114|185|A|0|0| |0|0|0|0| | | | ||00||0
2026|01|662788|015|08|WA|4715|EBA|35|01|2|994|002| B|522113|185|A|0|0| |0|0|0|0| | | | ||00||0
2026|01|662788|015|08|WA|4715|EBA|35|01|2|994|002| C|521115|185|A|0|0| |0|0|0|0| | | | ||00||0
2026|01|662788|015|08|WA|4715|EBA|35|01|2|994|002| C|521119|185|A|0|0| |0|0|0|0| | | | ||00||0
2026|01|662788|015|08|WA|4715|EBA|35|01|2|994|002| D|523121|185|A|0|0| |0|0|0|0| | | | ||00||0
2026|01|662788|015|08|WA|4715|EBA|35|01|2|994|002| G|523111|185|A|0|0| |0|0|0|0| | | | ||00||0
2026|01|662788|015|08|WA|4715|EBA|35|01|2|994|002| G|523119|185|A|0|0| |0|0|0|0| | | | ||00||0
2026|01|662788|015|08|WA|4715|EBA|35|01|2|994|002| H|521219|185|A|0|0| |0|0|0|0| | | | ||00||0
2026|01|662788|015|08|WA|4715|EBA|35|01|2|994|002|HB|524111|185|A|0|0| |0|0|0|0| | | | ||00||0
2026|01|662788|015|08|WA|4715|EBA|35|01|2|994|002|HB|524113|185|A|0|0| |0|0|0|0| | | | ||00||0
2026|01|662788|015|08|WA|4715|EBA|35|01|2|994|002|HC|524113|185|A|0|0| |0|0|0|0| | | | ||00||0
2026|01|662788|015|08|WA|4715|EBA|35|01|2|994|002|HD|524111|185|A|0|0| |0|0|0|0| | | | ||00||0
2026|01|662788|015|08|WA|4715|EBA|35|01|2|994|002|HH|521211|185|A|0|0| |0|0|0|0| | | | ||00||0
2026|01|662788|015|08|WA|4715|EBA|35|01|2|994|002|TJ|523121|185|A|0|0| |0|0|0|0| | | | ||00||0
2026|01|662788|015|08|WA|4715|EBA|35|01|2|002|100| A|524111|185|A|0|0| |0|0|0|0| | | | ||00||0
2026|01|662788|015|08|WA|4715|EBA|35|01|2|002|100| A|524113|185|A|0|0| |0|0|0|0| | | | ||00||0
2026|01|662788|015|08|WA|4715|EBB|35|01|2|002|100| A|532111|185|A|0|0| |0|0|0|0| | | | ||00||0
2026|01|662788|015|08|WA|4715|EBD|35|01|2|Z36|100| A|521211|185|A|0|0| |0|0|0|0| | | | ||00||0
2026|01|662788|015|08|WA|4715|EBD|35|01|2|Z26|100| A|521211|185|A|0|0| |0|0|0|0| | | | ||00||0
2026|01|662788|015|08|WA|4715|EBD|35|01|2|Z26|100| A|524113|185|A|0|0| |0|0|0|0| | | | ||00||0
2026|01|662788|015|08|WA|4718|BMB|35|01|2|002|100| A|521211|185|A|0|0| |0|0|0|0| | | | ||00||0
2026|01|662788|015|08|WA|4718|BMB|35|01|2|002|100| A|521219|185|A|0|0| |0|0|0|0| | | | ||00||0
2026|01|662788|015|08|WA|4718|BMB|35|01|2|001|100| A|521211|185|A|0|0| |0|0|0|0| | | | ||00||0
2026|01|662788|015|08|WA|4719|EBA|35|01|2|003|100| A|524113|185|A|0|0| |0|0|0|0| | | | ||00||0
2026|01|662788|015|08|WA|4719|EBA|35|01|2|003|100| B|521211|185|A|0|0| |0|0|0|0| | | | ||00||0
2026|01|662788|015|08|WA|4719|EBA|35|01|2|994|001| A|511129|185|A|0|0| |0|0|0|0| | | | ||00||0
2026|01|662788|015|08|WA|4719|EBA|35|01|2|994|001| A|512211|185|A|0|0| |0|0|0|0| | | | ||00||0
2026|01|662788|015|08|WA|4719|EBA|35|01|2|005|100| B|524113|185|A|0|0| |0|0|0|0| | | | ||00||0
2026|01|662788|015|08|WA|4719|EBC|35|01|2|001|100|XC|521211|185|A|0|0| |0|0|0|0| | | | ||00||0
2026|01|662788|015|08|WA|4719|EBC|35|01|2|001|100|XC|524113|185|A|0|0| |0|0|0|0| | | | ||00||0
2026|01|662788|015|08|WA|4722|EBD|35|01|2|001|100| A|521211|185|A|0|0| |0|0|0|0| | | | ||00||0
