thang|kdjendok|kdsatker|kddept|kdunit|kdprogram|kdgiat|kdoutput|kdlokasi|kdkabkota|kddekon|kdsoutput|kdkmpnen|kdskmpnen|kdakun|kdkppn|kdbeban|kdjnsban|kdctarik|register|carahitung|header1|header2|kdheader|noitem|nmitem|vol1|sat1|vol2|sat2|vol3|sat3|vol4|sat4|volkeg|satkeg|hargasat|jumlah|jumlah2|paguphln|pagurmp|pagurkp|kdblokir|blokirphln|blokirrmp|blokirrkp|rphblokir|kdcopy|kdabt|kdsbu|volsbk|volrkakl|blnkontrak|nokontrak|tgkontrak|nilkontrak|januari|pebruari|maret|april|mei|juni|juli|agustus|september|oktober|nopember|desember|jmltunda|kdluncuran|jmlabt|norev|kdubah|kurs|indexjm|kdib
2026|01|527010|015|08|CD|6212|AEF|01|51|1|001|100|JA|521211|019|A|0|0||0|01||1|1|Workshop SAP pada APIP KL|0||0||0||0||0||0|0||0|0|0||0|0|0|0||||0|0||||0|0|0|0|0|0|0|0|0|0|0|0|0|0||0|||1|0|00
2026|01|527010|015|08|CD|6212|AEF|01|51|1|001|100|JA|521211|019|A|0|0||0|04||1|10|Sosialisasi SAP Berbasis Akrual pada Pemda|0||0||0||0||0||0|0||0|0|0||0|0|0|0||||0|0||||0|0|0|0|0|0|0|0|0|0|0|0|0|0||0|||1|0|00
2026|01|527010|015|08|CD|6212|AEF|01|51|1|001|100|JA|521211|019|A|0|0||0|04|||11|KDM  Makan Rapat|20|ORG|2|FR|0||0||40|OF|57000|2280000||0|0|0||0|0|0|0||||0|0||||0|0|0|786201|0|0|27608|137086|0|0|4025|119426|1205654|0||0|||1|0|00
2026|01|527010|015|08|CD|6212|AEF|01|51|1|001|100|JA|521211|019|A|0|0||0|04|||12|KDM  KudapanSnack Rapat|20|ORG|2|FR|0||0||40|OF|24000|960000||0|0|0||0|0|0|0||||0|0||||0|0|0|331032|0|0|11624|57720|0|0|1695|50285|507644|0||0|||1|0|00
2026|01|527010|015|08|CD|6212|AEF|01|51|1|001|100|JA|521211|019|A|0|0||0|05||1|13|Sosialisasi SAP Berbasis Akrual pada KL Pusat|0||0||0||0||0||0|0||0|0|0||0|0|0|0||||0|0||||0|0|0|0|0|0|0|0|0|0|0|0|0|0||0|||1|0|00
2026|01|527010|015|08|CD|6212|AEF|01|51|1|001|100|JA|521211|019|A|0|0||0|05|||14|KDM  Makan Rapat|21|ORG|2|FR|0||0||42|OF|57000|2394000||0|0|0||0|0|0|0||||0|0||||0|0|0|825511|0|0|28988|143940|0|0|4226|125397|1265938|0||0|||1|0|00
2026|01|527010|015|08|CD|6212|AEF|01|51|1|001|100|JA|521211|019|A|0|0||0|05|||15|KDM  KudapanSnack Rapat|21|ORG|2|FR|0||0||42|OF|24000|1008000||0|0|0||0|0|0|0||||0|0||||0|0|0|347584|0|0|12206|60606|0|0|1779|52799|533026|0||0|||1|0|00
2026|01|527010|015|08|CD|6212|AEF|01|51|1|001|100|JA|521211|019|A|0|0||0|01|||2|KDM  Makan Rapat|18|ORG|1|FR|0||0||18|OF|57000|1026000||0|0|0||0|0|0|0||||0|0||||0|0|0|353791|0|0|12423|61689|0|0|1811|53742|542544|0||0|||1|0|00
2026|01|527010|015|08|CD|6212|AEF|01|51|1|001|100|JA|521211|019|A|0|0||0|01|||3|KDM  KudapanSnack Rapat|18|ORG|1|FR|0||0||18|OF|24000|432000||0|0|0||0|0|0|0||||0|0||||0|0|0|148964|0|0|5231|25974|0|0|763|22628|228440|0||0|||1|0|00
2026|01|527010|015|08|CD|6212|AEF|01|51|1|001|100|JA|521211|019|A|0|0||0|02||1|4|Workshop Standar Akuntansi Pemerintah Daerah (SAPD)|0||0||0||0||0||0|0||0|0|0||0|0|0|0||||0|0||||0|0|0|0|0|0|0|0|0|0|0|0|0|0||0|||1|0|00
2026|01|527010|015|08|CD|6212|AEF|01|51|1|001|100|JA|521211|019|A|0|0||0|02|||5|KDM  Makan Rapat|14|ORG|1|FR|0||0||14|OF|57000|798000||0|0|0||0|0|0|0||||0|0||||0|0|0|275170|0|0|9663|47980|0|0|1409|41799|421979|0||0|||1|0|00
2026|01|527010|015|08|CD|6212|AEF|01|51|1|001|100|JA|521211|019|A|0|0||0|02|||6|KDM  KudapanSnack Rapat|14|ORG|1|FR|0||0||14|OF|24000|336000||0|0|0||0|0|0|0||||0|0||||0|0|0|115861|0|0|4069|20202|0|0|593|17600|177675|0||0|||1|0|00
2026|01|527010|015|08|CD|6212|AEF|01|51|1|001|100|JA|521211|019|A|0|0||0|03||1|7|Training of Trainers SAP pada KL|0||0||0||0||0||0|0||0|0|0||0|0|0|0||||0|0||||0|0|0|0|0|0|0|0|0|0|0|0|0|0||0|||1|0|00
2026|01|527010|015|08|CD|6212|AEF|01|51|1|001|100|JA|521211|019|A|0|0||0|03|||8|KDM  Makan Rapat|19|ORG|1|FR|0||0||19|OF|57000|1083000||0|0|0||0|0|0|0||||0|0||||0|0|0|373446|0|0|13114|65116|0|0|1912|56727|572685|0||0|||1|0|00
2026|01|527010|015|08|CD|6212|AEF|01|51|1|001|100|JA|521211|019|A|0|0||0|03|||9|KDM  KudapanSnack Rapat|19|ORG|1|FR|0||0||19|OF|24000|456000||0|0|0||0|0|0|0||||0|0||||0|0|0|157240|0|0|5522|27417|0|0|805|23885|241131|0||0|||1|0|00
2026|01|527010|015|08|CD|6212|AEF|01|51|1|001|100|JB|521211|019|A|0|0||0||||1|KDM  KudapanSnack Rapat|50|ORG|1|FR|0||0||50|OF|24000|1200000||0|0|0||0|0|0|0||||0|0||||0|0|0|413790|0|0|14530|72150|0|0|2118|62856|634556|0||0|||1|0|00
2026|01|527010|015|08|CD|6212|AEF|01|51|1|001|100|JC|521211|019|A|0|0||0||||1|KDM  Makan Rapat Menter Keuangan Eselon I|82|ORG|1|FR|0||0||82|OF|118000|9676000||0|0|0||0|0|0|0||||0|0||||0|0|0|3336528|0|0|117163|581773|0|0|17080|506828|5116628|0||0|||1|0|00
2026|01|527010|015|08|CD|6212|AEF|01|51|1|001|100|JC|521211|019|A|0|0||0||||2|KDM  Kudapan Snack Rapat Menteri  Setara  Eselon I|82|ORG|1|FR|0||0||82|OF|53000|4346000||0|0|0||0|0|0|0||||0|0||||0|0|0|1498610|0|0|52624|261305|0|0|7672|227643|2298146|0||0|||1|0|00
2026|01|527010|015|08|CD|6212|AEF|01|51|1|001|100|JC|522191|019|A|0|0||0||||1|Biaya Penyelenggaraan Kegiatan Rapat Rangkaian Forum Akuntansi|1|PKT|1|FR|0||0||1|FR|168004000|168004000||0|0|0||0|0|0|0||||0|0||||0|0|0|57931994|0|0|2034299|10101304|0|0|296559|8800031|88839813|0||0|||1|0|00
2026|01|527010|015|08|CD|6212|AEF|01|51|1|001|100|JD|524114|019|A|0|0||0||||1|Transport|54|ORG|1|FR|0||0||54|OF|170000|9180000||0|0|0||0|0|0|0||||0|0||||0|0|0|3165494|0|0|111157|551951|0|0|16204|480847|4854347|0||0|||1|0|00
2026|01|527010|015|08|CD|6212|AEF|01|51|1|001|100|JD|524114|019|A|0|0||0||||2|Uang Saku|54|ORG|4|HR|1|FR|0||216|OHF|130000|28080000||0|0|0||0|0|0|0||||0|0||||0|0|0|9682688|0|0|340010|1688321|0|0|49566|1470827|14848588|0||0|||1|0|00
2026|01|527010|015|08|CD|6212|AEF|01|51|1|001|100|JD|524114|019|A|0|0||0||||3|Akomodasi  Penyusunan LKPP Audited Tahun 2025 eselon 1/2|2|ORG|3|HR|1|FR|0||6|OF|1347000|8082000||0|0|0||0|0|0|0||||0|0||||0|0|0|2786876|0|0|97862|485933|0|0|14266|423334|4273729|0||0|||1|0|00
2026|01|527010|015|08|CD|6212|AEF|01|51|1|001|100|JD|524114|019|A|0|0||0||||4|Akomodasi  Penyusunan LKPP Audited Tahun 2025|48|ORG|3|HR|1|FR|0||144|OF|1197000|172368000||0|0|0||0|0|0|0||||0|0||||0|0|0|59436811|0|0|2087141|10363691|0|0|304261|9028616|91147480|0||0|||1|0|00
2026|01|527010|015|08|CD|6212|AEF|01|51|1|005|100|HB|522151|019|A|0|0||0||||1|Narasumber Tenaga Profesional|0||0||0||0||5|OJ|1700000|8500000||0|0|0||0|0|0|0||||0|0||||0|1326649|1326649|1326649|1326649|1326649|1326649|540106|0|0|0|0|0|0||0|||1|0|00
2026|01|527010|015|08|CD|6212|AEF|01|51|1|004|100|HB|524111|019|A|0|0||0||||1|3. Biaya Penginapan|0||0||0||0||24|OH|166750|4002000||0|0|0||0|0|0|0||||0|0||||0|925493|925493|925493|925493|300028|0|0|0|0|0|0|0|0||0|||1|0|00
2026|01|527010|015|08|CD|6212|AEF|01|51|1|004|100|HB|524111|019|A|0|0||0||||2|2. Uang Harian|0||0||0||0||36|OH|67556|2432000||0|0|0||0|0|0|0||||0|0||||0|562419|562419|562419|562419|182324|0|0|0|0|0|0|0|0||0|||1|0|00
2026|01|527010|015|08|CD|6212|AEF|01|51|1|004|100|HB|524111|019|A|0|0||0||||3|1. Transport PP|0||0||0||0||12|OK|783090|9397000||0|0|0||0|0|0|0||||0|0||||0|2173128|2173128|2173128|2173128|704488|0|0|0|0|0|0|0|0||0|||1|0|00
2026|01|527010|015|08|CD|6212|AEF|01|51|1|004|100|HD|522151|019|A|0|0||0|01||1|1|Sosialisasi PP Pemberian Pinjaman|0||0||0||0||0||0|0||0|0|0||0|0|0|0||||0|0||||0|0|0|0|0|0|0|0|0|0|0|0|0|0||0|||1|0|00
2026|01|527010|015|08|CD|6212|AEF|01|51|1|004|100|HD|522151|019|A|0|0||0|01|||2|Narasumber Tenaga Profesional|2|ORG|2|JAM|1|FREK|0||4|OJ|1700000|6800000||0|0|0||0|0|0|0||||0|0||||0|1572552|1572552|1572552|1572552|509792|0|0|0|0|0|0|0|0||0|||1|0|00
2026|01|527010|015|08|CD|6212|AEF|01|51|1|004|100|HE|522151|019|A|0|0||0||||1|Honor Narasumber Tenaga Profesional|1|ORG|2|JAM|1|FREK|0||2|OJ|1000000|2000000||0|0|0||0|0|0|0||||0|0||||0|462515|462515|462515|462515|149940|0|0|0|0|0|0|0|0||0|||1|0|00
2026|01|527010|015|08|CD|6212|AEF|01|51|1|004|100|HG|524111|019|A|0|0||0|01||1|1|Monitoring dan evaluasi pelaksanaan kredit program dan subsidi bunga|0||0||0||0||0||0|0||0|0|0||0|0|0|0||||0|0||||0|0|0|0|0|0|0|0|0|0|0|0|0|0||0|||1|0|00
2026|01|527010|015|08|CD|6212|AEF|01|51|1|004|100|HG|524111|019|A|0|0||0|01|||2|Tiket PP|2|ORG|4|LOK|3|FREK|0||24|OK|419787|10074000||0|0|0||0|0|0|0||||0|0||||0|2329689|2329689|2329689|2329689|755244|0|0|0|0|0|0|0|0||0|||1|0|00
2026|01|527010|015|08|CD|6212|AEF|01|51|1|004|100|HG|524111|019|A|0|0||0|01|||3|Uang Harian|2|ORG|4|LOK|3|FREK|3|HARI|72|OH|219007|15768000||0|0|0||0|0|0|0||||0|0||||0|3646471|3646471|3646471|3646471|1182116|0|0|0|0|0|0|0|0||0|||1|0|00
2026|01|527010|015|08|CD|6212|AEF|01|51|1|004|100|HG|524111|019|A|0|0||0|01|||4|Biaya Penginapan|2|ORG|4|LOK|3|FREK|2|HARI|48|OH|241131|11574000||0|0|0||0|0|0|0||||0|0||||0|2676576|2676576|2676576|2676576|867696|0|0|0|0|0|0|0|0||0|||1|0|00
2026|01|527010|015|08|CD|6212|AEF|01|51|1|002|100|SA|521211|019|A|0|0||0||||1|KDM  Konsumsi snack|38|org|18|frek|0||0||684|OF|13860|9480000||0|0|0||0|0|0|0||||0|0||||0|1907165|1907165|1907165|1907165|1851340|0|0|0|0|0|0|0|0||0|||1|0|00
2026|01|527010|015|08|CD|6212|AEF|01|51|1|002|100|SA|521211|019|A|0|0||0||||2|KDM  Konsumsi Makan|30|org|20|frek|0||0||600|OF|26539|15923000||0|0|0||0|0|0|0||||0|0||||0|3203353|3203353|3203353|3203353|3109588|0|0|0|0|0|0|0|0||0|||1|0|00
2026|01|527010|015|08|CD|6212|AEF|01|51|1|002|100|SA|524111|019|A|0|0||0||||1|Transportasi|4|org|1|frek|2||0||8|OK|170000|1360000||0|0|0||0|0|0|0||||0|0||||0|273602|273602|273602|273602|265592|0|0|0|0|0|0|0|0||0|||1|0|00
2026|01|527010|015|08|CD|6212|AEF|01|51|1|002|100|SA|524111|019|A|0|0||0||||2|Akomodasi|4|org|5|frek|1|hr|0||20|OHF|679550|13591000||0|0|0||0|0|0|0||||0|0||||0|2734206|2734206|2734206|2734206|2654176|0|0|0|0|0|0|0|0||0|||1|0|00
2026|01|527010|015|08|CD|6212|AEF|01|51|1|002|100|SA|524111|019|A|0|0||0||||3|Uang Harian Fullboard|4|org|3|hr|2||0||24|OHF|130000|3120000||0|0|0||0|0|0|0||||0|0||||0|627674|627674|627674|627674|609304|0|0|0|0|0|0|0|0||0|||1|0|00
2026|01|527010|015|08|CD|6212|FAC|01|51|1|001|100|LA|521211|019|A|0|0||0||||1|KDM  Konsumsi Snack|20|ORG|1|LOK|24|FR|0||480|OK|24000|11520000||0|0|0||0|0|0|0||||0|0||||0|1966033|1966033|1966033|1966033|1966033|1689835|0|0|0|0|0|0|0||0|||1|0|00
2026|01|527010|015|08|CD|6212|FAC|01|51|1|001|100|LA|521211|019|A|0|0||0||||2|KDM  Konsumsi Makan|20|ORG|1|LOK|24|FR|0||480|OK|57000|27360000||0|0|0||0|0|0|0||||0|0||||0|4669329|4669329|4669329|4669329|4669329|4013355|0|0|0|0|0|0|0||0|||1|0|00
2026|01|527010|015|08|CD|6212|FAC|01|51|1|001|100|LA|524111|019|A|0|0||0||||1|Akomodasi|4|ORG|3|HR|2|FR|3|LOK|72|OH|250028|18002000||0|0|0||0|0|0|0||||0|0||||0|3072268|3072268|3072268|3072268|3072268|2640660|0|0|0|0|0|0|0||0|||1|0|00
2026|01|527010|015|08|CD|6212|FAC|01|51|1|001|100|LA|524111|019|A|0|0||0||||2|Uang Harian|4|ORG|4|HR|2|FR|3|LOK|96|OH|194584|18680000||0|0|0||0|0|0|0||||0|0||||0|3187977|3187977|3187977|3187977|3187977|2740115|0|0|0|0|0|0|0||0|||1|0|00
2026|01|527010|015|08|CD|6212|FAC|01|51|1|001|100|LA|524111|019|A|0|0||0||||3|Transport|4|ORG|2|FR|3|LOK|0||24|OK|836542|20077000||0|0|0||0|0|0|0||||0|0||||0|3426393|3426393|3426393|3426393|3426393|2945035|0|0|0|0|0|0|0||0|||1|0|00
2026|01|527010|015|08|CD|6212|FAC|01|51|1|003|100|IA|521211|019|A|0|0||0|01||1|1|FGDSosialisasiEdukasi Satker BLU|0||0||0||0||0||0|0||0|0|0||0|0|0|0||||0|0||||0|0|0|0|0|0|0|0|0|0|0|0|0|0||0|||1|0|00
2026|01|527010|015|08|CD|6212|FAC|01|51|1|003|100|IA|521211|019|A|0|0||0|01|||2|KDM  Konsumsi Rapat Snack|100|ORG|4|FR|0||0||400|OF|11030|4412000||0|0|0||0|0|0|0||||0|0||||0|520427|520427|520427|520427|520427|520427|520427|520427|248584|0|0|0|0||0|||1|0|00
2026|01|527010|015|08|CD|6212|FAC|01|51|1|003|100|IA|521211|019|A|0|0||0|01|||3|KDM  Konsumsi Rapat Makan|100|ORG|4|FR|0||0||400|OF|25000|10000000||0|0|0||0|0|0|0||||0|0||||0|1179573|1179573|1179573|1179573|1179573|1179573|1179573|1179573|563416|0|0|0|0||0|||1|0|00
2026|01|527010|015|08|CD|6212|FAC|01|51|1|003|100|IA|522151|019|A|0|0||0||||1|Honorarium Narasumber (Pejabat Eselon II)|2|ORG|3|JAM|1|FR|0||6|OJ|1000000|6000000||0|0|0||0|0|0|0|||09.01.03|0|0||||0|0|0|0|0|6000000|0|0|0|0|0|0|0|0||0|||1|0|00
2026|01|527010|015|08|CD|6212|FAC|01|51|1|008|100|SA|521211|019|A|0|0||0||||1|KDM  Snack|20|org|20|fr|0||0||400|OF|13860|5544000||0|0|0||0|0|0|0||||0|0||||0|612345|612345|612345|612345|612345|612345|612345|612345|612345|32895|0|0|0||0|||1|0|00
2026|01|527010|015|08|CD|6212|FAC|01|51|1|008|100|SA|521211|019|A|0|0||0||||2|KDM  Makan|20|org|10|fr|0||0||200|OF|29610|5922000||0|0|0||0|0|0|0||||0|0||||0|654096|654096|654096|654096|654096|654096|654096|654096|654096|35136|0|0|0||0|||1|0|00
2026|01|527010|015|08|CD|6212|FAC|01|51|1|008|100|SA|524111|019|A|0|0||0||||1|Transportasi|10|org|2|fr|2|lok|0||40|OK|427450|17098000||0|0|0||0|0|0|0||||0|0||||0|1888506|1888506|1888506|1888506|1888506|1888506|1888506|1888506|1888506|101446|0|0|0||0|||1|0|00
2026|01|527010|015|08|CD|6212|FAC|01|51|1|008|100|SB|521211|019|A|0|0||0||||1|KDM  Snack|30|org|10|fr|0||0||300|OF|13860|4158000||0|0|0||0|0|0|0||||0|0||||0|459259|459259|459259|459259|459259|459259|459259|459259|459259|24669|0|0|0||0|||1|0|00
2026|01|527010|015|08|CD|6212|FAC|01|51|1|008|100|SB|521211|019|A|0|0||0||||2|KDM  Makan|30|org|5|fr|0||0||150|OF|29607|4441000||0|0|0||0|0|0|0||||0|0||||0|490517|490517|490517|490517|490517|490517|490517|490517|490517|26347|0|0|0||0|||1|0|00
2026|01|527010|015|08|CD|6212|FAC|01|51|1|008|100|SC|521211|019|A|0|0||0||||1|KDM  Snack|25|org|2|fr|0||0||50|OF|13860|693000||0|0|0||0|0|0|0||||0|0||||0|76543|76543|76543|76543|76543|76543|76543|76543|76543|4113|0|0|0||0|||1|0|00
2026|01|527010|015|08|CD|6212|FAC|01|51|1|008|100|SC|521211|019|A|0|0||0||||2|KDM  Makan|25|org|1|fr|0||0||25|OF|29600|740000||0|0|0||0|0|0|0||||0|0||||0|81734|81734|81734|81734|81734|81734|81734|81734|81734|4394|0|0|0||0|||1|0|00
2026|01|527010|015|08|CD|6212|FAC|01|51|1|005|100|FA|521211|019|A|0|0||0||||1|CTK  Pengadaan Plakat Penghargaan Penyaluran DAK Fisik, Dana BOS, dan Dana Desa|3|BUAH|5|KATEG|0||0||15|BUAH|472467|7087000||0|0|0||0|0|0|0||||0|0||||0|1593057|1593057|1586116|2211487|0|0|0|0|0|0|0|103283|0||0|||1|0|00
2026|01|527010|015|08|CD|6212|FAC|01|51|1|005|100|FA|521211|019|A|0|0||0||||2|CTK  Penggandaan Laporan Monev Penyaluran DAK Fisik, Dana BOS, dan Dana Desa|15|EKS|1|FREK|0||0||15|EKS|390600|5859000||0|0|0||0|0|0|0||||0|0||||0|1317020|1317020|1311281|1828292|0|0|0|0|0|0|0|85387|0||0|||1|0|00
2026|01|527010|015|08|CD|6212|FAC|01|51|1|005|100|FA|521211|019|A|0|0||0||||3|CTK  Penggandaan Laporan Keuangan Penyaluran DAK Fisik, Dana BOS, dan Dana Desa|15|EKS|1|FREK|0||0||15|EKS|390600|5859000||0|0|0||0|0|0|0||||0|0||||0|1317020|1317020|1311281|1828292|0|0|0|0|0|0|0|85387|0||0|||1|0|00
2026|01|527010|015|08|CD|6212|FAC|01|51|1|005|100|FA|524111|019|A|0|0||0||||1|Penginapan|3|ORG|1|LOK|2|HARI|1|FREK|6|OH|620000|3720000||0|0|0||0|0|0|0||||0|0||||0|836203|836203|832560|1160820|0|0|0|0|0|0|0|54214|0||0|||1|0|00
2026|01|527010|015|08|CD|6212|FAC|01|51|1|005|100|FA|524111|019|A|0|0||0||||2|Uang Harian Luar Kota|3|ORG|1|LOK|3|HARI|1|FREK|9|OH|266556|2399000||0|0|0||0|0|0|0||||0|0||||0|539261|539261|536911|748604|0|0|0|0|0|0|0|34963|0||0|||1|0|00
2026|01|527010|015|08|CD|6212|FAC|01|51|1|005|100|FA|524111|019|A|0|0||0||||3|Uang Transport Luar Kota|3|ORG|1|LOK|1|FREK|0||3|OK|961667|2885000||0|0|0||0|0|0|0||||0|0||||0|648507|648507|645681|900260|0|0|0|0|0|0|0|42045|0||0|||1|0|00
2026|01|527010|015|08|CD|6212|FAC|01|51|1|005|100|FA|524114|019|A|0|0||0||||1|Uang Transport Luar Kota|4|ORG|2|FREK|0||0||8|OK|170000|1360000||0|0|0||0|0|0|0||||0|0||||0|305709|305709|304377|424386|0|0|0|0|0|0|0|19819|0||0|||1|0|00
2026|01|527010|015|08|CD|6212|FAC|01|51|1|005|100|FA|524114|019|A|0|0||0||||2|Uang Transport Dalam Kota|23|ORG|2|FREK|0||0||46|OK|149827|6892000||0|0|0||0|0|0|0||||0|0||||0|1144160|1144160|1139174|1588327|0|0|0|0|0|0|0|1876179|0||0|||1|0|00
2026|01|527010|015|08|CD|6212|FAC|01|51|1|005|100|FA|524114|019|A|0|0||0||||3|Uang Harian Luar Kota|4|ORG|3|HARI|4|FREK|0||48|OH|121875|5850000||0|0|0||0|0|0|0||||0|0||||0|701332|3431332|701332|1016004|0|0|0|0|0|0|0|0|0||0|||1|0|00
2026|01|527010|015|08|CD|6212|FAC|01|51|1|005|100|FA|524114|019|A|0|0||0||||4|Uang Harian Dalam Kota|23|ORG|3|HARI|2|FREK|0||138|OH|122609|16920000||0|0|0||0|0|0|0||||0|0||||0|3274108|4032657|4015086|5598149|0|0|0|0|0|0|0|0|0||0|||1|0|00
2026|01|527010|015|08|CD|6212|FAC|01|51|1|005|100|FA|524114|019|A|0|0||0||||5|Biaya Paket Kegiatan RapatPertemuan Full Board Dalam Kota|27|ORG|2|HARI|2|FREK|0||108|OP|1189760|128494000||0|0|0||0|0|0|0||||0|0||||0|29059409|29059409|28932790|40340375|0|0|0|0|0|0|0|1102017|0||0|||1|0|00
2026|01|527010|015|08|CD|6212|FAC|01|51|1|007|100|IA|521211|019|A|0|0||0||||1|KDM  Konsumsi Rapat Snack|20|ORG|4|FR|0||0||80|OF|16375|1310000||0|0|0||0|0|0|0||||0|0||||0|154102|154102|154102|154102|154102|154102|154102|154102|77184|0|0|0|0||0|||1|0|00
2026|01|527010|015|08|CD|6212|FAC|01|51|1|007|100|IA|521211|019|A|0|0||0||||2|KDM  Konsumsi Rapat Makan|20|ORG|4|FR|0||0||80|OF|46000|3680000||0|0|0||0|0|0|0||||0|0||||0|432898|432898|432898|432898|432898|432898|432898|432898|216816|0|0|0|0||0|||1|0|00
2026|01|527010|015|08|CD|6212|FAC|01|51|1|004|100|IA|521211|019|A|0|0||0||||1|KDM  Konsumsi Rapat Snack|100|ORG|3|FR|0||0||300|OF|15120|4536000||0|0|0||0|0|0|0||||0|0||||0|378000|378000|378000|378000|378000|378000|378000|378000|378000|378000|378000|378000|0||0|||1|0|00
2026|01|527010|015|08|CD|6212|FAC|01|51|1|004|100|IA|521211|019|A|0|0||0||||2|KDM  Konsumsi Rapat Makan|100|ORG|3|FR|0||0||300|OF|35910|10773000||0|0|0||0|0|0|0||||0|0||||0|897000|897000|897000|897000|897000|897000|897000|897000|897000|897000|897000|906000|0||0|||1|0|00
2026|01|527010|015|08|CD|6212|FAH|01|51|1|001|100|JA|524111|019|A|0|0||0||||1|Transport|1|ORG|2|FR|0||0||2|OF|4746000|9492000||0|0|0||0|0|0|0||||0|0||||0|0|0|0|0|0|9492000|0|0|0|0|0|0|0||0|||1|0|00
2026|01|527010|015|08|CD|6212|FAH|01|51|1|001|100|JA|524111|019|A|0|0||0||||2|Akomodasi|1|ORG|1|HR|3|FR|0||3|OH|282000|846000||0|0|0||0|0|0|0||||0|0||||0|0|0|0|0|0|846000|0|0|0|0|0|0|0||0|||1|0|00
2026|01|527010|015|08|CD|6212|FAH|01|51|1|001|100|JA|524111|019|A|0|0||0||||3|Uang Saku Harian|1|ORG|2|HR|2|FR|0||4|OH|296000|1184000||0|0|0||0|0|0|0||||0|0||||0|0|0|0|0|0|1184000|0|0|0|0|0|0|0||0|||1|0|00
2026|01|527010|015|08|CD|6212|FAH|01|51|1|003|100|JA|521211|019|A|0|0||0|01||1|1|Penyuluhan SAI Tingkat UAPAUAPPA Eselon I KL dan Bidang PAPK Kanwil DJPb|0||0||0||0||0||0|0||0|0|0||0|0|0|0||||0|0||||0|0|0|0|0|0|0|0|0|0|0|0|0|0||0|||1|0|00
2026|01|527010|015|08|CD|6212|FAH|01|51|1|003|100|JA|521211|019|A|0|0||0|01|||2|KDM  Konsumsi Makan|20|ORG|4|FR|0||0||80|OF|57000|4560000||0|0|0||0|0|0|0||||0|0||||0|0|0|0|0|0|2600158|1132614|0|101495|386768|338965|0|0||0|||1|0|00
2026|01|527010|015|08|CD|6212|FAH|01|51|1|003|100|JA|521211|019|A|0|0||0|01|||3|KDM  Konsumsi Snack|20|ORG|4|FR|0||0||80|OF|24000|1920000||0|0|0||0|0|0|0||||0|0||||0|0|0|0|0|0|1094803|476890|0|42735|162850|142722|0|0||0|||1|0|00
2026|01|527010|015|08|CD|6212|FAH|01|51|1|003|100|JB|521211|019|A|0|0||0||||1|KDM  Konsumsi Makan|15|ORG|3|FR|0||0||45|OF|57000|2565000||0|0|0||0|0|0|0||||0|0||||0|0|0|0|0|0|1462589|637095|0|57091|217557|190668|0|0||0|||1|0|00
2026|01|527010|015|08|CD|6212|FAH|01|51|1|003|100|JB|521211|019|A|0|0||0||||2|KDM  Konsumsi Snack|15|ORG|2|KALI|3|FR|0||90|OF|24000|2160000||0|0|0||0|0|0|0||||0|0||||0|0|0|0|0|0|1231654|536501|0|48076|183206|160563|0|0||0|||1|0|00
2026|01|527010|015|08|CD|6212|FAH|01|51|1|003|100|JB|521211|019|A|0|0||0||||3|Bahan Habis Pakai dan Dokumantasi|1|PKT|1|FR|0||0||1|PKT|465000|465000||0|0|0||0|0|0|0||||0|0||||0|0|0|0|0|0|265148|115497|0|10350|39440|34565|0|0||0|||1|0|00
2026|01|527010|015|08|CD|6212|FAH|01|51|1|003|100|JC|521211|019|A|0|0||0||||1|KDM  Konsumsi Makan Rapat|20|ORG|1|FR|0||0||20|OF|57000|1140000||0|0|0||0|0|0|0||||0|0||||0|0|0|0|0|0|650039|283154|0|25374|96692|84741|0|0||0|||1|0|00
2026|01|527010|015|08|CD|6212|FAH|01|51|1|003|100|JC|521211|019|A|0|0||0||||2|KDM  Snack Rapat|20|ORG|1|FR|0||0||20|OF|24000|480000||0|0|0||0|0|0|0||||0|0||||0|0|0|0|0|0|273701|119223|0|10684|40712|35680|0|0||0|||1|0|00
2026|01|527010|015|08|CD|6212|FAH|01|51|1|003|100|JC|524111|019|A|0|0||0|01||1|1|Monitoring Tindak Lanjut Pemerintah terhadap Pemeriksaan Temuan BPK atas LKPP|0||0||0||0||0||0|0||0|0|0||0|0|0|0||||0|0||||0|0|0|0|0|0|0|0|0|0|0|0|0|0||0|||1|0|00
2026|01|527010|015|08|CD|6212|FAH|01|51|1|003|100|JC|524111|019|A|0|0||0|01|||2|Transport|2|ORG|2|FR|0||0||4|OF|527500|2110000||0|0|0||0|0|0|0||||0|0||||0|0|0|0|0|0|1203143|524082|0|46964|178965|156846|0|0||0|||1|0|00
2026|01|527010|015|08|CD|6212|FAH|01|51|1|003|100|JC|524111|019|A|0|0||0|01|||3|Uang Saku Harian|2|ORG|1|HR|1|FR|0||2|OH|344000|688000||0|0|0||0|0|0|0||||0|0||||0|0|0|0|0|0|392304|170886|0|15311|58354|51145|0|0||0|||1|0|00
2026|01|527010|015|08|CD|6212|FAH|01|51|1|002|100|JA|522151|019|A|0|0||0||||1|Honorarium Narasumber Bilateral Experience Sharing|1|ORG|2|JAM|1|FR|0||2|OJ|1000000|2000000||0|0|0||0|0|0|0||||0|0||||0|0|1052632|0|0|0|947368|0|0|0|0|0|0|0||0|||1|0|00
2026|01|527010|015|08|CD|6212|FAL|01|51|1|002|100|OB|521211|019|A|0|0||0|01||1|1|Analisis Meeting Oleh Chief Economist Perbankan dan Perusahaan Sekuritas|0||0||0||0||0||0|0||0|0|0||0|0|0|0||||0|0||||0|0|0|0|0|0|0|0|0|0|0|0|0|0||0|||1|0|00
2026|01|527010|015|08|CD|6212|FAL|01|51|1|002|100|OB|521211|019|A|0|0||0|01|||2|KDM  Snack Rapat|100|ORG|2|KEG|0||0||200|OK|20000|4000000||0|0|0||0|0|0|0||||0|0||||0|229211|229211|229211|229211|229211|229211|229211|229211|229211|229211|228151|1479739|0||0|||1|0|00
2026|01|527010|015|08|CD|6212|FAL|01|51|1|002|100|OB|521211|019|A|0|0||0|02||1|3|FGD Risk And Portfolio Management|0||0||0||0||0||0|0||0|0|0||0|0|0|0||||0|0||||0|0|0|0|0|0|0|0|0|0|0|0|0|0||0|||1|0|00
2026|01|527010|015|08|CD|6212|FAL|01|51|1|002|100|OB|521211|019|A|0|0||0|02|||4|KDM  Makan Rapat|100|ORG|2|KEG|0||0||200|OK|49840|9968000||0|0|0||0|0|0|0||||0|0||||0|571193|571193|571193|571193|571193|571193|571193|571193|571193|571193|568553|3687517|0||0|||1|0|00
2026|01|527010|015|08|CD|6212|FAL|01|51|1|002|100|OB|522151|019|A|0|0||0|01||1|1|Analisis Meeting Oleh Chief Economist Perbankan dan Perusahaan Sekuritas|0||0||0||0||0||0|0||0|0|0||0|0|0|0||||0|0||||0|0|0|0|0|0|0|0|0|0|0|0|0|0||0|||1|0|00
2026|01|527010|015|08|CD|6212|FAL|01|51|1|002|100|OB|522151|019|A|0|0||0|01|||2|Narasumber Eselon II yang disetarakan|1|ORG|4|JAM|1|KEG|0||4|OJ|1400000|5600000||0|0|0||0|0|0|0||||0|0||||0|320895|320895|320895|320895|320895|320895|320895|320895|320895|320895|319412|2071638|0||0|||1|0|00
2026|01|527010|015|08|CD|6212|FAL|01|51|1|002|100|OC|521211|019|A|0|0||0||||1|KDM  Snack Rapat|30|ORG|5|KEG|0||0||150|OK|23000|3450000||0|0|0||0|0|0|0||||0|0||||0|197694|197694|197694|197694|197694|197694|197694|197694|197694|197694|196781|1276279|0||0|||1|0|00
2026|01|527010|015|08|CD|6212|FAL|01|51|1|002|100|OC|521211|019|A|0|0||0||||2|KDM  Makan Rapat|30|ORG|5|KEG|0||0||150|OK|44775|6716000||0|0|0||0|0|0|0||||0|0||||0|384845|384845|384845|384845|384845|384845|384845|384845|384845|384845|383066|2484484|0||0|||1|0|00
2026|01|527010|015|08|CD|6212|FAL|01|51|1|002|100|OE|521211|019|A|0|0||0||||1|KDM  Snack Rapat|60|ORG|6|KEG|0||0||360|OK|20511|7383000||0|0|0||0|0|0|0||||0|0||||0|423066|423066|423066|423066|423066|423066|423066|423066|423066|423066|421110|2731230|0||0|||1|0|00
2026|01|527010|015|08|CD|6212|FAL|01|51|1|002|100|OE|521211|019|A|0|0||0||||2|KDM  Makan Rapat|60|ORG|6|KEG|0||0||360|OK|53000|19080000||0|0|0||0|0|0|0||||0|0||||0|1093336|1093336|1093336|1093336|1093336|1093336|1093336|1093336|1093336|1093336|1088282|7058358|0||0|||1|0|00
2026|01|527010|015|08|CD|6212|FAL|01|51|1|002|100|OG|521211|019|A|0|0||0|01||1|1|FGD  Pengembangan RCE dan TDR|0||0||0||0||0||0|0||0|0|0||0|0|0|0||||0|0||||0|0|0|0|0|0|0|0|0|0|0|0|0|0||0|||1|0|00
2026|01|527010|015|08|CD|6212|FAL|01|51|1|002|100|OG|521211|019|A|0|0||0|01|||2|KDM  Snack Rapat|25|ORG|2|KEG|2|FR|0||100|OK|20000|2000000||0|0|0||0|0|0|0||||0|0||||0|114605|114605|114605|114605|114605|114605|114605|114605|114605|114605|114076|739874|0||0|||1|0|00
2026|01|527010|015|08|CD|6212|FAL|01|51|1|002|100|OG|521211|019|A|0|0||0|01|||3|KDM  Makan Rapat|25|ORG|2|KEG|2|FR|0||100|OK|54320|5432000||0|0|0||0|0|0|0||||0|0||||0|311268|311268|311268|311268|311268|311268|311268|311268|311268|311268|309830|2009490|0||0|||1|0|00
2026|01|527010|015|08|CD|6212|FAL|01|51|1|002|100|OG|524111|019|A|0|0||0|01||1|1|Pengembangan RCE dan TDR|0||0||0||0||0||0|0||0|0|0||0|0|0|0||||0|0||||0|0|0|0|0|0|0|0|0|0|0|0|0|0||0|||1|0|00
2026|01|527010|015|08|CD|6212|FAL|01|51|1|002|100|OG|524111|019|A|0|0||0|01|||2| Akomodasi|3|ORG|1|HR|2|KEG|1|LOK|6|OH|504000|3024000||0|0|0||0|0|0|0||||0|0||||0|173283|173283|173283|173283|173283|173283|173283|173283|173283|173283|172482|1118688|0||0|||1|0|00
2026|01|527010|015|08|CD|6212|FAL|01|51|1|002|100|OG|524111|019|A|0|0||0|01|||3|Tiket|3|ORG|1|KEG|2|LOK|0||6|OH|1190835|7145000||0|0|0||0|0|0|0||||0|0||||0|409428|409428|409428|409428|409428|409428|409428|409428|409428|409428|407535|2643185|0||0|||1|0|00
2026|01|527010|015|08|CD|6212|FAL|01|51|1|002|100|OG|524111|019|A|0|0||0|01|||4|Uang Harian|3|ORG|2|HR|2|KEG|1|LOK|12|OH|422500|5070000||0|0|0||0|0|0|0||||0|0||||0|290525|290525|290525|290525|290525|290525|290525|290525|290525|290525|289182|1875568|0||0|||1|0|00
2026|01|527010|015|08|CD|6212|FAL|01|51|1|002|100|OH|524111|019|A|0|0||0|01||1|1|Pembinaan Bendahara Instansi Pada Kanwil dan KPPN|0||0||0||0||0||0|0||0|0|0||0|0|0|0||||0|0||||0|0|0|0|0|0|0|0|0|0|0|0|0|0||0|||1|0|00
2026|01|527010|015|08|CD|6212|FAL|01|51|1|002|100|OH|524111|019|A|0|0||0|01|||2| Akomodasi|3|ORG|2|HR|1|KEG|1|LOK|6|OH|515167|3091000||0|0|0||0|0|0|0||||0|0||||0|177123|177123|177123|177123|177123|177123|177123|177123|177123|177123|176304|1143466|0||0|||1|0|00
2026|01|527010|015|08|CD|6212|FAL|01|51|1|002|100|OH|524111|019|A|0|0||0|01|||3|Tiket|3|ORG|1|KEG|1|LOK|0||3|OH|459667|1379000||0|0|0||0|0|0|0||||0|0||||0|79020|79020|79020|79020|79020|79020|79020|79020|79020|79020|78655|510145|0||0|||1|0|00
2026|01|527010|015|08|CD|6212|FAL|01|51|1|002|100|OH|524111|019|A|0|0||0|01|||4|Uang Harian|3|ORG|3|HR|1|KEG|1|LOK|9|OH|294445|2650000||0|0|0||0|0|0|0||||0|0||||0|151852|151852|151852|151852|151852|151852|151852|151852|151852|151852|151150|980330|0||0|||1|0|00
2026|01|527010|015|08|CD|6212|FAL|01|51|1|002|100|OJ|521211|019|A|0|0||0|01||1|1|FGD  Pengembangan RCE dan TDR|0||0||0||0||0||0|0||0|0|0||0|0|0|0||||0|0||||0|0|0|0|0|0|0|0|0|0|0|0|0|0||0|||1|0|00
2026|01|527010|015|08|CD|6212|FAL|01|51|1|002|100|OJ|521211|019|A|0|0||0|01|||2|KDM  Snack Rapat|20|ORG|1|KEG|1|FR|0||20|OK|15000|300000||0|0|0||0|0|0|0||||0|0||||0|17191|17191|17191|17191|17191|17191|17191|17191|17191|17191|17111|110979|0||0|||1|0|00
2026|01|527010|015|08|CD|6212|FAL|01|51|1|002|100|OJ|521211|019|A|0|0||0|01|||3|KDM  Makan Rapat|20|ORG|1|KEG|1|FR|0||20|OK|40750|815000||0|0|0||0|0|0|0||||0|0||||0|46702|46702|46702|46702|46702|46702|46702|46702|46702|46702|46486|301494|0||0|||1|0|00
2026|01|527010|015|08|CD|6212|UAL|01|51|1|208|100|OE|521211|019|A|0|0||0|01||1|1|FGD|0||0||0||0||0||0|0||0|0|0||0|0|0|0||||0|0||||0|0|0|0|0|0|0|0|0|0|0|0|0|0||0|||1|0|00
2026|01|527010|015|08|CD|6212|UAL|01|51|1|208|100|OE|521211|019|A|0|0||0|01|||2|CTK  Banner Kegiatan|1|BUAH|2|KEG|0||0||2|BUAH|937500|1875000||0|0|0||0|0|0|0||||0|0||||0|15552|15552|15552|15552|15552|15552|15552|15552|15552|15552|15552|1703928|0||0|||1|0|00
2026|01|527010|015|08|CD|6212|UAL|01|51|1|208|100|OE|521211|019|A|0|0||0|01|||3|KDM  Snack Rapat|20|ORG|15|KEG|1|FR|0||300|OK|23000|6900000||0|0|0||0|0|0|0||||0|0||||0|57231|57231|57231|57231|57231|57231|57231|57231|57231|57231|57231|6270459|0||0|||1|0|00
2026|01|527010|015|08|CD|6212|UAL|01|51|1|208|100|OE|521211|019|A|0|0||0|01|||4|KDM  Makan Rapat|20|ORG|15|KEG|1|FR|0||300|OK|54744|16423000||0|0|0||0|0|0|0||||0|0||||0|136217|136217|136217|136217|136217|136217|136217|136217|136217|136217|136217|14924613|0||0|||1|0|00
2026|01|527010|015|08|CD|6213|FAE|01|51|1|001|100|CA|524111|019|A|0|0||0||||1|Akomodasi|3|Orang|2|Hari|4|Frek|0||24|OHF|700000|16800000||0|0|0||0|0|0|0||||0|0||||0|696922|696922|696922|696922|696922|696922|696922|696922|11224624|0|0|0|0||0|||1|0|00
2026|01|527010|015|08|CD|6213|FAE|01|51|1|001|100|CA|524111|019|A|0|0||0||||2|Transport|3|Orang|4|FR|0||0||12|OHP|2227667|26732000||0|0|0||0|0|0|0||||0|0||||0|1579489|1579489|1579489|1579489|1579489|1579489|1579489|1579489|14096088|0|0|0|0||0|||1|0|00
2026|01|527010|015|08|CD|6213|FAE|01|51|1|001|100|CA|524111|019|A|0|0||0||||3|Uang Harian|3|Orang|3|Hari|4|Frek|0||36|OH|300000|10800000||0|0|0||0|0|0|0||||0|0||||0|811538|811538|811538|811538|811538|811538|811538|811538|0|0|0|4307696|0||0|||1|0|00
2026|01|527010|015|08|CD|6213|FAE|01|51|1|001|100|MA|521211|019|A|0|0||0|01||1|1|Penyusunan Kajian Terkait Regional Chief Economist dan Financial Advisor|0||0||0||0||0||0|0||0|0|0||0|0|0|0||||0|0||||0|0|0|0|0|0|0|0|0|0|0|0|0|0||0|||1|0|00
2026|01|527010|015|08|CD|6213|FAE|01|51|1|001|100|MA|521211|019|A|0|0||0|01|01|2|2|Konsumsi|0||0||0||0||0||0|0||0|0|0||0|0|0|0||||0|0||||0|0|0|0|0|0|0|0|0|0|0|0|0|0||0|||1|0|00
2026|01|527010|015|08|CD|6213|FAE|01|51|1|001|100|MA|521211|019|A|0|0||0|01|01||3|KDM  Makan Rapat|18|orang|5|Hari|2|Frek|0||180|OHF|48056|8650000||0|0|0||0|0|0|0||||0|0||||0|5005175|0|0|0|0|0|0|0|0|0|0|3644825|0||0|||1|0|00
2026|01|527010|015|08|CD|6213|FAE|01|51|1|001|100|MA|521211|019|A|0|0||0|01|01||4|KDM  Snack Rapat|18|Orang|5|Hari|2|Frek|0||180|OHF|450|81000||0|0|0||0|0|0|0||||0|0||||0|0|0|0|0|0|0|0|0|0|0|0|81000|0||0|||1|0|00
2026|01|527010|015|08|CD|6213|FAE|01|51|1|001|100|MA|524111|019|A|0|0||0|01||1|1|Monev Regional Chief Economistt dan Financial Advisor|0||0||0||0||0||0|0||0|0|0||0|0|0|0||||0|0||||0|0|0|0|0|0|0|0|0|0|0|0|0|0||0|||1|0|00
2026|01|527010|015|08|CD|6213|FAE|01|51|1|001|100|MA|524111|019|A|0|0||0|01|||2|Penginapan|3|Orang|2|Hari|2|Frek|0||12|OHF|503695|6044000||0|0|0||0|0|0|0||||0|0||||0|696922|696922|696922|696922|696922|696922|696922|696922|468624|0|0|0|0||0|||1|0|00
2026|01|527010|015|08|CD|6213|FAE|01|51|1|001|100|MA|524111|019|A|0|0||0|01|||3|Transport|3|Orang|1|PP|2|Frek|0||6|OHP|2283000|13698000||0|0|0||0|0|0|0||||0|0||||0|1579489|1579489|1579489|1579489|1579489|1579489|1579489|1579489|1062088|0|0|0|0||0|||1|0|00
2026|01|527010|015|08|CD|6213|FAE|01|51|1|001|100|MA|524111|019|A|0|0||0|01|||4|Uang Harian|3|Orang|3|Hari|2|Frek|0||18|OHF|391000|7038000||0|0|0||0|0|0|0||||0|0||||0|811538|811538|811538|811538|811538|811538|811538|811538|545696|0|0|0|0||0|||1|0|00
2026|01|527010|015|08|CD|6213|FAE|01|51|1|001|100|OB|521211|019|A|0|0||0||||1|KDM  Snack Rapat|25|ORG|2|KEG|0|0|0||50|OK|20000|1000000||0|0|0||0|0|0|0||||0|0||||0|111272|111272|111272|111272|111272|111272|111272|111272|109824|0|0|0|0||0|||1|0|00
2026|01|527010|015|08|CD|6213|FAE|01|51|1|001|100|OB|521211|019|A|0|0||0||||2|KDM  Makan Rapat|25|ORG|2|FREK|1|KEG|0|0|50|OK|55020|2751000||0|0|0||0|0|0|0||||0|0||||0|262902|262902|262902|262902|262902|262902|262902|262902|647784|0|0|0|0||0|||1|0|00
2026|01|527010|015|08|CD|6213|FAE|01|51|1|001|100|OB|524114|019|A|0|0||0||||1|Transport Dalam Kota|19|ORG|1|FR|1|KEG|1|LOK|19|OH|91375|1736000||0|0|0||0|0|0|0||||0|0||||0|258521|258521|258521|258521|258521|258521|184874|0|0|0|0|0|0||0|||1|0|00
2026|01|527010|015|08|CD|6213|FAE|01|51|1|001|100|OB|524114|019|A|0|0||0||||2|Paket Fullboard Es.III ke bawah|19|ORG|1|HR|1|Paket|0||19|OP|1760650|33452000||0|0|0||0|0|0|0||||0|0||||0|3857284|3857284|3857284|3857284|3857284|3857284|3857284|3857284|2593728|0|0|0|0||0|||1|0|00
2026|01|527010|015|08|CD|6213|FAE|01|51|1|001|100|OB|524114|019|A|0|0||0||||3|Uang Saku|19|ORG|2|HR|1|KEG|1|LOK|38|OH|87000|3306000||0|0|0||0|0|0|0||||0|0||||0|381208|381208|381208|381208|381208|381208|381208|381208|256336|0|0|0|0||0|||1|0|00
2026|01|527010|015|08|CD|6213|FAE|01|51|1|001|100|OD|521211|019|A|0|0||0||||1|KDM  Snack Rapat|20|ORG|4|KEG|0|0|0||80|OK|21950|1756000||0|0|0||0|0|0|0||||0|0||||0|183224|183224|183224|183224|183224|183224|183224|183224|290208|0|0|0|0||0|||1|0|00
2026|01|527010|015|08|CD|6213|FAE|01|51|1|001|100|OD|521211|019|A|0|0||0||||2|KDM  Makan Rapat|20|ORG|1|FREK|4|KEG|0|0|80|OK|53000|4240000||0|0|0||0|0|0|0||||0|0||||0|488560|488560|488560|488560|488560|488560|488560|488560|331520|0|0|0|0||0|||1|0|00
2026|01|527010|015|08|CD|6213|FAE|01|51|1|001|100|OD|524113|019|A|0|0||0||||1|Transport Dalam Kota|3|ORG|1|KEG|1|HR|1|FR|3|OK|170000|510000||0|0|0||0|0|0|0||||0|0||||0|78409|78409|78409|78409|78409|78409|39546|0|0|0|0|0|0||0|||1|0|00
2026|01|527010|015|08|CD|6213|FAE|01|51|1|002|100|SB|522151|019|A|0|0||0||||1|Honorarium Narasumber Pejabat Es. III K/L lain|1|ORG|4|JAM|1|FREK|0||4|OJ|712000|2848000||0|0|0||0|0|0|0||||0|0||||0|0|0|0|0|0|0|0|0|2848000|0|0|0|0||0|||1|0|00
2026|01|527010|015|08|CD|6213|FAE|01|51|1|002|100|SB|522151|019|A|0|0||0||||2|Honor narasumber profesional|1|ORG|4|JSM|1|FREK|0||4|OJ|1385000|5540000||0|0|0||0|0|0|0||||0|0||||0|0|0|0|0|0|0|0|0|5540000|0|0|0|0||0|||1|0|00
2026|01|527010|015|08|CD|6213|FAE|01|51|1|009|100|HA|524111|019|A|0|0||0|01||1|1|Monitoring dan evaluasi pelaksanaan kredit program dan subsidi bunga|0||0||0||0||0||0|0||0|0|0||0|0|0|0||||0|0||||0|0|0|0|0|0|0|0|0|0|0|0|0|0||0|||1|0|00
2026|01|527010|015|08|CD|6213|FAE|01|51|1|009|100|HA|524111|019|A|0|0||0|01|||2|Uang Harian|4|ORG|2|LOK|2|FREK|3|HARI|48|OH|256188|12297000||0|0|0||0|0|0|0||||0|0||||0|1774574|1774574|1774574|1774574|1774574|1774574|1649556|0|0|0|0|0|0||0|||1|0|00
2026|01|527010|015|08|CD|6213|FAE|01|51|1|009|100|HA|524111|019|A|0|0||0|01|||3|Biaya Penginapan|4|ORG|2|LOK|2|FREK|2|HARI|32|OH|558850|17883000||0|0|0||0|0|0|0||||0|0||||0|2580686|2580686|2580686|2580686|2580686|2580686|2398884|0|0|0|0|0|0||0|||1|0|00
2026|01|527010|015|08|CD|6213|FAE|01|51|1|009|100|HA|524111|019|A|0|0||0|02||1|4|Monitoring Penerusan Pinjaman Kepada BUMNPTBHL|0||0||0||0||0||0|0||0|0|0||0|0|0|0||||0|0||||0|0|0|0|0|0|0|0|0|0|0|0|0|0||0|||1|0|00
2026|01|527010|015|08|CD|6213|FAE|01|51|1|009|100|HA|524111|019|A|0|0||0|02|||5|Tiket PP|4|ORG|2|LOK|2|FREK|0||16|OK|1021570|16345000||0|0|0||0|0|0|0||||0|0||||0|2358738|2358738|2358738|2358738|2358738|2358738|2192572|0|0|0|0|0|0||0|||1|0|00
2026|01|527010|015|08|CD|6213|FAE|01|51|1|009|100|HA|524111|019|A|0|0||0|02|||6|Uang Harian|4|ORG|2|LOK|2|FREK|3|HARI|48|OH|214630|10302000||0|0|0||0|0|0|0||||0|0||||0|1486676|1486676|1486676|1486676|1486676|1486676|1381944|0|0|0|0|0|0||0|||1|0|00
2026|01|527010|015|08|CD|6213|FAE|01|51|1|009|100|HB|524113|019|A|0|0||0|01||1|1|Monev Penyelesaian Piutang Negara pada Pemda dan Monev Penyaluran Investasi|0||0||0||0||0||0|0||0|0|0||0|0|0|0||||0|0||||0|0|0|0|0|0|0|0|0|0|0|0|0|0||0|||1|0|00
2026|01|527010|015|08|CD|6213|FAE|01|51|1|009|100|HB|524113|019|A|0|0||0|01|||2|Transport Lokal|5|ORG|3|LOK|1|FREK|0||15|OK|68000|1020000||0|0|0||0|0|0|0||||0|0||||0|147196|147196|147196|147196|147196|147196|136824|0|0|0|0|0|0||0|||1|0|00
2026|01|527010|015|08|CD|6213|FAE|01|51|1|009|100|HB|524113|019|A|0|0||0|02||1|3|Monitoring dan Penyelesaian Permasalahan Hukum|0||0||0||0||0||0|0||0|0|0||0|0|0|0||||0|0||||0|0|0|0|0|0|0|0|0|0|0|0|0|0||0|||1|0|00
2026|01|527010|015|08|CD|6213|FAE|01|51|1|009|100|HB|524113|019|A|0|0||0|02|||4|Transport Lokal|3|ORG|7|LOK|1|FREK|0||21|OK|72860|1530000||0|0|0||0|0|0|0||||0|0||||0|220794|220794|220794|220794|220794|220794|205236|0|0|0|0|0|0||0|||1|0|00
2026|01|527010|015|08|CD|6213|FAE|01|51|1|004|100|OA|521211|019|A|0|0||0||||1|KDM  Snack Rapat|20|ORG|4|KEG|1|FR|0||80|OK|13863|1109000||0|0|0||0|0|0|0||||0|0||||0|61891|61891|61891|61891|61891|61891|61891|61891|61891|61891|61891|428199|0||0|||1|0|00
2026|01|527010|015|08|CD|6213|FAE|01|51|1|004|100|OA|521211|019|A|0|0||0||||2|KDM  Makan Rapat|20|ORG|4|KEG|1|FR|0||80|OK|33388|2671000||0|0|0||0|0|0|0||||0|0||||0|149062|149062|149062|149062|149062|149062|149062|149062|149062|149062|149062|1031318|0||0|||1|0|00
2026|01|527010|015|08|CD|6213|FAE|01|51|1|004|100|OB|521211|019|A|0|0||0|01||1|1|FGD|0||0||0||0||0||0|0||0|0|0||0|0|0|0||||0|0||||0|0|0|0|0|0|0|0|0|0|0|0|0|0||0|||1|0|00
2026|01|527010|015|08|CD|6213|FAE|01|51|1|004|100|OB|521211|019|A|0|0||0|01|||2|KDM  Snack Rapat|22|ORG|1|KEG|1|FR|0||22|OK|23900|525000||0|0|0||0|0|0|0||||0|0||||0|29299|29299|29299|29299|29299|29299|29299|29299|29299|29299|29299|202711|0||0|||1|0|00
2026|01|527010|015|08|CD|6213|FAE|01|51|1|004|100|OB|521211|019|A|0|0||0|01|||3|KDM  Makan Rapat|22|ORG|1|KEG|1|FR|0||22|OK|55500|1221000||0|0|0||0|0|0|0||||0|0||||0|68141|68141|68141|68141|68141|68141|68141|68141|68141|68141|68141|471449|0||0|||1|0|00
2026|01|527010|015|08|CD|6213|FAE|01|51|1|003|100|CA|524111|019|A|0|0||0||||1|Uang Harian|4|ORG|2|HR|1|FR|0||8|OH|350000|2800000||0|0|0||0|0|0|0||||0|0||||0|227133|232078|229606|258596|258212|237960|237960|237960|180969|0|0|699526|0||0|||1|0|00
2026|01|527010|015|08|CD|6213|FAE|01|51|1|003|100|CA|524111|019|A|0|0||0||||2|Biaya Penginapan|4|ORG|1|HR|1|FR|0||4|OH|680500|2722000||0|0|0||0|0|0|0||||0|0||||0|75441|77083|76262|85891|85763|79037|79037|79037|1852108|0|0|232341|0||0|||1|0|00
2026|01|527010|015|08|CD|6213|FAE|01|51|1|003|100|CA|524111|019|A|0|0||0||||3|Biaya Transport|4|ORG|1|FR|0||0||4|OK|769250|3077000||0|0|0||0|0|0|0||||0|0||||0|249603|255038|252320|284178|283756|261501|261501|261501|198872|0|0|768730|0||0|||1|0|00
2026|01|527010|015|08|CD|6213|FAE|01|51|1|003|100|IA|524111|019|A|0|0||0||||1|Uang Harian|4|ORG|2|HR|1|FR|0||8|OH|350000|2800000||0|0|0||0|0|0|0||||0|0||||0|227133|232078|229606|258596|258212|237960|237960|237960|180969|0|0|699526|0||0|||1|0|00
2026|01|527010|015|08|CD|6213|FAE|01|51|1|003|100|IA|524111|019|A|0|0||0||||2|Biaya Penginapan|4|ORG|1|HR|1|FR|0||4|OH|232500|930000||0|0|0||0|0|0|0||||0|0||||0|75441|77083|76262|85891|85763|79037|79037|79037|60108|0|0|232341|0||0|||1|0|00
2026|01|527010|015|08|CD|6213|FAE|01|51|1|003|100|IA|524111|019|A|0|0||0||||3|Biaya Transport|4|ORG|1|FR|0||0||4|OK|769250|3077000||0|0|0||0|0|0|0||||0|0||||0|249603|255038|252320|284178|283756|261501|261501|261501|198872|0|0|768730|0||0|||1|0|00
2026|01|527010|015|08|CD|6213|FAE|01|51|1|003|100|IA|524113|019|A|0|0||0|01||1|1|SATKER BLU DALAM KOTA|0||0||0||0||0||0|0||0|0|0||0|0|0|0||||0|0||||0|0|0|0|0|0|0|0|0|0|0|0|0|0||0|||1|0|00
2026|01|527010|015|08|CD|6213|FAE|01|51|1|003|100|IA|524113|019|A|0|0||0|01|||2|Uang Harian|3|ORG|3|HR|9|FR|0||81|OH|168000|13608000||0|0|0||0|0|0|0||||0|0||||0|1103868|1127901|1115884|1256775|1254909|1156486|1156486|1156486|879510|0|0|3399695|0||0|||1|0|00
2026|01|527010|015|08|CD|6213|FAE|01|51|1|003|100|IA|524113|019|A|0|0||0|01|||3|Uang Transport|3|ORG|9|FR|0||0||27|OK|170000|4590000||0|0|0||0|0|0|0||||0|0||||0|372336|380443|376389|423912|423283|390085|390085|390085|296660|0|0|1146722|0||0|||1|0|00
2026|01|527010|015|08|CD|6213|FAE|01|51|1|003|100|IC|521211|019|A|0|0||0||||1|CTK  Bahan Pendukung|90|ORG|1|FR|0||0||90|OF|227867|20508000||0|0|0||0|0|0|0||||0|0||||0|1839780|1879835|1859807|2094625|2091515|1927477|1927477|1927477|1465850|0|0|3494157|0||0|||1|0|00
2026|01|527010|015|08|CD|6213|FAE|01|51|1|003|100|IE|524111|019|A|0|0||0||||1|Uang Harian|2|ORG|3|HR|4|FR|0||24|OH|363334|8720000||0|0|0||0|0|0|0||||0|0||||0|707358|722758|715058|805341|804145|741076|741076|741076|563590|0|0|2178522|0||0|||1|0|00
2026|01|527010|015|08|CD|6213|FAE|01|51|1|003|100|IE|524111|019|A|0|0||0||||2|Biaya Penginapan|2|ORG|2|HR|4|FR|0||16|OH|208375|3334000||0|0|0||0|0|0|0||||0|0||||0|270451|276339|273395|307914|307456|283343|283343|283343|215483|0|0|832933|0||0|||1|0|00
2026|01|527010|015|08|CD|6213|FAE|01|51|1|003|100|IE|524111|019|A|0|0||0||||3|Biaya Transport|2|ORG|4|FR|0||0||8|OK|3631500|29052000||0|0|0||0|0|0|0||||0|0||||0|2356670|2407979|2382324|2683115|2679131|2469006|2469006|2469006|1877685|0|0|7258078|0||0|||1|0|00
2026|01|527010|015|08|CD|6213|FAE|01|51|1|003|100|IF|524111|019|A|0|0||0||||1|Biaya Penginapan|6|ORG|2|HR|1|FR|0||12|OH|181000|2172000||0|0|0||0|0|0|0||||0|0||||0|0|0|0|0|0|0|0|0|0|0|0|2172000|0||0|||1|0|00
2026|01|527010|015|08|CD|6213|FAH|01|51|1|001|100|JA|521211|019|A|0|0||0|01||1|1|Monitoring Implementasi SAP pada Pemda|0||0||0||0||0||0|0||0|0|0||0|0|0|0||||0|0||||0|0|0|0|0|0|0|0|0|0|0|0|0|0||0|||1|0|00
2026|01|527010|015|08|CD|6213|FAH|01|51|1|001|100|JA|521211|019|A|0|0||0|01|||2|KDM  Makan Rapat|8|ORG|1|FR|0||0||8|OF|57000|456000||0|0|0||0|0|0|0||||0|0||||0|0|0|87595|0|0|0|0|0|0|368405|0|0|0||0|||1|0|00
2026|01|527010|015|08|CD|6213|FAH|01|51|1|001|100|JA|521211|019|A|0|0||0|01|||3|KDM  Snack Rapat|8|ORG|1|FR|0||0||8|OF|24000|192000||0|0|0||0|0|0|0||||0|0||||0|0|0|36882|0|0|0|0|0|0|155118|0|0|0||0|||1|0|00
2026|01|527010|015|08|CD|6213|FAH|01|51|1|001|100|JA|521211|019|A|0|0||0|01|||4|CTK  ATK, Bahan Habis Pakai dan Dokumentasi|1|PKT|1|FR|0||0||1|PKT|217000|217000||0|0|0||0|0|0|0||||0|0||||0|0|0|41684|0|0|0|0|0|0|175316|0|0|0||0|||1|0|00
2026|01|527010|015|08|CD|6213|FAH|01|51|1|001|100|JB|521211|019|A|0|0||0||||1|CTK  Pencetakan Laporan Tindak Lanjut Temuan LHP BPK|25|EKS|1|FR|0||0||25|EKS|40000|1000000||0|0|0||0|0|0|0||||0|0||||0|0|0|0|0|0|0|0|0|1000000|0|0|0|0||0|||1|0|00
2026|01|527010|015|08|CD|6213|FAL|01|51|1|003|100|CA|521211|019|A|0|0||0||||1|KDM  Snack Rapat|27|ORG|5|LOK|4|FR|0||540|OF|15691|8473000||0|0|0||0|0|0|0||||0|0||||0|548885|548885|548885|548885|548885|548885|548885|548885|548885|548885|548885|2435265|0||0|||1|0|00
2026|01|527010|015|08|CD|6213|FAL|01|51|1|003|100|FA|521211|019|A|0|0||0||||1|KDM  Makan Rapat|30|ORG|1|HARI|4|FREK|0||120|OK|35909|4309000||0|0|0||0|0|0|0||||0|0||||0|279139|279139|279139|279139|279139|279139|279139|279139|279139|279139|279139|1238471|0||0|||1|0|00
2026|01|527010|015|08|CD|6213|FAL|01|51|1|003|100|FA|521211|019|A|0|0||0||||2|KDM  Snack Rapat|30|ORG|1|HARI|4|FREK|0||120|OK|15117|1814000||0|0|0||0|0|0|0||||0|0||||0|117512|117512|117512|117512|117512|117512|117512|117512|117512|117512|117512|521368|0||0|||1|0|00
2026|01|527010|015|08|CD|6213|FAL|01|51|1|003|100|FA|521211|019|A|0|0||0||||3|CTK  Pencetakan Laporan Spending Review|1|LAP|15|BUAH|0||0||15|BUAH|338000|5070000||0|0|0||0|0|0|0||||0|0||||0|328437|328437|328437|328437|328437|328437|328437|328437|328437|328437|328437|1457193|0||0|||1|0|00
2026|01|527010|015|08|CD|6213|FAL|01|51|1|003|100|FB|521211|019|A|0|0||0||||1|CTK  Pencetakan Laporan Khatuliswa KFR Gabungan|1|LAP|2|BUAH|0||0||2|BUAH|315500|631000||0|0|0||0|0|0|0||||0|0||||0|40877|40877|40877|40877|40877|40877|40877|40877|40877|40877|40877|181353|0||0|||1|0|00
2026|01|527010|015|08|CD|6213|FAL|01|51|1|003|100|FB|521211|019|A|0|0||0||||2|CTK  Pengadaan Plakat untuk KFR Terbaik|3|BUAH|1|KATEG|0||0||3|BUAH|4000|12000||0|0|0||0|0|0|0||||0|0||||0|777|777|777|777|777|777|777|777|777|777|777|3453|0||0|||1|0|00
2026|01|527010|015|08|CD|6213|FAL|01|51|1|003|100|FB|521211|019|A|0|0||0||||3|KDM  Makan Rapat|30|ORG|1|HARI|2|FREK|0||60|OK|32084|1925000||0|0|0||0|0|0|0||||0|0||||0|124703|124703|124703|124703|124703|124703|124703|124703|124703|124703|124703|553267|0||0|||1|0|00
2026|01|527010|015|08|CD|6213|FAL|01|51|1|003|100|FB|521211|019|A|0|0||0||||4|KDM  Snack Rapat|30|ORG|1|HARI|2|FREK|0||60|OK|7667|460000||0|0|0||0|0|0|0||||0|0||||0|29799|29799|29799|29799|29799|29799|29799|29799|29799|29799|29799|132211|0||0|||1|0|00
2026|01|527010|015|08|CD|6213|FAL|01|51|1|003|100|FC|521211|019|A|0|0||0||||1|KDM  Makan Rapat|30|ORG|1|HARI|26|FREK|0||780|OK|56547|44106000||0|0|0||0|0|0|0||||0|0||||0|2857210|2857210|2857210|2857210|2857210|2857210|2857210|2857210|2857210|2857210|2857210|12676690|0||0|||1|0|00
2026|01|527010|015|08|CD|6213|FAL|01|51|1|003|100|FC|521211|019|A|0|0||0||||2|KDM  Snack Rapat|30|ORG|1|HARI|26|FREK|0||780|OK|15121|11794000||0|0|0||0|0|0|0||||0|0||||0|764021|764021|764021|764021|764021|764021|764021|764021|764021|764021|764021|3389769|0||0|||1|0|00
2026|01|527010|015|08|CD|6213|FAL|01|51|1|003|100|FC|521211|019|A|0|0||0||||3|CTK  Pencetakan Reviu Pelaksanaan Anggaran|2|LAP|5|EKS|0||0||10|EKS|504000|5040000||0|0|0||0|0|0|0||||0|0||||0|326494|326494|326494|326494|326494|326494|326494|326494|326494|326494|326494|1448566|0||0|||1|0|00
2026|01|527010|015|08|CD|6214|AED|01|51|1|002|100|HA|521211|019|A|0|0||0||||1|KDM  Makan Rapat|15|ORG|1|KEG|0||0||15|OK|45000|675000||0|0|0||0|0|0|0||||0|0||||0|0|0|0|0|0|675000|0|0|0|0|0|0|0||0|||1|0|00
2026|01|527010|015|08|CD|6214|AED|01|51|1|002|100|HA|521211|019|A|0|0||0||||2|KDM  Snack Rapat|15|ORG|1|KEG|0||0||15|OK|23000|345000||0|0|0||0|0|0|0||||0|0||||0|0|0|0|0|0|345000|0|0|0|0|0|0|0||0|||1|0|00
2026|01|527010|015|08|CD|6214|FAE|01|51|1|001|100|CA|524111|019|A|0|0||0||||1|Transportasi|3|ORG|3|LOK|1|FREK|0||9|OK|2418778|21769000||0|0|0||0|0|0|0||||0|0||||0|1356485|1356485|1356485|1591601|1487427|1378149|1378149|1378149|1378149|1125921|0|7982000|0||0|||1|0|00
2026|01|527010|015|08|CD|6214|FAE|01|51|1|001|100|CA|524111|019|A|0|0||0||||2|Uang Harian|3|ORG|3|LOK|1|FREK|3|HARI|27|OH|300000|8100000||0|0|0||0|0|0|0||||0|0||||0|396703|396703|396703|465463|434997|403039|403039|403039|403039|4397275|0|0|0||0|||1|0|00
2026|01|527010|015|08|CD|6214|FAE|01|51|1|001|100|CA|524111|019|A|0|0||0||||3|Akomodasi|3|ORG|3|LOK|1|FREK|2|HARI|18|OH|600000|10800000||0|0|0||0|0|0|0||||0|0||||0|665107|665107|665107|780389|729311|675730|675730|675730|675730|4592059|0|0|0||0|||1|0|00
2026|01|527010|015|08|CD|6214|FAE|01|51|1|001|100|HA|524111|019|A|0|0||0|01||1|1|Perjalanan Dinas dalam rangka Pemetaan Mitigasi Risiko Investasi|0||0||0||0||0||0|0||0|0|0||0|0|0|0||||0|0||||0|0|0|0|0|0|0|0|0|0|0|0|0|0||0|||1|0|00
2026|01|527010|015|08|CD|6214|FAE|01|51|1|001|100|HA|524111|019|A|0|0||0|01|||2|Uang Harian|1|ORG|3|HARI|2|FREK|0||6|OH|344000|2064000||0|0|0||0|0|0|0||||0|0||||0|203074|203074|203074|238273|222677|206317|206317|206317|206317|168560|0|0|0||0|||1|0|00
2026|01|527010|015|08|CD|6214|FAE|01|51|1|001|100|HA|524111|019|A|0|0||0|01|||3|Biaya Penginapan|1|ORG|2|HARI|1|FREK|0||2|OH|900500|1801000||0|0|0||0|0|0|0||||0|0||||0|177198|177198|177198|207911|194303|180028|180028|180028|180028|147080|0|0|0||0|||1|0|00
2026|01|527010|015|08|CD|6214|FAE|01|51|1|001|100|HB|521211|019|A|0|0||0||||1|KDM Makan Rapat|3|ORG|1|HR|2|KEG|0||6|OK|49000|294000||0|0|0||0|0|0|0||||0|0||||0|28926|28926|28926|33940|31719|29388|29388|29388|29388|24011|0|0|0||0|||1|0|00
2026|01|527010|015|08|CD|6214|FAE|01|51|1|001|100|HB|521211|019|A|0|0||0||||2|KDM Snack Rapat|3|ORG|1|HR|2|KEG|0||6|OK|32667|196000||0|0|0||0|0|0|0||||0|0||||0|19284|19284|19284|22627|21146|19592|19592|19592|19592|16007|0|0|0||0|||1|0|00
2026|01|527010|015|08|CD|6214|FAE|01|51|1|001|100|HC|524111|019|A|0|0||0||||1|Uang Harian|2|ORG|2|LOK|2|FREK|3|HARI|24|OH|175460|4211000||0|0|0||0|0|0|0||||0|0||||0|414315|414315|414315|486127|454309|420932|420932|420932|420932|343891|0|0|0||0|||1|0|00
2026|01|527010|015|08|CD|6214|FAE|01|51|1|001|100|HC|524111|019|A|0|0||0||||2|Biaya Penginapan|4|ORG|2|LOK|1|FREK|2|HARI|16|OH|702375|11238000||0|0|0||0|0|0|0||||0|0||||0|1105692|1105692|1105692|1297339|1212425|1123351|1123351|1123351|1123351|917756|0|0|0||0|||1|0|00
2026|01|527010|015|08|CD|6214|FAE|01|51|1|001|100|HC|524113|019|A|0|0||0||||1|Transport Lokal Penyelesaian Pinjaman TSL pada BDL, BBO dan BBKU|4|ORG|1|HARI|9|FREK|0||36|OK|103889|3740000||0|0|0||0|0|0|0||||0|0||||0|367974|367974|367974|431754|403494|373850|373850|373850|373850|305430|0|0|0||0|||1|0|00
2026|01|527010|015|08|CD|6214|FAE|01|51|1|001|100|HD|524111|019|A|0|0||0|01||1|1|Perjalanan Dinas dalam rangka Monitoring Kinerja Penerusan Pinjaman|0||0||0||0||0||0|0||0|0|0||0|0|0|0||||0|0||||0|0|0|0|0|0|0|0|0|0|0|0|0|0||0|||1|0|00
2026|01|527010|015|08|CD|6214|FAE|01|51|1|001|100|HD|524111|019|A|0|0||0|01|||2|Tiket PP|3|ORG|1|LOK|1|FREK|0||3|OK|200000|600000||0|0|0||0|0|0|0||||0|0||||0|59033|59033|59033|69265|64732|59976|59976|59976|59976|49000|0|0|0||0|||1|0|00
2026|01|527010|015|08|CD|6214|FAE|01|51|1|001|100|HD|524111|019|A|0|0||0|01|||3|Uang Harian|3|ORG|1|LOK|1|FREK|3|HARI|9|OH|344000|3096000||0|0|0||0|0|0|0||||0|0||||0|304611|304611|304611|357409|334016|309476|309476|309476|309476|252838|0|0|0||0|||1|0|00
2026|01|527010|015|08|CD|6214|FAE|01|51|1|001|100|HD|524111|019|A|0|0||0|01|||4|Biaya Penginapan|3|ORG|1|LOK|1|FREK|2|HARI|6|OH|526834|3161000||0|0|0||0|0|0|0||||0|0||||0|311007|311007|311007|364913|341028|315974|315974|315974|315974|258142|0|0|0||0|||1|0|00
2026|01|527010|015|08|CD|6214|FAE|01|51|1|001|100|HE|521211|019|A|0|0||0||||1|Belanja Bahan Habis Pakai|0||0||0||0||1|Paket|108000000|108000000||0|0|0||0|0|0|0||||0|0||||0|10625976|10625976|10625976|12467749|11651712|10795681|10795681|10795681|10795681|8819887|0|0|0||0|||1|0|00
2026|01|527010|015|08|CD|6214|FAE|01|51|1|001|100|HE|521211|019|A|0|0||0|01||1|2|Konsumsi Rapat|0||0||0||0||0||0|0||0|0|0||0|0|0|0||||0|0||||0|0|0|0|0|0|0|0|0|0|0|0|0|0||0|||1|0|00
2026|01|527010|015|08|CD|6214|FAE|01|51|1|001|100|HE|521211|019|A|0|0||0|01|||3|KDM  Snack Rapat|6|ORG|22|FREK|1|HARI|0||132|OK|21976|2900000||0|0|0||0|0|0|0||||0|0||||0|285327|285327|285327|334782|312870|289884|289884|289884|289884|236831|0|0|0||0|||1|0|00
2026|01|527010|015|08|CD|6214|FAE|01|51|1|001|100|HE|521211|019|A|0|0||0|01|||4|KDM  Makan Rapat|0||0||0||0||120|OK|43000|5160000||0|0|0||0|0|0|0||||0|0||||0|507686|507686|507686|595681|556693|515794|515794|515794|515794|421392|0|0|0||0|||1|0|00
2026|01|527010|015|08|CD|6214|FAE|01|51|1|001|100|HE|522151|019|A|0|0||0||||1|Narasumber Tenaga Profesional|1|ORG|3|JAM|0||0||3|OJ|1700000|5100000||0|0|0||0|0|0|0||||0|0||||0|501782|501782|501782|588755|550220|509796|509796|509796|509796|416495|0|0|0||0|||1|0|00
2026|01|527010|015|08|CD|6214|FAE|01|51|1|001|100|HE|524111|019|A|0|0||0||||1|Tiket PP|10|ORG|6|LOK|1|FREK|0||60|OK|229790|13787000||0|0|0||0|0|0|0||||0|0||||0|1356485|1356485|1356485|1591601|1487427|1378149|1378149|1378149|1378149|1125921|0|0|0||0|||1|0|00
2026|01|527010|015|08|CD|6214|FAE|01|51|1|001|100|HE|524111|019|A|0|0||0||||2|Uang Harian|10|ORG|6|LOK|1|FREK|3|HARI|180|OH|22400|4032000||0|0|0||0|0|0|0||||0|0||||0|396703|396703|396703|465463|434997|403039|403039|403039|403039|329275|0|0|0||0|||1|0|00
2026|01|527010|015|08|CD|6214|FAE|01|51|1|001|100|HE|524111|019|A|0|0||0||||3|Biaya Penginapan|10|ORG|6|LOK|1|FREK|2|HARI|120|OH|56335|6760000||0|0|0||0|0|0|0||||0|0||||0|665107|665107|665107|780389|729311|675730|675730|675730|675730|552059|0|0|0||0|||1|0|00
2026|01|527010|015|08|CD|6214|FAE|01|51|1|001|100|HE|524119|019|A|0|0||0||||1|Transport|125|ORG|2|FREK|0||0||250|OK|635985|158996000||0|0|0||0|0|0|0||||0|0||||0|15643404|15643404|15643404|18354836|17153478|15893242|15893242|15893242|15893242|12984506|0|0|0||0|||1|0|00
2026|01|527010|015|08|CD|6214|FAE|01|51|1|001|100|HE|524119|019|A|0|0||0||||2|Uang Harian|125|ORG|1|FREK|3|HARI|0||375|OH|95147|35680000||0|0|0||0|0|0|0||||0|0||||0|3510508|3510508|3510508|4118975|3849380|3566573|3566573|3566573|3566573|2913829|0|0|0||0|||1|0|00
2026|01|527010|015|08|CD|6214|FAE|01|51|1|001|100|MA|521211|019|A|0|0||0|01||1|1|Penyusunan Kajian Kelembagaan|0||0||0||0||0||0|0||0|0|0||0|0|0|0||||0|0||||0|0|0|0|0|0|0|0|0|0|0|0|0|0||0|||1|0|00
2026|01|527010|015|08|CD|6214|FAE|01|51|1|001|100|MA|521211|019|A|0|0||0|01|01|2|2|Konsumsi|0||0||0||0||0||0|0||0|0|0||0|0|0|0||||0|0||||0|0|0|0|0|0|0|0|0|0|0|0|0|0||0|||1|0|00
2026|01|527010|015|08|CD|6214|FAE|01|51|1|001|100|MA|521211|019|A|0|0||0|01|01||3|KDM  Makan Rapat|13|orang|5|Hari|4|Frek|0||260|OHF|33390|8681000||0|0|0||0|0|0|0||||0|0||||0|3203043|3203043|2274914|0|0|0|0|0|0|0|0|0|0||0|||1|0|00
2026|01|527010|015|08|CD|6214|FAE|01|51|1|001|100|MA|521211|019|A|0|0||0|01|01||4|KDM  Snack Rapat|13|Orang|5|Hari|4|Frek|0||260|OHF|15120|3931000||0|0|0||0|0|0|0||||0|0||||0|1450446|1450446|0|0|0|0|0|0|0|1030108|0|0|0||0|||1|0|00
2026|01|527010|015|08|CD|6214|FAE|01|51|1|001|100|MA|521211|019|A|0|0||0|01|02|2|5|ATK dan Barang Habis Pakai|0||0||0||0||0||0|0||0|0|0||0|0|0|0||||0|0||||0|0|0|0|0|0|0|0|0|0|0|0|0|0||0|||1|0|00
2026|01|527010|015|08|CD|6214|FAE|01|51|1|001|100|MA|521211|019|A|0|0||0|01|02||6|CTK  ATK dan Barang Habis Pakai|1|Paket|12|F|0||0||12|F|555500|6666000||0|0|0||0|0|0|0||||0|0||||0|655859|655859|655859|769537|719170|666333|666333|666333|666333|544384|0|0|0||0|||1|0|00
2026|01|527010|015|08|CD|6214|FAL|01|51|1|003|100|OA|521211|019|A|0|0||0|01||1|1|Tim Koordinasi Mata Uang Mitra Kerja Bersama Bank Indonesia|0||0||0||0||0||0|0||0|0|0||0|0|0|0||||0|0||||0|0|0|0|0|0|0|0|0|0|0|0|0|0||0|||1|0|00
2026|01|527010|015|08|CD|6214|FAL|01|51|1|003|100|OA|521211|019|A|0|0||0|01|||2|KDM  Snack Rapat|25|ORG|4|KEG|1|FR|0||100|OK|13860|1386000||0|0|0||0|0|0|0||||0|0||||0|107906|107906|107906|107906|107906|107906|107906|109729|130317|107906|137787|144919|0||0|||1|0|00
2026|01|527010|015|08|CD|6214|FAL|01|51|1|003|100|OA|521211|019|A|0|0||0|01|||3|KDM  Makan Rapat|25|ORG|4|KEG|1|FR|0||100|OK|33390|3339000||0|0|0||0|0|0|0||||0|0||||0|259955|259955|259955|259955|259955|259955|259955|264346|313945|259955|331942|349127|0||0|||1|0|00
2026|01|527010|015|08|CD|6214|FAL|01|51|1|003|100|OA|521211|019|A|0|0||0|02||1|4|Rapat Dalam Kantor dalam rangka CPIN, Pengelolaan Valas, Penempatan Uang, dan SBN|0||0||0||0||0||0|0||0|0|0||0|0|0|0||||0|0||||0|0|0|0|0|0|0|0|0|0|0|0|0|0||0|||1|0|00
2026|01|527010|015|08|CD|6214|FAL|01|51|1|003|100|OA|521211|019|A|0|0||0|02|||5|KDM  Snack Rapat|25|ORG|4|KEG|1|FR|0||100|OK|13860|1386000||0|0|0||0|0|0|0||||0|0||||0|107906|107906|107906|107906|107906|107906|107906|109729|130317|107906|137787|144919|0||0|||1|0|00
2026|01|527010|015|08|CD|6214|FAL|01|51|1|003|100|OA|521211|019|A|0|0||0|02|||6|KDM  Makan Rapat|25|ORG|4|KEG|1|FR|0||100|OK|33390|3339000||0|0|0||0|0|0|0||||0|0||||0|259955|259955|259955|259955|259955|259955|259955|264346|313945|259955|331942|349127|0||0|||1|0|00
2026|01|527010|015|08|CD|6214|FAL|01|51|1|003|100|OD|521211|019|A|0|0||0|01||1|1|Pembahasan dan Penyelesaian Pengelolaan Kas Negara|0||0||0||0||0||0|0||0|0|0||0|0|0|0||||0|0||||0|0|0|0|0|0|0|0|0|0|0|0|0|0||0|||1|0|00
2026|01|527010|015|08|CD|6214|FAL|01|51|1|003|100|OD|521211|019|A|0|0||0|01|||2|CTK  Pencetakan Buku|2|PKT|1|KEG|0||0||2|PKT|1700500|3401000||0|0|0||0|0|0|0||||0|0||||0|16427|16427|16427|16427|16427|16427|16427|16705|19839|16427|20976|3212064|0||0|||1|0|00
2026|01|527010|015|08|CD|6214|FAL|01|51|1|003|100|OD|521211|019|A|0|0||0|01|||3|KDM  Snack Rapat|9|ORG|3|KEG|5|SUB|11|BLN|1485|OK|23000|34155000||0|0|0||0|0|0|0||||0|0||||0|2659108|2659108|2659108|2659108|2659108|2659108|2659108|2704026|3211381|2659108|3395472|3571257|0||0|||1|0|00
2026|01|527010|015|08|CD|6214|FAL|01|51|1|003|100|OD|521211|019|A|0|0||0|01|||4|KDM  Makan Rapat|9|ORG|3|KEG|5|SUB|11|BLN|1485|OK|54582|81054000||0|0|0||0|0|0|0||||0|0||||0|6558743|6558743|6558743|6558743|6558743|6558743|6558743|6669534|7920935|6558743|8375000|5618587|0||0|||1|0|00
2026|01|527010|015|08|CD|6214|UAE|01|51|1|203|100|HB|524113|019|A|0|0||0||||1|Satuan Biaya Transport Kegiatan Dalam Kabupaten/Kota Pergi Pulang (PP)|0||0||0||0||100|OK|150100|15010000||0|0|0||0|0|0|0|||41.01.01|0|0||||0|0|0|0|0|0|0|0|0|0|0|0|15010000|0||0|||1|0|00
2026|01|527010|015|08|CD|6214|UAE|01|51|1|203|100|HB|524113|019|A|0|0||0||||2|Uang Harian Perjalanan Dinas Dalam Kota Lebih dari 8 Jam (D.K.I.  Jakarta)|0||0||0||0||100|OH|135000|13500000||0|0|0||0|0|0|0|||27.03.13|0|0||||0|0|0|0|0|0|0|0|0|0|0|0|13500000|0||0|||1|0|00
2026|01|527010|015|08|CD|6215|FAH|01|51|1|001|100|JA|521211|019|A|0|0||0|01||1|1|Penyusunan Statistik Keuangan Pemerintah|0||0||0||0||0||0|0||0|0|0||0|0|0|0||||0|0||||0|0|0|0|0|0|0|0|0|0|0|0|0|0||0|||1|0|00
2026|01|527010|015|08|CD|6215|FAH|01|51|1|001|100|JA|521211|019|A|0|0||0|01|||2|KDM  Makan Rapat|28|ORG|5|FR|0||0||140|OF|57000|7980000||0|0|0||0|0|0|0||||0|0||||0|0|0|7417912|0|0|0|0|0|0|0|0|562088|0||0|||1|0|00
2026|01|527010|015|08|CD|6215|FAH|01|51|1|001|100|JA|521211|019|A|0|0||0|01|||3|KDM  Snack Rapat|27|ORG|10|FR|0||0||270|OF|24000|6480000||0|0|0||0|0|0|0||||0|0||||0|0|0|6023567|0|0|0|0|0|0|0|0|456433|0||0|||1|0|00
2026|01|527010|015|08|CD|6215|FAH|01|51|1|001|100|JA|521211|019|A|0|0||0|01|||4|CTK  Pencetakan Laporan Manajerial|30|BUKU|1|FR|0||0||30|EKS|200000|6000000||0|0|0||0|0|0|0||||0|0||||0|0|0|5577377|0|0|0|0|0|0|0|0|422623|0||0|||1|0|00
2026|01|527010|015|08|CD|6215|FAH|01|51|1|001|100|JA|521211|019|A|0|0||0|01|||5|CTK  ATK Bahan|1|PKT|1|FR|0||0||1|PKT|343000|343000||0|0|0||0|0|0|0||||0|0||||0|0|0|318840|0|0|0|0|0|0|0|0|24160|0||0|||1|0|00
2026|01|527010|015|08|CD|6215|FAH|01|51|1|005|100|HA|524111|019|A|0|0||0||||1|Tiket PP|2|ORG|1|HARI|1|FREK|0||2|OK|25500|51000||0|0|0||0|0|0|0||||0|0||||0|0|0|0|937|50063|0|0|0|0|0|0|0|0||0|||1|0|00
2026|01|527010|015|08|CD|6215|FAH|01|51|1|005|100|HA|524111|019|A|0|0||0||||2|Uang Harian|4|ORG|3|HARI|1|FREK|0||12|OH|344000|4128000||0|0|0||0|0|0|0||||0|0||||0|0|0|0|75865|4052135|0|0|0|0|0|0|0|0||0|||1|0|00
2026|01|527010|015|08|CD|6215|FAH|01|51|1|005|100|HA|524111|019|A|0|0||0||||3|Biaya Penginapan|2|ORG|2|HARI|1|FREK|0||4|OH|900500|3602000||0|0|0||0|0|0|0||||0|0||||0|0|0|0|66198|3535802|0|0|0|0|0|0|0|0||0|||1|0|00
2026|01|527010|015|08|CD|6215|FAH|01|51|1|004|100|JA|521211|019|A|0|0||0|01||1|1|Koordinasi Penyusunan LKPP TA 2025|0||0||0||0||0||0|0||0|0|0||0|0|0|0||||0|0||||0|0|0|0|0|0|0|0|0|0|0|0|0|0||0|||1|0|00
2026|01|527010|015|08|CD|6215|FAH|01|51|1|004|100|JA|521211|019|A|0|0||0|03||1|10|Penyusunan LKPP Audited TA 2025|0||0||0||0||0||0|0||0|0|0||0|0|0|0||||0|0||||0|0|0|0|0|0|0|0|0|0|0|0|0|0||0|||1|0|00
2026|01|527010|015|08|CD|6215|FAH|01|51|1|004|100|JA|521211|019|A|0|0||0|03|||11|KDM  Makan Rapat|28|ORG|2|FR|0||0||56|OF|56786|3180000||0|0|0||0|0|0|0||||0|0||||0|0|0|0|240040|90498|618770|844716|51513|738123|596340|0|0|0||0|||1|0|00
2026|01|527010|015|08|CD|6215|FAH|01|51|1|004|100|JA|521211|019|A|0|0||0|03|||12|KDM  Snack Rapat|26|ORG|2|FR|0||0||52|OF|24000|1248000||0|0|0||0|0|0|0||||0|0||||0|0|0|0|94204|35516|242838|331511|20217|289678|234036|0|0|0||0|||1|0|00
2026|01|527010|015|08|CD|6215|FAH|01|51|1|004|100|JA|521211|019|A|0|0||0|03|||13|CTK  Pencetakan LKPP Audited TA 2025|85|EKS|1|FR|0||0||85|EKS|180000|15300000||0|0|0||0|0|0|0||||0|0||||0|0|0|0|1154909|435415|2977099|4064199|247847|3551346|2869185|0|0|0||0|||1|0|00
2026|01|527010|015|08|CD|6215|FAH|01|51|1|004|100|JA|521211|019|A|0|0||0|03|||14|CTK  Pencetakan Tanggapan Pemerintah atas LHP BPK terhadap LKPP|50|EKS|1|FR|0||0||50|EKS|100000|5000000||0|0|0||0|0|0|0||||0|0||||0|0|0|0|377421|142292|972908|1328169|80996|1160571|937643|0|0|0||0|||1|0|00
2026|01|527010|015|08|CD|6215|FAH|01|51|1|004|100|JA|521211|019|A|0|0||0|01|||2|KDM  Konsumsi Makan|25|ORG|1|FR|0||0||25|OF|57000|1425000||0|0|0||0|0|0|0||||0|0||||0|0|0|0|107565|40553|277279|378528|23084|330763|267228|0|0|0||0|||1|0|00
2026|01|527010|015|08|CD|6215|FAH|01|51|1|004|100|JA|521211|019|A|0|0||0|01|||3|KDM  Snack Rapat|25|ORG|1|FR|0||0||25|OF|24000|600000||0|0|0||0|0|0|0||||0|0||||0|0|0|0|45291|17075|116749|159380|9719|139268|112518|0|0|0||0|||1|0|00
2026|01|527010|015|08|CD|6215|FAH|01|51|1|004|100|JA|521211|019|A|0|0||0|02||1|4|Penyusunan LKPP Unaudited TA 2025, Entry Meeting, dan Rekonsiliasi Tiga Pihak (Tripartit)|0||0||0||0||0||0|0||0|0|0||0|0|0|0||||0|0||||0|0|0|0|0|0|0|0|0|0|0|0|0|0||0|||1|0|00
2026|01|527010|015|08|CD|6215|FAH|01|51|1|004|100|JA|521211|019|A|0|0||0|02|||5|KDM  Konsumsi Entry Meeting Menteri Keuangan dengan BPK RI|20|ORG|1|FR|0||0||20|OF|118000|2360000||0|0|0||0|0|0|0||||0|0||||0|0|0|0|178143|67162|459213|626896|38230|547789|442567|0|0|0||0|||1|0|00
2026|01|527010|015|08|CD|6215|FAH|01|51|1|004|100|JA|521211|019|A|0|0||0|02|||6|KDM  Snack Entry Meeting Menteri Keuangan dengan BPK RI|20|ORG|1|FR|0||0||20|OF|53000|1060000||0|0|0||0|0|0|0||||0|0||||0|0|0|0|80013|30166|206257|281572|17171|246041|198780|0|0|0||0|||1|0|00
2026|01|527010|015|08|CD|6215|FAH|01|51|1|004|100|JA|521211|019|A|0|0||0|02|||7|KDM  Makan Rapat|20|ORG|2|FR|0||0||40|OF|51600|2064000||0|0|0||0|0|0|0||||0|0||||0|0|0|0|155799|58738|401617|548268|33435|479084|387059|0|0|0||0|||1|0|00
2026|01|527010|015|08|CD|6215|FAH|01|51|1|004|100|JA|521211|019|A|0|0||0|02|||8|KDM  Snack Rapat|20|ORG|2|FR|0||0||40|OF|24000|960000||0|0|0||0|0|0|0||||0|0||||0|0|0|0|72465|27320|186798|255009|15551|222830|180027|0|0|0||0|||1|0|00
2026|01|527010|015|08|CD|6215|FAH|01|51|1|004|100|JA|521211|019|A|0|0||0|02|||9|CTK  Pencetakan LKPP Unaudited TA 2025|20|EKS|1|FR|0||0||20|EKS|100000|2000000||0|0|0||0|0|0|0||||0|0||||0|0|0|0|150968|56917|389163|531268|32398|464228|375058|0|0|0||0|||1|0|00
2026|01|527010|015|08|CD|6215|FAH|01|51|1|004|100|JA|524111|019|A|0|0||0|01||1|1|Pendampingan Audit BPK di Luar Kota|0||0||0||0||0||0|0||0|0|0||0|0|0|0||||0|0||||0|0|0|0|0|0|0|0|0|0|0|0|0|0||0|||1|0|00
2026|01|527010|015|08|CD|6215|FAH|01|51|1|004|100|JA|524111|019|A|0|0||0|01|||2|Transport|3|ORG|1|FR|0||0||3|OF|5445000|16335000||0|0|0||0|0|0|0||||0|0||||0|0|0|0|1233035|464870|3178491|4339130|264613|3791585|3063276|0|0|0||0|||1|0|00
2026|01|527010|015|08|CD|6215|FAH|01|51|1|004|100|JA|524111|019|A|0|0||0|01|||3|Uang Harian|3|ORG|2|HR|4|FR|0||24|OH|329750|7914000||0|0|0||0|0|0|0||||0|0||||0|0|0|0|597382|225221|1539919|2102227|128200|1836951|1484100|0|0|0||0|||1|0|00
2026|01|527010|015|08|CD|6215|FAH|01|51|1|004|100|JA|524111|019|A|0|0||0|01|||4|Akomodasi|3|ORG|1|HR|1|FR|0||3|OH|1973500|5920000||0|0|0||0|0|0|0||||0|0||||0|0|0|0|446867|168474|1151923|1572553|95899|1374116|1110168|0|0|0||0|||1|0|00
2026|01|527010|015|08|CD|6215|FAH|01|51|1|004|100|JB|521211|019|A|0|0||0||||1|CTK  ATK dan Dokumentasi|20|ORG|1|FR|0||0||20|OF|50000|1000000||0|0|0||0|0|0|0||||0|0||||0|0|0|0|75484|28458|194582|265634|16199|232114|187529|0|0|0||0|||1|0|00
2026|01|527010|015|08|CD|6215|FAH|01|51|1|004|100|JC|521211|019|A|0|0||0||||1|KDM  Makan Rapat|24|ORG|1|FR|0||0||24|OF|57000|1368000||0|0|0||0|0|0|0||||0|0||||0|0|0|0|103262|38931|266188|363387|22160|317532|256540|0|0|0||0|||1|0|00
2026|01|527010|015|08|CD|6215|FAH|01|51|1|004|100|JC|521211|019|A|0|0||0||||2|KDM  Snack Rapat|24|ORG|1|FR|0||0||24|OF|24000|576000||0|0|0||0|0|0|0||||0|0||||0|0|0|0|43479|16392|112079|153004|9331|133698|108017|0|0|0||0|||1|0|00
2026|01|527010|015|08|CD|6215|FAH|01|51|1|003|100|JA|521211|019|A|0|0||0|01||1|1|Rapat KoordinasiKonsolidasiFinalisasiAnalisis LK dan Rekomendasi Temuan BPK|0||0||0||0||0||0|0||0|0|0||0|0|0|0||||0|0||||0|0|0|0|0|0|0|0|0|0|0|0|0|0||0|||1|0|00
2026|01|527010|015|08|CD|6215|FAH|01|51|1|003|100|JA|521211|019|A|0|0||0|01|||2|KDM  Makan Rapat|16|ORG|2|FR|0||0||32|OF|57000|1824000||0|0|0||0|0|0|0||||0|0||||0|133930|145127|133930|146012|133930|298710|152867|133930|133930|133930|159316|118388|0||0|||1|0|00
2026|01|527010|015|08|CD|6215|FAH|01|51|1|003|100|JA|521211|019|A|0|0||0|01|||3|KDM  Snack Rapat|15|ORG|2|FR|0||0||30|OF|24000|720000||0|0|0||0|0|0|0||||0|0||||0|52867|57287|52867|57636|52867|117912|60342|52867|52867|52867|62888|46733|0||0|||1|0|00
2026|01|527010|015|08|CD|6215|FAH|01|51|1|003|100|JB|521211|019|A|0|0||0|01||1|1|Penyusunan Laporan Keuangan BUN Semester I TA 2026|0||0||0||0||0||0|0||0|0|0||0|0|0|0||||0|0||||0|0|0|0|0|0|0|0|0|0|0|0|0|0||0|||1|0|00
2026|01|527010|015|08|CD|6215|FAH|01|51|1|003|100|JB|521211|019|A|0|0||0|01|||2|CTK  ATK dan Bahan Habis Pakai|1|PKT|1|FR|0||0||1|PKT|624000|624000||0|0|0||0|0|0|0||||0|0||||0|45818|49649|45818|49951|45818|102190|52297|45818|45818|45818|54503|40502|0||0|||1|0|00
2026|01|527010|015|08|CD|6215|FAH|01|51|1|003|100|OA|521211|019|A|0|0||0||||1|KDM  Makan Rapat|25|ORG|4|KEG|0||0||100|OK|33390|3339000||0|0|0||0|0|0|0||||0|0||||0|245171|265669|245171|267288|245171|546817|279837|245171|245171|245171|291643|216720|0||0|||1|0|00
2026|01|527010|015|08|CD|6215|FAH|01|51|1|003|100|OA|521211|019|A|0|0||0||||2|KDM  Snack Rapat|25|ORG|4|KEG|0||0||100|OK|15120|1512000||0|0|0||0|0|0|0||||0|0||||0|111021|120303|111021|121036|111021|247615|126719|111021|111021|111021|132065|98136|0||0|||1|0|00
2026|01|527010|015|08|CD|6215|FAH|01|51|1|003|100|OA|521211|019|A|0|0||0||||3|KDM  Makan Rapat Biasa (Penyusunan Buku Merah)|60|ORG|2|KEG|0||0||120|OK|33392|4007000||0|0|0||0|0|0|0||||0|0||||0|294220|318818|294220|320762|294220|656213|335821|294220|294220|294220|349989|260077|0||0|||1|0|00
2026|01|527010|015|08|CD|6215|FAH|01|51|1|003|100|OA|521211|019|A|0|0||0||||4|KDM  Snack Rapat Biasa (Penyusunan Buku Merah)|60|ORG|2|KEG|0||0||120|OK|15117|1814000||0|0|0||0|0|0|0||||0|0||||0|133196|144332|133196|145212|133196|297073|152029|133196|133196|133196|158443|117735|0||0|||1|0|00
2026|01|527010|015|08|CD|6215|FAH|01|51|1|003|100|OB|521211|019|A|0|0||0||||1|KDM  Makan Rapat|25|ORG|2|FR|0||0||50|OF|23000|1150000||0|0|0||0|0|0|0||||0|0||||0|80769|87522|80769|88055|80769|180143|92189|80769|80769|80769|96079|121398|0||0|||1|0|00
2026|01|527010|015|08|CD|6215|FAH|01|51|1|003|100|OB|521211|019|A|0|0||0||||2|KDM  Snack Rapat|25|ORG|2|FR|0||0||50|OF|52660|2633000||0|0|0||0|0|0|0||||0|0||||0|185769|201300|185769|202528|185769|414329|212036|185769|185769|185769|220981|267212|0||0|||1|0|00
2026|01|527010|015|08|CD|6215|FAH|01|51|1|003|100|OB|524111|019|A|0|0||0||||1|Akomodasi|5|ORG|1|LOK|2|HR|0||10|OF|716000|7160000||0|0|0||0|0|0|0||||0|0||||0|533369|577963|533369|581486|533369|1189600|608786|533369|533369|533369|634470|367481|0||0|||1|0|00
2026|01|527010|015|08|CD|6215|FAH|01|51|1|003|100|OB|524111|019|A|0|0||0||||2|Transport|5|ORG|1|LOK|2|FR|0||10|OF|1605100|16051000||0|0|0||0|0|0|0||||0|0||||0|1182165|1281002|1182165|1288812|1182165|2636642|1349319|1182165|1182165|1182165|1406245|995990|0||0|||1|0|00
2026|01|527010|015|08|CD|6215|FAH|01|51|1|003|100|OB|524111|019|A|0|0||0||||3|Uang Harian|5|ORG|2|HR|1|LOK|0||10|OH|400000|4000000||0|0|0||0|0|0|0||||0|0||||0|293705|318260|293705|320202|293705|655066|335234|293705|293705|293705|349378|259630|0||0|||1|0|00
2026|01|527010|015|08|CD|6216|AAA|01|51|1|A01|100|JA|521211|019|A|0|0||0||||1|KDM  Makan Rapat|11|ORG|7|FR|0||0||77|OF|57000|4389000||0|0|0||0|0|0|0||||0|0||||0|0|0|3842|295862|312666|299658|306555|10694|0|0|0|3159723|0||0|||1|0|00
2026|01|527010|015|08|CD|6216|AAA|01|51|1|A01|100|JA|521211|019|A|0|0||0||||2|CTK  Pencetakan Jawaban Menteri Keuangan atas Pertanyaan DPR RI|32|BUKU|1|FR|0||0||32|BUKU|100000|3200000||0|0|0||0|0|0|0||||0|0||||0|0|0|2801|215711|227963|218479|223508|7797|0|0|0|2303741|0||0|||1|0|00
2026|01|527010|015|08|CD|6216|AAA|01|51|1|A01|100|JA|521211|019|A|0|0||0||||3|CTK  Pencetakan Penjelasan Pemerintah atas RUU PP APBN TA 2025|32|BUKU|1|FR|0||0||32|BUKU|100000|3200000||0|0|0||0|0|0|0||||0|0||||0|0|0|2801|215711|227963|218479|223508|7797|0|0|0|2303741|0||0|||1|0|00
2026|01|527010|015|08|CD|6216|AAA|01|51|1|A01|100|JA|521211|019|A|0|0||0||||4|CTK  Pencetakan Draft RUU PP APBN TA 2025|32|BUKU|1|FR|0||0||32|BUKU|100000|3200000||0|0|0||0|0|0|0||||0|0||||0|0|0|2801|215711|227963|218479|223508|7797|0|0|0|2303741|0||0|||1|0|00
2026|01|527010|015|08|CD|6216|AAA|01|51|1|A01|100|JA|521211|019|A|0|0||0||||5|CTK  Pencetakan UU PP APBN TA 2025|32|BUKU|1|FR|0||0||32|BUKU|100000|3200000||0|0|0||0|0|0|0||||0|0||||0|0|0|2801|215711|227963|218479|223508|7797|0|0|0|2303741|0||0|||1|0|00
2026|01|527010|015|08|CD|6216|AAA|01|51|1|A01|100|JB|524113|019|A|0|0||0||||1|Transport Dalam Kota Pembahasan RUU|5|ORG|5|FR|0||0||25|OH|40800|1020000||0|0|0||0|0|0|0||||0|0||||0|0|0|893|68758|72663|69640|71243|2484|0|0|0|734319|0||0|||1|0|00
2026|01|527010|015|08|CD|6216|AAC|01|51|1|B01|100|SA|521211|019|A|0|0||0||||1|KDM  Konsumsi FGD snack|40|ORG|2|fr|0||0||80|OF|15125|1210000||0|0|0||0|0|0|0||||0|0||||0|100000|100000|100000|100000|100000|100000|100000|100000|100000|100000|100000|110000|0||0|||1|0|00
2026|01|527010|015|08|CD|6216|AAC|01|51|1|B01|100|SA|521211|019|A|0|0||0||||2|KDM  Konsumsi FGD makan|40|org|2|fr|0||0||80|OF|33388|2671000||0|0|0||0|0|0|0||||0|0||||0|222000|222000|222000|222000|222000|222000|222000|222000|222000|222000|222000|229000|0||0|||1|0|00
2026|01|527010|015|08|CD|6216|AAC|01|51|1|B01|100|SA|521211|019|A|0|0||0||||3|KDM  Snack Rapat|25|org|15|fr|0||0||375|OF|15120|5670000||0|0|0||0|0|0|0||||0|0||||0|472000|472000|472000|472000|472000|472000|472000|472000|472000|472000|472000|478000|0||0|||1|0|00
2026|01|527010|015|08|CD|6216|AAC|01|51|1|B01|100|SA|521211|019|A|0|0||0||||4|KDM  Makan Rapat|25|org|15|fr|0||0||375|OF|33390|12521000||0|0|0||0|0|0|0||||0|0||||0|1043000|1043000|1043000|1043000|1043000|1043000|1043000|1043000|1043000|1043000|1043000|1048000|0||0|||1|0|00
2026|01|527010|015|08|CD|6216|AAC|01|51|1|B01|100|SA|521211|019|A|0|0||0||||5|CTK  Pencetakan|1|PKT|2|fr|0||0||2|OF|630000|1260000||0|0|0||0|0|0|0||||0|0||||0|105000|105000|105000|105000|105000|105000|105000|105000|105000|105000|105000|105000|0||0|||1|0|00
2026|01|527010|015|08|CD|6216|AAG|01|51|1|D01|100|IA|521211|019|A|0|0||0|01||1|1|RAPAT PEMBAHASAN|0||0||0||0||0||0|0||0|0|0||0|0|0|0||||0|0||||0|0|0|0|0|0|0|0|0|0|0|0|0|0||0|||1|0|00
2026|01|527010|015|08|CD|6216|AAG|01|51|1|D01|100|IA|521211|019|A|0|0||0|01|||2|KDM  Snack Rapat|20|ORG|3|FR|12|BLN|0||720|OF|19292|13890000||0|0|0||0|0|0|0||||0|0||||0|2317850|2317850|2317850|2317850|2317850|1558898|741852|0|0|0|0|0|0||0|||1|0|00
2026|01|527010|015|08|CD|6216|AAG|01|51|1|D01|100|IA|521211|019|A|0|0||0|01|||3|KDM  Makan Rapat|20|ORG|3|FR|12|BLN|0||720|OF|35910|25855000||0|0|0||0|0|0|0||||0|0||||0|4314471|4314471|4314471|4314471|4314471|2901750|1380895|0|0|0|0|0|0||0|||1|0|00
2026|01|527010|015|08|CD|6216|AAG|01|51|1|D01|100|IA|521213|019|A|0|0||0|01||1|1|TIM PENETAPAN STATUS SATKER BLU|0||0||0||0||0||0|0||0|0|0||0|0|0|0||||0|0||||0|0|0|0|0|0|0|0|0|0|0|0|0|0||0|||1|0|00
2026|01|527010|015|08|CD|6216|AAG|01|51|1|D01|100|IA|521213|019|A|0|0||0|01|||2|Anggota|11|ORG|3|BLN|0||0||33|OB|500000|16500000||0|0|0||0|0|0|0||||0|0||||0|2753385|2753385|2753385|2753385|2753385|1851822|881253|0|0|0|0|0|0||0|||1|0|00
2026|01|527010|015|08|CD|6216|AAG|01|51|1|D01|100|IB|521211|019|A|0|0||0|01||1|1|RAPAT PEMBAHASAN|0||0||0||0||0||0|0||0|0|0||0|0|0|0||||0|0||||0|0|0|0|0|0|0|0|0|0|0|0|0|0||0|||1|0|00
2026|01|527010|015|08|CD|6216|AAG|01|51|1|D01|100|IB|521211|019|A|0|0||0|01|||2|KDM  Snack Rapat|20|ORG|5|FR|12|BLN|0||1200|OF|13867|16640000||0|0|0||0|0|0|0||||0|0||||0|3211927|3211927|3211927|3211927|3211927|580365|0|0|0|0|0|0|0||0|||1|0|00
2026|01|527010|015|08|CD|6216|AAG|01|51|1|D01|100|IB|521213|019|A|0|0||0|01||1|1|TIM PENETAPAN TARIF dan REMUNERASI SATKER BLU|0||0||0||0||0||0|0||0|0|0||0|0|0|0||||0|0||||0|0|0|0|0|0|0|0|0|0|0|0|0|0||0|||1|0|00
2026|01|527010|015|08|CD|6216|AAG|01|51|1|D01|100|IB|521213|019|A|0|0||0|01|||2|Anggota Tim Teknis|10|ORG|3|BLN|0||0||30|OB|500000|15000000||0|0|0||0|0|0|0||||0|0||||0|2895367|2895367|2895367|2895367|2895367|523165|0|0|0|0|0|0|0||0|||1|0|00
2026|01|527010|015|08|CD|6216|AAG|01|51|1|E02|100|HA|522151|019|A|0|0||0||||1|Narasumber Tenaga Profesional|1|ORG|3|JAM|1|FREK|0||3|OJ|1700000|5100000||0|0|0||0|0|0|0||||0|0||||0|498000|498000|498000|498000|498000|498000|498000|498000|498000|498000|120000|0|0||0|||1|0|00
2026|01|527010|015|08|CD|6216|AAG|01|51|1|E01|100|FA|521211|019|A|0|0||0||||1|KDM  Makan Rapat|30|ORG|1|HARI|5|FREK|0||150|OK|35907|5386000||0|0|0||0|0|0|0||||0|0||||0|1503281|1503281|1503281|876157|0|0|0|0|0|0|0|0|0||0|||1|0|00
2026|01|527010|015|08|CD|6216|AAG|01|51|1|E01|100|FA|521211|019|A|0|0||0||||2|KDM  Snack Rapat|30|ORG|1|HARI|5|FREK|0||150|OK|15120|2268000||0|0|0||0|0|0|0||||0|0||||0|633019|633019|633019|368943|0|0|0|0|0|0|0|0|0||0|||1|0|00
2026|01|527010|015|08|CD|6216|AAG|01|51|1|E01|100|FA|524111|019|A|0|0||0||||1|Penginapan|4|ORG|2|LOK|2|HARI|1|FREK|16|OH|820000|13120000||0|0|0||0|0|0|0||||0|0||||0|3661909|3661909|3661909|2134273|0|0|0|0|0|0|0|0|0||0|||1|0|00
2026|01|527010|015|08|CD|6216|AAG|01|51|1|E01|100|FA|524111|019|A|0|0||0||||2|Uang Transport Luar Kota|4|ORG|2|LOK|1|FREK|0||8|OK|2200000|17600000||0|0|0||0|0|0|0||||0|0||||0|4912317|4912317|4912317|2863049|0|0|0|0|0|0|0|0|0||0|||1|0|00
2026|01|527010|015|08|CD|6216|AAG|01|51|1|E01|100|FA|524111|019|A|0|0||0||||3|Uang Harian Luar Kota|4|ORG|2|LOK|3|HARI|1|FREK|24|OH|380000|9120000||0|0|0||0|0|0|0||||0|0||||0|2545474|2545474|2545474|1483578|0|0|0|0|0|0|0|0|0||0|||1|0|00
2026|01|527010|015|08|CD|6216|AAH|01|51|1|F01|100|JA|521211|019|A|0|0||0||||1|CTK  Pencetakan dan Penggandaan Buku Panduan Teknis|5|BUKU|2|FR|0||0||10|BUKU|500000|5000000||0|0|0||0|0|0|0||||0|0||||0|0|0|0|0|0|2500000|0|0|0|0|0|2500000|0||0|||1|0|00
2026|01|527010|015|08|CD|6216|AAH|01|51|1|F01|100|JC|521211|019|A|0|0||0|01||1|1|FGD Pembahasan Draft Peraturan|0||0||0||0||0||0|0||0|0|0||0|0|0|0||||0|0||||0|0|0|0|0|0|0|0|0|0|0|0|0|0||0|||1|0|00
2026|01|527010|015|08|CD|6216|AAH|01|51|1|F01|100|JC|521211|019|A|0|0||0|04|||10|KDM  Snack Rapat|20|ORG|3|FR|0||0||60|OF|24000|1440000||0|0|0||0|0|0|0||||0|0||||0|0|0|0|0|181981|0|0|0|181981|1076038|0|0|0||0|||1|0|00
2026|01|527010|015|08|CD|6216|AAH|01|51|1|F01|100|JC|521211|019|A|0|0||0|01|||2|KDM  Makan Rapat|15|ORG|3|FR|0||0||45|OF|57000|2565000||0|0|0||0|0|0|0||||0|0||||0|0|0|0|0|324154|0|0|0|324154|1916692|0|0|0||0|||1|0|00
2026|01|527010|015|08|CD|6216|AAH|01|51|1|F01|100|JC|521211|019|A|0|0||0|01|||3|KDM  Snack Rapat|15|ORG|3|FR|0||0||45|OF|24000|1080000||0|0|0||0|0|0|0||||0|0||||0|0|0|0|0|136486|0|0|0|136486|807028|0|0|0||0|||1|0|00
2026|01|527010|015|08|CD|6216|AAH|01|51|1|F01|100|JC|521211|019|A|0|0||0|02||1|4|Rapat Finalisasi Peraturan SAPP|0||0||0||0||0||0|0||0|0|0||0|0|0|0||||0|0||||0|0|0|0|0|0|0|0|0|0|0|0|0|0||0|||1|0|00
2026|01|527010|015|08|CD|6216|AAH|01|51|1|F01|100|JC|521211|019|A|0|0||0|02|||5|CTK  Penggandaan dan Pencetakan Peraturan|35|BUKU|1|FR|0||0||35|BUKU|100000|3500000||0|0|0||0|0|0|0||||0|0||||0|0|0|0|0|442316|0|0|0|442316|2615368|0|0|0||0|||1|0|00
2026|01|527010|015|08|CD|6216|AAH|01|51|1|F01|100|JC|521211|019|A|0|0||0|03||1|6|Limited Hearing Uji Publik Peraturan SAPP|0||0||0||0||0||0|0||0|0|0||0|0|0|0||||0|0||||0|0|0|0|0|0|0|0|0|0|0|0|0|0||0|||1|0|00
2026|01|527010|015|08|CD|6216|AAH|01|51|1|F01|100|JC|521211|019|A|0|0||0|03|||7|CTK  ATK, Bahan Habis Pakai dan Dokumentasi|1|PKT|1|FR|0||0||1|PKT|500000|500000||0|0|0||0|0|0|0||||0|0||||0|0|0|0|0|63188|0|0|0|63188|373624|0|0|0||0|||1|0|00
2026|01|527010|015|08|CD|6216|AAH|01|51|1|F01|100|JC|521211|019|A|0|0||0|04||1|8|Rapat Pembahasan Draft Peraturan|0||0||0||0||0||0|0||0|0|0||0|0|0|0||||0|0||||0|0|0|0|0|0|0|0|0|0|0|0|0|0||0|||1|0|00
2026|01|527010|015|08|CD|6216|AAH|01|51|1|F01|100|JC|521211|019|A|0|0||0|04|||9|KDM  Makan Rapat|20|ORG|3|FR|0||0||60|OF|57000|3420000||0|0|0||0|0|0|0||||0|0||||0|0|0|0|0|432206|0|0|0|432206|2555588|0|0|0||0|||1|0|00
2026|01|527010|015|08|CD|6216|AAH|01|51|1|F04|100|IA|521211|019|A|0|0||0||||1|KDM  Snack Rapat|10|ORG|2|FR|12|BLN|0||240|OF|15121|3629000||0|0|0||0|0|0|0||||0|0||||0|39912|39912|39912|39912|39912|39912|39912|39912|39912|39912|39912|3189968|0||0|||1|0|00
2026|01|527010|015|08|CD|6216|AAH|01|51|1|F04|100|IA|521211|019|A|0|0||0||||2|KDM  Makan Rapat|10|ORG|2|FR|12|BLN|0||240|OF|35909|8618000||0|0|0||0|0|0|0||||0|0||||0|94780|94780|94780|94780|94780|94780|94780|94780|94780|94780|94780|7575420|0||0|||1|0|00
2026|01|527010|015|08|CD|6216|AAH|01|51|1|F04|100|IB|521211|019|A|0|0||0|01||1|1|RAPAT PEMBAHASAN|0||0||0||0||0||0|0||0|0|0||0|0|0|0||||0|0||||0|0|0|0|0|0|0|0|0|0|0|0|0|0||0|||1|0|00
2026|01|527010|015|08|CD|6216|AAH|01|51|1|F04|100|IB|521211|019|A|0|0||0|01|||2|KDM  Snack Rapat|10|ORG|2|FR|12|BLN|0||240|OF|15121|3629000||0|0|0||0|0|0|0||||0|0||||0|39912|39912|39912|39912|39912|39912|39912|39912|39912|39912|39912|3189968|0||0|||1|0|00
2026|01|527010|015|08|CD|6216|AAH|01|51|1|F04|100|IB|521211|019|A|0|0||0|01|||3|KDM  Makan Rapat|10|ORG|2|FR|12|BLN|0||240|OF|35909|8618000||0|0|0||0|0|0|0||||0|0||||0|94780|94780|94780|94780|94780|94780|94780|94780|94780|94780|94780|7575420|0||0|||1|0|00
2026|01|527010|015|08|CD|6216|AAH|01|51|1|F04|100|IB|524111|019|A|0|0||0||||1|Biaya Penginapan|3|ORG|2|HR|3|FR|0||18|OH|600000|10800000||0|0|0||0|0|0|0||||0|0||||0|118778|118778|118778|118778|118778|118778|118778|118778|118778|118778|118778|9493442|0||0|||1|0|00
2026|01|527010|015|08|CD|6216|AAH|01|51|1|F04|100|IB|524111|019|A|0|0||0||||2|Biaya Transport|3|ORG|3|FR|0||0||9|OK|1389889|12509000||0|0|0||0|0|0|0||||0|0||||0|137573|137573|137573|137573|137573|137573|137573|137573|137573|137573|137573|10995697|0||0|||1|0|00
2026|01|527010|015|08|CD|6216|AAH|01|51|1|F04|100|IB|524111|019|A|0|0||0||||3|Uang Harian|3|ORG|3|HR|3|FR|0||27|OH|300000|8100000||0|0|0||0|0|0|0||||0|0||||0|89083|89083|89083|89083|89083|89083|89083|89083|89083|89083|89083|7120087|0||0|||1|0|00
2026|01|527010|015|08|CD|6216|AAH|01|51|1|F04|100|IB|524114|019|A|0|0||0||||1|Biaya Transport|39|ORG|1|FR|0||0||39|OK|406411|15850000||0|0|0||0|0|0|0||||0|0||||0|174318|174318|174318|174318|174318|174318|174318|174318|174318|174318|174318|13932502|0||0|||1|0|00
2026|01|527010|015|08|CD|6216|AAH|01|51|1|F04|100|IB|524114|019|A|0|0||0||||2|Akomodasi Fullboard Es III kebawah|38|ORG|2|HR|1|FR|0||76|OH|1107777|84191000||0|0|0||0|0|0|0||||0|0||||0|925929|925929|925929|925929|925929|925929|925929|925929|925929|925929|925929|74005781|0||0|||1|0|00
2026|01|527010|015|08|CD|6216|AAH|01|51|1|F04|100|IB|524114|019|A|0|0||0||||3|Akomodasi Fullboard Es II|4|ORG|2|HR|1|FR|0||8|OH|1146875|9175000||0|0|0||0|0|0|0||||0|0||||0|100906|100906|100906|100906|100906|100906|100906|100906|100906|100906|100906|8065034|0||0|||1|0|00
2026|01|527010|015|08|CD|6216|AAH|01|51|1|F03|100|OB|521211|019|A|0|0||0||||1|KDM  Snack Rapat|30|ORG|1|KEG|0||0||30|OK|13867|416000||0|0|0||0|0|0|0||||0|0||||0|34000|34000|34000|34000|34000|34000|34000|34000|34000|34000|34000|42000|0||0|||1|0|00
2026|01|527010|015|08|CD|6216|AAH|01|51|1|F03|100|OB|521211|019|A|0|0||0||||2|KDM  Makan Rapat|30|ORG|1|KEG|0||0||30|OK|33400|1002000||0|0|0||0|0|0|0||||0|0||||0|83000|83000|83000|83000|83000|83000|83000|83000|83000|83000|83000|89000|0||0|||1|0|00
2026|01|527010|015|08|CD|6216|AAH|01|51|1|F02|100|SA|521211|019|A|0|0||0||||1|KDM  Snack Rapat|25|ORG|18|fr|0||0||450|OF|15120|6804000||0|0|0||0|0|0|0||||0|0||||0|433097|515949|533703|533703|550471|588346|588346|588346|588346|588346|588346|707001|0||0|||1|0|00
2026|01|527010|015|08|CD|6216|AAH|01|51|1|F02|100|SA|521211|019|A|0|0||0||||2|KDM  Makan Rapat|25|org|18|fr|0||0||450|OF|33389|15025000||0|0|0||0|0|0|0||||0|0||||0|956392|1139350|1178555|1178555|1215582|1299220|1299220|1299220|1299220|1299220|1299220|1561246|0||0|||1|0|00
2026|01|527010|015|08|CD|6216|AAH|01|51|1|F02|100|SA|521211|019|A|0|0||0||||3|KDM  Konsumsi FGD snack|40|org|1|fr|0||0||40|OF|15125|605000||0|0|0||0|0|0|0||||0|0||||0|38510|45877|47456|47456|48947|52315|52315|52315|52315|52315|52315|62864|0||0|||1|0|00
2026|01|527010|015|08|CD|6216|AAH|01|51|1|F02|100|SA|521211|019|A|0|0||0||||4|KDM  Konsumsi FGD makan|40|org|1|fr|0||0||40|OF|33400|1336000||0|0|0||0|0|0|0||||0|0||||0|85041|101309|104795|104795|108088|115525|115525|115525|115525|115525|115525|138822|0||0|||1|0|00
2026|01|527010|015|08|CD|6216|AAH|01|51|1|F02|100|SA|524111|019|A|0|0||0||||1|Akomodasi|2|org|2|hr|1|fr|5|lok|20|OHFL|527800|10556000||0|0|0||0|0|0|0||||0|0||||0|671925|800464|828009|828009|854023|912783|912783|912783|912783|912783|912783|1096872|0||0|||1|0|00
2026|01|527010|015|08|CD|6216|AAH|01|51|1|F02|100|SA|524111|019|A|0|0||0||||2|Uang Harian|2|org|3|hr|1|fr|5|lok|30|OHFL|118400|3552000||0|0|0||0|0|0|0||||0|0||||0|226097|269349|278618|278618|287371|307143|307143|307143|307143|307143|307143|369089|0||0|||1|0|00
2026|01|527010|015|08|CD|6216|AAH|01|51|1|F02|100|SA|524111|019|A|0|0||0||||3|Trasnportasi|2|org|1|fr|5|lok|0||10|OK|3110500|31105000||0|0|0||0|0|0|0||||0|0||||0|1979938|2358701|2439864|2439864|2516518|2689667|2689667|2689667|2689667|2689667|2689667|3232113|0||0|||1|0|00
2026|01|527010|015|08|CD|6216|FAE|01|51|1|001|100|OA|521211|019|A|0|0||0|01||1|1|Rapat Penyusunan Masukan Pemerintah terkait Pencetakan Uang oleh Bank Indonesia|0||0||0||0||0||0|0||0|0|0||0|0|0|0||||0|0||||0|0|0|0|0|0|0|0|0|0|0|0|0|0||0|||1|0|00
2026|01|527010|015|08|CD|6216|FAE|01|51|1|001|100|OA|521211|019|A|0|0||0|01|||2|KDM  Snack Rapat|40|ORG|1|KEG|4|FR|0||160|OK|12250|1960000||0|0|0||0|0|0|0||||0|0||||0|230741|230741|230741|230741|230741|230741|230741|230741|114072|0|0|0|0||0|||1|0|00
2026|01|527010|015|08|CD|6216|FAE|01|51|1|001|100|OA|521211|019|A|0|0||0|01|||3|KDM  Makan Rapat|40|ORG|1|KEG|4|FR|0||160|OK|35000|5600000||0|0|0||0|0|0|0||||0|0||||0|659259|659259|659259|659259|659259|659259|659259|659259|325928|0|0|0|0||0|||1|0|00
2026|01|527010|015|08|CD|6216|FAE|01|51|1|004|100|OA|521211|019|A|0|0||0|01||1|1|Rekonsiliasi Data Rekening Pemerintah Pusat dengan KL dan Bank|0||0||0||0||0||0|0||0|0|0||0|0|0|0||||0|0||||0|0|0|0|0|0|0|0|0|0|0|0|0|0||0|||1|0|00
2026|01|527010|015|08|CD|6216|FAE|01|51|1|004|100|OA|521211|019|A|0|0||0|01|||2|KDM  Snack Rapat|28|ORG|20|KEG|1|FR|0||560|OK|22627|12671000||0|0|0||0|0|0|0||||0|0||||0|301319|301319|301319|301319|301319|301319|301319|301319|301319|301319|301319|9356491|0||0|||1|0|00
2026|01|527010|015|08|CD|6216|FAE|01|51|1|004|100|OA|521211|019|A|0|0||0|01|||3|KDM  Makan Rapat|28|ORG|20|KEG|1|FR|0||560|OK|56033|31378000||0|0|0||0|0|0|0||||0|0||||0|746176|746176|746176|746176|746176|746176|746176|746176|746176|746176|746176|23170064|0||0|||1|0|00
2026|01|527010|015|08|CD|6216|FAE|01|51|1|004|100|OA|521211|019|A|0|0||0|02||1|4|Rapat pembahasan Peraturan|0||0||0||0||0||0|0||0|0|0||0|0|0|0||||0|0||||0|0|0|0|0|0|0|0|0|0|0|0|0|0||0|||1|0|00
2026|01|527010|015|08|CD|6216|FAE|01|51|1|004|100|OA|521211|019|A|0|0||0|02|||5|KDM  Snack Rapat|28|ORG|10|KEG|1|FR|0||280|OK|23118|6473000||0|0|0||0|0|0|0||||0|0||||0|153929|153929|153929|153929|153929|153929|153929|153929|153929|153929|153929|4779781|0||0|||1|0|00
2026|01|527010|015|08|CD|6216|FAE|01|51|1|004|100|OA|521211|019|A|0|0||0|02|||6|KDM  Makan Rapat|28|ORG|10|KEG|1|FR|0||280|OK|56908|15934000||0|0|0||0|0|0|0||||0|0||||0|378914|378914|378914|378914|378914|378914|378914|378914|378914|378914|378914|11765946|0||0|||1|0|00
2026|01|527010|015|08|CD|6216|FAE|01|51|1|004|100|OA|521211|019|A|0|0||0|03||1|7|Sosialisasi Implementasi Restrukturisasi Rekening kepada seluruh KL dan KPPN|0||0||0||0||0||0|0||0|0|0||0|0|0|0||||0|0||||0|0|0|0|0|0|0|0|0|0|0|0|0|0||0|||1|0|00
2026|01|527010|015|08|CD|6216|FAE|01|51|1|004|100|OA|521211|019|A|0|0||0|03|||8|KDM  Snack Rapat|28|ORG|20|KEG|1|FR|0||560|OK|22578|12643000||0|0|0||0|0|0|0||||0|0||||0|300653|300653|300653|300653|300653|300653|300653|300653|300653|300653|300653|9335817|0||0|||1|0|00
2026|01|527010|015|08|CD|6216|FAE|01|51|1|004|100|OA|521211|019|A|0|0||0|03|||9|KDM  Makan Rapat|28|ORG|20|KEG|1|FR|0||560|OK|56249|31499000||0|0|0||0|0|0|0||||0|0||||0|749053|749053|749053|749053|749053|749053|749053|749053|749053|749053|749053|23259417|0||0|||1|0|00
2026|01|527010|015|08|CD|6216|FAE|01|51|1|003|100|JA|521211|019|A|0|0||0||||1|KDM  Makan Rapat|16|ORG|1|FR|0||0||16|OF|57000|912000||0|0|0||0|0|0|0||||0|0||||0|86997|86997|83510|82033|81197|78050|78050|78050|78050|78259|71691|29116|0||0|||1|0|00
2026|01|527010|015|08|CD|6216|FAE|01|51|1|003|100|JA|521211|019|A|0|0||0||||2|KDM  Snack Rapat|16|ORG|1|FR|0||0||16|OF|24000|384000||0|0|0||0|0|0|0||||0|0||||0|36630|36630|35162|34540|34188|32863|32863|32863|32863|32951|30186|12261|0||0|||1|0|00
2026|01|527010|015|08|CD|6216|FAE|01|51|1|003|100|SA|521211|019|A|0|0||0||||1|KDM  Snack Rapat|25|org|20|fr|0||0||500|OF|4020|2010000||0|0|0||0|0|0|0||||0|0||||0|319085|319085|306296|300876|297813|286269|0|180576|0|0|0|0|0||0|||1|0|00
2026|01|527010|015|08|CD|6216|FAE|01|51|1|003|100|SA|521211|019|A|0|0||0||||2|KDM  Makan Rapat|25|org|20|fr|0||0||500|OF|43842|21921000||0|0|0||0|0|0|0||||0|0||||0|1963733|1963733|1885025|1851671|1832819|1761774|1761774|1761774|1761774|1766481|1618227|1992215|0||0|||1|0|00
2026|01|527010|015|08|CD|6216|FAE|01|51|1|003|100|SA|521211|019|A|0|0||0||||3|CTK  Pencetakan|1|pkt|0||0||0||1|PKT|148000|148000||0|0|0||0|0|0|0||||0|0||||0|14118|14118|13552|13312|13177|12666|12666|12666|12666|12700|11634|4725|0||0|||1|0|00
2026|01|527010|015|08|CD|6216|FAE|01|51|1|003|100|SB|524111|019|A|0|0||0||||1|Akomodasi|5|org|2|hr|1|fr|1|lok|10|OHFL|683600|6836000||0|0|0||0|0|0|0||||0|0||||0|652098|652098|625961|614885|608625|585033|585033|585033|585033|586596|537365|218240|0||0|||1|0|00
2026|01|527010|015|08|CD|6216|FAE|01|51|1|003|100|SB|524111|019|A|0|0||0||||2|Uang Harian|5|org|3|hr|1|fr|1|lok|15|OHFL|344000|5160000||0|0|0||0|0|0|0||||0|0||||0|492221|492221|472492|464132|459407|441599|441599|441599|441599|442779|405618|164734|0||0|||1|0|00
2026|01|527010|015|08|CD|6216|FAE|01|51|1|003|100|SB|524111|019|A|0|0||0||||3|Transportasi|5|org|1|fr|1|lok|0||5|OK|390000|1950000||0|0|0||0|0|0|0||||0|0||||0|186014|186014|178558|175399|173613|166883|166883|166883|166883|167329|153286|62255|0||0|||1|0|00
2026|01|527010|015|08|CD|6216|FAE|01|51|1|003|100|SC|524111|019|A|0|0||0||||1|Akomodasi|2|org|5|hr|1|fr|1|lok|10|OHFL|918800|9188000||0|0|0||0|0|0|0||||0|0||||0|876459|876459|841330|826443|818029|786320|786320|786320|786320|788421|722252|293327|0||0|||1|0|00
2026|01|527010|015|08|CD|6216|FAE|01|51|1|003|100|SC|524111|019|A|0|0||0||||2|Uang Harian|2|org|5|hr|2|fr|1|lok|20|OHFL|230400|4608000||0|0|0||0|0|0|0||||0|0||||0|439565|439565|421947|414481|410261|394358|394358|394358|394358|395412|362226|147111|0||0|||1|0|00
2026|01|527010|015|08|CD|6216|FAE|01|51|1|003|100|SC|524111|019|A|0|0||0||||3|Transportasi|2|org|1|fr|2|lok|0||4|OK|3403750|13615000||0|0|0||0|0|0|0||||0|0||||0|1298758|1298758|1246703|1224643|1212175|1165187|1165187|1165187|1165187|1168301|1070250|434664|0||0|||1|0|00
2026|01|527010|015|08|CD|6216|FAE|01|51|1|003|100|SD|521211|019|A|0|0||0||||1|KDM  Snack Rapat|10|org|5|fr|0||0||50|OF|18820|941000||0|0|0||0|0|0|0||||0|0||||0|89764|89764|86166|84641|83779|80532|80532|80532|80532|80747|73970|30041|0||0|||1|0|00
2026|01|527010|015|08|CD|6216|FAE|01|51|1|003|100|SD|521211|019|A|0|0||0||||2|KDM  Makan Rapat|10|org|5|fr|0||0||50|OF|43920|2196000||0|0|0||0|0|0|0||||0|0||||0|209480|209480|201084|197526|195515|187936|187936|187936|187936|188438|172623|70110|0||0|||1|0|00
2026|01|527010|015|08|CD|6216|FAE|01|51|1|003|100|SE|521211|019|A|0|0||0||||1|KDM  Snack Rapat|10|org|5|fr|0||0||50|OF|18820|941000||0|0|0||0|0|0|0||||0|0||||0|89764|89764|86166|84641|83779|80532|80532|80532|80532|80747|73970|30041|0||0|||1|0|00
2026|01|527010|015|08|CD|6216|FAE|01|51|1|003|100|SE|521211|019|A|0|0||0||||2|KDM  Makan Rapat|10|org|5|fr|0||0||50|OF|43920|2196000||0|0|0||0|0|0|0||||0|0||||0|209480|209480|201084|197526|195515|187936|187936|187936|187936|188438|172623|70110|0||0|||1|0|00
2026|01|527010|015|08|CD|6216|FAE|01|51|1|003|100|SF|521211|019|A|0|0||0||||1|KDM  Snack Rapat|10|org|5|fr|0||0||50|OF|15120|756000||0|0|0||0|0|0|0||||0|0||||0|72116|72116|69226|68001|67308|64699|64699|64699|64699|64872|59428|24137|0||0|||1|0|00
2026|01|527010|015|08|CD|6216|FAE|01|51|1|003|100|SF|521211|019|A|0|0||0||||2|KDM  Makan Rapat|10|org|5|fr|0||0||50|OF|35280|1764000||0|0|0||0|0|0|0||||0|0||||0|168271|168271|161526|158668|157053|150965|150965|150965|150965|151369|138665|56317|0||0|||1|0|00
2026|01|527010|015|08|CD|6216|FAE|01|51|1|003|100|SG|521211|019|A|0|0||0||||1|KDM  Snack Rapat|10|org|5|fr|0||0||50|OF|18820|941000||0|0|0||0|0|0|0||||0|0||||0|89764|89764|86166|84641|83779|80532|80532|80532|80532|80747|73970|30041|0||0|||1|0|00
2026|01|527010|015|08|CD|6216|FAE|01|51|1|003|100|SG|521211|019|A|0|0||0||||2|KDM  Makan Rapat|10|org|5|fr|0||0||50|OF|43920|2196000||0|0|0||0|0|0|0||||0|0||||0|209480|209480|201084|197526|195515|187936|187936|187936|187936|188438|172623|70110|0||0|||1|0|00
2026|01|527010|015|08|CD|6216|FAE|01|51|1|003|100|SH|521211|019|A|0|0||0||||1|CTK  Pencetakan Jurnal|1|PKT|0||0||0||1|PKT|3780000|3780000||0|0|0||0|0|0|0||||0|0||||0|360581|360581|346128|340004|336542|323497|323497|323497|323497|324361|297139|120676|0||0|||1|0|00
2026|01|527010|015|08|CD|6216|FAE|01|51|1|003|100|SH|521211|019|A|0|0||0||||2|KDM  Snack Rapat|10|org|5|fr|0||0||50|OF|15120|756000||0|0|0||0|0|0|0||||0|0||||0|72116|72116|69226|68001|67308|64699|64699|64699|64699|64872|59428|24137|0||0|||1|0|00
2026|01|527010|015|08|CD|6216|FAE|01|51|1|003|100|SH|521211|019|A|0|0||0||||3|KDM  Makan Rapat|10|org|5|fr|0||0||50|OF|35280|1764000||0|0|0||0|0|0|0||||0|0||||0|168271|168271|161526|158668|157053|150965|150965|150965|150965|151369|138665|56317|0||0|||1|0|00
2026|01|527010|015|08|CD|6216|FAE|01|51|1|003|100|SH|522151|019|A|0|0||0||||1|Honorarium Narasumber Praktisi Eksternal (Dosen, Profesor, Peneliti)|10|ORG|1|JAM|2|FREK|0||20|OJ|900000|18000000||0|0|0||0|0|0|0||||0|0||||0|0|0|0|0|0|0|0|0|18000000|0|0|0|0||0|||1|0|00
2026|01|527010|015|08|CD|6216|FAE|01|51|1|003|100|SH|522191|019|A|0|0||0||||1|Biaya Similarity Check Crossref, DOI System, Plagiarismee Grammarly, Turnitin, dan Proofreading|5|pkt|0||0||0||5|PKT|6320000|31600000||0|0|0||0|0|0|0||||0|0||||0|0|0|0|0|0|0|0|17616545|4244825|4256167|3898964|1583499|0||0|||1|0|00
2026|01|527010|015|08|CD|6216|FAE|01|51|1|003|100|SI|521211|019|A|0|0||0||||1|KDM  Snack Rapat|25|org|2|fr|0||0||50|OF|14480|724000||0|0|0||0|0|0|0||||0|0||||0|69064|69064|66295|65122|64459|61961|61961|61961|61961|62126|56912|23114|0||0|||1|0|00
2026|01|527010|015|08|CD|6216|FAE|01|51|1|003|100|SI|521211|019|A|0|0||0||||2|KDM  Makan Rapat|25|org|3|fr|0||0||75|OF|30240|2268000||0|0|0||0|0|0|0||||0|0||||0|216348|216348|207677|204002|201925|194098|194098|194098|194098|194617|178283|72408|0||0|||1|0|00
2026|01|527010|015|08|CD|6216|FAE|01|51|1|003|100|SJ|521211|019|A|0|0||0||||1|KDM  Snack Rapat|20|org|15|fr|0||0||300|OF|15120|4536000||0|0|0||0|0|0|0||||0|0||||0|432697|432697|415354|408004|403850|388196|388196|388196|388196|389233|356567|144814|0||0|||1|0|00
2026|01|527010|015|08|CD|6216|FAE|01|51|1|003|100|SJ|521211|019|A|0|0||0||||2|KDM  Makan Rapat|20|org|15|fr|0||0||300|OF|35910|10773000||0|0|0||0|0|0|0||||0|0||||0|1027655|1027655|986465|969010|959145|921966|921966|921966|921966|924429|846845|343932|0||0|||1|0|00
2026|01|527010|015|08|CD|6216|FAE|01|51|1|003|100|SJ|521211|019|A|0|0||0||||3|CTK  Penggandaan, Pencetakan Brosur, Leaflet, Spanduk dan Backdrop, dll|1|pkt|0||0||0||1|PKT|7040000|7040000||0|0|0||0|0|0|0||||0|0||||0|671556|671556|644641|633234|626787|602491|602491|602491|602491|604099|553401|224762|0||0|||1|0|00
2026|01|527010|015|08|WA|4711|EBA|01|51|1|Z04|100|EA|521211|019|A|0|0||0||||1|KDM  Snack Rapat|10|ORG|1|HR|1|FREK|0||10|OF|13900|139000||0|0|0||0|0|0|0||||0|0||||0|29311|29311|29311|29311|21756|0|0|0|0|0|0|0|0||0|||1|0|00
2026|01|527010|015|08|WA|4711|EBA|01|51|1|Z04|100|EA|521211|019|A|0|0||0||||2|KDM  Makan Rapat|10|ORG|1|HR|1|FREK|0||10|OF|32800|328000||0|0|0||0|0|0|0||||0|0||||0|69164|69164|69164|69164|51344|0|0|0|0|0|0|0|0||0|||1|0|00
2026|01|527010|015|08|WA|4711|EBA|01|51|1|Z04|100|EA|524111|019|A|0|0||0||||1|Akomodasi|2|ORG|1|HR|1|FREK|0||2|OF|601000|1202000||0|0|0||0|0|0|0||||0|0||||0|253462|253462|253462|253462|188152|0|0|0|0|0|0|0|0||0|||1|0|00
2026|01|527010|015|08|WA|4711|EBA|01|51|1|Z04|100|EA|524111|019|A|0|0||0||||2|Transport|2|ORG|1|FREK|0||0||2|OK|1000|2000||0|0|0||0|0|0|0||||0|0||||0|422|422|422|422|312|0|0|0|0|0|0|0|0||0|||1|0|00
2026|01|527010|015|08|WA|4711|EBA|01|51|1|Z04|100|EA|524111|019|A|0|0||0||||3|Uang Harian|2|ORG|2|HR|1|FREK|0||4|OH|436000|1744000||0|0|0||0|0|0|0||||0|0||||0|367752|367752|367752|367752|272992|0|0|0|0|0|0|0|0||0|||1|0|00
2026|01|527010|015|08|WA|4711|EBA|01|51|1|Z04|100|SA|524111|019|A|0|0||0||||1|Akomodasi|2|ORG|2|HR|5|FREK|0||20|OF|251850|5037000||0|0|0||0|0|0|0||||0|0||||0|1062138|1062138|1062138|1062138|788448|0|0|0|0|0|0|0|0||0|||1|0|00
2026|01|527010|015|08|WA|4711|EBA|01|51|1|Z04|100|SA|524111|019|A|0|0||0||||2|Transport|2|ORG|5|FREK|0||0||10|OK|1549100|15491000||0|0|0||0|0|0|0||||0|0||||0|3266544|3266544|3266544|3266544|2424824|0|0|0|0|0|0|0|0||0|||1|0|00
2026|01|527010|015|08|WA|4711|EBA|01|51|1|Z04|100|SA|524111|019|A|0|0||0||||3|Uang Harian|2|ORG|2|HR|5|FREK|0||20|OH|269650|5393000||0|0|0||0|0|0|0||||0|0||||0|1137207|1137207|1137207|1137207|844172|0|0|0|0|0|0|0|0||0|||1|0|00
2026|01|527010|015|08|WA|4715|EBA|01|51|1|001|100|BA|522151|019|A|0|0||0||||1|1. Honorarium Narasumber Sumpah|7|ORG|1|FREK|0||0||7|OF|400000|2800000||0|0|0||0|0|0|0||||0|0||||0|172564|183574|176019|172564|183398|194473|207659|164464|285503|167924|229804|662054|0||0|||1|0|00
2026|01|527010|015|08|WA|4715|EBA|01|51|1|001|100|CA|524111|019|A|0|0||0||||1|Transport|3|ORG|4|LOK|2|FR|0||24|OK|2566667|61600000||0|0|0||0|0|0|0||||0|0||||0|3796418|4038621|3872428|3796418|4034759|4278400|4568505|3618207|6281060|3694329|5055682|14565173|0||0|||1|0|00
2026|01|527010|015|08|WA|4715|EBA|01|51|1|001|100|CA|524111|019|A|0|0||0||||2|Akomodasi|3|ORG|3|HR|4|LOK|1|FR|36|OH|600000|21600000||0|0|0||0|0|0|0||||0|0||||0|1331211|1416140|1357864|1331211|1414786|1500218|1601943|1268722|2202450|1295414|1772772|5107269|0||0|||1|0|00
2026|01|527010|015|08|WA|4715|EBA|01|51|1|001|100|CA|524111|019|A|0|0||0||||3|Uang Saku Harian|3|ORG|4|HR|4|LOK|1|FR|48|OH|350000|16800000||0|0|0||0|0|0|0||||0|0||||0|1035387|1101442|1056117|1035387|1100389|1166836|1245956|986784|1713016|1007544|1378822|3972320|0||0|||1|0|00
2026|01|527010|015|08|WA|4715|EBA|01|51|1|001|100|DA|521211|019|A|0|0||0||||1|KDM  Konsumsi Makan Weekly Meeting|25|ORG|40|WEEK|1|KL|0||1000|OK|35910|35910000||0|0|0||0|0|0|0||||0|0||||0|2213139|2354333|2257449|2213139|2352081|2494113|2663231|2109250|3661573|2153626|2947233|8490833|0||0|||1|0|00
2026|01|527010|015|08|WA|4715|EBA|01|51|1|001|100|DA|521211|019|A|0|0||0||||2|KDM  Konsumsi Snack Weekly Meeting|25|ORG|40|WEEK|1|KL|0||1000|OK|15120|15120000||0|0|0||0|0|0|0||||0|0||||0|931848|991298|950505|931848|990350|1050153|1121360|888105|1541715|906790|1240940|3575088|0||0|||1|0|00
2026|01|527010|015|08|WA|4715|EBA|01|51|1|001|100|DA|521211|019|A|0|0||0||||3|KDM  Konsumsi Makan Kegiatan Rapat Biasa, Sarasehan, Pelantikan, Seremoni|20|ORG|50|HR|1|KL|0||1000|OK|5700|5700000||0|0|0||0|0|0|0||||0|0||||0|351292|373704|358325|351292|373346|395891|422735|334802|581202|341845|467815|1347751|0||0|||1|0|00
2026|01|527010|015|08|WA|4715|EBA|01|51|1|001|100|DA|521211|019|A|0|0||0||||4|KDM  Konsumsi Snack Kegiatan Rapat Biasa, Sarasehan, Pelantikan, Seremoni|20|ORG|50|HR|1|KL|0||1000|OK|2400|2400000||0|0|0||0|0|0|0||||0|0||||0|147912|157349|150874|147912|157198|166691|177994|140969|244717|143935|196975|567474|0||0|||1|0|00
2026|01|527010|015|08|WA|4715|EBA|01|51|1|001|100|DA|521211|019|A|0|0||0||||5|Belanja Dukungan Pimpinan Kantor Pusat DJPb|0||0||0||0||1|THN|30000000|30000000||0|0|0||0|0|0|0||||0|0||||0|1848905|1966861|1885923|1848905|1964980|2083636|2224921|1762114|3058958|1799186|2462183|7093428|0||0|||1|0|00
2026|01|527010|015|08|WA|4715|EBA|01|51|1|001|100|DA|522141|019|A|0|0||0||||1|Sewa Tanaman Dalam Gedung|0||0||0||0||1|THN|73000000|73000000||0|0|0||0|0|0|0||||0|0||||0|4499002|4786028|4589078|4499002|4781451|5070182|5413975|4287810|7443464|4378020|5991311|17260677|0||0|||1|0|00
2026|01|527010|015|08|WA|4715|EBA|01|51|1|001|100|DA|522191|019|A|0|0||0||||1|Jasa Perawatan Akuarium|0||0||0||0||1|PKT|366995000|366995000||0|0|0||0|0|0|0||||0|0||||0|22617960|24060937|23070806|22617960|24037927|25489472|27217831|21556230|37420742|22009747|30120291|86775097|0||0|||1|0|00
2026|01|527010|015|08|WA|4715|EBA|01|51|1|001|100|DA|522191|019|A|0|0||0||||2|Jasa Reviu dan Estimator RAB Pekerjaan Konstruksi|0||0||0||0||1|PKT|199467000|199467000||0|0|0||0|0|0|0||||0|0||||0|12293183|13077462|12539311|12293183|13064955|13853890|14793278|11716117|20338705|11962610|16370806|47163500|0||0|||1|0|00
2026|01|527010|015|08|WA|4715|EBA|01|51|1|001|100|DA|524111|019|A|0|0||0||||1|Akomodasi|3|ORG|2|HR|2|KL|0||12|OH|619830|7437000||0|0|0||0|0|0|0||||0|0||||0|458343|487585|467520|458343|487119|516533|551558|436828|758316|446018|610375|1758462|0||0|||1|0|00
2026|01|527010|015|08|WA|4715|EBA|01|51|1|001|100|DA|524111|019|A|0|0||0||||2|Transport|3|ORG|2|KL|0||0||6|OK|923417|5540000||0|0|0||0|0|0|0||||0|0||||0|341431|363214|348267|341431|362866|384778|410869|325404|564888|332250|454683|1309919|0||0|||1|0|00
2026|01|527010|015|08|WA|4715|EBA|01|51|1|001|100|DA|524111|019|A|0|0||0||||3|Uang Harian|3|ORG|3|HR|2|KL|0||18|OH|328700|5916000||0|0|0||0|0|0|0||||0|0||||0|364604|387865|371904|364604|387494|410893|438754|347489|603226|354800|485542|1398825|0||0|||1|0|00
2026|01|527010|015|08|WA|4715|EBA|01|51|1|001|100|DA|524113|019|A|0|0||0||||1|Transport dalam kota inventarisasi BMN|14|ORG|1|HR|10|KL|0||140|OK|4858|680000||0|0|0||0|0|0|0||||0|0||||0|41909|44582|42748|41909|44540|47229|50432|39941|69336|40782|55809|160783|0||0|||1|0|00
2026|01|527010|015|08|WA|4715|EBA|01|51|1|001|100|HA|521211|019|A|0|0||0||||1|Belanja Bahan Habis Pakai|0||0||0||0||1|Paket|25000000|25000000||0|0|0||0|0|0|0||||0|0||||0|1540754|1639051|1571602|1540754|1637483|1736364|1854101|1468428|2549132|1499322|2051819|5911190|0||0|||1|0|00
2026|01|527010|015|08|WA|4715|EBA|01|51|1|001|100|HA|521211|019|A|0|0||0|01||1|2|Konsumsi Rapat|0||0||0||0||0||0|0||0|0|0||0|0|0|0||||0|0||||0|0|0|0|0|0|0|0|0|0|0|0|0|0||0|||1|0|00
2026|01|527010|015|08|WA|4715|EBA|01|51|1|001|100|HA|521211|019|A|0|0||0|01|||3|KDM  Makan Rapat|0||0||0||0||1956|OK|36655|71697000||0|0|0||0|0|0|0||||0|0||||0|4418698|4700601|4507166|4418698|4696106|4979683|5317339|4211275|7310603|4299876|5884370|16952585|0||0|||1|0|00
2026|01|527010|015|08|WA|4715|EBA|01|51|1|001|100|HA|521211|019|A|0|0||0|01|||4|KDM  Snack Rapat|0||0||0||0||2100|OK|18831|39545000||0|0|0||0|0|0|0||||0|0||||0|2437165|2592650|2485960|2437165|2590171|2746580|2932817|2322759|4032216|2371628|3245567|9350322|0||0|||1|0|00
2026|01|527010|015|08|WA|4715|EBA|01|51|1|001|100|HA|521211|019|A|0|0||0|02||1|5|GKM|0||0||0||0||0||0|0||0|0|0||0|0|0|0||||0|0||||0|0|0|0|0|0|0|0|0|0|0|0|0|0||0|||1|0|00
2026|01|527010|015|08|WA|4715|EBA|01|51|1|001|100|HA|521211|019|A|0|0||0|02|||6|KDM  Snack Rapat|0||0||0||0||175|OK|15120|2646000||0|0|0||0|0|0|0||||0|0||||0|163073|173477|166338|163073|173311|183777|196238|155418|269800|158688|217165|625642|0||0|||1|0|00
2026|01|527010|015|08|WA|4715|EBA|01|51|1|001|100|HA|521211|019|A|0|0||0|02|||7|KDM  Makan Rapat|0||0||0||0||275|OK|35284|9703000||0|0|0||0|0|0|0||||0|0||||0|597997|636148|609970|597997|635540|673917|719614|569926|989369|581917|796352|2294253|0||0|||1|0|00
2026|01|527010|015|08|WA|4715|EBA|01|51|1|001|100|HB|522151|019|A|0|0||0||||1|Honorarium Narasumber (Menteri/Pejabat Setingkat Menteri)|0||0||0||0||6|OJ|1700000|10200000||0|0|0||0|0|0|0|||09.01.01|0|0||||0|628628|668733|641214|628628|668093|708436|756473|599119|1040046|611723|837142|2411765|0||0|||1|0|00
2026|01|527010|015|08|WA|4715|EBA|01|51|1|001|100|IA|521211|019|A|0|0||0|01||1|1|PENGELOLAAN KETATA USAHAAN|0||0||0||0||0||0|0||0|0|0||0|0|0|0||||0|0||||0|0|0|0|0|0|0|0|0|0|0|0|0|0||0|||1|0|00
2026|01|527010|015|08|WA|4715|EBA|01|51|1|001|100|IA|521211|019|A|0|0||0|01|||2|KDM  Konsumsi RapatMakan Direktur|5|ORG|15|FR|12|BLN|0||900|OF|35910|32319000||0|0|0||0|0|0|0||||0|0||||0|1991825|2118899|2031704|1991825|2116873|2244702|2396908|1898325|3295415|1938263|2652509|7641752|0||0|||1|0|00
2026|01|527010|015|08|WA|4715|EBA|01|51|1|001|100|IA|521211|019|A|0|0||0|01|||3|KDM  Konsumsi RapatSnack Direktur|5|ORG|15|FR|12|BLN|0||900|OF|15120|13608000||0|0|0||0|0|0|0||||0|0||||0|838663|892168|855454|838663|891315|945137|1009224|799295|1387543|816111|1116846|3217581|0||0|||1|0|00
2026|01|527010|015|08|WA|4715|EBA|01|51|1|001|100|IA|521211|019|A|0|0||0|02||1|4|RAPAT KONSULTASI, ASISTENSI DAN PEMBAHASAN KPI SATKER BLU|0||0||0||0||0||0|0||0|0|0||0|0|0|0||||0|0||||0|0|0|0|0|0|0|0|0|0|0|0|0|0||0|||1|0|00
2026|01|527010|015|08|WA|4715|EBA|01|51|1|001|100|IA|521211|019|A|0|0||0|02|||5|KDM  Makan Rapat|5|ORG|15|FR|12|BLN|0||900|OF|35910|32319000||0|0|0||0|0|0|0||||0|0||||0|1991825|2118899|2031704|1991825|2116873|2244702|2396908|1898325|3295415|1938263|2652509|7641752|0||0|||1|0|00
2026|01|527010|015|08|WA|4715|EBA|01|51|1|001|100|IA|521211|019|A|0|0||0|02|||6|KDM  Snack Rapat|5|ORG|15|FR|12|BLN|0||900|OF|15120|13608000||0|0|0||0|0|0|0||||0|0||||0|838663|892168|855454|838663|891315|945137|1009224|799295|1387543|816111|1116846|3217581|0||0|||1|0|00
2026|01|527010|015|08|WA|4715|EBA|01|51|1|001|100|JA|521211|019|A|0|0||0||||1|KDM  Makan Rapat|10|ORG|6|FR|11|BLN|0||660|OF|57000|37620000||0|0|0||0|0|0|0||||0|0||||0|2318527|2466444|2364947|2318527|2464085|2612880|2790051|2209691|3835933|2256180|3087577|8895158|0||0|||1|0|00
2026|01|527010|015|08|WA|4715|EBA|01|51|1|001|100|JA|521211|019|A|0|0||0||||10|Publikasi LKPP dan LKBUN Tahun 2025|1|MEDIA|1|FR|0||0||1|MEDIA|63124000|63124000||0|0|0||0|0|0|0||||0|0||||0|3890342|4138538|3968233|3890342|4134580|4384249|4681531|3707722|6436455|3785728|5180761|14925519|0||0|||1|0|00
2026|01|527010|015|08|WA|4715|EBA|01|51|1|001|100|JA|521211|019|A|0|0||0||||2|KDM  Snack Rapat|10|ORG|6|FR|11|BLN|0||660|OF|24000|15840000||0|0|0||0|0|0|0||||0|0||||0|976222|1038503|995767|976222|1037509|1100160|1174758|930396|1615130|949970|1300032|3745331|0||0|||1|0|00
2026|01|527010|015|08|WA|4715|EBA|01|51|1|001|100|JA|521211|019|A|0|0||0||||3|CTK  ATKHabis Pakai Penggandaan Laporan Buku (Dukungan Forum Akuntansi)|150|EKS|1|FR|0||0||150|EKS|120000|18000000||0|0|0||0|0|0|0||||0|0||||0|1109343|1180117|1131554|1109343|1178988|1250182|1334953|1057268|1835375|1079512|1477310|4256055|0||0|||1|0|00
2026|01|527010|015|08|WA|4715|EBA|01|51|1|001|100|JA|521211|019|A|0|0||0||||4|CTK  ATKHabis Pakai Penggandaan Laporan Buku (Lap Tinjut BPK)|50|EKS|2|FR|0||0||100|EKS|120000|12000000||0|0|0||0|0|0|0||||0|0||||0|739562|786744|754369|739562|785992|833455|889968|704845|1223583|719675|984873|2837372|0||0|||1|0|00
2026|01|527010|015|08|WA|4715|EBA|01|51|1|001|100|JA|521211|019|A|0|0||0||||5|CTK  ATKHabis Pakai Penggandaan Laporan Buku (Publikasi LKPP UnauditedAudited)|85|EKS|1|FR|0||0||85|EKS|120000|10200000||0|0|0||0|0|0|0||||0|0||||0|628628|668733|641214|628628|668093|708436|756473|599119|1040046|611723|837142|2411765|0||0|||1|0|00
2026|01|527010|015|08|WA|4715|EBA|01|51|1|001|100|JA|521211|019|A|0|0||0||||6|CTK  ATKHabis Pakai Penggandaan Laporan Buku (Publikasi LK BUN UnauditedAudited)|85|EKS|1|FR|0||0||85|EKS|120000|10200000||0|0|0||0|0|0|0||||0|0||||0|628628|668733|641214|628628|668093|708436|756473|599119|1040046|611723|837142|2411765|0||0|||1|0|00
2026|01|527010|015|08|WA|4715|EBA|01|51|1|001|100|JA|521211|019|A|0|0||0||||7|CTK  ATKHabis Pakai Penggandaan Laporan Buku (LK Akuntansi Pusat, Transaksi khusus, Unit Badan Lainnya, LK BUN Semester I Tahun 20|85|EKS|1|FR|0||0||85|EKS|120000|10200000||0|0|0||0|0|0|0||||0|0||||0|628628|668733|641214|628628|668093|708436|756473|599119|1040046|611723|837142|2411765|0||0|||1|0|00
2026|01|527010|015|08|WA|4715|EBA|01|51|1|001|100|JA|521211|019|A|0|0||0||||8|CTK  ATK Habis Pakai Kebutuhan Pegawai Dit. APK|100|ORG|1|FR|0||0||100|OF|306370|30637000||0|0|0||0|0|0|0||||0|0||||0|1888163|2008624|1925967|1888163|2006703|2127879|2272164|1799529|3123910|1837389|2514463|7244046|0||0|||1|0|00
2026|01|527010|015|08|WA|4715|EBA|01|51|1|001|100|JA|521211|019|A|0|0||0||||9|Pencetakan LKPP Berbahasa Inggris|20|BUKU|1|FR|0||0||20|EKS|250000|5000000||0|0|0||0|0|0|0||||0|0||||0|308151|327810|314320|308151|327497|347273|370820|293686|509826|299864|410364|1182238|0||0|||1|0|00
2026|01|527010|015|08|WA|4715|EBA|01|51|1|001|100|JA|522191|019|A|0|0||0||||1|Penerjemah|500|HAL|0||0||0||500|HAL|168000|84000000||0|0|0||0|0|0|0||||0|0||||0|5176933|5507211|5280583|5176933|5501944|5834182|6229779|4933918|8565082|5037722|6894111|19861602|0||0|||1|0|00
2026|01|527010|015|08|WA|4715|EBA|01|51|1|001|100|JA|524111|019|A|0|0||0||||1|Uang Saku Harian|2|ORG|2|HR|5|FR|0||20|OH|243750|4875000||0|0|0||0|0|0|0||||0|0||||0|300447|319615|306462|300447|319309|338591|361550|286343|497081|292368|400105|1152682|0||0|||1|0|00
2026|01|527010|015|08|WA|4715|EBA|01|51|1|001|100|JA|524113|019|A|0|0||0||||1|Transport Dalam Kota|2|ORG|5|FR|0||0||10|OF|102000|1020000||0|0|0||0|0|0|0||||0|0||||0|62862|66870|64121|62862|66809|70844|75645|59911|104004|61172|83714|241186|0||0|||1|0|00
2026|01|527010|015|08|WA|4715|EBA|01|51|1|994|002|BA|521111|019|A|0|0||0||||1|Uang harian magang mahasiswa|176|org|22|hari|3|frek|0||11616|OH|57000|662112000||0|0|0||0|0|0|0||||0|0||||0|38216989|48455226|77435737|28931909|29220918|63901947|28881680|28880372|23208495|38167126|38540218|218271383|0||0|||1|0|00
2026|01|527010|015|08|WA|4715|EBA|01|51|1|994|002|CA|521115|019|A|0|0||0|01||1|1|Honorarium Pengelola UAKPA Kantor Pusat DJPb|0||0||0||0||0||0|0||0|0|0||0|0|0|0||||0|0||||0|0|0|0|0|0|0|0|0|0|0|0|0|0||0|||1|0|00
2026|01|527010|015|08|WA|4715|EBA|01|51|1|994|002|CA|521115|019|A|0|0||0|02|||10|Anggota|3|ORG|12|BLN|0||0||36|OB|200000|7200000||0|0|0||0|0|0|0||||0|0||||0|415583|526916|842059|314614|317757|694889|314068|314054|252376|415041|419098|2373545|0||0|||1|0|00
2026|01|527010|015|08|WA|4715|EBA|01|51|1|994|002|CA|521115|019|A|0|0||0|03||1|11|Honorarium Pengelola UAPPA Eselon I BUN Belanja Lainlain DJPb|0||0||0||0||0||0|0||0|0|0||0|0|0|0||||0|0||||0|0|0|0|0|0|0|0|0|0|0|0|0|0||0|||1|0|00
2026|01|527010|015|08|WA|4715|EBA|01|51|1|994|002|CA|521115|019|A|0|0||0|03|||12|Penanggung Jawab|1|ORG|12|BLN|0||0||12|OB|270000|3240000||0|0|0||0|0|0|0||||0|0||||0|187012|237112|378927|141576|142991|312700|141331|141324|113569|186768|188594|1068096|0||0|||1|0|00
2026|01|527010|015|08|WA|4715|EBA|01|51|1|994|002|CA|521115|019|A|0|0||0|03|||13|Koordinator|1|ORG|12|BLN|0||0||12|OB|240000|2880000||0|0|0||0|0|0|0||||0|0||||0|166233|210767|336824|125846|127103|277955|125627|125621|100950|166016|167639|949419|0||0|||1|0|00
2026|01|527010|015|08|WA|4715|EBA|01|51|1|994|002|CA|521115|019|A|0|0||0|03|||14|Ketua|1|ORG|12|BLN|0||0||12|OB|210000|2520000||0|0|0||0|0|0|0||||0|0||||0|145454|184421|294721|110115|111215|243211|109924|109919|88332|145264|146684|830740|0||0|||1|0|00
2026|01|527010|015|08|WA|4715|EBA|01|51|1|994|002|CA|521115|019|A|0|0||0|03|||15|Anggota|3|ORG|12|BLN|0||0||36|OB|200000|7200000||0|0|0||0|0|0|0||||0|0||||0|415583|526916|842059|314614|317757|694889|314068|314054|252376|415041|419098|2373545|0||0|||1|0|00
2026|01|527010|015|08|WA|4715|EBA|01|51|1|994|002|CA|521115|019|A|0|0||0|04||1|16|Honorarium Pengelola Unit Akuntansi dan Pelaporan Keuangan Pembantu BUN Transaksi Khusus|0||0||0||0||0||0|0||0|0|0||0|0|0|0||||0|0||||0|0|0|0|0|0|0|0|0|0|0|0|0|0||0|||1|0|00
2026|01|527010|015|08|WA|4715|EBA|01|51|1|994|002|CA|521115|019|A|0|0||0|04|||17|Penanggung Jawab|1|ORG|12|BLN|0||0||12|OB|270000|3240000||0|0|0||0|0|0|0||||0|0||||0|187012|237112|378927|141576|142991|312700|141331|141324|113569|186768|188594|1068096|0||0|||1|0|00
2026|01|527010|015|08|WA|4715|EBA|01|51|1|994|002|CA|521115|019|A|0|0||0|04|||18|Koordinator|1|ORG|12|BLN|0||0||12|OB|240000|2880000||0|0|0||0|0|0|0||||0|0||||0|166233|210767|336824|125846|127103|277955|125627|125621|100950|166016|167639|949419|0||0|||1|0|00
2026|01|527010|015|08|WA|4715|EBA|01|51|1|994|002|CA|521115|019|A|0|0||0|04|||19|Ketua|1|ORG|12|BLN|0||0||12|OB|210000|2520000||0|0|0||0|0|0|0||||0|0||||0|145454|184421|294721|110115|111215|243211|109924|109919|88332|145264|146684|830740|0||0|||1|0|00
2026|01|527010|015|08|WA|4715|EBA|01|51|1|994|002|CA|521115|019|A|0|0||0|01|||2|Penanggung Jawab|1|ORG|12|BLN|0||0||12|OB|200000|2400000||0|0|0||0|0|0|0||||0|0||||0|138528|175639|280686|104871|105919|231630|104689|104685|84125|138347|139699|791182|0||0|||1|0|00
2026|01|527010|015|08|WA|4715|EBA|01|51|1|994|002|CA|521115|019|A|0|0||0|04|||20|Anggota|3|ORG|12|BLN|0||0||36|OB|200000|7200000||0|0|0||0|0|0|0||||0|0||||0|415583|526916|842059|314614|317757|694889|314068|314054|252376|415041|419098|2373545|0||0|||1|0|00
2026|01|527010|015|08|WA|4715|EBA|01|51|1|994|002|CA|521115|019|A|0|0||0|05||1|21|Honorarium Pengelola Unit Akuntansi dan Pelaporan Keuangan Belanja Subsidi|0||0||0||0||0||0|0||0|0|0||0|0|0|0||||0|0||||0|0|0|0|0|0|0|0|0|0|0|0|0|0||0|||1|0|00
2026|01|527010|015|08|WA|4715|EBA|01|51|1|994|002|CA|521115|019|A|0|0||0|05|||22|Penanggung Jawab|1|ORG|12|BLN|0||0||12|OB|270000|3240000||0|0|0||0|0|0|0||||0|0||||0|187012|237112|378927|141576|142991|312700|141331|141324|113569|186768|188594|1068096|0||0|||1|0|00
2026|01|527010|015|08|WA|4715|EBA|01|51|1|994|002|CA|521115|019|A|0|0||0|05|||23|Koordinator|1|ORG|12|BLN|0||0||12|OB|240000|2880000||0|0|0||0|0|0|0||||0|0||||0|166233|210767|336824|125846|127103|277955|125627|125621|100950|166016|167639|949419|0||0|||1|0|00
2026|01|527010|015|08|WA|4715|EBA|01|51|1|994|002|CA|521115|019|A|0|0||0|05|||24|Ketua|1|ORG|12|BLN|0||0||12|OB|210000|2520000||0|0|0||0|0|0|0||||0|0||||0|145454|184421|294721|110115|111215|243211|109924|109919|88332|145264|146684|830740|0||0|||1|0|00
2026|01|527010|015|08|WA|4715|EBA|01|51|1|994|002|CA|521115|019|A|0|0||0|05|||25|Anggota|3|ORG|12|BLN|0||0||36|OB|200000|7200000||0|0|0||0|0|0|0||||0|0||||0|415583|526916|842059|314614|317757|694889|314068|314054|252376|415041|419098|2373545|0||0|||1|0|00
2026|01|527010|015|08|WA|4715|EBA|01|51|1|994|002|CA|521115|019|A|0|0||0|01|||3|Koordinator|1|ORG|12|BLN|0||0||12|OB|200000|2400000||0|0|0||0|0|0|0||||0|0||||0|138528|175639|280686|104871|105919|231630|104689|104685|84125|138347|139699|791182|0||0|||1|0|00
2026|01|527010|015|08|WA|4715|EBA|01|51|1|994|002|CA|521115|019|A|0|0||0|01|||4|Ketua|1|ORG|12|BLN|0||0||12|OB|150000|1800000||0|0|0||0|0|0|0||||0|0||||0|103896|131729|210515|78654|79439|173722|78517|78513|63094|103760|104774|593387|0||0|||1|0|00
2026|01|527010|015|08|WA|4715|EBA|01|51|1|994|002|CA|521115|019|A|0|0||0|01|||5|Anggota|3|ORG|12|BLN|0||0||36|OB|150000|5400000||0|0|0||0|0|0|0||||0|0||||0|311687|395187|631544|235961|238318|521166|235551|235540|189282|311280|314323|1780161|0||0|||1|0|00
2026|01|527010|015|08|WA|4715|EBA|01|51|1|994|002|CA|521115|019|A|0|0||0|02||1|6|Honorarium Pengelola UAPPA Eselon I DJPb|0||0||0||0||0||0|0||0|0|0||0|0|0|0||||0|0||||0|0|0|0|0|0|0|0|0|0|0|0|0|0||0|||1|0|00
2026|01|527010|015|08|WA|4715|EBA|01|51|1|994|002|CA|521115|019|A|0|0||0|02|||7|Penanggung Jawab|1|ORG|12|BLN|0||0||12|OB|270000|3240000||0|0|0||0|0|0|0||||0|0||||0|187012|237112|378927|141576|142991|312700|141331|141324|113569|186768|188594|1068096|0||0|||1|0|00
2026|01|527010|015|08|WA|4715|EBA|01|51|1|994|002|CA|521115|019|A|0|0||0|02|||8|Koordinator|1|ORG|12|BLN|0||0||12|OB|240000|2880000||0|0|0||0|0|0|0||||0|0||||0|166233|210767|336824|125846|127103|277955|125627|125621|100950|166016|167639|949419|0||0|||1|0|00
2026|01|527010|015|08|WA|4715|EBA|01|51|1|994|002|CA|521115|019|A|0|0||0|02|||9|Ketua|1|ORG|12|BLN|0||0||12|OB|210000|2520000||0|0|0||0|0|0|0||||0|0||||0|145454|184421|294721|110115|111215|243211|109924|109919|88332|145264|146684|830740|0||0|||1|0|00
2026|01|527010|015|08|WA|4715|EBA|01|51|1|994|002|CB|521115|019|A|0|0||0|01||1|1|Pejabat Pengelola Keuangan Satker PPP BUN|0||0||0||0||0||0|0||0|0|0||0|0|0|0||||0|0||||0|0|0|0|0|0|0|0|0|0|0|0|0|0||0|||1|0|00
2026|01|527010|015|08|WA|4715|EBA|01|51|1|994|002|CB|521115|019|A|0|0||0|01|||2|Pejabat KPA|1|ORG|12|BLN|0||0||12|OB|2860000|34320000||0|0|0||0|0|0|0||||0|0||||0|1980944|2511635|4013814|1499660|1514641|3312302|1497057|1496989|1202992|1978360|1997699|11313907|0||0|||1|0|00
2026|01|527010|015|08|WA|4715|EBA|01|51|1|994|002|CB|521115|019|A|0|0||0|01|||3|Pejabat Pembuat Komitmen|7|ORG|12|BLN|0||0||84|OB|2780000|233520000||0|0|0||0|0|0|0||||0|0||||0|13478734|17089653|27310777|10203983|10305913|22537550|10186267|10185806|8185394|13461148|13592733|76982042|0||0|||1|0|00
2026|01|527010|015|08|WA|4715|EBA|01|51|1|994|002|CB|521115|019|A|0|0||0|01|||4|Pejabat Penandatangan SPM|1|ORG|12|BLN|0||0||12|OB|1470000|17640000||0|0|0||0|0|0|0||||0|0||||0|1018178|1290945|2063044|770804|778504|1702477|769466|769431|618321|1016849|1026789|5815192|0||0|||1|0|00
2026|01|527010|015|08|WA|4715|EBA|01|51|1|994|002|CB|521115|019|A|0|0||0|01|||5|Bendahara Pengeluaran|1|ORG|12|BLN|0||0||12|OB|1280000|15360000||0|0|0||0|0|0|0||||0|0||||0|886577|1124088|1796392|671177|677881|1482429|670011|669981|538402|885420|894075|5063567|0||0|||1|0|00
2026|01|527010|015|08|WA|4715|EBA|01|51|1|994|002|CB|521115|019|A|0|0||0|01|||6|Bendahara Pengeluaran Pembantu|6|ORG|12|BLN|0||0||72|OB|950000|68400000||0|0|0||0|0|0|0||||0|0||||0|3948036|5005705|7999560|2988834|3018690|6601441|2983645|2983510|2397572|3942885|3981427|22548695|0||0|||1|0|00
2026|01|527010|015|08|WA|4715|EBA|01|51|1|994|002|CB|521115|019|A|0|0||0|01|||7|Pejabat Pengadaan BarangJasa|7|ORG|12|BLN|0||0||84|OB|680000|57120000||0|0|0||0|0|0|0||||0|0||||0|3296956|4180203|6680334|2495938|2520871|5512782|2491605|2491492|2002183|3292655|3324841|18830140|0||0|||1|0|00
2026|01|527010|015|08|WA|4715|EBA|01|51|1|994|002|CB|521115|019|A|0|0||0|01|||8|Staf Pengelola Keuangan|15|ORG|12|BLN|0||0||180|OB|950000|171000000||0|0|0||0|0|0|0||||0|0||||0|9870090|12514263|19998899|7472084|7546725|16503602|7459112|7458774|5993929|9857212|9953569|56371741|0||0|||1|0|00
2026|01|527010|015|08|WA|4715|EBA|01|51|1|994|002|CC|524111|019|A|0|0||0||||1|Transportasi|3|ORG|34|LOK|2|KEG|0||204|OK|4023231|820739000||0|0|0||0|0|0|0||||0|0||||0|47372912|60063997|95987581|35863337|36221586|79211402|35801074|35799454|28768723|47311103|47773579|270564252|0||0|||1|0|00
2026|01|527010|015|08|WA|4715|EBA|01|51|1|994|002|CC|524111|019|A|0|0||0||||2|Akomdasi|3|ORG|2|HR|34|LOK|2|KEG|408|OH|600000|244800000||0|0|0||0|0|0|0||||0|0||||0|14129813|17915155|28630003|10696878|10803732|23626209|10678307|10677824|8580783|14111378|14249319|80700599|0||0|||1|0|00
2026|01|527010|015|08|WA|4715|EBA|01|51|1|994|002|CC|524111|019|A|0|0||0||||3|Uang Saku Harian|3|ORG|3|HR|34|LOK|2|KEG|612|OH|350000|214200000||0|0|0||0|0|0|0||||0|0||||0|12363587|15675761|25051252|9359768|9453266|20672933|9343519|9343096|7508185|12347455|12468154|70613024|0||0|||1|0|00
2026|01|527010|015|08|WA|4715|EBA|01|51|1|994|002|CC|524119|019|A|0|0||0||||1|Transportasi|214|ORG|0||1|KEG|0||214|OK|3946309|844510000||0|0|0||0|0|0|0||||0|0||||0|48744970|61803626|98767662|36902044|37270669|81505596|36837978|36836310|29601949|48681371|49157241|278400584|0||0|||1|0|00
2026|01|527010|015|08|WA|4715|EBA|01|51|1|994|002|CC|524119|019|A|0|0||0||||2|Akomodasi|240|ORG|2|HR|1|KEG|0||480|OH|1100000|528000000||0|0|0||0|0|0|0||||0|0||||0|30476068|38640531|61750986|23071698|23302167|50958490|23031643|23030600|18507572|30436305|30733826|174060114|0||0|||1|0|00
2026|01|527010|015|08|WA|4715|EBA|01|51|1|994|002|CC|524119|019|A|0|0||0||||3|Uang Saku Harian|240|ORG|3|HR|1|KEG|0||720|OH|130000|93600000||0|0|0||0|0|0|0||||0|0||||0|5402576|6849912|10946766|4089983|4130839|9033551|4082882|4082697|3280888|5395527|5448269|30856110|0||0|||1|0|00
2026|01|527010|015|08|WA|4715|EBA|01|51|1|994|002|CD|521119|019|A|0|0||0||||1|Medical Check Up PejabatPegawai|0||0||0||0||1260|ORG|1158910|1460226000||0|0|0||0|0|0|0||||0|0||||0|84283989|106863462|170777264|63806615|64443998|140929758|63695840|63692956|51184161|84174022|84996841|481377094|0||0|||1|0|00
2026|01|527010|015|08|WA|4715|EBA|01|51|1|994|002|DA|521111|019|A|0|0||0||||1|Iuran Pengelola Lingkungan|6|BLN|0||0||0||6|OF|4568895|27413000||0|0|0||0|0|0|0||||0|0||||0|1582274|2006161|3206022|1197849|1209815|2645691|1195770|1195716|960886|1580209|1595656|9036951|0||0|||1|0|00
2026|01|527010|015|08|WA|4715|EBA|01|51|1|994|002|DA|521111|019|A|0|0||0||||2|Keperluan sehari hari perkantoran|1367|ORG|1|THN|0||0||1367|OT|2609482|3567161000||0|0|0||0|0|0|0||||0|0||||0|205895909|261054914|417188844|155872084|157429134|344274883|155601472|155594427|125036908|205627272|207637321|1175947832|0||0|||1|0|00
2026|01|527010|015|08|WA|4715|EBA|01|51|1|994|002|DA|521111|019|A|0|0||0||||3|Pengadaan alat listrik, keset karpet, underlayer dan barang habis pakai|0||0||0||0||1|THN|566803000|566803000||0|0|0||0|0|0|0||||0|0||||0|32715770|41480244|66289099|24767249|25014656|54703457|24724250|24723131|19867703|32673085|32992471|186851885|0||0|||1|0|00
2026|01|527010|015|08|WA|4715|EBA|01|51|1|994|002|DA|521111|019|A|0|0||0||||4|Honor Petugas Kebersihan|79|ORG|13|BLN|0||0||1027|OB|5721000|5875467000||0|0|0||0|0|0|0||||0|0||||0|339130928|429983265|687151291|256736740|259301356|567054786|256291015|256279412|205948155|338688455|341999206|1936902391|0||0|||1|0|00
2026|01|527010|015|08|WA|4715|EBA|01|51|1|994|002|DA|521111|019|A|0|0||0||||5|Honor Pramubhakti|59|ORG|13|BLN|0||0||767|OB|5721000|4388007000||0|0|0||0|0|0|0||||0|0||||0|253274997|321126742|513188939|191740097|193655443|423496612|191407214|191398548|153809382|252944542|255417128|1446547356|0||0|||1|0|00
2026|01|527010|015|08|WA|4715|EBA|01|51|1|994|002|DA|521111|019|A|0|0||0||||6|Honor Pengemudi|18|ORG|13|BLN|0||0||234|OB|6294000|1472796000||0|0|0||0|0|0|0||||0|0||||0|85009528|107783370|172247359|64355879|64998748|142142917|64244150|64241241|51624768|84898614|85728515|485520911|0||0|||1|0|00
2026|01|527010|015|08|WA|4715|EBA|01|51|1|994|002|DA|521111|019|A|0|0||0||||7|Honor Satpam|31|ORG|13|BLN|0||0||403|OB|6294000|2536482000||0|0|0||0|0|0|0||||0|0||||0|146405298|185626915|296648229|110835125|111942288|244801691|110642702|110637693|88909322|146214279|147643554|836174904|0||0|||1|0|00
2026|01|527010|015|08|WA|4715|EBA|01|51|1|994|002|DA|521111|019|A|0|0||0||||8|Uang Lembur Satpam, Pengemudi, Pramubhakti dan Petugas Kebersihan|187|ORG|2|JAM|12|HARI|12|BLN|53856|OJ|13000|700128000||0|0|0||0|0|0|0||||0|0||||0|40411266|51237344|81881808|30593071|30898674|67570958|30539958|30538575|24541040|40358540|40753053|230803713|0||0|||1|0|00
2026|01|527010|015|08|WA|4715|EBA|01|51|1|994|002|DA|521111|019|A|0|0||0||||9|Uang Makan Lembur Satpam, Pengemudi, Pramubhakti dan Petugas Kebersihan|187|ORG|6|JAM|12|BLN|0||13464|OH|30000|403920000||0|0|0||0|0|0|0||||0|0||||0|23314192|29560006|47239504|17649849|17826158|38983245|17619207|17618409|14158292|23283773|23511377|133155988|0||0|||1|0|00
2026|01|527010|015|08|WA|4715|EBA|01|51|1|994|002|DA|521119|019|A|0|0||0||||1|Medical Check Up PejabatPegawai|0||0||0||0||2555|ORG|1200000|3066000000||0|0|0||0|0|0|0||||0|0||||0|176968984|224378537|358576750|133973154|135311449|295906687|133740561|133734506|107470103|176738088|178465740|1010735441|0||0|||1|0|00
2026|01|527010|015|08|WA|4715|EBA|01|51|1|994|002|DA|521119|019|A|0|0||0||||2|Pencetakan bukubuku, modul, makalah, bahan sosialisasi|550|EKS|2|FR|0||0||1100|EKS|252300|277530000||0|0|0||0|0|0|0||||0|0||||0|16018983|20310429|32457862|12127061|12248202|26785056|12106007|12105459|9728042|15998083|16154467|91490349|0||0|||1|0|00
2026|01|527010|015|08|WA|4715|EBA|01|51|1|994|002|DA|521119|019|A|0|0||0||||3|Pencetakan kalender|0||0||0||0||1500|PCS|77189|115783000||0|0|0||0|0|0|0||||0|0||||0|6682975|8473327|13541126|5059300|5109839|11174483|5050516|5050288|4058451|6674255|6739497|38168943|0||0|||1|0|00
2026|01|527010|015|08|WA|4715|EBA|01|51|1|994|002|DA|521119|019|A|0|0||0||||4|Pencetakan majalah treasury|1250|EKS|4|FR|0||0||5000|EKS|30876|154380000||0|0|0||0|0|0|0||||0|0||||0|8910787|11297964|18055146|6745850|6813236|14899568|6734138|6733833|5411362|8899160|8986152|50892804|0||0|||1|0|00
2026|01|527010|015|08|WA|4715|EBA|01|51|1|994|002|DA|521119|019|A|0|0||0||||5|Pencetakan buku agenda kerja|0||0||0||0||1000|PCS|40000|40000000||0|0|0||0|0|0|0||||0|0||||0|2308793|2927313|4678105|1747856|1765316|3860492|1744821|1744742|1402089|2305781|2328320|13186372|0||0|||1|0|00
2026|01|527010|015|08|WA|4715|EBA|01|51|1|994|002|DA|521119|019|A|0|0||0||||6|Pengisian Saldo Uang Elektonik Operasional|20|FR|12|BLN|0||0||240|FR|60000|14400000||0|0|0||0|0|0|0||||0|0||||0|831165|1053833|1684118|629228|635514|1389777|628136|628107|504752|830081|838195|4747094|0||0|||1|0|00
2026|01|527010|015|08|WA|4715|EBA|01|51|1|994|002|DA|521119|019|A|0|0||0|01||1|7|Seragam Kantor Pusat DJPb|0||0||0||0||0||0|0||0|0|0||0|0|0|0||||0|0||||0|0|0|0|0|0|0|0|0|0|0|0|0|0||0|||1|0|00
2026|01|527010|015|08|WA|4715|EBA|01|51|1|994|002|DA|521119|019|A|0|0||0|01|||8|Seragam ASN|334|ORG|2|STEL|0||0||668|STEL|900000|601200000||0|0|0||0|0|0|0||||0|0||||0|34701159|43997514|70311918|26270274|26532695|58023190|26224666|26223478|21073394|34655883|34994652|198191177|0||0|||1|0|00
2026|01|527010|015|08|WA|4715|EBA|01|51|1|994|002|DA|521119|019|A|0|0||0|01|||9|Seragam Pengemudi, Pramubhaksi, Petugas Kebersihan|156|ORG|2|STEL|0||0||312|STEL|733010|228699000||0|0|0||0|0|0|0||||0|0||||0|13200466|16736839|26746948|9993322|10093148|22072265|9975973|9975521|8016407|13183243|13312112|75392756|0||0|||1|0|00
2026|01|527010|015|08|WA|4715|EBA|01|51|1|994|002|DA|521811|019|A|0|0||0||||1|ATK  Pengadaan ATK dan bahan lainnya|0||0||0||0||12|BLN|20400000|244800000||0|0|0||0|0|0|0||||0|0||||0|14129813|17915155|28630003|10696878|10803732|23626209|10678307|10677824|8580783|14111378|14249319|80700599|0||0|||1|0|00
2026|01|527010|015|08|WA|4715|EBA|01|51|1|994|002|DA|521811|019|A|0|0||0||||2|ATK  Pengadaan supplies komputer|0||0||0||0||12|BLN|34000000|408000000||0|0|0||0|0|0|0||||0|0||||0|23549689|29858592|47716671|17828130|18006220|39377015|17797178|17796373|14301305|23518963|23748866|134500998|0||0|||1|0|00
2026|01|527010|015|08|WA|4715|EBA|01|51|1|994|002|DA|522141|019|A|0|0||0||||1|Sewa Tanaman dalam Gedung|1|THN|0||0||0||1|THN|70000000|70000000||0|0|0||0|0|0|0||||0|0||||0|4040388|5122798|8186684|3058748|3089302|6755860|3053437|3053299|2453655|4035116|4074560|23076153|0||0|||1|0|00
2026|01|527010|015|08|WA|4715|EBA|01|51|1|994|002|DA|522141|019|A|0|0||0||||2|Sewa Printer|1|THN|0||0||0||1|THN|45000000|45000000||0|0|0||0|0|0|0||||0|0||||0|2597392|3293227|5262868|1966338|1985980|4343053|1962924|1962835|1577350|2594003|2619360|14834670|0||0|||1|0|00
2026|01|527010|015|08|WA|4715|EBA|01|51|1|994|002|DB|521114|019|A|0|0||0||||1|Biaya pengiriman suratdokumenbukuperalatan dan mesin|0||0||0||0||12|BLN|29450000|353400000||0|0|0||0|0|0|0||||0|0||||0|20398186|25862810|41331058|15442307|15596564|34107444|15415497|15414799|12387454|20371572|20570709|116501600|0||0|||1|0|00
2026|01|527010|015|08|WA|4715|EBA|01|51|1|994|002|DB|522111|019|A|0|0||0||||1|Langganan Listrik|0||0||0||0||12|BLN|2698728084|32384737000||0|0|0||0|0|0|0||||0|0||||0|1869241359|2370006496|3787480017|1415096333|1429232128|3125525187|1412639562|1412575603|1135156890|1866802511|1885050895|10675930019|0||0|||1|0|00
2026|01|527010|015|08|WA|4715|EBA|01|51|1|994|002|DB|522112|019|A|0|0||0||||1|Langganan Telepon|0||0||0||0||12|BLN|186666667|2240000000||0|0|0||0|0|0|0||||0|0||||0|129292408|163929525|261973881|97879930|98857680|216187534|97709999|97705575|78516970|129123717|130385929|738436852|0||0|||1|0|00
2026|01|527010|015|08|WA|4715|EBA|01|51|1|994|002|DB|522113|019|A|0|0||0||||1|Langganan Air|0||0||0||0||12|BLN|100000000|1200000000||0|0|0||0|0|0|0||||0|0||||0|69263790|87819388|140343151|52435677|52959471|115814750|52344642|52342272|42062663|69173420|69849605|395591171|0||0|||1|0|00
2026|01|527010|015|08|WA|4715|EBA|01|51|1|994|002|DB|522119|019|A|0|0||0||||1|Biaya Layanan Payment Gateway via VA, KKP, dan Lisensi|0||0||0||0||12|BLN|30000000|360000000||0|0|0||0|0|0|0||||0|0||||0|20779137|26345817|42102945|15730703|15887841|34744425|15703393|15702682|12618799|20752026|20954881|118677351|0||0|||1|0|00
2026|01|527010|015|08|WA|4715|EBA|01|51|1|994|002|DC|521115|019|A|0|0||0||||1|Honorarium KPA|1|ORG|12|BLN|0||0||12|OB|3500000|42000000||0|0|0||0|0|0|0||||0|0||||0|2424233|3073679|4912010|1835249|1853581|4053516|1832062|1831980|1472193|2421070|2444736|13845691|0||0|||1|0|00
2026|01|527010|015|08|WA|4715|EBA|01|51|1|994|002|DC|521115|019|A|0|0||0||||10|Honorarium Staf Pembantu PPK Belanja Barang dan Modal TIK|2|ORG|12|BLN|0||0||24|OB|950000|22800000||0|0|0||0|0|0|0||||0|0||||0|1316012|1668568|2666520|996278|1006230|2200480|994548|994503|799191|1314295|1327142|7516233|0||0|||1|0|00
2026|01|527010|015|08|WA|4715|EBA|01|51|1|994|002|DC|521115|019|A|0|0||0||||11|Honorarium Staf Pembantu PPK Belanja Barang dan Modal Non TIK|12|ORG|12|BLN|0||0||144|OB|490000|70560000||0|0|0||0|0|0|0||||0|0||||0|4072711|5163780|8252177|3083218|3114017|6809907|3077865|3077726|2473285|4067397|4107157|23260760|0||0|||1|0|00
2026|01|527010|015|08|WA|4715|EBA|01|51|1|994|002|DC|521115|019|A|0|0||0||||12|Honorarium Pengelola SAI|0||0||0||0||12|BLN|1800000|21600000||0|0|0||0|0|0|0||||0|0||||0|1246748|1580749|2526177|943842|953270|2084666|942204|942161|757128|1245122|1257293|7120640|0||0|||1|0|00
2026|01|527010|015|08|WA|4715|EBA|01|51|1|994|002|DC|521115|019|A|0|0||0||||13|Honorarium Pejabat Pengadaan BarangJasa|14|ORG|12|BLN|0||0||168|OB|680000|114240000||0|0|0||0|0|0|0||||0|0||||0|6593913|8360406|13360668|4991876|5041742|11025564|4983210|4982984|4004365|6585310|6649682|37660280|0||0|||1|0|00
2026|01|527010|015|08|WA|4715|EBA|01|51|1|994|002|DC|521115|019|A|0|0||0||||14|Honorarium POKJA Pemilihan|5|ORG|5|POKJA|3|PKT|0||75|PKT|760000|57000000||0|0|0||0|0|0|0||||0|0||||0|3290030|4171421|6666300|2490695|2515575|5501201|2486371|2486258|1997976|3285737|3317856|18790580|0||0|||1|0|00
2026|01|527010|015|08|WA|4715|EBA|01|51|1|994|002|DC|521115|019|A|0|0||0||||2|Honorarium Pejabat Penandatangan SPM|1|ORG|12|BLN|0||0||12|OB|1940000|23280000||0|0|0||0|0|0|0||||0|0||||0|1343718|1703696|2722657|1017252|1027414|2246806|1015486|1015440|816016|1341964|1355082|7674469|0||0|||1|0|00
2026|01|527010|015|08|WA|4715|EBA|01|51|1|994|002|DC|521115|019|A|0|0||0||||3|Honorarium PPK Belanja Pegawai|1|ORG|12|BLN|0||0||12|OB|1750000|21000000||0|0|0||0|0|0|0||||0|0||||0|1212116|1536839|2456005|917624|926791|2026758|916031|915990|736097|1210535|1222368|6922846|0||0|||1|0|00
2026|01|527010|015|08|WA|4715|EBA|01|51|1|994|002|DC|521115|019|A|0|0||0||||4|Honorarium PPK Belanja Barang dan Modal TIK|1|ORG|12|BLN|0||0||12|OB|2780000|33360000||0|0|0||0|0|0|0||||0|0||||0|1925533|2441379|3901540|1457712|1472273|3219650|1455181|1455115|1169342|1923021|1941819|10997435|0||0|||1|0|00
2026|01|527010|015|08|WA|4715|EBA|01|51|1|994|002|DC|521115|019|A|0|0||0||||5|Honorarium PPK Belanja Barang dan Modal Non TIK|7|ORG|12|BLN|0||0||84|OB|1750000|147000000||0|0|0||0|0|0|0||||0|0||||0|8484814|10757875|17192036|6423370|6487535|14187307|6412219|6411928|5152676|8473744|8556577|48459919|0||0|||1|0|00
2026|01|527010|015|08|WA|4715|EBA|01|51|1|994|002|DC|521115|019|A|0|0||0||||6|Honorarium Bendahara Pengeluaran|1|ORG|12|BLN|0||0||12|OB|1690000|20280000||0|0|0||0|0|0|0||||0|0||||0|1170558|1484148|2371799|886163|895015|1957269|884624|884584|710859|1169031|1180458|6685492|0||0|||1|0|00
2026|01|527010|015|08|WA|4715|EBA|01|51|1|994|002|DC|521115|019|A|0|0||0||||7|Honorarium PPABP|1|ORG|12|BLN|0||0||12|OB|490000|5880000||0|0|0||0|0|0|0||||0|0||||0|339393|430315|687681|256935|259501|567492|256489|256477|206107|338950|342263|1938397|0||0|||1|0|00
2026|01|527010|015|08|WA|4715|EBA|01|51|1|994|002|DC|521115|019|A|0|0||0||||8|Honorarium Staf Pembantu KPA|2|ORG|12|BLN|0||0||24|OB|1260000|30240000||0|0|0||0|0|0|0||||0|0||||0|1745448|2213049|3536647|1321379|1334579|2918532|1319085|1319025|1059979|1743170|1760210|9968897|0||0|||1|0|00
2026|01|527010|015|08|WA|4715|EBA|01|51|1|994|002|DC|521115|019|A|0|0||0||||9|Honorarium Staf Pembantu PPK Belanja Pegawai|1|ORG|12|BLN|0||0||12|OB|490000|5880000||0|0|0||0|0|0|0||||0|0||||0|339393|430315|687681|256935|259501|567492|256489|256477|206107|338950|342263|1938397|0||0|||1|0|00
2026|01|527010|015|08|WA|4715|EBA|01|51|1|994|002|DD|523121|019|A|0|0||0||||1|Pemeliharaan Lift|9|UNIT|0||0||0||9|UNIT|22222223|200000000||0|0|0||0|0|0|0||||0|0||||0|11543965|14636565|23390525|8739279|8826579|19302458|8724107|8723712|7010444|11528903|11641601|65931862|0||0|||1|0|00
2026|01|527010|015|08|WA|4715|EBA|01|51|1|994|002|DD|523121|019|A|0|0||0||||10|Pemeliharaan Alat Pemadam Kebakaran|0||0||0||0||84|UNIT|95822|8049000||0|0|0||0|0|0|0||||0|0||||0|464587|589049|941352|351712|355226|776827|351102|351086|282135|463981|468516|2653427|0||0|||1|0|00
2026|01|527010|015|08|WA|4715|EBA|01|51|1|994|002|DD|523121|019|A|0|0||0||||11|Pemeliharaan LCD Projector|0||0||0||0||48|UNIT|287459|13798000||0|0|0||0|0|0|0||||0|0||||0|796418|1009777|1613712|602923|608946|1331677|601876|601849|483651|795379|803154|4548638|0||0|||1|0|00
2026|01|527010|015|08|WA|4715|EBA|01|51|1|994|002|DD|523121|019|A|0|0||0||||12|Pemeliharaan CCTV|0||0||0||0||40|UNIT|479100|19164000||0|0|0||0|0|0|0||||0|0||||0|1106143|1402476|2241280|837398|845763|1849562|835944|835906|671741|1104700|1115498|6317589|0||0|||1|0|00
2026|01|527010|015|08|WA|4715|EBA|01|51|1|994|002|DD|523121|019|A|0|0||0||||13|Pemeliharaan Sound System|0||0||0||0||2|UNIT|479000|958000||0|0|0||0|0|0|0||||0|0||||0|55296|70109|112041|41861|42279|92459|41788|41787|33580|55223|55763|315814|0||0|||1|0|00
2026|01|527010|015|08|WA|4715|EBA|01|51|1|994|002|DD|523121|019|A|0|0||0||||14|Pemeliharaan Genset Kantor Pusat|9|UNIT|0||0||0||9|UNIT|21740333|195662000||0|0|0||0|0|0|0||||0|0||||0|11293576|14319098|22883185|8549724|8635130|18883788|8534881|8534495|6858387|11278841|11389094|64501801|0||0|||1|0|00
2026|01|527010|015|08|WA|4715|EBA|01|51|1|994|002|DD|523121|019|A|0|0||0||||15|Pemeliharaan Genset Kantor Vertikal|0||0||0||0||2|UNIT|6353000|12706000||0|0|0||0|0|0|0||||0|0||||0|733388|929861|1486000|555206|560753|1226285|554243|554217|445373|732431|739591|4188652|0||0|||1|0|00
2026|01|527010|015|08|WA|4715|EBA|01|51|1|994|002|DD|523121|019|A|0|0||0||||16|Pemeliharaan Televisi|287|UNIT|0||0||0||287|UNIT|178390|51197000||0|0|0||0|0|0|0||||0|0||||0|2955082|3746741|5987624|2237124|2259472|4941140|2233241|2233139|1794568|2951226|2980075|16877568|0||0|||1|0|00
2026|01|527010|015|08|WA|4715|EBA|01|51|1|994|002|DD|523121|019|A|0|0||0||||17|Pemeliharaan LED|0||0||0||0||1|UNIT|23955000|23955000||0|0|0||0|0|0|0||||0|0||||0|1382678|1753095|2801600|1046747|1057203|2311952|1044930|1044883|839676|1380874|1394373|7896989|0||0|||1|0|00
2026|01|527010|015|08|WA|4715|EBA|01|51|1|994|002|DD|523121|019|A|0|0||0||||18|Pemeliharaan Mesin Absensi Hand Key|0||0||0||0||41|UNIT|958196|39286000||0|0|0||0|0|0|0||||0|0||||0|2267581|2875060|4594601|1716657|1733805|3791582|1713676|1713599|1377061|2264622|2286760|12950996|0||0|||1|0|00
2026|01|527010|015|08|WA|4715|EBA|01|51|1|994|002|DD|523121|019|A|0|0||0||||19|Pemeliharaan Mesin Fax, Mesin Fotocopy, Copy Board, Alat Cetak, Mesin Penyortir, Lemari Es, Access Door|0||0||0||0||57|UNIT|959141|54671000||0|0|0||0|0|0|0||||0|0||||0|3155601|4000978|6393917|2388926|2412789|5276424|2384778|2384670|1916340|3151483|3182290|18022804|0||0|||1|0|00
2026|01|527010|015|08|WA|4715|EBA|01|51|1|994|002|DD|523121|019|A|0|0||0||||2|Material Jaringan Kantor Pusat dan Vertikal|60|UNIT|0||0||0||60|UNIT|1666667|100000000||0|0|0||0|0|0|0||||0|0||||0|5771983|7318282|11695263|4369640|4413289|9651229|4362054|4361856|3505222|5764452|5820800|32965930|0||0|||1|0|00
2026|01|527010|015|08|WA|4715|EBA|01|51|1|994|002|DD|523121|019|A|0|0||0||||20|Pemeliharaan Meubelair|0||0||0||0||1210|UNIT|95820|115942000||0|0|0||0|0|0|0||||0|0||||0|6692152|8484963|13559721|5066248|5116856|11189828|5057452|5057223|4064024|6683421|6748752|38221360|0||0|||1|0|00
2026|01|527010|015|08|WA|4715|EBA|01|51|1|994|002|DD|523121|019|A|0|0||0||||21|Pemeliharaan Pompa Air|0||0||0||0||12|UNIT|958167|11498000||0|0|0||0|0|0|0||||0|0||||0|663663|841456|1344721|502421|507440|1109698|501549|501526|403030|662797|669276|3790423|0||0|||1|0|00
2026|01|527010|015|08|WA|4715|EBA|01|51|1|994|002|DD|523121|019|A|0|0||0||||3|Pemeliharaan Kendaraan Pejabat Eselon I|0||0||0||0||1|UNIT|40580000|40580000||0|0|0||0|0|0|0||||0|0||||0|2342271|2969759|4745938|1773200|1790913|3916469|1770121|1770041|1422419|2339214|2362081|13377574|0||0|||1|0|00
2026|01|527010|015|08|WA|4715|EBA|01|51|1|994|002|DD|523121|019|A|0|0||0||||4|Pemeliharaan Kendaraan Pejabat Eselon II|0||0||0||0||9|UNIT|40713889|366425000||0|0|0||0|0|0|0||||0|0||||0|21149987|26816016|42854366|16011452|16171395|35364517|15983655|15982931|12844009|21122392|21328868|120795412|0||0|||1|0|00
2026|01|527010|015|08|WA|4715|EBA|01|51|1|994|002|DD|523121|019|A|0|0||0||||5|Pemeliharaan Kendaraan Roda 4|0||0||0||0||40|UNIT|43537000|1741480000||0|0|0||0|0|0|0||||0|0||||0|100517921|127446424|203670658|76096402|76856550|168074226|75964290|75960850|61042738|100386773|101368074|574095094|0||0|||1|0|00
2026|01|527010|015|08|WA|4715|EBA|01|51|1|994|002|DD|523121|019|A|0|0||0||||6|Pemeliharaan Kendaraan Roda 6|0||0||0||0||2|UNIT|35559000|71118000||0|0|0||0|0|0|0||||0|0||||0|4104919|5204616|8317437|3107600|3138643|6863761|3102205|3102065|2492844|4099563|4139637|23444710|0||0|||1|0|00
2026|01|527010|015|08|WA|4715|EBA|01|51|1|994|002|DD|523121|019|A|0|0||0||||7|Pemeliharaan Kendaraan Roda 2|0||0||0||0||22|UNIT|4311910|94862000||0|0|0||0|0|0|0||||0|0||||0|5475418|6942269|11094360|4145128|4186534|9155349|4137931|4137744|3325124|5468274|5521728|31272141|0||0|||1|0|00
2026|01|527010|015|08|WA|4715|EBA|01|51|1|994|002|DD|523121|019|A|0|0||0||||8|Pemeliharaan AC Sentral|0||0||0||0||15|UNIT|2874600|43119000||0|0|0||0|0|0|0||||0|0||||0|2488821|3155570|5042880|1884145|1902966|4161514|1880874|1880789|1511417|2485574|2509871|14214579|0||0|||1|0|00
2026|01|527010|015|08|WA|4715|EBA|01|51|1|994|002|DD|523121|019|A|0|0||0||||9|Pemeliharaan AC Split|0||0||0||0||1009|UNIT|496409|500876000||0|0|0||0|0|0|0||||0|0||||0|28910475|36655520|58578763|21886477|22105107|48340691|21848479|21847490|17556815|28872755|29154992|165118436|0||0|||1|0|00
2026|01|527010|015|08|WA|4715|EBA|01|51|1|994|002|DE|523111|019|A|0|0||0||||1|Gedung Prijadi Praptosuhardjo I  Jl. Lapangan Banteng Timur No. 24 (Bertingkat)|0||0||0||0||10000|M2|152145|1521450000||0|0|0||0|0|0|0||||0|0||||0|87817828|111344007|177937572|66481884|67145990|146838626|66366463|66363459|53330198|87703250|88560567|501560156|0||0|||1|0|00
2026|01|527010|015|08|WA|4715|EBA|01|51|1|994|002|DE|523111|019|A|0|0||0||||10|Gazebo Taman  Jl. Lapangan Banteng Timur No. 24 (Tidak Bertingkat)|0||0||0||0||27|M2|127445|3441000||0|0|0||0|0|0|0||||0|0||||0|198614|251822|402434|150359|151861|332099|150098|150091|120615|198355|200294|1134358|0||0|||1|0|00
2026|01|527010|015|08|WA|4715|EBA|01|51|1|994|002|DE|523111|019|A|0|0||0||||11|Gedung DWP  Jl. Budi Utomo No. 2 (Tidak Bertingkat)|0||0||0||0||10|M2|127400|1274000||0|0|0||0|0|0|0||||0|0||||0|73535|93235|148998|55669|56225|122957|55573|55570|44657|73439|74157|419985|0||0|||1|0|00
2026|01|527010|015|08|WA|4715|EBA|01|51|1|994|002|DE|523111|019|A|0|0||0||||12|Halaman Gudang BMN  Jl. Raya Daan Mogot|0||0||0||0||1710|M2|7666|13108000||0|0|0||0|0|0|0||||0|0||||0|756591|959280|1533015|572772|578494|1265083|571778|571752|459464|755604|762991|4321176|0||0|||1|0|00
2026|01|527010|015|08|WA|4715|EBA|01|51|1|994|002|DE|523111|019|A|0|0||0||||13|Halaman Gedung Prijadi Praptosuhardjo I  Jl. Lapangan Banteng Timur No. 24|0||0||0||0||960|M2|7666|7359000||0|0|0||0|0|0|0||||0|0||||0|424760|538552|860654|321562|324774|710234|321004|320989|257949|424206|428353|2425963|0||0|||1|0|00
2026|01|527010|015|08|WA|4715|EBA|01|51|1|994|002|DE|523111|019|A|0|0||0||||14|Halaman Gedung Prijadi Praptosuhardjo III A dan III B  Jl. Budi Utomo No.6  Jl. Wahidin II No. 3|0||0||0||0||1287|M2|7666|9866000||0|0|0||0|0|0|0||||0|0||||0|569464|722022|1153855|431109|435415|952190|430360|430341|345825|568721|574280|3252418|0||0|||1|0|00
2026|01|527010|015|08|WA|4715|EBA|01|51|1|994|002|DE|523111|019|A|0|0||0||||2|Gedung Prijadi Praptosuhardjo III A dan III B   Jl. Budi Utomo No.6Wahidin II No. 3 (Bertingkat)|0||0||0||0||9753|M2|157145|1532635000||0|0|0||0|0|0|0||||0|0||||0|88463424|112162557|179245687|66970628|67639616|147918116|66854359|66851332|53722258|88348004|89211624|505247395|0||0|||1|0|00
2026|01|527010|015|08|WA|4715|EBA|01|51|1|994|002|DE|523111|019|A|0|0||0||||3|Gedung KPPN  Jl. Budi Utomo No.3 (Tidak Bertingkat)|0||0||0||0||250|M2|127426|31856000||0|0|0||0|0|0|0||||0|0||||0|1838723|2331312|3725643|1391992|1405897|3074496|1389576|1389513|1116623|1836324|1854274|10501627|0||0|||1|0|00
2026|01|527010|015|08|WA|4715|EBA|01|51|1|994|002|DE|523111|019|A|0|0||0||||4|Gedung Jusuf Anwar  Jl. Lapangan Banteng Timur No. 1 Blok C (Tidak Bertingkat)|0||0||0||0||6430|M2|127441|819445000||0|0|0||0|0|0|0||||0|0||||0|47298222|59969299|95836244|35806794|36164478|79086515|35744630|35743011|28723366|47236511|47698258|270137672|0||0|||1|0|00
2026|01|527010|015|08|WA|4715|EBA|01|51|1|994|002|DE|523111|019|A|0|0||0||||5|Gedung Prijadi Praptosuhardjo II  Jl. Lapangan Banteng Timur No. 1 (Bertingkat)|0||0||0||0||3822|M2|157145|600608000||0|0|0||0|0|0|0||||0|0||||0|34666989|43954189|70242682|26244406|26506569|57966055|26198842|26197656|21052643|34621758|34960193|197996018|0||0|||1|0|00
2026|01|527010|015|08|WA|4715|EBA|01|51|1|994|002|DE|523111|019|A|0|0||0||||6|Gedung Eks Bawaslu  Jl. Kopi No. 10 (Bertingkat)|0||0||0||0||564|M2|157141|88627000||0|0|0||0|0|0|0||||0|0||||0|5115535|6485974|10365160|3872681|3911366|8553595|3865957|3865782|3106573|5108861|5158801|29216715|0||0|||1|0|00
2026|01|527010|015|08|WA|4715|EBA|01|51|1|994|002|DE|523111|019|A|0|0||0||||7|Gudang Arsip  Jl. Cempaka Baru Timur (Bertingkat)|0||0||0||0||317|M2|157146|49815000||0|0|0||0|0|0|0||||0|0||||0|2875313|3645602|5825995|2176736|2198480|4807760|2172957|2172859|1746126|2871562|2899632|16421978|0||0|||1|0|00
2026|01|527010|015|08|WA|4715|EBA|01|51|1|994|002|DE|523111|019|A|0|0||0||||8|Gudang BMN  Jl. Raya Daan Mogot (Tidak Bertingkat)|0||0||0||0||5855|M2|127441|746167000||0|0|0||0|0|0|0||||0|0||||0|43068629|54606608|87266190|32604810|32930508|72014287|32548204|32546730|26154809|43012436|43432892|245980897|0||0|||1|0|00
2026|01|527010|015|08|WA|4715|EBA|01|51|1|994|002|DE|523111|019|A|0|0||0||||9|Gedung Pondok Bambu  Jl. Pahlawan Revolusi (Tidak Bertingkat)|0||0||0||0||680|M2|127439|86658000||0|0|0||0|0|0|0||||0|0||||0|5001885|6341877|10134881|3786642|3824468|8363562|3780068|3779897|3037555|4995359|5044189|28567617|0||0|||1|0|00
2026|01|527010|015|08|WA|4715|EBA|01|51|1|994|002|DE|523119|019|A|0|0||0||||1|Rumah Negara Golongan I|0||0||0||0||1224|M2|112110|137222000||0|0|0||0|0|0|0||||0|0||||0|7920430|10042293|16048473|5996107|6056004|13243610|5985697|5985426|4809936|7910096|7987419|45236509|0||0|||1|0|00
2026|01|527010|015|08|WA|4715|EBA|01|51|1|994|002|DE|523119|019|A|0|0||0||||2|Halaman Rumah Negara Golongan I|0||0||0||0||818|M2|7650|6257000||0|0|0||0|0|0|0||||0|0||||0|361153|457905|731773|273408|276140|603877|272934|272921|219322|360682|364207|2062678|0||0|||1|0|00
2026|01|527010|015|08|WA|4715|EBA|01|51|1|994|002|DE|523119|019|A|0|0||0||||3|Halaman Rumah Negara Golongan II|0||0||0||0||33796|M2|7666|259080000||0|0|0||0|0|0|0||||0|0||||0|14954052|18960206|30300086|11320863|11433950|25004405|11301208|11300697|9081329|14934541|15080530|85408133|0||0|||1|0|00
2026|01|527010|015|08|WA|4715|EBA|01|51|1|994|002|FA|524111|019|A|0|0||0||||1|Transportasi|2|ORG|34|LOK|0||0||68|OK|2500000|170000000||0|0|0||0|0|0|0||||0|0||||0|9812370|12441080|19881946|7428388|7502592|16407090|7415491|7415155|5958877|9799568|9895361|56042082|0||0|||1|0|00
2026|01|527010|015|08|WA|4715|EBA|01|51|1|994|002|FA|524111|019|A|0|0||0||||2|Akomodasi|2|ORG|2|HR|34|LOK|0||136|OH|600000|81600000||0|0|0||0|0|0|0||||0|0||||0|4709938|5971718|9543334|3565626|3601244|7875403|3559436|3559275|2860261|4703793|4749773|26900199|0||0|||1|0|00
2026|01|527010|015|08|WA|4715|EBA|01|51|1|994|002|FA|524111|019|A|0|0||0||||3|Uang Saku Harian|2|ORG|3|HR|34|LOK|0||204|OH|350000|71400000||0|0|0||0|0|0|0||||0|0||||0|4121196|5225254|8350417|3119923|3151089|6890978|3114506|3114365|2502728|4115818|4156051|23537675|0||0|||1|0|00
2026|01|527010|015|08|WA|4715|EBA|01|51|1|994|002|HA|521115|019|A|0|0||0|01||1|1|Honor Penanggung jawab Pengelola Keuangan DIPA Penerusan Pinjaman|0||0||0||0||0||0|0||0|0|0||0|0|0|0||||0|0||||0|0|0|0|0|0|0|0|0|0|0|0|0|0||0|||1|0|00
2026|01|527010|015|08|WA|4715|EBA|01|51|1|994|002|HA|521115|019|A|0|0||0|02|||10|Staff Pengelola Keuangan|4|ORG|12|BLN|0||0||48|OB|1100000|52800000||0|0|0||0|0|0|0||||0|0||||0|3047607|3864053|6175099|2307170|2330217|5095849|2303164|2303060|1850757|3043630|3073383|17406011|0||0|||1|0|00
2026|01|527010|015|08|WA|4715|EBA|01|51|1|994|002|HA|521115|019|A|0|0||0|03||1|11|Honor Penanggung jawab pengelola keuangan DIPA Investasi Pemerintah|0||0||0||0||0||0|0||0|0|0||0|0|0|0||||0|0||||0|0|0|0|0|0|0|0|0|0|0|0|0|0||0|||1|0|00
2026|01|527010|015|08|WA|4715|EBA|01|51|1|994|002|HA|521115|019|A|0|0||0|03|||12|Pejabat KPA|1|ORG|12|BLN|0||0||12|OB|3704500|44454000||0|0|0||0|0|0|0||||0|0||||0|2565877|3253269|5199012|1942480|1961884|4290357|1939107|1939019|1558211|2562529|2587579|14654676|0||0|||1|0|00
2026|01|527010|015|08|WA|4715|EBA|01|51|1|994|002|HA|521115|019|A|0|0||0|03|||13|Pejabat Pembuat Komitmen DPPN|1|ORG|12|BLN|0||0||12|OB|3000000|36000000||0|0|0||0|0|0|0||||0|0||||0|2077914|2634582|4210295|1573070|1588784|3474443|1570339|1570268|1261880|2075203|2095488|11867734|0||0|||1|0|00
2026|01|527010|015|08|WA|4715|EBA|01|51|1|994|002|HA|521115|019|A|0|0||0|03|||14|Pejabat Pembuat Komitmen Dana Bergulir|1|ORG|12|BLN|0||0||12|OB|3000000|36000000||0|0|0||0|0|0|0||||0|0||||0|2077914|2634582|4210295|1573070|1588784|3474443|1570339|1570268|1261880|2075203|2095488|11867734|0||0|||1|0|00
2026|01|527010|015|08|WA|4715|EBA|01|51|1|994|002|HA|521115|019|A|0|0||0|03|||15|Pejabat Penguji dan Penandatangan SPMKPA|1|ORG|12|BLN|0||0||12|OB|2150000|25800000||0|0|0||0|0|0|0||||0|0||||0|1489171|1888117|3017378|1127367|1138629|2490017|1125410|1125359|904347|1487229|1501766|8505210|0||0|||1|0|00
2026|01|527010|015|08|WA|4715|EBA|01|51|1|994|002|HA|521115|019|A|0|0||0|03|||16|Staff Pengelola Keuangan|5|ORG|12|BLN|0||0||60|OB|1350000|81000000||0|0|0||0|0|0|0||||0|0||||0|4675306|5927809|9473163|3539408|3574764|7817496|3533263|3533103|2839230|4669206|4714848|26702404|0||0|||1|0|00
2026|01|527010|015|08|WA|4715|EBA|01|51|1|994|002|HA|521115|019|A|0|0||0|01|||2|Honorarium Staf  Pengelola (pagu dana di atas  Rp1 triliun)|0||0||0||0||60|OB|1350000|81000000||0|0|0||0|0|0|0||||0|0||||0|4675306|5927809|9473163|3539408|3574764|7817496|3533263|3533103|2839230|4669206|4714848|26702404|0||0|||1|0|00
2026|01|527010|015|08|WA|4715|EBA|01|51|1|994|002|HA|521115|019|A|0|0||0|01|||3|Honorarium Pejabat Pembuat Komitmen (pagu dana di atas  Rp1 triliun)|0||0||0||0||24|OB|3000000|72000000||0|0|0||0|0|0|0||||0|0||||0|4155827|5269163|8420589|3146141|3177568|6948885|3140679|3140536|2523760|4150405|4190976|23735471|0||0|||1|0|00
2026|01|527010|015|08|WA|4715|EBA|01|51|1|994|002|HA|521115|019|A|0|0||0|01|||4|Pejabat KPA|1|ORG|12|BLN|0||0||12|OB|3704500|44454000||0|0|0||0|0|0|0||||0|0||||0|2565877|3253269|5199012|1942480|1961884|4290357|1939107|1939019|1558211|2562529|2587579|14654676|0||0|||1|0|00
2026|01|527010|015|08|WA|4715|EBA|01|51|1|994|002|HA|521115|019|A|0|0||0|01|||5|Pejabat Penguji dan Penandatangan SPMKPA|1|ORG|12|BLN|0||0||12|OB|2150000|25800000||0|0|0||0|0|0|0||||0|0||||0|1489171|1888117|3017378|1127367|1138629|2490017|1125410|1125359|904347|1487229|1501766|8505210|0||0|||1|0|00
2026|01|527010|015|08|WA|4715|EBA|01|51|1|994|002|HA|521115|019|A|0|0||0|02||1|6|Honor Penanggung jawab Pengelola Keungan DIPA Subsidi dan Transfer|0||0||0||0||0||0|0||0|0|0||0|0|0|0||||0|0||||0|0|0|0|0|0|0|0|0|0|0|0|0|0||0|||1|0|00
2026|01|527010|015|08|WA|4715|EBA|01|51|1|994|002|HA|521115|019|A|0|0||0|02|||7|Pejabat KPA|1|ORG|12|BLN|0||0||12|OB|2900000|34800000||0|0|0||0|0|0|0||||0|0||||0|2008650|2546762|4069951|1520635|1535825|3358628|1517995|1517926|1219817|2006029|2025639|11472143|0||0|||1|0|00
2026|01|527010|015|08|WA|4715|EBA|01|51|1|994|002|HA|521115|019|A|0|0||0|02|||8|Pejabat Pembuat Komitmen|1|ORG|12|BLN|0||0||12|OB|2750000|33000000||0|0|0||0|0|0|0||||0|0||||0|1904754|2415033|3859437|1441981|1456385|3184906|1439478|1439412|1156723|1902269|1920864|10878758|0||0|||1|0|00
2026|01|527010|015|08|WA|4715|EBA|01|51|1|994|002|HA|521115|019|A|0|0||0|02|||9|Pejabat Penguji dan Penandatangan SPMKPA|1|ORG|12|BLN|0||0||12|OB|1600000|19200000||0|0|0||0|0|0|0||||0|0||||0|1108221|1405110|2245490|838971|847352|1853036|837514|837476|673003|1106775|1117594|6329458|0||0|||1|0|00
2026|01|527010|015|08|WA|4715|EBA|01|51|1|994|002|HB|522151|019|A|0|0||0|01||1|1|Pelaksanaan Kegiatan Assessment Center|0||0||0||0||0||0|0||0|0|0||0|0|0|0||||0|0||||0|0|0|0|0|0|0|0|0|0|0|0|0|0||0|||1|0|00
2026|01|527010|015|08|WA|4715|EBA|01|51|1|994|002|HB|522151|019|A|0|0||0|01|||2|1. Honorarium Associate Assessor Kegiatan ReAssessment Center|422|ORG|1|JAM|0||0||422|OJ|1698126|716609000||0|0|0||0|0|0|0||||0|0||||0|41362546|52443470|83809304|31313232|31626028|69161577|31258868|31257453|25118736|41308579|41712379|236236828|0||0|||1|0|00
2026|01|527010|015|08|WA|4715|EBA|01|51|1|994|002|HC|521213|019|A|0|0||0|01||1|1|Jurnal Manajemen Perbendaharaan|0||0||0||0||0||0|0||0|0|0||0|0|0|0||||0|0||||0|0|0|0|0|0|0|0|0|0|0|0|0|0||0|||1|0|00
2026|01|527010|015|08|WA|4715|EBA|01|51|1|994|002|HC|521213|019|A|0|0||0|02|||10|Desain Grafis|2|ORG|4|FREK|0||0||8|OTER|163750|1310000||0|0|0||0|0|0|0||||0|0||||0|75613|95869|153208|57242|57814|126431|57143|57140|45918|75514|76252|431856|0||0|||1|0|00
2026|01|527010|015|08|WA|4715|EBA|01|51|1|994|002|HC|521213|019|A|0|0||0|02|||11|Dewan Redaksi|7|ORG|4|FREK|0||0||28|OTER|318500|8918000||0|0|0||0|0|0|0||||0|0||||0|514745|652644|1042984|389684|393577|860697|389008|388990|312596|514074|519099|2939902|0||0|||1|0|00
2026|01|527010|015|08|WA|4715|EBA|01|51|1|994|002|HC|521213|019|A|0|0||0|02|||12|Ketua Dewan Redaksi|1|ORG|4|FREK|0||0||4|OTER|364000|1456000||0|0|0||0|0|0|0||||0|0||||0|84040|106554|170283|63622|64257|140522|63511|63509|51036|83930|84751|479985|0||0|||1|0|00
2026|01|527010|015|08|WA|4715|EBA|01|51|1|994|002|HC|521213|019|A|0|0||0|02|||13|Mitra Bestari|14|ORG|4|FREK|0||0||56|OTER|1365000|76440000||0|0|0||0|0|0|0||||0|0||||0|4412103|5594095|8939859|3340153|3373518|7377400|3334354|3334203|2679392|4406347|4449420|25199156|0||0|||1|0|00
2026|01|527010|015|08|WA|4715|EBA|01|51|1|994|002|HC|521213|019|A|0|0||0|02|||14|Pembuat Artikel|7|ORG|4|FREK|20|HLM|0||560|OTER|91000|50960000||0|0|0||0|0|0|0||||0|0||||0|2941402|3729397|5959906|2226768|2249012|4918266|2222902|2222802|1786261|2937565|2966280|16799439|0||0|||1|0|00
2026|01|527010|015|08|WA|4715|EBA|01|51|1|994|002|HC|521213|019|A|0|0||0|02|||15|Penanggung Jawab|2|ORG|4|FREK|0||0||8|OTER|409500|3276000||0|0|0||0|0|0|0||||0|0||||0|189090|239747|383137|143149|144579|316174|142901|142894|114831|188843|190689|1079966|0||0|||1|0|00
2026|01|527010|015|08|WA|4715|EBA|01|51|1|994|002|HC|521213|019|A|0|0||0|02|||16|Editor|7|ORG|4|FREK|0||0||28|OTER|273000|7644000||0|0|0||0|0|0|0||||0|0||||0|441210|559410|893986|334015|337352|737740|333435|333420|267939|440635|444942|2519916|0||0|||1|0|00
2026|01|527010|015|08|WA|4715|EBA|01|51|1|994|002|HC|521213|019|A|0|0||0|02|||17|Sekretariat|8|ORG|4|FREK|0||0||32|OTER|136500|4368000||0|0|0||0|0|0|0||||0|0||||0|252120|319663|510849|190866|192772|421566|190534|190526|153108|251791|254253|1439952|0||0|||1|0|00
2026|01|527010|015|08|WA|4715|EBA|01|51|1|994|002|HC|521213|019|A|0|0||0|01|||2|Dewan Redaksi|5|ORG|2|FREK|0||0||10|OTER|318500|3185000||0|0|0||0|0|0|0||||0|0||||0|183838|233087|372494|139173|140563|307392|138931|138925|111641|183598|185392|1049966|0||0|||1|0|00
2026|01|527010|015|08|WA|4715|EBA|01|51|1|994|002|HC|521213|019|A|0|0||0|01|||3|Ketua Dewan Redaksi|1|ORG|1|FREK|0||0||1|OTER|391000|391000||0|0|0||0|0|0|0||||0|0||||0|22568|28614|45728|17085|17256|37736|17056|17055|13705|22539|22759|128899|0||0|||1|0|00
2026|01|527010|015|08|WA|4715|EBA|01|51|1|994|002|HC|521213|019|A|0|0||0|01|||4|Mitra Bestari|10|ORG|2|FREK|0||0||20|OTER|1365000|27300000||0|0|0||0|0|0|0||||0|0||||0|1575751|1997891|3192807|1192912|1204828|2634786|1190841|1190787|956926|1573695|1589079|8999697|0||0|||1|0|00
2026|01|527010|015|08|WA|4715|EBA|01|51|1|994|002|HC|521213|019|A|0|0||0|01|||5|Pembuat Artikel|5|ORG|2|FREK|20|HLM|0||200|OTER|91000|18200000||0|0|0||0|0|0|0||||0|0||||0|1050501|1331927|2128538|795274|803219|1756524|793894|793858|637950|1049130|1059386|5999799|0||0|||1|0|00
2026|01|527010|015|08|WA|4715|EBA|01|51|1|994|002|HC|521213|019|A|0|0||0|01|||6|Penanggung Jawab|2|ORG|2|FREK|0||0||4|OTER|409500|1638000||0|0|0||0|0|0|0||||0|0||||0|94545|119873|191568|71575|72290|158087|71450|71447|57416|94422|95345|539982|0||0|||1|0|00
2026|01|527010|015|08|WA|4715|EBA|01|51|1|994|002|HC|521213|019|A|0|0||0|01|||7|Editor|5|ORG|2|FREK|0||0||10|OTER|273000|2730000||0|0|0||0|0|0|0||||0|0||||0|157575|199789|319281|119291|120483|263479|119084|119079|95693|157370|158908|899968|0||0|||1|0|00
2026|01|527010|015|08|WA|4715|EBA|01|51|1|994|002|HC|521213|019|A|0|0||0|01|||8|Sekretariat|8|ORG|2|FREK|0||0||16|OTER|136500|2184000||0|0|0||0|0|0|0||||0|0||||0|126060|159831|255425|95433|96386|210783|95267|95263|76554|125896|127126|719976|0||0|||1|0|00
2026|01|527010|015|08|WA|4715|EBA|01|51|1|994|002|HC|521213|019|A|0|0||0|02||1|9|Jurnal ITRev|0||0||0||0||0||0|0||0|0|0||0|0|0|0||||0|0||||0|0|0|0|0|0|0|0|0|0|0|0|0|0||0|||1|0|00
2026|01|527010|015|08|WA|4715|EBA|01|51|1|994|002|IA|521211|019|A|0|0||0||||1|Belanja Bahan Pendukung|76|ORG|1|FR|0||0||76|OF|591961|44989000||0|0|0||0|0|0|0||||0|0||||0|2596757|3292422|5261582|1965857|1985495|4341991|1962444|1962355|1576964|2593369|2618720|14831044|0||0|||1|0|00
2026|01|527010|015|08|WA|4715|EBA|01|51|1|994|002|OA|522119|019|A|0|0||0||||1|Belanja Jasa Dealing Phone Avaya|1|KEG|1|TAHUN|0||0||1|THN|110001000|110001000||0|0|0||0|0|0|0||||0|0||||0|6349238|8050184|12864906|4806647|4854662|10616449|4798302|4798085|3855779|6340954|6402939|36262855|0||0|||1|0|00
2026|01|527010|015|08|WA|4715|EBA|01|51|1|994|002|SA|521111|019|A|0|0||0||||1|Keperluan sehari hari perkantoran|40|ORG|20|FREK|0||0||800|OT|75000|60000000||0|0|0||0|0|0|0||||0|0||||0|3463190|4390969|7017158|2621784|2647974|5790738|2617232|2617114|2103133|3458671|3492480|19779557|0||0|||1|0|00
2026|01|527010|015|08|WA|4715|EBA|01|51|1|994|002|SA|521115|019|A|0|0||0||||1|Staf Pengelola Keuangan (Nilai pagu dana di atas Rp 1 triliun)|6|org|12|frek|0||0||72|OF|1720000|123840000||0|0|0||0|0|0|0||||0|0||||0|7148023|9062961|14483413|5411362|5465417|11952082|5401967|5401723|4340867|7138697|7208479|40825009|0||0|||1|0|00
2026|01|527010|015|08|WA|4715|EBA|01|51|1|994|002|SA|521115|019|A|0|0||0||||2|Staf Pengelola UAPPA Barang E1|1|org|12|fr|0||0||12|OF|150000|1800000||0|0|0||0|0|0|0||||0|0||||0|103896|131729|210515|78654|79439|173722|78517|78513|63094|103760|104774|593387|0||0|||1|0|00
2026|01|527010|015|08|WA|4715|EBA|01|51|1|994|002|SA|521115|019|A|0|0||0||||3|Pejabat Kuasa Pengguna Anggaran (Nilai pagu dana di atas Rp 1 triliun)|1|org|12|fr|0||0||12|OF|4430000|53160000||0|0|0||0|0|0|0||||0|0||||0|3068386|3890399|6217202|2322900|2346105|5130593|2318868|2318763|1863376|3064383|3094337|17524688|0||0|||1|0|00
2026|01|527010|015|08|WA|4715|EBA|01|51|1|994|002|SA|521115|019|A|0|0||0||||4|Pejabat Pembuat Komitmen (Nilai pagu dana di atas Rp 1 triliun)|4|org|10|fr|0||0||40|OF|2361000|94440000||0|0|0||0|0|0|0||||0|0||||0|5451060|6911386|11045006|4126688|4167910|9114621|4119523|4119337|3310332|5443948|5497164|31133025|0||0|||1|0|00
2026|01|527010|015|08|WA|4715|EBA|01|51|1|994|002|SA|521115|019|A|0|0||0||||5|Pejabat Penguji Tagihan dan PPSPM (Nilai pagu dana di atas Rp 1 triliun)|1|org|12|fr|0||0||12|OF|2660000|31920000||0|0|0||0|0|0|0||||0|0||||0|1842417|2335996|3733128|1394789|1408722|3080672|1392367|1392304|1118867|1840013|1857999|10522726|0||0|||1|0|00
2026|01|527010|015|08|WA|4715|EBA|01|51|1|994|002|SA|521115|019|A|0|0||0||||6|Penanggung jawab UAPPA Barang E1|2|org|12|fr|0||0||24|OF|200000|4800000||0|0|0||0|0|0|0||||0|0||||0|277055|351278|561373|209743|211838|463259|209379|209369|168251|276694|279398|1582363|0||0|||1|0|00
2026|01|527010|015|08|WA|4715|EBA|01|51|1|994|002|TJ|523121|019|A|0|0||0||||1|Pemeliharaan KomputerLaptop|0||0||0||0||3909|UNIT|294249|1150219000||0|0|0||0|0|0|0||||0|0||||0|66390440|84176274|134521132|50260426|50762492|111010272|50173168|50170897|40317728|66303818|66951952|379180401|0||0|||1|0|00
2026|01|527010|015|08|WA|4715|EBA|01|51|1|994|002|TJ|523121|019|A|0|0||0||||2|Pemeliharaan Printer|0||0||0||0||1|UNIT|328000|328000||0|0|0||0|0|0|0||||0|0||||0|18932|24004|38360|14332|14476|31656|14308|14307|11497|18907|19092|108129|0||0|||1|0|00
2026|01|527010|015|08|WA|4715|EBA|01|51|1|994|002|TJ|523121|019|A|0|0||0||||3|Pemeliharaan AVR Kantor Pusat|0||0||0||0||11|UNIT|9949182|109441000||0|0|0||0|0|0|0||||0|0||||0|6316915|8009201|12799412|4782177|4829948|10562402|4773875|4773659|3836150|6308674|6370342|36078245|0||0|||1|0|00
2026|01|527010|015|08|WA|4715|EBA|01|51|1|994|002|TJ|523121|019|A|0|0||0||||4|Pemeliharaan UPS Kantor Pusat|0||0||0||0||40|UNIT|9000000|360000000||0|0|0||0|0|0|0||||0|0||||0|20779137|26345817|42102945|15730703|15887841|34744425|15703393|15702682|12618799|20752026|20954881|118677351|0||0|||1|0|00
2026|01|527010|015|08|WA|4715|EBA|01|51|1|994|002|TZ|523199|019|A|0|0||0||||1|ATS Oracle SPAN|0||0||0||0||1|PAKET|5127800000|5127800000||0|0|0||0|0|0|0||||0|0||||0|295975720|375266883|599709673|224066386|226304648|494895730|223677381|223667253|179740768|295589552|298479002|1690427004|0||0|||1|0|00
2026|01|527010|015|08|WA|4715|EBA|01|51|1|994|002|TZ|523199|019|A|0|0||0||||2|ATS Oracle Linux Premier Plus Support SPAN|0||0||0||0||1|PAKET|879300000|879300000||0|0|0||0|0|0|0||||0|0||||0|50753042|64349657|102836444|38422242|38806053|84863258|38355537|38353800|30821416|50686823|51182298|289869430|0||0|||1|0|00
2026|01|527010|015|08|WA|4715|EBA|01|51|1|994|002|TZ|523199|019|A|0|0||0||||3|ATS Oracle Multitenant SAKTI Microservices|0||0||0||0||1|PAKET|7482868000|7482868000||0|0|0||0|0|0|0||||0|0||||0|431909833|547617409|875141059|326974373|330240612|722188740|326406707|326391929|262291127|431346309|435562809|2466797093|0||0|||1|0|00
2026|01|527010|015|08|WA|4715|EBA|01|51|1|994|002|TZ|523199|019|A|0|0||0||||4|ATS Oracle OLAP SAKTI, DIGIT SuperApps dan Treasury Big Data|0||0||0||0||1|PAKET|10472960000|10472960000||0|0|0||0|0|0|0||||0|0||||0|604497421|766440784|1224840168|457630621|462202022|1010769371|456836121|456815437|367100486|603708717|609610096|3452508756|0||0|||1|0|00
2026|01|527010|015|08|WA|4715|EBA|01|51|1|994|002|XA|524111|019|A|0|0||0||||1|Pelaksana|300|ORG|0||0||0||300|OK|8686574|2605972000||0|0|0||0|0|0|0||||0|0||||0|150416248|190712389|304775267|113871588|115009083|251508330|113673893|113668747|91345101|150219996|151688428|859082930|0||0|||1|0|00
2026|01|527010|015|08|WA|4715|EBA|01|51|1|994|002|XA|524111|019|A|0|0||0||||2|Pejabat Pengawas|110|ORG|0||0||0||110|OK|13000000|1430000000||0|0|0||0|0|0|0||||0|0||||0|82539347|104651438|167242247|62485848|63110036|138012567|62377365|62374541|50124673|82431657|83237445|471412836|0||0|||1|0|00
2026|01|527010|015|08|WA|4715|EBA|01|51|1|003|100|DA|521211|019|A|0|0||0||||1|KDM  Konsumsi Makan Pemeriksa|20|ORG|8|HR|1|KL|0||160|OK|35913|5746000||0|0|0||0|0|0|0||||0|0||||0|689966|678422|625551|625551|625551|424528|0|0|3860|0|0|2072571|0||0|||1|0|00
2026|01|527010|015|08|WA|4715|EBA|01|51|1|003|100|DA|521211|019|A|0|0||0||||2|KDM  Konsumsi Snack Pemeriksa|20|ORG|8|HR|1|KL|0||160|OK|15119|2419000||0|0|0||0|0|0|0||||0|0||||0|290468|285608|263350|263350|263350|178721|0|0|1625|0|0|872528|0||0|||1|0|00
2026|01|527010|015|08|WA|4715|EBA|01|51|1|003|100|DA|524111|019|A|0|0||0||||1|Akomodasi|3|ORG|3|HR|5|KL|0||45|OH|801334|36060000||0|0|0||0|0|0|0||||0|0||||0|4329998|4257550|3925753|3925753|3925753|2664196|0|0|24221|0|0|13006776|0||0|||1|0|00
2026|01|527010|015|08|WA|4715|EBA|01|51|1|003|100|DA|524111|019|A|0|0||0||||2|Transport|3|ORG|5|KL|0||0||15|OK|3974667|59620000||0|0|0||0|0|0|0||||0|0||||0|7159027|7039244|6490665|6490665|6490665|4404863|0|0|40047|0|0|21504824|0||0|||1|0|00
2026|01|527010|015|08|WA|4715|EBA|01|51|1|003|100|DA|524111|019|A|0|0||0||||3|Uang Harian|3|ORG|3|HR|5|KL|0||45|OH|594956|26773000||0|0|0||0|0|0|0||||0|0||||0|3214838|3161048|2914703|2914703|2914703|1978051|0|0|17983|0|0|9656971|0||0|||1|0|00
2026|01|527010|015|08|WA|4715|EBA|01|51|1|003|100|DB|521211|019|A|0|0||0||||1|KDM  Makan Rapat|20|ORG|15|HR|1|KL|0||300|OK|35910|10773000||0|0|0||0|0|0|0||||0|0||||0|1293596|1271952|1172827|1172827|1172827|795934|0|0|7236|0|0|3885801|0||0|||1|0|00
2026|01|527010|015|08|WA|4715|EBA|01|51|1|003|100|DB|521211|019|A|0|0||0||||2|KDM  Snack Rapat|20|ORG|15|HR|1|KL|0||300|OK|15120|4536000||0|0|0||0|0|0|0||||0|0||||0|544672|535559|493822|493822|493822|335130|0|0|3047|0|0|1636126|0||0|||1|0|00
2026|01|527010|015|08|WA|4715|EBA|01|51|1|003|100|DB|524111|019|A|0|0||0||||1|Transport|2|ORG|3|KL|0||0||6|OK|1404667|8428000||0|0|0||0|0|0|0||||0|0||||0|1012014|995081|917533|917533|917533|622680|0|0|5661|0|0|3039965|0||0|||1|0|00
2026|01|527010|015|08|WA|4715|EBA|01|51|1|003|100|DB|524111|019|A|0|0||0||||2|Uang Harian|2|ORG|3|HR|9|KL|0||54|OH|411056|22197000||0|0|0||0|0|0|0||||0|0||||0|2665363|2620767|2416526|2416526|2416526|1639966|0|0|14910|0|0|8006416|0||0|||1|0|00
2026|01|527010|015|08|WA|4715|EBA|01|51|1|003|100|DB|524113|019|A|0|0||0||||1|Transport Dalam Kota|5|ORG|2|HR|2|KL|0||20|OK|200000|4000000||0|0|0||0|0|0|0||||0|0||||0|480310|472274|435469|435469|435469|295529|0|0|2687|0|0|1442793|0||0|||1|0|00
2026|01|527010|015|08|WA|4715|EBA|01|51|1|003|100|DC|524111|019|A|0|0||0||||1|Akomodasi|2|ORG|2|HR|2|KL|0||8|OH|619900|4959000||0|0|0||0|0|0|0||||0|0||||0|595465|585502|539873|539873|539873|366382|0|0|3331|0|0|1788701|0||0|||1|0|00
2026|01|527010|015|08|WA|4715|EBA|01|51|1|003|100|DC|524111|019|A|0|0||0||||2|Transport|2|ORG|2|KL|0||0||4|OK|1991500|7966000||0|0|0||0|0|0|0||||0|0||||0|956538|940534|867237|867237|867237|588546|0|0|5351|0|0|2873320|0||0|||1|0|00
2026|01|527010|015|08|WA|4715|EBA|01|51|1|003|100|DC|524111|019|A|0|0||0||||3|Uang Harian|2|ORG|3|HR|2|KL|0||12|OH|266567|3198000||0|0|0||0|0|0|0||||0|0||||0|384008|377583|348157|348157|348157|236276|0|0|2148|0|0|1153514|0||0|||1|0|00
2026|01|527010|015|08|WA|4715|EBA|01|51|1|003|100|DD|524111|019|A|0|0||0||||1|Akomodasi|5|ORG|2|HR|3|LOK|1|FR|30|OH|787234|23617000||0|0|0||0|0|0|0||||0|0||||0|2835873|2788424|2571118|2571118|2571118|1744878|0|0|15863|0|0|8518608|0||0|||1|0|00
2026|01|527010|015|08|WA|4715|EBA|01|51|1|003|100|DD|524111|019|A|0|0||0||||2|Transport|5|ORG|3|KL|1|FR|0||15|OK|2002134|30032000||0|0|0||0|0|0|0||||0|0||||0|3606171|3545833|3269501|3269501|3269501|2218833|0|0|20172|0|0|10832488|0||0|||1|0|00
2026|01|527010|015|08|WA|4715|EBA|01|51|1|003|100|DD|524111|019|A|0|0||0||||3|Uang Harian|5|ORG|3|HR|3|KL|1|FR|45|OH|265245|11936000||0|0|0||0|0|0|0||||0|0||||0|1433246|1409265|1299439|1299439|1299439|881859|0|0|8017|0|0|4305296|0||0|||1|0|00
2026|01|527010|015|08|WA|4715|EBA|01|51|1|002|100|AA|521211|019|A|0|0||0||||1|KDM  Snack Rapat|20|ORG|2|FREK|0||0||40|OK|15125|605000||0|0|0||0|0|0|0||||0|0||||0|112707|112656|97880|119429|82242|57170|21856|1060|0|0|0|0|0||0|||1|0|00
2026|01|527010|015|08|WA|4715|EBA|01|51|1|002|100|AA|521211|019|A|0|0||0||||2|KDM  Makan Rapat|20|ORG|1|FREK|0||0||20|OK|35900|718000||0|0|0||0|0|0|0||||0|0||||0|133758|133697|116162|141735|97603|67848|25939|1258|0|0|0|0|0||0|||1|0|00
2026|01|527010|015|08|WA|4715|EBA|01|51|1|002|100|AA|524111|019|A|0|0||0||||1|Akomodasi|1|ORG|1|LOK|2|HR|0||2|OH|355000|710000||0|0|0||0|0|0|0||||0|0||||0|132267|132207|114867|140156|96516|67092|25650|1245|0|0|0|0|0||0|||1|0|00
2026|01|527010|015|08|WA|4715|EBA|01|51|1|002|100|AA|524111|019|A|0|0||0||||3|Uang Saku Harian|2|ORG|1|LOK|1|HR|0||2|OH|344000|688000||0|0|0||0|0|0|0||||0|0||||0|128169|128111|111308|135813|93525|65013|24855|1206|0|0|0|0|0||0|||1|0|00
2026|01|527010|015|08|WA|4715|EBA|01|51|1|002|100|CA|524111|019|A|0|0||0|01||1|1|Perjalanan Dinas Direktur Jenderal Perbendaharaan|0||0||0||0||0||0|0||0|0|0||0|0|0|0||||0|0||||0|0|0|0|0|0|0|0|0|0|0|0|0|0||0|||1|0|00
2026|01|527010|015|08|WA|4715|EBA|01|51|1|002|100|CA|524111|019|A|0|0||0|02|||10|Uang Representatif Eselon II|3|ORG|3|HR|10|LOK|0||90|OH|116234|10461000||0|0|0||0|0|0|0||||0|0||||0|1535612|1534917|1333602|1627197|1120538|778930|297790|14457|0|0|0|2217957|0||0|||1|0|00
2026|01|527010|015|08|WA|4715|EBA|01|51|1|002|100|CA|524111|019|A|0|0||0|01|||2|Transport|3|ORG|7|LOK|2|FR|0||42|OK|2712143|113910000||0|0|0||0|0|0|0||||0|0||||0|16721300|16713736|14521612|17718574|12201556|8481778|3242637|157422|0|0|0|24151385|0||0|||1|0|00
2026|01|527010|015|08|WA|4715|EBA|01|51|1|002|100|CA|524111|019|A|0|0||0|01|||3|Akomodasi|3|ORG|3|HR|7|LOK|2|FR|126|OH|488191|61512000||0|0|0||0|0|0|0||||0|0||||0|9029590|9025506|7841747|9568123|6588905|4580205|1751041|85009|0|0|0|13041874|0||0|||1|0|00
2026|01|527010|015|08|WA|4715|EBA|01|51|1|002|100|CA|524111|019|A|0|0||0|01|||4|Uang saku harian|3|ORG|4|HR|7|LOK|2|FR|168|OH|297560|49990000||0|0|0||0|0|0|0||||0|0||||0|7338230|7334911|6372886|7775889|5354717|3722273|1423048|69086|0|0|0|10598960|0||0|||1|0|00
2026|01|527010|015|08|WA|4715|EBA|01|51|1|002|100|CA|524111|019|A|0|0||0|01|||5|Uang Representatif Eselon I|1|ORG|4|HR|7|LOK|2|FR|56|OH|154983|8679000||0|0|0||0|0|0|0||||0|0||||0|1274025|1273448|1106427|1350009|929658|646241|247062|11994|0|0|0|1840136|0||0|||1|0|00
2026|01|527010|015|08|WA|4715|EBA|01|51|1|002|100|CA|524111|019|A|0|0||0|02||1|6|Perjalanan Dinas Sekretaris Ditjen Perbendaharaan|0||0||0||0||0||0|0||0|0|0||0|0|0|0||||0|0||||0|0|0|0|0|0|0|0|0|0|0|0|0|0||0|||1|0|00
2026|01|527010|015|08|WA|4715|EBA|01|51|1|002|100|CA|524111|019|A|0|0||0|02|||7|Transport|3|ORG|10|LOK|0||0||30|OF|2712134|81364000||0|0|0||0|0|0|0||||0|0||||0|11943744|11938341|10372544|12656080|8715367|6058392|2316161|112444|0|0|0|17250927|0||0|||1|0|00
2026|01|527010|015|08|WA|4715|EBA|01|51|1|002|100|CA|524111|019|A|0|0||0|02|||8|Akomodasi|3|ORG|3|HR|10|LOK|1|FR|90|OH|488189|43937000||0|0|0||0|0|0|0||||0|0||||0|6449686|6446769|5601230|6834352|4706345|3271564|1250739|60720|0|0|0|9315595|0||0|||1|0|00
2026|01|527010|015|08|WA|4715|EBA|01|51|1|002|100|CA|524111|019|A|0|0||0|02|||9|Uang saku harian|3|ORG|4|HR|10|LOK|0||120|OH|297559|35707000||0|0|0||0|0|0|0||||0|0||||0|5241572|5239201|4552043|5554184|3824782|2658756|1016459|49347|0|0|0|7570656|0||0|||1|0|00
2026|01|527010|015|08|WA|4715|EBA|01|51|1|002|100|CA|524211|019|A|0|0||0||||1|Transport|3|ORG|4|KL|0||0||12|OK|7500000|90000000||0|0|0||0|0|0|0||||0|0||||0|13211457|13205480|11473489|13999400|9640418|6701431|2561999|124379|0|0|0|19081947|0||0|||1|0|00
2026|01|527010|015|08|WA|4715|EBA|01|51|1|002|100|CA|524211|019|A|0|0||0||||2|Uang Saku Harian|3|ORG|5|HR|4|FR|0||60|OH|1000000|60000000||0|0|0||0|0|0|0||||0|0||||0|8807638|8803654|7648993|9332933|6426945|4467621|1707999|82919|0|0|0|12721298|0||0|||1|0|00
2026|01|527010|015|08|WA|4715|EBA|01|51|1|002|100|CA|524211|019|A|0|0||0||||3|Akomodasi|3|ORG|4|KL|4|HR|0||48|OH|4300000|206400000||0|0|0||0|0|0|0||||0|0||||0|30298274|30284568|26312534|32105291|22108692|15368614|5875517|285242|0|0|0|43761268|0||0|||1|0|00
2026|01|527010|015|08|WA|4715|EBA|01|51|1|002|100|CC|524111|019|A|0|0||0||||1|Transport|9|ORG|2|FR|2|BLN|0||36|OK|2700000|97200000||0|0|0||0|0|0|0||||0|0||||0|9753881|9749468|8470757|10335611|7117421|4947597|1891497|91828|0|0|0|44841940|0||0|||1|0|00
2026|01|527010|015|08|WA|4715|EBA|01|51|1|002|100|CC|524111|019|A|0|0||0||||2|Akomodasi Es 1|1|ORG|4|HR|2|FR|2|BLN|16|OH|2200000|35200000||0|0|0||0|0|0|0||||0|0||||0|3532270|3530672|3067599|3742937|2577502|1791722|684987|33255|0|0|0|16239056|0||0|||1|0|00
2026|01|527010|015|08|WA|4715|EBA|01|51|1|002|100|CC|524111|019|A|0|0||0||||3|Akomodasi Es 2|5|ORG|4|HR|2|FR|2|BLN|80|OH|1300000|104000000||0|0|0||0|0|0|0||||0|0||||0|10436251|10431530|9063362|11058679|7615347|5293725|2023824|98252|0|0|0|47979030|0||0|||1|0|00
2026|01|527010|015|08|WA|4715|EBA|01|51|1|002|100|CC|524111|019|A|0|0||0||||4|Uang Harian|8|ORG|4|HR|2|FR|2|BLN|128|OH|350000|44800000||0|0|0||0|0|0|0||||0|0||||0|4495616|4493582|3904217|4763739|3280457|2280374|871801|42324|0|0|0|20667890|0||0|||1|0|00
2026|01|527010|015|08|WA|4715|EBA|01|51|1|002|100|CC|524111|019|A|0|0||0||||5|Uang Representasi|8|ORG|5|HR|2|FR|2|BLN|160|OH|150000|24000000||0|0|0||0|0|0|0||||0|0||||0|2408365|2407276|2091545|2552003|1757388|1221628|467036|22673|0|0|0|11072086|0||0|||1|0|00
2026|01|527010|015|08|WA|4715|EBA|01|51|1|002|100|FA|524111|019|A|0|0||0||||1|Penginapan|1|ORG|2|HARI|1|FREK|0||2|OH|1534250|3068000||0|0|0||0|0|0|0||||0|0||||0|571543|571285|496357|605631|417056|289912|110835|5381|0|0|0|0|0||0|||1|0|00
2026|01|527010|015|08|WA|4715|EBA|01|51|1|002|100|FA|524111|019|A|0|0||0||||2|Uang Harian Luar Kota|1|ORG|3|HARI|1|FREK|0||3|OH|359500|1078000||0|0|0||0|0|0|0||||0|0||||0|200823|200732|174404|212800|146541|101866|38944|1890|0|0|0|0|0||0|||1|0|00
2026|01|527010|015|08|WA|4715|EBA|01|51|1|002|100|FA|524111|019|A|0|0||0||||3|Uang Transport Luar Kota|1|ORG|1|FREK|0||0||1|OK|3099500|3099000||0|0|0||0|0|0|0||||0|0||||0|577319|577057|501372|611750|421270|292841|111955|5436|0|0|0|0|0||0|||1|0|00
2026|01|527010|015|08|WA|4715|EBA|01|51|1|002|100|FA|524111|019|A|0|0||0||||4|Uang Representatif Pejabat Eselon II|1|ORG|3|HARI|1|FREK|0||3|OH|116167|348000||0|0|0||0|0|0|0||||0|0||||0|64830|64800|56301|68696|47306|32884|12572|611|0|0|0|0|0||0|||1|0|00
2026|01|527010|015|08|WA|4715|EBA|01|51|1|002|100|HA|524111|019|A|0|0||0||||1|Transport|1|ORG|6|LOK|1|FREK|0||6|OK|1990667|11944000||0|0|0||0|0|0|0||||0|0||||0|2225070|2224064|1932362|2357775|1623637|1128653|431491|20948|0|0|0|0|0||0|||1|0|00
2026|01|527010|015|08|WA|4715|EBA|01|51|1|002|100|HA|524111|019|A|0|0||0||||2|Uang Harian|1|ORG|5|LOK|3|HR|1|FREK|15|OH|148934|2234000||0|0|0||0|0|0|0||||0|0||||0|416176|415988|361428|440997|303684|211103|80706|3918|0|0|0|0|0||0|||1|0|00
2026|01|527010|015|08|WA|4715|EBA|01|51|1|002|100|HA|524111|019|A|0|0||0||||3|Biaya Penginapan|1|ORG|2|HR|5|LOK|1|FREK|10|OH|539700|5397000||0|0|0||0|0|0|0||||0|0||||0|1005417|1004962|873155|1065381|733654|509992|194973|9466|0|0|0|0|0||0|||1|0|00
2026|01|527010|015|08|WA|4715|EBA|01|51|1|002|100|HA|524113|019|A|0|0||0||||1|Perjalanan dinas dalam rangka menghadiri rapat dalam kota|2|ORG|3|FREK|0||0||6|OK|170000|1020000||0|0|0||0|0|0|0||||0|0||||0|190018|189932|165021|201351|138656|96385|36849|1788|0|0|0|0|0||0|||1|0|00
2026|01|527010|015|08|WA|4715|EBA|01|51|1|002|100|IA|524111|019|A|0|0||0||||1|Uang Harian|2|ORG|3|HR|2|FR|0||12|OH|292834|3514000||0|0|0||0|0|0|0||||0|0||||0|654630|654333|568513|693672|477684|332057|126947|6164|0|0|0|0|0||0|||1|0|00
2026|01|527010|015|08|WA|4715|EBA|01|51|1|002|100|IA|524111|019|A|0|0||0||||2|Biaya Penginapan|2|ORG|1|HR|1|FR|0||2|OH|902000|1804000||0|0|0||0|0|0|0||||0|0||||0|336071|335919|291860|356114|245231|170470|65172|3163|0|0|0|0|0||0|||1|0|00
2026|01|527010|015|08|WA|4715|EBA|01|51|1|002|100|LA|521211|019|A|0|0||0||||1|KDM  Konsumsi Makan Rapat|30|ORG|1|KTK|36|FR|0||1080|OK|57000|61560000||0|0|0||0|0|0|0||||0|0||||0|11468127|11462940|9959495|12152097|8368309|5817138|2223928|107966|0|0|0|0|0||0|||1|0|00
2026|01|527010|015|08|WA|4715|EBA|01|51|1|002|100|LA|521211|019|A|0|0||0||||2|KDM  Konsumsi Snack Rapat|30|ORG|1|KTK|36|FR|0||1080|OK|24000|25920000||0|0|0||0|0|0|0||||0|0||||0|4828685|4826501|4193471|5116673|3523498|2449321|936391|45460|0|0|0|0|0||0|||1|0|00
2026|01|527010|015|08|WA|4715|EBA|01|51|1|002|100|LA|524111|019|A|0|0||0||||1|Uang Saku Harian|2|ORG|4|HR|1|FR|4|LOK|32|OH|166938|5342000||0|0|0||0|0|0|0||||0|0||||0|995171|994721|864256|1054524|726178|504795|192986|9369|0|0|0|0|0||0|||1|0|00
2026|01|527010|015|08|WA|4715|EBA|01|51|1|002|100|OA|524111|019|A|0|0||0||||1|Tiket|2|ORG|2|LOK|1|FR|0||4|OK|2084500|8338000||0|0|0||0|0|0|0||||0|0||||0|1553302|1552599|1348965|1645942|1133446|787903|301220|14623|0|0|0|0|0||0|||1|0|00
2026|01|527010|015|08|WA|4715|EBA|01|51|1|002|100|OA|524111|019|A|0|0||0||||2|Akomodasi|2|ORG|2|HR|2|LOK|0||8|OH|619917|4959000||0|0|0||0|0|0|0||||0|0||||0|923821|923403|802293|978919|674114|468603|179150|8697|0|0|0|0|0||0|||1|0|00
2026|01|527010|015|08|WA|4715|EBA|01|51|1|002|100|OA|524111|019|A|0|0||0||||3|Uang Saku Harian|2|ORG|3|HR|2|LOK|0||12|OH|232500|2790000||0|0|0||0|0|0|0||||0|0||||0|519754|519519|451381|550753|379265|263642|100792|4894|0|0|0|0|0||0|||1|0|00
2026|01|527010|015|08|WA|4715|EBA|01|51|1|002|100|SA|524111|019|A|0|0||0||||1|Trnsportasi|1|ORG|1|LOK|4|FR|0||4|OK|964500|3858000||0|0|0||0|0|0|0||||0|0||||0|718714|718389|624167|761579|524447|364563|139375|6766|0|0|0|0|0||0|||1|0|00
2026|01|527010|015|08|WA|4715|EBA|01|51|1|002|100|SA|524111|019|A|0|0||0||||2|Akomodasi|1|ORG|2|HR|1|LOK|4|fr|8|OHFL|440125|3521000||0|0|0||0|0|0|0||||0|0||||0|655934|655637|569646|695054|478636|332718|127200|6175|0|0|0|0|0||0|||1|0|00
2026|01|527010|015|08|WA|4715|EBA|01|51|1|002|100|SA|524111|019|A|0|0||0||||3|Uang Harian|1|ORG|3|HR|4|LOK|0||12|OH|126250|1515000||0|0|0||0|0|0|0||||0|0||||0|282231|282102|245105|299065|205945|143161|54731|2660|0|0|0|0|0||0|||1|0|00
2026|01|527010|015|08|WA|4715|EBB|01|51|1|001|100|KC|532111|019|A|0|0||0||||1|Kendaraan Dinas Jabatan Eselon I (Mobil Listrik)|1|Unit|0||0||0||1|UNIT|945477000|945477000||0|0|0||0|0|0|0||||0|0||||0|0|0|0|0|0|0|0|945477000|0|0|0|0|0||0|||1|0|00
2026|01|527010|015|08|WA|4715|EBB|01|51|1|004|100|GB|533121|019|A|0|0||0|01||1|1|Pembangunan selasar pada jembatan penghubung Gedung Prijadi III A dan Prijadi III B|0||0||0||0||0||0|0||0|0|0||0|0|0|0||||0|0||||0|0|0|0|0|0|0|0|0|0|0|0|0|0||0|||1|0|00
2026|01|527010|015|08|WA|4715|EBB|01|51|1|004|100|GB|533121|019|A|0|0||0|01|||2|Biaya Konstruksi Fisik  selasar jembatan penghubung Gedung Prijadi III A dan Prijadi III B|1|PKT|0||0||0||1|PKT|500000000|500000000||0|0|0||0|0|0|0||||0|0||||0|0|1548471|4045062|704570|794890|86861985|107801710|0|0|0|203533102|94710210|0||0|||1|0|00
2026|01|527010|015|08|WA|4715|EBB|01|51|1|004|100|GB|533121|019|A|0|0||0|02||1|3|Renovasi Gedung Daan Mogot Atap Tahap I|0||0||0||0||0||0|0||0|0|0||0|0|0|0||||0|0||||0|0|0|0|0|0|0|0|0|0|0|0|0|0||0|||1|0|00
2026|01|527010|015|08|WA|4715|EBB|01|51|1|004|100|GB|533121|019|A|0|0||0|02|||4|Biaya Konstruksi Fisik  Renovasi Gedung Daan Mogot Tahap I|0||0||0||0||200|m2|1842000|368400000||0|0|0||0|0|0|0||||0|0||||0|0|1140913|2980402|519127|585675|63999910|79428300|0|0|0|149963190|69782483|0||0|||1|0|00
2026|01|527010|015|08|WA|4715|EBB|01|51|1|004|100|GB|533121|019|A|0|0||0|03||1|5|Renovasi Kanopi Rooftop Gedung Prijadi II|0||0||0||0||0||0|0||0|0|0||0|0|0|0||||0|0||||0|0|0|0|0|0|0|0|0|0|0|0|0|0||0|||1|0|00
2026|01|527010|015|08|WA|4715|EBB|01|51|1|004|100|GB|533121|019|A|0|0||0|03|||6|Biaya Konstruksi Fisik  Kanopi Rooftop Gedung Prijadi II|0||0||0||0||1440|m2|276736|398499000||0|0|0||0|0|0|0||||0|0||||0|0|1234128|3223906|561541|633526|69228828|85917747|0|0|0|162215475|75483849|0||0|||1|0|00
2026|01|527010|015|08|WA|4715|EBB|01|51|1|004|100|GB|533121|019|A|0|0||0|03|||7|Biaya Konsultan Perencanaan|0||0||0||0||1|PKT|34299000|34299000||0|0|0||0|0|0|0||||0|0||||0|0|106222|277483|48332|54528|5958558|7394982|0|0|0|13961964|6496931|0||0|||1|0|00
2026|01|527010|015|08|WA|4715|EBB|01|51|1|004|100|GB|533121|019|A|0|0||0|03|||8|Biaya Konsultan Pengawasan|0||0||0||0||1|PKT|17483000|17483000||0|0|0||0|0|0|0||||0|0||||0|0|54144|141440|24636|27794|3037216|3769395|0|0|0|7116738|3311637|0||0|||1|0|00
2026|01|527010|015|08|WA|4715|EBB|01|51|1|004|100|RB|533121|019|A|0|0||0|01||1|1|Renovasi Rumah Dinas Golongan II Tipe D Pondok Gede Jl. A No. 7|0||0||0||0||0||0|0||0|0|0||0|0|0|0||||0|0||||0|0|0|0|0|0|0|0|0|0|0|0|0|0||0|||1|0|00
2026|01|527010|015|08|WA|4715|EBB|01|51|1|004|100|RB|533121|019|A|0|0||0|04|||10|Biaya Konsultan Perencanaan  Renovasi Rumah Dinas Jl. Ciremai II No. 2|0||0||0||0||1|PAKET|74017000|74017000||0|0|0||0|0|0|0||||0|0||||0|0|229226|598807|104300|117671|12858527|15958318|0|0|0|30129819|14020332|0||0|||1|0|00
2026|01|527010|015|08|WA|4715|EBB|01|51|1|004|100|RB|533121|019|A|0|0||0|05||1|11|Renovasi Rumah Dinas Golongan II Tipe D Jl. Karyawan I No. 6|0||0||0||0||0||0|0||0|0|0||0|0|0|0||||0|0||||0|0|0|0|0|0|0|0|0|0|0|0|0|0||0|||1|0|00
2026|01|527010|015|08|WA|4715|EBB|01|51|1|004|100|RB|533121|019|A|0|0||0|05|||12|Biaya Konstruksi Fisik  Renovasi Rumah Dinas Jl. Karyawan I No. 6|0||0||0||0||97|m2|3638351|352920000||0|0|0||0|0|0|0||||0|0||||0|0|1092972|2855167|497314|561065|61310663|76090759|0|0|0|143661805|66850255|0||0|||1|0|00
2026|01|527010|015|08|WA|4715|EBB|01|51|1|004|100|RB|533121|019|A|0|0||0|05|||13|Biaya Konsultan Perencanaan  Renovasi Rumah Dinas Jl. Karyawan I No. 6|0||0||0||0||1|PAKET|60939000|60939000||0|0|0||0|0|0|0||||0|0||||0|0|188724|493004|85872|96880|10586565|13138657|0|0|0|24806207|11543091|0||0|||1|0|00
2026|01|527010|015|08|WA|4715|EBB|01|51|1|004|100|RB|533121|019|A|0|0||0|05|||14|Biaya Konsultan Pengawasan  Renovasi Rumah Dinas Jl. Karyawan I No. 6|0||0||0||0||1|PAKET|23561000|23561000||0|0|0||0|0|0|0||||0|0||||0|0|72967|190611|33201|37457|4093110|5079832|0|0|0|9590887|4462935|0||0|||1|0|00
2026|01|527010|015|08|WA|4715|EBB|01|51|1|004|100|RB|533121|019|A|0|0||0|06||1|15|Renovasi Rumah Dinas Golongan II Tipe D Cempaka Baru Jalan Siaga I No. 5|0||0||0||0||0||0|0||0|0|0||0|0|0|0||||0|0||||0|0|0|0|0|0|0|0|0|0|0|0|0|0||0|||1|0|00
2026|01|527010|015|08|WA|4715|EBB|01|51|1|004|100|RB|533121|019|A|0|0||0|06|||16|Biaya Konstruksi Fisik  Renovasi Rumah Dinas Jalan Malabar III nomor 11|0||0||0||0||228|m2|2058110|469249000||0|0|0||0|0|0|0||||0|0||||0|0|1453236|3796283|661238|746003|81519799|101171689|0|0|0|191015409|88885343|0||0|||1|0|00
2026|01|527010|015|08|WA|4715|EBB|01|51|1|004|100|RB|533121|019|A|0|0||0|07||1|17|Renovasi Rumah Dinas Golongan II Tipe D Pondok Bambu Jl. Anggaran No. 20A|0||0||0||0||0||0|0||0|0|0||0|0|0|0||||0|0||||0|0|0|0|0|0|0|0|0|0|0|0|0|0||0|||1|0|00
2026|01|527010|015|08|WA|4715|EBB|01|51|1|004|100|RB|533121|019|A|0|0||0|07|||18|Biaya Konstruksi Fisik  Renovasi Rumah Dinas Pondok Bambu Jl. Anggaran No. 20A|0||0||0||0||10|m2|2505800|25058000||0|0|0||0|0|0|0||||0|0||||0|0|77603|202722|35310|39837|4353175|5402590|0|0|0|10200265|4746498|0||0|||1|0|00
2026|01|527010|015|08|WA|4715|EBB|01|51|1|004|100|RB|533121|019|A|0|0||0|08||1|19|Renovasi Rumah Dinas Golongan II Tipe D Pondok Bambu Jl. Anggaran No. 23|0||0||0||0||0||0|0||0|0|0||0|0|0|0||||0|0||||0|0|0|0|0|0|0|0|0|0|0|0|0|0||0|||1|0|00
2026|01|527010|015|08|WA|4715|EBB|01|51|1|004|100|RB|533121|019|A|0|0||0|01|||2|Biaya Konstruksi Fisik  Renovasi Rumah Dinas Pondok Gede Jl. A No. 7|0||0||0||0||174|m2|1727771|300632000||0|0|0||0|0|0|0||||0|0||||0|0|931040|2432150|423633|477939|52226984|64817287|0|0|0|122377127|56945840|0||0|||1|0|00
2026|01|527010|015|08|WA|4715|EBB|01|51|1|004|100|RB|533121|019|A|0|0||0|08|||20|Biaya Konstruksi Fisik  Renovasi Rumah Dinas Pondok Bambu Jl. Anggaran No. 23|0||0||0||0||10|m2|2501400|25014000||0|0|0||0|0|0|0||||0|0||||0|0|77467|202366|35247|39766|4345531|5393103|0|0|0|10182354|4738166|0||0|||1|0|00
2026|01|527010|015|08|WA|4715|EBB|01|51|1|004|100|RB|533121|019|A|0|0||0|01|||3|Biaya Konsultan Perencanaan  Renovasi Rumah Dinas Pondok Gede Jl. A No. 7|0||0||0||0||1|PAKET|35480000|35480000||0|0|0||0|0|0|0||||0|0||||0|0|109879|287038|49996|56405|6163726|7649609|0|0|0|14442709|6720638|0||0|||1|0|00
2026|01|527010|015|08|WA|4715|EBB|01|51|1|004|100|RB|533121|019|A|0|0||0|01|||4|Biaya Konsultan Pengawasan  Renovasi Rumah Dinas Pondok Gede Jl. A No. 7|0||0||0||0||1|PAKET|19982000|19982000||0|0|0||0|0|0|0||||0|0||||0|0|61883|161657|28157|31767|3471352|4308188|0|0|0|8133997|3784999|0||0|||1|0|00
2026|01|527010|015|08|WA|4715|EBB|01|51|1|004|100|RB|533121|019|A|0|0||0|02||1|5|Renovasi Rumah Dinas Golongan II Tipe D Pondok Gede Jl. B No. 7|0||0||0||0||0||0|0||0|0|0||0|0|0|0||||0|0||||0|0|0|0|0|0|0|0|0|0|0|0|0|0||0|||1|0|00
2026|01|527010|015|08|WA|4715|EBB|01|51|1|004|100|RB|533121|019|A|0|0||0|02|||6|Biaya Konsultan Perencanaan  Renovasi Rumah Dinas Pondok Gede Jl. B No. 7|0||0||0||0||1|PAKET|8896899|8896000||0|0|0||0|0|0|0||||0|0||||0|0|27550|71970|12536|14143|1545448|1918008|0|0|0|3621261|1685084|0||0|||1|0|00
2026|01|527010|015|08|WA|4715|EBB|01|51|1|004|100|RB|533121|019|A|0|0||0|03||1|7|Renovasi Rumah Dinas Golongan II Tipe D Jl. Malabar I No. 31|0||0||0||0||0||0|0||0|0|0||0|0|0|0||||0|0||||0|0|0|0|0|0|0|0|0|0|0|0|0|0||0|||1|0|00
2026|01|527010|015|08|WA|4715|EBB|01|51|1|004|100|RB|533121|019|A|0|0||0|03|||8|Biaya Konsultan Perencanaan  Renovasi Rumah Dinas Jl. Malabar I No. 31|0||0||0||0||1|PAKET|45475000|45475000||0|0|0||0|0|0|0||||0|0||||0|0|140833|367898|64081|72295|7900098|9804565|0|0|0|18511336|8613894|0||0|||1|0|00
2026|01|527010|015|08|WA|4715|EBB|01|51|1|004|100|RB|533121|019|A|0|0||0|04||1|9|Renovasi Rumah Dinas Golongan II Tipe D Jl. Ciremai II No. 2|0||0||0||0||0||0|0||0|0|0||0|0|0|0||||0|0||||0|0|0|0|0|0|0|0|0|0|0|0|0|0||0|||1|0|00
2026|01|527010|015|08|WA|4715|EBB|01|51|1|002|100|CA|532111|019|A|0|0||0||||1|Meja dan Sofa Tamu|4|UNIT|0||0||0||4|Set|43414500|173658000||0|0|0||0|0|0|0||||0|0||||0|0|5777973|49911936|57918090|3792910|7365173|0|0|0|0|38963735|9928183|0||0|||1|0|00
2026|01|527010|015|08|WA|4715|EBB|01|51|1|002|100|DA|521252|019|A|0|0||0|01||1|1|Kebutuhan PEKPPP|0||0||0||0||0||0|0||0|0|0||0|0|0|0||||0|0||||0|0|0|0|0|0|0|0|0|0|0|0|0|0||0|||1|0|00
2026|01|527010|015|08|WA|4715|EBB|01|51|1|002|100|DA|521252|019|A|0|0||0|01|||2|Guiding Block|120|UNIT|0||0||0||120|UNIT|31999|3839000||0|0|0||0|0|0|0||||0|0||||0|0|127732|1103387|1280376|83849|162819|0|0|0|0|861358|219479|0||0|||1|0|00
2026|01|527010|015|08|WA|4715|EBB|01|51|1|002|100|DA|521252|019|A|0|0||0|01|||3|Alat Bantu Dengar|2|UNIT|0||0||0||2|UNIT|875000|1750000||0|0|0||0|0|0|0||||0|0||||0|0|58226|502976|583657|38222|74221|0|0|0|0|392648|100050|0||0|||1|0|00
2026|01|527010|015|08|WA|4715|EBB|01|51|1|002|100|DA|532111|019|A|0|0||0|01||1|1|Kebutuhan PEKPPP|0||0||0||0||0||0|0||0|0|0||0|0|0|0||||0|0||||0|0|0|0|0|0|0|0|0|0|0|0|0|0||0|||1|0|00
2026|01|527010|015|08|WA|4715|EBB|01|51|1|002|100|DA|532111|019|A|0|0||0|01|||10|Tongkat Tuna Netra|1|UNIT|0||0||0||1|UNIT|1000000|1000000||0|0|0||0|0|0|0||||0|0||||0|0|33272|287415|333518|21841|42412|0|0|0|0|224371|57171|0||0|||1|0|00
2026|01|527010|015|08|WA|4715|EBB|01|51|1|002|100|DA|532111|019|A|0|0||0|01|||11|Walker Disabilitas|1|UNIT|0||0||0||1|UNIT|2000000|2000000||0|0|0||0|0|0|0||||0|0||||0|0|66544|574830|667036|43683|84824|0|0|0|0|448741|114342|0||0|||1|0|00
2026|01|527010|015|08|WA|4715|EBB|01|51|1|002|100|DA|532111|019|A|0|0||0|01|||12|Sofa Ruang Laktasi|1|UNIT|0||0||0||1|UNIT|4000000|4000000||0|0|0||0|0|0|0||||0|0||||0|0|133089|1149661|1334072|87365|169648|0|0|0|0|897482|228683|0||0|||1|0|00
2026|01|527010|015|08|WA|4715|EBB|01|51|1|002|100|DA|532111|019|A|0|0||0|01|||13|Walker Disabilitas|1|UNIT|0||0||0||1|UNIT|2000000|2000000||0|0|0||0|0|0|0||||0|0||||0|0|66544|574830|667036|43683|84824|0|0|0|0|448741|114342|0||0|||1|0|00
2026|01|527010|015|08|WA|4715|EBB|01|51|1|002|100|DA|532111|019|A|0|0||0|02||1|14|Kantor Vertikal DJPb|0||0||0||0||0||0|0||0|0|0||0|0|0|0||||0|0||||0|0|0|0|0|0|0|0|0|0|0|0|0|0||0|||1|0|00
2026|01|527010|015|08|WA|4715|EBB|01|51|1|002|100|DA|532111|019|A|0|0||0|02|||15|Genset 250 kVA|0||0||0||0||1|UNIT|1230003000|1230003000||0|0|0||0|0|0|0||||0|0||||0|0|40924832|353521469|410228290|26864821|52166815|0|0|0|0|275976408|70320365|0||0|||1|0|00
2026|01|527010|015|08|WA|4715|EBB|01|51|1|002|100|DA|532111|019|A|0|0||0|02|||16|Genset 180 kVA|0||0||0||0||1|UNIT|1044510000|1044510000||0|0|0||0|0|0|0||||0|0||||0|0|34753083|300207975|348363013|22813419|44299697|0|0|0|0|234357248|59715565|0||0|||1|0|00
2026|01|527010|015|08|WA|4715|EBB|01|51|1|002|100|DA|532111|019|A|0|0||0|02|||17|Genset 140 kVA|0||0||0||0||1|UNIT|610000000|610000000||0|0|0||0|0|0|0||||0|0||||0|0|20296005|175323228|203446054|13323171|25871284|0|0|0|0|136866015|34874243|0||0|||1|0|00
2026|01|527010|015|08|WA|4715|EBB|01|51|1|002|100|DA|532111|019|A|0|0||0|02|||18|Genset 80 kVA|0||0||0||0||2|UNIT|614551500|1229103000||0|0|0||0|0|0|0||||0|0||||0|0|40894887|353262796|409928124|26845164|52128644|0|0|0|0|275774475|70268910|0||0|||1|0|00
2026|01|527010|015|08|WA|4715|EBB|01|51|1|002|100|DA|532111|019|A|0|0||0|02|||19|Genset 60 kVA|0||0||0||0||2|UNIT|427208500|854417000||0|0|0||0|0|0|0||||0|0||||0|0|28428282|245572371|284963553|18661548|36237484|0|0|0|0|191705983|48847779|0||0|||1|0|00
2026|01|527010|015|08|WA|4715|EBB|01|51|1|002|100|DA|532111|019|A|0|0||0|01|||2|Kulkas Showcase Mini Ruang Laktasi (penyimpanan ASI ibu menyusui)|1|UNIT|0||0||0||1|UNIT|5050000|5050000||0|0|0||0|0|0|0||||0|0||||0|0|168024|1451446|1684267|110298|214180|0|0|0|0|1133071|288714|0||0|||1|0|00
2026|01|527010|015|08|WA|4715|EBB|01|51|1|002|100|DA|532111|019|A|0|0||0|02|||20|AVR 300 kVA|0||0||0||0||1|UNIT|954600000|954600000||0|0|0||0|0|0|0||||0|0||||0|0|31761585|274366481|318376399|20849671|40486439|0|0|0|0|214184095|54575330|0||0|||1|0|00
2026|01|527010|015|08|WA|4715|EBB|01|51|1|002|100|DA|532111|019|A|0|0||0|02|||21|AVR 90 kVA|0||0||0||0||2|UNIT|263680500|527361000||0|0|0||0|0|0|0||||0|0||||0|0|17546429|151571529|175884450|11518231|22366404|0|0|0|0|118324260|30149697|0||0|||1|0|00
2026|01|527010|015|08|WA|4715|EBB|01|51|1|002|100|DA|532111|019|A|0|0||0|02|||22|UPS 10 KVA|4|UNIT|0||0||0||4|UNIT|96212500|384850000||0|0|0||0|0|0|0||||0|0||||0|0|12804783|110611712|128354449|8405611|16322236|0|0|0|0|86348993|22002216|0||0|||1|0|00
2026|01|527010|015|08|WA|4715|EBB|01|51|1|002|100|DA|532111|019|A|0|0||0|03||1|23|Direktorat PA|0||0||0||0||0||0|0||0|0|0||0|0|0|0||||0|0||||0|0|0|0|0|0|0|0|0|0|0|0|0|0||0|||1|0|00
2026|01|527010|015|08|WA|4715|EBB|01|51|1|002|100|DA|532111|019|A|0|0||0|03|||24|Kursi Kerja Pejabat|0||0||0||0||29|UNIT|4000000|116000000||0|0|0||0|0|0|0||||0|0||||0|0|3859568|33340155|38688102|2533587|4919785|0|0|0|0|26026980|6631823|0||0|||1|0|00
2026|01|527010|015|08|WA|4715|EBB|01|51|1|002|100|DA|532111|019|A|0|0||0|03|||25|Meja Rapat|0||0||0||0||1|UNIT|9999000|9999000||0|0|0||0|0|0|0||||0|0||||0|0|332688|2873864|3334848|218391|424077|0|0|0|0|2243481|571651|0||0|||1|0|00
2026|01|527010|015|08|WA|4715|EBB|01|51|1|002|100|DA|532111|019|A|0|0||0|03|||26|Kursi Rapat|0||0||0||0||8|UNIT|5500000|44000000||0|0|0||0|0|0|0||||0|0||||0|0|1463974|12646266|14674797|961016|1866125|0|0|0|0|9872303|2515519|0||0|||1|0|00
2026|01|527010|015|08|WA|4715|EBB|01|51|1|002|100|DA|532111|019|A|0|0||0|03|||27|Meja dan Sofa Tamu|0||0||0||0||2|SET|15000000|30000000||0|0|0||0|0|0|0||||0|0||||0|0|998164|8622454|10005544|655238|1272358|0|0|0|0|6731115|1715127|0||0|||1|0|00
2026|01|527010|015|08|WA|4715|EBB|01|51|1|002|100|DA|532111|019|A|0|0||0|03|||28|Credenza|0||0||0||0||1|UNIT|4000000|4000000||0|0|0||0|0|0|0||||0|0||||0|0|133089|1149661|1334072|87365|169648|0|0|0|0|897482|228683|0||0|||1|0|00
2026|01|527010|015|08|WA|4715|EBB|01|51|1|002|100|DA|532111|019|A|0|0||0|03|||29|Sofa Ruang Kerja|0||0||0||0||1|SET|10000000|10000000||0|0|0||0|0|0|0||||0|0||||0|0|332721|2874151|3335181|218413|424119|0|0|0|0|2243705|571710|0||0|||1|0|00
2026|01|527010|015|08|WA|4715|EBB|01|51|1|002|100|DA|532111|019|A|0|0||0|01|||3|Tongkat Kaki Empat (Quad Cane) Alat Bantu Jalan|1|UNIT|0||0||0||1|UNIT|1000000|1000000||0|0|0||0|0|0|0||||0|0||||0|0|33272|287415|333518|21841|42412|0|0|0|0|224371|57171|0||0|||1|0|00
2026|01|527010|015|08|WA|4715|EBB|01|51|1|002|100|DA|532111|019|A|0|0||0|03|||30|Nakas|0||0||0||0||1|UNIT|2000000|2000000||0|0|0||0|0|0|0||||0|0||||0|0|66544|574830|667036|43683|84824|0|0|0|0|448741|114342|0||0|||1|0|00
2026|01|527010|015|08|WA|4715|EBB|01|51|1|002|100|DA|532111|019|A|0|0||0|03|||31|Loker|0||0||0||0||3|SET|4000000|12000000||0|0|0||0|0|0|0||||0|0||||0|0|399266|3448982|4002217|262095|508943|0|0|0|0|2692446|686051|0||0|||1|0|00
2026|01|527010|015|08|WA|4715|EBB|01|51|1|002|100|DA|532111|019|A|0|0||0|04||1|32|Direktorat PPKBLU|0||0||0||0||0||0|0||0|0|0||0|0|0|0||||0|0||||0|0|0|0|0|0|0|0|0|0|0|0|0|0||0|||1|0|00
2026|01|527010|015|08|WA|4715|EBB|01|51|1|002|100|DA|532111|019|A|0|0||0|04|||33|Desk Wireless Microphone|0||0||0||0||1|SET|6827000|6827000||0|0|0||0|0|0|0||||0|0||||0|0|227149|1962183|2276928|149110|289546|0|0|0|0|1531778|390306|0||0|||1|0|00
2026|01|527010|015|08|WA|4715|EBB|01|51|1|002|100|DA|532111|019|A|0|0||0|04|||34|Speaker|0||0||0||0||1|SET|6000000|6000000||0|0|0||0|0|0|0||||0|0||||0|0|199633|1724491|2001109|131048|254472|0|0|0|0|1346223|343024|0||0|||1|0|00
2026|01|527010|015|08|WA|4715|EBB|01|51|1|002|100|DA|532111|019|A|0|0||0|04|||35|Mixer Amplifier|0||0||0||0||1|SET|4000000|4000000||0|0|0||0|0|0|0||||0|0||||0|0|133089|1149661|1334072|87365|169648|0|0|0|0|897482|228683|0||0|||1|0|00
2026|01|527010|015|08|WA|4715|EBB|01|51|1|002|100|DA|532111|019|A|0|0||0|04|||36|Microphone|0||0||0||0||1|SET|2800000|2800000||0|0|0||0|0|0|0||||0|0||||0|0|93162|804762|933851|61156|118753|0|0|0|0|628237|160079|0||0|||1|0|00
2026|01|527010|015|08|WA|4715|EBB|01|51|1|002|100|DA|532111|019|A|0|0||0|05||1|37|Direktorat SITP|0||0||0||0||0||0|0||0|0|0||0|0|0|0||||0|0||||0|0|0|0|0|0|0|0|0|0|0|0|0|0||0|||1|0|00
2026|01|527010|015|08|WA|4715|EBB|01|51|1|002|100|DA|532111|019|A|0|0||0|05|||38|Kulkas  Mini Bar|0||0||0||0||1|UNIT|5366000|5366000||0|0|0||0|0|0|0||||0|0||||0|0|178538|1542270|1789658|117200|227582|0|0|0|0|1203972|306780|0||0|||1|0|00
2026|01|527010|015|08|WA|4715|EBB|01|51|1|002|100|DA|532111|019|A|0|0||0|06||1|39|Kebutuhan Lainnya|0||0||0||0||0||0|0||0|0|0||0|0|0|0||||0|0||||0|0|0|0|0|0|0|0|0|0|0|0|0|0||0|||1|0|00
2026|01|527010|015|08|WA|4715|EBB|01|51|1|002|100|DA|532111|019|A|0|0||0|01|||4|LED TV 55 Inch dan Bracket TV|2|UNIT|0||0||0||2|UNIT|11800000|23600000||0|0|0||0|0|0|0||||0|0||||0|0|785222|6782997|7871028|515454|1000922|0|0|0|0|5295144|1349233|0||0|||1|0|00
2026|01|527010|015|08|WA|4715|EBB|01|51|1|002|100|DA|532111|019|A|0|0||0|06|||40|Recorder|0||0||0||0||5|UNIT|2500000|12500000||0|0|0||0|0|0|0||||0|0||||0|0|415902|3592689|4168977|273016|530149|0|0|0|0|2804631|714636|0||0|||1|0|00
2026|01|527010|015|08|WA|4715|EBB|01|51|1|002|100|DA|532111|019|A|0|0||0|06|||41|Coffee Maker|0||0||0||0||2|UNIT|14200000|28400000||0|0|0||0|0|0|0||||0|0||||0|0|944929|8162590|9471915|620292|1204499|0|0|0|0|6372123|1623652|0||0|||1|0|00
2026|01|527010|015|08|WA|4715|EBB|01|51|1|002|100|DA|532111|019|A|0|0||0|06|||42|TV 85 inch|0||0||0||0||9|UNIT|31700000|285300000||0|0|0||0|0|0|0||||0|0||||0|0|9492541|81999536|95152720|6231313|12100127|0|0|0|0|64012908|16310855|0||0|||1|0|00
2026|01|527010|015|08|WA|4715|EBB|01|51|1|002|100|DA|532111|019|A|0|0||0|06|||43|TV 55 inch|0||0||0||0||6|UNIT|10970700|65824000||0|0|0||0|0|0|0||||0|0||||0|0|2190105|18918813|21953497|1437679|2791724|0|0|0|0|14768965|3763217|0||0|||1|0|00
2026|01|527010|015|08|WA|4715|EBB|01|51|1|002|100|DA|532111|019|A|0|0||0|06|||44|Drone|0||0||0||0||2|UNIT|24100500|48201000||0|0|0||0|0|0|0||||0|0||||0|0|1603750|13853697|16075907|1052771|2044298|0|0|0|0|10814883|2755694|0||0|||1|0|00
2026|01|527010|015|08|WA|4715|EBB|01|51|1|002|100|DA|532111|019|A|0|0||0|06|||45|Action Cam|0||0||0||0||3|UNIT|8466667|25400000||0|0|0||0|0|0|0||||0|0||||0|0|845112|7300344|8471360|554768|1077263|0|0|0|0|5699011|1452142|0||0|||1|0|00
2026|01|527010|015|08|WA|4715|EBB|01|51|1|002|100|DA|532111|019|A|0|0||0|06|||46|Sofa|0||0||0||0||2|UNIT|12613500|25227000||0|0|0||0|0|0|0||||0|0||||0|0|839356|7250621|8413662|550990|1069926|0|0|0|0|5660195|1442250|0||0|||1|0|00
2026|01|527010|015|08|WA|4715|EBB|01|51|1|002|100|DA|532111|019|A|0|0||0|06|||47|Meja|0||0||0||0||2|UNIT|2800000|5600000||0|0|0||0|0|0|0||||0|0||||0|0|186324|1609525|1867701|122311|237507|0|0|0|0|1256475|320157|0||0|||1|0|00
2026|01|527010|015|08|WA|4715|EBB|01|51|1|002|100|DA|532111|019|A|0|0||0|06|||48|Kursi|0||0||0||0||3|UNIT|2000000|6000000||0|0|0||0|0|0|0||||0|0||||0|0|199633|1724491|2001109|131048|254472|0|0|0|0|1346223|343024|0||0|||1|0|00
2026|01|527010|015|08|WA|4715|EBB|01|51|1|002|100|DA|532111|019|A|0|0||0|06|||49|Dispenser|0||0||0||0||2|UNIT|4500000|9000000||0|0|0||0|0|0|0||||0|0||||0|0|299449|2586736|3001663|196571|381707|0|0|0|0|2019335|514539|0||0|||1|0|00
2026|01|527010|015|08|WA|4715|EBB|01|51|1|002|100|DA|532111|019|A|0|0||0|01|||5|Dispenser Galon Bawah|1|UNIT|0||0||0||1|UNIT|5900000|5900000||0|0|0||0|0|0|0||||0|0||||0|0|196306|1695749|1967757|128863|250230|0|0|0|0|1323786|337309|0||0|||1|0|00
2026|01|527010|015|08|WA|4715|EBB|01|51|1|002|100|DA|532111|019|A|0|0||0|06|||50|Water Heater|0||0||0||0||1|UNIT|4500000|4500000||0|0|0||0|0|0|0||||0|0||||0|0|149725|1293368|1500832|98286|190854|0|0|0|0|1009667|257268|0||0|||1|0|00
2026|01|527010|015|08|WA|4715|EBB|01|51|1|002|100|DA|532111|019|A|0|0||0|06|||51|Mesin Pemotong Rumput|0||0||0||0||1|UNIT|2500000|2500000||0|0|0||0|0|0|0||||0|0||||0|0|83180|718538|833795|54603|106030|0|0|0|0|560926|142928|0||0|||1|0|00
2026|01|527010|015|08|WA|4715|EBB|01|51|1|002|100|DA|532111|019|A|0|0||0|01|||6|Charging Station / Charger Booth|2|UNIT|0||0||0||2|UNIT|3235000|6470000||0|0|0||0|0|0|0||||0|0||||0|0|215271|1859576|2157862|141313|274405|0|0|0|0|1451677|369896|0||0|||1|0|00
2026|01|527010|015|08|WA|4715|EBB|01|51|1|002|100|DA|532111|019|A|0|0||0|01|||7|Rak Penyimpanan Jaket/Helm|1|UNIT|0||0||0||1|UNIT|1500000|1500000||0|0|0||0|0|0|0||||0|0||||0|0|49908|431123|500277|32762|63618|0|0|0|0|336556|85756|0||0|||1|0|00
2026|01|527010|015|08|WA|4715|EBB|01|51|1|002|100|DA|532111|019|A|0|0||0|01|||8|CCTV Ruang Parkir|1|UNIT|0||0||0||1|UNIT|5000000|5000000||0|0|0||0|0|0|0||||0|0||||0|0|166361|1437076|1667591|109206|212060|0|0|0|0|1121853|285853|0||0|||1|0|00
2026|01|527010|015|08|WA|4715|EBB|01|51|1|002|100|DA|532111|019|A|0|0||0|01|||9|Layar Monitoring CCTV Parkir|1|UNIT|0||0||0||1|UNIT|2000000|2000000||0|0|0||0|0|0|0||||0|0||||0|0|66544|574830|667036|43683|84824|0|0|0|0|448741|114342|0||0|||1|0|00
2026|01|527010|015|08|WA|4715|EBB|01|51|1|002|100|DB|532111|019|A|0|0||0|01||1|1|Sekretariat DJPb|0||0||0||0||0||0|0||0|0|0||0|0|0|0||||0|0||||0|0|0|0|0|0|0|0|0|0|0|0|0|0||0|||1|0|00
2026|01|527010|015|08|WA|4715|EBB|01|51|1|002|100|DB|532111|019|A|0|0||0|01|||10|Air Purifier|0||0||0||0||3|Unit|7084464|21253000||0|0|0||0|0|0|0||||0|0||||0|0|707133|6108434|7088261|464192|901381|0|0|0|0|4768547|1215052|0||0|||1|0|00
2026|01|527010|015|08|WA|4715|EBB|01|51|1|002|100|DB|532111|019|A|0|0||0|01|||11|Printer|0||0||0||0||2|Unit|20000000|40000000||0|0|0||0|0|0|0||||0|0||||0|0|1330886|11496605|13340725|873651|1696478|0|0|0|0|8974821|2286834|0||0|||1|0|00
2026|01|527010|015|08|WA|4715|EBB|01|51|1|002|100|DB|532111|019|A|0|0||0|01|||12|Meja dan Sofa Tamu|4|UNIT|0||0||0||4|Set|49774400|199097000||0|0|0||0|0|0|0||||0|0||||0|0|6624383|57223490|66402457|4348530|8444090|0|0|0|0|44671497|11382553|0||0|||1|0|00
2026|01|527010|015|08|WA|4715|EBB|01|51|1|002|100|DB|532111|019|A|0|0||0|01|||13|Coffee Maker|0||0||0||0||3|UNIT|12500000|37500000||0|0|0||0|0|0|0||||0|0||||0|0|1247705|10778067|12506930|819047|1590448|0|0|0|0|8413894|2143909|0||0|||1|0|00
2026|01|527010|015|08|WA|4715|EBB|01|51|1|002|100|DB|532111|019|A|0|0||0|01|||14|Smart Display|8|UNIT|0||0||0||8|UNIT|3625000|29000000||0|0|0||0|0|0|0||||0|0||||0|0|964892|8335039|9672026|633395|1229946|0|0|0|0|6506744|1657958|0||0|||1|0|00
2026|01|527010|015|08|WA|4715|EBB|01|51|1|002|100|DB|532111|019|A|0|0||0|01|||2|Panel Videotron P.4|1|PKT|0||0||0||1|PKT|378954000|378954000||0|0|0||0|0|0|0||||0|0||||0|0|12608610|108917112|126388026|8276835|16072175|0|0|0|0|85026105|21665137|0||0|||1|0|00
2026|01|527010|015|08|WA|4715|EBB|01|51|1|002|100|DB|532111|019|A|0|0||0|01|||3|Meja Lipat Informa|0||0||0||0||20|Unit|2252250|45045000||0|0|0||0|0|0|0||||0|0||||0|0|1498744|12946614|15023324|983840|1910446|0|0|0|0|10106770|2575262|0||0|||1|0|00
2026|01|527010|015|08|WA|4715|EBB|01|51|1|002|100|DB|532111|019|A|0|0||0|01|||4|Kursi Rapat Futura|0||0||0||0||34|Unit|1000000|34000000||0|0|0||0|0|0|0||||0|0||||0|0|1131253|9772114|11339616|742603|1442006|0|0|0|0|7628598|1943810|0||0|||1|0|00
2026|01|527010|015|08|WA|4715|EBB|01|51|1|002|100|DB|532111|019|A|0|0||0|01|||5|Lemari Arsip Ijazah|0||0||0||0||3|Unit|6271500|18814000||0|0|0||0|0|0|0||||0|0||||0|0|625982|5407428|6274810|410922|797938|0|0|0|0|4221307|1075613|0||0|||1|0|00
2026|01|527010|015|08|WA|4715|EBB|01|51|1|002|100|DB|532111|019|A|0|0||0|01|||6|Lemari Penyimpanan Sertifikat|0||0||0||0||1|unit|6271500|6271000||0|0|0||0|0|0|0||||0|0||||0|0|208650|1802380|2091492|136967|265965|0|0|0|0|1407028|358518|0||0|||1|0|00
2026|01|527010|015|08|WA|4715|EBB|01|51|1|002|100|DB|532111|019|A|0|0||0|01|||7|Peralatan Podcast|0||0||0||0||1|Unit|61181676|61181000||0|0|0||0|0|0|0||||0|0||||0|0|2035623|17584345|20404972|1336270|2594805|0|0|0|0|13727213|3497772|0||0|||1|0|00
2026|01|527010|015|08|WA|4715|EBB|01|51|1|002|100|DB|532111|019|A|0|0||0|01|||8|Misty Fan|0||0||0||0||5|Unit|5059861|25299000||0|0|0||0|0|0|0||||0|0||||0|0|841752|7271315|8437675|552562|1072980|0|0|0|0|5676350|1446366|0||0|||1|0|00
2026|01|527010|015|08|WA|4715|EBB|01|51|1|002|100|DB|532111|019|A|0|0||0|01|||9|Handy Talkie|0||0||0||0||2|Unit|1226407|2452000||0|0|0||0|0|0|0||||0|0||||0|0|81583|704742|817786|53555|103994|0|0|0|0|550157|140183|0||0|||1|0|00
2026|01|527010|015|08|WA|4715|EBD|01|51|1|001|100|CA|522191|019|A|0|0||0||||1|Jasa Pendukung Kegiatan|0||0||0||0||1|PKT|6500000|6500000||0|0|0||0|0|0|0||||0|0||||0|771709|771709|771709|771709|771709|771709|771709|358818|0|0|0|739219|0||0|||1|0|00
2026|01|527010|015|08|WA|4715|EBD|01|51|1|001|100|CB|524111|019|A|0|0||0||||1|Transport|3|ORG|3|LOK|3|FR|0||27|OK|2500000|67500000||0|0|0||0|0|0|0||||0|0||||0|8013898|8013898|8013898|8013898|8013898|8013898|8013898|3726187|0|0|0|7676527|0||0|||1|0|00
2026|01|527010|015|08|WA|4715|EBD|01|51|1|001|100|CB|524111|019|A|0|0||0||||2|Akomodasi|3|ORG|3|HR|3|LOK|3|FR|81|OH|600000|48600000||0|0|0||0|0|0|0||||0|0||||0|5770007|5770007|5770007|5770007|5770007|5770007|5770007|2682855|0|0|0|5527096|0||0|||1|0|00
2026|01|527010|015|08|WA|4715|EBD|01|51|1|001|100|CB|524111|019|A|0|0||0||||3|Uang Saku Harian|3|ORG|4|HR|3|LOK|3|FR|108|OH|350000|37800000||0|0|0||0|0|0|0||||0|0||||0|4487783|4487783|4487783|4487783|4487783|4487783|4487783|2086665|0|0|0|4298854|0||0|||1|0|00
2026|01|527010|015|08|WA|4715|EBD|01|51|1|001|100|CC|521211|019|A|0|0||0||||1|KDM  Makan Rapat|24|ORG|3|HR|3|FR|0||216|OK|50000|10800000||0|0|0||0|0|0|0||||0|0||||0|1282224|1282224|1282224|1282224|1282224|1282224|1282224|596190|0|0|0|1228242|0||0|||1|0|00
2026|01|527010|015|08|WA|4715|EBD|01|51|1|001|100|CC|521211|019|A|0|0||0||||2|KDM  Snack Rapat|25|ORG|3|HR|3|FR|0||225|OK|20000|4500000||0|0|0||0|0|0|0||||0|0||||0|534260|534260|534260|534260|534260|534260|534260|248412|0|0|0|511768|0||0|||1|0|00
2026|01|527010|015|08|WA|4715|EBD|01|51|1|001|100|CC|524111|019|A|0|0||0||||1|Transport|3|ORG|5|LOK|2|FR|0||30|OK|3000000|90000000||0|0|0||0|0|0|0||||0|0||||0|10685197|10685197|10685197|10685197|10685197|10685197|10685197|4968250|0|0|0|10235371|0||0|||1|0|00
2026|01|527010|015|08|WA|4715|EBD|01|51|1|001|100|CC|524111|019|A|0|0||0||||2|Akomodasi|3|ORG|3|HR|5|LOK|1|FR|45|OH|600000|27000000||0|0|0||0|0|0|0||||0|0||||0|3205559|3205559|3205559|3205559|3205559|3205559|3205559|1490475|0|0|0|3070612|0||0|||1|0|00
2026|01|527010|015|08|WA|4715|EBD|01|51|1|001|100|CC|524111|019|A|0|0||0||||3|Uang Saku Harian|3|ORG|4|HR|5|LOK|1|FR|60|OH|350000|21000000||0|0|0||0|0|0|0||||0|0||||0|2493213|2493213|2493213|2493213|2493213|2493213|2493213|1159258|0|0|0|2388251|0||0|||1|0|00
2026|01|527010|015|08|WA|4715|EBD|01|51|1|001|100|CD|521211|019|A|0|0||0||||1|KDM  Makan Rapat|38|ORG|4|FR|0||0||152|OH|39902|6065000||0|0|0||0|0|0|0||||0|0||||0|1334344|1334344|1334344|1334344|0|0|0|0|0|727624|0|0|0||0|||1|0|00
2026|01|527010|015|08|WA|4715|EBD|01|51|1|001|100|CD|521211|019|A|0|0||0||||2|KDM  Snack Rapat|38|ORG|4|FR|0||0||152|OH|15000|2280000||0|0|0||0|0|0|0||||0|0||||0|561804|561804|561804|561804|0|0|0|0|0|0|0|32784|0||0|||1|0|00
2026|01|527010|015|08|WA|4715|EBD|01|51|1|001|100|CD|524111|019|A|0|0||0||||1|Transport|3|ORG|4|LOK|2|FR|0||24|OK|2566667|61600000||0|0|0||0|0|0|0||||0|0||||0|7313424|7313424|7313424|7313424|7313424|7313424|7313424|3400491|0|0|0|7005541|0||0|||1|0|00
2026|01|527010|015|08|WA|4715|EBD|01|51|1|001|100|CD|524111|019|A|0|0||0||||2|Akomodasi|3|ORG|3|HR|4|LOK|1|FR|36|OH|600000|21600000||0|0|0||0|0|0|0||||0|0||||0|2564447|2564447|2564447|2564447|2564447|2564447|2564447|1192380|0|0|0|2456491|0||0|||1|0|00
2026|01|527010|015|08|WA|4715|EBD|01|51|1|001|100|CD|524111|019|A|0|0||0||||3|Uang Saku Harian|3|ORG|4|HR|4|LOK|1|FR|48|OH|350000|16800000||0|0|0||0|0|0|0||||0|0||||0|1994570|1994570|1994570|1994570|1994570|1994570|1994570|927407|0|0|0|1910603|0||0|||1|0|00
2026|01|527010|015|08|WA|4715|EBD|01|51|1|004|100|CA|521211|019|A|0|0||0|01||1|1|Evaluasi Pelaksanaan Anggaran|0||0||0||0||0||0|0||0|0|0||0|0|0|0||||0|0||||0|0|0|0|0|0|0|0|0|0|0|0|0|0||0|||1|0|00
2026|01|527010|015|08|WA|4715|EBD|01|51|1|004|100|CA|521211|019|A|0|0||0|04||1|10|Biaya Administrasi Bank|0||0||0||0||0||0|0||0|0|0||0|0|0|0||||0|0||||0|0|0|0|0|0|0|0|0|0|0|0|0|0||0|||1|0|00
2026|01|527010|015|08|WA|4715|EBD|01|51|1|004|100|CA|521211|019|A|0|0||0|04|||11|CTK  Biaya Administrasi Bank|0||0||0||0||1|THN|6300000|6300000||0|0|0||0|0|0|0||||0|0||||0|478445|478445|478445|478445|478445|478445|478445|478445|478445|478445|478445|1037105|0||0|||1|0|00
2026|01|527010|015|08|WA|4715|EBD|01|51|1|004|100|CA|521211|019|A|0|0||0|04|||12|CTK  Biaya Pengawalan PengambilanPenyetoran ke Bank|6|ORG|50|FR|0||0||300|OK|30807|9242000||0|0|0||0|0|0|0||||0|0||||0|701871|701871|701871|701871|701871|701871|701871|701871|701871|701871|701871|1521419|0||0|||1|0|00
2026|01|527010|015|08|WA|4715|EBD|01|51|1|004|100|CA|521211|019|A|0|0||0|01|||2|KDM  Makan Rapat|60|ORG|8|FR|0||0||480|OK|40000|19200000||0|0|0||0|0|0|0||||0|0||||0|1093589|1093589|1093589|1093589|1093589|1093589|1093589|1093589|1093589|1093589|1093589|7170521|0||0|||1|0|00
2026|01|527010|015|08|WA|4715|EBD|01|51|1|004|100|CA|521211|019|A|0|0||0|01|||3|KDM  Snack Rapat|60|ORG|9|FR|0||0||540|OK|15700|8478000||0|0|0||0|0|0|0||||0|0||||0|429234|429234|429234|429234|429234|429234|429234|429234|429234|429234|429234|3756426|0||0|||1|0|00
2026|01|527010|015|08|WA|4715|EBD|01|51|1|004|100|CA|521211|019|A|0|0||0|02||1|4|Pengelolaan Perbendaharaan|0||0||0||0||0||0|0||0|0|0||0|0|0|0||||0|0||||0|0|0|0|0|0|0|0|0|0|0|0|0|0||0|||1|0|00
2026|01|527010|015|08|WA|4715|EBD|01|51|1|004|100|CA|521211|019|A|0|0||0|02|||5|KDM  Makan Rapat|40|ORG|3|FR|0||0||120|OK|35117|4214000||0|0|0||0|0|0|0||||0|0||||0|320027|320027|320027|320027|320027|320027|320027|320027|320027|320027|320027|693703|0||0|||1|0|00
2026|01|527010|015|08|WA|4715|EBD|01|51|1|004|100|CA|521211|019|A|0|0||0|02|||6|KDM  Snack Rapat|40|ORG|3|FR|0||0||120|OK|14784|1774000||0|0|0||0|0|0|0||||0|0||||0|134724|134724|134724|134724|134724|134724|134724|134724|134724|134724|134724|292036|0||0|||1|0|00
2026|01|527010|015|08|WA|4715|EBD|01|51|1|004|100|CA|521211|019|A|0|0||0|03||1|7|Monev IKPA|0||0||0||0||0||0|0||0|0|0||0|0|0|0||||0|0||||0|0|0|0|0|0|0|0|0|0|0|0|0|0||0|||1|0|00
2026|01|527010|015|08|WA|4715|EBD|01|51|1|004|100|CA|521211|019|A|0|0||0|03|||8|KDM  Makan Rapat|25|ORG|2|FR|0||0||50|OK|35120|1756000||0|0|0||0|0|0|0||||0|0||||0|133357|133357|133357|133357|133357|133357|133357|133357|133357|133357|133357|289073|0||0|||1|0|00
2026|01|527010|015|08|WA|4715|EBD|01|51|1|004|100|CA|521211|019|A|0|0||0|03|||9|KDM  Snack Rapat|25|ORG|2|FR|0||0||50|OK|14780|739000||0|0|0||0|0|0|0||||0|0||||0|56122|56122|56122|56122|56122|56122|56122|56122|56122|56122|56122|121658|0||0|||1|0|00
2026|01|527010|015|08|WA|4715|EBD|01|51|1|004|100|CA|524111|019|A|0|0||0|01||1|1|Pegelolaan TKPKN Ditjen Perbendaharaan|0||0||0||0||0||0|0||0|0|0||0|0|0|0||||0|0||||0|0|0|0|0|0|0|0|0|0|0|0|0|0||0|||1|0|00
2026|01|527010|015|08|WA|4715|EBD|01|51|1|004|100|CA|524111|019|A|0|0||0|01|||2|Transport|2|ORG|4|LOK|7|FR|0||56|OK|1450000|81200000||0|0|0||0|0|0|0||||0|0||||0|4252845|4252845|4252845|4252845|4252845|4252845|4252845|4252845|4252845|4252845|4252845|34418705|0||0|||1|0|00
2026|01|527010|015|08|WA|4715|EBD|01|51|1|004|100|CA|524111|019|A|0|0||0|01|||3|Akomodasi|2|ORG|2|HR|4|LOK|7|FR|112|OH|500000|56000000||0|0|0||0|0|0|0||||0|0||||0|3037746|3037746|3037746|3037746|3037746|3037746|3037746|3037746|3037746|3037746|3037746|22584794|0||0|||1|0|00
2026|01|527010|015|08|WA|4715|EBD|01|51|1|004|100|CA|524111|019|A|0|0||0|01|||4|Uang Saku Harian|2|ORG|3|HR|4|LOK|7|KEG|168|OH|200000|33600000||0|0|0||0|0|0|0||||0|0||||0|1822648|1822648|1822648|1822648|1822648|1822648|1822648|1822648|1822648|1822648|1822648|13550872|0||0|||1|0|00
2026|01|527010|015|08|WA|4715|EBD|01|51|1|004|100|CB|521211|019|A|0|0||0||||1|KDM  Makan Rapat|30|ORG|4|FR|0||0||120|OK|35125|4215000||0|0|0||0|0|0|0||||0|0||||0|320103|320103|320103|320103|320103|320103|320103|320103|320103|320103|320103|693867|0||0|||1|0|00
2026|01|527010|015|08|WA|4715|EBD|01|51|1|004|100|CB|521211|019|A|0|0||0||||2|KDM  Snack Rapat|30|ORG|4|FR|0||0||120|OK|14792|1775000||0|0|0||0|0|0|0||||0|0||||0|134800|134800|134800|134800|134800|134800|134800|134800|134800|134800|134800|292200|0||0|||1|0|00
2026|01|527010|015|08|WA|4715|EBD|01|51|1|004|100|CB|521211|019|A|0|0||0||||3|ATK dan Belanja Bahan Pendukung Kegiatan|1|PKT|2|KEG|4|TW|0||8|PKT|1000000|8000000||0|0|0||0|0|0|0||||0|0||||0|607549|607549|607549|607549|607549|607549|607549|607549|607549|607549|607549|1316961|0||0|||1|0|00
2026|01|527010|015|08|WA|4715|EBD|01|51|1|004|100|CB|524111|019|A|0|0||0||||1|Transport|4|ORG|5|LOK|1|FR|0||20|OK|2600000|52000000||0|0|0||0|0|0|0||||0|0||||0|3949070|3949070|3949070|3949070|3949070|3949070|3949070|3949070|3949070|3949070|3949070|8560230|0||0|||1|0|00
2026|01|527010|015|08|WA|4715|EBD|01|51|1|004|100|CB|524111|019|A|0|0||0||||2|Akomodasi|4|ORG|3|HR|5|LOK|0||60|OH|545650|32739000||0|0|0||0|0|0|0||||0|0||||0|2486320|2486320|2486320|2486320|2486320|2486320|2486320|2486320|2486320|2486320|2486320|5389480|0||0|||1|0|00
2026|01|527010|015|08|WA|4715|EBD|01|51|1|004|100|CB|524111|019|A|0|0||0||||3|Uang Saku Harian|4|ORG|4|HR|5|LOK|0||80|OH|272825|21826000||0|0|0||0|0|0|0||||0|0||||0|1657546|1657546|1657546|1657546|1657546|1657546|1657546|1657546|1657546|1657546|1657546|3592994|0||0|||1|0|00
2026|01|527010|015|08|WA|4715|EBD|01|51|1|004|100|CC|524111|019|A|0|0||0||||1|Transport|3|ORG|8|LOK|0||0||24|OK|1830000|43920000||0|0|0||0|0|0|0||||0|0||||0|3335446|3335446|3335446|3335446|3335446|3335446|3335446|3335446|3335446|3335446|3335446|7230094|0||0|||1|0|00
2026|01|527010|015|08|WA|4715|EBD|01|51|1|004|100|CC|524111|019|A|0|0||0||||2|Akomodasi|3|ORG|3|HR|8|LOK|0||72|OH|195000|14040000||0|0|0||0|0|0|0||||0|0||||0|1066249|1066249|1066249|1066249|1066249|1066249|1066249|1066249|1066249|1066249|1066249|2311261|0||0|||1|0|00
2026|01|527010|015|08|WA|4715|EBD|01|51|1|004|100|CC|524111|019|A|0|0||0||||3|Uang Saku Harian|3|ORG|2|HR|8|LOK|0||48|OH|455000|21840000||0|0|0||0|0|0|0||||0|0||||0|1658610|1658610|1658610|1658610|1658610|1658610|1658610|1658610|1658610|1658610|1658610|3595290|0||0|||1|0|00
2026|01|527010|015|08|WA|4715|EBD|01|51|1|004|100|CD|524111|019|A|0|0||0||||1|Transport|3|ORG|20|LOK|1|FR|0||60|OK|3240784|194447000||0|0|0||0|0|0|0||||0|0||||0|14767017|14767017|14767017|14767017|14767017|14767017|14767017|14767017|14767017|14767017|14767017|32009813|0||0|||1|0|00
2026|01|527010|015|08|WA|4715|EBD|01|51|1|004|100|CD|524111|019|A|0|0||0||||2|Akomodasi|3|ORG|4|HR|10|LOK|1|FR|120|OH|400000|48000000||0|0|0||0|0|0|0||||0|0||||0|3645296|3645296|3645296|3645296|3645296|3645296|3645296|3645296|3645296|3645296|3645296|7901744|0||0|||1|0|00
2026|01|527010|015|08|WA|4715|EBD|01|51|1|004|100|CD|524111|019|A|0|0||0||||3|Uang Saku Harian|3|ORG|6|HR|10|LOK|0||180|OH|300000|54000000||0|0|0||0|0|0|0||||0|0||||0|4100958|4100958|4100958|4100958|4100958|4100958|4100958|4100958|4100958|4100958|4100958|8889462|0||0|||1|0|00
2026|01|527010|015|08|WA|4715|EBD|01|51|1|004|100|CD|524114|019|A|0|0||0||||1|Transport|69|ORG|1|KEG|0||0||69|OK|170000|11730000||0|0|0||0|0|0|0||||0|0||||0|774625|774625|774625|774625|774625|774625|774625|774625|774625|774625|774625|3209125|0||0|||1|0|00
2026|01|527010|015|08|WA|4715|EBD|01|51|1|004|100|CD|524114|019|A|0|0||0||||2|Akomodasi|69|ORG|2|HR|0||0||138|OH|1069870|147642000||0|0|0||0|0|0|0||||0|0||||0|14860808|14860808|14860808|14860808|14860808|14860808|14860808|14860808|14860808|0|0|13894728|0||0|||1|0|00
2026|01|527010|015|08|WA|4715|EBD|01|51|1|004|100|CD|524114|019|A|0|0||0||||3|Uang Saku Harian|69|ORG|3|HR|0||0||207|OH|130000|26910000||0|0|0||0|0|0|0||||0|0||||0|2369441|2369441|2369441|2369441|2369441|2369441|2369441|2369441|2369441|2369441|2369441|846149|0||0|||1|0|00
2026|01|527010|015|08|WA|4715|EBD|01|51|1|Z36|100|AA|521211|019|A|0|0||0||||1|KDM  Makan Rapat|10|ORG|4|FREK|0||0||40|OK|35900|1436000||0|0|0||0|0|0|0||||0|0||||0|149590|149590|149590|149590|149590|149590|149590|149590|149590|89690|0|0|0||0|||1|0|00
2026|01|527010|015|08|WA|4715|EBD|01|51|1|Z36|100|AA|521211|019|A|0|0||0||||2|KDM  Snack Rapat|10|ORG|4|FREK|0||0||40|OK|15125|605000||0|0|0||0|0|0|0||||0|0||||0|63023|63023|63023|63023|63023|63023|63023|63023|63023|37793|0|0|0||0|||1|0|00
2026|01|527010|015|08|WA|4715|EBD|01|51|1|Z36|100|AA|524111|019|A|0|0||0||||1|Akomodasi|2|ORG|5|LOK|2|HR|0||20|OH|476350|9527000||0|0|0||0|0|0|0||||0|0||||0|992437|992437|992437|992437|992437|992437|992437|992437|992437|595067|0|0|0||0|||1|0|00
2026|01|527010|015|08|WA|4715|EBD|01|51|1|Z36|100|AA|524111|019|A|0|0||0||||2|Transport|2|ORG|5|LOK|1|FREK|0||10|OK|5553600|55536000||0|0|0||0|0|0|0||||0|0||||0|5785239|5785239|5785239|5785239|5785239|5785239|5785239|5785239|5785239|3468849|0|0|0||0|||1|0|00
2026|01|527010|015|08|WA|4715|EBD|01|51|1|Z36|100|AA|524111|019|A|0|0||0||||3|Uang Saku Harian|2|ORG|5|LOK|3|HR|0||30|OH|825500|24765000||0|0|0||0|0|0|0||||0|0||||0|2579794|2579794|2579794|2579794|2579794|2579794|2579794|2579794|2579794|1546854|0|0|0||0|||1|0|00
2026|01|527010|015|08|WA|4715|EBD|01|51|1|Z36|100|AB|521211|019|A|0|0||0||||1|KDM  Makan Rapat|25|ORG|3|FREK|0||0||75|OK|35907|2693000||0|0|0||0|0|0|0||||0|0||||0|280532|280532|280532|280532|280532|280532|280532|280532|280532|168212|0|0|0||0|||1|0|00
2026|01|527010|015|08|WA|4715|EBD|01|51|1|Z36|100|AB|521211|019|A|0|0||0||||2|KDM  Snack Rapat|25|ORG|3|FREK|0||0||75|OK|15120|1134000||0|0|0||0|0|0|0||||0|0||||0|118130|118130|118130|118130|118130|118130|118130|118130|118130|70830|0|0|0||0|||1|0|00
2026|01|527010|015|08|WA|4715|EBD|01|51|1|Z36|100|AC|521211|019|A|0|0||0||||1|KDM  Makan Rapat|10|ORG|2|FREK|0||0||20|OF|35900|718000||0|0|0||0|0|0|0||||0|0||||0|74795|74795|74795|74795|74795|74795|74795|74795|74795|44845|0|0|0||0|||1|0|00
2026|01|527010|015|08|WA|4715|EBD|01|51|1|Z36|100|AC|521211|019|A|0|0||0||||2|KDM  Snack Rapat|10|ORG|2|FREK|0||0||20|OK|15100|302000||0|0|0||0|0|0|0||||0|0||||0|31460|31460|31460|31460|31460|31460|31460|31460|31460|18860|0|0|0||0|||1|0|00
2026|01|527010|015|08|WA|4715|EBD|01|51|1|Z26|100|CA|521211|019|A|0|0||0|01||1|1|Laporan Keuangan UnAudited|0||0||0||0||0||0|0||0|0|0||0|0|0|0||||0|0||||0|0|0|0|0|0|0|0|0|0|0|0|0|0||0|||1|0|00
2026|01|527010|015|08|WA|4715|EBD|01|51|1|Z26|100|CA|521211|019|A|0|0||0|01|||2|KDM  Makan Rapat|25|ORG|6|FR|0||0||150|OK|36494|5474000||0|0|0||0|0|0|0||||0|0||||0|485438|485438|485438|485438|485438|485438|485438|485039|484096|484096|461483|161220|0||0|||1|0|00
2026|01|527010|015|08|WA|4715|EBD|01|51|1|Z26|100|CA|521211|019|A|0|0||0|01|||3|KDM  Snack Rapat|25|ORG|6|FR|0||0||150|OK|14780|2217000||0|0|0||0|0|0|0||||0|0||||0|196605|196605|196605|196605|196605|196605|196605|196444|196062|196062|186903|65294|0||0|||1|0|00
2026|01|527010|015|08|WA|4715|EBD|01|51|1|Z26|100|CA|521211|019|A|0|0||0|01|||4|CTK  Pencetakan Laporan dan Dokumentasi Kegiatan|0||0||0||0||1|FR|924000|924000||0|0|0||0|0|0|0||||0|0||||0|81941|81941|81941|81941|81941|81941|81941|81874|81714|81714|77897|27214|0||0|||1|0|00
2026|01|527010|015|08|WA|4715|EBD|01|51|1|Z26|100|CA|521211|019|A|0|0||0|02||1|5|Laporan Keuangan Audited|0||0||0||0||0||0|0||0|0|0||0|0|0|0||||0|0||||0|0|0|0|0|0|0|0|0|0|0|0|0|0||0|||1|0|00
2026|01|527010|015|08|WA|4715|EBD|01|51|1|Z26|100|CA|521211|019|A|0|0||0|02|||6|KDM  Makan Rapat|30|ORG|6|FR|0||0||180|OK|37000|6660000||0|0|0||0|0|0|0||||0|0||||0|590614|590614|590614|590614|590614|590614|590614|590128|588981|588981|561468|196144|0||0|||1|0|00
2026|01|527010|015|08|WA|4715|EBD|01|51|1|Z26|100|CA|521211|019|A|0|0||0|02|||7|KDM  Snack Rapat|35|ORG|6|FR|0||0||210|OK|14786|3105000||0|0|0||0|0|0|0||||0|0||||0|275354|275354|275354|275354|275354|275354|275354|275127|274592|274592|261765|91446|0||0|||1|0|00
2026|01|527010|015|08|WA|4715|EBD|01|51|1|Z26|100|CA|521211|019|A|0|0||0|02|||8|CTK  Pencetakan LKKL Unit Es.I DJPb Audited|1|STKR|1|SET|0||0||1|BUKU|924000|924000||0|0|0||0|0|0|0||||0|0||||0|81941|81941|81941|81941|81941|81941|81941|81874|81714|81714|77897|27214|0||0|||1|0|00
2026|01|527010|015|08|WA|4715|EBD|01|51|1|Z26|100|CA|524111|019|A|0|0||0||||1|Transport|3|ORG|1|FR|0||0||3|OK|2110667|6332000||0|0|0||0|0|0|0||||0|0||||0|561527|561527|561527|561527|561527|561527|561527|561065|559974|559974|533816|186482|0||0|||1|0|00
2026|01|527010|015|08|WA|4715|EBD|01|51|1|Z26|100|CA|524111|019|A|0|0||0||||2|Akomodasi|3|ORG|1|HR|1|FR|0||3|OH|147334|442000||0|0|0||0|0|0|0||||0|0||||0|39197|39197|39197|39197|39197|39197|39197|39165|39089|39089|37263|13015|0||0|||1|0|00
2026|01|527010|015|08|WA|4715|EBD|01|51|1|Z26|100|CA|524111|019|A|0|0||0||||3|Uang Saku Harian|3|ORG|3|HR|1|FR|0||9|OH|114667|1032000||0|0|0||0|0|0|0||||0|0||||0|91519|91519|91519|91519|91519|91519|91519|91443|91265|91265|87002|30392|0||0|||1|0|00
2026|01|527010|015|08|WA|4715|EBD|01|51|1|Z26|100|CA|524113|019|A|0|0||0||||1|Uang Harian Perjalanan Dinas Dalam Kota Lebih dari 8 Jam (D.K.I.  Jakarta)|2|ORG|2|FR|0||0||4|OH|168000|672000||0|0|0||0|0|0|0|||27.03.13|0|0||||0|59593|59593|59593|59593|59593|59593|59593|59544|59429|59429|56653|19794|0||0|||1|0|00
2026|01|527010|015|08|WA|4715|EBD|01|51|1|Z26|100|CA|524113|019|A|0|0||0||||2|Biaya Transportasi Dalam Kota|2|ORG|0||0||0||2|OK|170000|340000||0|0|0||0|0|0|0||||0|0||||0|30151|30151|30151|30151|30151|30151|30151|30127|30068|30068|28664|10016|0||0|||1|0|00
2026|01|527010|015|08|WA|4715|EBD|01|51|1|Z26|100|CA|524114|019|A|0|0||0||||1|Transport|120|ORG|1|FR|0||0||120|OK|2630000|315600000||0|0|0||0|0|0|0||||0|0||||0|27987649|27987649|27987649|27987649|27987649|27987649|27987649|27964634|27910253|27910253|26606492|9294825|0||0|||1|0|00
2026|01|527010|015|08|WA|4715|EBD|01|51|1|Z26|100|CA|524114|019|A|0|0||0||||2|Akomodasi|120|ORG|5|HR|0||0||600|OH|1197000|718200000||0|0|0||0|0|0|0||||0|0||||0|63690524|63690524|63690524|63690524|63690524|63690524|63690524|63638150|63514396|63514396|60547474|21151916|0||0|||1|0|00
2026|01|527010|015|08|WA|4715|EBD|01|51|1|Z26|100|CA|524114|019|A|0|0||0||||3|Uang Harian|40|ORG|5|HR|0||0||200|OH|130000|26000000||0|0|0||0|0|0|0||||0|0||||0|2305700|2305700|2305700|2305700|2305700|2305700|2305700|2303804|2299324|2299324|2191916|765732|0||0|||1|0|00
2026|01|527010|015|08|WA|4715|EBD|01|51|1|Z26|100|CB|521211|019|A|0|0||0|01||1|1|Penyusunan Laporan Keuangan Semester I|0||0||0||0||0||0|0||0|0|0||0|0|0|0||||0|0||||0|0|0|0|0|0|0|0|0|0|0|0|0|0||0|||1|0|00
2026|01|527010|015|08|WA|4715|EBD|01|51|1|Z26|100|CB|521211|019|A|0|0||0|01|||2|KDM  Makan Rapat|30|ORG|5|FR|0||0||150|OK|35120|5268000||0|0|0||0|0|0|0||||0|0||||0|467170|467170|467170|467170|467170|467170|467170|466786|465878|465878|444116|155152|0||0|||1|0|00
2026|01|527010|015|08|WA|4715|EBD|01|51|1|Z26|100|CB|521211|019|A|0|0||0|01|||3|KDM  Snack Rapat|30|ORG|5|FR|0||0||150|OK|14787|2218000||0|0|0||0|0|0|0||||0|0||||0|196694|196694|196694|196694|196694|196694|196694|196532|196150|196150|186987|65323|0||0|||1|0|00
2026|01|527010|015|08|WA|4715|EBD|01|51|1|Z26|100|CC|521211|019|A|0|0||0||||1|KDM  Makan Rapat|40|ORG|7|FR|0||0||280|OK|35122|9834000||0|0|0||0|0|0|0||||0|0||||0|872087|872087|872087|872087|872087|872087|872087|871369|869675|869675|829050|289622|0||0|||1|0|00
2026|01|527010|015|08|WA|4715|EBD|01|51|1|Z26|100|CC|521211|019|A|0|0||0||||2|KDM  Snack Rapat|40|ORG|7|FR|0||0||280|OK|14786|4140000||0|0|0||0|0|0|0||||0|0||||0|367138|367138|367138|367138|367138|367138|367138|366836|366123|366123|349021|121931|0||0|||1|0|00
2026|01|527010|015|08|WA|4715|EBD|01|51|1|Z26|100|CC|524111|019|A|0|0||0||||1|Transport|2|ORG|3|FR|0||0||6|OK|1932167|11593000||0|0|0||0|0|0|0||||0|0||||0|1028076|1028076|1028076|1028076|1028076|1028076|1028076|1027231|1025233|1025233|977342|341429|0||0|||1|0|00
2026|01|527010|015|08|WA|4715|EBD|01|51|1|Z26|100|CC|524111|019|A|0|0||0||||2|Akomodasi|2|ORG|2|HR|3|FR|0||12|OH|435584|5227000||0|0|0||0|0|0|0||||0|0||||0|463534|463534|463534|463534|463534|463534|463534|463153|462253|462253|440659|153944|0||0|||1|0|00
2026|01|527010|015|08|WA|4715|EBD|01|51|1|Z26|100|CC|524111|019|A|0|0||0||||3|Uang Saku Harian|2|ORG|3|HR|3|FR|0||18|OH|159556|2872000||0|0|0||0|0|0|0||||0|0||||0|254691|254691|254691|254691|254691|254691|254691|254482|253987|253987|242122|84585|0||0|||1|0|00
2026|01|527010|015|08|WA|4715|EBD|01|51|1|Z26|100|CD|524111|019|A|0|0||0||||1|Transport|3|ORG|6|FR|0||0||18|OK|4487556|80776000||0|0|0||0|0|0|0||||0|0||||0|7163277|7163277|7163277|7163277|7163277|7163277|7163277|7157387|7143468|7143468|6809778|2378960|0||0|||1|0|00
2026|01|527010|015|08|WA|4715|EBD|01|51|1|Z26|100|CD|524111|019|A|0|0||0||||2|Akomodasi|3|ORG|2|HR|6|FR|0||36|OK|600000|21600000||0|0|0||0|0|0|0||||0|0||||0|1915504|1915504|1915504|1915504|1915504|1915504|1915504|1913929|1910207|1910207|1820977|636152|0||0|||1|0|00
2026|01|527010|015|08|WA|4715|EBD|01|51|1|Z26|100|CD|524111|019|A|0|0||0||||3|Uang Saku Harian|3|ORG|3|HR|6|FR|0||54|OH|350000|18900000||0|0|0||0|0|0|0||||0|0||||0|1676066|1676066|1676066|1676066|1676066|1676066|1676066|1674688|1671431|1671431|1593355|556633|0||0|||1|0|00
2026|01|527010|015|08|WA|4715|EBD|01|51|1|Z26|100|SA|521211|019|A|0|0||0||||1|KDM  Makan Rapat|25|org|15|fr|0||0||375|OK|35910|13466000||0|0|0||0|0|0|0||||0|0||||0|1194175|1194175|1194175|1194175|1194175|1194175|1194175|1193193|1190873|1190873|1135244|396592|0||0|||1|0|00
2026|01|527010|015|08|WA|4715|EBD|01|51|1|Z26|100|SA|521211|019|A|0|0||0||||2|KDM  Snack Rapat|25|org|15|fr|0||0||375|OK|15120|5670000||0|0|0||0|0|0|0||||0|0||||0|502820|502820|502820|502820|502820|502820|502820|502406|501429|501429|478006|166990|0||0|||1|0|00
2026|01|527010|015|08|WA|4715|EBD|01|51|1|974|100|DA|521219|019|A|0|0||0||||1|Pemindahan dan Pembenahan Arsip Aktif Lingkup Unit Pengolah|0||0||0||0||12|BLN|1760000|21120000||0|0|0||0|0|0|0||||0|0||||0|962087|962087|962087|962087|962087|962087|962087|962087|962087|962087|962087|10537043|0||0|||1|0|00
2026|01|527010|015|08|WA|4715|EBD|01|51|1|974|100|DA|521219|019|A|0|0||0||||2|Biaya Permanent Out Pemusnahan Arsip  In Aktif Unit Kearsipan II|0||0||0||0||2|PKT|8800000|17600000||0|0|0||0|0|0|0||||0|0||||0|801739|801739|801739|801739|801739|801739|801739|801739|801739|801739|801739|8780871|0||0|||1|0|00
2026|01|527010|015|08|WA|4715|EBD|01|51|1|974|100|DA|521219|019|A|0|0||0||||3|Pendataan Dan Pengepakan Arsip In Aktif Unit Kearsipan II|0||0||0||0||2|PKT|35200000|70400000||0|0|0||0|0|0|0||||0|0||||0|3206956|3206956|3206956|3206956|3206956|3206956|3206956|3206956|3206956|3206956|3206956|35123484|0||0|||1|0|00
2026|01|527010|015|08|WA|4715|EBD|01|51|1|974|100|DA|521219|019|A|0|0||0||||4|Penataan Arsip In Aktif Unit Kearsipan II|0||0||0||0||2|PKT|22000000|44000000||0|0|0||0|0|0|0||||0|0||||0|2004347|2004347|2004347|2004347|2004347|2004347|2004347|2004347|2004347|2004347|2004347|21952183|0||0|||1|0|00
2026|01|527010|015|08|WA|4715|EBD|01|51|1|974|100|DA|521219|019|A|0|0||0||||5|Penataan Arsip In Aktif Record Centre Tambora (Jl. Kopi)|0||0||0||0||1|PKT|400000000|400000000||0|0|0||0|0|0|0||||0|0||||0|18221339|18221339|18221339|18221339|18221339|18221339|18221339|18221339|18221339|18221339|18221339|199565271|0||0|||1|0|00
2026|01|527010|015|08|WA|4715|EBD|01|51|1|974|100|DA|522191|019|A|0|0||0||||1|Pest Control, Rodent Control dan Fumigasi|0||0||0||0||10000|M2|8800|88000000||0|0|0||0|0|0|0||||0|0||||0|4008695|4008695|4008695|4008695|4008695|4008695|4008695|4008695|4008695|4008695|4008695|43904355|0||0|||1|0|00
2026|01|527010|015|08|WA|4715|EBD|01|51|1|974|100|DA|524111|019|A|0|0||0||||1|Akomodasi|2|ORG|2|HR|3|KL|0||12|OH|619917|7439000||0|0|0||0|0|0|0||||0|0||||0|338871|338871|338871|338871|338871|338871|338871|338871|338871|338871|338871|3711419|0||0|||1|0|00
2026|01|527010|015|08|WA|4715|EBD|01|51|1|974|100|DA|524111|019|A|0|0||0||||2|Transport|2|ORG|3|KL|0||0||6|OK|1094167|6565000||0|0|0||0|0|0|0||||0|0||||0|299058|299058|299058|299058|299058|299058|299058|299058|299058|299058|299058|3275362|0||0|||1|0|00
2026|01|527010|015|08|WA|4715|EBD|01|51|1|974|100|DA|524111|019|A|0|0||0||||3|Uang Harian|2|ORG|3|HR|3|KL|0||18|OH|266556|4798000||0|0|0||0|0|0|0||||0|0||||0|218565|218565|218565|218565|218565|218565|218565|218565|218565|218565|218565|2393785|0||0|||1|0|00
2026|01|527010|015|08|WA|4715|EBD|01|51|1|974|100|DB|524111|019|A|0|0||0||||1|Akomodasi|2|ORG|2|HR|3|KL|0||12|OH|619917|7439000||0|0|0||0|0|0|0||||0|0||||0|338871|338871|338871|338871|338871|338871|338871|338871|338871|338871|338871|3711419|0||0|||1|0|00
2026|01|527010|015|08|WA|4715|EBD|01|51|1|974|100|DB|524111|019|A|0|0||0||||2|Transport|2|ORG|3|KL|0||0||6|OK|1107834|6647000||0|0|0||0|0|0|0||||0|0||||0|302793|302793|302793|302793|302793|302793|302793|302793|302793|302793|302793|3316277|0||0|||1|0|00
2026|01|527010|015|08|WA|4715|EBD|01|51|1|974|100|DB|524111|019|A|0|0||0||||3|Uang Harian|2|ORG|3|HR|3|KL|0||18|OH|266556|4798000||0|0|0||0|0|0|0||||0|0||||0|218565|218565|218565|218565|218565|218565|218565|218565|218565|218565|218565|2393785|0||0|||1|0|00
2026|01|527010|015|08|WA|4718|BMB|01|51|1|001|100|DA|521211|019|A|0|0||0||||1|CTK  Hari Bakti Perbendaharaan|1000|ORG|1|PKT|0||0||1000|PKT|77941|77941000||0|0|0||0|0|0|0||||0|0||||0|4637000|4637000|4637000|4637000|4637000|4637000|4637000|4637000|4637000|4637000|4637000|26934000|0||0|||1|0|00
2026|01|527010|015|08|WA|4718|BMB|01|51|1|001|100|DA|521211|019|A|0|0||0||||2|CTK  HUT RI|1000|ORG|1|PKT|0||0||1000|PKT|8834|8834000||0|0|0||0|0|0|0||||0|0||||0|736000|736000|736000|736000|736000|736000|736000|736000|736000|736000|736000|738000|0||0|||1|0|00
2026|01|527010|015|08|WA|4718|BMB|01|51|1|001|100|DA|521211|019|A|0|0||0||||3|CTK  Hari Oeang|1000|ORG|1|PKT|0||0||1000|PKT|89021|89021000||0|0|0||0|0|0|0||||0|0||||0|9275000|9275000|9275000|9275000|9275000|9275000|9275000|9275000|9275000|5546000|0|0|0||0|||1|0|00
2026|01|527010|015|08|WA|4718|BMB|01|51|1|001|100|DA|521211|019|A|0|0||0||||4|CTK  Hari Anti Korupsi|1000|ORG|1|PKT|0||0||1000|PKT|55654|55654000||0|0|0||0|0|0|0||||0|0||||0|4637000|4637000|4637000|4637000|4637000|4637000|4637000|4637000|4637000|4637000|4637000|4647000|0||0|||1|0|00
2026|01|527010|015|08|WA|4718|BMB|01|51|1|001|100|DA|522191|019|A|0|0||0||||1|Hari Bakti Perbendaharaan|0||0||0||0||1|PKT|141344000|141344000||0|0|0||0|0|0|0||||0|0||||0|11778000|11778000|11778000|11778000|11778000|11778000|11778000|11778000|11778000|11778000|11778000|11786000|0||0|||1|0|00
2026|01|527010|015|08|WA|4718|BMB|01|51|1|001|100|DA|522191|019|A|0|0||0||||2|HUT RI|0||0||0||0||1|PKT|141344000|141344000||0|0|0||0|0|0|0||||0|0||||0|11778000|11778000|11778000|11778000|11778000|11778000|11778000|11778000|11778000|11778000|11778000|11786000|0||0|||1|0|00
2026|01|527010|015|08|WA|4718|BMB|01|51|1|001|100|DA|522191|019|A|0|0||0||||3|Hari Oeang|0||0||0||0||1|PKT|212016000|212016000||0|0|0||0|0|0|0||||0|0||||0|17668000|17668000|17668000|17668000|17668000|17668000|17668000|17668000|17668000|17668000|17668000|17668000|0||0|||1|0|00
2026|01|527010|015|08|WA|4718|BMB|01|51|1|001|100|DA|522191|019|A|0|0||0||||4|Hari Anti Korupsi|0||0||0||0||1|PKT|141344000|141344000||0|0|0||0|0|0|0||||0|0||||0|11778000|11778000|11778000|11778000|11778000|11778000|11778000|11778000|11778000|11778000|11778000|11786000|0||0|||1|0|00
2026|01|527010|015|08|WA|4718|BMB|01|51|1|003|100|AA|521211|019|A|0|0||0|01||1|1|Workshop Seminar Pengarusutamaan Gender (PUG) DJPB|0||0||0||0||0||0|0||0|0|0||0|0|0|0||||0|0||||0|0|0|0|0|0|0|0|0|0|0|0|0|0||0|||1|0|00
2026|01|527010|015|08|WA|4718|BMB|01|51|1|003|100|AA|521211|019|A|0|0||0|01|||2|KDM  Makan Rapat|57|ORG|2|FR|0||0||114|OF|57492|6554000||0|0|0||0|0|0|0||||0|0||||0|692493|740669|692493|692493|692493|692493|692493|692493|692493|273387|0|0|0||0|||1|0|00
2026|01|527010|015|08|WA|4718|BMB|01|51|1|003|100|AA|521211|019|A|0|0||0|01|||3|KDM  Snack Rapat|57|ORG|2|FR|0||0||114|OF|24000|2736000||0|0|0||0|0|0|0||||0|0||||0|289085|309196|289085|289085|289085|289085|289085|289085|289085|114124|0|0|0||0|||1|0|00
2026|01|527010|015|08|WA|4718|BMB|01|51|1|003|100|AA|521211|019|A|0|0||0|02||1|4|Penilaian Implementasi PUG Lingkup Ditjen Perbendaharaan|0||0||0||0||0||0|0||0|0|0||0|0|0|0||||0|0||||0|0|0|0|0|0|0|0|0|0|0|0|0|0||0|||1|0|00
2026|01|527010|015|08|WA|4718|BMB|01|51|1|003|100|AA|521211|019|A|0|0||0|02|||5|KDM  Makan Rapat|90|ORG|1|FR|0||0||90|OF|57000|5130000||0|0|0||0|0|0|0||||0|0||||0|542034|579742|542034|542034|542034|542034|542034|542034|542034|213986|0|0|0||0|||1|0|00
2026|01|527010|015|08|WA|4718|BMB|01|51|1|003|100|AA|521211|019|A|0|0||0|02|||6|KDM  Snack Rapat|90|ORG|1|FR|0||0||90|OF|24000|2160000||0|0|0||0|0|0|0||||0|0||||0|228225|244102|228225|228225|228225|228225|228225|228225|228225|90098|0|0|0||0|||1|0|00
2026|01|527010|015|08|WA|4718|BMB|01|51|1|003|100|AA|522191|019|A|0|0||0||||1|Jasa EO Lomba Implementasi PUG|0||0||0||0||1|PKT|131818000|131818000||0|0|0||0|0|0|0||||0|0||||0|13927846|14896782|13927846|13927846|13927846|13927846|13927846|13927846|13927846|5498450|0|0|0||0|||1|0|00
2026|01|527010|015|08|WA|4718|BMB|01|51|1|003|100|AA|524111|019|A|0|0||0||||1|Transport|2|ORG|1|LOK|0||0||2|OK|405000|810000||0|0|0||0|0|0|0||||0|0||||0|85584|91538|85584|85584|85584|85584|85584|85584|85584|33790|0|0|0||0|||1|0|00
2026|01|527010|015|08|WA|4718|BMB|01|51|1|003|100|AA|524111|019|A|0|0||0||||2|Akomodasi|2|ORG|1|HR|2|FR|0||4|OH|360500|1442000||0|0|0||0|0|0|0||||0|0||||0|152361|162961|152361|152361|152361|152361|152361|152361|152361|60151|0|0|0||0|||1|0|00
2026|01|527010|015|08|WA|4718|BMB|01|51|1|003|100|AA|524111|019|A|0|0||0||||3|Uang Saku Harian|2|ORG|3|HR|1|FR|0||6|OH|114667|688000||0|0|0||0|0|0|0||||0|0||||0|72694|77751|72694|72694|72694|72694|72694|72694|72694|28697|0|0|0||0|||1|0|00
2026|01|527010|015|08|WA|4718|BMB|01|51|1|002|100|DA|522191|019|A|0|0||0||||1|Jasa Pembuatan Izin Pas Bandara|0||0||0||0||10|PKT|2500000|25000000||0|0|0||0|0|0|0||||0|0||||0|4754197|4754197|4754197|4754197|4754197|1229015|0|0|0|0|0|0|0||0|||1|0|00
2026|01|527010|015|08|WA|4718|BMB|01|51|1|002|100|QA|521211|019|A|0|0||0||||1|KDM  Konsumsi Makan Rapat|16|ORG|3|FR|0||0||48|OF|57000|2736000||0|0|0||0|0|0|0||||0|0||||0|520299|520299|520299|520299|520299|134505|0|0|0|0|0|0|0||0|||1|0|00
2026|01|527010|015|08|WA|4718|BMB|01|51|1|002|100|QA|521211|019|A|0|0||0||||2|KDM  Konsumsi Snack Rapat|16|ORG|3|FR|0||0||48|OF|24000|1152000||0|0|0||0|0|0|0||||0|0||||0|219073|219073|219073|219073|219073|56635|0|0|0|0|0|0|0||0|||1|0|00
2026|01|527010|015|08|WA|4718|BMB|01|51|1|002|100|QA|524111|019|A|0|0||0||||1|Uang Harian|4|ORG|1|HR|2|FR|1|LOK|8|OHFL|555000|4440000||0|0|0||0|0|0|0||||0|0||||0|844345|844345|844345|844345|844345|218275|0|0|0|0|0|0|0||0|||1|0|00
2026|01|527010|015|08|WA|4718|BMB|01|51|1|002|100|QA|524113|019|A|0|0||0||||1|Transport Dalam Kota|2|ORG|4|FR|0||0||8|OF|170000|1360000||0|0|0||0|0|0|0||||0|0||||0|258628|258628|258628|258628|258628|66860|0|0|0|0|0|0|0||0|||1|0|00
2026|01|527010|015|08|WA|4718|BMB|01|51|1|002|100|QB|521211|019|A|0|0||0||||1|KDM  Konsumsi Snack Rapat|40|ORG|2|FR|0||0||80|OF|24000|1920000||0|0|0||0|0|0|0||||0|0||||0|365122|365122|365122|365122|365122|94390|0|0|0|0|0|0|0||0|||1|0|00
2026|01|527010|015|08|WA|4718|BMB|01|51|1|002|100|QB|521211|019|A|0|0||0||||2|KDM  Konsumsi Makan Rapat|40|ORG|2|FR|0||0||80|OF|57000|4560000||0|0|0||0|0|0|0||||0|0||||0|867166|867166|867166|867166|867166|224170|0|0|0|0|0|0|0||0|||1|0|00
2026|01|527010|015|08|WA|4718|BMB|01|51|1|002|100|QB|521213|019|A|0|0||0||||1|Honorarium Pembuat Artikel Website DJPb|17|ORG|1|FR|0||0||17|OR|100000|1700000||0|0|0||0|0|0|0|||16.02.02|0|0||||0|323285|323285|323285|323285|323285|83575|0|0|0|0|0|0|0||0|||1|0|00
2026|01|527010|015|08|WA|4718|BMB|01|51|1|002|100|QB|521213|019|A|0|0||0||||2|Honorarium Pembuat Artikel MTI|32|HAL|2|FR|0||0||64|HF|100000|6400000||0|0|0||0|0|0|0|||16.02.02|0|0||||0|1217075|1217075|1217075|1217075|1217075|314625|0|0|0|0|0|0|0||0|||1|0|00
2026|01|527010|015|08|WA|4718|BMB|01|51|1|002|100|QB|522151|019|A|0|0||0||||1|Honorarium Narasumber Profesional  Strategi Komunikasi|1|ORG|2|JAM|1|FR|0||2|OJF|1800000|3600000||0|0|0||0|0|0|0||||0|0||||0|684604|684604|684604|684604|684604|176980|0|0|0|0|0|0|0||0|||1|0|00
2026|01|527010|015|08|WA|4718|BMB|01|51|1|002|100|QB|522191|019|A|0|0||0||||1|Lisensi Canva|1|PKT|0||0||0||1|PKT|1000000|1000000||0|0|0||0|0|0|0||||0|0||||0|190168|190168|190168|190168|190168|49160|0|0|0|0|0|0|0||0|||1|0|00
2026|01|527010|015|08|WA|4718|BMB|01|51|1|002|100|QB|522191|019|A|0|0||0||||2|Langganan Google Drive|1|PKT|0||0||0||1|PKT|5000000|5000000||0|0|0||0|0|0|0||||0|0||||0|950839|950839|950839|950839|950839|245805|0|0|0|0|0|0|0||0|||1|0|00
2026|01|527010|015|08|WA|4718|BMB|01|51|1|002|100|QB|524111|019|A|0|0||0||||1|Uang Harian|1|ORG|1|HR|1|LOK|0||1|OHFL|296000|296000||0|0|0||0|0|0|0||||0|0||||0|56290|56290|56290|56290|56290|14550|0|0|0|0|0|0|0||0|||1|0|00
2026|01|527010|015|08|WA|4718|BMB|01|51|1|002|100|QB|524111|019|A|0|0||0|01||1|2|Perjadin kegiatan MTI di Bandung|0||0||0||0||0||0|0||0|0|0||0|0|0|0||||0|0||||0|0|0|0|0|0|0|0|0|0|0|0|0|0||0|||1|0|00
2026|01|527010|015|08|WA|4718|BMB|01|51|1|002|100|QB|524111|019|A|0|0||0|01|||3|Transportasi|3|ORG|1|LOK|0||0||3|OK|640000|1920000||0|0|0||0|0|0|0||||0|0||||0|365122|365122|365122|365122|365122|94390|0|0|0|0|0|0|0||0|||1|0|00
2026|01|527010|015|08|WA|4718|BMB|01|51|1|002|100|QB|524111|019|A|0|0||0|01|||4|Akomodasi|3|ORG|1|HR|0||0||3|OK|313667|941000||0|0|0||0|0|0|0||||0|0||||0|178948|178948|178948|178948|178948|46260|0|0|0|0|0|0|0||0|||1|0|00
2026|01|527010|015|08|WA|4718|BMB|01|51|1|002|100|QB|524111|019|A|0|0||0|01|||5|Uang Saku Harian|3|ORG|2|HR|0||0||6|OK|344000|2064000||0|0|0||0|0|0|0||||0|0||||0|392507|392507|392507|392507|392507|101465|0|0|0|0|0|0|0||0|||1|0|00
2026|01|527010|015|08|WA|4718|BMB|01|51|1|002|100|QB|524111|019|A|0|0||0|02||1|6|Perjadin Kegiatan MTI di Malang|0||0||0||0||0||0|0||0|0|0||0|0|0|0||||0|0||||0|0|0|0|0|0|0|0|0|0|0|0|0|0||0|||1|0|00
2026|01|527010|015|08|WA|4718|BMB|01|51|1|002|100|QB|524111|019|A|0|0||0|02|||7|Transportasi|3|ORG|1|LOK|0||0||3|OK|2674000|8022000||0|0|0||0|0|0|0||||0|0||||0|1525527|1525527|1525527|1525527|1525527|394365|0|0|0|0|0|0|0||0|||1|0|00
2026|01|527010|015|08|WA|4718|BMB|01|51|1|002|100|QB|524111|019|A|0|0||0|02|||8|Akomodasi|3|ORG|2|HR|0||0||6|OK|846667|5080000||0|0|0||0|0|0|0||||0|0||||0|966053|966053|966053|966053|966053|249735|0|0|0|0|0|0|0||0|||1|0|00
2026|01|527010|015|08|WA|4718|BMB|01|51|1|002|100|QB|524111|019|A|0|0||0|02|||9|Uang Saku Harian|3|ORG|3|HR|0||0||9|OK|344000|3096000||0|0|0||0|0|0|0||||0|0||||0|588760|588760|588760|588760|588760|152200|0|0|0|0|0|0|0||0|||1|0|00
2026|01|527010|015|08|WA|4718|BMB|01|51|1|002|100|QB|524113|019|A|0|0||0||||1|Transportasi Dalam Kota Rapat Agenda Setting Kemenkeu|2|ORG|12|KL|0||0||24|OK|170000|4080000||0|0|0||0|0|0|0|||41.01.01|0|0||||0|775885|775885|775885|775885|775885|200575|0|0|0|0|0|0|0||0|||1|0|00
2026|01|527010|015|08|WA|4718|BMB|01|51|1|002|100|QC|521211|019|A|0|0||0||||1|KDM  Konsumsi Makan Rapat|40|ORG|2|FR|0||0||80|OK|57000|4560000||0|0|0||0|0|0|0|||37.02.13|0|0||||0|867166|867166|867166|867166|867166|224170|0|0|0|0|0|0|0||0|||1|0|00
2026|01|527010|015|08|WA|4718|BMB|01|51|1|002|100|QC|521211|019|A|0|0||0||||2|KDM  Konsumsi Snack Rapat|40|ORG|2|FR|0||0||80|OK|24000|1920000||0|0|0||0|0|0|0|||37.04.13|0|0||||0|365122|365122|365122|365122|365122|94390|0|0|0|0|0|0|0||0|||1|0|00
2026|01|527010|015|08|WA|4718|BMB|01|51|1|002|100|QC|522151|019|A|0|0||0||||1|Honor Narasumber Profesional  Layanan Informasi|1|ORG|2|JAM|1|FR|0||2|OJF|1800000|3600000||0|0|0||0|0|0|0||||0|0||||0|684604|684604|684604|684604|684604|176980|0|0|0|0|0|0|0||0|||1|0|00
2026|01|527010|015|08|WA|4718|BMB|01|51|1|002|100|QC|524111|019|A|0|0||0|01||1|1|Perjadin Edukasi Publik Treasury Goes to SchoolCampus|0||0||0||0||0||0|0||0|0|0||0|0|0|0||||0|0||||0|0|0|0|0|0|0|0|0|0|0|0|0|0||0|||1|0|00
2026|01|527010|015|08|WA|4718|BMB|01|51|1|002|100|QC|524111|019|A|0|0||0|01|||2|Uang Harian|1|ORG|1|HR|1|LOK|0||1|OHFL|344000|344000||0|0|0||0|0|0|0||||0|0||||0|65418|65418|65418|65418|65418|16910|0|0|0|0|0|0|0||0|||1|0|00
2026|01|527010|015|08|WA|4718|BMB|01|51|1|002|100|QC|524111|019|A|0|0||0|02||1|3|Perjadin Monev Keterbukaan Informasi Publik|0||0||0||0||0||0|0||0|0|0||0|0|0|0||||0|0||||0|0|0|0|0|0|0|0|0|0|0|0|0|0||0|||1|0|00
2026|01|527010|015|08|WA|4718|BMB|01|51|1|002|100|QC|524111|019|A|0|0||0|02|||4|Transport|1|ORG|1|LOK|0||0||1|OL|248000|248000||0|0|0||0|0|0|0||||0|0||||0|47162|47162|47162|47162|47162|12190|0|0|0|0|0|0|0||0|||1|0|00
2026|01|527010|015|08|WA|4718|BMB|01|51|1|002|100|QC|524113|019|A|0|0||0||||1|Transportasi Dalam Kota Kegiatan Media Gathering|15|ORG|2|FR|0||0||30|OK|170000|5100000||0|0|0||0|0|0|0|||41.01.01|0|0||||0|969856|969856|969856|969856|969856|250720|0|0|0|0|0|0|0||0|||1|0|00
2026|01|527010|015|08|WA|4718|BMB|01|51|1|002|100|QC|524113|019|A|0|0||0||||2|Transportasi Dalam Kota Koordinasi Pengelolaan Informasi Publik|3|ORG|4|KL|0||0||12|OK|170000|2040000||0|0|0||0|0|0|0|||41.01.01|0|0||||0|387942|387942|387942|387942|387942|100290|0|0|0|0|0|0|0||0|||1|0|00
2026|01|527010|015|08|WA|4718|BMB|01|51|1|002|100|QC|524113|019|A|0|0||0||||3|Transportasi Dalam Kota Lpiutan Agenda Pimpinan Dalam Kota|2|ORG|24|KL|0||0||48|OK|170000|8160000||0|0|0||0|0|0|0|||41.01.01|0|0||||0|1551770|1551770|1551770|1551770|1551770|401150|0|0|0|0|0|0|0||0|||1|0|00
2026|01|527010|015|08|WA|4719|EBA|01|51|1|003|100|AA|521211|019|A|0|0||0||||1|KDM  Makan Rapat|20|ORG|2|FREK|0||0||40|OF|35900|1436000||0|0|0||0|0|0|0||||0|0||||0|73194|73087|73018|73018|73018|72451|72374|72374|72374|72374|153691|555027|0||0|||1|0|00
2026|01|527010|015|08|WA|4719|EBA|01|51|1|003|100|AA|521211|019|A|0|0||0||||2|KDM  Snack Rapat|20|ORG|2|FREK|0||0||40|OF|15125|605000||0|0|0||0|0|0|0||||0|0||||0|30837|30792|30763|30763|30763|30524|30492|30492|30492|30492|64751|233839|0||0|||1|0|00
2026|01|527010|015|08|WA|4719|EBA|01|51|1|003|100|AA|524111|019|A|0|0||0||||1|Akomodasi|1|ORG|2|HR|1|LOK|0||2|OH|760000|1520000||0|0|0||0|0|0|0||||0|0||||0|77475|77362|77289|77289|77289|76689|76608|76608|76608|76608|162681|587494|0||0|||1|0|00
2026|01|527010|015|08|WA|4719|EBA|01|51|1|003|100|AA|524111|019|A|0|0||0||||2|Transport|1|ORG|1|FREK|1|LOK|0||1|OF|2962000|2962000||0|0|0||0|0|0|0||||0|0||||0|150975|150755|150612|150612|150612|149442|149284|149284|149284|149284|317014|1144842|0||0|||1|0|00
2026|01|527010|015|08|WA|4719|EBA|01|51|1|003|100|AA|524111|019|A|0|0||0||||3|Uang Saku Harian|1|ORG|2|HR|1|LOK|0||2|OH|456000|912000||0|0|0||0|0|0|0||||0|0||||0|46485|46417|46373|46373|46373|46013|45965|45965|45965|45965|97609|352497|0||0|||1|0|00
2026|01|527010|015|08|WA|4719|EBA|01|51|1|003|100|AB|521211|019|A|0|0||0||||1|KDM  Snack Rapat|10|ORG|2|FREK|0||0||20|OF|15100|302000||0|0|0||0|0|0|0||||0|0||||0|15393|15371|15356|15356|15356|15237|15221|15221|15221|15221|32322|116725|0||0|||1|0|00
2026|01|527010|015|08|WA|4719|EBA|01|51|1|003|100|AB|521211|019|A|0|0||0||||2|KDM  Makan Rapat|10|ORG|2|FREK|0||0||20|OF|35900|718000||0|0|0||0|0|0|0||||0|0||||0|36597|36543|36509|36509|36509|36225|36187|36187|36187|36187|76845|277515|0||0|||1|0|00
2026|01|527010|015|08|WA|4719|EBA|01|51|1|003|100|AB|524111|019|A|0|0||0||||1|Transport|1|ORG|10|LOK|1|FREK|0||10|OF|7925300|79253000||0|0|0||0|0|0|0||||0|0||||0|4039572|4033679|4029858|4029858|4029858|3998564|3994341|3994341|3994341|3994341|8482215|30632032|0||0|||1|0|00
2026|01|527010|015|08|WA|4719|EBA|01|51|1|003|100|AB|524111|019|A|0|0||0||||2|Uang Harian|1|ORG|10|LOK|3|HR|0||30|OH|337034|10111000||0|0|0||0|0|0|0||||0|0||||0|515364|514612|514124|514124|514124|510132|509593|509593|509593|509593|1082151|3907997|0||0|||1|0|00
2026|01|527010|015|08|WA|4719|EBA|01|51|1|003|100|AB|524111|019|A|0|0||0||||3|Akomodasi|1|ORG|10|LOK|2|HR|0||20|OH|985550|19711000||0|0|0||0|0|0|0||||0|0||||0|1004681|1003216|1002265|1002265|1002265|994482|993432|993432|993432|993432|2109610|7618488|0||0|||1|0|00
2026|01|527010|015|08|WA|4719|EBA|01|51|1|003|100|AB|524111|019|A|0|0||0|01||1|4|Manajemen Keberlangsungan Bisnis DJPb|0||0||0||0||0||0|0||0|0|0||0|0|0|0||||0|0||||0|0|0|0|0|0|0|0|0|0|0|0|0|0||0|||1|0|00
2026|01|527010|015|08|WA|4719|EBA|01|51|1|003|100|AB|524111|019|A|0|0||0|01|||5|Transport|50|ORG|1|LOK|1|FREK|0||50|OF|287920|14396000||0|0|0||0|0|0|0||||0|0||||0|733773|732702|732008|732008|732008|726324|725557|725557|725557|725557|1540761|5564188|0||0|||1|0|00
2026|01|527010|015|08|WA|4719|EBA|01|51|1|003|100|AB|524111|019|A|0|0||0|01|||6|Uang Harian|50|ORG|1|LOK|1|HR|0||50|OH|33600|1680000||0|0|0||0|0|0|0||||0|0||||0|85631|85506|85425|85425|85425|84761|84672|84672|84672|84672|179805|649334|0||0|||1|0|00
2026|01|527010|015|08|WA|4719|EBA|01|51|1|003|100|AC|521211|019|A|0|0||0||||1|KDM  Makan Rapat|10|ORG|3|FREK|0||0||30|OF|44700|1341000||0|0|0||0|0|0|0||||0|0||||0|68352|68252|68187|68187|68187|67658|67586|67586|67586|67586|143523|518310|0||0|||1|0|00
2026|01|527010|015|08|WA|4719|EBA|01|51|1|003|100|AC|521211|019|A|0|0||0||||2|KDM  Snack Rapat|10|ORG|3|FREK|0||0||30|OF|18834|565000||0|0|0||0|0|0|0||||0|0||||0|28798|28756|28729|28729|28729|28506|28476|28476|28476|28476|60470|218379|0||0|||1|0|00
2026|01|527010|015|08|WA|4719|EBA|01|51|1|003|100|AC|524111|019|A|0|0||0||||1|Uang Harian|2|ORG|5|LOK|3|HR|0||30|OH|565100|16953000||0|0|0||0|0|0|0||||0|0||||0|864104|862844|862026|862026|862026|855332|854429|854429|854429|854429|1814430|6552496|0||0|||1|0|00
2026|01|527010|015|08|WA|4719|EBA|01|51|1|003|100|AC|524111|019|A|0|0||0||||2|Transport|2|ORG|5|LOK|1|FREK|0||10|OF|3213800|32138000||0|0|0||0|0|0|0||||0|0||||0|1638093|1635703|1634153|1634153|1634153|1621463|1619751|1619751|1619751|1619751|3439635|12421643|0||0|||1|0|00
2026|01|527010|015|08|WA|4719|EBA|01|51|1|003|100|AC|524111|019|A|0|0||0||||3|Akomodasi|2|ORG|5|LOK|2|HR|0||20|OH|284150|5683000||0|0|0||0|0|0|0||||0|0||||0|289666|289243|288969|288969|288969|286725|286422|286422|286422|286422|608235|2196536|0||0|||1|0|00
2026|01|527010|015|08|WA|4719|EBA|01|51|1|003|100|AD|521211|019|A|0|0||0||||1|KDM  Makan Rapat|15|ORG|3|FREK|0||0||45|OF|35912|1616000||0|0|0||0|0|0|0||||0|0||||0|82368|82248|82170|82170|82170|81532|81446|81446|81446|81446|172956|624602|0||0|||1|0|00
2026|01|527010|015|08|WA|4719|EBA|01|51|1|003|100|AD|521211|019|A|0|0||0||||2|KDM  Snack Rapat|15|ORG|3|FREK|0||0||45|OF|15112|680000||0|0|0||0|0|0|0||||0|0||||0|34660|34609|34577|34577|34577|34308|34272|34272|34272|34272|72778|262826|0||0|||1|0|00
2026|01|527010|015|08|WA|4719|EBA|01|51|1|003|100|AD|524111|019|A|0|0||0||||1|Transport|2|ORG|5|LOK|1|FREK|0||10|OF|1266300|12663000||0|0|0||0|0|0|0||||0|0||||0|645441|644499|643888|643888|643888|638888|638214|638214|638214|638214|1355284|4894368|0||0|||1|0|00
2026|01|527010|015|08|WA|4719|EBA|01|51|1|003|100|AD|524111|019|A|0|0||0||||2|Uang Harian|2|ORG|5|LOK|3|HR|0||30|OH|129467|3884000||0|0|0||0|0|0|0||||0|0||||0|197970|197681|197494|197494|197494|195960|195753|195753|195753|195753|415693|1501202|0||0|||1|0|00
2026|01|527010|015|08|WA|4719|EBA|01|51|1|003|100|AD|524111|019|A|0|0||0||||3|Akomodasi|2|ORG|5|LOK|2|HR|0||20|OH|181950|3639000||0|0|0||0|0|0|0||||0|0||||0|185482|185211|185036|185036|185036|183599|183405|183405|183405|183405|389471|1406509|0||0|||1|0|00
2026|01|527010|015|08|WA|4719|EBA|01|51|1|003|100|AE|521211|019|A|0|0||0||||1|KDM  Makan Rapat|15|ORG|5|FREK|0||0||75|OF|35907|2693000||0|0|0||0|0|0|0||||0|0||||0|137264|137064|136934|136934|136934|135870|135727|135727|135727|135727|288224|1040868|0||0|||1|0|00
2026|01|527010|015|08|WA|4719|EBA|01|51|1|003|100|AE|524111|019|A|0|0||0||||1|Transport|2|ORG|5|LOK|1|FREK|0||10|OH|901800|9018000||0|0|0||0|0|0|0||||0|0||||0|459653|458982|458547|458547|458547|454987|454506|454506|454506|454506|965170|3485543|0||0|||1|0|00
2026|01|527010|015|08|WA|4719|EBA|01|51|1|003|100|AE|524111|019|A|0|0||0||||2|Uang Saku|2|ORG|5|LOK|3|HARI|0||30|OH|144534|4336000||0|0|0||0|0|0|0||||0|0||||0|221008|220686|220477|220477|220477|218765|218534|218534|218534|218534|464069|1675905|0||0|||1|0|00
2026|01|527010|015|08|WA|4719|EBA|01|51|1|003|100|AE|524111|019|A|0|0||0||||3|Akomodasi|2|ORG|5|LOK|2|HARI|0||20|OH|223300|4466000||0|0|0||0|0|0|0||||0|0||||0|227635|227303|227087|227087|227087|225324|225086|225086|225086|225086|477983|1726150|0||0|||1|0|00
2026|01|527010|015|08|WA|4719|EBA|01|51|1|003|100|AF|521211|019|A|0|0||0||||1|KDM  Makan Rapat|21|ORG|5|FREK|0||0||105|OF|35915|3771000||0|0|0||0|0|0|0||||0|0||||0|192210|191930|191748|191748|191748|190259|190058|190058|190058|190058|403599|1457526|0||0|||1|0|00
2026|01|527010|015|08|WA|4719|EBA|01|51|1|003|100|AG|524111|019|A|0|0||0||||1|Akomodasi|1|ORG|1|LOK|1|HR|0||1|OH|1000|1000||0|0|0||0|0|0|0||||0|0||||0|51|51|51|51|51|50|50|50|50|50|107|388|0||0|||1|0|00
2026|01|527010|015|08|WA|4719|EBA|01|51|1|003|100|AG|524111|019|A|0|0||0||||2|Transport|1|ORG|1|LOK|1|FREK|0||1|OK|1000|1000||0|0|0||0|0|0|0||||0|0||||0|51|51|51|51|51|50|50|50|50|50|107|388|0||0|||1|0|00
2026|01|527010|015|08|WA|4719|EBA|01|51|1|003|100|AG|524111|019|A|0|0||0||||3|Uang Saku Harian|1|ORG|1|LOK|1|HARI|0||1|OH|1000|1000||0|0|0||0|0|0|0||||0|0||||0|51|51|51|51|51|50|50|50|50|50|107|388|0||0|||1|0|00
2026|01|527010|015|08|WA|4719|EBA|01|51|1|003|100|AH|521211|019|A|0|0||0||||1|KDM  Makan Rapat|10|ORG|3|FREK|0||0||30|OF|35900|1077000||0|0|0||0|0|0|0||||0|0||||0|54895|54815|54763|54763|54763|54338|54281|54281|54281|54281|115268|416271|0||0|||1|0|00
2026|01|527010|015|08|WA|4719|EBA|01|51|1|003|100|AH|521211|019|A|0|0||0||||2|KDM  Snack Rapat|10|ORG|3|FREK|0||0||30|OF|15134|454000||0|0|0||0|0|0|0||||0|0||||0|23141|23107|23085|23085|23085|22906|22882|22882|22882|22882|48590|175473|0||0|||1|0|00
2026|01|527010|015|08|WA|4719|EBA|01|51|1|003|100|AH|522151|019|A|0|0||0||||1|Honorarium Narasumber (Pejabat Eselon III)|6|ORG|3|JAM|1|KEG|0||18|OJ|900000|16200000||0|0|0||0|0|0|0|||09.01.04|0|0||||0|825724|824519|823738|823738|823738|817341|816478|816478|816478|816478|1733838|6261452|0||0|||1|0|00
2026|01|527010|015|08|WA|4719|EBA|01|51|1|003|100|AH|524111|019|A|0|0||0||||1|Akomodasi|2|ORG|5|LOK|2|HR|0||20|OH|699800|13996000||0|0|0||0|0|0|0||||0|0||||0|713384|712344|711669|711669|711669|706142|705397|705397|705397|705397|1497951|5409584|0||0|||1|0|00
2026|01|527010|015|08|WA|4719|EBA|01|51|1|003|100|AH|524111|019|A|0|0||0||||2|Transport|2|ORG|5|LOK|1|FREK|0||10|OF|3080300|30803000||0|0|0||0|0|0|0||||0|0||||0|1570047|1567757|1566271|1566271|1566271|1554108|1552467|1552467|1552467|1552467|3296754|11905653|0||0|||1|0|00
2026|01|527010|015|08|WA|4719|EBA|01|51|1|003|100|AH|524111|019|A|0|0||0||||3|Uang Saku Harian|2|ORG|5|LOK|3|HR|0||30|OH|200167|6005000||0|0|0||0|0|0|0||||0|0||||0|306078|305632|305342|305342|305342|302971|302651|302651|302651|302651|642697|2320992|0||0|||1|0|00
2026|01|527010|015|08|WA|4719|EBA|01|51|1|003|100|AI|521211|019|A|0|0||0||||1|KDM  Makan Rapat|10|ORG|2|FREK|0||0||20|OF|35900|718000||0|0|0||0|0|0|0||||0|0||||0|36597|36543|36509|36509|36509|36225|36187|36187|36187|36187|76845|277515|0||0|||1|0|00
2026|01|527010|015|08|WA|4719|EBA|01|51|1|003|100|AI|521211|019|A|0|0||0||||2|KDM  Snack Rapat|10|ORG|2|FREK|0||0||20|OF|15100|302000||0|0|0||0|0|0|0||||0|0||||0|15393|15371|15356|15356|15356|15237|15221|15221|15221|15221|32322|116725|0||0|||1|0|00
2026|01|527010|015|08|WA|4719|EBA|01|51|1|003|100|AI|524113|019|A|0|0||0||||1|Transport|2|ORG|5|LOK|1|FREK|0||10|OF|101400|1014000||0|0|0||0|0|0|0||||0|0||||0|51684|51609|51560|51560|51560|51159|51105|51105|51105|51105|108525|391923|0||0|||1|0|00
2026|01|527010|015|08|WA|4719|EBA|01|51|1|003|100|AJ|524111|019|A|0|0||0||||1|Akomodasi|2|ORG|5|LOK|2|HR|0||20|OH|328700|6574000||0|0|0||0|0|0|0||||0|0||||0|335081|334592|334275|334275|334275|331679|331329|331329|331329|331329|703596|2540911|0||0|||1|0|00
2026|01|527010|015|08|WA|4719|EBA|01|51|1|003|100|AJ|524111|019|A|0|0||0||||2|Transport|2|ORG|5|LOK|1|FREK|0||10|OF|1407300|14073000||0|0|0||0|0|0|0||||0|0||||0|717309|716263|715584|715584|715584|710027|709277|709277|709277|709277|1506192|5439349|0||0|||1|0|00
2026|01|527010|015|08|WA|4719|EBA|01|51|1|003|100|AJ|524111|019|A|0|0||0||||3|Uang Saku Harian|2|ORG|5|LOK|3|HR|0||30|OH|132000|3960000||0|0|0||0|0|0|0||||0|0||||0|201844|201549|201358|201358|201358|199794|199584|199584|199584|199584|423827|1530576|0||0|||1|0|00
2026|01|527010|015|08|WA|4719|EBA|01|51|1|003|100|AK|524111|019|A|0|0||0||||1|Akomodasi Eselon II Kantor Pusat|1|ORG|1|HR|1|LOK|1|KEG|1|OH|1000|1000||0|0|0||0|0|0|0||||0|0||||0|51|51|51|51|51|50|50|50|50|50|107|388|0||0|||1|0|00
2026|01|527010|015|08|WA|4719|EBA|01|51|1|003|100|AK|524111|019|A|0|0||0||||2|Transport|1|ORG|1|LOK|1|KEG|1|FREK|1|OF|1000|1000||0|0|0||0|0|0|0||||0|0||||0|51|51|51|51|51|50|50|50|50|50|107|388|0||0|||1|0|00
2026|01|527010|015|08|WA|4719|EBA|01|51|1|003|100|AK|524111|019|A|0|0||0||||3|Uang Harian|1|ORG|1|HR|1|KEG|0||1|OH|1000|1000||0|0|0||0|0|0|0||||0|0||||0|51|51|51|51|51|50|50|50|50|50|107|388|0||0|||1|0|00
2026|01|527010|015|08|WA|4719|EBA|01|51|1|003|100|AL|524111|019|A|0|0||0||||1|Akomodasi|2|ORG|2|HR|2|LOK|2|KEG|16|OH|4500000|72000000||0|0|0||0|0|0|0||||0|0||||0|3669883|3664529|3661057|3661057|3661057|3632627|3628791|3628791|3628791|3628791|7705948|27828678|0||0|||1|0|00
2026|01|527010|015|08|WA|4719|EBA|01|51|1|003|100|AL|524111|019|A|0|0||0||||2|Transport|1|ORG|1|LOK|1|KEG|1|FREK|1|OF|1000|1000||0|0|0||0|0|0|0||||0|0||||0|51|51|51|51|51|50|50|50|50|50|107|388|0||0|||1|0|00
2026|01|527010|015|08|WA|4719|EBA|01|51|1|003|100|AL|524111|019|A|0|0||0||||3|Uang Harian|1|ORG|1|HR|1|KEG|0||1|OH|1000|1000||0|0|0||0|0|0|0||||0|0||||0|51|51|51|51|51|50|50|50|50|50|107|388|0||0|||1|0|00
2026|01|527010|015|08|WA|4719|EBA|01|51|1|003|100|BA|524111|019|A|0|0||0|01||1|1|Koordinasi Biro SDM|0||0||0||0||0||0|0||0|0|0||0|0|0|0||||0|0||||0|0|0|0|0|0|0|0|0|0|0|0|0|0||0|||1|0|00
2026|01|527010|015|08|WA|4719|EBA|01|51|1|003|100|BA|524111|019|A|0|0||0|01|||2|Penginapan|20|ORG|2|HR|1|FR|0||40|OH|735000|29400000||0|0|0||0|0|0|0||||0|0||||0|1498535|1496349|1494932|1494932|1494932|1483323|1481756|1481756|1481756|1481756|3146595|11363378|0||0|||1|0|00
2026|01|527010|015|08|WA|4719|EBA|01|51|1|003|100|BA|524111|019|A|0|0||0|01|||3|Transport|20|ORG|1|HR|1|FR|0||20|OK|300000|6000000||0|0|0||0|0|0|0||||0|0||||0|305824|305377|305088|305088|305088|302719|302399|302399|302399|302399|642162|2319058|0||0|||1|0|00
2026|01|527010|015|08|WA|4719|EBA|01|51|1|003|100|BA|524111|019|A|0|0||0|01|||4|Uang Harian|20|ORG|3|HR|1|FR|0||60|OH|344000|20640000||0|0|0||0|0|0|0||||0|0||||0|1052033|1050498|1049503|1049503|1049503|1041353|1040253|1040253|1040253|1040253|2209038|7977557|0||0|||1|0|00
2026|01|527010|015|08|WA|4719|EBA|01|51|1|003|100|BA|524111|019|A|0|0||0|02||1|5|Koordinasi BKN|0||0||0||0||0||0|0||0|0|0||0|0|0|0||||0|0||||0|0|0|0|0|0|0|0|0|0|0|0|0|0||0|||1|0|00
2026|01|527010|015|08|WA|4719|EBA|01|51|1|003|100|BA|524111|019|A|0|0||0|02|||6|Penginapan|20|ORG|2|HR|1|FR|0||40|OH|686000|27440000||0|0|0||0|0|0|0||||0|0||||0|1398633|1396593|1395269|1395269|1395269|1384435|1382973|1382973|1382973|1382973|2936822|10605818|0||0|||1|0|00
2026|01|527010|015|08|WA|4719|EBA|01|51|1|003|100|BA|524111|019|A|0|0||0|02|||7|Transport|20|ORG|1|HR|2|FR|0||40|OK|300000|12000000||0|0|0||0|0|0|0||||0|0||||0|611647|610755|610176|610176|610176|605438|604798|604798|604798|604798|1284325|4638115|0||0|||1|0|00
2026|01|527010|015|08|WA|4719|EBA|01|51|1|003|100|BA|524111|019|A|0|0||0|02|||8|Uang Harian|20|ORG|3|HR|1|FR|0||60|OH|430000|25800000||0|0|0||0|0|0|0||||0|0||||0|1315041|1313123|1311879|1311879|1311879|1301691|1300317|1300317|1300317|1300317|2761298|9971942|0||0|||1|0|00
2026|01|527010|015|08|WA|4719|EBA|01|51|1|003|100|CD|524119|019|A|0|0||0||||1|Akomodasi Pejabat|250|ORG|3|HR|0||0||750|OH|1505667|1129250000||0|0|0||0|0|0|0||||0|0||||0|57558543|57474568|57420118|57420118|57420118|56974222|56914058|56914058|56914058|56914058|120860299|436465782|0||0|||1|0|00
2026|01|527010|015|08|WA|4719|EBA|01|51|1|003|100|CD|524119|019|A|0|0||0||||2|Transport Panitia Lokal|20|ORG|0||0||0||20|OK|170000|3400000||0|0|0||0|0|0|0||||0|0||||0|173300|173047|172883|172883|172883|171541|171360|171360|171360|171360|363892|1314131|0||0|||1|0|00
2026|01|527010|015|08|WA|4719|EBA|01|51|1|003|100|CD|524119|019|A|0|0||0||||3|Transport Peserta dan Panitia Kanpus|100|ORG|0||0||0||100|OK|1000000|100000000||0|0|0||0|0|0|0||||0|0||||0|5097059|5089623|5084801|5084801|5084801|5045315|5039987|5039987|5039987|5039987|10702705|38650947|0||0|||1|0|00
2026|01|527010|015|08|WA|4719|EBA|01|51|1|003|100|CD|524119|019|A|0|0||0||||4|Transport Pejabat Vertikal|250|ORG|0||0||0||250|OK|5444132|1361033000||0|0|0||0|0|0|0||||0|0||||0|69372660|69271449|69205823|69205823|69205823|68668405|68595892|68595892|68595892|68595892|145667350|526052099|0||0|||1|0|00
2026|01|527010|015|08|WA|4719|EBA|01|51|1|003|100|CD|524119|019|A|0|0||0||||5|Uang Saku Harian|312|ORG|4|HR|0||0||1248|OH|130000|162240000||0|0|0||0|0|0|0||||0|0||||0|8269469|8257404|8249582|8249582|8249582|8185519|8176876|8176876|8176876|8176876|17364069|62707289|0||0|||1|0|00
2026|01|527010|015|08|WA|4719|EBA|01|51|1|003|100|DA|521211|019|A|0|0||0||||1|Pendukung Kegiatan|0||0||0||0||1|PKT|200000000|200000000||0|0|0||0|0|0|0||||0|0||||0|10194119|10179246|10169602|10169602|10169602|10090630|10079975|10079975|10079975|10079975|21405410|77301889|0||0|||1|0|00
2026|01|527010|015|08|WA|4719|EBA|01|51|1|003|100|DA|524111|019|A|0|0||0||||1|Akomodasi|60|ORG|2|HR|1|KEG|0||120|OH|799000|95880000||0|0|0||0|0|0|0||||0|0||||0|4887061|4879931|4875307|4875307|4875307|4837448|4832340|4832340|4832340|4832340|10261754|37058525|0||0|||1|0|00
2026|01|527010|015|08|WA|4719|EBA|01|51|1|003|100|DA|524111|019|A|0|0||0||||2|Transportasi|60|ORG|1|KEG|0||0||60|OK|2950600|177036000||0|0|0||0|0|0|0||||0|0||||0|9023630|9010465|9001929|9001929|9001929|8932024|8922592|8922592|8922592|8922592|18947641|68426085|0||0|||1|0|00
2026|01|527010|015|08|WA|4719|EBA|01|51|1|003|100|DA|524111|019|A|0|0||0||||3|Uang Harian|60|ORG|3|HR|1|KEG|0||180|OH|344000|61920000||0|0|0||0|0|0|0||||0|0||||0|3156099|3151495|3148509|3148509|3148509|3124059|3120760|3120760|3120760|3120760|6627115|23932665|0||0|||1|0|00
2026|01|527010|015|08|WA|4719|EBA|01|51|1|003|100|DB|521211|019|A|0|0||0||||1|Makan Rapat Biasa D.K.I.  JAKARTA|40|ORG|3|FR|12|BLN|0||1440|OK|50000|72000000||0|0|0||0|0|0|0|||37.02.13|0|0||||0|3669883|3664529|3661057|3661057|3661057|3632627|3628791|3628791|3628791|3628791|7705948|27828678|0||0|||1|0|00
2026|01|527010|015|08|WA|4719|EBA|01|51|1|003|100|DB|521211|019|A|0|0||0||||2|Kudapan Rapat Biasa D.K.I.  JAKARTA|40|ORG|3|FR|12|BLN|0||1440|OK|23000|33120000||0|0|0||0|0|0|0|||37.02.13|0|0||||0|1688146|1685683|1684086|1684086|1684086|1671008|1669244|1669244|1669244|1669244|3544736|12801193|0||0|||1|0|00
2026|01|527010|015|08|WA|4719|EBA|01|51|1|003|100|DC|524111|019|A|0|0||0||||1|Akomodasi|3|ORG|1|HR|1|KL|0||3|OH|709000|2127000||0|0|0||0|0|0|0||||0|0||||0|108414|108256|108154|108154|108154|107314|107201|107201|107201|107201|227647|822103|0||0|||1|0|00
2026|01|527010|015|08|WA|4719|EBA|01|51|1|003|100|DC|524111|019|A|0|0||0||||2|Transport|3|ORG|1|KL|0||0||3|OF|500000|1500000||0|0|0||0|0|0|0||||0|0||||0|76456|76344|76272|76272|76272|75680|75600|75600|75600|75600|160541|579763|0||0|||1|0|00
2026|01|527010|015|08|WA|4719|EBA|01|51|1|003|100|DC|524111|019|A|0|0||0||||3|Uang Harian|3|ORG|1|HR|2|KL|0||6|OH|328000|1968000||0|0|0||0|0|0|0||||0|0||||0|100310|100164|100069|100069|100069|99292|99187|99187|99187|99187|210629|760650|0||0|||1|0|00
2026|01|527010|015|08|WA|4719|EBA|01|51|1|003|100|DC|524111|019|A|0|0||0|01||1|4|Perjalanan Dinas Pengantaran Jenazah|0||0||0||0||0||0|0||0|0|0||0|0|0|0||||0|0||||0|0|0|0|0|0|0|0|0|0|0|0|0|0||0|||1|0|00
2026|01|527010|015|08|WA|4719|EBA|01|51|1|003|100|DC|524111|019|A|0|0||0|01|||5|Akomodasi|8|ORG|2|HR|2|KL|0||32|OH|814000|26048000||0|0|0||0|0|0|0||||0|0||||0|1327682|1325745|1324489|1324489|1324489|1314204|1312816|1312816|1312816|1312816|2787841|10067797|0||0|||1|0|00
2026|01|527010|015|08|WA|4719|EBA|01|51|1|003|100|DC|524111|019|A|0|0||0|01|||6|Transport|8|ORG|2|KL|0||0||16|OF|1500000|24000000||0|0|0||0|0|0|0||||0|0||||0|1223294|1221510|1220352|1220352|1220352|1210876|1209597|1209597|1209597|1209597|2568649|9276227|0||0|||1|0|00
2026|01|527010|015|08|WA|4719|EBA|01|51|1|003|100|DC|524111|019|A|0|0||0|01|||7|Uang Harian|8|ORG|3|HR|2|KL|0||48|OH|328000|15744000||0|0|0||0|0|0|0||||0|0||||0|802481|801310|800551|800551|800551|794334|793496|793496|793496|793496|1685034|6085204|0||0|||1|0|00
2026|01|527010|015|08|WA|4719|EBA|01|51|1|003|100|DC|524113|019|A|0|0||0||||1|Transport dalam kota inventarisasi BMN|5|ORG|1|HR|3|KL|0||15|OF|170000|2550000||0|0|0||0|0|0|0||||0|0||||0|129975|129785|129662|129662|129662|128656|128520|128520|128520|128520|272919|985599|0||0|||1|0|00
2026|01|527010|015|08|WA|4719|EBA|01|51|1|003|100|DD|524111|019|A|0|0||0||||1|Akomodasi|3|ORG|3|HR|3|KL|0||27|OH|600000|16200000||0|0|0||0|0|0|0||||0|0||||0|825724|824519|823738|823738|823738|817341|816478|816478|816478|816478|1733838|6261452|0||0|||1|0|00
2026|01|527010|015|08|WA|4719|EBA|01|51|1|003|100|DD|524111|019|A|0|0||0||||2|Transport|3|ORG|3|KL|0||0||9|OF|3055000|27495000||0|0|0||0|0|0|0||||0|0||||0|1401436|1399392|1398066|1398066|1398066|1387209|1385745|1385745|1385745|1385745|2942709|10627076|0||0|||1|0|00
2026|01|527010|015|08|WA|4719|EBA|01|51|1|003|100|DD|524111|019|A|0|0||0||||3|Uang Harian|3|ORG|4|HR|3|KL|0||36|OH|350000|12600000||0|0|0||0|0|0|0||||0|0||||0|642229|641293|640685|640685|640685|635710|635038|635038|635038|635038|1348541|4870020|0||0|||1|0|00
2026|01|527010|015|08|WA|4719|EBA|01|51|1|003|100|DE|524111|019|A|0|0||0|01||1|1|Pembinaan Pengelolaan BMN (RKBMN)|0||0||0||0||0||0|0||0|0|0||0|0|0|0||||0|0||||0|0|0|0|0|0|0|0|0|0|0|0|0|0||0|||1|0|00
2026|01|527010|015|08|WA|4719|EBA|01|51|1|003|100|DE|524111|019|A|0|0||0|01|||2|Akomodasi|3|ORG|2|HR|2|KL|0||12|OH|700000|8400000||0|0|0||0|0|0|0||||0|0||||0|428153|427528|427123|427123|427123|423806|423359|423359|423359|423359|899027|3246681|0||0|||1|0|00
2026|01|527010|015|08|WA|4719|EBA|01|51|1|003|100|DE|524111|019|A|0|0||0|01|||3|Transport|3|ORG|2|KL|0||0||6|OF|600000|3600000||0|0|0||0|0|0|0||||0|0||||0|183494|183226|183053|183053|183053|181631|181440|181440|181440|181440|385297|1391433|0||0|||1|0|00
2026|01|527010|015|08|WA|4719|EBA|01|51|1|003|100|DE|524111|019|A|0|0||0|01|||4|Uang Harian|3|ORG|3|HR|2|KL|0||18|OH|328000|5904000||0|0|0||0|0|0|0||||0|0||||0|300930|300491|300207|300207|300207|297875|297561|297561|297561|297561|631888|2281951|0||0|||1|0|00
2026|01|527010|015|08|WA|4719|EBA|01|51|1|003|100|DE|524111|019|A|0|0||0|02||1|5|Pembinaan Pengelolaan BMN (Alih Status/Guna/Hibah)|0||0||0||0||0||0|0||0|0|0||0|0|0|0||||0|0||||0|0|0|0|0|0|0|0|0|0|0|0|0|0||0|||1|0|00
2026|01|527010|015|08|WA|4719|EBA|01|51|1|003|100|DE|524111|019|A|0|0||0|02|||6|Akomodasi|3|ORG|2|HR|2|KL|0||12|OH|700000|8400000||0|0|0||0|0|0|0||||0|0||||0|428153|427528|427123|427123|427123|423806|423359|423359|423359|423359|899027|3246681|0||0|||1|0|00
2026|01|527010|015|08|WA|4719|EBA|01|51|1|003|100|DE|524111|019|A|0|0||0|02|||7|Transport|3|ORG|2|KL|0||0||6|OF|3000000|18000000||0|0|0||0|0|0|0||||0|0||||0|917471|916132|915264|915264|915264|908157|907198|907198|907198|907198|1926487|6957169|0||0|||1|0|00
2026|01|527010|015|08|WA|4719|EBA|01|51|1|003|100|DE|524111|019|A|0|0||0|02|||8|Uang Harian|3|ORG|3|HR|2|KL|0||18|OH|328000|5904000||0|0|0||0|0|0|0||||0|0||||0|300930|300491|300207|300207|300207|297875|297561|297561|297561|297561|631888|2281951|0||0|||1|0|00
2026|01|527010|015|08|WA|4719|EBA|01|51|1|003|100|DE|524113|019|A|0|0||0||||1|Transport dalam kota inventarisir BMN|6|ORG|1|HR|5|KL|0||30|OF|170000|5100000||0|0|0||0|0|0|0||||0|0||||0|259950|259571|259325|259325|259325|257311|257039|257039|257039|257039|545838|1971199|0||0|||1|0|00
2026|01|527010|015|08|WA|4719|EBA|01|51|1|003|100|DF|524111|019|A|0|0||0||||1|Akomodasi|3|ORG|3|HR|2|KL|0||18|OH|1000000|18000000||0|0|0||0|0|0|0||||0|0||||0|917471|916132|915264|915264|915264|908157|907198|907198|907198|907198|1926487|6957169|0||0|||1|0|00
2026|01|527010|015|08|WA|4719|EBA|01|51|1|003|100|DF|524111|019|A|0|0||0||||2|Transport|3|ORG|2|KL|0||0||6|OF|640000|3840000||0|0|0||0|0|0|0||||0|0||||0|195727|195442|195256|195256|195256|193740|193536|193536|193536|193536|410984|1484195|0||0|||1|0|00
2026|01|527010|015|08|WA|4719|EBA|01|51|1|003|100|DF|524111|019|A|0|0||0||||3|Uang Harian|3|ORG|3|HR|2|KL|0||18|OH|424000|7632000||0|0|0||0|0|0|0||||0|0||||0|389008|388440|388072|388072|388072|385058|384652|384652|384652|384652|816830|2949840|0||0|||1|0|00
2026|01|527010|015|08|WA|4719|EBA|01|51|1|003|100|EA|524111|019|A|0|0||0||||1|Akomodasi|2|ORG|2|HR|3|LOK|2|KEG|24|OH|800000|19200000||0|0|0||0|0|0|0||||0|0||||0|978635|977208|976282|976282|976282|968701|967678|967678|967678|967678|2054919|7420979|0||0|||1|0|00
2026|01|527010|015|08|WA|4719|EBA|01|51|1|003|100|EA|524111|019|A|0|0||0||||2|Transport|2|ORG|3|LOK|2|KEG|1|FREK|12|OF|4700000|56400000||0|0|0||0|0|0|0||||0|0||||0|2874741|2870547|2867828|2867828|2867828|2845558|2842553|2842553|2842553|2842553|6036326|21799132|0||0|||1|0|00
2026|01|527010|015|08|WA|4719|EBA|01|51|1|003|100|EA|524111|019|A|0|0||0||||3|Uang Harian|2|ORG|3|HR|2|KEG|3|Lok|36|OH|350000|12600000||0|0|0||0|0|0|0||||0|0||||0|642229|641293|640685|640685|640685|635710|635038|635038|635038|635038|1348541|4870020|0||0|||1|0|00
2026|01|527010|015|08|WA|4719|EBA|01|51|1|003|100|FA|521211|019|A|0|0||0||||1|Konsumsi Makan Rapat|26|ORG|60|FREK|0||0||1560|OK|55000|85800000||0|0|0||0|0|0|0|||37.02.13|0|0||||0|4373277|4366897|4362759|4362759|4362759|4328880|4324309|4324309|4324309|4324309|9182921|33162512|0||0|||1|0|00
2026|01|527010|015|08|WA|4719|EBA|01|51|1|003|100|FA|521211|019|A|0|0||0||||2|Konsumsi Snack Rapat|26|ORG|60|FREK|0||0||1560|OK|23250|36270000||0|0|0||0|0|0|0|||37.04.13|0|0||||0|1848703|1846006|1844257|1844257|1844257|1829936|1828003|1828003|1828003|1828003|3881871|14018701|0||0|||1|0|00
2026|01|527010|015|08|WA|4719|EBA|01|51|1|003|100|HA|524111|019|A|0|0||0||||1|Akomodasi|1|ORG|1|LOK|2|HR|2|FR|4|OH|814000|3256000||0|0|0||0|0|0|0||||0|0||||0|165960|165718|165561|165561|165561|164275|164102|164102|164102|164102|348480|1258476|0||0|||1|0|00
2026|01|527010|015|08|WA|4719|EBA|01|51|1|003|100|HA|524111|019|A|0|0||0||||2|Transport|1|ORG|1|LOK|2|FR|0||2|OF|2736000|5472000||0|0|0||0|0|0|0||||0|0||||0|278911|278504|278240|278240|278240|276080|275788|275788|275788|275788|585652|2114981|0||0|||1|0|00
2026|01|527010|015|08|WA|4719|EBA|01|51|1|003|100|HA|524111|019|A|0|0||0||||3|Uang Harian|1|ORG|1|LOK|2|HR|2|FR|4|OH|328000|1312000||0|0|0||0|0|0|0||||0|0||||0|66873|66776|66713|66713|66713|66195|66125|66125|66125|66125|140419|507098|0||0|||1|0|00
2026|01|527010|015|08|WA|4719|EBA|01|51|1|003|100|IA|524111|019|A|0|0||0||||1|Penginapan|20|ORG|2|HR|1|FR|0||40|OH|389363|15574000||0|0|0||0|0|0|0||||0|0||||0|793816|792658|791907|791907|791907|785757|784928|784928|784928|784928|1666839|6019497|0||0|||1|0|00
2026|01|527010|015|08|WA|4719|EBA|01|51|1|003|100|IA|524111|019|A|0|0||0||||2|Transport|20|ORG|1|HR|1|FR|0||20|OK|1548400|30968000||0|0|0||0|0|0|0||||0|0||||0|1578457|1576154|1574661|1574661|1574661|1562433|1560783|1560783|1560783|1560783|3314414|11969427|0||0|||1|0|00
2026|01|527010|015|08|WA|4719|EBA|01|51|1|003|100|IA|524111|019|A|0|0||0||||3|Uang Harian|20|ORG|3|HR|1|FR|0||60|OH|290967|17458000||0|0|0||0|0|0|0||||0|0||||0|889845|888546|887705|887705|887705|880811|879881|879881|879881|879881|1868478|6747681|0||0|||1|0|00
2026|01|527010|015|08|WA|4719|EBA|01|51|1|003|100|QA|522151|019|A|0|0||0||||1|Honorarium Profesional|6|ORG|4|JAM|0||0||24|OJ|1700000|40800000||0|0|0||0|0|0|0||||0|0||||0|2079600|2076566|2074599|2074599|2074599|2058489|2056315|2056315|2056315|2056315|4366704|15769584|0||0|||1|0|00
2026|01|527010|015|08|WA|4719|EBA|01|51|1|003|100|QA|524111|019|A|0|0||0|01||1|1|Penguatan Strategi Komunikasi Ekonomi dan Fiskal Kanver|0||0||0||0||0||0|0||0|0|0||0|0|0|0||||0|0||||0|0|0|0|0|0|0|0|0|0|0|0|0|0||0|||1|0|00
2026|01|527010|015|08|WA|4719|EBA|01|51|1|003|100|QA|524111|019|A|0|0||0|01|||2|Akomodasi|3|ORG|2|HR|2|LOK|0||12|OH|900000|10800000||0|0|0||0|0|0|0||||0|0||||0|550482|549679|549159|549159|549159|544894|544319|544319|544319|544319|1155892|4174300|0||0|||1|0|00
2026|01|527010|015|08|WA|4719|EBA|01|51|1|003|100|QA|524111|019|A|0|0||0|01|||3|Transport|3|ORG|2|LOK|0||0||6|OL|3750667|22504000||0|0|0||0|0|0|0||||0|0||||0|1147042|1145369|1144284|1144284|1144284|1135398|1134199|1134199|1134199|1134199|2408537|8698006|0||0|||1|0|00
2026|01|527010|015|08|WA|4719|EBA|01|51|1|003|100|QA|524111|019|A|0|0||0|01|||4|Uang Harian|3|ORG|3|HR|2|LOK|0||18|OH|344000|6192000||0|0|0||0|0|0|0||||0|0||||0|315610|315149|314851|314851|314851|312406|312076|312076|312076|312076|662712|2393266|0||0|||1|0|00
2026|01|527010|015|08|WA|4719|EBA|01|51|1|003|100|QA|524119|019|A|0|0||0||||1|Uang harian Fullboard|33|ORG|3|HR|0||0||99|OH|130000|12870000||0|0|0||0|0|0|0|||30.01.01|0|0||||0|655992|655034|654414|654414|654414|649332|648646|648646|648646|648646|1377438|4974378|0||0|||1|0|00
2026|01|527010|015|08|WA|4719|EBA|01|51|1|003|100|QA|524119|019|A|0|0||0||||2|Trasnport Peserta Daerah|4|ORG|1|KEG|0||0||4|OK|2700000|10800000||0|0|0||0|0|0|0||||0|0||||0|550482|549679|549159|549159|549159|544894|544319|544319|544319|544319|1155892|4174300|0||0|||1|0|00
2026|01|527010|015|08|WA|4719|EBA|01|51|1|003|100|QA|524119|019|A|0|0||0||||3|Transport Peserta Dalam Kota|20|ORG|1|KEG|0||0||20|OK|170000|3400000||0|0|0||0|0|0|0||||0|0||||0|173300|173047|172883|172883|172883|171541|171360|171360|171360|171360|363892|1314131|0||0|||1|0|00
2026|01|527010|015|08|WA|4719|EBA|01|51|1|003|100|QA|524119|019|A|0|0||0||||4|Penginapan Fullboard Pejabat Eselon I/II|8|ORG|2|HR|0||0||16|OH|1199000|19184000||0|0|0||0|0|0|0||||0|0||||0|977820|976393|975468|975468|975468|967893|966871|966871|966871|966871|2053207|7414799|0||0|||1|0|00
2026|01|527010|015|08|WA|4719|EBA|01|51|1|003|100|QA|524119|019|A|0|0||0||||5|Penginapan Fullboard Pejabat Eselon III ke Bawah|27|ORG|2|HR|0||0||54|OH|1130000|61020000||0|0|0||0|0|0|0||||0|0||||0|3110226|3105688|3102746|3102746|3102746|3078651|3075400|3075400|3075400|3075400|6530791|23584806|0||0|||1|0|00
2026|01|527010|015|08|WA|4719|EBA|01|51|1|003|100|QB|524113|019|A|0|0||0||||1|Transportasi Dalam Kota Kerja Sama Kelembagaan|3|ORG|2|FREK|0||0||6|OK|170000|1020000||0|0|0||0|0|0|0||||0|0||||0|51990|51914|51865|51865|51865|51462|51408|51408|51408|51408|109168|394239|0||0|||1|0|00
2026|01|527010|015|08|WA|4719|EBA|01|51|1|003|100|QC|521211|019|A|0|0||0||||1|Konsumsi Makan Rapat|20|ORG|1|FREK|0||0||20|OK|57000|1140000||0|0|0||0|0|0|0||||0|0||||0|58106|58022|57967|57967|57967|57517|57456|57456|57456|57456|122011|440619|0||0|||1|0|00
2026|01|527010|015|08|WA|4719|EBA|01|51|1|003|100|QC|521211|019|A|0|0||0||||2|Konsumsi Snack Rapat|20|ORG|1|FREK|0||0||20|OK|24000|480000||0|0|0||0|0|0|0||||0|0||||0|24466|24430|24407|24407|24407|24218|24192|24192|24192|24192|51373|185524|0||0|||1|0|00
2026|01|527010|015|08|WA|4719|EBA|01|51|1|003|100|QC|521213|019|A|0|0||0||||1|Honor Pembuat Artikel Website DJPb|5|ORG|9|FREK|0||0||45|OF|100000|4500000||0|0|0||0|0|0|0||||0|0||||0|229368|229033|228816|228816|228816|227039|226799|226799|226799|226799|481622|1739294|0||0|||1|0|00
2026|01|527010|015|08|WA|4719|EBA|01|51|1|003|100|QC|521213|019|A|0|0||0||||2|Honor Pembuat Artikel MTI|32|HAL|2|FREK|0||0||64|OF|100000|6400000||0|0|0||0|0|0|0||||0|0||||0|326212|325736|325427|325427|325427|322900|322559|322559|322559|322559|684973|2473662|0||0|||1|0|00
2026|01|527010|015|08|WA|4719|EBA|01|51|1|003|100|QC|522151|019|A|0|0||0||||1|Honor Translasi Annual Report|3|ORG|8|HR|0||0||24|OF|900000|21600000||0|0|0||0|0|0|0||||0|0||||0|1100965|1099359|1098317|1098317|1098317|1089788|1088637|1088637|1088637|1088637|2311784|8348605|0||0|||1|0|00
2026|01|527010|015|08|WA|4719|EBA|01|51|1|003|100|QC|524111|019|A|0|0||0||||1|Akomodasi|3|ORG|2|HR|1|LOK|0||6|OH|720000|4320000||0|0|0||0|0|0|0||||0|0||||0|220193|219872|219663|219663|219663|217958|217727|217727|217727|217727|462357|1669723|0||0|||1|0|00
2026|01|527010|015|08|WA|4719|EBA|01|51|1|003|100|QC|524111|019|A|0|0||0||||2|Transport|3|ORG|2|LOK|0||0||6|OL|3200000|19200000||0|0|0||0|0|0|0||||0|0||||0|978635|977208|976282|976282|976282|968701|967678|967678|967678|967678|2054919|7420979|0||0|||1|0|00
2026|01|527010|015|08|WA|4719|EBA|01|51|1|003|100|QC|524111|019|A|0|0||0||||3|Uang Harian|3|ORG|3|HR|1|LOK|0||9|OH|344000|3096000||0|0|0||0|0|0|0||||0|0||||0|157805|157575|157425|157425|157425|156203|156038|156038|156038|156038|331356|1196634|0||0|||1|0|00
2026|01|527010|015|08|WA|4719|EBA|01|51|1|003|100|QC|524113|019|A|0|0||0||||1|Transportasi Dalam Kota|6|ORG|2|KL|0||0||12|OK|170000|2040000||0|0|0||0|0|0|0||||0|0||||0|103980|103828|103730|103730|103730|102924|102816|102816|102816|102816|218335|788479|0||0|||1|0|00
2026|01|527010|015|08|WA|4719|EBA|01|51|1|003|100|QD|524111|019|A|0|0||0||||1|Akomodasi|3|ORG|2|HR|1|LOK|0||6|OH|735000|4410000||0|0|0||0|0|0|0||||0|0||||0|224780|224452|224240|224240|224240|222498|222263|222263|222263|222263|471989|1704509|0||0|||1|0|00
2026|01|527010|015|08|WA|4719|EBA|01|51|1|003|100|QD|524111|019|A|0|0||0||||2|Transport|3|ORG|1|LOK|0||0||3|OL|1210000|3630000||0|0|0||0|0|0|0||||0|0||||0|185023|184753|184578|184578|184578|183145|182952|182952|182952|182952|388508|1403029|0||0|||1|0|00
2026|01|527010|015|08|WA|4719|EBA|01|51|1|003|100|QD|524111|019|A|0|0||0||||3|Uang Harian|3|ORG|3|HR|1|LOK|0||9|OH|344000|3096000||0|0|0||0|0|0|0||||0|0||||0|157805|157575|157425|157425|157425|156203|156038|156038|156038|156038|331356|1196634|0||0|||1|0|00
2026|01|527010|015|08|WA|4719|EBA|01|51|1|994|001|CA|511129|019|A|0|0||0||||1|Belanja Uang Makan PNS Gol.II|348|ORG|20|HR|12|BLN|0||83520|OH|35000|2923200000||0|0|0||0|0|0|0||||0|0||||0|31853465|253056529|247318093|210973556|242109158|279346286|226652458|240902667|235772204|184558449|184558449|586098686|0||0|||1|0|00
2026|01|527010|015|08|WA|4719|EBA|01|51|1|994|001|CA|511129|019|A|0|0||0||||2|Belanja Uang Makan PNS Gol.III|420|ORG|20|HR|12|BLN|0||100800|OH|37000|3729600000||0|0|0||0|0|0|0||||0|0||||0|40640628|322865227|315543773|269173158|308897892|356407331|289177274|307358576|300812812|235471125|235471125|747781079|0||0|||1|0|00
2026|01|527010|015|08|WA|4719|EBA|01|51|1|994|001|CA|511129|019|A|0|0||0||||3|Belanja Uang Makan PNS Gol.IV|86|ORG|20|HR|12|BLN|0||20640|OH|41000|846240000||0|0|0||0|0|0|0||||0|0||||0|9221290|73257580|71596354|61074939|70088415|80868227|65613840|69739147|68253924|53428004|53428004|169670276|0||0|||1|0|00
2026|01|527010|015|08|WA|4719|EBA|01|51|1|994|001|CA|512211|019|A|0|0||0||||1|Uang Lembur Golongan II|400|ORG|2|JAM|10|HR|12|BLN|96000|OJ|24000|2304000000||0|0|0||0|0|0|0||||0|0||||0|25106179|199453422|194930516|166284576|190824952|220174413|178642331|189874024|185830308|145464787|145464787|461949705|0||0|||1|0|00
2026|01|527010|015|08|WA|4719|EBA|01|51|1|994|001|CA|512211|019|A|0|0||0||||2|Uang Lembur Golongan III|450|ORG|2|JAM|10|HR|12|BLN|108000|OJ|30000|3240000000||0|0|0||0|0|0|0||||0|0||||0|35305565|280481374|274121039|233837686|268347589|309620268|251215778|267010346|261323871|204559857|204559857|649616770|0||0|||1|0|00
2026|01|527010|015|08|WA|4719|EBA|01|51|1|994|001|CA|512211|019|A|0|0||0||||3|Uang Lembur Golongan IV|90|ORG|2|JAM|15|HR|12|BLN|32400|OJ|36000|1166400000||0|0|0||0|0|0|0||||0|0||||0|12710003|100973295|98683574|84181567|96605132|111463296|90437680|96123724|94076594|73641549|73641549|233862037|0||0|||1|0|00
2026|01|527010|015|08|WA|4719|EBA|01|51|1|994|001|CA|512211|019|A|0|0||0||||4|Uang Makan Lembur Golongan II|189|ORG|10|HR|12|BLN|0||22680|OH|35000|793800000||0|0|0||0|0|0|0||||0|0||||0|8649863|68717937|67159654|57290233|65745159|75856966|61547866|65417535|64024348|50117165|50117165|159156109|0||0|||1|0|00
2026|01|527010|015|08|WA|4719|EBA|01|51|1|994|001|CA|512211|019|A|0|0||0||||5|Uang Makan Lembur Golongan III|297|ORG|10|HR|12|BLN|0||35640|OH|37000|1318680000||0|0|0||0|0|0|0||||0|0||||0|14369365|114155919|111567263|95171938|109217469|126015449|102244822|108673211|106358816|83255862|83255862|264394024|0||0|||1|0|00
2026|01|527010|015|08|WA|4719|EBA|01|51|1|994|001|CA|512211|019|A|0|0||0||||6|Uang Makan Lembur Golongan IV|100|ORG|10|HR|12|BLN|0||12000|OH|41000|492000000||0|0|0||0|0|0|0||||0|0||||0|5361215|42591616|41625787|35508686|40749078|47016411|38147581|40546015|39682514|31062793|31062793|98645511|0||0|||1|0|00
2026|01|527010|015|08|WA|4719|EBA|01|51|1|994|001|CB|511125|019|A|0|0||0||||1|Tunjangan PPh PPPK|40|ORG|12|BLN|0||0||480|OB|100807|48387000||0|0|0||0|0|0|0||||0|0||||0|527262|4188782|4093795|3492193|4007572|4623949|3751722|3987602|3902678|3054950|3054950|9701545|0||0|||1|0|00
2026|01|527010|015|08|WA|4719|EBA|01|51|1|994|001|CB|511611|019|A|0|0||0||||1|Gaji Pokok PPPK|57|ORG|14|BLN|0||0||798|OB|3290000|2625420000||0|0|0||0|0|0|0||||0|0||||0|28608622|227278213|222124339|189482141|217446027|250889890|203563867|216362439|211754604|165757883|165757883|526394092|0||0|||1|0|00
2026|01|527010|015|08|WA|4719|EBA|01|51|1|994|001|CB|511619|019|A|0|0||0||||1|Pembulatan Gaji PPPK|50|ORG|1|THN|0||0||50|OB|6080|304000||0|0|0||0|0|0|0||||0|0||||0|3247|25797|25212|21507|24681|28477|23106|24558|24035|18814|18814|65752|0||0|||1|0|00
2026|01|527010|015|08|WA|4719|EBA|01|51|1|994|001|CB|511621|019|A|0|0||0||||1|Tunjangan SuamiIstri PPPK|28|ORG|14|BLN|0||0||392|OB|300850|117933000||0|0|0||0|0|0|0||||0|0||||0|1285090|10209262|9977752|8511475|9767604|11269891|9144022|9718929|9511947|7445789|7445789|23645450|0||0|||1|0|00
2026|01|527010|015|08|WA|4719|EBA|01|51|1|994|001|CB|511622|019|A|0|0||0||||1|Tunjangan Anak PPPK|25|ORG|14|BLN|0||0||350|OB|60540|21189000||0|0|0||0|0|0|0||||0|0||||0|230892|1834296|1792701|1529255|1754944|2024859|1642905|1746198|1709010|1337784|1337784|4248372|0||0|||1|0|00
2026|01|527010|015|08|WA|4719|EBA|01|51|1|994|001|CB|511624|019|A|0|0||0||||1|Tunjangan Fungsional PPPK|57|ORG|14|BLN|0||0||798|OB|540000|430920000||0|0|0||0|0|0|0||||0|0||||0|4695640|37304023|36458098|31100412|35690229|41179496|33411699|35512376|34756075|27206461|27206461|86399030|0||0|||1|0|00
2026|01|527010|015|08|WA|4719|EBA|01|51|1|994|001|CB|511625|019|A|0|0||0||||1| Tunjangan Beras PPPK|106|ORG|14|BLN|0||0||1484|OB|72420|107471000||0|0|0||0|0|0|0||||0|0||||0|1171088|9303585|9092612|7756410|8901106|10270123|8332843|8856750|8668129|6785263|6785263|21547828|0||0|||1|0|00
2026|01|527010|015|08|WA|4719|EBA|01|51|1|994|001|CB|511628|019|A|0|0||0||||1|Belanja Uang Makan PPPK|57|ORG|20|HR|12|BLN|0||13680|OH|35299|482890000||0|0|0||0|0|0|0||||0|0||||0|5179653|41149215|40216095|34306154|39369076|45424160|36855681|39172890|38338632|30010825|30010825|102856794|0||0|||1|0|00
2026|01|527010|015|08|WA|4719|EBA|01|51|1|994|001|CB|511632|019|A|0|0||0||||1|Tunjangan Papua PPPK|2|ORG|14|BLN|0||0||28|OB|399108|11175000||0|0|0||0|0|0|0||||0|0||||0|121772|967401|945464|806523|925551|1067903|866462|920938|901325|705542|705542|2240577|0||0|||1|0|00
2026|01|527010|015|08|WA|4719|EBA|01|51|1|994|001|CB|512212|019|A|0|0||0||||1|Uang Lembur Golongan III|57|ORG|2|JAM|8|HR|12|BLN|10944|OJ|30000|328320000||0|0|0||0|0|0|0||||0|0||||0|3577631|28422113|27777599|23695552|27192556|31374854|25456532|27057048|26480819|20728732|20728732|65827832|0||0|||1|0|00
2026|01|527010|015|08|WA|4719|EBA|01|51|1|994|001|CB|512212|019|A|0|0||0||||2|Uang Makan Lembur Golongan III|57|ORG|4|HR|12|BLN|0||2736|OH|37000|101232000||0|0|0||0|0|0|0||||0|0||||0|1103103|8763483|8564758|7306129|8384371|9673913|7849094|8342590|8164918|6391359|6391359|20296923|0||0|||1|0|00
2026|01|527010|015|08|WA|4719|EBA|01|51|1|007|100|EA|522191|019|A|0|0||0||||1|Belanja Jasa Sertifikasi|2|PKT|1|FREK|0||0||2|PKT|18160000|36320000||0|0|0||0|0|0|0||||0|0||||0|3026000|3026000|3026000|3026000|3026000|3026000|3026000|3026000|3026000|3026000|3026000|3034000|0||0|||1|0|00
2026|01|527010|015|08|WA|4719|EBA|01|51|1|004|100|AA|524111|019|A|0|0||0||||1| Uang Saku Harian|2|ORG|3|HR|1|LOK|0||6|OH|304000|1824000||0|0|0||0|0|0|0||||0|0||||0|182006|182006|182006|182006|182006|182006|182006|182006|182006|182006|3940|0|0||0|||1|0|00
2026|01|527010|015|08|WA|4719|EBA|01|51|1|004|100|AA|524111|019|A|0|0||0||||2|Transport|2|ORG|1|FREK|1|LOK|0||2|OF|4842000|9684000||0|0|0||0|0|0|0||||0|0||||0|966307|966307|966307|966307|966307|966307|966307|966307|966307|966307|20930|0|0||0|||1|0|00
2026|01|527010|015|08|WA|4719|EBA|01|51|1|004|100|AA|524111|019|A|0|0||0||||3|Akomodasi|2|ORG|2|HK|1|LOK|0||4|OH|701000|2804000||0|0|0||0|0|0|0||||0|0||||0|279794|279794|279794|279794|279794|279794|279794|279794|279794|279794|6060|0|0||0|||1|0|00
2026|01|527010|015|08|WA|4719|EBA|01|51|1|004|100|AB|521211|019|A|0|0||0||||1|KDM  Snack Rapat|20|ORG|2|FREK|0||0||40|OF|15125|605000||0|0|0||0|0|0|0||||0|0||||0|60369|60369|60369|60369|60369|60369|60369|60369|60369|60369|1310|0|0||0|||1|0|00
2026|01|527010|015|08|WA|4719|EBA|01|51|1|004|100|AB|521211|019|A|0|0||0||||2|KDM  Makan Rapat|20|ORG|2|FREK|0||0||40|OF|35900|1436000||0|0|0||0|0|0|0||||0|0||||0|143290|143290|143290|143290|143290|143290|143290|143290|143290|143290|3100|0|0||0|||1|0|00
2026|01|527010|015|08|WA|4719|EBA|01|51|1|004|100|AB|524111|019|A|0|0||0||||1|Akomodasi|2|ORG|2|HR|5|LOK|0||20|OH|960350|19207000||0|0|0||0|0|0|0||||0|0||||0|1916549|1916549|1916549|1916549|1916549|1916549|1916549|1916549|1916549|1916549|41510|0|0||0|||1|0|00
2026|01|527010|015|08|WA|4719|EBA|01|51|1|004|100|AB|524111|019|A|0|0||0||||2|Transport|2|ORG|1|FREK|5|LOK|0||10|OF|2693900|26939000||0|0|0||0|0|0|0||||0|0||||0|2688077|2688077|2688077|2688077|2688077|2688077|2688077|2688077|2688077|2688077|58230|0|0||0|||1|0|00
2026|01|527010|015|08|WA|4719|EBA|01|51|1|004|100|AB|524111|019|A|0|0||0||||3|Uang Saku Harian|2|ORG|3|HR|5|LOK|0||30|OH|535634|16069000||0|0|0||0|0|0|0||||0|0||||0|1603427|1603427|1603427|1603427|1603427|1603427|1603427|1603427|1603427|1603427|34730|0|0||0|||1|0|00
2026|01|527010|015|08|WA|4719|EBA|01|51|1|004|100|AC|522151|019|A|0|0||0||||1|Honor Narasumber/Pakar Praktisi/Profesional Kegiatan di Dalam Negeri|3|ORG|10|JAM|1|KEG|0||30|OJ|1550000|46500000||0|0|0||0|0|0|0|||45.01.01|0|0||||0|4639950|4639950|4639950|4639950|4639950|4639950|4639950|4639950|4639950|4639950|100500|0|0||0|||1|0|00
2026|01|527010|015|08|WA|4719|EBA|01|51|1|004|100|AC|522191|019|A|0|0||0||||1|Audit Surveillance ISO 90012015|1|PKT|1|KEG|0||0||1|PKT|200000000|200000000||0|0|0||0|0|0|0||||0|0||||0|10187932|10187932|10187932|10187932|10187932|10187932|10187932|10187932|10187932|10187932|220680|97900000|0||0|||1|0|00
2026|01|527010|015|08|WA|4719|EBA|01|51|1|004|100|AD|524111|019|A|0|0||0||||1|Akomodasi|1|ORG|1|HR|1|LOK|0||1|OH|1000|1000||0|0|0||0|0|0|0||||0|0||||0|100|100|100|100|100|100|100|100|100|100|0|0|0||0|||1|0|00
2026|01|527010|015|08|WA|4719|EBA|01|51|1|004|100|AD|524111|019|A|0|0||0||||2|Transport|1|ORG|1|FREK|1|LOK|0||1|OF|1000|1000||0|0|0||0|0|0|0||||0|0||||0|100|100|100|100|100|100|100|100|100|100|0|0|0||0|||1|0|00
2026|01|527010|015|08|WA|4719|EBA|01|51|1|004|100|AD|524111|019|A|0|0||0||||3|Uang Saku Harian|1|ORG|1|HR|1|LOK|0||1|OH|1000|1000||0|0|0||0|0|0|0||||0|0||||0|99|99|99|99|99|99|99|99|99|99|10|0|0||0|||1|0|00
2026|01|527010|015|08|WA|4719|EBC|01|51|1|001|100|BA|521211|019|A|0|0||0|01||1|1|Pelaksanaan Kegiatan Assessment Center|0||0||0||0||0||0|0||0|0|0||0|0|0|0||||0|0||||0|0|0|0|0|0|0|0|0|0|0|0|0|0||0|||1|0|00
2026|01|527010|015|08|WA|4719|EBC|01|51|1|001|100|BA|521211|019|A|0|0||0|01|||2|KDM  Makan Rapat|75|ORG|1|FREK|10|HARI|0||750|OHF|54000|40500000||0|0|0||0|0|0|0||||0|0||||0|4079312|4091330|4146373|4146373|2985966|2017835|1991943|1935862|244423|223042|224207|14413334|0||0|||1|0|00
2026|01|527010|015|08|WA|4719|EBC|01|51|1|001|100|BA|521211|019|A|0|0||0|01|||3|KDM  Snack Rapat|75|ORG|10|FREK|2|HARI|0||1500|OHF|24000|36000000||0|0|0||0|0|0|0||||0|0||||0|3626055|3636738|3685665|3685665|2654192|1793631|1770616|1720766|217264|198259|199295|12811854|0||0|||1|0|00
2026|01|527010|015|08|WA|4719|EBC|01|51|1|001|100|BA|521211|019|A|0|0||0|01|||4|CTK  Biaya Bahan Pendukung|55|UNIT|1|FREK|0||0||55|UF|674019|37071000||0|0|0||0|0|0|0||||0|0||||0|3733930|3744931|3795313|3795313|2733154|1846992|1823292|1771959|223728|204157|205224|13193007|0||0|||1|0|00
2026|01|527010|015|08|WA|4719|EBC|01|51|1|001|100|BA|521211|019|A|0|0||0|02||1|5|Pelaksanaan Kegiatan Perencanaan Strategis SDM|0||0||0||0||0||0|0||0|0|0||0|0|0|0||||0|0||||0|0|0|0|0|0|0|0|0|0|0|0|0|0||0|||1|0|00
2026|01|527010|015|08|WA|4719|EBC|01|51|1|001|100|BA|521211|019|A|0|0||0|02|||6|KDM  Makan Rapat|10|ORG|10|FREK|1|HARI|0||100|OHF|35910|3591000||0|0|0||0|0|0|0||||0|0||||0|361699|362765|367645|367645|264756|178915|176619|171646|21672|19776|19880|1277982|0||0|||1|0|00
2026|01|527010|015|08|WA|4719|EBC|01|51|1|001|100|BA|521211|019|A|0|0||0|02|||7|KDM  Snack Rapat|10|ORG|10|FREK|1|HARI|0||100|OHF|15120|1512000||0|0|0||0|0|0|0||||0|0||||0|152294|152743|154798|154798|111476|75333|74366|72272|9125|8327|8370|538098|0||0|||1|0|00
2026|01|527010|015|08|WA|4719|EBC|01|51|1|001|100|BA|522131|019|A|0|0||0||||1|1. Pengadaan Jasa Evaluasi Potensi Talent Tertentu|10|ORG|1|PKT|0||0||10|OP|412000|4120000||0|0|0||0|0|0|0||||0|0||||0|414982|416204|421804|421804|303757|205271|202637|196932|24865|22690|22808|1466246|0||0|||1|0|00
2026|01|527010|015|08|WA|4719|EBC|01|51|1|001|100|BA|522151|019|A|0|0||0|01||1|1|Pelaksanaan Kegiatan Assessment Center|0||0||0||0||0||0|0||0|0|0||0|0|0|0||||0|0||||0|0|0|0|0|0|0|0|0|0|0|0|0|0||0|||1|0|00
2026|01|527010|015|08|WA|4719|EBC|01|51|1|001|100|BA|522151|019|A|0|0||0|01|||2|1. Honorarium Associate Assessor Kegiatan ReAssessment Center|540|ORG|1|JAM|0||0||540|OJ|281450|151983000||0|0|0||0|0|0|0||||0|0||||0|15308297|15353399|15559955|15559955|11205334|7572263|7475098|7264645|917236|837000|841374|54088444|0||0|||1|0|00
2026|01|527010|015|08|WA|4719|EBC|01|51|1|001|100|BA|522151|019|A|0|0||0|01|||3|2. Honorarium Associate Assessor  Assessor Meeting|601|ORG|1|JAM|0||0||601|OJ|36000|21636000||0|0|0||0|0|0|0||||0|0||||0|2179259|2185680|2215085|2215085|1595169|1077972|1064140|1034181|130576|119154|119776|7699923|0||0|||1|0|00
2026|01|527010|015|08|WA|4719|EBC|01|51|1|001|100|BA|522151|019|A|0|0||0|02||1|4|Pelaksanaan Kegiatan Perencanaan Strategis SDM|0||0||0||0||0||0|0||0|0|0||0|0|0|0||||0|0||||0|0|0|0|0|0|0|0|0|0|0|0|0|0||0|||1|0|00
2026|01|527010|015|08|WA|4719|EBC|01|51|1|001|100|BA|522151|019|A|0|0||0|02|||5|Honorarium Narsum PFA, PSG, Peningkatan Kapasitas Pegawai Perempuan|0||0||0||0||30|OJ|1100000|33000000||0|0|0||0|0|0|0||||0|0||||0|3323884|3333677|3378526|3378526|2433009|1644162|1623065|1577369|199159|181738|182687|11744198|0||0|||1|0|00
2026|01|527010|015|08|WA|4719|EBC|01|51|1|001|100|BA|522151|019|A|0|0||0|02|||6|1. Honorarium Narasumber|4|ORG|5|FREK|1|JAM|0||20|OJ|545000|10900000||0|0|0||0|0|0|0||||0|0||||0|1097889|1101123|1115937|1115937|803630|543072|536103|521010|65783|60028|60342|3879146|0||0|||1|0|00
2026|01|527010|015|08|WA|4719|EBC|01|51|1|001|100|BA|524111|019|A|0|0||0|01||1|1|Pelaksanaan Kegiatan Perencanaan Strategis SDM|0||0||0||0||0||0|0||0|0|0||0|0|0|0||||0|0||||0|0|0|0|0|0|0|0|0|0|0|0|0|0||0|||1|0|00
2026|01|527010|015|08|WA|4719|EBC|01|51|1|001|100|BA|524111|019|A|0|0||0|01|||2|2. Biaya Uang Saku Program Perencanaan Strategis|2|ORG|5|FREK|1|HARI|0||10|OF|149800|1498000||0|0|0||0|0|0|0||||0|0||||0|150884|151329|153365|153365|110444|74635|73677|71603|9041|8250|8293|533114|0||0|||1|0|00
2026|01|527010|015|08|WA|4719|EBC|01|51|1|001|100|BB|521211|019|A|0|0||0|01||1|1|Pelaksanaan Kegiatan Manajemen Talenta|0||0||0||0||0||0|0||0|0|0||0|0|0|0||||0|0||||0|0|0|0|0|0|0|0|0|0|0|0|0|0||0|||1|0|00
2026|01|527010|015|08|WA|4719|EBC|01|51|1|001|100|BB|521211|019|A|0|0||0|01|||2|KDM  Makan Rapat|15|ORG|10|FREK|1|HARI|0||150|OF|54334|8150000||0|0|0||0|0|0|0||||0|0||||0|820899|823317|834394|834394|600879|406058|400848|389562|49186|44884|45118|2900461|0||0|||1|0|00
2026|01|527010|015|08|WA|4719|EBC|01|51|1|001|100|BB|521211|019|A|0|0||0|01|||3|KDM  Snack Rapat|15|ORG|10|FREK|2|HARI|0||300|OF|23645|7093000||0|0|0||0|0|0|0||||0|0||||0|714434|716538|726178|726178|522949|353395|348861|339039|42807|39063|39267|2524291|0||0|||1|0|00
2026|01|527010|015|08|WA|4719|EBC|01|51|1|001|100|BB|521211|019|A|0|0||0|01|||4|3. Biaya Bahan Pendukung|20|ORG|2|FREK|0||0||40|OF|102175|4087000||0|0|0||0|0|0|0||||0|0||||0|411658|412871|418425|418425|301324|203627|201014|195355|24666|22508|22626|1454501|0||0|||1|0|00
2026|01|527010|015|08|WA|4719|EBC|01|51|1|001|100|BB|521211|019|A|0|0||0|02||1|5|Pelaksanaan Kegiatan Treasury HR Forum|0||0||0||0||0||0|0||0|0|0||0|0|0|0||||0|0||||0|0|0|0|0|0|0|0|0|0|0|0|0|0||0|||1|0|00
2026|01|527010|015|08|WA|4719|EBC|01|51|1|001|100|BB|521211|019|A|0|0||0|02|||6|CTK  Biaya Bahan Pendukung Kegiatan HR Forum|20|ORG|1|FREK|0||0||20|OF|155000|3100000||0|0|0||0|0|0|0||||0|0||||0|312244|313164|317377|317377|228555|154452|152470|148177|18709|17072|17162|1103241|0||0|||1|0|00
2026|01|527010|015|08|WA|4719|EBC|01|51|1|001|100|BB|522151|019|A|0|0||0||||1|1. Honorarium Narasumber|2|ORG|2|FREK|2|JAM|0||8|OJ|337500|2700000||0|0|0||0|0|0|0||||0|0||||0|271954|272755|276425|276425|199064|134522|132796|129057|16295|14869|14947|960891|0||0|||1|0|00
2026|01|527010|015|08|WA|4719|EBC|01|51|1|001|100|BB|522191|019|A|0|0||0||||1|1. Biaya Jasa Lainnya Kegiatan Treasury HR Forum|1|PKT|1|FREK|0||0||1|PF|19901000|19901000||0|0|0||0|0|0|0||||0|0||||0|2004503|2010409|2037456|2037456|1467252|991529|978806|951249|120105|109599|110171|7082465|0||0|||1|0|00
2026|01|527010|015|08|WA|4719|EBC|01|51|1|001|100|BB|524111|019|A|0|0||0||||1|1. Biaya Transportasi Pelaksanaan Manajemen Talenta|3|ORG|4|FREK|0||0||12|OF|641250|7695000||0|0|0||0|0|0|0||||0|0||||0|775069|777353|787811|787811|567333|383389|378469|367814|46440|42378|42599|2738534|0||0|||1|0|00
2026|01|527010|015|08|WA|4719|EBC|01|51|1|001|100|BB|524111|019|A|0|0||0||||2|2. Biaya Uang Saku Pelaksanaan Manajemen Talenta|3|ORG|4|FREK|3|HARI|0||36|OF|267556|9632000||0|0|0||0|0|0|0||||0|0||||0|970171|973029|986120|986120|710144|479896|473738|460401|58130|53045|53322|3427884|0||0|||1|0|00
2026|01|527010|015|08|WA|4719|EBC|01|51|1|001|100|BB|524111|019|A|0|0||0||||3|3. Biaya Akomodasi Pelaksanaan Manajemen Talenta|3|ORG|4|FREK|2|MLM|0||24|OF|270460|6491000||0|0|0||0|0|0|0||||0|0||||0|653798|655724|664546|664546|478565|323402|319252|310264|39174|35747|35934|2310048|0||0|||1|0|00
2026|01|527010|015|08|WA|4719|EBC|01|51|1|001|100|BC|521211|019|A|0|0||0|01||1|1|Kegiatan Persiapan Penilaian KPPc dan PUG|0||0||0||0||0||0|0||0|0|0||0|0|0|0||||0|0||||0|0|0|0|0|0|0|0|0|0|0|0|0|0||0|||1|0|00
2026|01|527010|015|08|WA|4719|EBC|01|51|1|001|100|BC|521211|019|A|0|0||0|03|||10|KDM  Snack Rapat|25|ORG|2|FREK|10|HARI|0||500|UF|13860|6930000||0|0|0||0|0|0|0||||0|0||||0|698016|700072|709490|709490|510932|345274|340844|331248|41823|38165|38364|2466282|0||0|||1|0|00
2026|01|527010|015|08|WA|4719|EBC|01|51|1|001|100|BC|521211|019|A|0|0||0|04||1|11|Kegiatan Treasury Wellbeing Program|0||0||0||0||0||0|0||0|0|0||0|0|0|0||||0|0||||0|0|0|0|0|0|0|0|0|0|0|0|0|0||0|||1|0|00
2026|01|527010|015|08|WA|4719|EBC|01|51|1|001|100|BC|521211|019|A|0|0||0|04|||12|KDM  Makan Rapat|30|ORG|2|HARI|4|FREK|0||240|OF|35909|8618000||0|0|0||0|0|0|0||||0|0||||0|868037|870595|882307|882307|635384|429375|423866|411932|52011|47461|47709|3067016|0||0|||1|0|00
2026|01|527010|015|08|WA|4719|EBC|01|51|1|001|100|BC|521211|019|A|0|0||0|04|||13|KDM  Snack Rapat|30|ORG|2|HARI|4|FREK|0||240|OF|13859|3326000||0|0|0||0|0|0|0||||0|0||||0|335007|335994|340514|340514|245218|165712|163585|158980|20073|18317|18413|1183673|0||0|||1|0|00
2026|01|527010|015|08|WA|4719|EBC|01|51|1|001|100|BC|521211|019|A|0|0||0|05||1|14|Sharing Session Dukungan Pimpinan dan Keprotokolan|0||0||0||0||0||0|0||0|0|0||0|0|0|0||||0|0||||0|0|0|0|0|0|0|0|0|0|0|0|0|0||0|||1|0|00
2026|01|527010|015|08|WA|4719|EBC|01|51|1|001|100|BC|521211|019|A|0|0||0|05|||15|KDM  Makan Rapat|50|ORG|1|HARI|12|FREK|0||600|OF|35910|21546000||0|0|0||0|0|0|0||||0|0||||0|2170194|2176588|2205870|2205870|1588534|1073488|1059714|1029879|130033|118658|119278|7667894|0||0|||1|0|00
2026|01|527010|015|08|WA|4719|EBC|01|51|1|001|100|BC|521211|019|A|0|0||0|05|||16|KDM  Snack Rapat|50|ORG|1|HARI|12|FREK|0||600|OF|13860|8316000||0|0|0||0|0|0|0||||0|0||||0|837619|840086|851389|851389|613118|414329|409012|397497|50188|45798|46037|2959538|0||0|||1|0|00
2026|01|527010|015|08|WA|4719|EBC|01|51|1|001|100|BC|521211|019|A|0|0||0|06||1|17|Induksi dan Orientasi Peserta dan Panitia|0||0||0||0||0||0|0||0|0|0||0|0|0|0||||0|0||||0|0|0|0|0|0|0|0|0|0|0|0|0|0||0|||1|0|00
2026|01|527010|015|08|WA|4719|EBC|01|51|1|001|100|BC|521211|019|A|0|0||0|06|||18|KDM  Makan Rapat|50|ORG|1|HARI|12|FREK|0||600|OF|35910|21546000||0|0|0||0|0|0|0||||0|0||||0|2170194|2176588|2205870|2205870|1588534|1073488|1059714|1029879|130033|118658|119278|7667894|0||0|||1|0|00
2026|01|527010|015|08|WA|4719|EBC|01|51|1|001|100|BC|521211|019|A|0|0||0|06|||19|KDM  Snack Rapat|50|ORG|1|HARI|12|FREK|0||600|OF|13860|8316000||0|0|0||0|0|0|0||||0|0||||0|837619|840086|851389|851389|613118|414329|409012|397497|50188|45798|46037|2959538|0||0|||1|0|00
2026|01|527010|015|08|WA|4719|EBC|01|51|1|001|100|BC|521211|019|A|0|0||0|01|||2|KDM  Makan Rapat|20|ORG|1|FREK|0|0|0||20|OF|35900|718000||0|0|0||0|0|0|0||||0|0||||0|72320|72533|73509|73509|52936|35773|35314|34320|4333|3954|3975|255524|0||0|||1|0|00
2026|01|527010|015|08|WA|4719|EBC|01|51|1|001|100|BC|521211|019|A|0|0||0|07||1|20|Kegiatan Workshop Eksternal|0||0||0||0||0||0|0||0|0|0||0|0|0|0||||0|0||||0|0|0|0|0|0|0|0|0|0|0|0|0|0||0|||1|0|00
2026|01|527010|015|08|WA|4719|EBC|01|51|1|001|100|BC|521211|019|A|0|0||0|07|||21|CTK  Bahan Dukung Kegiatan Workshop Eksternal|12|UNIT|1|FREK|0||0||12|UF|157500|1890000||0|0|0||0|0|0|0||||0|0||||0|190368|190929|193497|193497|139345|94166|92957|90340|11406|10409|10463|672623|0||0|||1|0|00
2026|01|527010|015|08|WA|4719|EBC|01|51|1|001|100|BC|521211|019|A|0|0||0|01|||3|KDM  Snack Rapat|20|ORG|1|FREK|0|0|0||20|OF|15100|302000||0|0|0||0|0|0|0||||0|0||||0|30419|30508|30919|30919|22266|15047|14854|14435|1823|1663|1672|107475|0||0|||1|0|00
2026|01|527010|015|08|WA|4719|EBC|01|51|1|001|100|BC|521211|019|A|0|0||0|02||1|4|Kegiatan TLounge dan BiOn SDM|0||0||0||0||0||0|0||0|0|0||0|0|0|0||||0|0||||0|0|0|0|0|0|0|0|0|0|0|0|0|0||0|||1|0|00
2026|01|527010|015|08|WA|4719|EBC|01|51|1|001|100|BC|521211|019|A|0|0||0|02|||5|KDM  Makan Rapat|30|ORG|5|FREK|0|0|0||150|OF|35907|5386000||0|0|0||0|0|0|0||||0|0||||0|542498|544096|551416|551416|397097|268347|264904|257446|32505|29662|29817|1916796|0||0|||1|0|00
2026|01|527010|015|08|WA|4719|EBC|01|51|1|001|100|BC|521211|019|A|0|0||0|02|||6|KDM  Snack Rapat|30|ORG|5|FREK|0|0|0||150|OF|15120|2268000||0|0|0||0|0|0|0||||0|0||||0|228441|229114|232197|232197|167214|112999|111549|108408|13688|12490|12556|807147|0||0|||1|0|00
2026|01|527010|015|08|WA|4719|EBC|01|51|1|001|100|BC|521211|019|A|0|0||0|02|||7|CTK  Bahan Dukung Kegiatan TLounge dan BiOn SDM|2|UNIT|5|FREK|0||0||10|UF|346500|3465000||0|0|0||0|0|0|0||||0|0||||0|349008|350036|354745|354745|255466|172637|170422|165624|20912|19082|19182|1233141|0||0|||1|0|00
2026|01|527010|015|08|WA|4719|EBC|01|51|1|001|100|BC|521211|019|A|0|0||0|03||1|8|Workshop ISO|0||0||0||0||0||0|0||0|0|0||0|0|0|0||||0|0||||0|0|0|0|0|0|0|0|0|0|0|0|0|0||0|||1|0|00
2026|01|527010|015|08|WA|4719|EBC|01|51|1|001|100|BC|521211|019|A|0|0||0|03|||9|KDM  Makan Rapat|25|ORG|2|FREK|10|HARI|0||500|UF|35910|17955000||0|0|0||0|0|0|0||||0|0||||0|1808495|1813823|1838225|1838225|1323778|894574|883095|858232|108361|98882|99398|6389912|0||0|||1|0|00
2026|01|527010|015|08|WA|4719|EBC|01|51|1|001|100|BC|522151|019|A|0|0||0||||1|Honor Narasumber Kegiatan Treasury Wellbeing Program|7|ORG|2|JAM|2|FREK|0||28|OJ|700000|19600000||0|0|0||0|0|0|0||||0|0||||0|1974185|1980002|2006640|2006640|1445060|976533|964002|936862|118288|107941|108505|6975342|0||0|||1|0|00
2026|01|527010|015|08|WA|4719|EBC|01|51|1|001|100|BC|522151|019|A|0|0||0||||2|Honor Pelatihan|12|ORG|2|JAM|0||0||24|OJ|500000|12000000||0|0|0||0|0|0|0||||0|0||||0|1208685|1212246|1228555|1228555|884731|597877|590205|573589|72421|66086|66432|4270618|0||0|||1|0|00
2026|01|527010|015|08|WA|4719|EBC|01|51|1|001|100|BC|522191|019|A|0|0||0||||1|Biaya Jasa Provider Program Induksi dan Orientasi|1|PKT|1|FREK|0||0||1|PF|58954000|58954000||0|0|0||0|0|0|0||||0|0||||0|5938068|5955563|6035686|6035686|4346534|2937270|2899581|2817946|355795|324671|326368|20980832|0||0|||1|0|00
2026|01|527010|015|08|WA|4719|EBC|01|51|1|001|100|BC|522191|019|A|0|0||0||||2|Biaya Jasa Provider Pembekalan Pejabat Administrator dan Pengawas|1|PKT|1|FREK|0||0||1|PF|740000|740000||0|0|0||0|0|0|0||||0|0||||0|74536|74755|75761|75761|54558|36869|36396|35371|4466|4075|4097|263355|0||0|||1|0|00
2026|01|527010|015|08|WA|4719|EBC|01|51|1|001|100|BC|522191|019|A|0|0||0||||3|Biaya Jasa Provider Kegiatan Treasury Wellbeing Program|1|PKT|1|FREK|0||0||1|PF|200000000|200000000||0|0|0||0|0|0|0||||0|0||||0|20144749|20204100|20475916|20475916|14745509|9964618|9836756|9559813|1207025|1101440|1107194|71176964|0||0|||1|0|00
2026|01|527010|015|08|WA|4719|EBC|01|51|1|001|100|BC|524111|019|A|0|0||0|01||1|1|Pelatihan, Pembelajaran, dan Diklat Pegawai|0||0||0||0||0||0|0||0|0|0||0|0|0|0||||0|0||||0|0|0|0|0|0|0|0|0|0|0|0|0|0||0|||1|0|00
2026|01|527010|015|08|WA|4719|EBC|01|51|1|001|100|BC|524111|019|A|0|0||0|02|||10|29. Uang Saku dalam rangka Implementasi Learning Organization|30|ORG|1|FREK|3|HARI|0||90|OF|98223|8840000||0|0|0||0|0|0|0||||0|0||||0|890398|893021|905035|905035|651752|440436|434785|422544|53350|48684|48938|3146022|0||0|||1|0|00
2026|01|527010|015|08|WA|4719|EBC|01|51|1|001|100|BC|524111|019|A|0|0||0|03||1|11|Kegiatan Service Excellent|0||0||0||0||0||0|0||0|0|0||0|0|0|0||||0|0||||0|0|0|0|0|0|0|0|0|0|0|0|0|0||0|||1|0|00
2026|01|527010|015|08|WA|4719|EBC|01|51|1|001|100|BC|524111|019|A|0|0||0|03|||12|31. Transport dalam rangka Kegiatan Service Excellent|15|ORG|1|FREK|0||0||15|OF|282267|4234000||0|0|0||0|0|0|0||||0|0||||0|426464|427721|433475|433475|312162|210951|208244|202381|25553|23317|23439|1506818|0||0|||1|0|00
2026|01|527010|015|08|WA|4719|EBC|01|51|1|001|100|BC|524111|019|A|0|0||0|03|||13|32. Uang Saku dalam rangka Kegiatan Service Excellent|15|ORG|1|FREK|3|HARI|0||45|OF|73156|3292000||0|0|0||0|0|0|0||||0|0||||0|331583|332559|337034|337034|242711|164018|161913|157355|19868|18130|18224|1171571|0||0|||1|0|00
2026|01|527010|015|08|WA|4719|EBC|01|51|1|001|100|BC|524111|019|A|0|0||0|04||1|14|Pelatihan Bela Negara CPNS|0||0||0||0||0||0|0||0|0|0||0|0|0|0||||0|0||||0|0|0|0|0|0|0|0|0|0|0|0|0|0||0|||1|0|00
2026|01|527010|015|08|WA|4719|EBC|01|51|1|001|100|BC|524111|019|A|0|0||0|04|||15|1. Biaya Perjalanan Dinas Bela Negara CPNS|17|ORG|1|FREK|0||0||17|OF|170000|2890000||0|0|0||0|0|0|0||||0|0||||0|291092|291949|295877|295877|213073|143989|142141|138139|17442|15916|15999|1028506|0||0|||1|0|00
2026|01|527010|015|08|WA|4719|EBC|01|51|1|001|100|BC|524111|019|A|0|0||0|04|||16|2. Biaya Uang Saku Peserta Pelatihan Bela Negara CPNS|17|ORG|5|HR|0||0||85|OH|104000|8840000||0|0|0||0|0|0|0||||0|0||||0|890398|893021|905035|905035|651752|440436|434785|422544|53350|48684|48938|3146022|0||0|||1|0|00
2026|01|527010|015|08|WA|4719|EBC|01|51|1|001|100|BC|524111|019|A|0|0||0|05||1|17|Pengembangan Kompetensi Berbasis Komunitas|0||0||0||0||0||0|0||0|0|0||0|0|0|0||||0|0||||0|0|0|0|0|0|0|0|0|0|0|0|0|0||0|||1|0|00
2026|01|527010|015|08|WA|4719|EBC|01|51|1|001|100|BC|524111|019|A|0|0||0|05|||18|1. Biaya Perjalanan Dinas Peserta Pengembangan Kompetensi Berbasis Komunitas|40|ORG|1|FREK|0||0||40|OF|941950|37678000||0|0|0||0|0|0|0||||0|0||||0|3795069|3806250|3857458|3857458|2777906|1877234|1853146|1800973|227391|207500|208584|13409031|0||0|||1|0|00
2026|01|527010|015|08|WA|4719|EBC|01|51|1|001|100|BC|524111|019|A|0|0||0|05|||19|2. Biaya Uang Saku Peserta Pengembangan Kompetensi Berbasis Komunitas|40|ORG|5|HR|0||0||200|OH|23725|4745000||0|0|0||0|0|0|0||||0|0||||0|477934|479342|485791|485791|349837|236411|233377|226807|28637|26132|26268|1688673|0||0|||1|0|00
2026|01|527010|015|08|WA|4719|EBC|01|51|1|001|100|BC|524111|019|A|0|0||0|01|||2|8. Biaya Uang Saku Peserta Pembelajaran Asistensi Pembinaan BLUD|25|ORG|5|HARI|0||0||125|OH|19952|2494000||0|0|0||0|0|0|0||||0|0||||0|251205|251945|255335|255335|183876|124259|122664|119211|15052|13735|13807|887576|0||0|||1|0|00
2026|01|527010|015|08|WA|4719|EBC|01|51|1|001|100|BC|524111|019|A|0|0||0|06||1|20|Pelatihan Kepemimpinan dan Pelatihan Dasar CPNS, PTUD Plus|0||0||0||0||0||0|0||0|0|0||0|0|0|0||||0|0||||0|0|0|0|0|0|0|0|0|0|0|0|0|0||0|||1|0|00
2026|01|527010|015|08|WA|4719|EBC|01|51|1|001|100|BC|524111|019|A|0|0||0|06|||21|Uang Harian DIklat|0||0||0||0||600|OH|129050|77430000||0|0|0||0|0|0|0||||0|0||||0|7799040|7822017|7927251|7927251|5708724|3857802|3808300|3701081|467300|426422|428650|27556162|0||0|||1|0|00
2026|01|527010|015|08|WA|4719|EBC|01|51|1|001|100|BC|524111|019|A|0|0||0|01|||3|Transport luar Jakarta Pelatihan Komcad|8|ORG|2|FREK|0||0||16|OF|6300000|100800000||0|0|0||0|0|0|0||||0|0||||0|10152954|10182867|10319862|10319862|7431737|5022167|4957725|4818146|608340|555126|558026|35873188|0||0|||1|0|00
2026|01|527010|015|08|WA|4719|EBC|01|51|1|001|100|BC|524111|019|A|0|0||0|01|||4|Transport Taxi Pelatihan Komcad|8|ORG|2|HARI|0||0||16|OH|500000|8000000||0|0|0||0|0|0|0||||0|0||||0|805790|808164|819037|819037|589820|398585|393470|382393|48281|44058|44288|2847077|0||0|||1|0|00
2026|01|527010|015|08|WA|4719|EBC|01|51|1|001|100|BC|524111|019|A|0|0||0|01|||5|Uang harian Pelatihan Komcad|8|ORG|2|FREK|0||0||16|OF|424000|6784000||0|0|0||0|0|0|0||||0|0||||0|683310|685323|694543|694543|500168|338000|333663|324269|40942|37361|37556|2414322|0||0|||1|0|00
2026|01|527010|015|08|WA|4719|EBC|01|51|1|001|100|BC|524111|019|A|0|0||0|01|||6|transport luar Jakarta Pelatihan Spending Review|34|ORG|1|HARI|0||0||34|OH|5914971|201109000||0|0|0||0|0|0|0||||0|0||||0|20256452|20316132|20589455|20589455|14827273|10019872|9891301|9612822|1213718|1107547|1113334|71571639|0||0|||1|0|00
2026|01|527010|015|08|WA|4719|EBC|01|51|1|001|100|BC|524111|019|A|0|0||0|01|||7|transport taxi Pelatihan Spending Review|34|ORG|1|FREK|0||0||34|OF|545000|18530000||0|0|0||0|0|0|0||||0|0||||0|1866411|1871910|1897094|1897094|1366171|923222|911375|885717|111831|102048|102582|6594545|0||0|||1|0|00
2026|01|527010|015|08|WA|4719|EBC|01|51|1|001|100|BC|524111|019|A|0|0||0|01|||8|Uang harian Pelatihan Spending Review|34|ORG|5|HARI|0||0||170|OF|128000|21760000||0|0|0||0|0|0|0||||0|0||||0|2191749|2198206|2227780|2227780|1604311|1084150|1070239|1040108|131324|119837|120463|7744053|0||0|||1|0|00
2026|01|527010|015|08|WA|4719|EBC|01|51|1|001|100|BC|524111|019|A|0|0||0|02||1|9|Implementasi Learning Organization|0||0||0||0||0||0|0||0|0|0||0|0|0|0||||0|0||||0|0|0|0|0|0|0|0|0|0|0|0|0|0||0|||1|0|00
2026|01|527010|015|08|WA|4719|EBC|01|51|1|001|100|BC|524113|019|A|0|0||0|01||1|1|Bimtek Pengembangan Kompetensi|0||0||0||0||0||0|0||0|0|0||0|0|0|0||||0|0||||0|0|0|0|0|0|0|0|0|0|0|0|0|0||0|||1|0|00
2026|01|527010|015|08|WA|4719|EBC|01|51|1|001|100|BC|524113|019|A|0|0||0|01|||2|2. Uang saku Peserta Bimtek Peningkatan Kompetensi|250|ORG|1|FREK|5|HARI|0||1250|OF|136|170000||0|0|0||0|0|0|0||||0|0||||0|17123|17173|17405|17405|12534|8470|8361|8126|1026|936|941|60500|0||0|||1|0|00
2026|01|527010|015|08|WA|4719|EBC|01|51|1|001|100|BC|524113|019|A|0|0||0|02||1|3|Pelatihan Penguatan Karakter 2025|0||0||0||0||0||0|0||0|0|0||0|0|0|0||||0|0||||0|0|0|0|0|0|0|0|0|0|0|0|0|0||0|||1|0|00
2026|01|527010|015|08|WA|4719|EBC|01|51|1|001|100|BC|524113|019|A|0|0||0|02|||4|Biaya Perjalanan Dinas Pelatihan Komcad|18|ORG|1|FREK|0||0||18|OF|170000|3060000||0|0|0||0|0|0|0||||0|0||||0|308215|309123|313282|313282|225606|152459|150502|146265|18467|16852|16940|1089007|0||0|||1|0|00
2026|01|527010|015|08|WA|4719|EBC|01|51|1|001|100|BC|524113|019|A|0|0||0|02|||5|Biaya Uang Saku Perjalanan Dinas Pelatihan Komcad|18|ORG|5|HARI|0||0||90|OH|128000|11520000||0|0|0||0|0|0|0||||0|0||||0|1160338|1163756|1179413|1179413|849341|573962|566597|550645|69525|63443|63774|4099793|0||0|||1|0|00
2026|01|527010|015|08|WA|4719|EBC|01|51|1|001|100|BC|524113|019|A|0|0||0|03||1|6|Ujian Dinas (UD) Tahun 2025|0||0||0||0||0||0|0||0|0|0||0|0|0|0||||0|0||||0|0|0|0|0|0|0|0|0|0|0|0|0|0||0|||1|0|00
2026|01|527010|015|08|WA|4719|EBC|01|51|1|001|100|BC|524113|019|A|0|0||0|03|||7|1. Biaya Perjalanan Dinas Peserta Ujian Dinas Tahun 2025|40|ORG|1|FREK|0||0||40|OF|12750|510000||0|0|0||0|0|0|0||||0|0||||0|51369|51520|52214|52214|37601|25410|25084|24378|3078|2809|2823|181500|0||0|||1|0|00
2026|01|527010|015|08|WA|4719|EBC|01|51|1|001|100|BC|524113|019|A|0|0||0|04||1|8|Perjadin Ke BPPK 2026|0||0||0||0||0||0|0||0|0|0||0|0|0|0||||0|0||||0|0|0|0|0|0|0|0|0|0|0|0|0|0||0|||1|0|00
2026|01|527010|015|08|WA|4719|EBC|01|51|1|001|100|BC|524113|019|A|0|0||0|04|||9|Perjadin Ke BPPK 2026|42|ORG|1|FREK|0||0||42|OF|170000|7140000||0|0|0||0|0|0|0||||0|0||||0|719168|721286|730990|730990|526415|355737|351172|341285|43091|39321|39527|2541018|0||0|||1|0|00
2026|01|527010|015|08|WA|4719|EBC|01|51|1|001|100|BC|524114|019|A|0|0||0|01||1|1| Kegiatan Sosialisasi Learning Organization|0||0||0||0||0||0|0||0|0|0||0|0|0|0||||0|0||||0|0|0|0|0|0|0|0|0|0|0|0|0|0||0|||1|0|00
2026|01|527010|015|08|WA|4719|EBC|01|51|1|001|100|BC|524114|019|A|0|0||0|01|||2|1. Transport Panitia dan Peserta Kegiatan Sosialisasi Learning Organization|10|ORG|1|FREK|0||0||10|OF'|130000|1300000||0|0|0||0|0|0|0||||0|0||||0|130941|131327|133093|133093|95846|64770|63939|62139|7846|7159|7197|462650|0||0|||1|0|00
2026|01|527010|015|08|WA|4719|EBC|01|51|1|001|100|BC|524114|019|A|0|0||0|01|||3|2. Uang Saku Panitia dan Peserta Kegiatan Sosialisasi Learning Organization|10|ORG|1|FREK|3|HARI|0||30|OF|71000|2130000||0|0|0||0|0|0|0||||0|0||||0|214542|215174|218069|218069|157040|106123|104761|101812|12855|11730|11792|758033|0||0|||1|0|00
2026|01|527010|015|08|WA|4719|EBC|01|51|1|001|100|BC|524114|019|A|0|0||0|01|||4|3. Akomodasi Panitia dan Peserta Kegiatan Sosialisasi Learning Organization|10|ORG|1|FREK|2|HARI|0||20|OF|301450|6029000||0|0|0||0|0|0|0||||0|0||||0|607263|609053|617246|617246|444503|300383|296529|288181|36386|33203|33376|2145631|0||0|||1|0|00
2026|01|527010|015|08|WA|4719|EBC|01|51|1|001|100|CA|521211|019|A|0|0||0||||1|KDM  Makan Rapat|30|ORG|4|FR|0||0||120|OK|50000|6000000||0|0|0||0|0|0|0||||0|0||||0|604342|606123|614277|614277|442365|298939|295103|286794|36211|33043|33216|2135310|0||0|||1|0|00
2026|01|527010|015|08|WA|4719|EBC|01|51|1|001|100|CA|521211|019|A|0|0||0||||2|KDM  Snack Rapat|30|ORG|4|FR|0||0||120|OK|20975|2517000||0|0|0||0|0|0|0||||0|0||||0|253522|254269|257689|257689|185572|125405|123796|120310|15190|13862|13934|895762|0||0|||1|0|00
2026|01|527010|015|08|WA|4719|EBC|01|51|1|001|100|CA|524114|019|A|0|0||0||||1|Akomodasi|25|ORG|2|HR|0|FR|0||50|OH|949460|47473000||0|0|0||0|0|0|0||||0|0||||0|4781658|4795746|4860266|4860266|3500068|2365252|2334902|2269165|286505|261443|262809|16894920|0||0|||1|0|00
2026|01|527010|015|08|WA|4719|EBC|01|51|1|001|100|CA|524114|019|A|0|0||0||||2|Uang Harian|25|ORG|2|HR|1|FR|0||50|OH|130000|6500000||0|0|0||0|0|0|0||||0|0||||0|654704|656633|665467|665467|479229|323850|319695|310694|39228|35797|35984|2313252|0||0|||1|0|00
2026|01|527010|015|08|WA|4719|EBC|01|51|1|001|100|CA|524114|019|A|0|0||0||||3|Transport Peserta Daerah|25|ORG|2|FR|0||0||50|OK|2024000|101200000||0|0|0||0|0|0|0||||0|0||||0|10193243|10223275|10360813|10360813|7461228|5042097|4977398|4837265|610755|557328|560240|36015545|0||0|||1|0|00
2026|01|527010|015|08|WA|4719|EBC|01|51|1|001|100|DA|522151|019|A|0|0||0||||1|Honor narasumber dari KL lain|5|ORG|2|JAM|2|FR|0||20|OJ|720000|14400000||0|0|0||0|0|0|0||||0|0||||0|1450422|1454695|1474266|1474266|1061677|717452|708246|688307|86906|79304|79718|5124741|0||0|||1|0|00
2026|01|527010|015|08|WA|4719|EBC|01|51|1|001|100|DC|521219|019|A|0|0||0||||1|Dukungan kegiatan lomba karya media|0||0||0||0||1|PKT|2817000|2817000||0|0|0||0|0|0|0||||0|0||||0|283739|284575|288403|288403|207690|140352|138551|134650|17001|15514|15595|1002527|0||0|||1|0|00
2026|01|527010|015|08|WA|4719|EBC|01|51|1|001|100|IA|522191|019|A|0|0||0||||1|Jasa Penyelenggaraan|85|ORG|2|FR|0||0||170|OF|279277|47477000||0|0|0||0|0|0|0||||0|0||||0|4782061|4796150|4860675|4860675|3500363|2365451|2335098|2269356|286530|261465|262831|16896345|0||0|||1|0|00
2026|01|527010|015|08|WA|4719|EBC|01|51|1|001|100|OB|521211|019|A|0|0||0||||1|KDM  Makan Rapat|120|ORG|3|HR|3|KEG|0||1080|OK|53912|58224000||0|0|0||0|0|0|0||||0|0||||0|5864539|5881818|5960949|5960949|4292713|2900900|2863676|2783053|351389|320651|322326|20721037|0||0|||1|0|00
2026|01|527010|015|08|WA|4719|EBC|01|51|1|001|100|OB|521211|019|A|0|0||0||||2|KDM  Snack Rapat|120|ORG|3|KEG|3|HR|0||1080|OK|20368|21997000||0|0|0||0|0|0|0||||0|0||||0|2215620|2222148|2252044|2252044|1621785|1095959|1081896|1051436|132755|121142|121775|7828396|0||0|||1|0|00
2026|01|527010|015|08|WA|4719|EBC|01|51|1|001|100|OD|521211|019|A|0|0||0||||1|KDM  Makan Rapat|20|ORG|1|HR|4|KEG|0||80|OK|27850|2228000||0|0|0||0|0|0|0||||0|0||||0|224413|225074|228102|228102|164265|111006|109581|106496|13446|12270|12334|792911|0||0|||1|0|00
2026|01|527010|015|08|WA|4719|EBC|01|51|1|001|100|OD|521211|019|A|0|0||0||||2|KDM  Snack Rapat|40|ORG|2|KEG|1|HR|0||80|OK|45138|3611000||0|0|0||0|0|0|0||||0|0||||0|363713|364785|369693|369693|266230|179911|177603|172602|21793|19886|19990|1285101|0||0|||1|0|00
2026|01|527010|015|08|WA|4719|EBC|01|51|1|001|100|OE|524113|019|A|0|0||0||||1|Transport Dalam Kota|3|ORG|8|KEG|0||0||24|OK|116250|2790000||0|0|0||0|0|0|0||||0|0||||0|281019|281847|285639|285639|205700|139006|137223|133359|16838|15365|15445|992920|0||0|||1|0|00
2026|01|527010|015|08|WA|4719|EBC|01|51|1|001|100|OE|524113|019|A|0|0||0||||2|Uang Harian Dalam Kota Lebih Dari 8 Jam|3|ORG|8|KEG|1|HR|0||24|OH|130167|3124000||0|0|0||0|0|0|0||||0|0||||0|314661|315588|319834|319834|230325|155647|153650|149324|18854|17204|17294|1111785|0||0|||1|0|00
2026|01|527010|015|08|WA|4719|EBC|01|51|1|001|100|XB|522191|019|A|0|0||0||||1|Pengembangan Kompetensi SDM TIK DJPb|50|ORG|0||0||0||50|PKT|2000000|100000000||0|0|0||0|0|0|0||||0|0||||0|10072375|10102050|10237958|10237958|7372755|4982309|4918378|4779906|603512|550720|553597|35588482|0||0|||1|0|00
2026|01|527010|015|08|WA|4719|EBC|01|51|1|001|100|XB|524113|019|A|0|0||0||||1|Transport Dalam Kota|2|ORG|3|HR|2|FR|1|LOK|12|OF|141667|1700000||0|0|0||0|0|0|0||||0|0||||0|171230|171735|174045|174045|125337|84699|83612|81258|10260|9362|9411|605006|0||0|||1|0|00
2026|01|527010|015|08|WA|4719|EBC|01|51|1|001|100|XB|524113|019|A|0|0||0||||2|Uang Harian|2|ORG|3|HR|2|FR|1|LOK|12|OH|140000|1680000||0|0|0||0|0|0|0||||0|0||||0|169214|169714|171995|171995|123862|83699|82629|80300|10136|9252|9300|597904|0||0|||1|0|00
2026|01|527010|015|08|WA|4719|EBC|01|51|1|004|100|AA|521211|019|A|0|0||0||||1|KDM  Snack Rapat|5|ORG|1|FREK|0||0||5|OF|15200|76000||0|0|0||0|0|0|0||||0|0||||0|6000|6000|6000|6000|6000|6000|6000|6000|6000|6000|6000|10000|0||0|||1|0|00
2026|01|527010|015|08|WA|4719|EBC|01|51|1|004|100|AA|521211|019|A|0|0||0||||2|KDM  Makan Rapat|5|ORG|1|FREK|0||0||5|OF|36000|180000||0|0|0||0|0|0|0||||0|0||||0|15000|15000|15000|15000|15000|15000|15000|15000|15000|15000|15000|15000|0||0|||1|0|00
2026|01|527010|015|08|WA|4719|EBC|01|51|1|004|100|BA|521211|019|A|0|0||0||||1|KDM  Makan Rapat|20|ORG|10|FREK|1|HARI|0||200|OF|33390|6678000||0|0|0||0|0|0|0||||0|0||||0|556000|556000|556000|556000|556000|556000|556000|556000|556000|556000|556000|562000|0||0|||1|0|00
2026|01|527010|015|08|WA|4719|EBC|01|51|1|004|100|BA|521211|019|A|0|0||0||||2|KDM  Snack Rapat|20|ORG|10|FREK|1|HARI|0||200|OF|13860|2772000||0|0|0||0|0|0|0||||0|0||||0|231000|231000|231000|231000|231000|231000|231000|231000|231000|231000|231000|231000|0||0|||1|0|00
2026|01|527010|015|08|WA|4719|EBC|01|51|1|003|100|BA|521211|019|A|0|0||0|01||1|1|Rapat Koordinasi Penyelesaian Usul Kenaikan Pangkat|0||0||0||0||0||0|0||0|0|0||0|0|0|0||||0|0||||0|0|0|0|0|0|0|0|0|0|0|0|0|0||0|||1|0|00
2026|01|527010|015|08|WA|4719|EBC|01|51|1|003|100|BA|521211|019|A|0|0||0|04||1|10|Rapat Koordinasi Penyelesaian Pensiun|0||0||0||0||0||0|0||0|0|0||0|0|0|0||||0|0||||0|0|0|0|0|0|0|0|0|0|0|0|0|0||0|||1|0|00
2026|01|527010|015|08|WA|4719|EBC|01|51|1|003|100|BA|521211|019|A|0|0||0|04|||11|KDM  Makan Rapat|10|ORG|1|HARI|1|FREK|0||10|OF|34600|346000||0|0|0||0|0|0|0||||0|0||||0|23575|23575|23575|14997|10221|7954|23084|22696|22696|21320|11810|140497|0||0|||1|0|00
2026|01|527010|015|08|WA|4719|EBC|01|51|1|003|100|BA|521211|019|A|0|0||0|04|||12|KDM  Snack Rapat|10|ORG|1|HARI|1|FREK|0||10|OF|13900|139000||0|0|0||0|0|0|0||||0|0||||0|9471|9471|9471|6025|4106|3195|9274|9118|9118|8565|4744|56442|0||0|||1|0|00
2026|01|527010|015|08|WA|4719|EBC|01|51|1|003|100|BA|521211|019|A|0|0||0|05||1|13|Pelantikan dan Pengambilan Sumpah Jabatan|0||0||0||0||0||0|0||0|0|0||0|0|0|0||||0|0||||0|0|0|0|0|0|0|0|0|0|0|0|0|0||0|||1|0|00
2026|01|527010|015|08|WA|4719|EBC|01|51|1|003|100|BA|521211|019|A|0|0||0|05|||14|KDM  Makan Rapat|20|ORG|7|FREK|0||0||140|OF|50000|7000000||0|0|0||0|0|0|0||||0|0||||0|476942|476942|476942|303401|206774|160919|467024|459161|459161|431336|238930|2842468|0||0|||1|0|00
2026|01|527010|015|08|WA|4719|EBC|01|51|1|003|100|BA|521211|019|A|0|0||0|05|||15|KDM  Snack Rapat|20|ORG|7|FREK|0||0||140|OF|25000|3500000||0|0|0||0|0|0|0||||0|0||||0|238471|238471|238471|151701|103387|80459|233512|229581|229581|215668|119465|1421233|0||0|||1|0|00
2026|01|527010|015|08|WA|4719|EBC|01|51|1|003|100|BA|521211|019|A|0|0||0|05|||16|CTK  Belanja Bahan Sumpah dan Pelantikan Jabatan|20|ORG|4|FREK|0||0||80|OF|5000|400000||0|0|0||0|0|0|0||||0|0||||0|27254|27254|27254|17337|11816|9195|26687|26238|26238|24648|13653|162426|0||0|||1|0|00
2026|01|527010|015|08|WA|4719|EBC|01|51|1|003|100|BA|521211|019|A|0|0||0|06||1|17|Sosialisasi dan Monitoring Implementasi Human Resources Information System|0||0||0||0||0||0|0||0|0|0||0|0|0|0||||0|0||||0|0|0|0|0|0|0|0|0|0|0|0|0|0||0|||1|0|00
2026|01|527010|015|08|WA|4719|EBC|01|51|1|003|100|BA|521211|019|A|0|0||0|06|||18|KDM  biaya Konsumsi Makan Sosialisasi  Monitoring Implementasi Office Automation|10|ORG|5|LOK|1|HARI|0||50|OF|34640|1732000||0|0|0||0|0|0|0||||0|0||||0|118009|118009|118009|75070|51162|39816|115555|113610|113610|106725|59118|703307|0||0|||1|0|00
2026|01|527010|015|08|WA|4719|EBC|01|51|1|003|100|BA|521211|019|A|0|0||0|06|||19|KDM  Biaya Konsumsi Snack Sosialisasi  Monitoring Implementasi Office Automation|10|ORG|5|LOK|1|HARI|0||50|OF|13860|693000||0|0|0||0|0|0|0||||0|0||||0|47217|47217|47217|30037|20471|15931|46235|45457|45457|42702|23654|281405|0||0|||1|0|00
2026|01|527010|015|08|WA|4719|EBC|01|51|1|003|100|BA|521211|019|A|0|0||0|01|||2|KDM  Makan Rapat|10|ORG|2|HARI|2|FREK|0||40|OF|34650|1386000||0|0|0||0|0|0|0||||0|0||||0|94435|94435|94435|60073|40941|31862|92471|90914|90914|85405|47308|562807|0||0|||1|0|00
2026|01|527010|015|08|WA|4719|EBC|01|51|1|003|100|BA|521211|019|A|0|0||0|01|||3|KDM  Snack Rapat|10|ORG|2|HARI|2|FREK|0||40|OF|13850|554000||0|0|0||0|0|0|0||||0|0||||0|37747|37747|37747|24012|16365|12736|36962|36339|36339|34137|18910|224959|0||0|||1|0|00
2026|01|527010|015|08|WA|4719|EBC|01|51|1|003|100|BA|521211|019|A|0|0||0|02||1|4|Rapat Koordinasi Penyelesaian Penghargaan SLKS|0||0||0||0||0||0|0||0|0|0||0|0|0|0||||0|0||||0|0|0|0|0|0|0|0|0|0|0|0|0|0||0|||1|0|00
2026|01|527010|015|08|WA|4719|EBC|01|51|1|003|100|BA|521211|019|A|0|0||0|02|||5|KDM  Makan Rapat|10|ORG|2|HARI|1|FREK|0||20|OF|13850|277000||0|0|0||0|0|0|0||||0|0||||0|18873|18873|18873|12006|8182|6368|18481|18170|18170|17069|9455|112480|0||0|||1|0|00
2026|01|527010|015|08|WA|4719|EBC|01|51|1|003|100|BA|521211|019|A|0|0||0|02|||6|KDM  Snack Rapat|10|ORG|2|HARI|1|FREK|0||20|OF|13850|277000||0|0|0||0|0|0|0||||0|0||||0|18873|18873|18873|12006|8182|6368|18481|18170|18170|17069|9455|112480|0||0|||1|0|00
2026|01|527010|015|08|WA|4719|EBC|01|51|1|003|100|BA|521211|019|A|0|0||0|03||1|7|Forum Kanreg BKN|0||0||0||0||0||0|0||0|0|0||0|0|0|0||||0|0||||0|0|0|0|0|0|0|0|0|0|0|0|0|0||0|||1|0|00
2026|01|527010|015|08|WA|4719|EBC|01|51|1|003|100|BA|521211|019|A|0|0||0|03|||8|KDM  Makan Rapat|10|ORG|5|LOK|1|HARI|0||50|OF|2900|145000||0|0|0||0|0|0|0||||0|0||||0|9880|9880|9880|6285|4283|3333|9674|9511|9511|8935|4949|58879|0||0|||1|0|00
2026|01|527010|015|08|WA|4719|EBC|01|51|1|003|100|BA|521211|019|A|0|0||0|03|||9|KDM  Snack Rapat|10|ORG|5|LOK|1|HARI|0||50|OF|5000|250000||0|0|0||0|0|0|0||||0|0||||0|17034|17034|17034|10836|7385|5747|16679|16399|16399|15405|8533|101515|0||0|||1|0|00
2026|01|527010|015|08|WA|4719|EBC|01|51|1|003|100|BA|522151|019|A|0|0||0||||1|Honorarium Koordinasi Penyelesaian UKP dan Forum Kanreg BKN|0||0||0||0||8|OJ|475000|3800000||0|0|0||0|0|0|0||||0|0||||0|258911|258911|258911|164703|112249|87356|253527|249259|249259|234154|129705|1543055|0||0|||1|0|00
2026|01|527010|015|08|WA|4719|EBC|01|51|1|003|100|BA|522151|019|A|0|0||0||||2|2. Honorarium Narasumber Pengambilan Sumpah Jabatan|0||0||0||0||7|OJ|400000|2800000||0|0|0||0|0|0|0||||0|0||||0|190777|190777|190777|121360|82710|64368|186810|183664|183664|172535|95572|1136986|0||0|||1|0|00
2026|01|527010|015|08|WA|4719|EBC|01|51|1|003|100|BA|524111|019|A|0|0||0|01||1|1|Sosialisasi dan Monitoring Implementasi Human Resources Information System|0||0||0||0||0||0|0||0|0|0||0|0|0|0||||0|0||||0|0|0|0|0|0|0|0|0|0|0|0|0|0||0|||1|0|00
2026|01|527010|015|08|WA|4719|EBC|01|51|1|003|100|BA|524111|019|A|0|0||0|01|||2|1. Biaya Penginapan Perjadin Sosialisasi  Monitoring Implementasi Office Automation|2|ORG|2|MLM|2|LOK|0||8|OF|275625|2205000||0|0|0||0|0|0|0||||0|0||||0|150237|150237|150237|95571|65134|50689|147113|144636|144636|135871|75263|895376|0||0|||1|0|00
2026|01|527010|015|08|WA|4719|EBC|01|51|1|003|100|BA|524111|019|A|0|0||0|01|||3|2. Uang Harian Perjadin Perjadin Sosialisasi  Monitoring Implementasi Office Automation|2|ORG|3|HARI|2|LOK|0||12|OF|172000|2064000||0|0|0||0|0|0|0||||0|0||||0|140630|140630|140630|89460|60969|47448|137705|135387|135387|127183|70450|838121|0||0|||1|0|00
2026|01|527010|015|08|WA|4719|EBC|01|51|1|003|100|BA|524111|019|A|0|0||0|01|||4|3. Biaya Transportasi Perjadin Sosialisasi  Monitoring Implementasi Office Automation|2|ORG|2|LOK|0||0||4|OF|589800|2359000||0|0|0||0|0|0|0||||0|0||||0|160729|160729|160729|102246|69683|54230|157387|154737|154737|145360|80519|957914|0||0|||1|0|00
2026|01|527010|015|08|WA|4719|EBC|01|51|1|003|100|BA|524111|019|A|0|0||0|01|||5|Transport Asistensi Layanan SDM dan Penegakan Disiplin Pegawai|0||0||0||0||8|OHF|1500000|12000000||0|0|0||0|0|0|0||||0|0||||0|817615|817615|817615|520116|354470|275861|800613|787133|787133|739434|409594|4872801|0||0|||1|0|00
2026|01|527010|015|08|WA|4719|EBC|01|51|1|003|100|BA|524113|019|A|0|0||0||||1|1. Transport Lokal Rohaniwan|7|ORG|1|KEG|0||0||7|OK|340000|2380000||0|0|0||0|0|0|0||||0|0||||0|162160|162160|162160|103156|70303|54712|158788|156115|156115|146654|81236|966441|0||0|||1|0|00
2026|01|527010|015|08|WA|4719|EBC|01|51|1|003|100|BB|521211|019|A|0|0||0||||1|KDM  Biaya Konsumsi makan RDK (Persiapan Monev Penetapan Jabatan dan Peringkat, Mutasi dan Penilaian Kinerja Pegawai)|20|ORG|2|HARI|1|FREK|0||40|OF|31500|1260000||0|0|0||0|0|0|0||||0|0||||0|85850|85850|85850|54612|37219|28965|84064|82649|82649|77641|43007|511644|0||0|||1|0|00
2026|01|527010|015|08|WA|4719|EBC|01|51|1|003|100|BB|521211|019|A|0|0||0||||2|KDM  Biaya Konsumsi Snack RDK (Persiapan Monev Penetapan Jabatan dan Peringkat, Mutasi dan Penilaian Kinerja Pegawai)|20|ORG|2|HARI|1|FREK|0||40|OF|12600|504000||0|0|0||0|0|0|0||||0|0||||0|34340|34340|34340|21845|14888|11586|33626|33060|33060|31056|17203|204656|0||0|||1|0|00
2026|01|527010|015|08|WA|4719|EBC|01|51|1|003|100|CA|524111|019|A|0|0||0||||1|Pesangon Pindah|200|ORG|3|FR|0||0||600|OF|1124939|674963000||0|0|0||0|0|0|0||||0|0||||0|45988316|45988316|45988316|29254937|19937840|15516320|45032020|44273824|44273824|41590877|23038396|274080014|0||0|||1|0|00
2026|01|527010|015|08|WA|4719|EBC|01|51|1|003|100|CA|524111|019|A|0|0||0||||2|Biaya Pindah Menetap Pensiun|60|ORG|3|FR|0||0||180|OK|1944445|350000000||0|0|0||0|0|0|0||||0|0||||0|23847101|23847101|23847101|15170058|10338706|8045941|23351216|22958056|22958056|21566822|11946490|142123352|0||0|||1|0|00
2026|01|527010|015|08|WA|4719|EBC|01|51|1|003|100|XA|524111|019|A|0|0||0||||1|1. Pimpinan Tinggi|10|ORG|2|FREK|0||0||20|OF|25000000|500000000||0|0|0||0|0|0|0||||0|0||||0|34067287|34067287|34067287|21671512|14769580|11494201|33358880|32797223|32797223|30809746|17066414|203033360|0||0|||1|0|00
2026|01|527010|015|08|WA|4719|EBC|01|51|1|003|100|XA|524111|019|A|0|0||0||||2|2. Administrator|75|ORG|2|FREK|0||0||150|OF|29433340|4415001000||0|0|0||0|0|0|0||||0|0||||0|300814211|300814211|300814211|191359492|130415421|101493816|294558979|289599546|289599546|272050117|150696467|1792784983|0||0|||1|0|00
2026|01|527010|015|08|WA|4719|EBC|01|51|1|003|100|XA|524111|019|A|0|0||0||||3|3. Pengawas|400|ORG|1|FREK|0||0||400|OF|16911455|6764582000||0|0|0||0|0|0|0||||0|0||||0|460901910|460901910|460901910|293197437|199820071|155506927|451317761|443719011|443719011|416830104|230894310|2746871638|0||0|||1|0|00
2026|01|527010|015|08|WA|4719|EBC|01|51|1|003|100|XA|524111|019|A|0|0||0||||4|4. Fungsional|60|ORG|0||0||0||60|OF|15000000|900000000||0|0|0||0|0|0|0||||0|0||||0|61321116|61321116|61321116|39008721|26585244|20689561|60045984|59035002|59035002|55457542|30719545|365460051|0||0|||1|0|00
2026|01|527010|015|08|WA|4719|EBC|01|51|1|003|100|XA|524111|019|A|0|0||0||||5|5. Pelaksana|400|ORG|1|FREK|0||0||400|OF|9000000|3600000000||0|0|0||0|0|0|0||||0|0||||0|245284465|245284465|245284465|156034885|106340976|82758246|240183937|236140007|236140007|221830170|122878179|1461840198|0||0|||1|0|00
2026|01|527010|015|08|WA|4719|EBC|01|51|1|003|100|XA|524111|019|A|0|0||0||||6|6. Penempatan Pegawai Baru|50|ORG|1|FREK|0||0||50|OF|5737540|286877000||0|0|0||0|0|0|0||||0|0||||0|19546240|19546240|19546240|12434117|8474105|6594844|19139791|18817537|18817537|17677214|9791922|116491213|0||0|||1|0|00
2026|01|527010|015|08|WA|4722|EBD|01|51|1|001|100|EA|524111|019|A|0|0||0||||1|Akomodasi|3|ORG|2|HARI|2|FREK|0||12|OF|371167|4454000||0|0|0||0|0|0|0||||0|0||||0|444000|444000|444000|444000|444000|444000|444000|444000|444000|444000|14000|0|0||0|||1|0|00
2026|01|527010|015|08|WA|4722|EBD|01|51|1|001|100|EA|524111|019|A|0|0||0||||2|Transport|3|ORG|2|FREK|0||0||6|OF|1507667|9046000||0|0|0||0|0|0|0||||0|0||||0|888000|888000|888000|888000|888000|888000|888000|784000|0|0|0|2046000|0||0|||1|0|00
2026|01|527010|015|08|WA|4722|EBD|01|51|1|001|100|EA|524111|019|A|0|0||0||||3|Uang Harian|3|ORG|3|HARI|2|FREK|0||18|OH|166667|3000000||0|0|0||0|0|0|0||||0|0||||0|296000|296000|296000|296000|296000|296000|296000|296000|296000|296000|40000|0|0||0|||1|0|00
2026|01|527010|015|08|WA|4722|EBD|01|51|1|003|100|EA|521211|019|A|0|0||0||||1|CTK  Plakat Narasumber|1|ORG|1|PKT|0||0||1|PKT|639000|639000||0|0|0||0|0|0|0||||0|0||||0|150995|150995|150995|150995|35020|0|0|0|0|0|0|0|0||0|||1|0|00
2026|01|527010|015|08|WA|4722|EBD|01|51|1|003|100|EA|521211|019|A|0|0||0||||2|KDM  Snack Rapat|30|ORG|10|FREK|0||0||300|OF|15120|4536000||0|0|0||0|0|0|0||||0|0||||0|1071851|1071851|1071851|1071851|248596|0|0|0|0|0|0|0|0||0|||1|0|00
2026|01|527010|015|08|WA|4722|EBD|01|51|1|003|100|EA|521211|019|A|0|0||0||||3|KDM  Makan Rapat|30|ORG|10|FREK|0||0||300|OF|35910|10773000||0|0|0||0|0|0|0||||0|0||||0|2545646|2545646|2545646|2545646|590416|0|0|0|0|0|0|0|0||0|||1|0|00
2026|01|527010|015|08|WA|4722|EBD|01|51|1|003|100|EB|521211|019|A|0|0||0||||1|CTK  Plakat Narasumber|1|ORG|1|PKT|0||0||1|PKT|615000|615000||0|0|0||0|0|0|0||||0|0||||0|145324|145324|145324|145324|33704|0|0|0|0|0|0|0|0||0|||1|0|00
2026|01|527010|015|08|WA|4722|EBD|01|51|1|003|100|EB|521211|019|A|0|0||0||||2|KDM  Snack Rapat Menteri  Pejabat Eselon I|50|ORG|1|FR|0||0||50|OF|33380|1669000||0|0|0||0|0|0|0||||0|0||||0|394382|394382|394382|394382|91472|0|0|0|0|0|0|0|0||0|||1|0|00
2026|01|527010|015|08|WA|4722|EBD|01|51|1|003|100|EB|521211|019|A|0|0||0||||3|KDM  Makan Rapat Menteri  Pejabat Eselon I|50|ORG|1|FREK|0||0||50|OF|74340|3717000||0|0|0||0|0|0|0||||0|0||||0|878322|878322|878322|878322|203712|0|0|0|0|0|0|0|0||0|||1|0|00
2026|01|527010|015|08|WA|4722|EBD|01|51|1|003|100|EC|521211|019|A|0|0||0||||1|KDM  Snack Rapat|10|ORG|1|HR|8|FREK|0||80|OF|15125|1210000||0|0|0||0|0|0|0||||0|0||||0|285921|285921|285921|285921|66316|0|0|0|0|0|0|0|0||0|||1|0|00
2026|01|527010|015|08|WA|4722|EBD|01|51|1|003|100|EC|521211|019|A|0|0||0||||2|KDM  Makan Rapat|10|ORG|1|HR|8|FREK|0||80|OF|35913|2873000||0|0|0||0|0|0|0||||0|0||||0|678886|678886|678886|678886|157456|0|0|0|0|0|0|0|0||0|||1|0|00
2026|01|527010|015|08|WA|4722|EBD|01|51|1|003|100|EC|524111|019|A|0|0||0||||1|Akomodasi|4|ORG|3|HR|4|FREK|0||48|OF|13500|648000||0|0|0||0|0|0|0||||0|0||||0|153122|153122|153122|153122|35512|0|0|0|0|0|0|0|0||0|||1|0|00
2026|01|527010|015|08|WA|4722|EBD|01|51|1|003|100|EC|524111|019|A|0|0||0||||2|Transport|4|ORG|4|FREK|0||0||16|OF|257500|4120000||0|0|0||0|0|0|0||||0|0||||0|973551|973551|973551|973551|225796|0|0|0|0|0|0|0|0||0|||1|0|00
2026|01|527010|015|08|WA|4722|EBD|01|51|1|003|100|EC|524111|019|A|0|0||0||||3|Uang Harian|4|ORG|4|HR|4|FREK|0||64|OH|141600|9062000||0|0|0||0|0|0|0||||0|0||||0|2141339|2141339|2141339|2141339|496644|0|0|0|0|0|0|0|0||0|||1|0|00
2026|01|527010|015|08|WA|4722|EBD|01|51|1|003|100|ED|524111|019|A|0|0||0||||1|Akomodasi|2|ORG|2|HR|3|FREK|0||12|OF|500000|6000000||0|0|0||0|0|0|0||||0|0||||0|1417792|1417792|1417792|1417792|328832|0|0|0|0|0|0|0|0||0|||1|0|00
2026|01|527010|015|08|WA|4722|EBD|01|51|1|003|100|ED|524111|019|A|0|0||0||||2|Transport|2|ORG|3|FREK|0||0||6|OF|1916800|11500000||0|0|0||0|0|0|0||||0|0||||0|2717435|2717435|2717435|2717435|630260|0|0|0|0|0|0|0|0||0|||1|0|00
2026|01|527010|015|08|WA|4722|EBD|01|51|1|003|100|ED|524111|019|A|0|0||0||||3|Uang Harian|2|ORG|3|HR|3|FREK|0||18|OH|250000|4500000||0|0|0||0|0|0|0||||0|0||||0|1063344|1063344|1063344|1063344|246624|0|0|0|0|0|0|0|0||0|||1|0|00
2026|01|527010|015|08|WA|4722|EBD|01|51|1|003|100|EE|521211|019|A|0|0||0||||1|KDM  Snack Rapat|6|ORG|2|HR|4|FREK|0||48|OF|13855|665000||0|0|0||0|0|0|0||||0|0||||0|157139|157139|157139|157139|36444|0|0|0|0|0|0|0|0||0|||1|0|00
2026|01|527010|015|08|WA|4722|EBD|01|51|1|003|100|EE|521211|019|A|0|0||0||||2|KDM  Makan Rapat|6|ORG|2|HR|4|FREK|0||48|OF|32750|1572000||0|0|0||0|0|0|0||||0|0||||0|371462|371462|371462|371462|86152|0|0|0|0|0|0|0|0||0|||1|0|00
2026|01|527010|015|08|WA|4722|EBD|01|51|1|003|100|EE|521211|019|A|0|0||0||||3|Dukungan Kegiatan Pengumpulan Informasi 2 ORG X 3 FREK|2|ORG|3|FREK|1||0||6|OF|75667|454000||0|0|0||0|0|0|0||||0|0||||0|107280|107280|107280|107280|24880|0|0|0|0|0|0|0|0||0|||1|0|00
2026|01|527010|015|08|WA|4722|EBD|01|51|1|003|100|EF|521211|019|A|0|0||0||||1|KDM  Snack Rapat|6|ORG|2|HR|4|FREK|0||48|OF|21000|1008000||0|0|0||0|0|0|0||||0|0||||0|238189|238189|238189|238189|55244|0|0|0|0|0|0|0|0||0|||1|0|00
2026|01|527010|015|08|WA|4722|EBD|01|51|1|003|100|EF|521211|019|A|0|0||0||||2|KDM  Makan Rapat|6|ORG|2|HR|4|FREK|0||48|OF|53000|2544000||0|0|0||0|0|0|0||||0|0||||0|601144|601144|601144|601144|139424|0|0|0|0|0|0|0|0||0|||1|0|00
2026|01|527010|015|08|WA|4722|EBD|01|51|1|003|100|EF|521211|019|A|0|0||0||||3|Dukungan Kegiatan Pengumpulan Informasi|2|ORG|4|FREK|1||0||8|OF|256000|2048000||0|0|0||0|0|0|0||||0|0||||0|483937|483937|483937|483937|112252|0|0|0|0|0|0|0|0||0|||1|0|00
2026|01|527010|015|08|WA|4722|EBD|01|51|1|002|100|EA|521211|019|A|0|0||0||||1|KDM  Snack Rapat|11|ORG|1|HR|1|FREK|0||11|OK|15091|166000||0|0|0||0|0|0|0||||0|0||||0|19177|19177|19177|19177|19177|19177|19177|19177|12584|0|0|0|0||0|||1|0|00
2026|01|527010|015|08|WA|4722|EBD|01|51|1|002|100|EA|521211|019|A|0|0||0||||2|KDM  Makan Rapat|11|ORG|1|HR|1|FREK|0||11|OK|35910|395000||0|0|0||0|0|0|0||||0|0||||0|45632|45632|45632|45632|45632|45632|45632|45632|29944|0|0|0|0||0|||1|0|00
2026|01|527010|015|08|WA|4722|EBD|01|51|1|002|100|EA|524111|019|A|0|0||0||||1|Akomodasi|2|ORG|2|HR|4|FREK|0||16|OF|483700|7739000||0|0|0||0|0|0|0||||0|0||||0|894044|894044|894044|894044|894044|894044|894044|894044|586648|0|0|0|0||0|||1|0|00
2026|01|527010|015|08|WA|4722|EBD|01|51|1|002|100|EA|524111|019|A|0|0||0||||2|Transport|2|ORG|4|FREK|0||0||8|OF|1229000|9832000||0|0|0||0|0|0|0||||0|0||||0|1135837|1135837|1135837|1135837|1135837|1135837|1135837|1135837|745304|0|0|0|0||0|||1|0|00
2026|01|527010|015|08|WA|4722|EBD|01|51|1|002|100|EA|524111|019|A|0|0||0||||3|Uang Harian|2|ORG|3|HR|4|FREK|0||24|OH|234000|5616000||0|0|0||0|0|0|0||||0|0||||0|648786|648786|648786|648786|648786|648786|648786|648786|425712|0|0|0|0||0|||1|0|00
2026|01|527010|015|08|WA|4722|EBD|01|51|1|002|100|JA|521211|019|A|0|0||0||||1|CTK  ATK, Cetakan dan Bahan Habis Pakai|10|EKS|1|FR|0||0||10|EKS|100000|1000000||0|0|0||0|0|0|0||||0|0||||0|115524|115524|115524|115524|115524|115524|115524|115524|75808|0|0|0|0||0|||1|0|00
2026|01|527010|015|08|WA|4725|CCL|01|51|1|001|005|TJ|523121|019|A|0|0||0||||1|Extended Warranty IBM|0||0||0||0||1|PKT|19082535000|19082535000||0|0|0||0|0|0|0||||0|0||||0|13131677913|2446798622|472495002|236259163|1307101173|243333150|0|1244869977|0|0|0|0|0||0|||1|0|00
2026|01|527010|015|08|WA|4725|CCL|01|51|1|001|005|TJ|523121|019|A|0|0||0||||2|Extended Warranty Lenovo|0||0||0||0||1|PKT|8703643000|8703643000||0|0|0||0|0|0|0||||0|0||||0|5989426276|1115997518|215507417|107759027|596175612|110985509|0|567791641|0|0|0|0|0||0|||1|0|00
2026|01|527010|015|08|WA|4725|CCL|01|51|1|001|005|TJ|523121|019|A|0|0||0||||3|Biaya Penggantian Spare Part Perangkat non Warranty|0||0||0||0||1|PKT|270000000|270000000||0|0|0||0|0|0|0||||0|0||||0|185800945|34619909|6685362|3342846|18494258|3442936|0|17613744|0|0|0|0|0||0|||1|0|00
2026|01|527010|015|08|WA|4725|CCL|01|51|1|001|005|TJ|523199|019|A|0|0||0||||1|ACS (Advance Customer Services)  ATS (Annual Technical Support) Lisensi Oracle Database Oracle  SPAN|0||0||0||0||1|PKT|46977456000|46977456000||0|0|0||0|0|0|0||||0|0||||0|32327613777|6023537995|1163189963|581623691|3217826555|599038457|0|3064625562|0|0|0|0|0||0|||1|0|00
2026|01|527010|015|08|WA|4725|CCL|01|51|1|001|005|TJ|523199|019|A|0|0||0||||2|Renewal License  ATS DB MPN|0||0||0||0||1|PKT|26267346000|26267346000||0|0|0||0|0|0|0||||0|0||||0|18075917445|3368048637|650395228|325213667|1799240969|334951097|0|1713578957|0|0|0|0|0||0|||1|0|00
2026|01|527010|015|08|WA|4725|CCL|01|51|1|001|005|TJ|523199|019|A|0|0||0||||3|Renewal License  ATS Red Hat Enterprise Linux MPN|0||0||0||0||1|PKT|1232831000|1232831000||0|0|0||0|0|0|0||||0|0||||0|848374685|158075916|30525634|15263571|84445533|15720587|0|80425074|0|0|0|0|0||0|||1|0|00
2026|01|527010|015|08|WA|4725|CCL|01|51|1|001|005|TJ|523199|019|A|0|0||0||||4|ATS DB dan Apps Oracle SOA|0||0||0||0||1|PKT|19590191000|19590191000||0|0|0||0|0|0|0||||0|0||||0|13481022226|2511891232|485064869|242544407|1341874213|249806584|0|1277987469|0|0|0|0|0||0|||1|0|00
2026|01|527010|015|08|WA|4725|CCL|01|51|1|003|005|TJ|522191|019|A|0|0||0||||1|Jasa Lainnya Lisensi Pendukung Core System|0||0||0||0||1|PKT|332498000|332498000||0|0|0||0|0|0|0||||0|0||||0|31861726|210757932|0|86066498|0|0|0|3002099|0|0|76949|732796|0||0|||1|0|00
2026|01|527010|015|08|WA|4725|CCL|01|51|1|003|005|TJ|523121|019|A|0|0||0||||1|Extended Warranty DELL|0||0||0||0||1|PKT|5589240000|5589240000||0|0|0||0|0|0|0||||0|0||||0|535590694|3542808261|0|1446764532|0|0|0|50464813|0|0|1293499|12318201|0||0|||1|0|00
2026|01|527010|015|08|WA|4725|CCL|01|51|1|003|005|TJ|523121|019|A|0|0||0||||2|Extended Warranty Hitachi|0||0||0||0||1|PKT|14882603000|14882603000||0|0|0||0|0|0|0||||0|0||||0|1426130148|9433520274|0|3852334514|0|0|0|134373865|0|0|3444232|32799967|0||0|||1|0|00
2026|01|527010|015|08|WA|4725|CCL|01|51|1|003|005|TJ|523121|019|A|0|0||0||||3|Extended Warranty Hewlett Packard Enterprise (HPE)|0||0||0||0||1|PKT|1220657000|1220657000||0|0|0||0|0|0|0||||0|0||||0|116969844|773728397|0|315964828|0|0|0|11021217|0|0|282493|2690221|0||0|||1|0|00
2026|01|527010|015|08|WA|4725|CCL|01|51|1|003|005|TJ|523121|019|A|0|0||0||||4|Penggantian Spare Part untuk Pemeliharaan Perangkat Server|0||0||0||0||1|PKT|676513000|676513000||0|0|0||0|0|0|0||||0|0||||0|64827073|428816055|0|175114150|0|0|0|6108183|0|0|156563|1490976|0||0|||1|0|00
2026|01|527010|015|08|WA|4725|CCL|01|51|1|003|005|TJ|523199|019|A|0|0||0||||1|Renewal License  ATS DB SIKP|0||0||0||0||1|PKT|20484349000|20484349000||0|0|0||0|0|0|0||||0|0||||0|1962919234|12984255617|0|5302336200|0|0|0|184951594|0|0|4740625|45145730|0||0|||1|0|00
2026|01|527010|015|08|WA|4725|CCL|01|51|1|003|005|TJ|523199|019|A|0|0||0||||2|Renewal License  ATS Red Hat Enterprise Linux - SIKP|0||0||0||0||1|PKT|176119000|176119000||0|0|0||0|0|0|0||||0|0||||0|16876659|111635186|0|45588080|0|0|0|1590165|0|0|40759|388151|0||0|||1|0|00
2026|01|527010|015|08|WA|4725|CCL|01|51|1|003|005|TJ|523199|019|A|0|0||0||||3|Renewal License  ATS MySQL|0||0||0||0||1|PKT|429704000|429704000||0|0|0||0|0|0|0||||0|0||||0|41176522|272373146|0|111228093|0|0|0|3879764|0|0|99445|947030|0||0|||1|0|00
2026|01|527010|015|08|WA|4725|CCL|01|51|1|003|005|TJ|523199|019|A|0|0||0||||4|Renewal License  ATS Hitachi Data Protection Suite|0||0||0||0||1|PKT|1803750000|1803750000||0|0|0||0|0|0|0||||0|0||||0|172844915|1143329039|0|466897382|0|0|0|16285918|0|0|417435|3975311|0||0|||1|0|00
2026|01|527010|015|08|WA|4725|CCL|01|51|1|002|005|TJ|522191|019|A|0|0||0||||1|Jasa Layanan SMS OTP SAKTISPAN|0||0||0||0||1|PKT|6602017000|6602017000||0|0|0||0|0|0|0||||0|0||||0|554115953|4383349789|0|297328150|546449980|0|547727037|0|0|16524629|140350|256381112|0||0|||1|0|00
2026|01|527010|015|08|WA|4725|CCL|01|51|1|002|005|TJ|522191|019|A|0|0||0||||2|Jasa Lainnya Pendukung Operasional Core System|0||0||0||0||1|PKT|384594000|384594000||0|0|0||0|0|0|0||||0|0||||0|32279479|255347726|0|17320559|31832906|0|31907299|0|0|962626|8176|14935229|0||0|||1|0|00
2026|01|527010|015|08|WA|4725|CCL|01|51|1|002|005|TJ|522191|019|A|0|0||0||||3|Jasa Layanan Geotaging SAKTI|0||0||0||0||1|PKT|96000000|96000000||0|0|0||0|0|0|0||||0|0||||0|8057406|63738336|0|4323452|7945935|0|7964505|0|0|240285|2041|3728040|0||0|||1|0|00
2026|01|527010|015|08|WA|4725|CCL|01|51|1|002|005|TJ|522191|019|A|0|0||0||||4|Jasa Lainnya Pendampingan dan Sertifikasi ISO ITSM|0||0||0||0||1|PKT|100000000|100000000||0|0|0||0|0|0|0||||0|0||||0|8393131|66394100|0|4503596|8277016|0|8296359|0|0|250297|2126|3883375|0||0|||1|0|00
2026|01|527010|015|08|WA|4725|CCL|01|51|1|002|005|TJ|523199|019|A|0|0||0||||1|Renewal License  ATS DB SAKTI|0||0||0||0||1|PKT|43759899000|43759899000||0|0|0||0|0|0|0||||0|0||||0|3672825766|29053991236|0|1970768902|3622013685|0|3630478354|0|0|109529573|930278|1699361206|0||0|||1|0|00
2026|01|527010|015|08|WA|4725|CCL|01|51|1|002|005|TJ|523199|019|A|0|0||0||||2|Renewal License  ATS DB OLAP SAKTI|0||0||0||0||1|PKT|11798242000|11798242000||0|0|0||0|0|0|0||||0|0||||0|990241939|7833336628|0|531345112|976542336|0|978824521|0|0|29530608|250815|458170041|0||0|||1|0|00
2026|01|527010|015|08|WA|4725|CCL|01|51|1|002|005|TJ|523199|019|A|0|0||0||||3|Renewal License  ATS Java App SAKTI|0||0||0||0||1|PKT|70952568000|70952568000||0|0|0||0|0|0|0||||0|0||||0|5955142171|47108319168|0|3195416757|5872755151|0|5886479818|0|0|177591919|1508358|2755354658|0||0|||1|0|00
2026|01|527010|015|08|WA|4725|CCL|01|51|1|002|005|TJ|523199|019|A|0|0||0||||4|Renewal License  ATS TIBCO Jaspersoft|0||0||0||0||1|PKT|5920200000|5920200000||0|0|0||0|0|0|0||||0|0||||0|496890157|3930663526|0|266621867|490015879|0|491161050|0|0|14818063|125856|229903602|0||0|||1|0|00
2026|01|527010|015|08|WA|4725|FAB|01|51|1|001|100|LA|521211|019|A|0|0||0||||1|KDM  Makan Rapat|20|ORG|1|KTK|24|FR|0||480|OK|57000|27360000||0|0|0||0|0|0|0||||0|0||||0|4719121|4719121|4719121|4719121|4719121|3764395|0|0|0|0|0|0|0||0|||1|0|00
2026|01|527010|015|08|WA|4725|FAB|01|51|1|001|100|LA|521211|019|A|0|0||0||||2|KDM  Snack Rapat|20|ORG|1|KTK|24|FR|0||480|OK|24000|11520000||0|0|0||0|0|0|0||||0|0||||0|1986998|1986998|1986998|1986998|1986998|1585010|0|0|0|0|0|0|0||0|||1|0|00
2026|01|527010|015|08|WA|4725|FAB|01|51|1|001|100|LA|522151|019|A|0|0||0||||1|Honorarium Narasumber Profesional|1|ORG|3|JAM|1|HR|1|FR|3|OJ|1700000|5100000||0|0|0||0|0|0|0||||0|0||||0|879661|879661|879661|879661|879661|701695|0|0|0|0|0|0|0||0|||1|0|00
2026|01|527010|015|08|WA|4725|FAB|01|51|1|001|100|LA|524111|019|A|0|0||0||||1|Akomodasi|3|ORG|2|HR|3|FR|2|LOK|36|OH|199834|7194000||0|0|0||0|0|0|0||||0|0||||0|1240839|1240839|1240839|1240839|1240839|989805|0|0|0|0|0|0|0||0|||1|0|00
2026|01|527010|015|08|WA|4725|FAB|01|51|1|001|100|LA|524111|019|A|0|0||0||||2|Uang Harian|3|ORG|3|HR|3|FR|2|LOK|54|OH|184741|9976000||0|0|0||0|0|0|0||||0|0||||0|1720685|1720685|1720685|1720685|1720685|1372575|0|0|0|0|0|0|0||0|||1|0|00
2026|01|527010|015|08|WA|4725|FAB|01|51|1|001|100|LA|524111|019|A|0|0||0||||3|Transport|3|ORG|3|FR|2|LOK|0||18|OF|182945|3293000||0|0|0||0|0|0|0||||0|0||||0|567985|567985|567985|567985|567985|453075|0|0|0|0|0|0|0||0|||1|0|00
2026|01|527010|015|08|WA|4725|FAB|01|51|1|002|100|LA|521211|019|A|0|0||0||||1|KDM  Makan Rapat|30|ORG|1|KTK|24|FR|0||720|OK|57000|41040000||0|0|0||0|0|0|0||||0|0||||0|9411611|9411611|9411611|9411611|2021962|0|0|0|0|0|0|1371594|0||0|||1|0|00
2026|01|527010|015|08|WA|4725|FAB|01|51|1|002|100|LA|521211|019|A|0|0||0||||2|KDM  Snack Rapat|30|ORG|1|KTK|24|FR|0||720|OK|24000|17280000||0|0|0||0|0|0|0||||0|0||||0|3962784|3962784|3962784|3962784|851352|0|0|0|0|0|0|577512|0||0|||1|0|00
2026|01|527010|015|08|WA|4725|FAB|01|51|1|002|100|LA|524111|019|A|0|0||0||||1|Akomodasi|3|ORG|2|HR|3|FR|2|LOK|36|OH|658139|23693000||0|0|0||0|0|0|0||||0|0||||0|5433463|5433463|5433463|5433463|1167309|0|0|0|0|0|0|791839|0||0|||1|0|00
2026|01|527010|015|08|WA|4725|FAB|01|51|1|002|100|LA|524111|019|A|0|0||0|02|||10|Uang Harian|3|ORG|3|HR|1|FR|1|LOK|9|OH|328000|2952000||0|0|0||0|0|0|0||||0|0||||0|676976|676976|676976|676976|145439|0|0|0|0|0|0|98657|0||0|||1|0|00
2026|01|527010|015|08|WA|4725|FAB|01|51|1|002|100|LA|524111|019|A|0|0||0|02|||11|Transport|3|ORG|1|FR|1|LOK|0||3|OF|2988000|8964000||0|0|0||0|0|0|0||||0|0||||0|2055694|2055694|2055694|2055694|441639|0|0|0|0|0|0|299585|0||0|||1|0|00
2026|01|527010|015|08|WA|4725|FAB|01|51|1|002|100|LA|524111|019|A|0|0||0|02|||12|Akomodasi|3|ORG|2|HR|1|FR|1|LOK|6|OH|576000|3456000||0|0|0||0|0|0|0||||0|0||||0|792557|792557|792557|792557|170270|0|0|0|0|0|0|115502|0||0|||1|0|00
2026|01|527010|015|08|WA|4725|FAB|01|51|1|002|100|LA|524111|019|A|0|0||0|02|||13|Uang Harian|3|ORG|3|HR|1|FR|1|LOK|9|OH|304000|2736000||0|0|0||0|0|0|0||||0|0||||0|627441|627441|627441|627441|134797|0|0|0|0|0|0|91439|0||0|||1|0|00
2026|01|527010|015|08|WA|4725|FAB|01|51|1|002|100|LA|524111|019|A|0|0||0|02|||14|Transport|3|ORG|1|FR|1|LOK|0||3|OF|4330000|12990000||0|0|0||0|0|0|0||||0|0||||0|2978968|2978968|2978968|2978968|639992|0|0|0|0|0|0|434136|0||0|||1|0|00
2026|01|527010|015|08|WA|4725|FAB|01|51|1|002|100|LA|524111|019|A|0|0||0||||2|Uang Harian|3|ORG|3|HR|3|FR|2|LOK|54|OH|59500|3213000||0|0|0||0|0|0|0||||0|0||||0|736830|736830|736830|736830|158298|0|0|0|0|0|0|107382|0||0|||1|0|00
2026|01|527010|015|08|WA|4725|FAB|01|51|1|002|100|LA|524111|019|A|0|0||0||||3|Transport|3|ORG|3|FR|2|LOK|0||18|OF|540667|9732000||0|0|0||0|0|0|0||||0|0||||0|2231818|2231818|2231818|2231818|479477|0|0|0|0|0|0|325251|0||0|||1|0|00
2026|01|527010|015|08|WA|4725|FAB|01|51|1|002|100|LA|524111|019|A|0|0||0|01||1|4|Penataan Jaringan|0||0||0||0||0||0|0||0|0|0||0|0|0|0||||0|0||||0|0|0|0|0|0|0|0|0|0|0|0|0|0||0|||1|0|00
2026|01|527010|015|08|WA|4725|FAB|01|51|1|002|100|LA|524111|019|A|0|0||0|01|||5|Akomodasi|4|ORG|5|HR|1|FR|1|LOK|20|OH|861000|17220000||0|0|0||0|0|0|0||||0|0||||0|3949024|3949024|3949024|3949024|848396|0|0|0|0|0|0|575508|0||0|||1|0|00
2026|01|527010|015|08|WA|4725|FAB|01|51|1|002|100|LA|524111|019|A|0|0||0|01|||6|Uang Harian|4|ORG|6|HR|1|FR|1|LOK|24|OH|304000|7296000||0|0|0||0|0|0|0||||0|0||||0|1673175|1673175|1673175|1673175|359460|0|0|0|0|0|0|243840|0||0|||1|0|00
2026|01|527010|015|08|WA|4725|FAB|01|51|1|002|100|LA|524111|019|A|0|0||0|01|||7|Transport|4|ORG|1|FR|1|LOK|0||4|OF|3092000|12368000||0|0|0||0|0|0|0||||0|0||||0|2836326|2836326|2836326|2836326|609348|0|0|0|0|0|0|413348|0||0|||1|0|00
2026|01|527010|015|08|WA|4725|FAB|01|51|1|002|100|LA|524111|019|A|0|0||0|02||1|8|Uji Fungsionalitas|0||0||0||0||0||0|0||0|0|0||0|0|0|0||||0|0||||0|0|0|0|0|0|0|0|0|0|0|0|0|0||0|||1|0|00
2026|01|527010|015|08|WA|4725|FAB|01|51|1|002|100|LA|524111|019|A|0|0||0|02|||9|Akomodasi|3|ORG|2|HR|1|FR|1|LOK|6|OH|724000|4344000||0|0|0||0|0|0|0||||0|0||||0|996200|996200|996200|996200|214021|0|0|0|0|0|0|145179|0||0|||1|0|00
2026|01|527010|015|08|WA|4725|FAB|01|51|1|002|100|TH|522191|019|A|0|0||0||||1|   Jasa Lainnya Pendukung Operasional Core System|1|PKT|0||0||0||1|PKT|4046000|4046000||0|0|0||0|0|0|0||||0|0||||0|927858|927858|927858|927858|199339|0|0|0|0|0|0|135229|0||0|||1|0|00
2026|01|527010|015|08|WA|4725|FAB|01|51|1|003|100|EA|524111|019|A|0|0||0||||1|Akomodasi|12|ORG|1|HR|2|KL|0||24|OH|1000|24000||0|0|0||0|0|0|0||||0|0||||0|2432|2432|2432|2432|2432|2432|2432|2432|2432|2112|0|0|0||0|||1|0|00
2026|01|527010|015|08|WA|4725|FAB|01|51|1|003|100|EA|524111|019|A|0|0||0||||2|Transport|12|ORG|2|KL|0||0||24|OK|1000|24000||0|0|0||0|0|0|0||||0|0||||0|2432|2432|2432|2432|2432|2432|2432|2432|2432|2112|0|0|0||0|||1|0|00
2026|01|527010|015|08|WA|4725|FAB|01|51|1|003|100|EA|524111|019|A|0|0||0||||3|Uang Harian|12|ORG|1|HR|2|KL|0||24|OH|634000|15216000||0|0|0||0|0|0|0||||0|0||||0|1542119|1542119|1542119|1542119|1542119|1542119|1542119|1542119|1542119|1336929|0|0|0||0|||1|0|00
2026|01|527010|015|08|WA|4725|FAB|01|51|1|003|100|LA|521211|019|A|0|0||0||||1|KDM  Makan Rapat|30|ORG|1|KTK|24|FR|0||720|OK|57000|41040000||0|0|0||0|0|0|0||||0|0||||0|4159343|4159343|4159343|4159343|4159343|4159343|4159343|4159343|4159343|3605913|0|0|0||0|||1|0|00
2026|01|527010|015|08|WA|4725|FAB|01|51|1|003|100|LA|521211|019|A|0|0||0||||2|KDM  Snack Rapat|30|ORG|1|KTK|24|FR|0||720|OK|24000|17280000||0|0|0||0|0|0|0||||0|0||||0|1751302|1751302|1751302|1751302|1751302|1751302|1751302|1751302|1751302|1518282|0|0|0||0|||1|0|00
2026|01|527010|015|08|WA|4725|FAB|01|51|1|003|100|LA|524111|019|A|0|0||0||||1|Akomodasi|3|ORG|2|HR|3|FR|2|LOK|36|OH|658667|23712000||0|0|0||0|0|0|0||||0|0||||0|2403176|2403176|2403176|2403176|2403176|2403176|2403176|2403176|2403176|2083416|0|0|0||0|||1|0|00
2026|01|527010|015|08|WA|4725|FAB|01|51|1|003|100|LA|524111|019|A|0|0||0||||2|Uang Harian|3|ORG|3|HR|3|FR|2|LOK|54|OH|294463|15901000||0|0|0||0|0|0|0||||0|0||||0|1611543|1611543|1611543|1611543|1611543|1611543|1611543|1611543|1611543|1397113|0|0|0||0|||1|0|00
2026|01|527010|015|08|WA|4725|FAB|01|51|1|003|100|LA|524111|019|A|0|0||0||||3|Transport|3|ORG|3|FR|2|LOK|0||18|OF|2712167|48819000||0|0|0||0|0|0|0||||0|0||||0|4947733|4947733|4947733|4947733|4947733|4947733|4947733|4947733|4947733|4289403|0|0|0||0|||1|0|00
2026|01|527010|015|08|WA|4725|FAB|01|51|1|003|100|TH|522191|019|A|0|0||0||||1|   Jasa Lainnya Langganan Call Centre HAI  DJPb|12|BLN|0||0||0||12|BLN|15365334|184384000||0|0|0||0|0|0|0||||0|0||||0|18687042|18687042|18687042|18687042|18687042|18687042|18687042|18687042|18687042|16200622|0|0|0||0|||1|0|00
2026|01|527010|015|08|WA|4725|FAB|01|51|1|307|100|SA|521211|019|A|0|0||0||||1|KDM  Snack Rapat|20|org|18|frek|0||0||360|OF|24000|8640000||0|0|0||0|0|0|0||||0|0||||0|1113104|1113104|1113104|1113104|1113104|1113104|1113104|848272|0|0|0|0|0||0|||1|0|00
2026|01|527010|015|08|WA|4725|FAB|01|51|1|307|100|SA|521211|019|A|0|0||0||||2|KDM  Makan Rapat|20|org|18|fr|0||0||360|OF|57000|20520000||0|0|0||0|0|0|0||||0|0||||0|2643623|2643623|2643623|2643623|2643623|2643623|2643623|2014639|0|0|0|0|0||0|||1|0|00
2026|01|527010|015|08|WA|4725|FAB|01|51|1|307|100|SA|521211|019|A|0|0||0||||3|CTK  Pencetakan Laporan, Brosur, Leaflet, Spanduk dan Backdrop, dll|1|pkt|0||0||0||1|PKT|7224000|7224000||0|0|0||0|0|0|0||||0|0||||0|930679|930679|930679|930679|930679|930679|930679|709247|0|0|0|0|0||0|||1|0|00
2026|01|527010|015|08|WA|4725|FAB|01|51|1|307|100|SA|524111|019|A|0|0||0|01||1|1|Perjalanan Dinas Dalam Rangka Monitoring Pelaksanaan Transaksi|0||0||0||0||0||0|0||0|0|0||0|0|0|0||||0|0||||0|0|0|0|0|0|0|0|0|0|0|0|0|0||0|||1|0|00
2026|01|527010|015|08|WA|4725|FAB|01|51|1|307|100|SA|524111|019|A|0|0||0|01|||2|Akomodasi Eselon IV dan Pelaksana|2|org|2|hr|1|fr|2|lok|8|OHFL|396000|3168000||0|0|0||0|0|0|0||||0|0||||0|408138|408138|408138|408138|408138|408138|408138|311034|0|0|0|0|0||0|||1|0|00
2026|01|527010|015|08|WA|4725|FAB|01|51|1|307|100|SA|524111|019|A|0|0||0|01|||3|Transportasi|5|org|1|fr|2|lok|0||10|OK|365200|3652000||0|0|0||0|0|0|0||||0|0||||0|470493|470493|470493|470493|470493|470493|470493|358549|0|0|0|0|0||0|||1|0|00
2026|01|527010|015|08|WA|4725|FAB|01|51|1|307|100|SA|524111|019|A|0|0||0|01|||4|Uang Harian|5|org|0|hr|2|fr|0|lok|10|OHFL|148000|1480000||0|0|0||0|0|0|0||||0|0||||0|190671|190671|190671|190671|190671|190671|190671|145303|0|0|0|0|0||0|||1|0|00
2026|01|527010|015|08|WA|4725|FAB|01|51|1|006|100|JA|521211|019|A|0|0||0||||1|CTK  ATK, Habis Pakai, Penggandaan SIKRI|1|PKT|1|FR|0||0||1|OF|157000|157000||0|0|0||0|0|0|0||||0|0||||0|0|0|0|6016|9118|46892|7022|9118|46890|7022|7814|17108|0||0|||1|0|00
2026|01|527010|015|08|WA|4725|FAB|01|51|1|006|100|JA|521211|019|A|0|0||0|03|||10|KDM  Snack Rapat|26|ORG|2|FR|0||0||52|OF|24000|1248000||0|0|0||0|0|0|0||||0|0||||0|0|0|0|47821|72478|372743|55818|72478|372731|55818|62112|136001|0||0|||1|0|00
2026|01|527010|015|08|WA|4725|FAB|01|51|1|006|100|JA|521211|019|A|0|0||0|01||1|2|Rapat Pembahasan Penyediaan Data Pemerintah Daerah dan Interkoneksi SIKDSIKRI (Rapat mengundang DJPK dan Direktorat SITP)|0||0||0||0||0||0|0||0|0|0||0|0|0|0||||0|0||||0|0|0|0|0|0|0|0|0|0|0|0|0|0||0|||1|0|00
2026|01|527010|015|08|WA|4725|FAB|01|51|1|006|100|JA|521211|019|A|0|0||0|01|||3|KDM  Makan Rapat|26|ORG|2|FR|0||0||52|OF|57000|2964000||0|0|0||0|0|0|0||||0|0||||0|0|0|0|113574|172135|885265|132567|172135|885236|132567|147515|323006|0||0|||1|0|00
2026|01|527010|015|08|WA|4725|FAB|01|51|1|006|100|JA|521211|019|A|0|0||0|01|||4|KDM  Snack Rapat|26|ORG|2|FR|0||0||52|OF|24000|1248000||0|0|0||0|0|0|0||||0|0||||0|0|0|0|47821|72478|372743|55818|72478|372731|55818|62112|136001|0||0|||1|0|00
2026|01|527010|015|08|WA|4725|FAB|01|51|1|006|100|JA|521211|019|A|0|0||0|02||1|5|Rapat Pembahasan SIKRI G2, SIKRIMP, SIKRIKP, SIKRISP (Rapat Mengundang Dit. SITP dan BaTii)|0||0||0||0||0||0|0||0|0|0||0|0|0|0||||0|0||||0|0|0|0|0|0|0|0|0|0|0|0|0|0||0|||1|0|00
2026|01|527010|015|08|WA|4725|FAB|01|51|1|006|100|JA|521211|019|A|0|0||0|02|||6|KDM  Makan Rapat|26|ORG|2|FR|0||0||52|OF|57000|2964000||0|0|0||0|0|0|0||||0|0||||0|0|0|0|113574|172135|885265|132567|172135|885236|132567|147515|323006|0||0|||1|0|00
2026|01|527010|015|08|WA|4725|FAB|01|51|1|006|100|JA|521211|019|A|0|0||0|02|||7|KDM  Snack Rapat|26|ORG|2|FR|0||0||52|OF|24000|1248000||0|0|0||0|0|0|0||||0|0||||0|0|0|0|47821|72478|372743|55818|72478|372731|55818|62112|136001|0||0|||1|0|00
2026|01|527010|015|08|WA|4725|FAB|01|51|1|006|100|JA|521211|019|A|0|0||0|03||1|8|Rapat Pembahasan Pengembangan BAS Konsolidasian dan Pengembangan Media Informasi (Rapat mengundang Kemendagri, DJPK, Dit. SITP, da|0||0||0||0||0||0|0||0|0|0||0|0|0|0||||0|0||||0|0|0|0|0|0|0|0|0|0|0|0|0|0||0|||1|0|00
2026|01|527010|015|08|WA|4725|FAB|01|51|1|006|100|JA|521211|019|A|0|0||0|03|||9|KDM  Makan Rapat|26|ORG|2|FR|0||0||52|OF|57000|2964000||0|0|0||0|0|0|0||||0|0||||0|0|0|0|113574|172135|885265|132567|172135|885236|132567|147515|323006|0||0|||1|0|00
2026|01|527010|015|08|WA|4725|FAB|01|51|1|008|100|FA|524111|019|A|0|0||0||||1|Penginapan|4|ORG|1|LOK|2|HARI|1|FREK|8|OH|700000|5600000||0|0|0||0|0|0|0||||0|0||||0|852564|852564|852564|852564|852564|852564|484616|0|0|0|0|0|0||0|||1|0|00
2026|01|527010|015|08|WA|4725|FAB|01|51|1|008|100|FA|524111|019|A|0|0||0||||2|Uang Harian Luar Kota|4|ORG|1|LOK|3|HARI|1|FREK|12|OH|360000|4320000||0|0|0||0|0|0|0||||0|0||||0|657692|657692|657692|657692|657692|657692|373848|0|0|0|0|0|0||0|||1|0|00
2026|01|527010|015|08|WA|4725|FAB|01|51|1|008|100|FA|524111|019|A|0|0||0||||3|Uang Transport Luar Kota|4|ORG|1|LOK|1|FREK|0||4|OK|2200000|8800000||0|0|0||0|0|0|0||||0|0||||0|1339744|1339744|1339744|1339744|1339744|1339744|761536|0|0|0|0|0|0||0|||1|0|00
2026|01|527010|015|08|WA|4725|FAB|01|51|1|004|100|LA|521211|019|A|0|0||0||||1|KDM  Makan Rapat|30|ORG|1|KTK|24|FR|0||720|OK|57000|41040000||0|0|0||0|0|0|0||||0|0||||0|2655600|2655600|2655600|2655600|2655600|2655600|2655600|2655600|2655600|2655600|2655600|11828400|0||0|||1|0|00
2026|01|527010|015|08|WA|4725|FAB|01|51|1|004|100|LA|521211|019|A|0|0||0||||2|KDM  Snack Rapat|30|ORG|1|KTK|24|FR|0||720|OK|24000|17280000||0|0|0||0|0|0|0||||0|0||||0|1118147|1118147|1118147|1118147|1118147|1118147|1118147|1118147|1118147|1118147|1118147|4980383|0||0|||1|0|00
2026|01|527010|015|08|WA|4725|FAB|01|51|1|004|100|LA|524111|019|A|0|0||0||||1|Akomodasi|3|ORG|2|HR|3|FR|2|LOK|36|OH|609167|21930000||0|0|0||0|0|0|0||||0|0||||0|1534346|1534346|1534346|1534346|1534346|1534346|1534346|1534346|1534346|1534346|1534346|5052194|0||0|||1|0|00
2026|01|527010|015|08|WA|4725|FAB|01|51|1|004|100|LA|524111|019|A|0|0||0||||2|Uang Harian|3|ORG|3|HR|3|FR|2|LOK|54|OH|148315|8009000||0|0|0||0|0|0|0||||0|0||||0|1028915|1028915|1028915|1028915|1028915|1028915|1028915|118595|0|0|0|688000|0||0|||1|0|00
2026|01|527010|015|08|WA|4725|FAB|01|51|1|004|100|LA|524111|019|A|0|0||0||||3|Transport|3|ORG|3|FR|2|LOK|0||18|OF|2073389|37321000||0|0|0||0|0|0|0||||0|0||||0|3158960|3158960|3158960|3158960|3158960|3158960|3158960|3158960|3158960|3158960|3158960|2572440|0||0|||1|0|00
2026|01|527010|015|08|WA|4725|FAB|01|51|1|004|100|LA|524113|019|A|0|0||0||||1|Uang Harian|3|ORG|3|HR|7|FR|1|LOK|63|OH|154175|9713000||0|0|0||0|0|0|0||||0|0||||0|0|0|0|0|0|0|0|0|0|0|8322000|1391000|0||0|||1|0|00
2026|01|527010|015|08|WA|4725|FAB|01|51|1|004|100|LA|524113|019|A|0|0||0||||2|Transport|3|ORG|3|HR|8|FR|1|LOK|72|OK|159153|11459000||0|0|0||0|0|0|0||||0|0||||0|0|0|0|0|0|0|0|0|0|0|8399000|3060000|0||0|||1|0|00
