thang|kdjendok|kdsatker|kddept|kdunit|kdprogram|kdgiat|kdoutput|kdlokasi|kdkabkota|kddekon|kdsoutput|ursoutput|sbmkvol|sbmksat|sbmkmin1|sbmkket|kdsb|volsout|volsbk|kdib
2026|01|015117|015|08|CD|6212|AEF|01|51|2|I01|Komunikasi dan Edukasi Peningkatan Kinerja Investasi Pemerintah|0||0|||30.0|0|00
2026|01|015117|015|08|WA|4715|EBA|01|51|2|001|Kerumahtanggaan|0||0|||1.0|0|00
2026|01|015117|015|08|WA|4715|EBA|01|51|2|994|Layanan Perkantoran|0||0|||1.0|0|00
2026|01|015117|015|08|WA|4715|EBA|01|51|2|002|Dukungan Pimpinan dan Keprotokoleran|0||0|||1.0|0|00
2026|01|015117|015|08|WA|4715|EBD|01|51|2|974|Layanan Penyelenggaraan Kearsipan|0||0|||1.0|0|00
2026|01|015117|015|08|WA|4719|EBA|01|51|2|994|Layanan Perkantoran|0||0|||1.0|0|00
2026|01|015117|015|08|WA|4719|EBC|01|51|2|001|Pengembangan SDM|0||0|||21.0|0|00
2026|01|015116|015|08|CD|6212|FAL|01|51|2|002|Komunikasi dan Edukasi Dalam Rangka Penerimaan dan Pengeluaran Kas|0||0|||2.0|0|00
2026|01|015116|015|08|CD|6214|FAL|01|51|2|001|Koordinasi dan Rekonsiliasi Penerimaan dan Pengeluaran Kas|0||0|||8.0|0|00
2026|01|015116|015|08|CD|6215|FAH|01|51|2|003|Laporan Keuangan BUN|0||0|||1.0|0|00
2026|01|015116|015|08|WA|4715|EBA|01|51|2|001|Kerumahtanggaan|0||0|||1.0|0|00
2026|01|015116|015|08|WA|4715|EBA|01|51|2|994|Layanan Perkantoran|0||0|||12.0|0|00
2026|01|015116|015|08|WA|4715|EBA|01|51|2|002|Dukungan Pimpinan dan Keprotokoleran|0||0|||12.0|0|00
2026|01|015116|015|08|WA|4719|EBA|01|51|2|994|Layanan Perkantoran|0||0|||1.0|0|00
2026|01|015116|015|08|WA|4719|EBC|01|51|2|001|Pengembangan SDM|0||0|||20.0|0|00
2026|01|015115|015|08|CD|6212|BMB|01|51|2|001|Dukungan Pemberdayaan UMKM untuk Inklusi Pemanfaatan Digipay|0||0|||1.0|0|00
2026|01|015115|015|08|CD|6212|FAC|01|51|2|001|Komunikasi dan Edukasi Implementasi Aplikasi|0||0|||63.0|0|00
2026|01|015115|015|08|CD|6212|FAH|01|51|2|001|Edukasi Dalam Rangka Penyusunan Laporan Keuangan Tingkat Kuasa BUN|0||0|||4.0|0|00
2026|01|015115|015|08|CD|6212|FAL|01|51|2|004|Konsultasi Pencairan Dana|0||0|||10.0|0|00
2026|01|015115|015|08|CD|6213|FAC|01|51|2|001|Monev Pengembangan Kompetensi KPA, PPK, PPSPM, Bendahara dan Pengelola Perbendaharaan|0||0|||10.0|0|00
2026|01|015115|015|08|CD|6213|FAE|01|51|2|009|Rekomendasi atas Kinerja Investasi Pemerintah|0||0|||2.0|0|00
2026|01|015115|015|08|CD|6213|FAL|01|51|2|003|Reviu Belanja Pemerintah|0||0|||1.0|0|00
2026|01|015115|015|08|CD|6214|FAL|01|51|2|002|Surat Perintah Pencairan/Penarikan/Repayment/Pengesahan Dana|0||0|||3024.0|0|00
2026|01|015115|015|08|CD|6215|FAH|01|51|2|003|Laporan Keuangan BUN|0||0|||4.0|0|00
2026|01|015115|015|08|WA|4715|EBA|01|51|2|001|Kerumahtanggaan|0||0|||12.0|0|00
2026|01|015115|015|08|WA|4715|EBA|01|51|2|994|Layanan Perkantoran|0||0|||12.0|0|00
2026|01|015115|015|08|WA|4715|EBA|01|51|2|002|Dukungan Pimpinan dan Keprotokoleran|0||0|||12.0|0|00
2026|01|015115|015|08|WA|4715|EBD|01|51|2|Z36|Dokumen Pengelolaan Kinerja Organisasi|0||0|||2.0|0|00
2026|01|015115|015|08|WA|4718|BMB|01|51|2|002|Kehumasan|0||0|||1.0|0|00
2026|01|015115|015|08|WA|4718|BMB|01|51|2|001|Pembinaan/Edukasi Publik|0||0|||2.0|0|00
2026|01|015115|015|08|WA|4719|EBA|01|51|2|994|Layanan Perkantoran|0||0|||12.0|0|00
2026|01|015115|015|08|WA|4719|EBA|01|51|2|004|Hasil Survey/Rekomendasi Kepuasan Pengguna Layanan|0||0|||2.0|0|00
2026|01|015115|015|08|WA|4719|EBC|01|51|2|001|Pengembangan SDM|0||0|||38.0|0|00
2026|01|325237|015|08|CD|6212|BMB|32|52|2|001|Dukungan Pemberdayaan UMKM untuk Inklusi Pemanfaatan Digipay|0||0|||1.0|0|00
2026|01|325237|015|08|CD|6212|FAC|32|52|2|002|Bimbingan Teknis Pengelola Keuangan BLU|0||0|||30.0|0|00
2026|01|325237|015|08|CD|6212|FAH|32|52|2|003|Komunikasi dan Edukasi Penyusunan LKKL dan LKBUN|0||0|||4.0|0|00
2026|01|325237|015|08|CD|6212|FAH|32|52|2|002|Komunikasi dan Edukasi Dalam Rangka Penyusunan Government Financial Statistic (GFS)|0||0|||8.0|0|00
2026|01|325237|015|08|CD|6212|FAL|32|52|2|001|Pembinaan Pelaksanaan Anggaran|0||0|||8.0|0|00
2026|01|325237|015|08|CD|6213|ABA|32|52|2|001|Kajian atas Peluang Investasi dan Pinjaman Daerah|0||0|||2.0|0|00
2026|01|325237|015|08|CD|6213|FAE|32|52|2|009|Rekomendasi atas Kinerja Investasi Pemerintah|0||0|||2.0|0|00
2026|01|325237|015|08|CD|6213|FAE|32|52|2|008|ALCo Regional|0||0|||4.0|0|00
2026|01|325237|015|08|CD|6213|FAL|32|52|2|003|Reviu Belanja Pemerintah|0||0|||4.0|0|00
2026|01|325237|015|08|CD|6215|FAH|32|52|2|003|Laporan Keuangan BUN|0||0|||4.0|0|00
2026|01|325237|015|08|CD|6215|FAH|32|52|2|001|Government Financial Statistic (GFS)|0||0|||4.0|0|00
2026|01|325237|015|08|CD|6216|FAE|32|52|2|002|Rekomendasi Tarif Standar Biaya Masukan|0||0|||1.0|0|00
2026|01|325237|015|08|WA|4715|EBA|32|52|2|001|Kerumahtanggaan|0||0|||12.0|0|00
2026|01|325237|015|08|WA|4715|EBA|32|52|2|994|Layanan Perkantoran|0||0|||12.0|0|00
2026|01|325237|015|08|WA|4715|EBA|32|52|2|002|Dukungan Pimpinan dan Keprotokoleran|0||0|||12.0|0|00
2026|01|325237|015|08|WA|4715|EBD|32|52|2|Z36|Dokumen Pengelolaan Kinerja Organisasi|0||0|||4.0|0|00
2026|01|325237|015|08|WA|4715|EBD|32|52|2|Z26|Laporan Keuangan Unit|0||0|||2.0|0|00
2026|01|325237|015|08|WA|4718|BMB|32|52|2|002|Kehumasan|0||0|||4.0|0|00
2026|01|325237|015|08|WA|4718|BMB|32|52|2|001|Pembinaan/Edukasi Publik|0||0|||2.0|0|00
2026|01|325237|015|08|WA|4719|EBA|32|52|2|003|Rekomendasi Pengelolaan Organisasi|0||0|||5.0|0|00
2026|01|325237|015|08|WA|4719|EBA|32|52|2|994|Layanan Perkantoran|0||0|||12.0|0|00
2026|01|325237|015|08|WA|4719|EBA|32|52|2|005|Standar Mutu Layanan - ISO Mutu Layanan|0||0|||6.0|0|00
2026|01|325237|015|08|WA|4719|EBC|32|52|2|001|Pengembangan SDM|0||0|||40.0|0|00
2026|01|325237|015|08|WA|4722|EBD|32|52|2|001|Rekomendasi Penerapan Pengelolaan Risiko, Pengendalian dan Pengawasan Internal|0||0|||2.0|0|00
2026|01|340249|015|08|CD|6212|BMB|34|02|2|001|Dukungan Pemberdayaan UMKM untuk Inklusi Pemanfaatan Digipay|0||0|||1.0|0|00
2026|01|340249|015|08|CD|6212|FAC|34|02|2|002|Bimbingan Teknis Pengelola Keuangan BLU|0||0|||61.0|0|00
2026|01|340249|015|08|CD|6212|FAH|34|02|2|003|Komunikasi dan Edukasi Penyusunan LKKL dan LKBUN|0||0|||4.0|0|00
2026|01|340249|015|08|CD|6212|FAH|34|02|2|002|Komunikasi dan Edukasi Dalam Rangka Penyusunan Government Financial Statistic (GFS)|0||0|||8.0|0|00
2026|01|340249|015|08|CD|6212|FAL|34|02|2|001|Pembinaan Pelaksanaan Anggaran|0||0|||8.0|0|00
2026|01|340249|015|08|CD|6213|ABA|34|02|2|001|Kajian atas Peluang Investasi dan Pinjaman Daerah|0||0|||2.0|0|00
2026|01|340249|015|08|CD|6213|FAE|34|02|2|009|Rekomendasi atas Kinerja Investasi Pemerintah|0||0|||2.0|0|00
2026|01|340249|015|08|CD|6213|FAE|34|02|2|008|ALCo Regional|0||0|||2.0|0|00
2026|01|340249|015|08|CD|6213|FAL|34|02|2|003|Reviu Belanja Pemerintah|0||0|||4.0|0|00
2026|01|340249|015|08|CD|6215|FAH|34|02|2|003|Laporan Keuangan BUN|0||0|||4.0|0|00
2026|01|340249|015|08|CD|6215|FAH|34|02|2|001|Government Financial Statistic (GFS)|0||0|||4.0|0|00
2026|01|340249|015|08|CD|6216|FAE|34|02|2|002|Rekomendasi Tarif Standar Biaya Masukan|0||0|||1.0|0|00
2026|01|340249|015|08|WA|4715|EBA|34|02|2|001|Kerumahtanggaan|0||0|||12.0|0|00
2026|01|340249|015|08|WA|4715|EBA|34|02|2|994|Layanan Perkantoran|0||0|||12.0|0|00
2026|01|340249|015|08|WA|4715|EBA|34|02|2|002|Dukungan Pimpinan dan Keprotokoleran|0||0|||12.0|0|00
2026|01|340249|015|08|WA|4715|EBD|34|02|2|Z36|Dokumen Pengelolaan Kinerja Organisasi|0||0|||4.0|0|00
2026|01|340249|015|08|WA|4715|EBD|34|02|2|Z26|Laporan Keuangan Unit|0||0|||2.0|0|00
2026|01|340249|015|08|WA|4718|BMB|34|02|2|002|Kehumasan|0||0|||4.0|0|00
2026|01|340249|015|08|WA|4718|BMB|34|02|2|001|Pembinaan/Edukasi Publik|0||0|||2.0|0|00
2026|01|340249|015|08|WA|4719|EBA|34|02|2|003|Rekomendasi Pengelolaan Organisasi|0||0|||5.0|0|00
2026|01|340249|015|08|WA|4719|EBA|34|02|2|994|Layanan Perkantoran|0||0|||12.0|0|00
2026|01|340249|015|08|WA|4719|EBA|34|02|2|005|Standar Mutu Layanan - ISO Mutu Layanan|0||0|||6.0|0|00
2026|01|340249|015|08|WA|4719|EBC|34|02|2|001|Pengembangan SDM|0||0|||39.0|0|00
2026|01|340249|015|08|WA|4722|EBD|34|02|2|001|Rekomendasi Penerapan Pengelolaan Risiko, Pengendalian dan Pengawasan Internal|0||0|||2.0|0|00
2026|01|409999|015|08|WA|4712|CAN|01|00|1|001|Perangkat Pengolah Data dan Komunikasi|0||0|||40.0|0|00
2026|01|409999|015|08|WA|4712|EBA|01|00|1|001|Rekomendasi Pengelolaan Organisasi|0||0|||1.0|0|00
2026|01|409999|015|08|WA|4712|EBA|01|00|1|994|Layanan Perkantoran|0||0|||12.0|0|00
2026|01|409999|015|08|WA|4712|EBA|01|00|1|002|Dukungan Pimpinan dan Keprotokoleran|0||0|||12.0|0|00
2026|01|409999|015|08|WA|4712|EBB|01|00|1|001|Peralatan Fasilitas Perkantoran|0||0|||75.0|0|00
2026|01|409999|015|08|WA|4712|EBC|01|00|1|001|Pengembangan SDM|0||0|||130.0|0|00
2026|01|409999|015|08|WA|4712|EBD|01|00|1|002|Laporan Keuangan Unit|0||0|||2.0|0|00
2026|01|409999|015|08|WA|4712|EBD|01|00|1|974|Layanan Penyelenggaraan Kearsipan|0||0|||1.0|0|00
2026|01|409999|015|08|WA|4712|EBD|01|00|1|003|Rekomendasi Penerapan Pengelolaan Risiko, Pengendalian dan Pengawasan Internal|0||0|||15.0|0|00
2026|01|409999|015|08|WA|4712|FAB|01|00|1|003|Sistem Aplikasi Internal|0||0|||6.0|0|00
2026|01|409999|015|08|WA|4712|FAM|01|00|1|001|PNBP/Imbal Hasil Kelolaan Dana BLU|0||0|||688.0|0|00
2026|01|409999|015|08|WA|4712|FAM|01|00|1|003|Pendanaan untuk Penelitian dan Pengembangan Perkebunan|0||0|||85.0|0|00
2026|01|409999|015|08|WA|4712|FAM|01|00|1|007|Pendanaan untuk Sarana dan Prasarana Perkebunan|0||0|||16000.0|0|00
2026|01|409999|015|08|WA|4712|FAM|01|00|1|005|Pendanaan untuk Peremajaan Lahan Perkebunan|0||0|||21011.0|0|00
2026|01|409999|015|08|WA|4712|FAM|01|00|1|006|Pendanaan untuk SDM Perkebunan|0||0|||6550.0|0|00
2026|01|409999|015|08|WA|4712|FAM|01|00|1|004|Pendanaan untuk Promosi dan Kemitraan Perkebunan|0||0|||80.0|0|00
2026|01|409999|015|08|WA|4712|UAM|01|00|1|201|Pendanaan untuk Volume Penyaluran Selisih Harga Biodiesel (PN)|0||0|||1000000.0|0|00
2026|01|330171|015|08|CD|6212|BMB|33|01|2|001|Dukungan Pemberdayaan UMKM untuk Inklusi Pemanfaatan Digipay|0||0|||1.0|0|00
2026|01|330171|015|08|CD|6212|FAC|33|01|2|002|Bimbingan Teknis Pengelola Keuangan BLU|0||0|||12.0|0|00
2026|01|330171|015|08|CD|6212|FAH|33|01|2|003|Komunikasi dan Edukasi Penyusunan LKKL dan LKBUN|0||0|||4.0|0|00
2026|01|330171|015|08|CD|6212|FAH|33|01|2|002|Komunikasi dan Edukasi Dalam Rangka Penyusunan Government Financial Statistic (GFS)|0||0|||8.0|0|00
2026|01|330171|015|08|CD|6212|FAL|33|01|2|001|Pembinaan Pelaksanaan Anggaran|0||0|||8.0|0|00
2026|01|330171|015|08|CD|6213|ABA|33|01|2|001|Kajian atas Peluang Investasi dan Pinjaman Daerah|0||0|||2.0|0|00
2026|01|330171|015|08|CD|6213|FAE|33|01|2|009|Rekomendasi atas Kinerja Investasi Pemerintah|0||0|||2.0|0|00
2026|01|330171|015|08|CD|6213|FAE|33|01|2|008|ALCo Regional|0||0|||2.0|0|00
2026|01|330171|015|08|CD|6213|FAL|33|01|2|003|Reviu Belanja Pemerintah|0||0|||4.0|0|00
2026|01|330171|015|08|CD|6215|FAH|33|01|2|003|Laporan Keuangan BUN|0||0|||4.0|0|00
2026|01|330171|015|08|CD|6215|FAH|33|01|2|001|Government Financial Statistic (GFS)|0||0|||4.0|0|00
2026|01|330171|015|08|CD|6216|FAE|33|01|2|002|Rekomendasi Tarif Standar Biaya Masukan|0||0|||1.0|0|00
2026|01|330171|015|08|WA|4715|EBA|33|01|2|001|Kerumahtanggaan|0||0|||12.0|0|00
2026|01|330171|015|08|WA|4715|EBA|33|01|2|994|Layanan Perkantoran|0||0|||12.0|0|00
2026|01|330171|015|08|WA|4715|EBA|33|01|2|002|Dukungan Pimpinan dan Keprotokoleran|0||0|||12.0|0|00
2026|01|330171|015|08|WA|4715|EBB|33|01|2|004|Gedung/Bangunan|0||0|||480.0|0|00
2026|01|330171|015|08|WA|4715|EBD|33|01|2|Z36|Dokumen Pengelolaan Kinerja Organisasi|0||0|||4.0|0|00
2026|01|330171|015|08|WA|4715|EBD|33|01|2|Z26|Laporan Keuangan Unit|0||0|||2.0|0|00
2026|01|330171|015|08|WA|4718|BMB|33|01|2|002|Kehumasan|0||0|||4.0|0|00
2026|01|330171|015|08|WA|4718|BMB|33|01|2|001|Pembinaan/Edukasi Publik|0||0|||2.0|0|00
2026|01|330171|015|08|WA|4719|EBA|33|01|2|003|Rekomendasi Pengelolaan Organisasi|0||0|||7.0|0|00
2026|01|330171|015|08|WA|4719|EBA|33|01|2|994|Layanan Perkantoran|0||0|||12.0|0|00
2026|01|330171|015|08|WA|4719|EBA|33|01|2|005|Standar Mutu Layanan - ISO Mutu Layanan|0||0|||8.0|0|00
2026|01|330171|015|08|WA|4719|EBC|33|01|2|001|Pengembangan SDM|0||0|||41.0|0|00
2026|01|330171|015|08|WA|4722|EBD|33|01|2|001|Rekomendasi Penerapan Pengelolaan Risiko, Pengendalian dan Pengawasan Internal|0||0|||2.0|0|00
2026|01|330171|015|08|WA|6990|ABA|33|01|2|001|Rekomendasi Kebijakan terkait Percepatan Pembangunan dan Otonomi Khusus Papua|0||0|||4.0|0|00
2026|01|439165|015|08|CD|6216|AAH|01|51|1|F01|Pedoman Mengenai Akuntansi dan Pelaporan Keuangan Pemerintah|0||0|||4.0|0|00
2026|01|439165|015|08|WA|4715|EBA|01|51|1|994|Layanan Perkantoran|0||0|||12.0|0|00
2026|01|439039|015|08|WA|4714|AAH|01|51|1|001|Peraturan Lainnya terkait Organisasi|0||0|||10.0|0|00
2026|01|439039|015|08|WA|4714|BMB|01|51|1|001|Pembinaan/Edukasi Publik|0||0|||10.0|0|00
2026|01|439039|015|08|WA|4714|EBA|01|51|1|994|Layanan Perkantoran|0||0|||12.0|0|00
2026|01|439039|015|08|WA|4714|EBA|01|51|1|001|Kerumahtanggaan|0||0|||12.0|0|00
2026|01|439039|015|08|WA|4714|EBC|01|51|1|002|Administrasi Kepegawaian|0||0|||78.0|0|00
2026|01|439039|015|08|WA|4714|EBC|01|51|1|001|Pengembangan SDM|0||0|||65.0|0|00
2026|01|439039|015|08|WA|4714|EBD|01|51|1|002|Laporan Keuangan Unit|0||0|||1.0|0|00
2026|01|439039|015|08|WA|4714|EBD|01|51|1|005|Rekomendasi Kepatuhan Internal|0||0|||2.0|0|00
2026|01|439039|015|08|WA|4714|EBD|01|51|1|004|Rekomendasi Manajemen Risiko|0||0|||3.0|0|00
2026|01|439039|015|08|WA|4714|EBD|01|51|1|003|Rekomendasi Penerapan Pengelolaan Risiko, Pengendalian dan Pengawasan Internal|0||0|||2.0|0|00
2026|01|439039|015|08|WA|4714|FAB|01|51|1|003|Sistem Aplikasi Internal|0||0|||1.0|0|00
2026|01|439039|015|08|WA|4714|FAM|01|51|1|001|PNBP/Imbal Hasil Kelolaan Dana BLU|0||0|||685.0|0|00
2026|01|439039|015|08|WA|4714|FAM|01|51|1|003|Pendanaan untuk Penerima Manfaat yang Terfasilitasi Dana Program Lingkungan Hidup|0||0|||230.0|0|00
2026|01|439039|015|08|WA|4714|FAM|01|51|1|002|Pendanaan untuk Debitur Yang Terfasilitasi Dana Bergulir Lingkungan Hidup|0||0|||17000.0|0|00
2026|01|015114|015|08|CD|6212|BMB|01|51|2|001|Dukungan Pemberdayaan UMKM untuk Inklusi Pemanfaatan Digipay|0||0|||1.0|0|00
2026|01|015114|015|08|CD|6212|FAC|01|51|2|001|Komunikasi dan Edukasi Implementasi Aplikasi|0||0|||93.0|0|00
2026|01|015114|015|08|CD|6212|FAH|01|51|2|001|Edukasi Dalam Rangka Penyusunan Laporan Keuangan Tingkat Kuasa BUN|0||0|||4.0|0|00
2026|01|015114|015|08|CD|6212|FAL|01|51|2|004|Konsultasi Pencairan Dana|0||0|||10.0|0|00
2026|01|015114|015|08|CD|6213|FAC|01|51|2|001|Monev Pengembangan Kompetensi KPA, PPK, PPSPM, Bendahara dan Pengelola Perbendaharaan|0||0|||10.0|0|00
2026|01|015114|015|08|CD|6213|FAE|01|51|2|009|Rekomendasi atas Kinerja Investasi Pemerintah|0||0|||2.0|0|00
2026|01|015114|015|08|CD|6213|FAL|01|51|2|003|Reviu Belanja Pemerintah|0||0|||1.0|0|00
2026|01|015114|015|08|CD|6214|FAL|01|51|2|002|Surat Perintah Pencairan/Penarikan/Repayment/Pengesahan Dana|0||0|||4440.0|0|00
2026|01|015114|015|08|CD|6215|FAH|01|51|2|003|Laporan Keuangan BUN|0||0|||4.0|0|00
2026|01|015114|015|08|WA|4715|EBA|01|51|2|001|Kerumahtanggaan|0||0|||12.0|0|00
2026|01|015114|015|08|WA|4715|EBA|01|51|2|994|Layanan Perkantoran|0||0|||12.0|0|00
2026|01|015114|015|08|WA|4715|EBA|01|51|2|002|Dukungan Pimpinan dan Keprotokoleran|0||0|||12.0|0|00
2026|01|015114|015|08|WA|4715|EBD|01|51|2|Z36|Dokumen Pengelolaan Kinerja Organisasi|0||0|||2.0|0|00
2026|01|015114|015|08|WA|4718|BMB|01|51|2|002|Kehumasan|0||0|||1.0|0|00
2026|01|015114|015|08|WA|4718|BMB|01|51|2|001|Pembinaan/Edukasi Publik|0||0|||2.0|0|00
2026|01|015114|015|08|WA|4719|EBA|01|51|2|994|Layanan Perkantoran|0||0|||12.0|0|00
2026|01|015114|015|08|WA|4719|EBA|01|51|2|004|Hasil Survey/Rekomendasi Kepuasan Pengguna Layanan|0||0|||2.0|0|00
2026|01|015114|015|08|WA|4719|EBC|01|51|2|001|Pengembangan SDM|0||0|||41.0|0|00
2026|01|451531|015|08|CD|6212|BMB|02|51|2|001|Dukungan Pemberdayaan UMKM untuk Inklusi Pemanfaatan Digipay|0||0|||1.0|0|00
2026|01|451531|015|08|CD|6212|FAC|02|51|2|001|Komunikasi dan Edukasi Implementasi Aplikasi|0||0|||189.0|0|00
2026|01|451531|015|08|CD|6212|FAH|02|51|2|001|Edukasi Dalam Rangka Penyusunan Laporan Keuangan Tingkat Kuasa BUN|0||0|||4.0|0|00
2026|01|451531|015|08|CD|6212|FAL|02|51|2|004|Konsultasi Pencairan Dana|0||0|||10.0|0|00
2026|01|451531|015|08|CD|6213|FAC|02|51|2|001|Monev Pengembangan Kompetensi KPA, PPK, PPSPM, Bendahara dan Pengelola Perbendaharaan|0||0|||10.0|0|00
2026|01|451531|015|08|CD|6213|FAE|02|51|2|009|Rekomendasi atas Kinerja Investasi Pemerintah|0||0|||2.0|0|00
2026|01|451531|015|08|CD|6213|FAL|02|51|2|003|Reviu Belanja Pemerintah|0||0|||1.0|0|00
2026|01|451531|015|08|CD|6214|FAL|02|51|2|002|Surat Perintah Pencairan/Penarikan/Repayment/Pengesahan Dana|0||0|||4488.0|0|00
2026|01|451531|015|08|CD|6215|FAH|02|51|2|003|Laporan Keuangan BUN|0||0|||4.0|0|00
2026|01|451531|015|08|WA|4715|EBA|02|51|2|001|Kerumahtanggaan|0||0|||12.0|0|00
2026|01|451531|015|08|WA|4715|EBA|02|51|2|994|Layanan Perkantoran|0||0|||12.0|0|00
2026|01|451531|015|08|WA|4715|EBA|02|51|2|002|Dukungan Pimpinan dan Keprotokoleran|0||0|||12.0|0|00
2026|01|451531|015|08|WA|4715|EBD|02|51|2|Z36|Dokumen Pengelolaan Kinerja Organisasi|0||0|||2.0|0|00
2026|01|451531|015|08|WA|4718|BMB|02|51|2|002|Kehumasan|0||0|||1.0|0|00
2026|01|451531|015|08|WA|4718|BMB|02|51|2|001|Pembinaan/Edukasi Publik|0||0|||2.0|0|00
2026|01|451531|015|08|WA|4719|EBA|02|51|2|994|Layanan Perkantoran|0||0|||12.0|0|00
2026|01|451531|015|08|WA|4719|EBA|02|51|2|004|Hasil Survey/Rekomendasi Kepuasan Pengguna Layanan|0||0|||2.0|0|00
2026|01|451531|015|08|WA|4719|EBC|02|51|2|001|Pengembangan SDM|0||0|||25.0|0|00
2026|01|445371|015|08|CD|6212|BMB|26|06|2|001|Dukungan Pemberdayaan UMKM untuk Inklusi Pemanfaatan Digipay|0||0|||1.0|0|00
2026|01|445371|015|08|CD|6212|FAC|26|06|2|001|Komunikasi dan Edukasi Implementasi Aplikasi|0||0|||15.0|0|00
2026|01|445371|015|08|CD|6212|FAH|26|06|2|001|Edukasi Dalam Rangka Penyusunan Laporan Keuangan Tingkat Kuasa BUN|0||0|||4.0|0|00
2026|01|445371|015|08|CD|6212|FAL|26|06|2|004|Konsultasi Pencairan Dana|0||0|||10.0|0|00
2026|01|445371|015|08|CD|6213|FAC|26|06|2|001|Monev Pengembangan Kompetensi KPA, PPK, PPSPM, Bendahara dan Pengelola Perbendaharaan|0||0|||10.0|0|00
2026|01|445371|015|08|CD|6213|FAE|26|06|2|009|Rekomendasi atas Kinerja Investasi Pemerintah|0||0|||2.0|0|00
2026|01|445371|015|08|CD|6213|FAL|26|06|2|003|Reviu Belanja Pemerintah|0||0|||1.0|0|00
2026|01|445371|015|08|CD|6214|FAL|26|06|2|002|Surat Perintah Pencairan/Penarikan/Repayment/Pengesahan Dana|0||0|||648.0|0|00
2026|01|445371|015|08|CD|6215|FAH|26|06|2|003|Laporan Keuangan BUN|0||0|||4.0|0|00
2026|01|445371|015|08|WA|4715|EBA|26|06|2|001|Kerumahtanggaan|0||0|||12.0|0|00
2026|01|445371|015|08|WA|4715|EBA|26|06|2|994|Layanan Perkantoran|0||0|||12.0|0|00
2026|01|445371|015|08|WA|4715|EBA|26|06|2|002|Dukungan Pimpinan dan Keprotokoleran|0||0|||12.0|0|00
2026|01|445371|015|08|WA|4715|EBD|26|06|2|Z36|Dokumen Pengelolaan Kinerja Organisasi|0||0|||2.0|0|00
2026|01|445371|015|08|WA|4718|BMB|26|06|2|002|Kehumasan|0||0|||1.0|0|00
2026|01|445371|015|08|WA|4718|BMB|26|06|2|001|Pembinaan/Edukasi Publik|0||0|||2.0|0|00
2026|01|445371|015|08|WA|4719|EBA|26|06|2|994|Layanan Perkantoran|0||0|||12.0|0|00
2026|01|445371|015|08|WA|4719|EBA|26|06|2|004|Hasil Survey/Rekomendasi Kepuasan Pengguna Layanan|0||0|||2.0|0|00
2026|01|445371|015|08|WA|4719|EBC|26|06|2|001|Pengembangan SDM|0||0|||12.0|0|00
2026|01|451553|015|08|CD|6212|BMB|05|51|2|001|Dukungan Pemberdayaan UMKM untuk Inklusi Pemanfaatan Digipay|0||0|||1.0|0|00
2026|01|451553|015|08|CD|6212|FAC|05|51|2|001|Komunikasi dan Edukasi Implementasi Aplikasi|0||0|||160.0|0|00
2026|01|451553|015|08|CD|6212|FAH|05|51|2|001|Edukasi Dalam Rangka Penyusunan Laporan Keuangan Tingkat Kuasa BUN|0||0|||4.0|0|00
2026|01|451553|015|08|CD|6212|FAL|05|51|2|004|Konsultasi Pencairan Dana|0||0|||10.0|0|00
2026|01|451553|015|08|CD|6213|FAC|05|51|2|001|Monev Pengembangan Kompetensi KPA, PPK, PPSPM, Bendahara dan Pengelola Perbendaharaan|0||0|||10.0|0|00
2026|01|451553|015|08|CD|6213|FAE|05|51|2|009|Rekomendasi atas Kinerja Investasi Pemerintah|0||0|||2.0|0|00
2026|01|451553|015|08|CD|6213|FAL|05|51|2|003|Reviu Belanja Pemerintah|0||0|||1.0|0|00
2026|01|451553|015|08|CD|6214|FAL|05|51|2|002|Surat Perintah Pencairan/Penarikan/Repayment/Pengesahan Dana|0||0|||3312.0|0|00
2026|01|451553|015|08|CD|6215|FAH|05|51|2|003|Laporan Keuangan BUN|0||0|||4.0|0|00
2026|01|451553|015|08|WA|4715|EBA|05|51|2|001|Kerumahtanggaan|0||0|||12.0|0|00
2026|01|451553|015|08|WA|4715|EBA|05|51|2|994|Layanan Perkantoran|0||0|||12.0|0|00
2026|01|451553|015|08|WA|4715|EBA|05|51|2|002|Dukungan Pimpinan dan Keprotokoleran|0||0|||12.0|0|00
2026|01|451553|015|08|WA|4715|EBD|05|51|2|Z36|Dokumen Pengelolaan Kinerja Organisasi|0||0|||2.0|0|00
2026|01|451553|015|08|WA|4718|BMB|05|51|2|002|Kehumasan|0||0|||1.0|0|00
2026|01|451553|015|08|WA|4718|BMB|05|51|2|001|Pembinaan/Edukasi Publik|0||0|||2.0|0|00
2026|01|451553|015|08|WA|4719|EBA|05|51|2|994|Layanan Perkantoran|0||0|||12.0|0|00
2026|01|451553|015|08|WA|4719|EBA|05|51|2|004|Hasil Survey/Rekomendasi Kepuasan Pengguna Layanan|0||0|||2.0|0|00
2026|01|451553|015|08|WA|4719|EBC|05|51|2|001|Pengembangan SDM|0||0|||26.0|0|00
2026|01|440781|015|08|WA|4713|EBA|01|51|1|001|Kerumahtanggaan|0||0|||12.0|0|00
2026|01|440781|015|08|WA|4713|EBA|01|51|1|994|Layanan Perkantoran|0||0|||12.0|0|00
2026|01|440781|015|08|WA|4713|EBA|01|51|1|002|Dukungan Pimpinan dan Keprotokoleran|0||0|||12.0|0|00
2026|01|440781|015|08|WA|4713|EBB|01|51|1|001|Peralatan Fasilitas Perkantoran|0||0|||20.0|0|00
2026|01|440781|015|08|WA|4713|EBC|01|51|1|001|Pengembangan SDM|0||0|||49.0|0|00
2026|01|440781|015|08|WA|4713|EBD|01|51|1|002|Laporan Keuangan Unit|0||0|||3.0|0|00
2026|01|440781|015|08|WA|4713|EBD|01|51|1|004|Rekomendasi Penerapan Pengelolaan Risiko, Pengendalian dan Pengawasan Internal|0||0|||12.0|0|00
2026|01|440781|015|08|WA|4713|EBD|01|51|1|003|Dokumen Perbendaharaan Unit|0||0|||1.0|0|00
2026|01|440781|015|08|WA|4713|FAM|01|51|1|001|PNBP/Imbal Hasil Kelolaan Dana BLU|0||0|||336.1|0|00
2026|01|440781|015|08|WA|4713|UAM|01|51|1|201|Pendanaan untuk Usaha Mikro yang Terfasilitasi Pembiayaan UMi (PN)|0||0|||1480000.0|0|00
2026|01|451547|015|08|CD|6212|BMB|03|51|2|001|Dukungan Pemberdayaan UMKM untuk Inklusi Pemanfaatan Digipay|0||0|||1.0|0|00
2026|01|451547|015|08|CD|6212|FAC|03|51|2|001|Komunikasi dan Edukasi Implementasi Aplikasi|0||0|||53.0|0|00
2026|01|451547|015|08|CD|6212|FAH|03|51|2|001|Edukasi Dalam Rangka Penyusunan Laporan Keuangan Tingkat Kuasa BUN|0||0|||4.0|0|00
2026|01|451547|015|08|CD|6212|FAL|03|51|2|004|Konsultasi Pencairan Dana|0||0|||10.0|0|00
2026|01|451547|015|08|CD|6213|FAC|03|51|2|001|Monev Pengembangan Kompetensi KPA, PPK, PPSPM, Bendahara dan Pengelola Perbendaharaan|0||0|||10.0|0|00
2026|01|451547|015|08|CD|6213|FAE|03|51|2|009|Rekomendasi atas Kinerja Investasi Pemerintah|0||0|||2.0|0|00
2026|01|451547|015|08|CD|6213|FAL|03|51|2|003|Reviu Belanja Pemerintah|0||0|||1.0|0|00
2026|01|451547|015|08|CD|6214|FAL|03|51|2|002|Surat Perintah Pencairan/Penarikan/Repayment/Pengesahan Dana|0||0|||2400.0|0|00
2026|01|451547|015|08|CD|6215|FAH|03|51|2|003|Laporan Keuangan BUN|0||0|||4.0|0|00
2026|01|451547|015|08|WA|4715|EBA|03|51|2|001|Kerumahtanggaan|0||0|||12.0|0|00
2026|01|451547|015|08|WA|4715|EBA|03|51|2|994|Layanan Perkantoran|0||0|||12.0|0|00
2026|01|451547|015|08|WA|4715|EBA|03|51|2|002|Dukungan Pimpinan dan Keprotokoleran|0||0|||12.0|0|00
2026|01|451547|015|08|WA|4715|EBD|03|51|2|Z36|Dokumen Pengelolaan Kinerja Organisasi|0||0|||2.0|0|00
2026|01|451547|015|08|WA|4718|BMB|03|51|2|002|Kehumasan|0||0|||1.0|0|00
2026|01|451547|015|08|WA|4718|BMB|03|51|2|001|Pembinaan/Edukasi Publik|0||0|||2.0|0|00
2026|01|451547|015|08|WA|4719|EBA|03|51|2|994|Layanan Perkantoran|0||0|||12.0|0|00
2026|01|451547|015|08|WA|4719|EBA|03|51|2|004|Hasil Survey/Rekomendasi Kepuasan Pengguna Layanan|0||0|||2.0|0|00
2026|01|451547|015|08|WA|4719|EBC|03|51|2|001|Pengembangan SDM|0||0|||24.0|0|00
2026|01|451562|015|08|CD|6212|BMB|07|51|2|001|Dukungan Pemberdayaan UMKM untuk Inklusi Pemanfaatan Digipay|0||0|||1.0|0|00
2026|01|451562|015|08|CD|6212|FAC|07|51|2|001|Komunikasi dan Edukasi Implementasi Aplikasi|0||0|||89.0|0|00
2026|01|451562|015|08|CD|6212|FAH|07|51|2|001|Edukasi Dalam Rangka Penyusunan Laporan Keuangan Tingkat Kuasa BUN|0||0|||4.0|0|00
2026|01|451562|015|08|CD|6212|FAL|07|51|2|004|Konsultasi Pencairan Dana|0||0|||10.0|0|00
2026|01|451562|015|08|CD|6213|FAC|07|51|2|001|Monev Pengembangan Kompetensi KPA, PPK, PPSPM, Bendahara dan Pengelola Perbendaharaan|0||0|||10.0|0|00
2026|01|451562|015|08|CD|6213|FAE|07|51|2|009|Rekomendasi atas Kinerja Investasi Pemerintah|0||0|||2.0|0|00
2026|01|451562|015|08|CD|6213|FAL|07|51|2|003|Reviu Belanja Pemerintah|0||0|||1.0|0|00
2026|01|451562|015|08|CD|6214|FAL|07|51|2|002|Surat Perintah Pencairan/Penarikan/Repayment/Pengesahan Dana|0||0|||4176.0|0|00
2026|01|451562|015|08|CD|6215|FAH|07|51|2|003|Laporan Keuangan BUN|0||0|||4.0|0|00
2026|01|451562|015|08|WA|4715|EBA|07|51|2|001|Kerumahtanggaan|0||0|||12.0|0|00
2026|01|451562|015|08|WA|4715|EBA|07|51|2|994|Layanan Perkantoran|0||0|||12.0|0|00
2026|01|451562|015|08|WA|4715|EBA|07|51|2|002|Dukungan Pimpinan dan Keprotokoleran|0||0|||12.0|0|00
2026|01|451562|015|08|WA|4715|EBD|07|51|2|Z36|Dokumen Pengelolaan Kinerja Organisasi|0||0|||2.0|0|00
2026|01|451562|015|08|WA|4718|BMB|07|51|2|002|Kehumasan|0||0|||1.0|0|00
2026|01|451562|015|08|WA|4718|BMB|07|51|2|001|Pembinaan/Edukasi Publik|0||0|||2.0|0|00
2026|01|451562|015|08|WA|4719|EBA|07|51|2|994|Layanan Perkantoran|0||0|||12.0|0|00
2026|01|451562|015|08|WA|4719|EBA|07|51|2|004|Hasil Survey/Rekomendasi Kepuasan Pengguna Layanan|0||0|||2.0|0|00
2026|01|451562|015|08|WA|4719|EBC|07|51|2|001|Pengembangan SDM|0||0|||28.0|0|00
2026|01|451578|015|08|CD|6212|BMB|19|51|2|001|Dukungan Pemberdayaan UMKM untuk Inklusi Pemanfaatan Digipay|0||0|||1.0|0|00
2026|01|451578|015|08|CD|6212|FAC|19|51|2|001|Komunikasi dan Edukasi Implementasi Aplikasi|0||0|||104.0|0|00
2026|01|451578|015|08|CD|6212|FAH|19|51|2|001|Edukasi Dalam Rangka Penyusunan Laporan Keuangan Tingkat Kuasa BUN|0||0|||4.0|0|00
2026|01|451578|015|08|CD|6212|FAL|19|51|2|004|Konsultasi Pencairan Dana|0||0|||10.0|0|00
2026|01|451578|015|08|CD|6213|FAC|19|51|2|001|Monev Pengembangan Kompetensi KPA, PPK, PPSPM, Bendahara dan Pengelola Perbendaharaan|0||0|||10.0|0|00
2026|01|451578|015|08|CD|6213|FAE|19|51|2|009|Rekomendasi atas Kinerja Investasi Pemerintah|0||0|||2.0|0|00
2026|01|451578|015|08|CD|6213|FAL|19|51|2|003|Reviu Belanja Pemerintah|0||0|||1.0|0|00
2026|01|451578|015|08|CD|6214|FAL|19|51|2|002|Surat Perintah Pencairan/Penarikan/Repayment/Pengesahan Dana|0||0|||4848.0|0|00
2026|01|451578|015|08|CD|6215|FAH|19|51|2|003|Laporan Keuangan BUN|0||0|||4.0|0|00
2026|01|451578|015|08|WA|4715|EBA|19|51|2|001|Kerumahtanggaan|0||0|||12.0|0|00
2026|01|451578|015|08|WA|4715|EBA|19|51|2|994|Layanan Perkantoran|0||0|||1.0|0|00
2026|01|451578|015|08|WA|4715|EBA|19|51|2|002|Dukungan Pimpinan dan Keprotokoleran|0||0|||12.0|0|00
2026|01|451578|015|08|WA|4715|EBD|19|51|2|Z36|Dokumen Pengelolaan Kinerja Organisasi|0||0|||2.0|0|00
2026|01|451578|015|08|WA|4718|BMB|19|51|2|002|Kehumasan|0||0|||1.0|0|00
2026|01|451578|015|08|WA|4718|BMB|19|51|2|001|Pembinaan/Edukasi Publik|0||0|||2.0|0|00
2026|01|451578|015|08|WA|4719|EBA|19|51|2|994|Layanan Perkantoran|0||0|||12.0|0|00
2026|01|451578|015|08|WA|4719|EBA|19|51|2|004|Hasil Survey/Rekomendasi Kepuasan Pengguna Layanan|0||0|||2.0|0|00
2026|01|451578|015|08|WA|4719|EBC|19|51|2|001|Pengembangan SDM|0||0|||27.0|0|00
2026|01|451604|015|08|CD|6212|BMB|34|02|2|001|Dukungan Pemberdayaan UMKM untuk Inklusi Pemanfaatan Digipay|0||0|||1.0|0|00
2026|01|451604|015|08|CD|6212|FAC|34|02|2|001|Komunikasi dan Edukasi Implementasi Aplikasi|0||0|||92.0|0|00
2026|01|451604|015|08|CD|6212|FAH|34|02|2|001|Edukasi Dalam Rangka Penyusunan Laporan Keuangan Tingkat Kuasa BUN|0||0|||4.0|0|00
2026|01|451604|015|08|CD|6212|FAL|34|02|2|004|Konsultasi Pencairan Dana|0||0|||10.0|0|00
2026|01|451604|015|08|CD|6213|FAC|34|02|2|001|Monev Pengembangan Kompetensi KPA, PPK, PPSPM, Bendahara dan Pengelola Perbendaharaan|0||0|||10.0|0|00
2026|01|451604|015|08|CD|6213|FAE|34|02|2|009|Rekomendasi atas Kinerja Investasi Pemerintah|0||0|||2.0|0|00
2026|01|451604|015|08|CD|6213|FAL|34|02|2|003|Reviu Belanja Pemerintah|0||0|||1.0|0|00
2026|01|451604|015|08|CD|6214|FAL|34|02|2|002|Surat Perintah Pencairan/Penarikan/Repayment/Pengesahan Dana|0||0|||4200.0|0|00
2026|01|451604|015|08|CD|6215|FAH|34|02|2|003|Laporan Keuangan BUN|0||0|||4.0|0|00
2026|01|451604|015|08|WA|4715|EBA|34|02|2|001|Kerumahtanggaan|0||0|||12.0|0|00
2026|01|451604|015|08|WA|4715|EBA|34|02|2|994|Layanan Perkantoran|0||0|||12.0|0|00
2026|01|451604|015|08|WA|4715|EBA|34|02|2|002|Dukungan Pimpinan dan Keprotokoleran|0||0|||12.0|0|00
2026|01|451604|015|08|WA|4715|EBD|34|02|2|Z36|Dokumen Pengelolaan Kinerja Organisasi|0||0|||2.0|0|00
2026|01|451604|015|08|WA|4718|BMB|34|02|2|002|Kehumasan|0||0|||1.0|0|00
2026|01|451604|015|08|WA|4718|BMB|34|02|2|001|Pembinaan/Edukasi Publik|0||0|||2.0|0|00
2026|01|451604|015|08|WA|4719|EBA|34|02|2|994|Layanan Perkantoran|0||0|||12.0|0|00
2026|01|451604|015|08|WA|4719|EBA|34|02|2|004|Hasil Survey/Rekomendasi Kepuasan Pengguna Layanan|0||0|||2.0|0|00
2026|01|451604|015|08|WA|4719|EBC|34|02|2|001|Pengembangan SDM|0||0|||20.0|0|00
2026|01|452878|015|08|CD|6212|BMB|28|03|2|001|Dukungan Pemberdayaan UMKM untuk Inklusi Pemanfaatan Digipay|0||0|||1.0|0|00
2026|01|452878|015|08|CD|6212|FAC|28|03|2|001|Komunikasi dan Edukasi Implementasi Aplikasi|0||0|||36.0|0|00
2026|01|452878|015|08|CD|6212|FAH|28|03|2|001|Edukasi Dalam Rangka Penyusunan Laporan Keuangan Tingkat Kuasa BUN|0||0|||4.0|0|00
2026|01|452878|015|08|CD|6212|FAL|28|03|2|004|Konsultasi Pencairan Dana|0||0|||10.0|0|00
2026|01|452878|015|08|CD|6213|FAC|28|03|2|001|Monev Pengembangan Kompetensi KPA, PPK, PPSPM, Bendahara dan Pengelola Perbendaharaan|0||0|||10.0|0|00
2026|01|452878|015|08|CD|6213|FAE|28|03|2|009|Rekomendasi atas Kinerja Investasi Pemerintah|0||0|||2.0|0|00
2026|01|452878|015|08|CD|6213|FAL|28|03|2|003|Reviu Belanja Pemerintah|0||0|||1.0|0|00
2026|01|452878|015|08|CD|6214|FAL|28|03|2|002|Surat Perintah Pencairan/Penarikan/Repayment/Pengesahan Dana|0||0|||1560.0|0|00
2026|01|452878|015|08|CD|6215|FAH|28|03|2|003|Laporan Keuangan BUN|0||0|||4.0|0|00
2026|01|452878|015|08|WA|4715|EBA|28|03|2|001|Kerumahtanggaan|0||0|||12.0|0|00
2026|01|452878|015|08|WA|4715|EBA|28|03|2|994|Layanan Perkantoran|0||0|||12.0|0|00
2026|01|452878|015|08|WA|4715|EBA|28|03|2|002|Dukungan Pimpinan dan Keprotokoleran|0||0|||12.0|0|00
2026|01|452878|015|08|WA|4715|EBD|28|03|2|Z36|Dokumen Pengelolaan Kinerja Organisasi|0||0|||2.0|0|00
2026|01|452878|015|08|WA|4718|BMB|28|03|2|002|Kehumasan|0||0|||1.0|0|00
2026|01|452878|015|08|WA|4718|BMB|28|03|2|001|Pembinaan/Edukasi Publik|0||0|||2.0|0|00
2026|01|452878|015|08|WA|4719|EBA|28|03|2|994|Layanan Perkantoran|0||0|||12.0|0|00
2026|01|452878|015|08|WA|4719|EBA|28|03|2|004|Hasil Survey/Rekomendasi Kepuasan Pengguna Layanan|0||0|||2.0|0|00
2026|01|452878|015|08|WA|4719|EBC|28|03|2|001|Pengembangan SDM|0||0|||10.0|0|00
2026|01|497587|015|08|CD|6212|BMB|04|04|2|001|Dukungan Pemberdayaan UMKM untuk Inklusi Pemanfaatan Digipay|0||0|||1.0|0|00
2026|01|497587|015|08|CD|6212|FAC|04|04|2|001|Komunikasi dan Edukasi Implementasi Aplikasi|0||0|||33.0|0|00
2026|01|497587|015|08|CD|6212|FAH|04|04|2|001|Edukasi Dalam Rangka Penyusunan Laporan Keuangan Tingkat Kuasa BUN|0||0|||4.0|0|00
2026|01|497587|015|08|CD|6212|FAL|04|04|2|004|Konsultasi Pencairan Dana|0||0|||10.0|0|00
2026|01|497587|015|08|CD|6213|FAC|04|04|2|001|Monev Pengembangan Kompetensi KPA, PPK, PPSPM, Bendahara dan Pengelola Perbendaharaan|0||0|||10.0|0|00
2026|01|497587|015|08|CD|6213|FAE|04|04|2|009|Rekomendasi atas Kinerja Investasi Pemerintah|0||0|||2.0|0|00
2026|01|497587|015|08|CD|6213|FAL|04|04|2|003|Reviu Belanja Pemerintah|0||0|||1.0|0|00
2026|01|497587|015|08|CD|6214|FAL|04|04|2|002|Surat Perintah Pencairan/Penarikan/Repayment/Pengesahan Dana|0||0|||768.0|0|00
2026|01|497587|015|08|CD|6215|FAH|04|04|2|003|Laporan Keuangan BUN|0||0|||4.0|0|00
2026|01|497587|015|08|WA|4715|EBA|04|04|2|001|Kerumahtanggaan|0||0|||12.0|0|00
2026|01|497587|015|08|WA|4715|EBA|04|04|2|994|Layanan Perkantoran|0||0|||12.0|0|00
2026|01|497587|015|08|WA|4715|EBA|04|04|2|002|Dukungan Pimpinan dan Keprotokoleran|0||0|||12.0|0|00
2026|01|497587|015|08|WA|4715|EBD|04|04|2|Z36|Dokumen Pengelolaan Kinerja Organisasi|0||0|||2.0|0|00
2026|01|497587|015|08|WA|4718|BMB|04|04|2|002|Kehumasan|0||0|||1.0|0|00
2026|01|497587|015|08|WA|4718|BMB|04|04|2|001|Pembinaan/Edukasi Publik|0||0|||2.0|0|00
2026|01|497587|015|08|WA|4719|EBA|04|04|2|994|Layanan Perkantoran|0||0|||12.0|0|00
2026|01|497587|015|08|WA|4719|EBA|04|04|2|004|Hasil Survey/Rekomendasi Kepuasan Pengguna Layanan|0||0|||2.0|0|00
2026|01|497587|015|08|WA|4719|EBC|04|04|2|001|Pengembangan SDM|0||0|||15.0|0|00
2026|01|497622|015|08|CD|6212|BMB|31|03|2|001|Dukungan Pemberdayaan UMKM untuk Inklusi Pemanfaatan Digipay|0||0|||1.0|0|00
2026|01|497622|015|08|CD|6212|FAC|31|03|2|001|Komunikasi dan Edukasi Implementasi Aplikasi|0||0|||23.0|0|00
2026|01|497622|015|08|CD|6212|FAH|31|03|2|001|Edukasi Dalam Rangka Penyusunan Laporan Keuangan Tingkat Kuasa BUN|0||0|||4.0|0|00
2026|01|497622|015|08|CD|6212|FAL|31|03|2|004|Konsultasi Pencairan Dana|0||0|||10.0|0|00
2026|01|497622|015|08|CD|6213|FAC|31|03|2|001|Monev Pengembangan Kompetensi KPA, PPK, PPSPM, Bendahara dan Pengelola Perbendaharaan|0||0|||10.0|0|00
2026|01|497622|015|08|CD|6213|FAE|31|03|2|009|Rekomendasi atas Kinerja Investasi Pemerintah|0||0|||2.0|0|00
2026|01|497622|015|08|CD|6213|FAL|31|03|2|003|Reviu Belanja Pemerintah|0||0|||1.0|0|00
2026|01|497622|015|08|CD|6214|FAL|31|03|2|002|Surat Perintah Pencairan/Penarikan/Repayment/Pengesahan Dana|0||0|||1008.0|0|00
2026|01|497622|015|08|CD|6215|FAH|31|03|2|003|Laporan Keuangan BUN|0||0|||4.0|0|00
2026|01|497622|015|08|WA|4715|EBA|31|03|2|001|Kerumahtanggaan|0||0|||12.0|0|00
2026|01|497622|015|08|WA|4715|EBA|31|03|2|994|Layanan Perkantoran|0||0|||12.0|0|00
2026|01|497622|015|08|WA|4715|EBA|31|03|2|002|Dukungan Pimpinan dan Keprotokoleran|0||0|||12.0|0|00
2026|01|497622|015|08|WA|4715|EBD|31|03|2|Z36|Dokumen Pengelolaan Kinerja Organisasi|0||0|||2.0|0|00
2026|01|497622|015|08|WA|4718|BMB|31|03|2|002|Kehumasan|0||0|||1.0|0|00
2026|01|497622|015|08|WA|4718|BMB|31|03|2|001|Pembinaan/Edukasi Publik|0||0|||2.0|0|00
2026|01|497622|015|08|WA|4719|EBA|31|03|2|994|Layanan Perkantoran|0||0|||12.0|0|00
2026|01|497622|015|08|WA|4719|EBA|31|03|2|004|Hasil Survey/Rekomendasi Kepuasan Pengguna Layanan|0||0|||2.0|0|00
2026|01|497622|015|08|WA|4719|EBC|31|03|2|001|Pengembangan SDM|0||0|||13.0|0|00
2026|01|497593|015|08|CD|6212|BMB|19|10|2|001|Dukungan Pemberdayaan UMKM untuk Inklusi Pemanfaatan Digipay|0||0|||1.0|0|00
2026|01|497593|015|08|CD|6212|FAC|19|10|2|001|Komunikasi dan Edukasi Implementasi Aplikasi|0||0|||10.0|0|00
2026|01|497593|015|08|CD|6212|FAH|19|10|2|001|Edukasi Dalam Rangka Penyusunan Laporan Keuangan Tingkat Kuasa BUN|0||0|||4.0|0|00
2026|01|497593|015|08|CD|6212|FAL|19|10|2|004|Konsultasi Pencairan Dana|0||0|||10.0|0|00
2026|01|497593|015|08|CD|6213|FAC|19|10|2|001|Monev Pengembangan Kompetensi KPA, PPK, PPSPM, Bendahara dan Pengelola Perbendaharaan|0||0|||10.0|0|00
2026|01|497593|015|08|CD|6213|FAE|19|10|2|009|Rekomendasi atas Kinerja Investasi Pemerintah|0||0|||2.0|0|00
2026|01|497593|015|08|CD|6213|FAL|19|10|2|003|Reviu Belanja Pemerintah|0||0|||1.0|0|00
2026|01|497593|015|08|CD|6214|FAL|19|10|2|002|Surat Perintah Pencairan/Penarikan/Repayment/Pengesahan Dana|0||0|||408.0|0|00
2026|01|497593|015|08|CD|6215|FAH|19|10|2|003|Laporan Keuangan BUN|0||0|||4.0|0|00
2026|01|497593|015|08|WA|4715|EBA|19|10|2|001|Kerumahtanggaan|0||0|||12.0|0|00
2026|01|497593|015|08|WA|4715|EBA|19|10|2|994|Layanan Perkantoran|0||0|||12.0|0|00
2026|01|497593|015|08|WA|4715|EBA|19|10|2|002|Dukungan Pimpinan dan Keprotokoleran|0||0|||12.0|0|00
2026|01|497593|015|08|WA|4715|EBD|19|10|2|Z36|Dokumen Pengelolaan Kinerja Organisasi|0||0|||2.0|0|00
2026|01|497593|015|08|WA|4718|BMB|19|10|2|002|Kehumasan|0||0|||1.0|0|00
2026|01|497593|015|08|WA|4718|BMB|19|10|2|001|Pembinaan/Edukasi Publik|0||0|||2.0|0|00
2026|01|497593|015|08|WA|4719|EBA|19|10|2|994|Layanan Perkantoran|0||0|||12.0|0|00
2026|01|497593|015|08|WA|4719|EBA|19|10|2|004|Hasil Survey/Rekomendasi Kepuasan Pengguna Layanan|0||0|||2.0|0|00
2026|01|497593|015|08|WA|4719|EBC|19|10|2|001|Pengembangan SDM|0||0|||11.0|0|00
2026|01|527027|015|08|CD|6212|BMB|01|55|2|001|Dukungan Pemberdayaan UMKM untuk Inklusi Pemanfaatan Digipay|0||0|||1.0|0|00
2026|01|527027|015|08|CD|6212|FAC|01|55|2|002|Bimbingan Teknis Pengelola Keuangan BLU|0||0|||161.0|0|00
2026|01|527027|015|08|CD|6212|FAH|01|55|2|003|Komunikasi dan Edukasi Penyusunan LKKL dan LKBUN|0||0|||4.0|0|00
2026|01|527027|015|08|CD|6212|FAH|01|55|2|002|Komunikasi dan Edukasi Dalam Rangka Penyusunan Government Financial Statistic (GFS)|0||0|||8.0|0|00
2026|01|527027|015|08|CD|6212|FAL|01|55|2|001|Pembinaan Pelaksanaan Anggaran|0||0|||8.0|0|00
2026|01|527027|015|08|CD|6213|ABA|01|55|2|001|Kajian atas Peluang Investasi dan Pinjaman Daerah|0||0|||2.0|0|00
2026|01|527027|015|08|CD|6213|FAE|01|55|2|009|Rekomendasi atas Kinerja Investasi Pemerintah|0||0|||2.0|0|00
2026|01|527027|015|08|CD|6213|FAE|01|55|2|008|ALCo Regional|0||0|||2.0|0|00
2026|01|527027|015|08|CD|6213|FAL|01|55|2|003|Reviu Belanja Pemerintah|0||0|||4.0|0|00
2026|01|527027|015|08|CD|6215|FAH|01|55|2|003|Laporan Keuangan BUN|0||0|||4.0|0|00
2026|01|527027|015|08|CD|6215|FAH|01|55|2|001|Government Financial Statistic (GFS)|0||0|||4.0|0|00
2026|01|527027|015|08|CD|6216|FAE|01|55|2|002|Rekomendasi Tarif Standar Biaya Masukan|0||0|||2.0|0|00
2026|01|527027|015|08|WA|4715|EBA|01|55|2|001|Kerumahtanggaan|0||0|||12.0|0|00
2026|01|527027|015|08|WA|4715|EBA|01|55|2|994|Layanan Perkantoran|0||0|||12.0|0|00
2026|01|527027|015|08|WA|4715|EBA|01|55|2|002|Dukungan Pimpinan dan Keprotokoleran|0||0|||12.0|0|00
2026|01|527027|015|08|WA|4715|EBD|01|55|2|Z36|Dokumen Pengelolaan Kinerja Organisasi|0||0|||4.0|0|00
2026|01|527027|015|08|WA|4715|EBD|01|55|2|Z26|Laporan Keuangan Unit|0||0|||2.0|0|00
2026|01|527027|015|08|WA|4718|BMB|01|55|2|002|Kehumasan|0||0|||4.0|0|00
2026|01|527027|015|08|WA|4718|BMB|01|55|2|001|Pembinaan/Edukasi Publik|0||0|||2.0|0|00
2026|01|527027|015|08|WA|4719|EBA|01|55|2|003|Rekomendasi Pengelolaan Organisasi|0||0|||21.0|0|00
2026|01|527027|015|08|WA|4719|EBA|01|55|2|994|Layanan Perkantoran|0||0|||12.0|0|00
2026|01|527027|015|08|WA|4719|EBA|01|55|2|005|Standar Mutu Layanan - ISO Mutu Layanan|0||0|||22.0|0|00
2026|01|527027|015|08|WA|4719|EBC|01|55|2|001|Pengembangan SDM|0||0|||72.0|0|00
2026|01|527027|015|08|WA|4722|EBD|01|55|2|001|Rekomendasi Penerapan Pengelolaan Risiko, Pengendalian dan Pengawasan Internal|0||0|||2.0|0|00
2026|01|497607|015|08|CD|6212|BMB|17|53|2|001|Dukungan Pemberdayaan UMKM untuk Inklusi Pemanfaatan Digipay|0||0|||2.0|0|00
2026|01|497607|015|08|CD|6212|FAC|17|53|2|001|Komunikasi dan Edukasi Implementasi Aplikasi|0||0|||124.0|0|00
2026|01|497607|015|08|CD|6212|FAH|17|53|2|001|Edukasi Dalam Rangka Penyusunan Laporan Keuangan Tingkat Kuasa BUN|0||0|||8.0|0|00
2026|01|497607|015|08|CD|6212|FAL|17|53|2|004|Konsultasi Pencairan Dana|0||0|||20.0|0|00
2026|01|497607|015|08|CD|6213|FAC|17|53|2|001|Monev Pengembangan Kompetensi KPA, PPK, PPSPM, Bendahara dan Pengelola Perbendaharaan|0||0|||20.0|0|00
2026|01|497607|015|08|CD|6213|FAE|17|53|2|009|Rekomendasi atas Kinerja Investasi Pemerintah|0||0|||4.0|0|00
2026|01|497607|015|08|CD|6213|FAL|17|53|2|003|Reviu Belanja Pemerintah|0||0|||2.0|0|00
2026|01|497607|015|08|CD|6214|FAL|17|53|2|002|Surat Perintah Pencairan/Penarikan/Repayment/Pengesahan Dana|0||0|||2856.0|0|00
2026|01|497607|015|08|CD|6215|FAH|17|53|2|003|Laporan Keuangan BUN|0||0|||8.0|0|00
2026|01|497607|015|08|WA|4715|EBA|17|53|2|001|Kerumahtanggaan|0||0|||12.0|0|00
2026|01|497607|015|08|WA|4715|EBA|17|53|2|994|Layanan Perkantoran|0||0|||12.0|0|00
2026|01|497607|015|08|WA|4715|EBA|17|53|2|002|Dukungan Pimpinan dan Keprotokoleran|0||0|||12.0|0|00
2026|01|497607|015|08|WA|4715|EBD|17|53|2|Z36|Dokumen Pengelolaan Kinerja Organisasi|0||0|||4.0|0|00
2026|01|497607|015|08|WA|4718|BMB|17|53|2|002|Kehumasan|0||0|||2.0|0|00
2026|01|497607|015|08|WA|4718|BMB|17|53|2|001|Pembinaan/Edukasi Publik|0||0|||4.0|0|00
2026|01|497607|015|08|WA|4719|EBA|17|53|2|994|Layanan Perkantoran|0||0|||12.0|0|00
2026|01|497607|015|08|WA|4719|EBA|17|53|2|004|Hasil Survey/Rekomendasi Kepuasan Pengguna Layanan|0||0|||4.0|0|00
2026|01|497607|015|08|WA|4719|EBC|17|53|2|001|Pengembangan SDM|0||0|||25.0|0|00
2026|01|527031|015|08|CD|6212|BMB|01|51|2|001|Dukungan Pemberdayaan UMKM untuk Inklusi Pemanfaatan Digipay|0||0|||1.0|0|00
2026|01|527031|015|08|CD|6212|FAC|01|51|2|001|Komunikasi dan Edukasi Implementasi Aplikasi|0||0|||299.0|0|00
2026|01|527031|015|08|CD|6212|FAH|01|51|2|001|Edukasi Dalam Rangka Penyusunan Laporan Keuangan Tingkat Kuasa BUN|0||0|||4.0|0|00
2026|01|527031|015|08|CD|6212|FAL|01|51|2|004|Konsultasi Pencairan Dana|0||0|||10.0|0|00
2026|01|527031|015|08|CD|6213|FAC|01|51|2|001|Monev Pengembangan Kompetensi KPA, PPK, PPSPM, Bendahara dan Pengelola Perbendaharaan|0||0|||10.0|0|00
2026|01|527031|015|08|CD|6213|FAE|01|51|2|009|Rekomendasi atas Kinerja Investasi Pemerintah|0||0|||2.0|0|00
2026|01|527031|015|08|CD|6213|FAL|01|51|2|003|Reviu Belanja Pemerintah|0||0|||1.0|0|00
2026|01|527031|015|08|CD|6214|FAL|01|51|2|002|Surat Perintah Pencairan/Penarikan/Repayment/Pengesahan Dana|0||0|||7152.0|0|00
2026|01|527031|015|08|CD|6215|FAH|01|51|2|003|Laporan Keuangan BUN|0||0|||4.0|0|00
2026|01|527031|015|08|WA|4715|EBA|01|51|2|001|Kerumahtanggaan|0||0|||12.0|0|00
2026|01|527031|015|08|WA|4715|EBA|01|51|2|994|Layanan Perkantoran|0||0|||12.0|0|00
2026|01|527031|015|08|WA|4715|EBA|01|51|2|002|Dukungan Pimpinan dan Keprotokoleran|0||0|||12.0|0|00
2026|01|527031|015|08|WA|4715|EBD|01|51|2|Z36|Dokumen Pengelolaan Kinerja Organisasi|0||0|||2.0|0|00
2026|01|527031|015|08|WA|4718|BMB|01|51|2|002|Kehumasan|0||0|||1.0|0|00
2026|01|527031|015|08|WA|4718|BMB|01|51|2|001|Pembinaan/Edukasi Publik|0||0|||2.0|0|00
2026|01|527031|015|08|WA|4719|EBA|01|51|2|994|Layanan Perkantoran|0||0|||12.0|0|00
2026|01|527031|015|08|WA|4719|EBA|01|51|2|004|Hasil Survey/Rekomendasi Kepuasan Pengguna Layanan|0||0|||2.0|0|00
2026|01|527031|015|08|WA|4719|EBC|01|51|2|001|Pengembangan SDM|0||0|||43.0|0|00
2026|01|527048|015|08|CD|6212|BMB|01|51|2|001|Dukungan Pemberdayaan UMKM untuk Inklusi Pemanfaatan Digipay|0||0|||1.0|0|00
2026|01|527048|015|08|CD|6212|FAC|01|51|2|001|Komunikasi dan Edukasi Implementasi Aplikasi|0||0|||261.0|0|00
2026|01|527048|015|08|CD|6212|FAH|01|51|2|001|Edukasi Dalam Rangka Penyusunan Laporan Keuangan Tingkat Kuasa BUN|0||0|||4.0|0|00
2026|01|527048|015|08|CD|6212|FAL|01|51|2|004|Konsultasi Pencairan Dana|0||0|||10.0|0|00
2026|01|527048|015|08|CD|6213|FAC|01|51|2|001|Monev Pengembangan Kompetensi KPA, PPK, PPSPM, Bendahara dan Pengelola Perbendaharaan|0||0|||10.0|0|00
2026|01|527048|015|08|CD|6213|FAE|01|51|2|009|Rekomendasi atas Kinerja Investasi Pemerintah|0||0|||2.0|0|00
2026|01|527048|015|08|CD|6213|FAL|01|51|2|003|Reviu Belanja Pemerintah|0||0|||1.0|0|00
2026|01|527048|015|08|CD|6214|FAL|01|51|2|002|Surat Perintah Pencairan/Penarikan/Repayment/Pengesahan Dana|0||0|||6264.0|0|00
2026|01|527048|015|08|CD|6215|FAH|01|51|2|003|Laporan Keuangan BUN|0||0|||4.0|0|00
2026|01|527048|015|08|WA|4715|EBA|01|51|2|001|Kerumahtanggaan|0||0|||12.0|0|00
2026|01|527048|015|08|WA|4715|EBA|01|51|2|994|Layanan Perkantoran|0||0|||12.0|0|00
2026|01|527048|015|08|WA|4715|EBA|01|51|2|002|Dukungan Pimpinan dan Keprotokoleran|0||0|||12.0|0|00
2026|01|527048|015|08|WA|4715|EBD|01|51|2|Z36|Dokumen Pengelolaan Kinerja Organisasi|0||0|||2.0|0|00
2026|01|527048|015|08|WA|4718|BMB|01|51|2|002|Kehumasan|0||0|||1.0|0|00
2026|01|527048|015|08|WA|4718|BMB|01|51|2|001|Pembinaan/Edukasi Publik|0||0|||2.0|0|00
2026|01|527048|015|08|WA|4719|EBA|01|51|2|994|Layanan Perkantoran|0||0|||12.0|0|00
2026|01|527048|015|08|WA|4719|EBA|01|51|2|004|Hasil Survey/Rekomendasi Kepuasan Pengguna Layanan|0||0|||2.0|0|00
2026|01|527048|015|08|WA|4719|EBC|01|51|2|001|Pengembangan SDM|0||0|||53.0|0|00
2026|01|527052|015|08|CD|6212|BMB|01|55|2|001|Dukungan Pemberdayaan UMKM untuk Inklusi Pemanfaatan Digipay|0||0|||1.0|0|00
2026|01|527052|015|08|CD|6212|FAC|01|55|2|001|Komunikasi dan Edukasi Implementasi Aplikasi|0||0|||261.0|0|00
2026|01|527052|015|08|CD|6212|FAH|01|55|2|001|Edukasi Dalam Rangka Penyusunan Laporan Keuangan Tingkat Kuasa BUN|0||0|||4.0|0|00
2026|01|527052|015|08|CD|6212|FAL|01|55|2|004|Konsultasi Pencairan Dana|0||0|||10.0|0|00
2026|01|527052|015|08|CD|6213|FAC|01|55|2|001|Monev Pengembangan Kompetensi KPA, PPK, PPSPM, Bendahara dan Pengelola Perbendaharaan|0||0|||10.0|0|00
2026|01|527052|015|08|CD|6213|FAE|01|55|2|009|Rekomendasi atas Kinerja Investasi Pemerintah|0||0|||2.0|0|00
2026|01|527052|015|08|CD|6213|FAL|01|55|2|003|Reviu Belanja Pemerintah|0||0|||1.0|0|00
2026|01|527052|015|08|CD|6214|FAL|01|55|2|002|Surat Perintah Pencairan/Penarikan/Repayment/Pengesahan Dana|0||0|||6264.0|0|00
2026|01|527052|015|08|CD|6215|FAH|01|55|2|003|Laporan Keuangan BUN|0||0|||4.0|0|00
2026|01|527052|015|08|WA|4715|EBA|01|55|2|001|Kerumahtanggaan|0||0|||12.0|0|00
2026|01|527052|015|08|WA|4715|EBA|01|55|2|994|Layanan Perkantoran|0||0|||12.0|0|00
2026|01|527052|015|08|WA|4715|EBA|01|55|2|002|Dukungan Pimpinan dan Keprotokoleran|0||0|||12.0|0|00
2026|01|527052|015|08|WA|4715|EBD|01|55|2|Z36|Dokumen Pengelolaan Kinerja Organisasi|0||0|||2.0|0|00
2026|01|527052|015|08|WA|4718|BMB|01|55|2|002|Kehumasan|0||0|||1.0|0|00
2026|01|527052|015|08|WA|4718|BMB|01|55|2|001|Pembinaan/Edukasi Publik|0||0|||2.0|0|00
2026|01|527052|015|08|WA|4719|EBA|01|55|2|994|Layanan Perkantoran|0||0|||12.0|0|00
2026|01|527052|015|08|WA|4719|EBA|01|55|2|004|Hasil Survey/Rekomendasi Kepuasan Pengguna Layanan|0||0|||2.0|0|00
2026|01|527052|015|08|WA|4719|EBC|01|55|2|001|Pengembangan SDM|0||0|||41.0|0|00
2026|01|527094|015|08|CD|6212|BMB|02|51|2|001|Dukungan Pemberdayaan UMKM untuk Inklusi Pemanfaatan Digipay|0||0|||1.0|0|00
2026|01|527094|015|08|CD|6212|FAC|02|51|2|002|Bimbingan Teknis Pengelola Keuangan BLU|0||0|||2.0|0|00
2026|01|527094|015|08|CD|6212|FAH|02|51|2|003|Komunikasi dan Edukasi Penyusunan LKKL dan LKBUN|0||0|||4.0|0|00
2026|01|527094|015|08|CD|6212|FAH|02|51|2|002|Komunikasi dan Edukasi Dalam Rangka Penyusunan Government Financial Statistic (GFS)|0||0|||8.0|0|00
2026|01|527094|015|08|CD|6212|FAL|02|51|2|001|Pembinaan Pelaksanaan Anggaran|0||0|||8.0|0|00
2026|01|527094|015|08|CD|6213|ABA|02|51|2|001|Kajian atas Peluang Investasi dan Pinjaman Daerah|0||0|||2.0|0|00
2026|01|527094|015|08|CD|6213|FAE|02|51|2|009|Rekomendasi atas Kinerja Investasi Pemerintah|0||0|||2.0|0|00
2026|01|527094|015|08|CD|6213|FAE|02|51|2|008|ALCo Regional|0||0|||4.0|0|00
2026|01|527094|015|08|CD|6213|FAL|02|51|2|003|Reviu Belanja Pemerintah|0||0|||4.0|0|00
2026|01|527094|015|08|CD|6215|FAH|02|51|2|003|Laporan Keuangan BUN|0||0|||4.0|0|00
2026|01|527094|015|08|CD|6215|FAH|02|51|2|001|Government Financial Statistic (GFS)|0||0|||4.0|0|00
2026|01|527094|015|08|CD|6216|FAE|02|51|2|002|Rekomendasi Tarif Standar Biaya Masukan|0||0|||2.0|0|00
2026|01|527094|015|08|WA|4715|EBA|02|51|2|001|Kerumahtanggaan|0||0|||1.0|0|00
2026|01|527094|015|08|WA|4715|EBA|02|51|2|994|Layanan Perkantoran|0||0|||1.0|0|00
2026|01|527094|015|08|WA|4715|EBA|02|51|2|002|Dukungan Pimpinan dan Keprotokoleran|0||0|||1.0|0|00
2026|01|527094|015|08|WA|4715|EBD|02|51|2|Z36|Dokumen Pengelolaan Kinerja Organisasi|0||0|||4.0|0|00
2026|01|527094|015|08|WA|4715|EBD|02|51|2|Z26|Laporan Keuangan Unit|0||0|||2.0|0|00
2026|01|527094|015|08|WA|4718|BMB|02|51|2|002|Kehumasan|0||0|||4.0|0|00
2026|01|527094|015|08|WA|4718|BMB|02|51|2|001|Pembinaan/Edukasi Publik|0||0|||2.0|0|00
2026|01|527094|015|08|WA|4719|EBA|02|51|2|003|Rekomendasi Pengelolaan Organisasi|0||0|||25.0|0|00
2026|01|527094|015|08|WA|4719|EBA|02|51|2|994|Layanan Perkantoran|0||0|||12.0|0|00
2026|01|527094|015|08|WA|4719|EBA|02|51|2|005|Standar Mutu Layanan - ISO Mutu Layanan|0||0|||26.0|0|00
2026|01|527094|015|08|WA|4719|EBC|02|51|2|001|Pengembangan SDM|0||0|||67.0|0|00
2026|01|527094|015|08|WA|4722|EBD|02|51|2|001|Rekomendasi Penerapan Pengelolaan Risiko, Pengendalian dan Pengawasan Internal|0||0|||2.0|0|00
2026|01|527102|015|08|CD|6212|BMB|02|51|2|001|Dukungan Pemberdayaan UMKM untuk Inklusi Pemanfaatan Digipay|0||0|||1.0|0|00
2026|01|527102|015|08|CD|6212|FAC|02|51|2|001|Komunikasi dan Edukasi Implementasi Aplikasi|0||0|||92.0|0|00
2026|01|527102|015|08|CD|6212|FAH|02|51|2|001|Edukasi Dalam Rangka Penyusunan Laporan Keuangan Tingkat Kuasa BUN|0||0|||4.0|0|00
2026|01|527102|015|08|CD|6212|FAL|02|51|2|004|Konsultasi Pencairan Dana|0||0|||10.0|0|00
2026|01|527102|015|08|CD|6213|FAC|02|51|2|001|Monev Pengembangan Kompetensi KPA, PPK, PPSPM, Bendahara dan Pengelola Perbendaharaan|0||0|||10.0|0|00
2026|01|527102|015|08|CD|6213|FAE|02|51|2|009|Rekomendasi atas Kinerja Investasi Pemerintah|0||0|||2.0|0|00
2026|01|527102|015|08|CD|6213|FAL|02|51|2|003|Reviu Belanja Pemerintah|0||0|||1.0|0|00
2026|01|527102|015|08|CD|6214|FAL|02|51|2|002|Surat Perintah Pencairan/Penarikan/Repayment/Pengesahan Dana|0||0|||4272.0|0|00
2026|01|527102|015|08|CD|6215|FAH|02|51|2|003|Laporan Keuangan BUN|0||0|||4.0|0|00
2026|01|527102|015|08|WA|4715|EBA|02|51|2|001|Kerumahtanggaan|0||0|||12.0|0|00
2026|01|527102|015|08|WA|4715|EBA|02|51|2|994|Layanan Perkantoran|0||0|||12.0|0|00
2026|01|527102|015|08|WA|4715|EBA|02|51|2|002|Dukungan Pimpinan dan Keprotokoleran|0||0|||1.0|0|00
2026|01|527102|015|08|WA|4715|EBD|02|51|2|Z36|Dokumen Pengelolaan Kinerja Organisasi|0||0|||2.0|0|00
2026|01|527102|015|08|WA|4718|BMB|02|51|2|002|Kehumasan|0||0|||1.0|0|00
2026|01|527102|015|08|WA|4718|BMB|02|51|2|001|Pembinaan/Edukasi Publik|0||0|||2.0|0|00
2026|01|527102|015|08|WA|4719|EBA|02|51|2|994|Layanan Perkantoran|0||0|||12.0|0|00
2026|01|527102|015|08|WA|4719|EBA|02|51|2|004|Hasil Survey/Rekomendasi Kepuasan Pengguna Layanan|0||0|||2.0|0|00
2026|01|527102|015|08|WA|4719|EBC|02|51|2|001|Pengembangan SDM|0||0|||24.0|0|00
2026|01|527010|015|08|CD|6212|AEF|01|51|1|001|Komunikasi Peraturan dan Pedoman Mengenai Akuntansi dan Pelaporan Keuangan Pemerintah|0||0|||400.0|0|00
2026|01|527010|015|08|CD|6212|AEF|01|51|1|005|Komunikasi dan Edukasi Implementasi Aplikasi Investasi Pemerintah|0||0|||80.0|0|00
2026|01|527010|015|08|CD|6212|AEF|01|51|1|004|Komunikasi dan Edukasi Peraturan, Ketetapan dan Pedoman Mengenai Investasi Pemerintah|0||0|||245.0|0|00
2026|01|527010|015|08|CD|6212|AEF|01|51|1|002|Komunikasi Peraturan dan Pedoman Mengenai Pembayaran Atas Beban APBN|0||0|||75.0|0|00
2026|01|527010|015|08|CD|6212|FAC|01|51|1|001|Komunikasi dan Edukasi Implementasi Aplikasi|0||0|||4.0|0|00
2026|01|527010|015|08|CD|6212|FAC|01|51|1|003|Peningkatan dan Pengembangan Kapasitas Pembina dan Pengelola Keuangan BLU|0||0|||50.0|0|00
2026|01|527010|015|08|CD|6212|FAC|01|51|1|008|Standardisasi Kompetensi Pengelola Perbendaharaan dan Edukasi Jabatan Fungsional Bidang Perbendaharaan|0||0|||19213.0|0|00
2026|01|527010|015|08|CD|6212|FAC|01|51|1|005|Edukasi Penyaluran DAK Fisik dan Dana Desa|0||0|||173.0|0|00
2026|01|527010|015|08|CD|6212|FAC|01|51|1|007|Penajaman Metode Analytical BLU|0||0|||1.0|0|00
2026|01|527010|015|08|CD|6212|FAC|01|51|1|004|Edukasi Satker terkait Peningkatan Fungsi Aplikasi BIOS|0||0|||248.0|0|00
2026|01|527010|015|08|CD|6212|FAH|01|51|1|001|Edukasi Dalam Rangka Penyusunan Laporan Keuangan Tingkat Kuasa BUN|0||0|||24.0|0|00
2026|01|527010|015|08|CD|6212|FAH|01|51|1|003|Komunikasi dan Edukasi Penyusunan LKKL dan LKBUN|0||0|||220.0|0|00
2026|01|527010|015|08|CD|6212|FAH|01|51|1|002|Komunikasi dan Edukasi Dalam Rangka Penyusunan Government Financial Statistic (GFS)|0||0|||3.0|0|00
2026|01|527010|015|08|CD|6212|FAL|01|51|1|002|Komunikasi dan Edukasi Dalam Rangka Penerimaan dan Pengeluaran Kas|0||0|||21.0|0|00
2026|01|527010|015|08|CD|6212|UAL|01|51|1|208|Implementasi Digital Payment Marketplace pada Satker Kementerian Negara/Lembaga (PN)|0||0|||50000.0|0|00
2026|01|527010|015|08|CD|6213|FAE|01|51|1|001|Monev Pengelolaan Kas Negara|0||0|||2.0|0|00
2026|01|527010|015|08|CD|6213|FAE|01|51|1|002|Rekomendasi Peningkatan Efektivitas dan Akuntabilitas Pelaksanaan APBN|0||0|||2.0|0|00
2026|01|527010|015|08|CD|6213|FAE|01|51|1|009|Rekomendasi atas Kinerja Investasi Pemerintah|0||0|||8.0|0|00
2026|01|527010|015|08|CD|6213|FAE|01|51|1|004|Rekomendasi Terkat Kemitraan dengan Perbankan|0||0|||2.0|0|00
2026|01|527010|015|08|CD|6213|FAE|01|51|1|003|Rekomendasi atas Peningatan Kinerja Keuangan BLU dan Investasi Pemerintah di Daerah|0||0|||8.0|0|00
2026|01|527010|015|08|CD|6213|FAH|01|51|1|001|Rekomendasi atas Penyusunan Laporan Keuangan Pemerintah|0||0|||1.0|0|00
2026|01|527010|015|08|CD|6213|FAL|01|51|1|003|Reviu Belanja Pemerintah|0||0|||5.0|0|00
2026|01|527010|015|08|CD|6214|AED|01|51|1|002|Perjanjian Terkait Investasi Pemerintah|0||0|||15.0|0|00
2026|01|527010|015|08|CD|6214|FAE|01|51|1|001|Kajian dan Rekomendasi Terkait Investasi Pemerintah|0||0|||41.0|0|00
2026|01|527010|015|08|CD|6214|FAL|01|51|1|003|Dana Hasil dari Pengelolaan Kas Negara|0||0|||5500000000.0|0|00
2026|01|527010|015|08|CD|6214|UAE|01|51|1|203|Evaluasi Atas Implementasi Skema Baru Pembiayaan UMKM pada Pusat Investasi Pemerintah (PN)|0||0|||5.0|0|00
2026|01|527010|015|08|CD|6215|FAH|01|51|1|001|Government Financial Statistic (GFS)|0||0|||16.0|0|00
2026|01|527010|015|08|CD|6215|FAH|01|51|1|005|Laporan Keuangan BA BUN 999.03, 999.04, 999.07|0||0|||3.0|0|00
2026|01|527010|015|08|CD|6215|FAH|01|51|1|004|Laporan Keuangan Pemerintah Pusat|0||0|||3.0|0|00
2026|01|527010|015|08|CD|6215|FAH|01|51|1|003|Laporan Keuangan BUN|0||0|||15.0|0|00
2026|01|527010|015|08|CD|6216|AAA|01|51|1|A01|RUU P2 APBN|0||0|||1.0|0|00
2026|01|527010|015|08|CD|6216|AAC|01|51|1|B01|RPP Pelaksanaan Anggaran|0||0|||1.0|0|00
2026|01|527010|015|08|CD|6216|AAG|01|51|1|D01|Peraturan Menteri Keuangan Mengenai Pengelolaan Keuangan Badan Layanan Umum|0||0|||30.0|0|00
2026|01|527010|015|08|CD|6216|AAG|01|51|1|E02|Peraturan, Ketetapan dan Pedoman Menteri Mengenai Investasi Pemerintah|0||0|||4.0|0|00
2026|01|527010|015|08|CD|6216|AAG|01|51|1|E01|Peraturan Menteri Mengenai Pembayaran Atas Beban APBN|0||0|||3.0|0|00
2026|01|527010|015|08|CD|6216|AAH|01|51|1|F01|Pedoman Mengenai Akuntansi dan Pelaporan Keuangan Pemerintah|0||0|||5.0|0|00
2026|01|527010|015|08|CD|6216|AAH|01|51|1|F04|Peraturan Lainnya Mengenai Pengelolaan Keuangan Badan Layanan Umum|0||0|||3.0|0|00
2026|01|527010|015|08|CD|6216|AAH|01|51|1|F03|Peraturan dan Ketetapan Lainnya Mengenai Pengelolaan Kas dan Rekening Pemerintah|0||0|||2.0|0|00
2026|01|527010|015|08|CD|6216|AAH|01|51|1|F02|Peraturan Lainnya Mengenai Pembayaran Atas Beban APBN|0||0|||2.0|0|00
2026|01|527010|015|08|CD|6216|FAE|01|51|1|001|Masukan Pemerintah terkait Pencetakan Uang oleh Bank Indonesia|0||0|||1.0|0|00
2026|01|527010|015|08|CD|6216|FAE|01|51|1|004|Implementasi Virtual Account Rekening Penerimaan|0||0|||10.0|0|00
2026|01|527010|015|08|CD|6216|FAE|01|51|1|003|Kajian Peningkatan Efektifitas dan Akuntabilitas Pelaksanaan APBN|0||0|||2.0|0|00
2026|01|527010|015|08|WA|4711|EBA|01|51|1|Z04|Layanan Bantuan Hukum|0||0|||1.0|0|00
2026|01|527010|015|08|WA|4715|EBA|01|51|1|001|Kerumahtanggaan|0||0|||12.0|0|00
2026|01|527010|015|08|WA|4715|EBA|01|51|1|994|Layanan Perkantoran|0||0|||12.0|0|00
2026|01|527010|015|08|WA|4715|EBA|01|51|1|003|Rencana Kebutuhan BMN dan Pengelolaannya Unit|0||0|||12.0|0|00
2026|01|527010|015|08|WA|4715|EBA|01|51|1|002|Dukungan Pimpinan dan Keprotokoleran|0||0|||12.0|0|00
2026|01|527010|015|08|WA|4715|EBB|01|51|1|002|Peralatan Fasilitas Perkantoran|0||0|||84.0|0|00
2026|01|527010|015|08|WA|4715|EBD|01|51|1|001|Rencana Kerja dan Anggaran Unit|0||0|||5.0|0|00
2026|01|527010|015|08|WA|4715|EBD|01|51|1|004|Dokumen Perbendaharaan Unit|0||0|||1.0|0|00
2026|01|527010|015|08|WA|4715|EBD|01|51|1|Z36|Dokumen Pengelolaan Kinerja Organisasi|0||0|||12.0|0|00
2026|01|527010|015|08|WA|4715|EBD|01|51|1|Z26|Laporan Keuangan Unit|0||0|||1.0|0|00
2026|01|527010|015|08|WA|4715|EBD|01|51|1|974|Layanan Penyelenggaraan Kearsipan|0||0|||2.0|0|00
2026|01|527010|015|08|WA|4718|BMB|01|51|1|001|Pembinaan/Edukasi Publik|0||0|||5.0|0|00
2026|01|527010|015|08|WA|4718|BMB|01|51|1|003|Implementasi PUG|0||0|||1.0|0|00
2026|01|527010|015|08|WA|4718|BMB|01|51|1|002|Kehumasan|0||0|||3.0|0|00
2026|01|527010|015|08|WA|4719|EBA|01|51|1|003|Rekomendasi Pengelolaan Organisasi|0||0|||23.0|0|00
2026|01|527010|015|08|WA|4719|EBA|01|51|1|004|Hasil Survey/Rekomendasi Kepuasan Pengguna Layanan|0||0|||2.0|0|00
2026|01|527010|015|08|WA|4719|EBA|01|51|1|994|Layanan Perkantoran|0||0|||1.0|0|00
2026|01|527010|015|08|WA|4719|EBA|01|51|1|007|Implementasi ISO 37001 tentang Sistem Manajemen Anti Penyuapan|0||0|||1.0|0|00
2026|01|527010|015|08|WA|4719|EBA|01|51|1|006|Unit Yang Memperoleh Predikat ZI/WBK/WBBM|0||0|||4.0|0|00
2026|01|527010|015|08|WA|4719|EBC|01|51|1|001|Pengembangan SDM|0||0|||144.0|0|00
2026|01|527010|015|08|WA|4719|EBC|01|51|1|004|Pengelolaan Jabatan Fungsional|0||0|||275.0|0|00
2026|01|527010|015|08|WA|4719|EBC|01|51|1|003|Administrasi Kepegawaian|0||0|||1200.0|0|00
2026|01|527010|015|08|WA|4722|EBD|01|51|1|001|Rekomendasi Penerapan Pengelolaan Risiko, Pengendalian dan Pengawasan Internal|0||0|||1.0|0|00
2026|01|527010|015|08|WA|4722|EBD|01|51|1|003|Rekomendasi Kepatuhan Internal|0||0|||1.0|0|00
2026|01|527010|015|08|WA|4722|EBD|01|51|1|002|Rekomendasi Manajemen Risiko|0||0|||1.0|0|00
2026|01|527010|015|08|WA|4725|CCL|01|51|1|001|Operational Maintenance Sistem Aplikasi BUN|0||0|||10.0|0|00
2026|01|527010|015|08|WA|4725|CCL|01|51|1|003|Operational Maintenance Sistem Aplikasi Perbendaharaan|0||0|||6.0|0|00
2026|01|527010|015|08|WA|4725|CCL|01|51|1|002|Operational Maintenance Sistem Aplikasi Satker|0||0|||9.0|0|00
2026|01|527010|015|08|WA|4725|FAB|01|51|1|001|Sistem Pengelolaan Data Analitik|0||0|||1.0|0|00
2026|01|527010|015|08|WA|4725|FAB|01|51|1|002|Sistem Aplikasi BUN|0||0|||3.0|0|00
2026|01|527010|015|08|WA|4725|FAB|01|51|1|003|Sistem Aplikasi Perbendaharaan|0||0|||1.0|0|00
2026|01|527010|015|08|WA|4725|FAB|01|51|1|307|Sistem Layanan Platform Pembayaran Pemerintah (PPP) (PU)|0||0|||1.0|0|00
2026|01|527010|015|08|WA|4725|FAB|01|51|1|006|Sistem Informasi Keuangan Republik Indonesia (SIKRI) Gen. 2|0||0|||1.0|0|00
2026|01|527010|015|08|WA|4725|FAB|01|51|1|008|Sistem Monev Kinerja Anggaran Belanja K/L Terintegrasi (IKPA dan EKA)|0||0|||2.0|0|00
2026|01|527010|015|08|WA|4725|FAB|01|51|1|004|Sistem Aplikasi Satker|0||0|||1.0|0|00
2026|01|527158|015|08|CD|6212|BMB|02|10|2|001|Dukungan Pemberdayaan UMKM untuk Inklusi Pemanfaatan Digipay|0||0|||1.0|0|00
2026|01|527158|015|08|CD|6212|FAC|02|10|2|001|Komunikasi dan Edukasi Implementasi Aplikasi|0||0|||62.0|0|00
2026|01|527158|015|08|CD|6212|FAH|02|10|2|001|Edukasi Dalam Rangka Penyusunan Laporan Keuangan Tingkat Kuasa BUN|0||0|||4.0|0|00
2026|01|527158|015|08|CD|6212|FAL|02|10|2|004|Konsultasi Pencairan Dana|0||0|||10.0|0|00
2026|01|527158|015|08|CD|6213|FAC|02|10|2|001|Monev Pengembangan Kompetensi KPA, PPK, PPSPM, Bendahara dan Pengelola Perbendaharaan|0||0|||10.0|0|00
2026|01|527158|015|08|CD|6213|FAE|02|10|2|009|Rekomendasi atas Kinerja Investasi Pemerintah|0||0|||2.0|0|00
2026|01|527158|015|08|CD|6213|FAL|02|10|2|003|Reviu Belanja Pemerintah|0||0|||1.0|0|00
2026|01|527158|015|08|CD|6214|FAL|02|10|2|002|Surat Perintah Pencairan/Penarikan/Repayment/Pengesahan Dana|0||0|||1440.0|0|00
2026|01|527158|015|08|CD|6215|FAH|02|10|2|003|Laporan Keuangan BUN|0||0|||4.0|0|00
2026|01|527158|015|08|WA|4715|EBA|02|10|2|001|Kerumahtanggaan|0||0|||1.0|0|00
2026|01|527158|015|08|WA|4715|EBA|02|10|2|994|Layanan Perkantoran|0||0|||1.0|0|00
2026|01|527158|015|08|WA|4715|EBA|02|10|2|002|Dukungan Pimpinan dan Keprotokoleran|0||0|||1.0|0|00
2026|01|527158|015|08|WA|4715|EBD|02|10|2|Z36|Dokumen Pengelolaan Kinerja Organisasi|0||0|||2.0|0|00
2026|01|527158|015|08|WA|4718|BMB|02|10|2|002|Kehumasan|0||0|||1.0|0|00
2026|01|527158|015|08|WA|4718|BMB|02|10|2|001|Pembinaan/Edukasi Publik|0||0|||2.0|0|00
2026|01|527158|015|08|WA|4719|EBA|02|10|2|994|Layanan Perkantoran|0||0|||1.0|0|00
2026|01|527158|015|08|WA|4719|EBA|02|10|2|004|Hasil Survey/Rekomendasi Kepuasan Pengguna Layanan|0||0|||2.0|0|00
2026|01|527158|015|08|WA|4719|EBC|02|10|2|001|Pengembangan SDM|0||0|||14.0|0|00
2026|01|527120|015|08|CD|6212|BMB|02|54|2|001|Dukungan Pemberdayaan UMKM untuk Inklusi Pemanfaatan Digipay|0||0|||1.0|0|00
2026|01|527120|015|08|CD|6212|FAC|02|54|2|001|Komunikasi dan Edukasi Implementasi Aplikasi|0||0|||60.0|0|00
2026|01|527120|015|08|CD|6212|FAH|02|54|2|001|Edukasi Dalam Rangka Penyusunan Laporan Keuangan Tingkat Kuasa BUN|0||0|||4.0|0|00
2026|01|527120|015|08|CD|6212|FAL|02|54|2|004|Konsultasi Pencairan Dana|0||0|||10.0|0|00
2026|01|527120|015|08|CD|6213|FAC|02|54|2|001|Monev Pengembangan Kompetensi KPA, PPK, PPSPM, Bendahara dan Pengelola Perbendaharaan|0||0|||10.0|0|00
2026|01|527120|015|08|CD|6213|FAE|02|54|2|009|Rekomendasi atas Kinerja Investasi Pemerintah|0||0|||2.0|0|00
2026|01|527120|015|08|CD|6213|FAL|02|54|2|003|Reviu Belanja Pemerintah|0||0|||1.0|0|00
2026|01|527120|015|08|CD|6214|FAL|02|54|2|002|Surat Perintah Pencairan/Penarikan/Repayment/Pengesahan Dana|0||0|||2736.0|0|00
2026|01|527120|015|08|CD|6215|FAH|02|54|2|003|Laporan Keuangan BUN|0||0|||4.0|0|00
2026|01|527120|015|08|WA|4715|EBA|02|54|2|001|Kerumahtanggaan|0||0|||12.0|0|00
2026|01|527120|015|08|WA|4715|EBA|02|54|2|994|Layanan Perkantoran|0||0|||12.0|0|00
2026|01|527120|015|08|WA|4715|EBA|02|54|2|002|Dukungan Pimpinan dan Keprotokoleran|0||0|||12.0|0|00
2026|01|527120|015|08|WA|4715|EBD|02|54|2|Z36|Dokumen Pengelolaan Kinerja Organisasi|0||0|||2.0|0|00
2026|01|527120|015|08|WA|4718|BMB|02|54|2|002|Kehumasan|0||0|||1.0|0|00
2026|01|527120|015|08|WA|4718|BMB|02|54|2|001|Pembinaan/Edukasi Publik|0||0|||2.0|0|00
2026|01|527120|015|08|WA|4719|EBA|02|54|2|994|Layanan Perkantoran|0||0|||12.0|0|00
2026|01|527120|015|08|WA|4719|EBA|02|54|2|004|Hasil Survey/Rekomendasi Kepuasan Pengguna Layanan|0||0|||2.0|0|00
2026|01|527120|015|08|WA|4719|EBC|02|54|2|001|Pengembangan SDM|0||0|||22.0|0|00
2026|01|527141|015|08|CD|6212|BMB|02|60|2|001|Dukungan Pemberdayaan UMKM untuk Inklusi Pemanfaatan Digipay|0||0|||1.0|0|00
2026|01|527141|015|08|CD|6212|FAC|02|60|2|001|Komunikasi dan Edukasi Implementasi Aplikasi|0||0|||79.0|0|00
2026|01|527141|015|08|CD|6212|FAH|02|60|2|001|Edukasi Dalam Rangka Penyusunan Laporan Keuangan Tingkat Kuasa BUN|0||0|||4.0|0|00
2026|01|527141|015|08|CD|6212|FAL|02|60|2|004|Konsultasi Pencairan Dana|0||0|||10.0|0|00
2026|01|527141|015|08|CD|6213|FAC|02|60|2|001|Monev Pengembangan Kompetensi KPA, PPK, PPSPM, Bendahara dan Pengelola Perbendaharaan|0||0|||10.0|0|00
2026|01|527141|015|08|CD|6213|FAE|02|60|2|009|Rekomendasi atas Kinerja Investasi Pemerintah|0||0|||2.0|0|00
2026|01|527141|015|08|CD|6213|FAL|02|60|2|003|Reviu Belanja Pemerintah|0||0|||1.0|0|00
2026|01|527141|015|08|CD|6214|FAL|02|60|2|002|Surat Perintah Pencairan/Penarikan/Repayment/Pengesahan Dana|0||0|||3552.0|0|00
2026|01|527141|015|08|CD|6215|FAH|02|60|2|003|Laporan Keuangan BUN|0||0|||4.0|0|00
2026|01|527141|015|08|WA|4715|EBA|02|60|2|001|Kerumahtanggaan|0||0|||12.0|0|00
2026|01|527141|015|08|WA|4715|EBA|02|60|2|994|Layanan Perkantoran|0||0|||12.0|0|00
2026|01|527141|015|08|WA|4715|EBA|02|60|2|002|Dukungan Pimpinan dan Keprotokoleran|0||0|||12.0|0|00
2026|01|527141|015|08|WA|4715|EBD|02|60|2|Z36|Dokumen Pengelolaan Kinerja Organisasi|0||0|||2.0|0|00
2026|01|527141|015|08|WA|4718|BMB|02|60|2|002|Kehumasan|0||0|||1.0|0|00
2026|01|527141|015|08|WA|4718|BMB|02|60|2|001|Pembinaan/Edukasi Publik|0||0|||2.0|0|00
2026|01|527141|015|08|WA|4719|EBA|02|60|2|994|Layanan Perkantoran|0||0|||12.0|0|00
2026|01|527141|015|08|WA|4719|EBA|02|60|2|004|Hasil Survey/Rekomendasi Kepuasan Pengguna Layanan|0||0|||2.0|0|00
2026|01|527141|015|08|WA|4719|EBC|02|60|2|001|Pengembangan SDM|0||0|||22.0|0|00
2026|01|527162|015|08|CD|6212|BMB|29|01|2|001|Dukungan Pemberdayaan UMKM untuk Inklusi Pemanfaatan Digipay|0||0|||1.0|0|00
2026|01|527162|015|08|CD|6212|FAC|29|01|2|001|Komunikasi dan Edukasi Implementasi Aplikasi|0||0|||105.0|0|00
2026|01|527162|015|08|CD|6212|FAH|29|01|2|001|Edukasi Dalam Rangka Penyusunan Laporan Keuangan Tingkat Kuasa BUN|0||0|||4.0|0|00
2026|01|527162|015|08|CD|6212|FAL|29|01|2|004|Konsultasi Pencairan Dana|0||0|||10.0|0|00
2026|01|527162|015|08|CD|6213|FAC|29|01|2|001|Monev Pengembangan Kompetensi KPA, PPK, PPSPM, Bendahara dan Pengelola Perbendaharaan|0||0|||10.0|0|00
2026|01|527162|015|08|CD|6213|FAE|29|01|2|009|Rekomendasi atas Kinerja Investasi Pemerintah|0||0|||2.0|0|00
2026|01|527162|015|08|CD|6213|FAL|29|01|2|003|Reviu Belanja Pemerintah|0||0|||1.0|0|00
2026|01|527162|015|08|CD|6214|FAL|29|01|2|002|Surat Perintah Pencairan/Penarikan/Repayment/Pengesahan Dana|0||0|||4824.0|0|00
2026|01|527162|015|08|CD|6215|FAH|29|01|2|003|Laporan Keuangan BUN|0||0|||4.0|0|00
2026|01|527162|015|08|WA|4715|EBA|29|01|2|001|Kerumahtanggaan|0||0|||12.0|0|00
2026|01|527162|015|08|WA|4715|EBA|29|01|2|994|Layanan Perkantoran|0||0|||12.0|0|00
2026|01|527162|015|08|WA|4715|EBA|29|01|2|002|Dukungan Pimpinan dan Keprotokoleran|0||0|||12.0|0|00
2026|01|527162|015|08|WA|4715|EBD|29|01|2|Z36|Dokumen Pengelolaan Kinerja Organisasi|0||0|||2.0|0|00
2026|01|527162|015|08|WA|4718|BMB|29|01|2|002|Kehumasan|0||0|||1.0|0|00
2026|01|527162|015|08|WA|4718|BMB|29|01|2|001|Pembinaan/Edukasi Publik|0||0|||2.0|0|00
2026|01|527162|015|08|WA|4719|EBA|29|01|2|994|Layanan Perkantoran|0||0|||12.0|0|00
2026|01|527162|015|08|WA|4719|EBA|29|01|2|004|Hasil Survey/Rekomendasi Kepuasan Pengguna Layanan|0||0|||2.0|0|00
2026|01|527162|015|08|WA|4719|EBC|29|01|2|001|Pengembangan SDM|0||0|||25.0|0|00
2026|01|527137|015|08|CD|6212|BMB|02|52|2|001|Dukungan Pemberdayaan UMKM untuk Inklusi Pemanfaatan Digipay|0||0|||1.0|0|00
2026|01|527137|015|08|CD|6212|FAC|02|52|2|001|Komunikasi dan Edukasi Implementasi Aplikasi|0||0|||82.0|0|00
2026|01|527137|015|08|CD|6212|FAH|02|52|2|001|Edukasi Dalam Rangka Penyusunan Laporan Keuangan Tingkat Kuasa BUN|0||0|||4.0|0|00
2026|01|527137|015|08|CD|6212|FAL|02|52|2|004|Konsultasi Pencairan Dana|0||0|||10.0|0|00
2026|01|527137|015|08|CD|6213|FAC|02|52|2|001|Monev Pengembangan Kompetensi KPA, PPK, PPSPM, Bendahara dan Pengelola Perbendaharaan|0||0|||10.0|0|00
2026|01|527137|015|08|CD|6213|FAE|02|52|2|009|Rekomendasi atas Kinerja Investasi Pemerintah|0||0|||2.0|0|00
2026|01|527137|015|08|CD|6213|FAL|02|52|2|003|Reviu Belanja Pemerintah|0||0|||1.0|0|00
2026|01|527137|015|08|CD|6214|FAL|02|52|2|002|Surat Perintah Pencairan/Penarikan/Repayment/Pengesahan Dana|0||0|||3768.0|0|00
2026|01|527137|015|08|CD|6215|FAH|02|52|2|003|Laporan Keuangan BUN|0||0|||4.0|0|00
2026|01|527137|015|08|WA|4715|EBA|02|52|2|001|Kerumahtanggaan|0||0|||12.0|0|00
2026|01|527137|015|08|WA|4715|EBA|02|52|2|994|Layanan Perkantoran|0||0|||12.0|0|00
2026|01|527137|015|08|WA|4715|EBA|02|52|2|002|Dukungan Pimpinan dan Keprotokoleran|0||0|||12.0|0|00
2026|01|527137|015|08|WA|4715|EBB|02|52|2|004|Gedung/Bangunan|0||0|||1476.0|0|00
2026|01|527137|015|08|WA|4715|EBD|02|52|2|Z36|Dokumen Pengelolaan Kinerja Organisasi|0||0|||2.0|0|00
2026|01|527137|015|08|WA|4718|BMB|02|52|2|002|Kehumasan|0||0|||1.0|0|00
2026|01|527137|015|08|WA|4718|BMB|02|52|2|001|Pembinaan/Edukasi Publik|0||0|||2.0|0|00
2026|01|527137|015|08|WA|4719|EBA|02|52|2|994|Layanan Perkantoran|0||0|||12.0|0|00
2026|01|527137|015|08|WA|4719|EBA|02|52|2|004|Hasil Survey/Rekomendasi Kepuasan Pengguna Layanan|0||0|||2.0|0|00
2026|01|527137|015|08|WA|4719|EBC|02|52|2|001|Pengembangan SDM|0||0|||26.0|0|00
2026|01|527183|015|08|CD|6212|BMB|02|09|2|001|Dukungan Pemberdayaan UMKM untuk Inklusi Pemanfaatan Digipay|0||0|||1.0|0|00
2026|01|527183|015|08|CD|6212|FAC|02|09|2|001|Komunikasi dan Edukasi Implementasi Aplikasi|0||0|||16.0|0|00
2026|01|527183|015|08|CD|6212|FAH|02|09|2|001|Edukasi Dalam Rangka Penyusunan Laporan Keuangan Tingkat Kuasa BUN|0||0|||4.0|0|00
2026|01|527183|015|08|CD|6212|FAL|02|09|2|004|Konsultasi Pencairan Dana|0||0|||10.0|0|00
2026|01|527183|015|08|CD|6213|FAC|02|09|2|001|Monev Pengembangan Kompetensi KPA, PPK, PPSPM, Bendahara dan Pengelola Perbendaharaan|0||0|||10.0|0|00
2026|01|527183|015|08|CD|6213|FAE|02|09|2|009|Rekomendasi atas Kinerja Investasi Pemerintah|0||0|||2.0|0|00
2026|01|527183|015|08|CD|6213|FAL|02|09|2|003|Reviu Belanja Pemerintah|0||0|||1.0|0|00
2026|01|527183|015|08|CD|6214|FAL|02|09|2|002|Surat Perintah Pencairan/Penarikan/Repayment/Pengesahan Dana|0||0|||720.0|0|00
2026|01|527183|015|08|CD|6215|FAH|02|09|2|003|Laporan Keuangan BUN|0||0|||4.0|0|00
2026|01|527183|015|08|WA|4715|EBA|02|09|2|001|Kerumahtanggaan|0||0|||12.0|0|00
2026|01|527183|015|08|WA|4715|EBA|02|09|2|994|Layanan Perkantoran|0||0|||12.0|0|00
2026|01|527183|015|08|WA|4715|EBA|02|09|2|002|Dukungan Pimpinan dan Keprotokoleran|0||0|||12.0|0|00
2026|01|527183|015|08|WA|4715|EBD|02|09|2|Z36|Dokumen Pengelolaan Kinerja Organisasi|0||0|||2.0|0|00
2026|01|527183|015|08|WA|4718|BMB|02|09|2|002|Kehumasan|0||0|||1.0|0|00
2026|01|527183|015|08|WA|4718|BMB|02|09|2|001|Pembinaan/Edukasi Publik|0||0|||2.0|0|00
2026|01|527183|015|08|WA|4719|EBA|02|09|2|994|Layanan Perkantoran|0||0|||12.0|0|00
2026|01|527183|015|08|WA|4719|EBA|02|09|2|004|Hasil Survey/Rekomendasi Kepuasan Pengguna Layanan|0||0|||2.0|0|00
2026|01|527183|015|08|WA|4719|EBC|02|09|2|001|Pengembangan SDM|0||0|||14.0|0|00
2026|01|527205|015|08|CD|6212|BMB|02|14|2|001|Dukungan Pemberdayaan UMKM untuk Inklusi Pemanfaatan Digipay|0||0|||1.0|0|00
2026|01|527205|015|08|CD|6212|FAC|02|14|2|001|Komunikasi dan Edukasi Implementasi Aplikasi|0||0|||36.0|0|00
2026|01|527205|015|08|CD|6212|FAH|02|14|2|001|Edukasi Dalam Rangka Penyusunan Laporan Keuangan Tingkat Kuasa BUN|0||0|||4.0|0|00
2026|01|527205|015|08|CD|6212|FAL|02|14|2|004|Konsultasi Pencairan Dana|0||0|||10.0|0|00
2026|01|527205|015|08|CD|6213|FAC|02|14|2|001|Monev Pengembangan Kompetensi KPA, PPK, PPSPM, Bendahara dan Pengelola Perbendaharaan|0||0|||10.0|0|00
2026|01|527205|015|08|CD|6213|FAE|02|14|2|009|Rekomendasi atas Kinerja Investasi Pemerintah|0||0|||2.0|0|00
2026|01|527205|015|08|CD|6213|FAL|02|14|2|003|Reviu Belanja Pemerintah|0||0|||1.0|0|00
2026|01|527205|015|08|CD|6214|FAL|02|14|2|002|Surat Perintah Pencairan/Penarikan/Repayment/Pengesahan Dana|0||0|||840.0|0|00
2026|01|527205|015|08|CD|6215|FAH|02|14|2|003|Laporan Keuangan BUN|0||0|||4.0|0|00
2026|01|527205|015|08|WA|4715|EBA|02|14|2|001|Kerumahtanggaan|0||0|||12.0|0|00
2026|01|527205|015|08|WA|4715|EBA|02|14|2|994|Layanan Perkantoran|0||0|||12.0|0|00
2026|01|527205|015|08|WA|4715|EBA|02|14|2|002|Dukungan Pimpinan dan Keprotokoleran|0||0|||12.0|0|00
2026|01|527205|015|08|WA|4715|EBD|02|14|2|Z36|Dokumen Pengelolaan Kinerja Organisasi|0||0|||2.0|0|00
2026|01|527205|015|08|WA|4718|BMB|02|14|2|002|Kehumasan|0||0|||1.0|0|00
2026|01|527205|015|08|WA|4718|BMB|02|14|2|001|Pembinaan/Edukasi Publik|0||0|||2.0|0|00
2026|01|527205|015|08|WA|4719|EBA|02|14|2|994|Layanan Perkantoran|0||0|||12.0|0|00
2026|01|527205|015|08|WA|4719|EBA|02|14|2|004|Hasil Survey/Rekomendasi Kepuasan Pengguna Layanan|0||0|||2.0|0|00
2026|01|527205|015|08|WA|4719|EBC|02|14|2|001|Pengembangan SDM|0||0|||14.0|0|00
2026|01|527230|015|08|CD|6212|BMB|02|53|2|001|Dukungan Pemberdayaan UMKM untuk Inklusi Pemanfaatan Digipay|0||0|||1.0|0|00
2026|01|527230|015|08|CD|6212|FAC|02|53|2|001|Komunikasi dan Edukasi Implementasi Aplikasi|0||0|||47.0|0|00
2026|01|527230|015|08|CD|6212|FAH|02|53|2|001|Edukasi Dalam Rangka Penyusunan Laporan Keuangan Tingkat Kuasa BUN|0||0|||4.0|0|00
2026|01|527230|015|08|CD|6212|FAL|02|53|2|004|Konsultasi Pencairan Dana|0||0|||10.0|0|00
2026|01|527230|015|08|CD|6213|FAC|02|53|2|001|Monev Pengembangan Kompetensi KPA, PPK, PPSPM, Bendahara dan Pengelola Perbendaharaan|0||0|||10.0|0|00
2026|01|527230|015|08|CD|6213|FAE|02|53|2|009|Rekomendasi atas Kinerja Investasi Pemerintah|0||0|||2.0|0|00
2026|01|527230|015|08|CD|6213|FAL|02|53|2|003|Reviu Belanja Pemerintah|0||0|||1.0|0|00
2026|01|527230|015|08|CD|6214|FAL|02|53|2|002|Surat Perintah Pencairan/Penarikan/Repayment/Pengesahan Dana|0||0|||2112.0|0|00
2026|01|527230|015|08|CD|6215|FAH|02|53|2|003|Laporan Keuangan BUN|0||0|||4.0|0|00
2026|01|527230|015|08|WA|4715|EBA|02|53|2|001|Kerumahtanggaan|0||0|||12.0|0|00
2026|01|527230|015|08|WA|4715|EBA|02|53|2|994|Layanan Perkantoran|0||0|||12.0|0|00
2026|01|527230|015|08|WA|4715|EBA|02|53|2|002|Dukungan Pimpinan dan Keprotokoleran|0||0|||12.0|0|00
2026|01|527230|015|08|WA|4715|EBD|02|53|2|Z36|Dokumen Pengelolaan Kinerja Organisasi|0||0|||2.0|0|00
2026|01|527230|015|08|WA|4718|BMB|02|53|2|002|Kehumasan|0||0|||1.0|0|00
2026|01|527230|015|08|WA|4718|BMB|02|53|2|001|Pembinaan/Edukasi Publik|0||0|||2.0|0|00
2026|01|527230|015|08|WA|4719|EBA|02|53|2|994|Layanan Perkantoran|0||0|||12.0|0|00
2026|01|527230|015|08|WA|4719|EBA|02|53|2|004|Hasil Survey/Rekomendasi Kepuasan Pengguna Layanan|0||0|||2.0|0|00
2026|01|527230|015|08|WA|4719|EBC|02|53|2|001|Pengembangan SDM|0||0|||20.0|0|00
2026|01|527272|015|08|CD|6212|BMB|03|51|2|001|Dukungan Pemberdayaan UMKM untuk Inklusi Pemanfaatan Digipay|0||0|||1.0|0|00
2026|01|527272|015|08|CD|6212|FAC|03|51|2|001|Komunikasi dan Edukasi Implementasi Aplikasi|0||0|||132.0|0|00
2026|01|527272|015|08|CD|6212|FAH|03|51|2|001|Edukasi Dalam Rangka Penyusunan Laporan Keuangan Tingkat Kuasa BUN|0||0|||4.0|0|00
2026|01|527272|015|08|CD|6212|FAL|03|51|2|004|Konsultasi Pencairan Dana|0||0|||10.0|0|00
2026|01|527272|015|08|CD|6213|FAC|03|51|2|001|Monev Pengembangan Kompetensi KPA, PPK, PPSPM, Bendahara dan Pengelola Perbendaharaan|0||0|||10.0|0|00
2026|01|527272|015|08|CD|6213|FAE|03|51|2|009|Rekomendasi atas Kinerja Investasi Pemerintah|0||0|||2.0|0|00
2026|01|527272|015|08|CD|6213|FAL|03|51|2|003|Reviu Belanja Pemerintah|0||0|||1.0|0|00
2026|01|527272|015|08|CD|6214|FAL|03|51|2|002|Surat Perintah Pencairan/Penarikan/Repayment/Pengesahan Dana|0||0|||3120.0|0|00
2026|01|527272|015|08|CD|6215|FAH|03|51|2|003|Laporan Keuangan BUN|0||0|||4.0|0|00
2026|01|527272|015|08|WA|4715|EBA|03|51|2|001|Kerumahtanggaan|0||0|||1.0|0|00
2026|01|527272|015|08|WA|4715|EBA|03|51|2|994|Layanan Perkantoran|0||0|||1.0|0|00
2026|01|527272|015|08|WA|4715|EBA|03|51|2|002|Dukungan Pimpinan dan Keprotokoleran|0||0|||1.0|0|00
2026|01|527272|015|08|WA|4715|EBD|03|51|2|Z36|Dokumen Pengelolaan Kinerja Organisasi|0||0|||2.0|0|00
2026|01|527272|015|08|WA|4718|BMB|03|51|2|002|Kehumasan|0||0|||1.0|0|00
2026|01|527272|015|08|WA|4718|BMB|03|51|2|001|Pembinaan/Edukasi Publik|0||0|||2.0|0|00
2026|01|527272|015|08|WA|4719|EBA|03|51|2|994|Layanan Perkantoran|0||0|||1.0|0|00
2026|01|527272|015|08|WA|4719|EBA|03|51|2|004|Hasil Survey/Rekomendasi Kepuasan Pengguna Layanan|0||0|||2.0|0|00
2026|01|527272|015|08|WA|4719|EBC|03|51|2|001|Pengembangan SDM|0||0|||28.0|0|00
2026|01|527268|015|08|CD|6212|BMB|03|51|2|001|Dukungan Pemberdayaan UMKM untuk Inklusi Pemanfaatan Digipay|0||0|||1.0|0|00
2026|01|527268|015|08|CD|6212|FAC|03|51|2|002|Bimbingan Teknis Pengelola Keuangan BLU|0||0|||985.0|0|00
2026|01|527268|015|08|CD|6212|FAH|03|51|2|003|Komunikasi dan Edukasi Penyusunan LKKL dan LKBUN|0||0|||4.0|0|00
2026|01|527268|015|08|CD|6212|FAH|03|51|2|002|Komunikasi dan Edukasi Dalam Rangka Penyusunan Government Financial Statistic (GFS)|0||0|||8.0|0|00
2026|01|527268|015|08|CD|6212|FAL|03|51|2|001|Pembinaan Pelaksanaan Anggaran|0||0|||8.0|0|00
2026|01|527268|015|08|CD|6213|ABA|03|51|2|001|Kajian atas Peluang Investasi dan Pinjaman Daerah|0||0|||2.0|0|00
2026|01|527268|015|08|CD|6213|FAE|03|51|2|009|Rekomendasi atas Kinerja Investasi Pemerintah|0||0|||2.0|0|00
2026|01|527268|015|08|CD|6213|FAE|03|51|2|008|ALCo Regional|0||0|||2.0|0|00
2026|01|527268|015|08|CD|6213|FAL|03|51|2|003|Reviu Belanja Pemerintah|0||0|||4.0|0|00
2026|01|527268|015|08|CD|6215|FAH|03|51|2|003|Laporan Keuangan BUN|0||0|||4.0|0|00
2026|01|527268|015|08|CD|6215|FAH|03|51|2|001|Government Financial Statistic (GFS)|0||0|||4.0|0|00
2026|01|527268|015|08|CD|6216|FAE|03|51|2|002|Rekomendasi Tarif Standar Biaya Masukan|0||0|||1.0|0|00
2026|01|527268|015|08|WA|4715|EBA|03|51|2|001|Kerumahtanggaan|0||0|||12.0|0|00
2026|01|527268|015|08|WA|4715|EBA|03|51|2|994|Layanan Perkantoran|0||0|||12.0|0|00
2026|01|527268|015|08|WA|4715|EBA|03|51|2|002|Dukungan Pimpinan dan Keprotokoleran|0||0|||12.0|0|00
2026|01|527268|015|08|WA|4715|EBB|03|51|2|004|Gedung/Bangunan|0||0|||480.0|0|00
2026|01|527268|015|08|WA|4715|EBD|03|51|2|Z36|Dokumen Pengelolaan Kinerja Organisasi|0||0|||4.0|0|00
2026|01|527268|015|08|WA|4715|EBD|03|51|2|Z26|Laporan Keuangan Unit|0||0|||2.0|0|00
2026|01|527268|015|08|WA|4718|BMB|03|51|2|002|Kehumasan|0||0|||4.0|0|00
2026|01|527268|015|08|WA|4718|BMB|03|51|2|001|Pembinaan/Edukasi Publik|0||0|||2.0|0|00
2026|01|527268|015|08|WA|4719|EBA|03|51|2|003|Rekomendasi Pengelolaan Organisasi|0||0|||31.0|0|00
2026|01|527268|015|08|WA|4719|EBA|03|51|2|994|Layanan Perkantoran|0||0|||12.0|0|00
2026|01|527268|015|08|WA|4719|EBA|03|51|2|005|Standar Mutu Layanan - ISO Mutu Layanan|0||0|||32.0|0|00
2026|01|527268|015|08|WA|4719|EBC|03|51|2|001|Pengembangan SDM|0||0|||70.0|0|00
2026|01|527268|015|08|WA|4722|EBD|03|51|2|001|Rekomendasi Penerapan Pengelolaan Risiko, Pengendalian dan Pengawasan Internal|0||0|||2.0|0|00
2026|01|527322|015|08|CD|6212|BMB|03|09|2|001|Dukungan Pemberdayaan UMKM untuk Inklusi Pemanfaatan Digipay|0||0|||1.0|0|00
2026|01|527322|015|08|CD|6212|FAC|03|09|2|001|Komunikasi dan Edukasi Implementasi Aplikasi|0||0|||30.0|0|00
2026|01|527322|015|08|CD|6212|FAH|03|09|2|001|Edukasi Dalam Rangka Penyusunan Laporan Keuangan Tingkat Kuasa BUN|0||0|||4.0|0|00
2026|01|527322|015|08|CD|6212|FAL|03|09|2|004|Konsultasi Pencairan Dana|0||0|||10.0|0|00
2026|01|527322|015|08|CD|6213|FAC|03|09|2|001|Monev Pengembangan Kompetensi KPA, PPK, PPSPM, Bendahara dan Pengelola Perbendaharaan|0||0|||10.0|0|00
2026|01|527322|015|08|CD|6213|FAE|03|09|2|009|Rekomendasi atas Kinerja Investasi Pemerintah|0||0|||2.0|0|00
2026|01|527322|015|08|CD|6213|FAL|03|09|2|003|Reviu Belanja Pemerintah|0||0|||1.0|0|00
2026|01|527322|015|08|CD|6214|FAL|03|09|2|002|Surat Perintah Pencairan/Penarikan/Repayment/Pengesahan Dana|0||0|||1344.0|0|00
2026|01|527322|015|08|CD|6215|FAH|03|09|2|003|Laporan Keuangan BUN|0||0|||4.0|0|00
2026|01|527322|015|08|WA|4715|EBA|03|09|2|001|Kerumahtanggaan|0||0|||12.0|0|00
2026|01|527322|015|08|WA|4715|EBA|03|09|2|994|Layanan Perkantoran|0||0|||12.0|0|00
2026|01|527322|015|08|WA|4715|EBA|03|09|2|002|Dukungan Pimpinan dan Keprotokoleran|0||0|||12.0|0|00
2026|01|527322|015|08|WA|4715|EBD|03|09|2|Z36|Dokumen Pengelolaan Kinerja Organisasi|0||0|||2.0|0|00
2026|01|527322|015|08|WA|4718|BMB|03|09|2|002|Kehumasan|0||0|||1.0|0|00
2026|01|527322|015|08|WA|4718|BMB|03|09|2|001|Pembinaan/Edukasi Publik|0||0|||2.0|0|00
2026|01|527322|015|08|WA|4719|EBA|03|09|2|994|Layanan Perkantoran|0||0|||12.0|0|00
2026|01|527322|015|08|WA|4719|EBA|03|09|2|004|Hasil Survey/Rekomendasi Kepuasan Pengguna Layanan|0||0|||2.0|0|00
2026|01|527322|015|08|WA|4719|EBC|03|09|2|001|Pengembangan SDM|0||0|||22.0|0|00
2026|01|527293|015|08|CD|6212|BMB|03|22|2|001|Dukungan Pemberdayaan UMKM untuk Inklusi Pemanfaatan Digipay|0||0|||1.0|0|00
2026|01|527293|015|08|CD|6212|FAC|03|22|2|001|Komunikasi dan Edukasi Implementasi Aplikasi|0||0|||26.0|0|00
2026|01|527293|015|08|CD|6212|FAH|03|22|2|001|Edukasi Dalam Rangka Penyusunan Laporan Keuangan Tingkat Kuasa BUN|0||0|||4.0|0|00
2026|01|527293|015|08|CD|6212|FAL|03|22|2|004|Konsultasi Pencairan Dana|0||0|||10.0|0|00
2026|01|527293|015|08|CD|6213|FAC|03|22|2|001|Monev Pengembangan Kompetensi KPA, PPK, PPSPM, Bendahara dan Pengelola Perbendaharaan|0||0|||10.0|0|00
2026|01|527293|015|08|CD|6213|FAE|03|22|2|009|Rekomendasi atas Kinerja Investasi Pemerintah|0||0|||2.0|0|00
2026|01|527293|015|08|CD|6213|FAL|03|22|2|003|Reviu Belanja Pemerintah|0||0|||1.0|0|00
2026|01|527293|015|08|CD|6214|FAL|03|22|2|002|Surat Perintah Pencairan/Penarikan/Repayment/Pengesahan Dana|0||0|||1152.0|0|00
2026|01|527293|015|08|CD|6215|FAH|03|22|2|003|Laporan Keuangan BUN|0||0|||4.0|0|00
2026|01|527293|015|08|WA|4715|EBA|03|22|2|001|Kerumahtanggaan|0||0|||12.0|0|00
2026|01|527293|015|08|WA|4715|EBA|03|22|2|994|Layanan Perkantoran|0||0|||12.0|0|00
2026|01|527293|015|08|WA|4715|EBA|03|22|2|002|Dukungan Pimpinan dan Keprotokoleran|0||0|||12.0|0|00
2026|01|527293|015|08|WA|4715|EBD|03|22|2|Z36|Dokumen Pengelolaan Kinerja Organisasi|0||0|||2.0|0|00
2026|01|527293|015|08|WA|4718|BMB|03|22|2|002|Kehumasan|0||0|||1.0|0|00
2026|01|527293|015|08|WA|4718|BMB|03|22|2|001|Pembinaan/Edukasi Publik|0||0|||2.0|0|00
2026|01|527293|015|08|WA|4719|EBA|03|22|2|994|Layanan Perkantoran|0||0|||12.0|0|00
2026|01|527293|015|08|WA|4719|EBA|03|22|2|004|Hasil Survey/Rekomendasi Kepuasan Pengguna Layanan|0||0|||2.0|0|00
2026|01|527293|015|08|WA|4719|EBC|03|22|2|001|Pengembangan SDM|0||0|||16.0|0|00
2026|01|527289|015|08|CD|6212|BMB|03|56|2|001|Dukungan Pemberdayaan UMKM untuk Inklusi Pemanfaatan Digipay|0||0|||1.0|0|00
2026|01|527289|015|08|CD|6212|FAC|03|56|2|001|Komunikasi dan Edukasi Implementasi Aplikasi|0||0|||110.0|0|00
2026|01|527289|015|08|CD|6212|FAH|03|56|2|001|Edukasi Dalam Rangka Penyusunan Laporan Keuangan Tingkat Kuasa BUN|0||0|||4.0|0|00
2026|01|527289|015|08|CD|6212|FAL|03|56|2|004|Konsultasi Pencairan Dana|0||0|||10.0|0|00
2026|01|527289|015|08|CD|6213|FAC|03|56|2|001|Monev Pengembangan Kompetensi KPA, PPK, PPSPM, Bendahara dan Pengelola Perbendaharaan|0||0|||10.0|0|00
2026|01|527289|015|08|CD|6213|FAE|03|56|2|009|Rekomendasi atas Kinerja Investasi Pemerintah|0||0|||2.0|0|00
2026|01|527289|015|08|CD|6213|FAL|03|56|2|003|Reviu Belanja Pemerintah|0||0|||1.0|0|00
2026|01|527289|015|08|CD|6214|FAL|03|56|2|002|Surat Perintah Pencairan/Penarikan/Repayment/Pengesahan Dana|0||0|||2568.0|0|00
2026|01|527289|015|08|CD|6215|FAH|03|56|2|003|Laporan Keuangan BUN|0||0|||4.0|0|00
2026|01|527289|015|08|WA|4715|EBA|03|56|2|001|Kerumahtanggaan|0||0|||12.0|0|00
2026|01|527289|015|08|WA|4715|EBA|03|56|2|994|Layanan Perkantoran|0||0|||12.0|0|00
2026|01|527289|015|08|WA|4715|EBA|03|56|2|002|Dukungan Pimpinan dan Keprotokoleran|0||0|||12.0|0|00
2026|01|527289|015|08|WA|4715|EBD|03|56|2|Z36|Dokumen Pengelolaan Kinerja Organisasi|0||0|||2.0|0|00
2026|01|527289|015|08|WA|4718|BMB|03|56|2|001|Pembinaan/Edukasi Publik|0||0|||2.0|0|00
2026|01|527289|015|08|WA|4718|BMB|03|56|2|002|Kehumasan|0||0|||1.0|0|00
2026|01|527289|015|08|WA|4719|EBA|03|56|2|994|Layanan Perkantoran|0||0|||12.0|0|00
2026|01|527289|015|08|WA|4719|EBA|03|56|2|004|Hasil Survey/Rekomendasi Kepuasan Pengguna Layanan|0||0|||2.0|0|00
2026|01|527289|015|08|WA|4719|EBC|03|56|2|001|Pengembangan SDM|0||0|||35.0|0|00
2026|01|527315|015|08|CD|6212|BMB|03|53|2|001|Dukungan Pemberdayaan UMKM untuk Inklusi Pemanfaatan Digipay|0||0|||1.0|0|00
2026|01|527315|015|08|CD|6212|FAC|03|53|2|001|Komunikasi dan Edukasi Implementasi Aplikasi|0||0|||34.0|0|00
2026|01|527315|015|08|CD|6212|FAH|03|53|2|001|Edukasi Dalam Rangka Penyusunan Laporan Keuangan Tingkat Kuasa BUN|0||0|||4.0|0|00
2026|01|527315|015|08|CD|6212|FAL|03|53|2|004|Konsultasi Pencairan Dana|0||0|||10.0|0|00
2026|01|527315|015|08|CD|6213|FAC|03|53|2|001|Monev Pengembangan Kompetensi KPA, PPK, PPSPM, Bendahara dan Pengelola Perbendaharaan|0||0|||10.0|0|00
2026|01|527315|015|08|CD|6213|FAE|03|53|2|009|Rekomendasi atas Kinerja Investasi Pemerintah|0||0|||2.0|0|00
2026|01|527315|015|08|CD|6213|FAL|03|53|2|003|Reviu Belanja Pemerintah|0||0|||1.0|0|00
2026|01|527315|015|08|CD|6214|FAL|03|53|2|002|Surat Perintah Pencairan/Penarikan/Repayment/Pengesahan Dana|0||0|||1488.0|0|00
2026|01|527315|015|08|CD|6215|FAH|03|53|2|003|Laporan Keuangan BUN|0||0|||4.0|0|00
2026|01|527315|015|08|WA|4715|EBA|03|53|2|001|Kerumahtanggaan|0||0|||12.0|0|00
2026|01|527315|015|08|WA|4715|EBA|03|53|2|994|Layanan Perkantoran|0||0|||12.0|0|00
2026|01|527315|015|08|WA|4715|EBA|03|53|2|002|Dukungan Pimpinan dan Keprotokoleran|0||0|||12.0|0|00
2026|01|527315|015|08|WA|4715|EBD|03|53|2|Z36|Dokumen Pengelolaan Kinerja Organisasi|0||0|||2.0|0|00
2026|01|527315|015|08|WA|4718|BMB|03|53|2|002|Kehumasan|0||0|||1.0|0|00
2026|01|527315|015|08|WA|4718|BMB|03|53|2|001|Pembinaan/Edukasi Publik|0||0|||2.0|0|00
2026|01|527315|015|08|WA|4719|EBA|03|53|2|994|Layanan Perkantoran|0||0|||12.0|0|00
2026|01|527315|015|08|WA|4719|EBA|03|53|2|004|Hasil Survey/Rekomendasi Kepuasan Pengguna Layanan|0||0|||2.0|0|00
2026|01|527315|015|08|WA|4719|EBC|03|53|2|001|Pengembangan SDM|0||0|||19.0|0|00
2026|01|527301|015|08|CD|6212|BMB|03|15|2|001|Dukungan Pemberdayaan UMKM untuk Inklusi Pemanfaatan Digipay|0||0|||1.0|0|21
2026|01|527301|015|08|CD|6212|FAC|03|15|2|001|Komunikasi dan Edukasi Implementasi Aplikasi|0||0|||30.0|0|00
2026|01|527301|015|08|CD|6212|FAH|03|15|2|001|Edukasi Dalam Rangka Penyusunan Laporan Keuangan Tingkat Kuasa BUN|0||0|||4.0|0|00
2026|01|527301|015|08|CD|6212|FAL|03|15|2|004|Konsultasi Pencairan Dana|0||0|||10.0|0|00
2026|01|527301|015|08|CD|6213|FAC|03|15|2|001|Monev Pengembangan Kompetensi KPA, PPK, PPSPM, Bendahara dan Pengelola Perbendaharaan|0||0|||10.0|0|00
2026|01|527301|015|08|CD|6213|FAE|03|15|2|009|Rekomendasi atas Kinerja Investasi Pemerintah|0||0|||2.0|0|21
2026|01|527301|015|08|CD|6213|FAL|03|15|2|003|Reviu Belanja Pemerintah|0||0|||1.0|0|00
2026|01|527301|015|08|CD|6214|FAL|03|15|2|002|Surat Perintah Pencairan/Penarikan/Repayment/Pengesahan Dana|0||0|||1344.0|0|00
2026|01|527301|015|08|CD|6215|FAH|03|15|2|003|Laporan Keuangan BUN|0||0|||4.0|0|00
2026|01|527301|015|08|WA|4715|EBA|03|15|2|001|Kerumahtanggaan|0||0|||12.0|0|00
2026|01|527301|015|08|WA|4715|EBA|03|15|2|994|Layanan Perkantoran|0||0|||12.0|0|00
2026|01|527301|015|08|WA|4715|EBA|03|15|2|002|Dukungan Pimpinan dan Keprotokoleran|0||0|||12.0|0|00
2026|01|527301|015|08|WA|4715|EBD|03|15|2|Z36|Dokumen Pengelolaan Kinerja Organisasi|0||0|||2.0|0|00
2026|01|527301|015|08|WA|4718|BMB|03|15|2|002|Kehumasan|0||0|||1.0|0|00
2026|01|527301|015|08|WA|4718|BMB|03|15|2|001|Pembinaan/Edukasi Publik|0||0|||2.0|0|00
2026|01|527301|015|08|WA|4719|EBA|03|15|2|994|Layanan Perkantoran|0||0|||12.0|0|00
2026|01|527301|015|08|WA|4719|EBA|03|15|2|004|Hasil Survey/Rekomendasi Kepuasan Pengguna Layanan|0||0|||2.0|0|00
2026|01|527301|015|08|WA|4719|EBC|03|15|2|001|Pengembangan SDM|0||0|||23.0|0|00
2026|01|527340|015|08|CD|6212|BMB|03|55|2|001|Dukungan Pemberdayaan UMKM untuk Inklusi Pemanfaatan Digipay|0||0|||1.0|0|00
2026|01|527340|015|08|CD|6212|FAC|03|55|2|001|Komunikasi dan Edukasi Implementasi Aplikasi|0||0|||44.0|0|00
2026|01|527340|015|08|CD|6212|FAH|03|55|2|001|Edukasi Dalam Rangka Penyusunan Laporan Keuangan Tingkat Kuasa BUN|0||0|||4.0|0|00
2026|01|527340|015|08|CD|6212|FAL|03|55|2|004|Konsultasi Pencairan Dana|0||0|||10.0|0|00
2026|01|527340|015|08|CD|6213|FAC|03|55|2|001|Monev Pengembangan Kompetensi KPA, PPK, PPSPM, Bendahara dan Pengelola Perbendaharaan|0||0|||10.0|0|00
2026|01|527340|015|08|CD|6213|FAE|03|55|2|009|Rekomendasi atas Kinerja Investasi Pemerintah|0||0|||2.0|0|00
2026|01|527340|015|08|CD|6213|FAL|03|55|2|003|Reviu Belanja Pemerintah|0||0|||1.0|0|00
2026|01|527340|015|08|CD|6214|FAL|03|55|2|002|Surat Perintah Pencairan/Penarikan/Repayment/Pengesahan Dana|0||0|||1944.0|0|00
2026|01|527340|015|08|CD|6215|FAH|03|55|2|003|Laporan Keuangan BUN|0||0|||4.0|0|00
2026|01|527340|015|08|WA|4715|EBA|03|55|2|001|Kerumahtanggaan|0||0|||12.0|0|00
2026|01|527340|015|08|WA|4715|EBA|03|55|2|994|Layanan Perkantoran|0||0|||12.0|0|00
2026|01|527340|015|08|WA|4715|EBA|03|55|2|002|Dukungan Pimpinan dan Keprotokoleran|0||0|||12.0|0|00
2026|01|527340|015|08|WA|4715|EBD|03|55|2|Z36|Dokumen Pengelolaan Kinerja Organisasi|0||0|||2.0|0|00
2026|01|527340|015|08|WA|4718|BMB|03|55|2|002|Kehumasan|0||0|||1.0|0|00
2026|01|527340|015|08|WA|4718|BMB|03|55|2|001|Pembinaan/Edukasi Publik|0||0|||2.0|0|00
2026|01|527340|015|08|WA|4719|EBA|03|55|2|994|Layanan Perkantoran|0||0|||12.0|0|00
2026|01|527340|015|08|WA|4719|EBA|03|55|2|004|Hasil Survey/Rekomendasi Kepuasan Pengguna Layanan|0||0|||2.0|0|00
2026|01|527340|015|08|WA|4719|EBC|03|55|2|001|Pengembangan SDM|0||0|||31.0|0|00
2026|01|527336|015|08|CD|6212|BMB|03|10|2|001|Dukungan Pemberdayaan UMKM untuk Inklusi Pemanfaatan Digipay|0||0|||2.0|0|00
2026|01|527336|015|08|CD|6212|FAC|03|10|2|001|Komunikasi dan Edukasi Implementasi Aplikasi|0||0|||41.0|0|00
2026|01|527336|015|08|CD|6212|FAH|03|10|2|001|Edukasi Dalam Rangka Penyusunan Laporan Keuangan Tingkat Kuasa BUN|0||0|||4.0|0|00
2026|01|527336|015|08|CD|6212|FAL|03|10|2|004|Konsultasi Pencairan Dana|0||0|||10.0|0|00
2026|01|527336|015|08|CD|6213|FAC|03|10|2|001|Monev Pengembangan Kompetensi KPA, PPK, PPSPM, Bendahara dan Pengelola Perbendaharaan|0||0|||10.0|0|00
2026|01|527336|015|08|CD|6213|FAE|03|10|2|009|Rekomendasi atas Kinerja Investasi Pemerintah|0||0|||2.0|0|00
2026|01|527336|015|08|CD|6213|FAL|03|10|2|003|Reviu Belanja Pemerintah|0||0|||1.0|0|11
2026|01|527336|015|08|CD|6214|FAL|03|10|2|002|Surat Perintah Pencairan/Penarikan/Repayment/Pengesahan Dana|0||0|||1800.0|0|11
2026|01|527336|015|08|CD|6215|FAH|03|10|2|003|Laporan Keuangan BUN|0||0|||4.0|0|11
2026|01|527336|015|08|WA|4715|EBA|03|10|2|001|Kerumahtanggaan|0||0|||12.0|0|00
2026|01|527336|015|08|WA|4715|EBA|03|10|2|994|Layanan Perkantoran|0||0|||12.0|0|00
2026|01|527336|015|08|WA|4715|EBA|03|10|2|002|Dukungan Pimpinan dan Keprotokoleran|0||0|||12.0|0|00
2026|01|527336|015|08|WA|4715|EBD|03|10|2|Z36|Dokumen Pengelolaan Kinerja Organisasi|0||0|||2.0|0|00
2026|01|527336|015|08|WA|4718|BMB|03|10|2|002|Kehumasan|0||0|||1.0|0|00
2026|01|527336|015|08|WA|4718|BMB|03|10|2|001|Pembinaan/Edukasi Publik|0||0|||2.0|0|00
2026|01|527336|015|08|WA|4719|EBA|03|10|2|994|Layanan Perkantoran|0||0|||12.0|0|00
2026|01|527336|015|08|WA|4719|EBA|03|10|2|004|Hasil Survey/Rekomendasi Kepuasan Pengguna Layanan|0||0|||2.0|0|00
2026|01|527336|015|08|WA|4719|EBC|03|10|2|001|Pengembangan SDM|0||0|||16.0|0|00
2026|01|527357|015|08|CD|6212|BMB|03|54|2|001|Dukungan Pemberdayaan UMKM untuk Inklusi Pemanfaatan Digipay|0||0|||1.0|0|00
2026|01|527357|015|08|CD|6212|FAC|03|54|2|001|Komunikasi dan Edukasi Implementasi Aplikasi|0||0|||50.0|0|00
2026|01|527357|015|08|CD|6212|FAH|03|54|2|001|Edukasi Dalam Rangka Penyusunan Laporan Keuangan Tingkat Kuasa BUN|0||0|||4.0|0|00
2026|01|527357|015|08|CD|6212|FAL|03|54|2|004|Konsultasi Pencairan Dana|0||0|||10.0|0|00
2026|01|527357|015|08|CD|6213|FAC|03|54|2|001|Monev Pengembangan Kompetensi KPA, PPK, PPSPM, Bendahara dan Pengelola Perbendaharaan|0||0|||10.0|0|00
2026|01|527357|015|08|CD|6213|FAE|03|54|2|009|Rekomendasi atas Kinerja Investasi Pemerintah|0||0|||2.0|0|00
2026|01|527357|015|08|CD|6213|FAL|03|54|2|003|Reviu Belanja Pemerintah|0||0|||1.0|0|00
2026|01|527357|015|08|CD|6214|FAL|03|54|2|002|Surat Perintah Pencairan/Penarikan/Repayment/Pengesahan Dana|0||0|||2208.0|0|00
2026|01|527357|015|08|CD|6215|FAH|03|54|2|003|Laporan Keuangan BUN|0||0|||4.0|0|00
2026|01|527357|015|08|WA|4715|EBA|03|54|2|001|Kerumahtanggaan|0||0|||12.0|0|00
2026|01|527357|015|08|WA|4715|EBA|03|54|2|994|Layanan Perkantoran|0||0|||12.0|0|00
2026|01|527357|015|08|WA|4715|EBA|03|54|2|002|Dukungan Pimpinan dan Keprotokoleran|0||0|||12.0|0|00
2026|01|527357|015|08|WA|4715|EBD|03|54|2|Z36|Dokumen Pengelolaan Kinerja Organisasi|0||0|||2.0|0|00
2026|01|527357|015|08|WA|4718|BMB|03|54|2|002|Kehumasan|0||0|||1.0|0|00
2026|01|527357|015|08|WA|4718|BMB|03|54|2|001|Pembinaan/Edukasi Publik|0||0|||2.0|0|00
2026|01|527357|015|08|WA|4719|EBA|03|54|2|994|Layanan Perkantoran|0||0|||12.0|0|00
2026|01|527357|015|08|WA|4719|EBA|03|54|2|004|Hasil Survey/Rekomendasi Kepuasan Pengguna Layanan|0||0|||2.0|0|00
2026|01|527357|015|08|WA|4719|EBC|03|54|2|001|Pengembangan SDM|0||0|||22.0|0|00
2026|01|527361|015|08|CD|6212|BMB|03|16|2|001|Dukungan Pemberdayaan UMKM untuk Inklusi Pemanfaatan Digipay|0||0|||1.0|0|00
2026|01|527361|015|08|CD|6212|FAC|03|16|2|001|Komunikasi dan Edukasi Implementasi Aplikasi|0||0|||28.0|0|00
2026|01|527361|015|08|CD|6212|FAH|03|16|2|001|Edukasi Dalam Rangka Penyusunan Laporan Keuangan Tingkat Kuasa BUN|0||0|||4.0|0|00
2026|01|527361|015|08|CD|6212|FAL|03|16|2|004|Konsultasi Pencairan Dana|0||0|||10.0|0|00
2026|01|527361|015|08|CD|6213|FAC|03|16|2|001|Monev Pengembangan Kompetensi KPA, PPK, PPSPM, Bendahara dan Pengelola Perbendaharaan|0||0|||10.0|0|00
2026|01|527361|015|08|CD|6213|FAE|03|16|2|009|Rekomendasi atas Kinerja Investasi Pemerintah|0||0|||2.0|0|00
2026|01|527361|015|08|CD|6213|FAL|03|16|2|003|Reviu Belanja Pemerintah|0||0|||1.0|0|00
2026|01|527361|015|08|CD|6214|FAL|03|16|2|002|Surat Perintah Pencairan/Penarikan/Repayment/Pengesahan Dana|0||0|||1296.0|0|00
2026|01|527361|015|08|CD|6215|FAH|03|16|2|003|Laporan Keuangan BUN|0||0|||4.0|0|00
2026|01|527361|015|08|WA|4715|EBA|03|16|2|001|Kerumahtanggaan|0||0|||12.0|0|00
2026|01|527361|015|08|WA|4715|EBA|03|16|2|994|Layanan Perkantoran|0||0|||12.0|0|00
2026|01|527361|015|08|WA|4715|EBA|03|16|2|002|Dukungan Pimpinan dan Keprotokoleran|0||0|||12.0|0|00
2026|01|527361|015|08|WA|4715|EBD|03|16|2|Z36|Dokumen Pengelolaan Kinerja Organisasi|0||0|||2.0|0|00
2026|01|527361|015|08|WA|4718|BMB|03|16|2|002|Kehumasan|0||0|||1.0|0|00
2026|01|527361|015|08|WA|4718|BMB|03|16|2|001|Pembinaan/Edukasi Publik|0||0|||2.0|0|00
2026|01|527361|015|08|WA|4719|EBA|03|16|2|994|Layanan Perkantoran|0||0|||12.0|0|00
2026|01|527361|015|08|WA|4719|EBA|03|16|2|004|Hasil Survey/Rekomendasi Kepuasan Pengguna Layanan|0||0|||2.0|0|00
2026|01|527361|015|08|WA|4719|EBC|03|16|2|001|Pengembangan SDM|0||0|||14.0|0|00
2026|01|527399|015|08|CD|6212|BMB|04|51|2|001|Dukungan Pemberdayaan UMKM untuk Inklusi Pemanfaatan Digipay|0||0|||1.0|0|00
2026|01|527399|015|08|CD|6212|FAC|04|51|2|001|Komunikasi dan Edukasi Implementasi Aplikasi|0||0|||280.0|0|00
2026|01|527399|015|08|CD|6212|FAH|04|51|2|001|Edukasi Dalam Rangka Penyusunan Laporan Keuangan Tingkat Kuasa BUN|0||0|||4.0|0|00
2026|01|527399|015|08|CD|6212|FAL|04|51|2|004|Konsultasi Pencairan Dana|0||0|||10.0|0|00
2026|01|527399|015|08|CD|6213|FAC|04|51|2|001|Monev Pengembangan Kompetensi KPA, PPK, PPSPM, Bendahara dan Pengelola Perbendaharaan|0||0|||10.0|0|00
2026|01|527399|015|08|CD|6213|FAE|04|51|2|009|Rekomendasi atas Kinerja Investasi Pemerintah|0||0|||2.0|0|00
2026|01|527399|015|08|CD|6213|FAL|04|51|2|003|Reviu Belanja Pemerintah|0||0|||1.0|0|00
2026|01|527399|015|08|CD|6214|FAL|04|51|2|002|Surat Perintah Pencairan/Penarikan/Repayment/Pengesahan Dana|0||0|||6624.0|0|00
2026|01|527399|015|08|CD|6215|FAH|04|51|2|003|Laporan Keuangan BUN|0||0|||4.0|0|00
2026|01|527399|015|08|WA|4715|EBA|04|51|2|001|Kerumahtanggaan|0||0|||12.0|0|00
2026|01|527399|015|08|WA|4715|EBA|04|51|2|994|Layanan Perkantoran|0||0|||12.0|0|00
2026|01|527399|015|08|WA|4715|EBA|04|51|2|002|Dukungan Pimpinan dan Keprotokoleran|0||0|||12.0|0|00
2026|01|527399|015|08|WA|4715|EBD|04|51|2|Z36|Dokumen Pengelolaan Kinerja Organisasi|0||0|||2.0|0|00
2026|01|527399|015|08|WA|4718|BMB|04|51|2|002|Kehumasan|0||0|||1.0|0|00
2026|01|527399|015|08|WA|4718|BMB|04|51|2|001|Pembinaan/Edukasi Publik|0||0|||2.0|0|00
2026|01|527399|015|08|WA|4719|EBA|04|51|2|994|Layanan Perkantoran|0||0|||12.0|0|00
2026|01|527399|015|08|WA|4719|EBA|04|51|2|004|Hasil Survey/Rekomendasi Kepuasan Pengguna Layanan|0||0|||2.0|0|00
2026|01|527399|015|08|WA|4719|EBC|04|51|2|001|Pengembangan SDM|0||0|||32.0|0|00
2026|01|527425|015|08|CD|6212|BMB|05|51|2|001|Dukungan Pemberdayaan UMKM untuk Inklusi Pemanfaatan Digipay|0||0|||1.0|0|00
2026|01|527425|015|08|CD|6212|FAC|05|51|2|001|Komunikasi dan Edukasi Implementasi Aplikasi|0||0|||119.0|0|00
2026|01|527425|015|08|CD|6212|FAH|05|51|2|001|Edukasi Dalam Rangka Penyusunan Laporan Keuangan Tingkat Kuasa BUN|0||0|||4.0|0|00
2026|01|527425|015|08|CD|6212|FAL|05|51|2|004|Konsultasi Pencairan Dana|0||0|||10.0|0|00
2026|01|527425|015|08|CD|6213|FAC|05|51|2|001|Monev Pengembangan Kompetensi KPA, PPK, PPSPM, Bendahara dan Pengelola Perbendaharaan|0||0|||10.0|0|00
2026|01|527425|015|08|CD|6213|FAE|05|51|2|009|Rekomendasi atas Kinerja Investasi Pemerintah|0||0|||2.0|0|00
2026|01|527425|015|08|CD|6213|FAL|05|51|2|003|Reviu Belanja Pemerintah|0||0|||1.0|0|00
2026|01|527425|015|08|CD|6214|FAL|05|51|2|002|Surat Perintah Pencairan/Penarikan/Repayment/Pengesahan Dana|0||0|||2832.0|0|00
2026|01|527425|015|08|CD|6215|FAH|05|51|2|003|Laporan Keuangan BUN|0||0|||4.0|0|00
2026|01|527425|015|08|WA|4715|EBA|05|51|2|001|Kerumahtanggaan|0||0|||12.0|0|00
2026|01|527425|015|08|WA|4715|EBA|05|51|2|994|Layanan Perkantoran|0||0|||12.0|0|00
2026|01|527425|015|08|WA|4715|EBA|05|51|2|002|Dukungan Pimpinan dan Keprotokoleran|0||0|||12.0|0|00
2026|01|527425|015|08|WA|4715|EBD|05|51|2|Z36|Dokumen Pengelolaan Kinerja Organisasi|0||0|||2.0|0|00
2026|01|527425|015|08|WA|4718|BMB|05|51|2|002|Kehumasan|0||0|||1.0|0|00
2026|01|527425|015|08|WA|4718|BMB|05|51|2|001|Pembinaan/Edukasi Publik|0||0|||2.0|0|00
2026|01|527425|015|08|WA|4719|EBA|05|51|2|994|Layanan Perkantoran|0||0|||12.0|0|00
2026|01|527425|015|08|WA|4719|EBA|05|51|2|004|Hasil Survey/Rekomendasi Kepuasan Pengguna Layanan|0||0|||2.0|0|00
2026|01|527425|015|08|WA|4719|EBC|05|51|2|001|Pengembangan SDM|0||0|||26.0|0|00
2026|01|527450|015|08|CD|6212|BMB|05|58|2|001|Dukungan Pemberdayaan UMKM untuk Inklusi Pemanfaatan Digipay|0||0|||1.0|0|00
2026|01|527450|015|08|CD|6212|FAC|05|58|2|001|Komunikasi dan Edukasi Implementasi Aplikasi|0||0|||161.0|0|00
2026|01|527450|015|08|CD|6212|FAH|05|58|2|001|Edukasi Dalam Rangka Penyusunan Laporan Keuangan Tingkat Kuasa BUN|0||0|||4.0|0|00
2026|01|527450|015|08|CD|6212|FAL|05|58|2|004|Konsultasi Pencairan Dana|0||0|||10.0|0|00
2026|01|527450|015|08|CD|6213|FAC|05|58|2|001|Monev Pengembangan Kompetensi KPA, PPK, PPSPM, Bendahara dan Pengelola Perbendaharaan|0||0|||10.0|0|00
2026|01|527450|015|08|CD|6213|FAE|05|58|2|009|Rekomendasi atas Kinerja Investasi Pemerintah|0||0|||2.0|0|00
2026|01|527450|015|08|CD|6213|FAL|05|58|2|003|Reviu Belanja Pemerintah|0||0|||1.0|0|00
2026|01|527450|015|08|CD|6214|FAL|05|58|2|002|Surat Perintah Pencairan/Penarikan/Repayment/Pengesahan Dana|0||0|||2928.0|0|00
2026|01|527450|015|08|CD|6215|FAH|05|58|2|003|Laporan Keuangan BUN|0||0|||4.0|0|00
2026|01|527450|015|08|WA|4715|EBA|05|58|2|001|Kerumahtanggaan|0||0|||12.0|0|00
2026|01|527450|015|08|WA|4715|EBA|05|58|2|994|Layanan Perkantoran|0||0|||12.0|0|00
2026|01|527450|015|08|WA|4715|EBA|05|58|2|002|Dukungan Pimpinan dan Keprotokoleran|0||0|||12.0|0|00
2026|01|527450|015|08|WA|4715|EBD|05|58|2|Z36|Dokumen Pengelolaan Kinerja Organisasi|0||0|||2.0|0|00
2026|01|527450|015|08|WA|4718|BMB|05|58|2|002|Kehumasan|0||0|||1.0|0|00
2026|01|527450|015|08|WA|4718|BMB|05|58|2|001|Pembinaan/Edukasi Publik|0||0|||2.0|0|00
2026|01|527450|015|08|WA|4719|EBA|05|58|2|994|Layanan Perkantoran|0||0|||12.0|0|00
2026|01|527450|015|08|WA|4719|EBA|05|58|2|004|Hasil Survey/Rekomendasi Kepuasan Pengguna Layanan|0||0|||2.0|0|00
2026|01|527450|015|08|WA|4719|EBC|05|58|2|001|Pengembangan SDM|0||0|||25.0|0|00
2026|01|527432|015|08|CD|6212|BMB|05|53|2|001|Dukungan Pemberdayaan UMKM untuk Inklusi Pemanfaatan Digipay|0||0|||1.0|0|00
2026|01|527432|015|08|CD|6212|FAC|05|53|2|001|Komunikasi dan Edukasi Implementasi Aplikasi|0||0|||168.0|0|00
2026|01|527432|015|08|CD|6212|FAH|05|53|2|001|Edukasi Dalam Rangka Penyusunan Laporan Keuangan Tingkat Kuasa BUN|0||0|||4.0|0|00
2026|01|527432|015|08|CD|6212|FAL|05|53|2|004|Konsultasi Pencairan Dana|0||0|||10.0|0|00
2026|01|527432|015|08|CD|6213|FAC|05|53|2|001|Monev Pengembangan Kompetensi KPA, PPK, PPSPM, Bendahara dan Pengelola Perbendaharaan|0||0|||10.0|0|00
2026|01|527432|015|08|CD|6213|FAE|05|53|2|009|Rekomendasi atas Kinerja Investasi Pemerintah|0||0|||2.0|0|00
2026|01|527432|015|08|CD|6213|FAL|05|53|2|003|Reviu Belanja Pemerintah|0||0|||1.0|0|00
2026|01|527432|015|08|CD|6214|FAL|05|53|2|002|Surat Perintah Pencairan/Penarikan/Repayment/Pengesahan Dana|0||0|||3912.0|0|00
2026|01|527432|015|08|CD|6215|FAH|05|53|2|003|Laporan Keuangan BUN|0||0|||4.0|0|00
2026|01|527432|015|08|WA|4715|EBA|05|53|2|001|Kerumahtanggaan|0||0|||12.0|0|00
2026|01|527432|015|08|WA|4715|EBA|05|53|2|994|Layanan Perkantoran|0||0|||12.0|0|00
2026|01|527432|015|08|WA|4715|EBA|05|53|2|002|Dukungan Pimpinan dan Keprotokoleran|0||0|||12.0|0|00
2026|01|527432|015|08|WA|4715|EBD|05|53|2|Z36|Dokumen Pengelolaan Kinerja Organisasi|0||0|||2.0|0|00
2026|01|527432|015|08|WA|4718|BMB|05|53|2|002|Kehumasan|0||0|||1.0|0|00
2026|01|527432|015|08|WA|4718|BMB|05|53|2|001|Pembinaan/Edukasi Publik|0||0|||2.0|0|00
2026|01|527432|015|08|WA|4719|EBA|05|53|2|994|Layanan Perkantoran|0||0|||12.0|0|00
2026|01|527432|015|08|WA|4719|EBA|05|53|2|004|Hasil Survey/Rekomendasi Kepuasan Pengguna Layanan|0||0|||2.0|0|00
2026|01|527432|015|08|WA|4719|EBC|05|53|2|001|Pengembangan SDM|0||0|||34.0|0|00
2026|01|527411|015|08|CD|6212|BMB|05|51|2|001|Dukungan Pemberdayaan UMKM untuk Inklusi Pemanfaatan Digipay|0||0|||1.0|0|00
2026|01|527411|015|08|CD|6212|FAC|05|51|2|002|Bimbingan Teknis Pengelola Keuangan BLU|0||0|||1111.0|0|00
2026|01|527411|015|08|CD|6212|FAH|05|51|2|003|Komunikasi dan Edukasi Penyusunan LKKL dan LKBUN|0||0|||4.0|0|00
2026|01|527411|015|08|CD|6212|FAH|05|51|2|002|Komunikasi dan Edukasi Dalam Rangka Penyusunan Government Financial Statistic (GFS)|0||0|||8.0|0|00
2026|01|527411|015|08|CD|6212|FAL|05|51|2|001|Pembinaan Pelaksanaan Anggaran|0||0|||8.0|0|00
2026|01|527411|015|08|CD|6213|ABA|05|51|2|001|Kajian atas Peluang Investasi dan Pinjaman Daerah|0||0|||2.0|0|00
2026|01|527411|015|08|CD|6213|FAE|05|51|2|009|Rekomendasi atas Kinerja Investasi Pemerintah|0||0|||2.0|0|00
2026|01|527411|015|08|CD|6213|FAE|05|51|2|008|ALCo Regional|0||0|||8.0|0|00
2026|01|527411|015|08|CD|6213|FAL|05|51|2|003|Reviu Belanja Pemerintah|0||0|||4.0|0|00
2026|01|527411|015|08|CD|6215|FAH|05|51|2|003|Laporan Keuangan BUN|0||0|||4.0|0|00
2026|01|527411|015|08|CD|6215|FAH|05|51|2|001|Government Financial Statistic (GFS)|0||0|||4.0|0|00
2026|01|527411|015|08|CD|6216|FAE|05|51|2|002|Rekomendasi Tarif Standar Biaya Masukan|0||0|||2.0|0|00
2026|01|527411|015|08|WA|4715|EBA|05|51|2|001|Kerumahtanggaan|0||0|||12.0|0|00
2026|01|527411|015|08|WA|4715|EBA|05|51|2|994|Layanan Perkantoran|0||0|||12.0|0|00
2026|01|527411|015|08|WA|4715|EBA|05|51|2|002|Dukungan Pimpinan dan Keprotokoleran|0||0|||12.0|0|00
2026|01|527411|015|08|WA|4715|EBD|05|51|2|Z36|Dokumen Pengelolaan Kinerja Organisasi|0||0|||4.0|0|00
2026|01|527411|015|08|WA|4715|EBD|05|51|2|Z26|Laporan Keuangan Unit|0||0|||2.0|0|00
2026|01|527411|015|08|WA|4718|BMB|05|51|2|002|Kehumasan|0||0|||4.0|0|00
2026|01|527411|015|08|WA|4718|BMB|05|51|2|001|Pembinaan/Edukasi Publik|0||0|||2.0|0|00
2026|01|527411|015|08|WA|4719|EBA|05|51|2|003|Rekomendasi Pengelolaan Organisasi|0||0|||25.0|0|00
2026|01|527411|015|08|WA|4719|EBA|05|51|2|994|Layanan Perkantoran|0||0|||12.0|0|00
2026|01|527411|015|08|WA|4719|EBA|05|51|2|005|Standar Mutu Layanan - ISO Mutu Layanan|0||0|||26.0|0|00
2026|01|527411|015|08|WA|4719|EBC|05|51|2|001|Pengembangan SDM|0||0|||65.0|0|00
2026|01|527411|015|08|WA|4722|EBD|05|51|2|001|Rekomendasi Penerapan Pengelolaan Risiko, Pengendalian dan Pengawasan Internal|0||0|||2.0|0|00
2026|01|527467|015|08|CD|6212|BMB|05|09|2|001|Dukungan Pemberdayaan UMKM untuk Inklusi Pemanfaatan Digipay|0||0|||1.0|0|00
2026|01|527467|015|08|CD|6212|FAC|05|09|2|001|Komunikasi dan Edukasi Implementasi Aplikasi|0||0|||47.0|0|00
2026|01|527467|015|08|CD|6212|FAH|05|09|2|001|Edukasi Dalam Rangka Penyusunan Laporan Keuangan Tingkat Kuasa BUN|0||0|||4.0|0|00
2026|01|527467|015|08|CD|6212|FAL|05|09|2|004|Konsultasi Pencairan Dana|0||0|||10.0|0|00
2026|01|527467|015|08|CD|6213|FAC|05|09|2|001|Monev Pengembangan Kompetensi KPA, PPK, PPSPM, Bendahara dan Pengelola Perbendaharaan|0||0|||10.0|0|00
2026|01|527467|015|08|CD|6213|FAE|05|09|2|009|Rekomendasi atas Kinerja Investasi Pemerintah|0||0|||2.0|0|00
2026|01|527467|015|08|CD|6213|FAL|05|09|2|003|Reviu Belanja Pemerintah|0||0|||1.0|0|00
2026|01|527467|015|08|CD|6214|FAL|05|09|2|002|Surat Perintah Pencairan/Penarikan/Repayment/Pengesahan Dana|0||0|||2040.0|0|00
2026|01|527467|015|08|CD|6215|FAH|05|09|2|003|Laporan Keuangan BUN|0||0|||4.0|0|00
2026|01|527467|015|08|WA|4715|EBA|05|09|2|001|Kerumahtanggaan|0||0|||12.0|0|00
2026|01|527467|015|08|WA|4715|EBA|05|09|2|994|Layanan Perkantoran|0||0|||12.0|0|00
2026|01|527467|015|08|WA|4715|EBA|05|09|2|002|Dukungan Pimpinan dan Keprotokoleran|0||0|||12.0|0|00
2026|01|527467|015|08|WA|4715|EBD|05|09|2|Z36|Dokumen Pengelolaan Kinerja Organisasi|0||0|||2.0|0|00
2026|01|527467|015|08|WA|4718|BMB|05|09|2|002|Kehumasan|0||0|||1.0|0|00
2026|01|527467|015|08|WA|4718|BMB|05|09|2|001|Pembinaan/Edukasi Publik|0||0|||2.0|0|00
2026|01|527467|015|08|WA|4719|EBA|05|09|2|994|Layanan Perkantoran|0||0|||12.0|0|00
2026|01|527467|015|08|WA|4719|EBA|05|09|2|004|Hasil Survey/Rekomendasi Kepuasan Pengguna Layanan|0||0|||2.0|0|00
2026|01|527467|015|08|WA|4719|EBC|05|09|2|001|Pengembangan SDM|0||0|||20.0|0|00
2026|01|527471|015|08|CD|6212|BMB|05|06|2|001|Dukungan Pemberdayaan UMKM untuk Inklusi Pemanfaatan Digipay|0||0|||1.0|0|00
2026|01|527471|015|08|CD|6212|FAC|05|06|2|001|Komunikasi dan Edukasi Implementasi Aplikasi|0||0|||104.0|0|00
2026|01|527471|015|08|CD|6212|FAH|05|06|2|001|Edukasi Dalam Rangka Penyusunan Laporan Keuangan Tingkat Kuasa BUN|0||0|||4.0|0|00
2026|01|527471|015|08|CD|6212|FAL|05|06|2|004|Konsultasi Pencairan Dana|0||0|||10.0|0|00
2026|01|527471|015|08|CD|6213|FAC|05|06|2|001|Monev Pengembangan Kompetensi KPA, PPK, PPSPM, Bendahara dan Pengelola Perbendaharaan|0||0|||10.0|0|00
2026|01|527471|015|08|CD|6213|FAE|05|06|2|009|Rekomendasi atas Kinerja Investasi Pemerintah|0||0|||2.0|0|00
2026|01|527471|015|08|CD|6213|FAL|05|06|2|003|Reviu Belanja Pemerintah|0||0|||1.0|0|00
2026|01|527471|015|08|CD|6214|FAL|05|06|2|002|Surat Perintah Pencairan/Penarikan/Repayment/Pengesahan Dana|0||0|||2400.0|0|00
2026|01|527471|015|08|CD|6215|FAH|05|06|2|003|Laporan Keuangan BUN|0||0|||4.0|0|00
2026|01|527471|015|08|WA|4715|EBA|05|06|2|001|Kerumahtanggaan|0||0|||12.0|0|00
2026|01|527471|015|08|WA|4715|EBA|05|06|2|994|Layanan Perkantoran|0||0|||12.0|0|00
2026|01|527471|015|08|WA|4715|EBA|05|06|2|002|Dukungan Pimpinan dan Keprotokoleran|0||0|||12.0|0|00
2026|01|527471|015|08|WA|4715|EBD|05|06|2|Z36|Dokumen Pengelolaan Kinerja Organisasi|0||0|||2.0|0|00
2026|01|527471|015|08|WA|4718|BMB|05|06|2|002|Kehumasan|0||0|||1.0|0|00
2026|01|527471|015|08|WA|4718|BMB|05|06|2|001|Pembinaan/Edukasi Publik|0||0|||2.0|0|00
2026|01|527471|015|08|WA|4719|EBA|05|06|2|994|Layanan Perkantoran|0||0|||12.0|0|00
2026|01|527471|015|08|WA|4719|EBA|05|06|2|004|Hasil Survey/Rekomendasi Kepuasan Pengguna Layanan|0||0|||2.0|0|00
2026|01|527471|015|08|WA|4719|EBC|05|06|2|001|Pengembangan SDM|0||0|||18.0|0|00
2026|01|527488|015|08|CD|6212|BMB|05|27|2|001|Dukungan Pemberdayaan UMKM untuk Inklusi Pemanfaatan Digipay|0||0|||1.0|0|00
2026|01|527488|015|08|CD|6212|FAC|05|27|2|001|Komunikasi dan Edukasi Implementasi Aplikasi|0||0|||29.0|0|00
2026|01|527488|015|08|CD|6212|FAH|05|27|2|001|Edukasi Dalam Rangka Penyusunan Laporan Keuangan Tingkat Kuasa BUN|0||0|||4.0|0|00
2026|01|527488|015|08|CD|6212|FAL|05|27|2|004|Konsultasi Pencairan Dana|0||0|||10.0|0|00
2026|01|527488|015|08|CD|6213|FAC|05|27|2|001|Monev Pengembangan Kompetensi KPA, PPK, PPSPM, Bendahara dan Pengelola Perbendaharaan|0||0|||10.0|0|00
2026|01|527488|015|08|CD|6213|FAE|05|27|2|009|Rekomendasi atas Kinerja Investasi Pemerintah|0||0|||2.0|0|00
2026|01|527488|015|08|CD|6213|FAL|05|27|2|003|Reviu Belanja Pemerintah|0||0|||1.0|0|00
2026|01|527488|015|08|CD|6214|FAL|05|27|2|002|Surat Perintah Pencairan/Penarikan/Repayment/Pengesahan Dana|0||0|||1296.0|0|00
2026|01|527488|015|08|CD|6215|FAH|05|27|2|003|Laporan Keuangan BUN|0||0|||4.0|0|00
2026|01|527488|015|08|WA|4715|EBA|05|27|2|001|Kerumahtanggaan|0||0|||12.0|0|00
2026|01|527488|015|08|WA|4715|EBA|05|27|2|994|Layanan Perkantoran|0||0|||12.0|0|00
2026|01|527488|015|08|WA|4715|EBA|05|27|2|002|Dukungan Pimpinan dan Keprotokoleran|0||0|||12.0|0|00
2026|01|527488|015|08|WA|4715|EBB|05|27|2|004|Gedung/Bangunan|0||0|||1022.0|0|00
2026|01|527488|015|08|WA|4715|EBD|05|27|2|Z36|Dokumen Pengelolaan Kinerja Organisasi|0||0|||2.0|0|00
2026|01|527488|015|08|WA|4718|BMB|05|27|2|002|Kehumasan|0||0|||1.0|0|00
2026|01|527488|015|08|WA|4718|BMB|05|27|2|001|Pembinaan/Edukasi Publik|0||0|||2.0|0|00
2026|01|527488|015|08|WA|4719|EBA|05|27|2|994|Layanan Perkantoran|0||0|||12.0|0|00
2026|01|527488|015|08|WA|4719|EBA|05|27|2|004|Hasil Survey/Rekomendasi Kepuasan Pengguna Layanan|0||0|||2.0|0|00
2026|01|527488|015|08|WA|4719|EBC|05|27|2|001|Pengembangan SDM|0||0|||14.0|0|00
2026|01|527500|015|08|CD|6212|BMB|05|52|2|001|Dukungan Pemberdayaan UMKM untuk Inklusi Pemanfaatan Digipay|0||0|||1.0|0|00
2026|01|527500|015|08|CD|6212|FAC|05|52|2|001|Komunikasi dan Edukasi Implementasi Aplikasi|0||0|||48.0|0|00
2026|01|527500|015|08|CD|6212|FAH|05|52|2|001|Edukasi Dalam Rangka Penyusunan Laporan Keuangan Tingkat Kuasa BUN|0||0|||4.0|0|00
2026|01|527500|015|08|CD|6212|FAL|05|52|2|004|Konsultasi Pencairan Dana|0||0|||10.0|0|00
2026|01|527500|015|08|CD|6213|FAC|05|52|2|001|Monev Pengembangan Kompetensi KPA, PPK, PPSPM, Bendahara dan Pengelola Perbendaharaan|0||0|||10.0|0|00
2026|01|527500|015|08|CD|6213|FAE|05|52|2|009|Rekomendasi atas Kinerja Investasi Pemerintah|0||0|||2.0|0|00
2026|01|527500|015|08|CD|6213|FAL|05|52|2|003|Reviu Belanja Pemerintah|0||0|||1.0|0|00
2026|01|527500|015|08|CD|6214|FAL|05|52|2|002|Surat Perintah Pencairan/Penarikan/Repayment/Pengesahan Dana|0||0|||2136.0|0|00
2026|01|527500|015|08|CD|6215|FAH|05|52|2|003|Laporan Keuangan BUN|0||0|||4.0|0|00
2026|01|527500|015|08|WA|4715|EBA|05|52|2|001|Kerumahtanggaan|0||0|||12.0|0|00
2026|01|527500|015|08|WA|4715|EBA|05|52|2|994|Layanan Perkantoran|0||0|||12.0|0|00
2026|01|527500|015|08|WA|4715|EBA|05|52|2|002|Dukungan Pimpinan dan Keprotokoleran|0||0|||12.0|0|00
2026|01|527500|015|08|WA|4715|EBD|05|52|2|Z36|Dokumen Pengelolaan Kinerja Organisasi|0||0|||2.0|0|00
2026|01|527500|015|08|WA|4718|BMB|05|52|2|002|Kehumasan|0||0|||1.0|0|00
2026|01|527500|015|08|WA|4718|BMB|05|52|2|001|Pembinaan/Edukasi Publik|0||0|||2.0|0|00
2026|01|527500|015|08|WA|4719|EBA|05|52|2|994|Layanan Perkantoran|0||0|||12.0|0|00
2026|01|527500|015|08|WA|4719|EBA|05|52|2|004|Hasil Survey/Rekomendasi Kepuasan Pengguna Layanan|0||0|||2.0|0|00
2026|01|527500|015|08|WA|4719|EBC|05|52|2|001|Pengembangan SDM|0||0|||17.0|0|00
2026|01|527514|015|08|CD|6212|BMB|05|26|2|001|Dukungan Pemberdayaan UMKM untuk Inklusi Pemanfaatan Digipay|0||0|||4.0|0|00
2026|01|527514|015|08|CD|6212|FAC|05|26|2|001|Komunikasi dan Edukasi Implementasi Aplikasi|0||0|||24.0|0|00
2026|01|527514|015|08|CD|6212|FAH|05|26|2|001|Edukasi Dalam Rangka Penyusunan Laporan Keuangan Tingkat Kuasa BUN|0||0|||4.0|0|00
2026|01|527514|015|08|CD|6212|FAL|05|26|2|004|Konsultasi Pencairan Dana|0||0|||10.0|0|00
2026|01|527514|015|08|CD|6213|FAC|05|26|2|001|Monev Pengembangan Kompetensi KPA, PPK, PPSPM, Bendahara dan Pengelola Perbendaharaan|0||0|||10.0|0|00
2026|01|527514|015|08|CD|6213|FAE|05|26|2|009|Rekomendasi atas Kinerja Investasi Pemerintah|0||0|||1.0|0|00
2026|01|527514|015|08|CD|6213|FAL|05|26|2|003|Reviu Belanja Pemerintah|0||0|||1.0|0|00
2026|01|527514|015|08|CD|6214|FAL|05|26|2|002|Surat Perintah Pencairan/Penarikan/Repayment/Pengesahan Dana|0||0|||552.0|0|00
2026|01|527514|015|08|CD|6215|FAH|05|26|2|003|Laporan Keuangan BUN|0||0|||4.0|0|00
2026|01|527514|015|08|WA|4715|EBA|05|26|2|001|Kerumahtanggaan|0||0|||12.0|0|00
2026|01|527514|015|08|WA|4715|EBA|05|26|2|994|Layanan Perkantoran|0||0|||12.0|0|00
2026|01|527514|015|08|WA|4715|EBA|05|26|2|002|Dukungan Pimpinan dan Keprotokoleran|0||0|||12.0|0|00
2026|01|527514|015|08|WA|4715|EBD|05|26|2|Z36|Dokumen Pengelolaan Kinerja Organisasi|0||0|||2.0|0|00
2026|01|527514|015|08|WA|4718|BMB|05|26|2|002|Kehumasan|0||0|||1.0|0|00
2026|01|527514|015|08|WA|4718|BMB|05|26|2|001|Pembinaan/Edukasi Publik|0||0|||2.0|0|00
2026|01|527514|015|08|WA|4719|EBA|05|26|2|994|Layanan Perkantoran|0||0|||12.0|0|00
2026|01|527514|015|08|WA|4719|EBA|05|26|2|004|Hasil Survey/Rekomendasi Kepuasan Pengguna Layanan|0||0|||2.0|0|00
2026|01|527514|015|08|WA|4719|EBC|05|26|2|001|Pengembangan SDM|0||0|||13.0|0|00
2026|01|527446|015|08|CD|6212|BMB|05|57|2|001|Dukungan Pemberdayaan UMKM untuk Inklusi Pemanfaatan Digipay|0||0|||1.0|0|00
2026|01|527446|015|08|CD|6212|FAC|05|57|2|001|Komunikasi dan Edukasi Implementasi Aplikasi|0||0|||124.0|0|00
2026|01|527446|015|08|CD|6212|FAH|05|57|2|001|Edukasi Dalam Rangka Penyusunan Laporan Keuangan Tingkat Kuasa BUN|0||0|||4.0|0|00
2026|01|527446|015|08|CD|6212|FAL|05|57|2|004|Konsultasi Pencairan Dana|0||0|||10.0|0|00
2026|01|527446|015|08|CD|6213|FAC|05|57|2|001|Monev Pengembangan Kompetensi KPA, PPK, PPSPM, Bendahara dan Pengelola Perbendaharaan|0||0|||10.0|0|00
2026|01|527446|015|08|CD|6213|FAE|05|57|2|009|Rekomendasi atas Kinerja Investasi Pemerintah|0||0|||2.0|0|00
2026|01|527446|015|08|CD|6213|FAL|05|57|2|003|Reviu Belanja Pemerintah|0||0|||1.0|0|00
2026|01|527446|015|08|CD|6214|FAL|05|57|2|002|Surat Perintah Pencairan/Penarikan/Repayment/Pengesahan Dana|0||0|||2880.0|0|00
2026|01|527446|015|08|CD|6215|FAH|05|57|2|003|Laporan Keuangan BUN|0||0|||4.0|0|00
2026|01|527446|015|08|WA|4715|EBA|05|57|2|001|Kerumahtanggaan|0||0|||12.0|0|00
2026|01|527446|015|08|WA|4715|EBA|05|57|2|994|Layanan Perkantoran|0||0|||12.0|0|00
2026|01|527446|015|08|WA|4715|EBA|05|57|2|002|Dukungan Pimpinan dan Keprotokoleran|0||0|||12.0|0|00
2026|01|527446|015|08|WA|4715|EBD|05|57|2|Z36|Dokumen Pengelolaan Kinerja Organisasi|0||0|||2.0|0|00
2026|01|527446|015|08|WA|4718|BMB|05|57|2|002|Kehumasan|0||0|||1.0|0|00
2026|01|527446|015|08|WA|4718|BMB|05|57|2|001|Pembinaan/Edukasi Publik|0||0|||2.0|0|00
2026|01|527446|015|08|WA|4719|EBA|05|57|2|994|Layanan Perkantoran|0||0|||12.0|0|00
2026|01|527446|015|08|WA|4719|EBA|05|57|2|004|Hasil Survey/Rekomendasi Kepuasan Pengguna Layanan|0||0|||2.0|0|00
2026|01|527446|015|08|WA|4719|EBC|05|57|2|001|Pengembangan SDM|0||0|||21.0|0|00
2026|01|527560|015|08|CD|6212|BMB|06|51|2|001|Dukungan Pemberdayaan UMKM untuk Inklusi Pemanfaatan Digipay|0||0|||1.0|0|00
2026|01|527560|015|08|CD|6212|FAC|06|51|2|001|Komunikasi dan Edukasi Implementasi Aplikasi|0||0|||170.0|0|00
2026|01|527560|015|08|CD|6212|FAH|06|51|2|001|Edukasi Dalam Rangka Penyusunan Laporan Keuangan Tingkat Kuasa BUN|0||0|||4.0|0|00
2026|01|527560|015|08|CD|6212|FAL|06|51|2|004|Konsultasi Pencairan Dana|0||0|||10.0|0|00
2026|01|527560|015|08|CD|6213|FAC|06|51|2|001|Monev Pengembangan Kompetensi KPA, PPK, PPSPM, Bendahara dan Pengelola Perbendaharaan|0||0|||10.0|0|00
2026|01|527560|015|08|CD|6213|FAE|06|51|2|009|Rekomendasi atas Kinerja Investasi Pemerintah|0||0|||2.0|0|00
2026|01|527560|015|08|CD|6213|FAL|06|51|2|003|Reviu Belanja Pemerintah|0||0|||1.0|0|00
2026|01|527560|015|08|CD|6214|FAL|06|51|2|002|Surat Perintah Pencairan/Penarikan/Repayment/Pengesahan Dana|0||0|||7848.0|0|00
2026|01|527560|015|08|CD|6215|FAH|06|51|2|003|Laporan Keuangan BUN|0||0|||4.0|0|00
2026|01|527560|015|08|WA|4715|EBA|06|51|2|001|Kerumahtanggaan|0||0|||12.0|0|00
2026|01|527560|015|08|WA|4715|EBA|06|51|2|994|Layanan Perkantoran|0||0|||12.0|0|00
2026|01|527560|015|08|WA|4715|EBA|06|51|2|002|Dukungan Pimpinan dan Keprotokoleran|0||0|||12.0|0|00
2026|01|527560|015|08|WA|4715|EBD|06|51|2|Z36|Dokumen Pengelolaan Kinerja Organisasi|0||0|||2.0|0|00
2026|01|527560|015|08|WA|4718|BMB|06|51|2|002|Kehumasan|0||0|||1.0|0|00
2026|01|527560|015|08|WA|4718|BMB|06|51|2|001|Pembinaan/Edukasi Publik|0||0|||2.0|0|00
2026|01|527560|015|08|WA|4719|EBA|06|51|2|994|Layanan Perkantoran|0||0|||12.0|0|00
2026|01|527560|015|08|WA|4719|EBA|06|51|2|004|Hasil Survey/Rekomendasi Kepuasan Pengguna Layanan|0||0|||2.0|0|00
2026|01|527560|015|08|WA|4719|EBC|06|51|2|001|Pengembangan SDM|0||0|||26.0|0|00
2026|01|527521|015|08|CD|6212|BMB|05|12|2|001|Dukungan Pemberdayaan UMKM untuk Inklusi Pemanfaatan Digipay|0||0|||2.0|0|00
2026|01|527521|015|08|CD|6212|FAC|05|12|2|001|Komunikasi dan Edukasi Implementasi Aplikasi|0||0|||61.0|0|00
2026|01|527521|015|08|CD|6212|FAH|05|12|2|001|Edukasi Dalam Rangka Penyusunan Laporan Keuangan Tingkat Kuasa BUN|0||0|||8.0|0|00
2026|01|527521|015|08|CD|6212|FAL|05|12|2|004|Konsultasi Pencairan Dana|0||0|||20.0|0|00
2026|01|527521|015|08|CD|6213|FAC|05|12|2|001|Monev Pengembangan Kompetensi KPA, PPK, PPSPM, Bendahara dan Pengelola Perbendaharaan|0||0|||20.0|0|00
2026|01|527521|015|08|CD|6213|FAE|05|12|2|009|Rekomendasi atas Kinerja Investasi Pemerintah|0||0|||4.0|0|00
2026|01|527521|015|08|CD|6213|FAL|05|12|2|003|Reviu Belanja Pemerintah|0||0|||2.0|0|00
2026|01|527521|015|08|CD|6214|FAL|05|12|2|002|Surat Perintah Pencairan/Penarikan/Repayment/Pengesahan Dana|0||0|||2784.0|0|00
2026|01|527521|015|08|CD|6215|FAH|05|12|2|003|Laporan Keuangan BUN|0||0|||8.0|0|00
2026|01|527521|015|08|WA|4715|EBA|05|12|2|001|Kerumahtanggaan|0||0|||12.0|0|00
2026|01|527521|015|08|WA|4715|EBA|05|12|2|994|Layanan Perkantoran|0||0|||12.0|0|00
2026|01|527521|015|08|WA|4715|EBA|05|12|2|002|Dukungan Pimpinan dan Keprotokoleran|0||0|||12.0|0|00
2026|01|527521|015|08|WA|4715|EBD|05|12|2|Z36|Dokumen Pengelolaan Kinerja Organisasi|0||0|||2.0|0|00
2026|01|527521|015|08|WA|4718|BMB|05|12|2|002|Kehumasan|0||0|||2.0|0|00
2026|01|527521|015|08|WA|4718|BMB|05|12|2|001|Pembinaan/Edukasi Publik|0||0|||4.0|0|00
2026|01|527521|015|08|WA|4719|EBA|05|12|2|994|Layanan Perkantoran|0||0|||12.0|0|00
2026|01|527521|015|08|WA|4719|EBA|05|12|2|004|Hasil Survey/Rekomendasi Kepuasan Pengguna Layanan|0||0|||4.0|0|00
2026|01|527521|015|08|WA|4719|EBC|05|12|2|001|Pengembangan SDM|0||0|||33.0|0|00
2026|01|527556|015|08|CD|6212|BMB|06|51|2|001|Dukungan Pemberdayaan UMKM untuk Inklusi Pemanfaatan Digipay|0||0|||1.0|0|00
2026|01|527556|015|08|CD|6212|FAC|06|51|2|002|Bimbingan Teknis Pengelola Keuangan BLU|0||0|||111.0|0|00
2026|01|527556|015|08|CD|6212|FAH|06|51|2|003|Komunikasi dan Edukasi Penyusunan LKKL dan LKBUN|0||0|||4.0|0|00
2026|01|527556|015|08|CD|6212|FAH|06|51|2|002|Komunikasi dan Edukasi Dalam Rangka Penyusunan Government Financial Statistic (GFS)|0||0|||8.0|0|00
2026|01|527556|015|08|CD|6212|FAL|06|51|2|001|Pembinaan Pelaksanaan Anggaran|0||0|||8.0|0|00
2026|01|527556|015|08|CD|6213|ABA|06|51|2|001|Kajian atas Peluang Investasi dan Pinjaman Daerah|0||0|||2.0|0|00
2026|01|527556|015|08|CD|6213|FAE|06|51|2|009|Rekomendasi atas Kinerja Investasi Pemerintah|0||0|||2.0|0|00
2026|01|527556|015|08|CD|6213|FAE|06|51|2|008|ALCo Regional|0||0|||2.0|0|00
2026|01|527556|015|08|CD|6213|FAL|06|51|2|003|Reviu Belanja Pemerintah|0||0|||4.0|0|00
2026|01|527556|015|08|CD|6215|FAH|06|51|2|003|Laporan Keuangan BUN|0||0|||4.0|0|00
2026|01|527556|015|08|CD|6215|FAH|06|51|2|001|Government Financial Statistic (GFS)|0||0|||4.0|0|00
2026|01|527556|015|08|CD|6216|FAE|06|51|2|002|Rekomendasi Tarif Standar Biaya Masukan|0||0|||1.0|0|00
2026|01|527556|015|08|WA|4715|EBA|06|51|2|001|Kerumahtanggaan|0||0|||12.0|0|00
2026|01|527556|015|08|WA|4715|EBA|06|51|2|994|Layanan Perkantoran|0||0|||12.0|0|00
2026|01|527556|015|08|WA|4715|EBA|06|51|2|002|Dukungan Pimpinan dan Keprotokoleran|0||0|||12.0|0|00
2026|01|527556|015|08|WA|4715|EBD|06|51|2|Z36|Dokumen Pengelolaan Kinerja Organisasi|0||0|||4.0|0|00
2026|01|527556|015|08|WA|4715|EBD|06|51|2|Z26|Laporan Keuangan Unit|0||0|||2.0|0|00
2026|01|527556|015|08|WA|4718|BMB|06|51|2|002|Kehumasan|0||0|||4.0|0|00
2026|01|527556|015|08|WA|4718|BMB|06|51|2|001|Pembinaan/Edukasi Publik|0||0|||2.0|0|00
2026|01|527556|015|08|WA|4719|EBA|06|51|2|003|Rekomendasi Pengelolaan Organisasi|0||0|||15.0|0|00
2026|01|527556|015|08|WA|4719|EBA|06|51|2|994|Layanan Perkantoran|0||0|||12.0|0|00
2026|01|527556|015|08|WA|4719|EBA|06|51|2|005|Standar Mutu Layanan - ISO Mutu Layanan|0||0|||16.0|0|00
2026|01|527556|015|08|WA|4719|EBC|06|51|2|001|Pengembangan SDM|0||0|||50.0|0|00
2026|01|527556|015|08|WA|4722|EBD|06|51|2|001|Rekomendasi Penerapan Pengelolaan Risiko, Pengendalian dan Pengawasan Internal|0||0|||2.0|0|00
2026|01|527577|015|08|CD|6212|BMB|06|06|2|001|Dukungan Pemberdayaan UMKM untuk Inklusi Pemanfaatan Digipay|0||0|||1.0|0|00
2026|01|527577|015|08|CD|6212|FAC|06|06|2|001|Komunikasi dan Edukasi Implementasi Aplikasi|0||0|||101.0|0|00
2026|01|527577|015|08|CD|6212|FAH|06|06|2|001|Edukasi Dalam Rangka Penyusunan Laporan Keuangan Tingkat Kuasa BUN|0||0|||4.0|0|00
2026|01|527577|015|08|CD|6212|FAL|06|06|2|004|Konsultasi Pencairan Dana|0||0|||10.0|0|00
2026|01|527577|015|08|CD|6213|FAC|06|06|2|001|Monev Pengembangan Kompetensi KPA, PPK, PPSPM, Bendahara dan Pengelola Perbendaharaan|0||0|||10.0|0|00
2026|01|527577|015|08|CD|6213|FAE|06|06|2|009|Rekomendasi atas Kinerja Investasi Pemerintah|0||0|||2.0|0|00
2026|01|527577|015|08|CD|6213|FAL|06|06|2|003|Reviu Belanja Pemerintah|0||0|||1.0|0|00
2026|01|527577|015|08|CD|6214|FAL|06|06|2|002|Surat Perintah Pencairan/Penarikan/Repayment/Pengesahan Dana|0||0|||2328.0|0|00
2026|01|527577|015|08|CD|6215|FAH|06|06|2|003|Laporan Keuangan BUN|0||0|||4.0|0|00
2026|01|527577|015|08|WA|4715|EBA|06|06|2|001|Kerumahtanggaan|0||0|||12.0|0|00
2026|01|527577|015|08|WA|4715|EBA|06|06|2|994|Layanan Perkantoran|0||0|||12.0|0|00
2026|01|527577|015|08|WA|4715|EBA|06|06|2|002|Dukungan Pimpinan dan Keprotokoleran|0||0|||12.0|0|00
2026|01|527577|015|08|WA|4715|EBD|06|06|2|Z36|Dokumen Pengelolaan Kinerja Organisasi|0||0|||2.0|0|00
2026|01|527577|015|08|WA|4718|BMB|06|06|2|002|Kehumasan|0||0|||1.0|0|00
2026|01|527577|015|08|WA|4718|BMB|06|06|2|001|Pembinaan/Edukasi Publik|0||0|||2.0|0|00
2026|01|527577|015|08|WA|4719|EBA|06|06|2|994|Layanan Perkantoran|0||0|||12.0|0|00
2026|01|527577|015|08|WA|4719|EBA|06|06|2|004|Hasil Survey/Rekomendasi Kepuasan Pengguna Layanan|0||0|||2.0|0|00
2026|01|527577|015|08|WA|4719|EBC|06|06|2|001|Pengembangan SDM|0||0|||16.0|0|00
2026|01|527581|015|08|CD|6212|BMB|06|53|2|001|Dukungan Pemberdayaan UMKM untuk Inklusi Pemanfaatan Digipay|0||0|||1.0|0|00
2026|01|527581|015|08|CD|6212|FAC|06|53|2|001|Komunikasi dan Edukasi Implementasi Aplikasi|0||0|||79.0|0|00
2026|01|527581|015|08|CD|6212|FAH|06|53|2|001|Edukasi Dalam Rangka Penyusunan Laporan Keuangan Tingkat Kuasa BUN|0||0|||4.0|0|00
2026|01|527581|015|08|CD|6212|FAL|06|53|2|004|Konsultasi Pencairan Dana|0||0|||10.0|0|00
2026|01|527581|015|08|CD|6213|FAC|06|53|2|001|Monev Pengembangan Kompetensi KPA, PPK, PPSPM, Bendahara dan Pengelola Perbendaharaan|0||0|||10.0|0|00
2026|01|527581|015|08|CD|6213|FAE|06|53|2|009|Rekomendasi atas Kinerja Investasi Pemerintah|0||0|||2.0|0|00
2026|01|527581|015|08|CD|6213|FAL|06|53|2|003|Reviu Belanja Pemerintah|0||0|||1.0|0|00
2026|01|527581|015|08|CD|6214|FAL|06|53|2|002|Surat Perintah Pencairan/Penarikan/Repayment/Pengesahan Dana|0||0|||1824.0|0|00
2026|01|527581|015|08|CD|6215|FAH|06|53|2|003|Laporan Keuangan BUN|0||0|||4.0|0|00
2026|01|527581|015|08|WA|4715|EBA|06|53|2|001|Kerumahtanggaan|0||0|||12.0|0|00
2026|01|527581|015|08|WA|4715|EBA|06|53|2|994|Layanan Perkantoran|0||0|||12.0|0|00
2026|01|527581|015|08|WA|4715|EBA|06|53|2|002|Dukungan Pimpinan dan Keprotokoleran|0||0|||12.0|0|00
2026|01|527581|015|08|WA|4715|EBD|06|53|2|Z36|Dokumen Pengelolaan Kinerja Organisasi|0||0|||2.0|0|00
2026|01|527581|015|08|WA|4718|BMB|06|53|2|002|Kehumasan|0||0|||1.0|0|00
2026|01|527581|015|08|WA|4718|BMB|06|53|2|001|Pembinaan/Edukasi Publik|0||0|||2.0|0|00
2026|01|527581|015|08|WA|4719|EBA|06|53|2|994|Layanan Perkantoran|0||0|||1.0|0|00
2026|01|527581|015|08|WA|4719|EBA|06|53|2|004|Hasil Survey/Rekomendasi Kepuasan Pengguna Layanan|0||0|||2.0|0|00
2026|01|527581|015|08|WA|4719|EBC|06|53|2|001|Pengembangan SDM|0||0|||19.0|0|00
2026|01|527598|015|08|CD|6212|BMB|06|05|2|001|Dukungan Pemberdayaan UMKM untuk Inklusi Pemanfaatan Digipay|0||0|||1.0|0|00
2026|01|527598|015|08|CD|6212|FAC|06|05|2|001|Komunikasi dan Edukasi Implementasi Aplikasi|0||0|||47.0|0|00
2026|01|527598|015|08|CD|6212|FAH|06|05|2|001|Edukasi Dalam Rangka Penyusunan Laporan Keuangan Tingkat Kuasa BUN|0||0|||4.0|0|00
2026|01|527598|015|08|CD|6212|FAL|06|05|2|004|Konsultasi Pencairan Dana|0||0|||10.0|0|00
2026|01|527598|015|08|CD|6213|FAC|06|05|2|001|Monev Pengembangan Kompetensi KPA, PPK, PPSPM, Bendahara dan Pengelola Perbendaharaan|0||0|||10.0|0|00
2026|01|527598|015|08|CD|6213|FAE|06|05|2|009|Rekomendasi atas Kinerja Investasi Pemerintah|0||0|||2.0|0|00
2026|01|527598|015|08|CD|6213|FAL|06|05|2|003|Reviu Belanja Pemerintah|0||0|||1.0|0|00
2026|01|527598|015|08|CD|6214|FAL|06|05|2|002|Surat Perintah Pencairan/Penarikan/Repayment/Pengesahan Dana|0||0|||2040.0|0|00
2026|01|527598|015|08|CD|6215|FAH|06|05|2|003|Laporan Keuangan BUN|0||0|||4.0|0|00
2026|01|527598|015|08|WA|4715|EBA|06|05|2|001|Kerumahtanggaan|0||0|||12.0|0|00
2026|01|527598|015|08|WA|4715|EBA|06|05|2|994|Layanan Perkantoran|0||0|||12.0|0|00
2026|01|527598|015|08|WA|4715|EBA|06|05|2|002|Dukungan Pimpinan dan Keprotokoleran|0||0|||12.0|0|00
2026|01|527598|015|08|WA|4715|EBD|06|05|2|Z36|Dokumen Pengelolaan Kinerja Organisasi|0||0|||2.0|0|00
2026|01|527598|015|08|WA|4718|BMB|06|05|2|002|Kehumasan|0||0|||1.0|0|00
2026|01|527598|015|08|WA|4718|BMB|06|05|2|001|Pembinaan/Edukasi Publik|0||0|||2.0|0|00
2026|01|527598|015|08|WA|4719|EBA|06|05|2|994|Layanan Perkantoran|0||0|||12.0|0|00
2026|01|527598|015|08|WA|4719|EBA|06|05|2|004|Hasil Survey/Rekomendasi Kepuasan Pengguna Layanan|0||0|||2.0|0|00
2026|01|527598|015|08|WA|4719|EBC|06|05|2|001|Pengembangan SDM|0||0|||12.0|0|00
2026|01|527603|015|08|CD|6212|BMB|06|54|2|001|Dukungan Pemberdayaan UMKM untuk Inklusi Pemanfaatan Digipay|0||0|||1.0|0|00
2026|01|527603|015|08|CD|6212|FAC|06|54|2|001|Komunikasi dan Edukasi Implementasi Aplikasi|0||0|||55.0|0|00
2026|01|527603|015|08|CD|6212|FAH|06|54|2|001|Edukasi Dalam Rangka Penyusunan Laporan Keuangan Tingkat Kuasa BUN|0||0|||4.0|0|00
2026|01|527603|015|08|CD|6212|FAL|06|54|2|004|Konsultasi Pencairan Dana|0||0|||10.0|0|00
2026|01|527603|015|08|CD|6213|FAC|06|54|2|001|Monev Pengembangan Kompetensi KPA, PPK, PPSPM, Bendahara dan Pengelola Perbendaharaan|0||0|||10.0|0|00
2026|01|527603|015|08|CD|6213|FAE|06|54|2|009|Rekomendasi atas Kinerja Investasi Pemerintah|0||0|||2.0|0|00
2026|01|527603|015|08|CD|6213|FAL|06|54|2|003|Reviu Belanja Pemerintah|0||0|||1.0|0|00
2026|01|527603|015|08|CD|6214|FAL|06|54|2|002|Surat Perintah Pencairan/Penarikan/Repayment/Pengesahan Dana|0||0|||2472.0|0|00
2026|01|527603|015|08|CD|6215|FAH|06|54|2|003|Laporan Keuangan BUN|0||0|||4.0|0|00
2026|01|527603|015|08|WA|4715|EBA|06|54|2|001|Kerumahtanggaan|0||0|||12.0|0|00
2026|01|527603|015|08|WA|4715|EBA|06|54|2|994|Layanan Perkantoran|0||0|||12.0|0|00
2026|01|527603|015|08|WA|4715|EBA|06|54|2|002|Dukungan Pimpinan dan Keprotokoleran|0||0|||12.0|0|00
2026|01|527603|015|08|WA|4715|EBD|06|54|2|Z36|Dokumen Pengelolaan Kinerja Organisasi|0||0|||2.0|0|00
2026|01|527603|015|08|WA|4718|BMB|06|54|2|002|Kehumasan|0||0|||1.0|0|00
2026|01|527603|015|08|WA|4718|BMB|06|54|2|001|Pembinaan/Edukasi Publik|0||0|||2.0|0|00
2026|01|527603|015|08|WA|4719|EBA|06|54|2|994|Layanan Perkantoran|0||0|||12.0|0|00
2026|01|527603|015|08|WA|4719|EBA|06|54|2|004|Hasil Survey/Rekomendasi Kepuasan Pengguna Layanan|0||0|||2.0|0|00
2026|01|527603|015|08|WA|4719|EBC|06|54|2|001|Pengembangan SDM|0||0|||21.0|0|00
2026|01|527610|015|08|CD|6212|BMB|06|08|2|001|Dukungan Pemberdayaan UMKM untuk Inklusi Pemanfaatan Digipay|0||0|||1.0|0|00
2026|01|527610|015|08|CD|6212|FAC|06|08|2|001|Komunikasi dan Edukasi Implementasi Aplikasi|0||0|||25.0|0|00
2026|01|527610|015|08|CD|6212|FAH|06|08|2|001|Edukasi Dalam Rangka Penyusunan Laporan Keuangan Tingkat Kuasa BUN|0||0|||4.0|0|00
2026|01|527610|015|08|CD|6212|FAL|06|08|2|004|Konsultasi Pencairan Dana|0||0|||10.0|0|00
2026|01|527610|015|08|CD|6213|FAC|06|08|2|001|Monev Pengembangan Kompetensi KPA, PPK, PPSPM, Bendahara dan Pengelola Perbendaharaan|0||0|||10.0|0|00
2026|01|527610|015|08|CD|6213|FAE|06|08|2|009|Rekomendasi atas Kinerja Investasi Pemerintah|0||0|||2.0|0|00
2026|01|527610|015|08|CD|6213|FAL|06|08|2|003|Reviu Belanja Pemerintah|0||0|||1.0|0|00
2026|01|527610|015|08|CD|6214|FAL|06|08|2|002|Surat Perintah Pencairan/Penarikan/Repayment/Pengesahan Dana|0||0|||1080.0|0|00
2026|01|527610|015|08|CD|6215|FAH|06|08|2|003|Laporan Keuangan BUN|0||0|||4.0|0|00
2026|01|527610|015|08|WA|4715|EBA|06|08|2|001|Kerumahtanggaan|0||0|||12.0|0|00
2026|01|527610|015|08|WA|4715|EBA|06|08|2|994|Layanan Perkantoran|0||0|||12.0|0|00
2026|01|527610|015|08|WA|4715|EBA|06|08|2|002|Dukungan Pimpinan dan Keprotokoleran|0||0|||12.0|0|00
2026|01|527610|015|08|WA|4715|EBD|06|08|2|Z36|Dokumen Pengelolaan Kinerja Organisasi|0||0|||2.0|0|00
2026|01|527610|015|08|WA|4718|BMB|06|08|2|002|Kehumasan|0||0|||1.0|0|00
2026|01|527610|015|08|WA|4718|BMB|06|08|2|001|Pembinaan/Edukasi Publik|0||0|||2.0|0|00
2026|01|527610|015|08|WA|4719|EBA|06|08|2|994|Layanan Perkantoran|0||0|||1.0|0|00
2026|01|527610|015|08|WA|4719|EBA|06|08|2|004|Hasil Survey/Rekomendasi Kepuasan Pengguna Layanan|0||0|||2.0|0|00
2026|01|527610|015|08|WA|4719|EBC|06|08|2|001|Pengembangan SDM|0||0|||13.0|0|00
2026|01|527624|015|08|CD|6212|BMB|06|07|2|001|Dukungan Pemberdayaan UMKM untuk Inklusi Pemanfaatan Digipay|0||0|||1.0|0|00
2026|01|527624|015|08|CD|6212|FAC|06|07|2|001|Komunikasi dan Edukasi Implementasi Aplikasi|0||0|||58.0|0|00
2026|01|527624|015|08|CD|6212|FAH|06|07|2|001|Edukasi Dalam Rangka Penyusunan Laporan Keuangan Tingkat Kuasa BUN|0||0|||4.0|0|00
2026|01|527624|015|08|CD|6212|FAL|06|07|2|004|Konsultasi Pencairan Dana|0||0|||10.0|0|00
2026|01|527624|015|08|CD|6213|FAC|06|07|2|001|Monev Pengembangan Kompetensi KPA, PPK, PPSPM, Bendahara dan Pengelola Perbendaharaan|0||0|||10.0|0|00
2026|01|527624|015|08|CD|6213|FAE|06|07|2|009|Rekomendasi atas Kinerja Investasi Pemerintah|0||0|||2.0|0|00
2026|01|527624|015|08|CD|6213|FAL|06|07|2|003|Reviu Belanja Pemerintah|0||0|||1.0|0|00
2026|01|527624|015|08|CD|6214|FAL|06|07|2|002|Surat Perintah Pencairan/Penarikan/Repayment/Pengesahan Dana|0||0|||1344.0|0|00
2026|01|527624|015|08|CD|6215|FAH|06|07|2|003|Laporan Keuangan BUN|0||0|||4.0|0|00
2026|01|527624|015|08|WA|4715|EBA|06|07|2|001|Kerumahtanggaan|0||0|||12.0|0|00
2026|01|527624|015|08|WA|4715|EBA|06|07|2|994|Layanan Perkantoran|0||0|||12.0|0|00
2026|01|527624|015|08|WA|4715|EBA|06|07|2|002|Dukungan Pimpinan dan Keprotokoleran|0||0|||12.0|0|00
2026|01|527624|015|08|WA|4715|EBD|06|07|2|Z36|Dokumen Pengelolaan Kinerja Organisasi|0||0|||2.0|0|00
2026|01|527624|015|08|WA|4718|BMB|06|07|2|002|Kehumasan|0||0|||1.0|0|00
2026|01|527624|015|08|WA|4718|BMB|06|07|2|001|Pembinaan/Edukasi Publik|0||0|||2.0|0|00
2026|01|527624|015|08|WA|4719|EBA|06|07|2|994|Layanan Perkantoran|0||0|||12.0|0|00
2026|01|527624|015|08|WA|4719|EBA|06|07|2|004|Hasil Survey/Rekomendasi Kepuasan Pengguna Layanan|0||0|||2.0|0|00
2026|01|527624|015|08|WA|4719|EBC|06|07|2|001|Pengembangan SDM|0||0|||12.0|0|00
2026|01|527645|015|08|CD|6212|BMB|07|51|2|001|Dukungan Pemberdayaan UMKM untuk Inklusi Pemanfaatan Digipay|0||0|||1.0|0|00
2026|01|527645|015|08|CD|6212|FAC|07|51|2|002|Bimbingan Teknis Pengelola Keuangan BLU|0||0|||70.0|0|00
2026|01|527645|015|08|CD|6212|FAH|07|51|2|003|Komunikasi dan Edukasi Penyusunan LKKL dan LKBUN|0||0|||4.0|0|00
2026|01|527645|015|08|CD|6212|FAH|07|51|2|002|Komunikasi dan Edukasi Dalam Rangka Penyusunan Government Financial Statistic (GFS)|0||0|||8.0|0|00
2026|01|527645|015|08|CD|6212|FAL|07|51|2|001|Pembinaan Pelaksanaan Anggaran|0||0|||8.0|0|00
2026|01|527645|015|08|CD|6213|ABA|07|51|2|001|Kajian atas Peluang Investasi dan Pinjaman Daerah|0||0|||2.0|0|00
2026|01|527645|015|08|CD|6213|FAE|07|51|2|009|Rekomendasi atas Kinerja Investasi Pemerintah|0||0|||2.0|0|00
2026|01|527645|015|08|CD|6213|FAE|07|51|2|008|ALCo Regional|0||0|||2.0|0|00
2026|01|527645|015|08|CD|6213|FAL|07|51|2|003|Reviu Belanja Pemerintah|0||0|||4.0|0|00
2026|01|527645|015|08|CD|6215|FAH|07|51|2|003|Laporan Keuangan BUN|0||0|||4.0|0|00
2026|01|527645|015|08|CD|6215|FAH|07|51|2|001|Government Financial Statistic (GFS)|0||0|||4.0|0|00
2026|01|527645|015|08|CD|6216|FAE|07|51|2|002|Rekomendasi Tarif Standar Biaya Masukan|0||0|||2.0|0|00
2026|01|527645|015|08|WA|4715|EBA|07|51|2|001|Kerumahtanggaan|0||0|||12.0|0|00
2026|01|527645|015|08|WA|4715|EBA|07|51|2|994|Layanan Perkantoran|0||0|||12.0|0|00
2026|01|527645|015|08|WA|4715|EBA|07|51|2|002|Dukungan Pimpinan dan Keprotokoleran|0||0|||12.0|0|00
2026|01|527645|015|08|WA|4715|EBD|07|51|2|Z36|Dokumen Pengelolaan Kinerja Organisasi|0||0|||4.0|0|00
2026|01|527645|015|08|WA|4715|EBD|07|51|2|Z26|Laporan Keuangan Unit|0||0|||2.0|0|00
2026|01|527645|015|08|WA|4718|BMB|07|51|2|002|Kehumasan|0||0|||4.0|0|00
2026|01|527645|015|08|WA|4718|BMB|07|51|2|001|Pembinaan/Edukasi Publik|0||0|||2.0|0|00
2026|01|527645|015|08|WA|4719|EBA|07|51|2|003|Rekomendasi Pengelolaan Organisasi|0||0|||23.0|0|00
2026|01|527645|015|08|WA|4719|EBA|07|51|2|994|Layanan Perkantoran|0||0|||12.0|0|00
2026|01|527645|015|08|WA|4719|EBA|07|51|2|005|Standar Mutu Layanan - ISO Mutu Layanan|0||0|||24.0|0|00
2026|01|527645|015|08|WA|4719|EBC|07|51|2|001|Pengembangan SDM|0||0|||68.0|0|00
2026|01|527645|015|08|WA|4722|EBD|07|51|2|001|Rekomendasi Penerapan Pengelolaan Risiko, Pengendalian dan Pengawasan Internal|0||0|||2.0|0|00
2026|01|527652|015|08|CD|6212|BMB|07|51|2|001|Dukungan Pemberdayaan UMKM untuk Inklusi Pemanfaatan Digipay|0||0|||1.0|0|00
2026|01|527652|015|08|CD|6212|FAC|07|51|2|001|Komunikasi dan Edukasi Implementasi Aplikasi|0||0|||145.0|0|00
2026|01|527652|015|08|CD|6212|FAH|07|51|2|001|Edukasi Dalam Rangka Penyusunan Laporan Keuangan Tingkat Kuasa BUN|0||0|||4.0|0|00
2026|01|527652|015|08|CD|6212|FAL|07|51|2|004|Konsultasi Pencairan Dana|0||0|||10.0|0|00
2026|01|527652|015|08|CD|6213|FAC|07|51|2|001|Monev Pengembangan Kompetensi KPA, PPK, PPSPM, Bendahara dan Pengelola Perbendaharaan|0||0|||10.0|0|00
2026|01|527652|015|08|CD|6213|FAE|07|51|2|009|Rekomendasi atas Kinerja Investasi Pemerintah|0||0|||2.0|0|00
2026|01|527652|015|08|CD|6213|FAL|07|51|2|003|Reviu Belanja Pemerintah|0||0|||1.0|0|00
2026|01|527652|015|08|CD|6214|FAL|07|51|2|002|Surat Perintah Pencairan/Penarikan/Repayment/Pengesahan Dana|0||0|||3480.0|0|00
2026|01|527652|015|08|CD|6215|FAH|07|51|2|003|Laporan Keuangan BUN|0||0|||4.0|0|00
2026|01|527652|015|08|WA|4715|EBA|07|51|2|001|Kerumahtanggaan|0||0|||12.0|0|00
2026|01|527652|015|08|WA|4715|EBA|07|51|2|994|Layanan Perkantoran|0||0|||12.0|0|00
2026|01|527652|015|08|WA|4715|EBA|07|51|2|002|Dukungan Pimpinan dan Keprotokoleran|0||0|||12.0|0|00
2026|01|527652|015|08|WA|4715|EBD|07|51|2|Z36|Dokumen Pengelolaan Kinerja Organisasi|0||0|||2.0|0|00
2026|01|527652|015|08|WA|4718|BMB|07|51|2|002|Kehumasan|0||0|||1.0|0|00
2026|01|527652|015|08|WA|4718|BMB|07|51|2|001|Pembinaan/Edukasi Publik|0||0|||2.0|0|00
2026|01|527652|015|08|WA|4719|EBA|07|51|2|994|Layanan Perkantoran|0||0|||12.0|0|00
2026|01|527652|015|08|WA|4719|EBA|07|51|2|004|Hasil Survey/Rekomendasi Kepuasan Pengguna Layanan|0||0|||2.0|0|00
2026|01|527652|015|08|WA|4719|EBC|07|51|2|001|Pengembangan SDM|0||0|||27.0|0|00
2026|01|527691|015|08|CD|6212|BMB|07|55|2|001|Dukungan Pemberdayaan UMKM untuk Inklusi Pemanfaatan Digipay|0||0|||1.0|0|00
2026|01|527691|015|08|CD|6212|FAC|07|55|2|001|Komunikasi dan Edukasi Implementasi Aplikasi|0||0|||24.0|0|00
2026|01|527691|015|08|CD|6212|FAH|07|55|2|001|Edukasi Dalam Rangka Penyusunan Laporan Keuangan Tingkat Kuasa BUN|0||0|||4.0|0|00
2026|01|527691|015|08|CD|6212|FAL|07|55|2|004|Konsultasi Pencairan Dana|0||0|||10.0|0|00
2026|01|527691|015|08|CD|6213|FAC|07|55|2|001|Monev Pengembangan Kompetensi KPA, PPK, PPSPM, Bendahara dan Pengelola Perbendaharaan|0||0|||10.0|0|00
2026|01|527691|015|08|CD|6213|FAE|07|55|2|009|Rekomendasi atas Kinerja Investasi Pemerintah|0||0|||2.0|0|00
2026|01|527691|015|08|CD|6213|FAL|07|55|2|003|Reviu Belanja Pemerintah|0||0|||1.0|0|00
2026|01|527691|015|08|CD|6214|FAL|07|55|2|002|Surat Perintah Pencairan/Penarikan/Repayment/Pengesahan Dana|0||0|||1008.0|0|00
2026|01|527691|015|08|CD|6215|FAH|07|55|2|003|Laporan Keuangan BUN|0||0|||4.0|0|00
2026|01|527691|015|08|WA|4715|EBA|07|55|2|001|Kerumahtanggaan|0||0|||12.0|0|00
2026|01|527691|015|08|WA|4715|EBA|07|55|2|994|Layanan Perkantoran|0||0|||12.0|0|00
2026|01|527691|015|08|WA|4715|EBA|07|55|2|002|Dukungan Pimpinan dan Keprotokoleran|0||0|||12.0|0|00
2026|01|527691|015|08|WA|4715|EBD|07|55|2|Z36|Dokumen Pengelolaan Kinerja Organisasi|0||0|||2.0|0|00
2026|01|527691|015|08|WA|4718|BMB|07|55|2|002|Kehumasan|0||0|||1.0|0|00
2026|01|527691|015|08|WA|4718|BMB|07|55|2|001|Pembinaan/Edukasi Publik|0||0|||2.0|0|00
2026|01|527691|015|08|WA|4719|EBA|07|55|2|994|Layanan Perkantoran|0||0|||12.0|0|00
2026|01|527691|015|08|WA|4719|EBA|07|55|2|004|Hasil Survey/Rekomendasi Kepuasan Pengguna Layanan|0||0|||2.0|0|00
2026|01|527691|015|08|WA|4719|EBC|07|55|2|001|Pengembangan SDM|0||0|||20.0|0|00
2026|01|527670|015|08|CD|6212|BMB|07|57|2|001|Dukungan Pemberdayaan UMKM untuk Inklusi Pemanfaatan Digipay|0||0|||1.0|0|00
2026|01|527670|015|08|CD|6212|FAC|07|57|2|001|Komunikasi dan Edukasi Implementasi Aplikasi|0||0|||123.0|0|00
2026|01|527670|015|08|CD|6212|FAH|07|57|2|001|Edukasi Dalam Rangka Penyusunan Laporan Keuangan Tingkat Kuasa BUN|0||0|||4.0|0|00
2026|01|527670|015|08|CD|6212|FAL|07|57|2|004|Konsultasi Pencairan Dana|0||0|||10.0|0|00
2026|01|527670|015|08|CD|6213|FAC|07|57|2|001|Monev Pengembangan Kompetensi KPA, PPK, PPSPM, Bendahara dan Pengelola Perbendaharaan|0||0|||10.0|0|00
2026|01|527670|015|08|CD|6213|FAE|07|57|2|009|Rekomendasi atas Kinerja Investasi Pemerintah|0||0|||2.0|0|00
2026|01|527670|015|08|CD|6213|FAL|07|57|2|003|Reviu Belanja Pemerintah|0||0|||1.0|0|00
2026|01|527670|015|08|CD|6214|FAL|07|57|2|002|Surat Perintah Pencairan/Penarikan/Repayment/Pengesahan Dana|0||0|||2832.0|0|00
2026|01|527670|015|08|CD|6215|FAH|07|57|2|003|Laporan Keuangan BUN|0||0|||4.0|0|00
2026|01|527670|015|08|WA|4715|EBA|07|57|2|001|Kerumahtanggaan|0||0|||1.0|0|00
2026|01|527670|015|08|WA|4715|EBA|07|57|2|994|Layanan Perkantoran|0||0|||1.0|0|00
2026|01|527670|015|08|WA|4715|EBA|07|57|2|002|Dukungan Pimpinan dan Keprotokoleran|0||0|||1.0|0|00
2026|01|527670|015|08|WA|4715|EBD|07|57|2|Z36|Dokumen Pengelolaan Kinerja Organisasi|0||0|||2.0|0|00
2026|01|527670|015|08|WA|4718|BMB|07|57|2|002|Kehumasan|0||0|||1.0|0|00
2026|01|527670|015|08|WA|4718|BMB|07|57|2|001|Pembinaan/Edukasi Publik|0||0|||2.0|0|00
2026|01|527670|015|08|WA|4719|EBA|07|57|2|994|Layanan Perkantoran|0||0|||1.0|0|00
2026|01|527670|015|08|WA|4719|EBA|07|57|2|004|Hasil Survey/Rekomendasi Kepuasan Pengguna Layanan|0||0|||2.0|0|00
2026|01|527670|015|08|WA|4719|EBC|07|57|2|001|Pengembangan SDM|0||0|||21.0|0|00
2026|01|527666|015|08|CD|6212|BMB|07|54|2|001|Dukungan Pemberdayaan UMKM untuk Inklusi Pemanfaatan Digipay|0||0|||2.0|0|00
2026|01|527666|015|08|CD|6212|FAC|07|54|2|001|Komunikasi dan Edukasi Implementasi Aplikasi|0||0|||114.0|0|00
2026|01|527666|015|08|CD|6212|FAH|07|54|2|001|Edukasi Dalam Rangka Penyusunan Laporan Keuangan Tingkat Kuasa BUN|0||0|||8.0|0|00
2026|01|527666|015|08|CD|6212|FAL|07|54|2|004|Konsultasi Pencairan Dana|0||0|||20.0|0|00
2026|01|527666|015|08|CD|6213|FAC|07|54|2|001|Monev Pengembangan Kompetensi KPA, PPK, PPSPM, Bendahara dan Pengelola Perbendaharaan|0||0|||20.0|0|00
2026|01|527666|015|08|CD|6213|FAE|07|54|2|009|Rekomendasi atas Kinerja Investasi Pemerintah|0||0|||4.0|0|00
2026|01|527666|015|08|CD|6213|FAL|07|54|2|003|Reviu Belanja Pemerintah|0||0|||2.0|0|00
2026|01|527666|015|08|CD|6214|FAL|07|54|2|002|Surat Perintah Pencairan/Penarikan/Repayment/Pengesahan Dana|0||0|||2616.0|0|00
2026|01|527666|015|08|CD|6215|FAH|07|54|2|003|Laporan Keuangan BUN|0||0|||8.0|0|00
2026|01|527666|015|08|WA|4715|EBA|07|54|2|001|Kerumahtanggaan|0||0|||1.0|0|00
2026|01|527666|015|08|WA|4715|EBA|07|54|2|994|Layanan Perkantoran|0||0|||12.0|0|00
2026|01|527666|015|08|WA|4715|EBA|07|54|2|002|Dukungan Pimpinan dan Keprotokoleran|0||0|||1.0|0|00
2026|01|527666|015|08|WA|4715|EBD|07|54|2|Z36|Dokumen Pengelolaan Kinerja Organisasi|0||0|||2.0|0|00
2026|01|527666|015|08|WA|4718|BMB|07|54|2|002|Kehumasan|0||0|||2.0|0|00
2026|01|527666|015|08|WA|4718|BMB|07|54|2|001|Pembinaan/Edukasi Publik|0||0|||4.0|0|00
2026|01|527666|015|08|WA|4719|EBA|07|54|2|994|Layanan Perkantoran|0||0|||1.0|0|00
2026|01|527666|015|08|WA|4719|EBA|07|54|2|004|Hasil Survey/Rekomendasi Kepuasan Pengguna Layanan|0||0|||4.0|0|00
2026|01|527666|015|08|WA|4719|EBC|07|54|2|001|Pengembangan SDM|0||0|||32.0|0|00
2026|01|527687|015|08|CD|6212|BMB|07|61|2|001|Dukungan Pemberdayaan UMKM untuk Inklusi Pemanfaatan Digipay|0||0|||1.0|0|00
2026|01|527687|015|08|CD|6212|FAC|07|61|2|001|Komunikasi dan Edukasi Implementasi Aplikasi|0||0|||43.0|0|00
2026|01|527687|015|08|CD|6212|FAH|07|61|2|001|Edukasi Dalam Rangka Penyusunan Laporan Keuangan Tingkat Kuasa BUN|0||0|||4.0|0|00
2026|01|527687|015|08|CD|6212|FAL|07|61|2|004|Konsultasi Pencairan Dana|0||0|||10.0|0|00
2026|01|527687|015|08|CD|6213|FAC|07|61|2|001|Monev Pengembangan Kompetensi KPA, PPK, PPSPM, Bendahara dan Pengelola Perbendaharaan|0||0|||10.0|0|00
2026|01|527687|015|08|CD|6213|FAE|07|61|2|009|Rekomendasi atas Kinerja Investasi Pemerintah|0||0|||2.0|0|00
2026|01|527687|015|08|CD|6213|FAL|07|61|2|003|Reviu Belanja Pemerintah|0||0|||1.0|0|00
2026|01|527687|015|08|CD|6214|FAL|07|61|2|002|Surat Perintah Pencairan/Penarikan/Repayment/Pengesahan Dana|0||0|||1728.0|0|00
2026|01|527687|015|08|CD|6215|FAH|07|61|2|003|Laporan Keuangan BUN|0||0|||4.0|0|00
2026|01|527687|015|08|WA|4715|EBA|07|61|2|001|Kerumahtanggaan|0||0|||12.0|0|00
2026|01|527687|015|08|WA|4715|EBA|07|61|2|994|Layanan Perkantoran|0||0|||12.0|0|00
2026|01|527687|015|08|WA|4715|EBA|07|61|2|002|Dukungan Pimpinan dan Keprotokoleran|0||0|||12.0|0|00
2026|01|527687|015|08|WA|4715|EBD|07|61|2|Z36|Dokumen Pengelolaan Kinerja Organisasi|0||0|||2.0|0|00
2026|01|527687|015|08|WA|4718|BMB|07|61|2|002|Kehumasan|0||0|||1.0|0|00
2026|01|527687|015|08|WA|4718|BMB|07|61|2|001|Pembinaan/Edukasi Publik|0||0|||2.0|0|00
2026|01|527687|015|08|WA|4719|EBA|07|61|2|994|Layanan Perkantoran|0||0|||12.0|0|00
2026|01|527687|015|08|WA|4719|EBA|07|61|2|004|Hasil Survey/Rekomendasi Kepuasan Pengguna Layanan|0||0|||2.0|0|00
2026|01|527687|015|08|WA|4719|EBC|07|61|2|001|Pengembangan SDM|0||0|||14.0|0|00
2026|01|527713|015|08|CD|6212|BMB|07|56|2|001|Dukungan Pemberdayaan UMKM untuk Inklusi Pemanfaatan Digipay|0||0|||1.0|0|00
2026|01|527713|015|08|CD|6212|FAC|07|56|2|001|Komunikasi dan Edukasi Implementasi Aplikasi|0||0|||27.0|0|00
2026|01|527713|015|08|CD|6212|FAH|07|56|2|001|Edukasi Dalam Rangka Penyusunan Laporan Keuangan Tingkat Kuasa BUN|0||0|||4.0|0|00
2026|01|527713|015|08|CD|6212|FAL|07|56|2|004|Konsultasi Pencairan Dana|0||0|||10.0|0|00
2026|01|527713|015|08|CD|6213|FAC|07|56|2|001|Monev Pengembangan Kompetensi KPA, PPK, PPSPM, Bendahara dan Pengelola Perbendaharaan|0||0|||10.0|0|00
2026|01|527713|015|08|CD|6213|FAE|07|56|2|009|Rekomendasi atas Kinerja Investasi Pemerintah|0||0|||2.0|0|00
2026|01|527713|015|08|CD|6213|FAL|07|56|2|003|Reviu Belanja Pemerintah|0||0|||1.0|0|00
2026|01|527713|015|08|CD|6214|FAL|07|56|2|002|Surat Perintah Pencairan/Penarikan/Repayment/Pengesahan Dana|0||0|||1176.0|0|00
2026|01|527713|015|08|CD|6215|FAH|07|56|2|003|Laporan Keuangan BUN|0||0|||4.0|0|00
2026|01|527713|015|08|WA|4715|EBA|07|56|2|001|Kerumahtanggaan|0||0|||12.0|0|00
2026|01|527713|015|08|WA|4715|EBA|07|56|2|994|Layanan Perkantoran|0||0|||12.0|0|00
2026|01|527713|015|08|WA|4715|EBA|07|56|2|002|Dukungan Pimpinan dan Keprotokoleran|0||0|||12.0|0|00
2026|01|527713|015|08|WA|4715|EBD|07|56|2|Z36|Dokumen Pengelolaan Kinerja Organisasi|0||0|||2.0|0|00
2026|01|527713|015|08|WA|4718|BMB|07|56|2|002|Kehumasan|0||0|||1.0|0|00
2026|01|527713|015|08|WA|4718|BMB|07|56|2|001|Pembinaan/Edukasi Publik|0||0|||2.0|0|00
2026|01|527713|015|08|WA|4719|EBA|07|56|2|994|Layanan Perkantoran|0||0|||12.0|0|00
2026|01|527713|015|08|WA|4719|EBA|07|56|2|004|Hasil Survey/Rekomendasi Kepuasan Pengguna Layanan|0||0|||2.0|0|00
2026|01|527713|015|08|WA|4719|EBC|07|56|2|001|Pengembangan SDM|0||0|||13.0|0|00
2026|01|527741|015|08|CD|6212|BMB|07|52|2|001|Dukungan Pemberdayaan UMKM untuk Inklusi Pemanfaatan Digipay|0||0|||1.0|0|00
2026|01|527741|015|08|CD|6212|FAC|07|52|2|001|Komunikasi dan Edukasi Implementasi Aplikasi|0||0|||77.0|0|00
2026|01|527741|015|08|CD|6212|FAH|07|52|2|001|Edukasi Dalam Rangka Penyusunan Laporan Keuangan Tingkat Kuasa BUN|0||0|||4.0|0|00
2026|01|527741|015|08|CD|6212|FAL|07|52|2|004|Konsultasi Pencairan Dana|0||0|||10.0|0|00
2026|01|527741|015|08|CD|6213|FAC|07|52|2|001|Monev Pengembangan Kompetensi KPA, PPK, PPSPM, Bendahara dan Pengelola Perbendaharaan|0||0|||10.0|0|00
2026|01|527741|015|08|CD|6213|FAE|07|52|2|009|Rekomendasi atas Kinerja Investasi Pemerintah|0||0|||2.0|0|00
2026|01|527741|015|08|CD|6213|FAL|07|52|2|001|Monev Penerimaan dan Pengeluaran Kas|0||0|||1.0|0|00
2026|01|527741|015|08|CD|6214|FAL|07|52|2|002|Surat Perintah Pencairan/Penarikan/Repayment/Pengesahan Dana|0||0|||1776.0|0|00
2026|01|527741|015|08|CD|6215|FAH|07|52|2|003|Laporan Keuangan BUN|0||0|||4.0|0|00
2026|01|527741|015|08|WA|4715|EBA|07|52|2|001|Kerumahtanggaan|0||0|||1.0|0|00
2026|01|527741|015|08|WA|4715|EBA|07|52|2|994|Layanan Perkantoran|0||0|||1.0|0|00
2026|01|527741|015|08|WA|4715|EBA|07|52|2|002|Dukungan Pimpinan dan Keprotokoleran|0||0|||1.0|0|00
2026|01|527741|015|08|WA|4715|EBD|07|52|2|Z36|Dokumen Pengelolaan Kinerja Organisasi|0||0|||2.0|0|00
2026|01|527741|015|08|WA|4718|BMB|07|52|2|002|Kehumasan|0||0|||1.0|0|00
2026|01|527741|015|08|WA|4718|BMB|07|52|2|001|Pembinaan/Edukasi Publik|0||0|||2.0|0|00
2026|01|527741|015|08|WA|4719|EBA|07|52|2|994|Layanan Perkantoran|0||0|||1.0|0|00
2026|01|527741|015|08|WA|4719|EBA|07|52|2|004|Hasil Survey/Rekomendasi Kepuasan Pengguna Layanan|0||0|||2.0|0|00
2026|01|527741|015|08|WA|4719|EBC|07|52|2|001|Pengembangan SDM|0||0|||22.0|0|00
2026|01|527755|015|08|CD|6212|BMB|07|12|2|001|Dukungan Pemberdayaan UMKM untuk Inklusi Pemanfaatan Digipay|0||0|||1.0|0|00
2026|01|527755|015|08|CD|6212|FAC|07|12|2|001|Komunikasi dan Edukasi Implementasi Aplikasi|0||0|||41.0|0|00
2026|01|527755|015|08|CD|6212|FAH|07|12|2|001|Edukasi Dalam Rangka Penyusunan Laporan Keuangan Tingkat Kuasa BUN|0||0|||4.0|0|00
2026|01|527755|015|08|CD|6212|FAL|07|12|2|004|Konsultasi Pencairan Dana|0||0|||10.0|0|00
2026|01|527755|015|08|CD|6213|FAC|07|12|2|001|Monev Pengembangan Kompetensi KPA, PPK, PPSPM, Bendahara dan Pengelola Perbendaharaan|0||0|||10.0|0|00
2026|01|527755|015|08|CD|6213|FAE|07|12|2|009|Rekomendasi atas Kinerja Investasi Pemerintah|0||0|||2.0|0|00
2026|01|527755|015|08|CD|6213|FAL|07|12|2|003|Reviu Belanja Pemerintah|0||0|||1.0|0|00
2026|01|527755|015|08|CD|6214|FAL|07|12|2|002|Surat Perintah Pencairan/Penarikan/Repayment/Pengesahan Dana|0||0|||1752.0|0|00
2026|01|527755|015|08|CD|6215|FAH|07|12|2|003|Laporan Keuangan BUN|0||0|||4.0|0|00
2026|01|527755|015|08|WA|4715|EBA|07|12|2|001|Kerumahtanggaan|0||0|||12.0|0|00
2026|01|527755|015|08|WA|4715|EBA|07|12|2|994|Layanan Perkantoran|0||0|||12.0|0|00
2026|01|527755|015|08|WA|4715|EBA|07|12|2|002|Dukungan Pimpinan dan Keprotokoleran|0||0|||12.0|0|00
2026|01|527755|015|08|WA|4715|EBD|07|12|2|Z36|Dokumen Pengelolaan Kinerja Organisasi|0||0|||2.0|0|00
2026|01|527755|015|08|WA|4718|BMB|07|12|2|002|Kehumasan|0||0|||1.0|0|00
2026|01|527755|015|08|WA|4718|BMB|07|12|2|001|Pembinaan/Edukasi Publik|0||0|||2.0|0|00
2026|01|527755|015|08|WA|4719|EBA|07|12|2|994|Layanan Perkantoran|0||0|||12.0|0|00
2026|01|527755|015|08|WA|4719|EBA|07|12|2|004|Hasil Survey/Rekomendasi Kepuasan Pengguna Layanan|0||0|||2.0|0|00
2026|01|527755|015|08|WA|4719|EBC|07|12|2|001|Pengembangan SDM|0||0|||13.0|0|00
2026|01|527776|015|08|CD|6212|BMB|08|55|2|001|Dukungan Pemberdayaan UMKM untuk Inklusi Pemanfaatan Digipay|0||0|||1.0|0|00
2026|01|527776|015|08|CD|6212|FAC|08|55|2|002|Bimbingan Teknis Pengelola Keuangan BLU|0||0|||34.0|0|00
2026|01|527776|015|08|CD|6212|FAH|08|55|2|003|Komunikasi dan Edukasi Penyusunan LKKL dan LKBUN|0||0|||4.0|0|00
2026|01|527776|015|08|CD|6212|FAH|08|55|2|002|Komunikasi dan Edukasi Dalam Rangka Penyusunan Government Financial Statistic (GFS)|0||0|||8.0|0|00
2026|01|527776|015|08|CD|6212|FAL|08|55|2|001|Pembinaan Pelaksanaan Anggaran|0||0|||8.0|0|00
2026|01|527776|015|08|CD|6213|ABA|08|55|2|001|Kajian atas Peluang Investasi dan Pinjaman Daerah|0||0|||2.0|0|00
2026|01|527776|015|08|CD|6213|FAE|08|55|2|009|Rekomendasi atas Kinerja Investasi Pemerintah|0||0|||2.0|0|00
2026|01|527776|015|08|CD|6213|FAE|08|55|2|008|ALCo Regional|0||0|||2.0|0|00
2026|01|527776|015|08|CD|6213|FAL|08|55|2|003|Reviu Belanja Pemerintah|0||0|||4.0|0|00
2026|01|527776|015|08|CD|6215|FAH|08|55|2|003|Laporan Keuangan BUN|0||0|||4.0|0|00
2026|01|527776|015|08|CD|6215|FAH|08|55|2|001|Government Financial Statistic (GFS)|0||0|||4.0|0|00
2026|01|527776|015|08|CD|6216|FAE|08|55|2|002|Rekomendasi Tarif Standar Biaya Masukan|0||0|||1.0|0|00
2026|01|527776|015|08|WA|4715|EBA|08|55|2|001|Kerumahtanggaan|0||0|||1.0|0|00
2026|01|527776|015|08|WA|4715|EBA|08|55|2|994|Layanan Perkantoran|0||0|||1.0|0|00
2026|01|527776|015|08|WA|4715|EBA|08|55|2|002|Dukungan Pimpinan dan Keprotokoleran|0||0|||1.0|0|00
2026|01|527776|015|08|WA|4715|EBD|08|55|2|Z36|Dokumen Pengelolaan Kinerja Organisasi|0||0|||4.0|0|00
2026|01|527776|015|08|WA|4715|EBD|08|55|2|Z26|Laporan Keuangan Unit|0||0|||2.0|0|00
2026|01|527776|015|08|WA|4718|BMB|08|55|2|002|Kehumasan|0||0|||4.0|0|00
2026|01|527776|015|08|WA|4718|BMB|08|55|2|001|Pembinaan/Edukasi Publik|0||0|||2.0|0|00
2026|01|527776|015|08|WA|4719|EBA|08|55|2|003|Rekomendasi Pengelolaan Organisasi|0||0|||13.0|0|00
2026|01|527776|015|08|WA|4719|EBA|08|55|2|994|Layanan Perkantoran|0||0|||1.0|0|00
2026|01|527776|015|08|WA|4719|EBA|08|55|2|005|Standar Mutu Layanan - ISO Mutu Layanan|0||0|||14.0|0|00
2026|01|527776|015|08|WA|4719|EBC|08|55|2|001|Pengembangan SDM|0||0|||51.0|0|00
2026|01|527776|015|08|WA|4722|EBD|08|55|2|001|Rekomendasi Penerapan Pengelolaan Risiko, Pengendalian dan Pengawasan Internal|0||0|||2.0|0|00
2026|01|527709|015|08|CD|6212|BMB|07|06|2|001|Dukungan Pemberdayaan UMKM untuk Inklusi Pemanfaatan Digipay|0||0|||1.0|0|00
2026|01|527709|015|08|CD|6212|FAC|07|06|2|001|Komunikasi dan Edukasi Implementasi Aplikasi|0||0|||30.0|0|00
2026|01|527709|015|08|CD|6212|FAH|07|06|2|001|Edukasi Dalam Rangka Penyusunan Laporan Keuangan Tingkat Kuasa BUN|0||0|||4.0|0|00
2026|01|527709|015|08|CD|6212|FAL|07|06|2|004|Konsultasi Pencairan Dana|0||0|||10.0|0|00
2026|01|527709|015|08|CD|6213|FAC|07|06|2|001|Monev Pengembangan Kompetensi KPA, PPK, PPSPM, Bendahara dan Pengelola Perbendaharaan|0||0|||10.0|0|00
2026|01|527709|015|08|CD|6213|FAE|07|06|2|009|Rekomendasi atas Kinerja Investasi Pemerintah|0||0|||2.0|0|00
2026|01|527709|015|08|CD|6213|FAL|07|06|2|003|Reviu Belanja Pemerintah|0||0|||1.0|0|00
2026|01|527709|015|08|CD|6214|FAL|07|06|2|002|Surat Perintah Pencairan/Penarikan/Repayment/Pengesahan Dana|0||0|||1272.0|0|00
2026|01|527709|015|08|CD|6215|FAH|07|06|2|003|Laporan Keuangan BUN|0||0|||4.0|0|00
2026|01|527709|015|08|WA|4715|EBA|07|06|2|001|Kerumahtanggaan|0||0|||12.0|0|00
2026|01|527709|015|08|WA|4715|EBA|07|06|2|994|Layanan Perkantoran|0||0|||12.0|0|00
2026|01|527709|015|08|WA|4715|EBA|07|06|2|002|Dukungan Pimpinan dan Keprotokoleran|0||0|||12.0|0|00
2026|01|527709|015|08|WA|4715|EBD|07|06|2|Z36|Dokumen Pengelolaan Kinerja Organisasi|0||0|||2.0|0|00
2026|01|527709|015|08|WA|4718|BMB|07|06|2|002|Kehumasan|0||0|||1.0|0|00
2026|01|527709|015|08|WA|4718|BMB|07|06|2|001|Pembinaan/Edukasi Publik|0||0|||2.0|0|00
2026|01|527709|015|08|WA|4719|EBA|07|06|2|994|Layanan Perkantoran|0||0|||12.0|0|00
2026|01|527709|015|08|WA|4719|EBA|07|06|2|004|Hasil Survey/Rekomendasi Kepuasan Pengguna Layanan|0||0|||2.0|0|00
2026|01|527709|015|08|WA|4719|EBC|07|06|2|001|Pengembangan SDM|0||0|||12.0|0|00
2026|01|527780|015|08|CD|6212|BMB|08|55|2|001|Dukungan Pemberdayaan UMKM untuk Inklusi Pemanfaatan Digipay|0||0|||1.0|0|00
2026|01|527780|015|08|CD|6212|FAC|08|55|2|001|Komunikasi dan Edukasi Implementasi Aplikasi|0||0|||107.0|0|00
2026|01|527780|015|08|CD|6212|FAH|08|55|2|001|Edukasi Dalam Rangka Penyusunan Laporan Keuangan Tingkat Kuasa BUN|0||0|||4.0|0|00
2026|01|527780|015|08|CD|6212|FAL|08|55|2|004|Konsultasi Pencairan Dana|0||0|||10.0|0|00
2026|01|527780|015|08|CD|6213|FAC|08|55|2|001|Monev Pengembangan Kompetensi KPA, PPK, PPSPM, Bendahara dan Pengelola Perbendaharaan|0||0|||10.0|0|00
2026|01|527780|015|08|CD|6213|FAE|08|55|2|009|Rekomendasi atas Kinerja Investasi Pemerintah|0||0|||2.0|0|00
2026|01|527780|015|08|CD|6213|FAL|08|55|2|003|Reviu Belanja Pemerintah|0||0|||1.0|0|00
2026|01|527780|015|08|CD|6214|FAL|08|55|2|002|Surat Perintah Pencairan/Penarikan/Repayment/Pengesahan Dana|0||0|||4896.0|0|00
2026|01|527780|015|08|CD|6215|FAH|08|55|2|003|Laporan Keuangan BUN|0||0|||4.0|0|00
2026|01|527780|015|08|WA|4715|EBA|08|55|2|001|Kerumahtanggaan|0||0|||12.0|0|00
2026|01|527780|015|08|WA|4715|EBA|08|55|2|994|Layanan Perkantoran|0||0|||12.0|0|00
2026|01|527780|015|08|WA|4715|EBA|08|55|2|002|Dukungan Pimpinan dan Keprotokoleran|0||0|||12.0|0|00
2026|01|527780|015|08|WA|4715|EBD|08|55|2|Z36|Dokumen Pengelolaan Kinerja Organisasi|0||0|||2.0|0|00
2026|01|527780|015|08|WA|4718|BMB|08|55|2|002|Kehumasan|0||0|||1.0|0|00
2026|01|527780|015|08|WA|4718|BMB|08|55|2|001|Pembinaan/Edukasi Publik|0||0|||2.0|0|00
2026|01|527780|015|08|WA|4719|EBA|08|55|2|994|Layanan Perkantoran|0||0|||12.0|0|00
2026|01|527780|015|08|WA|4719|EBA|08|55|2|004|Hasil Survey/Rekomendasi Kepuasan Pengguna Layanan|0||0|||2.0|0|00
2026|01|527780|015|08|WA|4719|EBC|08|55|2|001|Pengembangan SDM|0||0|||26.0|0|00
2026|01|527797|015|08|CD|6212|BMB|08|51|2|001|Dukungan Pemberdayaan UMKM untuk Inklusi Pemanfaatan Digipay|0||0|||1.0|0|00
2026|01|527797|015|08|CD|6212|FAC|08|51|2|001|Komunikasi dan Edukasi Implementasi Aplikasi|0||0|||90.0|0|00
2026|01|527797|015|08|CD|6212|FAH|08|51|2|001|Edukasi Dalam Rangka Penyusunan Laporan Keuangan Tingkat Kuasa BUN|0||0|||4.0|0|00
2026|01|527797|015|08|CD|6212|FAL|08|51|2|004|Konsultasi Pencairan Dana|0||0|||10.0|0|00
2026|01|527797|015|08|CD|6213|FAC|08|51|2|001|Monev Pengembangan Kompetensi KPA, PPK, PPSPM, Bendahara dan Pengelola Perbendaharaan|0||0|||10.0|0|00
2026|01|527797|015|08|CD|6213|FAE|08|51|2|009|Rekomendasi atas Kinerja Investasi Pemerintah|0||0|||2.0|0|00
2026|01|527797|015|08|CD|6213|FAL|08|51|2|003|Reviu Belanja Pemerintah|0||0|||1.0|0|00
2026|01|527797|015|08|CD|6214|FAL|08|51|2|002|Surat Perintah Pencairan/Penarikan/Repayment/Pengesahan Dana|0||0|||4008.0|0|00
2026|01|527797|015|08|CD|6215|FAH|08|51|2|003|Laporan Keuangan BUN|0||0|||4.0|0|00
2026|01|527797|015|08|WA|4715|EBA|08|51|2|001|Kerumahtanggaan|0||0|||12.0|0|00
2026|01|527797|015|08|WA|4715|EBA|08|51|2|994|Layanan Perkantoran|0||0|||12.0|0|00
2026|01|527797|015|08|WA|4715|EBA|08|51|2|002|Dukungan Pimpinan dan Keprotokoleran|0||0|||12.0|0|00
2026|01|527797|015|08|WA|4715|EBD|08|51|2|Z36|Dokumen Pengelolaan Kinerja Organisasi|0||0|||2.0|0|00
2026|01|527797|015|08|WA|4718|BMB|08|51|2|002|Kehumasan|0||0|||1.0|0|00
2026|01|527797|015|08|WA|4718|BMB|08|51|2|001|Pembinaan/Edukasi Publik|0||0|||2.0|0|00
2026|01|527797|015|08|WA|4719|EBA|08|51|2|994|Layanan Perkantoran|0||0|||1.0|0|00
2026|01|527797|015|08|WA|4719|EBA|08|51|2|004|Hasil Survey/Rekomendasi Kepuasan Pengguna Layanan|0||0|||2.0|0|00
2026|01|527797|015|08|WA|4719|EBC|08|51|2|001|Pengembangan SDM|0||0|||22.0|0|00
2026|01|527802|015|08|CD|6212|BMB|08|14|2|001|Dukungan Pemberdayaan UMKM untuk Inklusi Pemanfaatan Digipay|0||0|||1.0|0|00
2026|01|527802|015|08|CD|6212|FAC|08|14|2|001|Komunikasi dan Edukasi Implementasi Aplikasi|0||0|||35.0|0|00
2026|01|527802|015|08|CD|6212|FAH|08|14|2|001|Edukasi Dalam Rangka Penyusunan Laporan Keuangan Tingkat Kuasa BUN|0||0|||4.0|0|00
2026|01|527802|015|08|CD|6212|FAL|08|14|2|004|Konsultasi Pencairan Dana|0||0|||10.0|0|00
2026|01|527802|015|08|CD|6213|FAC|08|14|2|001|Monev Pengembangan Kompetensi KPA, PPK, PPSPM, Bendahara dan Pengelola Perbendaharaan|0||0|||10.0|0|00
2026|01|527802|015|08|CD|6213|FAE|08|14|2|009|Rekomendasi atas Kinerja Investasi Pemerintah|0||0|||2.0|0|00
2026|01|527802|015|08|CD|6213|FAL|08|14|2|003|Reviu Belanja Pemerintah|0||0|||1.0|0|00
2026|01|527802|015|08|CD|6214|FAL|08|14|2|002|Surat Perintah Pencairan/Penarikan/Repayment/Pengesahan Dana|0||0|||1536.0|0|00
2026|01|527802|015|08|CD|6215|FAH|08|14|2|003|Laporan Keuangan BUN|0||0|||4.0|0|00
2026|01|527802|015|08|WA|4715|EBA|08|14|2|001|Kerumahtanggaan|0||0|||12.0|0|00
2026|01|527802|015|08|WA|4715|EBA|08|14|2|994|Layanan Perkantoran|0||0|||12.0|0|00
2026|01|527802|015|08|WA|4715|EBA|08|14|2|002|Dukungan Pimpinan dan Keprotokoleran|0||0|||12.0|0|00
2026|01|527802|015|08|WA|4715|EBD|08|14|2|Z36|Dokumen Pengelolaan Kinerja Organisasi|0||0|||2.0|0|00
2026|01|527802|015|08|WA|4718|BMB|08|14|2|002|Kehumasan|0||0|||1.0|0|00
2026|01|527802|015|08|WA|4718|BMB|08|14|2|001|Pembinaan/Edukasi Publik|0||0|||2.0|0|00
2026|01|527802|015|08|WA|4719|EBA|08|14|2|994|Layanan Perkantoran|0||0|||12.0|0|00
2026|01|527802|015|08|WA|4719|EBA|08|14|2|004|Hasil Survey/Rekomendasi Kepuasan Pengguna Layanan|0||0|||2.0|0|00
2026|01|527802|015|08|WA|4719|EBC|08|14|2|001|Pengembangan SDM|0||0|||14.0|0|00
2026|01|527823|015|08|CD|6212|BMB|08|02|2|001|Dukungan Pemberdayaan UMKM untuk Inklusi Pemanfaatan Digipay|0||0|||1.0|0|00
2026|01|527823|015|08|CD|6212|FAC|08|02|2|001|Komunikasi dan Edukasi Implementasi Aplikasi|0||0|||57.0|0|00
2026|01|527823|015|08|CD|6212|FAH|08|02|2|001|Edukasi Dalam Rangka Penyusunan Laporan Keuangan Tingkat Kuasa BUN|0||0|||4.0|0|00
2026|01|527823|015|08|CD|6212|FAL|08|02|2|004|Konsultasi Pencairan Dana|0||0|||10.0|0|00
2026|01|527823|015|08|CD|6213|FAC|08|02|2|001|Monev Pengembangan Kompetensi KPA, PPK, PPSPM, Bendahara dan Pengelola Perbendaharaan|0||0|||10.0|0|00
2026|01|527823|015|08|CD|6213|FAE|08|02|2|009|Rekomendasi atas Kinerja Investasi Pemerintah|0||0|||2.0|0|00
2026|01|527823|015|08|CD|6213|FAL|08|02|2|003|Reviu Belanja Pemerintah|0||0|||1.0|0|00
2026|01|527823|015|08|CD|6214|FAL|08|02|2|002|Surat Perintah Pencairan/Penarikan/Repayment/Pengesahan Dana|0||0|||1344.0|0|00
2026|01|527823|015|08|CD|6215|FAH|08|02|2|003|Laporan Keuangan BUN|0||0|||4.0|0|00
2026|01|527823|015|08|WA|4715|EBA|08|02|2|001|Kerumahtanggaan|0||0|||12.0|0|00
2026|01|527823|015|08|WA|4715|EBA|08|02|2|994|Layanan Perkantoran|0||0|||12.0|0|00
2026|01|527823|015|08|WA|4715|EBA|08|02|2|002|Dukungan Pimpinan dan Keprotokoleran|0||0|||12.0|0|00
2026|01|527823|015|08|WA|4715|EBD|08|02|2|Z36|Dokumen Pengelolaan Kinerja Organisasi|0||0|||2.0|0|00
2026|01|527823|015|08|WA|4718|BMB|08|02|2|002|Kehumasan|0||0|||1.0|0|00
2026|01|527823|015|08|WA|4718|BMB|08|02|2|001|Pembinaan/Edukasi Publik|0||0|||2.0|0|00
2026|01|527823|015|08|WA|4719|EBA|08|02|2|994|Layanan Perkantoran|0||0|||12.0|0|00
2026|01|527823|015|08|WA|4719|EBA|08|02|2|004|Hasil Survey/Rekomendasi Kepuasan Pengguna Layanan|0||0|||2.0|0|00
2026|01|527823|015|08|WA|4719|EBC|08|02|2|001|Pengembangan SDM|0||0|||12.0|0|00
2026|01|527819|015|08|CD|6212|BMB|08|53|2|001|Dukungan Pemberdayaan UMKM untuk Inklusi Pemanfaatan Digipay|0||0|||1.0|0|00
2026|01|527819|015|08|CD|6212|FAC|08|53|2|001|Komunikasi dan Edukasi Implementasi Aplikasi|0||0|||68.0|0|00
2026|01|527819|015|08|CD|6212|FAH|08|53|2|001|Edukasi Dalam Rangka Penyusunan Laporan Keuangan Tingkat Kuasa BUN|0||0|||4.0|0|00
2026|01|527819|015|08|CD|6212|FAL|08|53|2|004|Konsultasi Pencairan Dana|0||0|||10.0|0|00
2026|01|527819|015|08|CD|6213|FAC|08|53|2|001|Monev Pengembangan Kompetensi KPA, PPK, PPSPM, Bendahara dan Pengelola Perbendaharaan|0||0|||10.0|0|00
2026|01|527819|015|08|CD|6213|FAE|08|53|2|009|Rekomendasi atas Kinerja Investasi Pemerintah|0||0|||2.0|0|00
2026|01|527819|015|08|CD|6213|FAL|08|53|2|003|Reviu Belanja Pemerintah|0||0|||1.0|0|00
2026|01|527819|015|08|CD|6214|FAL|08|53|2|002|Surat Perintah Pencairan/Penarikan/Repayment/Pengesahan Dana|0||0|||1560.0|0|00
2026|01|527819|015|08|CD|6215|FAH|08|53|2|003|Laporan Keuangan BUN|0||0|||4.0|0|00
2026|01|527819|015|08|WA|4715|EBA|08|53|2|001|Kerumahtanggaan|0||0|||1.0|0|00
2026|01|527819|015|08|WA|4715|EBA|08|53|2|994|Layanan Perkantoran|0||0|||1.0|0|00
2026|01|527819|015|08|WA|4715|EBA|08|53|2|002|Dukungan Pimpinan dan Keprotokoleran|0||0|||1.0|0|00
2026|01|527819|015|08|WA|4715|EBD|08|53|2|Z36|Dokumen Pengelolaan Kinerja Organisasi|0||0|||2.0|0|00
2026|01|527819|015|08|WA|4718|BMB|08|53|2|002|Kehumasan|0||0|||1.0|0|00
2026|01|527819|015|08|WA|4718|BMB|08|53|2|001|Pembinaan/Edukasi Publik|0||0|||1.0|0|00
2026|01|527819|015|08|WA|4719|EBA|08|53|2|994|Layanan Perkantoran|0||0|||1.0|0|00
2026|01|527819|015|08|WA|4719|EBA|08|53|2|004|Hasil Survey/Rekomendasi Kepuasan Pengguna Layanan|0||0|||2.0|0|00
2026|01|527819|015|08|WA|4719|EBC|08|53|2|001|Pengembangan SDM|0||0|||15.0|0|00
2026|01|527844|015|08|CD|6212|BMB|09|51|2|001|Dukungan Pemberdayaan UMKM untuk Inklusi Pemanfaatan Digipay|0||0|||1.0|0|00
2026|01|527844|015|08|CD|6212|FAC|09|51|2|001|Komunikasi dan Edukasi Implementasi Aplikasi|0||0|||290.0|0|00
2026|01|527844|015|08|CD|6212|FAH|09|51|2|001|Edukasi Dalam Rangka Penyusunan Laporan Keuangan Tingkat Kuasa BUN|0||0|||4.0|0|00
2026|01|527844|015|08|CD|6212|FAL|09|51|2|004|Konsultasi Pencairan Dana|0||0|||10.0|0|00
2026|01|527844|015|08|CD|6213|FAC|09|51|2|001|Monev Pengembangan Kompetensi KPA, PPK, PPSPM, Bendahara dan Pengelola Perbendaharaan|0||0|||10.0|0|00
2026|01|527844|015|08|CD|6213|FAE|09|51|2|009|Rekomendasi atas Kinerja Investasi Pemerintah|0||0|||2.0|0|00
2026|01|527844|015|08|CD|6213|FAL|09|51|2|003|Reviu Belanja Pemerintah|0||0|||1.0|0|00
2026|01|527844|015|08|CD|6214|FAL|09|51|2|002|Surat Perintah Pencairan/Penarikan/Repayment/Pengesahan Dana|0||0|||7056.0|0|00
2026|01|527844|015|08|CD|6215|FAH|09|51|2|003|Laporan Keuangan BUN|0||0|||4.0|0|00
2026|01|527844|015|08|WA|4715|EBA|09|51|2|001|Kerumahtanggaan|0||0|||12.0|0|00
2026|01|527844|015|08|WA|4715|EBA|09|51|2|994|Layanan Perkantoran|0||0|||12.0|0|00
2026|01|527844|015|08|WA|4715|EBA|09|51|2|002|Dukungan Pimpinan dan Keprotokoleran|0||0|||12.0|0|00
2026|01|527844|015|08|WA|4715|EBD|09|51|2|Z36|Dokumen Pengelolaan Kinerja Organisasi|0||0|||2.0|0|00
2026|01|527844|015|08|WA|4718|BMB|09|51|2|002|Kehumasan|0||0|||1.0|0|00
2026|01|527844|015|08|WA|4718|BMB|09|51|2|001|Pembinaan/Edukasi Publik|0||0|||2.0|0|00
2026|01|527844|015|08|WA|4719|EBA|09|51|2|994|Layanan Perkantoran|0||0|||12.0|0|00
2026|01|527844|015|08|WA|4719|EBA|09|51|2|004|Hasil Survey/Rekomendasi Kepuasan Pengguna Layanan|0||0|||2.0|0|00
2026|01|527844|015|08|WA|4719|EBC|09|51|2|001|Pengembangan SDM|0||0|||26.0|0|00
2026|01|527851|015|08|CD|6212|BMB|32|52|2|001|Dukungan Pemberdayaan UMKM untuk Inklusi Pemanfaatan Digipay|0||0|||1.0|0|00
2026|01|527851|015|08|CD|6212|FAC|32|52|2|001|Komunikasi dan Edukasi Implementasi Aplikasi|0||0|||107.0|0|00
2026|01|527851|015|08|CD|6212|FAH|32|52|2|001|Edukasi Dalam Rangka Penyusunan Laporan Keuangan Tingkat Kuasa BUN|0||0|||4.0|0|00
2026|01|527851|015|08|CD|6212|FAL|32|52|2|004|Konsultasi Pencairan Dana|0||0|||10.0|0|00
2026|01|527851|015|08|CD|6213|FAC|32|52|2|001|Monev Pengembangan Kompetensi KPA, PPK, PPSPM, Bendahara dan Pengelola Perbendaharaan|0||0|||10.0|0|00
2026|01|527851|015|08|CD|6213|FAE|32|52|2|009|Rekomendasi atas Kinerja Investasi Pemerintah|0||0|||2.0|0|00
2026|01|527851|015|08|CD|6213|FAL|32|52|2|003|Reviu Belanja Pemerintah|0||0|||1.0|0|00
2026|01|527851|015|08|CD|6214|FAL|32|52|2|002|Surat Perintah Pencairan/Penarikan/Repayment/Pengesahan Dana|0||0|||4824.0|0|00
2026|01|527851|015|08|CD|6215|FAH|32|52|2|003|Laporan Keuangan BUN|0||0|||4.0|0|00
2026|01|527851|015|08|WA|4715|EBA|32|52|2|001|Kerumahtanggaan|0||0|||12.0|0|00
2026|01|527851|015|08|WA|4715|EBA|32|52|2|994|Layanan Perkantoran|0||0|||12.0|0|00
2026|01|527851|015|08|WA|4715|EBA|32|52|2|002|Dukungan Pimpinan dan Keprotokoleran|0||0|||12.0|0|00
2026|01|527851|015|08|WA|4715|EBD|32|52|2|Z36|Dokumen Pengelolaan Kinerja Organisasi|0||0|||2.0|0|00
2026|01|527851|015|08|WA|4718|BMB|32|52|2|002|Kehumasan|0||0|||1.0|0|00
2026|01|527851|015|08|WA|4718|BMB|32|52|2|001|Pembinaan/Edukasi Publik|0||0|||2.0|0|00
2026|01|527851|015|08|WA|4719|EBA|32|52|2|994|Layanan Perkantoran|0||0|||12.0|0|00
2026|01|527851|015|08|WA|4719|EBA|32|52|2|004|Hasil Survey/Rekomendasi Kepuasan Pengguna Layanan|0||0|||2.0|0|00
2026|01|527851|015|08|WA|4719|EBC|32|52|2|001|Pengembangan SDM|0||0|||23.0|0|00
2026|01|527872|015|08|CD|6212|BMB|09|53|2|001|Dukungan Pemberdayaan UMKM untuk Inklusi Pemanfaatan Digipay|0||0|||1.0|0|00
2026|01|527872|015|08|CD|6212|FAC|09|53|2|001|Komunikasi dan Edukasi Implementasi Aplikasi|0||0|||112.0|0|00
2026|01|527872|015|08|CD|6212|FAH|09|53|2|001|Edukasi Dalam Rangka Penyusunan Laporan Keuangan Tingkat Kuasa BUN|0||0|||4.0|0|00
2026|01|527872|015|08|CD|6212|FAL|09|53|2|004|Konsultasi Pencairan Dana|0||0|||10.0|0|00
2026|01|527872|015|08|CD|6213|FAC|09|53|2|001|Monev Pengembangan Kompetensi KPA, PPK, PPSPM, Bendahara dan Pengelola Perbendaharaan|0||0|||10.0|0|00
2026|01|527872|015|08|CD|6213|FAE|09|53|2|009|Rekomendasi atas Kinerja Investasi Pemerintah|0||0|||2.0|0|00
2026|01|527872|015|08|CD|6213|FAL|09|53|2|003|Reviu Belanja Pemerintah|0||0|||1.0|0|00
2026|01|527872|015|08|CD|6214|FAL|09|53|2|002|Surat Perintah Pencairan/Penarikan/Repayment/Pengesahan Dana|0||0|||2592.0|0|00
2026|01|527872|015|08|CD|6215|FAH|09|53|2|003|Laporan Keuangan BUN|0||0|||4.0|0|00
2026|01|527872|015|08|WA|4715|EBA|09|53|2|001|Kerumahtanggaan|0||0|||12.0|0|00
2026|01|527872|015|08|WA|4715|EBA|09|53|2|994|Layanan Perkantoran|0||0|||12.0|0|00
2026|01|527872|015|08|WA|4715|EBA|09|53|2|002|Dukungan Pimpinan dan Keprotokoleran|0||0|||12.0|0|00
2026|01|527872|015|08|WA|4715|EBD|09|53|2|Z36|Dokumen Pengelolaan Kinerja Organisasi|0||0|||2.0|0|00
2026|01|527872|015|08|WA|4718|BMB|09|53|2|002|Kehumasan|0||0|||1.0|0|00
2026|01|527872|015|08|WA|4718|BMB|09|53|2|001|Pembinaan/Edukasi Publik|0||0|||2.0|0|00
2026|01|527872|015|08|WA|4719|EBA|09|53|2|994|Layanan Perkantoran|0||0|||12.0|0|00
2026|01|527872|015|08|WA|4719|EBA|09|53|2|004|Hasil Survey/Rekomendasi Kepuasan Pengguna Layanan|0||0|||2.0|0|00
2026|01|527872|015|08|WA|4719|EBC|09|53|2|001|Pengembangan SDM|0||0|||18.0|0|00
2026|01|527890|015|08|CD|6212|BMB|10|51|2|001|Dukungan Pemberdayaan UMKM untuk Inklusi Pemanfaatan Digipay|0||0|||1.0|0|00
2026|01|527890|015|08|CD|6212|FAC|10|51|2|001|Komunikasi dan Edukasi Implementasi Aplikasi|0||0|||114.0|0|00
2026|01|527890|015|08|CD|6212|FAH|10|51|2|001|Edukasi Dalam Rangka Penyusunan Laporan Keuangan Tingkat Kuasa BUN|0||0|||4.0|0|00
2026|01|527890|015|08|CD|6212|FAL|10|51|2|004|Konsultasi Pencairan Dana|0||0|||10.0|0|00
2026|01|527890|015|08|CD|6213|FAC|10|51|2|001|Monev Pengembangan Kompetensi KPA, PPK, PPSPM, Bendahara dan Pengelola Perbendaharaan|0||0|||10.0|0|00
2026|01|527890|015|08|CD|6213|FAE|10|51|2|009|Rekomendasi atas Kinerja Investasi Pemerintah|0||0|||2.0|0|00
2026|01|527890|015|08|CD|6213|FAL|10|51|2|003|Reviu Belanja Pemerintah|0||0|||1.0|0|00
2026|01|527890|015|08|CD|6214|FAL|10|51|2|002|Surat Perintah Pencairan/Penarikan/Repayment/Pengesahan Dana|0||0|||5280.0|0|00
2026|01|527890|015|08|CD|6215|FAH|10|51|2|003|Laporan Keuangan BUN|0||0|||4.0|0|00
2026|01|527890|015|08|WA|4715|EBA|10|51|2|001|Kerumahtanggaan|0||0|||12.0|0|00
2026|01|527890|015|08|WA|4715|EBA|10|51|2|994|Layanan Perkantoran|0||0|||12.0|0|00
2026|01|527890|015|08|WA|4715|EBA|10|51|2|002|Dukungan Pimpinan dan Keprotokoleran|0||0|||12.0|0|00
2026|01|527890|015|08|WA|4715|EBD|10|51|2|Z36|Dokumen Pengelolaan Kinerja Organisasi|0||0|||2.0|0|00
2026|01|527890|015|08|WA|4718|BMB|10|51|2|002|Kehumasan|0||0|||1.0|0|00
2026|01|527890|015|08|WA|4718|BMB|10|51|2|001|Pembinaan/Edukasi Publik|0||0|||2.0|0|00
2026|01|527890|015|08|WA|4719|EBA|10|51|2|994|Layanan Perkantoran|0||0|||12.0|0|00
2026|01|527890|015|08|WA|4719|EBA|10|51|2|004|Hasil Survey/Rekomendasi Kepuasan Pengguna Layanan|0||0|||2.0|0|00
2026|01|527890|015|08|WA|4719|EBC|10|51|2|001|Pengembangan SDM|0||0|||23.0|0|00
2026|01|527865|015|08|CD|6212|BMB|09|04|2|001|Dukungan Pemberdayaan UMKM untuk Inklusi Pemanfaatan Digipay|0||0|||1.0|0|00
2026|01|527865|015|08|CD|6212|FAC|09|04|2|001|Komunikasi dan Edukasi Implementasi Aplikasi|0||0|||42.0|0|00
2026|01|527865|015|08|CD|6212|FAH|09|04|2|001|Edukasi Dalam Rangka Penyusunan Laporan Keuangan Tingkat Kuasa BUN|0||0|||4.0|0|00
2026|01|527865|015|08|CD|6212|FAL|09|04|2|004|Konsultasi Pencairan Dana|0||0|||10.0|0|00
2026|01|527865|015|08|CD|6213|FAC|09|04|2|001|Monev Pengembangan Kompetensi KPA, PPK, PPSPM, Bendahara dan Pengelola Perbendaharaan|0||0|||10.0|0|00
2026|01|527865|015|08|CD|6213|FAE|09|04|2|009|Rekomendasi atas Kinerja Investasi Pemerintah|0||0|||2.0|0|00
2026|01|527865|015|08|CD|6213|FAL|09|04|2|003|Reviu Belanja Pemerintah|0||0|||1.0|0|00
2026|01|527865|015|08|CD|6214|FAL|09|04|2|002|Surat Perintah Pencairan/Penarikan/Repayment/Pengesahan Dana|0||0|||1872.0|0|00
2026|01|527865|015|08|CD|6215|FAH|09|04|2|003|Laporan Keuangan BUN|0||0|||4.0|0|00
2026|01|527865|015|08|WA|4715|EBA|09|04|2|001|Kerumahtanggaan|0||0|||12.0|0|00
2026|01|527865|015|08|WA|4715|EBA|09|04|2|994|Layanan Perkantoran|0||0|||12.0|0|00
2026|01|527865|015|08|WA|4715|EBA|09|04|2|002|Dukungan Pimpinan dan Keprotokoleran|0||0|||12.0|0|00
2026|01|527865|015|08|WA|4715|EBD|09|04|2|Z36|Dokumen Pengelolaan Kinerja Organisasi|0||0|||2.0|0|00
2026|01|527865|015|08|WA|4718|BMB|09|04|2|002|Kehumasan|0||0|||1.0|0|00
2026|01|527865|015|08|WA|4718|BMB|09|04|2|001|Pembinaan/Edukasi Publik|0||0|||2.0|0|00
2026|01|527865|015|08|WA|4719|EBA|09|04|2|994|Layanan Perkantoran|0||0|||12.0|0|00
2026|01|527865|015|08|WA|4719|EBA|09|04|2|004|Hasil Survey/Rekomendasi Kepuasan Pengguna Layanan|0||0|||2.0|0|00
2026|01|527865|015|08|WA|4719|EBC|09|04|2|001|Pengembangan SDM|0||0|||13.0|0|00
2026|01|527940|015|08|CD|6212|BMB|11|51|2|001|Dukungan Pemberdayaan UMKM untuk Inklusi Pemanfaatan Digipay|0||0|||1.0|0|00
2026|01|527940|015|08|CD|6212|FAC|11|51|2|001|Komunikasi dan Edukasi Implementasi Aplikasi|0||0|||285.0|0|00
2026|01|527940|015|08|CD|6212|FAH|11|51|2|001|Edukasi Dalam Rangka Penyusunan Laporan Keuangan Tingkat Kuasa BUN|0||0|||4.0|0|00
2026|01|527940|015|08|CD|6212|FAL|11|51|2|004|Konsultasi Pencairan Dana|0||0|||10.0|0|00
2026|01|527940|015|08|CD|6213|FAC|11|51|2|001|Monev Pengembangan Kompetensi KPA, PPK, PPSPM, Bendahara dan Pengelola Perbendaharaan|0||0|||10.0|0|00
2026|01|527940|015|08|CD|6213|FAE|11|51|2|009|Rekomendasi atas Kinerja Investasi Pemerintah|0||0|||2.0|0|00
2026|01|527940|015|08|CD|6213|FAL|11|51|2|003|Reviu Belanja Pemerintah|0||0|||1.0|0|00
2026|01|527940|015|08|CD|6214|FAL|11|51|2|002|Surat Perintah Pencairan/Penarikan/Repayment/Pengesahan Dana|0||0|||6720.0|0|00
2026|01|527940|015|08|CD|6215|FAH|11|51|2|003|Laporan Keuangan BUN|0||0|||4.0|0|00
2026|01|527940|015|08|WA|4715|EBA|11|51|2|001|Kerumahtanggaan|0||0|||12.0|0|00
2026|01|527940|015|08|WA|4715|EBA|11|51|2|994|Layanan Perkantoran|0||0|||12.0|0|00
2026|01|527940|015|08|WA|4715|EBA|11|51|2|002|Dukungan Pimpinan dan Keprotokoleran|0||0|||12.0|0|00
2026|01|527940|015|08|WA|4715|EBD|11|51|2|Z36|Dokumen Pengelolaan Kinerja Organisasi|0||0|||2.0|0|00
2026|01|527940|015|08|WA|4718|BMB|11|51|2|002|Kehumasan|0||0|||1.0|0|00
2026|01|527940|015|08|WA|4718|BMB|11|51|2|001|Pembinaan/Edukasi Publik|0||0|||2.0|0|00
2026|01|527940|015|08|WA|4719|EBA|11|51|2|994|Layanan Perkantoran|0||0|||12.0|0|00
2026|01|527940|015|08|WA|4719|EBA|11|51|2|004|Hasil Survey/Rekomendasi Kepuasan Pengguna Layanan|0||0|||2.0|0|00
2026|01|527940|015|08|WA|4719|EBC|11|51|2|001|Pengembangan SDM|0||0|||27.0|0|00
2026|01|527954|015|08|CD|6212|BMB|30|51|2|001|Dukungan Pemberdayaan UMKM untuk Inklusi Pemanfaatan Digipay|0||0|||1.0|0|00
2026|01|527954|015|08|CD|6212|FAC|30|51|2|001|Komunikasi dan Edukasi Implementasi Aplikasi|0||0|||119.0|0|00
2026|01|527954|015|08|CD|6212|FAH|30|51|2|001|Edukasi Dalam Rangka Penyusunan Laporan Keuangan Tingkat Kuasa BUN|0||0|||4.0|0|00
2026|01|527954|015|08|CD|6212|FAL|30|51|2|004|Konsultasi Pencairan Dana|0||0|||10.0|0|00
2026|01|527954|015|08|CD|6213|FAC|30|51|2|001|Monev Pengembangan Kompetensi KPA, PPK, PPSPM, Bendahara dan Pengelola Perbendaharaan|0||0|||10.0|0|00
2026|01|527954|015|08|CD|6213|FAE|30|51|2|009|Rekomendasi atas Kinerja Investasi Pemerintah|0||0|||2.0|0|00
2026|01|527954|015|08|CD|6213|FAL|30|51|2|003|Reviu Belanja Pemerintah|0||0|||1.0|0|00
2026|01|527954|015|08|CD|6214|FAL|30|51|2|002|Surat Perintah Pencairan/Penarikan/Repayment/Pengesahan Dana|0||0|||5400.0|0|00
2026|01|527954|015|08|CD|6215|FAH|30|51|2|003|Laporan Keuangan BUN|0||0|||4.0|0|00
2026|01|527954|015|08|WA|4715|EBA|30|51|2|001|Kerumahtanggaan|0||0|||12.0|0|00
2026|01|527954|015|08|WA|4715|EBA|30|51|2|994|Layanan Perkantoran|0||0|||12.0|0|00
2026|01|527954|015|08|WA|4715|EBA|30|51|2|002|Dukungan Pimpinan dan Keprotokoleran|0||0|||12.0|0|00
2026|01|527954|015|08|WA|4715|EBD|30|51|2|Z36|Dokumen Pengelolaan Kinerja Organisasi|0||0|||2.0|0|00
2026|01|527954|015|08|WA|4718|BMB|30|51|2|002|Kehumasan|0||0|||1.0|0|00
2026|01|527954|015|08|WA|4718|BMB|30|51|2|001|Pembinaan/Edukasi Publik|0||0|||2.0|0|00
2026|01|527954|015|08|WA|4719|EBA|30|51|2|994|Layanan Perkantoran|0||0|||12.0|0|00
2026|01|527954|015|08|WA|4719|EBA|30|51|2|004|Hasil Survey/Rekomendasi Kepuasan Pengguna Layanan|0||0|||2.0|0|00
2026|01|527954|015|08|WA|4719|EBC|30|51|2|001|Pengembangan SDM|0||0|||20.0|0|00
2026|01|527912|015|08|CD|6212|BMB|10|03|2|001|Dukungan Pemberdayaan UMKM untuk Inklusi Pemanfaatan Digipay|0||0|||1.0|0|00
2026|01|527912|015|08|CD|6212|FAC|10|03|2|001|Komunikasi dan Edukasi Implementasi Aplikasi|0||0|||29.0|0|00
2026|01|527912|015|08|CD|6212|FAH|10|03|2|001|Edukasi Dalam Rangka Penyusunan Laporan Keuangan Tingkat Kuasa BUN|0||0|||4.0|0|00
2026|01|527912|015|08|CD|6212|FAL|10|03|2|004|Konsultasi Pencairan Dana|0||0|||10.0|0|00
2026|01|527912|015|08|CD|6213|FAC|10|03|2|001|Monev Pengembangan Kompetensi KPA, PPK, PPSPM, Bendahara dan Pengelola Perbendaharaan|0||0|||10.0|0|00
2026|01|527912|015|08|CD|6213|FAE|10|03|2|009|Rekomendasi atas Kinerja Investasi Pemerintah|0||0|||2.0|0|00
2026|01|527912|015|08|CD|6213|FAL|10|03|2|003|Reviu Belanja Pemerintah|0||0|||1.0|0|00
2026|01|527912|015|08|CD|6214|FAL|10|03|2|002|Surat Perintah Pencairan/Penarikan/Repayment/Pengesahan Dana|0||0|||1272.0|0|00
2026|01|527912|015|08|CD|6215|FAH|10|03|2|003|Laporan Keuangan BUN|0||0|||4.0|0|00
2026|01|527912|015|08|WA|4715|EBA|10|03|2|001|Kerumahtanggaan|0||0|||12.0|0|00
2026|01|527912|015|08|WA|4715|EBA|10|03|2|994|Layanan Perkantoran|0||0|||12.0|0|00
2026|01|527912|015|08|WA|4715|EBA|10|03|2|002|Dukungan Pimpinan dan Keprotokoleran|0||0|||12.0|0|00
2026|01|527912|015|08|WA|4715|EBD|10|03|2|Z36|Dokumen Pengelolaan Kinerja Organisasi|0||0|||2.0|0|00
2026|01|527912|015|08|WA|4718|BMB|10|03|2|002|Kehumasan|0||0|||1.0|0|00
2026|01|527912|015|08|WA|4718|BMB|10|03|2|001|Pembinaan/Edukasi Publik|0||0|||2.0|0|00
2026|01|527912|015|08|WA|4719|EBA|10|03|2|994|Layanan Perkantoran|0||0|||12.0|0|00
2026|01|527912|015|08|WA|4719|EBA|10|03|2|004|Hasil Survey/Rekomendasi Kepuasan Pengguna Layanan|0||0|||2.0|0|00
2026|01|527912|015|08|WA|4719|EBC|10|03|2|001|Pengembangan SDM|0||0|||14.0|0|00
2026|01|527908|015|08|CD|6212|BMB|10|05|2|001|Dukungan Pemberdayaan UMKM untuk Inklusi Pemanfaatan Digipay|0||0|||1.0|0|00
2026|01|527908|015|08|CD|6212|FAC|10|05|2|001|Komunikasi dan Edukasi Implementasi Aplikasi|0||0|||47.0|0|00
2026|01|527908|015|08|CD|6212|FAH|10|05|2|001|Edukasi Dalam Rangka Penyusunan Laporan Keuangan Tingkat Kuasa BUN|0||0|||4.0|0|00
2026|01|527908|015|08|CD|6212|FAL|10|05|2|004|Konsultasi Pencairan Dana|0||0|||10.0|0|00
2026|01|527908|015|08|CD|6213|FAC|10|05|2|001|Monev Pengembangan Kompetensi KPA, PPK, PPSPM, Bendahara dan Pengelola Perbendaharaan|0||0|||10.0|0|00
2026|01|527908|015|08|CD|6213|FAE|10|05|2|009|Rekomendasi atas Kinerja Investasi Pemerintah|0||0|||2.0|0|00
2026|01|527908|015|08|CD|6213|FAL|10|05|2|003|Reviu Belanja Pemerintah|0||0|||1.0|0|00
2026|01|527908|015|08|CD|6214|FAL|10|05|2|002|Surat Perintah Pencairan/Penarikan/Repayment/Pengesahan Dana|0||0|||1080.0|0|00
2026|01|527908|015|08|CD|6215|FAH|10|05|2|003|Laporan Keuangan BUN|0||0|||4.0|0|00
2026|01|527908|015|08|WA|4715|EBA|10|05|2|001|Kerumahtanggaan|0||0|||12.0|0|00
2026|01|527908|015|08|WA|4715|EBA|10|05|2|994|Layanan Perkantoran|0||0|||12.0|0|00
2026|01|527908|015|08|WA|4715|EBA|10|05|2|002|Dukungan Pimpinan dan Keprotokoleran|0||0|||12.0|0|00
2026|01|527908|015|08|WA|4715|EBD|10|05|2|Z36|Dokumen Pengelolaan Kinerja Organisasi|0||0|||2.0|0|00
2026|01|527908|015|08|WA|4718|BMB|10|05|2|002|Kehumasan|0||0|||1.0|0|00
2026|01|527908|015|08|WA|4718|BMB|10|05|2|001|Pembinaan/Edukasi Publik|0||0|||2.0|0|00
2026|01|527908|015|08|WA|4719|EBA|10|05|2|994|Layanan Perkantoran|0||0|||12.0|0|00
2026|01|527908|015|08|WA|4719|EBA|10|05|2|004|Hasil Survey/Rekomendasi Kepuasan Pengguna Layanan|0||0|||2.0|0|00
2026|01|527908|015|08|WA|4719|EBC|10|05|2|001|Pengembangan SDM|0||0|||12.0|0|00
2026|01|527961|015|08|CD|6212|BMB|11|55|2|001|Dukungan Pemberdayaan UMKM untuk Inklusi Pemanfaatan Digipay|0||0|||1.0|0|00
2026|01|527961|015|08|CD|6212|FAC|11|55|2|001|Komunikasi dan Edukasi Implementasi Aplikasi|0||0|||28.0|0|00
2026|01|527961|015|08|CD|6212|FAH|11|55|2|001|Edukasi Dalam Rangka Penyusunan Laporan Keuangan Tingkat Kuasa BUN|0||0|||4.0|0|00
2026|01|527961|015|08|CD|6212|FAL|11|55|2|004|Konsultasi Pencairan Dana|0||0|||10.0|0|00
2026|01|527961|015|08|CD|6213|FAC|11|55|2|001|Monev Pengembangan Kompetensi KPA, PPK, PPSPM, Bendahara dan Pengelola Perbendaharaan|0||0|||10.0|0|00
2026|01|527961|015|08|CD|6213|FAE|11|55|2|009|Rekomendasi atas Kinerja Investasi Pemerintah|0||0|||2.0|0|00
2026|01|527961|015|08|CD|6213|FAL|11|55|2|003|Reviu Belanja Pemerintah|0||0|||1.0|0|00
2026|01|527961|015|08|CD|6214|FAL|11|55|2|002|Surat Perintah Pencairan/Penarikan/Repayment/Pengesahan Dana|0||0|||1176.0|0|00
2026|01|527961|015|08|CD|6215|FAH|11|55|2|003|Laporan Keuangan BUN|0||0|||4.0|0|00
2026|01|527961|015|08|WA|4715|EBA|11|55|2|001|Kerumahtanggaan|0||0|||12.0|0|00
2026|01|527961|015|08|WA|4715|EBA|11|55|2|994|Layanan Perkantoran|0||0|||12.0|0|00
2026|01|527961|015|08|WA|4715|EBA|11|55|2|002|Dukungan Pimpinan dan Keprotokoleran|0||0|||12.0|0|00
2026|01|527961|015|08|WA|4715|EBD|11|55|2|Z36|Dokumen Pengelolaan Kinerja Organisasi|0||0|||2.0|0|00
2026|01|527961|015|08|WA|4718|BMB|11|55|2|002|Kehumasan|0||0|||1.0|0|00
2026|01|527961|015|08|WA|4718|BMB|11|55|2|001|Pembinaan/Edukasi Publik|0||0|||2.0|0|00
2026|01|527961|015|08|WA|4719|EBA|11|55|2|994|Layanan Perkantoran|0||0|||12.0|0|00
2026|01|527961|015|08|WA|4719|EBA|11|55|2|004|Hasil Survey/Rekomendasi Kepuasan Pengguna Layanan|0||0|||2.0|0|00
2026|01|527961|015|08|WA|4719|EBC|11|55|2|001|Pengembangan SDM|0||0|||13.0|0|00
2026|01|527933|015|08|CD|6212|BMB|11|51|2|001|Dukungan Pemberdayaan UMKM untuk Inklusi Pemanfaatan Digipay|0||0|||1.0|0|00
2026|01|527933|015|08|CD|6212|FAC|11|51|2|002|Bimbingan Teknis Pengelola Keuangan BLU|0||0|||40.0|0|00
2026|01|527933|015|08|CD|6212|FAH|11|51|2|003|Komunikasi dan Edukasi Penyusunan LKKL dan LKBUN|0||0|||4.0|0|00
2026|01|527933|015|08|CD|6212|FAH|11|51|2|002|Komunikasi dan Edukasi Dalam Rangka Penyusunan Government Financial Statistic (GFS)|0||0|||8.0|0|00
2026|01|527933|015|08|CD|6212|FAL|11|51|2|001|Pembinaan Pelaksanaan Anggaran|0||0|||8.0|0|00
2026|01|527933|015|08|CD|6213|ABA|11|51|2|001|Kajian atas Peluang Investasi dan Pinjaman Daerah|0||0|||2.0|0|00
2026|01|527933|015|08|CD|6213|FAE|11|51|2|009|Rekomendasi atas Kinerja Investasi Pemerintah|0||0|||2.0|0|00
2026|01|527933|015|08|CD|6213|FAE|11|51|2|008|ALCo Regional|0||0|||2.0|0|00
2026|01|527933|015|08|CD|6213|FAL|11|51|2|003|Reviu Belanja Pemerintah|0||0|||4.0|0|00
2026|01|527933|015|08|CD|6215|FAH|11|51|2|003|Laporan Keuangan BUN|0||0|||4.0|0|00
2026|01|527933|015|08|CD|6215|FAH|11|51|2|001|Government Financial Statistic (GFS)|0||0|||4.0|0|00
2026|01|527933|015|08|CD|6216|FAE|11|51|2|002|Rekomendasi Tarif Standar Biaya Masukan|0||0|||2.0|0|00
2026|01|527933|015|08|WA|4715|EBA|11|51|2|001|Kerumahtanggaan|0||0|||12.0|0|00
2026|01|527933|015|08|WA|4715|EBA|11|51|2|994|Layanan Perkantoran|0||0|||12.0|0|00
2026|01|527933|015|08|WA|4715|EBA|11|51|2|002|Dukungan Pimpinan dan Keprotokoleran|0||0|||12.0|0|00
2026|01|527933|015|08|WA|4715|EBD|11|51|2|Z36|Dokumen Pengelolaan Kinerja Organisasi|0||0|||4.0|0|00
2026|01|527933|015|08|WA|4715|EBD|11|51|2|Z26|Laporan Keuangan Unit|0||0|||4.0|0|00
2026|01|527933|015|08|WA|4718|BMB|11|51|2|002|Kehumasan|0||0|||4.0|0|00
2026|01|527933|015|08|WA|4718|BMB|11|51|2|001|Pembinaan/Edukasi Publik|0||0|||2.0|0|00
2026|01|527933|015|08|WA|4719|EBA|11|51|2|003|Rekomendasi Pengelolaan Organisasi|0||0|||11.0|0|00
2026|01|527933|015|08|WA|4719|EBA|11|51|2|994|Layanan Perkantoran|0||0|||12.0|0|00
2026|01|527933|015|08|WA|4719|EBA|11|51|2|005|Standar Mutu Layanan - ISO Mutu Layanan|0||0|||12.0|0|00
2026|01|527933|015|08|WA|4719|EBC|11|51|2|001|Pengembangan SDM|0||0|||52.0|0|00
2026|01|527933|015|08|WA|4722|EBD|11|51|2|001|Rekomendasi Penerapan Pengelolaan Risiko, Pengendalian dan Pengawasan Internal|0||0|||2.0|0|00
2026|01|527975|015|08|CD|6212|BMB|11|04|2|001|Dukungan Pemberdayaan UMKM untuk Inklusi Pemanfaatan Digipay|0||0|||1.0|0|00
2026|01|527975|015|08|CD|6212|FAC|11|04|2|001|Komunikasi dan Edukasi Implementasi Aplikasi|0||0|||73.0|0|00
2026|01|527975|015|08|CD|6212|FAH|11|04|2|001|Edukasi Dalam Rangka Penyusunan Laporan Keuangan Tingkat Kuasa BUN|0||0|||4.0|0|00
2026|01|527975|015|08|CD|6212|FAL|11|04|2|004|Konsultasi Pencairan Dana|0||0|||10.0|0|00
2026|01|527975|015|08|CD|6213|FAC|11|04|2|001|Monev Pengembangan Kompetensi KPA, PPK, PPSPM, Bendahara dan Pengelola Perbendaharaan|0||0|||10.0|0|00
2026|01|527975|015|08|CD|6213|FAE|11|04|2|009|Rekomendasi atas Kinerja Investasi Pemerintah|0||0|||2.0|0|00
2026|01|527975|015|08|CD|6213|FAL|11|04|2|003|Reviu Belanja Pemerintah|0||0|||1.0|0|00
2026|01|527975|015|08|CD|6214|FAL|11|04|2|002|Surat Perintah Pencairan/Penarikan/Repayment/Pengesahan Dana|0||0|||1680.0|0|00
2026|01|527975|015|08|CD|6215|FAH|11|04|2|003|Laporan Keuangan BUN|0||0|||4.0|0|00
2026|01|527975|015|08|WA|4715|EBA|11|04|2|001|Kerumahtanggaan|0||0|||12.0|0|00
2026|01|527975|015|08|WA|4715|EBA|11|04|2|994|Layanan Perkantoran|0||0|||12.0|0|00
2026|01|527975|015|08|WA|4715|EBA|11|04|2|002|Dukungan Pimpinan dan Keprotokoleran|0||0|||12.0|0|00
2026|01|527975|015|08|WA|4715|EBD|11|04|2|Z36|Dokumen Pengelolaan Kinerja Organisasi|0||0|||2.0|0|00
2026|01|527975|015|08|WA|4718|BMB|11|04|2|002|Kehumasan|0||0|||1.0|0|00
2026|01|527975|015|08|WA|4718|BMB|11|04|2|001|Pembinaan/Edukasi Publik|0||0|||2.0|0|00
2026|01|527975|015|08|WA|4719|EBA|11|04|2|994|Layanan Perkantoran|0||0|||12.0|0|00
2026|01|527975|015|08|WA|4719|EBA|11|04|2|004|Hasil Survey/Rekomendasi Kepuasan Pengguna Layanan|0||0|||2.0|0|00
2026|01|527975|015|08|WA|4719|EBC|11|04|2|001|Pengembangan SDM|0||0|||16.0|0|00
2026|01|527982|015|08|CD|6212|BMB|30|01|2|001|Dukungan Pemberdayaan UMKM untuk Inklusi Pemanfaatan Digipay|0||0|||1.0|0|00
2026|01|527982|015|08|CD|6212|FAC|30|01|2|001|Komunikasi dan Edukasi Implementasi Aplikasi|0||0|||24.0|0|00
2026|01|527982|015|08|CD|6212|FAH|30|01|2|001|Edukasi Dalam Rangka Penyusunan Laporan Keuangan Tingkat Kuasa BUN|0||0|||4.0|0|00
2026|01|527982|015|08|CD|6212|FAL|30|01|2|004|Konsultasi Pencairan Dana|0||0|||10.0|0|00
2026|01|527982|015|08|CD|6213|FAC|30|01|2|001|Monev Pengembangan Kompetensi KPA, PPK, PPSPM, Bendahara dan Pengelola Perbendaharaan|0||0|||10.0|0|00
2026|01|527982|015|08|CD|6213|FAE|30|01|2|009|Rekomendasi atas Kinerja Investasi Pemerintah|0||0|||2.0|0|00
2026|01|527982|015|08|CD|6213|FAL|30|01|2|003|Reviu Belanja Pemerintah|0||0|||1.0|0|00
2026|01|527982|015|08|CD|6214|FAL|30|01|2|002|Surat Perintah Pencairan/Penarikan/Repayment/Pengesahan Dana|0||0|||1032.0|0|00
2026|01|527982|015|08|CD|6215|FAH|30|01|2|003|Laporan Keuangan BUN|0||0|||4.0|0|00
2026|01|527982|015|08|WA|4715|EBA|30|01|2|001|Kerumahtanggaan|0||0|||12.0|0|00
2026|01|527982|015|08|WA|4715|EBA|30|01|2|994|Layanan Perkantoran|0||0|||12.0|0|00
2026|01|527982|015|08|WA|4715|EBA|30|01|2|002|Dukungan Pimpinan dan Keprotokoleran|0||0|||12.0|0|00
2026|01|527982|015|08|WA|4715|EBD|30|01|2|Z36|Dokumen Pengelolaan Kinerja Organisasi|0||0|||2.0|0|00
2026|01|527982|015|08|WA|4718|BMB|30|01|2|002|Kehumasan|0||0|||1.0|0|00
2026|01|527982|015|08|WA|4718|BMB|30|01|2|001|Pembinaan/Edukasi Publik|0||0|||2.0|0|00
2026|01|527982|015|08|WA|4719|EBA|30|01|2|994|Layanan Perkantoran|0||0|||12.0|0|00
2026|01|527982|015|08|WA|4719|EBA|30|01|2|004|Hasil Survey/Rekomendasi Kepuasan Pengguna Layanan|0||0|||2.0|0|00
2026|01|527982|015|08|WA|4719|EBC|30|01|2|001|Pengembangan SDM|0||0|||13.0|0|00
2026|01|528001|015|08|CD|6212|BMB|12|51|2|001|Dukungan Pemberdayaan UMKM untuk Inklusi Pemanfaatan Digipay|0||0|||1.0|0|00
2026|01|528001|015|08|CD|6212|FAC|12|51|2|002|Bimbingan Teknis Pengelola Keuangan BLU|0||0|||359.0|0|00
2026|01|528001|015|08|CD|6212|FAH|12|51|2|003|Komunikasi dan Edukasi Penyusunan LKKL dan LKBUN|0||0|||4.0|0|00
2026|01|528001|015|08|CD|6212|FAH|12|51|2|002|Komunikasi dan Edukasi Dalam Rangka Penyusunan Government Financial Statistic (GFS)|0||0|||8.0|0|00
2026|01|528001|015|08|CD|6212|FAL|12|51|2|001|Pembinaan Pelaksanaan Anggaran|0||0|||8.0|0|00
2026|01|528001|015|08|CD|6213|ABA|12|51|2|001|Kajian atas Peluang Investasi dan Pinjaman Daerah|0||0|||2.0|0|00
2026|01|528001|015|08|CD|6213|FAE|12|51|2|009|Rekomendasi atas Kinerja Investasi Pemerintah|0||0|||2.0|0|00
2026|01|528001|015|08|CD|6213|FAE|12|51|2|008|ALCo Regional|0||0|||4.0|0|00
2026|01|528001|015|08|CD|6213|FAL|12|51|2|003|Reviu Belanja Pemerintah|0||0|||4.0|0|00
2026|01|528001|015|08|CD|6215|FAH|12|51|2|003|Laporan Keuangan BUN|0||0|||4.0|0|00
2026|01|528001|015|08|CD|6215|FAH|12|51|2|001|Government Financial Statistic (GFS)|0||0|||4.0|0|00
2026|01|528001|015|08|CD|6216|FAE|12|51|2|002|Rekomendasi Tarif Standar Biaya Masukan|0||0|||1.0|0|00
2026|01|528001|015|08|WA|4715|EBA|12|51|2|001|Kerumahtanggaan|0||0|||12.0|0|00
2026|01|528001|015|08|WA|4715|EBA|12|51|2|994|Layanan Perkantoran|0||0|||12.0|0|00
2026|01|528001|015|08|WA|4715|EBA|12|51|2|002|Dukungan Pimpinan dan Keprotokoleran|0||0|||12.0|0|00
2026|01|528001|015|08|WA|4715|EBD|12|51|2|Z36|Dokumen Pengelolaan Kinerja Organisasi|0||0|||4.0|0|00
2026|01|528001|015|08|WA|4715|EBD|12|51|2|Z26|Laporan Keuangan Unit|0||0|||2.0|0|00
2026|01|528001|015|08|WA|4718|BMB|12|51|2|002|Kehumasan|0||0|||4.0|0|00
2026|01|528001|015|08|WA|4718|BMB|12|51|2|001|Pembinaan/Edukasi Publik|0||0|||2.0|0|00
2026|01|528001|015|08|WA|4719|EBA|12|51|2|003|Rekomendasi Pengelolaan Organisasi|0||0|||9.0|0|00
2026|01|528001|015|08|WA|4719|EBA|12|51|2|994|Layanan Perkantoran|0||0|||12.0|0|00
2026|01|528001|015|08|WA|4719|EBA|12|51|2|005|Standar Mutu Layanan - ISO Mutu Layanan|0||0|||10.0|0|00
2026|01|528001|015|08|WA|4719|EBC|12|51|2|001|Pengembangan SDM|0||0|||48.0|0|00
2026|01|528001|015|08|WA|4722|EBD|12|51|2|001|Rekomendasi Penerapan Pengelolaan Risiko, Pengendalian dan Pengawasan Internal|0||0|||2.0|0|00
2026|01|528015|015|08|CD|6212|BMB|12|51|2|001|Dukungan Pemberdayaan UMKM untuk Inklusi Pemanfaatan Digipay|0||0|||1.0|0|00
2026|01|528015|015|08|CD|6212|FAC|12|51|2|001|Komunikasi dan Edukasi Implementasi Aplikasi|0||0|||138.0|0|00
2026|01|528015|015|08|CD|6212|FAH|12|51|2|001|Edukasi Dalam Rangka Penyusunan Laporan Keuangan Tingkat Kuasa BUN|0||0|||4.0|0|00
2026|01|528015|015|08|CD|6212|FAL|12|51|2|004|Konsultasi Pencairan Dana|0||0|||10.0|0|00
2026|01|528015|015|08|CD|6213|FAC|12|51|2|001|Monev Pengembangan Kompetensi KPA, PPK, PPSPM, Bendahara dan Pengelola Perbendaharaan|0||0|||10.0|0|00
2026|01|528015|015|08|CD|6213|FAE|12|51|2|009|Rekomendasi atas Kinerja Investasi Pemerintah|0||0|||2.0|0|00
2026|01|528015|015|08|CD|6213|FAL|12|51|2|003|Reviu Belanja Pemerintah|0||0|||1.0|0|00
2026|01|528015|015|08|CD|6214|FAL|12|51|2|002|Surat Perintah Pencairan/Penarikan/Repayment/Pengesahan Dana|0||0|||6312.0|0|00
2026|01|528015|015|08|CD|6215|FAH|12|51|2|003|Laporan Keuangan BUN|0||0|||4.0|0|00
2026|01|528015|015|08|WA|4715|EBA|12|51|2|001|Kerumahtanggaan|0||0|||12.0|0|00
2026|01|528015|015|08|WA|4715|EBA|12|51|2|994|Layanan Perkantoran|0||0|||12.0|0|00
2026|01|528015|015|08|WA|4715|EBA|12|51|2|002|Dukungan Pimpinan dan Keprotokoleran|0||0|||12.0|0|00
2026|01|528015|015|08|WA|4715|EBD|12|51|2|Z36|Dokumen Pengelolaan Kinerja Organisasi|0||0|||2.0|0|00
2026|01|528015|015|08|WA|4718|BMB|12|51|2|002|Kehumasan|0||0|||1.0|0|00
2026|01|528015|015|08|WA|4718|BMB|12|51|2|001|Pembinaan/Edukasi Publik|0||0|||2.0|0|00
2026|01|528015|015|08|WA|4719|EBA|12|51|2|994|Layanan Perkantoran|0||0|||12.0|0|00
2026|01|528015|015|08|WA|4719|EBA|12|51|2|004|Hasil Survey/Rekomendasi Kepuasan Pengguna Layanan|0||0|||2.0|0|00
2026|01|528015|015|08|WA|4719|EBC|12|51|2|001|Pengembangan SDM|0||0|||27.0|0|00
2026|01|528061|015|08|CD|6212|BMB|13|51|2|001|Dukungan Pemberdayaan UMKM untuk Inklusi Pemanfaatan Digipay|0||0|||1.0|0|00
2026|01|528061|015|08|CD|6212|FAC|13|51|2|001|Komunikasi dan Edukasi Implementasi Aplikasi|0||0|||127.0|0|00
2026|01|528061|015|08|CD|6212|FAH|13|51|2|001|Edukasi Dalam Rangka Penyusunan Laporan Keuangan Tingkat Kuasa BUN|0||0|||4.0|0|00
2026|01|528061|015|08|CD|6212|FAL|13|51|2|004|Konsultasi Pencairan Dana|0||0|||10.0|0|00
2026|01|528061|015|08|CD|6213|FAC|13|51|2|001|Monev Pengembangan Kompetensi KPA, PPK, PPSPM, Bendahara dan Pengelola Perbendaharaan|0||0|||10.0|0|00
2026|01|528061|015|08|CD|6213|FAE|13|51|2|009|Rekomendasi atas Kinerja Investasi Pemerintah|0||0|||2.0|0|00
2026|01|528061|015|08|CD|6213|FAL|13|51|2|003|Reviu Belanja Pemerintah|0||0|||1.0|0|00
2026|01|528061|015|08|CD|6214|FAL|13|51|2|002|Surat Perintah Pencairan/Penarikan/Repayment/Pengesahan Dana|0||0|||5880.0|0|00
2026|01|528061|015|08|CD|6215|FAH|13|51|2|003|Laporan Keuangan BUN|0||0|||4.0|0|00
2026|01|528061|015|08|WA|4715|EBA|13|51|2|001|Kerumahtanggaan|0||0|||12.0|0|00
2026|01|528061|015|08|WA|4715|EBA|13|51|2|994|Layanan Perkantoran|0||0|||12.0|0|00
2026|01|528061|015|08|WA|4715|EBA|13|51|2|002|Dukungan Pimpinan dan Keprotokoleran|0||0|||12.0|0|00
2026|01|528061|015|08|WA|4715|EBD|13|51|2|Z36|Dokumen Pengelolaan Kinerja Organisasi|0||0|||2.0|0|00
2026|01|528061|015|08|WA|4718|BMB|13|51|2|002|Kehumasan|0||0|||1.0|0|00
2026|01|528061|015|08|WA|4718|BMB|13|51|2|001|Pembinaan/Edukasi Publik|0||0|||2.0|0|00
2026|01|528061|015|08|WA|4719|EBA|13|51|2|994|Layanan Perkantoran|0||0|||12.0|0|00
2026|01|528061|015|08|WA|4719|EBA|13|51|2|004|Hasil Survey/Rekomendasi Kepuasan Pengguna Layanan|0||0|||2.0|0|00
2026|01|528061|015|08|WA|4719|EBC|13|51|2|001|Pengembangan SDM|0||0|||26.0|0|00
2026|01|528036|015|08|CD|6212|BMB|12|52|2|001|Dukungan Pemberdayaan UMKM untuk Inklusi Pemanfaatan Digipay|0||0|||1.0|0|00
2026|01|528036|015|08|CD|6212|FAC|12|52|2|001|Komunikasi dan Edukasi Implementasi Aplikasi|0||0|||27.0|0|00
2026|01|528036|015|08|CD|6212|FAH|12|52|2|001|Edukasi Dalam Rangka Penyusunan Laporan Keuangan Tingkat Kuasa BUN|0||0|||4.0|0|00
2026|01|528036|015|08|CD|6212|FAL|12|52|2|004|Konsultasi Pencairan Dana|0||0|||10.0|0|00
2026|01|528036|015|08|CD|6213|FAC|12|52|2|001|Monev Pengembangan Kompetensi KPA, PPK, PPSPM, Bendahara dan Pengelola Perbendaharaan|0||0|||10.0|0|00
2026|01|528036|015|08|CD|6213|FAE|12|52|2|009|Rekomendasi atas Kinerja Investasi Pemerintah|0||0|||2.0|0|00
2026|01|528036|015|08|CD|6213|FAL|12|52|2|003|Reviu Belanja Pemerintah|0||0|||1.0|0|00
2026|01|528036|015|08|CD|6214|FAL|12|52|2|002|Surat Perintah Pencairan/Penarikan/Repayment/Pengesahan Dana|0||0|||1128.0|0|00
2026|01|528036|015|08|CD|6215|FAH|12|52|2|003|Laporan Keuangan BUN|0||0|||4.0|0|00
2026|01|528036|015|08|WA|4715|EBA|12|52|2|001|Kerumahtanggaan|0||0|||12.0|0|00
2026|01|528036|015|08|WA|4715|EBA|12|52|2|994|Layanan Perkantoran|0||0|||12.0|0|00
2026|01|528036|015|08|WA|4715|EBA|12|52|2|002|Dukungan Pimpinan dan Keprotokoleran|0||0|||12.0|0|00
2026|01|528036|015|08|WA|4715|EBD|12|52|2|Z36|Dokumen Pengelolaan Kinerja Organisasi|0||0|||2.0|0|00
2026|01|528036|015|08|WA|4718|BMB|12|52|2|002|Kehumasan|0||0|||1.0|0|00
2026|01|528036|015|08|WA|4718|BMB|12|52|2|001|Pembinaan/Edukasi Publik|0||0|||2.0|0|00
2026|01|528036|015|08|WA|4719|EBA|12|52|2|994|Layanan Perkantoran|0||0|||12.0|0|00
2026|01|528036|015|08|WA|4719|EBA|12|52|2|004|Hasil Survey/Rekomendasi Kepuasan Pengguna Layanan|0||0|||2.0|0|00
2026|01|528036|015|08|WA|4719|EBC|12|52|2|001|Pengembangan SDM|0||0|||17.0|0|00
2026|01|528022|015|08|CD|6212|BMB|12|03|2|001|Dukungan Pemberdayaan UMKM untuk Inklusi Pemanfaatan Digipay|0||0|||1.0|0|00
2026|01|528022|015|08|CD|6212|FAC|12|03|2|001|Komunikasi dan Edukasi Implementasi Aplikasi|0||0|||52.0|0|00
2026|01|528022|015|08|CD|6212|FAH|12|03|2|001|Edukasi Dalam Rangka Penyusunan Laporan Keuangan Tingkat Kuasa BUN|0||0|||4.0|0|00
2026|01|528022|015|08|CD|6212|FAL|12|03|2|004|Konsultasi Pencairan Dana|0||0|||10.0|0|00
2026|01|528022|015|08|CD|6213|FAC|12|03|2|001|Monev Pengembangan Kompetensi KPA, PPK, PPSPM, Bendahara dan Pengelola Perbendaharaan|0||0|||10.0|0|00
2026|01|528022|015|08|CD|6213|FAE|12|03|2|009|Rekomendasi atas Kinerja Investasi Pemerintah|0||0|||2.0|0|00
2026|01|528022|015|08|CD|6213|FAL|12|03|2|003|Reviu Belanja Pemerintah|0||0|||1.0|0|00
2026|01|528022|015|08|CD|6214|FAL|12|03|2|002|Surat Perintah Pencairan/Penarikan/Repayment/Pengesahan Dana|0||0|||2256.0|0|00
2026|01|528022|015|08|CD|6215|FAH|12|03|2|003|Laporan Keuangan BUN|0||0|||4.0|0|00
2026|01|528022|015|08|WA|4715|EBA|12|03|2|001|Kerumahtanggaan|0||0|||12.0|0|00
2026|01|528022|015|08|WA|4715|EBA|12|03|2|994|Layanan Perkantoran|0||0|||12.0|0|00
2026|01|528022|015|08|WA|4715|EBA|12|03|2|002|Dukungan Pimpinan dan Keprotokoleran|0||0|||12.0|0|00
2026|01|528022|015|08|WA|4715|EBD|12|03|2|Z36|Dokumen Pengelolaan Kinerja Organisasi|0||0|||2.0|0|00
2026|01|528022|015|08|WA|4718|BMB|12|03|2|002|Kehumasan|0||0|||1.0|0|00
2026|01|528022|015|08|WA|4718|BMB|12|03|2|001|Pembinaan/Edukasi Publik|0||0|||2.0|0|00
2026|01|528022|015|08|WA|4719|EBA|12|03|2|994|Layanan Perkantoran|0||0|||12.0|0|00
2026|01|528022|015|08|WA|4719|EBA|12|03|2|004|Hasil Survey/Rekomendasi Kepuasan Pengguna Layanan|0||0|||2.0|0|00
2026|01|528022|015|08|WA|4719|EBC|12|03|2|001|Pengembangan SDM|0||0|||16.0|0|00
2026|01|528078|015|08|CD|6212|BMB|13|03|2|001|Dukungan Pemberdayaan UMKM untuk Inklusi Pemanfaatan Digipay|0||0|||1.0|0|00
2026|01|528078|015|08|CD|6212|FAC|13|03|2|001|Komunikasi dan Edukasi Implementasi Aplikasi|0||0|||25.0|0|00
2026|01|528078|015|08|CD|6212|FAH|13|03|2|001|Edukasi Dalam Rangka Penyusunan Laporan Keuangan Tingkat Kuasa BUN|0||0|||4.0|0|00
2026|01|528078|015|08|CD|6212|FAL|13|03|2|004|Konsultasi Pencairan Dana|0||0|||10.0|0|00
2026|01|528078|015|08|CD|6213|FAC|13|03|2|001|Monev Pengembangan Kompetensi KPA, PPK, PPSPM, Bendahara dan Pengelola Perbendaharaan|0||0|||10.0|0|00
2026|01|528078|015|08|CD|6213|FAE|13|03|2|009|Rekomendasi atas Kinerja Investasi Pemerintah|0||0|||2.0|0|00
2026|01|528078|015|08|CD|6213|FAL|13|03|2|003|Reviu Belanja Pemerintah|0||0|||1.0|0|00
2026|01|528078|015|08|CD|6214|FAL|13|03|2|002|Surat Perintah Pencairan/Penarikan/Repayment/Pengesahan Dana|0||0|||1080.0|0|00
2026|01|528078|015|08|CD|6215|FAH|13|03|2|003|Laporan Keuangan BUN|0||0|||4.0|0|00
2026|01|528078|015|08|WA|4715|EBA|13|03|2|001|Kerumahtanggaan|0||0|||12.0|0|00
2026|01|528078|015|08|WA|4715|EBA|13|03|2|994|Layanan Perkantoran|0||0|||12.0|0|00
2026|01|528078|015|08|WA|4715|EBA|13|03|2|002|Dukungan Pimpinan dan Keprotokoleran|0||0|||12.0|0|00
2026|01|528078|015|08|WA|4715|EBD|13|03|2|Z36|Dokumen Pengelolaan Kinerja Organisasi|0||0|||2.0|0|00
2026|01|528078|015|08|WA|4718|BMB|13|03|2|002|Kehumasan|0||0|||1.0|0|00
2026|01|528078|015|08|WA|4718|BMB|13|03|2|001|Pembinaan/Edukasi Publik|0||0|||2.0|0|00
2026|01|528078|015|08|WA|4719|EBA|13|03|2|994|Layanan Perkantoran|0||0|||12.0|0|00
2026|01|528078|015|08|WA|4719|EBA|13|03|2|004|Hasil Survey/Rekomendasi Kepuasan Pengguna Layanan|0||0|||2.0|0|00
2026|01|528078|015|08|WA|4719|EBC|13|03|2|001|Pengembangan SDM|0||0|||13.0|0|00
2026|01|528057|015|08|CD|6212|BMB|13|51|2|001|Dukungan Pemberdayaan UMKM untuk Inklusi Pemanfaatan Digipay|0||0|||1.0|0|00
2026|01|528057|015|08|CD|6212|FAC|13|51|2|002|Bimbingan Teknis Pengelola Keuangan BLU|0||0|||222.0|0|00
2026|01|528057|015|08|CD|6212|FAH|13|51|2|003|Komunikasi dan Edukasi Penyusunan LKKL dan LKBUN|0||0|||4.0|0|00
2026|01|528057|015|08|CD|6212|FAH|13|51|2|002|Komunikasi dan Edukasi Dalam Rangka Penyusunan Government Financial Statistic (GFS)|0||0|||8.0|0|00
2026|01|528057|015|08|CD|6212|FAL|13|51|2|001|Pembinaan Pelaksanaan Anggaran|0||0|||8.0|0|00
2026|01|528057|015|08|CD|6213|ABA|13|51|2|001|Kajian atas Peluang Investasi dan Pinjaman Daerah|0||0|||2.0|0|00
2026|01|528057|015|08|CD|6213|FAE|13|51|2|009|Rekomendasi atas Kinerja Investasi Pemerintah|0||0|||2.0|0|00
2026|01|528057|015|08|CD|6213|FAE|13|51|2|008|ALCo Regional|0||0|||4.0|0|00
2026|01|528057|015|08|CD|6213|FAL|13|51|2|003|Reviu Belanja Pemerintah|0||0|||4.0|0|00
2026|01|528057|015|08|CD|6215|FAH|13|51|2|003|Laporan Keuangan BUN|0||0|||4.0|0|00
2026|01|528057|015|08|CD|6215|FAH|13|51|2|001|Government Financial Statistic (GFS)|0||0|||4.0|0|00
2026|01|528057|015|08|CD|6216|FAE|13|51|2|002|Rekomendasi Tarif Standar Biaya Masukan|0||0|||1.0|0|00
2026|01|528057|015|08|WA|4715|EBA|13|51|2|001|Kerumahtanggaan|0||0|||12.0|0|00
2026|01|528057|015|08|WA|4715|EBA|13|51|2|994|Layanan Perkantoran|0||0|||12.0|0|00
2026|01|528057|015|08|WA|4715|EBA|13|51|2|002|Dukungan Pimpinan dan Keprotokoleran|0||0|||12.0|0|00
2026|01|528057|015|08|WA|4715|EBD|13|51|2|Z36|Dokumen Pengelolaan Kinerja Organisasi|0||0|||4.0|0|00
2026|01|528057|015|08|WA|4715|EBD|13|51|2|Z26|Laporan Keuangan Unit|0||0|||2.0|0|00
2026|01|528057|015|08|WA|4718|BMB|13|51|2|002|Kehumasan|0||0|||4.0|0|00
2026|01|528057|015|08|WA|4718|BMB|13|51|2|001|Pembinaan/Edukasi Publik|0||0|||2.0|0|00
2026|01|528057|015|08|WA|4719|EBA|13|51|2|003|Rekomendasi Pengelolaan Organisasi|0||0|||13.0|0|00
2026|01|528057|015|08|WA|4719|EBA|13|51|2|994|Layanan Perkantoran|0||0|||12.0|0|00
2026|01|528057|015|08|WA|4719|EBA|13|51|2|005|Standar Mutu Layanan - ISO Mutu Layanan|0||0|||14.0|0|00
2026|01|528057|015|08|WA|4719|EBC|13|51|2|001|Pengembangan SDM|0||0|||47.0|0|00
2026|01|528057|015|08|WA|4722|EBD|13|51|2|001|Rekomendasi Penerapan Pengelolaan Risiko, Pengendalian dan Pengawasan Internal|0||0|||2.0|0|00
2026|01|528082|015|08|CD|6212|BMB|13|06|2|001|Dukungan Pemberdayaan UMKM untuk Inklusi Pemanfaatan Digipay|0||0|||1.0|0|00
2026|01|528082|015|08|CD|6212|FAC|13|06|2|001|Komunikasi dan Edukasi Implementasi Aplikasi|0||0|||27.0|0|00
2026|01|528082|015|08|CD|6212|FAH|13|06|2|001|Edukasi Dalam Rangka Penyusunan Laporan Keuangan Tingkat Kuasa BUN|0||0|||4.0|0|00
2026|01|528082|015|08|CD|6212|FAL|13|06|2|004|Konsultasi Pencairan Dana|0||0|||10.0|0|00
2026|01|528082|015|08|CD|6213|FAC|13|06|2|001|Monev Pengembangan Kompetensi KPA, PPK, PPSPM, Bendahara dan Pengelola Perbendaharaan|0||0|||10.0|0|00
2026|01|528082|015|08|CD|6213|FAE|13|06|2|009|Rekomendasi atas Kinerja Investasi Pemerintah|0||0|||2.0|0|00
2026|01|528082|015|08|CD|6213|FAL|13|06|2|003|Reviu Belanja Pemerintah|0||0|||1.0|0|00
2026|01|528082|015|08|CD|6214|FAL|13|06|2|002|Surat Perintah Pencairan/Penarikan/Repayment/Pengesahan Dana|0||0|||1176.0|0|00
2026|01|528082|015|08|CD|6215|FAH|13|06|2|003|Laporan Keuangan BUN|0||0|||4.0|0|00
2026|01|528082|015|08|WA|4715|EBA|13|06|2|001|Kerumahtanggaan|0||0|||12.0|0|00
2026|01|528082|015|08|WA|4715|EBA|13|06|2|994|Layanan Perkantoran|0||0|||12.0|0|00
2026|01|528082|015|08|WA|4715|EBA|13|06|2|002|Dukungan Pimpinan dan Keprotokoleran|0||0|||12.0|0|00
2026|01|528082|015|08|WA|4715|EBD|13|06|2|Z36|Dokumen Pengelolaan Kinerja Organisasi|0||0|||2.0|0|00
2026|01|528082|015|08|WA|4718|BMB|13|06|2|002|Kehumasan|0||0|||1.0|0|00
2026|01|528082|015|08|WA|4718|BMB|13|06|2|001|Pembinaan/Edukasi Publik|0||0|||2.0|0|00
2026|01|528082|015|08|WA|4719|EBA|13|06|2|994|Layanan Perkantoran|0||0|||12.0|0|00
2026|01|528082|015|08|WA|4719|EBA|13|06|2|004|Hasil Survey/Rekomendasi Kepuasan Pengguna Layanan|0||0|||2.0|0|00
2026|01|528082|015|08|WA|4719|EBC|13|06|2|001|Pengembangan SDM|0||0|||11.0|0|00
2026|01|528104|015|08|CD|6212|BMB|13|05|2|001|Dukungan Pemberdayaan UMKM untuk Inklusi Pemanfaatan Digipay|0||0|||1.0|0|00
2026|01|528104|015|08|CD|6212|FAC|13|05|2|001|Komunikasi dan Edukasi Implementasi Aplikasi|0||0|||17.0|0|00
2026|01|528104|015|08|CD|6212|FAH|13|05|2|001|Edukasi Dalam Rangka Penyusunan Laporan Keuangan Tingkat Kuasa BUN|0||0|||4.0|0|00
2026|01|528104|015|08|CD|6212|FAL|13|05|2|004|Konsultasi Pencairan Dana|0||0|||10.0|0|00
2026|01|528104|015|08|CD|6213|FAC|13|05|2|001|Monev Pengembangan Kompetensi KPA, PPK, PPSPM, Bendahara dan Pengelola Perbendaharaan|0||0|||10.0|0|00
2026|01|528104|015|08|CD|6213|FAE|13|05|2|009|Rekomendasi atas Kinerja Investasi Pemerintah|0||0|||2.0|0|00
2026|01|528104|015|08|CD|6213|FAL|13|05|2|003|Reviu Belanja Pemerintah|0||0|||1.0|0|00
2026|01|528104|015|08|CD|6214|FAL|13|05|2|002|Surat Perintah Pencairan/Penarikan/Repayment/Pengesahan Dana|0||0|||768.0|0|00
2026|01|528104|015|08|CD|6215|FAH|13|05|2|003|Laporan Keuangan BUN|0||0|||4.0|0|00
2026|01|528104|015|08|WA|4715|EBA|13|05|2|001|Kerumahtanggaan|0||0|||12.0|0|00
2026|01|528104|015|08|WA|4715|EBA|13|05|2|994|Layanan Perkantoran|0||0|||12.0|0|00
2026|01|528104|015|08|WA|4715|EBA|13|05|2|002|Dukungan Pimpinan dan Keprotokoleran|0||0|||12.0|0|00
2026|01|528104|015|08|WA|4715|EBD|13|05|2|Z36|Dokumen Pengelolaan Kinerja Organisasi|0||0|||2.0|0|00
2026|01|528104|015|08|WA|4718|BMB|13|05|2|002|Kehumasan|0||0|||1.0|0|00
2026|01|528104|015|08|WA|4718|BMB|13|05|2|001|Pembinaan/Edukasi Publik|0||0|||2.0|0|00
2026|01|528104|015|08|WA|4719|EBA|13|05|2|994|Layanan Perkantoran|0||0|||12.0|0|00
2026|01|528104|015|08|WA|4719|EBA|13|05|2|004|Hasil Survey/Rekomendasi Kepuasan Pengguna Layanan|0||0|||2.0|0|00
2026|01|528104|015|08|WA|4719|EBC|13|05|2|001|Pengembangan SDM|0||0|||13.0|0|00
2026|01|528125|015|08|CD|6212|BMB|14|51|2|001|Dukungan Pemberdayaan UMKM untuk Inklusi Pemanfaatan Digipay|0||0|||1.0|0|00
2026|01|528125|015|08|CD|6212|FAC|14|51|2|001|Komunikasi dan Edukasi Implementasi Aplikasi|0||0|||114.0|0|00
2026|01|528125|015|08|CD|6212|FAH|14|51|2|001|Edukasi Dalam Rangka Penyusunan Laporan Keuangan Tingkat Kuasa BUN|0||0|||4.0|0|00
2026|01|528125|015|08|CD|6212|FAL|14|51|2|004|Konsultasi Pencairan Dana|0||0|||10.0|0|00
2026|01|528125|015|08|CD|6213|FAC|14|51|2|001|Monev Pengembangan Kompetensi KPA, PPK, PPSPM, Bendahara dan Pengelola Perbendaharaan|0||0|||10.0|0|00
2026|01|528125|015|08|CD|6213|FAE|14|51|2|009|Rekomendasi atas Kinerja Investasi Pemerintah|0||0|||2.0|0|00
2026|01|528125|015|08|CD|6213|FAL|14|51|2|003|Reviu Belanja Pemerintah|0||0|||1.0|0|00
2026|01|528125|015|08|CD|6214|FAL|14|51|2|002|Surat Perintah Pencairan/Penarikan/Repayment/Pengesahan Dana|0||0|||5208.0|0|00
2026|01|528125|015|08|CD|6215|FAH|14|51|2|003|Laporan Keuangan BUN|0||0|||4.0|0|00
2026|01|528125|015|08|WA|4715|EBA|14|51|2|001|Kerumahtanggaan|0||0|||12.0|0|00
2026|01|528125|015|08|WA|4715|EBA|14|51|2|994|Layanan Perkantoran|0||0|||12.0|0|00
2026|01|528125|015|08|WA|4715|EBA|14|51|2|002|Dukungan Pimpinan dan Keprotokoleran|0||0|||12.0|0|00
2026|01|528125|015|08|WA|4715|EBD|14|51|2|Z36|Dokumen Pengelolaan Kinerja Organisasi|0||0|||2.0|0|00
2026|01|528125|015|08|WA|4718|BMB|14|51|2|002|Kehumasan|0||0|||1.0|0|00
2026|01|528125|015|08|WA|4718|BMB|14|51|2|001|Pembinaan/Edukasi Publik|0||0|||2.0|0|00
2026|01|528125|015|08|WA|4719|EBA|14|51|2|994|Layanan Perkantoran|0||0|||12.0|0|00
2026|01|528125|015|08|WA|4719|EBA|14|51|2|004|Hasil Survey/Rekomendasi Kepuasan Pengguna Layanan|0||0|||2.0|0|00
2026|01|528125|015|08|WA|4719|EBC|14|51|2|001|Pengembangan SDM|0||0|||25.0|0|00
2026|01|528099|015|08|CD|6212|BMB|13|52|2|001|Dukungan Pemberdayaan UMKM untuk Inklusi Pemanfaatan Digipay|0||0|||1.0|0|00
2026|01|528099|015|08|CD|6212|FAC|13|52|2|001|Komunikasi dan Edukasi Implementasi Aplikasi|0||0|||45.0|0|00
2026|01|528099|015|08|CD|6212|FAH|13|52|2|001|Edukasi Dalam Rangka Penyusunan Laporan Keuangan Tingkat Kuasa BUN|0||0|||4.0|0|00
2026|01|528099|015|08|CD|6212|FAL|13|52|2|004|Konsultasi Pencairan Dana|0||0|||10.0|0|00
2026|01|528099|015|08|CD|6213|FAC|13|52|2|001|Monev Pengembangan Kompetensi KPA, PPK, PPSPM, Bendahara dan Pengelola Perbendaharaan|0||0|||10.0|0|00
2026|01|528099|015|08|CD|6213|FAE|13|52|2|009|Rekomendasi atas Kinerja Investasi Pemerintah|0||0|||2.0|0|00
2026|01|528099|015|08|CD|6213|FAL|13|52|2|003|Reviu Belanja Pemerintah|0||0|||1.0|0|00
2026|01|528099|015|08|CD|6214|FAL|13|52|2|002|Surat Perintah Pencairan/Penarikan/Repayment/Pengesahan Dana|0||0|||1992.0|0|00
2026|01|528099|015|08|CD|6215|FAH|13|52|2|003|Laporan Keuangan BUN|0||0|||4.0|0|00
2026|01|528099|015|08|WA|4715|EBA|13|52|2|001|Kerumahtanggaan|0||0|||12.0|0|00
2026|01|528099|015|08|WA|4715|EBA|13|52|2|994|Layanan Perkantoran|0||0|||12.0|0|00
2026|01|528099|015|08|WA|4715|EBA|13|52|2|002|Dukungan Pimpinan dan Keprotokoleran|0||0|||12.0|0|00
2026|01|528099|015|08|WA|4715|EBD|13|52|2|Z36|Dokumen Pengelolaan Kinerja Organisasi|0||0|||2.0|0|00
2026|01|528099|015|08|WA|4718|BMB|13|52|2|002|Kehumasan|0||0|||1.0|0|00
2026|01|528099|015|08|WA|4718|BMB|13|52|2|001|Pembinaan/Edukasi Publik|0||0|||2.0|0|00
2026|01|528099|015|08|WA|4719|EBA|13|52|2|994|Layanan Perkantoran|0||0|||12.0|0|00
2026|01|528099|015|08|WA|4719|EBA|13|52|2|004|Hasil Survey/Rekomendasi Kepuasan Pengguna Layanan|0||0|||2.0|0|00
2026|01|528099|015|08|WA|4719|EBC|13|52|2|001|Pengembangan SDM|0||0|||17.0|0|00
2026|01|528146|015|08|CD|6212|BMB|14|03|2|001|Dukungan Pemberdayaan UMKM untuk Inklusi Pemanfaatan Digipay|0||0|||1.0|0|00
2026|01|528146|015|08|CD|6212|FAC|14|03|2|001|Komunikasi dan Edukasi Implementasi Aplikasi|0||0|||86.0|0|00
2026|01|528146|015|08|CD|6212|FAH|14|03|2|001|Edukasi Dalam Rangka Penyusunan Laporan Keuangan Tingkat Kuasa BUN|0||0|||4.0|0|00
2026|01|528146|015|08|CD|6212|FAL|14|03|2|004|Konsultasi Pencairan Dana|0||0|||10.0|0|00
2026|01|528146|015|08|CD|6213|FAC|14|03|2|001|Monev Pengembangan Kompetensi KPA, PPK, PPSPM, Bendahara dan Pengelola Perbendaharaan|0||0|||10.0|0|00
2026|01|528146|015|08|CD|6213|FAE|14|03|2|009|Rekomendasi atas Kinerja Investasi Pemerintah|0||0|||2.0|0|00
2026|01|528146|015|08|CD|6213|FAL|14|03|2|003|Reviu Belanja Pemerintah|0||0|||1.0|0|00
2026|01|528146|015|08|CD|6214|FAL|14|03|2|002|Surat Perintah Pencairan/Penarikan/Repayment/Pengesahan Dana|0||0|||1968.0|0|00
2026|01|528146|015|08|CD|6215|FAH|14|03|2|003|Laporan Keuangan BUN|0||0|||4.0|0|00
2026|01|528146|015|08|WA|4715|EBA|14|03|2|001|Kerumahtanggaan|0||0|||12.0|0|00
2026|01|528146|015|08|WA|4715|EBA|14|03|2|994|Layanan Perkantoran|0||0|||12.0|0|00
2026|01|528146|015|08|WA|4715|EBA|14|03|2|002|Dukungan Pimpinan dan Keprotokoleran|0||0|||12.0|0|00
2026|01|528146|015|08|WA|4715|EBD|14|03|2|Z36|Dokumen Pengelolaan Kinerja Organisasi|0||0|||2.0|0|00
2026|01|528146|015|08|WA|4718|BMB|14|03|2|002|Kehumasan|0||0|||1.0|0|00
2026|01|528146|015|08|WA|4718|BMB|14|03|2|001|Pembinaan/Edukasi Publik|0||0|||2.0|0|00
2026|01|528146|015|08|WA|4719|EBA|14|03|2|994|Layanan Perkantoran|0||0|||12.0|0|00
2026|01|528146|015|08|WA|4719|EBA|14|03|2|004|Hasil Survey/Rekomendasi Kepuasan Pengguna Layanan|0||0|||2.0|0|00
2026|01|528146|015|08|WA|4719|EBC|14|03|2|001|Pengembangan SDM|0||0|||17.0|0|00
2026|01|528150|015|08|CD|6212|BMB|14|05|2|001|Dukungan Pemberdayaan UMKM untuk Inklusi Pemanfaatan Digipay|0||0|||1.0|0|00
2026|01|528150|015|08|CD|6212|FAC|14|05|2|001|Komunikasi dan Edukasi Implementasi Aplikasi|0||0|||40.0|0|00
2026|01|528150|015|08|CD|6212|FAH|14|05|2|001|Edukasi Dalam Rangka Penyusunan Laporan Keuangan Tingkat Kuasa BUN|0||0|||4.0|0|00
2026|01|528150|015|08|CD|6212|FAL|14|05|2|004|Konsultasi Pencairan Dana|0||0|||10.0|0|00
2026|01|528150|015|08|CD|6213|FAC|14|05|2|001|Monev Pengembangan Kompetensi KPA, PPK, PPSPM, Bendahara dan Pengelola Perbendaharaan|0||0|||10.0|0|00
2026|01|528150|015|08|CD|6213|FAE|14|05|2|009|Rekomendasi atas Kinerja Investasi Pemerintah|0||0|||2.0|0|00
2026|01|528150|015|08|CD|6213|FAL|14|05|2|003|Reviu Belanja Pemerintah|0||0|||1.0|0|00
2026|01|528150|015|08|CD|6214|FAL|14|05|2|002|Surat Perintah Pencairan/Penarikan/Repayment/Pengesahan Dana|0||0|||1752.0|0|00
2026|01|528150|015|08|CD|6215|FAH|14|05|2|003|Laporan Keuangan BUN|0||0|||4.0|0|00
2026|01|528150|015|08|WA|4715|EBA|14|05|2|001|Kerumahtanggaan|0||0|||12.0|0|00
2026|01|528150|015|08|WA|4715|EBA|14|05|2|994|Layanan Perkantoran|0||0|||12.0|0|00
2026|01|528150|015|08|WA|4715|EBA|14|05|2|002|Dukungan Pimpinan dan Keprotokoleran|0||0|||12.0|0|00
2026|01|528150|015|08|WA|4715|EBD|14|05|2|Z36|Dokumen Pengelolaan Kinerja Organisasi|0||0|||2.0|0|00
2026|01|528150|015|08|WA|4718|BMB|14|05|2|002|Kehumasan|0||0|||1.0|0|00
2026|01|528150|015|08|WA|4718|BMB|14|05|2|001|Pembinaan/Edukasi Publik|0||0|||2.0|0|00
2026|01|528150|015|08|WA|4719|EBA|14|05|2|994|Layanan Perkantoran|0||0|||12.0|0|00
2026|01|528150|015|08|WA|4719|EBA|14|05|2|004|Hasil Survey/Rekomendasi Kepuasan Pengguna Layanan|0||0|||2.0|0|00
2026|01|528150|015|08|WA|4719|EBC|14|05|2|001|Pengembangan SDM|0||0|||13.0|0|00
2026|01|528200|015|08|CD|6212|BMB|15|05|2|001|Dukungan Pemberdayaan UMKM untuk Inklusi Pemanfaatan Digipay|0||0|||1.0|0|00
2026|01|528200|015|08|CD|6212|FAC|15|05|2|001|Komunikasi dan Edukasi Implementasi Aplikasi|0||0|||50.0|0|00
2026|01|528200|015|08|CD|6212|FAH|15|05|2|001|Edukasi Dalam Rangka Penyusunan Laporan Keuangan Tingkat Kuasa BUN|0||0|||4.0|0|00
2026|01|528200|015|08|CD|6212|FAL|15|05|2|004|Konsultasi Pencairan Dana|0||0|||10.0|0|00
2026|01|528200|015|08|CD|6213|FAC|15|05|2|001|Monev Pengembangan Kompetensi KPA, PPK, PPSPM, Bendahara dan Pengelola Perbendaharaan|0||0|||10.0|0|00
2026|01|528200|015|08|CD|6213|FAE|15|05|2|009|Rekomendasi atas Kinerja Investasi Pemerintah|0||0|||2.0|0|00
2026|01|528200|015|08|CD|6213|FAL|15|05|2|003|Reviu Belanja Pemerintah|0||0|||1.0|0|00
2026|01|528200|015|08|CD|6214|FAL|15|05|2|002|Surat Perintah Pencairan/Penarikan/Repayment/Pengesahan Dana|0||0|||2256.0|0|00
2026|01|528200|015|08|CD|6215|FAH|15|05|2|003|Laporan Keuangan BUN|0||0|||4.0|0|00
2026|01|528200|015|08|WA|4715|EBA|15|05|2|001|Kerumahtanggaan|0||0|||12.0|0|00
2026|01|528200|015|08|WA|4715|EBA|15|05|2|994|Layanan Perkantoran|0||0|||12.0|0|00
2026|01|528200|015|08|WA|4715|EBA|15|05|2|002|Dukungan Pimpinan dan Keprotokoleran|0||0|||12.0|0|00
2026|01|528200|015|08|WA|4715|EBD|15|05|2|Z36|Dokumen Pengelolaan Kinerja Organisasi|0||0|||2.0|0|00
2026|01|528200|015|08|WA|4718|BMB|15|05|2|002|Kehumasan|0||0|||1.0|0|00
2026|01|528200|015|08|WA|4718|BMB|15|05|2|001|Pembinaan/Edukasi Publik|0||0|||2.0|0|00
2026|01|528200|015|08|WA|4719|EBA|15|05|2|994|Layanan Perkantoran|0||0|||12.0|0|00
2026|01|528200|015|08|WA|4719|EBA|15|05|2|004|Hasil Survey/Rekomendasi Kepuasan Pengguna Layanan|0||0|||2.0|0|00
2026|01|528200|015|08|WA|4719|EBC|15|05|2|001|Pengembangan SDM|0||0|||15.0|0|00
2026|01|528221|015|08|CD|6212|BMB|16|51|2|001|Dukungan Pemberdayaan UMKM untuk Inklusi Pemanfaatan Digipay|0||0|||1.0|0|00
2026|01|528221|015|08|CD|6212|FAC|16|51|2|001|Komunikasi dan Edukasi Implementasi Aplikasi|0||0|||133.0|0|00
2026|01|528221|015|08|CD|6212|FAH|16|51|2|001|Edukasi Dalam Rangka Penyusunan Laporan Keuangan Tingkat Kuasa BUN|0||0|||4.0|0|00
2026|01|528221|015|08|CD|6212|FAL|16|51|2|004|Konsultasi Pencairan Dana|0||0|||10.0|0|00
2026|01|528221|015|08|CD|6213|FAC|16|51|2|001|Monev Pengembangan Kompetensi KPA, PPK, PPSPM, Bendahara dan Pengelola Perbendaharaan|0||0|||10.0|0|00
2026|01|528221|015|08|CD|6213|FAE|16|51|2|009|Rekomendasi atas Kinerja Investasi Pemerintah|0||0|||2.0|0|00
2026|01|528221|015|08|CD|6213|FAL|16|51|2|003|Reviu Belanja Pemerintah|0||0|||1.0|0|00
2026|01|528221|015|08|CD|6214|FAL|16|51|2|002|Surat Perintah Pencairan/Penarikan/Repayment/Pengesahan Dana|0||0|||6024.0|0|00
2026|01|528221|015|08|CD|6215|FAH|16|51|2|003|Laporan Keuangan BUN|0||0|||4.0|0|00
2026|01|528221|015|08|WA|4715|EBA|16|51|2|001|Kerumahtanggaan|0||0|||12.0|0|00
2026|01|528221|015|08|WA|4715|EBA|16|51|2|994|Layanan Perkantoran|0||0|||12.0|0|00
2026|01|528221|015|08|WA|4715|EBA|16|51|2|002|Dukungan Pimpinan dan Keprotokoleran|0||0|||12.0|0|00
2026|01|528221|015|08|WA|4715|EBD|16|51|2|Z36|Dokumen Pengelolaan Kinerja Organisasi|0||0|||2.0|0|00
2026|01|528221|015|08|WA|4718|BMB|16|51|2|002|Kehumasan|0||0|||1.0|0|00
2026|01|528221|015|08|WA|4718|BMB|16|51|2|001|Pembinaan/Edukasi Publik|0||0|||2.0|0|00
2026|01|528221|015|08|WA|4719|EBA|16|51|2|994|Layanan Perkantoran|0||0|||12.0|0|00
2026|01|528221|015|08|WA|4719|EBA|16|51|2|004|Hasil Survey/Rekomendasi Kepuasan Pengguna Layanan|0||0|||2.0|0|00
2026|01|528221|015|08|WA|4719|EBC|16|51|2|001|Pengembangan SDM|0||0|||27.0|0|00
2026|01|528171|015|08|CD|6212|BMB|15|51|2|001|Dukungan Pemberdayaan UMKM untuk Inklusi Pemanfaatan Digipay|0||0|||1.0|0|00
2026|01|528171|015|08|CD|6212|FAC|15|51|2|002|Bimbingan Teknis Pengelola Keuangan BLU|0||0|||177.0|0|00
2026|01|528171|015|08|CD|6212|FAH|15|51|2|003|Komunikasi dan Edukasi Penyusunan LKKL dan LKBUN|0||0|||4.0|0|00
2026|01|528171|015|08|CD|6212|FAH|15|51|2|002|Komunikasi dan Edukasi Dalam Rangka Penyusunan Government Financial Statistic (GFS)|0||0|||8.0|0|00
2026|01|528171|015|08|CD|6212|FAL|15|51|2|001|Pembinaan Pelaksanaan Anggaran|0||0|||8.0|0|00
2026|01|528171|015|08|CD|6213|ABA|15|51|2|001|Kajian atas Peluang Investasi dan Pinjaman Daerah|0||0|||2.0|0|00
2026|01|528171|015|08|CD|6213|FAE|15|51|2|009|Rekomendasi atas Kinerja Investasi Pemerintah|0||0|||2.0|0|00
2026|01|528171|015|08|CD|6213|FAE|15|51|2|008|ALCo Regional|0||0|||4.0|0|00
2026|01|528171|015|08|CD|6213|FAL|15|51|2|003|Reviu Belanja Pemerintah|0||0|||4.0|0|00
2026|01|528171|015|08|CD|6215|FAH|15|51|2|003|Laporan Keuangan BUN|0||0|||4.0|0|00
2026|01|528171|015|08|CD|6215|FAH|15|51|2|001|Government Financial Statistic (GFS)|0||0|||4.0|0|00
2026|01|528171|015|08|CD|6216|FAE|15|51|2|002|Rekomendasi Tarif Standar Biaya Masukan|0||0|||1.0|0|00
2026|01|528171|015|08|WA|4715|EBA|15|51|2|001|Kerumahtanggaan|0||0|||12.0|0|00
2026|01|528171|015|08|WA|4715|EBA|15|51|2|994|Layanan Perkantoran|0||0|||12.0|0|00
2026|01|528171|015|08|WA|4715|EBA|15|51|2|002|Dukungan Pimpinan dan Keprotokoleran|0||0|||12.0|0|00
2026|01|528171|015|08|WA|4715|EBD|15|51|2|Z36|Dokumen Pengelolaan Kinerja Organisasi|0||0|||4.0|0|00
2026|01|528171|015|08|WA|4715|EBD|15|51|2|Z26|Laporan Keuangan Unit|0||0|||2.0|0|00
2026|01|528171|015|08|WA|4718|BMB|15|51|2|002|Kehumasan|0||0|||4.0|0|00
2026|01|528171|015|08|WA|4718|BMB|15|51|2|001|Pembinaan/Edukasi Publik|0||0|||2.0|0|00
2026|01|528171|015|08|WA|4719|EBA|15|51|2|003|Rekomendasi Pengelolaan Organisasi|0||0|||11.0|0|00
2026|01|528171|015|08|WA|4719|EBA|15|51|2|994|Layanan Perkantoran|0||0|||12.0|0|00
2026|01|528171|015|08|WA|4719|EBA|15|51|2|005|Standar Mutu Layanan - ISO Mutu Layanan|0||0|||12.0|0|00
2026|01|528171|015|08|WA|4719|EBC|15|51|2|001|Pengembangan SDM|0||0|||55.0|0|00
2026|01|528171|015|08|WA|4722|EBD|15|51|2|001|Rekomendasi Penerapan Pengelolaan Risiko, Pengendalian dan Pengawasan Internal|0||0|||2.0|0|00
2026|01|528235|015|08|CD|6212|BMB|35|51|2|001|Dukungan Pemberdayaan UMKM untuk Inklusi Pemanfaatan Digipay|0||0|||1.0|0|00
2026|01|528235|015|08|CD|6212|FAC|35|51|2|001|Komunikasi dan Edukasi Implementasi Aplikasi|0||0|||61.0|0|00
2026|01|528235|015|08|CD|6212|FAH|35|51|2|001|Edukasi Dalam Rangka Penyusunan Laporan Keuangan Tingkat Kuasa BUN|0||0|||4.0|0|00
2026|01|528235|015|08|CD|6212|FAL|35|51|2|004|Konsultasi Pencairan Dana|0||0|||10.0|0|00
2026|01|528235|015|08|CD|6213|FAC|35|51|2|001|Monev Pengembangan Kompetensi KPA, PPK, PPSPM, Bendahara dan Pengelola Perbendaharaan|0||0|||10.0|0|00
2026|01|528235|015|08|CD|6213|FAE|35|51|2|009|Rekomendasi atas Kinerja Investasi Pemerintah|0||0|||2.0|0|00
2026|01|528235|015|08|CD|6213|FAL|35|51|2|003|Reviu Belanja Pemerintah|0||0|||1.0|0|00
2026|01|528235|015|08|CD|6214|FAL|35|51|2|002|Surat Perintah Pencairan/Penarikan/Repayment/Pengesahan Dana|0||0|||1416.0|0|00
2026|01|528235|015|08|CD|6215|FAH|35|51|2|003|Laporan Keuangan BUN|0||0|||4.0|0|00
2026|01|528235|015|08|WA|4715|EBA|35|51|2|001|Kerumahtanggaan|0||0|||12.0|0|00
2026|01|528235|015|08|WA|4715|EBA|35|51|2|994|Layanan Perkantoran|0||0|||12.0|0|00
2026|01|528235|015|08|WA|4715|EBA|35|51|2|002|Dukungan Pimpinan dan Keprotokoleran|0||0|||12.0|0|00
2026|01|528235|015|08|WA|4715|EBD|35|51|2|Z36|Dokumen Pengelolaan Kinerja Organisasi|0||0|||2.0|0|00
2026|01|528235|015|08|WA|4718|BMB|35|51|2|002|Kehumasan|0||0|||1.0|0|00
2026|01|528235|015|08|WA|4718|BMB|35|51|2|001|Pembinaan/Edukasi Publik|0||0|||2.0|0|00
2026|01|528235|015|08|WA|4719|EBA|35|51|2|994|Layanan Perkantoran|0||0|||12.0|0|00
2026|01|528235|015|08|WA|4719|EBA|35|51|2|004|Hasil Survey/Rekomendasi Kepuasan Pengguna Layanan|0||0|||2.0|0|00
2026|01|528235|015|08|WA|4719|EBC|35|51|2|001|Pengembangan SDM|0||0|||14.0|0|00
2026|01|528242|015|08|CD|6212|BMB|16|52|2|001|Dukungan Pemberdayaan UMKM untuk Inklusi Pemanfaatan Digipay|0||0|||1.0|0|00
2026|01|528242|015|08|CD|6212|FAC|16|52|2|001|Komunikasi dan Edukasi Implementasi Aplikasi|0||0|||59.0|0|00
2026|01|528242|015|08|CD|6212|FAH|16|52|2|001|Edukasi Dalam Rangka Penyusunan Laporan Keuangan Tingkat Kuasa BUN|0||0|||4.0|0|00
2026|01|528242|015|08|CD|6212|FAL|16|52|2|004|Konsultasi Pencairan Dana|0||0|||10.0|0|00
2026|01|528242|015|08|CD|6213|FAC|16|52|2|001|Monev Pengembangan Kompetensi KPA, PPK, PPSPM, Bendahara dan Pengelola Perbendaharaan|0||0|||10.0|0|00
2026|01|528242|015|08|CD|6213|FAE|16|52|2|009|Rekomendasi atas Kinerja Investasi Pemerintah|0||0|||2.0|0|00
2026|01|528242|015|08|CD|6213|FAL|16|52|2|003|Reviu Belanja Pemerintah|0||0|||1.0|0|00
2026|01|528242|015|08|CD|6214|FAL|16|52|2|002|Surat Perintah Pencairan/Penarikan/Repayment/Pengesahan Dana|0||0|||2688.0|0|00
2026|01|528242|015|08|CD|6215|FAH|16|52|2|003|Laporan Keuangan BUN|0||0|||4.0|0|00
2026|01|528242|015|08|WA|4715|EBA|16|52|2|001|Kerumahtanggaan|0||0|||12.0|0|00
2026|01|528242|015|08|WA|4715|EBA|16|52|2|994|Layanan Perkantoran|0||0|||12.0|0|00
2026|01|528242|015|08|WA|4715|EBA|16|52|2|002|Dukungan Pimpinan dan Keprotokoleran|0||0|||12.0|0|00
2026|01|528242|015|08|WA|4715|EBD|16|52|2|Z36|Dokumen Pengelolaan Kinerja Organisasi|0||0|||2.0|0|00
2026|01|528242|015|08|WA|4718|BMB|16|52|2|002|Kehumasan|0||0|||1.0|0|00
2026|01|528242|015|08|WA|4718|BMB|16|52|2|001|Pembinaan/Edukasi Publik|0||0|||2.0|0|00
2026|01|528242|015|08|WA|4719|EBA|16|52|2|994|Layanan Perkantoran|0||0|||12.0|0|00
2026|01|528242|015|08|WA|4719|EBA|16|52|2|004|Hasil Survey/Rekomendasi Kepuasan Pengguna Layanan|0||0|||2.0|0|00
2026|01|528242|015|08|WA|4719|EBC|16|52|2|001|Pengembangan SDM|0||0|||26.0|0|00
2026|01|528188|015|08|CD|6212|BMB|15|51|2|001|Dukungan Pemberdayaan UMKM untuk Inklusi Pemanfaatan Digipay|0||0|||1.0|0|00
2026|01|528188|015|08|CD|6212|FAC|15|51|2|001|Komunikasi dan Edukasi Implementasi Aplikasi|0||0|||141.0|0|00
2026|01|528188|015|08|CD|6212|FAH|15|51|2|001|Edukasi Dalam Rangka Penyusunan Laporan Keuangan Tingkat Kuasa BUN|0||0|||4.0|0|00
2026|01|528188|015|08|CD|6212|FAL|15|51|2|004|Konsultasi Pencairan Dana|0||0|||10.0|0|00
2026|01|528188|015|08|CD|6213|FAC|15|51|2|001|Monev Pengembangan Kompetensi KPA, PPK, PPSPM, Bendahara dan Pengelola Perbendaharaan|0||0|||10.0|0|00
2026|01|528188|015|08|CD|6213|FAE|15|51|2|009|Rekomendasi atas Kinerja Investasi Pemerintah|0||0|||2.0|0|00
2026|01|528188|015|08|CD|6213|FAL|15|51|2|003|Reviu Belanja Pemerintah|0||0|||1.0|0|00
2026|01|528188|015|08|CD|6214|FAL|15|51|2|002|Surat Perintah Pencairan/Penarikan/Repayment/Pengesahan Dana|0||0|||6504.0|0|00
2026|01|528188|015|08|CD|6215|FAH|15|51|2|003|Laporan Keuangan BUN|0||0|||4.0|0|00
2026|01|528188|015|08|WA|4715|EBA|15|51|2|001|Kerumahtanggaan|0||0|||12.0|0|00
2026|01|528188|015|08|WA|4715|EBA|15|51|2|994|Layanan Perkantoran|0||0|||12.0|0|00
2026|01|528188|015|08|WA|4715|EBA|15|51|2|002|Dukungan Pimpinan dan Keprotokoleran|0||0|||12.0|0|00
2026|01|528188|015|08|WA|4715|EBD|15|51|2|Z36|Dokumen Pengelolaan Kinerja Organisasi|0||0|||2.0|0|00
2026|01|528188|015|08|WA|4718|BMB|15|51|2|002|Kehumasan|0||0|||1.0|0|00
2026|01|528188|015|08|WA|4718|BMB|15|51|2|001|Pembinaan/Edukasi Publik|0||0|||2.0|0|00
2026|01|528188|015|08|WA|4719|EBA|15|51|2|994|Layanan Perkantoran|0||0|||12.0|0|00
2026|01|528188|015|08|WA|4719|EBA|15|51|2|004|Hasil Survey/Rekomendasi Kepuasan Pengguna Layanan|0||0|||2.0|0|00
2026|01|528188|015|08|WA|4719|EBC|15|51|2|001|Pengembangan SDM|0||0|||30.0|0|00
2026|01|528277|015|08|CD|6212|BMB|17|51|2|001|Dukungan Pemberdayaan UMKM untuk Inklusi Pemanfaatan Digipay|0||0|||1.0|0|00
2026|01|528277|015|08|CD|6212|FAC|17|51|2|001|Komunikasi dan Edukasi Implementasi Aplikasi|0||0|||268.0|0|00
2026|01|528277|015|08|CD|6212|FAH|17|51|2|001|Edukasi Dalam Rangka Penyusunan Laporan Keuangan Tingkat Kuasa BUN|0||0|||4.0|0|00
2026|01|528277|015|08|CD|6212|FAL|17|51|2|004|Konsultasi Pencairan Dana|0||0|||10.0|0|00
2026|01|528277|015|08|CD|6213|FAC|17|51|2|001|Monev Pengembangan Kompetensi KPA, PPK, PPSPM, Bendahara dan Pengelola Perbendaharaan|0||0|||10.0|0|00
2026|01|528277|015|08|CD|6213|FAE|17|51|2|009|Rekomendasi atas Kinerja Investasi Pemerintah|0||0|||2.0|0|00
2026|01|528277|015|08|CD|6213|FAL|17|51|2|003|Reviu Belanja Pemerintah|0||0|||1.0|0|00
2026|01|528277|015|08|CD|6214|FAL|17|51|2|002|Surat Perintah Pencairan/Penarikan/Repayment/Pengesahan Dana|0||0|||6288.0|0|00
2026|01|528277|015|08|CD|6215|FAH|17|51|2|003|Laporan Keuangan BUN|0||0|||4.0|0|00
2026|01|528277|015|08|WA|4715|EBA|17|51|2|001|Kerumahtanggaan|0||0|||12.0|0|00
2026|01|528277|015|08|WA|4715|EBA|17|51|2|994|Layanan Perkantoran|0||0|||12.0|0|00
2026|01|528277|015|08|WA|4715|EBA|17|51|2|002|Dukungan Pimpinan dan Keprotokoleran|0||0|||12.0|0|00
2026|01|528277|015|08|WA|4715|EBD|17|51|2|Z36|Dokumen Pengelolaan Kinerja Organisasi|0||0|||2.0|0|00
2026|01|528277|015|08|WA|4718|BMB|17|51|2|002|Kehumasan|0||0|||1.0|0|00
2026|01|528277|015|08|WA|4718|BMB|17|51|2|001|Pembinaan/Edukasi Publik|0||0|||2.0|0|00
2026|01|528277|015|08|WA|4719|EBA|17|51|2|994|Layanan Perkantoran|0||0|||12.0|0|00
2026|01|528277|015|08|WA|4719|EBA|17|51|2|004|Hasil Survey/Rekomendasi Kepuasan Pengguna Layanan|0||0|||2.0|0|00
2026|01|528277|015|08|WA|4719|EBC|17|51|2|001|Pengembangan SDM|0||0|||23.0|0|00
2026|01|528281|015|08|CD|6212|BMB|31|51|2|001|Dukungan Pemberdayaan UMKM untuk Inklusi Pemanfaatan Digipay|0||0|||1.0|0|00
2026|01|528281|015|08|CD|6212|FAC|31|51|2|001|Komunikasi dan Edukasi Implementasi Aplikasi|0||0|||111.0|0|00
2026|01|528281|015|08|CD|6212|FAH|31|51|2|001|Edukasi Dalam Rangka Penyusunan Laporan Keuangan Tingkat Kuasa BUN|0||0|||4.0|0|00
2026|01|528281|015|08|CD|6212|FAL|31|51|2|004|Konsultasi Pencairan Dana|0||0|||10.0|0|00
2026|01|528281|015|08|CD|6213|FAC|31|51|2|001|Monev Pengembangan Kompetensi KPA, PPK, PPSPM, Bendahara dan Pengelola Perbendaharaan|0||0|||10.0|0|00
2026|01|528281|015|08|CD|6213|FAE|31|51|2|009|Rekomendasi atas Kinerja Investasi Pemerintah|0||0|||2.0|0|00
2026|01|528281|015|08|CD|6213|FAL|31|51|2|003|Reviu Belanja Pemerintah|0||0|||1.0|0|00
2026|01|528281|015|08|CD|6214|FAL|31|51|2|002|Surat Perintah Pencairan/Penarikan/Repayment/Pengesahan Dana|0||0|||5064.0|0|00
2026|01|528281|015|08|CD|6215|FAH|31|51|2|003|Laporan Keuangan BUN|0||0|||4.0|0|00
2026|01|528281|015|08|WA|4715|EBA|31|51|2|001|Kerumahtanggaan|0||0|||12.0|0|00
2026|01|528281|015|08|WA|4715|EBA|31|51|2|994|Layanan Perkantoran|0||0|||12.0|0|00
2026|01|528281|015|08|WA|4715|EBA|31|51|2|002|Dukungan Pimpinan dan Keprotokoleran|0||0|||12.0|0|00
2026|01|528281|015|08|WA|4715|EBD|31|51|2|Z36|Dokumen Pengelolaan Kinerja Organisasi|0||0|||2.0|0|00
2026|01|528281|015|08|WA|4718|BMB|31|51|2|002|Kehumasan|0||0|||1.0|0|00
2026|01|528281|015|08|WA|4718|BMB|31|51|2|001|Pembinaan/Edukasi Publik|0||0|||2.0|0|00
2026|01|528281|015|08|WA|4719|EBA|31|51|2|994|Layanan Perkantoran|0||0|||12.0|0|00
2026|01|528281|015|08|WA|4719|EBA|31|51|2|004|Hasil Survey/Rekomendasi Kepuasan Pengguna Layanan|0||0|||2.0|0|00
2026|01|528281|015|08|WA|4719|EBC|31|51|2|001|Pengembangan SDM|0||0|||20.0|0|00
2026|01|528260|015|08|CD|6212|BMB|17|51|2|001|Dukungan Pemberdayaan UMKM untuk Inklusi Pemanfaatan Digipay|0||0|||1.0|0|00
2026|01|528260|015|08|CD|6212|FAC|17|51|2|002|Bimbingan Teknis Pengelola Keuangan BLU|0||0|||10.0|0|00
2026|01|528260|015|08|CD|6212|FAH|17|51|2|003|Komunikasi dan Edukasi Penyusunan LKKL dan LKBUN|0||0|||4.0|0|00
2026|01|528260|015|08|CD|6212|FAH|17|51|2|002|Komunikasi dan Edukasi Dalam Rangka Penyusunan Government Financial Statistic (GFS)|0||0|||8.0|0|00
2026|01|528260|015|08|CD|6212|FAL|17|51|2|001|Pembinaan Pelaksanaan Anggaran|0||0|||8.0|0|00
2026|01|528260|015|08|CD|6213|ABA|17|51|2|001|Kajian atas Peluang Investasi dan Pinjaman Daerah|0||0|||2.0|0|00
2026|01|528260|015|08|CD|6213|FAE|17|51|2|009|Rekomendasi atas Kinerja Investasi Pemerintah|0||0|||2.0|0|00
2026|01|528260|015|08|CD|6213|FAE|17|51|2|008|ALCo Regional|0||0|||2.0|0|00
2026|01|528260|015|08|CD|6213|FAL|17|51|2|003|Reviu Belanja Pemerintah|0||0|||4.0|0|00
2026|01|528260|015|08|CD|6215|FAH|17|51|2|003|Laporan Keuangan BUN|0||0|||4.0|0|00
2026|01|528260|015|08|CD|6215|FAH|17|51|2|001|Government Financial Statistic (GFS)|0||0|||4.0|0|00
2026|01|528260|015|08|CD|6216|FAE|17|51|2|002|Rekomendasi Tarif Standar Biaya Masukan|0||0|||1.0|0|00
2026|01|528260|015|08|WA|4715|EBA|17|51|2|001|Kerumahtanggaan|0||0|||1.0|0|00
2026|01|528260|015|08|WA|4715|EBA|17|51|2|994|Layanan Perkantoran|0||0|||1.0|0|00
2026|01|528260|015|08|WA|4715|EBA|17|51|2|002|Dukungan Pimpinan dan Keprotokoleran|0||0|||1.0|0|00
2026|01|528260|015|08|WA|4715|EBD|17|51|2|Z36|Dokumen Pengelolaan Kinerja Organisasi|0||0|||4.0|0|00
2026|01|528260|015|08|WA|4715|EBD|17|51|2|Z26|Laporan Keuangan Unit|0||0|||2.0|0|00
2026|01|528260|015|08|WA|4718|BMB|17|51|2|002|Kehumasan|0||0|||4.0|0|00
2026|01|528260|015|08|WA|4718|BMB|17|51|2|001|Pembinaan/Edukasi Publik|0||0|||2.0|0|00
2026|01|528260|015|08|WA|4719|EBA|17|51|2|003|Rekomendasi Pengelolaan Organisasi|0||0|||9.0|0|00
2026|01|528260|015|08|WA|4719|EBA|17|51|2|994|Layanan Perkantoran|0||0|||1.0|0|00
2026|01|528260|015|08|WA|4719|EBA|17|51|2|005|Standar Mutu Layanan - ISO Mutu Layanan|0||0|||10.0|0|00
2026|01|528260|015|08|WA|4719|EBC|17|51|2|001|Pengembangan SDM|0||0|||46.0|0|00
2026|01|528260|015|08|WA|4722|EBD|17|51|2|001|Rekomendasi Penerapan Pengelolaan Risiko, Pengendalian dan Pengawasan Internal|0||0|||2.0|0|00
2026|01|528345|015|08|CD|6212|BMB|18|03|2|001|Dukungan Pemberdayaan UMKM untuk Inklusi Pemanfaatan Digipay|0||0|||1.0|0|00
2026|01|528345|015|08|CD|6212|FAC|18|03|2|001|Komunikasi dan Edukasi Implementasi Aplikasi|0||0|||31.0|0|00
2026|01|528345|015|08|CD|6212|FAH|18|03|2|001|Edukasi Dalam Rangka Penyusunan Laporan Keuangan Tingkat Kuasa BUN|0||0|||4.0|0|00
2026|01|528345|015|08|CD|6212|FAL|18|03|2|004|Konsultasi Pencairan Dana|0||0|||10.0|0|00
2026|01|528345|015|08|CD|6213|FAC|18|03|2|001|Monev Pengembangan Kompetensi KPA, PPK, PPSPM, Bendahara dan Pengelola Perbendaharaan|0||0|||10.0|0|00
2026|01|528345|015|08|CD|6213|FAE|18|03|2|009|Rekomendasi atas Kinerja Investasi Pemerintah|0||0|||2.0|0|00
2026|01|528345|015|08|CD|6213|FAL|18|03|2|003|Reviu Belanja Pemerintah|0||0|||1.0|0|00
2026|01|528345|015|08|CD|6214|FAL|18|03|2|002|Surat Perintah Pencairan/Penarikan/Repayment/Pengesahan Dana|0||0|||1392.0|0|00
2026|01|528345|015|08|CD|6215|FAH|18|03|2|003|Laporan Keuangan BUN|0||0|||4.0|0|00
2026|01|528345|015|08|WA|4715|EBA|18|03|2|001|Kerumahtanggaan|0||0|||12.0|0|00
2026|01|528345|015|08|WA|4715|EBA|18|03|2|994|Layanan Perkantoran|0||0|||12.0|0|00
2026|01|528345|015|08|WA|4715|EBA|18|03|2|002|Dukungan Pimpinan dan Keprotokoleran|0||0|||12.0|0|00
2026|01|528345|015|08|WA|4715|EBD|18|03|2|Z36|Dokumen Pengelolaan Kinerja Organisasi|0||0|||2.0|0|00
2026|01|528345|015|08|WA|4718|BMB|18|03|2|002|Kehumasan|0||0|||1.0|0|00
2026|01|528345|015|08|WA|4718|BMB|18|03|2|001|Pembinaan/Edukasi Publik|0||0|||2.0|0|00
2026|01|528345|015|08|WA|4719|EBA|18|03|2|994|Layanan Perkantoran|0||0|||12.0|0|00
2026|01|528345|015|08|WA|4719|EBA|18|03|2|004|Hasil Survey/Rekomendasi Kepuasan Pengguna Layanan|0||0|||2.0|0|00
2026|01|528345|015|08|WA|4719|EBC|18|03|2|001|Pengembangan SDM|0||0|||12.0|0|00
2026|01|528310|015|08|CD|6212|BMB|18|51|2|001|Dukungan Pemberdayaan UMKM untuk Inklusi Pemanfaatan Digipay|0||0|||1.0|0|00
2026|01|528310|015|08|CD|6212|FAC|18|51|2|001|Komunikasi dan Edukasi Implementasi Aplikasi|0||0|||256.0|0|00
2026|01|528310|015|08|CD|6212|FAH|18|51|2|001|Edukasi Dalam Rangka Penyusunan Laporan Keuangan Tingkat Kuasa BUN|0||0|||4.0|0|00
2026|01|528310|015|08|CD|6212|FAL|18|51|2|004|Konsultasi Pencairan Dana|0||0|||10.0|0|00
2026|01|528310|015|08|CD|6213|FAC|18|51|2|001|Monev Pengembangan Kompetensi KPA, PPK, PPSPM, Bendahara dan Pengelola Perbendaharaan|0||0|||10.0|0|00
2026|01|528310|015|08|CD|6213|FAE|18|51|2|009|Rekomendasi atas Kinerja Investasi Pemerintah|0||0|||2.0|0|00
2026|01|528310|015|08|CD|6213|FAL|18|51|2|003|Reviu Belanja Pemerintah|0||0|||1.0|0|00
2026|01|528310|015|08|CD|6214|FAL|18|51|2|002|Surat Perintah Pencairan/Penarikan/Repayment/Pengesahan Dana|0||0|||6024.0|0|00
2026|01|528310|015|08|CD|6215|FAH|18|51|2|003|Laporan Keuangan BUN|0||0|||4.0|0|00
2026|01|528310|015|08|WA|4715|EBA|18|51|2|001|Kerumahtanggaan|0||0|||12.0|0|00
2026|01|528310|015|08|WA|4715|EBA|18|51|2|994|Layanan Perkantoran|0||0|||12.0|0|00
2026|01|528310|015|08|WA|4715|EBA|18|51|2|002|Dukungan Pimpinan dan Keprotokoleran|0||0|||12.0|0|00
2026|01|528310|015|08|WA|4715|EBD|18|51|2|Z36|Dokumen Pengelolaan Kinerja Organisasi|0||0|||2.0|0|00
2026|01|528310|015|08|WA|4718|BMB|18|51|2|002|Kehumasan|0||0|||1.0|0|00
2026|01|528310|015|08|WA|4718|BMB|18|51|2|001|Pembinaan/Edukasi Publik|0||0|||2.0|0|00
2026|01|528310|015|08|WA|4719|EBA|18|51|2|994|Layanan Perkantoran|0||0|||12.0|0|00
2026|01|528310|015|08|WA|4719|EBA|18|51|2|004|Hasil Survey/Rekomendasi Kepuasan Pengguna Layanan|0||0|||2.0|0|00
2026|01|528310|015|08|WA|4719|EBC|18|51|2|001|Pengembangan SDM|0||0|||25.0|0|00
2026|01|528324|015|08|CD|6212|BMB|18|04|2|001|Dukungan Pemberdayaan UMKM untuk Inklusi Pemanfaatan Digipay|0||0|||1.0|0|00
2026|01|528324|015|08|CD|6212|FAC|18|04|2|001|Komunikasi dan Edukasi Implementasi Aplikasi|0||0|||33.0|0|00
2026|01|528324|015|08|CD|6212|FAH|18|04|2|001|Edukasi Dalam Rangka Penyusunan Laporan Keuangan Tingkat Kuasa BUN|0||0|||4.0|0|00
2026|01|528324|015|08|CD|6212|FAL|18|04|2|004|Konsultasi Pencairan Dana|0||0|||10.0|0|00
2026|01|528324|015|08|CD|6213|FAC|18|04|2|001|Monev Pengembangan Kompetensi KPA, PPK, PPSPM, Bendahara dan Pengelola Perbendaharaan|0||0|||10.0|0|00
2026|01|528324|015|08|CD|6213|FAE|18|04|2|009|Rekomendasi atas Kinerja Investasi Pemerintah|0||0|||2.0|0|00
2026|01|528324|015|08|CD|6213|FAL|18|04|2|003|Reviu Belanja Pemerintah|0||0|||1.0|0|00
2026|01|528324|015|08|CD|6214|FAL|18|04|2|002|Surat Perintah Pencairan/Penarikan/Repayment/Pengesahan Dana|0||0|||1440.0|0|00
2026|01|528324|015|08|CD|6215|FAH|18|04|2|003|Laporan Keuangan BUN|0||0|||4.0|0|00
2026|01|528324|015|08|WA|4715|EBA|18|04|2|001|Kerumahtanggaan|0||0|||12.0|0|00
2026|01|528324|015|08|WA|4715|EBA|18|04|2|994|Layanan Perkantoran|0||0|||12.0|0|00
2026|01|528324|015|08|WA|4715|EBA|18|04|2|002|Dukungan Pimpinan dan Keprotokoleran|0||0|||12.0|0|00
2026|01|528324|015|08|WA|4715|EBD|18|04|2|Z36|Dokumen Pengelolaan Kinerja Organisasi|0||0|||2.0|0|00
2026|01|528324|015|08|WA|4718|BMB|18|04|2|002|Kehumasan|0||0|||1.0|0|00
2026|01|528324|015|08|WA|4718|BMB|18|04|2|001|Pembinaan/Edukasi Publik|0||0|||2.0|0|00
2026|01|528324|015|08|WA|4719|EBA|18|04|2|994|Layanan Perkantoran|0||0|||12.0|0|00
2026|01|528324|015|08|WA|4719|EBA|18|04|2|004|Hasil Survey/Rekomendasi Kepuasan Pengguna Layanan|0||0|||2.0|0|00
2026|01|528324|015|08|WA|4719|EBC|18|04|2|001|Pengembangan SDM|0||0|||12.0|0|00
2026|01|528331|015|08|CD|6212|BMB|18|01|2|001|Dukungan Pemberdayaan UMKM untuk Inklusi Pemanfaatan Digipay|0||0|||1.0|0|00
2026|01|528331|015|08|CD|6212|FAC|18|01|2|001|Komunikasi dan Edukasi Implementasi Aplikasi|0||0|||90.0|0|00
2026|01|528331|015|08|CD|6212|FAH|18|01|2|001|Edukasi Dalam Rangka Penyusunan Laporan Keuangan Tingkat Kuasa BUN|0||0|||4.0|0|00
2026|01|528331|015|08|CD|6212|FAL|18|01|2|004|Konsultasi Pencairan Dana|0||0|||10.0|0|00
2026|01|528331|015|08|CD|6213|FAC|18|01|2|001|Monev Pengembangan Kompetensi KPA, PPK, PPSPM, Bendahara dan Pengelola Perbendaharaan|0||0|||10.0|0|00
2026|01|528331|015|08|CD|6213|FAE|18|01|2|009|Rekomendasi atas Kinerja Investasi Pemerintah|0||0|||2.0|0|00
2026|01|528331|015|08|CD|6213|FAL|18|01|2|003|Reviu Belanja Pemerintah|0||0|||1.0|0|00
2026|01|528331|015|08|CD|6214|FAL|18|01|2|002|Surat Perintah Pencairan/Penarikan/Repayment/Pengesahan Dana|0||0|||2064.0|0|00
2026|01|528331|015|08|CD|6215|FAH|18|01|2|003|Laporan Keuangan BUN|0||0|||4.0|0|00
2026|01|528331|015|08|WA|4715|EBA|18|01|2|001|Kerumahtanggaan|0||0|||12.0|0|00
2026|01|528331|015|08|WA|4715|EBA|18|01|2|994|Layanan Perkantoran|0||0|||12.0|0|00
2026|01|528331|015|08|WA|4715|EBA|18|01|2|002|Dukungan Pimpinan dan Keprotokoleran|0||0|||12.0|0|00
2026|01|528331|015|08|WA|4715|EBD|18|01|2|Z36|Dokumen Pengelolaan Kinerja Organisasi|0||0|||2.0|0|00
2026|01|528331|015|08|WA|4718|BMB|18|01|2|002|Kehumasan|0||0|||1.0|0|00
2026|01|528331|015|08|WA|4718|BMB|18|01|2|001|Pembinaan/Edukasi Publik|0||0|||2.0|0|00
2026|01|528331|015|08|WA|4719|EBA|18|01|2|994|Layanan Perkantoran|0||0|||12.0|0|00
2026|01|528331|015|08|WA|4719|EBA|18|01|2|004|Hasil Survey/Rekomendasi Kepuasan Pengguna Layanan|0||0|||2.0|0|00
2026|01|528331|015|08|WA|4719|EBC|18|01|2|001|Pengembangan SDM|0||0|||12.0|0|00
2026|01|528366|015|08|CD|6212|BMB|19|51|2|001|Dukungan Pemberdayaan UMKM untuk Inklusi Pemanfaatan Digipay|0||0|||1.0|0|00
2026|01|528366|015|08|CD|6212|FAC|19|51|2|002|Bimbingan Teknis Pengelola Keuangan BLU|0||0|||172.0|0|00
2026|01|528366|015|08|CD|6212|FAH|19|51|2|003|Komunikasi dan Edukasi Penyusunan LKKL dan LKBUN|0||0|||4.0|0|00
2026|01|528366|015|08|CD|6212|FAH|19|51|2|002|Komunikasi dan Edukasi Dalam Rangka Penyusunan Government Financial Statistic (GFS)|0||0|||8.0|0|00
2026|01|528366|015|08|CD|6212|FAL|19|51|2|001|Pembinaan Pelaksanaan Anggaran|0||0|||8.0|0|00
2026|01|528366|015|08|CD|6213|ABA|19|51|2|001|Kajian atas Peluang Investasi dan Pinjaman Daerah|0||0|||2.0|0|00
2026|01|528366|015|08|CD|6213|FAE|19|51|2|009|Rekomendasi atas Kinerja Investasi Pemerintah|0||0|||2.0|0|00
2026|01|528366|015|08|CD|6213|FAE|19|51|2|008|ALCo Regional|0||0|||4.0|0|00
2026|01|528366|015|08|CD|6213|FAL|19|51|2|003|Reviu Belanja Pemerintah|0||0|||4.0|0|00
2026|01|528366|015|08|CD|6215|FAH|19|51|2|003|Laporan Keuangan BUN|0||0|||4.0|0|00
2026|01|528366|015|08|CD|6215|FAH|19|51|2|001|Government Financial Statistic (GFS)|0||0|||4.0|0|00
2026|01|528366|015|08|CD|6216|FAE|19|51|2|002|Rekomendasi Tarif Standar Biaya Masukan|0||0|||1.0|0|00
2026|01|528366|015|08|WA|4715|EBA|19|51|2|001|Kerumahtanggaan|0||0|||12.0|0|00
2026|01|528366|015|08|WA|4715|EBA|19|51|2|994|Layanan Perkantoran|0||0|||12.0|0|00
2026|01|528366|015|08|WA|4715|EBA|19|51|2|002|Dukungan Pimpinan dan Keprotokoleran|0||0|||12.0|0|00
2026|01|528366|015|08|WA|4715|EBD|19|51|2|Z36|Dokumen Pengelolaan Kinerja Organisasi|0||0|||4.0|0|00
2026|01|528366|015|08|WA|4715|EBD|19|51|2|Z26|Laporan Keuangan Unit|0||0|||2.0|0|00
2026|01|528366|015|08|WA|4718|BMB|19|51|2|002|Kehumasan|0||0|||4.0|0|00
2026|01|528366|015|08|WA|4718|BMB|19|51|2|001|Pembinaan/Edukasi Publik|0||0|||2.0|0|00
2026|01|528366|015|08|WA|4719|EBA|19|51|2|003|Rekomendasi Pengelolaan Organisasi|0||0|||19.0|0|00
2026|01|528366|015|08|WA|4719|EBA|19|51|2|994|Layanan Perkantoran|0||0|||12.0|0|00
2026|01|528366|015|08|WA|4719|EBA|19|51|2|005|Standar Mutu Layanan - ISO Mutu Layanan|0||0|||20.0|0|00
2026|01|528366|015|08|WA|4719|EBC|19|51|2|001|Pengembangan SDM|0||0|||56.0|0|00
2026|01|528366|015|08|WA|4722|EBD|19|51|2|001|Rekomendasi Penerapan Pengelolaan Risiko, Pengendalian dan Pengawasan Internal|0||0|||2.0|0|00
2026|01|528387|015|08|CD|6212|BMB|19|52|2|001|Dukungan Pemberdayaan UMKM untuk Inklusi Pemanfaatan Digipay|0||0|||1.0|0|00
2026|01|528387|015|08|CD|6212|FAC|19|52|2|001|Komunikasi dan Edukasi Implementasi Aplikasi|0||0|||57.0|0|00
2026|01|528387|015|08|CD|6212|FAH|19|52|2|001|Edukasi Dalam Rangka Penyusunan Laporan Keuangan Tingkat Kuasa BUN|0||0|||4.0|0|00
2026|01|528387|015|08|CD|6212|FAL|19|52|2|004|Konsultasi Pencairan Dana|0||0|||10.0|0|00
2026|01|528387|015|08|CD|6213|FAC|19|52|2|001|Monev Pengembangan Kompetensi KPA, PPK, PPSPM, Bendahara dan Pengelola Perbendaharaan|0||0|||10.0|0|00
2026|01|528387|015|08|CD|6213|FAE|19|52|2|009|Rekomendasi atas Kinerja Investasi Pemerintah|0||0|||2.0|0|00
2026|01|528387|015|08|CD|6213|FAL|19|52|2|003|Reviu Belanja Pemerintah|0||0|||1.0|0|00
2026|01|528387|015|08|CD|6214|FAL|19|52|2|002|Surat Perintah Pencairan/Penarikan/Repayment/Pengesahan Dana|0||0|||2472.0|0|00
2026|01|528387|015|08|CD|6215|FAH|19|52|2|003|Laporan Keuangan BUN|0||0|||4.0|0|00
2026|01|528387|015|08|WA|4715|EBA|19|52|2|001|Kerumahtanggaan|0||0|||12.0|0|00
2026|01|528387|015|08|WA|4715|EBA|19|52|2|994|Layanan Perkantoran|0||0|||12.0|0|00
2026|01|528387|015|08|WA|4715|EBA|19|52|2|002|Dukungan Pimpinan dan Keprotokoleran|0||0|||12.0|0|00
2026|01|528387|015|08|WA|4715|EBD|19|52|2|Z36|Dokumen Pengelolaan Kinerja Organisasi|0||0|||2.0|0|00
2026|01|528387|015|08|WA|4718|BMB|19|52|2|002|Kehumasan|0||0|||1.0|0|00
2026|01|528387|015|08|WA|4718|BMB|19|52|2|001|Pembinaan/Edukasi Publik|0||0|||2.0|0|00
2026|01|528387|015|08|WA|4719|EBA|19|52|2|994|Layanan Perkantoran|0||0|||12.0|0|00
2026|01|528387|015|08|WA|4719|EBA|19|52|2|004|Hasil Survey/Rekomendasi Kepuasan Pengguna Layanan|0||0|||2.0|0|00
2026|01|528387|015|08|WA|4719|EBC|19|52|2|001|Pengembangan SDM|0||0|||21.0|0|00
2026|01|528370|015|08|CD|6212|BMB|19|51|2|001|Dukungan Pemberdayaan UMKM untuk Inklusi Pemanfaatan Digipay|0||0|||1.0|0|00
2026|01|528370|015|08|CD|6212|FAC|19|51|2|001|Komunikasi dan Edukasi Implementasi Aplikasi|0||0|||77.0|0|00
2026|01|528370|015|08|CD|6212|FAH|19|51|2|001|Edukasi Dalam Rangka Penyusunan Laporan Keuangan Tingkat Kuasa BUN|0||0|||4.0|0|00
2026|01|528370|015|08|CD|6212|FAL|19|51|2|004|Konsultasi Pencairan Dana|0||0|||10.0|0|00
2026|01|528370|015|08|CD|6213|FAC|19|51|2|001|Monev Pengembangan Kompetensi KPA, PPK, PPSPM, Bendahara dan Pengelola Perbendaharaan|0||0|||10.0|0|00
2026|01|528370|015|08|CD|6213|FAE|19|51|2|009|Rekomendasi atas Kinerja Investasi Pemerintah|0||0|||2.0|0|00
2026|01|528370|015|08|CD|6213|FAL|19|51|2|003|Reviu Belanja Pemerintah|0||0|||1.0|0|00
2026|01|528370|015|08|CD|6214|FAL|19|51|2|002|Surat Perintah Pencairan/Penarikan/Repayment/Pengesahan Dana|0||0|||3552.0|0|00
2026|01|528370|015|08|CD|6215|FAH|19|51|2|003|Laporan Keuangan BUN|0||0|||4.0|0|00
2026|01|528370|015|08|WA|4715|EBA|19|51|2|001|Kerumahtanggaan|0||0|||12.0|0|00
2026|01|528370|015|08|WA|4715|EBA|19|51|2|994|Layanan Perkantoran|0||0|||12.0|0|00
2026|01|528370|015|08|WA|4715|EBA|19|51|2|002|Dukungan Pimpinan dan Keprotokoleran|0||0|||12.0|0|00
2026|01|528370|015|08|WA|4715|EBD|19|51|2|Z36|Dokumen Pengelolaan Kinerja Organisasi|0||0|||2.0|0|00
2026|01|528370|015|08|WA|4718|BMB|19|51|2|002|Kehumasan|0||0|||1.0|0|00
2026|01|528370|015|08|WA|4718|BMB|19|51|2|001|Pembinaan/Edukasi Publik|0||0|||2.0|0|00
2026|01|528370|015|08|WA|4719|EBA|19|51|2|994|Layanan Perkantoran|0||0|||12.0|0|00
2026|01|528370|015|08|WA|4719|EBA|19|51|2|004|Hasil Survey/Rekomendasi Kepuasan Pengguna Layanan|0||0|||2.0|0|00
2026|01|528370|015|08|WA|4719|EBC|19|51|2|001|Pengembangan SDM|0||0|||24.0|0|00
2026|01|528391|015|08|CD|6212|BMB|19|12|2|001|Dukungan Pemberdayaan UMKM untuk Inklusi Pemanfaatan Digipay|0||0|||1.0|0|00
2026|01|528391|015|08|CD|6212|FAC|19|12|2|001|Komunikasi dan Edukasi Implementasi Aplikasi|0||0|||39.0|0|00
2026|01|528391|015|08|CD|6212|FAH|19|12|2|001|Edukasi Dalam Rangka Penyusunan Laporan Keuangan Tingkat Kuasa BUN|0||0|||4.0|0|00
2026|01|528391|015|08|CD|6212|FAL|19|12|2|004|Konsultasi Pencairan Dana|0||0|||10.0|0|00
2026|01|528391|015|08|CD|6213|FAC|19|12|2|001|Monev Pengembangan Kompetensi KPA, PPK, PPSPM, Bendahara dan Pengelola Perbendaharaan|0||0|||10.0|0|00
2026|01|528391|015|08|CD|6213|FAE|19|12|2|009|Rekomendasi atas Kinerja Investasi Pemerintah|0||0|||2.0|0|00
2026|01|528391|015|08|CD|6213|FAL|19|12|2|003|Reviu Belanja Pemerintah|0||0|||1.0|0|00
2026|01|528391|015|08|CD|6214|FAL|19|12|2|002|Surat Perintah Pencairan/Penarikan/Repayment/Pengesahan Dana|0||0|||1704.0|0|00
2026|01|528391|015|08|CD|6215|FAH|19|12|2|003|Laporan Keuangan BUN|0||0|||4.0|0|00
2026|01|528391|015|08|WA|4715|EBA|19|12|2|001|Kerumahtanggaan|0||0|||12.0|0|00
2026|01|528391|015|08|WA|4715|EBA|19|12|2|994|Layanan Perkantoran|0||0|||12.0|0|00
2026|01|528391|015|08|WA|4715|EBA|19|12|2|002|Dukungan Pimpinan dan Keprotokoleran|0||0|||12.0|0|00
2026|01|528391|015|08|WA|4715|EBD|19|12|2|Z36|Dokumen Pengelolaan Kinerja Organisasi|0||0|||2.0|0|00
2026|01|528391|015|08|WA|4718|BMB|19|12|2|002|Kehumasan|0||0|||1.0|0|00
2026|01|528391|015|08|WA|4718|BMB|19|12|2|001|Pembinaan/Edukasi Publik|0||0|||2.0|0|00
2026|01|528391|015|08|WA|4719|EBA|19|12|2|994|Layanan Perkantoran|0||0|||12.0|0|00
2026|01|528391|015|08|WA|4719|EBA|19|12|2|004|Hasil Survey/Rekomendasi Kepuasan Pengguna Layanan|0||0|||2.0|0|00
2026|01|528391|015|08|WA|4719|EBC|19|12|2|001|Pengembangan SDM|0||0|||16.0|0|00
2026|01|528413|015|08|CD|6212|BMB|34|01|2|001|Dukungan Pemberdayaan UMKM untuk Inklusi Pemanfaatan Digipay|0||0|||1.0|0|00
2026|01|528413|015|08|CD|6212|FAC|34|01|2|001|Komunikasi dan Edukasi Implementasi Aplikasi|0||0|||69.0|0|00
2026|01|528413|015|08|CD|6212|FAH|34|01|2|001|Edukasi Dalam Rangka Penyusunan Laporan Keuangan Tingkat Kuasa BUN|0||0|||4.0|0|00
2026|01|528413|015|08|CD|6212|FAL|34|01|2|004|Konsultasi Pencairan Dana|0||0|||10.0|0|00
2026|01|528413|015|08|CD|6213|FAC|34|01|2|001|Monev Pengembangan Kompetensi KPA, PPK, PPSPM, Bendahara dan Pengelola Perbendaharaan|0||0|||10.0|0|00
2026|01|528413|015|08|CD|6213|FAE|34|01|2|009|Rekomendasi atas Kinerja Investasi Pemerintah|0||0|||2.0|0|00
2026|01|528413|015|08|CD|6213|FAL|34|01|2|003|Reviu Belanja Pemerintah|0||0|||1.0|0|00
2026|01|528413|015|08|CD|6214|FAL|34|01|2|002|Surat Perintah Pencairan/Penarikan/Repayment/Pengesahan Dana|0||0|||1584.0|0|00
2026|01|528413|015|08|CD|6215|FAH|34|01|2|003|Laporan Keuangan BUN|0||0|||4.0|0|00
2026|01|528413|015|08|WA|4715|EBA|34|01|2|001|Kerumahtanggaan|0||0|||1.0|0|00
2026|01|528413|015|08|WA|4715|EBA|34|01|2|994|Layanan Perkantoran|0||0|||1.0|0|00
2026|01|528413|015|08|WA|4715|EBA|34|01|2|002|Dukungan Pimpinan dan Keprotokoleran|0||0|||1.0|0|00
2026|01|528413|015|08|WA|4715|EBD|34|01|2|Z36|Dokumen Pengelolaan Kinerja Organisasi|0||0|||2.0|0|00
2026|01|528413|015|08|WA|4718|BMB|34|01|2|002|Kehumasan|0||0|||1.0|0|00
2026|01|528413|015|08|WA|4718|BMB|34|01|2|001|Pembinaan/Edukasi Publik|0||0|||2.0|0|00
2026|01|528413|015|08|WA|4719|EBA|34|01|2|994|Layanan Perkantoran|0||0|||1.0|0|00
2026|01|528413|015|08|WA|4719|EBA|34|01|2|004|Hasil Survey/Rekomendasi Kepuasan Pengguna Layanan|0||0|||2.0|0|00
2026|01|528413|015|08|WA|4719|EBC|34|01|2|001|Pengembangan SDM|0||0|||13.0|0|00
2026|01|528409|015|08|CD|6212|BMB|19|53|2|001|Dukungan Pemberdayaan UMKM untuk Inklusi Pemanfaatan Digipay|0||0|||1.0|0|00
2026|01|528409|015|08|CD|6212|FAC|19|53|2|001|Komunikasi dan Edukasi Implementasi Aplikasi|0||0|||52.0|0|00
2026|01|528409|015|08|CD|6212|FAH|19|53|2|001|Edukasi Dalam Rangka Penyusunan Laporan Keuangan Tingkat Kuasa BUN|0||0|||4.0|0|00
2026|01|528409|015|08|CD|6212|FAL|19|53|2|004|Konsultasi Pencairan Dana|0||0|||10.0|0|00
2026|01|528409|015|08|CD|6213|FAC|19|53|2|001|Monev Pengembangan Kompetensi KPA, PPK, PPSPM, Bendahara dan Pengelola Perbendaharaan|0||0|||10.0|0|00
2026|01|528409|015|08|CD|6213|FAE|19|53|2|009|Rekomendasi atas Kinerja Investasi Pemerintah|0||0|||2.0|0|00
2026|01|528409|015|08|CD|6213|FAL|19|53|2|003|Reviu Belanja Pemerintah|0||0|||1.0|0|00
2026|01|528409|015|08|CD|6214|FAL|19|53|2|002|Surat Perintah Pencairan/Penarikan/Repayment/Pengesahan Dana|0||0|||2280.0|0|00
2026|01|528409|015|08|CD|6215|FAH|19|53|2|003|Laporan Keuangan BUN|0||0|||4.0|0|00
2026|01|528409|015|08|WA|4715|EBA|19|53|2|001|Kerumahtanggaan|0||0|||12.0|0|00
2026|01|528409|015|08|WA|4715|EBA|19|53|2|994|Layanan Perkantoran|0||0|||12.0|0|00
2026|01|528409|015|08|WA|4715|EBA|19|53|2|002|Dukungan Pimpinan dan Keprotokoleran|0||0|||12.0|0|00
2026|01|528409|015|08|WA|4715|EBD|19|53|2|Z36|Dokumen Pengelolaan Kinerja Organisasi|0||0|||2.0|0|00
2026|01|528409|015|08|WA|4718|BMB|19|53|2|002|Kehumasan|0||0|||1.0|0|00
2026|01|528409|015|08|WA|4718|BMB|19|53|2|001|Pembinaan/Edukasi Publik|0||0|||2.0|0|00
2026|01|528409|015|08|WA|4719|EBA|19|53|2|994|Layanan Perkantoran|0||0|||12.0|0|00
2026|01|528409|015|08|WA|4719|EBA|19|53|2|004|Hasil Survey/Rekomendasi Kepuasan Pengguna Layanan|0||0|||2.0|0|00
2026|01|528409|015|08|WA|4719|EBC|19|53|2|001|Pengembangan SDM|0||0|||17.0|0|00
2026|01|528420|015|08|CD|6212|BMB|19|05|2|001|Dukungan Pemberdayaan UMKM untuk Inklusi Pemanfaatan Digipay|0||0|||1.0|0|00
2026|01|528420|015|08|CD|6212|FAC|19|05|2|001|Komunikasi dan Edukasi Implementasi Aplikasi|0||0|||41.0|0|00
2026|01|528420|015|08|CD|6212|FAH|19|05|2|001|Edukasi Dalam Rangka Penyusunan Laporan Keuangan Tingkat Kuasa BUN|0||0|||4.0|0|00
2026|01|528420|015|08|CD|6212|FAL|19|05|2|004|Konsultasi Pencairan Dana|0||0|||10.0|0|00
2026|01|528420|015|08|CD|6213|FAC|19|05|2|001|Monev Pengembangan Kompetensi KPA, PPK, PPSPM, Bendahara dan Pengelola Perbendaharaan|0||0|||10.0|0|00
2026|01|528420|015|08|CD|6213|FAE|19|05|2|009|Rekomendasi atas Kinerja Investasi Pemerintah|0||0|||2.0|0|00
2026|01|528420|015|08|CD|6213|FAL|19|05|2|003|Reviu Belanja Pemerintah|0||0|||1.0|0|00
2026|01|528420|015|08|CD|6214|FAL|19|05|2|002|Surat Perintah Pencairan/Penarikan/Repayment/Pengesahan Dana|0||0|||1824.0|0|00
2026|01|528420|015|08|CD|6215|FAH|19|05|2|003|Laporan Keuangan BUN|0||0|||4.0|0|00
2026|01|528420|015|08|WA|4715|EBA|19|05|2|001|Kerumahtanggaan|0||0|||12.0|0|00
2026|01|528420|015|08|WA|4715|EBA|19|05|2|994|Layanan Perkantoran|0||0|||12.0|0|00
2026|01|528420|015|08|WA|4715|EBA|19|05|2|002|Dukungan Pimpinan dan Keprotokoleran|0||0|||12.0|0|00
2026|01|528420|015|08|WA|4715|EBD|19|05|2|Z36|Dokumen Pengelolaan Kinerja Organisasi|0||0|||2.0|0|00
2026|01|528420|015|08|WA|4718|BMB|19|05|2|002|Kehumasan|0||0|||1.0|0|00
2026|01|528420|015|08|WA|4718|BMB|19|05|2|001|Pembinaan/Edukasi Publik|0||0|||2.0|0|00
2026|01|528420|015|08|WA|4719|EBA|19|05|2|994|Layanan Perkantoran|0||0|||12.0|0|00
2026|01|528420|015|08|WA|4719|EBA|19|05|2|004|Hasil Survey/Rekomendasi Kepuasan Pengguna Layanan|0||0|||2.0|0|00
2026|01|528420|015|08|WA|4719|EBC|19|05|2|001|Pengembangan SDM|0||0|||12.0|0|00
2026|01|528455|015|08|CD|6212|BMB|20|52|2|001|Dukungan Pemberdayaan UMKM untuk Inklusi Pemanfaatan Digipay|0||0|||1.0|0|00
2026|01|528455|015|08|CD|6212|FAC|20|52|2|001|Komunikasi dan Edukasi Implementasi Aplikasi|0||0|||60.0|0|00
2026|01|528455|015|08|CD|6212|FAH|20|52|2|001|Edukasi Dalam Rangka Penyusunan Laporan Keuangan Tingkat Kuasa BUN|0||0|||4.0|0|00
2026|01|528455|015|08|CD|6212|FAL|20|52|2|004|Konsultasi Pencairan Dana|0||0|||10.0|0|00
2026|01|528455|015|08|CD|6213|FAC|20|52|2|001|Monev Pengembangan Kompetensi KPA, PPK, PPSPM, Bendahara dan Pengelola Perbendaharaan|0||0|||10.0|0|00
2026|01|528455|015|08|CD|6213|FAE|20|52|2|009|Rekomendasi atas Kinerja Investasi Pemerintah|0||0|||2.0|0|00
2026|01|528455|015|08|CD|6213|FAL|20|52|2|003|Reviu Belanja Pemerintah|0||0|||1.0|0|00
2026|01|528455|015|08|CD|6214|FAL|20|52|2|002|Surat Perintah Pencairan/Penarikan/Repayment/Pengesahan Dana|0||0|||2592.0|0|00
2026|01|528455|015|08|CD|6215|FAH|20|52|2|003|Laporan Keuangan BUN|0||0|||4.0|0|00
2026|01|528455|015|08|WA|4715|EBA|20|52|2|001|Kerumahtanggaan|0||0|||12.0|0|00
2026|01|528455|015|08|WA|4715|EBA|20|52|2|994|Layanan Perkantoran|0||0|||12.0|0|00
2026|01|528455|015|08|WA|4715|EBA|20|52|2|002|Dukungan Pimpinan dan Keprotokoleran|0||0|||12.0|0|00
2026|01|528455|015|08|WA|4715|EBD|20|52|2|Z36|Dokumen Pengelolaan Kinerja Organisasi|0||0|||2.0|0|00
2026|01|528455|015|08|WA|4718|BMB|20|52|2|002|Kehumasan|0||0|||1.0|0|00
2026|01|528455|015|08|WA|4718|BMB|20|52|2|001|Pembinaan/Edukasi Publik|0||0|||2.0|0|00
2026|01|528455|015|08|WA|4719|EBA|20|52|2|994|Layanan Perkantoran|0||0|||12.0|0|00
2026|01|528455|015|08|WA|4719|EBA|20|52|2|004|Hasil Survey/Rekomendasi Kepuasan Pengguna Layanan|0||0|||2.0|0|00
2026|01|528455|015|08|WA|4719|EBC|20|52|2|001|Pengembangan SDM|0||0|||14.0|0|00
2026|01|528441|015|08|CD|6212|BMB|20|51|2|001|Dukungan Pemberdayaan UMKM untuk Inklusi Pemanfaatan Digipay|0||0|||1.0|0|00
2026|01|528441|015|08|CD|6212|FAC|20|51|2|001|Komunikasi dan Edukasi Implementasi Aplikasi|0||0|||267.0|0|00
2026|01|528441|015|08|CD|6212|FAH|20|51|2|001|Edukasi Dalam Rangka Penyusunan Laporan Keuangan Tingkat Kuasa BUN|0||0|||4.0|0|00
2026|01|528441|015|08|CD|6212|FAL|20|51|2|004|Konsultasi Pencairan Dana|0||0|||10.0|0|00
2026|01|528441|015|08|CD|6213|FAC|20|51|2|001|Monev Pengembangan Kompetensi KPA, PPK, PPSPM, Bendahara dan Pengelola Perbendaharaan|0||0|||10.0|0|00
2026|01|528441|015|08|CD|6213|FAE|20|51|2|009|Rekomendasi atas Kinerja Investasi Pemerintah|0||0|||2.0|0|00
2026|01|528441|015|08|CD|6213|FAL|20|51|2|003|Reviu Belanja Pemerintah|0||0|||1.0|0|00
2026|01|528441|015|08|CD|6214|FAL|20|51|2|002|Surat Perintah Pencairan/Penarikan/Repayment/Pengesahan Dana|0||0|||6240.0|0|00
2026|01|528441|015|08|CD|6215|FAH|20|51|2|003|Laporan Keuangan BUN|0||0|||4.0|0|00
2026|01|528441|015|08|WA|4715|EBA|20|51|2|001|Kerumahtanggaan|0||0|||12.0|0|00
2026|01|528441|015|08|WA|4715|EBA|20|51|2|994|Layanan Perkantoran|0||0|||1.0|0|00
2026|01|528441|015|08|WA|4715|EBA|20|51|2|002|Dukungan Pimpinan dan Keprotokoleran|0||0|||1.0|0|00
2026|01|528441|015|08|WA|4715|EBD|20|51|2|Z36|Dokumen Pengelolaan Kinerja Organisasi|0||0|||2.0|0|00
2026|01|528441|015|08|WA|4718|BMB|20|51|2|002|Kehumasan|0||0|||1.0|0|00
2026|01|528441|015|08|WA|4718|BMB|20|51|2|001|Pembinaan/Edukasi Publik|0||0|||2.0|0|00
2026|01|528441|015|08|WA|4719|EBA|20|51|2|994|Layanan Perkantoran|0||0|||12.0|0|00
2026|01|528441|015|08|WA|4719|EBA|20|51|2|004|Hasil Survey/Rekomendasi Kepuasan Pengguna Layanan|0||0|||2.0|0|00
2026|01|528441|015|08|WA|4719|EBC|20|51|2|001|Pengembangan SDM|0||0|||25.0|0|00
2026|01|528476|015|08|CD|6212|BMB|21|51|2|001|Dukungan Pemberdayaan UMKM untuk Inklusi Pemanfaatan Digipay|0||0|||1.0|0|00
2026|01|528476|015|08|CD|6212|FAC|21|51|2|002|Bimbingan Teknis Pengelola Keuangan BLU|0||0|||10.0|0|00
2026|01|528476|015|08|CD|6212|FAH|21|51|2|003|Komunikasi dan Edukasi Penyusunan LKKL dan LKBUN|0||0|||4.0|0|00
2026|01|528476|015|08|CD|6212|FAH|21|51|2|002|Komunikasi dan Edukasi Dalam Rangka Penyusunan Government Financial Statistic (GFS)|0||0|||8.0|0|00
2026|01|528476|015|08|CD|6212|FAL|21|51|2|001|Pembinaan Pelaksanaan Anggaran|0||0|||8.0|0|00
2026|01|528476|015|08|CD|6213|ABA|21|51|2|001|Kajian atas Peluang Investasi dan Pinjaman Daerah|0||0|||2.0|0|00
2026|01|528476|015|08|CD|6213|FAE|21|51|2|009|Rekomendasi atas Kinerja Investasi Pemerintah|0||0|||2.0|0|00
2026|01|528476|015|08|CD|6213|FAE|21|51|2|008|ALCo Regional|0||0|||2.0|0|00
2026|01|528476|015|08|CD|6213|FAL|21|51|2|003|Reviu Belanja Pemerintah|0||0|||4.0|0|00
2026|01|528476|015|08|CD|6215|FAH|21|51|2|003|Laporan Keuangan BUN|0||0|||4.0|0|00
2026|01|528476|015|08|CD|6215|FAH|21|51|2|001|Government Financial Statistic (GFS)|0||0|||4.0|0|00
2026|01|528476|015|08|CD|6216|FAE|21|51|2|002|Rekomendasi Tarif Standar Biaya Masukan|0||0|||2.0|0|00
2026|01|528476|015|08|WA|4715|EBA|21|51|2|001|Kerumahtanggaan|0||0|||12.0|0|00
2026|01|528476|015|08|WA|4715|EBA|21|51|2|994|Layanan Perkantoran|0||0|||12.0|0|00
2026|01|528476|015|08|WA|4715|EBA|21|51|2|002|Dukungan Pimpinan dan Keprotokoleran|0||0|||12.0|0|00
2026|01|528476|015|08|WA|4715|EBD|21|51|2|Z36|Dokumen Pengelolaan Kinerja Organisasi|0||0|||4.0|0|00
2026|01|528476|015|08|WA|4715|EBD|21|51|2|Z26|Laporan Keuangan Unit|0||0|||2.0|0|00
2026|01|528476|015|08|WA|4718|BMB|21|51|2|002|Kehumasan|0||0|||4.0|0|00
2026|01|528476|015|08|WA|4718|BMB|21|51|2|001|Pembinaan/Edukasi Publik|0||0|||2.0|0|00
2026|01|528476|015|08|WA|4719|EBA|21|51|2|003|Rekomendasi Pengelolaan Organisasi|0||0|||21.0|0|00
2026|01|528476|015|08|WA|4719|EBA|21|51|2|994|Layanan Perkantoran|0||0|||12.0|0|00
2026|01|528476|015|08|WA|4719|EBA|21|51|2|005|Standar Mutu Layanan - ISO Mutu Layanan|0||0|||22.0|0|00
2026|01|528476|015|08|WA|4719|EBC|21|51|2|001|Pengembangan SDM|0||0|||42.0|0|00
2026|01|528476|015|08|WA|4722|EBD|21|51|2|001|Rekomendasi Penerapan Pengelolaan Risiko, Pengendalian dan Pengawasan Internal|0||0|||2.0|0|00
2026|01|528480|015|08|CD|6212|BMB|21|51|2|001|Dukungan Pemberdayaan UMKM untuk Inklusi Pemanfaatan Digipay|0||0|||1.0|0|00
2026|01|528480|015|08|CD|6212|FAC|21|51|2|001|Komunikasi dan Edukasi Implementasi Aplikasi|0||0|||235.0|0|00
2026|01|528480|015|08|CD|6212|FAH|21|51|2|001|Edukasi Dalam Rangka Penyusunan Laporan Keuangan Tingkat Kuasa BUN|0||0|||4.0|0|00
2026|01|528480|015|08|CD|6212|FAL|21|51|2|004|Konsultasi Pencairan Dana|0||0|||10.0|0|00
2026|01|528480|015|08|CD|6213|FAC|21|51|2|001|Monev Pengembangan Kompetensi KPA, PPK, PPSPM, Bendahara dan Pengelola Perbendaharaan|0||0|||10.0|0|00
2026|01|528480|015|08|CD|6213|FAE|21|51|2|009|Rekomendasi atas Kinerja Investasi Pemerintah|0||0|||2.0|0|00
2026|01|528480|015|08|CD|6213|FAL|21|51|2|003|Reviu Belanja Pemerintah|0||0|||1.0|0|00
2026|01|528480|015|08|CD|6214|FAL|21|51|2|002|Surat Perintah Pencairan/Penarikan/Repayment/Pengesahan Dana|0||0|||5448.0|0|00
2026|01|528480|015|08|CD|6215|FAH|21|51|2|003|Laporan Keuangan BUN|0||0|||4.0|0|00
2026|01|528480|015|08|WA|4715|EBA|21|51|2|001|Kerumahtanggaan|0||0|||12.0|0|00
2026|01|528480|015|08|WA|4715|EBA|21|51|2|994|Layanan Perkantoran|0||0|||12.0|0|00
2026|01|528480|015|08|WA|4715|EBA|21|51|2|002|Dukungan Pimpinan dan Keprotokoleran|0||0|||12.0|0|00
2026|01|528480|015|08|WA|4715|EBD|21|51|2|Z36|Dokumen Pengelolaan Kinerja Organisasi|0||0|||2.0|0|00
2026|01|528480|015|08|WA|4718|BMB|21|51|2|002|Kehumasan|0||0|||1.0|0|00
2026|01|528480|015|08|WA|4718|BMB|21|51|2|001|Pembinaan/Edukasi Publik|0||0|||2.0|0|00
2026|01|528480|015|08|WA|4719|EBA|21|51|2|994|Layanan Perkantoran|0||0|||12.0|0|00
2026|01|528480|015|08|WA|4719|EBA|21|51|2|004|Hasil Survey/Rekomendasi Kepuasan Pengguna Layanan|0||0|||2.0|0|00
2026|01|528480|015|08|WA|4719|EBC|21|51|2|001|Pengembangan SDM|0||0|||22.0|0|00
2026|01|528497|015|08|CD|6212|BMB|28|51|2|001|Dukungan Pemberdayaan UMKM untuk Inklusi Pemanfaatan Digipay|0||0|||1.0|0|00
2026|01|528497|015|08|CD|6212|FAC|28|51|2|001|Komunikasi dan Edukasi Implementasi Aplikasi|0||0|||141.0|0|00
2026|01|528497|015|08|CD|6212|FAH|28|51|2|001|Edukasi Dalam Rangka Penyusunan Laporan Keuangan Tingkat Kuasa BUN|0||0|||4.0|0|00
2026|01|528497|015|08|CD|6212|FAL|28|51|2|004|Konsultasi Pencairan Dana|0||0|||10.0|0|00
2026|01|528497|015|08|CD|6213|FAC|28|51|2|001|Monev Pengembangan Kompetensi KPA, PPK, PPSPM, Bendahara dan Pengelola Perbendaharaan|0||0|||10.0|0|00
2026|01|528497|015|08|CD|6213|FAE|28|51|2|009|Rekomendasi atas Kinerja Investasi Pemerintah|0||0|||2.0|0|00
2026|01|528497|015|08|CD|6213|FAL|28|51|2|003|Reviu Belanja Pemerintah|0||0|||1.0|0|00
2026|01|528497|015|08|CD|6214|FAL|28|51|2|002|Surat Perintah Pencairan/Penarikan/Repayment/Pengesahan Dana|0||0|||6360.0|0|00
2026|01|528497|015|08|CD|6215|FAH|28|51|2|003|Laporan Keuangan BUN|0||0|||4.0|0|00
2026|01|528497|015|08|WA|4715|EBA|28|51|2|001|Kerumahtanggaan|0||0|||12.0|0|00
2026|01|528497|015|08|WA|4715|EBA|28|51|2|994|Layanan Perkantoran|0||0|||12.0|0|00
2026|01|528497|015|08|WA|4715|EBA|28|51|2|002|Dukungan Pimpinan dan Keprotokoleran|0||0|||12.0|0|00
2026|01|528497|015|08|WA|4715|EBD|28|51|2|Z36|Dokumen Pengelolaan Kinerja Organisasi|0||0|||2.0|0|00
2026|01|528497|015|08|WA|4718|BMB|28|51|2|002|Kehumasan|0||0|||1.0|0|00
2026|01|528497|015|08|WA|4718|BMB|28|51|2|001|Pembinaan/Edukasi Publik|0||0|||2.0|0|00
2026|01|528497|015|08|WA|4719|EBA|28|51|2|994|Layanan Perkantoran|0||0|||12.0|0|00
2026|01|528497|015|08|WA|4719|EBA|28|51|2|004|Hasil Survey/Rekomendasi Kepuasan Pengguna Layanan|0||0|||2.0|0|00
2026|01|528497|015|08|WA|4719|EBC|28|51|2|001|Pengembangan SDM|0||0|||19.0|0|00
2026|01|528519|015|08|CD|6212|BMB|21|03|2|001|Dukungan Pemberdayaan UMKM untuk Inklusi Pemanfaatan Digipay|0||0|||1.0|0|00
2026|01|528519|015|08|CD|6212|FAC|21|03|2|001|Komunikasi dan Edukasi Implementasi Aplikasi|0||0|||40.0|0|00
2026|01|528519|015|08|CD|6212|FAH|21|03|2|001|Edukasi Dalam Rangka Penyusunan Laporan Keuangan Tingkat Kuasa BUN|0||0|||4.0|0|00
2026|01|528519|015|08|CD|6212|FAL|21|03|2|004|Konsultasi Pencairan Dana|0||0|||10.0|0|00
2026|01|528519|015|08|CD|6213|FAC|21|03|2|001|Monev Pengembangan Kompetensi KPA, PPK, PPSPM, Bendahara dan Pengelola Perbendaharaan|0||0|||10.0|0|00
2026|01|528519|015|08|CD|6213|FAE|21|03|2|009|Rekomendasi atas Kinerja Investasi Pemerintah|0||0|||2.0|0|00
2026|01|528519|015|08|CD|6213|FAL|21|03|2|003|Reviu Belanja Pemerintah|0||0|||1.0|0|00
2026|01|528519|015|08|CD|6214|FAL|21|03|2|002|Surat Perintah Pencairan/Penarikan/Repayment/Pengesahan Dana|0||0|||912.0|0|00
2026|01|528519|015|08|CD|6215|FAH|21|03|2|003|Laporan Keuangan BUN|0||0|||4.0|0|00
2026|01|528519|015|08|WA|4715|EBA|21|03|2|001|Kerumahtanggaan|0||0|||12.0|0|00
2026|01|528519|015|08|WA|4715|EBA|21|03|2|994|Layanan Perkantoran|0||0|||12.0|0|00
2026|01|528519|015|08|WA|4715|EBA|21|03|2|002|Dukungan Pimpinan dan Keprotokoleran|0||0|||12.0|0|00
2026|01|528519|015|08|WA|4715|EBD|21|03|2|Z36|Dokumen Pengelolaan Kinerja Organisasi|0||0|||2.0|0|00
2026|01|528519|015|08|WA|4718|BMB|21|03|2|002|Kehumasan|0||0|||1.0|0|00
2026|01|528519|015|08|WA|4718|BMB|21|03|2|001|Pembinaan/Edukasi Publik|0||0|||2.0|0|00
2026|01|528519|015|08|WA|4719|EBA|21|03|2|994|Layanan Perkantoran|0||0|||12.0|0|00
2026|01|528519|015|08|WA|4719|EBA|21|03|2|004|Hasil Survey/Rekomendasi Kepuasan Pengguna Layanan|0||0|||2.0|0|00
2026|01|528519|015|08|WA|4719|EBC|21|03|2|001|Pengembangan SDM|0||0|||12.0|0|00
2026|01|528502|015|08|CD|6212|BMB|21|02|2|001|Dukungan Pemberdayaan UMKM untuk Inklusi Pemanfaatan Digipay|0||0|||1.0|0|00
2026|01|528502|015|08|CD|6212|FAC|21|02|2|001|Komunikasi dan Edukasi Implementasi Aplikasi|0||0|||65.0|0|00
2026|01|528502|015|08|CD|6212|FAH|21|02|2|001|Edukasi Dalam Rangka Penyusunan Laporan Keuangan Tingkat Kuasa BUN|0||0|||4.0|0|00
2026|01|528502|015|08|CD|6212|FAL|21|02|2|004|Konsultasi Pencairan Dana|0||0|||10.0|0|00
2026|01|528502|015|08|CD|6213|FAC|21|02|2|001|Monev Pengembangan Kompetensi KPA, PPK, PPSPM, Bendahara dan Pengelola Perbendaharaan|0||0|||10.0|0|00
2026|01|528502|015|08|CD|6213|FAE|21|02|2|009|Rekomendasi atas Kinerja Investasi Pemerintah|0||0|||2.0|0|00
2026|01|528502|015|08|CD|6213|FAL|21|02|2|003|Reviu Belanja Pemerintah|0||0|||1.0|0|00
2026|01|528502|015|08|CD|6214|FAL|21|02|2|002|Surat Perintah Pencairan/Penarikan/Repayment/Pengesahan Dana|0||0|||1488.0|0|00
2026|01|528502|015|08|CD|6215|FAH|21|02|2|003|Laporan Keuangan BUN|0||0|||4.0|0|00
2026|01|528502|015|08|WA|4715|EBA|21|02|2|001|Kerumahtanggaan|0||0|||12.0|0|00
2026|01|528502|015|08|WA|4715|EBA|21|02|2|994|Layanan Perkantoran|0||0|||12.0|0|00
2026|01|528502|015|08|WA|4715|EBA|21|02|2|002|Dukungan Pimpinan dan Keprotokoleran|0||0|||12.0|0|00
2026|01|528502|015|08|WA|4715|EBD|21|02|2|Z36|Dokumen Pengelolaan Kinerja Organisasi|0||0|||2.0|0|00
2026|01|528502|015|08|WA|4718|BMB|21|02|2|002|Kehumasan|0||0|||1.0|0|00
2026|01|528502|015|08|WA|4718|BMB|21|02|2|001|Pembinaan/Edukasi Publik|0||0|||2.0|0|00
2026|01|528502|015|08|WA|4719|EBA|21|02|2|994|Layanan Perkantoran|0||0|||1.0|0|00
2026|01|528502|015|08|WA|4719|EBA|21|02|2|004|Hasil Survey/Rekomendasi Kepuasan Pengguna Layanan|0||0|||2.0|0|00
2026|01|528502|015|08|WA|4719|EBC|21|02|2|001|Pengembangan SDM|0||0|||12.0|0|00
2026|01|528551|015|08|CD|6212|BMB|22|51|2|001|Dukungan Pemberdayaan UMKM untuk Inklusi Pemanfaatan Digipay|0||0|||1.0|0|00
2026|01|528551|015|08|CD|6212|FAC|22|51|2|001|Komunikasi dan Edukasi Implementasi Aplikasi|0||0|||272.0|0|00
2026|01|528551|015|08|CD|6212|FAH|22|51|2|001|Edukasi Dalam Rangka Penyusunan Laporan Keuangan Tingkat Kuasa BUN|0||0|||4.0|0|00
2026|01|528551|015|08|CD|6212|FAL|22|51|2|004|Konsultasi Pencairan Dana|0||0|||10.0|0|00
2026|01|528551|015|08|CD|6213|FAC|22|51|2|001|Monev Pengembangan Kompetensi KPA, PPK, PPSPM, Bendahara dan Pengelola Perbendaharaan|0||0|||10.0|0|00
2026|01|528551|015|08|CD|6213|FAE|22|51|2|009|Rekomendasi atas Kinerja Investasi Pemerintah|0||0|||2.0|0|00
2026|01|528551|015|08|CD|6213|FAL|22|51|2|003|Reviu Belanja Pemerintah|0||0|||1.0|0|00
2026|01|528551|015|08|CD|6214|FAL|22|51|2|002|Surat Perintah Pencairan/Penarikan/Repayment/Pengesahan Dana|0||0|||6408.0|0|00
2026|01|528551|015|08|CD|6215|FAH|22|51|2|003|Laporan Keuangan BUN|0||0|||4.0|0|00
2026|01|528551|015|08|WA|4715|EBA|22|51|2|001|Kerumahtanggaan|0||0|||12.0|0|00
2026|01|528551|015|08|WA|4715|EBA|22|51|2|994|Layanan Perkantoran|0||0|||12.0|0|00
2026|01|528551|015|08|WA|4715|EBA|22|51|2|002|Dukungan Pimpinan dan Keprotokoleran|0||0|||12.0|0|00
2026|01|528551|015|08|WA|4715|EBD|22|51|2|Z36|Dokumen Pengelolaan Kinerja Organisasi|0||0|||2.0|0|00
2026|01|528551|015|08|WA|4718|BMB|22|51|2|002|Kehumasan|0||0|||1.0|0|00
2026|01|528551|015|08|WA|4718|BMB|22|51|2|001|Pembinaan/Edukasi Publik|0||0|||2.0|0|00
2026|01|528551|015|08|WA|4719|EBA|22|51|2|994|Layanan Perkantoran|0||0|||1.0|0|00
2026|01|528551|015|08|WA|4719|EBA|22|51|2|004|Hasil Survey/Rekomendasi Kepuasan Pengguna Layanan|0||0|||2.0|0|00
2026|01|528551|015|08|WA|4719|EBC|22|51|2|001|Pengembangan SDM|0||0|||29.0|0|00
2026|01|528544|015|08|CD|6212|BMB|22|51|2|001|Dukungan Pemberdayaan UMKM untuk Inklusi Pemanfaatan Digipay|0||0|||1.0|0|00
2026|01|528544|015|08|CD|6212|FAC|22|51|2|002|Bimbingan Teknis Pengelola Keuangan BLU|0||0|||118.0|0|00
2026|01|528544|015|08|CD|6212|FAH|22|51|2|003|Komunikasi dan Edukasi Penyusunan LKKL dan LKBUN|0||0|||4.0|0|00
2026|01|528544|015|08|CD|6212|FAH|22|51|2|002|Komunikasi dan Edukasi Dalam Rangka Penyusunan Government Financial Statistic (GFS)|0||0|||8.0|0|00
2026|01|528544|015|08|CD|6212|FAL|22|51|2|001|Pembinaan Pelaksanaan Anggaran|0||0|||8.0|0|00
2026|01|528544|015|08|CD|6213|ABA|22|51|2|001|Kajian atas Peluang Investasi dan Pinjaman Daerah|0||0|||2.0|0|00
2026|01|528544|015|08|CD|6213|FAE|22|51|2|009|Rekomendasi atas Kinerja Investasi Pemerintah|0||0|||2.0|0|00
2026|01|528544|015|08|CD|6213|FAE|22|51|2|008|ALCo Regional|0||0|||4.0|0|00
2026|01|528544|015|08|CD|6213|FAL|22|51|2|003|Reviu Belanja Pemerintah|0||0|||4.0|0|00
2026|01|528544|015|08|CD|6215|FAH|22|51|2|003|Laporan Keuangan BUN|0||0|||4.0|0|00
2026|01|528544|015|08|CD|6215|FAH|22|51|2|001|Government Financial Statistic (GFS)|0||0|||4.0|0|00
2026|01|528544|015|08|CD|6216|FAE|22|51|2|002|Rekomendasi Tarif Standar Biaya Masukan|0||0|||1.0|0|00
2026|01|528544|015|08|WA|4715|EBA|22|51|2|001|Kerumahtanggaan|0||0|||12.0|0|00
2026|01|528544|015|08|WA|4715|EBA|22|51|2|994|Layanan Perkantoran|0||0|||12.0|0|00
2026|01|528544|015|08|WA|4715|EBA|22|51|2|002|Dukungan Pimpinan dan Keprotokoleran|0||0|||12.0|0|00
2026|01|528544|015|08|WA|4715|EBD|22|51|2|Z36|Dokumen Pengelolaan Kinerja Organisasi|0||0|||4.0|0|00
2026|01|528544|015|08|WA|4715|EBD|22|51|2|Z26|Laporan Keuangan Unit|0||0|||2.0|0|00
2026|01|528544|015|08|WA|4718|BMB|22|51|2|002|Kehumasan|0||0|||4.0|0|00
2026|01|528544|015|08|WA|4718|BMB|22|51|2|001|Pembinaan/Edukasi Publik|0||0|||2.0|0|00
2026|01|528544|015|08|WA|4719|EBA|22|51|2|003|Rekomendasi Pengelolaan Organisasi|0||0|||7.0|0|00
2026|01|528544|015|08|WA|4719|EBA|22|51|2|994|Layanan Perkantoran|0||0|||12.0|0|00
2026|01|528544|015|08|WA|4719|EBA|22|51|2|005|Standar Mutu Layanan - ISO Mutu Layanan|0||0|||8.0|0|00
2026|01|528544|015|08|WA|4719|EBC|22|51|2|001|Pengembangan SDM|0||0|||55.0|0|00
2026|01|528544|015|08|WA|4722|EBD|22|51|2|001|Rekomendasi Penerapan Pengelolaan Risiko, Pengendalian dan Pengawasan Internal|0||0|||2.0|0|00
2026|01|528608|015|08|CD|6212|BMB|23|05|2|001|Dukungan Pemberdayaan UMKM untuk Inklusi Pemanfaatan Digipay|0||0|||1.0|0|00
2026|01|528608|015|08|CD|6212|FAC|23|05|2|001|Komunikasi dan Edukasi Implementasi Aplikasi|0||0|||55.0|0|00
2026|01|528608|015|08|CD|6212|FAH|23|05|2|001|Edukasi Dalam Rangka Penyusunan Laporan Keuangan Tingkat Kuasa BUN|0||0|||4.0|0|00
2026|01|528608|015|08|CD|6212|FAL|23|05|2|004|Konsultasi Pencairan Dana|0||0|||10.0|0|00
2026|01|528608|015|08|CD|6213|FAC|23|05|2|001|Monev Pengembangan Kompetensi KPA, PPK, PPSPM, Bendahara dan Pengelola Perbendaharaan|0||0|||10.0|0|00
2026|01|528608|015|08|CD|6213|FAE|23|05|2|009|Rekomendasi atas Kinerja Investasi Pemerintah|0||0|||2.0|0|00
2026|01|528608|015|08|CD|6213|FAL|23|05|2|003|Reviu Belanja Pemerintah|0||0|||1.0|0|00
2026|01|528608|015|08|CD|6214|FAL|23|05|2|002|Surat Perintah Pencairan/Penarikan/Repayment/Pengesahan Dana|0||0|||936.0|0|00
2026|01|528608|015|08|CD|6215|FAH|23|05|2|003|Laporan Keuangan BUN|0||0|||4.0|0|00
2026|01|528608|015|08|WA|4715|EBA|23|05|2|001|Kerumahtanggaan|0||0|||12.0|0|00
2026|01|528608|015|08|WA|4715|EBA|23|05|2|994|Layanan Perkantoran|0||0|||12.0|0|00
2026|01|528608|015|08|WA|4715|EBA|23|05|2|002|Dukungan Pimpinan dan Keprotokoleran|0||0|||12.0|0|00
2026|01|528608|015|08|WA|4715|EBD|23|05|2|Z36|Dokumen Pengelolaan Kinerja Organisasi|0||0|||2.0|0|00
2026|01|528608|015|08|WA|4718|BMB|23|05|2|002|Kehumasan|0||0|||1.0|0|00
2026|01|528608|015|08|WA|4718|BMB|23|05|2|001|Pembinaan/Edukasi Publik|0||0|||2.0|0|00
2026|01|528608|015|08|WA|4719|EBA|23|05|2|994|Layanan Perkantoran|0||0|||12.0|0|00
2026|01|528608|015|08|WA|4719|EBA|23|05|2|004|Hasil Survey/Rekomendasi Kepuasan Pengguna Layanan|0||0|||2.0|0|00
2026|01|528608|015|08|WA|4719|EBC|23|05|2|001|Pengembangan SDM|0||0|||13.0|0|00
2026|01|528565|015|08|CD|6212|BMB|22|01|2|001|Dukungan Pemberdayaan UMKM untuk Inklusi Pemanfaatan Digipay|0||0|||1.0|0|00
2026|01|528565|015|08|CD|6212|FAC|22|01|2|001|Komunikasi dan Edukasi Implementasi Aplikasi|0||0|||36.0|0|00
2026|01|528565|015|08|CD|6212|FAH|22|01|2|001|Edukasi Dalam Rangka Penyusunan Laporan Keuangan Tingkat Kuasa BUN|0||0|||4.0|0|00
2026|01|528565|015|08|CD|6212|FAL|22|01|2|004|Konsultasi Pencairan Dana|0||0|||10.0|0|00
2026|01|528565|015|08|CD|6213|FAC|22|01|2|001|Monev Pengembangan Kompetensi KPA, PPK, PPSPM, Bendahara dan Pengelola Perbendaharaan|0||0|||10.0|0|00
2026|01|528565|015|08|CD|6213|FAE|22|01|2|009|Rekomendasi atas Kinerja Investasi Pemerintah|0||0|||2.0|0|00
2026|01|528565|015|08|CD|6213|FAL|22|01|2|003|Reviu Belanja Pemerintah|0||0|||1.0|0|00
2026|01|528565|015|08|CD|6214|FAL|22|01|2|002|Surat Perintah Pencairan/Penarikan/Repayment/Pengesahan Dana|0||0|||1608.0|0|00
2026|01|528565|015|08|CD|6215|FAH|22|01|2|003|Laporan Keuangan BUN|0||0|||4.0|0|00
2026|01|528565|015|08|WA|4715|EBA|22|01|2|001|Kerumahtanggaan|0||0|||12.0|0|00
2026|01|528565|015|08|WA|4715|EBA|22|01|2|994|Layanan Perkantoran|0||0|||12.0|0|00
2026|01|528565|015|08|WA|4715|EBA|22|01|2|002|Dukungan Pimpinan dan Keprotokoleran|0||0|||12.0|0|00
2026|01|528565|015|08|WA|4715|EBD|22|01|2|Z36|Dokumen Pengelolaan Kinerja Organisasi|0||0|||2.0|0|00
2026|01|528565|015|08|WA|4718|BMB|22|01|2|002|Kehumasan|0||0|||1.0|0|00
2026|01|528565|015|08|WA|4718|BMB|22|01|2|001|Pembinaan/Edukasi Publik|0||0|||2.0|0|00
2026|01|528565|015|08|WA|4719|EBA|22|01|2|994|Layanan Perkantoran|0||0|||12.0|0|00
2026|01|528565|015|08|WA|4719|EBA|22|01|2|004|Hasil Survey/Rekomendasi Kepuasan Pengguna Layanan|0||0|||2.0|0|00
2026|01|528565|015|08|WA|4719|EBC|22|01|2|001|Pengembangan SDM|0||0|||16.0|0|00
2026|01|528586|015|08|CD|6212|BMB|23|51|2|001|Dukungan Pemberdayaan UMKM untuk Inklusi Pemanfaatan Digipay|0||0|||1.0|0|00
2026|01|528586|015|08|CD|6212|FAC|23|51|2|001|Komunikasi dan Edukasi Implementasi Aplikasi|0||0|||123.0|0|00
2026|01|528586|015|08|CD|6212|FAH|23|51|2|001|Edukasi Dalam Rangka Penyusunan Laporan Keuangan Tingkat Kuasa BUN|0||0|||4.0|0|00
2026|01|528586|015|08|CD|6212|FAL|23|51|2|004|Konsultasi Pencairan Dana|0||0|||10.0|0|00
2026|01|528586|015|08|CD|6213|FAC|23|51|2|001|Monev Pengembangan Kompetensi KPA, PPK, PPSPM, Bendahara dan Pengelola Perbendaharaan|0||0|||10.0|0|00
2026|01|528586|015|08|CD|6213|FAE|23|51|2|009|Rekomendasi atas Kinerja Investasi Pemerintah|0||0|||2.0|0|00
2026|01|528586|015|08|CD|6213|FAL|23|51|2|003|Reviu Belanja Pemerintah|0||0|||1.0|0|00
2026|01|528586|015|08|CD|6214|FAL|23|51|2|002|Surat Perintah Pencairan/Penarikan/Repayment/Pengesahan Dana|0||0|||5664.0|0|00
2026|01|528586|015|08|CD|6215|FAH|23|51|2|003|Laporan Keuangan BUN|0||0|||4.0|0|00
2026|01|528586|015|08|WA|4715|EBA|23|51|2|001|Kerumahtanggaan|0||0|||12.0|0|00
2026|01|528586|015|08|WA|4715|EBA|23|51|2|994|Layanan Perkantoran|0||0|||12.0|0|00
2026|01|528586|015|08|WA|4715|EBA|23|51|2|002|Dukungan Pimpinan dan Keprotokoleran|0||0|||12.0|0|00
2026|01|528586|015|08|WA|4715|EBD|23|51|2|Z36|Dokumen Pengelolaan Kinerja Organisasi|0||0|||2.0|0|00
2026|01|528586|015|08|WA|4718|BMB|23|51|2|002|Kehumasan|0||0|||1.0|0|00
2026|01|528586|015|08|WA|4718|BMB|23|51|2|001|Pembinaan/Edukasi Publik|0||0|||2.0|0|00
2026|01|528586|015|08|WA|4719|EBA|23|51|2|994|Layanan Perkantoran|0||0|||12.0|0|00
2026|01|528586|015|08|WA|4719|EBA|23|51|2|004|Hasil Survey/Rekomendasi Kepuasan Pengguna Layanan|0||0|||2.0|0|00
2026|01|528586|015|08|WA|4719|EBC|23|51|2|001|Pengembangan SDM|0||0|||29.0|0|00
2026|01|528590|015|08|CD|6212|BMB|23|52|2|001|Dukungan Pemberdayaan UMKM untuk Inklusi Pemanfaatan Digipay|0||0|||1.0|0|00
2026|01|528590|015|08|CD|6212|FAC|23|52|2|001|Komunikasi dan Edukasi Implementasi Aplikasi|0||0|||36.0|0|00
2026|01|528590|015|08|CD|6212|FAH|23|52|2|001|Edukasi Dalam Rangka Penyusunan Laporan Keuangan Tingkat Kuasa BUN|0||0|||4.0|0|00
2026|01|528590|015|08|CD|6212|FAL|23|52|2|004|Konsultasi Pencairan Dana|0||0|||10.0|0|00
2026|01|528590|015|08|CD|6213|FAC|23|52|2|001|Monev Pengembangan Kompetensi KPA, PPK, PPSPM, Bendahara dan Pengelola Perbendaharaan|0||0|||10.0|0|00
2026|01|528590|015|08|CD|6213|FAE|23|52|2|009|Rekomendasi atas Kinerja Investasi Pemerintah|0||0|||2.0|0|00
2026|01|528590|015|08|CD|6213|FAL|23|52|2|003|Reviu Belanja Pemerintah|0||0|||1.0|0|00
2026|01|528590|015|08|CD|6214|FAL|23|52|2|002|Surat Perintah Pencairan/Penarikan/Repayment/Pengesahan Dana|0||0|||1560.0|0|00
2026|01|528590|015|08|CD|6215|FAH|23|52|2|003|Laporan Keuangan BUN|0||0|||4.0|0|00
2026|01|528590|015|08|WA|4715|EBA|23|52|2|001|Kerumahtanggaan|0||0|||12.0|0|00
2026|01|528590|015|08|WA|4715|EBA|23|52|2|994|Layanan Perkantoran|0||0|||12.0|0|00
2026|01|528590|015|08|WA|4715|EBA|23|52|2|002|Dukungan Pimpinan dan Keprotokoleran|0||0|||12.0|0|00
2026|01|528590|015|08|WA|4715|EBD|23|52|2|Z36|Dokumen Pengelolaan Kinerja Organisasi|0||0|||2.0|0|00
2026|01|528590|015|08|WA|4718|BMB|23|52|2|002|Kehumasan|0||0|||1.0|0|00
2026|01|528590|015|08|WA|4718|BMB|23|52|2|001|Pembinaan/Edukasi Publik|0||0|||2.0|0|00
2026|01|528590|015|08|WA|4719|EBA|23|52|2|994|Layanan Perkantoran|0||0|||12.0|0|00
2026|01|528590|015|08|WA|4719|EBA|23|52|2|004|Hasil Survey/Rekomendasi Kepuasan Pengguna Layanan|0||0|||2.0|0|00
2026|01|528590|015|08|WA|4719|EBC|23|52|2|001|Pengembangan SDM|0||0|||12.0|0|00
2026|01|528629|015|08|CD|6212|BMB|24|51|2|001|Dukungan Pemberdayaan UMKM untuk Inklusi Pemanfaatan Digipay|0||0|||1.0|0|00
2026|01|528629|015|08|CD|6212|FAC|24|51|2|002|Bimbingan Teknis Pengelola Keuangan BLU|0||0|||25.0|0|00
2026|01|528629|015|08|CD|6212|FAH|24|51|2|003|Komunikasi dan Edukasi Penyusunan LKKL dan LKBUN|0||0|||4.0|0|00
2026|01|528629|015|08|CD|6212|FAH|24|51|2|002|Komunikasi dan Edukasi Dalam Rangka Penyusunan Government Financial Statistic (GFS)|0||0|||8.0|0|00
2026|01|528629|015|08|CD|6212|FAL|24|51|2|001|Pembinaan Pelaksanaan Anggaran|0||0|||8.0|0|00
2026|01|528629|015|08|CD|6213|ABA|24|51|2|001|Kajian atas Peluang Investasi dan Pinjaman Daerah|0||0|||2.0|0|00
2026|01|528629|015|08|CD|6213|FAE|24|51|2|009|Rekomendasi atas Kinerja Investasi Pemerintah|0||0|||2.0|0|00
2026|01|528629|015|08|CD|6213|FAE|24|51|2|008|ALCo Regional|0||0|||4.0|0|00
2026|01|528629|015|08|CD|6213|FAL|24|51|2|003|Reviu Belanja Pemerintah|0||0|||4.0|0|00
2026|01|528629|015|08|CD|6215|FAH|24|51|2|003|Laporan Keuangan BUN|0||0|||4.0|0|00
2026|01|528629|015|08|CD|6215|FAH|24|51|2|001|Government Financial Statistic (GFS)|0||0|||4.0|0|00
2026|01|528629|015|08|CD|6216|FAE|24|51|2|002|Rekomendasi Tarif Standar Biaya Masukan|0||0|||1.0|0|00
2026|01|528629|015|08|WA|4715|EBA|24|51|2|001|Kerumahtanggaan|0||0|||12.0|0|00
2026|01|528629|015|08|WA|4715|EBA|24|51|2|994|Layanan Perkantoran|0||0|||12.0|0|00
2026|01|528629|015|08|WA|4715|EBA|24|51|2|002|Dukungan Pimpinan dan Keprotokoleran|0||0|||12.0|0|00
2026|01|528629|015|08|WA|4715|EBD|24|51|2|Z36|Dokumen Pengelolaan Kinerja Organisasi|0||0|||4.0|0|00
2026|01|528629|015|08|WA|4715|EBD|24|51|2|Z26|Laporan Keuangan Unit|0||0|||2.0|0|00
2026|01|528629|015|08|WA|4718|BMB|24|51|2|002|Kehumasan|0||0|||4.0|0|00
2026|01|528629|015|08|WA|4718|BMB|24|51|2|001|Pembinaan/Edukasi Publik|0||0|||2.0|0|00
2026|01|528629|015|08|WA|4719|EBA|24|51|2|003|Rekomendasi Pengelolaan Organisasi|0||0|||13.0|0|00
2026|01|528629|015|08|WA|4719|EBA|24|51|2|994|Layanan Perkantoran|0||0|||12.0|0|00
2026|01|528629|015|08|WA|4719|EBA|24|51|2|005|Standar Mutu Layanan - ISO Mutu Layanan|0||0|||14.0|0|00
2026|01|528629|015|08|WA|4719|EBC|24|51|2|001|Pengembangan SDM|0||0|||43.0|0|00
2026|01|528629|015|08|WA|4722|EBD|24|51|2|001|Rekomendasi Penerapan Pengelolaan Risiko, Pengendalian dan Pengawasan Internal|0||0|||2.0|0|00
2026|01|528633|015|08|CD|6212|BMB|24|51|2|001|Dukungan Pemberdayaan UMKM untuk Inklusi Pemanfaatan Digipay|0||0|||1.0|0|00
2026|01|528633|015|08|CD|6212|FAC|24|51|2|001|Komunikasi dan Edukasi Implementasi Aplikasi|0||0|||293.0|0|00
2026|01|528633|015|08|CD|6212|FAH|24|51|2|001|Edukasi Dalam Rangka Penyusunan Laporan Keuangan Tingkat Kuasa BUN|0||0|||4.0|0|00
2026|01|528633|015|08|CD|6212|FAL|24|51|2|004|Konsultasi Pencairan Dana|0||0|||10.0|0|00
2026|01|528633|015|08|CD|6213|FAC|24|51|2|001|Monev Pengembangan Kompetensi KPA, PPK, PPSPM, Bendahara dan Pengelola Perbendaharaan|0||0|||10.0|0|00
2026|01|528633|015|08|CD|6213|FAE|24|51|2|009|Rekomendasi atas Kinerja Investasi Pemerintah|0||0|||2.0|0|00
2026|01|528633|015|08|CD|6213|FAL|24|51|2|003|Reviu Belanja Pemerintah|0||0|||1.0|0|00
2026|01|528633|015|08|CD|6214|FAL|24|51|2|002|Surat Perintah Pencairan/Penarikan/Repayment/Pengesahan Dana|0||0|||6864.0|0|00
2026|01|528633|015|08|CD|6215|FAH|24|51|2|003|Laporan Keuangan BUN|0||0|||4.0|0|00
2026|01|528633|015|08|WA|4715|EBA|24|51|2|001|Kerumahtanggaan|0||0|||12.0|0|00
2026|01|528633|015|08|WA|4715|EBA|24|51|2|994|Layanan Perkantoran|0||0|||12.0|0|00
2026|01|528633|015|08|WA|4715|EBA|24|51|2|002|Dukungan Pimpinan dan Keprotokoleran|0||0|||12.0|0|00
2026|01|528633|015|08|WA|4715|EBD|24|51|2|Z36|Dokumen Pengelolaan Kinerja Organisasi|0||0|||2.0|0|00
2026|01|528633|015|08|WA|4718|BMB|24|51|2|002|Kehumasan|0||0|||1.0|0|00
2026|01|528633|015|08|WA|4718|BMB|24|51|2|001|Pembinaan/Edukasi Publik|0||0|||2.0|0|00
2026|01|528633|015|08|WA|4719|EBA|24|51|2|994|Layanan Perkantoran|0||0|||12.0|0|00
2026|01|528633|015|08|WA|4719|EBA|24|51|2|004|Hasil Survey/Rekomendasi Kepuasan Pengguna Layanan|0||0|||2.0|0|00
2026|01|528633|015|08|WA|4719|EBC|24|51|2|001|Pengembangan SDM|0||0|||26.0|0|00
2026|01|528654|015|08|CD|6212|BMB|24|11|2|001|Dukungan Pemberdayaan UMKM untuk Inklusi Pemanfaatan Digipay|0||0|||1.0|0|00
2026|01|528654|015|08|CD|6212|FAC|24|11|2|001|Komunikasi dan Edukasi Implementasi Aplikasi|0||0|||39.0|0|00
2026|01|528654|015|08|CD|6212|FAH|24|11|2|001|Edukasi Dalam Rangka Penyusunan Laporan Keuangan Tingkat Kuasa BUN|0||0|||4.0|0|00
2026|01|528654|015|08|CD|6212|FAL|24|11|2|004|Konsultasi Pencairan Dana|0||0|||10.0|0|00
2026|01|528654|015|08|CD|6213|FAC|24|11|2|001|Monev Pengembangan Kompetensi KPA, PPK, PPSPM, Bendahara dan Pengelola Perbendaharaan|0||0|||10.0|0|00
2026|01|528654|015|08|CD|6213|FAE|24|11|2|009|Rekomendasi atas Kinerja Investasi Pemerintah|0||0|||2.0|0|00
2026|01|528654|015|08|CD|6213|FAL|24|11|2|003|Reviu Belanja Pemerintah|0||0|||1.0|0|00
2026|01|528654|015|08|CD|6214|FAL|24|11|2|002|Surat Perintah Pencairan/Penarikan/Repayment/Pengesahan Dana|0||0|||1680.0|0|00
2026|01|528654|015|08|CD|6215|FAH|24|11|2|003|Laporan Keuangan BUN|0||0|||4.0|0|00
2026|01|528654|015|08|WA|4715|EBA|24|11|2|001|Kerumahtanggaan|0||0|||12.0|0|00
2026|01|528654|015|08|WA|4715|EBA|24|11|2|994|Layanan Perkantoran|0||0|||12.0|0|00
2026|01|528654|015|08|WA|4715|EBA|24|11|2|002|Dukungan Pimpinan dan Keprotokoleran|0||0|||12.0|0|00
2026|01|528654|015|08|WA|4715|EBD|24|11|2|Z36|Dokumen Pengelolaan Kinerja Organisasi|0||0|||2.0|0|00
2026|01|528654|015|08|WA|4718|BMB|24|11|2|002|Kehumasan|0||0|||1.0|0|00
2026|01|528654|015|08|WA|4718|BMB|24|11|2|001|Pembinaan/Edukasi Publik|0||0|||2.0|0|00
2026|01|528654|015|08|WA|4719|EBA|24|11|2|994|Layanan Perkantoran|0||0|||12.0|0|00
2026|01|528654|015|08|WA|4719|EBA|24|11|2|004|Hasil Survey/Rekomendasi Kepuasan Pengguna Layanan|0||0|||2.0|0|00
2026|01|528654|015|08|WA|4719|EBC|24|11|2|001|Pengembangan SDM|0||0|||13.0|0|00
2026|01|528696|015|08|CD|6212|BMB|25|51|2|001|Dukungan Pemberdayaan UMKM untuk Inklusi Pemanfaatan Digipay|0||0|||1.0|0|00
2026|01|528696|015|08|CD|6212|FAC|25|51|2|001|Komunikasi dan Edukasi Implementasi Aplikasi|0||0|||133.0|0|00
2026|01|528696|015|08|CD|6212|FAH|25|51|2|001|Edukasi Dalam Rangka Penyusunan Laporan Keuangan Tingkat Kuasa BUN|0||0|||4.0|0|00
2026|01|528696|015|08|CD|6212|FAL|25|51|2|004|Konsultasi Pencairan Dana|0||0|||10.0|0|00
2026|01|528696|015|08|CD|6213|FAC|25|51|2|001|Monev Pengembangan Kompetensi KPA, PPK, PPSPM, Bendahara dan Pengelola Perbendaharaan|0||0|||10.0|0|00
2026|01|528696|015|08|CD|6213|FAE|25|51|2|009|Rekomendasi atas Kinerja Investasi Pemerintah|0||0|||2.0|0|00
2026|01|528696|015|08|CD|6213|FAL|25|51|2|003|Reviu Belanja Pemerintah|0||0|||1.0|0|00
2026|01|528696|015|08|CD|6214|FAL|25|51|2|002|Surat Perintah Pencairan/Penarikan/Repayment/Pengesahan Dana|0||0|||6024.0|0|00
2026|01|528696|015|08|CD|6215|FAH|25|51|2|003|Laporan Keuangan BUN|0||0|||4.0|0|00
2026|01|528696|015|08|WA|4715|EBA|25|51|2|001|Kerumahtanggaan|0||0|||12.0|0|00
2026|01|528696|015|08|WA|4715|EBA|25|51|2|994|Layanan Perkantoran|0||0|||12.0|0|00
2026|01|528696|015|08|WA|4715|EBA|25|51|2|002|Dukungan Pimpinan dan Keprotokoleran|0||0|||12.0|0|00
2026|01|528696|015|08|WA|4715|EBD|25|51|2|Z36|Dokumen Pengelolaan Kinerja Organisasi|0||0|||2.0|0|00
2026|01|528696|015|08|WA|4718|BMB|25|51|2|002|Kehumasan|0||0|||1.0|0|00
2026|01|528696|015|08|WA|4718|BMB|25|51|2|001|Pembinaan/Edukasi Publik|0||0|||2.0|0|00
2026|01|528696|015|08|WA|4719|EBA|25|51|2|994|Layanan Perkantoran|0||0|||12.0|0|00
2026|01|528696|015|08|WA|4719|EBA|25|51|2|004|Hasil Survey/Rekomendasi Kepuasan Pengguna Layanan|0||0|||2.0|0|00
2026|01|528696|015|08|WA|4719|EBC|25|51|2|001|Pengembangan SDM|0||0|||20.0|0|00
2026|01|528661|015|08|CD|6212|BMB|24|10|2|001|Dukungan Pemberdayaan UMKM untuk Inklusi Pemanfaatan Digipay|0||0|||2.0|0|00
2026|01|528661|015|08|CD|6212|FAC|24|10|2|001|Komunikasi dan Edukasi Implementasi Aplikasi|0||0|||120.0|0|00
2026|01|528661|015|08|CD|6212|FAH|24|10|2|001|Edukasi Dalam Rangka Penyusunan Laporan Keuangan Tingkat Kuasa BUN|0||0|||8.0|0|00
2026|01|528661|015|08|CD|6212|FAL|24|10|2|004|Konsultasi Pencairan Dana|0||0|||20.0|0|00
2026|01|528661|015|08|CD|6213|FAC|24|10|2|001|Monev Pengembangan Kompetensi KPA, PPK, PPSPM, Bendahara dan Pengelola Perbendaharaan|0||0|||20.0|0|00
2026|01|528661|015|08|CD|6213|FAE|24|10|2|009|Rekomendasi atas Kinerja Investasi Pemerintah|0||0|||4.0|0|00
2026|01|528661|015|08|CD|6213|FAL|24|10|2|003|Reviu Belanja Pemerintah|0||0|||2.0|0|00
2026|01|528661|015|08|CD|6214|FAL|24|10|2|002|Surat Perintah Pencairan/Penarikan/Repayment/Pengesahan Dana|0||0|||5376.0|0|00
2026|01|528661|015|08|CD|6215|FAH|24|10|2|003|Laporan Keuangan BUN|0||0|||8.0|0|00
2026|01|528661|015|08|WA|4715|EBA|24|10|2|001|Kerumahtanggaan|0||0|||12.0|0|00
2026|01|528661|015|08|WA|4715|EBA|24|10|2|994|Layanan Perkantoran|0||0|||12.0|0|00
2026|01|528661|015|08|WA|4715|EBA|24|10|2|002|Dukungan Pimpinan dan Keprotokoleran|0||0|||12.0|0|00
2026|01|528661|015|08|WA|4715|EBD|24|10|2|Z36|Dokumen Pengelolaan Kinerja Organisasi|0||0|||4.0|0|00
2026|01|528661|015|08|WA|4718|BMB|24|10|2|002|Kehumasan|0||0|||2.0|0|00
2026|01|528661|015|08|WA|4718|BMB|24|10|2|001|Pembinaan/Edukasi Publik|0||0|||4.0|0|00
2026|01|528661|015|08|WA|4719|EBA|24|10|2|994|Layanan Perkantoran|0||0|||12.0|0|00
2026|01|528661|015|08|WA|4719|EBA|24|10|2|004|Hasil Survey/Rekomendasi Kepuasan Pengguna Layanan|0||0|||4.0|0|00
2026|01|528661|015|08|WA|4719|EBC|24|10|2|001|Pengembangan SDM|0||0|||28.0|0|00
2026|01|528682|015|08|CD|6212|BMB|25|51|2|001|Dukungan Pemberdayaan UMKM untuk Inklusi Pemanfaatan Digipay|0||0|||1.0|0|00
2026|01|528682|015|08|CD|6212|FAC|25|51|2|002|Bimbingan Teknis Pengelola Keuangan BLU|0||0|||12.0|0|00
2026|01|528682|015|08|CD|6212|FAH|25|51|2|003|Komunikasi dan Edukasi Penyusunan LKKL dan LKBUN|0||0|||4.0|0|00
2026|01|528682|015|08|CD|6212|FAH|25|51|2|002|Komunikasi dan Edukasi Dalam Rangka Penyusunan Government Financial Statistic (GFS)|0||0|||8.0|0|00
2026|01|528682|015|08|CD|6212|FAL|25|51|2|001|Pembinaan Pelaksanaan Anggaran|0||0|||8.0|0|00
2026|01|528682|015|08|CD|6213|ABA|25|51|2|001|Kajian atas Peluang Investasi dan Pinjaman Daerah|0||0|||2.0|0|00
2026|01|528682|015|08|CD|6213|FAE|25|51|2|009|Rekomendasi atas Kinerja Investasi Pemerintah|0||0|||2.0|0|00
2026|01|528682|015|08|CD|6213|FAE|25|51|2|008|ALCo Regional|0||0|||2.0|0|00
2026|01|528682|015|08|CD|6213|FAL|25|51|2|003|Reviu Belanja Pemerintah|0||0|||4.0|0|00
2026|01|528682|015|08|CD|6215|FAH|25|51|2|003|Laporan Keuangan BUN|0||0|||4.0|0|00
2026|01|528682|015|08|CD|6215|FAH|25|51|2|001|Government Financial Statistic (GFS)|0||0|||4.0|0|00
2026|01|528682|015|08|CD|6216|FAE|25|51|2|002|Rekomendasi Tarif Standar Biaya Masukan|0||0|||1.0|0|00
2026|01|528682|015|08|WA|4715|EBA|25|51|2|001|Kerumahtanggaan|0||0|||12.0|0|00
2026|01|528682|015|08|WA|4715|EBA|25|51|2|994|Layanan Perkantoran|0||0|||12.0|0|00
2026|01|528682|015|08|WA|4715|EBA|25|51|2|002|Dukungan Pimpinan dan Keprotokoleran|0||0|||12.0|0|00
2026|01|528682|015|08|WA|4715|EBD|25|51|2|Z36|Dokumen Pengelolaan Kinerja Organisasi|0||0|||4.0|0|00
2026|01|528682|015|08|WA|4715|EBD|25|51|2|Z26|Laporan Keuangan Unit|0||0|||2.0|0|00
2026|01|528682|015|08|WA|4718|BMB|25|51|2|002|Kehumasan|0||0|||4.0|0|00
2026|01|528682|015|08|WA|4718|BMB|25|51|2|001|Pembinaan/Edukasi Publik|0||0|||2.0|0|00
2026|01|528682|015|08|WA|4719|EBA|25|51|2|003|Rekomendasi Pengelolaan Organisasi|0||0|||15.0|0|00
2026|01|528682|015|08|WA|4719|EBA|25|51|2|994|Layanan Perkantoran|0||0|||12.0|0|00
2026|01|528682|015|08|WA|4719|EBA|25|51|2|005|Standar Mutu Layanan - ISO Mutu Layanan|0||0|||16.0|0|00
2026|01|528682|015|08|WA|4719|EBC|25|51|2|001|Pengembangan SDM|0||0|||51.0|0|00
2026|01|528682|015|08|WA|4722|EBD|25|51|2|001|Rekomendasi Penerapan Pengelolaan Risiko, Pengendalian dan Pengawasan Internal|0||0|||2.0|0|00
2026|01|528682|015|08|WA|6990|ABA|25|51|2|001|Rekomendasi Kebijakan terkait Percepatan Pembangunan dan Otonomi Khusus Papua|0||0|||4.0|0|00
2026|01|528682|015|08|WA|6990|EBA|25|51|2|994|Layanan Perkantoran|0||0|||12.0|0|00
2026|01|528682|015|08|WA|6990|EBA|25|51|2|002|Dukungan Pimpinan dan Keprotokoleran|0||0|||12.0|0|00
2026|01|528743|015|08|CD|6212|BMB|25|07|2|001|Dukungan Pemberdayaan UMKM untuk Inklusi Pemanfaatan Digipay|0||0|||1.0|0|00
2026|01|528743|015|08|CD|6212|FAC|25|07|2|001|Komunikasi dan Edukasi Implementasi Aplikasi|0||0|||60.0|0|00
2026|01|528743|015|08|CD|6212|FAH|25|07|2|001|Edukasi Dalam Rangka Penyusunan Laporan Keuangan Tingkat Kuasa BUN|0||0|||4.0|0|00
2026|01|528743|015|08|CD|6212|FAL|25|07|2|004|Konsultasi Pencairan Dana|0||0|||10.0|0|00
2026|01|528743|015|08|CD|6213|FAC|25|07|2|001|Monev Pengembangan Kompetensi KPA, PPK, PPSPM, Bendahara dan Pengelola Perbendaharaan|0||0|||10.0|0|00
2026|01|528743|015|08|CD|6213|FAE|25|07|2|009|Rekomendasi atas Kinerja Investasi Pemerintah|0||0|||2.0|0|00
2026|01|528743|015|08|CD|6213|FAL|25|07|2|003|Reviu Belanja Pemerintah|0||0|||1.0|0|00
2026|01|528743|015|08|CD|6214|FAL|25|07|2|002|Surat Perintah Pencairan/Penarikan/Repayment/Pengesahan Dana|0||0|||2616.0|0|00
2026|01|528743|015|08|CD|6215|FAH|25|07|2|003|Laporan Keuangan BUN|0||0|||4.0|0|00
2026|01|528743|015|08|WA|4715|EBA|25|07|2|001|Kerumahtanggaan|0||0|||12.0|0|00
2026|01|528743|015|08|WA|4715|EBA|25|07|2|994|Layanan Perkantoran|0||0|||12.0|0|00
2026|01|528743|015|08|WA|4715|EBA|25|07|2|002|Dukungan Pimpinan dan Keprotokoleran|0||0|||12.0|0|00
2026|01|528743|015|08|WA|4715|EBB|25|07|2|004|Gedung/Bangunan|0||0|||1616.0|0|00
2026|01|528743|015|08|WA|4715|EBD|25|07|2|Z36|Dokumen Pengelolaan Kinerja Organisasi|0||0|||2.0|0|00
2026|01|528743|015|08|WA|4718|BMB|25|07|2|002|Kehumasan|0||0|||1.0|0|00
2026|01|528743|015|08|WA|4718|BMB|25|07|2|001|Pembinaan/Edukasi Publik|0||0|||2.0|0|00
2026|01|528743|015|08|WA|4719|EBA|25|07|2|994|Layanan Perkantoran|0||0|||1.0|0|00
2026|01|528743|015|08|WA|4719|EBA|25|07|2|004|Hasil Survey/Rekomendasi Kepuasan Pengguna Layanan|0||0|||2.0|0|00
2026|01|528743|015|08|WA|4719|EBC|25|07|2|001|Pengembangan SDM|0||0|||18.0|0|00
2026|01|528743|015|08|WA|6990|ABA|25|07|2|001|Rekomendasi Kebijakan terkait Percepatan Pembangunan dan Otonomi Khusus Papua|0||0|||4.0|0|00
2026|01|528718|015|08|CD|6212|BMB|33|01|2|001|Dukungan Pemberdayaan UMKM untuk Inklusi Pemanfaatan Digipay|0||0|||1.0|0|00
2026|01|528718|015|08|CD|6212|FAC|33|01|2|001|Komunikasi dan Edukasi Implementasi Aplikasi|0||0|||112.0|0|00
2026|01|528718|015|08|CD|6212|FAH|33|01|2|001|Edukasi Dalam Rangka Penyusunan Laporan Keuangan Tingkat Kuasa BUN|0||0|||4.0|0|00
2026|01|528718|015|08|CD|6212|FAL|33|01|2|004|Konsultasi Pencairan Dana|0||0|||10.0|0|00
2026|01|528718|015|08|CD|6213|FAC|33|01|2|001|Monev Pengembangan Kompetensi KPA, PPK, PPSPM, Bendahara dan Pengelola Perbendaharaan|0||0|||10.0|0|00
2026|01|528718|015|08|CD|6213|FAE|33|01|2|009|Rekomendasi atas Kinerja Investasi Pemerintah|0||0|||2.0|0|00
2026|01|528718|015|08|CD|6213|FAL|33|01|2|003|Reviu Belanja Pemerintah|0||0|||1.0|0|00
2026|01|528718|015|08|CD|6214|FAL|33|01|2|002|Surat Perintah Pencairan/Penarikan/Repayment/Pengesahan Dana|0||0|||5088.0|0|00
2026|01|528718|015|08|CD|6215|FAH|33|01|2|003|Laporan Keuangan BUN|0||0|||4.0|0|00
2026|01|528718|015|08|WA|4715|EBA|33|01|2|001|Kerumahtanggaan|0||0|||12.0|0|00
2026|01|528718|015|08|WA|4715|EBA|33|01|2|994|Layanan Perkantoran|0||0|||12.0|0|00
2026|01|528718|015|08|WA|4715|EBA|33|01|2|002|Dukungan Pimpinan dan Keprotokoleran|0||0|||12.0|0|00
2026|01|528718|015|08|WA|4715|EBD|33|01|2|Z36|Dokumen Pengelolaan Kinerja Organisasi|0||0|||2.0|0|00
2026|01|528718|015|08|WA|4718|BMB|33|01|2|002|Kehumasan|0||0|||1.0|0|00
2026|01|528718|015|08|WA|4718|BMB|33|01|2|001|Pembinaan/Edukasi Publik|0||0|||2.0|0|00
2026|01|528718|015|08|WA|4719|EBA|33|01|2|994|Layanan Perkantoran|0||0|||12.0|0|00
2026|01|528718|015|08|WA|4719|EBA|33|01|2|004|Hasil Survey/Rekomendasi Kepuasan Pengguna Layanan|0||0|||2.0|0|00
2026|01|528718|015|08|WA|4719|EBC|33|01|2|001|Pengembangan SDM|0||0|||19.0|0|00
2026|01|528739|015|08|CD|6212|BMB|33|03|2|001|Dukungan Pemberdayaan UMKM untuk Inklusi Pemanfaatan Digipay|0||0|||1.0|0|00
2026|01|528739|015|08|CD|6212|FAC|33|03|2|001|Komunikasi dan Edukasi Implementasi Aplikasi|0||0|||29.0|0|00
2026|01|528739|015|08|CD|6212|FAH|33|03|2|001|Edukasi Dalam Rangka Penyusunan Laporan Keuangan Tingkat Kuasa BUN|0||0|||4.0|0|00
2026|01|528739|015|08|CD|6212|FAL|33|03|2|004|Konsultasi Pencairan Dana|0||0|||10.0|0|00
2026|01|528739|015|08|CD|6213|FAC|33|03|2|001|Monev Pengembangan Kompetensi KPA, PPK, PPSPM, Bendahara dan Pengelola Perbendaharaan|0||0|||10.0|0|00
2026|01|528739|015|08|CD|6213|FAE|33|03|2|009|Rekomendasi atas Kinerja Investasi Pemerintah|0||0|||2.0|0|00
2026|01|528739|015|08|CD|6213|FAL|33|03|2|003|Reviu Belanja Pemerintah|0||0|||1.0|0|00
2026|01|528739|015|08|CD|6214|FAL|33|03|2|002|Surat Perintah Pencairan/Penarikan/Repayment/Pengesahan Dana|0||0|||1296.0|0|00
2026|01|528739|015|08|CD|6215|FAH|33|03|2|003|Laporan Keuangan BUN|0||0|||4.0|0|00
2026|01|528739|015|08|WA|4715|EBA|33|03|2|001|Kerumahtanggaan|0||0|||12.0|0|00
2026|01|528739|015|08|WA|4715|EBA|33|03|2|994|Layanan Perkantoran|0||0|||12.0|0|00
2026|01|528739|015|08|WA|4715|EBA|33|03|2|002|Dukungan Pimpinan dan Keprotokoleran|0||0|||12.0|0|00
2026|01|528739|015|08|WA|4715|EBD|33|03|2|Z36|Dokumen Pengelolaan Kinerja Organisasi|0||0|||2.0|0|00
2026|01|528739|015|08|WA|4718|BMB|33|03|2|002|Kehumasan|0||0|||1.0|0|00
2026|01|528739|015|08|WA|4718|BMB|33|03|2|001|Pembinaan/Edukasi Publik|0||0|||2.0|0|00
2026|01|528739|015|08|WA|4719|EBA|33|03|2|994|Layanan Perkantoran|0||0|||12.0|0|00
2026|01|528739|015|08|WA|4719|EBA|33|03|2|004|Hasil Survey/Rekomendasi Kepuasan Pengguna Layanan|0||0|||2.0|0|00
2026|01|528739|015|08|WA|4719|EBC|33|03|2|001|Pengembangan SDM|0||0|||12.0|0|00
2026|01|528722|015|08|CD|6212|BMB|33|51|2|001|Dukungan Pemberdayaan UMKM untuk Inklusi Pemanfaatan Digipay|0||0|||1.0|0|00
2026|01|528722|015|08|CD|6212|FAC|33|51|2|001|Komunikasi dan Edukasi Implementasi Aplikasi|0||0|||78.0|0|00
2026|01|528722|015|08|CD|6212|FAH|33|51|2|001|Edukasi Dalam Rangka Penyusunan Laporan Keuangan Tingkat Kuasa BUN|0||0|||4.0|0|00
2026|01|528722|015|08|CD|6212|FAL|33|51|2|004|Konsultasi Pencairan Dana|0||0|||10.0|0|00
2026|01|528722|015|08|CD|6213|FAC|33|51|2|001|Monev Pengembangan Kompetensi KPA, PPK, PPSPM, Bendahara dan Pengelola Perbendaharaan|0||0|||10.0|0|00
2026|01|528722|015|08|CD|6213|FAE|33|51|2|009|Rekomendasi atas Kinerja Investasi Pemerintah|0||0|||2.0|0|00
2026|01|528722|015|08|CD|6213|FAL|33|51|2|003|Reviu Belanja Pemerintah|0||0|||1.0|0|00
2026|01|528722|015|08|CD|6214|FAL|33|51|2|002|Surat Perintah Pencairan/Penarikan/Repayment/Pengesahan Dana|0||0|||3408.0|0|00
2026|01|528722|015|08|CD|6215|FAH|33|51|2|003|Laporan Keuangan BUN|0||0|||4.0|0|00
2026|01|528722|015|08|WA|4715|EBA|33|51|2|001|Kerumahtanggaan|0||0|||12.0|0|00
2026|01|528722|015|08|WA|4715|EBA|33|51|2|994|Layanan Perkantoran|0||0|||12.0|0|00
2026|01|528722|015|08|WA|4715|EBA|33|51|2|002|Dukungan Pimpinan dan Keprotokoleran|0||0|||12.0|0|00
2026|01|528722|015|08|WA|4715|EBD|33|51|2|Z36|Dokumen Pengelolaan Kinerja Organisasi|0||0|||2.0|0|00
2026|01|528722|015|08|WA|4718|BMB|33|51|2|002|Kehumasan|0||0|||1.0|0|00
2026|01|528722|015|08|WA|4718|BMB|33|51|2|001|Pembinaan/Edukasi Publik|0||0|||2.0|0|00
2026|01|528722|015|08|WA|4719|EBA|33|51|2|994|Layanan Perkantoran|0||0|||12.0|0|00
2026|01|528722|015|08|WA|4719|EBA|33|51|2|004|Hasil Survey/Rekomendasi Kepuasan Pengguna Layanan|0||0|||2.0|0|00
2026|01|528722|015|08|WA|4719|EBC|33|51|2|001|Pengembangan SDM|0||0|||19.0|0|00
2026|01|528722|015|08|WA|6990|ABA|33|51|2|001|Rekomendasi Kebijakan terkait Percepatan Pembangunan dan Otonomi Khusus Papua|0||0|||4.0|0|00
2026|01|528701|015|08|CD|6212|BMB|25|02|2|001|Dukungan Pemberdayaan UMKM untuk Inklusi Pemanfaatan Digipay|0||0|||1.0|0|00
2026|01|528701|015|08|CD|6212|FAC|25|02|2|001|Komunikasi dan Edukasi Implementasi Aplikasi|0||0|||27.0|0|00
2026|01|528701|015|08|CD|6212|FAH|25|02|2|001|Edukasi Dalam Rangka Penyusunan Laporan Keuangan Tingkat Kuasa BUN|0||0|||4.0|0|00
2026|01|528701|015|08|CD|6212|FAL|25|02|2|004|Konsultasi Pencairan Dana|0||0|||10.0|0|00
2026|01|528701|015|08|CD|6213|FAC|25|02|2|001|Monev Pengembangan Kompetensi KPA, PPK, PPSPM, Bendahara dan Pengelola Perbendaharaan|0||0|||10.0|0|00
2026|01|528701|015|08|CD|6213|FAE|25|02|2|009|Rekomendasi atas Kinerja Investasi Pemerintah|0||0|||2.0|0|00
2026|01|528701|015|08|CD|6213|FAL|25|02|2|003|Reviu Belanja Pemerintah|0||0|||1.0|0|00
2026|01|528701|015|08|CD|6214|FAL|25|02|2|002|Surat Perintah Pencairan/Penarikan/Repayment/Pengesahan Dana|0||0|||1176.0|0|00
2026|01|528701|015|08|CD|6215|FAH|25|02|2|003|Laporan Keuangan BUN|0||0|||4.0|0|00
2026|01|528701|015|08|WA|4715|EBA|25|02|2|001|Kerumahtanggaan|0||0|||12.0|0|00
2026|01|528701|015|08|WA|4715|EBA|25|02|2|994|Layanan Perkantoran|0||0|||12.0|0|00
2026|01|528701|015|08|WA|4715|EBA|25|02|2|002|Dukungan Pimpinan dan Keprotokoleran|0||0|||12.0|0|00
2026|01|528701|015|08|WA|4715|EBD|25|02|2|Z36|Dokumen Pengelolaan Kinerja Organisasi|0||0|||2.0|0|00
2026|01|528701|015|08|WA|4718|BMB|25|02|2|002|Kehumasan|0||0|||1.0|0|00
2026|01|528701|015|08|WA|4718|BMB|25|02|2|001|Pembinaan/Edukasi Publik|0||0|||2.0|0|00
2026|01|528701|015|08|WA|4719|EBA|25|02|2|994|Layanan Perkantoran|0||0|||12.0|0|00
2026|01|528701|015|08|WA|4719|EBA|25|02|2|004|Hasil Survey/Rekomendasi Kepuasan Pengguna Layanan|0||0|||2.0|0|00
2026|01|528701|015|08|WA|4719|EBC|25|02|2|001|Pengembangan SDM|0||0|||13.0|0|00
2026|01|531293|015|08|CD|6212|BMB|01|51|2|001|Dukungan Pemberdayaan UMKM untuk Inklusi Pemanfaatan Digipay|0||0|||1.0|0|00
2026|01|531293|015|08|CD|6212|FAC|01|51|2|001|Komunikasi dan Edukasi Implementasi Aplikasi|0||0|||128.0|0|00
2026|01|531293|015|08|CD|6212|FAH|01|51|2|001|Edukasi Dalam Rangka Penyusunan Laporan Keuangan Tingkat Kuasa BUN|0||0|||4.0|0|00
2026|01|531293|015|08|CD|6212|FAL|01|51|2|004|Konsultasi Pencairan Dana|0||0|||10.0|0|00
2026|01|531293|015|08|CD|6213|FAC|01|51|2|001|Monev Pengembangan Kompetensi KPA, PPK, PPSPM, Bendahara dan Pengelola Perbendaharaan|0||0|||10.0|0|00
2026|01|531293|015|08|CD|6213|FAE|01|51|2|009|Rekomendasi atas Kinerja Investasi Pemerintah|0||0|||2.0|0|00
2026|01|531293|015|08|CD|6213|FAL|01|51|2|003|Reviu Belanja Pemerintah|0||0|||1.0|0|00
2026|01|531293|015|08|CD|6214|FAL|01|51|2|002|Surat Perintah Pencairan/Penarikan/Repayment/Pengesahan Dana|0||0|||6144.0|0|00
2026|01|531293|015|08|CD|6215|FAH|01|51|2|003|Laporan Keuangan BUN|0||0|||4.0|0|00
2026|01|531293|015|08|WA|4715|EBA|01|51|2|001|Kerumahtanggaan|0||0|||12.0|0|00
2026|01|531293|015|08|WA|4715|EBA|01|51|2|994|Layanan Perkantoran|0||0|||12.0|0|00
2026|01|531293|015|08|WA|4715|EBA|01|51|2|002|Dukungan Pimpinan dan Keprotokoleran|0||0|||12.0|0|00
2026|01|531293|015|08|WA|4715|EBD|01|51|2|Z36|Dokumen Pengelolaan Kinerja Organisasi|0||0|||2.0|0|00
2026|01|531293|015|08|WA|4718|BMB|01|51|2|002|Kehumasan|0||0|||1.0|0|00
2026|01|531293|015|08|WA|4718|BMB|01|51|2|001|Pembinaan/Edukasi Publik|0||0|||2.0|0|00
2026|01|531293|015|08|WA|4719|EBA|01|51|2|994|Layanan Perkantoran|0||0|||12.0|0|00
2026|01|531293|015|08|WA|4719|EBA|01|51|2|004|Hasil Survey/Rekomendasi Kepuasan Pengguna Layanan|0||0|||2.0|0|00
2026|01|531293|015|08|WA|4719|EBC|01|51|2|001|Pengembangan SDM|0||0|||43.0|0|00
2026|01|528792|015|08|CD|6212|BMB|26|02|2|001|Dukungan Pemberdayaan UMKM untuk Inklusi Pemanfaatan Digipay|0||0|||1.0|0|00
2026|01|528792|015|08|CD|6212|FAC|26|02|2|001|Komunikasi dan Edukasi Implementasi Aplikasi|0||0|||34.0|0|00
2026|01|528792|015|08|CD|6212|FAH|26|02|2|001|Edukasi Dalam Rangka Penyusunan Laporan Keuangan Tingkat Kuasa BUN|0||0|||4.0|0|00
2026|01|528792|015|08|CD|6212|FAL|26|02|2|004|Konsultasi Pencairan Dana|0||0|||10.0|0|00
2026|01|528792|015|08|CD|6213|FAC|26|02|2|001|Monev Pengembangan Kompetensi KPA, PPK, PPSPM, Bendahara dan Pengelola Perbendaharaan|0||0|||10.0|0|00
2026|01|528792|015|08|CD|6213|FAE|26|02|2|009|Rekomendasi atas Kinerja Investasi Pemerintah|0||0|||2.0|0|00
2026|01|528792|015|08|CD|6213|FAL|26|02|2|003|Reviu Belanja Pemerintah|0||0|||1.0|0|00
2026|01|528792|015|08|CD|6214|FAL|26|02|2|002|Surat Perintah Pencairan/Penarikan/Repayment/Pengesahan Dana|0||0|||1464.0|0|00
2026|01|528792|015|08|CD|6215|FAH|26|02|2|003|Laporan Keuangan BUN|0||0|||4.0|0|00
2026|01|528792|015|08|WA|4715|EBA|26|02|2|001|Kerumahtanggaan|0||0|||12.0|0|00
2026|01|528792|015|08|WA|4715|EBA|26|02|2|994|Layanan Perkantoran|0||0|||12.0|0|00
2026|01|528792|015|08|WA|4715|EBA|26|02|2|002|Dukungan Pimpinan dan Keprotokoleran|0||0|||12.0|0|00
2026|01|528792|015|08|WA|4715|EBD|26|02|2|Z36|Dokumen Pengelolaan Kinerja Organisasi|0||0|||2.0|0|00
2026|01|528792|015|08|WA|4718|BMB|26|02|2|002|Kehumasan|0||0|||1.0|0|00
2026|01|528792|015|08|WA|4718|BMB|26|02|2|001|Pembinaan/Edukasi Publik|0||0|||2.0|0|00
2026|01|528792|015|08|WA|4719|EBA|26|02|2|994|Layanan Perkantoran|0||0|||12.0|0|00
2026|01|528792|015|08|WA|4719|EBA|26|02|2|004|Hasil Survey/Rekomendasi Kepuasan Pengguna Layanan|0||0|||2.0|0|00
2026|01|528792|015|08|WA|4719|EBC|26|02|2|001|Pengembangan SDM|0||0|||13.0|0|00
2026|01|528785|015|08|CD|6212|BMB|26|51|2|001|Dukungan Pemberdayaan UMKM untuk Inklusi Pemanfaatan Digipay|0||0|||1.0|0|00
2026|01|528785|015|08|CD|6212|FAC|26|51|2|001|Komunikasi dan Edukasi Implementasi Aplikasi|0||0|||101.0|0|00
2026|01|528785|015|08|CD|6212|FAH|26|51|2|001|Edukasi Dalam Rangka Penyusunan Laporan Keuangan Tingkat Kuasa BUN|0||0|||4.0|0|00
2026|01|528785|015|08|CD|6212|FAL|26|51|2|004|Konsultasi Pencairan Dana|0||0|||10.0|0|00
2026|01|528785|015|08|CD|6213|FAC|26|51|2|001|Monev Pengembangan Kompetensi KPA, PPK, PPSPM, Bendahara dan Pengelola Perbendaharaan|0||0|||10.0|0|00
2026|01|528785|015|08|CD|6213|FAE|26|51|2|009|Rekomendasi atas Kinerja Investasi Pemerintah|0||0|||2.0|0|00
2026|01|528785|015|08|CD|6213|FAL|26|51|2|003|Reviu Belanja Pemerintah|0||0|||1.0|0|00
2026|01|528785|015|08|CD|6214|FAL|26|51|2|002|Surat Perintah Pencairan/Penarikan/Repayment/Pengesahan Dana|0||0|||4632.0|0|00
2026|01|528785|015|08|CD|6215|FAH|26|51|2|003|Laporan Keuangan BUN|0||0|||4.0|0|00
2026|01|528785|015|08|WA|4715|EBA|26|51|2|001|Kerumahtanggaan|0||0|||12.0|0|00
2026|01|528785|015|08|WA|4715|EBA|26|51|2|994|Layanan Perkantoran|0||0|||12.0|0|00
2026|01|528785|015|08|WA|4715|EBA|26|51|2|002|Dukungan Pimpinan dan Keprotokoleran|0||0|||12.0|0|00
2026|01|528785|015|08|WA|4715|EBD|26|51|2|Z36|Dokumen Pengelolaan Kinerja Organisasi|0||0|||2.0|0|00
2026|01|528785|015|08|WA|4718|BMB|26|51|2|002|Kehumasan|0||0|||1.0|0|00
2026|01|528785|015|08|WA|4718|BMB|26|51|2|001|Pembinaan/Edukasi Publik|0||0|||2.0|0|00
2026|01|528785|015|08|WA|4719|EBA|26|51|2|994|Layanan Perkantoran|0||0|||12.0|0|00
2026|01|528785|015|08|WA|4719|EBA|26|51|2|004|Hasil Survey/Rekomendasi Kepuasan Pengguna Layanan|0||0|||2.0|0|00
2026|01|528785|015|08|WA|4719|EBC|26|51|2|001|Pengembangan SDM|0||0|||22.0|0|00
2026|01|528764|015|08|CD|6212|BMB|25|08|2|001|Dukungan Pemberdayaan UMKM untuk Inklusi Pemanfaatan Digipay|0||0|||1.0|0|00
2026|01|528764|015|08|CD|6212|FAC|25|08|2|001|Komunikasi dan Edukasi Implementasi Aplikasi|0||0|||41.0|0|00
2026|01|528764|015|08|CD|6212|FAH|25|08|2|001|Edukasi Dalam Rangka Penyusunan Laporan Keuangan Tingkat Kuasa BUN|0||0|||4.0|0|00
2026|01|528764|015|08|CD|6212|FAL|25|08|2|004|Konsultasi Pencairan Dana|0||0|||10.0|0|00
2026|01|528764|015|08|CD|6213|FAC|25|08|2|001|Monev Pengembangan Kompetensi KPA, PPK, PPSPM, Bendahara dan Pengelola Perbendaharaan|0||0|||10.0|0|00
2026|01|528764|015|08|CD|6213|FAE|25|08|2|009|Rekomendasi atas Kinerja Investasi Pemerintah|0||0|||2.0|0|00
2026|01|528764|015|08|CD|6213|FAL|25|08|2|003|Reviu Belanja Pemerintah|0||0|||1.0|0|00
2026|01|528764|015|08|CD|6214|FAL|25|08|2|002|Surat Perintah Pencairan/Penarikan/Repayment/Pengesahan Dana|0||0|||1512.0|0|00
2026|01|528764|015|08|CD|6215|FAH|25|08|2|003|Laporan Keuangan BUN|0||0|||4.0|0|00
2026|01|528764|015|08|WA|4715|EBA|25|08|2|001|Kerumahtanggaan|0||0|||12.0|0|00
2026|01|528764|015|08|WA|4715|EBA|25|08|2|994|Layanan Perkantoran|0||0|||12.0|0|00
2026|01|528764|015|08|WA|4715|EBA|25|08|2|002|Dukungan Pimpinan dan Keprotokoleran|0||0|||12.0|0|00
2026|01|528764|015|08|WA|4715|EBB|25|08|2|004|Gedung/Bangunan|0||0|||622.0|0|00
2026|01|528764|015|08|WA|4715|EBD|25|08|2|Z36|Dokumen Pengelolaan Kinerja Organisasi|0||0|||2.0|0|00
2026|01|528764|015|08|WA|4718|BMB|25|08|2|002|Kehumasan|0||0|||1.0|0|00
2026|01|528764|015|08|WA|4718|BMB|25|08|2|001|Pembinaan/Edukasi Publik|0||0|||2.0|0|00
2026|01|528764|015|08|WA|4719|EBA|25|08|2|994|Layanan Perkantoran|0||0|||12.0|0|00
2026|01|528764|015|08|WA|4719|EBA|25|08|2|004|Hasil Survey/Rekomendasi Kepuasan Pengguna Layanan|0||0|||2.0|0|00
2026|01|528764|015|08|WA|4719|EBC|25|08|2|001|Pengembangan SDM|0||0|||14.0|0|00
2026|01|528764|015|08|WA|6990|ABA|25|08|2|001|Rekomendasi Kebijakan terkait Percepatan Pembangunan dan Otonomi Khusus Papua|0||0|||4.0|0|00
2026|01|528750|015|08|CD|6212|BMB|25|10|2|001|Dukungan Pemberdayaan UMKM untuk Inklusi Pemanfaatan Digipay|0||0|||1.0|0|00
2026|01|528750|015|08|CD|6212|FAC|25|10|2|001|Komunikasi dan Edukasi Implementasi Aplikasi|0||0|||57.0|0|00
2026|01|528750|015|08|CD|6212|FAH|25|10|2|001|Edukasi Dalam Rangka Penyusunan Laporan Keuangan Tingkat Kuasa BUN|0||0|||4.0|0|00
2026|01|528750|015|08|CD|6212|FAL|25|10|2|004|Konsultasi Pencairan Dana|0||0|||10.0|0|00
2026|01|528750|015|08|CD|6213|FAC|25|10|2|001|Monev Pengembangan Kompetensi KPA, PPK, PPSPM, Bendahara dan Pengelola Perbendaharaan|0||0|||10.0|0|00
2026|01|528750|015|08|CD|6213|FAE|25|10|2|009|Rekomendasi atas Kinerja Investasi Pemerintah|0||0|||2.0|0|00
2026|01|528750|015|08|CD|6213|FAL|25|10|2|003|Reviu Belanja Pemerintah|0||0|||1.0|0|00
2026|01|528750|015|08|CD|6214|FAL|25|10|2|002|Surat Perintah Pencairan/Penarikan/Repayment/Pengesahan Dana|0||0|||2424.0|0|00
2026|01|528750|015|08|CD|6215|FAH|25|10|2|003|Laporan Keuangan BUN|0||0|||4.0|0|00
2026|01|528750|015|08|WA|4715|EBA|25|10|2|001|Kerumahtanggaan|0||0|||12.0|0|00
2026|01|528750|015|08|WA|4715|EBA|25|10|2|994|Layanan Perkantoran|0||0|||12.0|0|00
2026|01|528750|015|08|WA|4715|EBA|25|10|2|002|Dukungan Pimpinan dan Keprotokoleran|0||0|||12.0|0|00
2026|01|528750|015|08|WA|4715|EBB|25|10|2|004|Gedung/Bangunan|0||0|||491.0|0|00
2026|01|528750|015|08|WA|4715|EBD|25|10|2|Z36|Dokumen Pengelolaan Kinerja Organisasi|0||0|||2.0|0|00
2026|01|528750|015|08|WA|4718|BMB|25|10|2|002|Kehumasan|0||0|||1.0|0|00
2026|01|528750|015|08|WA|4718|BMB|25|10|2|001|Pembinaan/Edukasi Publik|0||0|||2.0|0|00
2026|01|528750|015|08|WA|4719|EBA|25|10|2|994|Layanan Perkantoran|0||0|||12.0|0|00
2026|01|528750|015|08|WA|4719|EBA|25|10|2|004|Hasil Survey/Rekomendasi Kepuasan Pengguna Layanan|0||0|||2.0|0|00
2026|01|528750|015|08|WA|4719|EBC|25|10|2|001|Pengembangan SDM|0||0|||16.0|0|00
2026|01|528750|015|08|WA|6990|ABA|25|10|2|001|Rekomendasi Kebijakan terkait Percepatan Pembangunan dan Otonomi Khusus Papua|0||0|||4.0|0|00
2026|01|539049|015|08|CD|6212|BMB|25|04|2|001|Dukungan Pemberdayaan UMKM untuk Inklusi Pemanfaatan Digipay|0||0|||1.0|0|00
2026|01|539049|015|08|CD|6212|FAC|25|04|2|001|Komunikasi dan Edukasi Implementasi Aplikasi|0||0|||12.0|0|00
2026|01|539049|015|08|CD|6212|FAH|25|04|2|001|Edukasi Dalam Rangka Penyusunan Laporan Keuangan Tingkat Kuasa BUN|0||0|||4.0|0|00
2026|01|539049|015|08|CD|6212|FAL|25|04|2|004|Konsultasi Pencairan Dana|0||0|||10.0|0|00
2026|01|539049|015|08|CD|6213|FAC|25|04|2|001|Monev Pengembangan Kompetensi KPA, PPK, PPSPM, Bendahara dan Pengelola Perbendaharaan|0||0|||10.0|0|00
2026|01|539049|015|08|CD|6213|FAE|25|04|2|009|Rekomendasi atas Kinerja Investasi Pemerintah|0||0|||2.0|0|00
2026|01|539049|015|08|CD|6213|FAL|25|04|2|003|Reviu Belanja Pemerintah|0||0|||1.0|0|00
2026|01|539049|015|08|CD|6214|FAL|25|04|2|002|Surat Perintah Pencairan/Penarikan/Repayment/Pengesahan Dana|0||0|||456.0|0|00
2026|01|539049|015|08|CD|6215|FAH|25|04|2|003|Laporan Keuangan BUN|0||0|||4.0|0|00
2026|01|539049|015|08|WA|4715|EBA|25|04|2|001|Kerumahtanggaan|0||0|||12.0|0|00
2026|01|539049|015|08|WA|4715|EBA|25|04|2|994|Layanan Perkantoran|0||0|||12.0|0|00
2026|01|539049|015|08|WA|4715|EBA|25|04|2|002|Dukungan Pimpinan dan Keprotokoleran|0||0|||12.0|0|00
2026|01|539049|015|08|WA|4715|EBD|25|04|2|Z36|Dokumen Pengelolaan Kinerja Organisasi|0||0|||2.0|0|00
2026|01|539049|015|08|WA|4718|BMB|25|04|2|002|Kehumasan|0||0|||1.0|0|00
2026|01|539049|015|08|WA|4718|BMB|25|04|2|001|Pembinaan/Edukasi Publik|0||0|||2.0|0|00
2026|01|539049|015|08|WA|4719|EBA|25|04|2|994|Layanan Perkantoran|0||0|||12.0|0|00
2026|01|539049|015|08|WA|4719|EBA|25|04|2|004|Hasil Survey/Rekomendasi Kepuasan Pengguna Layanan|0||0|||1.0|0|00
2026|01|539049|015|08|WA|4719|EBC|25|04|2|001|Pengembangan SDM|0||0|||11.0|0|00
2026|01|579330|015|08|CD|6212|BMB|01|54|2|001|Dukungan Pemberdayaan UMKM untuk Inklusi Pemanfaatan Digipay|0||0|||1.0|0|00
2026|01|579330|015|08|CD|6212|FAC|01|54|2|001|Komunikasi dan Edukasi Implementasi Aplikasi|0||0|||130.0|0|00
2026|01|579330|015|08|CD|6212|FAH|01|54|2|001|Edukasi Dalam Rangka Penyusunan Laporan Keuangan Tingkat Kuasa BUN|0||0|||4.0|0|00
2026|01|579330|015|08|CD|6212|FAL|01|54|2|004|Konsultasi Pencairan Dana|0||0|||10.0|0|00
2026|01|579330|015|08|CD|6213|FAC|01|54|2|001|Monev Pengembangan Kompetensi KPA, PPK, PPSPM, Bendahara dan Pengelola Perbendaharaan|0||0|||10.0|0|00
2026|01|579330|015|08|CD|6213|FAE|01|54|2|009|Rekomendasi atas Kinerja Investasi Pemerintah|0||0|||2.0|0|00
2026|01|579330|015|08|CD|6213|FAL|01|54|2|003|Reviu Belanja Pemerintah|0||0|||1.0|0|00
2026|01|579330|015|08|CD|6214|FAL|01|54|2|002|Surat Perintah Pencairan/Penarikan/Repayment/Pengesahan Dana|0||0|||6216.0|0|00
2026|01|579330|015|08|CD|6215|FAH|01|54|2|003|Laporan Keuangan BUN|0||0|||4.0|0|00
2026|01|579330|015|08|WA|4715|EBA|01|54|2|001|Kerumahtanggaan|0||0|||12.0|0|00
2026|01|579330|015|08|WA|4715|EBA|01|54|2|994|Layanan Perkantoran|0||0|||12.0|0|00
2026|01|579330|015|08|WA|4715|EBA|01|54|2|002|Dukungan Pimpinan dan Keprotokoleran|0||0|||12.0|0|00
2026|01|579330|015|08|WA|4715|EBB|01|54|2|004|Gedung/Bangunan|0||0|||2775.0|0|00
2026|01|579330|015|08|WA|4715|EBD|01|54|2|Z36|Dokumen Pengelolaan Kinerja Organisasi|0||0|||2.0|0|00
2026|01|579330|015|08|WA|4718|BMB|01|54|2|002|Kehumasan|0||0|||1.0|0|00
2026|01|579330|015|08|WA|4718|BMB|01|54|2|001|Pembinaan/Edukasi Publik|0||0|||2.0|0|00
2026|01|579330|015|08|WA|4719|EBA|01|54|2|994|Layanan Perkantoran|0||0|||12.0|0|00
2026|01|579330|015|08|WA|4719|EBA|01|54|2|004|Hasil Survey/Rekomendasi Kepuasan Pengguna Layanan|0||0|||2.0|0|00
2026|01|579330|015|08|WA|4719|EBC|01|54|2|001|Pengembangan SDM|0||0|||38.0|0|00
2026|01|539032|015|08|CD|6212|BMB|32|51|2|001|Dukungan Pemberdayaan UMKM untuk Inklusi Pemanfaatan Digipay|0||0|||1.0|0|00
2026|01|539032|015|08|CD|6212|FAC|32|51|2|001|Komunikasi dan Edukasi Implementasi Aplikasi|0||0|||66.0|0|00
2026|01|539032|015|08|CD|6212|FAH|32|51|2|001|Edukasi Dalam Rangka Penyusunan Laporan Keuangan Tingkat Kuasa BUN|0||0|||4.0|0|00
2026|01|539032|015|08|CD|6212|FAL|32|51|2|004|Konsultasi Pencairan Dana|0||0|||10.0|0|00
2026|01|539032|015|08|CD|6213|FAC|32|51|2|001|Monev Pengembangan Kompetensi KPA, PPK, PPSPM, Bendahara dan Pengelola Perbendaharaan|0||0|||10.0|0|00
2026|01|539032|015|08|CD|6213|FAE|32|51|2|009|Rekomendasi atas Kinerja Investasi Pemerintah|0||0|||2.0|0|00
2026|01|539032|015|08|CD|6213|FAL|32|51|2|003|Reviu Belanja Pemerintah|0||0|||1.0|0|00
2026|01|539032|015|08|CD|6214|FAL|32|51|2|002|Surat Perintah Pencairan/Penarikan/Repayment/Pengesahan Dana|0||0|||3072.0|0|00
2026|01|539032|015|08|CD|6215|FAH|32|51|2|003|Laporan Keuangan BUN|0||0|||4.0|0|00
2026|01|539032|015|08|WA|4715|EBA|32|51|2|001|Kerumahtanggaan|0||0|||12.0|0|00
2026|01|539032|015|08|WA|4715|EBA|32|51|2|994|Layanan Perkantoran|0||0|||12.0|0|00
2026|01|539032|015|08|WA|4715|EBA|32|51|2|002|Dukungan Pimpinan dan Keprotokoleran|0||0|||12.0|0|00
2026|01|539032|015|08|WA|4715|EBD|32|51|2|Z36|Dokumen Pengelolaan Kinerja Organisasi|0||0|||2.0|0|00
2026|01|539032|015|08|WA|4718|BMB|32|51|2|002|Kehumasan|0||0|||1.0|0|00
2026|01|539032|015|08|WA|4718|BMB|32|51|2|001|Pembinaan/Edukasi Publik|0||0|||2.0|0|00
2026|01|539032|015|08|WA|4719|EBA|32|51|2|994|Layanan Perkantoran|0||0|||12.0|0|00
2026|01|539032|015|08|WA|4719|EBA|32|51|2|004|Hasil Survey/Rekomendasi Kepuasan Pengguna Layanan|0||0|||2.0|0|00
2026|01|539032|015|08|WA|4719|EBC|32|51|2|001|Pengembangan SDM|0||0|||21.0|0|00
2026|01|613743|015|08|CD|6212|BMB|10|51|2|001|Dukungan Pemberdayaan UMKM untuk Inklusi Pemanfaatan Digipay|0||0|||1.0|0|00
2026|01|613743|015|08|CD|6212|FAC|10|51|2|002|Bimbingan Teknis Pengelola Keuangan BLU|0||0|||140.0|0|00
2026|01|613743|015|08|CD|6212|FAH|10|51|2|003|Komunikasi dan Edukasi Penyusunan LKKL dan LKBUN|0||0|||4.0|0|00
2026|01|613743|015|08|CD|6212|FAH|10|51|2|002|Komunikasi dan Edukasi Dalam Rangka Penyusunan Government Financial Statistic (GFS)|0||0|||8.0|0|00
2026|01|613743|015|08|CD|6212|FAL|10|51|2|001|Pembinaan Pelaksanaan Anggaran|0||0|||8.0|0|00
2026|01|613743|015|08|CD|6213|ABA|10|51|2|001|Kajian atas Peluang Investasi dan Pinjaman Daerah|0||0|||2.0|0|00
2026|01|613743|015|08|CD|6213|FAE|10|51|2|009|Rekomendasi atas Kinerja Investasi Pemerintah|0||0|||2.0|0|00
2026|01|613743|015|08|CD|6213|FAE|10|51|2|008|ALCo Regional|0||0|||4.0|0|00
2026|01|613743|015|08|CD|6213|FAL|10|51|2|003|Reviu Belanja Pemerintah|0||0|||4.0|0|00
2026|01|613743|015|08|CD|6215|FAH|10|51|2|003|Laporan Keuangan BUN|0||0|||4.0|0|00
2026|01|613743|015|08|CD|6215|FAH|10|51|2|001|Government Financial Statistic (GFS)|0||0|||4.0|0|00
2026|01|613743|015|08|CD|6216|FAE|10|51|2|002|Rekomendasi Tarif Standar Biaya Masukan|0||0|||1.0|0|00
2026|01|613743|015|08|WA|4715|EBA|10|51|2|001|Kerumahtanggaan|0||0|||12.0|0|00
2026|01|613743|015|08|WA|4715|EBA|10|51|2|994|Layanan Perkantoran|0||0|||12.0|0|00
2026|01|613743|015|08|WA|4715|EBA|10|51|2|002|Dukungan Pimpinan dan Keprotokoleran|0||0|||12.0|0|00
2026|01|613743|015|08|WA|4715|EBD|10|51|2|Z36|Dokumen Pengelolaan Kinerja Organisasi|0||0|||4.0|0|00
2026|01|613743|015|08|WA|4715|EBD|10|51|2|Z26|Laporan Keuangan Unit|0||0|||2.0|0|00
2026|01|613743|015|08|WA|4718|BMB|10|51|2|002|Kehumasan|0||0|||4.0|0|00
2026|01|613743|015|08|WA|4718|BMB|10|51|2|001|Pembinaan/Edukasi Publik|0||0|||2.0|0|00
2026|01|613743|015|08|WA|4719|EBA|10|51|2|003|Rekomendasi Pengelolaan Organisasi|0||0|||11.0|0|00
2026|01|613743|015|08|WA|4719|EBA|10|51|2|994|Layanan Perkantoran|0||0|||12.0|0|00
2026|01|613743|015|08|WA|4719|EBA|10|51|2|005|Standar Mutu Layanan - ISO Mutu Layanan|0||0|||12.0|0|00
2026|01|613743|015|08|WA|4719|EBC|10|51|2|001|Pengembangan SDM|0||0|||42.0|0|00
2026|01|613743|015|08|WA|4722|EBD|10|51|2|001|Rekomendasi Penerapan Pengelolaan Risiko, Pengendalian dan Pengawasan Internal|0||0|||2.0|0|00
2026|01|613750|015|08|CD|6212|BMB|26|51|2|001|Dukungan Pemberdayaan UMKM untuk Inklusi Pemanfaatan Digipay|0||0|||1.0|0|00
2026|01|613750|015|08|CD|6212|FAC|26|51|2|002|Bimbingan Teknis Pengelola Keuangan BLU|0||0|||67.0|0|00
2026|01|613750|015|08|CD|6212|FAH|26|51|2|003|Komunikasi dan Edukasi Penyusunan LKKL dan LKBUN|0||0|||4.0|0|00
2026|01|613750|015|08|CD|6212|FAH|26|51|2|002|Komunikasi dan Edukasi Dalam Rangka Penyusunan Government Financial Statistic (GFS)|0||0|||8.0|0|00
2026|01|613750|015|08|CD|6212|FAL|26|51|2|001|Pembinaan Pelaksanaan Anggaran|0||0|||8.0|0|00
2026|01|613750|015|08|CD|6213|ABA|26|51|2|001|Kajian atas Peluang Investasi dan Pinjaman Daerah|0||0|||2.0|0|00
2026|01|613750|015|08|CD|6213|FAE|26|51|2|009|Rekomendasi atas Kinerja Investasi Pemerintah|0||0|||2.0|0|00
2026|01|613750|015|08|CD|6213|FAE|26|51|2|008|ALCo Regional|0||0|||4.0|0|00
2026|01|613750|015|08|CD|6213|FAL|26|51|2|003|Reviu Belanja Pemerintah|0||0|||4.0|0|00
2026|01|613750|015|08|CD|6215|FAH|26|51|2|003|Laporan Keuangan BUN|0||0|||4.0|0|00
2026|01|613750|015|08|CD|6215|FAH|26|51|2|001|Government Financial Statistic (GFS)|0||0|||4.0|0|00
2026|01|613750|015|08|CD|6216|FAE|26|51|2|002|Rekomendasi Tarif Standar Biaya Masukan|0||0|||1.0|0|00
2026|01|613750|015|08|WA|4715|EBA|26|51|2|001|Kerumahtanggaan|0||0|||12.0|0|00
2026|01|613750|015|08|WA|4715|EBA|26|51|2|994|Layanan Perkantoran|0||0|||12.0|0|00
2026|01|613750|015|08|WA|4715|EBA|26|51|2|002|Dukungan Pimpinan dan Keprotokoleran|0||0|||12.0|0|00
2026|01|613750|015|08|WA|4715|EBD|26|51|2|Z36|Dokumen Pengelolaan Kinerja Organisasi|0||0|||4.0|0|00
2026|01|613750|015|08|WA|4715|EBD|26|51|2|Z26|Laporan Keuangan Unit|0||0|||2.0|0|00
2026|01|613750|015|08|WA|4718|BMB|26|51|2|002|Kehumasan|0||0|||4.0|0|00
2026|01|613750|015|08|WA|4718|BMB|26|51|2|001|Pembinaan/Edukasi Publik|0||0|||2.0|0|00
2026|01|613750|015|08|WA|4719|EBA|26|51|2|003|Rekomendasi Pengelolaan Organisasi|0||0|||9.0|0|00
2026|01|613750|015|08|WA|4719|EBA|26|51|2|994|Layanan Perkantoran|0||0|||12.0|0|00
2026|01|613750|015|08|WA|4719|EBA|26|51|2|005|Standar Mutu Layanan - ISO Mutu Layanan|0||0|||10.0|0|00
2026|01|613750|015|08|WA|4719|EBC|26|51|2|001|Pengembangan SDM|0||0|||41.0|0|00
2026|01|613750|015|08|WA|4722|EBD|26|51|2|001|Rekomendasi Penerapan Pengelolaan Risiko, Pengendalian dan Pengawasan Internal|0||0|||2.0|0|00
2026|01|613764|015|08|CD|6212|BMB|14|51|2|001|Dukungan Pemberdayaan UMKM untuk Inklusi Pemanfaatan Digipay|0||0|||1.0|0|00
2026|01|613764|015|08|CD|6212|FAC|14|51|2|002|Bimbingan Teknis Pengelola Keuangan BLU|0||0|||56.0|0|00
2026|01|613764|015|08|CD|6212|FAH|14|51|2|003|Komunikasi dan Edukasi Penyusunan LKKL dan LKBUN|0||0|||4.0|0|00
2026|01|613764|015|08|CD|6212|FAH|14|51|2|002|Komunikasi dan Edukasi Dalam Rangka Penyusunan Government Financial Statistic (GFS)|0||0|||8.0|0|00
2026|01|613764|015|08|CD|6212|FAL|14|51|2|001|Pembinaan Pelaksanaan Anggaran|0||0|||8.0|0|00
2026|01|613764|015|08|CD|6213|ABA|14|51|2|001|Kajian atas Peluang Investasi dan Pinjaman Daerah|0||0|||2.0|0|00
2026|01|613764|015|08|CD|6213|FAE|14|51|2|009|Rekomendasi atas Kinerja Investasi Pemerintah|0||0|||2.0|0|00
2026|01|613764|015|08|CD|6213|FAE|14|51|2|008|ALCo Regional|0||0|||4.0|0|00
2026|01|613764|015|08|CD|6213|FAL|14|51|2|003|Reviu Belanja Pemerintah|0||0|||4.0|0|00
2026|01|613764|015|08|CD|6215|FAH|14|51|2|003|Laporan Keuangan BUN|0||0|||4.0|0|00
2026|01|613764|015|08|CD|6215|FAH|14|51|2|001|Government Financial Statistic (GFS)|0||0|||4.0|0|00
2026|01|613764|015|08|CD|6216|FAE|14|51|2|002|Rekomendasi Tarif Standar Biaya Masukan|0||0|||1.0|0|00
2026|01|613764|015|08|WA|4715|EBA|14|51|2|001|Kerumahtanggaan|0||0|||12.0|0|00
2026|01|613764|015|08|WA|4715|EBA|14|51|2|994|Layanan Perkantoran|0||0|||12.0|0|00
2026|01|613764|015|08|WA|4715|EBA|14|51|2|002|Dukungan Pimpinan dan Keprotokoleran|0||0|||12.0|0|00
2026|01|613764|015|08|WA|4715|EBD|14|51|2|Z36|Dokumen Pengelolaan Kinerja Organisasi|0||0|||4.0|0|00
2026|01|613764|015|08|WA|4715|EBD|14|51|2|Z26|Laporan Keuangan Unit|0||0|||2.0|0|00
2026|01|613764|015|08|WA|4718|BMB|14|51|2|002|Kehumasan|0||0|||4.0|0|00
2026|01|613764|015|08|WA|4718|BMB|14|51|2|001|Pembinaan/Edukasi Publik|0||0|||2.0|0|00
2026|01|613764|015|08|WA|4719|EBA|14|51|2|003|Rekomendasi Pengelolaan Organisasi|0||0|||9.0|0|00
2026|01|613764|015|08|WA|4719|EBA|14|51|2|994|Layanan Perkantoran|0||0|||12.0|0|00
2026|01|613764|015|08|WA|4719|EBA|14|51|2|005|Standar Mutu Layanan - ISO Mutu Layanan|0||0|||10.0|0|00
2026|01|613764|015|08|WA|4719|EBC|14|51|2|001|Pengembangan SDM|0||0|||42.0|0|00
2026|01|613764|015|08|WA|4722|EBD|14|51|2|001|Rekomendasi Penerapan Pengelolaan Risiko, Pengendalian dan Pengawasan Internal|0||0|||2.0|0|00
2026|01|613771|015|08|CD|6212|BMB|16|51|2|001|Dukungan Pemberdayaan UMKM untuk Inklusi Pemanfaatan Digipay|0||0|||1.0|0|00
2026|01|613771|015|08|CD|6212|FAC|16|51|2|002|Bimbingan Teknis Pengelola Keuangan BLU|0||0|||165.0|0|00
2026|01|613771|015|08|CD|6212|FAH|16|51|2|003|Komunikasi dan Edukasi Penyusunan LKKL dan LKBUN|0||0|||4.0|0|00
2026|01|613771|015|08|CD|6212|FAH|16|51|2|002|Komunikasi dan Edukasi Dalam Rangka Penyusunan Government Financial Statistic (GFS)|0||0|||8.0|0|00
2026|01|613771|015|08|CD|6212|FAL|16|51|2|001|Pembinaan Pelaksanaan Anggaran|0||0|||8.0|0|00
2026|01|613771|015|08|CD|6213|ABA|16|51|2|001|Kajian atas Peluang Investasi dan Pinjaman Daerah|0||0|||2.0|0|00
2026|01|613771|015|08|CD|6213|FAE|16|51|2|009|Rekomendasi atas Kinerja Investasi Pemerintah|0||0|||2.0|0|00
2026|01|613771|015|08|CD|6213|FAE|16|51|2|008|ALCo Regional|0||0|||4.0|0|00
2026|01|613771|015|08|CD|6213|FAL|16|51|2|003|Reviu Belanja Pemerintah|0||0|||4.0|0|00
2026|01|613771|015|08|CD|6215|FAH|16|51|2|003|Laporan Keuangan BUN|0||0|||4.0|0|00
2026|01|613771|015|08|CD|6215|FAH|16|51|2|001|Government Financial Statistic (GFS)|0||0|||4.0|0|00
2026|01|613771|015|08|CD|6216|FAE|16|51|2|002|Rekomendasi Tarif Standar Biaya Masukan|0||0|||1.0|0|00
2026|01|613771|015|08|WA|4715|EBA|16|51|2|001|Kerumahtanggaan|0||0|||12.0|0|00
2026|01|613771|015|08|WA|4715|EBA|16|51|2|994|Layanan Perkantoran|0||0|||12.0|0|00
2026|01|613771|015|08|WA|4715|EBA|16|51|2|002|Dukungan Pimpinan dan Keprotokoleran|0||0|||12.0|0|00
2026|01|613771|015|08|WA|4715|EBD|16|51|2|Z36|Dokumen Pengelolaan Kinerja Organisasi|0||0|||4.0|0|00
2026|01|613771|015|08|WA|4715|EBD|16|51|2|Z26|Laporan Keuangan Unit|0||0|||2.0|0|00
2026|01|613771|015|08|WA|4718|BMB|16|51|2|002|Kehumasan|0||0|||4.0|0|00
2026|01|613771|015|08|WA|4718|BMB|16|51|2|001|Pembinaan/Edukasi Publik|0||0|||2.0|0|00
2026|01|613771|015|08|WA|4719|EBA|16|51|2|003|Rekomendasi Pengelolaan Organisasi|0||0|||7.0|0|00
2026|01|613771|015|08|WA|4719|EBA|16|51|2|994|Layanan Perkantoran|0||0|||12.0|0|00
2026|01|613771|015|08|WA|4719|EBA|16|51|2|005|Standar Mutu Layanan - ISO Mutu Layanan|0||0|||8.0|0|00
2026|01|613771|015|08|WA|4719|EBC|16|51|2|001|Pengembangan SDM|0||0|||46.0|0|00
2026|01|613771|015|08|WA|4722|EBD|16|51|2|001|Rekomendasi Penerapan Pengelolaan Risiko, Pengendalian dan Pengawasan Internal|0||0|||2.0|0|00
2026|01|613785|015|08|CD|6212|BMB|23|51|2|001|Dukungan Pemberdayaan UMKM untuk Inklusi Pemanfaatan Digipay|0||0|||1.0|0|00
2026|01|613785|015|08|CD|6212|FAC|23|51|2|002|Bimbingan Teknis Pengelola Keuangan BLU|0||0|||83.0|0|00
2026|01|613785|015|08|CD|6212|FAH|23|51|2|003|Komunikasi dan Edukasi Penyusunan LKKL dan LKBUN|0||0|||4.0|0|00
2026|01|613785|015|08|CD|6212|FAH|23|51|2|002|Komunikasi dan Edukasi Dalam Rangka Penyusunan Government Financial Statistic (GFS)|0||0|||8.0|0|00
2026|01|613785|015|08|CD|6212|FAL|23|51|2|001|Pembinaan Pelaksanaan Anggaran|0||0|||8.0|0|00
2026|01|613785|015|08|CD|6213|ABA|23|51|2|001|Kajian atas Peluang Investasi dan Pinjaman Daerah|0||0|||2.0|0|00
2026|01|613785|015|08|CD|6213|FAE|23|51|2|009|Rekomendasi atas Kinerja Investasi Pemerintah|0||0|||2.0|0|00
2026|01|613785|015|08|CD|6213|FAE|23|51|2|008|ALCo Regional|0||0|||2.0|0|00
2026|01|613785|015|08|CD|6213|FAL|23|51|2|003|Reviu Belanja Pemerintah|0||0|||4.0|0|00
2026|01|613785|015|08|CD|6215|FAH|23|51|2|003|Laporan Keuangan BUN|0||0|||4.0|0|00
2026|01|613785|015|08|CD|6215|FAH|23|51|2|001|Government Financial Statistic (GFS)|0||0|||4.0|0|00
2026|01|613785|015|08|CD|6216|FAE|23|51|2|002|Rekomendasi Tarif Standar Biaya Masukan|0||0|||1.0|0|00
2026|01|613785|015|08|WA|4715|EBA|23|51|2|001|Kerumahtanggaan|0||0|||12.0|0|00
2026|01|613785|015|08|WA|4715|EBA|23|51|2|994|Layanan Perkantoran|0||0|||12.0|0|00
2026|01|613785|015|08|WA|4715|EBA|23|51|2|002|Dukungan Pimpinan dan Keprotokoleran|0||0|||12.0|0|00
2026|01|613785|015|08|WA|4715|EBD|23|51|2|Z36|Dokumen Pengelolaan Kinerja Organisasi|0||0|||4.0|0|00
2026|01|613785|015|08|WA|4715|EBD|23|51|2|Z26|Laporan Keuangan Unit|0||0|||2.0|0|00
2026|01|613785|015|08|WA|4718|BMB|23|51|2|002|Kehumasan|0||0|||4.0|0|00
2026|01|613785|015|08|WA|4718|BMB|23|51|2|001|Pembinaan/Edukasi Publik|0||0|||2.0|0|00
2026|01|613785|015|08|WA|4719|EBA|23|51|2|003|Rekomendasi Pengelolaan Organisasi|0||0|||9.0|0|00
2026|01|613785|015|08|WA|4719|EBA|23|51|2|994|Layanan Perkantoran|0||0|||12.0|0|00
2026|01|613785|015|08|WA|4719|EBA|23|51|2|005|Standar Mutu Layanan - ISO Mutu Layanan|0||0|||10.0|0|00
2026|01|613785|015|08|WA|4719|EBC|23|51|2|001|Pengembangan SDM|0||0|||48.0|0|00
2026|01|613785|015|08|WA|4722|EBD|23|51|2|001|Rekomendasi Penerapan Pengelolaan Risiko, Pengendalian dan Pengawasan Internal|0||0|||2.0|0|00
2026|01|613792|015|08|CD|6212|BMB|20|51|2|001|Dukungan Pemberdayaan UMKM untuk Inklusi Pemanfaatan Digipay|0||0|||1.0|0|00
2026|01|613792|015|08|CD|6212|FAC|20|51|2|002|Bimbingan Teknis Pengelola Keuangan BLU|0||0|||15.0|0|00
2026|01|613792|015|08|CD|6212|FAH|20|51|2|003|Komunikasi dan Edukasi Penyusunan LKKL dan LKBUN|0||0|||4.0|0|00
2026|01|613792|015|08|CD|6212|FAH|20|51|2|002|Komunikasi dan Edukasi Dalam Rangka Penyusunan Government Financial Statistic (GFS)|0||0|||8.0|0|00
2026|01|613792|015|08|CD|6212|FAL|20|51|2|001|Pembinaan Pelaksanaan Anggaran|0||0|||8.0|0|00
2026|01|613792|015|08|CD|6213|ABA|20|51|2|001|Kajian atas Peluang Investasi dan Pinjaman Daerah|0||0|||2.0|0|00
2026|01|613792|015|08|CD|6213|FAE|20|51|2|009|Rekomendasi atas Kinerja Investasi Pemerintah|0||0|||2.0|0|00
2026|01|613792|015|08|CD|6213|FAE|20|51|2|008|ALCo Regional|0||0|||2.0|0|00
2026|01|613792|015|08|CD|6213|FAL|20|51|2|003|Reviu Belanja Pemerintah|0||0|||4.0|0|00
2026|01|613792|015|08|CD|6215|FAH|20|51|2|003|Laporan Keuangan BUN|0||0|||4.0|0|00
2026|01|613792|015|08|CD|6215|FAH|20|51|2|001|Government Financial Statistic (GFS)|0||0|||4.0|0|00
2026|01|613792|015|08|CD|6216|FAE|20|51|2|002|Rekomendasi Tarif Standar Biaya Masukan|0||0|||1.0|0|00
2026|01|613792|015|08|WA|4715|EBA|20|51|2|001|Kerumahtanggaan|0||0|||12.0|0|00
2026|01|613792|015|08|WA|4715|EBA|20|51|2|994|Layanan Perkantoran|0||0|||12.0|0|00
2026|01|613792|015|08|WA|4715|EBA|20|51|2|002|Dukungan Pimpinan dan Keprotokoleran|0||0|||12.0|0|00
2026|01|613792|015|08|WA|4715|EBD|20|51|2|Z36|Dokumen Pengelolaan Kinerja Organisasi|0||0|||4.0|0|00
2026|01|613792|015|08|WA|4715|EBD|20|51|2|Z26|Laporan Keuangan Unit|0||0|||2.0|0|00
2026|01|613792|015|08|WA|4718|BMB|20|51|2|002|Kehumasan|0||0|||4.0|0|00
2026|01|613792|015|08|WA|4718|BMB|20|51|2|001|Pembinaan/Edukasi Publik|0||0|||2.0|0|00
2026|01|613792|015|08|WA|4719|EBA|20|51|2|003|Rekomendasi Pengelolaan Organisasi|0||0|||9.0|0|00
2026|01|613792|015|08|WA|4719|EBA|20|51|2|994|Layanan Perkantoran|0||0|||1.0|0|00
2026|01|613792|015|08|WA|4719|EBA|20|51|2|005|Standar Mutu Layanan - ISO Mutu Layanan|0||0|||10.0|0|00
2026|01|613792|015|08|WA|4719|EBC|20|51|2|001|Pengembangan SDM|0||0|||42.0|0|00
2026|01|613792|015|08|WA|4722|EBD|20|51|2|001|Rekomendasi Penerapan Pengelolaan Risiko, Pengendalian dan Pengawasan Internal|0||0|||2.0|0|00
2026|01|613739|015|08|CD|6212|BMB|09|51|2|001|Dukungan Pemberdayaan UMKM untuk Inklusi Pemanfaatan Digipay|0||0|||1.0|0|00
2026|01|613739|015|08|CD|6212|FAC|09|51|2|002|Bimbingan Teknis Pengelola Keuangan BLU|0||0|||254.0|0|00
2026|01|613739|015|08|CD|6212|FAH|09|51|2|003|Komunikasi dan Edukasi Penyusunan LKKL dan LKBUN|0||0|||4.0|0|00
2026|01|613739|015|08|CD|6212|FAH|09|51|2|002|Komunikasi dan Edukasi Dalam Rangka Penyusunan Government Financial Statistic (GFS)|0||0|||8.0|0|00
2026|01|613739|015|08|CD|6212|FAL|09|51|2|001|Pembinaan Pelaksanaan Anggaran|0||0|||8.0|0|00
2026|01|613739|015|08|CD|6213|ABA|09|51|2|001|Kajian atas Peluang Investasi dan Pinjaman Daerah|0||0|||2.0|0|00
2026|01|613739|015|08|CD|6213|FAE|09|51|2|009|Rekomendasi atas Kinerja Investasi Pemerintah|0||0|||2.0|0|00
2026|01|613739|015|08|CD|6213|FAE|09|51|2|008|ALCo Regional|0||0|||4.0|0|00
2026|01|613739|015|08|CD|6213|FAL|09|51|2|003|Reviu Belanja Pemerintah|0||0|||4.0|0|00
2026|01|613739|015|08|CD|6215|FAH|09|51|2|003|Laporan Keuangan BUN|0||0|||4.0|0|00
2026|01|613739|015|08|CD|6215|FAH|09|51|2|001|Government Financial Statistic (GFS)|0||0|||4.0|0|00
2026|01|613739|015|08|CD|6216|FAE|09|51|2|002|Rekomendasi Tarif Standar Biaya Masukan|0||0|||1.0|0|00
2026|01|613739|015|08|WA|4715|EBA|09|51|2|001|Kerumahtanggaan|0||0|||12.0|0|00
2026|01|613739|015|08|WA|4715|EBA|09|51|2|994|Layanan Perkantoran|0||0|||12.0|0|00
2026|01|613739|015|08|WA|4715|EBA|09|51|2|002|Dukungan Pimpinan dan Keprotokoleran|0||0|||12.0|0|00
2026|01|613739|015|08|WA|4715|EBD|09|51|2|Z36|Dokumen Pengelolaan Kinerja Organisasi|0||0|||4.0|0|00
2026|01|613739|015|08|WA|4715|EBD|09|51|2|Z26|Laporan Keuangan Unit|0||0|||2.0|0|00
2026|01|613739|015|08|WA|4718|BMB|09|51|2|002|Kehumasan|0||0|||4.0|0|00
2026|01|613739|015|08|WA|4718|BMB|09|51|2|001|Pembinaan/Edukasi Publik|0||0|||2.0|0|00
2026|01|613739|015|08|WA|4719|EBA|09|51|2|003|Rekomendasi Pengelolaan Organisasi|0||0|||7.0|0|00
2026|01|613739|015|08|WA|4719|EBA|09|51|2|994|Layanan Perkantoran|0||0|||12.0|0|00
2026|01|613739|015|08|WA|4719|EBA|09|51|2|005|Standar Mutu Layanan - ISO Mutu Layanan|0||0|||8.0|0|00
2026|01|613739|015|08|WA|4719|EBC|09|51|2|001|Pengembangan SDM|0||0|||45.0|0|00
2026|01|613739|015|08|WA|4722|EBD|09|51|2|001|Rekomendasi Penerapan Pengelolaan Risiko, Pengendalian dan Pengawasan Internal|0||0|||2.0|0|00
2026|01|613811|015|08|CD|6214|FAL|01|51|2|002|Surat Perintah Pencairan/Penarikan/Repayment/Pengesahan Dana|0||0|||6800.0|0|00
2026|01|613811|015|08|CD|6215|FAH|01|51|2|003|Laporan Keuangan BUN|0||0|||8.0|0|00
2026|01|613811|015|08|WA|4715|EBA|01|51|2|994|Layanan Perkantoran|0||0|||1.0|0|00
2026|01|613811|015|08|WA|4715|EBA|01|51|2|001|Kerumahtanggaan|0||0|||1.0|0|00
2026|01|613811|015|08|WA|4715|EBD|01|51|2|Z36|Dokumen Pengelolaan Kinerja Organisasi|0||0|||1.0|0|00
2026|01|613811|015|08|WA|4719|EBA|01|51|2|994|Layanan Perkantoran|0||0|||1.0|0|00
2026|01|613811|015|08|WA|4719|EBA|01|51|2|004|Hasil Survey/Rekomendasi Kepuasan Pengguna Layanan|0||0|||1.0|0|00
2026|01|615081|015|08|CD|6213|FAE|01|51|1|010|Rekomendasi atas Pengelolaan Investasi Pemerintah oleh Operator Investasi Pemerintah (OIP)|0||0|||2.0|0|00
2026|01|615081|015|08|CD|6214|AED|01|51|1|001|Penetapan/Perjanjian Investasi Pemerintah dengan OIP|0||0|||2.0|0|00
2026|01|615081|015|08|CD|6216|AAH|01|51|1|F05|Peraturan, Ketetapan dan Pedoman Lainnya Mengenai Investasi Pemerintah|0||0|||2.0|0|00
2026|01|615081|015|08|WA|4715|EBA|01|51|1|994|Layanan Perkantoran|0||0|||12.0|0|00
2026|01|615081|015|08|WA|4719|EBC|01|51|1|001|Pengembangan SDM|0||0|||63.0|0|00
2026|01|613832|015|08|CD|6212|BMB|25|12|2|001|Dukungan Pemberdayaan UMKM untuk Inklusi Pemanfaatan Digipay|0||0|||1.0|0|00
2026|01|613832|015|08|CD|6212|FAC|25|12|2|001|Komunikasi dan Edukasi Implementasi Aplikasi|0||0|||25.0|0|00
2026|01|613832|015|08|CD|6212|FAH|25|12|2|001|Edukasi Dalam Rangka Penyusunan Laporan Keuangan Tingkat Kuasa BUN|0||0|||4.0|0|00
2026|01|613832|015|08|CD|6212|FAL|25|12|2|004|Konsultasi Pencairan Dana|0||0|||10.0|0|00
2026|01|613832|015|08|CD|6213|FAC|25|12|2|001|Monev Pengembangan Kompetensi KPA, PPK, PPSPM, Bendahara dan Pengelola Perbendaharaan|0||0|||10.0|0|00
2026|01|613832|015|08|CD|6213|FAE|25|12|2|009|Rekomendasi atas Kinerja Investasi Pemerintah|0||0|||2.0|0|00
2026|01|613832|015|08|CD|6213|FAL|25|12|2|003|Reviu Belanja Pemerintah|0||0|||1.0|0|00
2026|01|613832|015|08|CD|6214|FAL|25|12|2|002|Surat Perintah Pencairan/Penarikan/Repayment/Pengesahan Dana|0||0|||1104.0|0|00
2026|01|613832|015|08|CD|6215|FAH|25|12|2|003|Laporan Keuangan BUN|0||0|||4.0|0|00
2026|01|613832|015|08|WA|4715|EBA|25|12|2|001|Kerumahtanggaan|0||0|||12.0|0|00
2026|01|613832|015|08|WA|4715|EBA|25|12|2|994|Layanan Perkantoran|0||0|||12.0|0|00
2026|01|613832|015|08|WA|4715|EBA|25|12|2|002|Dukungan Pimpinan dan Keprotokoleran|0||0|||12.0|0|00
2026|01|613832|015|08|WA|4715|EBB|25|12|2|004|Gedung/Bangunan|0||0|||160.0|0|00
2026|01|613832|015|08|WA|4715|EBD|25|12|2|Z36|Dokumen Pengelolaan Kinerja Organisasi|0||0|||2.0|0|00
2026|01|613832|015|08|WA|4718|BMB|25|12|2|002|Kehumasan|0||0|||1.0|0|00
2026|01|613832|015|08|WA|4718|BMB|25|12|2|001|Pembinaan/Edukasi Publik|0||0|||2.0|0|00
2026|01|613832|015|08|WA|4719|EBA|25|12|2|994|Layanan Perkantoran|0||0|||12.0|0|00
2026|01|613832|015|08|WA|4719|EBA|25|12|2|004|Hasil Survey/Rekomendasi Kepuasan Pengguna Layanan|0||0|||2.0|0|00
2026|01|613832|015|08|WA|4719|EBC|25|12|2|001|Pengembangan SDM|0||0|||14.0|0|00
2026|01|634256|015|08|CD|6212|BMB|30|51|2|001|Dukungan Pemberdayaan UMKM untuk Inklusi Pemanfaatan Digipay|0||0|||1.0|0|00
2026|01|634256|015|08|CD|6212|FAC|30|51|2|002|Bimbingan Teknis Pengelola Keuangan BLU|0||0|||76.0|0|00
2026|01|634256|015|08|CD|6212|FAH|30|51|2|003|Komunikasi dan Edukasi Penyusunan LKKL dan LKBUN|0||0|||4.0|0|00
2026|01|634256|015|08|CD|6212|FAH|30|51|2|002|Komunikasi dan Edukasi Dalam Rangka Penyusunan Government Financial Statistic (GFS)|0||0|||8.0|0|00
2026|01|634256|015|08|CD|6212|FAL|30|51|2|001|Pembinaan Pelaksanaan Anggaran|0||0|||8.0|0|00
2026|01|634256|015|08|CD|6213|ABA|30|51|2|001|Kajian atas Peluang Investasi dan Pinjaman Daerah|0||0|||2.0|0|00
2026|01|634256|015|08|CD|6213|FAE|30|51|2|009|Rekomendasi atas Kinerja Investasi Pemerintah|0||0|||2.0|0|00
2026|01|634256|015|08|CD|6213|FAE|30|51|2|008|ALCo Regional|0||0|||4.0|0|00
2026|01|634256|015|08|CD|6213|FAL|30|51|2|003|Reviu Belanja Pemerintah|0||0|||4.0|0|00
2026|01|634256|015|08|CD|6215|FAH|30|51|2|003|Laporan Keuangan BUN|0||0|||4.0|0|00
2026|01|634256|015|08|CD|6215|FAH|30|51|2|001|Government Financial Statistic (GFS)|0||0|||4.0|0|00
2026|01|634256|015|08|CD|6216|FAE|30|51|2|002|Rekomendasi Tarif Standar Biaya Masukan|0||0|||1.0|0|00
2026|01|634256|015|08|WA|4715|EBA|30|51|2|001|Kerumahtanggaan|0||0|||12.0|0|00
2026|01|634256|015|08|WA|4715|EBA|30|51|2|994|Layanan Perkantoran|0||0|||12.0|0|00
2026|01|634256|015|08|WA|4715|EBA|30|51|2|002|Dukungan Pimpinan dan Keprotokoleran|0||0|||12.0|0|00
2026|01|634256|015|08|WA|4715|EBD|30|51|2|Z36|Dokumen Pengelolaan Kinerja Organisasi|0||0|||4.0|0|00
2026|01|634256|015|08|WA|4715|EBD|30|51|2|Z26|Laporan Keuangan Unit|0||0|||2.0|0|00
2026|01|634256|015|08|WA|4718|BMB|30|51|2|002|Kehumasan|0||0|||4.0|0|00
2026|01|634256|015|08|WA|4718|BMB|30|51|2|001|Pembinaan/Edukasi Publik|0||0|||2.0|0|00
2026|01|634256|015|08|WA|4719|EBA|30|51|2|003|Rekomendasi Pengelolaan Organisasi|0||0|||5.0|0|00
2026|01|634256|015|08|WA|4719|EBA|30|51|2|994|Layanan Perkantoran|0||0|||12.0|0|00
2026|01|634256|015|08|WA|4719|EBA|30|51|2|005|Standar Mutu Layanan - ISO Mutu Layanan|0||0|||6.0|0|00
2026|01|634256|015|08|WA|4719|EBC|30|51|2|001|Pengembangan SDM|0||0|||38.0|0|00
2026|01|634256|015|08|WA|4722|EBD|30|51|2|001|Rekomendasi Penerapan Pengelolaan Risiko, Pengendalian dan Pengawasan Internal|0||0|||2.0|0|00
2026|01|634277|015|08|CD|6212|BMB|04|51|2|001|Dukungan Pemberdayaan UMKM untuk Inklusi Pemanfaatan Digipay|0||0|||1.0|0|00
2026|01|634277|015|08|CD|6212|FAC|04|51|2|002|Bimbingan Teknis Pengelola Keuangan BLU|0||0|||28.0|0|00
2026|01|634277|015|08|CD|6212|FAH|04|51|2|003|Komunikasi dan Edukasi Penyusunan LKKL dan LKBUN|0||0|||4.0|0|00
2026|01|634277|015|08|CD|6212|FAH|04|51|2|002|Komunikasi dan Edukasi Dalam Rangka Penyusunan Government Financial Statistic (GFS)|0||0|||8.0|0|00
2026|01|634277|015|08|CD|6212|FAL|04|51|2|001|Pembinaan Pelaksanaan Anggaran|0||0|||8.0|0|00
2026|01|634277|015|08|CD|6213|ABA|04|51|2|001|Kajian atas Peluang Investasi dan Pinjaman Daerah|0||0|||2.0|0|00
2026|01|634277|015|08|CD|6213|FAE|04|51|2|009|Rekomendasi atas Kinerja Investasi Pemerintah|0||0|||2.0|0|00
2026|01|634277|015|08|CD|6213|FAE|04|51|2|008|ALCo Regional|0||0|||4.0|0|00
2026|01|634277|015|08|CD|6213|FAL|04|51|2|003|Reviu Belanja Pemerintah|0||0|||4.0|0|00
2026|01|634277|015|08|CD|6215|FAH|04|51|2|003|Laporan Keuangan BUN|0||0|||4.0|0|00
2026|01|634277|015|08|CD|6215|FAH|04|51|2|001|Government Financial Statistic (GFS)|0||0|||4.0|0|00
2026|01|634277|015|08|CD|6216|FAE|04|51|2|002|Rekomendasi Tarif Standar Biaya Masukan|0||0|||1.0|0|00
2026|01|634277|015|08|WA|4715|EBA|04|51|2|001|Kerumahtanggaan|0||0|||12.0|0|00
2026|01|634277|015|08|WA|4715|EBA|04|51|2|994|Layanan Perkantoran|0||0|||12.0|0|00
2026|01|634277|015|08|WA|4715|EBA|04|51|2|002|Dukungan Pimpinan dan Keprotokoleran|0||0|||12.0|0|00
2026|01|634277|015|08|WA|4715|EBD|04|51|2|Z36|Dokumen Pengelolaan Kinerja Organisasi|0||0|||4.0|0|00
2026|01|634277|015|08|WA|4715|EBD|04|51|2|Z26|Laporan Keuangan Unit|0||0|||2.0|0|00
2026|01|634277|015|08|WA|4718|BMB|04|51|2|002|Kehumasan|0||0|||4.0|0|00
2026|01|634277|015|08|WA|4718|BMB|04|51|2|001|Pembinaan/Edukasi Publik|0||0|||2.0|0|00
2026|01|634277|015|08|WA|4719|EBA|04|51|2|003|Rekomendasi Pengelolaan Organisasi|0||0|||7.0|0|00
2026|01|634277|015|08|WA|4719|EBA|04|51|2|994|Layanan Perkantoran|0||0|||12.0|0|00
2026|01|634277|015|08|WA|4719|EBA|04|51|2|005|Standar Mutu Layanan - ISO Mutu Layanan|0||0|||8.0|0|00
2026|01|634277|015|08|WA|4719|EBC|04|51|2|001|Pengembangan SDM|0||0|||66.0|0|00
2026|01|634277|015|08|WA|4722|EBD|04|51|2|001|Rekomendasi Penerapan Pengelolaan Risiko, Pengendalian dan Pengawasan Internal|0||0|||2.0|0|00
2026|01|634409|015|08|CD|6212|BMB|08|06|2|001|Dukungan Pemberdayaan UMKM untuk Inklusi Pemanfaatan Digipay|0||0|||1.0|0|00
2026|01|634409|015|08|CD|6212|FAC|08|06|2|001|Komunikasi dan Edukasi Implementasi Aplikasi|0||0|||19.0|0|00
2026|01|634409|015|08|CD|6212|FAH|08|06|2|001|Edukasi Dalam Rangka Penyusunan Laporan Keuangan Tingkat Kuasa BUN|0||0|||4.0|0|00
2026|01|634409|015|08|CD|6212|FAL|08|06|2|004|Konsultasi Pencairan Dana|0||0|||10.0|0|00
2026|01|634409|015|08|CD|6213|FAC|08|06|2|001|Monev Pengembangan Kompetensi KPA, PPK, PPSPM, Bendahara dan Pengelola Perbendaharaan|0||0|||10.0|0|00
2026|01|634409|015|08|CD|6213|FAE|08|06|2|009|Rekomendasi atas Kinerja Investasi Pemerintah|0||0|||2.0|0|00
2026|01|634409|015|08|CD|6213|FAL|08|06|2|003|Reviu Belanja Pemerintah|0||0|||1.0|0|00
2026|01|634409|015|08|CD|6214|FAL|08|06|2|002|Surat Perintah Pencairan/Penarikan/Repayment/Pengesahan Dana|0||0|||864.0|0|00
2026|01|634409|015|08|CD|6215|FAH|08|06|2|003|Laporan Keuangan BUN|0||0|||4.0|0|00
2026|01|634409|015|08|WA|4715|EBA|08|06|2|001|Kerumahtanggaan|0||0|||12.0|0|00
2026|01|634409|015|08|WA|4715|EBA|08|06|2|994|Layanan Perkantoran|0||0|||12.0|0|00
2026|01|634409|015|08|WA|4715|EBA|08|06|2|002|Dukungan Pimpinan dan Keprotokoleran|0||0|||12.0|0|00
2026|01|634409|015|08|WA|4715|EBD|08|06|2|Z36|Dokumen Pengelolaan Kinerja Organisasi|0||0|||2.0|0|00
2026|01|634409|015|08|WA|4718|BMB|08|06|2|002|Kehumasan|0||0|||1.0|0|00
2026|01|634409|015|08|WA|4718|BMB|08|06|2|001|Pembinaan/Edukasi Publik|0||0|||2.0|0|00
2026|01|634409|015|08|WA|4719|EBA|08|06|2|994|Layanan Perkantoran|0||0|||12.0|0|00
2026|01|634409|015|08|WA|4719|EBA|08|06|2|004|Hasil Survey/Rekomendasi Kepuasan Pengguna Layanan|0||0|||2.0|0|00
2026|01|634409|015|08|WA|4719|EBC|08|06|2|001|Pengembangan SDM|0||0|||14.0|0|00
2026|01|634497|015|08|CD|6212|BMB|10|02|2|001|Dukungan Pemberdayaan UMKM untuk Inklusi Pemanfaatan Digipay|0||0|||1.0|0|00
2026|01|634497|015|08|CD|6212|FAC|10|02|2|001|Komunikasi dan Edukasi Implementasi Aplikasi|0||0|||28.0|0|00
2026|01|634497|015|08|CD|6212|FAH|10|02|2|001|Edukasi Dalam Rangka Penyusunan Laporan Keuangan Tingkat Kuasa BUN|0||0|||4.0|0|00
2026|01|634497|015|08|CD|6212|FAL|10|02|2|004|Konsultasi Pencairan Dana|0||0|||10.0|0|00
2026|01|634497|015|08|CD|6213|FAC|10|02|2|001|Monev Pengembangan Kompetensi KPA, PPK, PPSPM, Bendahara dan Pengelola Perbendaharaan|0||0|||10.0|0|00
2026|01|634497|015|08|CD|6213|FAE|10|02|2|009|Rekomendasi atas Kinerja Investasi Pemerintah|0||0|||2.0|0|00
2026|01|634497|015|08|CD|6213|FAL|10|02|2|003|Reviu Belanja Pemerintah|0||0|||1.0|0|00
2026|01|634497|015|08|CD|6214|FAL|10|02|2|002|Surat Perintah Pencairan/Penarikan/Repayment/Pengesahan Dana|0||0|||1248.0|0|00
2026|01|634497|015|08|CD|6215|FAH|10|02|2|003|Laporan Keuangan BUN|0||0|||4.0|0|00
2026|01|634497|015|08|WA|4715|EBA|10|02|2|001|Kerumahtanggaan|0||0|||12.0|0|00
2026|01|634497|015|08|WA|4715|EBA|10|02|2|994|Layanan Perkantoran|0||0|||12.0|0|00
2026|01|634497|015|08|WA|4715|EBA|10|02|2|002|Dukungan Pimpinan dan Keprotokoleran|0||0|||12.0|0|00
2026|01|634497|015|08|WA|4715|EBD|10|02|2|Z36|Dokumen Pengelolaan Kinerja Organisasi|0||0|||2.0|0|00
2026|01|634497|015|08|WA|4718|BMB|10|02|2|002|Kehumasan|0||0|||1.0|0|00
2026|01|634497|015|08|WA|4718|BMB|10|02|2|001|Pembinaan/Edukasi Publik|0||0|||2.0|0|00
2026|01|634497|015|08|WA|4719|EBA|10|02|2|994|Layanan Perkantoran|0||0|||12.0|0|00
2026|01|634497|015|08|WA|4719|EBA|10|02|2|004|Hasil Survey/Rekomendasi Kepuasan Pengguna Layanan|0||0|||2.0|0|00
2026|01|634497|015|08|WA|4719|EBC|10|02|2|001|Pengembangan SDM|0||0|||13.0|0|00
2026|01|634260|015|08|CD|6212|BMB|29|53|2|001|Dukungan Pemberdayaan UMKM untuk Inklusi Pemanfaatan Digipay|0||0|||1.0|0|00
2026|01|634260|015|08|CD|6212|FAC|29|53|2|002|Bimbingan Teknis Pengelola Keuangan BLU|0||0|||42.0|0|00
2026|01|634260|015|08|CD|6212|FAH|29|53|2|003|Komunikasi dan Edukasi Penyusunan LKKL dan LKBUN|0||0|||4.0|0|00
2026|01|634260|015|08|CD|6212|FAH|29|53|2|002|Komunikasi dan Edukasi Dalam Rangka Penyusunan Government Financial Statistic (GFS)|0||0|||8.0|0|00
2026|01|634260|015|08|CD|6212|FAL|29|53|2|001|Pembinaan Pelaksanaan Anggaran|0||0|||8.0|0|00
2026|01|634260|015|08|CD|6213|ABA|29|53|2|001|Kajian atas Peluang Investasi dan Pinjaman Daerah|0||0|||2.0|0|00
2026|01|634260|015|08|CD|6213|FAE|29|53|2|009|Rekomendasi atas Kinerja Investasi Pemerintah|0||0|||2.0|0|00
2026|01|634260|015|08|CD|6213|FAE|29|53|2|008|ALCo Regional|0||0|||2.0|0|00
2026|01|634260|015|08|CD|6213|FAL|29|53|2|003|Reviu Belanja Pemerintah|0||0|||4.0|0|00
2026|01|634260|015|08|CD|6215|FAH|29|53|2|003|Laporan Keuangan BUN|0||0|||4.0|0|00
2026|01|634260|015|08|CD|6215|FAH|29|53|2|001|Government Financial Statistic (GFS)|0||0|||4.0|0|00
2026|01|634260|015|08|CD|6216|FAE|29|53|2|002|Rekomendasi Tarif Standar Biaya Masukan|0||0|||1.0|0|00
2026|01|634260|015|08|WA|4715|EBA|29|53|2|001|Kerumahtanggaan|0||0|||12.0|0|00
2026|01|634260|015|08|WA|4715|EBA|29|53|2|994|Layanan Perkantoran|0||0|||12.0|0|00
2026|01|634260|015|08|WA|4715|EBA|29|53|2|002|Dukungan Pimpinan dan Keprotokoleran|0||0|||12.0|0|00
2026|01|634260|015|08|WA|4715|EBD|29|53|2|Z36|Dokumen Pengelolaan Kinerja Organisasi|0||0|||4.0|0|00
2026|01|634260|015|08|WA|4715|EBD|29|53|2|Z26|Laporan Keuangan Unit|0||0|||2.0|0|00
2026|01|634260|015|08|WA|4718|BMB|29|53|2|002|Kehumasan|0||0|||4.0|0|00
2026|01|634260|015|08|WA|4718|BMB|29|53|2|001|Pembinaan/Edukasi Publik|0||0|||2.0|0|00
2026|01|634260|015|08|WA|4719|EBA|29|53|2|003|Rekomendasi Pengelolaan Organisasi|0||0|||7.0|0|00
2026|01|634260|015|08|WA|4719|EBA|29|53|2|994|Layanan Perkantoran|0||0|||12.0|0|00
2026|01|634260|015|08|WA|4719|EBA|29|53|2|005|Standar Mutu Layanan - ISO Mutu Layanan|0||0|||8.0|0|00
2026|01|634260|015|08|WA|4719|EBC|29|53|2|001|Pengembangan SDM|0||0|||41.0|0|00
2026|01|634260|015|08|WA|4722|EBD|29|53|2|001|Rekomendasi Penerapan Pengelolaan Risiko, Pengendalian dan Pengawasan Internal|0||0|||2.0|0|00
2026|01|613807|015|08|CD|6212|BMB|18|51|2|001|Dukungan Pemberdayaan UMKM untuk Inklusi Pemanfaatan Digipay|0||0|||1.0|0|00
2026|01|613807|015|08|CD|6212|FAC|18|51|2|002|Bimbingan Teknis Pengelola Keuangan BLU|0||0|||18.0|0|00
2026|01|613807|015|08|CD|6212|FAH|18|51|2|003|Komunikasi dan Edukasi Penyusunan LKKL dan LKBUN|0||0|||4.0|0|00
2026|01|613807|015|08|CD|6212|FAH|18|51|2|002|Komunikasi dan Edukasi Dalam Rangka Penyusunan Government Financial Statistic (GFS)|0||0|||8.0|0|00
2026|01|613807|015|08|CD|6212|FAL|18|51|2|001|Pembinaan Pelaksanaan Anggaran|0||0|||8.0|0|00
2026|01|613807|015|08|CD|6213|ABA|18|51|2|001|Kajian atas Peluang Investasi dan Pinjaman Daerah|0||0|||2.0|0|00
2026|01|613807|015|08|CD|6213|FAE|18|51|2|009|Rekomendasi atas Kinerja Investasi Pemerintah|0||0|||2.0|0|00
2026|01|613807|015|08|CD|6213|FAE|18|51|2|008|ALCo Regional|0||0|||4.0|0|00
2026|01|613807|015|08|CD|6213|FAL|18|51|2|003|Reviu Belanja Pemerintah|0||0|||4.0|0|00
2026|01|613807|015|08|CD|6215|FAH|18|51|2|003|Laporan Keuangan BUN|0||0|||4.0|0|00
2026|01|613807|015|08|CD|6215|FAH|18|51|2|001|Government Financial Statistic (GFS)|0||0|||4.0|0|00
2026|01|613807|015|08|CD|6216|FAE|18|51|2|002|Rekomendasi Tarif Standar Biaya Masukan|0||0|||1.0|0|00
2026|01|613807|015|08|WA|4715|EBA|18|51|2|001|Kerumahtanggaan|0||0|||12.0|0|00
2026|01|613807|015|08|WA|4715|EBA|18|51|2|994|Layanan Perkantoran|0||0|||12.0|0|00
2026|01|613807|015|08|WA|4715|EBA|18|51|2|002|Dukungan Pimpinan dan Keprotokoleran|0||0|||12.0|0|00
2026|01|613807|015|08|WA|4715|EBD|18|51|2|Z36|Dokumen Pengelolaan Kinerja Organisasi|0||0|||4.0|0|00
2026|01|613807|015|08|WA|4715|EBD|18|51|2|Z26|Laporan Keuangan Unit|0||0|||2.0|0|00
2026|01|613807|015|08|WA|4718|BMB|18|51|2|002|Kehumasan|0||0|||4.0|0|00
2026|01|613807|015|08|WA|4718|BMB|18|51|2|001|Pembinaan/Edukasi Publik|0||0|||2.0|0|00
2026|01|613807|015|08|WA|4719|EBA|18|51|2|003|Rekomendasi Pengelolaan Organisasi|0||0|||9.0|0|00
2026|01|613807|015|08|WA|4719|EBA|18|51|2|994|Layanan Perkantoran|0||0|||12.0|0|00
2026|01|613807|015|08|WA|4719|EBA|18|51|2|005|Standar Mutu Layanan - ISO Mutu Layanan|0||0|||10.0|0|00
2026|01|613807|015|08|WA|4719|EBC|18|51|2|001|Pengembangan SDM|0||0|||37.0|0|00
2026|01|613807|015|08|WA|4722|EBD|18|51|2|001|Rekomendasi Penerapan Pengelolaan Risiko, Pengendalian dan Pengawasan Internal|0||0|||2.0|0|00
2026|01|634530|015|08|CD|6212|BMB|11|06|2|001|Dukungan Pemberdayaan UMKM untuk Inklusi Pemanfaatan Digipay|0||0|||1.0|0|00
2026|01|634530|015|08|CD|6212|FAC|11|06|2|001|Komunikasi dan Edukasi Implementasi Aplikasi|0||0|||49.0|0|00
2026|01|634530|015|08|CD|6212|FAH|11|06|2|001|Edukasi Dalam Rangka Penyusunan Laporan Keuangan Tingkat Kuasa BUN|0||0|||4.0|0|00
2026|01|634530|015|08|CD|6212|FAL|11|06|2|004|Konsultasi Pencairan Dana|0||0|||10.0|0|00
2026|01|634530|015|08|CD|6213|FAC|11|06|2|001|Monev Pengembangan Kompetensi KPA, PPK, PPSPM, Bendahara dan Pengelola Perbendaharaan|0||0|||10.0|0|00
2026|01|634530|015|08|CD|6213|FAE|11|06|2|009|Rekomendasi atas Kinerja Investasi Pemerintah|0||0|||2.0|0|00
2026|01|634530|015|08|CD|6213|FAL|11|06|2|003|Reviu Belanja Pemerintah|0||0|||1.0|0|00
2026|01|634530|015|08|CD|6214|FAL|11|06|2|002|Surat Perintah Pencairan/Penarikan/Repayment/Pengesahan Dana|0||0|||2088.0|0|00
2026|01|634530|015|08|CD|6215|FAH|11|06|2|003|Laporan Keuangan BUN|0||0|||4.0|0|00
2026|01|634530|015|08|WA|4715|EBA|11|06|2|001|Kerumahtanggaan|0||0|||12.0|0|00
2026|01|634530|015|08|WA|4715|EBA|11|06|2|994|Layanan Perkantoran|0||0|||12.0|0|00
2026|01|634530|015|08|WA|4715|EBA|11|06|2|002|Dukungan Pimpinan dan Keprotokoleran|0||0|||12.0|0|00
2026|01|634530|015|08|WA|4715|EBD|11|06|2|Z36|Dokumen Pengelolaan Kinerja Organisasi|0||0|||2.0|0|00
2026|01|634530|015|08|WA|4718|BMB|11|06|2|002|Kehumasan|0||0|||1.0|0|00
2026|01|634530|015|08|WA|4718|BMB|11|06|2|001|Pembinaan/Edukasi Publik|0||0|||2.0|0|00
2026|01|634530|015|08|WA|4719|EBA|11|06|2|994|Layanan Perkantoran|0||0|||12.0|0|00
2026|01|634530|015|08|WA|4719|EBA|11|06|2|004|Hasil Survey/Rekomendasi Kepuasan Pengguna Layanan|0||0|||2.0|0|00
2026|01|634530|015|08|WA|4719|EBC|11|06|2|001|Pengembangan SDM|0||0|||15.0|0|00
2026|01|634608|015|08|CD|6212|BMB|26|03|2|001|Dukungan Pemberdayaan UMKM untuk Inklusi Pemanfaatan Digipay|0||0|||1.0|0|00
2026|01|634608|015|08|CD|6212|FAC|26|03|2|001|Komunikasi dan Edukasi Implementasi Aplikasi|0||0|||37.0|0|00
2026|01|634608|015|08|CD|6212|FAH|26|03|2|001|Edukasi Dalam Rangka Penyusunan Laporan Keuangan Tingkat Kuasa BUN|0||0|||4.0|0|00
2026|01|634608|015|08|CD|6212|FAL|26|03|2|004|Konsultasi Pencairan Dana|0||0|||10.0|0|00
2026|01|634608|015|08|CD|6213|FAC|26|03|2|001|Monev Pengembangan Kompetensi KPA, PPK, PPSPM, Bendahara dan Pengelola Perbendaharaan|0||0|||10.0|0|00
2026|01|634608|015|08|CD|6213|FAE|26|03|2|009|Rekomendasi atas Kinerja Investasi Pemerintah|0||0|||2.0|0|00
2026|01|634608|015|08|CD|6213|FAL|26|03|2|003|Reviu Belanja Pemerintah|0||0|||1.0|0|00
2026|01|634608|015|08|CD|6214|FAL|26|03|2|002|Surat Perintah Pencairan/Penarikan/Repayment/Pengesahan Dana|0||0|||1632.0|0|00
2026|01|634608|015|08|CD|6215|FAH|26|03|2|003|Laporan Keuangan BUN|0||0|||4.0|0|00
2026|01|634608|015|08|WA|4715|EBA|26|03|2|001|Kerumahtanggaan|0||0|||12.0|0|00
2026|01|634608|015|08|WA|4715|EBA|26|03|2|994|Layanan Perkantoran|0||0|||12.0|0|00
2026|01|634608|015|08|WA|4715|EBA|26|03|2|002|Dukungan Pimpinan dan Keprotokoleran|0||0|||12.0|0|00
2026|01|634608|015|08|WA|4715|EBD|26|03|2|Z36|Dokumen Pengelolaan Kinerja Organisasi|0||0|||2.0|0|00
2026|01|634608|015|08|WA|4718|BMB|26|03|2|002|Kehumasan|0||0|||1.0|0|11
2026|01|634608|015|08|WA|4718|BMB|26|03|2|001|Pembinaan/Edukasi Publik|0||0|||2.0|0|11
2026|01|634608|015|08|WA|4719|EBA|26|03|2|994|Layanan Perkantoran|0||0|||12.0|0|00
2026|01|634608|015|08|WA|4719|EBA|26|03|2|004|Hasil Survey/Rekomendasi Kepuasan Pengguna Layanan|0||0|||2.0|0|00
2026|01|634608|015|08|WA|4719|EBC|26|03|2|001|Pengembangan SDM|0||0|||15.0|0|00
2026|01|634661|015|08|CD|6212|BMB|02|18|2|001|Dukungan Pemberdayaan UMKM untuk Inklusi Pemanfaatan Digipay|0||0|||1.0|0|00
2026|01|634661|015|08|CD|6212|FAC|02|18|2|001|Komunikasi dan Edukasi Implementasi Aplikasi|0||0|||36.0|0|00
2026|01|634661|015|08|CD|6212|FAH|02|18|2|001|Edukasi Dalam Rangka Penyusunan Laporan Keuangan Tingkat Kuasa BUN|0||0|||4.0|0|00
2026|01|634661|015|08|CD|6212|FAL|02|18|2|004|Konsultasi Pencairan Dana|0||0|||10.0|0|00
2026|01|634661|015|08|CD|6213|FAC|02|18|2|001|Monev Pengembangan Kompetensi KPA, PPK, PPSPM, Bendahara dan Pengelola Perbendaharaan|0||0|||10.0|0|00
2026|01|634661|015|08|CD|6213|FAE|02|18|2|009|Rekomendasi atas Kinerja Investasi Pemerintah|0||0|||2.0|0|00
2026|01|634661|015|08|CD|6213|FAL|02|18|2|003|Reviu Belanja Pemerintah|0||0|||1.0|0|00
2026|01|634661|015|08|CD|6214|FAL|02|18|2|002|Surat Perintah Pencairan/Penarikan/Repayment/Pengesahan Dana|0||0|||1632.0|0|00
2026|01|634661|015|08|CD|6215|FAH|02|18|2|003|Laporan Keuangan BUN|0||0|||4.0|0|00
2026|01|634661|015|08|WA|4715|EBA|02|18|2|001|Kerumahtanggaan|0||0|||12.0|0|00
2026|01|634661|015|08|WA|4715|EBA|02|18|2|994|Layanan Perkantoran|0||0|||12.0|0|00
2026|01|634661|015|08|WA|4715|EBA|02|18|2|002|Dukungan Pimpinan dan Keprotokoleran|0||0|||12.0|0|00
2026|01|634661|015|08|WA|4715|EBD|02|18|2|Z36|Dokumen Pengelolaan Kinerja Organisasi|0||0|||2.0|0|00
2026|01|634661|015|08|WA|4718|BMB|02|18|2|002|Kehumasan|0||0|||1.0|0|00
2026|01|634661|015|08|WA|4718|BMB|02|18|2|001|Pembinaan/Edukasi Publik|0||0|||2.0|0|00
2026|01|634661|015|08|WA|4719|EBA|02|18|2|994|Layanan Perkantoran|0||0|||12.0|0|00
2026|01|634661|015|08|WA|4719|EBA|02|18|2|004|Hasil Survey/Rekomendasi Kepuasan Pengguna Layanan|0||0|||2.0|0|00
2026|01|634661|015|08|WA|4719|EBC|02|18|2|001|Pengembangan SDM|0||0|||14.0|0|00
2026|01|634633|015|08|CD|6212|BMB|29|51|2|001|Dukungan Pemberdayaan UMKM untuk Inklusi Pemanfaatan Digipay|0||0|||1.0|0|00
2026|01|634633|015|08|CD|6212|FAC|29|51|2|001|Komunikasi dan Edukasi Implementasi Aplikasi|0||0|||59.0|0|00
2026|01|634633|015|08|CD|6212|FAH|29|51|2|001|Edukasi Dalam Rangka Penyusunan Laporan Keuangan Tingkat Kuasa BUN|0||0|||4.0|0|00
2026|01|634633|015|08|CD|6212|FAL|29|51|2|004|Konsultasi Pencairan Dana|0||0|||10.0|0|00
2026|01|634633|015|08|CD|6213|FAC|29|51|2|001|Monev Pengembangan Kompetensi KPA, PPK, PPSPM, Bendahara dan Pengelola Perbendaharaan|0||0|||10.0|0|00
2026|01|634633|015|08|CD|6213|FAE|29|51|2|009|Rekomendasi atas Kinerja Investasi Pemerintah|0||0|||2.0|0|00
2026|01|634633|015|08|CD|6213|FAL|29|51|2|003|Reviu Belanja Pemerintah|0||0|||1.0|0|00
2026|01|634633|015|08|CD|6214|FAL|29|51|2|002|Surat Perintah Pencairan/Penarikan/Repayment/Pengesahan Dana|0||0|||2664.0|0|00
2026|01|634633|015|08|CD|6215|FAH|29|51|2|003|Laporan Keuangan BUN|0||0|||4.0|0|00
2026|01|634633|015|08|WA|4715|EBA|29|51|2|001|Kerumahtanggaan|0||0|||12.0|0|00
2026|01|634633|015|08|WA|4715|EBA|29|51|2|994|Layanan Perkantoran|0||0|||12.0|0|00
2026|01|634633|015|08|WA|4715|EBA|29|51|2|002|Dukungan Pimpinan dan Keprotokoleran|0||0|||12.0|0|00
2026|01|634633|015|08|WA|4715|EBD|29|51|2|Z36|Dokumen Pengelolaan Kinerja Organisasi|0||0|||2.0|0|00
2026|01|634633|015|08|WA|4718|BMB|29|51|2|002|Kehumasan|0||0|||1.0|0|00
2026|01|634633|015|08|WA|4718|BMB|29|51|2|001|Pembinaan/Edukasi Publik|0||0|||2.0|0|00
2026|01|634633|015|08|WA|4719|EBA|29|51|2|994|Layanan Perkantoran|0||0|||12.0|0|00
2026|01|634633|015|08|WA|4719|EBA|29|51|2|004|Hasil Survey/Rekomendasi Kepuasan Pengguna Layanan|0||0|||2.0|0|00
2026|01|634633|015|08|WA|4719|EBC|29|51|2|001|Pengembangan SDM|0||0|||25.0|0|00
2026|01|634572|015|08|CD|6212|BMB|12|04|2|001|Dukungan Pemberdayaan UMKM untuk Inklusi Pemanfaatan Digipay|0||0|||1.0|0|00
2026|01|634572|015|08|CD|6212|FAC|12|04|2|001|Komunikasi dan Edukasi Implementasi Aplikasi|0||0|||34.0|0|00
2026|01|634572|015|08|CD|6212|FAH|12|04|2|001|Edukasi Dalam Rangka Penyusunan Laporan Keuangan Tingkat Kuasa BUN|0||0|||4.0|0|00
2026|01|634572|015|08|CD|6212|FAL|12|04|2|004|Konsultasi Pencairan Dana|0||0|||10.0|0|00
2026|01|634572|015|08|CD|6213|FAC|12|04|2|001|Monev Pengembangan Kompetensi KPA, PPK, PPSPM, Bendahara dan Pengelola Perbendaharaan|0||0|||10.0|0|00
2026|01|634572|015|08|CD|6213|FAE|12|04|2|009|Rekomendasi atas Kinerja Investasi Pemerintah|0||0|||2.0|0|00
2026|01|634572|015|08|CD|6213|FAL|12|04|2|003|Reviu Belanja Pemerintah|0||0|||1.0|0|00
2026|01|634572|015|08|CD|6214|FAL|12|04|2|002|Surat Perintah Pencairan/Penarikan/Repayment/Pengesahan Dana|0||0|||768.0|0|00
2026|01|634572|015|08|CD|6215|FAH|12|04|2|003|Laporan Keuangan BUN|0||0|||4.0|0|00
2026|01|634572|015|08|WA|4715|EBA|12|04|2|001|Kerumahtanggaan|0||0|||12.0|0|00
2026|01|634572|015|08|WA|4715|EBA|12|04|2|994|Layanan Perkantoran|0||0|||12.0|0|00
2026|01|634572|015|08|WA|4715|EBA|12|04|2|002|Dukungan Pimpinan dan Keprotokoleran|0||0|||12.0|0|00
2026|01|634572|015|08|WA|4715|EBD|12|04|2|Z36|Dokumen Pengelolaan Kinerja Organisasi|0||0|||2.0|0|00
2026|01|634572|015|08|WA|4718|BMB|12|04|2|002|Kehumasan|0||0|||1.0|0|00
2026|01|634572|015|08|WA|4718|BMB|12|04|2|001|Pembinaan/Edukasi Publik|0||0|||2.0|0|00
2026|01|634572|015|08|WA|4719|EBA|12|04|2|994|Layanan Perkantoran|0||0|||12.0|0|00
2026|01|634572|015|08|WA|4719|EBA|12|04|2|004|Hasil Survey/Rekomendasi Kepuasan Pengguna Layanan|0||0|||2.0|0|00
2026|01|634572|015|08|WA|4719|EBC|12|04|2|001|Pengembangan SDM|0||0|||13.0|0|00
2026|01|634722|015|08|CD|6212|BMB|03|24|2|001|Dukungan Pemberdayaan UMKM untuk Inklusi Pemanfaatan Digipay|0||0|||1.0|0|00
2026|01|634722|015|08|CD|6212|FAC|03|24|2|001|Komunikasi dan Edukasi Implementasi Aplikasi|0||0|||39.0|0|00
2026|01|634722|015|08|CD|6212|FAH|03|24|2|001|Edukasi Dalam Rangka Penyusunan Laporan Keuangan Tingkat Kuasa BUN|0||0|||4.0|0|00
2026|01|634722|015|08|CD|6212|FAL|03|24|2|004|Konsultasi Pencairan Dana|0||0|||10.0|0|00
2026|01|634722|015|08|CD|6213|FAC|03|24|2|001|Monev Pengembangan Kompetensi KPA, PPK, PPSPM, Bendahara dan Pengelola Perbendaharaan|0||0|||10.0|0|00
2026|01|634722|015|08|CD|6213|FAE|03|24|2|009|Rekomendasi atas Kinerja Investasi Pemerintah|0||0|||2.0|0|00
2026|01|634722|015|08|CD|6213|FAL|03|24|2|003|Reviu Belanja Pemerintah|0||0|||1.0|0|00
2026|01|634722|015|08|CD|6214|FAL|03|24|2|002|Surat Perintah Pencairan/Penarikan/Repayment/Pengesahan Dana|0||0|||1752.0|0|00
2026|01|634722|015|08|CD|6215|FAH|03|24|2|003|Laporan Keuangan BUN|0||0|||4.0|0|00
2026|01|634722|015|08|WA|4715|EBA|03|24|2|001|Kerumahtanggaan|0||0|||12.0|0|00
2026|01|634722|015|08|WA|4715|EBA|03|24|2|994|Layanan Perkantoran|0||0|||12.0|0|00
2026|01|634722|015|08|WA|4715|EBA|03|24|2|002|Dukungan Pimpinan dan Keprotokoleran|0||0|||12.0|0|00
2026|01|634722|015|08|WA|4715|EBD|03|24|2|Z36|Dokumen Pengelolaan Kinerja Organisasi|0||0|||2.0|0|00
2026|01|634722|015|08|WA|4718|BMB|03|24|2|002|Kehumasan|0||0|||1.0|0|00
2026|01|634722|015|08|WA|4718|BMB|03|24|2|001|Pembinaan/Edukasi Publik|0||0|||2.0|0|00
2026|01|634722|015|08|WA|4719|EBA|03|24|2|994|Layanan Perkantoran|0||0|||12.0|0|00
2026|01|634722|015|08|WA|4719|EBA|03|24|2|004|Hasil Survey/Rekomendasi Kepuasan Pengguna Layanan|0||0|||2.0|0|00
2026|01|634722|015|08|WA|4719|EBC|03|24|2|001|Pengembangan SDM|0||0|||28.0|0|00
2026|01|634792|015|08|CD|6212|BMB|04|03|2|001|Dukungan Pemberdayaan UMKM untuk Inklusi Pemanfaatan Digipay|0||0|||1.0|0|00
2026|01|634792|015|08|CD|6212|FAC|04|03|2|001|Komunikasi dan Edukasi Implementasi Aplikasi|0||0|||18.0|0|00
2026|01|634792|015|08|CD|6212|FAH|04|03|2|001|Edukasi Dalam Rangka Penyusunan Laporan Keuangan Tingkat Kuasa BUN|0||0|||4.0|0|00
2026|01|634792|015|08|CD|6212|FAL|04|03|2|004|Konsultasi Pencairan Dana|0||0|||10.0|0|00
2026|01|634792|015|08|CD|6213|FAC|04|03|2|001|Monev Pengembangan Kompetensi KPA, PPK, PPSPM, Bendahara dan Pengelola Perbendaharaan|0||0|||10.0|0|00
2026|01|634792|015|08|CD|6213|FAE|04|03|2|009|Rekomendasi atas Kinerja Investasi Pemerintah|0||0|||2.0|0|00
2026|01|634792|015|08|CD|6213|FAL|04|03|2|003|Reviu Belanja Pemerintah|0||0|||1.0|0|00
2026|01|634792|015|08|CD|6214|FAL|04|03|2|002|Surat Perintah Pencairan/Penarikan/Repayment/Pengesahan Dana|0||0|||792.0|0|00
2026|01|634792|015|08|CD|6215|FAH|04|03|2|003|Laporan Keuangan BUN|0||0|||4.0|0|00
2026|01|634792|015|08|WA|4715|EBA|04|03|2|001|Kerumahtanggaan|0||0|||12.0|0|00
2026|01|634792|015|08|WA|4715|EBA|04|03|2|994|Layanan Perkantoran|0||0|||12.0|0|00
2026|01|634792|015|08|WA|4715|EBA|04|03|2|002|Dukungan Pimpinan dan Keprotokoleran|0||0|||12.0|0|00
2026|01|634792|015|08|WA|4715|EBD|04|03|2|Z36|Dokumen Pengelolaan Kinerja Organisasi|0||0|||2.0|0|00
2026|01|634792|015|08|WA|4718|BMB|04|03|2|002|Kehumasan|0||0|||1.0|0|00
2026|01|634792|015|08|WA|4718|BMB|04|03|2|001|Pembinaan/Edukasi Publik|0||0|||2.0|0|00
2026|01|634792|015|08|WA|4719|EBA|04|03|2|994|Layanan Perkantoran|0||0|||12.0|0|00
2026|01|634792|015|08|WA|4719|EBA|04|03|2|004|Hasil Survey/Rekomendasi Kepuasan Pengguna Layanan|0||0|||2.0|0|00
2026|01|634792|015|08|WA|4719|EBC|04|03|2|001|Pengembangan SDM|0||0|||16.0|0|00
2026|01|634860|015|08|CD|6212|BMB|05|56|2|001|Dukungan Pemberdayaan UMKM untuk Inklusi Pemanfaatan Digipay|0||0|||1.0|0|00
2026|01|634860|015|08|CD|6212|FAC|05|56|2|001|Komunikasi dan Edukasi Implementasi Aplikasi|0||0|||89.0|0|00
2026|01|634860|015|08|CD|6212|FAH|05|56|2|001|Edukasi Dalam Rangka Penyusunan Laporan Keuangan Tingkat Kuasa BUN|0||0|||4.0|0|00
2026|01|634860|015|08|CD|6212|FAL|05|56|2|004|Konsultasi Pencairan Dana|0||0|||10.0|0|00
2026|01|634860|015|08|CD|6213|FAC|05|56|2|001|Monev Pengembangan Kompetensi KPA, PPK, PPSPM, Bendahara dan Pengelola Perbendaharaan|0||0|||10.0|0|00
2026|01|634860|015|08|CD|6213|FAE|05|56|2|009|Rekomendasi atas Kinerja Investasi Pemerintah|0||0|||2.0|0|00
2026|01|634860|015|08|CD|6213|FAL|05|56|2|003|Reviu Belanja Pemerintah|0||0|||1.0|0|00
2026|01|634860|015|08|CD|6214|FAL|05|56|2|002|Surat Perintah Pencairan/Penarikan/Repayment/Pengesahan Dana|0||0|||1560.0|0|00
2026|01|634860|015|08|CD|6215|FAH|05|56|2|003|Laporan Keuangan BUN|0||0|||4.0|0|00
2026|01|634860|015|08|WA|4715|EBA|05|56|2|001|Kerumahtanggaan|0||0|||12.0|0|00
2026|01|634860|015|08|WA|4715|EBA|05|56|2|994|Layanan Perkantoran|0||0|||12.0|0|00
2026|01|634860|015|08|WA|4715|EBA|05|56|2|002|Dukungan Pimpinan dan Keprotokoleran|0||0|||12.0|0|00
2026|01|634860|015|08|WA|4715|EBD|05|56|2|Z36|Dokumen Pengelolaan Kinerja Organisasi|0||0|||2.0|0|00
2026|01|634860|015|08|WA|4718|BMB|05|56|2|002|Kehumasan|0||0|||1.0|0|00
2026|01|634860|015|08|WA|4718|BMB|05|56|2|001|Pembinaan/Edukasi Publik|0||0|||2.0|0|00
2026|01|634860|015|08|WA|4719|EBA|05|56|2|994|Layanan Perkantoran|0||0|||12.0|0|00
2026|01|634860|015|08|WA|4719|EBA|05|56|2|004|Hasil Survey/Rekomendasi Kepuasan Pengguna Layanan|0||0|||2.0|0|00
2026|01|634860|015|08|WA|4719|EBC|05|56|2|001|Pengembangan SDM|0||0|||17.0|0|00
2026|01|634984|015|08|CD|6212|BMB|16|04|2|001|Dukungan Pemberdayaan UMKM untuk Inklusi Pemanfaatan Digipay|0||0|||1.0|0|00
2026|01|634984|015|08|CD|6212|FAC|16|04|2|001|Komunikasi dan Edukasi Implementasi Aplikasi|0||0|||14.0|0|00
2026|01|634984|015|08|CD|6212|FAH|16|04|2|001|Edukasi Dalam Rangka Penyusunan Laporan Keuangan Tingkat Kuasa BUN|0||0|||4.0|0|00
2026|01|634984|015|08|CD|6212|FAL|16|04|2|004|Konsultasi Pencairan Dana|0||0|||10.0|0|00
2026|01|634984|015|08|CD|6213|FAC|16|04|2|001|Monev Pengembangan Kompetensi KPA, PPK, PPSPM, Bendahara dan Pengelola Perbendaharaan|0||0|||10.0|0|00
2026|01|634984|015|08|CD|6213|FAE|16|04|2|009|Rekomendasi atas Kinerja Investasi Pemerintah|0||0|||2.0|0|00
2026|01|634984|015|08|CD|6213|FAL|16|04|2|003|Reviu Belanja Pemerintah|0||0|||1.0|0|00
2026|01|634984|015|08|CD|6214|FAL|16|04|2|002|Surat Perintah Pencairan/Penarikan/Repayment/Pengesahan Dana|0||0|||624.0|0|00
2026|01|634984|015|08|CD|6215|FAH|16|04|2|003|Laporan Keuangan BUN|0||0|||4.0|0|00
2026|01|634984|015|08|WA|4715|EBA|16|04|2|001|Kerumahtanggaan|0||0|||12.0|0|00
2026|01|634984|015|08|WA|4715|EBA|16|04|2|994|Layanan Perkantoran|0||0|||12.0|0|00
2026|01|634984|015|08|WA|4715|EBA|16|04|2|002|Dukungan Pimpinan dan Keprotokoleran|0||0|||12.0|0|00
2026|01|634984|015|08|WA|4715|EBD|16|04|2|Z36|Dokumen Pengelolaan Kinerja Organisasi|0||0|||2.0|0|00
2026|01|634984|015|08|WA|4718|BMB|16|04|2|002|Kehumasan|0||0|||1.0|0|00
2026|01|634984|015|08|WA|4718|BMB|16|04|2|001|Pembinaan/Edukasi Publik|0||0|||2.0|0|00
2026|01|634984|015|08|WA|4719|EBA|16|04|2|994|Layanan Perkantoran|0||0|||12.0|0|00
2026|01|634984|015|08|WA|4719|EBA|16|04|2|004|Hasil Survey/Rekomendasi Kepuasan Pengguna Layanan|0||0|||2.0|0|00
2026|01|634984|015|08|WA|4719|EBC|16|04|2|001|Pengembangan SDM|0||0|||11.0|0|00
2026|01|634991|015|08|CD|6212|BMB|35|02|2|001|Dukungan Pemberdayaan UMKM untuk Inklusi Pemanfaatan Digipay|0||0|||1.0|0|00
2026|01|634991|015|08|CD|6212|FAC|35|02|2|001|Komunikasi dan Edukasi Implementasi Aplikasi|0||0|||18.0|0|00
2026|01|634991|015|08|CD|6212|FAH|35|02|2|001|Edukasi Dalam Rangka Penyusunan Laporan Keuangan Tingkat Kuasa BUN|0||0|||4.0|0|00
2026|01|634991|015|08|CD|6212|FAL|35|02|2|004|Konsultasi Pencairan Dana|0||0|||10.0|0|00
2026|01|634991|015|08|CD|6213|FAC|35|02|2|001|Monev Pengembangan Kompetensi KPA, PPK, PPSPM, Bendahara dan Pengelola Perbendaharaan|0||0|||10.0|0|00
2026|01|634991|015|08|CD|6213|FAE|35|02|2|009|Rekomendasi atas Kinerja Investasi Pemerintah|0||0|||2.0|0|00
2026|01|634991|015|08|CD|6213|FAL|35|02|2|003|Reviu Belanja Pemerintah|0||0|||1.0|0|00
2026|01|634991|015|08|CD|6214|FAL|35|02|2|002|Surat Perintah Pencairan/Penarikan/Repayment/Pengesahan Dana|0||0|||792.0|0|00
2026|01|634991|015|08|CD|6215|FAH|35|02|2|003|Laporan Keuangan BUN|0||0|||4.0|0|00
2026|01|634991|015|08|WA|4715|EBA|35|02|2|001|Kerumahtanggaan|0||0|||12.0|0|00
2026|01|634991|015|08|WA|4715|EBA|35|02|2|994|Layanan Perkantoran|0||0|||12.0|0|00
2026|01|634991|015|08|WA|4715|EBA|35|02|2|002|Dukungan Pimpinan dan Keprotokoleran|0||0|||12.0|0|00
2026|01|634991|015|08|WA|4715|EBD|35|02|2|Z36|Dokumen Pengelolaan Kinerja Organisasi|0||0|||2.0|0|00
2026|01|634991|015|08|WA|4718|BMB|35|02|2|002|Kehumasan|0||0|||1.0|0|00
2026|01|634991|015|08|WA|4718|BMB|35|02|2|001|Pembinaan/Edukasi Publik|0||0|||2.0|0|00
2026|01|634991|015|08|WA|4719|EBA|35|02|2|994|Layanan Perkantoran|0||0|||12.0|0|00
2026|01|634991|015|08|WA|4719|EBA|35|02|2|004|Hasil Survey/Rekomendasi Kepuasan Pengguna Layanan|0||0|||2.0|0|00
2026|01|634991|015|08|WA|4719|EBC|35|02|2|001|Pengembangan SDM|0||0|||13.0|0|00
2026|01|634963|015|08|CD|6212|BMB|15|07|2|001|Dukungan Pemberdayaan UMKM untuk Inklusi Pemanfaatan Digipay|0||0|||1.0|0|00
2026|01|634963|015|08|CD|6212|FAC|15|07|2|001|Komunikasi dan Edukasi Implementasi Aplikasi|0||0|||38.0|0|00
2026|01|634963|015|08|CD|6212|FAH|15|07|2|001|Edukasi Dalam Rangka Penyusunan Laporan Keuangan Tingkat Kuasa BUN|0||0|||4.0|0|00
2026|01|634963|015|08|CD|6212|FAL|15|07|2|004|Konsultasi Pencairan Dana|0||0|||10.0|0|00
2026|01|634963|015|08|CD|6213|FAC|15|07|2|001|Monev Pengembangan Kompetensi KPA, PPK, PPSPM, Bendahara dan Pengelola Perbendaharaan|0||0|||10.0|0|00
2026|01|634963|015|08|CD|6213|FAE|15|07|2|009|Rekomendasi atas Kinerja Investasi Pemerintah|0||0|||2.0|0|00
2026|01|634963|015|08|CD|6213|FAL|15|07|2|003|Reviu Belanja Pemerintah|0||0|||1.0|0|00
2026|01|634963|015|08|CD|6214|FAL|15|07|2|002|Surat Perintah Pencairan/Penarikan/Repayment/Pengesahan Dana|0||0|||1680.0|0|00
2026|01|634963|015|08|CD|6215|FAH|15|07|2|003|Laporan Keuangan BUN|0||0|||4.0|0|00
2026|01|634963|015|08|WA|4715|EBA|15|07|2|001|Kerumahtanggaan|0||0|||12.0|0|00
2026|01|634963|015|08|WA|4715|EBA|15|07|2|994|Layanan Perkantoran|0||0|||12.0|0|00
2026|01|634963|015|08|WA|4715|EBA|15|07|2|002|Dukungan Pimpinan dan Keprotokoleran|0||0|||12.0|0|00
2026|01|634963|015|08|WA|4715|EBD|15|07|2|Z36|Dokumen Pengelolaan Kinerja Organisasi|0||0|||2.0|0|00
2026|01|634963|015|08|WA|4718|BMB|15|07|2|002|Kehumasan|0||0|||1.0|0|00
2026|01|634963|015|08|WA|4718|BMB|15|07|2|001|Pembinaan/Edukasi Publik|0||0|||2.0|0|00
2026|01|634963|015|08|WA|4719|EBA|15|07|2|994|Layanan Perkantoran|0||0|||12.0|0|00
2026|01|634963|015|08|WA|4719|EBA|15|07|2|004|Hasil Survey/Rekomendasi Kepuasan Pengguna Layanan|0||0|||2.0|0|00
2026|01|634963|015|08|WA|4719|EBC|15|07|2|001|Pengembangan SDM|0||0|||16.0|0|00
2026|01|635155|015|08|CD|6212|BMB|20|03|2|001|Dukungan Pemberdayaan UMKM untuk Inklusi Pemanfaatan Digipay|0||0|||1.0|0|00
2026|01|635155|015|08|CD|6212|FAC|20|03|2|001|Komunikasi dan Edukasi Implementasi Aplikasi|0||0|||20.0|0|00
2026|01|635155|015|08|CD|6212|FAH|20|03|2|001|Edukasi Dalam Rangka Penyusunan Laporan Keuangan Tingkat Kuasa BUN|0||0|||4.0|0|00
2026|01|635155|015|08|CD|6212|FAL|20|03|2|004|Konsultasi Pencairan Dana|0||0|||10.0|0|00
2026|01|635155|015|08|CD|6213|FAC|20|03|2|001|Monev Pengembangan Kompetensi KPA, PPK, PPSPM, Bendahara dan Pengelola Perbendaharaan|0||0|||10.0|0|00
2026|01|635155|015|08|CD|6213|FAE|20|03|2|009|Rekomendasi atas Kinerja Investasi Pemerintah|0||0|||2.0|0|00
2026|01|635155|015|08|CD|6213|FAL|20|03|2|003|Reviu Belanja Pemerintah|0||0|||1.0|0|00
2026|01|635155|015|08|CD|6214|FAL|20|03|2|002|Surat Perintah Pencairan/Penarikan/Repayment/Pengesahan Dana|0||0|||864.0|0|00
2026|01|635155|015|08|CD|6215|FAH|20|03|2|003|Laporan Keuangan BUN|0||0|||4.0|0|00
2026|01|635155|015|08|WA|4715|EBA|20|03|2|001|Kerumahtanggaan|0||0|||12.0|0|00
2026|01|635155|015|08|WA|4715|EBA|20|03|2|994|Layanan Perkantoran|0||0|||12.0|0|00
2026|01|635155|015|08|WA|4715|EBA|20|03|2|002|Dukungan Pimpinan dan Keprotokoleran|0||0|||12.0|0|00
2026|01|635155|015|08|WA|4715|EBD|20|03|2|Z36|Dokumen Pengelolaan Kinerja Organisasi|0||0|||2.0|0|00
2026|01|635155|015|08|WA|4718|BMB|20|03|2|002|Kehumasan|0||0|||1.0|0|00
2026|01|635155|015|08|WA|4718|BMB|20|03|2|001|Pembinaan/Edukasi Publik|0||0|||2.0|0|00
2026|01|635155|015|08|WA|4719|EBA|20|03|2|994|Layanan Perkantoran|0||0|||12.0|0|00
2026|01|635155|015|08|WA|4719|EBA|20|03|2|004|Hasil Survey/Rekomendasi Kepuasan Pengguna Layanan|0||0|||2.0|0|00
2026|01|635155|015|08|WA|4719|EBC|20|03|2|001|Pengembangan SDM|0||0|||11.0|0|00
2026|01|635162|015|08|CD|6212|BMB|20|04|2|001|Dukungan Pemberdayaan UMKM untuk Inklusi Pemanfaatan Digipay|0||0|||1.0|0|00
2026|01|635162|015|08|CD|6212|FAC|20|04|2|001|Komunikasi dan Edukasi Implementasi Aplikasi|0||0|||33.0|0|00
2026|01|635162|015|08|CD|6212|FAH|20|04|2|001|Edukasi Dalam Rangka Penyusunan Laporan Keuangan Tingkat Kuasa BUN|0||0|||4.0|0|00
2026|01|635162|015|08|CD|6212|FAL|20|04|2|004|Konsultasi Pencairan Dana|0||0|||10.0|0|00
2026|01|635162|015|08|CD|6213|FAC|20|04|2|001|Monev Pengembangan Kompetensi KPA, PPK, PPSPM, Bendahara dan Pengelola Perbendaharaan|0||0|||10.0|0|00
2026|01|635162|015|08|CD|6213|FAE|20|04|2|009|Rekomendasi atas Kinerja Investasi Pemerintah|0||0|||2.0|0|00
2026|01|635162|015|08|CD|6213|FAL|20|04|2|003|Reviu Belanja Pemerintah|0||0|||1.0|0|00
2026|01|635162|015|08|CD|6214|FAL|20|04|2|002|Surat Perintah Pencairan/Penarikan/Repayment/Pengesahan Dana|0||0|||1440.0|0|00
2026|01|635162|015|08|CD|6215|FAH|20|04|2|003|Laporan Keuangan BUN|0||0|||4.0|0|00
2026|01|635162|015|08|WA|4715|EBA|20|04|2|001|Kerumahtanggaan|0||0|||12.0|0|00
2026|01|635162|015|08|WA|4715|EBA|20|04|2|994|Layanan Perkantoran|0||0|||12.0|0|00
2026|01|635162|015|08|WA|4715|EBA|20|04|2|002|Dukungan Pimpinan dan Keprotokoleran|0||0|||12.0|0|00
2026|01|635162|015|08|WA|4715|EBD|20|04|2|Z36|Dokumen Pengelolaan Kinerja Organisasi|0||0|||2.0|0|00
2026|01|635162|015|08|WA|4718|BMB|20|04|2|002|Kehumasan|0||0|||1.0|0|00
2026|01|635162|015|08|WA|4718|BMB|20|04|2|001|Pembinaan/Edukasi Publik|0||0|||2.0|0|00
2026|01|635162|015|08|WA|4719|EBA|20|04|2|994|Layanan Perkantoran|0||0|||12.0|0|00
2026|01|635162|015|08|WA|4719|EBA|20|04|2|004|Hasil Survey/Rekomendasi Kepuasan Pengguna Layanan|0||0|||2.0|0|00
2026|01|635162|015|08|WA|4719|EBC|20|04|2|001|Pengembangan SDM|0||0|||12.0|0|00
2026|01|635120|015|08|CD|6212|BMB|19|14|2|001|Dukungan Pemberdayaan UMKM untuk Inklusi Pemanfaatan Digipay|0||0|||1.0|0|00
2026|01|635120|015|08|CD|6212|FAC|19|14|2|001|Komunikasi dan Edukasi Implementasi Aplikasi|0||0|||15.0|0|00
2026|01|635120|015|08|CD|6212|FAH|19|14|2|001|Edukasi Dalam Rangka Penyusunan Laporan Keuangan Tingkat Kuasa BUN|0||0|||4.0|0|00
2026|01|635120|015|08|CD|6212|FAL|19|14|2|004|Konsultasi Pencairan Dana|0||0|||10.0|0|00
2026|01|635120|015|08|CD|6213|FAC|19|14|2|001|Monev Pengembangan Kompetensi KPA, PPK, PPSPM, Bendahara dan Pengelola Perbendaharaan|0||0|||10.0|0|00
2026|01|635120|015|08|CD|6213|FAE|19|14|2|009|Rekomendasi atas Kinerja Investasi Pemerintah|0||0|||2.0|0|00
2026|01|635120|015|08|CD|6213|FAL|19|14|2|003|Reviu Belanja Pemerintah|0||0|||1.0|0|00
2026|01|635120|015|08|CD|6214|FAL|19|14|2|002|Surat Perintah Pencairan/Penarikan/Repayment/Pengesahan Dana|0||0|||648.0|0|00
2026|01|635120|015|08|CD|6215|FAH|19|14|2|003|Laporan Keuangan BUN|0||0|||4.0|0|00
2026|01|635120|015|08|WA|4715|EBA|19|14|2|001|Kerumahtanggaan|0||0|||12.0|0|00
2026|01|635120|015|08|WA|4715|EBA|19|14|2|994|Layanan Perkantoran|0||0|||1.0|0|00
2026|01|635120|015|08|WA|4715|EBA|19|14|2|002|Dukungan Pimpinan dan Keprotokoleran|0||0|||12.0|0|00
2026|01|635120|015|08|WA|4715|EBD|19|14|2|Z36|Dokumen Pengelolaan Kinerja Organisasi|0||0|||2.0|0|00
2026|01|635120|015|08|WA|4718|BMB|19|14|2|002|Kehumasan|0||0|||1.0|0|00
2026|01|635120|015|08|WA|4718|BMB|19|14|2|001|Pembinaan/Edukasi Publik|0||0|||2.0|0|00
2026|01|635120|015|08|WA|4719|EBA|19|14|2|994|Layanan Perkantoran|0||0|||12.0|0|00
2026|01|635120|015|08|WA|4719|EBA|19|14|2|004|Hasil Survey/Rekomendasi Kepuasan Pengguna Layanan|0||0|||2.0|0|00
2026|01|635120|015|08|WA|4719|EBC|19|14|2|001|Pengembangan SDM|0||0|||14.0|0|00
2026|01|635197|015|08|CD|6212|BMB|17|03|2|001|Dukungan Pemberdayaan UMKM untuk Inklusi Pemanfaatan Digipay|0||0|||1.0|0|00
2026|01|635197|015|08|CD|6212|FAC|17|03|2|001|Komunikasi dan Edukasi Implementasi Aplikasi|0||0|||93.0|0|00
2026|01|635197|015|08|CD|6212|FAH|17|03|2|001|Edukasi Dalam Rangka Penyusunan Laporan Keuangan Tingkat Kuasa BUN|0||0|||4.0|0|00
2026|01|635197|015|08|CD|6212|FAL|17|03|2|004|Konsultasi Pencairan Dana|0||0|||10.0|0|00
2026|01|635197|015|08|CD|6213|FAC|17|03|2|001|Monev Pengembangan Kompetensi KPA, PPK, PPSPM, Bendahara dan Pengelola Perbendaharaan|0||0|||10.0|0|00
2026|01|635197|015|08|CD|6213|FAE|17|03|2|009|Rekomendasi atas Kinerja Investasi Pemerintah|0||0|||2.0|0|00
2026|01|635197|015|08|CD|6213|FAL|17|03|2|003|Reviu Belanja Pemerintah|0||0|||1.0|0|00
2026|01|635197|015|08|CD|6214|FAL|17|03|2|002|Surat Perintah Pencairan/Penarikan/Repayment/Pengesahan Dana|0||0|||2112.0|0|00
2026|01|635197|015|08|CD|6215|FAH|17|03|2|003|Laporan Keuangan BUN|0||0|||4.0|0|00
2026|01|635197|015|08|WA|4715|EBA|17|03|2|001|Kerumahtanggaan|0||0|||12.0|0|00
2026|01|635197|015|08|WA|4715|EBA|17|03|2|994|Layanan Perkantoran|0||0|||12.0|0|00
2026|01|635197|015|08|WA|4715|EBA|17|03|2|002|Dukungan Pimpinan dan Keprotokoleran|0||0|||1.0|0|00
2026|01|635197|015|08|WA|4715|EBD|17|03|2|Z36|Dokumen Pengelolaan Kinerja Organisasi|0||0|||2.0|0|00
2026|01|635197|015|08|WA|4718|BMB|17|03|2|002|Kehumasan|0||0|||1.0|0|00
2026|01|635197|015|08|WA|4718|BMB|17|03|2|001|Pembinaan/Edukasi Publik|0||0|||2.0|0|00
2026|01|635197|015|08|WA|4719|EBA|17|03|2|994|Layanan Perkantoran|0||0|||1.0|0|00
2026|01|635197|015|08|WA|4719|EBA|17|03|2|004|Hasil Survey/Rekomendasi Kepuasan Pengguna Layanan|0||0|||2.0|0|00
2026|01|635197|015|08|WA|4719|EBC|17|03|2|001|Pengembangan SDM|0||0|||14.0|0|00
2026|01|635045|015|08|CD|6212|BMB|22|05|2|001|Dukungan Pemberdayaan UMKM untuk Inklusi Pemanfaatan Digipay|0||0|||1.0|0|00
2026|01|635045|015|08|CD|6212|FAC|22|05|2|001|Komunikasi dan Edukasi Implementasi Aplikasi|0||0|||23.0|0|00
2026|01|635045|015|08|CD|6212|FAH|22|05|2|001|Edukasi Dalam Rangka Penyusunan Laporan Keuangan Tingkat Kuasa BUN|0||0|||4.0|0|00
2026|01|635045|015|08|CD|6212|FAL|22|05|2|004|Konsultasi Pencairan Dana|0||0|||10.0|0|00
2026|01|635045|015|08|CD|6213|FAC|22|05|2|001|Monev Pengembangan Kompetensi KPA, PPK, PPSPM, Bendahara dan Pengelola Perbendaharaan|0||0|||10.0|0|00
2026|01|635045|015|08|CD|6213|FAE|22|05|2|009|Rekomendasi atas Kinerja Investasi Pemerintah|0||0|||2.0|0|00
2026|01|635045|015|08|CD|6213|FAL|22|05|2|003|Reviu Belanja Pemerintah|0||0|||1.0|0|00
2026|01|635045|015|08|CD|6214|FAL|22|05|2|002|Surat Perintah Pencairan/Penarikan/Repayment/Pengesahan Dana|0||0|||936.0|0|00
2026|01|635045|015|08|CD|6215|FAH|22|05|2|003|Laporan Keuangan BUN|0||0|||4.0|0|00
2026|01|635045|015|08|WA|4715|EBA|22|05|2|001|Kerumahtanggaan|0||0|||12.0|0|00
2026|01|635045|015|08|WA|4715|EBA|22|05|2|994|Layanan Perkantoran|0||0|||12.0|0|00
2026|01|635045|015|08|WA|4715|EBA|22|05|2|002|Dukungan Pimpinan dan Keprotokoleran|0||0|||12.0|0|00
2026|01|635045|015|08|WA|4715|EBD|22|05|2|Z36|Dokumen Pengelolaan Kinerja Organisasi|0||0|||2.0|0|00
2026|01|635045|015|08|WA|4718|BMB|22|05|2|002|Kehumasan|0||0|||1.0|0|00
2026|01|635045|015|08|WA|4718|BMB|22|05|2|001|Pembinaan/Edukasi Publik|0||0|||2.0|0|00
2026|01|635045|015|08|WA|4719|EBA|22|05|2|994|Layanan Perkantoran|0||0|||12.0|0|00
2026|01|635045|015|08|WA|4719|EBA|22|05|2|004|Hasil Survey/Rekomendasi Kepuasan Pengguna Layanan|0||0|||2.0|0|00
2026|01|635045|015|08|WA|4719|EBC|22|05|2|001|Pengembangan SDM|0||0|||14.0|0|00
2026|01|648790|015|08|CD|6212|BMB|02|13|2|001|Dukungan Pemberdayaan UMKM untuk Inklusi Pemanfaatan Digipay|0||0|||1.0|0|00
2026|01|648790|015|08|CD|6212|FAC|02|13|2|001|Komunikasi dan Edukasi Implementasi Aplikasi|0||0|||16.0|0|00
2026|01|648790|015|08|CD|6212|FAH|02|13|2|001|Edukasi Dalam Rangka Penyusunan Laporan Keuangan Tingkat Kuasa BUN|0||0|||4.0|0|00
2026|01|648790|015|08|CD|6212|FAL|02|13|2|004|Konsultasi Pencairan Dana|0||0|||10.0|0|00
2026|01|648790|015|08|CD|6213|FAC|02|13|2|001|Monev Pengembangan Kompetensi KPA, PPK, PPSPM, Bendahara dan Pengelola Perbendaharaan|0||0|||10.0|0|00
2026|01|648790|015|08|CD|6213|FAE|02|13|2|009|Rekomendasi atas Kinerja Investasi Pemerintah|0||0|||2.0|0|00
2026|01|648790|015|08|CD|6213|FAL|02|13|2|003|Reviu Belanja Pemerintah|0||0|||1.0|0|00
2026|01|648790|015|08|CD|6214|FAL|02|13|2|002|Surat Perintah Pencairan/Penarikan/Repayment/Pengesahan Dana|0||0|||720.0|0|00
2026|01|648790|015|08|CD|6215|FAH|02|13|2|003|Laporan Keuangan BUN|0||0|||4.0|0|00
2026|01|648790|015|08|WA|4715|EBA|02|13|2|001|Kerumahtanggaan|0||0|||12.0|0|00
2026|01|648790|015|08|WA|4715|EBA|02|13|2|994|Layanan Perkantoran|0||0|||12.0|0|00
2026|01|648790|015|08|WA|4715|EBA|02|13|2|002|Dukungan Pimpinan dan Keprotokoleran|0||0|||12.0|0|00
2026|01|648790|015|08|WA|4715|EBD|02|13|2|Z36|Dokumen Pengelolaan Kinerja Organisasi|0||0|||2.0|0|00
2026|01|648790|015|08|WA|4718|BMB|02|13|2|002|Kehumasan|0||0|||1.0|0|00
2026|01|648790|015|08|WA|4718|BMB|02|13|2|001|Pembinaan/Edukasi Publik|0||0|||2.0|0|00
2026|01|648790|015|08|WA|4719|EBA|02|13|2|994|Layanan Perkantoran|0||0|||12.0|0|00
2026|01|648790|015|08|WA|4719|EBA|02|13|2|004|Hasil Survey/Rekomendasi Kepuasan Pengguna Layanan|0||0|||2.0|0|00
2026|01|648790|015|08|WA|4719|EBC|02|13|2|001|Pengembangan SDM|0||0|||12.0|0|00
2026|01|648783|015|08|CD|6212|BMB|29|03|2|001|Dukungan Pemberdayaan UMKM untuk Inklusi Pemanfaatan Digipay|0||0|||1.0|0|00
2026|01|648783|015|08|CD|6212|FAC|29|03|2|001|Komunikasi dan Edukasi Implementasi Aplikasi|0||0|||59.0|0|00
2026|01|648783|015|08|CD|6212|FAH|29|03|2|001|Edukasi Dalam Rangka Penyusunan Laporan Keuangan Tingkat Kuasa BUN|0||0|||4.0|0|00
2026|01|648783|015|08|CD|6212|FAL|29|03|2|004|Konsultasi Pencairan Dana|0||0|||10.0|0|00
2026|01|648783|015|08|CD|6213|FAC|29|03|2|001|Monev Pengembangan Kompetensi KPA, PPK, PPSPM, Bendahara dan Pengelola Perbendaharaan|0||0|||10.0|0|00
2026|01|648783|015|08|CD|6213|FAE|29|03|2|009|Rekomendasi atas Kinerja Investasi Pemerintah|0||0|||2.0|0|00
2026|01|648783|015|08|CD|6213|FAL|29|03|2|003|Reviu Belanja Pemerintah|0||0|||1.0|0|00
2026|01|648783|015|08|CD|6214|FAL|29|03|2|002|Surat Perintah Pencairan/Penarikan/Repayment/Pengesahan Dana|0||0|||1368.0|0|00
2026|01|648783|015|08|CD|6215|FAH|29|03|2|003|Laporan Keuangan BUN|0||0|||4.0|0|00
2026|01|648783|015|08|WA|4715|EBA|29|03|2|001|Kerumahtanggaan|0||0|||12.0|0|00
2026|01|648783|015|08|WA|4715|EBA|29|03|2|994|Layanan Perkantoran|0||0|||12.0|0|00
2026|01|648783|015|08|WA|4715|EBA|29|03|2|002|Dukungan Pimpinan dan Keprotokoleran|0||0|||12.0|0|00
2026|01|648783|015|08|WA|4715|EBD|29|03|2|Z36|Dokumen Pengelolaan Kinerja Organisasi|0||0|||2.0|0|00
2026|01|648783|015|08|WA|4718|BMB|29|03|2|002|Kehumasan|0||0|||1.0|0|00
2026|01|648783|015|08|WA|4718|BMB|29|03|2|001|Pembinaan/Edukasi Publik|0||0|||2.0|0|00
2026|01|648783|015|08|WA|4719|EBA|29|03|2|994|Layanan Perkantoran|0||0|||12.0|0|00
2026|01|648783|015|08|WA|4719|EBA|29|03|2|004|Hasil Survey/Rekomendasi Kepuasan Pengguna Layanan|0||0|||2.0|0|00
2026|01|648783|015|08|WA|4719|EBC|29|03|2|001|Pengembangan SDM|0||0|||13.0|0|00
2026|01|648762|015|08|CD|6212|BMB|10|06|2|001|Dukungan Pemberdayaan UMKM untuk Inklusi Pemanfaatan Digipay|0||0|||1.0|0|00
2026|01|648762|015|08|CD|6212|FAC|10|06|2|001|Komunikasi dan Edukasi Implementasi Aplikasi|0||0|||28.0|0|00
2026|01|648762|015|08|CD|6212|FAH|10|06|2|001|Edukasi Dalam Rangka Penyusunan Laporan Keuangan Tingkat Kuasa BUN|0||0|||4.0|0|00
2026|01|648762|015|08|CD|6212|FAL|10|06|2|004|Konsultasi Pencairan Dana|0||0|||10.0|0|00
2026|01|648762|015|08|CD|6213|FAC|10|06|2|001|Monev Pengembangan Kompetensi KPA, PPK, PPSPM, Bendahara dan Pengelola Perbendaharaan|0||0|||10.0|0|00
2026|01|648762|015|08|CD|6213|FAE|10|06|2|009|Rekomendasi atas Kinerja Investasi Pemerintah|0||0|||2.0|0|00
2026|01|648762|015|08|CD|6213|FAL|10|06|2|003|Reviu Belanja Pemerintah|0||0|||1.0|0|00
2026|01|648762|015|08|CD|6214|FAL|10|06|2|002|Surat Perintah Pencairan/Penarikan/Repayment/Pengesahan Dana|0||0|||1248.0|0|00
2026|01|648762|015|08|CD|6215|FAH|10|06|2|003|Laporan Keuangan BUN|0||0|||4.0|0|00
2026|01|648762|015|08|WA|4715|EBA|10|06|2|001|Kerumahtanggaan|0||0|||12.0|0|00
2026|01|648762|015|08|WA|4715|EBA|10|06|2|994|Layanan Perkantoran|0||0|||12.0|0|00
2026|01|648762|015|08|WA|4715|EBA|10|06|2|002|Dukungan Pimpinan dan Keprotokoleran|0||0|||12.0|0|00
2026|01|648762|015|08|WA|4715|EBD|10|06|2|Z36|Dokumen Pengelolaan Kinerja Organisasi|0||0|||2.0|0|00
2026|01|648762|015|08|WA|4718|BMB|10|06|2|002|Kehumasan|0||0|||1.0|0|00
2026|01|648762|015|08|WA|4718|BMB|10|06|2|001|Pembinaan/Edukasi Publik|0||0|||2.0|0|00
2026|01|648762|015|08|WA|4719|EBA|10|06|2|994|Layanan Perkantoran|0||0|||12.0|0|00
2026|01|648762|015|08|WA|4719|EBA|10|06|2|004|Hasil Survey/Rekomendasi Kepuasan Pengguna Layanan|0||0|||2.0|0|00
2026|01|648762|015|08|WA|4719|EBC|10|06|2|001|Pengembangan SDM|0||0|||14.0|0|00
2026|01|648741|015|08|CD|6212|BMB|31|51|2|001|Dukungan Pemberdayaan UMKM untuk Inklusi Pemanfaatan Digipay|0||0|||1.0|0|00
2026|01|648741|015|08|CD|6212|FAC|31|51|2|002|Bimbingan Teknis Pengelola Keuangan BLU|0||0|||10.0|0|00
2026|01|648741|015|08|CD|6212|FAH|31|51|2|003|Komunikasi dan Edukasi Penyusunan LKKL dan LKBUN|0||0|||4.0|0|00
2026|01|648741|015|08|CD|6212|FAH|31|51|2|002|Komunikasi dan Edukasi Dalam Rangka Penyusunan Government Financial Statistic (GFS)|0||0|||8.0|0|00
2026|01|648741|015|08|CD|6212|FAL|31|51|2|001|Pembinaan Pelaksanaan Anggaran|0||0|||8.0|0|00
2026|01|648741|015|08|CD|6213|ABA|31|51|2|001|Kajian atas Peluang Investasi dan Pinjaman Daerah|0||0|||2.0|0|00
2026|01|648741|015|08|CD|6213|FAE|31|51|2|009|Rekomendasi atas Kinerja Investasi Pemerintah|0||0|||2.0|0|00
2026|01|648741|015|08|CD|6213|FAE|31|51|2|008|ALCo Regional|0||0|||4.0|0|00
2026|01|648741|015|08|CD|6213|FAL|31|51|2|003|Reviu Belanja Pemerintah|0||0|||4.0|0|00
2026|01|648741|015|08|CD|6215|FAH|31|51|2|003|Laporan Keuangan BUN|0||0|||4.0|0|00
2026|01|648741|015|08|CD|6215|FAH|31|51|2|001|Government Financial Statistic (GFS)|0||0|||4.0|0|00
2026|01|648741|015|08|CD|6216|FAE|31|51|2|002|Rekomendasi Tarif Standar Biaya Masukan|0||0|||1.0|0|00
2026|01|648741|015|08|WA|4715|EBA|31|51|2|001|Kerumahtanggaan|0||0|||12.0|0|00
2026|01|648741|015|08|WA|4715|EBA|31|51|2|994|Layanan Perkantoran|0||0|||12.0|0|00
2026|01|648741|015|08|WA|4715|EBA|31|51|2|002|Dukungan Pimpinan dan Keprotokoleran|0||0|||12.0|0|00
2026|01|648741|015|08|WA|4715|EBD|31|51|2|Z36|Dokumen Pengelolaan Kinerja Organisasi|0||0|||4.0|0|00
2026|01|648741|015|08|WA|4715|EBD|31|51|2|Z26|Laporan Keuangan Unit|0||0|||2.0|0|00
2026|01|648741|015|08|WA|4718|BMB|31|51|2|002|Kehumasan|0||0|||4.0|0|00
2026|01|648741|015|08|WA|4718|BMB|31|51|2|001|Pembinaan/Edukasi Publik|0||0|||2.0|0|00
2026|01|648741|015|08|WA|4719|EBA|31|51|2|003|Rekomendasi Pengelolaan Organisasi|0||0|||5.0|0|00
2026|01|648741|015|08|WA|4719|EBA|31|51|2|994|Layanan Perkantoran|0||0|||12.0|0|00
2026|01|648741|015|08|WA|4719|EBA|31|51|2|005|Standar Mutu Layanan - ISO Mutu Layanan|0||0|||6.0|0|00
2026|01|648741|015|08|WA|4719|EBC|31|51|2|001|Pengembangan SDM|0||0|||38.0|0|00
2026|01|648741|015|08|WA|4722|EBD|31|51|2|001|Rekomendasi Penerapan Pengelolaan Risiko, Pengendalian dan Pengawasan Internal|0||0|||2.0|0|00
2026|01|648779|015|08|CD|6212|BMB|11|03|2|001|Dukungan Pemberdayaan UMKM untuk Inklusi Pemanfaatan Digipay|0||0|||1.0|0|00
2026|01|648779|015|08|CD|6212|FAC|11|03|2|001|Komunikasi dan Edukasi Implementasi Aplikasi|0||0|||25.0|0|00
2026|01|648779|015|08|CD|6212|FAH|11|03|2|001|Edukasi Dalam Rangka Penyusunan Laporan Keuangan Tingkat Kuasa BUN|0||0|||4.0|0|00
2026|01|648779|015|08|CD|6212|FAL|11|03|2|004|Konsultasi Pencairan Dana|0||0|||10.0|0|00
2026|01|648779|015|08|CD|6213|FAC|11|03|2|001|Monev Pengembangan Kompetensi KPA, PPK, PPSPM, Bendahara dan Pengelola Perbendaharaan|0||0|||10.0|0|00
2026|01|648779|015|08|CD|6213|FAE|11|03|2|009|Rekomendasi atas Kinerja Investasi Pemerintah|0||0|||2.0|0|00
2026|01|648779|015|08|CD|6213|FAL|11|03|2|003|Reviu Belanja Pemerintah|0||0|||1.0|0|00
2026|01|648779|015|08|CD|6214|FAL|11|03|2|002|Surat Perintah Pencairan/Penarikan/Repayment/Pengesahan Dana|0||0|||1104.0|0|00
2026|01|648779|015|08|CD|6215|FAH|11|03|2|003|Laporan Keuangan BUN|0||0|||4.0|0|00
2026|01|648779|015|08|WA|4715|EBA|11|03|2|001|Kerumahtanggaan|0||0|||12.0|0|00
2026|01|648779|015|08|WA|4715|EBA|11|03|2|994|Layanan Perkantoran|0||0|||12.0|0|00
2026|01|648779|015|08|WA|4715|EBA|11|03|2|002|Dukungan Pimpinan dan Keprotokoleran|0||0|||12.0|0|00
2026|01|648779|015|08|WA|4715|EBD|11|03|2|Z36|Dokumen Pengelolaan Kinerja Organisasi|0||0|||2.0|0|00
2026|01|648779|015|08|WA|4718|BMB|11|03|2|002|Kehumasan|0||0|||1.0|0|00
2026|01|648779|015|08|WA|4718|BMB|11|03|2|001|Pembinaan/Edukasi Publik|0||0|||2.0|0|00
2026|01|648779|015|08|WA|4719|EBA|11|03|2|994|Layanan Perkantoran|0||0|||12.0|0|00
2026|01|648779|015|08|WA|4719|EBA|11|03|2|004|Hasil Survey/Rekomendasi Kepuasan Pengguna Layanan|0||0|||2.0|0|00
2026|01|648779|015|08|WA|4719|EBC|11|03|2|001|Pengembangan SDM|0||0|||11.0|0|00
2026|01|648805|015|08|CD|6212|BMB|03|26|2|001|Dukungan Pemberdayaan UMKM untuk Inklusi Pemanfaatan Digipay|0||0|||1.0|0|00
2026|01|648805|015|08|CD|6212|FAC|03|26|2|001|Komunikasi dan Edukasi Implementasi Aplikasi|0||0|||61.0|0|00
2026|01|648805|015|08|CD|6212|FAH|03|26|2|001|Edukasi Dalam Rangka Penyusunan Laporan Keuangan Tingkat Kuasa BUN|0||0|||4.0|0|00
2026|01|648805|015|08|CD|6212|FAL|03|26|2|004|Konsultasi Pencairan Dana|0||0|||10.0|0|00
2026|01|648805|015|08|CD|6213|FAC|03|26|2|001|Monev Pengembangan Kompetensi KPA, PPK, PPSPM, Bendahara dan Pengelola Perbendaharaan|0||0|||10.0|0|00
2026|01|648805|015|08|CD|6213|FAE|03|26|2|009|Rekomendasi atas Kinerja Investasi Pemerintah|0||0|||2.0|0|00
2026|01|648805|015|08|CD|6213|FAL|03|26|2|003|Reviu Belanja Pemerintah|0||0|||1.0|0|00
2026|01|648805|015|08|CD|6214|FAL|03|26|2|002|Surat Perintah Pencairan/Penarikan/Repayment/Pengesahan Dana|0||0|||1416.0|0|00
2026|01|648805|015|08|CD|6215|FAH|03|26|2|003|Laporan Keuangan BUN|0||0|||4.0|0|00
2026|01|648805|015|08|WA|4715|EBA|03|26|2|001|Kerumahtanggaan|0||0|||1.0|0|00
2026|01|648805|015|08|WA|4715|EBA|03|26|2|994|Layanan Perkantoran|0||0|||1.0|0|00
2026|01|648805|015|08|WA|4715|EBA|03|26|2|002|Dukungan Pimpinan dan Keprotokoleran|0||0|||1.0|0|00
2026|01|648805|015|08|WA|4715|EBD|03|26|2|Z36|Dokumen Pengelolaan Kinerja Organisasi|0||0|||2.0|0|00
2026|01|648805|015|08|WA|4718|BMB|03|26|2|002|Kehumasan|0||0|||1.0|0|00
2026|01|648805|015|08|WA|4718|BMB|03|26|2|001|Pembinaan/Edukasi Publik|0||0|||2.0|0|00
2026|01|648805|015|08|WA|4719|EBA|03|26|2|994|Layanan Perkantoran|0||0|||1.0|0|00
2026|01|648805|015|08|WA|4719|EBA|03|26|2|004|Hasil Survey/Rekomendasi Kepuasan Pengguna Layanan|0||0|||2.0|0|00
2026|01|648805|015|08|WA|4719|EBC|03|26|2|001|Pengembangan SDM|0||0|||15.0|0|00
2026|01|648812|015|08|CD|6212|BMB|03|04|2|001|Dukungan Pemberdayaan UMKM untuk Inklusi Pemanfaatan Digipay|0||0|||1.0|0|00
2026|01|648812|015|08|CD|6212|FAC|03|04|2|001|Komunikasi dan Edukasi Implementasi Aplikasi|0||0|||17.0|0|00
2026|01|648812|015|08|CD|6212|FAH|03|04|2|001|Edukasi Dalam Rangka Penyusunan Laporan Keuangan Tingkat Kuasa BUN|0||0|||4.0|0|00
2026|01|648812|015|08|CD|6212|FAL|03|04|2|004|Konsultasi Pencairan Dana|0||0|||10.0|0|00
2026|01|648812|015|08|CD|6213|FAC|03|04|2|001|Monev Pengembangan Kompetensi KPA, PPK, PPSPM, Bendahara dan Pengelola Perbendaharaan|0||0|||10.0|0|00
2026|01|648812|015|08|CD|6213|FAE|03|04|2|009|Rekomendasi atas Kinerja Investasi Pemerintah|0||0|||2.0|0|00
2026|01|648812|015|08|CD|6213|FAL|03|04|2|003|Reviu Belanja Pemerintah|0||0|||1.0|0|00
2026|01|648812|015|08|CD|6214|FAL|03|04|2|002|Surat Perintah Pencairan/Penarikan/Repayment/Pengesahan Dana|0||0|||792.0|0|00
2026|01|648812|015|08|CD|6215|FAH|03|04|2|003|Laporan Keuangan BUN|0||0|||4.0|0|00
2026|01|648812|015|08|WA|4715|EBA|03|04|2|001|Kerumahtanggaan|0||0|||12.0|0|00
2026|01|648812|015|08|WA|4715|EBA|03|04|2|994|Layanan Perkantoran|0||0|||12.0|0|00
2026|01|648812|015|08|WA|4715|EBA|03|04|2|002|Dukungan Pimpinan dan Keprotokoleran|0||0|||12.0|0|00
2026|01|648812|015|08|WA|4715|EBD|03|04|2|Z36|Dokumen Pengelolaan Kinerja Organisasi|0||0|||2.0|0|00
2026|01|648812|015|08|WA|4718|BMB|03|04|2|002|Kehumasan|0||0|||1.0|0|00
2026|01|648812|015|08|WA|4718|BMB|03|04|2|001|Pembinaan/Edukasi Publik|0||0|||2.0|0|00
2026|01|648812|015|08|WA|4719|EBA|03|04|2|994|Layanan Perkantoran|0||0|||12.0|0|00
2026|01|648812|015|08|WA|4719|EBA|03|04|2|004|Hasil Survey/Rekomendasi Kepuasan Pengguna Layanan|0||0|||2.0|0|00
2026|01|648812|015|08|WA|4719|EBC|03|04|2|001|Pengembangan SDM|0||0|||15.0|0|00
2026|01|648830|015|08|CD|6212|BMB|05|03|2|001|Dukungan Pemberdayaan UMKM untuk Inklusi Pemanfaatan Digipay|0||0|||1.0|0|00
2026|01|648830|015|08|CD|6212|FAC|05|03|2|001|Komunikasi dan Edukasi Implementasi Aplikasi|0||0|||81.0|0|00
2026|01|648830|015|08|CD|6212|FAH|05|03|2|001|Edukasi Dalam Rangka Penyusunan Laporan Keuangan Tingkat Kuasa BUN|0||0|||4.0|0|00
2026|01|648830|015|08|CD|6212|FAL|05|03|2|004|Konsultasi Pencairan Dana|0||0|||10.0|0|00
2026|01|648830|015|08|CD|6213|FAC|05|03|2|001|Monev Pengembangan Kompetensi KPA, PPK, PPSPM, Bendahara dan Pengelola Perbendaharaan|0||0|||10.0|0|00
2026|01|648830|015|08|CD|6213|FAE|05|03|2|009|Rekomendasi atas Kinerja Investasi Pemerintah|0||0|||2.0|0|00
2026|01|648830|015|08|CD|6213|FAL|05|03|2|003|Reviu Belanja Pemerintah|0||0|||1.0|0|00
2026|01|648830|015|08|CD|6214|FAL|05|03|2|002|Surat Perintah Pencairan/Penarikan/Repayment/Pengesahan Dana|0||0|||1920.0|0|00
2026|01|648830|015|08|CD|6215|FAH|05|03|2|003|Laporan Keuangan BUN|0||0|||4.0|0|00
2026|01|648830|015|08|WA|4715|EBA|05|03|2|001|Kerumahtanggaan|0||0|||12.0|0|00
2026|01|648830|015|08|WA|4715|EBA|05|03|2|994|Layanan Perkantoran|0||0|||12.0|0|00
2026|01|648830|015|08|WA|4715|EBA|05|03|2|002|Dukungan Pimpinan dan Keprotokoleran|0||0|||12.0|0|00
2026|01|648830|015|08|WA|4715|EBD|05|03|2|Z36|Dokumen Pengelolaan Kinerja Organisasi|0||0|||2.0|0|00
2026|01|648830|015|08|WA|4718|BMB|05|03|2|002|Kehumasan|0||0|||1.0|0|00
2026|01|648830|015|08|WA|4718|BMB|05|03|2|001|Pembinaan/Edukasi Publik|0||0|||2.0|0|00
2026|01|648830|015|08|WA|4719|EBA|05|03|2|994|Layanan Perkantoran|0||0|||12.0|0|00
2026|01|648830|015|08|WA|4719|EBA|05|03|2|004|Hasil Survey/Rekomendasi Kepuasan Pengguna Layanan|0||0|||2.0|0|00
2026|01|648830|015|08|WA|4719|EBC|05|03|2|001|Pengembangan SDM|0||0|||20.0|0|00
2026|01|648847|015|08|CD|6212|BMB|23|03|2|001|Dukungan Pemberdayaan UMKM untuk Inklusi Pemanfaatan Digipay|0||0|||1.0|0|00
2026|01|648847|015|08|CD|6212|FAC|23|03|2|001|Komunikasi dan Edukasi Implementasi Aplikasi|0||0|||11.0|0|00
2026|01|648847|015|08|CD|6212|FAH|23|03|2|001|Edukasi Dalam Rangka Penyusunan Laporan Keuangan Tingkat Kuasa BUN|0||0|||4.0|0|00
2026|01|648847|015|08|CD|6212|FAL|23|03|2|004|Konsultasi Pencairan Dana|0||0|||10.0|0|00
2026|01|648847|015|08|CD|6213|FAC|23|03|2|001|Monev Pengembangan Kompetensi KPA, PPK, PPSPM, Bendahara dan Pengelola Perbendaharaan|0||0|||10.0|0|00
2026|01|648847|015|08|CD|6213|FAE|23|03|2|009|Rekomendasi atas Kinerja Investasi Pemerintah|0||0|||2.0|0|00
2026|01|648847|015|08|CD|6213|FAL|23|03|2|003|Reviu Belanja Pemerintah|0||0|||1.0|0|00
2026|01|648847|015|08|CD|6214|FAL|23|03|2|002|Surat Perintah Pencairan/Penarikan/Repayment/Pengesahan Dana|0||0|||480.0|0|00
2026|01|648847|015|08|CD|6215|FAH|23|03|2|003|Laporan Keuangan BUN|0||0|||4.0|0|00
2026|01|648847|015|08|WA|4715|EBA|23|03|2|001|Kerumahtanggaan|0||0|||12.0|0|00
2026|01|648847|015|08|WA|4715|EBA|23|03|2|994|Layanan Perkantoran|0||0|||12.0|0|00
2026|01|648847|015|08|WA|4715|EBA|23|03|2|002|Dukungan Pimpinan dan Keprotokoleran|0||0|||12.0|0|00
2026|01|648847|015|08|WA|4715|EBD|23|03|2|Z36|Dokumen Pengelolaan Kinerja Organisasi|0||0|||2.0|0|00
2026|01|648847|015|08|WA|4718|BMB|23|03|2|002|Kehumasan|0||0|||1.0|0|00
2026|01|648847|015|08|WA|4718|BMB|23|03|2|001|Pembinaan/Edukasi Publik|0||0|||2.0|0|00
2026|01|648847|015|08|WA|4719|EBA|23|03|2|994|Layanan Perkantoran|0||0|||12.0|0|00
2026|01|648847|015|08|WA|4719|EBA|23|03|2|004|Hasil Survey/Rekomendasi Kepuasan Pengguna Layanan|0||0|||2.0|0|00
2026|01|648847|015|08|WA|4719|EBC|23|03|2|001|Pengembangan SDM|0||0|||13.0|0|00
2026|01|648826|015|08|CD|6212|BMB|03|18|2|001|Dukungan Pemberdayaan UMKM untuk Inklusi Pemanfaatan Digipay|0||0|||1.0|0|00
2026|01|648826|015|08|CD|6212|FAC|03|18|2|001|Komunikasi dan Edukasi Implementasi Aplikasi|0||0|||26.0|0|00
2026|01|648826|015|08|CD|6212|FAH|03|18|2|001|Edukasi Dalam Rangka Penyusunan Laporan Keuangan Tingkat Kuasa BUN|0||0|||4.0|0|00
2026|01|648826|015|08|CD|6212|FAL|03|18|2|004|Konsultasi Pencairan Dana|0||0|||10.0|0|00
2026|01|648826|015|08|CD|6213|FAC|03|18|2|001|Monev Pengembangan Kompetensi KPA, PPK, PPSPM, Bendahara dan Pengelola Perbendaharaan|0||0|||10.0|0|00
2026|01|648826|015|08|CD|6213|FAE|03|18|2|009|Rekomendasi atas Kinerja Investasi Pemerintah|0||0|||2.0|0|00
2026|01|648826|015|08|CD|6213|FAL|03|18|2|003|Reviu Belanja Pemerintah|0||0|||1.0|0|00
2026|01|648826|015|08|CD|6214|FAL|03|18|2|002|Surat Perintah Pencairan/Penarikan/Repayment/Pengesahan Dana|0||0|||1128.0|0|00
2026|01|648826|015|08|CD|6215|FAH|03|18|2|003|Laporan Keuangan BUN|0||0|||4.0|0|00
2026|01|648826|015|08|WA|4715|EBA|03|18|2|001|Kerumahtanggaan|0||0|||12.0|0|00
2026|01|648826|015|08|WA|4715|EBA|03|18|2|994|Layanan Perkantoran|0||0|||12.0|0|00
2026|01|648826|015|08|WA|4715|EBA|03|18|2|002|Dukungan Pimpinan dan Keprotokoleran|0||0|||12.0|0|00
2026|01|648826|015|08|WA|4715|EBD|03|18|2|Z36|Dokumen Pengelolaan Kinerja Organisasi|0||0|||2.0|0|00
2026|01|648826|015|08|WA|4718|BMB|03|18|2|002|Kehumasan|0||0|||1.0|0|00
2026|01|648826|015|08|WA|4718|BMB|03|18|2|001|Pembinaan/Edukasi Publik|0||0|||2.0|0|00
2026|01|648826|015|08|WA|4719|EBA|03|18|2|994|Layanan Perkantoran|0||0|||12.0|0|00
2026|01|648826|015|08|WA|4719|EBA|03|18|2|004|Hasil Survey/Rekomendasi Kepuasan Pengguna Layanan|0||0|||2.0|0|00
2026|01|648826|015|08|WA|4719|EBC|03|18|2|001|Pengembangan SDM|0||0|||15.0|0|00
2026|01|648851|015|08|CD|6212|BMB|19|06|2|001|Dukungan Pemberdayaan UMKM untuk Inklusi Pemanfaatan Digipay|0||0|||1.0|0|00
2026|01|648851|015|08|CD|6212|FAC|19|06|2|001|Komunikasi dan Edukasi Implementasi Aplikasi|0||0|||21.0|0|00
2026|01|648851|015|08|CD|6212|FAH|19|06|2|001|Edukasi Dalam Rangka Penyusunan Laporan Keuangan Tingkat Kuasa BUN|0||0|||4.0|0|00
2026|01|648851|015|08|CD|6212|FAL|19|06|2|004|Konsultasi Pencairan Dana|0||0|||10.0|0|00
2026|01|648851|015|08|CD|6213|FAC|19|06|2|001|Monev Pengembangan Kompetensi KPA, PPK, PPSPM, Bendahara dan Pengelola Perbendaharaan|0||0|||10.0|0|00
2026|01|648851|015|08|CD|6213|FAE|19|06|2|009|Rekomendasi atas Kinerja Investasi Pemerintah|0||0|||2.0|0|00
2026|01|648851|015|08|CD|6213|FAL|19|06|2|003|Reviu Belanja Pemerintah|0||0|||1.0|0|00
2026|01|648851|015|08|CD|6214|FAL|19|06|2|002|Surat Perintah Pencairan/Penarikan/Repayment/Pengesahan Dana|0||0|||888.0|0|00
2026|01|648851|015|08|CD|6215|FAH|19|06|2|003|Laporan Keuangan BUN|0||0|||4.0|0|00
2026|01|648851|015|08|WA|4715|EBA|19|06|2|001|Kerumahtanggaan|0||0|||12.0|0|00
2026|01|648851|015|08|WA|4715|EBA|19|06|2|994|Layanan Perkantoran|0||0|||12.0|0|00
2026|01|648851|015|08|WA|4715|EBA|19|06|2|002|Dukungan Pimpinan dan Keprotokoleran|0||0|||12.0|0|00
2026|01|648851|015|08|WA|4715|EBD|19|06|2|Z36|Dokumen Pengelolaan Kinerja Organisasi|0||0|||2.0|0|00
2026|01|648851|015|08|WA|4718|BMB|19|06|2|002|Kehumasan|0||0|||1.0|0|00
2026|01|648851|015|08|WA|4718|BMB|19|06|2|001|Pembinaan/Edukasi Publik|0||0|||2.0|0|00
2026|01|648851|015|08|WA|4719|EBA|19|06|2|994|Layanan Perkantoran|0||0|||12.0|0|00
2026|01|648851|015|08|WA|4719|EBA|19|06|2|004|Hasil Survey/Rekomendasi Kepuasan Pengguna Layanan|0||0|||2.0|0|00
2026|01|648851|015|08|WA|4719|EBC|19|06|2|001|Pengembangan SDM|0||0|||14.0|0|00
2026|01|648868|015|08|CD|6212|BMB|14|04|2|001|Dukungan Pemberdayaan UMKM untuk Inklusi Pemanfaatan Digipay|0||0|||1.0|0|00
2026|01|648868|015|08|CD|6212|FAC|14|04|2|001|Komunikasi dan Edukasi Implementasi Aplikasi|0||0|||71.0|0|00
2026|01|648868|015|08|CD|6212|FAH|14|04|2|001|Edukasi Dalam Rangka Penyusunan Laporan Keuangan Tingkat Kuasa BUN|0||0|||4.0|0|00
2026|01|648868|015|08|CD|6212|FAL|14|04|2|004|Konsultasi Pencairan Dana|0||0|||10.0|0|00
2026|01|648868|015|08|CD|6213|FAC|14|04|2|001|Monev Pengembangan Kompetensi KPA, PPK, PPSPM, Bendahara dan Pengelola Perbendaharaan|0||0|||10.0|0|00
2026|01|648868|015|08|CD|6213|FAE|14|04|2|009|Rekomendasi atas Kinerja Investasi Pemerintah|0||0|||2.0|0|00
2026|01|648868|015|08|CD|6213|FAL|14|04|2|003|Reviu Belanja Pemerintah|0||0|||1.0|0|00
2026|01|648868|015|08|CD|6214|FAL|14|04|2|002|Surat Perintah Pencairan/Penarikan/Repayment/Pengesahan Dana|0||0|||1632.0|0|00
2026|01|648868|015|08|CD|6215|FAH|14|04|2|003|Laporan Keuangan BUN|0||0|||4.0|0|00
2026|01|648868|015|08|WA|4715|EBA|14|04|2|001|Kerumahtanggaan|0||0|||12.0|0|00
2026|01|648868|015|08|WA|4715|EBA|14|04|2|994|Layanan Perkantoran|0||0|||12.0|0|00
2026|01|648868|015|08|WA|4715|EBA|14|04|2|002|Dukungan Pimpinan dan Keprotokoleran|0||0|||12.0|0|00
2026|01|648868|015|08|WA|4715|EBD|14|04|2|Z36|Dokumen Pengelolaan Kinerja Organisasi|0||0|||2.0|0|00
2026|01|648868|015|08|WA|4718|BMB|14|04|2|002|Kehumasan|0||0|||1.0|0|00
2026|01|648868|015|08|WA|4718|BMB|14|04|2|001|Pembinaan/Edukasi Publik|0||0|||2.0|0|00
2026|01|648868|015|08|WA|4719|EBA|14|04|2|994|Layanan Perkantoran|0||0|||1.0|0|00
2026|01|648868|015|08|WA|4719|EBA|14|04|2|004|Hasil Survey/Rekomendasi Kepuasan Pengguna Layanan|0||0|||2.0|0|00
2026|01|648868|015|08|WA|4719|EBC|14|04|2|001|Pengembangan SDM|0||0|||12.0|0|00
2026|01|648889|015|08|CD|6212|BMB|05|28|2|001|Dukungan Pemberdayaan UMKM untuk Inklusi Pemanfaatan Digipay|0||0|||1.0|0|00
2026|01|648889|015|08|CD|6212|FAC|05|28|2|001|Komunikasi dan Edukasi Implementasi Aplikasi|0||0|||27.0|0|00
2026|01|648889|015|08|CD|6212|FAH|05|28|2|001|Edukasi Dalam Rangka Penyusunan Laporan Keuangan Tingkat Kuasa BUN|0||0|||4.0|0|00
2026|01|648889|015|08|CD|6212|FAL|05|28|2|004|Konsultasi Pencairan Dana|0||0|||10.0|0|00
2026|01|648889|015|08|CD|6213|FAC|05|28|2|001|Monev Pengembangan Kompetensi KPA, PPK, PPSPM, Bendahara dan Pengelola Perbendaharaan|0||0|||10.0|0|00
2026|01|648889|015|08|CD|6213|FAE|05|28|2|009|Rekomendasi atas Kinerja Investasi Pemerintah|0||0|||2.0|0|00
2026|01|648889|015|08|CD|6213|FAL|05|28|2|003|Reviu Belanja Pemerintah|0||0|||1.0|0|00
2026|01|648889|015|08|CD|6214|FAL|05|28|2|002|Surat Perintah Pencairan/Penarikan/Repayment/Pengesahan Dana|0||0|||828.0|0|00
2026|01|648889|015|08|CD|6215|FAH|05|28|2|003|Laporan Keuangan BUN|0||0|||4.0|0|00
2026|01|648889|015|08|WA|4715|EBA|05|28|2|001|Kerumahtanggaan|0||0|||12.0|0|00
2026|01|648889|015|08|WA|4715|EBA|05|28|2|994|Layanan Perkantoran|0||0|||12.0|0|00
2026|01|648889|015|08|WA|4715|EBA|05|28|2|002|Dukungan Pimpinan dan Keprotokoleran|0||0|||12.0|0|00
2026|01|648889|015|08|WA|4715|EBD|05|28|2|Z36|Dokumen Pengelolaan Kinerja Organisasi|0||0|||2.0|0|00
2026|01|648889|015|08|WA|4718|BMB|05|28|2|002|Kehumasan|0||0|||1.0|0|00
2026|01|648889|015|08|WA|4718|BMB|05|28|2|001|Pembinaan/Edukasi Publik|0||0|||2.0|0|00
2026|01|648889|015|08|WA|4719|EBA|05|28|2|994|Layanan Perkantoran|0||0|||12.0|0|00
2026|01|648889|015|08|WA|4719|EBA|05|28|2|004|Hasil Survey/Rekomendasi Kepuasan Pengguna Layanan|0||0|||2.0|0|00
2026|01|648889|015|08|WA|4719|EBC|05|28|2|001|Pengembangan SDM|0||0|||11.0|0|00
2026|01|648893|015|08|CD|6212|BMB|13|02|2|001|Dukungan Pemberdayaan UMKM untuk Inklusi Pemanfaatan Digipay|0||0|||1.0|0|00
2026|01|648893|015|08|CD|6212|FAC|13|02|2|001|Komunikasi dan Edukasi Implementasi Aplikasi|0||0|||36.0|0|00
2026|01|648893|015|08|CD|6212|FAH|13|02|2|001|Edukasi Dalam Rangka Penyusunan Laporan Keuangan Tingkat Kuasa BUN|0||0|||4.0|0|00
2026|01|648893|015|08|CD|6212|FAL|13|02|2|004|Konsultasi Pencairan Dana|0||0|||10.0|0|00
2026|01|648893|015|08|CD|6213|FAC|13|02|2|001|Monev Pengembangan Kompetensi KPA, PPK, PPSPM, Bendahara dan Pengelola Perbendaharaan|0||0|||10.0|0|00
2026|01|648893|015|08|CD|6213|FAE|13|02|2|009|Rekomendasi atas Kinerja Investasi Pemerintah|0||0|||2.0|0|00
2026|01|648893|015|08|CD|6213|FAL|13|02|2|003|Reviu Belanja Pemerintah|0||0|||1.0|0|00
2026|01|648893|015|08|CD|6214|FAL|13|02|2|002|Surat Perintah Pencairan/Penarikan/Repayment/Pengesahan Dana|0||0|||1584.0|0|00
2026|01|648893|015|08|CD|6215|FAH|13|02|2|003|Laporan Keuangan BUN|0||0|||4.0|0|00
2026|01|648893|015|08|WA|4715|EBA|13|02|2|001|Kerumahtanggaan|0||0|||12.0|0|00
2026|01|648893|015|08|WA|4715|EBA|13|02|2|994|Layanan Perkantoran|0||0|||12.0|0|00
2026|01|648893|015|08|WA|4715|EBA|13|02|2|002|Dukungan Pimpinan dan Keprotokoleran|0||0|||12.0|0|00
2026|01|648893|015|08|WA|4715|EBD|13|02|2|Z36|Dokumen Pengelolaan Kinerja Organisasi|0||0|||2.0|0|00
2026|01|648893|015|08|WA|4718|BMB|13|02|2|002|Kehumasan|0||0|||1.0|0|00
2026|01|648893|015|08|WA|4718|BMB|13|02|2|001|Pembinaan/Edukasi Publik|0||0|||2.0|0|00
2026|01|648893|015|08|WA|4719|EBA|13|02|2|994|Layanan Perkantoran|0||0|||12.0|0|00
2026|01|648893|015|08|WA|4719|EBA|13|02|2|004|Hasil Survey/Rekomendasi Kepuasan Pengguna Layanan|0||0|||2.0|0|00
2026|01|648893|015|08|WA|4719|EBC|13|02|2|001|Pengembangan SDM|0||0|||13.0|0|00
2026|01|648872|015|08|CD|6212|BMB|15|02|2|001|Dukungan Pemberdayaan UMKM untuk Inklusi Pemanfaatan Digipay|0||0|||2.0|0|00
2026|01|648872|015|08|CD|6212|FAC|15|02|2|001|Komunikasi dan Edukasi Implementasi Aplikasi|0||0|||86.0|0|00
2026|01|648872|015|08|CD|6212|FAH|15|02|2|001|Edukasi Dalam Rangka Penyusunan Laporan Keuangan Tingkat Kuasa BUN|0||0|||8.0|0|00
2026|01|648872|015|08|CD|6212|FAL|15|02|2|004|Konsultasi Pencairan Dana|0||0|||20.0|0|00
2026|01|648872|015|08|CD|6213|FAC|15|02|2|001|Monev Pengembangan Kompetensi KPA, PPK, PPSPM, Bendahara dan Pengelola Perbendaharaan|0||0|||20.0|0|00
2026|01|648872|015|08|CD|6213|FAE|15|02|2|009|Rekomendasi atas Kinerja Investasi Pemerintah|0||0|||4.0|0|00
2026|01|648872|015|08|CD|6213|FAL|15|02|2|003|Reviu Belanja Pemerintah|0||0|||2.0|0|00
2026|01|648872|015|08|CD|6214|FAL|15|02|2|002|Surat Perintah Pencairan/Penarikan/Repayment/Pengesahan Dana|0||0|||1992.0|0|00
2026|01|648872|015|08|CD|6215|FAH|15|02|2|003|Laporan Keuangan BUN|0||0|||8.0|0|00
2026|01|648872|015|08|WA|4715|EBA|15|02|2|994|Layanan Perkantoran|0||0|||12.0|0|00
2026|01|648872|015|08|WA|4715|EBA|15|02|2|002|Dukungan Pimpinan dan Keprotokoleran|0||0|||12.0|0|00
2026|01|648872|015|08|WA|4715|EBA|15|02|2|001|Kerumahtanggaan|0||0|||12.0|0|00
2026|01|648872|015|08|WA|4715|EBD|15|02|2|Z36|Dokumen Pengelolaan Kinerja Organisasi|0||0|||4.0|0|00
2026|01|648872|015|08|WA|4718|BMB|15|02|2|002|Kehumasan|0||0|||2.0|0|00
2026|01|648872|015|08|WA|4718|BMB|15|02|2|001|Pembinaan/Edukasi Publik|0||0|||4.0|0|00
2026|01|648872|015|08|WA|4719|EBA|15|02|2|994|Layanan Perkantoran|0||0|||12.0|0|00
2026|01|648872|015|08|WA|4719|EBA|15|02|2|004|Hasil Survey/Rekomendasi Kepuasan Pengguna Layanan|0||0|||4.0|0|00
2026|01|648872|015|08|WA|4719|EBC|15|02|2|001|Pengembangan SDM|0||0|||26.0|0|00
2026|01|652460|015|08|CD|6212|BMB|21|01|2|001|Dukungan Pemberdayaan UMKM untuk Inklusi Pemanfaatan Digipay|0||0|||1.0|0|00
2026|01|652460|015|08|CD|6212|FAC|21|01|2|001|Komunikasi dan Edukasi Implementasi Aplikasi|0||0|||100.0|0|00
2026|01|652460|015|08|CD|6212|FAH|21|01|2|001|Edukasi Dalam Rangka Penyusunan Laporan Keuangan Tingkat Kuasa BUN|0||0|||4.0|0|00
2026|01|652460|015|08|CD|6212|FAL|21|01|2|004|Konsultasi Pencairan Dana|0||0|||10.0|0|00
2026|01|652460|015|08|CD|6213|FAC|21|01|2|001|Monev Pengembangan Kompetensi KPA, PPK, PPSPM, Bendahara dan Pengelola Perbendaharaan|0||0|||10.0|0|00
2026|01|652460|015|08|CD|6213|FAE|21|01|2|009|Rekomendasi atas Kinerja Investasi Pemerintah|0||0|||2.0|0|00
2026|01|652460|015|08|CD|6213|FAL|21|01|2|003|Reviu Belanja Pemerintah|0||0|||1.0|0|00
2026|01|652460|015|08|CD|6214|FAL|21|01|2|002|Surat Perintah Pencairan/Penarikan/Repayment/Pengesahan Dana|0||0|||2328.0|0|00
2026|01|652460|015|08|CD|6215|FAH|21|01|2|003|Laporan Keuangan BUN|0||0|||4.0|0|00
2026|01|652460|015|08|WA|4715|EBA|21|01|2|001|Kerumahtanggaan|0||0|||12.0|0|00
2026|01|652460|015|08|WA|4715|EBA|21|01|2|994|Layanan Perkantoran|0||0|||12.0|0|00
2026|01|652460|015|08|WA|4715|EBA|21|01|2|002|Dukungan Pimpinan dan Keprotokoleran|0||0|||12.0|0|00
2026|01|652460|015|08|WA|4715|EBD|21|01|2|Z36|Dokumen Pengelolaan Kinerja Organisasi|0||0|||2.0|0|00
2026|01|652460|015|08|WA|4718|BMB|21|01|2|002|Kehumasan|0||0|||1.0|0|00
2026|01|652460|015|08|WA|4718|BMB|21|01|2|001|Pembinaan/Edukasi Publik|0||0|||2.0|0|00
2026|01|652460|015|08|WA|4719|EBA|21|01|2|994|Layanan Perkantoran|0||0|||12.0|0|00
2026|01|652460|015|08|WA|4719|EBA|21|01|2|004|Hasil Survey/Rekomendasi Kepuasan Pengguna Layanan|0||0|||2.0|0|00
2026|01|652460|015|08|WA|4719|EBC|21|01|2|001|Pengembangan SDM|0||0|||17.0|0|00
2026|01|652449|015|08|CD|6212|BMB|02|57|2|001|Dukungan Pemberdayaan UMKM untuk Inklusi Pemanfaatan Digipay|0||0|||1.0|0|42
2026|01|652449|015|08|CD|6212|FAC|02|57|2|001|Komunikasi dan Edukasi Implementasi Aplikasi|0||0|||41.0|0|00
2026|01|652449|015|08|CD|6212|FAH|02|57|2|001|Edukasi Dalam Rangka Penyusunan Laporan Keuangan Tingkat Kuasa BUN|0||0|||4.0|0|00
2026|01|652449|015|08|CD|6212|FAL|02|57|2|004|Konsultasi Pencairan Dana|0||0|||10.0|0|00
2026|01|652449|015|08|CD|6213|FAC|02|57|2|001|Monev Pengembangan Kompetensi KPA, PPK, PPSPM, Bendahara dan Pengelola Perbendaharaan|0||0|||10.0|0|00
2026|01|652449|015|08|CD|6213|FAE|02|57|2|009|Rekomendasi atas Kinerja Investasi Pemerintah|0||0|||2.0|0|32
2026|01|652449|015|08|CD|6213|FAL|02|57|2|003|Reviu Belanja Pemerintah|0||0|||1.0|0|00
2026|01|652449|015|08|CD|6214|FAL|02|57|2|002|Surat Perintah Pencairan/Penarikan/Repayment/Pengesahan Dana|0||0|||1848.0|0|00
2026|01|652449|015|08|CD|6215|FAH|02|57|2|003|Laporan Keuangan BUN|0||0|||4.0|0|00
2026|01|652449|015|08|WA|4715|EBA|02|57|2|001|Kerumahtanggaan|0||0|||12.0|0|00
2026|01|652449|015|08|WA|4715|EBA|02|57|2|994|Layanan Perkantoran|0||0|||12.0|0|00
2026|01|652449|015|08|WA|4715|EBA|02|57|2|002|Dukungan Pimpinan dan Keprotokoleran|0||0|||12.0|0|00
2026|01|652449|015|08|WA|4715|EBD|02|57|2|Z36|Dokumen Pengelolaan Kinerja Organisasi|0||0|||2.0|0|00
2026|01|652449|015|08|WA|4718|BMB|02|57|2|002|Kehumasan|0||0|||1.0|0|00
2026|01|652449|015|08|WA|4718|BMB|02|57|2|001|Pembinaan/Edukasi Publik|0||0|||2.0|0|00
2026|01|652449|015|08|WA|4719|EBA|02|57|2|994|Layanan Perkantoran|0||0|||12.0|0|00
2026|01|652449|015|08|WA|4719|EBA|02|57|2|004|Hasil Survey/Rekomendasi Kepuasan Pengguna Layanan|0||0|||2.0|0|00
2026|01|652449|015|08|WA|4719|EBC|02|57|2|001|Pengembangan SDM|0||0|||24.0|0|00
2026|01|662770|015|08|CD|6212|BMB|24|07|2|001|Dukungan Pemberdayaan UMKM untuk Inklusi Pemanfaatan Digipay|0||0|||1.0|0|00
2026|01|662770|015|08|CD|6212|FAC|24|07|2|001|Komunikasi dan Edukasi Implementasi Aplikasi|0||0|||29.0|0|00
2026|01|662770|015|08|CD|6212|FAH|24|07|2|001|Edukasi Dalam Rangka Penyusunan Laporan Keuangan Tingkat Kuasa BUN|0||0|||4.0|0|00
2026|01|662770|015|08|CD|6212|FAL|24|07|2|004|Konsultasi Pencairan Dana|0||0|||10.0|0|00
2026|01|662770|015|08|CD|6213|FAC|24|07|2|001|Monev Pengembangan Kompetensi KPA, PPK, PPSPM, Bendahara dan Pengelola Perbendaharaan|0||0|||10.0|0|00
2026|01|662770|015|08|CD|6213|FAE|24|07|2|009|Rekomendasi atas Kinerja Investasi Pemerintah|0||0|||2.0|0|00
2026|01|662770|015|08|CD|6213|FAL|24|07|2|003|Reviu Belanja Pemerintah|0||0|||1.0|0|00
2026|01|662770|015|08|CD|6214|FAL|24|07|2|002|Surat Perintah Pencairan/Penarikan/Repayment/Pengesahan Dana|0||0|||1296.0|0|00
2026|01|662770|015|08|CD|6215|FAH|24|07|2|003|Laporan Keuangan BUN|0||0|||4.0|0|00
2026|01|662770|015|08|WA|4715|EBA|24|07|2|001|Kerumahtanggaan|0||0|||12.0|0|00
2026|01|662770|015|08|WA|4715|EBA|24|07|2|994|Layanan Perkantoran|0||0|||12.0|0|00
2026|01|662770|015|08|WA|4715|EBA|24|07|2|002|Dukungan Pimpinan dan Keprotokoleran|0||0|||12.0|0|00
2026|01|662770|015|08|WA|4715|EBD|24|07|2|Z36|Dokumen Pengelolaan Kinerja Organisasi|0||0|||2.0|0|00
2026|01|662770|015|08|WA|4718|BMB|24|07|2|002|Kehumasan|0||0|||1.0|0|00
2026|01|662770|015|08|WA|4718|BMB|24|07|2|001|Pembinaan/Edukasi Publik|0||0|||2.0|0|00
2026|01|662770|015|08|WA|4719|EBA|24|07|2|994|Layanan Perkantoran|0||0|||12.0|0|00
2026|01|662770|015|08|WA|4719|EBA|24|07|2|004|Hasil Survey/Rekomendasi Kepuasan Pengguna Layanan|0||0|||2.0|0|00
2026|01|662770|015|08|WA|4719|EBC|24|07|2|001|Pengembangan SDM|0||0|||13.0|0|00
2026|01|652453|015|08|CD|6212|BMB|24|02|2|001|Dukungan Pemberdayaan UMKM untuk Inklusi Pemanfaatan Digipay|0||0|||1.0|0|00
2026|01|652453|015|08|CD|6212|FAC|24|02|2|001|Komunikasi dan Edukasi Implementasi Aplikasi|0||0|||29.0|0|00
2026|01|652453|015|08|CD|6212|FAH|24|02|2|001|Edukasi Dalam Rangka Penyusunan Laporan Keuangan Tingkat Kuasa BUN|0||0|||4.0|0|00
2026|01|652453|015|08|CD|6212|FAL|24|02|2|004|Konsultasi Pencairan Dana|0||0|||10.0|0|00
2026|01|652453|015|08|CD|6213|FAC|24|02|2|001|Monev Pengembangan Kompetensi KPA, PPK, PPSPM, Bendahara dan Pengelola Perbendaharaan|0||0|||10.0|0|00
2026|01|652453|015|08|CD|6213|FAE|24|02|2|009|Rekomendasi atas Kinerja Investasi Pemerintah|0||0|||2.0|0|00
2026|01|652453|015|08|CD|6213|FAL|24|02|2|003|Reviu Belanja Pemerintah|0||0|||1.0|0|00
2026|01|652453|015|08|CD|6214|FAL|24|02|2|002|Surat Perintah Pencairan/Penarikan/Repayment/Pengesahan Dana|0||0|||1248.0|0|00
2026|01|652453|015|08|CD|6215|FAH|24|02|2|003|Laporan Keuangan BUN|0||0|||4.0|0|00
2026|01|652453|015|08|WA|4715|EBA|24|02|2|001|Kerumahtanggaan|0||0|||12.0|0|00
2026|01|652453|015|08|WA|4715|EBA|24|02|2|994|Layanan Perkantoran|0||0|||12.0|0|00
2026|01|652453|015|08|WA|4715|EBA|24|02|2|002|Dukungan Pimpinan dan Keprotokoleran|0||0|||12.0|0|00
2026|01|652453|015|08|WA|4715|EBD|24|02|2|Z36|Dokumen Pengelolaan Kinerja Organisasi|0||0|||2.0|0|00
2026|01|652453|015|08|WA|4718|BMB|24|02|2|002|Kehumasan|0||0|||1.0|0|00
2026|01|652453|015|08|WA|4718|BMB|24|02|2|001|Pembinaan/Edukasi Publik|0||0|||2.0|0|00
2026|01|652453|015|08|WA|4719|EBA|24|02|2|994|Layanan Perkantoran|0||0|||12.0|0|00
2026|01|652453|015|08|WA|4719|EBA|24|02|2|004|Hasil Survey/Rekomendasi Kepuasan Pengguna Layanan|0||0|||2.0|0|00
2026|01|652453|015|08|WA|4719|EBC|24|02|2|001|Pengembangan SDM|0||0|||13.0|0|00
2026|01|662789|015|08|CD|6212|BMB|35|01|2|001|Dukungan Pemberdayaan UMKM untuk Inklusi Pemanfaatan Digipay|0||0|||1.0|0|00
2026|01|662789|015|08|CD|6212|FAC|35|01|2|001|Komunikasi dan Edukasi Implementasi Aplikasi|0||0|||137.0|0|00
2026|01|662789|015|08|CD|6212|FAH|35|01|2|001|Edukasi Dalam Rangka Penyusunan Laporan Keuangan Tingkat Kuasa BUN|0||0|||4.0|0|00
2026|01|662789|015|08|CD|6212|FAL|35|01|2|004|Konsultasi Pencairan Dana|0||0|||10.0|0|00
2026|01|662789|015|08|CD|6213|FAC|35|01|2|001|Monev Pengembangan Kompetensi KPA, PPK, PPSPM, Bendahara dan Pengelola Perbendaharaan|0||0|||10.0|0|00
2026|01|662789|015|08|CD|6213|FAE|35|01|2|009|Rekomendasi atas Kinerja Investasi Pemerintah|0||0|||2.0|0|00
2026|01|662789|015|08|CD|6213|FAL|35|01|2|003|Reviu Belanja Pemerintah|0||0|||1.0|0|00
2026|01|662789|015|08|CD|6214|FAL|35|01|2|002|Surat Perintah Pencairan/Penarikan/Repayment/Pengesahan Dana|0||0|||3216.0|0|00
2026|01|662789|015|08|CD|6215|FAH|35|01|2|003|Laporan Keuangan BUN|0||0|||4.0|0|00
2026|01|662789|015|08|WA|4715|EBA|35|01|2|001|Kerumahtanggaan|0||0|||12.0|0|00
2026|01|662789|015|08|WA|4715|EBA|35|01|2|994|Layanan Perkantoran|0||0|||12.0|0|00
2026|01|662789|015|08|WA|4715|EBA|35|01|2|002|Dukungan Pimpinan dan Keprotokoleran|0||0|||12.0|0|00
2026|01|662789|015|08|WA|4715|EBD|35|01|2|Z36|Dokumen Pengelolaan Kinerja Organisasi|0||0|||2.0|0|00
2026|01|662789|015|08|WA|4718|BMB|35|01|2|002|Kehumasan|0||0|||1.0|0|00
2026|01|662789|015|08|WA|4718|BMB|35|01|2|001|Pembinaan/Edukasi Publik|0||0|||2.0|0|00
2026|01|662789|015|08|WA|4719|EBA|35|01|2|994|Layanan Perkantoran|0||0|||12.0|0|00
2026|01|662789|015|08|WA|4719|EBA|35|01|2|004|Hasil Survey/Rekomendasi Kepuasan Pengguna Layanan|0||0|||2.0|0|00
2026|01|662789|015|08|WA|4719|EBC|35|01|2|001|Pengembangan SDM|0||0|||20.0|0|00
2026|01|662788|015|08|CD|6212|BMB|35|01|2|001|Dukungan Pemberdayaan UMKM untuk Inklusi Pemanfaatan Digipay|0||0|||1.0|0|00
2026|01|662788|015|08|CD|6212|FAC|35|01|2|002|Bimbingan Teknis Pengelola Keuangan BLU|0||0|||16.0|0|00
2026|01|662788|015|08|CD|6212|FAH|35|01|2|003|Komunikasi dan Edukasi Penyusunan LKKL dan LKBUN|0||0|||4.0|0|00
2026|01|662788|015|08|CD|6212|FAH|35|01|2|002|Komunikasi dan Edukasi Dalam Rangka Penyusunan Government Financial Statistic (GFS)|0||0|||8.0|0|00
2026|01|662788|015|08|CD|6212|FAL|35|01|2|001|Pembinaan Pelaksanaan Anggaran|0||0|||8.0|0|00
2026|01|662788|015|08|CD|6213|ABA|35|01|2|001|Kajian atas Peluang Investasi dan Pinjaman Daerah|0||0|||2.0|0|00
2026|01|662788|015|08|CD|6213|FAE|35|01|2|009|Rekomendasi atas Kinerja Investasi Pemerintah|0||0|||2.0|0|00
2026|01|662788|015|08|CD|6213|FAE|35|01|2|008|ALCo Regional|0||0|||2.0|0|00
2026|01|662788|015|08|CD|6213|FAL|35|01|2|003|Reviu Belanja Pemerintah|0||0|||4.0|0|00
2026|01|662788|015|08|CD|6215|FAH|35|01|2|003|Laporan Keuangan BUN|0||0|||4.0|0|00
2026|01|662788|015|08|CD|6215|FAH|35|01|2|001|Government Financial Statistic (GFS)|0||0|||4.0|0|00
2026|01|662788|015|08|CD|6216|FAE|35|01|2|002|Rekomendasi Tarif Standar Biaya Masukan|0||0|||1.0|0|00
2026|01|662788|015|08|WA|4715|EBA|35|01|2|001|Kerumahtanggaan|0||0|||12.0|0|00
2026|01|662788|015|08|WA|4715|EBA|35|01|2|994|Layanan Perkantoran|0||0|||12.0|0|00
2026|01|662788|015|08|WA|4715|EBA|35|01|2|002|Dukungan Pimpinan dan Keprotokoleran|0||0|||12.0|0|00
2026|01|662788|015|08|WA|4715|EBD|35|01|2|Z36|Dokumen Pengelolaan Kinerja Organisasi|0||0|||4.0|0|00
2026|01|662788|015|08|WA|4715|EBD|35|01|2|Z26|Laporan Keuangan Unit|0||0|||2.0|0|00
2026|01|662788|015|08|WA|4718|BMB|35|01|2|002|Kehumasan|0||0|||4.0|0|00
2026|01|662788|015|08|WA|4718|BMB|35|01|2|001|Pembinaan/Edukasi Publik|0||0|||2.0|0|00
2026|01|662788|015|08|WA|4719|EBA|35|01|2|003|Rekomendasi Pengelolaan Organisasi|0||0|||7.0|0|00
2026|01|662788|015|08|WA|4719|EBA|35|01|2|994|Layanan Perkantoran|0||0|||12.0|0|00
2026|01|662788|015|08|WA|4719|EBA|35|01|2|005|Standar Mutu Layanan - ISO Mutu Layanan|0||0|||8.0|0|00
2026|01|662788|015|08|WA|4719|EBC|35|01|2|001|Pengembangan SDM|0||0|||39.0|0|00
2026|01|662788|015|08|WA|4722|EBD|35|01|2|001|Rekomendasi Penerapan Pengelolaan Risiko, Pengendalian dan Pengawasan Internal|0||0|||2.0|0|00
2026|01|662787|015|08|CD|6212|BMB|28|51|2|001|Dukungan Pemberdayaan UMKM untuk Inklusi Pemanfaatan Digipay|0||0|||1.0|0|00
2026|01|662787|015|08|CD|6212|FAC|28|51|2|002|Bimbingan Teknis Pengelola Keuangan BLU|0||0|||8.0|0|00
2026|01|662787|015|08|CD|6212|FAH|28|51|2|003|Komunikasi dan Edukasi Penyusunan LKKL dan LKBUN|0||0|||4.0|0|00
2026|01|662787|015|08|CD|6212|FAH|28|51|2|002|Komunikasi dan Edukasi Dalam Rangka Penyusunan Government Financial Statistic (GFS)|0||0|||8.0|0|00
2026|01|662787|015|08|CD|6212|FAL|28|51|2|001|Pembinaan Pelaksanaan Anggaran|0||0|||8.0|0|00
2026|01|662787|015|08|CD|6213|ABA|28|51|2|001|Kajian atas Peluang Investasi dan Pinjaman Daerah|0||0|||2.0|0|00
2026|01|662787|015|08|CD|6213|FAE|28|51|2|009|Rekomendasi atas Kinerja Investasi Pemerintah|0||0|||2.0|0|00
2026|01|662787|015|08|CD|6213|FAE|28|51|2|008|ALCo Regional|0||0|||2.0|0|00
2026|01|662787|015|08|CD|6213|FAL|28|51|2|003|Reviu Belanja Pemerintah|0||0|||4.0|0|00
2026|01|662787|015|08|CD|6215|FAH|28|51|2|003|Laporan Keuangan BUN|0||0|||4.0|0|00
2026|01|662787|015|08|CD|6215|FAH|28|51|2|001|Government Financial Statistic (GFS)|0||0|||4.0|0|00
2026|01|662787|015|08|CD|6216|FAE|28|51|2|002|Rekomendasi Tarif Standar Biaya Masukan|0||0|||1.0|0|00
2026|01|662787|015|08|WA|4715|EBA|28|51|2|001|Kerumahtanggaan|0||0|||12.0|0|00
2026|01|662787|015|08|WA|4715|EBA|28|51|2|994|Layanan Perkantoran|0||0|||12.0|0|00
2026|01|662787|015|08|WA|4715|EBA|28|51|2|002|Dukungan Pimpinan dan Keprotokoleran|0||0|||12.0|0|00
2026|01|662787|015|08|WA|4715|EBD|28|51|2|Z36|Dokumen Pengelolaan Kinerja Organisasi|0||0|||4.0|0|00
2026|01|662787|015|08|WA|4715|EBD|28|51|2|Z26|Laporan Keuangan Unit|0||0|||2.0|0|00
2026|01|662787|015|08|WA|4718|BMB|28|51|2|002|Kehumasan|0||0|||4.0|0|00
2026|01|662787|015|08|WA|4718|BMB|28|51|2|001|Pembinaan/Edukasi Publik|0||0|||2.0|0|00
2026|01|662787|015|08|WA|4719|EBA|28|51|2|003|Rekomendasi Pengelolaan Organisasi|0||0|||5.0|0|00
2026|01|662787|015|08|WA|4719|EBA|28|51|2|994|Layanan Perkantoran|0||0|||12.0|0|00
2026|01|662787|015|08|WA|4719|EBA|28|51|2|005|Standar Mutu Layanan - ISO Mutu Layanan|0||0|||6.0|0|00
2026|01|662787|015|08|WA|4719|EBC|28|51|2|001|Pengembangan SDM|0||0|||41.0|0|00
2026|01|662787|015|08|WA|4722|EBD|28|51|2|001|Rekomendasi Penerapan Pengelolaan Risiko, Pengendalian dan Pengawasan Internal|0||0|||2.0|0|00
