thang|kdjendok|kdsatker|kddept|kdunit|kdprogram|kdgiat|kdoutput|kdlokasi|kdkabkota|kddekon|kdsoutput|kdkmpnen|kdskmpnen|urskmpnen|kdib|kdlokus|reflokus|nmlokus
2026|01|451547|015|08|CD|6212|BMB|03|51|2|001|100| A|Profiling UMKM|00||0|0
2026|01|451547|015|08|CD|6212|FAC|03|51|2|001|100| A|Training Modul Aplikasi SAKTI|00||0|0
2026|01|451547|015|08|CD|6212|FAH|03|51|2|001|100| A|TANPA SUB KOMPONEN|00||0|0
2026|01|451547|015|08|CD|6212|FAL|03|51|2|004|100| A|Konsultasi|00||0|0
2026|01|451547|015|08|CD|6212|FAL|03|51|2|004|100| B|Sosialisasi dan Bimbingan Teknis|00||0|0
2026|01|451547|015|08|CD|6212|FAL|03|51|2|004|100| D|Pembinaan Pemda, TKD dan Penandatanganan BAR|00||0|0
2026|01|451547|015|08|CD|6213|FAC|03|51|2|001|100| A|Pembinaan Jabatan Fungsional Perbendaharaan|00||0|0
2026|01|451547|015|08|CD|6213|FAE|03|51|2|009|100| A|Monev Penyaluran Pembiayaan Ultra Mikro|00||0|0
2026|01|451547|015|08|CD|6213|FAL|03|51|2|003|100| A|Monev Pelaksanaan Anggaran|00||0|0
2026|01|451547|015|08|CD|6214|FAL|03|51|2|002|100| A|Pelaksanaan PencairanPenarikanPengesahan Dana|00||0|0
2026|01|451547|015|08|CD|6214|FAL|03|51|2|002|100| B|PenerbitanPersetujuanRekonsiliasi RekeningSKPPKonfirmasi Penerimaan Negara, Ddll|00||0|0
2026|01|451547|015|08|CD|6215|FAH|03|51|2|003|100| A|Penyusunan Laporan Keuangan Tingkat Kuasa BUN di Daerah|00||0|0
2026|01|451547|015|08|WA|4715|EBA|03|51|2|001|100| A|Tanpa Sub Komponen|00||0|0
2026|01|451547|015|08|WA|4715|EBA|03|51|2|001|100| B|Koordinasi Penyusunan ATK PU|00||0|0
2026|01|451547|015|08|WA|4715|EBA|03|51|2|002|100| A|TANPA SUB KOMPONEN|00||0|0
2026|01|451547|015|08|WA|4715|EBA|03|51|2|994|002| A|Keperluan Seharihari Perkantoran|00||0|0
2026|01|451547|015|08|WA|4715|EBA|03|51|2|994|002| B|Langganan Daya dan Jasa|00||0|0
2026|01|451547|015|08|WA|4715|EBA|03|51|2|994|002| C|Pelaksanaan Operasional Kantor|00||0|0
2026|01|451547|015|08|WA|4715|EBA|03|51|2|994|002| D|Pemeliharaan Peralatan dan Mesin|00||0|0
2026|01|451547|015|08|WA|4715|EBA|03|51|2|994|002| E|Pemeliharaan gedung dan bangunan  Eco Office|00||0|0
2026|01|451547|015|08|WA|4715|EBA|03|51|2|994|002|HB|Reviu Belanja Pemerintah|00||0|0
2026|01|451547|015|08|WA|4715|EBA|03|51|2|994|002|HH|Dukungan Pelaksaan Tusi Prioritas Direktif Presiden|00||0|0
2026|01|451547|015|08|WA|4715|EBA|03|51|2|994|002|TJ|Jasa PemeliharaanAnnual Technical Support (ATS)|00||0|0
2026|01|451547|015|08|WA|4715|EBB|03|51|2|002|100| A|Eco Office|00||0|0
2026|01|451547|015|08|WA|4718|BMB|03|51|2|002|100| A|TANPA SUB KOMPONEN|00||0|0
2026|01|451547|015|08|WA|4718|BMB|03|51|2|001|100| A|TANPA SUB KOMPONEN|00||0|0
2026|01|451547|015|08|WA|4719|EBA|03|51|2|994|001| A|TANPA SUB KOMPONEN|00||0|0
2026|01|451547|015|08|WA|4719|EBA|03|51|2|004|100| A|Survey Kepuasan Pengguna Layanan|00||0|0
2026|01|451547|015|08|WA|4719|EBC|03|51|2|001|100|XC|Penyelenggaraan Capacity Building|00||0|0
2026|01|445371|015|08|CD|6212|FAC|26|06|2|001|100| A|Training Modul Aplikasi SAKTI|00||0|0
2026|01|445371|015|08|CD|6212|FAC|26|06|2|001|100| B|FGD dan Bimtek Transfer Keuangan Daerah|00||0|0
2026|01|445371|015|08|CD|6212|FAH|26|06|2|001|100| A|TANPA SUB KOMPONEN|00||0|0
2026|01|445371|015|08|CD|6212|FAL|26|06|2|004|100| A|Konsultasi|00||0|0
2026|01|445371|015|08|CD|6212|FAL|26|06|2|004|100| B|Sosialisasi dan Bimbingan Teknis|00||0|0
2026|01|445371|015|08|CD|6212|FAL|26|06|2|004|100| D|Pembinaan Satker, Pemda, TKD,, Penandatanganan BAR, dan Penyusunan LK UAKPA|00||0|0
2026|01|445371|015|08|CD|6213|FAC|26|06|2|001|100| A|Pembinaan Jabatan Fungsional Perbendaharaan|00||0|0
2026|01|445371|015|08|CD|6213|FAL|26|06|2|003|100| A|Monev Pelaksanaan Anggaran|00||0|0
2026|01|445371|015|08|CD|6214|FAL|26|06|2|002|100| A|Pelaksanaan PencairanPenarikanPengesahan Dana|00||0|0
2026|01|445371|015|08|CD|6214|FAL|26|06|2|002|100| B|PenerbitanPersetujuanRekonsiliasi RekeningSKPPKonfirmasi Penerimaan Negara, dll|00||0|0
2026|01|445371|015|08|CD|6215|FAH|26|06|2|003|100| A|Penyusunan Laporan Keuangan Tingkat Kuasa BUN di Daerah|00||0|0
2026|01|445371|015|08|WA|4715|EBA|26|06|2|001|100| A|TANPA SUB KOMPONEN|00||0|0
2026|01|445371|015|08|WA|4715|EBA|26|06|2|001|100| B|Koordinasi Penyusunan ATK PU|00||0|0
2026|01|445371|015|08|WA|4715|EBA|26|06|2|002|100| B|TANPA SUB KOMPONEN|00||0|0
2026|01|445371|015|08|WA|4715|EBA|26|06|2|994|002| A|Keperluan Seharihari Perkantoran|00||0|0
2026|01|445371|015|08|WA|4715|EBA|26|06|2|994|002| B|Langganan Daya dan Jasa|00||0|0
2026|01|445371|015|08|WA|4715|EBA|26|06|2|994|002| C|Pelaksanaan Operasional Kantor|00||0|0
2026|01|445371|015|08|WA|4715|EBA|26|06|2|994|002| D|Pemeliharaan Peralatan dan Mesin|00||0|0
2026|01|445371|015|08|WA|4715|EBA|26|06|2|994|002| G|Pemeliharaan Gedung dan Bangunan|00||0|0
2026|01|445371|015|08|WA|4715|EBA|26|06|2|994|002|HA|Dukungan Tusi - Review Belanja Pemerintah|00||0|0
2026|01|445371|015|08|WA|4715|EBA|26|06|2|994|002|HB|Dukungan Tusi - Konsultasi Pencairan Dana|00||0|0
2026|01|445371|015|08|WA|4715|EBA|26|06|2|994|002|HC|Monev Dukungan Prioritas Presiden (MBG, KDMP, SR)|00||0|0
2026|01|445371|015|08|WA|4715|EBD|26|06|2|Z36|100| A|Perumusan Kebijakan Pengelolaan Kinerja Organisasi|00||0|0
2026|01|445371|015|08|WA|4718|BMB|26|06|2|001|100| A|TANPA SUB KOMPONEN|00||0|0
2026|01|445371|015|08|WA|4718|BMB|26|06|2|002|100| A|TANPA SUB KOMPONEN|00||0|0
2026|01|445371|015|08|WA|4719|EBA|26|06|2|004|100| A|Survey Kepuasan Pengguna Layanan|00||0|0
2026|01|445371|015|08|WA|4719|EBA|26|06|2|994|001| A|TANPA SUB KOMPONEN|00||0|0
2026|01|445371|015|08|WA|4719|EBC|26|06|2|001|100|XC|Penyelenggaraan Capacity Building|00||0|0
2026|01|451531|015|08|CD|6212|BMB|02|51|2|001|100| A|Profiling UMKM|00||0|0
2026|01|451531|015|08|CD|6212|FAC|02|51|2|001|100| A|TANPA SUB KOMPONEN|00||0|0
2026|01|451531|015|08|CD|6212|FAC|02|51|2|001|100| B|FGD dan Bimtek Transfer Keuangan Daerah|00||0|0
2026|01|451531|015|08|CD|6212|FAH|02|51|2|001|100| A|TANPA SUB KOMPONEN|00||0|0
2026|01|451531|015|08|CD|6212|FAL|02|51|2|004|100| A|Konsultasi|00||0|0
2026|01|451531|015|08|CD|6212|FAL|02|51|2|004|100| B|Sosialisasi dan Bimbingan Teknis|00||0|0
2026|01|451531|015|08|CD|6212|FAL|02|51|2|004|100| D|Pembinaan Pemda, TKD dan Penandatanganan BAR|00||0|0
2026|01|451531|015|08|CD|6213|FAC|02|51|2|001|100| A|Pembinaan Jabatan Fungsional Perbendaharaan|00||0|0
2026|01|451531|015|08|CD|6213|FAE|02|51|2|009|100| A|Monev Penyaluran Pembiayaan Ultra Mikro|00||0|0
2026|01|451531|015|08|CD|6213|FAL|02|51|2|003|100| A|Monev Pelaksanaan Anggaran|00||0|0
2026|01|451531|015|08|CD|6214|FAL|02|51|2|002|100| A|Pelaksanaan PencairanPenarikanPengesahan Dana|00||0|0
2026|01|451531|015|08|CD|6214|FAL|02|51|2|002|100| B|PenerbitanPersetujuanRekonsiliasi RekeningSKPPKonfirmasi Penerimaan Negara dll|00||0|0
2026|01|451531|015|08|CD|6215|FAH|02|51|2|003|100| A|Penyusunan Laporan Keuangan Tingkat Kuasa BUN di Daerah|00||0|0
2026|01|451531|015|08|CD|6215|FAH|02|51|2|003|100| B|Koordinasi UAKBUND KPPN di Kanwil|00||0|0
2026|01|451531|015|08|WA|4715|EBA|02|51|2|001|100| A|TANPA SUB KOMPONEN|00||0|0
2026|01|451531|015|08|WA|4715|EBA|02|51|2|001|100| B|KOORDINASI PENYUSUNAN ATK PU|00||0|0
2026|01|451531|015|08|WA|4715|EBA|02|51|2|002|100| A|TANPA SUB KOMPONEN|00||0|0
2026|01|451531|015|08|WA|4715|EBA|02|51|2|994|002| A|Keperluan Seharihari Perkantoran|00||0|0
2026|01|451531|015|08|WA|4715|EBA|02|51|2|994|002| B|Langganan Daya dan Jasa|00||0|0
2026|01|451531|015|08|WA|4715|EBA|02|51|2|994|002| C|Pelaksanaan Operasional Kantor|00||0|0
2026|01|451531|015|08|WA|4715|EBA|02|51|2|994|002| D|Pemeliharaan Peralatan dan Mesin|00||0|0
2026|01|451531|015|08|WA|4715|EBA|02|51|2|994|002| G|Pemeliharaan Gedung dan Bangunan|00||0|0
2026|01|451531|015|08|WA|4715|EBA|02|51|2|994|002|HA|Dukungan Tusi - Konsultasi Pencairan Dana|00||0|0
2026|01|451531|015|08|WA|4715|EBA|02|51|2|994|002|HB|Dukungan Tusi - Riviu Belanja Pemerintah|00||0|0
2026|01|451531|015|08|WA|4715|EBA|02|51|2|994|002|HH|Dukungan Pelaksanaan Tusi Prioritas Direktif Presiden|00||0|0
2026|01|451531|015|08|WA|4715|EBA|02|51|2|994|002|TJ|Jasa PemeliharaanAnnual Technical Support (ATS)|00||0|0
2026|01|451531|015|08|WA|4715|EBB|02|51|2|002|100| A|TANPA SUB KOMPONEN|00||0|0
2026|01|451531|015|08|WA|4715|EBD|02|51|2|Z36|100| B|Pelaksanaan Manajemen Kinerja, Resiko dan Kepatuhan Internal|00||0|0
2026|01|451531|015|08|WA|4718|BMB|02|51|2|001|100| A|TANPA SUB KOMPONEN|00||0|0
2026|01|451531|015|08|WA|4718|BMB|02|51|2|002|100| A|TANPA SUB KOMPONEN|00||0|0
2026|01|451531|015|08|WA|4719|EBA|02|51|2|004|100| A|Survey Kepuasan Pengguna Layanan|00||0|0
2026|01|451531|015|08|WA|4719|EBA|02|51|2|994|001| A|TANPA SUB KOMPONEN|00||0|0
2026|01|451531|015|08|WA|4719|EBC|02|51|2|001|100|XC|Penyelenggaraan Capacity Building|00||0|0
2026|01|340249|015|08|CD|6212|BMB|34|02|2|001|100| B|Pemberdayaan UMKM  SosialisasiBimtekAsistensi dan BazarPojokRumah UMKM|00||0|0
2026|01|340249|015|08|CD|6212|BMB|34|02|2|001|100| C|Monitoring dan Evaluasi|00||0|0
2026|01|340249|015|08|CD|6212|BMB|34|02|2|001|100| D|Komunikasi Publik  BazarPojokRumah UMKM|00||0|0
2026|01|340249|015|08|CD|6212|FAC|34|02|2|002|100| A|Pembinaan Satker BLU|00||0|0
2026|01|340249|015|08|CD|6212|FAH|34|02|2|002|100| A|Forum Koordinasi dan Rekonsiliasi Data dengan Bank Indonesia|00||0|0
2026|01|340249|015|08|CD|6212|FAH|34|02|2|002|100| B|Pembinaan SAP pada Pemerintah Daerah|00||0|0
2026|01|340249|015|08|CD|6212|FAH|34|02|2|002|100| C|SosialisasiBimtekWorkshopFGD dengan Pemda|00||0|0
2026|01|340249|015|08|CD|6212|FAH|34|02|2|003|100| A|Pendampingan Penyusunan dan Penyelesaian Permasalahan Laporan Keuangan UAPPAW dan BLU|00||0|0
2026|01|340249|015|08|CD|6212|FAH|34|02|2|003|100| B|Sosialisasi dan Bimbingan Teknis UAPPAW|00||0|0
2026|01|340249|015|08|CD|6212|FAL|34|02|2|001|100| A|Sosialisasi PeraturanKebijakan Pelaksanaan Anggaran|00||0|0
2026|01|340249|015|08|CD|6212|FAL|34|02|2|001|100| B|Pengkoordinasian Kerjasama Ekonomi dan Keuangan Daerah|00||0|0
2026|01|340249|015|08|CD|6212|FAL|34|02|2|001|100| C|Pembinaan dan Bimtek Pengelolaan Keuangan Daerah|00||0|0
2026|01|340249|015|08|CD|6212|FAL|34|02|2|001|100| D|Penyerahan DIPA|00||0|0
2026|01|340249|015|08|CD|6213|ABA|34|02|2|001|100| A|Penyusunan Analisis Potensi Pembiayaan dan Pelaksanaan MoU DJPb dan PT SMI di Daerah|00||0|0
2026|01|340249|015|08|CD|6213|FAE|34|02|2|008|100| A|Koordinasi Pelaksanaan Tugas RCE  ALCo|00||0|0
2026|01|340249|015|08|CD|6213|FAE|34|02|2|009|100| B|Monitoring dan  Evaluasi KURPenerusan Pinjaman|00||0|0
2026|01|340249|015|08|CD|6213|FAE|34|02|2|009|100| E|Stakeholders Day|00||0|0
2026|01|340249|015|08|CD|6213|FAL|34|02|2|003|100| A|Pelaksanaan Spending Review|00||0|0
2026|01|340249|015|08|CD|6213|FAL|34|02|2|003|100| C|Review Pelaksanaan Anggaran|00||0|0
2026|01|340249|015|08|CD|6213|FAL|34|02|2|003|100| D|Monitoring dan Evaluasi Pelaksanaan Anggaran|00||0|0
2026|01|340249|015|08|CD|6213|FAL|34|02|2|003|100| E|Pengumpulan InformasiPenajaman Data Fiskal RegionalPenyusunan KFR|00||0|0
2026|01|340249|015|08|CD|6213|FAL|34|02|2|003|100| F|Publikasi Kajian Fiskal Regional (Full Cost)|00||0|0
2026|01|340249|015|08|CD|6213|FAL|34|02|2|003|100| G|Pengumpulan Konfirmasi Informasi Pengelolaan Keuangan Daerah dan Penyusunan Profil Keuangan Daerah|00||0|0
2026|01|340249|015|08|CD|6213|FAL|34|02|2|003|100| H|Monitoring atas Dana Transfer dan Dana Desa|00||0|0
2026|01|340249|015|08|CD|6215|FAH|34|02|2|001|100| A|Koordinasi Laporan Keuangan Pemerintah Daerah danatau BLUD|00||0|0
2026|01|340249|015|08|CD|6215|FAH|34|02|2|001|100| B|Penyusunan Laporan Statistik Keuangan Pemerintah Tingkat Wilayah|00||0|0
2026|01|340249|015|08|CD|6215|FAH|34|02|2|003|100| A|Pembinaan UAKBUN D (KPPN)|00||0|0
2026|01|340249|015|08|CD|6215|FAH|34|02|2|003|100| B|Koordinasi UAKBUND (KPPN) (Cross Program)|00||0|0
2026|01|340249|015|08|CD|6216|FAE|34|02|2|002|100| A|Pelaksanaan Survei Bahan Sumbangan Standar Biaya Masukan|00||0|0
2026|01|340249|015|08|WA|4715|EBA|34|02|2|001|100| A|TANPA SUB KOMPONEN|00||0|0
2026|01|340249|015|08|WA|4715|EBA|34|02|2|001|100| B|Koordinasi Penyusunan ATK PU|00||0|0
2026|01|340249|015|08|WA|4715|EBA|34|02|2|002|100| A|TANPA SUB KOMPONEN|00||0|0
2026|01|340249|015|08|WA|4715|EBA|34|02|2|994|002| A|Keperluan Seharihari Perkantoran|00||0|0
2026|01|340249|015|08|WA|4715|EBA|34|02|2|994|002| B|Langganan Daya dan Jasa|00||0|0
2026|01|340249|015|08|WA|4715|EBA|34|02|2|994|002| C|Pelaksanaan Operasional Kantor|00||0|0
2026|01|340249|015|08|WA|4715|EBA|34|02|2|994|002| D|Pemeliharaan Peralatan dan Mesin|00||0|0
2026|01|340249|015|08|WA|4715|EBA|34|02|2|994|002|HB|Dukungan Tusi - Reviu Belanja Pemerintah|00||0|0
2026|01|340249|015|08|WA|4715|EBA|34|02|2|994|002|HC|Dukungan Tusi -  Goverrment Finance Statistics|00||0|0
2026|01|340249|015|08|WA|4715|EBA|34|02|2|994|002|HD|Dukungan Tusi - Rekomendasi Pengelolaan Organisasi|00||0|0
2026|01|340249|015|08|WA|4715|EBA|34|02|2|994|002|HH|Dukungan Pelaksanaan Tusi Prioritas Direktif Presiden|00||0|0
2026|01|340249|015|08|WA|4715|EBA|34|02|2|994|002|TJ|Jasa Pemeliharaan Annual Technical Support (ATS)|00||0|0
2026|01|340249|015|08|WA|4715|EBD|34|02|2|Z26|100| A|Rakor Penyusunan Laporan Keuangan Tingkat UAPPAW|00||0|0
2026|01|340249|015|08|WA|4715|EBD|34|02|2|Z36|100| A|TANPA SUB KOMPONEN|00||0|0
2026|01|340249|015|08|WA|4718|BMB|34|02|2|001|100| A|TANPA SUB KOMPONEN|00||0|0
2026|01|340249|015|08|WA|4718|BMB|34|02|2|002|100| A|TANPA SUB KOMPONEN|00||0|0
2026|01|340249|015|08|WA|4719|EBA|34|02|2|003|100| B|Koordinasi Inovasi layanan|00||0|0
2026|01|340249|015|08|WA|4719|EBA|34|02|2|994|001| A|TANPA SUB KOMPONEN|00||0|0
2026|01|340249|015|08|WA|4719|EBC|34|02|2|001|100|XC|Penyelenggaraan Capacity Building|00||0|0
2026|01|340249|015|08|WA|4722|EBD|34|02|2|001|100| A|Pelaksanaan Manajemen Resiko dan Kepatuhan Internal|00||0|0
2026|01|325237|015|08|CD|6212|BMB|32|52|2|001|100| B|Pemberdayaan UMKM  SosialisasiBimtekAsistensi dan BazarPojokRumah UMKM|00||0|0
2026|01|325237|015|08|CD|6212|BMB|32|52|2|001|100| D|Komunikasi Publik  BazarPojokRumah UMKM|00||0|0
2026|01|325237|015|08|CD|6212|FAH|32|52|2|002|100| A|Forum Koordinasi dan Rekonsiliasi Data dengan Bank Indonesia|00||0|0
2026|01|325237|015|08|CD|6212|FAH|32|52|2|002|100| C|SosialisasiBimtekWorkshopFGD dengan Pemda|00||0|0
2026|01|325237|015|08|CD|6212|FAH|32|52|2|003|100| A|Pendampingan Penyusunan dan Penyelesaian Permasalahan Laporan Keuangan UAPPAW dan BLU|00||0|0
2026|01|325237|015|08|CD|6212|FAH|32|52|2|003|100| B|Sosialisasi dan Bimbingan Teknis UAPPAW|00||0|0
2026|01|325237|015|08|CD|6212|FAL|32|52|2|001|100| B|Pengkoordinasian Kerjasama Ekonomi dan Keuangan Daerah|00||0|0
2026|01|325237|015|08|CD|6212|FAL|32|52|2|001|100| C|Pembinaan dan Bimtek Pengelolaan Keuangan Daerah|00||0|0
2026|01|325237|015|08|CD|6212|FAL|32|52|2|001|100| D|Penyerahan DIPA|00||0|0
2026|01|325237|015|08|CD|6213|FAE|32|52|2|008|100| A|Koordinasi Pelaksanaan Tugas RCE  ALCo|00||0|0
2026|01|325237|015|08|CD|6213|FAE|32|52|2|009|100| B|Monitoring dan  Evaluasi KURPenerusan Pinjaman|00||0|0
2026|01|325237|015|08|CD|6213|FAL|32|52|2|003|100| A|Pelaksanaan Spending Review|00||0|0
2026|01|325237|015|08|CD|6213|FAL|32|52|2|003|100| C|Review Pelaksanaan Anggaran|00||0|0
2026|01|325237|015|08|CD|6213|FAL|32|52|2|003|100| E|Pengumpulan InformasiPenajaman Data Fiskal RegionalPenyusunan KFR|00||0|0
2026|01|325237|015|08|CD|6213|FAL|32|52|2|003|100| F|Publikasi Kajian Fiskal Regional (Full Cost)|00||0|0
2026|01|325237|015|08|CD|6213|FAL|32|52|2|003|100| G|Pengumpulan Konfirmasi Informasi Pengelolaan Keuangan Daerah dan Penyusunan Profil Keuangan Daerah|00||0|0
2026|01|325237|015|08|CD|6215|FAH|32|52|2|001|100| B|Penyusunan Laporan Statistik Keuangan Pemerintah Tingkat Wilayah|00||0|0
2026|01|325237|015|08|CD|6215|FAH|32|52|2|003|100| A|Pembinaan UAKBUN D (KPPN)|00||0|0
2026|01|325237|015|08|CD|6215|FAH|32|52|2|003|100| B|Koordinasi UAKBUND (KPPN) (Cross Program)|00||0|0
2026|01|325237|015|08|WA|4715|EBA|32|52|2|001|100| A|TANPA SUB KOMPONEN|00||0|0
2026|01|325237|015|08|WA|4715|EBA|32|52|2|001|100| B|Koordinasi Penyusunan ATK PU|00||0|0
2026|01|325237|015|08|WA|4715|EBA|32|52|2|002|100| A|TANPA SUB KOMPONEN|00||0|0
2026|01|325237|015|08|WA|4715|EBA|32|52|2|994|002| A|Keperluan Seharihari Perkantoran|00||0|0
2026|01|325237|015|08|WA|4715|EBA|32|52|2|994|002| B|Langganan Daya dan Jasa|00||0|0
2026|01|325237|015|08|WA|4715|EBA|32|52|2|994|002| C|Pelaksanaan Operasional Kantor|00||0|0
2026|01|325237|015|08|WA|4715|EBA|32|52|2|994|002| D|Pemeliharaan Peralatan dan Mesin|00||0|0
2026|01|325237|015|08|WA|4715|EBA|32|52|2|994|002| G|Pemeliharaan Gedung dan Bangunan|00||0|0
2026|01|325237|015|08|WA|4715|EBA|32|52|2|994|002|HB|Dukungan Tusi - Reviu Belanja Pemerintah|00||0|0
2026|01|325237|015|08|WA|4715|EBA|32|52|2|994|002|HC|Dukungan Tusi - Government Financial Statistic (GFS)|00||0|0
2026|01|325237|015|08|WA|4715|EBA|32|52|2|994|002|HD|Dukungan Tusi - Rekomendasi Pengelolaan Organisasi|00||0|0
2026|01|325237|015|08|WA|4715|EBA|32|52|2|994|002|HH|Dukungan Pelaksaan Tusi Prioritas Direktif Presiden|00||0|0
2026|01|325237|015|08|WA|4715|EBA|32|52|2|994|002|TJ|Jasa PemeliharaanAnnual Technical Support (ATS)|00||0|0
2026|01|325237|015|08|WA|4715|EBB|32|52|2|002|100| A|TANPA SUB KOMPONEN|00||0|0
2026|01|325237|015|08|WA|4715|EBB|32|52|2|004|100|RB|Renovasi Rumah Dinas|00||0|0
2026|01|325237|015|08|WA|4715|EBD|32|52|2|Z26|100| A|Rakor Penyusunan Laporan Keuangan Tingkat UAPPAW (Full Cost)|00||0|0
2026|01|325237|015|08|WA|4715|EBD|32|52|2|Z36|100| A|TANPA SUB KOMPONEN|00||0|0
2026|01|325237|015|08|WA|4718|BMB|32|52|2|001|100| A|TANPA SUB KOMPONEN|00||0|0
2026|01|325237|015|08|WA|4718|BMB|32|52|2|002|100| A|TANPA SUB KOMPONEN|00||0|0
2026|01|325237|015|08|WA|4719|EBA|32|52|2|003|100| B|Koordinasi Inovasi layanan|00||0|0
2026|01|325237|015|08|WA|4719|EBA|32|52|2|994|001| A|TANPA SUB KOMPONEN|00||0|0
2026|01|325237|015|08|WA|4719|EBC|32|52|2|001|100|XC|Penyelenggaraan Capacity Building|00||0|0
2026|01|325237|015|08|WA|4722|EBD|32|52|2|001|100| A|Pelaksanaan Manajemen Resiko dan Kepatuhan Internal|00||0|0
2026|01|451553|015|08|CD|6212|BMB|05|51|2|001|100| A|Profiling UMKM|00||0|0
2026|01|451553|015|08|CD|6212|FAC|05|51|2|001|100| A|Training Modul Aplikasi SAKTI|00||0|0
2026|01|451553|015|08|CD|6212|FAC|05|51|2|001|100| B|FGD dan Bimtek Transfer Keuangan Daerah|00||0|0
2026|01|451553|015|08|CD|6212|FAH|05|51|2|001|100| A|TANPA SUB KOMPONEN|00||0|0
2026|01|451553|015|08|CD|6212|FAL|05|51|2|004|100| A|Konsultasi|00||0|0
2026|01|451553|015|08|CD|6212|FAL|05|51|2|004|100| B|Sosialisasi dan Bimbingan Teknis|00||0|0
2026|01|451553|015|08|CD|6212|FAL|05|51|2|004|100| D|Pembinaan Pemda, TKD, dan Penandatanganan BAR|00||0|0
2026|01|451553|015|08|CD|6213|FAC|05|51|2|001|100| A|Pembinaan Jabatan Fungsional Perbendaharaan|00||0|0
2026|01|451553|015|08|CD|6213|FAE|05|51|2|009|100| A|Monev Penyaluran Pembiayaan Ultra Mikro|00||0|0
2026|01|451553|015|08|CD|6213|FAL|05|51|2|003|100| A|Monev Pelaksanaan Anggaran|00||0|0
2026|01|451553|015|08|CD|6214|FAL|05|51|2|002|100| A|Pelaksanaan PencairanPenarikanPengesahan Dana|00||0|0
2026|01|451553|015|08|CD|6214|FAL|05|51|2|002|100| B|PenerbitanPersetujuanRekonsiliasi RekeningSKPPKonfirmasi Penerimaan Negara, dll|00||0|0
2026|01|451553|015|08|CD|6215|FAH|05|51|2|003|100| A|Penyusunan Laporan Keuangan Tingkat Kuasa BUN di Daerah|00||0|0
2026|01|451553|015|08|CD|6215|FAH|05|51|2|003|100| B|Koordinasi UAKBUND KPPN di Kanwil|00||0|0
2026|01|451553|015|08|WA|4715|EBA|05|51|2|001|100| A|TANPA SUB KOMPONEN|00||0|0
2026|01|451553|015|08|WA|4715|EBA|05|51|2|002|100| A|TANPA SUB KOMPONEN|00||0|0
2026|01|451553|015|08|WA|4715|EBA|05|51|2|994|002| A|Keperluan Seharihari Perkantoran|00||0|0
2026|01|451553|015|08|WA|4715|EBA|05|51|2|994|002| B|Langganan Daya dan Jasa|00||0|0
2026|01|451553|015|08|WA|4715|EBA|05|51|2|994|002| C|Pelaksanaan Operasional Kantor|00||0|0
2026|01|451553|015|08|WA|4715|EBA|05|51|2|994|002| D|Pemeliharaan Peralatan dan Mesin|00||0|0
2026|01|451553|015|08|WA|4715|EBA|05|51|2|994|002|HA|Dukungan Tusi - Konsultasi Pencairan Dana|00||0|0
2026|01|451553|015|08|WA|4715|EBA|05|51|2|994|002|HB|Dukungan Tusi - Reviu Belanja Pemerintah|00||0|0
2026|01|451553|015|08|WA|4715|EBA|05|51|2|994|002|HH|Dukungan Pelaksanaan Tusi Prioritas Direktif Presiden|00||0|0
2026|01|451553|015|08|WA|4715|EBA|05|51|2|994|002|TJ|Jasa Pemeliharaan Annual Technical Support (ATS)|00||0|0
2026|01|451553|015|08|WA|4715|EBD|05|51|2|Z36|100| B|Pelaksanaan Manajemen Kinerja, Resiko dan Kepatuhan Internal|00||0|0
2026|01|451553|015|08|WA|4718|BMB|05|51|2|002|100| A|TANPA SUB KOMPONEN|00||0|0
2026|01|451553|015|08|WA|4718|BMB|05|51|2|001|100| A|TANPA SUB KOMPONEN|00||0|0
2026|01|451553|015|08|WA|4719|EBA|05|51|2|004|100| A|Survey Kepuasan Pengguna Layanan|00||0|0
2026|01|451553|015|08|WA|4719|EBA|05|51|2|994|001| A|TANPA SUB KOMPONEN|00||0|0
2026|01|451553|015|08|WA|4719|EBC|05|51|2|001|100| A|Peningkatan Kapasitas SDM|00||0|0
2026|01|451562|015|08|CD|6212|BMB|07|51|2|001|100| A|Profiling UMKM|00||0|0
2026|01|451562|015|08|CD|6212|FAC|07|51|2|001|100| A|Training Modul Aplikasi SAKTI|00||0|0
2026|01|451562|015|08|CD|6212|FAC|07|51|2|001|100| B|FGD dan Bimtek Transfer Keuangan Daerah|00||0|0
2026|01|451562|015|08|CD|6212|FAH|07|51|2|001|100| A|TANPA SUB KOMPONEN|00||0|0
2026|01|451562|015|08|CD|6212|FAL|07|51|2|004|100| A|Konsultasi|00||0|0
2026|01|451562|015|08|CD|6212|FAL|07|51|2|004|100| B|Sosialisasi dan Bimbingan Teknis|00||0|0
2026|01|451562|015|08|CD|6212|FAL|07|51|2|004|100| C|Pembinaan Pemda, TKD, dan Penandatanganan BA Rekonsiliasi Pajak|00||0|0
2026|01|451562|015|08|CD|6213|FAC|07|51|2|001|100| A|Pembinaan Jabatan Fungsional Perbendaharaan|00||0|0
2026|01|451562|015|08|CD|6213|FAE|07|51|2|009|100| A|Monev Penyaluran Pembiayaan Ultra Mikro|00||0|0
2026|01|451562|015|08|CD|6213|FAL|07|51|2|003|100| A|Monev Pelaksanaan Anggaran|00||0|0
2026|01|451562|015|08|CD|6214|FAL|07|51|2|002|100| A|Pelaksanaan PencairanPenarikanPengesahan Dana|00||0|0
2026|01|451562|015|08|CD|6214|FAL|07|51|2|002|100| B|PenerbitanPersetujuanRekonsiliasi RekeningSKPPKonfirmasi Penerimaan Negara, dll|00||0|0
2026|01|451562|015|08|CD|6215|FAH|07|51|2|003|100| A|Penyusunan Laporan Keuangan Tingkat Kuasa BUN di Daerah|00||0|0
2026|01|451562|015|08|CD|6215|FAH|07|51|2|003|100| B|Koordinasi UAKBUND KPPN di Kanwil (Cross Program)|00||0|0
2026|01|451562|015|08|WA|4715|EBA|07|51|2|001|100| A|TANPA SUB KOMPONEN|00||0|0
2026|01|451562|015|08|WA|4715|EBA|07|51|2|001|100| B|Koordinasi Penyusunan ATK PU|00||0|0
2026|01|451562|015|08|WA|4715|EBA|07|51|2|002|100| A|TANPA SUB KOMPONEN|00||0|0
2026|01|451562|015|08|WA|4715|EBA|07|51|2|994|002| A|Keperluan Seharihari Perkantoran|00||0|0
2026|01|451562|015|08|WA|4715|EBA|07|51|2|994|002| B|Langganan Daya dan Jasa|00||0|0
2026|01|451562|015|08|WA|4715|EBA|07|51|2|994|002| C|Pelaksanaan Operasional Kantor|00||0|0
2026|01|451562|015|08|WA|4715|EBA|07|51|2|994|002| D|Pemeliharaan Peralatan dan Mesin|00||0|0
2026|01|451562|015|08|WA|4715|EBA|07|51|2|994|002|HA|Dukungan Tusi - Konsultasi Pencairan Dana|00||0|0
2026|01|451562|015|08|WA|4715|EBA|07|51|2|994|002|HB|Dukungan Tusi - Reviu Belanja Pemerintah|00||0|0
2026|01|451562|015|08|WA|4715|EBA|07|51|2|994|002|HH|Dukungan Pelaksaan Tusi Prioritas Direktif Presiden |00||0|0
2026|01|451562|015|08|WA|4715|EBA|07|51|2|994|002|TJ|Jasa PemeliharaanAnnual Technical Support (ATS)|00||0|0
2026|01|451562|015|08|WA|4715|EBD|07|51|2|Z36|100| B|Pelaksanaan Manajemen Kinerja, Resiko dan Kepatuhan Internal|00||0|0
2026|01|451562|015|08|WA|4718|BMB|07|51|2|001|100| A|TANPA SUB KOMPONEN|00||0|0
2026|01|451562|015|08|WA|4718|BMB|07|51|2|002|100| A|TANPA SUB KOMPONEN|00||0|0
2026|01|451562|015|08|WA|4719|EBA|07|51|2|004|100| A|Survey Kepuasan Pengguna Layanan|00||0|0
2026|01|451562|015|08|WA|4719|EBA|07|51|2|994|001| A|TANPA SUB KOMPONEN|00||0|0
2026|01|451562|015|08|WA|4719|EBC|07|51|2|001|100|XC|Penyelenggaraan Capacity Building|00||0|0
2026|01|451578|015|08|CD|6212|BMB|19|51|2|001|100| A|TANPA SUB KOMPONEN|00||0|0
2026|01|451578|015|08|CD|6212|FAC|19|51|2|001|100| A|Training Modul Aplikasi SAKTI|00||0|0
2026|01|451578|015|08|CD|6212|FAC|19|51|2|001|100| B|FGD dan Bimtek Transfer Keuangan Daerah|00||0|0
2026|01|451578|015|08|CD|6212|FAH|19|51|2|001|100| A|TANPA SUB KOMPONEN|00||0|0
2026|01|451578|015|08|CD|6212|FAL|19|51|2|004|100| A|Konsultasi|00||0|0
2026|01|451578|015|08|CD|6212|FAL|19|51|2|004|100| B|Sosialisasi dan Bimbingan Teknis|00||0|0
2026|01|451578|015|08|CD|6212|FAL|19|51|2|004|100| D|Pembinaan Pemda, TKD, dan Penandatanganan BAR|00||0|0
2026|01|451578|015|08|CD|6213|FAC|19|51|2|001|100| A|Pembinaan Jabatan Fungsional Perbendaharaan|00||0|0
2026|01|451578|015|08|CD|6213|FAE|19|51|2|009|100| A|Monev Penyaluran Pembiayaan Ultra Mikro|00||0|0
2026|01|451578|015|08|CD|6213|FAL|19|51|2|003|100| A|Monev Pelaksanaan Anggaran|00||0|0
2026|01|451578|015|08|CD|6214|FAL|19|51|2|002|100| A|Pelaksanaan PencairanPenarikanPengesahan Dana|00||0|0
2026|01|451578|015|08|CD|6214|FAL|19|51|2|002|100| B|PenerbitanPersetujuanRekonsiliasi RekeningSKPPKonfirmasi Penerimaan Negara, dll|00||0|0
2026|01|451578|015|08|CD|6215|FAH|19|51|2|003|100| A|Penyusunan Laporan Keuangan Tingkat Kuasa BUN di Daerah|00||0|0
2026|01|451578|015|08|CD|6215|FAH|19|51|2|003|100| B|Koordinasi UAKBUND KPPN di Kanwil (Cross Program)|00||0|0
2026|01|451578|015|08|WA|4715|EBA|19|51|2|001|100| A|TANPA SUB KOMPONEN|00||0|0
2026|01|451578|015|08|WA|4715|EBA|19|51|2|001|100| B|Koordinasi Penyusunan ATK PU|00||0|0
2026|01|451578|015|08|WA|4715|EBA|19|51|2|002|100| A|TANPA SUB KOMPONEN|00||0|0
2026|01|451578|015|08|WA|4715|EBA|19|51|2|994|002| A|Keperluan Seharihari Perkantoran|00||0|0
2026|01|451578|015|08|WA|4715|EBA|19|51|2|994|002| B|Langganan Daya dan Jasa|00||0|0
2026|01|451578|015|08|WA|4715|EBA|19|51|2|994|002| C|Pelaksanaan Operasional Kantor|00||0|0
2026|01|451578|015|08|WA|4715|EBA|19|51|2|994|002| D|Pemeliharaan Peralatan dan Mesin|00||0|0
2026|01|451578|015|08|WA|4715|EBA|19|51|2|994|002|HA|Dukungan Tusi - Konsultasi Pencairan Dana|00||0|0
2026|01|451578|015|08|WA|4715|EBA|19|51|2|994|002|HB|Dukungan Tusi - Reviu Belanja Pemerintah|00||0|0
2026|01|451578|015|08|WA|4715|EBA|19|51|2|994|002|HH|Dukungan Pelaksaan Tusi Prioritas Direktif Presiden|00||0|0
2026|01|451578|015|08|WA|4715|EBA|19|51|2|994|002|TJ|Jasa PemeliharaanAnnual Technical Support (ATS)|00||0|0
2026|01|451578|015|08|WA|4715|EBD|19|51|2|Z36|100| B|TANPA SUB KOMPONEN|00||0|0
2026|01|451578|015|08|WA|4718|BMB|19|51|2|002|100| A|TANPA SUB KOMPONEN|00||0|0
2026|01|451578|015|08|WA|4718|BMB|19|51|2|001|100| A|TANPA SUB KOMPONEN|00||0|0
2026|01|451578|015|08|WA|4719|EBA|19|51|2|994|001| A|TANPA SUB KOMPONEN|00||0|0
2026|01|451578|015|08|WA|4719|EBA|19|51|2|004|100| A|Survey Kepuasan Pengguna Layanan|00||0|0
2026|01|451578|015|08|WA|4719|EBC|19|51|2|001|100|XC|Penyelenggaraan Capacity Building|00||0|0
2026|01|452878|015|08|CD|6212|BMB|28|03|2|001|100| A|Profiling UMKM|00||0|0
2026|01|452878|015|08|CD|6212|FAC|28|03|2|001|100| A|Training Modul Aplikasi SAKTI|00||0|0
2026|01|452878|015|08|CD|6212|FAC|28|03|2|001|100| B|FGD dan Bimtek Transfer Keuangan Daerah|00||0|0
2026|01|452878|015|08|CD|6212|FAH|28|03|2|001|100| A|TANPA SUB KOMPONEN|00||0|0
2026|01|452878|015|08|CD|6212|FAL|28|03|2|004|100| A|Konsultasi|00||0|0
2026|01|452878|015|08|CD|6212|FAL|28|03|2|004|100| B|Sosialisasi dan Bimbingan Teknis|00||0|0
2026|01|452878|015|08|CD|6212|FAL|28|03|2|004|100| D|Pembinaan Pemda, TKD, dan Penandatanganan BAR|00||0|0
2026|01|452878|015|08|CD|6213|FAC|28|03|2|001|100| A|Pembinaan Jabatan Fungsional Perbendaharaan|00||0|0
2026|01|452878|015|08|CD|6213|FAL|28|03|2|003|100| A|MONEV PELAKSANAAN ANGGARAN|00||0|0
2026|01|452878|015|08|CD|6214|FAL|28|03|2|002|100| A|Pelaksanaan PencairanPenarikanPengesahan Dana|00||0|0
2026|01|452878|015|08|CD|6214|FAL|28|03|2|002|100| B|PenerbitanPersetujuanRekonsiliasi RekeningSKPPKonfirmasi Penerimaan Negara, dll|00||0|0
2026|01|452878|015|08|CD|6215|FAH|28|03|2|003|100| A|Penyusunan Laporan Keuangan Tingkat Kuasa BUN di Daerah|00||0|0
2026|01|452878|015|08|WA|4715|EBA|28|03|2|001|100| A|TANPA SUB KOMPONEN|00||0|0
2026|01|452878|015|08|WA|4715|EBA|28|03|2|002|100| A|TANPA SUB KOMPONEN|00||0|0
2026|01|452878|015|08|WA|4715|EBA|28|03|2|002|100| B|TANPA SUB KOMPONEN|00||0|0
2026|01|452878|015|08|WA|4715|EBA|28|03|2|994|002| A|Keperluan Seharihari Perkantoran|00||0|0
2026|01|452878|015|08|WA|4715|EBA|28|03|2|994|002| B|Langganan Daya dan Jasa|00||0|0
2026|01|452878|015|08|WA|4715|EBA|28|03|2|994|002| C|Pelaksanaan Operasional Kantor|00||0|0
2026|01|452878|015|08|WA|4715|EBA|28|03|2|994|002| D|Pemeliharaan Peralatan dan Mesin|00||0|0
2026|01|452878|015|08|WA|4715|EBA|28|03|2|994|002| G|Pemeliharaan Gedung dan Bangunan|00||0|0
2026|01|452878|015|08|WA|4715|EBA|28|03|2|994|002|HA|Dukungan Tusi - Konsultasi Pencairan Dana|00||0|0
2026|01|452878|015|08|WA|4715|EBA|28|03|2|994|002|HB|Dukungan Tusi - Reviu Belanja Pemerintah|00||0|0
2026|01|452878|015|08|WA|4715|EBA|28|03|2|994|002|HH|Dukungan Pelaksanaan Tusi Prioritas Direktif Presiden|00||0|0
2026|01|452878|015|08|WA|4715|EBA|28|03|2|994|002|TJ|Jasa PemeliharaanAnnual Technical Support (ATS)|00||0|0
2026|01|452878|015|08|WA|4715|EBD|28|03|2|Z36|100| B|Pelaksanaan Manajemen Kinerja, Resiko dan Kepatuhan Internal|00||0|0
2026|01|452878|015|08|WA|4718|BMB|28|03|2|002|100| A|TANPA SUB KOMPONEN|00||0|0
2026|01|452878|015|08|WA|4718|BMB|28|03|2|001|100| A|TANPA SUB KOMPONEN|00||0|0
2026|01|452878|015|08|WA|4719|EBA|28|03|2|994|001| A|TANPA SUB KOMPONEN|00||0|0
2026|01|452878|015|08|WA|4719|EBA|28|03|2|004|100| A|Survey Kepuasan Pengguna Layanan|00||0|0
2026|01|452878|015|08|WA|4719|EBC|28|03|2|001|100|XC|Penyelenggaraan Capacity Building|00||0|0
2026|01|451604|015|08|CD|6213|FAE|34|02|2|009|100| A|Monev Penyaluran Pembiayaan Ultra Mikro|00||0|0
2026|01|451604|015|08|CD|6213|FAL|34|02|2|003|100| A|Monev Pelaksanaan Anggaran|00||0|0
2026|01|451604|015|08|CD|6214|FAL|34|02|2|002|100| A|Pelaksanaan PencairanPenarikanPengesahan Dana|00||0|0
2026|01|451604|015|08|CD|6214|FAL|34|02|2|002|100| B|PenerbitanPersetujuanRekonsiliasi RekeningSKPPKonfirmasi Penerimaan Negara, dll|00||0|0
2026|01|451604|015|08|CD|6215|FAH|34|02|2|003|100| A|Penyusunan Laporan Keuangan Tingkat Kuasa BUN di Daerah|00||0|0
2026|01|451604|015|08|WA|4715|EBA|34|02|2|001|100| A|TANPA SUB KOMPONEN|00||0|0
2026|01|451604|015|08|WA|4715|EBA|34|02|2|002|100| A|TANPA SUB KOMPONEN|00||0|0
2026|01|451604|015|08|WA|4715|EBA|34|02|2|994|002| A|Keperluan Seharihari Perkantoran|00||0|0
2026|01|451604|015|08|WA|4715|EBA|34|02|2|994|002| B|Langganan Daya dan Jasa|00||0|0
2026|01|451604|015|08|WA|4715|EBA|34|02|2|994|002| C|Pelaksanaan Operasional Kantor|00||0|0
2026|01|451604|015|08|WA|4715|EBA|34|02|2|994|002| D|Pemeliharaan Peralatan dan Mesin|00||0|0
2026|01|451604|015|08|WA|4715|EBA|34|02|2|994|002|HA|Dukungan Tusi - Konsultasi Pencairan Dana|00||0|0
2026|01|451604|015|08|WA|4715|EBA|34|02|2|994|002|HB|Dukungan Tusi - Reviu Belanja Pemerintah|00||0|0
2026|01|451604|015|08|WA|4715|EBA|34|02|2|994|002|HH|Dukungan Pelaksanaan Tusi Prioritas Direktif Presiden|00||0|0
2026|01|451604|015|08|WA|4715|EBA|34|02|2|994|002|TJ|Jasa Pemeliharaan Annual Technical Support (ATS)|00||0|0
2026|01|451604|015|08|WA|4715|EBD|34|02|2|Z36|100| B|Pelaksanaan Manajemen Kinerja, Resiko dan Kepatuhan Internal|00||0|0
2026|01|451604|015|08|WA|4718|BMB|34|02|2|001|100| A|TANPA SUB KOMPONEN|00||0|0
2026|01|451604|015|08|WA|4718|BMB|34|02|2|002|100| A|TANPA SUB KOMPONEN|00||0|0
2026|01|451604|015|08|WA|4719|EBA|34|02|2|004|100| A|Survey Kepuasan Pengguna Layanan|00||0|0
2026|01|451604|015|08|WA|4719|EBA|34|02|2|994|001| A|TANPA SUB KOMPONEN|00||0|0
2026|01|451604|015|08|WA|4719|EBC|34|02|2|001|100|XC|Penyelenggaraan Capacity Building|00||0|0
2026|01|451604|015|08|CD|6212|FAC|34|02|2|001|100| A|Training Modul Aplikasi SAKTI|00||0|0
2026|01|451604|015|08|CD|6212|FAC|34|02|2|001|100| B|FGD dan Bimtek Transfer Keuangan Daerah|00||0|0
2026|01|451604|015|08|CD|6212|FAH|34|02|2|001|100| A|TANPA SUB KOMPONEN|00||0|0
2026|01|451604|015|08|CD|6212|FAL|34|02|2|004|100| A|Konsultasi|00||0|0
2026|01|451604|015|08|CD|6212|FAL|34|02|2|004|100| B|Sosialisasi dan Bimbingan Teknis|00||0|0
2026|01|451604|015|08|CD|6212|FAL|34|02|2|004|100| D|Pembinaan Pemda, TKD, dan Penandatanganan BAR|00||0|0
2026|01|451604|015|08|CD|6213|FAC|34|02|2|001|100| A|Pembinaan Jabatan Fungsional Perbendaharaan|00||0|0
2026|01|497593|015|08|CD|6212|BMB|19|10|2|001|100| A|Profilking UMKM|00||0|0
2026|01|497593|015|08|CD|6212|FAC|19|10|2|001|100| A|Training Modul Aplikasi SAKTI|00||0|0
2026|01|497593|015|08|CD|6212|FAC|19|10|2|001|100| B|FGD dan Bimtek Transfer Keuangan Daerah|00||0|0
2026|01|497593|015|08|CD|6212|FAH|19|10|2|001|100| A|TANPA SUB KOMPONEN|00||0|0
2026|01|497593|015|08|CD|6212|FAL|19|10|2|004|100| A|Konsultasi|00||0|0
2026|01|497593|015|08|CD|6212|FAL|19|10|2|004|100| B|Sosialisasi dan Bimbingan Teknis|00||0|0
2026|01|497593|015|08|CD|6212|FAL|19|10|2|004|100| D|Pembinaan Pemda, TKD, dan Penandatanganan BA Rekonsiliasi Pajak|00||0|0
2026|01|497593|015|08|CD|6213|FAC|19|10|2|001|100| A|Pembinaan Jabatan Fungsional Perbendaharaan|00||0|0
2026|01|497593|015|08|CD|6213|FAE|19|10|2|009|100| A|Monev Penyaluran Pembiayaan Ultra Mikro|00||0|0
2026|01|497593|015|08|CD|6213|FAL|19|10|2|003|100| A|Monev Pelaksanaan Anggaran|00||0|0
2026|01|497593|015|08|CD|6214|FAL|19|10|2|002|100| A|Pelaksanaan Pencairan/Penarikan/Pengesahan Dana|00||0|0
2026|01|497593|015|08|CD|6214|FAL|19|10|2|002|100| B|Penerbitan/Persetujuan/Rekonsiliasi Rekening/SKPP/Konfirmasi Penerimaan Negara, dll|00||0|0
2026|01|497593|015|08|CD|6215|FAH|19|10|2|003|100| A|Penyusunan Laporan Keuangan Tingkat Kuasa BUN di Daerah|00||0|0
2026|01|497593|015|08|CD|6215|FAH|19|10|2|003|100| B|Koordinasi UAKBUN-D KPPN di Kanwil|00||0|0
2026|01|497593|015|08|WA|4715|EBA|19|10|2|001|100| A|TANPA SUB KOMPONEN|00||0|0
2026|01|497593|015|08|WA|4715|EBA|19|10|2|001|100| B|Koordinasi Penyusunan ATK PU|00||0|0
2026|01|497593|015|08|WA|4715|EBA|19|10|2|002|100| A|TANPA SUB KOMPONEN|00||0|0
2026|01|497593|015|08|WA|4715|EBA|19|10|2|994|002| A|Keperluan Sehari-hari Perkantoran|00||0|0
2026|01|497593|015|08|WA|4715|EBA|19|10|2|994|002| B|Langganan Daya dan Jasa|00||0|0
2026|01|497593|015|08|WA|4715|EBA|19|10|2|994|002| C|Pelaksanaan Operasional Kantor|00||0|0
2026|01|497593|015|08|WA|4715|EBA|19|10|2|994|002| D|Pemeliharaan Peralatan dan Mesin|00||0|0
2026|01|497593|015|08|WA|4715|EBA|19|10|2|994|002| G|Pemeliharaan Gedung dan Bangunan|00||0|0
2026|01|497593|015|08|WA|4715|EBA|19|10|2|994|002|HA|Dukungan Tusi-Konsultasi Pencairan Dana|00||0|0
2026|01|497593|015|08|WA|4715|EBA|19|10|2|994|002|HB|Dukungan Tusi - Reviu Belanja Pemerintah|00||0|0
2026|01|497593|015|08|WA|4715|EBA|19|10|2|994|002|HH|Dukungan Pelaksaan Tusi Prioritas Direktif Presiden|00||0|0
2026|01|497593|015|08|WA|4715|EBA|19|10|2|994|002|TJ|Jasa Pemeliharaan/Annual Technical Support (ATS)|00||0|0
2026|01|497593|015|08|WA|4715|EBD|19|10|2|Z36|100| B|Pelaksanaan Manajemen Kinerja, Resiko dan Kepatuhan Internal|00||0|0
2026|01|497593|015|08|WA|4718|BMB|19|10|2|001|100| A|TANPA SUB KOMPONEN|00||0|0
2026|01|497593|015|08|WA|4718|BMB|19|10|2|002|100| A|TANPA SUB KOMPONEN|00||0|0
2026|01|497593|015|08|WA|4719|EBA|19|10|2|994|001| A|TANPA SUB KOMPONEN|00||0|0
2026|01|497593|015|08|WA|4719|EBA|19|10|2|004|100| A|Survey Kepuasan Pengguna Layanan|00||0|0
2026|01|497593|015|08|WA|4719|EBC|19|10|2|001|100|XC|Penyelenggaraan Capacity Building|00||0|0
2026|01|497593|015|08|WA|4715|EBB|19|10|2|002|100| A|TANPA SUB KOMPONEN|00||0|0
2026|01|497587|015|08|CD|6212|BMB|04|04|2|001|100| A|Profiling UMKM|00||0|0
2026|01|497587|015|08|CD|6212|FAC|04|04|2|001|100| A|Training Modul Aplikasi SAKTI|00||0|0
2026|01|497587|015|08|CD|6212|FAC|04|04|2|001|100| B|FGD dan Bimtek Transfer Keuangan Daerah|00||0|0
2026|01|497587|015|08|CD|6212|FAH|04|04|2|001|100| A|TANPA SUB KOMPONEN|00||0|0
2026|01|497587|015|08|CD|6212|FAL|04|04|2|004|100| A|Konsultasi|00||0|0
2026|01|497587|015|08|CD|6212|FAL|04|04|2|004|100| B|Sosialisasi dan Bimbingan Teknis|00||0|0
2026|01|497587|015|08|CD|6212|FAL|04|04|2|004|100| D|Pembinaan Pemda, TKD, dan Penandatanganan BA Rekonsiliasi Pajak|00||0|0
2026|01|497587|015|08|CD|6213|FAC|04|04|2|001|100| A|Pembinaan Jabatan Fungsional Perbendaharaan|00||0|0
2026|01|497587|015|08|CD|6213|FAE|04|04|2|009|100| A|Monev Penyaluran Pembiayaan Ultra Mikro|00||0|0
2026|01|497587|015|08|CD|6213|FAL|04|04|2|003|100| A|Monev Pelaksanaan Anggaran|00||0|0
2026|01|497587|015|08|CD|6214|FAL|04|04|2|002|100| A|Pelaksanaan PencairanPenarikanPengesahan Dana|00||0|0
2026|01|497587|015|08|CD|6214|FAL|04|04|2|002|100| B|PenerbitanPersetujuanRekonsiliasi RekeningSKPPKonfirmasi Penerimaan Negara, dll|00||0|0
2026|01|497587|015|08|CD|6215|FAH|04|04|2|003|100| A|Penyusunan Laporan Keuangan Tingkat Kuasa BUN di Daerah|00||0|0
2026|01|497587|015|08|CD|6215|FAH|04|04|2|003|100| B|Koordinasi UAKBUND KPPN di Kanwil|00||0|0
2026|01|497587|015|08|WA|4715|EBA|04|04|2|001|100| A|TANPA SUB KOMPONEN|00||0|0
2026|01|497587|015|08|WA|4715|EBA|04|04|2|001|100| B|Koordinasi Penyusunan ATK PU|00||0|0
2026|01|497587|015|08|WA|4715|EBA|04|04|2|002|100| A|TANPA SUB KOMPONEN|00||0|0
2026|01|497587|015|08|WA|4715|EBA|04|04|2|994|002| A|Keperluan Seharihari Perkantoran|00||0|0
2026|01|497587|015|08|WA|4715|EBA|04|04|2|994|002| B|Langganan Daya dan Jasa|00||0|0
2026|01|497587|015|08|WA|4715|EBA|04|04|2|994|002| C|Pelaksanaan Operasional Kantor|00||0|0
2026|01|497587|015|08|WA|4715|EBA|04|04|2|994|002| D|Pemeliharaan Peralatan dan Mesin|00||0|0
2026|01|497587|015|08|WA|4715|EBA|04|04|2|994|002| G|Pemeliharaan Gedung dan Bangunan|00||0|0
2026|01|497587|015|08|WA|4715|EBA|04|04|2|994|002|HA|Dukungan Tusi - Konsultasi Pencairan Dana|00||0|0
2026|01|497587|015|08|WA|4715|EBA|04|04|2|994|002|HB|Dukungan Tusi - Reviu Belanja Pemerintah|00||0|0
2026|01|497587|015|08|WA|4715|EBA|04|04|2|994|002|HH|Dukungan Pelaksaan Tusi Prioritas Direktif Presiden|00||0|0
2026|01|497587|015|08|WA|4715|EBA|04|04|2|994|002|TJ|Jasa PemeliharaanAnnual Technical Support (ATS)|00||0|0
2026|01|497587|015|08|WA|4715|EBD|04|04|2|Z36|100| B|Pelaksanaan Manajemen Kinerja, Resiko dan Kepatuhan Internal|00||0|0
2026|01|497587|015|08|WA|4718|BMB|04|04|2|002|100| A|TANPA SUB KOMPONEN|00||0|0
2026|01|497587|015|08|WA|4718|BMB|04|04|2|001|100| A|TANPA SUB KOMPONEN|00||0|0
2026|01|497587|015|08|WA|4719|EBA|04|04|2|004|100| A|Survey Kepuasan Pengguna Layanan|00||0|0
2026|01|497587|015|08|WA|4719|EBA|04|04|2|994|001| A|TANPA SUB KOMPONEN|00||0|0
2026|01|497587|015|08|WA|4719|EBC|04|04|2|001|100|XC|Penyelenggaraan Capacity Building|00||0|0
2026|01|497622|015|08|CD|6212|BMB|31|03|2|001|100| A|Profiling UMKM|00||0|0
2026|01|497622|015|08|CD|6212|FAC|31|03|2|001|100| A|Training Modul Aplikasi SAKTI|00||0|0
2026|01|497622|015|08|CD|6212|FAC|31|03|2|001|100| B|FGD dan Bimtek Transfer Keuangan Daerah|00||0|0
2026|01|497622|015|08|CD|6212|FAH|31|03|2|001|100| A|TANPA SUB KOMPONEN|00||0|0
2026|01|497622|015|08|CD|6212|FAL|31|03|2|004|100| A|Konsultasi|00||0|0
2026|01|497622|015|08|CD|6212|FAL|31|03|2|004|100| B|Sosialisasi dan Bimbingan Teknis|00||0|0
2026|01|497622|015|08|CD|6212|FAL|31|03|2|004|100| C|Pembinaan Satker|00||0|0
2026|01|497622|015|08|CD|6212|FAL|31|03|2|004|100| D|Pembinaan Pemda, TKD, dan Penandatanganan BA Rekonsiliasi Pajak|00||0|0
2026|01|497622|015|08|CD|6213|FAC|31|03|2|001|100| A|Pembinaan Jabatan Fungsional Perbendaharaan|00||0|0
2026|01|497622|015|08|CD|6213|FAE|31|03|2|009|100| A|Monev Penyaluran Pembiayaan Ultra Mikro|00||0|0
2026|01|497622|015|08|CD|6213|FAL|31|03|2|003|100| A|Monev Pelaksanaan Anggaran|00||0|0
2026|01|497622|015|08|CD|6214|FAL|31|03|2|002|100| A|Pelaksanaan Pencairan/Penarikan/Pengesahan Dana|00||0|0
2026|01|497622|015|08|CD|6214|FAL|31|03|2|002|100| B|Penerbitan/Persetujuan/Rekonsiliasi Rekening/SKPP/Konfirmasi Penerimaan Negara, dll|00||0|0
2026|01|497622|015|08|CD|6215|FAH|31|03|2|003|100| A|Penyusunan Laporan Keuangan Tingkat Kuasa BUN di Daerah|00||0|0
2026|01|497622|015|08|CD|6215|FAH|31|03|2|003|100| B|Koordinasi UAKBUN-D KPPN di Kanwil|00||0|0
2026|01|497622|015|08|WA|4715|EBA|31|03|2|001|100| A|TANPA SUB KOMPONEN|00||0|0
2026|01|497622|015|08|WA|4715|EBA|31|03|2|002|100| A|TANPA SUB KOMPONEN|00||0|0
2026|01|497622|015|08|WA|4715|EBA|31|03|2|994|002| A|Keperluan Sehari-hari Perkantoran|00||0|0
2026|01|497622|015|08|WA|4715|EBA|31|03|2|994|002| B|Langganan Daya dan Jasa|00||0|0
2026|01|497622|015|08|WA|4715|EBA|31|03|2|994|002| C|Pelaksanaan Operasional Kantor|00||0|0
2026|01|497622|015|08|WA|4715|EBA|31|03|2|994|002| D|Pemeliharaan Peralatan dan Mesin|00||0|0
2026|01|497622|015|08|WA|4715|EBA|31|03|2|994|002| G|Pemeliharaan Gedung dan Bangunan|00||0|0
2026|01|497622|015|08|WA|4715|EBA|31|03|2|994|002|HA|Dukungan Tusi - Konsultasi Pencairan Dana|00||0|0
2026|01|497622|015|08|WA|4715|EBA|31|03|2|994|002|HB|Dukungan Tusi - Reviu Belanja Pemerintah|00||0|0
2026|01|497622|015|08|WA|4715|EBA|31|03|2|994|002|HH|Dukungan Pelaksanaan Tusi Prioritas Direktif Presiden|00||0|0
2026|01|497622|015|08|WA|4715|EBA|31|03|2|994|002|TJ|Jasa Pemeliharaan/ Annual Technical Support (ATS)|00||0|0
2026|01|497622|015|08|WA|4715|EBD|31|03|2|Z36|100| B|Pelaksanaan Manajemen Kinerja, Resiko dan Kepatuhan Internal|00||0|0
2026|01|497622|015|08|WA|4718|BMB|31|03|2|001|100| A|TANPA SUB KOMPONEN|00||0|0
2026|01|497622|015|08|WA|4718|BMB|31|03|2|002|100| A|TANPA SUB KOMPONEN|00||0|0
2026|01|497622|015|08|WA|4719|EBA|31|03|2|004|100| A|Survey Kepuasan Pengguna Layanan|00||0|0
2026|01|497622|015|08|WA|4719|EBA|31|03|2|994|001| A|TANPA SUB KOMPONEN|00||0|0
2026|01|497622|015|08|WA|4719|EBC|31|03|2|001|100|XC|Penyelenggaraan Capacity Building|00||0|0
2026|01|497607|015|08|CD|6212|BMB|17|53|2|001|100|AA|Profiling UMKM  KPPN Induk|00||0|0
2026|01|497607|015|08|CD|6212|BMB|17|53|2|001|100|BA|Profiling UMKM  KPPN Unit|00||0|0
2026|01|497607|015|08|CD|6212|FAC|17|53|2|001|100|AA|Training Modul Aplikasi SAKTI  KPPN Induk|00||0|0
2026|01|497607|015|08|CD|6212|FAC|17|53|2|001|100|AB|FGD dan Bimtek Transfer Keuangan Daerah  KPPN Induk|00||0|0
2026|01|497607|015|08|CD|6212|FAC|17|53|2|001|100|BA|Training Modul Aplikasi SAKTI  KPPN Unit|00||0|0
2026|01|497607|015|08|CD|6212|FAC|17|53|2|001|100|BB|FGD dan Bimtek Transfer Keuangan Daerah  KPPN Unit|00||0|0
2026|01|497607|015|08|CD|6212|FAH|17|53|2|001|100|AA|TANPA SUB KOMPONEN  KPPN Induk|00||0|0
2026|01|497607|015|08|CD|6212|FAH|17|53|2|001|100|BA|TANPA SUB KOMPONEN  KPPN Unit|00||0|0
2026|01|497607|015|08|CD|6212|FAL|17|53|2|004|100|AA|Konsultasi  KPPN Induk|00||0|0
2026|01|497607|015|08|CD|6212|FAL|17|53|2|004|100|AB|Sosialisasi dan Bimbingan Teknis  KPPN Induk|00||0|0
2026|01|497607|015|08|CD|6212|FAL|17|53|2|004|100|AD|Pembinaan Pemda, TKD, dan Penandatanganan BAR  KPPN Induk|00||0|0
2026|01|497607|015|08|CD|6212|FAL|17|53|2|004|100|BA|Konsultasi  KPPN Unit|00||0|0
2026|01|497607|015|08|CD|6212|FAL|17|53|2|004|100|BB|Sosialisasi dan Bimbingan Teknis  KPPN Unit|00||0|0
2026|01|497607|015|08|CD|6212|FAL|17|53|2|004|100|BD|Pembinaan Pemda, TKD, dan Penandatanganan BAR  KPPN Unit|00||0|0
2026|01|497607|015|08|CD|6213|FAC|17|53|2|001|100|AA|Pembinaan Jabatan Fungsional Perbendaharaan  KPPN Induk|00||0|0
2026|01|497607|015|08|CD|6213|FAC|17|53|2|001|100|BA|Pembinaan Jabatan Fungsional Perbendaharaan  KPPN Unit|00||0|0
2026|01|497607|015|08|CD|6213|FAE|17|53|2|009|100|AA|Monev Penyaluran Pembiayaan Ultra Mikro  KPPN Induk|00||0|0
2026|01|497607|015|08|CD|6213|FAE|17|53|2|009|100|BA|Monev Penyaluran Pembiayaan Ultra Mikro  KPPN Unit|00||0|0
2026|01|497607|015|08|CD|6213|FAL|17|53|2|003|100|AA|Monev Pelaksanaan Anggaran  KPPN Induk|00||0|0
2026|01|497607|015|08|CD|6213|FAL|17|53|2|003|100|BA|Monev Pelaksanaan Anggaran  KPPN Unit|00||0|0
2026|01|497607|015|08|CD|6214|FAL|17|53|2|002|100|AA|Pelaksanaan PencairanPenarikanPengesahan Dana  KPPN Induk|00||0|0
2026|01|497607|015|08|CD|6214|FAL|17|53|2|002|100|AB|PenerbitanPersetujuanRekonsiliasi RekeningSKPPKonfirmasi Penerimaan Negara, dll  KPPN Induk|00||0|0
2026|01|497607|015|08|CD|6214|FAL|17|53|2|002|100|BA|Pelaksanaan PencairanPenarikanPengesahan Dana  KPPN Unit|00||0|0
2026|01|497607|015|08|CD|6214|FAL|17|53|2|002|100|BB|PenerbitanPersetujuanRekonsiliasi RekeningSKPPKonfirmasi Penerimaan Negara, dll  KPPN Unit|00||0|0
2026|01|497607|015|08|CD|6215|FAH|17|53|2|003|100|AA|Penyusunan Laporan Keuangan Tingkat Kuasa BUN di Daerah  KPPN Induk|00||0|0
2026|01|497607|015|08|CD|6215|FAH|17|53|2|003|100|AB|Koordinasi UAKBUND KPPN di Kanwil  KPPN Unit (Cross Program)|00||0|0
2026|01|497607|015|08|CD|6215|FAH|17|53|2|003|100|BA|Penyusunan Laporan Keuangan Tingkat Kuasa BUN di Daerah  KPPN Unit|00||0|0
2026|01|497607|015|08|WA|4715|EBA|17|53|2|001|100|AA|TANPA SUB KOMPONEN  KPPN Induk|00||0|0
2026|01|497607|015|08|WA|4715|EBA|17|53|2|001|100|BA|TANPA SUB KOMPONEN  KPPN Unit|00||0|0
2026|01|497607|015|08|WA|4715|EBA|17|53|2|002|100|AA|TANPA SUB KOMPONEN  KPPN Induk|00||0|0
2026|01|497607|015|08|WA|4715|EBA|17|53|2|002|100|AB|Monitoring PejabatPetugas Pengelola Keuangan|00||0|0
2026|01|497607|015|08|WA|4715|EBA|17|53|2|002|100|BA|TANPA SUB KOMPONEN  KPPN Unit|00||0|0
2026|01|497607|015|08|WA|4715|EBA|17|53|2|994|002|AA|Keperluan Seharihari Perkantoran  KPPN Induk|00||0|0
2026|01|497607|015|08|WA|4715|EBA|17|53|2|994|002|AB|Langganan Daya dan Jasa  KPPN Induk|00||0|0
2026|01|497607|015|08|WA|4715|EBA|17|53|2|994|002|AC|Pelaksanaan Operasional Kantor  KPPN Induk|00||0|0
2026|01|497607|015|08|WA|4715|EBA|17|53|2|994|002|AD|Pemeliharaan Peralatan dan Mesin  Induk|00||0|0
2026|01|497607|015|08|WA|4715|EBA|17|53|2|994|002|AE|Pemeliharaan Gedung dan Bangunan  KPPN Induk|00||0|0
2026|01|497607|015|08|WA|4715|EBA|17|53|2|994|002|BA|Keperluan Seharihari Perkantoran  KPPN Unit|00||0|0
2026|01|497607|015|08|WA|4715|EBA|17|53|2|994|002|BC|Pelaksanaan Operasional Kantor  KPPN Unit|00||0|0
2026|01|497607|015|08|WA|4715|EBA|17|53|2|994|002|BD|Pemeliharaan Peralatan dan Mesin  KPPN Unit|00||0|0
2026|01|497607|015|08|WA|4715|EBA|17|53|2|994|002|BE|Pemeliharaan Gedung dan Bangunan  KPPN Unit|00||0|0
2026|01|497607|015|08|WA|4715|EBA|17|53|2|994|002|HA|Dukungan Tusi - Konsultasi Pencairan Dana KPPN Induk|00||0|0
2026|01|497607|015|08|WA|4715|EBA|17|53|2|994|002|HB|Dukungan Tusi - Reviu Belanja Pemerintah KPPN Induk|00||0|0
2026|01|497607|015|08|WA|4715|EBA|17|53|2|994|002|HH|Dukungan Pelaksanaan Tusi Prioritas Direktif Presiden  |00||0|0
2026|01|497607|015|08|WA|4715|EBA|17|53|2|994|002|TJ|Jasa PemeliharaanAnnual Technical Support (ATS)|00||0|0
2026|01|497607|015|08|WA|4715|EBD|17|53|2|Z36|100|BB|Pelaksanaan Manajemen Kinerja, Resiko dan Kepatuhan Internal  KPPN Unit|00||0|0
2026|01|497607|015|08|WA|4718|BMB|17|53|2|001|100|AA|TANPA SUB KOMPONEN  KPPN Induk|00||0|0
2026|01|497607|015|08|WA|4718|BMB|17|53|2|001|100|BA|TANPA SUB KOMPONEN  KPPN Unit|00||0|0
2026|01|497607|015|08|WA|4718|BMB|17|53|2|002|100|AA|TANPA SUB KOMPONEN  KPPN Induk|00||0|0
2026|01|497607|015|08|WA|4718|BMB|17|53|2|002|100|BA|TANPA SUB KOMPONEN  KPPN Unit|00||0|0
2026|01|497607|015|08|WA|4719|EBA|17|53|2|004|100|AA|Survey Kepuasan Pengguna Layanan  KPPN Induk|00||0|0
2026|01|497607|015|08|WA|4719|EBA|17|53|2|004|100|BA|Survey Kepuasan Pengguna Layanan  KPPN Unit|00||0|0
2026|01|497607|015|08|WA|4719|EBA|17|53|2|994|001|AA|TANPA SUB KOMPONEN  KPPN Induk|00||0|0
2026|01|497607|015|08|WA|4719|EBA|17|53|2|994|001|BA|TANPA SUB KOMPONEN  KPPN Unit|00||0|0
2026|01|497607|015|08|WA|4719|EBC|17|53|2|001|100|XC|Penyelenggaraan Capacity Building|00||0|0
2026|01|527102|015|08|WA|4715|EBD|02|51|2|Z36|100| B|Pelaksanaan Manajemen Kinerja, Resiko dan Kepatuhan Internal|00||0|0
2026|01|527102|015|08|WA|4718|BMB|02|51|2|002|100| A|KEHUMASAN|00||0|0
2026|01|527102|015|08|WA|4718|BMB|02|51|2|001|100| A|TANPA SUB KOMPONEN|00||0|0
2026|01|527102|015|08|WA|4719|EBA|02|51|2|994|001| A|TANPA SUB KOMPONEN|00||0|0
2026|01|527102|015|08|WA|4719|EBA|02|51|2|004|100| A|Survey Kepuasan Pengguna Layanan|00||0|0
2026|01|527102|015|08|WA|4719|EBC|02|51|2|001|100|XC|Penyelenggaraan Capacity Building|00||0|0
2026|01|527102|015|08|CD|6212|BMB|02|51|2|001|100| A|Profiling UMKM|00||0|0
2026|01|527102|015|08|CD|6212|FAC|02|51|2|001|100| A|Training Modul Aplikasi SAKTI|00||0|0
2026|01|527102|015|08|CD|6212|FAC|02|51|2|001|100| B|FGD dan Bimtek Transfer Keuangan Daerah|00||0|0
2026|01|527102|015|08|CD|6212|FAH|02|51|2|001|100| A|TANPA SUB KOMPONEN|00||0|0
2026|01|527102|015|08|CD|6212|FAL|02|51|2|004|100| A|Konsultasi|00||0|0
2026|01|527102|015|08|CD|6212|FAL|02|51|2|004|100| B|Sosialisasi dan Bimbingan Teknis|00||0|0
2026|01|527102|015|08|CD|6212|FAL|02|51|2|004|100| D|Pembinaan Pemda, TKD, dan Penandatanganan BAR|00||0|0
2026|01|527102|015|08|CD|6213|FAC|02|51|2|001|100| A|Pembinaan Jabatan Fungsional Perbendaharaan|00||0|0
2026|01|527102|015|08|CD|6213|FAE|02|51|2|009|100| A|Monev Penyaluran Pembiayaan Ultra Mikro|00||0|0
2026|01|527102|015|08|CD|6213|FAL|02|51|2|003|100| A|Monev Pelaksanaan Anggaran|00||0|0
2026|01|527102|015|08|CD|6214|FAL|02|51|2|002|100| A|Pelaksanaan PencairanPenarikanPengesahan Dana|00||0|0
2026|01|527102|015|08|CD|6214|FAL|02|51|2|002|100| B|PenerbitanPersetujuanRekonsiliasi RekeningSKPPKonfirmasi Penerimaan Negara, dll|00||0|0
2026|01|527102|015|08|CD|6215|FAH|02|51|2|003|100| A|Penyusunan Laporan Keuangan Tingkat Kuasa BUN di Daerah|00||0|0
2026|01|527102|015|08|CD|6215|FAH|02|51|2|003|100| B|Koordinasi UAKBUND KPPN di Kanwil|00||0|0
2026|01|527102|015|08|WA|4715|EBA|02|51|2|001|100| A|TANPA SUB KOMPONEN|00||0|0
2026|01|527102|015|08|WA|4715|EBA|02|51|2|001|100| B|Koordinasi Penyusunan ATK PU|00||0|0
2026|01|527102|015|08|WA|4715|EBA|02|51|2|002|100| A|TANPA SUB KOMPONEN|00||0|0
2026|01|527102|015|08|WA|4715|EBA|02|51|2|994|002| A|Keperluan Seharihari Perkantoran|00||0|0
2026|01|527102|015|08|WA|4715|EBA|02|51|2|994|002| B|Langganan Daya dan Jasa|00||0|0
2026|01|527102|015|08|WA|4715|EBA|02|51|2|994|002| C|Pelaksanaan Operasional Kantor|00||0|0
2026|01|527102|015|08|WA|4715|EBA|02|51|2|994|002| D|Pemeliharaan Peralatan dan Mesin|00||0|0
2026|01|527102|015|08|WA|4715|EBA|02|51|2|994|002|HA|Dukungan Tusi - Konsultasi Pencairan Dana|00||0|0
2026|01|527102|015|08|WA|4715|EBA|02|51|2|994|002|HB|Dukungan Tusi - Reviu Belanja Pemerintah|00||0|0
2026|01|527102|015|08|WA|4715|EBA|02|51|2|994|002|HH|Dukungan Pelaksanaan Tusi Prioritas Direktif Presiden|00||0|0
2026|01|527102|015|08|WA|4715|EBA|02|51|2|994|002|TJ|Jasa PemeliharaanAnnual Technical Support (ATS)|00||0|0
2026|01|527027|015|08|CD|6212|BMB|01|55|2|001|100| A|Profiling UMKM|00||0|0
2026|01|527027|015|08|CD|6212|BMB|01|55|2|001|100| B|Pemberdayaan UMKM  SosialisasiBimtekAsistensi dan BazarPojokRumah UMKM|00||0|0
2026|01|527027|015|08|CD|6212|BMB|01|55|2|001|100| C|Monitoring dan Evaluasi|00||0|0
2026|01|527027|015|08|CD|6212|BMB|01|55|2|001|100| D|Komunikasi Publik  BazarPojokRumah UMKM|00||0|0
2026|01|527027|015|08|CD|6212|FAC|01|55|2|002|100| A|Pembinaan Satker BLU|00||0|0
2026|01|527027|015|08|CD|6212|FAC|01|55|2|002|100| B|Asistensi  Pembinaan Pengelolaan Keuangan BLU Daerah|00||0|0
2026|01|527027|015|08|CD|6212|FAH|01|55|2|003|100| A|Pendampingan Penyusunan dan Penyelesaian Permasalahan Laporan Keuangan UAPPAW dan BLU|00||0|0
2026|01|527027|015|08|CD|6212|FAH|01|55|2|003|100| B|Sosialisasi dan Bimbingan Teknis UAPPAW|00||0|0
2026|01|527027|015|08|CD|6212|FAH|01|55|2|002|100| A|Forum Koordinasi dan Rekonsiliasi Data dengan Bank Indonesia|00||0|0
2026|01|527027|015|08|CD|6212|FAH|01|55|2|002|100| B|Pembinaan SAP pada Pemerintah Daerah|00||0|0
2026|01|527027|015|08|CD|6212|FAH|01|55|2|002|100| C|SosialisasiBimtekWorkshopFGD dengan Pemda|00||0|0
2026|01|527027|015|08|CD|6212|FAL|01|55|2|001|100| A|Sosialisasi PeraturanKebijakan Pelaksanaan Anggaran|00||0|0
2026|01|527027|015|08|CD|6212|FAL|01|55|2|001|100| B|Pengkoordinasian Kerjasama Ekonomi dan Keuangan Daerah|00||0|0
2026|01|527027|015|08|CD|6212|FAL|01|55|2|001|100| C|Pembinaan dan Bimtek Pengelolaan Keuangan Daerah|00||0|0
2026|01|527027|015|08|CD|6212|FAL|01|55|2|001|100| D|Penyerahan DIPA|00||0|0
2026|01|527027|015|08|CD|6213|ABA|01|55|2|001|100| A|Penyusunan Analisis Potensi Pembiayaan dan Pelaksanaan MoU DJPb dan PT SMI di Daerah|00||0|0
2026|01|527027|015|08|CD|6213|FAE|01|55|2|009|100| B|Monitoring dan  Evaluasi KURPenerusan Pinjaman|00||0|0
2026|01|527027|015|08|CD|6213|FAE|01|55|2|009|100| C|Monev Site Visit Fasilitas Likuiditas Pembiayaan Perumahan (FLPP)|00||0|0
2026|01|527027|015|08|CD|6213|FAE|01|55|2|009|100| D|FGD Analisa Fasilitas Likuiditas Pembiayaan Perumahan (FLPP)|00||0|0
2026|01|527027|015|08|CD|6213|FAE|01|55|2|008|100| A|Koordinasi Pelaksanaan Tugas RCE  ALCo|00||0|0
2026|01|527027|015|08|CD|6213|FAL|01|55|2|003|100| A|Pelaksanaan Spending Review|00||0|0
2026|01|527027|015|08|CD|6213|FAL|01|55|2|003|100| C|Review Pelaksanaan Anggaran|00||0|0
2026|01|527027|015|08|CD|6213|FAL|01|55|2|003|100| D|Monitoring dan Evaluasi Pelaksanaan Anggaran|00||0|0
2026|01|527027|015|08|CD|6213|FAL|01|55|2|003|100| E|Pengumpulan InformasiPenajaman Data Fiskal RegionalPenyusunan KFR|00||0|0
2026|01|527027|015|08|CD|6213|FAL|01|55|2|003|100| F|Publikasi Kajian Fiskal Regional|00||0|0
2026|01|527027|015|08|CD|6213|FAL|01|55|2|003|100| G|Pengumpulan Konfirmasi Informasi Pengelolaan Keuangan Daerah dan Penyusunan Profil Keuangan Daerah|00||0|0
2026|01|527027|015|08|CD|6215|FAH|01|55|2|003|100| A|Pembinaan UAKBUN D (KPPN)|00||0|0
2026|01|527027|015|08|CD|6215|FAH|01|55|2|003|100| B|Koordinasi UAKBUND (KPPN)|00||0|0
2026|01|527027|015|08|CD|6215|FAH|01|55|2|001|100| A|Koordinasi Laporan Keuangan Pemerintah Daerah danatau BLUD|00||0|0
2026|01|527027|015|08|CD|6215|FAH|01|55|2|001|100| B|Penyusunan Laporan Statistik Keuangan Pemerintah Tingkat Wilayah|00||0|0
2026|01|527027|015|08|WA|4715|EBA|01|55|2|001|100| A|TANPA SUB KOMPONEN|00||0|0
2026|01|527027|015|08|WA|4715|EBA|01|55|2|001|100| B|Koordinasi Penyusunan ATK PU|00||0|0
2026|01|527027|015|08|WA|4715|EBA|01|55|2|002|100| A|TANPA SUB KOMPONEN|00||0|0
2026|01|527027|015|08|WA|4715|EBA|01|55|2|994|002| A|Keperluan Seharihari Perkantoran|00||0|0
2026|01|527027|015|08|WA|4715|EBA|01|55|2|994|002| B|Langganan Daya dan Jasa|00||0|0
2026|01|527027|015|08|WA|4715|EBA|01|55|2|994|002| C|Pelaksanaan Operasional Kantor|00||0|0
2026|01|527027|015|08|WA|4715|EBA|01|55|2|994|002| D|Pemeliharaan Peralatan dan Mesin|00||0|0
2026|01|527027|015|08|WA|4715|EBA|01|55|2|994|002| G|Pemeliharaan Gedung dan Bangunan|00||0|0
2026|01|527027|015|08|WA|4715|EBA|01|55|2|994|002|HB|Dukungan Tusi - Reviu Belanja Pemerintah|00||0|0
2026|01|527027|015|08|WA|4715|EBA|01|55|2|994|002|HC|Dukungan Tusi - Government Financial Statistic (GFS)|00||0|0
2026|01|527027|015|08|WA|4715|EBA|01|55|2|994|002|HD|Dukungan Tusi - Rekomendasi Pengelolaan Organisasi|00||0|0
2026|01|527027|015|08|WA|4715|EBA|01|55|2|994|002|HH|Dukungan Tusi - Pelaksanaan Tusi Direktif Presiden |00||0|0
2026|01|527027|015|08|WA|4715|EBA|01|55|2|994|002|TJ|Jasa PemeliharaanAnnual Technical Support (ATS)|00||0|0
2026|01|527027|015|08|WA|4715|EBD|01|55|2|Z26|100| A|Rakor Penyusunan Laporan Keuangan Tingkat UAPPAW|00||0|0
2026|01|527027|015|08|WA|4715|EBD|01|55|2|Z36|100| A|TANPA SUB KOMPONEN|00||0|0
2026|01|527027|015|08|WA|4718|BMB|01|55|2|002|100| A|TANPA SUB KOMPONEN|00||0|0
2026|01|527027|015|08|WA|4718|BMB|01|55|2|001|100| A|TANPA SUB KOMPONEN|00||0|0
2026|01|527027|015|08|WA|4719|EBA|01|55|2|003|100| A|Pelaksanaan Supervisi Proses Bisnis KPPN|00||0|0
2026|01|527027|015|08|WA|4719|EBA|01|55|2|003|100| B|Koordinasi Inovasi Layanan|00||0|0
2026|01|527027|015|08|WA|4719|EBA|01|55|2|994|001| A|TANPA SUB KOMPONEN|00||0|0
2026|01|527027|015|08|WA|4719|EBA|01|55|2|005|100| A|Monitoring dan Evaluasi Implementasi ISO|00||0|0
2026|01|527027|015|08|WA|4719|EBA|01|55|2|005|100| B|Pelaksanaan Supervisi Teknis Aplikasi|00||0|0
2026|01|527027|015|08|WA|4719|EBC|01|55|2|001|100|XC|Penyelenggaraan Capacity Building|00||0|0
2026|01|527027|015|08|WA|4722|EBD|01|55|2|001|100| A|Pelaksanaan Manajemen Resiko dan Kepatuhan Internal|00||0|0
2026|01|527027|015|08|WA|4722|EBD|01|55|2|001|100| B|Pemantauan Kode Etik dan Kepatuhan Internal|00||0|0
2026|01|527120|015|08|CD|6212|FAC|02|54|2|001|100| A|Training Modul Aplikasi SAKTI|00||0|0
2026|01|527120|015|08|CD|6212|FAC|02|54|2|001|100| B|FGD dan Bimtek Transfer Keuangan Daerah|00||0|0
2026|01|527120|015|08|CD|6212|FAH|02|54|2|001|100| A|TANPA SUB KOMPONEN|00||0|0
2026|01|527120|015|08|CD|6212|FAL|02|54|2|004|100| A|Konsultasi|00||0|0
2026|01|527120|015|08|CD|6212|FAL|02|54|2|004|100| B|Sosialisasi dan Bimbingan Teknis|00||0|0
2026|01|527120|015|08|CD|6212|FAL|02|54|2|004|100| D|Pembinaan Pemda, TKD, dan Penandatanganan BA Rekonsiliasi Pajak|00||0|0
2026|01|527120|015|08|CD|6213|FAC|02|54|2|001|100| A|Pembinaan Jabatan Fungsional Perbendaharaan|00||0|0
2026|01|527120|015|08|CD|6213|FAE|02|54|2|009|100| A|Monev Penyaluran Pembiayaan Ultra Mikro|00||0|0
2026|01|527120|015|08|CD|6213|FAL|02|54|2|003|100| A|Monev Pelaksanaan Anggaran|00||0|0
2026|01|527120|015|08|CD|6214|FAL|02|54|2|002|100| A|Pelaksanaan PencairanPenarikanPengesahan Dana|00||0|0
2026|01|527120|015|08|CD|6214|FAL|02|54|2|002|100| B|PenerbitanPersetujuanRekonsiliasi RekeningSKPPKonfirmasi Penerimaan Negara, dll|00||0|0
2026|01|527120|015|08|CD|6215|FAH|02|54|2|003|100| A|Penyusunan Laporan Keuangan Tingkat Kuasa BUN di Daerah|00||0|0
2026|01|527120|015|08|WA|4715|EBA|02|54|2|001|100| A|TANPA SUB KOMPONEN|00||0|0
2026|01|527120|015|08|WA|4715|EBA|02|54|2|002|100| A|TANPA SUB KOMPONEN|00||0|0
2026|01|527120|015|08|WA|4715|EBA|02|54|2|994|002| A|Keperluan Seharihari Perkantoran|00||0|0
2026|01|527120|015|08|WA|4715|EBA|02|54|2|994|002| B|Langganan Daya dan Jasa|00||0|0
2026|01|527120|015|08|WA|4715|EBA|02|54|2|994|002| C|Pelaksanaan Operasional Kantor|00||0|0
2026|01|527120|015|08|WA|4715|EBA|02|54|2|994|002| D|Pemeliharaan Peralatan dan Mesin|00||0|0
2026|01|527120|015|08|WA|4715|EBA|02|54|2|994|002| G|Pemeliharaan Gedung dan Bangunan|00||0|0
2026|01|527120|015|08|WA|4715|EBA|02|54|2|994|002|HA|Dukungan Tusi - Konsultasi Pencairan Dana|00||0|0
2026|01|527120|015|08|WA|4715|EBA|02|54|2|994|002|HB|Dukungan Tusi - Reviu Belanja Pemerintah|00||0|0
2026|01|527120|015|08|WA|4715|EBA|02|54|2|994|002|HH|Dukungan Pelaksaan Tusi Prioritas Direktif Presiden|00||0|0
2026|01|527120|015|08|WA|4715|EBA|02|54|2|994|002|TJ|Jasa PemeliharaanAnnual Technical Support (ATS)|00||0|0
2026|01|527120|015|08|WA|4715|EBD|02|54|2|Z36|100| B|Pelaksanaan Manajemen Kinerja, Resiko dan Kepatuhan Internal|00||0|0
2026|01|527120|015|08|WA|4718|BMB|02|54|2|002|100| A|TANPA SUB KOMPONEN|00||0|0
2026|01|527120|015|08|WA|4718|BMB|02|54|2|001|100| A|TANPA SUB KOMPONEN|00||0|0
2026|01|527120|015|08|WA|4719|EBA|02|54|2|994|001| A|TANPA SUB KOMPONEN|00||0|0
2026|01|527120|015|08|WA|4719|EBA|02|54|2|004|100| A|Survey Kepuasan Pengguna Layanan|00||0|0
2026|01|527120|015|08|WA|4719|EBC|02|54|2|001|100|XC|Penyelenggaraan Capacity Building|00||0|0
2026|01|527094|015|08|CD|6212|BMB|02|51|2|001|100| A|Profiling UMKM|00||0|0
2026|01|527094|015|08|CD|6212|BMB|02|51|2|001|100| B|Pemberdayaan UMKM  SosialisasiBimtekAsistensi dan BazarPojokRumah UMKM|00||0|0
2026|01|527094|015|08|CD|6212|BMB|02|51|2|001|100| C|Monitoring dan Evaluasi|00||0|0
2026|01|527094|015|08|CD|6212|BMB|02|51|2|001|100| D|Komunikasi Publik  BazarPojokRumah UMKM|00||0|0
2026|01|527094|015|08|CD|6212|FAC|02|51|2|002|100| A|Pembinaan Satker BLU|00||0|0
2026|01|527094|015|08|CD|6212|FAC|02|51|2|002|100| B|AsistensiPembinaan Pengelolaan Keuangan BLU Daerah|00||0|0
2026|01|527094|015|08|CD|6212|FAH|02|51|2|003|100| A|Pendampingan Penyusunan dan Penyelesaian Permasalahan Laporan Keuangan UAPPAW dan BLU|00||0|0
2026|01|527094|015|08|CD|6212|FAH|02|51|2|003|100| B|Sosialisasi dan Bimbingan Teknis UAPPAW|00||0|0
2026|01|527094|015|08|CD|6212|FAH|02|51|2|002|100| A|Forum Koordinasi dan Rekonsiliasi Data dengan Bank Indonesia|00||0|0
2026|01|527094|015|08|CD|6212|FAH|02|51|2|002|100| B|Pembinaan SAP pada Pemerintah Daerah|00||0|0
2026|01|527094|015|08|CD|6212|FAH|02|51|2|002|100| C|SosialisasiBimtekWorkshopFGD dengan Pemda|00||0|0
2026|01|527094|015|08|CD|6212|FAL|02|51|2|001|100| A|Sosialisasi PeraturanKebijakan Pelaksanaan Anggaran|00||0|0
2026|01|527094|015|08|CD|6212|FAL|02|51|2|001|100| B|Pengkoordinasian Kerjasama Ekonomi dan Keuangan Daerah|00||0|0
2026|01|527094|015|08|CD|6212|FAL|02|51|2|001|100| C|Pembinaan dan Bimtek Pengelolaan Keuangan Daerah|00||0|0
2026|01|527094|015|08|CD|6212|FAL|02|51|2|001|100| D|Penyerahan DIPA|00||0|0
2026|01|527094|015|08|CD|6213|ABA|02|51|2|001|100| A|Penyusunan Analisis Potensi Pembiayaan dan Pelaksanaan MoU DJPb dan PT SMI di Daerah|00||0|0
2026|01|527094|015|08|CD|6213|FAE|02|51|2|009|100| B|Monitoring dan  Evaluasi KURPenerusan Pinjaman|00||0|0
2026|01|527094|015|08|CD|6213|FAE|02|51|2|008|100| A|Koordinasi Pelaksanaan Tugas RCE  ALCo|00||0|0
2026|01|527094|015|08|CD|6213|FAL|02|51|2|003|100| A|Pelaksanaan Spending Review|00||0|0
2026|01|527094|015|08|CD|6213|FAL|02|51|2|003|100| C|Review Pelaksanaan Anggaran|00||0|0
2026|01|527094|015|08|CD|6213|FAL|02|51|2|003|100| D|Monitoring dan Evaluasi Pelaksanaan Anggaran|00||0|0
2026|01|527094|015|08|CD|6213|FAL|02|51|2|003|100| E|Pengumpulan InformasiPenajaman Data Fiskal RegionalPenyusunan KFR|00||0|0
2026|01|527094|015|08|CD|6213|FAL|02|51|2|003|100| F|Publikasi Kajian Fiskal Regional|00||0|0
2026|01|527094|015|08|CD|6213|FAL|02|51|2|003|100| G|Pengumpulan Konfirmasi Informasi Pengelolaan Keuangan Daerah dan Penyusunan Profil Keuangan Daerah|00||0|0
2026|01|527094|015|08|CD|6213|FAL|02|51|2|003|100| H|Monitoring atas Dana Transfer dan Dana Desa|00||0|0
2026|01|527094|015|08|CD|6215|FAH|02|51|2|001|100| A|Koordinasi Laporan Keuangan Pemerintah Daerah dan atau BLUD|00||0|0
2026|01|527094|015|08|CD|6215|FAH|02|51|2|001|100| B|Penyusunan Laporan Statistik Keuangan Pemerintah Tingkat Wilayah|00||0|0
2026|01|527094|015|08|CD|6215|FAH|02|51|2|003|100| A|Pembinaan UAKBUN D (KPPN)|00||0|0
2026|01|527094|015|08|CD|6215|FAH|02|51|2|003|100| B|Koordinasi UAKBUN D (KPPN)|00||0|0
2026|01|527094|015|08|CD|6216|FAE|02|51|2|002|100| A|TANPA SUB KOMPONEN|00||0|0
2026|01|527094|015|08|WA|4715|EBA|02|51|2|001|100| A|TANPA SUB KOMPONEN|00||0|0
2026|01|527094|015|08|WA|4715|EBA|02|51|2|001|100| B|Koordinasi Penyusunan ATK PU|00||0|0
2026|01|527094|015|08|WA|4715|EBA|02|51|2|002|100| A|TANPA SUB KOMPONEN|00||0|0
2026|01|527094|015|08|WA|4715|EBA|02|51|2|994|002| A|Keperluan Seharihari Perkantoran|00||0|0
2026|01|527094|015|08|WA|4715|EBA|02|51|2|994|002| B|Langganan Daya dan Jasa|00||0|0
2026|01|527094|015|08|WA|4715|EBA|02|51|2|994|002| C|Operasional Kantor|00||0|0
2026|01|527094|015|08|WA|4715|EBA|02|51|2|994|002| D|Pemeliharaan Peralatan dan Mesin|00||0|0
2026|01|527094|015|08|WA|4715|EBA|02|51|2|994|002| G|Pemeliharaan Gedung dan Bangunan|00||0|0
2026|01|527094|015|08|WA|4715|EBA|02|51|2|994|002|HB|Dukungan Tusi - Reviu Belanja Pemerintah|00||0|0
2026|01|527094|015|08|WA|4715|EBA|02|51|2|994|002|HC|Dukungan Tusi - Government Financial Statistic (GFS)|00||0|0
2026|01|527094|015|08|WA|4715|EBA|02|51|2|994|002|HD|Dukungan Tusi - Rekomendasi Pengelolaan Organisasi|00||0|0
2026|01|527094|015|08|WA|4715|EBA|02|51|2|994|002|HH|Dukungan Pelaksaan Tusi Prioritas Direktif Presiden |00||0|0
2026|01|527094|015|08|WA|4715|EBA|02|51|2|994|002|TJ|Jasa PemeliharaanAnnual Technical Support (ATS)|00||0|0
2026|01|527094|015|08|WA|4715|EBD|02|51|2|Z26|100| A|Rakor Penyusunan Laporan Keuangan Tingkat UAPPAW|00||0|0
2026|01|527094|015|08|WA|4715|EBD|02|51|2|Z36|100| A|TANPA SUB KOMPONEN|00||0|0
2026|01|527094|015|08|WA|4718|BMB|02|51|2|002|100| A|TANPA SUB KOMPONEN|00||0|0
2026|01|527094|015|08|WA|4718|BMB|02|51|2|001|100| A|TANPA SUB KOMPONEN|00||0|0
2026|01|527094|015|08|WA|4719|EBA|02|51|2|003|100| A|Pelaksanaan Supervisi Proses Bisnis KPPN|00||0|0
2026|01|527094|015|08|WA|4719|EBA|02|51|2|003|100| B|Koordinasi Inovasi layanan|00||0|0
2026|01|527094|015|08|WA|4719|EBA|02|51|2|994|001| A|TANPA SUB KOMPONEN|00||0|0
2026|01|527094|015|08|WA|4719|EBA|02|51|2|005|100| A|Monitoring dan Evaluasi Implementasi ISO|00||0|0
2026|01|527094|015|08|WA|4719|EBA|02|51|2|005|100| B|Pelaksanaan Supervisi Teknis Aplikasi|00||0|0
2026|01|527094|015|08|WA|4719|EBC|02|51|2|001|100|XC|Penyelenggaraan Capacity Building|00||0|0
2026|01|527094|015|08|WA|4722|EBD|02|51|2|001|100| A|Pelaksanaan Manajemen Resiko dan Kepatuhan Internal|00||0|0
2026|01|527094|015|08|WA|4722|EBD|02|51|2|001|100| B|Pemantauan Kode Etik dan Kepatuhan Pegawai|00||0|0
2026|01|527137|015|08|CD|6212|FAC|02|52|2|001|100| A|Training Modul Aplikasi SAKTI|00||0|0
2026|01|527137|015|08|CD|6212|FAC|02|52|2|001|100| B|FGD dan Bimtek Transfer Keuangan Daerah|00||0|0
2026|01|527137|015|08|CD|6212|FAH|02|52|2|001|100| A|TANPA SUB KOMPONEN|00||0|0
2026|01|527137|015|08|CD|6212|FAL|02|52|2|004|100| A|Konsultasi|00||0|0
2026|01|527137|015|08|CD|6212|FAL|02|52|2|004|100| B|Sosialisasi dan Bimbingan Teknis|00||0|0
2026|01|527137|015|08|CD|6212|FAL|02|52|2|004|100| D|Pembinaan Pemda ,TKD dan Penandatangan BAR|00||0|0
2026|01|527137|015|08|CD|6213|FAC|02|52|2|001|100| A|Pembinaan Jabatan Fungsional Perbendaharaan|00||0|0
2026|01|527137|015|08|CD|6213|FAE|02|52|2|009|100| A|Monev Penyaluran Pembiayaan Ultra Mikro|00||0|0
2026|01|527137|015|08|CD|6213|FAL|02|52|2|003|100| A|Monev Pelaksanaan Anggaran|00||0|0
2026|01|527137|015|08|CD|6214|FAL|02|52|2|002|100| A|Pelaksanaan PencairanPenarikanpengesahan Dana|00||0|0
2026|01|527137|015|08|CD|6214|FAL|02|52|2|002|100| B|PenerbitanPersetujuanRekonsiliasi RekeningSKPPKonfirmasi Penerrimaan Negara dll|00||0|0
2026|01|527137|015|08|CD|6215|FAH|02|52|2|003|100| A|Penyusunan Laporan Keuangan Tingkat Kuasa BUN|00||0|0
2026|01|527137|015|08|WA|4715|EBA|02|52|2|001|100| A|TANPA SUB KOMPONEN|00||0|0
2026|01|527137|015|08|WA|4715|EBA|02|52|2|001|100| B|Koordinasi Penyusunan ATK PU|00||0|0
2026|01|527137|015|08|WA|4715|EBA|02|52|2|002|100| A|TANPA SUB KOMPONEN|00||0|0
2026|01|527137|015|08|WA|4715|EBA|02|52|2|994|002| A|Keperluan Seharihari Perkantoran|00||0|0
2026|01|527137|015|08|WA|4715|EBA|02|52|2|994|002| B|Langganan Daya dan Jasa|00||0|0
2026|01|527137|015|08|WA|4715|EBA|02|52|2|994|002| C|Pelaksanaan Operasional Kantor|00||0|0
2026|01|527137|015|08|WA|4715|EBA|02|52|2|994|002| D|Pemeliharaan Peralatan dan Mesin|00||0|0
2026|01|527137|015|08|WA|4715|EBA|02|52|2|994|002| G|Pemeliharaan Gedung dan Bangunan|00||0|0
2026|01|527137|015|08|WA|4715|EBA|02|52|2|994|002|HA|Dukungan Tusi- Konsultasi Pencairan Dana|00||0|0
2026|01|527137|015|08|WA|4715|EBA|02|52|2|994|002|HB|Dukungan Tusi-Review Belanja Pemerintah|00||0|0
2026|01|527137|015|08|WA|4715|EBA|02|52|2|994|002|HH|Dukungan Pelaksanaan Tusi Prioritas Direktif Presiden|00||0|0
2026|01|527137|015|08|WA|4715|EBA|02|52|2|994|002|TJ|Jasa Pemeliharaan /Annual Technical Support ( ATS )|00||0|0
2026|01|527137|015|08|WA|4715|EBB|02|52|2|002|100| A|TANPA SUB KOMPONEN|00||0|0
2026|01|527137|015|08|WA|4715|EBB|02|52|2|004|100|GB|Renovasi GedungBangunan Kantor|00||0|0
2026|01|527137|015|08|WA|4715|EBD|02|52|2|Z36|100| B|Pelaksanaan Manajemen Kinerja,Risiko dan Kepatuhan Internal|00||0|0
2026|01|527137|015|08|WA|4718|BMB|02|52|2|002|100| A|TANPA SUB KOMPONEN|00||0|0
2026|01|527137|015|08|WA|4718|BMB|02|52|2|001|100| A|TANPA SUB KOMPONEN|00||0|0
2026|01|527137|015|08|WA|4719|EBA|02|52|2|004|100| A|Survey Kepuasan Pengguna Layanan|00||0|0
2026|01|527137|015|08|WA|4719|EBA|02|52|2|994|001| A|TANPA SUB KOMPONEN|00||0|0
2026|01|527137|015|08|WA|4719|EBC|02|52|2|001|100|XC|Penyelenggaraan Capacity Building|00||0|0
2026|01|527010|015|08|CD|6212|AEF|01|51|1|001|100|JA|PB.60  Sosialisasi, Workshop dan ToT Standar Akuntansi Pemerintah (SAP)|00||0|0
2026|01|527010|015|08|CD|6212|AEF|01|51|1|001|100|JB|PB.60  Penyelenggaraan Helpdesk Standar Akuntansi Pemerintah|00||0|0
2026|01|527010|015|08|CD|6212|AEF|01|51|1|001|100|JC|PB.60  Forum Akuntansi Pemerintah Pusat|00||0|0
2026|01|527010|015|08|CD|6212|AEF|01|51|1|001|100|JD|PB.60  Publikasi LKPP, LKBUN dan LKPP Berbahasa Inggris Audited Tahun 2025|00||0|0
2026|01|527010|015|08|CD|6212|AEF|01|51|1|002|100|SA|PB.70  Sosialisasi Peraturan Terkait Jabatan Fungsional Bidang Perbendaharaan|00||0|0
2026|01|527010|015|08|CD|6212|AEF|01|51|1|004|100|HB|PB.40  FGD Investasipembiayaan Daerah dan Penerusan Pinjaman PemdaBUMD|00||0|0
2026|01|527010|015|08|CD|6212|AEF|01|51|1|004|100|HD|PB.40  Investasi Pemerintah|00||0|0
2026|01|527010|015|08|CD|6212|AEF|01|51|1|004|100|HE|PB.40  Workshop Pengelolaan Kredit Program|00||0|0
2026|01|527010|015|08|CD|6212|AEF|01|51|1|004|100|HG|PB.40  Bimbingan Teknis Pemanfaatan Sistem Informasi Kredit Program|00||0|0
2026|01|527010|015|08|CD|6212|AEF|01|51|1|005|100|HB|PB.40  Workshop Investasi BUMNPT|00||0|0
2026|01|527010|015|08|CD|6212|FAC|01|51|1|001|100|LA|PB.80  Komunikasi Implementasi Aplikasi  Direktorat SITP|00||0|0
2026|01|527010|015|08|CD|6212|FAC|01|51|1|003|100|IA|PB.50  FGDSosialisasiEdukasi Satker BLU  Direktorat Pembinaan PK BLU|00||0|0
2026|01|527010|015|08|CD|6212|FAC|01|51|1|004|100|IA|PB.50  Refreshment Operasionalisasi Aplikasi BiOS PK BLU  Direktorat Pembinaan PK BLU|00||0|0
2026|01|527010|015|08|CD|6212|FAC|01|51|1|005|100|FA|PB.20  Pengelolaan Penyaluran DAK Fisik, Dana BOS, dan Dana Desa|00||0|0
2026|01|527010|015|08|CD|6212|FAC|01|51|1|007|100|IA|PB.50  Collecting dan Evaluasi Data Analytical BLU Direktorat Pembinaan PK BLU|00||0|0
2026|01|527010|015|08|CD|6212|FAC|01|51|1|008|100|SA|PB.70  Pelaksanaan Sertifikasi Kompetensi PPK, PPSPM dan Bendahara|00||0|0
2026|01|527010|015|08|CD|6212|FAC|01|51|1|008|100|SB|PB.70  Pelaksanaan Penilaian Kinerja Jabatan Fungsional Bidang Perbendaharaan|00||0|0
2026|01|527010|015|08|CD|6212|FAC|01|51|1|008|100|SC|PB.70  Pembinaan Unit Pembina Jabatan Fungsional Bidang Perbendaharaan KL|00||0|0
2026|01|527010|015|08|CD|6212|FAH|01|51|1|001|100|JA|PB.60  Pembinaan Penyusunan Laporan Keuangan Kuasa BUN TA 2025|00||0|0
2026|01|527010|015|08|CD|6212|FAH|01|51|1|002|100|JA|PB.60  Forum Group Discussion, Diseminasi serta Bimbingan Teknis GFS kepada Pihak Internal dan Eksternal DJPb|00||0|0
2026|01|527010|015|08|CD|6212|FAH|01|51|1|003|100|JA|PB.60  Penyuluhan Penyusunan Laporan Keuangan KL dan BUN TA 2025 Level Operator|00||0|0
2026|01|527010|015|08|CD|6212|FAH|01|51|1|003|100|JB|PB.60  Sosialisasi Peraturan dan Sistem Aplikasi Terbaru|00||0|0
2026|01|527010|015|08|CD|6212|FAH|01|51|1|003|100|JC|PB.60  Pembinaan Penyusunan Laporan Keuangan KL (LKKL) TA 2025|00||0|0
2026|01|527010|015|08|CD|6212|FAL|01|51|1|002|100|OB|PB.30  Analisis Meeting Oleh Chief Economist Perbankan dan Perusahaan Sekuritas dan FGD Risk And  Portfolio Management|00||0|0
2026|01|527010|015|08|CD|6212|FAL|01|51|1|002|100|OC|PB.30  Workshop, FGD dan Sosialisasi  Pengelolaan Kas Negara|00||0|0
2026|01|527010|015|08|CD|6212|FAL|01|51|1|002|100|OE|PB.30  Bimbingan Teknis dan Sosialisasi terkait Pengelolaan Kas Negara|00||0|0
2026|01|527010|015|08|CD|6212|FAL|01|51|1|002|100|OG|PB.30  Knowledge Sharing Program Active Cash Management|00||0|0
2026|01|527010|015|08|CD|6212|FAL|01|51|1|002|100|OH|PB.30  Pembinaan Bendahara Instansi Pada Kanwil dan KPPN|00||0|0
2026|01|527010|015|08|CD|6212|FAL|01|51|1|002|100|OJ|PB.30  Monev terkait Sistem Penyetoran Pajak Ke Kas Negara yang Terintegrasi Pencairan Dana Belanja Daerah|00||0|0
2026|01|527010|015|08|CD|6212|UAL|01|51|1|208|100|OE|PB.30  Workshop, FGD, dan Sosialisasi terkait Penggunaan Digital Payment  Marketplace|00||0|0
2026|01|527010|015|08|CD|6213|FAE|01|51|1|001|100|CA|PB.13 Monev Pengelolaan Kas|00||0|0
2026|01|527010|015|08|CD|6213|FAE|01|51|1|001|100|MA|PB.TP  Penyusunan Kajian Bidang Perbendaharaan|00||0|0
2026|01|527010|015|08|CD|6213|FAE|01|51|1|001|100|OB|PB.30  Rapat Koordinasi Pinjaman dan Hibah|00||0|0
2026|01|527010|015|08|CD|6213|FAE|01|51|1|001|100|OD|PB.30  Monitoring dan evaluasi Implementasi Teasury Billing System|00||0|0
2026|01|527010|015|08|CD|6213|FAE|01|51|1|002|100|SB|PB.70  Monitoring Implementasi Proses Bisnis pada Ditjen Perbendaharaan|00||0|0
2026|01|527010|015|08|CD|6213|FAE|01|51|1|003|100|CA|PB.13 Rekomendasi Peningkatan Kinerja BLU|00||0|0
2026|01|527010|015|08|CD|6213|FAE|01|51|1|003|100|IA|PB.50  Monitoring dan Evaluasi Kinerja dan Layanan  Direktorat Pembinaan PK BLU|00||0|0
2026|01|527010|015|08|CD|6213|FAE|01|51|1|003|100|IC|PB.50  Survey Pengguna Layanan Satker PK BLU  Direktorat Pembinaan PK BLU|00||0|0
2026|01|527010|015|08|CD|6213|FAE|01|51|1|003|100|IE|PB.50  Monitoring dan Evaluasi Maturity Rating Satker PK BLU  Direktorat Pembinaan PK BLU|00||0|0
2026|01|527010|015|08|CD|6213|FAE|01|51|1|003|100|IF|Monitoring dan Evaluasi Pemberdayaan UMKM Lingkup DJPB|00||0|0
2026|01|527010|015|08|CD|6213|FAE|01|51|1|004|100|OA|PB.30  Monitoring dan Evaluasi Kemitraan BUMPUN dan Counterparty Pengelolaan SBN|00||0|0
2026|01|527010|015|08|CD|6213|FAE|01|51|1|004|100|OB|PB.30  Monitoring dan Evaluasi Perjanjian Kerjasama dengan Perbankan|00||0|0
2026|01|527010|015|08|CD|6213|FAE|01|51|1|009|100|HA|PB.40  Monitoring dan Evaluasi terkait Kredit Program|00||0|0
2026|01|527010|015|08|CD|6213|FAE|01|51|1|009|100|HB|PB.40  Monitoring dan Evaluasi Penyaluran Pinjaman|00||0|0
2026|01|527010|015|08|CD|6213|FAH|01|51|1|001|100|JA|PB.60  Monitoring Implementasi Standar Akuntansi Pemerintah (SAP)|00||0|0
2026|01|527010|015|08|CD|6213|FAH|01|51|1|001|100|JB|PB.60  Monitoring Tindak Lanjut Pemerintah terhadap Temuan Pemeriksaan BPK atas LKPP|00||0|0
2026|01|527010|015|08|CD|6213|FAL|01|51|1|003|100|CA|PB.13  Pelaksanaan Kajian Fiskal Regional di Daerah|00||0|0
2026|01|527010|015|08|CD|6213|FAL|01|51|1|003|100|FA|PB.20  Spending Review|00||0|0
2026|01|527010|015|08|CD|6213|FAL|01|51|1|003|100|FB|PB.20  Kajian Fiskal Regional|00||0|0
2026|01|527010|015|08|CD|6213|FAL|01|51|1|003|100|FC|PB.20  Reviu Pelaksanaan Anggaran|00||0|0
2026|01|527010|015|08|CD|6214|AED|01|51|1|002|100|HA|PB.40  Penyusunan Perjanjian Terkait Investasi Pemerintah|00||0|0
2026|01|527010|015|08|CD|6214|FAE|01|51|1|001|100|CA|PB.13 Rekomendasi Investasi Pemerintah|00||0|0
2026|01|527010|015|08|CD|6214|FAE|01|51|1|001|100|HA|PB.40  Penyusunan Kajian Terkait Investasi Pemerintah|00||0|0
2026|01|527010|015|08|CD|6214|FAE|01|51|1|001|100|HB|PB.40  Penerusan Pinjaman Kepada BUMNBHLBLU|00||0|0
2026|01|527010|015|08|CD|6214|FAE|01|51|1|001|100|HC|PB.40  Penyelesaian Piutang Negara Terkait Investasi Pemerintah|00||0|0
2026|01|527010|015|08|CD|6214|FAE|01|51|1|001|100|HD|PB.40  Pengelolaan Kinerja Investasi|00||0|0
2026|01|527010|015|08|CD|6214|FAE|01|51|1|001|100|HE|PB.40  Riset dan Pengembangan Kebijakan Investasi Pemerintah|00||0|0
2026|01|527010|015|08|CD|6214|FAE|01|51|1|001|100|MA|PB.TP  Penyusunan Kajian Bidang Perbendaharaan|00||0|0
2026|01|527010|015|08|CD|6214|FAL|01|51|1|003|100|OA|PB.30  Rapat Dalam Rangka Perencanaan dan Optimalisasi Kas Pemerintah|00||0|0
2026|01|527010|015|08|CD|6214|FAL|01|51|1|003|100|OD|PB.30  Pembahasan dan Penyelesaian Pengelolaan Kas Negara|00||0|0
2026|01|527010|015|08|CD|6214|UAE|01|51|1|203|100|HB|PB.40 Monitoring dan Evaluasi skema baru Pembiayaan UMi|00||0|0
2026|01|527010|015|08|CD|6215|FAH|01|51|1|001|100|JA|PB.60  Government Finance Statistic (GFS)|00||0|0
2026|01|527010|015|08|CD|6215|FAH|01|51|1|003|100|JA|PB.60  Laporan Keuangan BUN TA 2026|00||0|0
2026|01|527010|015|08|CD|6215|FAH|01|51|1|003|100|JB|PB.60  Laporan Keuangan BUN Semester I TA 2026|00||0|0
2026|01|527010|015|08|CD|6215|FAH|01|51|1|003|100|OA|PB.30  Penyusunan LK SiAP (BA 999.00) dan LK SATK PKN (BA 999.99) serta Buku Merah|00||0|0
2026|01|527010|015|08|CD|6215|FAH|01|51|1|003|100|OB|PB.30  Penyusunan UAR dan UAT Sistem Aplikasi Penunjang Layanan (OMSPAN)|00||0|0
2026|01|527010|015|08|CD|6215|FAH|01|51|1|004|100|JA|PB.60  Laporan Keuangan Pemerintah Pusat TA 2025|00||0|0
2026|01|527010|015|08|CD|6215|FAH|01|51|1|004|100|JB|PB.60  Laporan Keuangan Pemerintah Pusat Semester I TA 2026|00||0|0
2026|01|527010|015|08|CD|6215|FAH|01|51|1|004|100|JC|PB.60  Analisis Fiskal dan Makro Ekonomi LKPP|00||0|0
2026|01|527010|015|08|CD|6215|FAH|01|51|1|005|100|HA|PB.40  Konsolidasi Laporan Pelaksanaan Investasi Pemerintah|00||0|0
2026|01|527010|015|08|CD|6216|AAA|01|51|1|A01|100|JA|PB.60  Penyusunan RUU PP APBN TA 2025|00||0|0
2026|01|527010|015|08|CD|6216|AAA|01|51|1|A01|100|JB|PB.60  Tim Pembahasan Rancangan UndangUndang tentang Pertanggungjawaban atas Pelaksanaan APBN|00||0|0
2026|01|527010|015|08|CD|6216|AAC|01|51|1|B01|100|SA|PB.70  Penyempurnaan Peraturan Terkait Pelaksanaan Anggaran|00||0|0
2026|01|527010|015|08|CD|6216|AAG|01|51|1|D01|100|IA|PB.50  Penetapan Satker PK BLU|00||0|0
2026|01|527010|015|08|CD|6216|AAG|01|51|1|D01|100|IB|PB.50  Penetapan Tarif Layanan dan Remunerasi Satker PK BLU|00||0|0
2026|01|527010|015|08|CD|6216|AAG|01|51|1|E01|100|FA|PB.20  Peraturan Menteri Mengenai Pembayaran Atas Beban APBN|00||0|0
2026|01|527010|015|08|CD|6216|AAG|01|51|1|E02|100|HA|PB.40  Penyusunan Peraturan dan Keputusan (termasuk kegiatan persiapan)|00||0|0
2026|01|527010|015|08|CD|6216|AAH|01|51|1|F01|100|JA|PB.60  Penyusunan Buku Panduan Teknis dan Analisis Laporan Keuangan|00||0|0
2026|01|527010|015|08|CD|6216|AAH|01|51|1|F01|100|JC|PB.60  Penyusunan Peraturan SAPP|00||0|0
2026|01|527010|015|08|CD|6216|AAH|01|51|1|F02|100|SA|PB.70  Peraturan Lainnya Mengenai Pembayaran Atas Beban APBN|00||0|0
2026|01|527010|015|08|CD|6216|AAH|01|51|1|F03|100|OB|PB.30  Penyusunan Peraturan dan Petunjuk Teknis Terkait dengan Peningkatan Pengelolaan Kas Negara|00||0|0
2026|01|527010|015|08|CD|6216|AAH|01|51|1|F04|100|IA|PB.50  Sinkronisasi dan Harmonisasi Peraturan PK BLU  Direktorat Pembinaan PK BLU|00||0|0
2026|01|527010|015|08|CD|6216|AAH|01|51|1|F04|100|IB|PB.50  Penyusunan Peraturan dan Pedoman Teknis PK BLU  Direktorat Pembinaan PK BLU|00||0|0
2026|01|527010|015|08|CD|6216|FAE|01|51|1|001|100|OA|PB.30  Penyusunan Masukan Pemerintah terkait Pencetakan Uang oleh Bank Indonesia|00||0|0
2026|01|527010|015|08|CD|6216|FAE|01|51|1|003|100|JA|PB.60  Penyusunan Kajian Standar Akuntansi Pemerintahan Dit. APK|00||0|0
2026|01|527010|015|08|CD|6216|FAE|01|51|1|003|100|SA|PB.70  Rekomendasi atas Implementasi Peraturan dan Perbaikan Peraturan|00||0|0
2026|01|527010|015|08|CD|6216|FAE|01|51|1|003|100|SB|PB.70  Evaluasi Peraturan Perbendaharaan|00||0|0
2026|01|527010|015|08|CD|6216|FAE|01|51|1|003|100|SC|PB.70  Tindak Lanjut atas Evaluasi Implementasi Peraturan, dan Penyelesaian Permasalahan terkait Sistem Perbendaharaan|00||0|0
2026|01|527010|015|08|CD|6216|FAE|01|51|1|003|100|SD|PB.70  Penelitian dan Pengembangan Sistem Pembayaran dan Pengelolaan Liquiditas|00||0|0
2026|01|527010|015|08|CD|6216|FAE|01|51|1|003|100|SE|PB.70  Sinkronisasi Kerjasama Kelembagaan|00||0|0
2026|01|527010|015|08|CD|6216|FAE|01|51|1|003|100|SF|PB.70  Kerjasama dengan KementerianLembaga|00||0|0
2026|01|527010|015|08|CD|6216|FAE|01|51|1|003|100|SG|PB.70  Penelitian dan Pengembangan Sistem Penerimaan, dan Pelaporan|00||0|0
2026|01|527010|015|08|CD|6216|FAE|01|51|1|003|100|SH|PB.70  Penelitian dan Pengembangan Misi Khusus Perbendaharaan|00||0|0
2026|01|527010|015|08|CD|6216|FAE|01|51|1|003|100|SI|PB.70  FGDSeminar Hukum keuangan Negara|00||0|0
2026|01|527010|015|08|CD|6216|FAE|01|51|1|003|100|SJ|PB.70  Penyusunan Tata Kelola Implementasi, Pelaksanaan Manajemen Perubahan dan Komunikasi Transformasi Kelembagaan|00||0|0
2026|01|527010|015|08|CD|6216|FAE|01|51|1|004|100|OA|PB.30  Pengelolaan Rekening Pemerintah|00||0|0
2026|01|527010|015|08|WA|4711|EBA|01|51|1|Z04|100|EA|PB.15  Penanganan Permasalahan Hukum non Keuangan Negara oleh Bagian KI|00||0|0
2026|01|527010|015|08|WA|4711|EBA|01|51|1|Z04|100|SA|PB.70  Pelaksanaan Bantuan Penanganan Masalah Hukum, Pendampingan, Pemberian Keterangan Ahli, pembelajaran Hukum, Koordinasi dan Kegiatan Terkait Lainnya|00||0|0
2026|01|527010|015|08|WA|4715|EBA|01|51|1|001|100|BA|PB.12  Implementasi Administrasi Kepegawaian Bagian SDM|00||0|0
2026|01|527010|015|08|WA|4715|EBA|01|51|1|001|100|CA|PB.13 Dukungan Kerumahtanggan Kantor Vertikal|00||0|0
2026|01|527010|015|08|WA|4715|EBA|01|51|1|001|100|DA|PB.14  Pengelolaan Rumah Tangga Bagian Umum|00||0|0
2026|01|527010|015|08|WA|4715|EBA|01|51|1|001|100|HA|PB.40  Pengelolaan Ketatausahaan Direktorat Sistem Manajemen Investasi|00||0|0
2026|01|527010|015|08|WA|4715|EBA|01|51|1|001|100|HB|PB.40 Pengelolaan Bantuan Hukum Investasi Pemerintah|00||0|0
2026|01|527010|015|08|WA|4715|EBA|01|51|1|001|100|IA|PB.50  Pengelolaan Keatausahaan  Direktorat Pembinaan PK BLU|00||0|0
2026|01|527010|015|08|WA|4715|EBA|01|51|1|001|100|JA|PB.60  Pengelolaan Ketatausahaan Direktorat APK|00||0|0
2026|01|527010|015|08|WA|4715|EBA|01|51|1|002|100|AA|PB.11  Sinkronisasi Agenda Strategis dan Monev Tindak Lanjut Kebijakan Pimpinan|00||0|0
2026|01|527010|015|08|WA|4715|EBA|01|51|1|002|100|CA|PB.13  Dukungan Keprotokoleran Direktur Jenderal Perbendaharaan dan Sekretaris Ditjen Perbendaharaan|00||0|0
2026|01|527010|015|08|WA|4715|EBA|01|51|1|002|100|CC|PB.13  Kegiatan Strategis Pimpinan|00||0|0
2026|01|527010|015|08|WA|4715|EBA|01|51|1|002|100|FA|PB.20  Dukungan Keprotokoleran Perjalanan Dinas Direktur Pelaksanaan Anggaran|00||0|0
2026|01|527010|015|08|WA|4715|EBA|01|51|1|002|100|HA|PB.40  Dukungan Keprotokoleran Perjalanan Dinas Direktur Sistem Manajemen Investasi|00||0|0
2026|01|527010|015|08|WA|4715|EBA|01|51|1|002|100|IA|PB.50  Dukungan Keprotokoler Perjalanan Dinas Direktur  Direktorat Pembinaan PK BLU|00||0|0
2026|01|527010|015|08|WA|4715|EBA|01|51|1|002|100|LA|PB.80  Dukungan Keprotokoleran Direktur SITP|00||0|0
2026|01|527010|015|08|WA|4715|EBA|01|51|1|002|100|OA|PB.30  Dukungan Keprotokoleran Perjalanan Dinas Direktur PKN|00||0|0
2026|01|527010|015|08|WA|4715|EBA|01|51|1|002|100|SA|PB.70  Dukungan Keprotokoleran Perjalanan Dinas Direktur Sistem Perbendaharaan|00||0|0
2026|01|527010|015|08|WA|4715|EBA|01|51|1|003|100|DA|PB.14  Perencanaan, Pelaksanaan, Pembinaan dan Evaluasi Pengadaan Barang dan Jasa|00||0|0
2026|01|527010|015|08|WA|4715|EBA|01|51|1|003|100|DB|PB.14  Pembinaan Pengelolaan BMN Ditjen Perbendaharaan|00||0|0
2026|01|527010|015|08|WA|4715|EBA|01|51|1|003|100|DC|PB.14  Penertiban Rumah Negara|00||0|0
2026|01|527010|015|08|WA|4715|EBA|01|51|1|003|100|DD|PB.14  Taskforce Pemenuhan Kebutuhan BMN dan Anggaran|00||0|0
2026|01|527010|015|08|WA|4715|EBA|01|51|1|994|002|BA|PB.12 Magang Reguler Lingkup Ditjen Perbendaharaan|00||0|0
2026|01|527010|015|08|WA|4715|EBA|01|51|1|994|002|CA|PB.13  Honorarium Pengelola Unit Akuntansi Direktorat Jenderal Perbendaharaan|00||0|0
2026|01|527010|015|08|WA|4715|EBA|01|51|1|994|002|CB|PB.13  Honorarium Operasional Satker PNBP BUN|00||0|0
2026|01|527010|015|08|WA|4715|EBA|01|51|1|994|002|CC|PB.13 - Dukungan Tusi Program Prioritas Presiden|00||0|0
2026|01|527010|015|08|WA|4715|EBA|01|51|1|994|002|CD|PB.13 - Dukungan Operasional Tusi Kantor Vertikal|00||0|0
2026|01|527010|015|08|WA|4715|EBA|01|51|1|994|002|DA|PB.14  Keperluan Seharihari Perkantoran|00||0|0
2026|01|527010|015|08|WA|4715|EBA|01|51|1|994|002|DB|PB.14  Langganan Daya dan Jasa|00||0|0
2026|01|527010|015|08|WA|4715|EBA|01|51|1|994|002|DC|PB.14  Honorarium Pengelola Keuangan Satker Kantor Pusat Ditjen Perbendaharaan|00||0|0
2026|01|527010|015|08|WA|4715|EBA|01|51|1|994|002|DD|PB.14  Pemeliharaan Peralatan dan Mesin|00||0|0
2026|01|527010|015|08|WA|4715|EBA|01|51|1|994|002|DE|PB.14  Pemeliharaan GedungBangunan Aset Kantor Pusat Ditjen Perbendaharaan|00||0|0
2026|01|527010|015|08|WA|4715|EBA|01|51|1|994|002|HA|PB.40  Honorarium Pengelola DIPA Penerusan Pinjaman, Subsidi,Transfer  Investasi Pemerintah|00||0|0
2026|01|527010|015|08|WA|4715|EBA|01|51|1|994|002|HB|PB.12 Dukungan Tusi - Pengembangan SDM|00||0|0
2026|01|527010|015|08|WA|4715|EBA|01|51|1|994|002|HC|PB.70 - Penelitian dan Pengembangan Misi Khusus Perbendaharaan|00||0|0
2026|01|527010|015|08|WA|4715|EBA|01|51|1|994|002|IA|PB.50  Dukungan Operasional  Direktorat Pembinaan PK BLU|00||0|0
2026|01|527010|015|08|WA|4715|EBA|01|51|1|994|002|OA|PB.30  Dukungan Operasional Ketatausahaan Direktorat PKN|00||0|0
2026|01|527010|015|08|WA|4715|EBA|01|51|1|994|002|SA|PB.70  Honorarium Pengelolaan Keuangan Bagian Anggaran 999.99 Dit. SP|00||0|0
2026|01|527010|015|08|WA|4715|EBA|01|51|1|994|002|TJ|PB.14  Jasa PemeliharaanAnnual Technical Support (ATS)|00||0|0
2026|01|527010|015|08|WA|4715|EBA|01|51|1|994|002|TZ|PB.13  Pemeliharaan TIKAnnual Technical Support (ATS)|00||0|0
2026|01|527010|015|08|WA|4715|EBA|01|51|1|994|002|XA|PB.13 Dukungan Tusi - Perjalanan Dinas Mutasi|00||0|0
2026|01|527010|015|08|WA|4715|EBB|01|51|1|001|100|KC|PB.14  Kendaraan Dinas Jabatan Roda 4|00||0|0
2026|01|527010|015|08|WA|4715|EBB|01|51|1|002|100|DA|PB.14  Peralatan Fasilitas Perkantoran Kantor Pusat DJPb|00||0|0
2026|01|527010|015|08|WA|4715|EBB|01|51|1|002|100|DB|PB.14  Peralatan Fasilitas Perkantoran Kantor Pusat DJPb|00||0|0
2026|01|527010|015|08|WA|4715|EBB|01|51|1|004|100|GB|PB.14  Renovasi GedungBangunan Kantor|00||0|0
2026|01|527010|015|08|WA|4715|EBB|01|51|1|004|100|RB|PB.14  Renovasi Rumah Dinas|00||0|0
2026|01|527010|015|08|WA|4715|EBD|01|51|1|001|100|CA|PB.13  Baseline|00||0|0
2026|01|527010|015|08|WA|4715|EBD|01|51|1|001|100|CB|PB.13  Pagu Indikatif|00||0|0
2026|01|527010|015|08|WA|4715|EBD|01|51|1|001|100|CC|PB.13  Pagu Anggaran|00||0|0
2026|01|527010|015|08|WA|4715|EBD|01|51|1|001|100|CD|PB.13  Alokasi Anggaran|00||0|0
2026|01|527010|015|08|WA|4715|EBD|01|51|1|004|100|CA|PB.13  Pengelolaan Perbendaharaan|00||0|0
2026|01|527010|015|08|WA|4715|EBD|01|51|1|004|100|CB|PB.13  Pengelolaan Belanja Pegawai|00||0|0
2026|01|527010|015|08|WA|4715|EBD|01|51|1|004|100|CC|PB.13  Pengelolaan Aplikasi Perbendaharaan|00||0|0
2026|01|527010|015|08|WA|4715|EBD|01|51|1|004|100|CD|PB.13  Evaluasi Persiapan, Pelaksanaan, Penyusunan Anggaran dan Pelaporan Keuangan|00||0|0
2026|01|527010|015|08|WA|4715|EBD|01|51|1|974|100|DA|PB.14  Pengelolaan Kearsipan|00||0|0
2026|01|527010|015|08|WA|4715|EBD|01|51|1|974|100|DB|PB.14  PenataanPenghapusan Arsip|00||0|0
2026|01|527010|015|08|WA|4715|EBD|01|51|1|Z26|100|CA|PB.13  Laporan Keuangan TA 2025|00||0|0
2026|01|527010|015|08|WA|4715|EBD|01|51|1|Z26|100|CB|PB.13  Laporan Keuangan Semester I TA 2025|00||0|0
2026|01|527010|015|08|WA|4715|EBD|01|51|1|Z26|100|CC|PB.13  Laporan Tindak Lanjut Hasil Pengawasan Pemeriksaan|00||0|0
2026|01|527010|015|08|WA|4715|EBD|01|51|1|Z26|100|CD|PB.13  Konsolidasi Laporan Tingkat KL|00||0|0
2026|01|527010|015|08|WA|4715|EBD|01|51|1|Z26|100|SA|PB.70  Perhitungan dan Analisis Realisasi Pembayaran serta Pengelolaan Keuangan dan Sistem Akuntansi Instansi Program Jaminan Sosial, PFK, SiLPA dan Penyelesaian TGR|00||0|0
2026|01|527010|015|08|WA|4715|EBD|01|51|1|Z36|100|AA|PB.11  Perumusan Kebijakan Pengelolaan Kinerja Organisasi|00||0|0
2026|01|527010|015|08|WA|4715|EBD|01|51|1|Z36|100|AB|PB.11  Internalisasi dan Evaluasi Implementasi Pengelolaan Kinerja Organisasi DJPb|00||0|0
2026|01|527010|015|08|WA|4715|EBD|01|51|1|Z36|100|AC|PB.11  Perumusan dan Pengukuran Sistem Akuntabilitas Kinerja DJPb|00||0|0
2026|01|527010|015|08|WA|4718|BMB|01|51|1|001|100|DA|PB.14  Penyelenggaraan Kegiatan Edukasi Publik|00||0|0
2026|01|527010|015|08|WA|4718|BMB|01|51|1|002|100|DA|PB.14  Penyelenggaraan Kehumasan|00||0|0
2026|01|527010|015|08|WA|4718|BMB|01|51|1|002|100|QA|PB.16  Kerja Sama Kelembagaan|00||0|0
2026|01|527010|015|08|WA|4718|BMB|01|51|1|002|100|QB|PB.16  Strategi Komunikasi dan Publikasi|00||0|0
2026|01|527010|015|08|WA|4718|BMB|01|51|1|002|100|QC|PB.16  Layanan Informasi dan Hubungan Media|00||0|0
2026|01|527010|015|08|WA|4718|BMB|01|51|1|003|100|AA|PB.11  Implementasi PUG Ditjen Perbendaharaan|00||0|0
2026|01|527010|015|08|WA|4719|EBA|01|51|1|003|100|AA|PB.11  Perumusan, Penyempurnaan, dan Monev Proses Bisnis Kantor Vertikal DJPb di Bidang Perbendaharaan (Supervisi Proses Bisnis Kanwil DJPb dan KPPN)|00||0|0
2026|01|527010|015|08|WA|4719|EBA|01|51|1|003|100|AB|PB.11  Dukungan Transformasi Pola Kerja melalui Intress Office, Integrasi Layanan (FO Layanan Bersama dan Kemenkeu Satu) dan Monev Manajemen Keberlangsungan Bisnis|00||0|0
2026|01|527010|015|08|WA|4719|EBA|01|51|1|003|100|AC|PB.11  Monev Analisis Beban Kerja dan Simplifikasi Laporan|00||0|0
2026|01|527010|015|08|WA|4719|EBA|01|51|1|003|100|AD|PB.11  Pengukuran Efektivitas dan Evaluasi Implementasi Renstra DJPb 20252029|00||0|0
2026|01|527010|015|08|WA|4719|EBA|01|51|1|003|100|AE|PB.11  Pengembangan Kajian dan Kebijakan Penataan dan Transformasi Organisasi Instansi Vertikal|00||0|0
2026|01|527010|015|08|WA|4719|EBA|01|51|1|003|100|AF|PB.11  Pengembangan Kajian dan Kebijakan Penataan dan Transformasi Organisasi Kantor Pusat|00||0|0
2026|01|527010|015|08|WA|4719|EBA|01|51|1|003|100|AG|PB.11  Monev Kebijakan Pelaksanaan Badan Pengarah Papua (BPP)  DOB|00||0|0
2026|01|527010|015|08|WA|4719|EBA|01|51|1|003|100|AH|PB.11  Change Management Kebijakan Penataan Organisasi DJPb|00||0|0
2026|01|527010|015|08|WA|4719|EBA|01|51|1|003|100|AI|PB.11  Pengembangan Kajian dan Kebijakan Terkait Pelayanan DJPb melalui Penajaman CSO dan Treasury Connect|00||0|0
2026|01|527010|015|08|WA|4719|EBA|01|51|1|003|100|AJ|PB.11  Monev atas Implementasi Regional Chief Economist dan Financial Advisor|00||0|0
2026|01|527010|015|08|WA|4719|EBA|01|51|1|003|100|AK|PB.11  Dukungan Strategis Pembangunan Ibu Kota Negara (IKN)|00||0|0
2026|01|527010|015|08|WA|4719|EBA|01|51|1|003|100|AL|PB.11  Dukungan Strategis Organisasi dan Koordinasi Lintas Wilayah|00||0|0
2026|01|527010|015|08|WA|4719|EBA|01|51|1|003|100|BA|PB.12 Rekomendasi Implementasi Administrasi Kepegawaaian|00||0|0
2026|01|527010|015|08|WA|4719|EBA|01|51|1|003|100|CC|PB.13  Dukungan Monitoring Pelaksanaan Pokja Papua dan Pemda|00||0|0
2026|01|527010|015|08|WA|4719|EBA|01|51|1|003|100|CD|PB.13  Konferensi Pimpinan Perbendaharaan|00||0|0
2026|01|527010|015|08|WA|4719|EBA|01|51|1|003|100|DA|PB.14  Board of Directors (BoD) Rencana Strategis DJPb|00||0|0
2026|01|527010|015|08|WA|4719|EBA|01|51|1|003|100|DB|PB.14 Dukungan Rapat Pimpinan|00||0|0
2026|01|527010|015|08|WA|4719|EBA|01|51|1|003|100|DC|PB.14 - Rekomendasi Pengelolaan Kerumahtanggaan|00||0|0
2026|01|527010|015|08|WA|4719|EBA|01|51|1|003|100|DD|PB.14 Rekomendasi Perencanaan, Pelaksanaan, Pembinaan dan Evaluasi Pengadaan Barang dan Jasa|00||0|0
2026|01|527010|015|08|WA|4719|EBA|01|51|1|003|100|DE|PB.14 Rekomendasi Pengelolaan Aset Ditjen Perbendaharaan|00||0|0
2026|01|527010|015|08|WA|4719|EBA|01|51|1|003|100|DF|PB.14 Rekomendasi Pengelolaan Kearsipan|00||0|0
2026|01|527010|015|08|WA|4719|EBA|01|51|1|003|100|EA|PB.15 Rekomendasi Dukungan Monitoring Kepatuhan Organisasi dan Koordinasi Lintas K/L|00||0|0
2026|01|527010|015|08|WA|4719|EBA|01|51|1|003|100|FA|PB.20 Rekomendasi Evaluasi Pelaksanaan Anggaran Belanja Prioritas Pemerintah|00||0|0
2026|01|527010|015|08|WA|4719|EBA|01|51|1|003|100|HA|PB.40. Dukungan Keprotokoleran Perjalanan Dinas Direktur Sistem Manajemen Investasi|00||0|0
2026|01|527010|015|08|WA|4719|EBA|01|51|1|003|100|IA|PB.50 Rekomendasi Pengembangan Tugas Pengelolaan BLU, BLUD, dan UMKM|00||0|0
2026|01|527010|015|08|WA|4719|EBA|01|51|1|003|100|QA|PB.16 Rekomendasi Penguatan Strategi Komunikasi Ekonomi dan Fiskal|00||0|0
2026|01|527010|015|08|WA|4719|EBA|01|51|1|003|100|QB|PB.16 - Rekomendasi Penguatan Strategi Komunikasi Ekonomi dan Fiskal|00||0|0
2026|01|527010|015|08|WA|4719|EBA|01|51|1|003|100|QC|PB.16 Rekomendasi Strategi Komunikasi dan Publikasi|00||0|0
2026|01|527010|015|08|WA|4719|EBA|01|51|1|003|100|QD|PB.16 Rekomdasi Layanan Informasi dan Hubungan Media|00||0|0
2026|01|527010|015|08|WA|4719|EBA|01|51|1|004|100|AA|PB.11  Pengukuran Efektivitas Implementasi Regulasi di Bidang Perbendaharaan (Monev SOP, Perdirjen, Kepdirjen dan regulasi lainnya)|00||0|0
2026|01|527010|015|08|WA|4719|EBA|01|51|1|004|100|AB|PB.11  Pengukuran Kualitas Layanan dan Pembinaan Kantor Vertikal di Tingkat Kementerian Keuangan serta Pengawalan Inovasi Kementerian Keuangan|00||0|0
2026|01|527010|015|08|WA|4719|EBA|01|51|1|004|100|AC|PB.11  Monev Tata Laksana Layanan Kantor Vertikal, Implementasi layanan berstandar Internasional dan Pengembangan Enterprise Architecture DJPb|00||0|0
2026|01|527010|015|08|WA|4719|EBA|01|51|1|004|100|AD|PB.11  Monev Tindak Lanjut hasil Survei MOFIN|00||0|0
2026|01|527010|015|08|WA|4719|EBA|01|51|1|007|100|EA|PB.15  Implementasi ISO 37001 tentang Sistem Manajemen Anti Penyuapan|00||0|0
2026|01|527010|015|08|WA|4719|EBA|01|51|1|994|001|CA|PB.13  Pembayaran Gaji dan Tunjangan|00||0|0
2026|01|527010|015|08|WA|4719|EBA|01|51|1|994|001|CB|PB.13  Pembayaran Gaji dan Tunjangan PPPK|00||0|0
2026|01|527010|015|08|WA|4719|EBC|01|51|1|001|100|BA|PB.12  Perencanaan Strategis Bidang SDM  Bagian SDM|00||0|0
2026|01|527010|015|08|WA|4719|EBC|01|51|1|001|100|BB|PB.12  Implementasi Manajemen Talenta Bagian SDM|00||0|0
2026|01|527010|015|08|WA|4719|EBC|01|51|1|001|100|BC|PB.12  Pengembangan SDM Ditjen Perbendaharaan  Bagian SDM|00||0|0
2026|01|527010|015|08|WA|4719|EBC|01|51|1|001|100|CA|PB.13  Kesejahteraan Mental Pegawai|00||0|0
2026|01|527010|015|08|WA|4719|EBC|01|51|1|001|100|DA|PB.14  Workshop Pengadaan Barang dan Jasa|00||0|0
2026|01|527010|015|08|WA|4719|EBC|01|51|1|001|100|DC|PB.14  Pengembangan Kapasitas Kehumasan dan Evaluasi Publikasi|00||0|0
2026|01|527010|015|08|WA|4719|EBC|01|51|1|001|100|IA|PB.50Pengembangan Kapasitas SDM Dit. PK BLU  Direktorat Pembinaan PK BLU|00||0|0
2026|01|527010|015|08|WA|4719|EBC|01|51|1|001|100|OB|PB.30  Evaluasi Internal Direktorat Pengelolaan Kas Negara|00||0|0
2026|01|527010|015|08|WA|4719|EBC|01|51|1|001|100|OD|PB.30  Forum Mata Uang dengan Bank Indonesia|00||0|0
2026|01|527010|015|08|WA|4719|EBC|01|51|1|001|100|OE|PB.30  SIT dan UAT Ulang Sistem Pembayaran Collecting Agent akibat Implementasi Core Tax Administration|00||0|0
2026|01|527010|015|08|WA|4719|EBC|01|51|1|001|100|XB|PB.80  Pengembangan Kapabilitas SDM TIK|00||0|0
2026|01|527010|015|08|WA|4719|EBC|01|51|1|003|100|BA|PB.12  Implementasi Administrasi Kepegawaian Bagian SDM|00||0|0
2026|01|527010|015|08|WA|4719|EBC|01|51|1|003|100|BB|PB.12  Penetapan Jabatan dan Peringkat, Mutasi serta Penilaian Kinerja Pegawai  Bagian SDM|00||0|0
2026|01|527010|015|08|WA|4719|EBC|01|51|1|003|100|CA|PB.13  Pesangon Pindah dan Menetap Pensiun Bagian Keuangan|00||0|0
2026|01|527010|015|08|WA|4719|EBC|01|51|1|003|100|XA|PB.12  Pelaksanaan Mutasi|00||0|0
2026|01|527010|015|08|WA|4719|EBC|01|51|1|004|100|AA|PB.11  Pengembangan Kajian dan Kebijakan Jabatan Fungsional Tertutup Bidang Tugas Perbendaharaan|00||0|0
2026|01|527010|015|08|WA|4719|EBC|01|51|1|004|100|BA|PB.12  Pengelolaan Jabatan Fungsional Tertutup DJPb Bagian SDM|00||0|0
2026|01|527010|015|08|WA|4722|EBD|01|51|1|001|100|EA|PB.15  Monev Implementasi Integrity Framework|00||0|0
2026|01|527010|015|08|WA|4722|EBD|01|51|1|002|100|EA|PB.15  Penerapan Manajemen Risiko|00||0|0
2026|01|527010|015|08|WA|4722|EBD|01|51|1|002|100|JA|PB.60  Pengelolaan Manajemen Risiko Dit. APK|00||0|0
2026|01|527010|015|08|WA|4722|EBD|01|51|1|003|100|EA|PB.15  Koordinasi Pelaksanaan Tugas Kepatuhan Internal|00||0|0
2026|01|527010|015|08|WA|4722|EBD|01|51|1|003|100|EB|PB.15  Hakordia|00||0|0
2026|01|527010|015|08|WA|4722|EBD|01|51|1|003|100|EC|PB.15  Pemantauan Pengendalian Internal|00||0|0
2026|01|527010|015|08|WA|4722|EBD|01|51|1|003|100|ED|PB.15  Program Kerja Pengawasan Tahunan|00||0|0
2026|01|527010|015|08|WA|4722|EBD|01|51|1|003|100|EE|PB.15  Pengelolaan Pengaduan, Penegakan Kode Etik Disiplin dan Penyelesaian Tindak Lanjut Hasil Audit|00||0|0
2026|01|527010|015|08|WA|4722|EBD|01|51|1|003|100|EF|PB.15 Peningkatan Kualitas Laporan Kepatuhan Internal|00||0|0
2026|01|527010|015|08|WA|4725|CCL|01|51|1|001|005|TJ|PB.13  Jasa PemeliharaanAnnual Technical Support|00||0|0
2026|01|527010|015|08|WA|4725|CCL|01|51|1|002|005|TJ|PB.13  Jasa PemeliharaanAnnual Technical Support|00||0|0
2026|01|527010|015|08|WA|4725|CCL|01|51|1|003|005|TJ|PB.13  Jasa PemeliharaanAnnual Technical Support|00||0|0
2026|01|527010|015|08|WA|4725|FAB|01|51|1|001|100|LA|PB.80  Sistem Pengelolaan Data Analitik  Direktorat SITP|00||0|0
2026|01|527010|015|08|WA|4725|FAB|01|51|1|002|100|LA|PB.80  Pengembangan Sistem Aplikasi BUN  Direktorat SITP|00||0|0
2026|01|527010|015|08|WA|4725|FAB|01|51|1|002|100|TH|PB.80  Jasa Konsultansi|00||0|0
2026|01|527010|015|08|WA|4725|FAB|01|51|1|003|100|EA|PB.15  Penyempurnaan Aplikasi INCRIMA|00||0|0
2026|01|527010|015|08|WA|4725|FAB|01|51|1|003|100|LA|PB.80  Pengembangan Sistem Aplikasi Perbendaharaan  Direktorat SITP|00||0|0
2026|01|527010|015|08|WA|4725|FAB|01|51|1|003|100|TH|PB.80  Jasa Konsultansi|00||0|0
2026|01|527010|015|08|WA|4725|FAB|01|51|1|004|100|LA|PB.80  Pengembangan Sistem Aplikasi Satker  Direktorat SITP|00||0|0
2026|01|527010|015|08|WA|4725|FAB|01|51|1|006|100|JA|PB.60  Sistem Informasi Keuangan Republik Indonesia (SIKRI) Dit. APK. Gen.2|00||0|0
2026|01|527010|015|08|WA|4725|FAB|01|51|1|008|100|FA|PB.20  Modul Penilaian Kinerja Pelaksanaan Anggaran pada OMSPAN|00||0|0
2026|01|527010|015|08|WA|4725|FAB|01|51|1|307|100|SA|PB.70  Sinkronisasi Kerjasama Pengembangan Pembayaran Pemerintah (PU)|00||0|0
2026|01|527141|015|08|CD|6212|FAC|02|60|2|001|100| A|Training Modul Aplikasi SAKTI|00||0|0
2026|01|527141|015|08|CD|6212|FAC|02|60|2|001|100| B|FGD dan Bimtek Transfer Keuangan Daerah|00||0|0
2026|01|527141|015|08|CD|6212|FAH|02|60|2|001|100| A|TANPA SUB KOMPONEN|00||0|0
2026|01|527141|015|08|CD|6212|FAL|02|60|2|004|100| A|Konsultasi|00||0|0
2026|01|527141|015|08|CD|6212|FAL|02|60|2|004|100| B|Sosialisasi dan Bimbingan Teknis|00||0|0
2026|01|527141|015|08|CD|6212|FAL|02|60|2|004|100| D|Pembinaan Pemda, TKD, dan Penandatanganan BAR|00||0|0
2026|01|527141|015|08|CD|6213|FAC|02|60|2|001|100| A|Pembinaan Jabatan Fungsional Perbendaharaan|00||0|0
2026|01|527141|015|08|CD|6214|FAL|02|60|2|002|100| A|Pelaksanaan PencairanPenarikanPengesahan Dana|00||0|0
2026|01|527141|015|08|CD|6214|FAL|02|60|2|002|100| B|PenerbitanPersetujuanRekonsiliasi RekeningSKPPKonfirmasi Penerimaan Negara, dll|00||0|0
2026|01|527141|015|08|CD|6215|FAH|02|60|2|003|100| A|Penyusunan Laporan Keuangan Tingkat Kuasa BUN di Daerah|00||0|0
2026|01|527141|015|08|CD|6215|FAH|02|60|2|003|100| B|Koordinasi UAKBUND KPPN di Kanwil|00||0|0
2026|01|527141|015|08|WA|4715|EBA|02|60|2|001|100| A|TANPA SUB KOMPONEN|00||0|0
2026|01|527141|015|08|WA|4715|EBA|02|60|2|001|100| B|Koordinasi Penyusunan ATK PU|00||0|0
2026|01|527141|015|08|WA|4715|EBA|02|60|2|002|100| A|TANPA SUB KOMPONEN|00||0|0
2026|01|527141|015|08|WA|4715|EBA|02|60|2|994|002| A|Keperluan Seharihari Perkantoran|00||0|0
2026|01|527141|015|08|WA|4715|EBA|02|60|2|994|002| B|Langganan Daya dan Jasa|00||0|0
2026|01|527141|015|08|WA|4715|EBA|02|60|2|994|002| C|Pelaksanaan Operasional Kantor|00||0|0
2026|01|527141|015|08|WA|4715|EBA|02|60|2|994|002| D|Pemeliharaan Peralatan dan Mesin|00||0|0
2026|01|527141|015|08|WA|4715|EBA|02|60|2|994|002| G|Pemeliharaan Gedung dan Bangunan|00||0|0
2026|01|527141|015|08|WA|4715|EBA|02|60|2|994|002|HA|Dukungan Tusi - Konsultasi Pencairan Dana|00||0|0
2026|01|527141|015|08|WA|4715|EBA|02|60|2|994|002|HB|Dukungan Tusi - Reviu Belanja Pemerintah|00||0|0
2026|01|527141|015|08|WA|4715|EBA|02|60|2|994|002|HH|Dukungan Pelaksanaan Tusi Prioritas Direktif Presiden|00||0|0
2026|01|527141|015|08|WA|4715|EBA|02|60|2|994|002|TJ|Jasa PemeliharaanAnnual Technical Support (ATS)|00||0|0
2026|01|527141|015|08|WA|4715|EBB|02|60|2|002|100| A|TANPA SUB KOMPONEN|00||0|0
2026|01|527141|015|08|WA|4715|EBD|02|60|2|Z36|100| A|Pelaksanaan Manajemen Kinerja, Resiko dan Kepatuhan Internal|00||0|0
2026|01|527141|015|08|WA|4718|BMB|02|60|2|001|100| A|TANPA SUB KOMPONEN|00||0|0
2026|01|527141|015|08|WA|4718|BMB|02|60|2|002|100| A|TANPA SUB KOMPONEN|00||0|0
2026|01|527141|015|08|WA|4719|EBA|02|60|2|004|100| A|Survey Kepuasan Pengguna Layanan|00||0|0
2026|01|527141|015|08|WA|4719|EBA|02|60|2|994|001| A|TANPA SUB KOMPONEN|00||0|0
2026|01|527141|015|08|WA|4719|EBC|02|60|2|001|100|XC|Penyelenggaraan Capacity Building|00||0|0
2026|01|527162|015|08|CD|6212|FAC|29|01|2|001|100| A|Training Modul Aplikasi SAKTI|00||0|0
2026|01|527162|015|08|CD|6212|FAC|29|01|2|001|100| B|FGD Bimtek Transfer Keuangan Daerah|00||0|0
2026|01|527162|015|08|CD|6212|FAH|29|01|2|001|100| A|TANPA SUB KOMPONEN|00||0|0
2026|01|527162|015|08|CD|6212|FAL|29|01|2|004|100| A|Konsultasi|00||0|0
2026|01|527162|015|08|CD|6212|FAL|29|01|2|004|100| B|Sosialisasi dan Bimbingan Teknis|00||0|0
2026|01|527162|015|08|CD|6213|FAC|29|01|2|001|100| A|Pembinaan Jabatan Fungsional Perbendaharaan|00||0|0
2026|01|527162|015|08|CD|6213|FAL|29|01|2|003|100| A|Monev Pelaksanaan Anggaran|00||0|0
2026|01|527162|015|08|CD|6214|FAL|29|01|2|002|100| A|Pelaksanaan PencairanPenarikanRepaymentPengesahan Dana|00||0|0
2026|01|527162|015|08|CD|6214|FAL|29|01|2|002|100| B|PenerbitanPersetujuanRekonsiliasi RekeningSKPPKonfirmasi Penerimaan Negara,dll|00||0|0
2026|01|527162|015|08|CD|6215|FAH|29|01|2|003|100| A|Penyusunan Laporan Keuangan Tingkat Kuasa BUN di Daerah|00||0|0
2026|01|527162|015|08|WA|4715|EBA|29|01|2|001|100| A|TANPA SUB KOMPONEN|00||0|0
2026|01|527162|015|08|WA|4715|EBA|29|01|2|002|100| A|TANPA SUB KOMPONEN|00||0|0
2026|01|527162|015|08|WA|4715|EBA|29|01|2|994|002| A|Keperluan Seharihari Perkantoran|00||0|0
2026|01|527162|015|08|WA|4715|EBA|29|01|2|994|002| B|Langganan Daya dan Jasa|00||0|0
2026|01|527162|015|08|WA|4715|EBA|29|01|2|994|002| C|Pelaksanaan Operasional Kantor|00||0|0
2026|01|527162|015|08|WA|4715|EBA|29|01|2|994|002| D|Pemeliharaan Peralatan dan Mesin|00||0|0
2026|01|527162|015|08|WA|4715|EBA|29|01|2|994|002| G|Pemeliharaan Gedung dan Bangunan|00||0|0
2026|01|527162|015|08|WA|4715|EBA|29|01|2|994|002|HA|Dukungan Tusi - Konsultasi Pencairan Dana|00||0|0
2026|01|527162|015|08|WA|4715|EBA|29|01|2|994|002|HB|Dukungan Tusi - Reviu Belanja Pemerintah|00||0|0
2026|01|527162|015|08|WA|4715|EBA|29|01|2|994|002|HC|Dukungan Tusi - Program Prioritas Presiden (Makan Bergizi Gratis/MBG, Koperasi Desa Merah Putih/KDMP, dan Sekolah Rakyat/SR)|00||0|0
2026|01|527162|015|08|WA|4715|EBA|29|01|2|994|002|TJ|Jasa Pemeliharaan Annual Technical Support (ATS)|00||0|0
2026|01|527162|015|08|WA|4715|EBB|29|01|2|002|100| A|TANPA SUB KOMPONEN|00||0|0
2026|01|527162|015|08|WA|4718|BMB|29|01|2|002|100| A|TANPA SUB KOMPONEN|00||0|0
2026|01|527162|015|08|WA|4718|BMB|29|01|2|001|100| A|TANPA SUB KOMPONEN|00||0|0
2026|01|527162|015|08|WA|4719|EBA|29|01|2|994|001| A|TANPA SUB KOMPONEN|00||0|0
2026|01|527162|015|08|WA|4719|EBA|29|01|2|004|100| A|Survey Kepuasan Pengguna Layanan|00||0|0
2026|01|527162|015|08|WA|4719|EBC|29|01|2|001|100|XC|Penyelenggaraan Capacity Building|00||0|0
2026|01|527158|015|08|CD|6212|FAC|02|10|2|001|100| A|Training Modul Aplikasi SAKTI|00||0|0
2026|01|527158|015|08|CD|6212|FAC|02|10|2|001|100| B|FGD dan Bimtek Transfer Keuangan Daerah|00||0|0
2026|01|527158|015|08|CD|6212|FAH|02|10|2|001|100| A|TANPA SUB KOMPONEN|00||0|0
2026|01|527158|015|08|CD|6212|FAL|02|10|2|004|100| A|Konsultasi|00||0|0
2026|01|527158|015|08|CD|6212|FAL|02|10|2|004|100| B|Sosialisasi dan Bimbingan Teknis|00||0|0
2026|01|527158|015|08|CD|6212|FAL|02|10|2|004|100| C|Pembinaan Satker|00||0|0
2026|01|527158|015|08|CD|6212|FAL|02|10|2|004|100| D|Pembinaan Pemda, TKD, dan Penandatanganan BA Rekonsiliasi Pajak|00||0|0
2026|01|527158|015|08|CD|6213|FAC|02|10|2|001|100| A|Pembinaan Jabatan Fungsional Perbendaharaan|00||0|0
2026|01|527158|015|08|CD|6213|FAL|02|10|2|003|100| A|Monev Pelaksanaan Anggaran|00||0|0
2026|01|527158|015|08|CD|6214|FAL|02|10|2|002|100| A|Pelaksanaan PencairanPenarikanPengesahan Dana|00||0|0
2026|01|527158|015|08|CD|6214|FAL|02|10|2|002|100| B|PenerbitanPersetujuanRekonsiliasi RekeningSKPPKonfirmasi Penerimaan Negara, dll|00||0|0
2026|01|527158|015|08|CD|6215|FAH|02|10|2|003|100| A|Penyusunan Laporan Keuangan Tingkat Kuasa BUN di Daerah|00||0|0
2026|01|527158|015|08|CD|6215|FAH|02|10|2|003|100| B|Pencetakan Laporan Keuangan 1 THN x Tarif Cluster|00||0|0
2026|01|527158|015|08|WA|4715|EBA|02|10|2|001|100| A|TANPA SUB KOMPONEN|00||0|0
2026|01|527158|015|08|WA|4715|EBA|02|10|2|001|100| B|Koordinasi Penyusunan ATK PU|00||0|0
2026|01|527158|015|08|WA|4715|EBA|02|10|2|002|100| A|TANPA SUB KOMPONEN|00||0|0
2026|01|527158|015|08|WA|4715|EBA|02|10|2|994|002| A|Keperluan Seharihari Perkantoran|00||0|0
2026|01|527158|015|08|WA|4715|EBA|02|10|2|994|002| B|Langganan Daya dan Jasa|00||0|0
2026|01|527158|015|08|WA|4715|EBA|02|10|2|994|002| C|Pelaksanaan Operasional Kantor|00||0|0
2026|01|527158|015|08|WA|4715|EBA|02|10|2|994|002| D|Pemeliharaan Peralatan dan Mesin|00||0|0
2026|01|527158|015|08|WA|4715|EBA|02|10|2|994|002| G|Pemeliharaan Gedung dan Bangunan|00||0|0
2026|01|527158|015|08|WA|4715|EBA|02|10|2|994|002|HA|Dukungan Tusi - Konsultasi Pencairan Dana|00||0|0
2026|01|527158|015|08|WA|4715|EBA|02|10|2|994|002|HB|Dukungan Tusi - Reviu Belanja Pemerintah|00||0|0
2026|01|527158|015|08|WA|4715|EBA|02|10|2|994|002|HH|Dukungan Pelaksaan Tusi Prioritas Direktif Presiden |00||0|0
2026|01|527158|015|08|WA|4715|EBA|02|10|2|994|002|TJ|Jasa PemeliharaanAnnual Technical Support (ATS)|00||0|0
2026|01|527158|015|08|WA|4715|EBD|02|10|2|Z36|100| B|Pelaksanaan Manjemen Kinerja, Risiko dan Kepatuhan Internal|00||0|0
2026|01|527158|015|08|WA|4718|BMB|02|10|2|002|100| A|TANPA SUB KOMPONEN|00||0|0
2026|01|527158|015|08|WA|4718|BMB|02|10|2|001|100| A|TANPA SUB KOMPONEN|00||0|0
2026|01|527158|015|08|WA|4719|EBA|02|10|2|994|001| A|TANPA SUB KOMPONEN|00||0|0
2026|01|527158|015|08|WA|4719|EBA|02|10|2|004|100| A|Survey Kepuasan Pengguna Layanan|00||0|0
2026|01|527158|015|08|WA|4719|EBC|02|10|2|001|100|XC|Penyelenggaraan Capacity Building|00||0|0
2026|01|527183|015|08|CD|6212|BMB|02|09|2|001|100| A|Profiling UMKM|00||0|0
2026|01|527183|015|08|CD|6212|FAC|02|09|2|001|100| A|Training Modul Aplikasi SAKTI|00||0|0
2026|01|527183|015|08|CD|6212|FAC|02|09|2|001|100| B|FGD dan Bimtek Transfer Keuangan Daerah|00||0|0
2026|01|527183|015|08|CD|6212|FAH|02|09|2|001|100| A|TANPA SUB KOMPONEN|00||0|0
2026|01|527183|015|08|CD|6212|FAL|02|09|2|004|100| A|Konsultasi|00||0|0
2026|01|527183|015|08|CD|6212|FAL|02|09|2|004|100| B|Sosialisasi dan Bimbingan Teknis|00||0|0
2026|01|527183|015|08|CD|6212|FAL|02|09|2|004|100| D|Pembinaan Pemda, TKD, dan Penandatangan BA Rekonsiliasi Pajak|00||0|0
2026|01|527183|015|08|CD|6213|FAC|02|09|2|001|100| A|Pembinaan Jabatan Fungsional Perbendaharaan|00||0|0
2026|01|527183|015|08|CD|6213|FAE|02|09|2|009|100| A|Monev Penyaluran Pembiayaan Ultra Mikro|00||0|0
2026|01|527183|015|08|CD|6213|FAL|02|09|2|003|100| A|Monev Pelaksanaan Anggaran|00||0|0
2026|01|527183|015|08|CD|6214|FAL|02|09|2|002|100| A|Pelaksanaan Pencairan/Penarikan/Pengesahan Dana|00||0|0
2026|01|527183|015|08|CD|6214|FAL|02|09|2|002|100| B|Penerbitan/Persetujuan/Rekonsiliasi Rekening/SKPP/Konfirmasi Penerimaan Negara, dll|00||0|0
2026|01|527183|015|08|CD|6215|FAH|02|09|2|003|100| A|Penyusunan Laporan Keuangan Tingkat Kuasa BUN di Daerah|00||0|0
2026|01|527183|015|08|WA|4715|EBA|02|09|2|001|100| A|TANPA SUB KOMPONEN|00||0|0
2026|01|527183|015|08|WA|4715|EBA|02|09|2|001|100| B|Koordinasi Penyusunan ATK PU|00||0|0
2026|01|527183|015|08|WA|4715|EBA|02|09|2|002|100| A|TANPA SUB KOMPONEN|00||0|0
2026|01|527183|015|08|WA|4715|EBA|02|09|2|994|002| A|Keperluan Sehari-hari Perkantoran|00||0|0
2026|01|527183|015|08|WA|4715|EBA|02|09|2|994|002| B|Langganan Daya dan Jasa|00||0|0
2026|01|527183|015|08|WA|4715|EBA|02|09|2|994|002| C|Pelaksanaan Operasional Kantor|00||0|0
2026|01|527183|015|08|WA|4715|EBA|02|09|2|994|002| D|Pemeliharaan Peralatan dan Mesin|00||0|0
2026|01|527183|015|08|WA|4715|EBA|02|09|2|994|002| G|Pemeliharaan Gedung dan Bangunan|00||0|0
2026|01|527183|015|08|WA|4715|EBA|02|09|2|994|002|HA|Dukungan Tusi - Konsultasi Pencairan Dana|00||0|0
2026|01|527183|015|08|WA|4715|EBA|02|09|2|994|002|HB|Dukungan Tusi - Reviu Belanja Pemerintah|00||0|0
2026|01|527183|015|08|WA|4715|EBA|02|09|2|994|002|HH|Dukungan Pelaksanaan Tusi Prioritas Direktif Presiden|00||0|0
2026|01|527183|015|08|WA|4715|EBA|02|09|2|994|002|TJ|Jasa Pemeliharaan/Annual Technical Support (ATS)|00||0|0
2026|01|527183|015|08|WA|4715|EBB|02|09|2|004|100|RB|Renovasi Rumah Dinas|00||0|0
2026|01|527183|015|08|WA|4715|EBD|02|09|2|Z36|100| B|Pelaksanaan Manajemen Kinerja, Resiko dan Kepatuhan Internal|00||0|0
2026|01|527183|015|08|WA|4718|BMB|02|09|2|002|100| A|TANPA SUB KOMPONEN|00||0|0
2026|01|527183|015|08|WA|4718|BMB|02|09|2|001|100| A|TANPA SUB KOMPONEN|00||0|0
2026|01|527183|015|08|WA|4719|EBA|02|09|2|994|001| A|TANPA SUB KOMPONEN|00||0|0
2026|01|527183|015|08|WA|4719|EBA|02|09|2|004|100| A|Survey Kepuasan Pengguna Layanan|00||0|0
2026|01|527183|015|08|WA|4719|EBC|02|09|2|001|100|XC|Penyelenggaraan Capacity Building|00||0|0
2026|01|527205|015|08|CD|6212|FAL|02|14|2|004|100| A|Konsultasi|00||0|0
2026|01|527205|015|08|CD|6212|FAL|02|14|2|004|100| B|Sosialisasi dan Bimbingan Teknis|00||0|0
2026|01|527205|015|08|CD|6212|FAL|02|14|2|004|100| D|Pembinaan Pemda, TKD, dan Penandatanganan BAR|00||0|0
2026|01|527205|015|08|CD|6213|FAC|02|14|2|001|100| A|Pembinaan Jabatan Fungsional Perbendaharaan|00||0|0
2026|01|527205|015|08|CD|6214|FAL|02|14|2|002|100| A|Pelaksanaan PencairanPenarikanPengesahan Dana|00||0|0
2026|01|527205|015|08|CD|6214|FAL|02|14|2|002|100| B|PenerbitanPersetujuanRekonsiliasi RekeningSKPPKonfirmasi Penerimaan Negara, dll|00||0|0
2026|01|527205|015|08|CD|6215|FAH|02|14|2|003|100| A|Penyusunan Laporan Keuangan Tingkat Kuasa BUN di Daerah|00||0|0
2026|01|527205|015|08|CD|6215|FAH|02|14|2|003|100| B|Koordinasi UAKBUND KPPN di Kanwil|00||0|0
2026|01|527205|015|08|WA|4715|EBA|02|14|2|001|100| A|TANPA SUB KOMPONEN|00||0|0
2026|01|527205|015|08|WA|4715|EBA|02|14|2|002|100| A|TANPA SUB KOMPONEN|00||0|0
2026|01|527205|015|08|WA|4715|EBA|02|14|2|994|002| A|Keperluan Seharihari Perkantoran|00||0|0
2026|01|527205|015|08|WA|4715|EBA|02|14|2|994|002| B|Langganan Daya dan Jasa|00||0|0
2026|01|527205|015|08|WA|4715|EBA|02|14|2|994|002| C|Pelaksanaan Operasional Kantor|00||0|0
2026|01|527205|015|08|WA|4715|EBA|02|14|2|994|002| D|Pemeliharaan Peralatan dan Mesin|00||0|0
2026|01|527205|015|08|WA|4715|EBA|02|14|2|994|002| G|Pemeliharaan Gedung dan Bangunan|00||0|0
2026|01|527205|015|08|WA|4715|EBA|02|14|2|994|002|HA|Dukungan Tusi - Konsultasi Pencairan Dana|00||0|0
2026|01|527205|015|08|WA|4715|EBA|02|14|2|994|002|HB|Dukungan Tusi - Reviu Belanja Pemerintah|00||0|0
2026|01|527205|015|08|WA|4715|EBA|02|14|2|994|002|HH|Dukungan Pelaksaan Tusi Prioritas Direktif Presiden|00||0|0
2026|01|527205|015|08|WA|4715|EBA|02|14|2|994|002|TJ|Jasa PemeliharaanAnnual Technical Support (ATS)|00||0|0
2026|01|527205|015|08|WA|4715|EBD|02|14|2|Z36|100| B|Pelaksanaan Manajemen Kinerja, Resiko dan Kepatuhan Internal|00||0|0
2026|01|527205|015|08|WA|4718|BMB|02|14|2|001|100| A|TANPA SUB KOMPONEN|00||0|0
2026|01|527205|015|08|WA|4718|BMB|02|14|2|002|100| A|TANPA SUB KOMPONEN|00||0|0
2026|01|527205|015|08|WA|4719|EBA|02|14|2|004|100| A|Survey Kepuasan Pengguna Layanan|00||0|0
2026|01|527205|015|08|WA|4719|EBA|02|14|2|994|001| A|TANPA SUB KOMPONEN|00||0|0
2026|01|527205|015|08|WA|4719|EBC|02|14|2|001|100|XC|Penyelenggaraan Capacity Building|00||0|0
2026|01|527205|015|08|CD|6212|FAC|02|14|2|001|100| A|Training Modul Aplikasi SAKTI|00||0|0
2026|01|527205|015|08|CD|6212|FAC|02|14|2|001|100| B|FGD dan Bimtek Transfer Keuangan Daerah|00||0|0
2026|01|527205|015|08|CD|6212|FAH|02|14|2|001|100| A|TANPA SUB KOMPONEN|00||0|0
2026|01|527230|015|08|CD|6212|FAC|02|53|2|001|100| A|Training Modul Aplikasi SAKTI|00||0|0
2026|01|527230|015|08|CD|6212|FAC|02|53|2|001|100| B|FGD dan Bimtek Transfer Keuangan Daerah|00||0|0
2026|01|527230|015|08|CD|6212|FAH|02|53|2|001|100| A|TANPA SUB KOMPONEN|00||0|0
2026|01|527230|015|08|CD|6212|FAL|02|53|2|004|100| A|Konsultasi|00||0|0
2026|01|527230|015|08|CD|6212|FAL|02|53|2|004|100| B|Sosialisasi dan Bimbingan Teknis|00||0|0
2026|01|527230|015|08|CD|6212|FAL|02|53|2|004|100| D|Pembinaan Pemda, TKD dan Penandatanganan BAR|00||0|0
2026|01|527230|015|08|CD|6213|FAC|02|53|2|001|100| A|Pembinaan Jabatan Fungsional Perbendaharaan|00||0|0
2026|01|527230|015|08|CD|6213|FAE|02|53|2|009|100| A|Monev Penyaluran Pembiayaan Ultra Mikro|00||0|0
2026|01|527230|015|08|CD|6214|FAL|02|53|2|002|100| A|Pelaksanaan Pencairan Penarikan Pengesahan Dana|00||0|0
2026|01|527230|015|08|CD|6214|FAL|02|53|2|002|100| B|Penerbitan Persetujuan Rekonsiliasi Rekening SKPP Konfirmasi Penerimaan Negara|00||0|0
2026|01|527230|015|08|CD|6215|FAH|02|53|2|003|100| A|Penyusunan Laporan Keuangan Tingkat Kuasa BUNI di Daerah|00||0|0
2026|01|527230|015|08|CD|6215|FAH|02|53|2|003|100| B|Koordinasi UAKBUND KPPN di Kanwil|00||0|0
2026|01|527230|015|08|WA|4715|EBA|02|53|2|001|100| A|TANPA SUB KOMPONEN|00||0|0
2026|01|527230|015|08|WA|4715|EBA|02|53|2|001|100| B|Koordinasi Penyusunan ATK PU|00||0|0
2026|01|527230|015|08|WA|4715|EBA|02|53|2|002|100| A|TANPA SUB KOMPONEN|00||0|0
2026|01|527230|015|08|WA|4715|EBA|02|53|2|994|002| A|Keperluan Seharihari Perkantoran|00||0|0
2026|01|527230|015|08|WA|4715|EBA|02|53|2|994|002| B|Langganan Daya dan Jasa|00||0|0
2026|01|527230|015|08|WA|4715|EBA|02|53|2|994|002| C|Pelaksanaan Operasional Kantor|00||0|0
2026|01|527230|015|08|WA|4715|EBA|02|53|2|994|002| D|Pemeliharaan Peralatan dan Mesin|00||0|0
2026|01|527230|015|08|WA|4715|EBA|02|53|2|994|002| G|Pemeliharaan Gedung dan Bangunan|00||0|0
2026|01|527230|015|08|WA|4715|EBA|02|53|2|994|002|HA|Dukungan Tusi - Konsultasi Pencairan Dana|00||0|0
2026|01|527230|015|08|WA|4715|EBA|02|53|2|994|002|HB|Dukungan Tusi - Reviu Belanja Pemerintah|00||0|0
2026|01|527230|015|08|WA|4715|EBA|02|53|2|994|002|HH|Dukungan Pelaksaan Tusi Prioritas Direktif Presiden |00||0|0
2026|01|527230|015|08|WA|4715|EBA|02|53|2|994|002|TJ|Jasa PemeliharaanAnnual Technical Support (ATS)|00||0|0
2026|01|527230|015|08|WA|4715|EBD|02|53|2|Z36|100| B|Pelaksanaan Manajemen Kinerja, Resiko dan Kepatuhan Internal|00||0|0
2026|01|527230|015|08|WA|4718|BMB|02|53|2|002|100| A|TANPA SUB KOMPONEN|00||0|0
2026|01|527230|015|08|WA|4718|BMB|02|53|2|001|100| A|TANPA SUB KOMPONEN|00||0|0
2026|01|527230|015|08|WA|4719|EBA|02|53|2|994|001| A|TANPA SUB KOMPONEN|00||0|0
2026|01|527230|015|08|WA|4719|EBA|02|53|2|004|100| A|Survey Kepuasan Pengguna Layanan|00||0|0
2026|01|527230|015|08|WA|4719|EBC|02|53|2|001|100|XC|Penyelenggaraan Capacity Building|00||0|0
2026|01|527272|015|08|CD|6212|BMB|03|51|2|001|100| A|Profiling UMKM|00||0|0
2026|01|527272|015|08|CD|6212|FAC|03|51|2|001|100| A|Training Modul Aplikasi SAKTI|00||0|0
2026|01|527272|015|08|CD|6212|FAC|03|51|2|001|100| B|FGD dan Bimtek Transfer Keuangan Daerah|00||0|0
2026|01|527272|015|08|CD|6212|FAH|03|51|2|001|100| A|TANPA SUB KOMPONEN|00||0|0
2026|01|527272|015|08|CD|6212|FAL|03|51|2|004|100| A|Konsultasi|00||0|0
2026|01|527272|015|08|CD|6212|FAL|03|51|2|004|100| B|Sosialisasi dan Bimbingan Teknis|00||0|0
2026|01|527272|015|08|CD|6212|FAL|03|51|2|004|100| D|Pembinaan Pemda, TKD, dan Penandatanganan BAR|00||0|0
2026|01|527272|015|08|CD|6213|FAC|03|51|2|001|100| A|Pembinaan Jabatan Fungsional Perbendaharaan|00||0|0
2026|01|527272|015|08|CD|6213|FAE|03|51|2|009|100| A|Monev Penyaluran Pembiayaan Ultra Mikro|00||0|0
2026|01|527272|015|08|CD|6213|FAL|03|51|2|003|100| A|Monev Pelaksanaan Anggaran|00||0|0
2026|01|527272|015|08|CD|6214|FAL|03|51|2|002|100| A|Pelaksanaan PencairanPenarikanPengesahan Dana|00||0|0
2026|01|527272|015|08|CD|6214|FAL|03|51|2|002|100| B|PenerbitanPersetujuanRekonsiliasi RekeningSKPPKonfirmasi Penerimaan Negara dll|00||0|0
2026|01|527272|015|08|CD|6215|FAH|03|51|2|003|100| A|Penyusunan Laporan Keuangan TIngkat Kuasa Bun di Daerah|00||0|0
2026|01|527272|015|08|WA|4715|EBA|03|51|2|001|100| A|TANPA SUB KOMPONEN|00||0|0
2026|01|527272|015|08|WA|4715|EBA|03|51|2|002|100| A|TANPA SUB KOMPONEN|00||0|0
2026|01|527272|015|08|WA|4715|EBA|03|51|2|994|002| A|Keperluan Seharihari Perkantoran|00||0|0
2026|01|527272|015|08|WA|4715|EBA|03|51|2|994|002| B|Langganan Daya dan Jasa|00||0|0
2026|01|527272|015|08|WA|4715|EBA|03|51|2|994|002| C|Pelaksanaan Operasional Kantor|00||0|0
2026|01|527272|015|08|WA|4715|EBA|03|51|2|994|002| D|Pemeliharaan Peralatan dan Mesin|00||0|0
2026|01|527272|015|08|WA|4715|EBA|03|51|2|994|002| G|Pemeliharaan Gedung dan Bangunan|00||0|0
2026|01|527272|015|08|WA|4715|EBA|03|51|2|994|002|HA|Dukungan Tusi - Konsultasi Pencairan Dana|00||0|0
2026|01|527272|015|08|WA|4715|EBA|03|51|2|994|002|HB|Dukungan Tusi - Reviu Belanja Pemerintah|00||0|0
2026|01|527272|015|08|WA|4715|EBA|03|51|2|994|002|HH|Dukungan Pelaksanaan Tusi Prioritas Direktif Presiden|00||0|0
2026|01|527272|015|08|WA|4715|EBA|03|51|2|994|002|TJ|Jasa PemeliharaanAnnual Technical Support (ATS)|00||0|0
2026|01|527272|015|08|WA|4715|EBB|03|51|2|002|100| A|TANPA SUB KOMPONEN|00||0|0
2026|01|527272|015|08|WA|4718|BMB|03|51|2|001|100| A|TANPA SUB KOMPONEN|00||0|0
2026|01|527272|015|08|WA|4718|BMB|03|51|2|002|100| A|TANPA SUB KOMPONEN|00||0|0
2026|01|527272|015|08|WA|4719|EBA|03|51|2|004|100| A|Survey Kepuasan Pengguna Layanan|00||0|0
2026|01|527272|015|08|WA|4719|EBA|03|51|2|994|001| A|TANPA SUB KOMPONEN|00||0|0
2026|01|527272|015|08|WA|4719|EBC|03|51|2|001|100|XC|Penyelenggaraan Capacity Building|00||0|0
2026|01|527293|015|08|CD|6212|FAL|03|22|2|004|100| A|Konsultasi|00||0|0
2026|01|527293|015|08|CD|6212|FAL|03|22|2|004|100| B|Sosialisasi dan Bimbingan Teknis|00||0|0
2026|01|527293|015|08|CD|6212|FAL|03|22|2|004|100| D|Pembinaan Pemda, TKD, dan Penandatanganan BAR|00||0|0
2026|01|527293|015|08|CD|6213|FAC|03|22|2|001|100| A|Pembinaan Jabatan Fungsional Perbendaharaan|00||0|0
2026|01|527293|015|08|CD|6214|FAL|03|22|2|002|100| A|Pelaksanaan PencairanPenarikanPengesahan Dana|00||0|0
2026|01|527293|015|08|CD|6214|FAL|03|22|2|002|100| B|PenerbitanPersetujuanRekonsiliasi RekeningSKPPKonfirmasi Penerimaan Negara, dll|00||0|0
2026|01|527293|015|08|CD|6212|BMB|03|22|2|001|100| A|Profiling UMKM|00||0|0
2026|01|527293|015|08|CD|6212|FAC|03|22|2|001|100| A|Training Modul Aplikasi SAKTI|00||0|0
2026|01|527293|015|08|CD|6212|FAC|03|22|2|001|100| B|FGD dan Bimtek Transfer Keuangan Daerah|00||0|0
2026|01|527293|015|08|CD|6212|FAH|03|22|2|001|100| A|TANPA SUB KOMPONEN|00||0|0
2026|01|527293|015|08|WA|4715|EBD|03|22|2|Z36|100| B|Pelaksanaan Manajemen Kinerja, Resiko dan Kepatuhan Internal|00||0|0
2026|01|527293|015|08|WA|4718|BMB|03|22|2|002|100| A|TANPA SUB KOMPONEN|00||0|0
2026|01|527293|015|08|WA|4718|BMB|03|22|2|001|100| A|TANPA SUB KOMPONEN|00||0|0
2026|01|527293|015|08|WA|4719|EBA|03|22|2|994|001| A|TANPA SUB KOMPONEN|00||0|0
2026|01|527293|015|08|WA|4719|EBA|03|22|2|004|100| A|Survey Kepuasan Pengguna Layanan|00||0|0
2026|01|527293|015|08|WA|4719|EBC|03|22|2|001|100|XC|Penyelenggaraan Capacity Building|00||0|0
2026|01|527293|015|08|CD|6215|FAH|03|22|2|003|100| A|Penyusunan Laporan Keuangan Tingkat Kuasa BUN di Daerah|00||0|0
2026|01|527293|015|08|WA|4715|EBA|03|22|2|001|100| A|TANPA SUB KOMPONEN|00||0|0
2026|01|527293|015|08|WA|4715|EBA|03|22|2|001|100| B|Koordinasi Penyusunan ATK PU|00||0|0
2026|01|527293|015|08|WA|4715|EBA|03|22|2|002|100| A|TANPA SUB KOMPONEN|00||0|0
2026|01|527293|015|08|WA|4715|EBA|03|22|2|994|002| A|Keperluan Seharihari Perkantoran|00||0|0
2026|01|527293|015|08|WA|4715|EBA|03|22|2|994|002| B|Langganan Daya dan Jasa|00||0|0
2026|01|527293|015|08|WA|4715|EBA|03|22|2|994|002| C|Pelaksanaan Operasional Kantor|00||0|0
2026|01|527293|015|08|WA|4715|EBA|03|22|2|994|002| D|Pemeliharaan Peralatan dan Mesin|00||0|0
2026|01|527293|015|08|WA|4715|EBA|03|22|2|994|002| G|Pemeliharaan Gedung dan Bangunan|00||0|0
2026|01|527293|015|08|WA|4715|EBA|03|22|2|994|002|HA|Dukungan Tusi-Konsultasi Pencairan Dana|00||0|0
2026|01|527293|015|08|WA|4715|EBA|03|22|2|994|002|HB|Dukungan Tusi-Reviu Belanja Pemerintah|00||0|0
2026|01|527293|015|08|WA|4715|EBA|03|22|2|994|002|HH|Dukungan Pelaksanaan Tusi Prioritas Direktif Presiden|00||0|0
2026|01|527293|015|08|WA|4715|EBA|03|22|2|994|002|TJ|Jasa PemeliharaanAnnual Technical Support (ATS)|00||0|0
2026|01|527268|015|08|CD|6212|BMB|03|51|2|001|100| A|Profiling UMKM|00||0|0
2026|01|527268|015|08|CD|6212|BMB|03|51|2|001|100| B|Pemberdayaan UMKM  SosialisasiBimtekAsistensi dan BazarPojokRumah UMKM|00||0|0
2026|01|527268|015|08|CD|6212|BMB|03|51|2|001|100| D|Komunikasi Publik  BazarPojokRumah UMKM|00||0|0
2026|01|527268|015|08|CD|6212|FAH|03|51|2|003|100| A|Pendampingan Penyusunan dan Penyelesaian Permasalahan Laporan Keuangan UAPPAW dan BLU|00||0|0
2026|01|527268|015|08|CD|6212|FAH|03|51|2|003|100| B|Sosialisasi dan Bimbingan Teknis UAPPA-W|00||0|0
2026|01|527268|015|08|CD|6212|FAH|03|51|2|002|100| B|Pembinaan SAP pada Pemerintah Daerah|00||0|0
2026|01|527268|015|08|CD|6212|FAH|03|51|2|002|100| C|SosialisasiBimtekWorkshopFGD dengan Pemda|00||0|0
2026|01|527268|015|08|CD|6212|FAL|03|51|2|001|100| A|Sosialisasi PeraturanKebijakan Pelaksanaan Anggaran|00||0|0
2026|01|527268|015|08|CD|6212|FAL|03|51|2|001|100| C|Pembinaan dan Bimtek Pengelolaan Keuangan Daerah|00||0|0
2026|01|527268|015|08|CD|6212|FAL|03|51|2|001|100| D|Penyerahan DIPA|00||0|0
2026|01|527268|015|08|CD|6213|ABA|03|51|2|001|100| A|Penyusunan Analisis Potensi Pembiayaan dan Pelaksanaan MoU DJPb dan PT SMI di Daerah|00||0|0
2026|01|527268|015|08|CD|6213|FAE|03|51|2|009|100| D|FGD Analisa Fasilitas Likuiditas Pembiayaan Perumahan (FLPP)|00||0|0
2026|01|527268|015|08|CD|6213|FAE|03|51|2|008|100| A|Koordinasi Pelaksanaan Tugas RCE  ALCo|00||0|0
2026|01|527268|015|08|CD|6213|FAL|03|51|2|003|100| A|Pelaksanaan Spending Review|00||0|0
2026|01|527268|015|08|CD|6213|FAL|03|51|2|003|100| C|Review Pelaksanaan Anggaran|00||0|0
2026|01|527268|015|08|CD|6213|FAL|03|51|2|003|100| D|Monitoring dan Evaluasi Pelaksanaan Anggaran|00||0|0
2026|01|527268|015|08|CD|6213|FAL|03|51|2|003|100| E|Pengumpulan InformasiPenajaman Data Fiskal RegionalPenyusunan KFR|00||0|0
2026|01|527268|015|08|CD|6213|FAL|03|51|2|003|100| F|Publikasi Kajian Fiskal Regional (Full Cost)|00||0|0
2026|01|527268|015|08|CD|6213|FAL|03|51|2|003|100| G|Pengumpulan Konfirmasi Informasi Pengelolaan Keuangan Daerah dan Penyusunan Profil Keuangan Daerah|00||0|0
2026|01|527268|015|08|CD|6213|FAL|03|51|2|003|100| H|Monitoring atas Dana Transfer dan Dana Desa|00||0|0
2026|01|527268|015|08|CD|6215|FAH|03|51|2|003|100| A|Pembinaan UAKBUN D (KPPN)|00||0|0
2026|01|527268|015|08|CD|6215|FAH|03|51|2|001|100| A|Koordinasi Laporan Keuangan Pemerintah Daerah danatau BLUD|00||0|0
2026|01|527268|015|08|CD|6215|FAH|03|51|2|001|100| B|Penyusunan Laporan Statistik Keuangan Pemerintah Tingkat Wilayah|00||0|0
2026|01|527268|015|08|WA|4715|EBA|03|51|2|001|100| A|TANPA SUB KOMPONEN|00||0|0
2026|01|527268|015|08|WA|4715|EBA|03|51|2|001|100| B|KOORDINASI PENYUSUNAN ATK PU|00||0|0
2026|01|527268|015|08|WA|4715|EBA|03|51|2|002|100| A|TANPA SUB KOMPONEN|00||0|0
2026|01|527268|015|08|WA|4715|EBA|03|51|2|994|002| A|Keperluan Seharihari Perkantoran|00||0|0
2026|01|527268|015|08|WA|4715|EBA|03|51|2|994|002| B|Langganan Daya dan Jasa|00||0|0
2026|01|527268|015|08|WA|4715|EBA|03|51|2|994|002| C|Pelaksanaan Operasional Kantor|00||0|0
2026|01|527268|015|08|WA|4715|EBA|03|51|2|994|002| D|Pemeliharaan Peralatan dan Mesin|00||0|0
2026|01|527268|015|08|WA|4715|EBA|03|51|2|994|002| E|Pemeliharaan Gedung dan Bangunan|00||0|0
2026|01|527268|015|08|WA|4715|EBA|03|51|2|994|002|HB|Dukungan Tusi - Reviu Belanja Pemerintah|00||0|0
2026|01|527268|015|08|WA|4715|EBA|03|51|2|994|002|HC|Dukungan Tusi - Government Financial Statistic (GFS)|00||0|0
2026|01|527268|015|08|WA|4715|EBA|03|51|2|994|002|HD|Dukungan Tusi - Rekomendasi Pengelolaan Organisasi|00||0|0
2026|01|527268|015|08|WA|4715|EBA|03|51|2|994|002|HH|Dukungan Pelaksanaan Tusi Prioritas Direktif Presiden|00||0|0
2026|01|527268|015|08|WA|4715|EBA|03|51|2|994|002|TJ|Jasa PemeliharaanAnnual Technical Support (ATS)|00||0|0
2026|01|527268|015|08|WA|4715|EBB|03|51|2|002|100| A|Furnitur Rumah Dinas Jabatan Eselon II|00||0|0
2026|01|527268|015|08|WA|4715|EBB|03|51|2|004|100|RA|Pembangunan Rumah Dinas|00||0|0
2026|01|527268|015|08|WA|4715|EBD|03|51|2|Z36|100| A|TANPA SUB KOMPONEN|00||0|0
2026|01|527268|015|08|WA|4715|EBD|03|51|2|Z26|100| A|Rakor Penyusunan Laporan Keuangan Tingkat UAPPAW (Full Cost)|00||0|0
2026|01|527268|015|08|WA|4718|BMB|03|51|2|002|100| A|TANPA SUB KOMPONEN|00||0|0
2026|01|527268|015|08|WA|4718|BMB|03|51|2|001|100| A|TANPA SUB KOMPONEN|00||0|0
2026|01|527268|015|08|WA|4719|EBA|03|51|2|003|100| A|Pelaksanaan Supervisi Proses Bisnis KPPN|00||0|0
2026|01|527268|015|08|WA|4719|EBA|03|51|2|994|001| A|TANPA SUB KOMPONEN|00||0|0
2026|01|527268|015|08|WA|4719|EBA|03|51|2|005|100| B|Pelaksanaan Supervisi Teknis Aplikasi|00||0|0
2026|01|527268|015|08|WA|4719|EBC|03|51|2|001|100|XC|Penyelenggaraan Capacity Building|00||0|0
2026|01|527268|015|08|WA|4722|EBD|03|51|2|001|100| A|Pelaksanaan Manajemen Resiko dan Kepatuhan Internal|00||0|0
2026|01|527289|015|08|CD|6212|BMB|03|56|2|001|100| A|Profiling UMKM|00||0|0
2026|01|527289|015|08|CD|6212|FAC|03|56|2|001|100| A|Training Modul Aplikasi SAKTI|00||0|0
2026|01|527289|015|08|CD|6212|FAC|03|56|2|001|100| B|FGD dan Bimtek Transfer Keuangan Daerah|00||0|0
2026|01|527289|015|08|CD|6212|FAH|03|56|2|001|100| A|TANPA SUB KOMPONEN|00||0|0
2026|01|527289|015|08|CD|6212|FAL|03|56|2|004|100| A|Konsultasi|00||0|0
2026|01|527289|015|08|CD|6212|FAL|03|56|2|004|100| B|Sosialisasi dan Bimbingan Teknis|00||0|0
2026|01|527289|015|08|CD|6212|FAL|03|56|2|004|100| C|Pembinaan Satker|00||0|0
2026|01|527289|015|08|CD|6212|FAL|03|56|2|004|100| D|Pembinaan Pemda, TKD, dan Penandatanganan BA Rekonsiliasi Pajak|00||0|0
2026|01|527289|015|08|CD|6213|FAC|03|56|2|001|100| A|Pembinaan Jabatan Fungsional Perbendaharaan|00||0|0
2026|01|527289|015|08|CD|6213|FAE|03|56|2|009|100| A|Monev Penyaluran Pembiayaan Ultra Mikro|00||0|0
2026|01|527289|015|08|CD|6214|FAL|03|56|2|002|100| A|Pelaksanaan PencairanPenarikanPengesahan Dana|00||0|0
2026|01|527289|015|08|CD|6214|FAL|03|56|2|002|100| B|PenerbitanPersetujuanRekonsiliasi RekeningSKPPKonfirmasi Penerimaan Negara, dll|00||0|0
2026|01|527289|015|08|CD|6215|FAH|03|56|2|003|100| A|Penyusunan Laporan Keuangan Tingkat Kuasa BUN di Daerah|00||0|0
2026|01|527289|015|08|WA|4715|EBA|03|56|2|001|100| A|TANPA SUB KOMPONEN|00||0|0
2026|01|527289|015|08|WA|4715|EBA|03|56|2|001|100| B|Koordinasi Penyusunan ATK PU|00||0|0
2026|01|527289|015|08|WA|4715|EBA|03|56|2|002|100| A|TANPA SUB KOMPONEN|00||0|0
2026|01|527289|015|08|WA|4715|EBA|03|56|2|994|002| A|Keperluan Seharihari Perkantoran|00||0|0
2026|01|527289|015|08|WA|4715|EBA|03|56|2|994|002| B|Langganan Daya dan Jasa|00||0|0
2026|01|527289|015|08|WA|4715|EBA|03|56|2|994|002| C|Pelaksanaan Operasional Kantor|00||0|0
2026|01|527289|015|08|WA|4715|EBA|03|56|2|994|002| D|Pemeliharaan Peralatan dan Mesin|00||0|0
2026|01|527289|015|08|WA|4715|EBA|03|56|2|994|002| G|Pemeliharaan Gedung dan Bangunan|00||0|0
2026|01|527289|015|08|WA|4715|EBA|03|56|2|994|002|HA|Dukungan Tusi - Konsultasi Pencairan Dana|00||0|0
2026|01|527289|015|08|WA|4715|EBA|03|56|2|994|002|HB|Dukungan Tusi - Reviu Belanja Pemerintah|00||0|0
2026|01|527289|015|08|WA|4715|EBA|03|56|2|994|002|HH|Dukungan Pelaksaan Tusi Prioritas Direktif Presiden |00||0|0
2026|01|527289|015|08|WA|4715|EBA|03|56|2|994|002|TJ|Jasa PemeliharaanAnnual Technical Support (ATS)|00||0|0
2026|01|527289|015|08|WA|4715|EBB|03|56|2|002|100| A|TANPA SUB KOMPONEN|00||0|0
2026|01|527289|015|08|WA|4715|EBD|03|56|2|Z36|100| B|Pelaksanaan Manajemen Kinerja, Resiko dan Kepatuhan Internal|00||0|0
2026|01|527289|015|08|WA|4718|BMB|03|56|2|001|100| A|TANPA SUB KOMPONEN|00||0|0
2026|01|527289|015|08|WA|4718|BMB|03|56|2|002|100| A|TANPA SUB KOMPONEN|00||0|0
2026|01|527289|015|08|WA|4719|EBA|03|56|2|004|100| A|Survey Kepuasan Pengguna Layanan|00||0|0
2026|01|527289|015|08|WA|4719|EBA|03|56|2|994|001| A|TANPA SUB KOMPONEN|00||0|0
2026|01|527289|015|08|WA|4719|EBC|03|56|2|001|100|XC|Penyelenggaraan Capacity Building|00||0|0
2026|01|527301|015|08|CD|6212|FAC|03|15|2|001|100| A|Training Modul Aplikasi SAKTI|00||0|0
2026|01|527301|015|08|CD|6212|FAC|03|15|2|001|100| B|FGD dan Bimtek Transfer Keuangan Daerah|00||0|0
2026|01|527301|015|08|CD|6212|FAH|03|15|2|001|100| A|TANPA SUB KOMPONEN|00||0|0
2026|01|527301|015|08|CD|6212|FAL|03|15|2|004|100| A|Konsultasi|00||0|0
2026|01|527301|015|08|CD|6212|FAL|03|15|2|004|100| B|Sosialisasi dan Bimbingan Teknis|00||0|0
2026|01|527301|015|08|CD|6212|FAL|03|15|2|004|100| D|Pembinaan Pemda, TKD, dan Penandatanganan BAR|00||0|0
2026|01|527301|015|08|CD|6213|FAC|03|15|2|001|100| A|Pembinaan Jabatan Fungsional Perbendaharaan|00||0|0
2026|01|527301|015|08|CD|6213|FAL|03|15|2|003|100| A|Monev Pelaksanaan Anggaran|00||0|0
2026|01|527301|015|08|CD|6214|FAL|03|15|2|002|100| A|Pelaksanaan PencairanPenarikanPengesahan Dana|00||0|0
2026|01|527301|015|08|CD|6214|FAL|03|15|2|002|100| B|PenerbitanPersetujuanRekonsiliasi RekeningSKPPKonfirmasi Penerimaan Negara, dll|00||0|0
2026|01|527301|015|08|CD|6215|FAH|03|15|2|003|100| A|Penyusunan Laporan Keuangan Tingkat Kuasa BUN di Daerah|00||0|0
2026|01|527301|015|08|WA|4715|EBA|03|15|2|001|100| A|TANPA SUB KOMPONEN|00||0|0
2026|01|527301|015|08|WA|4715|EBA|03|15|2|001|100| B|Koordinasi Penyusunan ATK PU|00||0|0
2026|01|527301|015|08|WA|4715|EBA|03|15|2|002|100| A|TANPA SUB KOMPONEN|00||0|0
2026|01|527301|015|08|WA|4715|EBA|03|15|2|994|002| A|Keperluan Seharihari Perkantoran|00||0|0
2026|01|527301|015|08|WA|4715|EBA|03|15|2|994|002| B|Langganan Daya dan Jasa|00||0|0
2026|01|527301|015|08|WA|4715|EBA|03|15|2|994|002| C|Pelaksanaan Operasional Kantor|00||0|0
2026|01|527301|015|08|WA|4715|EBA|03|15|2|994|002| D|Pemeliharaan Peralatan dan Mesin|00||0|0
2026|01|527301|015|08|WA|4715|EBA|03|15|2|994|002| E|Pemeliharaan Gedung dan Bangunan|00||0|0
2026|01|527301|015|08|WA|4715|EBA|03|15|2|994|002|HA|Dukungan Tusi - Konsultasi Pencairan Dana|00||0|0
2026|01|527301|015|08|WA|4715|EBA|03|15|2|994|002|HB|Dukungan Tusi - Reviu Belanja Pemerintah|00||0|0
2026|01|527301|015|08|WA|4715|EBA|03|15|2|994|002|HH|Dukungan Pelaksanaan Tusi Prioritas Direktif Presiden|00||0|0
2026|01|527301|015|08|WA|4715|EBA|03|15|2|994|002|TJ|Jasa PemeliharaanAnnual Technical Support (ATS)|00||0|0
2026|01|527301|015|08|WA|4718|BMB|03|15|2|002|100| A|TANPA SUB KOMPONEN|00||0|0
2026|01|527301|015|08|WA|4718|BMB|03|15|2|001|100| A|TANPA SUB KOMPONEN|00||0|0
2026|01|527301|015|08|WA|4719|EBA|03|15|2|994|001| A|TANPA SUB KOMPONEN|00||0|0
2026|01|527301|015|08|WA|4719|EBA|03|15|2|004|100| A|Survey Kepuasan Pengguna Layanan|00||0|0
2026|01|527301|015|08|WA|4719|EBC|03|15|2|001|100|XC|Penyelenggaraan Capacity Building|00||0|0
2026|01|527322|015|08|CD|6212|BMB|03|09|2|001|100| A|Profiling UMKM|00||0|0
2026|01|527322|015|08|CD|6212|FAC|03|09|2|001|100| A|Training Modul Aplikasi SAKTI|00||0|0
2026|01|527322|015|08|CD|6212|FAC|03|09|2|001|100| B|FGD dan Bimtek Transfer Keuangan Daerah|00||0|0
2026|01|527322|015|08|CD|6212|FAH|03|09|2|001|100| A|TANPA SUB KOMPONEN|00||0|0
2026|01|527322|015|08|CD|6212|FAL|03|09|2|004|100| A|Konsultasi|00||0|0
2026|01|527322|015|08|CD|6212|FAL|03|09|2|004|100| B|Sosialisasi dan Bimbingan Teknis|00||0|0
2026|01|527322|015|08|CD|6212|FAL|03|09|2|004|100| D|Pembinaan Pemda, TKD, dan Penandatanganan BAR|00||0|0
2026|01|527322|015|08|CD|6213|FAC|03|09|2|001|100| A|Pembinaan Jabatan Fungsional Perbendaharaan|00||0|0
2026|01|527322|015|08|CD|6213|FAL|03|09|2|003|100| A|Monev Pelaksanaan Anggaran|00||0|0
2026|01|527322|015|08|CD|6214|FAL|03|09|2|002|100| A|Pelaksanaan PencairanPenarikanPengesahan Dana|00||0|0
2026|01|527322|015|08|CD|6214|FAL|03|09|2|002|100| B|PenerbitanPersetujuanRekonsiliasi RekeningSKPPKonfirmasi Penerimaan Negara, dll|00||0|0
2026|01|527322|015|08|CD|6215|FAH|03|09|2|003|100| A|Penyusunan Laporan Keuangan Tingkat Kuasa BUN di Daerah|00||0|0
2026|01|527322|015|08|WA|4715|EBA|03|09|2|001|100| A|TANPA SUB KOMPONEN|00||0|0
2026|01|527322|015|08|WA|4715|EBA|03|09|2|002|100| A|TANPA SUB KOMPONEN|00||0|0
2026|01|527322|015|08|WA|4715|EBA|03|09|2|994|002| A|Keperluan Seharihari Perkantoran|00||0|0
2026|01|527322|015|08|WA|4715|EBA|03|09|2|994|002| B|Langganan Daya dan Jasa|00||0|0
2026|01|527322|015|08|WA|4715|EBA|03|09|2|994|002| C|Pelaksanaan Operasional Kantor|00||0|0
2026|01|527322|015|08|WA|4715|EBA|03|09|2|994|002| D|Pemeliharaan Peralatan dan Mesin|00||0|0
2026|01|527322|015|08|WA|4715|EBA|03|09|2|994|002| G|Pemeliharaan Gedung dan Bangunan|00||0|0
2026|01|527322|015|08|WA|4715|EBA|03|09|2|994|002|HA|Dukungan Tusi - Konsultasi Pencairan Dana|00||0|0
2026|01|527322|015|08|WA|4715|EBA|03|09|2|994|002|HB|Dukungan Tusi - Reviu Belanja Pemerintah|00||0|0
2026|01|527322|015|08|WA|4715|EBA|03|09|2|994|002|HH|Dukungan Pelaksanaan Tusi Prioritas Direktif Presiden|00||0|0
2026|01|527322|015|08|WA|4715|EBA|03|09|2|994|002|TJ|Jasa PemeliharaanAnnual Technical Support (ATS)|00||0|0
2026|01|527322|015|08|WA|4715|EBB|03|09|2|002|100| A|TANPA SUB KOMPONEN|00||0|0
2026|01|527322|015|08|WA|4715|EBB|03|09|2|004|100|RB|Renovasi Rumah Dinas|00||0|0
2026|01|527322|015|08|WA|4715|EBD|03|09|2|Z36|100| B|Pelaksanaan Manajemen Kinerja, Resiko dan Kepatuhan Internal|00||0|0
2026|01|527322|015|08|WA|4718|BMB|03|09|2|001|100| A|TANPA SUB KOMPONEN|00||0|0
2026|01|527322|015|08|WA|4718|BMB|03|09|2|002|100| A|TANPA SUB KOMPONEN|00||0|0
2026|01|527322|015|08|WA|4719|EBA|03|09|2|004|100| A|Survey Kepuasan Pengguna Layanan|00||0|0
2026|01|527322|015|08|WA|4719|EBA|03|09|2|994|001| A|TANPA SUB KOMPONEN|00||0|0
2026|01|527322|015|08|WA|4719|EBC|03|09|2|001|100|XC|Penyelenggaraan Capacity Building|00||0|0
2026|01|527340|015|08|CD|6212|BMB|03|55|2|001|100| A|Profiling UMKM|00||0|0
2026|01|527340|015|08|CD|6212|FAC|03|55|2|001|100| A|Training Modul Aplikasi SAKTI|00||0|0
2026|01|527340|015|08|CD|6212|FAC|03|55|2|001|100| B|FGD dan Bimtek Transfer Keuangan Daerah|00||0|0
2026|01|527340|015|08|CD|6212|FAH|03|55|2|001|100| A|TANPA SUB KOMPONEN|00||0|0
2026|01|527340|015|08|CD|6212|FAL|03|55|2|004|100| A|Konsultasi|00||0|0
2026|01|527340|015|08|CD|6212|FAL|03|55|2|004|100| B|Sosialisasi dan Bimbingan Teknis|00||0|0
2026|01|527340|015|08|CD|6212|FAL|03|55|2|004|100| D|Pembinaan Pemda, TKD, dan Penandatanganan BAR|00||0|0
2026|01|527340|015|08|CD|6213|FAC|03|55|2|001|100| A|Pembinaan Jabatan Fungsional Perbendaharaan|00||0|0
2026|01|527340|015|08|CD|6213|FAE|03|55|2|009|100| A|Monev Penyaluran Pembiayaan Ultra Mikro|00||0|0
2026|01|527340|015|08|CD|6213|FAL|03|55|2|003|100| A|Monev Pelaksanaan Anggaran|00||0|0
2026|01|527340|015|08|CD|6214|FAL|03|55|2|002|100| A|Pelaksanaan PencairanPenarikanPengesahan Dana|00||0|0
2026|01|527340|015|08|CD|6214|FAL|03|55|2|002|100| B|PenerbitanPersetujuanRekonsiliasi RekeningSKPPKonfirmasi Penerimaan Negara, dll|00||0|0
2026|01|527340|015|08|CD|6215|FAH|03|55|2|003|100| A|Penyusunan Laporan Keuangan Tingkat Kuasa BUN di Daerah|00||0|0
2026|01|527340|015|08|CD|6215|FAH|03|55|2|003|100| B|Koordinasi UAKBUN-D KPPN di Kanwil|00||0|0
2026|01|527340|015|08|WA|4715|EBA|03|55|2|001|100| A|TANPA SUB KOMPONEN|00||0|0
2026|01|527340|015|08|WA|4715|EBA|03|55|2|002|100| A|TANPA SUB KOMPONEN|00||0|0
2026|01|527340|015|08|WA|4715|EBA|03|55|2|994|002| A|Keperluan Seharihari Perkantoran|00||0|0
2026|01|527340|015|08|WA|4715|EBA|03|55|2|994|002| B|Langganan Daya dan Jasa|00||0|0
2026|01|527340|015|08|WA|4715|EBA|03|55|2|994|002| C|Pelaksanaan Operasional Kantor|00||0|0
2026|01|527340|015|08|WA|4715|EBA|03|55|2|994|002| D|Pemeliharaan Peralatan dan Mesin|00||0|0
2026|01|527340|015|08|WA|4715|EBA|03|55|2|994|002| G|Pemeliharaan Gedung dan Bangunan|00||0|0
2026|01|527340|015|08|WA|4715|EBA|03|55|2|994|002|HA|Dukungan Tusi - Konsultasi Pencairan Dana|00||0|0
2026|01|527340|015|08|WA|4715|EBA|03|55|2|994|002|HB|Dukungan Tusi - Reviu Belanja Pemerintah|00||0|0
2026|01|527340|015|08|WA|4715|EBA|03|55|2|994|002|HH|Dukungan Pelaksanaan Tusi Prioritas Direktif Presiden|00||0|0
2026|01|527340|015|08|WA|4715|EBA|03|55|2|994|002|TJ|Jasa PemeliharaanAnnual Technical Support (ATS)|00||0|0
2026|01|527340|015|08|WA|4715|EBB|03|55|2|002|100| A|TANPA SUB KOMPONEN|00||0|0
2026|01|527340|015|08|WA|4715|EBD|03|55|2|Z36|100| B|Pelaksanaan Manajemen Kinerja, Resiko dan Kepatuhan Internal|00||0|0
2026|01|527340|015|08|WA|4718|BMB|03|55|2|002|100| A|TANPA SUB KOMPONEN|00||0|0
2026|01|527340|015|08|WA|4718|BMB|03|55|2|001|100| A|TANPA SUB KOMPONEN|00||0|0
2026|01|527340|015|08|WA|4719|EBA|03|55|2|994|001| A|TANPA SUB KOMPONEN|00||0|0
2026|01|527340|015|08|WA|4719|EBA|03|55|2|004|100| A|Survey Kepuasan Pengguna Layanan|00||0|0
2026|01|527340|015|08|WA|4719|EBC|03|55|2|001|100|XC|Penyelenggaraan Capacity Building|00||0|0
2026|01|527336|015|08|CD|6212|BMB|03|10|2|001|100| A|Profiling UMKM|00||0|0
2026|01|527336|015|08|CD|6212|FAC|03|10|2|001|100| A|Training Modul Aplikasi SAKTI|00||0|0
2026|01|527336|015|08|CD|6212|FAC|03|10|2|001|100| B|FGD dan Bimtek Transfer Keuangan Daerah|00||0|0
2026|01|527336|015|08|CD|6212|FAH|03|10|2|001|100| A|TANPA SUB KOMPONEN|00||0|0
2026|01|527336|015|08|CD|6212|FAL|03|10|2|004|100| A|Konsultasi|00||0|0
2026|01|527336|015|08|CD|6212|FAL|03|10|2|004|100| B|Sosialisasi dan Bimbingan Teknis|00||0|0
2026|01|527336|015|08|CD|6212|FAL|03|10|2|004|100| D|Pembinaan Pemda, TKD, dan Penandatanganan BAR|00||0|0
2026|01|527336|015|08|CD|6213|FAC|03|10|2|001|100| A|Pembinaan Jabatan Fungsional Perbendaharaan|00||0|0
2026|01|527336|015|08|CD|6213|FAE|03|10|2|009|100| A|Monev Penyaluran Pembiayaan Ultra Mikro|00||0|0
2026|01|527336|015|08|CD|6213|FAL|03|10|2|003|100| A|Monev Pelaksanaan Anggaran|11||0|0
2026|01|527336|015|08|CD|6214|FAL|03|10|2|002|100| A|Pelaksanaan PencairanPenarikanPengesahan Dana|11||0|0
2026|01|527336|015|08|CD|6214|FAL|03|10|2|002|100| B|PenerbitanPersetujuanRekonsiliasi RekeningSKPPKonfirmasi Penerimaan Negara, dll|11||0|0
2026|01|527336|015|08|CD|6215|FAH|03|10|2|003|100| A|Penyusunan Laporan Keuangan Tingkat Kuasa BUN di Daerah|11||0|0
2026|01|527336|015|08|WA|4715|EBA|03|10|2|001|100| A|TANPA SUB KOMPONEN|00||0|0
2026|01|527336|015|08|WA|4715|EBA|03|10|2|002|100| A|TANPA SUB KOMPONEN|00||0|0
2026|01|527336|015|08|WA|4715|EBA|03|10|2|994|002|AA|Keperluan Seharihari Perkantoran  KPPN Induk|00||0|0
2026|01|527336|015|08|WA|4715|EBA|03|10|2|994|002| B|Langganan Daya dan Jasa|00||0|0
2026|01|527336|015|08|WA|4715|EBA|03|10|2|994|002| C|Pelaksanaan Operasional Kantor|00||0|0
2026|01|527336|015|08|WA|4715|EBA|03|10|2|994|002| D|Pemeliharaan Peralatan dan Mesin|00||0|0
2026|01|527336|015|08|WA|4715|EBA|03|10|2|994|002| G|Pemeliharaan Gedung dan Bangunan|00||0|0
2026|01|527336|015|08|WA|4715|EBA|03|10|2|994|002|HH|Dukungan Pelaksanaan Tusi Prioritas Direktif Presiden|00||0|0
2026|01|527336|015|08|WA|4715|EBA|03|10|2|994|002|TJ|Jasa PemeliharaanAnnual Technical Support (ATS)|00||0|0
2026|01|527336|015|08|WA|4715|EBD|03|10|2|Z36|100| B|Pelaksanaan Manajemen Kinerja ,Resiko dan Kepatuhan Internal|00||0|0
2026|01|527336|015|08|WA|4718|BMB|03|10|2|002|100| A|TANPA SUB KOMPONEN|00||0|0
2026|01|527336|015|08|WA|4718|BMB|03|10|2|001|100| A|TANPA SUB KOMPONEN|00||0|0
2026|01|527336|015|08|WA|4719|EBA|03|10|2|994|001| A|TANPA SUB KOMPONEN|00||0|0
2026|01|527336|015|08|WA|4719|EBA|03|10|2|004|100| A|Survey Kepuasan Pengguna Layanan  KPPN Induk|00||0|0
2026|01|527336|015|08|WA|4719|EBC|03|10|2|001|100|XC|Penyelenggaraan Capacity Building|00||0|0
2026|01|527315|015|08|CD|6212|FAC|03|53|2|001|100| A|Training Modul Aplikasi SAKTI|00||0|0
2026|01|527315|015|08|CD|6212|FAC|03|53|2|001|100| B|FGD dan Bimtek Transfer Keuangan Daerah|00||0|0
2026|01|527315|015|08|CD|6212|FAH|03|53|2|001|100| A|TANPA SUB KOMPONEN|00||0|0
2026|01|527315|015|08|CD|6212|FAL|03|53|2|004|100| A|Konsultasi|00||0|0
2026|01|527315|015|08|CD|6212|FAL|03|53|2|004|100| B|Sosialisasi dan Bimbingan Teknis|00||0|0
2026|01|527315|015|08|CD|6212|FAL|03|53|2|004|100| D|Pembinaan Pemda, TKD, dan Penandatanganan BA Rekonsiliasi Pajak|00||0|0
2026|01|527315|015|08|CD|6213|FAC|03|53|2|001|100| A|Pembinaan Jabatan Fungsional Perbendaharaan|00||0|0
2026|01|527315|015|08|CD|6213|FAL|03|53|2|003|100| A|Monev Pelaksanaan Anggaran|00||0|0
2026|01|527315|015|08|CD|6214|FAL|03|53|2|002|100| A|Pelaksanaan PencairanPenarikanPengesahan Dana|00||0|0
2026|01|527315|015|08|CD|6214|FAL|03|53|2|002|100| B|PenerbitanPersetujuanRekonsiliasi RekeningSKPPKonfirmasi Penerimaan Negara, dll|00||0|0
2026|01|527315|015|08|CD|6215|FAH|03|53|2|003|100| A|Penyusunan Laporan Keuangan Tingkat Kuasa BUN di Daerah|00||0|0
2026|01|527315|015|08|WA|4715|EBA|03|53|2|001|100| A|TANPA SUB KOMPONEN|00||0|0
2026|01|527315|015|08|WA|4715|EBA|03|53|2|001|100| B|KOORDINASI PENYUSUNAN ATK PU|00||0|0
2026|01|527315|015|08|WA|4715|EBA|03|53|2|002|100| A|TANPA SUB KOMPONEN|00||0|0
2026|01|527315|015|08|WA|4715|EBA|03|53|2|994|002| A|Keperluan Seharihari Perkantoran|00||0|0
2026|01|527315|015|08|WA|4715|EBA|03|53|2|994|002| B|Langganan Daya dan Jasa|00||0|0
2026|01|527315|015|08|WA|4715|EBA|03|53|2|994|002| C|Pelaksanaan Operasional Kantor|00||0|0
2026|01|527315|015|08|WA|4715|EBA|03|53|2|994|002| D|Pemeliharaan Peralatan dan Mesin|00||0|0
2026|01|527315|015|08|WA|4715|EBA|03|53|2|994|002| G|Pemeliharaan Gedung dan Bangunan|00||0|0
2026|01|527315|015|08|WA|4715|EBA|03|53|2|994|002|HA|Dukungan Tusi - Konsultasi Pencairan Dana|00||0|0
2026|01|527315|015|08|WA|4715|EBA|03|53|2|994|002|HB|Dukungan Tusi - Reviu Belanja Pemerintah|00||0|0
2026|01|527315|015|08|WA|4715|EBA|03|53|2|994|002|HH|Dukungan Pelaksanaan Tusi Prioritas Direktif Presiden|00||0|0
2026|01|527315|015|08|WA|4715|EBA|03|53|2|994|002|TJ|Jasa Pemeliharaan Annual Technical Support (ATS)|00||0|0
2026|01|527315|015|08|WA|4718|BMB|03|53|2|002|100| A|TANPA SUB KOMPONEN|00||0|0
2026|01|527315|015|08|WA|4718|BMB|03|53|2|001|100| A|TANPA SUB KOMPONEN|00||0|0
2026|01|527315|015|08|WA|4719|EBA|03|53|2|004|100| A|Survey Kepuasan Pengguna Layanan|00||0|0
2026|01|527315|015|08|WA|4719|EBA|03|53|2|994|001| A|TANPA SUB KOMPONEN|00||0|0
2026|01|527315|015|08|WA|4719|EBC|03|53|2|001|100|XC|Penyelenggaraan Capacity Building|00||0|0
2026|01|527357|015|08|CD|6212|BMB|03|54|2|001|100| A|Profilling UMKM|00||0|0
2026|01|527357|015|08|CD|6212|FAC|03|54|2|001|100| A|Training Modul Aplikasi SAKTI|00||0|0
2026|01|527357|015|08|CD|6212|FAC|03|54|2|001|100| B|FGD dan Bimtek Transfer Keuangan Daerah|00||0|0
2026|01|527357|015|08|CD|6212|FAH|03|54|2|001|100| A|TANPA SUB KOMPONEN|00||0|0
2026|01|527357|015|08|CD|6212|FAL|03|54|2|004|100| A|Konsultasi|00||0|0
2026|01|527357|015|08|CD|6212|FAL|03|54|2|004|100| B|Sosialisasi dan Bimbingan Teknis|00||0|0
2026|01|527357|015|08|CD|6212|FAL|03|54|2|004|100| D|Pembinaan Pemda, TKD, dan Penandatanganan BAR|00||0|0
2026|01|527357|015|08|CD|6213|FAC|03|54|2|001|100| A|Pembinaan Jabatan Fungsional Perbendaharaan|00||0|0
2026|01|527357|015|08|CD|6213|FAL|03|54|2|003|100| A|Monev Pelaksanaan Anggaran|00||0|0
2026|01|527357|015|08|CD|6214|FAL|03|54|2|002|100| A|Pelaksanaan PencairanPenarikanRepaymentPengesahan Dana|00||0|0
2026|01|527357|015|08|CD|6214|FAL|03|54|2|002|100| B|PenerbitanPersetujuanRekonsiliasi RekeningSKPPKonfirmasi Penerimaan Negara, dll|00||0|0
2026|01|527357|015|08|CD|6215|FAH|03|54|2|003|100| A|Penyusunan Laporan Keuangan Tingkat Kuasa BUN di Daerah|00||0|0
2026|01|527357|015|08|WA|4715|EBA|03|54|2|001|100| A|TANPA SUB KOMPONEN|00||0|0
2026|01|527357|015|08|WA|4715|EBA|03|54|2|002|100| A|TANPA SUB KOMPONEN|00||0|0
2026|01|527357|015|08|WA|4715|EBA|03|54|2|994|002| A|Keperluan SehariHari Perkantoran|00||0|0
2026|01|527357|015|08|WA|4715|EBA|03|54|2|994|002| B|Langganan Daya dan Jasa|00||0|0
2026|01|527357|015|08|WA|4715|EBA|03|54|2|994|002| C|Pelaksanaan Operasional Kantor|00||0|0
2026|01|527357|015|08|WA|4715|EBA|03|54|2|994|002| D|Pemeliharaan Peralatan dan Mesin|00||0|0
2026|01|527357|015|08|WA|4715|EBA|03|54|2|994|002| G|Pemeliharaan Gedung dan Bangunan|00||0|0
2026|01|527357|015|08|WA|4715|EBA|03|54|2|994|002|HB|Dukungan Tusi-Reviu Belanja Pemerintah|00||0|0
2026|01|527357|015|08|WA|4715|EBA|03|54|2|994|002|HH|Dukungan Pelaksanaan Tusi Prioritas Direktif Presiden|00||0|0
2026|01|527357|015|08|WA|4715|EBA|03|54|2|994|002|TJ|Jasa PemeliharaanAnnual Technical Support (ATS)|00||0|0
2026|01|527357|015|08|WA|4715|EBD|03|54|2|Z36|100| B|Pelaksanaan Manajemen Kinerja, Resiko dan Kepatuhan Internal|00||0|0
2026|01|527357|015|08|WA|4718|BMB|03|54|2|001|100| A|TANPA SUB KOMPONEN|00||0|0
2026|01|527357|015|08|WA|4718|BMB|03|54|2|002|100| A|TANPA SUB KOMPONEN|00||0|0
2026|01|527357|015|08|WA|4719|EBA|03|54|2|004|100| A|Survey Kepuasan Pengguna Layanan|00||0|0
2026|01|527357|015|08|WA|4719|EBA|03|54|2|994|001| A|TANPA SUB KOMPONEN|00||0|0
2026|01|527357|015|08|WA|4719|EBC|03|54|2|001|100|XC|Penyelenggaraan Capacity Building|00||0|0
2026|01|527361|015|08|CD|6212|BMB|03|16|2|001|100| A|Profiling UMKM|00||0|0
2026|01|527361|015|08|CD|6212|FAC|03|16|2|001|100| A|Training Modul Aplikasi SAKTI|00||0|0
2026|01|527361|015|08|CD|6212|FAC|03|16|2|001|100| B|FGD dan Bimtek Transfer Keuangan Daerah|00||0|0
2026|01|527361|015|08|CD|6212|FAH|03|16|2|001|100| A|TANPA SUB KOMPONEN|00||0|0
2026|01|527361|015|08|CD|6212|FAL|03|16|2|004|100| A|Konsultasi|00||0|0
2026|01|527361|015|08|CD|6212|FAL|03|16|2|004|100| B|Sosialisasi dan Bimbingan Teknis|00||0|0
2026|01|527361|015|08|CD|6212|FAL|03|16|2|004|100| C|Pembinaan Pemda, TKD, dan Penandatanganan BAR|00||0|0
2026|01|527361|015|08|CD|6213|FAC|03|16|2|001|100| A|Pembinaan Jabatan Fungsional Perbendaharaan|00||0|0
2026|01|527361|015|08|CD|6213|FAE|03|16|2|009|100| A|Monev Penyaluran Pembiayaan Ultra Mikro|00||0|0
2026|01|527361|015|08|CD|6213|FAL|03|16|2|003|100| A|Monev Pelaksanaan Anggaran|00||0|0
2026|01|527361|015|08|CD|6214|FAL|03|16|2|002|100| A|Pelaksanaan PencairanPenarikanPengesahan Dana|00||0|0
2026|01|527361|015|08|CD|6214|FAL|03|16|2|002|100| B|PenerbitanPersetujuanRekonsiliasi RekeningSKPPKonfirmasi Penerimaan Negara, dll|00||0|0
2026|01|527361|015|08|CD|6215|FAH|03|16|2|003|100| A|Penyusunan Laporan Keuangan Tingkat Kuasa BUN di Daerah|00||0|0
2026|01|527361|015|08|CD|6215|FAH|03|16|2|003|100| B|Koordinasi UAKBUN-D KPPN di Kanwil|00||0|0
2026|01|527361|015|08|WA|4715|EBA|03|16|2|001|100| A|TANPA SUB KOMPONEN|00||0|0
2026|01|527361|015|08|WA|4715|EBA|03|16|2|002|100| A|TANPA SUB KOMPONEN|00||0|0
2026|01|527361|015|08|WA|4715|EBA|03|16|2|994|002| A|Keperluan Seharihari Perkantoran|00||0|0
2026|01|527361|015|08|WA|4715|EBA|03|16|2|994|002| B|Langganan Daya dan Jasa|00||0|0
2026|01|527361|015|08|WA|4715|EBA|03|16|2|994|002| C|Pelaksanaan Operasional Kantor|00||0|0
2026|01|527361|015|08|WA|4715|EBA|03|16|2|994|002| D|Pemeliharaan Peralatan dan Mesin|00||0|0
2026|01|527361|015|08|WA|4715|EBA|03|16|2|994|002| G|Pemeliharaan Gedung dan Bangunan|00||0|0
2026|01|527361|015|08|WA|4715|EBA|03|16|2|994|002|HA|Dukungan Tusi - Konsultasi Pencairan Dana|00||0|0
2026|01|527361|015|08|WA|4715|EBA|03|16|2|994|002|HB|Dukungan Tusi - Reviu Belanja Pemerintah|00||0|0
2026|01|527361|015|08|WA|4715|EBA|03|16|2|994|002|HH|Dukungan Pelaksanaan Tusi Prioritas Direktif Presiden|00||0|0
2026|01|527361|015|08|WA|4715|EBA|03|16|2|994|002|TJ|Jasa PemeliharaanAnnual Technical Support (ATS)|00||0|0
2026|01|527361|015|08|WA|4715|EBB|03|16|2|002|100| A|TANPA SUB KOMPONEN|00||0|0
2026|01|527361|015|08|WA|4718|BMB|03|16|2|001|100| A|TANPA SUB KOMPONEN|00||0|0
2026|01|527361|015|08|WA|4718|BMB|03|16|2|002|100| A|TANPA SUB KOMPONEN|00||0|0
2026|01|527361|015|08|WA|4719|EBA|03|16|2|004|100| A|Survey Kepuasan Pengguna Layanan|00||0|0
2026|01|527361|015|08|WA|4719|EBA|03|16|2|994|001| A|TANPA SUB KOMPONEN|00||0|0
2026|01|527361|015|08|WA|4719|EBC|03|16|2|001|100|XC|Penyelenggaraan Capacity Building|00||0|0
2026|01|527399|015|08|CD|6212|FAC|04|51|2|001|100| A|Training Modul Aplikasi SAKTI|00||0|0
2026|01|527399|015|08|CD|6212|FAC|04|51|2|001|100| B|FGD dan Bimtek Transfer Keuangan Daerah|00||0|0
2026|01|527399|015|08|CD|6212|FAH|04|51|2|001|100| A|TANPA SUB KOMPONEN|00||0|0
2026|01|527399|015|08|CD|6212|FAL|04|51|2|004|100| A|Konsultasi|00||0|0
2026|01|527399|015|08|CD|6212|FAL|04|51|2|004|100| B|Sosialisasi dan Bimbingan Teknis|00||0|0
2026|01|527399|015|08|CD|6212|FAL|04|51|2|004|100| D|Pembinaan Pemda, TKD, dan Penandatanganan BAR|00||0|0
2026|01|527399|015|08|CD|6213|FAC|04|51|2|001|100| A|Pembinaan Jabatan Fungsional Perbendaharaan|00||0|0
2026|01|527399|015|08|CD|6213|FAE|04|51|2|009|100| A|Monev Penyaluran Pembiayaan Ultra Mikro|00||0|0
2026|01|527399|015|08|CD|6214|FAL|04|51|2|002|100| A|Pelaksanaan PencairanPenarikanPengesahan Dana|00||0|0
2026|01|527399|015|08|CD|6214|FAL|04|51|2|002|100| B|PenerbitanPersetujuanRekonsiliasi RekeningSKPPKonfirmasi Penerimaan Negara, dll|00||0|0
2026|01|527399|015|08|CD|6215|FAH|04|51|2|003|100| A|Penyusunan Laporan Keuangan Tingkat Kuasa BUN di Daerah|00||0|0
2026|01|527399|015|08|CD|6215|FAH|04|51|2|003|100| B|Koordinasi UAKBUND KPPN di Kanwil|00||0|0
2026|01|527399|015|08|WA|4715|EBA|04|51|2|001|100| A|TANPA SUB KOMPONEN|00||0|0
2026|01|527399|015|08|WA|4715|EBA|04|51|2|001|100| B|Koordinasi Penyusunan ATK PU|00||0|0
2026|01|527399|015|08|WA|4715|EBA|04|51|2|002|100| A|TANPA SUB KOMPONEN|00||0|0
2026|01|527399|015|08|WA|4715|EBA|04|51|2|994|002| A|Keperluan Seharihari Perkantoran|00||0|0
2026|01|527399|015|08|WA|4715|EBA|04|51|2|994|002| B|Langganan Daya dan Jasa|00||0|0
2026|01|527399|015|08|WA|4715|EBA|04|51|2|994|002| C|Pelaksanaan Operasional Kantor|00||0|0
2026|01|527399|015|08|WA|4715|EBA|04|51|2|994|002| D|Pemeliharaan Peralatan dan Mesin|00||0|0
2026|01|527399|015|08|WA|4715|EBA|04|51|2|994|002|HA|Dukungan Tusi - Konsultasi Pencairan Dana|00||0|0
2026|01|527399|015|08|WA|4715|EBA|04|51|2|994|002|HB|Dukungan Tusi - Reviu Belanja Pemerintah|00||0|0
2026|01|527399|015|08|WA|4715|EBA|04|51|2|994|002|HH|Dukungan Pelaksanaan Tusi Prioritas Direktif Presiden|00||0|0
2026|01|527399|015|08|WA|4715|EBA|04|51|2|994|002|TJ|Jasa PemeliharaanAnnual Technical Support (ATS)|00||0|0
2026|01|527399|015|08|WA|4715|EBD|04|51|2|Z36|100| B|Pelaksanaan Manajemen Kinerja, Resiko dan Kepatuhan Internal|00||0|0
2026|01|527399|015|08|WA|4718|BMB|04|51|2|002|100| A|Tanpa Sub Komponen|00||0|0
2026|01|527399|015|08|WA|4718|BMB|04|51|2|001|100| A|Tanpa Sub Komponen|00||0|0
2026|01|527399|015|08|WA|4719|EBA|04|51|2|994|001| A|Tanpa Sub Komponen|00||0|0
2026|01|527399|015|08|WA|4719|EBA|04|51|2|004|100| A|Survey Kepuasan Pengguna Layanan|00||0|0
2026|01|527399|015|08|WA|4719|EBC|04|51|2|001|100|XC|Penyelenggaraan Capacity Building|00||0|0
2026|01|527425|015|08|WA|4719|EBC|05|51|2|001|100|XC|Penyelenggaraan Capacity Building|00||0|0
2026|01|527425|015|08|CD|6212|BMB|05|51|2|001|100| A|Profilling UMKM|00||0|0
2026|01|527425|015|08|CD|6212|FAC|05|51|2|001|100| A|Training Modul Aplikasi SAKTI|00||0|0
2026|01|527425|015|08|CD|6212|FAC|05|51|2|001|100| B|FGD dan Bimtek Transfer Keuangan Daerah|00||0|0
2026|01|527425|015|08|CD|6212|FAH|05|51|2|001|100| A|TANPA SUB KOMPONEN|00||0|0
2026|01|527425|015|08|CD|6212|FAL|05|51|2|004|100| A|Konsultasi|00||0|0
2026|01|527425|015|08|CD|6212|FAL|05|51|2|004|100| B|Sosialisasi dan Bimbingan Teknis|00||0|0
2026|01|527425|015|08|CD|6212|FAL|05|51|2|004|100| D|Pembinaan Pemda, TKD, dan Penandatanganan BA Rekonsiliasi Pajak|00||0|0
2026|01|527425|015|08|CD|6213|FAC|05|51|2|001|100| A|Pembinaan Jabatan Fungsional Perbendaharaan|00||0|0
2026|01|527425|015|08|CD|6213|FAE|05|51|2|009|100| A|Monev Penyaluran Pembiayaan Ultra Mikro|00||0|0
2026|01|527425|015|08|CD|6213|FAL|05|51|2|003|100| A|Monev Pelaksanaan Anggaran|00||0|0
2026|01|527425|015|08|CD|6214|FAL|05|51|2|002|100| A|Pelaksanaan PencairanPenarikanPengesahan Dana|00||0|0
2026|01|527425|015|08|CD|6214|FAL|05|51|2|002|100| B|PenerbitanPersetujuanRekonsiliasi RekeningSKPPKonfirmasi Penerimaan Negara, dll|00||0|0
2026|01|527425|015|08|CD|6215|FAH|05|51|2|003|100| A|Penyusunan Laporan Keuangan Tingkat Kuasa BUN di Daerah|00||0|0
2026|01|527425|015|08|WA|4715|EBA|05|51|2|001|100| A|TANPA SUB KOMPONEN|00||0|0
2026|01|527425|015|08|WA|4715|EBA|05|51|2|002|100| A|TANPA SUB KOMPONEN|00||0|0
2026|01|527425|015|08|WA|4715|EBA|05|51|2|994|002| A|Keperluan Seharihari Perkantoran|00||0|0
2026|01|527425|015|08|WA|4715|EBA|05|51|2|994|002| B|Langganan Daya dan Jasa|00||0|0
2026|01|527425|015|08|WA|4715|EBA|05|51|2|994|002| C|Pelaksanaan Operasional Kantor|00||0|0
2026|01|527425|015|08|WA|4715|EBA|05|51|2|994|002| D|Pemeliharaan Peralatan dan Mesin|00||0|0
2026|01|527425|015|08|WA|4715|EBA|05|51|2|994|002|HA|Dukungan Tusi - Konsultasi Pencairan Dana|00||0|0
2026|01|527425|015|08|WA|4715|EBA|05|51|2|994|002|HB|Dukungan Tusi - Reviu Belanja Pemerintah|00||0|0
2026|01|527425|015|08|WA|4715|EBA|05|51|2|994|002|HH|Dukungan Pelaksanaan Tusi Prioritas Direktif Presiden|00||0|0
2026|01|527425|015|08|WA|4715|EBA|05|51|2|994|002|TJ|Jasa Pemeliharaan Annual Technical Support (ATS)|00||0|0
2026|01|527425|015|08|WA|4718|BMB|05|51|2|002|100| A|TANPA SUB KOMPONEN|00||0|0
2026|01|527425|015|08|WA|4718|BMB|05|51|2|001|100| A|TANPA SUB KOMPONEN|00||0|0
2026|01|527425|015|08|WA|4719|EBA|05|51|2|994|001| A|TANPA SUB KOMPONEN|00||0|0
2026|01|527425|015|08|WA|4719|EBA|05|51|2|004|100| A|Survey Kepuasan Pengguna Layanan|00||0|0
2026|01|527411|015|08|CD|6212|BMB|05|51|2|001|100| B|Pemberdayaan UMKM  SosialisasiBimtekAsistensi dan BazarPojokRumah UMKM|00||0|0
2026|01|527411|015|08|CD|6212|BMB|05|51|2|001|100| D|Komunikasi Publik  BazarPojokRumah UMKM|00||0|0
2026|01|527411|015|08|CD|6212|FAC|05|51|2|002|100| A|TANPA SUB KOMPONEN|00||0|0
2026|01|527411|015|08|CD|6212|FAC|05|51|2|002|100| B|TANPA SUB KOMPONEN|00||0|0
2026|01|527411|015|08|CD|6212|FAH|05|51|2|002|100| A|Forum Koordinasi dan Rekonsiliasi Data dengan Bank Indonesia|00||0|0
2026|01|527411|015|08|CD|6212|FAH|05|51|2|002|100| B|Pembinaan SAP pada Pemerintah Daerah|00||0|0
2026|01|527411|015|08|CD|6212|FAH|05|51|2|002|100| C|SosialisasiBimtekWorkshopFGD  dengan Pemda|00||0|0
2026|01|527411|015|08|CD|6212|FAH|05|51|2|003|100| A|Pendampingan Penyusunan dan Penyelesaian Permasalahan Laporan Keuangan UAPPAW dan BLU|00||0|0
2026|01|527411|015|08|CD|6212|FAL|05|51|2|001|100| B|Pengkoordinasian Kerjasama Ekonomi dan Keuangan Daerah|00||0|0
2026|01|527411|015|08|CD|6212|FAL|05|51|2|001|100| C|Pembinaan dan Bimtek Pengelolaan Keuangan Daerah|00||0|0
2026|01|527411|015|08|CD|6212|FAL|05|51|2|001|100| D|Penyerahan DIPA|00||0|0
2026|01|527411|015|08|CD|6213|ABA|05|51|2|001|100| A|Penyusunan Analisis Potensi Pembiayaan dan Pelaksanaan MoU DJPb dan PT SMI di Daerah|00||0|0
2026|01|527411|015|08|CD|6213|FAE|05|51|2|008|100| A|Koordinasi Pelaksanaan Tugas RCE  ALCo|00||0|0
2026|01|527411|015|08|CD|6213|FAE|05|51|2|009|100| C|Monev Site Visit Fasilitas Likuiditas Pembiayaan Perumahan (FLPP)|00||0|0
2026|01|527411|015|08|CD|6213|FAL|05|51|2|003|100| A|Pelaksanaan Spending Review|00||0|0
2026|01|527411|015|08|CD|6213|FAL|05|51|2|003|100| C|Review Pelaksanaan Anggaran|00||0|0
2026|01|527411|015|08|CD|6213|FAL|05|51|2|003|100| D|Monitoring dan Evaluasi Pelaksanaan Anggaran|00||0|0
2026|01|527411|015|08|CD|6213|FAL|05|51|2|003|100| E|Pengumpulan InformasiPenajaman Data Fiskal RegionalPenyusunan KFR|00||0|0
2026|01|527411|015|08|CD|6213|FAL|05|51|2|003|100| F|Publikasi Kajian Fiskal Regional (Full Cost)|00||0|0
2026|01|527411|015|08|CD|6213|FAL|05|51|2|003|100| G|Pengumpulan Konfirmasi Informasi Pengelolaan Keuangan daerah dan Penyusunan Profil Keuangan Daerah|00||0|0
2026|01|527411|015|08|CD|6213|FAL|05|51|2|003|100| H|Monitoring atas Dana Transfer dan Dana Desa|00||0|0
2026|01|527411|015|08|CD|6215|FAH|05|51|2|001|100| A|Koordinasi Laporan Keuangan Pemerintah Daerah danatau BLUD|00||0|0
2026|01|527411|015|08|CD|6215|FAH|05|51|2|001|100| B|Penyusunan Laporan Statistik Keuangan Pemerintah Tingkat Wilayah|00||0|0
2026|01|527411|015|08|CD|6215|FAH|05|51|2|003|100| A|Pembinaan UAKBUN D (KPPN)|00||0|0
2026|01|527411|015|08|CD|6215|FAH|05|51|2|003|100| B|Koordinasi UAKBUND (KPPN) (Cross Program)|00||0|0
2026|01|527411|015|08|CD|6216|FAE|05|51|2|002|100| A|Pelaksanaan Survei Bahan Sumbangan Standar Biaya Masukan|00||0|0
2026|01|527411|015|08|WA|4715|EBA|05|51|2|001|100| A|TANPA SUB KOMPONEN|00||0|0
2026|01|527411|015|08|WA|4715|EBA|05|51|2|001|100| B|Koordinasi Penyusunan ATK PU|00||0|0
2026|01|527411|015|08|WA|4715|EBA|05|51|2|002|100| A|TANPA SUB KOMPONEN|00||0|0
2026|01|527411|015|08|WA|4715|EBA|05|51|2|994|002| A|Keperluan Seharihari Perkantoran|00||0|0
2026|01|527411|015|08|WA|4715|EBA|05|51|2|994|002| B|Langganan Daya dan Jasa|00||0|0
2026|01|527411|015|08|WA|4715|EBA|05|51|2|994|002| C|Pelaksanaan Operasional Kantor|00||0|0
2026|01|527411|015|08|WA|4715|EBA|05|51|2|994|002| D|Pemeliharaan Peralatan dan Mesin|00||0|0
2026|01|527411|015|08|WA|4715|EBA|05|51|2|994|002| G|Pemeliharaan Gedung dan Bangunan|00||0|0
2026|01|527411|015|08|WA|4715|EBA|05|51|2|994|002|HB|Dukungan Tusi - Reviu Belanja Pemerintah|00||0|0
2026|01|527411|015|08|WA|4715|EBA|05|51|2|994|002|HC|Dukungan Tusi - Government Financial Statistic (GFS)|00||0|0
2026|01|527411|015|08|WA|4715|EBA|05|51|2|994|002|HD|Dukungan Tusi - Rekomendasi Pengelolaan Organisasi|00||0|0
2026|01|527411|015|08|WA|4715|EBA|05|51|2|994|002|HH|Dukungan Pelaksanaan Tusi Prioritas Direktif Presiden|00||0|0
2026|01|527411|015|08|WA|4715|EBA|05|51|2|994|002|TJ|Jasa Pemeliharaan Annual Technical Support (ATS)|00||0|0
2026|01|527411|015|08|WA|4715|EBB|05|51|2|002|100| A|TANPA SUB KOMPONEN|00||0|0
2026|01|527411|015|08|WA|4715|EBB|05|51|2|004|100|RB|Renovasi Rumah Dinas|00||0|0
2026|01|527411|015|08|WA|4715|EBD|05|51|2|Z26|100| A|Rakor Penyusunan Laporan Keuangan Tingkat UAPPAW (Full Cost)|00||0|0
2026|01|527411|015|08|WA|4715|EBD|05|51|2|Z36|100| A|TANPA SUB KOMPONEN|00||0|0
2026|01|527411|015|08|WA|4718|BMB|05|51|2|001|100| A|TANPA SUB KOMPONEN|00||0|0
2026|01|527411|015|08|WA|4718|BMB|05|51|2|002|100| A|TANPA SUB KOMPONEN|00||0|0
2026|01|527411|015|08|WA|4719|EBA|05|51|2|003|100| A|Pelaksanaan|00||0|0
2026|01|527411|015|08|WA|4719|EBA|05|51|2|003|100| B|Koordinasi Inovasi Layanan|00||0|0
2026|01|527411|015|08|WA|4719|EBA|05|51|2|005|100| A|Monitoring dan Evaluasi Implementasi ISO|00||0|0
2026|01|527411|015|08|WA|4719|EBA|05|51|2|005|100| B|Pelaksanaan Supervisi Teknis Aplikasi|00||0|0
2026|01|527411|015|08|WA|4719|EBA|05|51|2|994|001| A|TANPA SUB KOMPONEN|00||0|0
2026|01|527411|015|08|WA|4719|EBC|05|51|2|001|100| A|Peningkatan Kapasitas SDM|00||0|0
2026|01|527411|015|08|WA|4722|EBD|05|51|2|001|100| A|Pelaksanaan Manajemen Resiko dan Kepatuhan Internal|00||0|0
2026|01|527411|015|08|WA|4722|EBD|05|51|2|001|100| B|Pemantauan Kode Etk dan Kepatuhan Pegawai|00||0|0
2026|01|527432|015|08|CD|6212|FAC|05|53|2|001|100| A|Training Modul Aplikasi SAKTI|00||0|0
2026|01|527432|015|08|CD|6212|FAC|05|53|2|001|100| B|FGD dan Bimtek Transfer Keuangan Daerah|00||0|0
2026|01|527432|015|08|CD|6212|FAH|05|53|2|001|100| A|TANPA SUB KOMPONEN|00||0|0
2026|01|527432|015|08|CD|6212|FAL|05|53|2|004|100| A|Konsultasi|00||0|0
2026|01|527432|015|08|CD|6212|FAL|05|53|2|004|100| B|Sosialisasi dan Bimbingan Teknis|00||0|0
2026|01|527432|015|08|CD|6212|FAL|05|53|2|004|100| C|Pembinaan Satker|00||0|0
2026|01|527432|015|08|CD|6213|FAC|05|53|2|001|100| A|Pembinaan Jabatan Fungsional Perbendaharaan|00||0|0
2026|01|527432|015|08|CD|6214|FAL|05|53|2|002|100| A|Pelaksanaan PencairanPenarikanPengesahan Dana|00||0|0
2026|01|527432|015|08|CD|6214|FAL|05|53|2|002|100| B|PenerbitanPersetujuanRekonsiliasi RekeningSKPPKonfirmasi Penerimaan Negara, dll|00||0|0
2026|01|527432|015|08|CD|6215|FAH|05|53|2|003|100| A|Penyusunan Laporan Keuangan Tingkat Kuasa BUN di Daerah|00||0|0
2026|01|527432|015|08|CD|6215|FAH|05|53|2|003|100| B|Koordinasi UAKBUND KPPN di Kanwil|00||0|0
2026|01|527432|015|08|WA|4715|EBA|05|53|2|001|100| A|TANPA SUB KOMPONEN|00||0|0
2026|01|527432|015|08|WA|4715|EBA|05|53|2|001|100| B|Koordinasi Penyusunan ATK PU|00||0|0
2026|01|527432|015|08|WA|4715|EBA|05|53|2|002|100| A|TANPA SUB KOMPONEN|00||0|0
2026|01|527432|015|08|WA|4715|EBA|05|53|2|994|002| A|Keperluan Seharihari Perkantoran|00||0|0
2026|01|527432|015|08|WA|4715|EBA|05|53|2|994|002| B|Langganan Daya dan Jasa|00||0|0
2026|01|527432|015|08|WA|4715|EBA|05|53|2|994|002| C|Pelaksanaan Operasional Kantor|00||0|0
2026|01|527432|015|08|WA|4715|EBA|05|53|2|994|002| D|Pemeliharaan Peralatan dan Mesin|00||0|0
2026|01|527432|015|08|WA|4715|EBA|05|53|2|994|002| G|Pemeliharaan Gedung dan Bangunan|00||0|0
2026|01|527432|015|08|WA|4715|EBA|05|53|2|994|002|HA|Dukungan Tusi - Konsultasi Pencairan Dana|00||0|0
2026|01|527432|015|08|WA|4715|EBA|05|53|2|994|002|HB|Dukungan Tusi - Reviu Belanja Pemerintah|00||0|0
2026|01|527432|015|08|WA|4715|EBA|05|53|2|994|002|HH|Dukungan Pelaksaan Tusi Prioritas Direktif Presiden|00||0|0
2026|01|527432|015|08|WA|4715|EBA|05|53|2|994|002|TJ|Jasa Pemeliharaan Annual Technical Support (ATS)|00||0|0
2026|01|527432|015|08|WA|4715|EBD|05|53|2|Z36|100| B|Pelaksanaan Manajemen Kinerja, Resiko dan Kepatuhan Internal|00||0|0
2026|01|527432|015|08|WA|4718|BMB|05|53|2|002|100| A|TANPA SUB KOMPONEN|00||0|0
2026|01|527432|015|08|WA|4718|BMB|05|53|2|001|100| A|TANPA SUB KOMPONEN|00||0|0
2026|01|527432|015|08|WA|4719|EBA|05|53|2|994|001| A|TANPA SUB KOMPONEN|00||0|0
2026|01|527432|015|08|WA|4719|EBA|05|53|2|004|100| A|Survey Kepuasan Pengguna Layanan|00||0|0
2026|01|527432|015|08|WA|4719|EBC|05|53|2|001|100|XC|Penyelenggaraan Capacity Building|00||0|0
2026|01|527450|015|08|WA|4715|EBD|05|58|2|Z36|100| B|Pelaksanaan Manajemen Resiko dan Kepatuhan Internal|00||0|0
2026|01|527450|015|08|WA|4718|BMB|05|58|2|001|100| A|TANPA SUB KOMPONEN|00||0|0
2026|01|527450|015|08|WA|4718|BMB|05|58|2|002|100| A|TANPA SUB KOMPONEN|00||0|0
2026|01|527450|015|08|WA|4719|EBA|05|58|2|004|100| A|Survey Kepuasan Pengguna Layanan|00||0|0
2026|01|527450|015|08|WA|4719|EBA|05|58|2|994|001| A|TANPA SUB KOMPONEN|00||0|0
2026|01|527450|015|08|CD|6212|FAC|05|58|2|001|100| A|Training Modul Aplikasi SAKTI|00||0|0
2026|01|527450|015|08|CD|6212|FAC|05|58|2|001|100| B|FGD dan Bimtek Transfer Keuangan Daerah|00||0|0
2026|01|527450|015|08|CD|6212|FAH|05|58|2|001|100| A|TANPA SUB KOMPONEN|00||0|0
2026|01|527450|015|08|CD|6212|FAL|05|58|2|004|100| A|Konsultasi|00||0|0
2026|01|527450|015|08|CD|6212|FAL|05|58|2|004|100| B|Sosialisasi dan Bimbingan Teknis|00||0|0
2026|01|527450|015|08|CD|6212|FAL|05|58|2|004|100| C|Pembinaan Satker|00||0|0
2026|01|527450|015|08|CD|6212|FAL|05|58|2|004|100| D|Pembinaan Pemda, TKD, dan Penandatanganan BA Rekonsiliasi Pajak|00||0|0
2026|01|527450|015|08|CD|6213|FAC|05|58|2|001|100| A|Pembinaan Jabatan Fungsional Perbendaharaan|00||0|0
2026|01|527450|015|08|CD|6213|FAE|05|58|2|009|100| A|Monev Penyaluran Pembiayaan Ultra Mikro|00||0|0
2026|01|527450|015|08|CD|6214|FAL|05|58|2|002|100| A|Pelaksanaan PencairanPenarikanPengesahan Dana|00||0|0
2026|01|527450|015|08|CD|6214|FAL|05|58|2|002|100| B|PenerbitanPersetujuanRekonsiliasi RekeningSKPPKonfirmasi Penerimaan Negara, DLL|00||0|0
2026|01|527450|015|08|CD|6215|FAH|05|58|2|003|100| A|Penyusunan Laporan Keuangan Tingkat Kuasa BUN di Daerah|00||0|0
2026|01|527450|015|08|WA|4715|EBA|05|58|2|001|100| A|TANPA SUB KOMPONEN|00||0|0
2026|01|527450|015|08|WA|4715|EBA|05|58|2|001|100| B|Koordinasi Penyusunan ATK PU|00||0|0
2026|01|527450|015|08|WA|4715|EBA|05|58|2|002|100| A|TANPA SUB KOMPONEN|00||0|0
2026|01|527450|015|08|WA|4715|EBA|05|58|2|994|002| A|Keperluan SehariHari Perkantoran|00||0|0
2026|01|527450|015|08|WA|4715|EBA|05|58|2|994|002| B|Langganan Daya dan Jasa|00||0|0
2026|01|527450|015|08|WA|4715|EBA|05|58|2|994|002| C|Pelaksanaan Operasional Kantor|00||0|0
2026|01|527450|015|08|WA|4715|EBA|05|58|2|994|002| D|Pemeliharaan Peralatan dan Mesin|00||0|0
2026|01|527450|015|08|WA|4715|EBA|05|58|2|994|002| G|Pemeliharaan Gedung dan Bangunan|00||0|0
2026|01|527450|015|08|WA|4715|EBA|05|58|2|994|002|HA|Dukungan Tusi - Konsultasi Pencairan Dana|00||0|0
2026|01|527450|015|08|WA|4715|EBA|05|58|2|994|002|HB|Dukungan Tusi - Reviu Belanja Pemerintah|00||0|0
2026|01|527450|015|08|WA|4715|EBA|05|58|2|994|002|HH|Dukungan Pelaksanaan Tusi Pelaksanaan Prioritas Direktif Presiden|00||0|0
2026|01|527450|015|08|WA|4715|EBA|05|58|2|994|002|TJ|Jasa Pemeliharaan Annual Technical Support (ATS)|00||0|0
2026|01|527450|015|08|WA|4719|EBC|05|58|2|001|100|XC|Penyelenggaraan Capacity Building|00||0|0
2026|01|527467|015|08|CD|6212|BMB|05|09|2|001|100| A|Profiling UMKM|00||0|0
2026|01|527467|015|08|CD|6212|FAC|05|09|2|001|100| A|Training Modul Aplikasi SAKTI|00||0|0
2026|01|527467|015|08|CD|6212|FAC|05|09|2|001|100| B|FGD dan Bimtek Transfer Keuangan Daerah|00||0|0
2026|01|527467|015|08|CD|6212|FAH|05|09|2|001|100| A|TANPA SUB KOMPONEN|00||0|0
2026|01|527467|015|08|CD|6212|FAL|05|09|2|004|100| A|Konsultasi|00||0|0
2026|01|527467|015|08|CD|6212|FAL|05|09|2|004|100| B|Sosialisasi dan Bimbingan Teknis|00||0|0
2026|01|527467|015|08|CD|6212|FAL|05|09|2|004|100| D|Pembinaan Pemda, TKD, dan Penandatangan B Rekonsiliasi Pajak|00||0|0
2026|01|527467|015|08|CD|6213|FAC|05|09|2|001|100| A|Pembinaan Jabatan Fungsional Perbendaharaan|00||0|0
2026|01|527467|015|08|CD|6213|FAE|05|09|2|009|100| A|Monev Penyaluran Pembiayaan Ultra Mikro|00||0|0
2026|01|527467|015|08|CD|6213|FAL|05|09|2|003|100| A|Monev Pelaksanaan Anggaran|00||0|0
2026|01|527467|015|08|CD|6214|FAL|05|09|2|002|100| A|Pelaksanaan Pencairan/ Penarikan/Pengesahan Dana|00||0|0
2026|01|527467|015|08|CD|6214|FAL|05|09|2|002|100| B|Penerbitan/Persetujuan/Rekonsiliasi Rekening/SKPP/Konfirmasi Penerimaan Negara, dll|00||0|0
2026|01|527467|015|08|CD|6215|FAH|05|09|2|003|100| A|Penyusunan Laporan Keuangan Tingkat Kuasa BUN di Daerah|00||0|0
2026|01|527467|015|08|WA|4715|EBA|05|09|2|001|100| A|TANPA SUB KOMPONEN|00||0|0
2026|01|527467|015|08|WA|4715|EBA|05|09|2|001|100| B|Koordinasi Penyusunan ATK PU|00||0|0
2026|01|527467|015|08|WA|4715|EBA|05|09|2|002|100| A|TANPA SUB KOMPONEN|00||0|0
2026|01|527467|015|08|WA|4715|EBA|05|09|2|994|002| A|TANPA SUB KOMPONEN|00||0|0
2026|01|527467|015|08|WA|4715|EBA|05|09|2|994|002| B|Langganan Daya Dan Jasa|00||0|0
2026|01|527467|015|08|WA|4715|EBA|05|09|2|994|002| C|Pelaksanaaan Operasional Kantor|00||0|0
2026|01|527467|015|08|WA|4715|EBA|05|09|2|994|002| D|Pemeliharaan Peralatan dan Mesin|00||0|0
2026|01|527467|015|08|WA|4715|EBA|05|09|2|994|002| G|Pemeliharaan Gedung dan Bangunan|00||0|0
2026|01|527467|015|08|WA|4715|EBA|05|09|2|994|002|HA|Dukungan Tusi - Konsultasi Pencairan Dana|00||0|0
2026|01|527467|015|08|WA|4715|EBA|05|09|2|994|002|HB|Dukungan Tusi - Reviu Belanja Pemerintah|00||0|0
2026|01|527467|015|08|WA|4715|EBA|05|09|2|994|002|HH|Dukungan Pelaksaan Tusi Prioritas Direktif Presiden|00||0|0
2026|01|527467|015|08|WA|4715|EBA|05|09|2|994|002|TJ|Jasa Pemeliharaan/ Annual Technical Support (ATS)|00||0|0
2026|01|527467|015|08|WA|4715|EBD|05|09|2|Z36|100| B|Pelaksanaan Manajemen Kinerja, Risiko, dan Kepatuhan Internal|00||0|0
2026|01|527467|015|08|WA|4718|BMB|05|09|2|002|100| A|TANPA SUB KOMPONEN|00||0|0
2026|01|527467|015|08|WA|4718|BMB|05|09|2|001|100| A|TANPA SUB KOMPONEN|00||0|0
2026|01|527467|015|08|WA|4719|EBA|05|09|2|994|001| A|TANPA SUB KOMPONEN|00||0|0
2026|01|527467|015|08|WA|4719|EBA|05|09|2|004|100| A|Survei Kepuasan Pengguna Layanan|00||0|0
2026|01|527467|015|08|WA|4719|EBC|05|09|2|001|100|XC|Penyelenggaraan Capacity Building|00||0|0
2026|01|527446|015|08|CD|6212|BMB|05|57|2|001|100| A|Profilling IMKM|00||0|0
2026|01|527446|015|08|CD|6212|FAC|05|57|2|001|100| A|Training Modul Aplikasi SAKTI|00||0|0
2026|01|527446|015|08|CD|6212|FAC|05|57|2|001|100| B|FGD dan Bimtek Transfer Keuangan Daerah|00||0|0
2026|01|527446|015|08|CD|6212|FAH|05|57|2|001|100| A|TANPA SUB KOMPONEN|00||0|0
2026|01|527446|015|08|CD|6212|FAL|05|57|2|004|100| A|Konsultasi|00||0|0
2026|01|527446|015|08|CD|6212|FAL|05|57|2|004|100| B|Sosialisasi dan Bimbingan Teknis|00||0|0
2026|01|527446|015|08|CD|6212|FAL|05|57|2|004|100| D|Pembinaan Pemda, TKD, dan Penandatanganan BAR|00||0|0
2026|01|527446|015|08|CD|6213|FAC|05|57|2|001|100| A|Pembinaan Jabatan Fungsional Perbendaharaan|00||0|0
2026|01|527446|015|08|CD|6213|FAE|05|57|2|009|100| A|Monev Penyaluran Pembiayaan Ultra Mikro|00||0|0
2026|01|527446|015|08|CD|6213|FAL|05|57|2|003|100| A|Monev Pelaksanaan Anggaran|00||0|0
2026|01|527446|015|08|CD|6214|FAL|05|57|2|002|100| A|Pelaskanaan PencairanPenarikanPengesahan Dana|00||0|0
2026|01|527446|015|08|CD|6214|FAL|05|57|2|002|100| B|PenerbitanPersetujuanRekonsiliasi RekeningSKPPKonfirmasi Penerimaan Negara|00||0|0
2026|01|527446|015|08|CD|6215|FAH|05|57|2|003|100| A|Penyusunan Laporan Keuangan Tingkat Kuasa BUN di Daerah|00||0|0
2026|01|527446|015|08|WA|4715|EBA|05|57|2|001|100| A|TANPA SUB KOMPONEN|00||0|0
2026|01|527446|015|08|WA|4715|EBA|05|57|2|001|100| B|Koordinasi Penyusunan ATK PU|00||0|0
2026|01|527446|015|08|WA|4715|EBA|05|57|2|002|100| A|TANPA SUB KOMPONEN|00||0|0
2026|01|527446|015|08|WA|4715|EBA|05|57|2|994|002| A|Keperluan Seharihari Perkantoran|00||0|0
2026|01|527446|015|08|WA|4715|EBA|05|57|2|994|002| B|Langganan Daya dan Jasa|00||0|0
2026|01|527446|015|08|WA|4715|EBA|05|57|2|994|002| C|Pelaksanaan Operasional Kantor|00||0|0
2026|01|527446|015|08|WA|4715|EBA|05|57|2|994|002| D|Pemeliharaan Peralatan dan Mesin|00||0|0
2026|01|527446|015|08|WA|4715|EBA|05|57|2|994|002| G|Pemeliharaan Gedung danBangunan|00||0|0
2026|01|527446|015|08|WA|4715|EBA|05|57|2|994|002|HA|Dukungan Tusi - Konsultasi Pencairan Dana|00||0|0
2026|01|527446|015|08|WA|4715|EBA|05|57|2|994|002|HB|Dukungan Tusi - Review Belanja Pemerintah|00||0|0
2026|01|527446|015|08|WA|4715|EBA|05|57|2|994|002|HE|Dukungan Tusi- WBK WBBM|00||0|0
2026|01|527446|015|08|WA|4715|EBA|05|57|2|994|002|HH|Dukungan Pelaksanaan Tusi Prioritas Direktif Presiden|00||0|0
2026|01|527446|015|08|WA|4715|EBA|05|57|2|994|002|TJ|Jasa Pemeliharaan Annual Technical Support (ATS)|00||0|0
2026|01|527446|015|08|WA|4715|EBD|05|57|2|Z36|100| B|Pelaksanaan Manajemen Kinerja, Resiko dan Kepatuhan Internal|00||0|0
2026|01|527446|015|08|WA|4718|BMB|05|57|2|002|100| A|TANPA SUB KOMPONEN|00||0|0
2026|01|527446|015|08|WA|4718|BMB|05|57|2|001|100| A|TANPA SUB KOMPONEN|00||0|0
2026|01|527446|015|08|WA|4719|EBA|05|57|2|994|001| A|TANPA SUB KOMPONEN|00||0|0
2026|01|527446|015|08|WA|4719|EBA|05|57|2|004|100| A|Survey Kepuasan Pengguna Layanan|00||0|0
2026|01|527446|015|08|WA|4719|EBC|05|57|2|001|100| A|Peningkatan Kapasitas SDM|00||0|0
2026|01|527471|015|08|CD|6212|BMB|05|06|2|001|100| A|Profilling UMKM|00||0|0
2026|01|527471|015|08|CD|6212|FAC|05|06|2|001|100| A|Training Modul Aplikasi SAKTI|00||0|0
2026|01|527471|015|08|CD|6212|FAC|05|06|2|001|100| B|FGD dan Bimtek Transfer Keuangan Daerah|00||0|0
2026|01|527471|015|08|CD|6212|FAH|05|06|2|001|100| A|TANPA SUB KOMPONEN|00||0|0
2026|01|527471|015|08|CD|6212|FAH|05|06|2|001|100| B|TANPA SUB KOMPONEN|00||0|0
2026|01|527471|015|08|CD|6212|FAL|05|06|2|004|100| A|Konsultasi|00||0|0
2026|01|527471|015|08|CD|6212|FAL|05|06|2|004|100| B|Sosialisasi dan Bimbingan Teknis|00||0|0
2026|01|527471|015|08|CD|6212|FAL|05|06|2|004|100| D|Pembinaan Pemda, TKD, dan Penandatanganan BAR|00||0|0
2026|01|527471|015|08|CD|6213|FAC|05|06|2|001|100| A|Pembinaan Jabatan Fungsional Perbendaharaan|00||0|0
2026|01|527471|015|08|CD|6213|FAE|05|06|2|009|100| A|Monev Penyaluran Pembiayaan Ultra Mikro|00||0|0
2026|01|527471|015|08|CD|6213|FAL|05|06|2|003|100| A|Monev Pelaksanaan Anggaran|00||0|0
2026|01|527471|015|08|CD|6214|FAL|05|06|2|002|100| A|Pelaksanaan PencairanPenarikanPengesahan Dana|00||0|0
2026|01|527471|015|08|CD|6214|FAL|05|06|2|002|100| B|PenerbitanPersetujuanRekonsiliasi RekeningSKPPKonfirmasi Penerimaan Negara, dll|00||0|0
2026|01|527471|015|08|CD|6215|FAH|05|06|2|003|100| A|Penyusunan Laporan Keuangan Tingkat Kuasa BUN di Daerah|00||0|0
2026|01|527471|015|08|CD|6215|FAH|05|06|2|003|100| B|Koordinasi UAKBUND KPPN di Kanwil|00||0|0
2026|01|527471|015|08|WA|4715|EBA|05|06|2|001|100| A|TANPA SUB KOMPONEN|00||0|0
2026|01|527471|015|08|WA|4715|EBA|05|06|2|001|100| B|Koordinasi Penyusunan ATK PU|00||0|0
2026|01|527471|015|08|WA|4715|EBA|05|06|2|002|100| A|TANPA SUB KOMPONEN|00||0|0
2026|01|527471|015|08|WA|4715|EBA|05|06|2|994|002| A|Keperluan Seharihari Perkantoran|00||0|0
2026|01|527471|015|08|WA|4715|EBA|05|06|2|994|002| B|Langganan Daya dan Jasa|00||0|0
2026|01|527471|015|08|WA|4715|EBA|05|06|2|994|002| C|Pelaksanaan Operasional Kantor|00||0|0
2026|01|527471|015|08|WA|4715|EBA|05|06|2|994|002| D|Pemeliharaan Peralatan dan Mesin|00||0|0
2026|01|527471|015|08|WA|4715|EBA|05|06|2|994|002| G|Pemeliharaan Gedung dan Bangunan|00||0|0
2026|01|527471|015|08|WA|4715|EBA|05|06|2|994|002|HA|Dukungan Tusi - Konsultasi Pencairan Dana|00||0|0
2026|01|527471|015|08|WA|4715|EBA|05|06|2|994|002|HB|Dukungan Tusi - Reviu Belanja Pemerintah|00||0|0
2026|01|527471|015|08|WA|4715|EBA|05|06|2|994|002|HH|Dukungan Pelaksaan Tusi Prioritas Direktif Presiden|00||0|0
2026|01|527471|015|08|WA|4715|EBA|05|06|2|994|002|TJ|Jasa PemeliharaanAnnual Technical Support (ATS)|00||0|0
2026|01|527471|015|08|WA|4715|EBD|05|06|2|Z36|100| A|Perumusan Kebijakan Pengelolaan Kinerja Organisasi|00||0|0
2026|01|527471|015|08|WA|4718|BMB|05|06|2|001|100| A|TANPA SUB KOMPONEN|00||0|0
2026|01|527471|015|08|WA|4718|BMB|05|06|2|002|100| A|TANPA SUB KOMPONEN|00||0|0
2026|01|527471|015|08|WA|4719|EBA|05|06|2|004|100| A|Survey Kepuasan Pengguna layanan|00||0|0
2026|01|527471|015|08|WA|4719|EBA|05|06|2|994|001| A|TANPA SUB KOMPONEN|00||0|0
2026|01|527471|015|08|WA|4719|EBC|05|06|2|001|100| A|Peningkatan Kapasitas SDM|00||0|0
2026|01|527488|015|08|CD|6212|BMB|05|27|2|001|100| A|Profiling UMKM|00||0|0
2026|01|527488|015|08|CD|6212|FAC|05|27|2|001|100| A|Training Modul Aplikasi SAKTI|00||0|0
2026|01|527488|015|08|CD|6212|FAC|05|27|2|001|100| B|FGD dan Bimtek Transfer Keuangan Daerah|00||0|0
2026|01|527488|015|08|CD|6212|FAH|05|27|2|001|100| A|TANPA SUB KOMPONEN|00||0|0
2026|01|527488|015|08|CD|6212|FAL|05|27|2|004|100| A|Konsultasi|00||0|0
2026|01|527488|015|08|CD|6212|FAL|05|27|2|004|100| B|Sosialisasi dan Bimbingan Teknis|00||0|0
2026|01|527488|015|08|CD|6212|FAL|05|27|2|004|100| C|Pembinaan Satker|00||0|0
2026|01|527488|015|08|CD|6212|FAL|05|27|2|004|100| D|Pembinaan Pemda, TKD, dan Penandatanganan BAR|00||0|0
2026|01|527488|015|08|CD|6213|FAC|05|27|2|001|100| A|Pembinaan Jabatan Fungsional Perbendaharaan|00||0|0
2026|01|527488|015|08|CD|6213|FAE|05|27|2|009|100| A|Monev Penyaluran Pembiayaan Ultra Mikro|00||0|0
2026|01|527488|015|08|CD|6213|FAL|05|27|2|003|100| A|Monev Pelaksanaan Anggaran|00||0|0
2026|01|527488|015|08|CD|6214|FAL|05|27|2|002|100| A|Pelaksanaan PencarianPenarikanPengesahan Dana|00||0|0
2026|01|527488|015|08|CD|6214|FAL|05|27|2|002|100| B|PenerbitanPersetujuanRekonsiliasi RekeningSKPPKonfirmasi Penerimaan Negara, dll|00||0|0
2026|01|527488|015|08|CD|6215|FAH|05|27|2|003|100| A|Penyusunan Laporan Keuangan Tingkat Kuasa BUN di Daerah|00||0|0
2026|01|527488|015|08|WA|4715|EBA|05|27|2|001|100| A|TANPA SUB KOMPONEN|00||0|0
2026|01|527488|015|08|WA|4715|EBA|05|27|2|001|100| B|Koordinasi Penyusunan ATK PU|00||0|0
2026|01|527488|015|08|WA|4715|EBA|05|27|2|002|100| A|TANPA SUB KOMPONEN|00||0|0
2026|01|527488|015|08|WA|4715|EBA|05|27|2|994|002| A|Keperluan Seharihari Perkantoran|00||0|0
2026|01|527488|015|08|WA|4715|EBA|05|27|2|994|002| B|Langganan Daya dan Jasa|00||0|0
2026|01|527488|015|08|WA|4715|EBA|05|27|2|994|002| C|Pelaksanaan Operasional Kantor|00||0|0
2026|01|527488|015|08|WA|4715|EBA|05|27|2|994|002| D|Pemeliharaan Peralatan dan Mesin|00||0|0
2026|01|527488|015|08|WA|4715|EBA|05|27|2|994|002| G|Pemeliharaan Gedung dan Bangunan|00||0|0
2026|01|527488|015|08|WA|4715|EBA|05|27|2|994|002|HA|Dukungan Tusi-Konsultasi Pencairan Dana|00||0|0
2026|01|527488|015|08|WA|4715|EBA|05|27|2|994|002|HB|Dukungan Tusi-Reviu Belanja Pemerintah|00||0|0
2026|01|527488|015|08|WA|4715|EBA|05|27|2|994|002|HH|Dukungan Pelaksanaan Tusi Prioritas Direktif Presiden|00||0|0
2026|01|527488|015|08|WA|4715|EBA|05|27|2|994|002|TJ|Jasa Pemeliharaan Annual Technical Support (ATS)|00||0|0
2026|01|527488|015|08|WA|4715|EBB|05|27|2|004|100|GB|Renovasi GedungBangunan Kantor|00||0|0
2026|01|527488|015|08|WA|4715|EBB|05|27|2|004|100|RB|Renovasi Rumah Dinas|00||0|0
2026|01|527488|015|08|WA|4718|BMB|05|27|2|001|100| A|TANPA SUB KOMPONEN|00||0|0
2026|01|527488|015|08|WA|4718|BMB|05|27|2|002|100| A|TANPA SUB KOMPONEN|00||0|0
2026|01|527488|015|08|WA|4719|EBA|05|27|2|004|100| A|Survey Kepuasan Pengguna Layanan|00||0|0
2026|01|527488|015|08|WA|4719|EBA|05|27|2|994|001| A|TANPA SUB KOMPONEN|00||0|0
2026|01|527488|015|08|WA|4719|EBC|05|27|2|001|100| A|Peningkatan Kapasitas SDM|00||0|0
2026|01|527500|015|08|CD|6212|FAC|05|52|2|001|100| A|Training Modul Aplikasi SAKTI|00||0|0
2026|01|527500|015|08|CD|6212|FAC|05|52|2|001|100| B|FGD dan Bimtek Transfer Keuangan Daerah|00||0|0
2026|01|527500|015|08|CD|6212|FAH|05|52|2|001|100| A|TANPA SUB KOMPONEN|00||0|0
2026|01|527500|015|08|CD|6212|FAL|05|52|2|004|100| A|Konsultasi|00||0|0
2026|01|527500|015|08|CD|6212|FAL|05|52|2|004|100| B|Sosialisasi dan Bimbingan Teknis|00||0|0
2026|01|527500|015|08|CD|6212|FAL|05|52|2|004|100| D|Pembinaan Pemda, TKD dan Penandatanganan BAR|00||0|0
2026|01|527500|015|08|CD|6213|FAC|05|52|2|001|100| A|Pembinaan Jabatan Fungsional|00||0|0
2026|01|527500|015|08|CD|6214|FAL|05|52|2|002|100| A|Pelaksanaan PencairanPenarikanPengesahan Dana|00||0|0
2026|01|527500|015|08|CD|6214|FAL|05|52|2|002|100| B|PenerbitanPersetujuanRekonsilias Pajak Pusat|00||0|0
2026|01|527500|015|08|CD|6215|FAH|05|52|2|003|100| A|Penyusunan Laporan Keuangan Tingkat Kuasa BUN di Daerah|00||0|0
2026|01|527500|015|08|WA|4715|EBA|05|52|2|001|100| A|TANPA SUB KOMPONEN|00||0|0
2026|01|527500|015|08|WA|4715|EBA|05|52|2|001|100| B|Koordinasi Penyusunan ATK PU|00||0|0
2026|01|527500|015|08|WA|4715|EBA|05|52|2|002|100| A|TANPA SUB KOMPONEN|00||0|0
2026|01|527500|015|08|WA|4715|EBA|05|52|2|994|002| A|Keperluan Sehari Hari Perkantoran|00||0|0
2026|01|527500|015|08|WA|4715|EBA|05|52|2|994|002| B|Langganan Daya dan Jasa|00||0|0
2026|01|527500|015|08|WA|4715|EBA|05|52|2|994|002| C|Pelaksanaan Operasional Kantor|00||0|0
2026|01|527500|015|08|WA|4715|EBA|05|52|2|994|002| D|Pemeliharaan Peralatan dan Mesin|00||0|0
2026|01|527500|015|08|WA|4715|EBA|05|52|2|994|002| G|Pemeliharaan Gedung dan Bangunan|00||0|0
2026|01|527500|015|08|WA|4715|EBA|05|52|2|994|002|HA|Dukungan Tusi - Konsultasi Pencairan Dana|00||0|0
2026|01|527500|015|08|WA|4715|EBA|05|52|2|994|002|HB|Dukungan Tusi-Reviu Belanja Pemerintah|00||0|0
2026|01|527500|015|08|WA|4715|EBA|05|52|2|994|002|HH|Dukungan Pelaksanaan Tusi Prioritas Direktif Presiden|00||0|0
2026|01|527500|015|08|WA|4715|EBA|05|52|2|994|002|TJ|Jasa Pemeliharaan Annual Technical Support (ATS)|00||0|0
2026|01|527500|015|08|WA|4718|BMB|05|52|2|002|100| A|TANPA SUB KOMPONEN|00||0|0
2026|01|527500|015|08|WA|4718|BMB|05|52|2|001|100| A|TANPA SUB KOMPONEN|00||0|0
2026|01|527500|015|08|WA|4719|EBA|05|52|2|994|001| A|TANPA SUB KOMPONEN|00||0|0
2026|01|527500|015|08|WA|4719|EBA|05|52|2|004|100| A|TANPA SUB KOMPONEN|00||0|0
2026|01|527500|015|08|WA|4719|EBC|05|52|2|001|100|XC|Penyelenggaraan Capacity Building|00||0|0
2026|01|527514|015|08|CD|6212|BMB|05|26|2|001|100| A|Profiling UMKM|00||0|0
2026|01|527514|015|08|CD|6212|FAC|05|26|2|001|100| A|Training Modul Aplikasi SAKTI|00||0|0
2026|01|527514|015|08|CD|6212|FAC|05|26|2|001|100| B|FGD dan Bimtek Transfer Keuangan Daerah|00||0|0
2026|01|527514|015|08|CD|6212|FAH|05|26|2|001|100| A|TANPA SUB KOMPONEN|00||0|0
2026|01|527514|015|08|CD|6212|FAL|05|26|2|004|100| A|Konsultasi|00||0|0
2026|01|527514|015|08|CD|6212|FAL|05|26|2|004|100| B|Sosialisasi dan Bimbingan Teknis|00||0|0
2026|01|527514|015|08|CD|6212|FAL|05|26|2|004|100| D|Pembinaan Pemda, TKD, dan Penandatanganan BAR|00||0|0
2026|01|527514|015|08|CD|6213|FAC|05|26|2|001|100| A|Pembinaan Jabatan Fungsional Perbendaharaan|00||0|0
2026|01|527514|015|08|CD|6214|FAL|05|26|2|002|100| A|TANPA SUB KOMPONEN|00||0|0
2026|01|527514|015|08|CD|6214|FAL|05|26|2|002|100| B|PenerbitanPersetujuanRekonsiliasi RekeningSKPPKonfirmasi Penerimaan Negara, dll|00||0|0
2026|01|527514|015|08|CD|6215|FAH|05|26|2|003|100| A|Penyusunan Laporan Keuangan Tingkat Kuasa BUN di Daerah|00||0|0
2026|01|527514|015|08|WA|4715|EBA|05|26|2|001|100| A|TANPA SUB KOMPONEN|00||0|0
2026|01|527514|015|08|WA|4715|EBA|05|26|2|001|100| B|Koordinasi Penyusunan ATK PU|00||0|0
2026|01|527514|015|08|WA|4715|EBA|05|26|2|002|100| A|TANPA SUB KOMPONEN|00||0|0
2026|01|527514|015|08|WA|4715|EBA|05|26|2|994|002| A|Keperluan Seharihari Perkantoran|00||0|0
2026|01|527514|015|08|WA|4715|EBA|05|26|2|994|002| B|Langganan Daya dan Jasa|00||0|0
2026|01|527514|015|08|WA|4715|EBA|05|26|2|994|002| C|Pelaksanaan Operasional Kantor|00||0|0
2026|01|527514|015|08|WA|4715|EBA|05|26|2|994|002| D|Pemeliharaan Peralatan dan Mesin|00||0|0
2026|01|527514|015|08|WA|4715|EBA|05|26|2|994|002| G|Pemeliharaan Gedung dan Bangunan|00||0|0
2026|01|527514|015|08|WA|4715|EBA|05|26|2|994|002|HA|Dukungan Tusi - Konsultasi Pencairan Dana|00||0|0
2026|01|527514|015|08|WA|4715|EBA|05|26|2|994|002|HB|Dukungan Tusi - Reviu Belanja Pemerintah|00||0|0
2026|01|527514|015|08|WA|4715|EBA|05|26|2|994|002|HH|Dukungan Pelaksaan Tusi Prioritas Direktif Presiden|00||0|0
2026|01|527514|015|08|WA|4715|EBA|05|26|2|994|002|TJ|Jasa Pemeliharaan Annual Technical Support (ATS)|00||0|0
2026|01|527514|015|08|WA|4718|BMB|05|26|2|001|100| A|TANPA SUB KOMPONEN|00||0|0
2026|01|527514|015|08|WA|4718|BMB|05|26|2|002|100| A|TANPA SUB KOMPONEN|00||0|0
2026|01|527514|015|08|WA|4719|EBA|05|26|2|004|100| A|Survey Kepuasan Pengguna Layanan|00||0|0
2026|01|527514|015|08|WA|4719|EBA|05|26|2|994|001| A|TANPA SUB KOMPONEN|00||0|0
2026|01|527514|015|08|WA|4719|EBC|05|26|2|001|100| A|Peningkatan Kapasitas SDM|00||0|0
2026|01|527521|015|08|CD|6212|BMB|05|12|2|001|100|AA|Profiling UMKM  KPPN Induk|00||0|0
2026|01|527521|015|08|CD|6212|BMB|05|12|2|001|100|BA|Profiling UMKM  KPPN Unit|00||0|0
2026|01|527521|015|08|CD|6212|FAC|05|12|2|001|100|AA|Training Modul Aplikasi SAKTI  KPPN Induk|00||0|0
2026|01|527521|015|08|CD|6212|FAC|05|12|2|001|100|AB|FGD dan Bimtek Transfer Keuangan Daerah  KPPN Induk|00||0|0
2026|01|527521|015|08|CD|6212|FAC|05|12|2|001|100|BA|Training Modul Aplikasi SAKTI  KPPN Unit|00||0|0
2026|01|527521|015|08|CD|6212|FAC|05|12|2|001|100|BB|FGD dan Bimtek Transfer Keuangan Daerah  KPPN Unit|00||0|0
2026|01|527521|015|08|CD|6212|FAH|05|12|2|001|100|AA|TANPA SUB KOMPONEN  KPPN Induk|00||0|0
2026|01|527521|015|08|CD|6212|FAH|05|12|2|001|100|BA|TANPA SUB KOMPONEN  KPPN Unit|00||0|0
2026|01|527521|015|08|CD|6212|FAL|05|12|2|004|100|AA|Konsultasi  KPPN Induk|00||0|0
2026|01|527521|015|08|CD|6212|FAL|05|12|2|004|100|AB|Sosialisasi dan Bimbingan Teknis  KPPN Induk|00||0|0
2026|01|527521|015|08|CD|6212|FAL|05|12|2|004|100|AC|Pembinaan Satker - KPPN Induk|00||0|0
2026|01|527521|015|08|CD|6212|FAL|05|12|2|004|100|AD|Pembinaan Pemda, TKD, dan Penandatanganan BA Rekonsiliasi Pajak  KPPN Induk|00||0|0
2026|01|527521|015|08|CD|6212|FAL|05|12|2|004|100|BA|Konsultasi  KPPN Unit|00||0|0
2026|01|527521|015|08|CD|6212|FAL|05|12|2|004|100|BB|Sosialisasi dan Bimbingan Teknis  KPPN Unit|00||0|0
2026|01|527521|015|08|CD|6212|FAL|05|12|2|004|100|BD|Pembinaan Pemda, TKD, dan Penandatanganan BA Rekonsiliasi Pajak  KPPN Unit|00||0|0
2026|01|527521|015|08|CD|6213|FAC|05|12|2|001|100|AA|Pembinaan Jabatan Fungsional Perbendaharaan  KPPN Induk|00||0|0
2026|01|527521|015|08|CD|6213|FAC|05|12|2|001|100|BA|Pembinaan Jabatan Fungsional Perbendaharaan  KPPN Unit|00||0|0
2026|01|527521|015|08|CD|6213|FAE|05|12|2|009|100|AA|Monev Penyaluran Pembiayaan Ultra Mikro  KPPN Induk|00||0|0
2026|01|527521|015|08|CD|6213|FAE|05|12|2|009|100|BA|Monev Penyaluran Pembiayaan Ultra Mikro  KPPN Unit|00||0|0
2026|01|527521|015|08|CD|6213|FAL|05|12|2|003|100|AA|Monev Pelaksanaan Anggaran  KPPN Induk|00||0|0
2026|01|527521|015|08|CD|6213|FAL|05|12|2|003|100|BA|Monev Pelaksanaan Anggaran  KPPN Unit|00||0|0
2026|01|527521|015|08|CD|6214|FAL|05|12|2|002|100|AA|Pelaksanaan PencairanPenarikanPengesahan Dana  KPPN Induk|00||0|0
2026|01|527521|015|08|CD|6214|FAL|05|12|2|002|100|AB|PenerbitanPersetujuanRekonsiliasi RekeningSKPPKonfirmasi Penerimaan Negara, dll  KPPN Induk|00||0|0
2026|01|527521|015|08|CD|6214|FAL|05|12|2|002|100|BA|Pelaksanaan PencairanPenarikanPengesahan Dana  KPPN Unit|00||0|0
2026|01|527521|015|08|CD|6214|FAL|05|12|2|002|100|BB|PenerbitanPersetujuanRekonsiliasi RekeningSKPPKonfirmasi Penerimaan Negara, dll  KPPN Unit|00||0|0
2026|01|527521|015|08|CD|6215|FAH|05|12|2|003|100|AA|Penyusunan Laporan Keuangan Tingkat Kuasa BUN di Daerah  KPPN Induk|00||0|0
2026|01|527521|015|08|CD|6215|FAH|05|12|2|003|100|BA|Penyusunan Laporan Keuangan Tingkat Kuasa BUN di Daerah  KPPN Unit|00||0|0
2026|01|527521|015|08|WA|4715|EBA|05|12|2|001|100|AA|TANPA SUB KOMPONEN  KPPN Induk|00||0|0
2026|01|527521|015|08|WA|4715|EBA|05|12|2|001|100|AB|Koordinasi Penyusunan ATK PU  KPPN Induk|00||0|0
2026|01|527521|015|08|WA|4715|EBA|05|12|2|001|100|BA|TANPA SUB KOMPONEN  KPPN Unit|00||0|0
2026|01|527521|015|08|WA|4715|EBA|05|12|2|001|100|BB|Koordinasi Penyusunan ATK PU  KPPN Unit|00||0|0
2026|01|527521|015|08|WA|4715|EBA|05|12|2|002|100|AA|TANPA SUB KOMPONEN  KPPN Induk|00||0|0
2026|01|527521|015|08|WA|4715|EBA|05|12|2|002|100|AB|Monitoring PejabatPetugas Pengelola Keuangan  KPPN Induk|00||0|0
2026|01|527521|015|08|WA|4715|EBA|05|12|2|002|100|BA|Monitoring PejabatPetugas Pengelola Keuangan KPPN Unit|00||0|0
2026|01|527521|015|08|WA|4715|EBA|05|12|2|002|100|BB|TANPA SUB KOMPONEN  KPPN Unit|00||0|0
2026|01|527521|015|08|WA|4715|EBA|05|12|2|994|002|AA|Keperluan Seharihari Perkantoran  KPPN Induk|00||0|0
2026|01|527521|015|08|WA|4715|EBA|05|12|2|994|002|AB|Langganan Daya dan Jasa  KPPN Induk|00||0|0
2026|01|527521|015|08|WA|4715|EBA|05|12|2|994|002|AC|Pelaksanaan Operasional Kantor  KPPN Induk|00||0|0
2026|01|527521|015|08|WA|4715|EBA|05|12|2|994|002|AD|Pemeliharaan Peralatan dan Mesin  KPPN Induk|00||0|0
2026|01|527521|015|08|WA|4715|EBA|05|12|2|994|002|AE|Pemeliharaan Gedung dan Bangunan  KPPN Induk|00||0|0
2026|01|527521|015|08|WA|4715|EBA|05|12|2|994|002|BA|Keperluan Seharihari Perkantoran  KPPN Unit|00||0|0
2026|01|527521|015|08|WA|4715|EBA|05|12|2|994|002|BC|Pelaksanaan Operasional Kantor  KPPN Unit|00||0|0
2026|01|527521|015|08|WA|4715|EBA|05|12|2|994|002|BD|Pemeliharaan Peralatan dan Mesin  KPPN Unit|00||0|0
2026|01|527521|015|08|WA|4715|EBA|05|12|2|994|002|BE|Pemeliharaan Gedung dan Bangunan  KPPN Unit|00||0|0
2026|01|527521|015|08|WA|4715|EBA|05|12|2|994|002|HA|Dukungan Tusi - Konsultasi Pencairan Dana|00||0|0
2026|01|527521|015|08|WA|4715|EBA|05|12|2|994|002|HB|Dukungan Tusi - Reviu Belanja Pemerintah|00||0|0
2026|01|527521|015|08|WA|4715|EBA|05|12|2|994|002|HH|Dukungan Pelaksaan Tusi Prioritas Direktif Presiden |00||0|0
2026|01|527521|015|08|WA|4715|EBA|05|12|2|994|002|TJ|Jasa Pemeliharaan Annual Technical Support (ATS)|00||0|0
2026|01|527521|015|08|WA|4715|EBB|05|12|2|002|100| A|TANPA SUB KOMPONEN|00||0|0
2026|01|527521|015|08|WA|4715|EBB|05|12|2|004|100|GB|Renovasi GedungBangunan Kantor|00||0|0
2026|01|527521|015|08|WA|4715|EBD|05|12|2|Z36|100|AB|Pelaksanaan Manajemen Kinerja, Resiko dan Kepatuhan Internal  KPPN Induk|00||0|0
2026|01|527521|015|08|WA|4715|EBD|05|12|2|Z36|100|BB|Pelaksanaan Manajemen Kinerja, Resiko dan Kepatuhan Internal  KPPN Unit|00||0|0
2026|01|527521|015|08|WA|4718|BMB|05|12|2|002|100|AA|TANPA SUB KOMPONEN  KPPN Induk|00||0|0
2026|01|527521|015|08|WA|4718|BMB|05|12|2|002|100|BA|TANPA SUB KOMPONEN  KPPN Unit|00||0|0
2026|01|527521|015|08|WA|4718|BMB|05|12|2|001|100|AA|TANPA SUB KOMPONEN  KPPN Induk|00||0|0
2026|01|527521|015|08|WA|4718|BMB|05|12|2|001|100|BA|TANPA SUB KOMPONEN  KPPN Unit|00||0|0
2026|01|527521|015|08|WA|4719|EBA|05|12|2|994|001|AA|TANPA SUB KOMPONEN  KPPN Induk|00||0|0
2026|01|527521|015|08|WA|4719|EBA|05|12|2|994|001|BA|TANPA SUB KOMPONEN  KPPN Unit|00||0|0
2026|01|527521|015|08|WA|4719|EBA|05|12|2|004|100|AA|Survey Kepuasan Pengguna Layanan  KPPN Induk|00||0|0
2026|01|527521|015|08|WA|4719|EBA|05|12|2|004|100|BA|Survey Kepuasan Pengguna Layanan  KPPN Unit|00||0|0
2026|01|527521|015|08|WA|4719|EBC|05|12|2|001|100|XC|Penyelenggaraan Capacity Building|00||0|0
2026|01|527556|015|08|CD|6212|BMB|06|51|2|001|100| A|Profiling UMKM|00||0|0
2026|01|527556|015|08|CD|6212|BMB|06|51|2|001|100| B|Pemberdayaan UMKM  SosialisasiBimtekAsistensi dan BazarPojokRumah UMKM|00||0|0
2026|01|527556|015|08|CD|6212|BMB|06|51|2|001|100| C|Monitoring dan Evaluasi|00||0|0
2026|01|527556|015|08|CD|6212|BMB|06|51|2|001|100| D|Komunikasi Publik  BazarPojokRumah UMKM|00||0|0
2026|01|527556|015|08|CD|6212|FAC|06|51|2|002|100| B|AsistensiPembinaan Pengelolaan Keuangan BLU Daerah|00||0|0
2026|01|527556|015|08|CD|6212|FAH|06|51|2|003|100| A|Pendampingan Penyusunan dan Penyelesaian Permasalahan Laporan Keuangan UAPPAW dan BLU|00||0|0
2026|01|527556|015|08|CD|6212|FAH|06|51|2|002|100| A|Forum Koordinasi dan Rekonsiliasi Data dengan Bank Indonesia|00||0|0
2026|01|527556|015|08|CD|6212|FAH|06|51|2|002|100| B|Pembinaan SAP pada Pemerintah Daerah|00||0|0
2026|01|527556|015|08|CD|6212|FAH|06|51|2|002|100| C|SosialisasiBimtekWorkshopFGD dengan Pemda|00||0|0
2026|01|527556|015|08|CD|6212|FAL|06|51|2|001|100| B|Pengkoordinasian Kerjasama Ekonomi dan Keuangan Daerah|00||0|0
2026|01|527556|015|08|CD|6212|FAL|06|51|2|001|100| D|Penyerahan DIPA|00||0|0
2026|01|527556|015|08|CD|6213|ABA|06|51|2|001|100| A|Penyusunan Analisis Potensi Pembiayaan dan Pelaksanaan MoU DJPb dan PT SMI di Daerah|00||0|0
2026|01|527556|015|08|CD|6213|FAE|06|51|2|009|100| A|Monitoring dan  Evaluasi KURPenerusan Pinjaman|00||0|0
2026|01|527556|015|08|CD|6213|FAE|06|51|2|008|100| A|Koordinasi Pelaksanaan Tugas RCE dan ALCo|00||0|0
2026|01|527556|015|08|CD|6213|FAL|06|51|2|003|100| A|Pelaksanaan Spending Review|00||0|0
2026|01|527556|015|08|CD|6213|FAL|06|51|2|003|100| B|Review Pelaksanaan Anggaran|00||0|0
2026|01|527556|015|08|CD|6213|FAL|06|51|2|003|100| C|Monitoring dan Evaluasi Pelaksanaan Anggaran|00||0|0
2026|01|527556|015|08|CD|6213|FAL|06|51|2|003|100| D|Pengumpulan InformasiPenajaman Data Fiskal RegionalPenyusunan KFR|00||0|0
2026|01|527556|015|08|CD|6213|FAL|06|51|2|003|100| E|Publikasi Kajian Fiskal Regional|00||0|0
2026|01|527556|015|08|CD|6213|FAL|06|51|2|003|100| F|Pengumpulan Konfirmasi Informasi Pengelolaan Keuangan Daerah dan Penyusunan Profil Keuangan Daerah|00||0|0
2026|01|527556|015|08|CD|6213|FAL|06|51|2|003|100| G|Monitoring atas Dana Transfer dan Dana Desa|00||0|0
2026|01|527556|015|08|CD|6215|FAH|06|51|2|003|100| B|Koordinasi UAKBUN D (KPPN)|00||0|0
2026|01|527556|015|08|CD|6215|FAH|06|51|2|001|100| A|Koordinasi Laporan Keuangan Pemerintah Daerah dan atau BLUD|00||0|0
2026|01|527556|015|08|CD|6215|FAH|06|51|2|001|100| B|Penyusunan Laporan Statistik Keuangan Pemerintah Tingkat Wilayah|00||0|0
2026|01|527556|015|08|CD|6216|FAE|06|51|2|002|100| A|Pelaksanaan Survei Bahan Sumbangan Standar Biaya Masukan|00||0|0
2026|01|527556|015|08|WA|4715|EBA|06|51|2|001|100| A|TANPA SUB KOMPONEN|00||0|0
2026|01|527556|015|08|WA|4715|EBA|06|51|2|001|100| B|Koordinasi Penyusunan ATK PU|00||0|0
2026|01|527556|015|08|WA|4715|EBA|06|51|2|002|100| A|TANPA SUB KOMPONEN|00||0|0
2026|01|527556|015|08|WA|4715|EBA|06|51|2|994|002| A|Keperluan Seharihari Perkantoran|00||0|0
2026|01|527556|015|08|WA|4715|EBA|06|51|2|994|002| B|Langganan Daya dan Jasa|00||0|0
2026|01|527556|015|08|WA|4715|EBA|06|51|2|994|002| C|Operasional Kantor|00||0|0
2026|01|527556|015|08|WA|4715|EBA|06|51|2|994|002| D|Pemeliharaan Peralatan dan Mesin|00||0|0
2026|01|527556|015|08|WA|4715|EBA|06|51|2|994|002| G|Pemeliharaan Gedung dan Bangunan|00||0|0
2026|01|527556|015|08|WA|4715|EBA|06|51|2|994|002|HB|Dukungan Tusi - Reviu Belanja Pemerintah|00||0|0
2026|01|527556|015|08|WA|4715|EBA|06|51|2|994|002|HC|Dukungan Tusi - Government Financial Statistic (GFS)|00||0|0
2026|01|527556|015|08|WA|4715|EBA|06|51|2|994|002|HD|Dukungan Tusi - Rekomendasi Pengelolaan Organisasi|00||0|0
2026|01|527556|015|08|WA|4715|EBA|06|51|2|994|002|HH|Dukungan Pelaksanaan Tusi Prioritas Direktif Presiden|00||0|0
2026|01|527556|015|08|WA|4715|EBA|06|51|2|994|002|TJ|Jasa PemeliharaanAnnual Technical Support (ATS)|00||0|0
2026|01|527556|015|08|WA|4715|EBD|06|51|2|Z36|100| A|TANPA SUB KOMPONEN|00||0|0
2026|01|527556|015|08|WA|4715|EBD|06|51|2|Z26|100| A|Rakor Penyusunan Laporan Keuangan Tingkat UAPPAW|00||0|0
2026|01|527556|015|08|WA|4718|BMB|06|51|2|001|100| A|TANPA SUB KOMPONEN|00||0|0
2026|01|527556|015|08|WA|4718|BMB|06|51|2|002|100| A|TANPA SUB KOMPONEN|00||0|0
2026|01|527556|015|08|WA|4719|EBA|06|51|2|994|001| A|TANPA SUB KOMPONEN|00||0|0
2026|01|527556|015|08|WA|4719|EBA|06|51|2|003|100| B|Koordinasi Inovasi layanan|00||0|0
2026|01|527556|015|08|WA|4719|EBC|06|51|2|001|100|XC|Penyelenggaraan Capacity Building|00||0|0
2026|01|527556|015|08|WA|4722|EBD|06|51|2|001|100| A|Pemantauan Kode Etik dan Kepatuhan Pegawai|00||0|0
2026|01|527603|015|08|CD|6212|FAC|06|54|2|001|100| A|Training Modul Aplikasi SAKTI|00||0|0
2026|01|527603|015|08|CD|6212|FAC|06|54|2|001|100| B|FGD dan Bimtek Transfer Keuangan Daerah|00||0|0
2026|01|527603|015|08|CD|6212|FAH|06|54|2|001|100| A|TANPA SUB KOMPONEN|00||0|0
2026|01|527603|015|08|CD|6212|FAL|06|54|2|004|100| A|Konsultasi|00||0|0
2026|01|527603|015|08|CD|6212|FAL|06|54|2|004|100| B|Sosialisasi dan Bimbingan Teknis|00||0|0
2026|01|527603|015|08|CD|6212|FAL|06|54|2|004|100| C|Pembinaan Pemda, TKD, dan Penandatanganan BAR|00||0|0
2026|01|527603|015|08|CD|6213|FAC|06|54|2|001|100| A|Pembinaan Jabatan Fungsional Perbendaharaan|00||0|0
2026|01|527603|015|08|CD|6214|FAL|06|54|2|002|100| A|Pelaksanaan Pencairan/Penarikan/Pengesahan Dana|00||0|0
2026|01|527603|015|08|CD|6215|FAH|06|54|2|003|100| B|Koordinasi UAKBUN-D KPPN di Kanwil|00||0|0
2026|01|527603|015|08|WA|4715|EBA|06|54|2|001|100| A|TANPA SUB KOMPONEN|00||0|0
2026|01|527603|015|08|WA|4715|EBA|06|54|2|001|100| B|Koordinasi Penyusunan ATK PU|00||0|0
2026|01|527603|015|08|WA|4715|EBA|06|54|2|002|100| A|TANPA SUB KOMPONEN|00||0|0
2026|01|527603|015|08|WA|4715|EBA|06|54|2|994|002| A|Keperluan Sehari-hari Perkantoran|00||0|0
2026|01|527603|015|08|WA|4715|EBA|06|54|2|994|002| B|Langganan Daya dan Jasa|00||0|0
2026|01|527603|015|08|WA|4715|EBA|06|54|2|994|002| C|Pelaksanaan Operasional Kantor|00||0|0
2026|01|527603|015|08|WA|4715|EBA|06|54|2|994|002| D|Pemeliharaan Peralatan dan Mesin|00||0|0
2026|01|527603|015|08|WA|4715|EBA|06|54|2|994|002| E|Pemeliharaan Gedung dan Bangunan|00||0|0
2026|01|527603|015|08|WA|4715|EBA|06|54|2|994|002|HA|Dukungan Tusi - Konsultasi Pencairan Dana|00||0|0
2026|01|527603|015|08|WA|4715|EBA|06|54|2|994|002|HB|Dukungan Tusi - Reviu Belanja Pemerintah|00||0|0
2026|01|527603|015|08|WA|4715|EBA|06|54|2|994|002|HE|Dukungan Tusi - WBK WBBM|00||0|0
2026|01|527603|015|08|WA|4715|EBA|06|54|2|994|002|HH|Dukungan Pelaksaan Tusi Prioritas Direktif Presiden|00||0|0
2026|01|527603|015|08|WA|4715|EBA|06|54|2|994|002|TJ|Jasa Pemeliharaan/Annual Technical Support (ATS)|00||0|0
2026|01|527603|015|08|WA|4718|BMB|06|54|2|002|100| A|TANPA SUB KOMPONEN|00||0|0
2026|01|527603|015|08|WA|4718|BMB|06|54|2|001|100| A|TANPA SUB KOMPONEN|00||0|0
2026|01|527603|015|08|WA|4719|EBA|06|54|2|994|001| A|TANPA SUB KOMPONEN|00||0|0
2026|01|527603|015|08|WA|4719|EBA|06|54|2|004|100| A|Survey Kepuasan Pengguna Layanan|00||0|0
2026|01|527603|015|08|WA|4719|EBC|06|54|2|001|100|XC|Penyelenggaraan Capacity Building|00||0|0
2026|01|527560|015|08|CD|6212|BMB|06|51|2|001|100| A|Profiling UMKM|00||0|0
2026|01|527560|015|08|CD|6212|FAC|06|51|2|001|100| A|Training Modul Aplikasi SAKTI|00||0|0
2026|01|527560|015|08|CD|6212|FAC|06|51|2|001|100| B|FGD dan Bimtek Transfer Keuangan Daerah|00||0|0
2026|01|527560|015|08|CD|6212|FAH|06|51|2|001|100| A|TANPA SUB KOMPONEN|00||0|0
2026|01|527560|015|08|CD|6212|FAL|06|51|2|004|100| A|Konsultasi|00||0|0
2026|01|527560|015|08|CD|6212|FAL|06|51|2|004|100| B|Sosialisasi dan Bimbingan Teknis|00||0|0
2026|01|527560|015|08|CD|6212|FAL|06|51|2|004|100| C|Pembinaan Pemda, TKD, dan Penandatanganan BA Rekonsiliasi Pajak|00||0|0
2026|01|527560|015|08|CD|6213|FAC|06|51|2|001|100| A|Pembinaan Jabatan Fungsional Perbendaharaan|00||0|0
2026|01|527560|015|08|CD|6213|FAL|06|51|2|003|100| A|Monev Pelaksanaan Anggaran|00||0|0
2026|01|527560|015|08|CD|6214|FAL|06|51|2|002|100| A|Pelaksanaan PencairanPenarikanPengesahan Dana|00||0|0
2026|01|527560|015|08|CD|6214|FAL|06|51|2|002|100| B|PenerbitanPersetujuanRekonsiliasi RekeningSKPPKonfirmasi Penerimaan Negara, dll|00||0|0
2026|01|527560|015|08|CD|6215|FAH|06|51|2|003|100| A|Penyusunan Laporan Keuangan Tingkat Kuasa BUN di Daerah|00||0|0
2026|01|527560|015|08|WA|4715|EBA|06|51|2|001|100| A|TANPA SUB KOMPONEN|00||0|0
2026|01|527560|015|08|WA|4715|EBA|06|51|2|002|100| A|TANPA SUB KOMPONEN|00||0|0
2026|01|527560|015|08|WA|4715|EBA|06|51|2|994|002| A|Keperluan Seharihari Perkantoran|00||0|0
2026|01|527560|015|08|WA|4715|EBA|06|51|2|994|002| B|Langganan Daya dan Jasa|00||0|0
2026|01|527560|015|08|WA|4715|EBA|06|51|2|994|002| C|Pelaksanaan Operasional Kantor|00||0|0
2026|01|527560|015|08|WA|4715|EBA|06|51|2|994|002| D|Pemeliharaan Peralatan dan Mesin|00||0|0
2026|01|527560|015|08|WA|4715|EBA|06|51|2|994|002|HA|Dukungan Tusi - Konsultasi Pencairan Dana|00||0|0
2026|01|527560|015|08|WA|4715|EBA|06|51|2|994|002|HB|Dukungan Tusi - Reviu Belanja Pemerintah|00||0|0
2026|01|527560|015|08|WA|4715|EBA|06|51|2|994|002|HH|Dukungan Pelaksaan Tusi Prioritas Direktif Presiden|00||0|0
2026|01|527560|015|08|WA|4715|EBA|06|51|2|994|002|TJ|Jasa PemeliharaanAnnual Technical Support (ATS)|00||0|0
2026|01|527560|015|08|WA|4718|BMB|06|51|2|001|100| A|TANPA SUB KOMPONEN|00||0|0
2026|01|527560|015|08|WA|4718|BMB|06|51|2|002|100| A|TANPA SUB KOMPONEN|00||0|0
2026|01|527560|015|08|WA|4719|EBA|06|51|2|994|001| A|TANPA SUB KOMPONEN|00||0|0
2026|01|527560|015|08|WA|4719|EBA|06|51|2|004|100| A|Survey Kepuasan Pengguna Layanan|00||0|0
2026|01|527560|015|08|WA|4719|EBC|06|51|2|001|100|XC|Penyelenggaraan Capacity Building|00||0|0
2026|01|527581|015|08|CD|6212|BMB|06|53|2|001|100| A|Profiling UMKM|00||0|0
2026|01|527581|015|08|CD|6212|FAC|06|53|2|001|100| A|Training Modul Aplikasi SAKTI|00||0|0
2026|01|527581|015|08|CD|6212|FAC|06|53|2|001|100| B|FGD dan Bimtek Transfer Keuangan Daerah|00||0|0
2026|01|527581|015|08|CD|6212|FAH|06|53|2|001|100| A|TANPA SUB KOMPONEN|00||0|0
2026|01|527581|015|08|CD|6212|FAL|06|53|2|004|100| A|Konsultasi|00||0|0
2026|01|527581|015|08|CD|6212|FAL|06|53|2|004|100| B|Sosialisasi dan Bimbingan Teknis|00||0|0
2026|01|527581|015|08|CD|6212|FAL|06|53|2|004|100| C|Pembinaan Satker|00||0|0
2026|01|527581|015|08|CD|6212|FAL|06|53|2|004|100| D|Pembinaan Pemda, TKD, dan Penandatanganan BAR|00||0|0
2026|01|527581|015|08|CD|6213|FAC|06|53|2|001|100| A|Pembinaan Jabatan Fungsional Perbendaharaan|00||0|0
2026|01|527581|015|08|CD|6214|FAL|06|53|2|002|100| A|Pelaksanaan Pencairan Penarikan Pengesahan Dana|00||0|0
2026|01|527581|015|08|CD|6214|FAL|06|53|2|002|100| B|Penerbitan Persetujuan Rekonsiliasi Rekening SKPP Konfirmasi Penerimaan Negara, dll|00||0|0
2026|01|527581|015|08|CD|6215|FAH|06|53|2|003|100| A|Monev Penyusunan Laporan Keuangan Tingkat Kuasa BUN di Daerah|00||0|0
2026|01|527581|015|08|CD|6215|FAH|06|53|2|003|100| B|Koordinasi UAKBUND KPPN di Kanwil|00||0|0
2026|01|527581|015|08|WA|4715|EBA|06|53|2|001|100| A|TANPA SUB KOMPONEN|00||0|0
2026|01|527581|015|08|WA|4715|EBA|06|53|2|001|100| B|Koordinasi Penyusunan ATK PU|00||0|0
2026|01|527581|015|08|WA|4715|EBA|06|53|2|002|100| A|TANPA SUB KOMPONEN|00||0|0
2026|01|527581|015|08|WA|4715|EBA|06|53|2|994|002| A|Keperluan Sehari-hari Perkantoran|00||0|0
2026|01|527581|015|08|WA|4715|EBA|06|53|2|994|002| B|Langganan Daya dan Jasa|00||0|0
2026|01|527581|015|08|WA|4715|EBA|06|53|2|994|002| C|Pelaksanaan Operasional Kantor|00||0|0
2026|01|527581|015|08|WA|4715|EBA|06|53|2|994|002| D|Pemeliharaan Peralatan dan Mesin|00||0|0
2026|01|527581|015|08|WA|4715|EBA|06|53|2|994|002| G|Pemeliharaan Gedung dan Bangunan|00||0|0
2026|01|527581|015|08|WA|4715|EBA|06|53|2|994|002|HA|Dukungan Tusi - Konsultasi Pencairan Dana|00||0|0
2026|01|527581|015|08|WA|4715|EBA|06|53|2|994|002|HB|Dukungan Tusi - Reviu Belanja Pemerintah|00||0|0
2026|01|527581|015|08|WA|4715|EBA|06|53|2|994|002|HH|Dukungan Pelaksanaan Tusi Prioritas Direktif Presiden|00||0|0
2026|01|527581|015|08|WA|4715|EBA|06|53|2|994|002|TJ|Jasa Pemeliharaan / Annual Technical Support (ATS)|00||0|0
2026|01|527581|015|08|WA|4715|EBB|06|53|2|002|100| A|TANPA SUB KOMPONEN|00||0|0
2026|01|527581|015|08|WA|4715|EBB|06|53|2|004|100|RB|Renovasi Rumah Dinas|00||0|0
2026|01|527581|015|08|WA|4715|EBD|06|53|2|Z36|100| B|Pelaksanaan Manajemen Kinerja, Resiko dan Kepatuhan Internal|00||0|0
2026|01|527581|015|08|WA|4718|BMB|06|53|2|001|100| A|TANPA SUB KOMPONEN|00||0|0
2026|01|527581|015|08|WA|4718|BMB|06|53|2|002|100| A|TANPA SUB KOMPONEN|00||0|0
2026|01|527581|015|08|WA|4719|EBA|06|53|2|004|100| A|Survey Kepuasan Pengguna Layanan|00||0|0
2026|01|527581|015|08|WA|4719|EBA|06|53|2|994|001| A|TANPA SUB KOMPONEN|00||0|0
2026|01|527581|015|08|WA|4719|EBC|06|53|2|001|100|XC|Penyelenggaraan Capacity Building|00||0|0
2026|01|527598|015|08|CD|6212|BMB|06|05|2|001|100| A|Profiling UMKM|00||0|0
2026|01|527598|015|08|CD|6212|FAC|06|05|2|001|100| A|Training Modul Aplikasi SAKTI|00||0|0
2026|01|527598|015|08|CD|6212|FAC|06|05|2|001|100| B|FGD dan Bimtek Transfer Keuangan Daerah|00||0|0
2026|01|527598|015|08|CD|6212|FAH|06|05|2|001|100| A|TANPA SUB KOMPONEN|00||0|0
2026|01|527598|015|08|CD|6212|FAL|06|05|2|004|100| A|Konsultasi|00||0|0
2026|01|527598|015|08|CD|6212|FAL|06|05|2|004|100| B|Sosialisasi dan Bimbingan Teknis|00||0|0
2026|01|527598|015|08|CD|6212|FAL|06|05|2|004|100| D|Pembinaan Pemda, TKD, dan Penandatanganan BAR|00||0|0
2026|01|527598|015|08|CD|6213|FAC|06|05|2|001|100| A|Pembinaan Jabatan Fungsional Perbendaharaan|00||0|0
2026|01|527598|015|08|CD|6213|FAE|06|05|2|009|100| A|Monev Penyaluran Pembiayaan Ultra Mikro dan Penyusunan Key Economics Aspect|00||0|0
2026|01|527598|015|08|CD|6213|FAL|06|05|2|003|100| A|Monev Pelaksanaan Anggaran dan Program Prioritas Nasional|00||0|0
2026|01|527598|015|08|CD|6214|FAL|06|05|2|002|100| A|Pelaksanaan Pencairan/Penarikan/Pengesahan Dana|00||0|0
2026|01|527598|015|08|CD|6214|FAL|06|05|2|002|100| B|Penerbitan/Persetujuan/Rekonsiliasi Rekening/SKPP/Konfirmasi Penerimaan Negara, dll|00||0|0
2026|01|527598|015|08|WA|4718|BMB|06|05|2|002|100| A|TANPA SUB KOMPONEN|00||0|0
2026|01|527598|015|08|WA|4718|BMB|06|05|2|001|100| A|TANPA SUB KOMPONEN|00||0|0
2026|01|527598|015|08|CD|6215|FAH|06|05|2|003|100| A|Penyusunan Laporan Keuangan Tingkat Kuasa BUN di Daerah|00||0|0
2026|01|527598|015|08|WA|4715|EBA|06|05|2|001|100| A|TANPA SUB KOMPONEN|00||0|0
2026|01|527598|015|08|WA|4715|EBA|06|05|2|001|100| B|Koordinasi Penyusunan ATK PU|00||0|0
2026|01|527598|015|08|WA|4715|EBA|06|05|2|002|100| A|TANPA SUB KOMPONEN|00||0|0
2026|01|527598|015|08|WA|4715|EBA|06|05|2|994|002| A|Keperluan Sehari-hari Perkantoran|00||0|0
2026|01|527598|015|08|WA|4715|EBA|06|05|2|994|002| B|Langganan Daya dan Jasa|00||0|0
2026|01|527598|015|08|WA|4715|EBA|06|05|2|994|002| C|Pelaksanaan Operasional Kantor|00||0|0
2026|01|527598|015|08|WA|4715|EBA|06|05|2|994|002| D|Pemeliharaan Peralatan dan Mesin|00||0|0
2026|01|527598|015|08|WA|4715|EBA|06|05|2|994|002| G|Pemeliharaan Gedung dan Bangunan|00||0|0
2026|01|527598|015|08|WA|4715|EBA|06|05|2|994|002|HA|Dukungan Tusi - Konsultasi Pencairan Dana|00||0|0
2026|01|527598|015|08|WA|4715|EBA|06|05|2|994|002|HB|Dukungan Tusi - Reviu Belanja Pemerintah|00||0|0
2026|01|527598|015|08|WA|4715|EBA|06|05|2|994|002|HH|Dukungan Pelaksanaan Tusi Prioritas Direktif Presiden|00||0|0
2026|01|527598|015|08|WA|4715|EBA|06|05|2|994|002|TJ|Jasa Pemeliharaan/Annual Technical Support (ATS)|00||0|0
2026|01|527598|015|08|WA|4715|EBD|06|05|2|Z36|100| B|Pelaksanaan Manajemen Kinerja, Resiko dan Kepatuhan Internal|00||0|0
2026|01|527598|015|08|WA|4719|EBA|06|05|2|994|001| A|TANPA SUB KOMPONEN|00||0|0
2026|01|527598|015|08|WA|4719|EBA|06|05|2|004|100| A|Survey Kepuasan Pengguna Layanan|00||0|0
2026|01|527598|015|08|WA|4719|EBC|06|05|2|001|100|XC|Penyelenggaraan Capacity Building|00||0|0
2026|01|527577|015|08|CD|6212|BMB|06|06|2|001|100| A|Profiling UMKM|00||0|0
2026|01|527577|015|08|CD|6212|FAC|06|06|2|001|100| A|Training Modul Aplikasi SAKTI|00||0|0
2026|01|527577|015|08|CD|6212|FAC|06|06|2|001|100| B|FGD dan Bimtek Transfer Keuangan Daerah|00||0|0
2026|01|527577|015|08|CD|6212|FAH|06|06|2|001|100| A|TANPA SUB KOMPONEN|00||0|0
2026|01|527577|015|08|CD|6212|FAL|06|06|2|004|100| A|Konsultasi|00||0|0
2026|01|527577|015|08|CD|6212|FAL|06|06|2|004|100| B|Sosialisasi dan Bimbingan Teknis|00||0|0
2026|01|527577|015|08|CD|6213|FAC|06|06|2|001|100| A|Pembinaan Jabatan Fungsional Perbendaharaan|00||0|0
2026|01|527577|015|08|CD|6213|FAL|06|06|2|003|100| A|Monev Pelaksanaan Anggaran|00||0|0
2026|01|527577|015|08|CD|6214|FAL|06|06|2|002|100| A|Pelaksanaan PencairanPenarikanPengesahan Dana|00||0|0
2026|01|527577|015|08|CD|6214|FAL|06|06|2|002|100| B|PenerbitanPersetujuanRekonsiliasi RekeningSKPPKonfirmasi Penerimaan Negara, dll|00||0|0
2026|01|527577|015|08|CD|6215|FAH|06|06|2|003|100| A|Penyusunan Laporan Keuangan Tingkat Kuasa BUN di Daerah|00||0|0
2026|01|527577|015|08|CD|6215|FAH|06|06|2|003|100| B|Koordinasi UAKBUND KPPN di Kanwil|00||0|0
2026|01|527577|015|08|WA|4715|EBA|06|06|2|001|100| A|TANPA SUB KOMPONEN|00||0|0
2026|01|527577|015|08|WA|4715|EBA|06|06|2|001|100| B|Koordinasi Penyusunan ATK PU|00||0|0
2026|01|527577|015|08|WA|4715|EBA|06|06|2|002|100| A|TANPA SUB KOMPONEN|00||0|0
2026|01|527577|015|08|WA|4715|EBA|06|06|2|994|002| A|Keperluan Seharihari Perkantoran|00||0|0
2026|01|527577|015|08|WA|4715|EBA|06|06|2|994|002| B|Langganan Daya dan Jasa|00||0|0
2026|01|527577|015|08|WA|4715|EBA|06|06|2|994|002| C|Pelaksanaan Operasional Kantor|00||0|0
2026|01|527577|015|08|WA|4715|EBA|06|06|2|994|002| D|Pemeliharaan Peralatan dan Mesin|00||0|0
2026|01|527577|015|08|WA|4715|EBA|06|06|2|994|002| G|Pemeliharaan Gedung dan Bangunan|00||0|0
2026|01|527577|015|08|WA|4715|EBA|06|06|2|994|002|HA|Dukungan Tusi - Konsultasi Pencairan Dana|00||0|0
2026|01|527577|015|08|WA|4715|EBA|06|06|2|994|002|HB|Dukungan Tusi - Reviu Belanja Pemerintah|00||0|0
2026|01|527577|015|08|WA|4715|EBA|06|06|2|994|002|HH|Dukungan Pelaksaan Tusi Prioritas Direktif Presiden |00||0|0
2026|01|527577|015|08|WA|4715|EBA|06|06|2|994|002|TJ|Jasa PemeliharaanAnnual Technical Support (ATS)|00||0|0
2026|01|527577|015|08|WA|4715|EBD|06|06|2|Z36|100| B|Pelaksanaan Manajemen Kinerja, Resiko dan Kepatuhan Internal|00||0|0
2026|01|527577|015|08|WA|4718|BMB|06|06|2|002|100| A|TANPA SUB KOMPONEN|00||0|0
2026|01|527577|015|08|WA|4718|BMB|06|06|2|001|100| A|TANPA SUB KOMPONEN|00||0|0
2026|01|527577|015|08|WA|4719|EBA|06|06|2|994|001| A|TANPA SUB KOMPONEN|00||0|0
2026|01|527577|015|08|WA|4719|EBA|06|06|2|004|100| A|Survey Kepuasan Pengguna Layanan|00||0|0
2026|01|527577|015|08|WA|4719|EBC|06|06|2|001|100|XC|Penyelenggaraan Capacity Building|00||0|0
2026|01|527610|015|08|CD|6212|BMB|06|08|2|001|100| A|Profiling UMKM|00||0|0
2026|01|527610|015|08|CD|6212|FAC|06|08|2|001|100| A|Training Modul Aplikasi SAKTI|00||0|0
2026|01|527610|015|08|CD|6212|FAC|06|08|2|001|100| B|FGD dan Bimtek Transfer Keuangan Daerah|00||0|0
2026|01|527610|015|08|CD|6212|FAH|06|08|2|001|100| A|TANPA SUB KOMPONEN|00||0|0
2026|01|527610|015|08|CD|6212|FAL|06|08|2|004|100| A|Konsultasi|00||0|0
2026|01|527610|015|08|CD|6212|FAL|06|08|2|004|100| B|Sosialisasi dan Bimbingan Teknis|00||0|0
2026|01|527610|015|08|CD|6212|FAL|06|08|2|004|100| C|Pembinaan Pemda, TKD, dan Penandatanganan BA Rekonsiliasi Pajak|00||0|0
2026|01|527610|015|08|CD|6212|FAL|06|08|2|004|100| D|Pembinaan Satker|00||0|0
2026|01|527610|015|08|CD|6213|FAC|06|08|2|001|100| A|Pembinaan Jabatan Fungsional Perbendaharaan|00||0|0
2026|01|527610|015|08|CD|6213|FAE|06|08|2|009|100| A|Monev Penyaluran Pembiayaan Ultra Mikro|00||0|0
2026|01|527610|015|08|CD|6213|FAL|06|08|2|003|100| A|Monev Pelaksanaan Anggaran|00||0|0
2026|01|527610|015|08|CD|6214|FAL|06|08|2|002|100| A|Pelaksanaan PencairanPenarikanPengesahan Dana|00||0|0
2026|01|527610|015|08|CD|6214|FAL|06|08|2|002|100| B|PenertibanPersetujuanRekonsiliasi RekeningSKPPKonfirmasi Penerimaan Negara, dll|00||0|0
2026|01|527610|015|08|CD|6215|FAH|06|08|2|003|100| B|Koordinasi UAKBUND KPPN di Kanwil|00||0|0
2026|01|527610|015|08|WA|4715|EBA|06|08|2|001|100| A|TANPA SUB KOMPONEN|00||0|0
2026|01|527610|015|08|WA|4715|EBA|06|08|2|002|100| A|TANPA SUB KOMPONEN|00||0|0
2026|01|527610|015|08|WA|4715|EBA|06|08|2|994|002| A|Keperluan Seharihari Perkantoran|00||0|0
2026|01|527610|015|08|WA|4715|EBA|06|08|2|994|002| B|Langganan Daya dan Jasa|00||0|0
2026|01|527610|015|08|WA|4715|EBA|06|08|2|994|002| C|Pelaksanaan Operasional Kantor|00||0|0
2026|01|527610|015|08|WA|4715|EBA|06|08|2|994|002| D|Pemeliharaan Peralatan dan Mesin|00||0|0
2026|01|527610|015|08|WA|4715|EBA|06|08|2|994|002| G|Pemeliharaan Gedung dan Bangunan|00||0|0
2026|01|527610|015|08|WA|4715|EBA|06|08|2|994|002|HA|Dukungan Tusi - Konsultasi Pencairan Dana|00||0|0
2026|01|527610|015|08|WA|4715|EBA|06|08|2|994|002|HB|Dukungan Tusi - Reviu Belanja Pemerintah|00||0|0
2026|01|527610|015|08|WA|4715|EBA|06|08|2|994|002|HE|Dukungan Tusi - WBK WBBM|00||0|0
2026|01|527610|015|08|WA|4715|EBA|06|08|2|994|002|HH|Dukungan Pelaksaan Tusi Prioritas Direktif Presiden|00||0|0
2026|01|527610|015|08|WA|4715|EBA|06|08|2|994|002|TJ|Jasa PemeliharaanAnnual Technical Support (ATS)|00||0|0
2026|01|527610|015|08|WA|4718|BMB|06|08|2|002|100| A|TANPA SUB KOMPONEN|00||0|0
2026|01|527610|015|08|WA|4718|BMB|06|08|2|001|100| A|TANPA SUB KOMPONEN|00||0|0
2026|01|527610|015|08|WA|4719|EBA|06|08|2|994|001| A|TANPA SUB KOMPONEN|00||0|0
2026|01|527610|015|08|WA|4719|EBA|06|08|2|004|100| A|Survey Kepuasan Pengguna Layanan|00||0|0
2026|01|527610|015|08|WA|4719|EBC|06|08|2|001|100|XC|Penyelenggaraan Capacity Building|00||0|0
2026|01|527624|015|08|CD|6212|BMB|06|07|2|001|100| A|Profiling UMKM|00||0|0
2026|01|527624|015|08|CD|6212|FAC|06|07|2|001|100| A|Training Modul Aplikasi SAKTI|00||0|0
2026|01|527624|015|08|CD|6212|FAC|06|07|2|001|100| B|FGD dan Bimtek Transfer Keuangan Daerah|00||0|0
2026|01|527624|015|08|CD|6212|FAH|06|07|2|001|100| A|TANPA SUB KOMPONEN|00||0|0
2026|01|527624|015|08|CD|6212|FAL|06|07|2|004|100| A|Konsultasi|00||0|0
2026|01|527624|015|08|CD|6212|FAL|06|07|2|004|100| B|Sosialisasi dan Bimbingan Teknis|00||0|0
2026|01|527624|015|08|CD|6212|FAL|06|07|2|004|100| C|Pembinaan Satker|00||0|0
2026|01|527624|015|08|CD|6212|FAL|06|07|2|004|100| D|Pembinaan Pemda, TKD, dan Penandatanganan BAR|00||0|0
2026|01|527624|015|08|CD|6213|FAC|06|07|2|001|100| A|Pembinaan Jabatan Fungsional Perbendaharaan|00||0|0
2026|01|527624|015|08|CD|6213|FAL|06|07|2|003|100| A|Monev Pelaksanaan Anggaran|00||0|0
2026|01|527624|015|08|CD|6214|FAL|06|07|2|002|100| A|Pelaksanaan Pencairan/ Penarikan/ Pengesahan Dana|00||0|0
2026|01|527624|015|08|CD|6214|FAL|06|07|2|002|100| B|Penerbitan/Persetujuan/Rekonsiliasi Rekening/SKPP/Konfirmasi Penerimaan Negara, dll|00||0|0
2026|01|527624|015|08|CD|6215|FAH|06|07|2|003|100| A|Penyusunan Laporan Keuangan Tingkat Kuasa BUN di Daerah|00||0|0
2026|01|527624|015|08|CD|6215|FAH|06|07|2|003|100| B|Koordinasi UAKBUN-D KPPN di Kanwil|00||0|0
2026|01|527624|015|08|WA|4715|EBA|06|07|2|001|100| A|TANPA SUB KOMPONEN|00||0|0
2026|01|527624|015|08|WA|4715|EBA|06|07|2|001|100| B|Koordinasi Penyusunan ATK PU|00||0|0
2026|01|527624|015|08|WA|4715|EBA|06|07|2|002|100| A|TANPA SUB KOMPONEN|00||0|0
2026|01|527624|015|08|WA|4715|EBA|06|07|2|994|002| A|Keperluan Sehari-hari Perkantoran|00||0|0
2026|01|527624|015|08|WA|4715|EBA|06|07|2|994|002| B|Langganan Daya dan Jasa|00||0|0
2026|01|527624|015|08|WA|4715|EBA|06|07|2|994|002| C|Pelaksanaan Operasional Kantor|00||0|0
2026|01|527624|015|08|WA|4715|EBA|06|07|2|994|002| D|Pemeliharaan Peralatan dan Mesin|00||0|0
2026|01|527624|015|08|WA|4715|EBA|06|07|2|994|002| G|Pemeliharaan Gedung dan Bangunan|00||0|0
2026|01|527624|015|08|WA|4715|EBA|06|07|2|994|002|HA|Dukungan Tusi - Konsultasi Pencairan Dana|00||0|0
2026|01|527624|015|08|WA|4715|EBA|06|07|2|994|002|HB|Dukungan Tusi - Reviu Belanja Pemerintah|00||0|0
2026|01|527624|015|08|WA|4715|EBA|06|07|2|994|002|HH|Dukungan Pelaksanaan Tusi Prioritas Direktif Presiden|00||0|0
2026|01|527624|015|08|WA|4715|EBA|06|07|2|994|002|TJ|Jasa Pemeliharaan/Annual Technical Support (ATS)|00||0|0
2026|01|527624|015|08|WA|4715|EBB|06|07|2|004|100|GB|Renovasi Gedung/Bangunan Kantor|00||0|0
2026|01|527624|015|08|WA|4715|EBB|06|07|2|002|100| A|TANPA SUB KOMPONEN|00||0|0
2026|01|527624|015|08|WA|4718|BMB|06|07|2|002|100| A|TANPA SUB KOMPONEN|00||0|0
2026|01|527624|015|08|WA|4718|BMB|06|07|2|001|100| A|TANPA SUB KOMPONEN|00||0|0
2026|01|527624|015|08|WA|4719|EBA|06|07|2|994|001| A|TANPA SUB KOMPONEN|00||0|0
2026|01|527624|015|08|WA|4719|EBA|06|07|2|004|100| A|TANPA SUB KOMPONEN|00||0|0
2026|01|527624|015|08|WA|4719|EBC|06|07|2|001|100|XC|Penyelenggaraan Capacity Building|00||0|0
2026|01|527645|015|08|CD|6212|BMB|07|51|2|001|100| B|Pemberdayaan UMKM  SosialisasiBimtekAsistensi dan BazarPojokRumah UMKM|00||0|0
2026|01|527645|015|08|CD|6212|BMB|07|51|2|001|100| D|Komunikasi Publik  BazarPojokRumah UMKM|00||0|0
2026|01|527645|015|08|CD|6212|FAH|07|51|2|002|100| A|Forum Koordinasi dan Rekonsiliasi Data dengan Bank Indonesia|00||0|0
2026|01|527645|015|08|CD|6212|FAH|07|51|2|002|100| B|Pembinaan SAP pada Pemerintah Daerah|00||0|0
2026|01|527645|015|08|CD|6212|FAH|07|51|2|002|100| C|SosialisasiBimtekWorkshopFGD dengan Pemda|00||0|0
2026|01|527645|015|08|CD|6212|FAL|07|51|2|001|100| B|Pengkoordinasian Kerjasama Ekonomi dan Keuangan Daerah|00||0|0
2026|01|527645|015|08|CD|6212|FAL|07|51|2|001|100| D|Penyerahan DIPA|00||0|0
2026|01|527645|015|08|CD|6213|FAE|07|51|2|009|100| A|FGD Analisa Fasilitas Likuiditas Pembiayaan Perumahan (FLPP)|00||0|0
2026|01|527645|015|08|CD|6213|FAE|07|51|2|008|100| A|Koordinasi Pelaksanaan Tugas RCE  ALCo|00||0|0
2026|01|527645|015|08|CD|6213|FAL|07|51|2|003|100| A|Pelaksanaan Spending Review|00||0|0
2026|01|527645|015|08|CD|6213|FAL|07|51|2|003|100| D|Monitoring dan Evaluasi Pelaksanaan Anggaran|00||0|0
2026|01|527645|015|08|CD|6213|FAL|07|51|2|003|100| E|Pengumpulan InformasiPenajaman Data Fiskal RegionalPenyusunan KFR|00||0|0
2026|01|527645|015|08|CD|6213|FAL|07|51|2|003|100| F|Publikasi Kajian Fiskal Regional|00||0|0
2026|01|527645|015|08|CD|6213|FAL|07|51|2|003|100| G|Pengumpulan Konfirmasi Informasi Pengelolaan Keuangan Daerah dan Penyusunan Profil Keuangan Daerah|00||0|0
2026|01|527645|015|08|CD|6213|FAL|07|51|2|003|100| H|Monitoring atas Dana Transfer dan Dana Desa|00||0|0
2026|01|527645|015|08|CD|6215|FAH|07|51|2|003|100| B|Koordinasi UAKBUND (KPPN)|00||0|0
2026|01|527645|015|08|CD|6215|FAH|07|51|2|001|100| B|Penyusunan Laporan Statistik Keuangan Pemerintah Tingkat Wilayah|00||0|0
2026|01|527645|015|08|WA|4715|EBA|07|51|2|001|100| A|TANPA SUB KOMPONEN|00||0|0
2026|01|527645|015|08|WA|4715|EBA|07|51|2|002|100| A|TANPA SUB KOMPONEN|00||0|0
2026|01|527645|015|08|WA|4715|EBA|07|51|2|994|002| A|Keperluan Seharihari Perkantoran|00||0|0
2026|01|527645|015|08|WA|4715|EBA|07|51|2|994|002| B|Langganan Daya dan Jasa|00||0|0
2026|01|527645|015|08|WA|4715|EBA|07|51|2|994|002| C|Pelaksanaan Operasional Kantor|00||0|0
2026|01|527645|015|08|WA|4715|EBA|07|51|2|994|002| D|Pemeliharaan Peralatan dan Mesin|00||0|0
2026|01|527645|015|08|WA|4715|EBA|07|51|2|994|002| G|Pemeliharaan Gedung dan Bangunan|00||0|0
2026|01|527645|015|08|WA|4715|EBA|07|51|2|994|002|HB|Dukungan Tusi - Reviu Belanja Pemerintah|00||0|0
2026|01|527645|015|08|WA|4715|EBA|07|51|2|994|002|HC|Dukungan Tusi - Government Financial Statistic (GFS)|00||0|0
2026|01|527645|015|08|WA|4715|EBA|07|51|2|994|002|HD|Dukungan Tusi - Rekomendasi Pengelolaan Organisasi|00||0|0
2026|01|527645|015|08|WA|4715|EBA|07|51|2|994|002|TJ|Jasa PemeliharaanAnnual Technical Support (ATS)|00||0|0
2026|01|527645|015|08|WA|4715|EBD|07|51|2|Z36|100| A|TANPA SUB KOMPONEN|00||0|0
2026|01|527645|015|08|WA|4715|EBD|07|51|2|Z26|100| A|Rakor Penyusunan Laporan Keuangan Tingkat UAPPAW (Full Cost)|00||0|0
2026|01|527645|015|08|WA|4718|BMB|07|51|2|002|100| A|TANPA SUB KOMPONEN|00||0|0
2026|01|527645|015|08|WA|4718|BMB|07|51|2|001|100| A|TANPA SUB KOMPONEN|00||0|0
2026|01|527645|015|08|WA|4719|EBA|07|51|2|005|100| B|Pelaksanaan Supervisi Teknis Aplikasi|00||0|0
2026|01|527645|015|08|WA|4719|EBA|07|51|2|003|100| A|Pelaksanaan Supervisi Proses Bisnis KPPN|00||0|0
2026|01|527645|015|08|WA|4719|EBA|07|51|2|003|100| B|Koordinasi Inovasi layanan|00||0|0
2026|01|527645|015|08|WA|4719|EBA|07|51|2|994|001| A|TANPA SUB KOMPONEN|00||0|0
2026|01|527645|015|08|WA|4719|EBC|07|51|2|001|100|XC|Penyelenggaraan Capacity Building|00||0|0
2026|01|527645|015|08|WA|4722|EBD|07|51|2|001|100| A|TANPA SUB KOMPONEN|00||0|0
2026|01|527652|015|08|CD|6212|BMB|07|51|2|001|100| A|Profiling UMKM|00||0|0
2026|01|527652|015|08|CD|6212|FAC|07|51|2|001|100| A|Training Modul Aplikasi SAKTI|00||0|0
2026|01|527652|015|08|CD|6212|FAC|07|51|2|001|100| B|FGD dan Bimtek Transfer Keuangan Daerah|00||0|0
2026|01|527652|015|08|CD|6212|FAH|07|51|2|001|100| A|TANPA SUB KOMPONEN|00||0|0
2026|01|527652|015|08|CD|6212|FAL|07|51|2|004|100| A|Konsultasi|00||0|0
2026|01|527652|015|08|CD|6212|FAL|07|51|2|004|100| B|Sosialisasi dan Bimtek|00||0|0
2026|01|527652|015|08|CD|6212|FAL|07|51|2|004|100| C|Pembinaan Satker|00||0|0
2026|01|527652|015|08|CD|6212|FAL|07|51|2|004|100| D|Pembinaan Pemda, TKD, dan Penandatanganan BAR|00||0|0
2026|01|527652|015|08|CD|6213|FAC|07|51|2|001|100| A|Pembinaan Jabatan Fungsional Perbendaharaan|00||0|0
2026|01|527652|015|08|CD|6213|FAE|07|51|2|009|100| A|Monev Penyaluran Pembiayaan Ultra Mikro|00||0|0
2026|01|527652|015|08|CD|6213|FAL|07|51|2|003|100| A|Monev Pelaksanaan Anggaran|00||0|0
2026|01|527652|015|08|CD|6214|FAL|07|51|2|002|100| A|Pelaksanaan PencairanPenarikanPengesahan Dana|00||0|0
2026|01|527652|015|08|CD|6214|FAL|07|51|2|002|100| B|PenerbitanPersetujuanRekonsiliasi RekeningSKPPKonfirmasi Penerimaan Negara, dll|00||0|0
2026|01|527652|015|08|CD|6215|FAH|07|51|2|003|100| A|Penyusunan Laporan Keuangan Tingkat Kuasa BUN di Daerah|00||0|0
2026|01|527652|015|08|WA|4715|EBA|07|51|2|001|100| A|TANPA SUB KOMPONEN|00||0|0
2026|01|527652|015|08|WA|4715|EBA|07|51|2|002|100| A|TANPA SUB KOMPONEN|00||0|0
2026|01|527652|015|08|WA|4715|EBA|07|51|2|994|002| A|Keperluan Seharihari Perkantoran|00||0|0
2026|01|527652|015|08|WA|4715|EBA|07|51|2|994|002| B|Langganan Daya dan Jasa|00||0|0
2026|01|527652|015|08|WA|4715|EBA|07|51|2|994|002| C|Pelaksanaan Operasional Kantor|00||0|0
2026|01|527652|015|08|WA|4715|EBA|07|51|2|994|002| D|Pemeliharaan Peralatan dan Mesin|00||0|0
2026|01|527652|015|08|WA|4715|EBA|07|51|2|994|002|HA|Dukungan Tusi- Konsultasi Pencairan Dana|00||0|0
2026|01|527652|015|08|WA|4715|EBA|07|51|2|994|002|HB|Dukungan Tusi - Reviu Belanja Pemerintah|00||0|0
2026|01|527652|015|08|WA|4715|EBA|07|51|2|994|002|HH|Dukungan Pelaksanaan Tusi Prioritas Direktif Presiden|00||0|0
2026|01|527652|015|08|WA|4715|EBB|07|51|2|002|100| A|TANPA SUB KOMPONEN|00||0|0
2026|01|527652|015|08|WA|4718|BMB|07|51|2|002|100| A|TANPA SUB KOMPONEN|00||0|0
2026|01|527652|015|08|WA|4718|BMB|07|51|2|001|100| A|TANPA SUB KOMPONEN|00||0|0
2026|01|527652|015|08|WA|4719|EBA|07|51|2|994|001| A|Gaji dan Tunjangan|00||0|0
2026|01|527652|015|08|WA|4719|EBA|07|51|2|004|100| A|Survey Kepuasan Pengguna Layanan|00||0|0
2026|01|527652|015|08|WA|4719|EBC|07|51|2|001|100|XC|Penyelenggaraan Capacity Building|00||0|0
2026|01|527666|015|08|WA|4718|BMB|07|54|2|001|100|AA|TANPA SUB KOMPONEN  KPPN Induk|00||0|0
2026|01|527666|015|08|WA|4718|BMB|07|54|2|001|100|BA|TANPA SUB KOMPONEN  KPPN Unit|00||0|0
2026|01|527666|015|08|WA|4718|BMB|07|54|2|002|100|AA|TANPA SUB KOMPONEN  KPPN Induk|00||0|0
2026|01|527666|015|08|WA|4718|BMB|07|54|2|002|100|BA|TANPA SUB KOMPONEN  KPPN Unit|00||0|0
2026|01|527666|015|08|WA|4719|EBA|07|54|2|004|100|AA|Survey Kepuasan Pengguna Layanan  KPPN Induk|00||0|0
2026|01|527666|015|08|WA|4719|EBA|07|54|2|004|100|BA|Survey Kepuasan Pengguna Layanan  KPPN Unit|00||0|0
2026|01|527666|015|08|WA|4719|EBA|07|54|2|994|001|AA|TANPA SUB KOMPONEN  KPPN Induk|00||0|0
2026|01|527666|015|08|WA|4719|EBA|07|54|2|994|001|BA|TANPA SUB KOMPONEN  KPPN Unit|00||0|0
2026|01|527666|015|08|WA|4719|EBC|07|54|2|001|100|XC|Penyelenggaraan Capacity Building|00||0|0
2026|01|527666|015|08|CD|6212|FAC|07|54|2|001|100|AA|Training Modul Aplikasi SAKTI  KPPN Induk|00||0|0
2026|01|527666|015|08|CD|6212|FAC|07|54|2|001|100|AB|FGD dan Bimtek Transfer Keuangan Daerah  KPPN Induk|00||0|0
2026|01|527666|015|08|CD|6212|FAC|07|54|2|001|100|BA|Training Modul Aplikasi SAKTI  KPPN Unit|00||0|0
2026|01|527666|015|08|CD|6212|FAC|07|54|2|001|100|BB|FGD dan Bimtek Transfer Keuangan Daerah  KPPN Unit|00||0|0
2026|01|527666|015|08|CD|6212|FAH|07|54|2|001|100|AA|TANPA SUB KOMPONEN  KPPN Induk|00||0|0
2026|01|527666|015|08|CD|6212|FAH|07|54|2|001|100|BA|TANPA SUB KOMPONEN  KPPN Unit|00||0|0
2026|01|527666|015|08|CD|6212|FAL|07|54|2|004|100|AA|Konsultasi  KPPN Induk|00||0|0
2026|01|527666|015|08|CD|6212|FAL|07|54|2|004|100|AB|Sosialisasi dan Bimbingan Teknis  KPPN Induk|00||0|0
2026|01|527666|015|08|CD|6212|FAL|07|54|2|004|100|AD|Pembinaan Pemda, TKD dan Penandatanganan BA Rekonsiliasi Pajak  KPPN Induk|00||0|0
2026|01|527666|015|08|CD|6212|FAL|07|54|2|004|100|BA|Konsultasi  KPPN Unit|00||0|0
2026|01|527666|015|08|CD|6212|FAL|07|54|2|004|100|BB|Sosialisasi dan Bimbingan Teknis  KPPN Unit|00||0|0
2026|01|527666|015|08|CD|6212|FAL|07|54|2|004|100|BD|Pembinaan Pemda, TKD dan Penandatanganan BA Rekonsiliasi Pajak  KPPN Unit|00||0|0
2026|01|527666|015|08|CD|6213|FAC|07|54|2|001|100|AA|Pembinaan Jabatan Fungsional Perbendaharaan  KPPN Induk|00||0|0
2026|01|527666|015|08|CD|6213|FAC|07|54|2|001|100|BA|Pembinaan Jabatan Fungsional Perbendaharaan  KPPN Unit|00||0|0
2026|01|527666|015|08|CD|6213|FAE|07|54|2|009|100|BA|Monev Penyaluran Pembiayaan Ultra Mikro  KPPN Unit|00||0|0
2026|01|527666|015|08|CD|6213|FAL|07|54|2|003|100|AA|Monev Pelaksanaan Anggaran - KPPN Induk|00||0|0
2026|01|527666|015|08|CD|6213|FAL|07|54|2|003|100|BA|Monev Pelaksanaan Anggaran  KPPN Unit|00||0|0
2026|01|527666|015|08|CD|6214|FAL|07|54|2|002|100|AA|Pelaksanaan PencairanPenarikanPengesahan Dana  KPPN Induk|00||0|0
2026|01|527666|015|08|CD|6214|FAL|07|54|2|002|100|AB|PenerbitanPersetujuanRekonsiliasi RekeningSKPPKonfirmasi Penerimaan Negara, dll  KPPN Induk|00||0|0
2026|01|527666|015|08|CD|6214|FAL|07|54|2|002|100|BA|Pelaksanaan PencairanPenarikanPengesahan Dana  KPPN Unit|00||0|0
2026|01|527666|015|08|CD|6214|FAL|07|54|2|002|100|BB|PenerbitanPersetujuanRekonsiliasi RekeningSKPPKonfirmasi Penerimaan Negara, dll  KPPN Unit|00||0|0
2026|01|527666|015|08|CD|6215|FAH|07|54|2|003|100|AA|Penyusunan Laporan Keuangan Tingkat Kuasa BUN di Daerah  KPPN Induk|00||0|0
2026|01|527666|015|08|CD|6215|FAH|07|54|2|003|100|AB|Koordinasi UAKBUND di Kanwil  KPPN Induk|00||0|0
2026|01|527666|015|08|CD|6215|FAH|07|54|2|003|100|BA|Penyusunan Laporan Keuangan Tingkat Kuasa BUN di Daerah  KPPN Unit|00||0|0
2026|01|527666|015|08|CD|6215|FAH|07|54|2|003|100|BB|Koordinasi UAKBUND di Kanwil  KPPN Unit|00||0|0
2026|01|527666|015|08|WA|4715|EBA|07|54|2|001|100|AA|TANPA SUB KOMPONEN  KPPN Induk|00||0|0
2026|01|527666|015|08|WA|4715|EBA|07|54|2|001|100|BA|TANPA SUB KOMPONEN  KPPN Unit|00||0|0
2026|01|527666|015|08|WA|4715|EBA|07|54|2|002|100|AA|TANPA SUB KOMPONEN  KPPN Induk|00||0|0
2026|01|527666|015|08|WA|4715|EBA|07|54|2|002|100|BA|TANPA SUB KOMPONEN  KPPN Unit|00||0|0
2026|01|527666|015|08|WA|4715|EBA|07|54|2|994|002|AA|Keperluan Seharihari Perkantoran  KPPN Induk|00||0|0
2026|01|527666|015|08|WA|4715|EBA|07|54|2|994|002|AB|Langganan Daya dan Jasa  KPPN Induk|00||0|0
2026|01|527666|015|08|WA|4715|EBA|07|54|2|994|002|AC|Pelaksanaan Operasional Kantor  KPPN Induk|00||0|0
2026|01|527666|015|08|WA|4715|EBA|07|54|2|994|002|AD|Pemeliharaan Peralatan dan Mesin  KPPN Induk|00||0|0
2026|01|527666|015|08|WA|4715|EBA|07|54|2|994|002|AE|Pemeliharaan Gedung dan Bangunan  KPPN Induk|00||0|0
2026|01|527666|015|08|WA|4715|EBA|07|54|2|994|002|BA|Keperluan Seharihari Perkantoran  KPPN Unit|00||0|0
2026|01|527666|015|08|WA|4715|EBA|07|54|2|994|002|BC|Pelaksanaan Operasional Kantor  KPPN Unit|00||0|0
2026|01|527666|015|08|WA|4715|EBA|07|54|2|994|002|BD|Pemeliharaan Peralatan dan Mesin  KPPN Unit|00||0|0
2026|01|527666|015|08|WA|4715|EBA|07|54|2|994|002|HA|Dukungan Tusi - Konsultasi Pencairan Dana|00||0|0
2026|01|527666|015|08|WA|4715|EBA|07|54|2|994|002|HB|Dukungan Tusi - Reviu Belanja Pemerintah|00||0|0
2026|01|527666|015|08|WA|4715|EBA|07|54|2|994|002|HE|Dukungan Tusi - WBK WBBM (KPPN Sidikalang)|00||0|0
2026|01|527666|015|08|WA|4715|EBA|07|54|2|994|002|HH|Dukungan Pelaksaan Tusi Prioritas Direktif Presiden - KPPN Induk|00||0|0
2026|01|527666|015|08|WA|4715|EBA|07|54|2|994|002|HI|Dukungan Pelaksaan Tusi Prioritas Direktif Presiden - KPPN Unit|00||0|0
2026|01|527666|015|08|WA|4715|EBA|07|54|2|994|002|TJ|Jasa PemeliharaanAnnual Technical Support (ATS)|00||0|0
2026|01|527666|015|08|WA|4715|EBD|07|54|2|Z36|100|AB|Pelaksanaan Manajemen Kinerja, Resiko dan Kepatuhan Internal  KPPN Induk|00||0|0
2026|01|527666|015|08|WA|4715|EBD|07|54|2|Z36|100|BB|Pelaksanaan Manajemen Kinerja, Resiko dan Kepatuhan Internal  KPPN unit|00||0|0
2026|01|527687|015|08|CD|6212|FAC|07|61|2|001|100| B|FGD dan Bimtek Transfer Keuangan Daerah|00||0|0
2026|01|527687|015|08|CD|6212|FAH|07|61|2|001|100| A|TANPA SUB KOMPONEN|00||0|0
2026|01|527687|015|08|CD|6212|FAL|07|61|2|004|100| B|Sosialisasi dan Bimbingan Teknis|00||0|0
2026|01|527687|015|08|CD|6212|FAL|07|61|2|004|100| C|Pembinaan Satker|00||0|0
2026|01|527687|015|08|CD|6212|FAL|07|61|2|004|100| D|Pembinaan Pemda, TKD, dan Penandatanganan BAR|00||0|0
2026|01|527687|015|08|CD|6213|FAC|07|61|2|001|100| A|Pembinaan Jabatan Fungsional Perbendaharaan|00||0|0
2026|01|527687|015|08|CD|6213|FAL|07|61|2|003|100| A|Monev Pelaksanaan Anggaran|00||0|0
2026|01|527687|015|08|CD|6214|FAL|07|61|2|002|100| A|Pelaksanaan Pencairan/Penarikan/Pengesahan Dana|00||0|0
2026|01|527687|015|08|CD|6214|FAL|07|61|2|002|100| B|Penerbitan/Persetujuan/Rekonsiliasi Rekening/SKPP/Konfirmasi Penerimaan Negara, dll|00||0|0
2026|01|527687|015|08|CD|6215|FAH|07|61|2|003|100| A|Penyusunan Laporan Keuangan Tingkat Kuasa BUN di Daerah|00||0|0
2026|01|527687|015|08|CD|6215|FAH|07|61|2|003|100| B|Koordinasi UAKBUN-D KPPN di Kanwil|00||0|0
2026|01|527687|015|08|WA|4715|EBA|07|61|2|001|100| A|TANPA SUB KOMPONEN|00||0|0
2026|01|527687|015|08|WA|4715|EBA|07|61|2|002|100| A|TANPA SUB KOMPONEN|00||0|0
2026|01|527687|015|08|WA|4715|EBA|07|61|2|994|002| A|Keperluan Sehari-hari Perkantoran|00||0|0
2026|01|527687|015|08|WA|4715|EBA|07|61|2|994|002| B|Langganan Daya dan Jasa|00||0|0
2026|01|527687|015|08|WA|4715|EBA|07|61|2|994|002| C|Pelaksanaan Operasional Kantor|00||0|0
2026|01|527687|015|08|WA|4715|EBA|07|61|2|994|002| D|Belanja Pemeliharaan Peralatan dan Mesin|00||0|0
2026|01|527687|015|08|WA|4715|EBA|07|61|2|994|002| G|Pemeliharaan Gedung dan Bangunan|00||0|0
2026|01|527687|015|08|WA|4715|EBA|07|61|2|994|002|HA|Dukungan Tusi - Konsultasi Pencairan Dana|00||0|0
2026|01|527687|015|08|WA|4715|EBA|07|61|2|994|002|HB|Dukungan Tusi - Reviu Belanja Pemerintah|00||0|0
2026|01|527687|015|08|WA|4715|EBA|07|61|2|994|002|HH|Dukungan Pelaksaan Tusi Prioritas Direktif Presiden|00||0|0
2026|01|527687|015|08|WA|4715|EBA|07|61|2|994|002|TJ|Jasa Pemeliharaan/Annual Technical Support (ATS)|00||0|0
2026|01|527687|015|08|WA|4715|EBD|07|61|2|Z36|100| B|Belanja Perjalanan Dinas Biasa|00||0|0
2026|01|527687|015|08|WA|4718|BMB|07|61|2|002|100| A|TANPA SUB KOMPONEN|00||0|0
2026|01|527687|015|08|WA|4718|BMB|07|61|2|001|100| A|TANPA SUB KOMPONEN|00||0|0
2026|01|527687|015|08|WA|4719|EBA|07|61|2|994|001| A|TANPA SUB KOMPONEN|00||0|0
2026|01|527687|015|08|WA|4719|EBA|07|61|2|004|100| A|Survey Kepuasan Pengguna Layanan|00||0|0
2026|01|527687|015|08|WA|4719|EBC|07|61|2|001|100|XC|Penyelenggaraan Capacity Building|00||0|0
2026|01|527670|015|08|CD|6212|BMB|07|57|2|001|100| A|Profiling UMKM|00||0|0
2026|01|527670|015|08|CD|6212|FAC|07|57|2|001|100| A|Training Modul Aplikasi SAKTI|00||0|0
2026|01|527670|015|08|CD|6212|FAC|07|57|2|001|100| B|FGD dan Bimtek Transfer Keuangan Daerah|00||0|0
2026|01|527670|015|08|CD|6212|FAH|07|57|2|001|100| A|TANPA SUB KOMPONEN|00||0|0
2026|01|527670|015|08|CD|6212|FAL|07|57|2|004|100| A|Konsultasi|00||0|0
2026|01|527670|015|08|CD|6212|FAL|07|57|2|004|100| B|Sosialisasi dan Bimbingan Teknis|00||0|0
2026|01|527670|015|08|CD|6212|FAL|07|57|2|004|100| D|Pembinaan Pemda,TKD, dan Penandatanganan BA Rekonsiliasi Pajak|00||0|0
2026|01|527670|015|08|CD|6213|FAC|07|57|2|001|100| A|Pembinaan Jabatan Fungsional Perbendaharan|00||0|0
2026|01|527670|015|08|CD|6213|FAE|07|57|2|009|100| A|Monev Penyaluran Pembiayaan Ultra Mikro|00||0|0
2026|01|527670|015|08|CD|6213|FAL|07|57|2|003|100| A|Monev Pelaksanaan Anggaran|00||0|0
2026|01|527670|015|08|CD|6214|FAL|07|57|2|002|100| A|Pelaksanaan PencairanPenarikanPengesahan Dana|00||0|0
2026|01|527670|015|08|CD|6214|FAL|07|57|2|002|100| B|PenerbitanPersetujuanRekonsiliasi RekeningSKPPKonfirmasi Penerimaan Negara, dll|00||0|0
2026|01|527670|015|08|CD|6215|FAH|07|57|2|003|100| A|Penyusunan Laporan Keuangan Tingkat Kuasa BUN di Daerah|00||0|0
2026|01|527670|015|08|CD|6215|FAH|07|57|2|003|100| B|Koordinasi UAKBUND KPPN di Kanwil|00||0|0
2026|01|527670|015|08|WA|4715|EBA|07|57|2|001|100| A|TANPA SUB KOMPONEN|00||0|0
2026|01|527670|015|08|WA|4715|EBA|07|57|2|001|100| B|Koordinasi Penyusunan ATK PU|00||0|0
2026|01|527670|015|08|WA|4715|EBA|07|57|2|002|100| A|TANPA SUB KOMPONEN|00||0|0
2026|01|527670|015|08|WA|4715|EBA|07|57|2|994|002| A|Keperluan Seharihari Perkantoran|00||0|0
2026|01|527670|015|08|WA|4715|EBA|07|57|2|994|002| B|Langganan Daya dan Jasa|00||0|0
2026|01|527670|015|08|WA|4715|EBA|07|57|2|994|002| C|Pelaksanaan Operasional Kantor|00||0|0
2026|01|527670|015|08|WA|4715|EBA|07|57|2|994|002| D|Pemeliharaan Peralatan dan Mesin|00||0|0
2026|01|527670|015|08|WA|4715|EBA|07|57|2|994|002| G|Pemeliharaan Gedung dan Bangunan|00||0|0
2026|01|527670|015|08|WA|4715|EBA|07|57|2|994|002|HA|Dukungan Tusi - Konsultasi Pencairan Dana|00||0|0
2026|01|527670|015|08|WA|4715|EBA|07|57|2|994|002|HB|Dukungan Tusi - Reviu Belanja Pemerintah|00||0|0
2026|01|527670|015|08|WA|4715|EBA|07|57|2|994|002|HH|Dukungan Pelaksanaan tusi Prioritas Direktif Presiden|00||0|0
2026|01|527670|015|08|WA|4715|EBA|07|57|2|994|002|TJ|Jasa PemeliharaanAnnual Technical Support (ATS)|00||0|0
2026|01|527670|015|08|WA|4715|EBD|07|57|2|Z36|100| B|Pelaksanaan Manjemen Kinerja, Resiko dan Kepatuhan Internal|00||0|0
2026|01|527670|015|08|WA|4718|BMB|07|57|2|002|100| A|TANPA SUB KOMPONEN|00||0|0
2026|01|527670|015|08|WA|4718|BMB|07|57|2|001|100| A|TANPA SUB KOMPONEN|00||0|0
2026|01|527670|015|08|WA|4719|EBA|07|57|2|994|001| A|TANPA SUB KOMPONEN|00||0|0
2026|01|527670|015|08|WA|4719|EBA|07|57|2|004|100| A|TANPA SUB KOMPONEN|00||0|0
2026|01|527670|015|08|WA|4719|EBC|07|57|2|001|100|XC|Penyelenggaraan Capacity Building|00||0|0
2026|01|527755|015|08|CD|6212|BMB|07|12|2|001|100| A|Profiling UMKM|00||0|0
2026|01|527755|015|08|CD|6212|FAC|07|12|2|001|100| A|Training Modul Aplikasi SAKTI|00||0|0
2026|01|527755|015|08|CD|6212|FAC|07|12|2|001|100| B|FGD dan Bimtek Transfer Keuangan Daerah|00||0|0
2026|01|527755|015|08|CD|6212|FAH|07|12|2|001|100| A|TANPA SUB KOMPONEN|00||0|0
2026|01|527755|015|08|CD|6212|FAL|07|12|2|004|100| A|Konsultasi|00||0|0
2026|01|527755|015|08|CD|6212|FAL|07|12|2|004|100| B|Sosialisasi dan Bimbingan Teknis|00||0|0
2026|01|527755|015|08|CD|6212|FAL|07|12|2|004|100| D|Pembinaan Pemda, TKD, dan Penandatanganan BA Rekonsiliasi Pajak|00||0|0
2026|01|527755|015|08|CD|6213|FAC|07|12|2|001|100| A|Pembinaan Jabatan Fungsional Perbendaharaan|00||0|0
2026|01|527755|015|08|CD|6213|FAL|07|12|2|003|100| A|Monev Pelaksanaan Anggaran|00||0|0
2026|01|527755|015|08|CD|6214|FAL|07|12|2|002|100| A|Pelaksanaan Pencairan/Penarikan/Pengesahan Dana|00||0|0
2026|01|527755|015|08|CD|6214|FAL|07|12|2|002|100| B|Penerbitan/Persetujuan/Rekonsiliasi Rekening/SKPP/Konfirmasi Penerimaan Negara, dll|00||0|0
2026|01|527755|015|08|CD|6215|FAH|07|12|2|003|100| A|Penyusunan Laporan Keuangan Tingkat Kuasa BUN di Daerah|00||0|0
2026|01|527755|015|08|CD|6215|FAH|07|12|2|003|100| B|Koordinasi UAKBUN-D KPPN di Kanwil|00||0|0
2026|01|527755|015|08|WA|4715|EBA|07|12|2|001|100| A|TANPA SUB KOMPONEN|00||0|0
2026|01|527755|015|08|WA|4715|EBA|07|12|2|001|100| B|Koordinasi Penyusunan ATK PU|00||0|0
2026|01|527755|015|08|WA|4715|EBA|07|12|2|002|100| A|TANPA SUB KOMPONEN|00||0|0
2026|01|527755|015|08|WA|4715|EBA|07|12|2|994|002| A|Keperluan Sehari-hari Perkantoran|00||0|0
2026|01|527755|015|08|WA|4715|EBA|07|12|2|994|002| B|Langganan Daya dan Jasa|00||0|0
2026|01|527755|015|08|WA|4715|EBA|07|12|2|994|002| C|Pelaksanaan Operasional Kantor|00||0|0
2026|01|527755|015|08|WA|4715|EBA|07|12|2|994|002| D|Pemeliharaan Peralatan dan Mesin|00||0|0
2026|01|527755|015|08|WA|4715|EBA|07|12|2|994|002| G|Pemeliharaan Gedung dan Bangunan|00||0|0
2026|01|527755|015|08|WA|4715|EBA|07|12|2|994|002|HA|Dukungan Tusi - Konsultasi Pencairan Dana|00||0|0
2026|01|527755|015|08|WA|4715|EBA|07|12|2|994|002|HB|Dukungan Tusi - Reviu Belanja Pemerintah|00||0|0
2026|01|527755|015|08|WA|4715|EBA|07|12|2|994|002|HH|DUKUNGAN PELAKSAAN TUSI PRIORITAS DIREKTIF PRESIDEN |00||0|0
2026|01|527755|015|08|WA|4715|EBA|07|12|2|994|002|TJ|Jasa Pemeliharaan/Annual Technical Support (ATS)|00||0|0
2026|01|527755|015|08|WA|4715|EBD|07|12|2|Z36|100| B|Pelaksanaan Manajemen Kinerja, Resiko dan Kepatuhan Internal|00||0|0
2026|01|527755|015|08|WA|4718|BMB|07|12|2|002|100| A|TANPA SUB KOMPONEN|00||0|0
2026|01|527755|015|08|WA|4718|BMB|07|12|2|001|100| A|TANPA SUB KOMPONEN|00||0|0
2026|01|527755|015|08|WA|4719|EBA|07|12|2|994|001| A|TANPA SUB KOMPONEN|00||0|0
2026|01|527755|015|08|WA|4719|EBA|07|12|2|004|100| A|Survey Kepuasan Pengguna Layanan|00||0|0
2026|01|527755|015|08|WA|4719|EBC|07|12|2|001|100|XC|Penyelenggaraan Capacity Building|00||0|0
2026|01|527713|015|08|CD|6212|BMB|07|56|2|001|100| A|Profiling UMKM|00||0|0
2026|01|527713|015|08|CD|6212|FAC|07|56|2|001|100| A|Training Modul Aplikasi SAKTI|00||0|0
2026|01|527713|015|08|CD|6212|FAC|07|56|2|001|100| B|FGD dan Bimtek Transfer Keuangan Daerah|00||0|0
2026|01|527713|015|08|CD|6212|FAH|07|56|2|001|100| A|TANPA SUB KOMPONEN|00||0|0
2026|01|527713|015|08|CD|6212|FAL|07|56|2|004|100| A|Konsultasi|00||0|0
2026|01|527713|015|08|CD|6212|FAL|07|56|2|004|100| B|Sosialisasi dan Bimbingan Teknis|00||0|0
2026|01|527713|015|08|CD|6212|FAL|07|56|2|004|100| D|Pembinaan Pemda, TKD, dan Penandatanganan BA Rekonsiliasi Pajak|00||0|0
2026|01|527713|015|08|CD|6213|FAC|07|56|2|001|100| A|Pembinaan Jabatan Fungsional Perbendaharaan|00||0|0
2026|01|527713|015|08|CD|6213|FAL|07|56|2|003|100| A|Monev Pelaksanaan Anggaran|00||0|0
2026|01|527713|015|08|CD|6214|FAL|07|56|2|002|100| A|Pelaksanaan PencairanPenarikanPengesahan Dana|00||0|0
2026|01|527713|015|08|CD|6214|FAL|07|56|2|002|100| B|PenerbitanPersetujuanRekonsiliasi RekeningSKPPKonfirmasi Penerimaan Negara, dll|00||0|0
2026|01|527713|015|08|CD|6215|FAH|07|56|2|003|100| A|Penyusunan Laporan Keuangan Tingkat Kuasa BUN di Daerah|00||0|0
2026|01|527713|015|08|CD|6215|FAH|07|56|2|003|100| B|Koordinasi UAKBUND KPPN di Kanwil|00||0|0
2026|01|527713|015|08|WA|4715|EBA|07|56|2|001|100| A|TANPA SUB KOMPONEN|00||0|0
2026|01|527713|015|08|WA|4715|EBA|07|56|2|001|100| B|Koordinasi Penyusunan ATK PU|00||0|0
2026|01|527713|015|08|WA|4715|EBA|07|56|2|002|100| A|TANPA SUB KOMPONEN|00||0|0
2026|01|527713|015|08|WA|4715|EBA|07|56|2|994|002| A|Keperluan Seharihari Perkantoran|00||0|0
2026|01|527713|015|08|WA|4715|EBA|07|56|2|994|002| B|Langganan Daya dan Jasa|00||0|0
2026|01|527713|015|08|WA|4715|EBA|07|56|2|994|002| C|Pelaksanaan Operasional Kantor|00||0|0
2026|01|527713|015|08|WA|4715|EBA|07|56|2|994|002| D|Pemeliharaan Peralatan dan Mesin|00||0|0
2026|01|527713|015|08|WA|4715|EBA|07|56|2|994|002| G|Pemeliharaan Gedung dan Bangunan|00||0|0
2026|01|527713|015|08|WA|4715|EBA|07|56|2|994|002|HA|Dukungan Tusi - Konsultasi Pencairan Dana|00||0|0
2026|01|527713|015|08|WA|4715|EBA|07|56|2|994|002|HB|Dukungan Tusi - Reviu Belanja Pemerintah|00||0|0
2026|01|527713|015|08|WA|4715|EBA|07|56|2|994|002|HE|Dukungan Tusi - WBK WBBM|00||0|0
2026|01|527713|015|08|WA|4715|EBA|07|56|2|994|002|HH|Dukungan Pelaksaan Tusi Prioritas Direktif Presiden|00||0|0
2026|01|527713|015|08|WA|4715|EBA|07|56|2|994|002|TJ|Jasa PemeliharaanAnnual Technical Support (ATS)|00||0|0
2026|01|527713|015|08|WA|4715|EBB|07|56|2|002|100| A|TANPA SUB KOMPONEN|00||0|0
2026|01|527713|015|08|WA|4715|EBD|07|56|2|Z36|100| B|Pelaksanaan Manajemen Kinerja, Resiko dan Kepatuhan Internal|00||0|0
2026|01|527713|015|08|WA|4718|BMB|07|56|2|002|100| A|TANPA SUB KOMPONEN|00||0|0
2026|01|527713|015|08|WA|4718|BMB|07|56|2|001|100| A|TANPA SUB KOMPONEN|00||0|0
2026|01|527713|015|08|WA|4719|EBA|07|56|2|994|001| A|TANPA SUB KOMPONEN|00||0|0
2026|01|527713|015|08|WA|4719|EBA|07|56|2|004|100| A|Survei Kepuasan Pengguna Layanan|00||0|0
2026|01|527713|015|08|WA|4719|EBC|07|56|2|001|100|XC|Penyelenggaraan Capacity Building|00||0|0
2026|01|527709|015|08|CD|6212|BMB|07|06|2|001|100| A|Profiling UMKM|00||0|0
2026|01|527709|015|08|CD|6212|FAC|07|06|2|001|100| B|FGD dan Bimtek Transfer Keuangan Daerah|00||0|0
2026|01|527709|015|08|CD|6212|FAL|07|06|2|004|100| A|Konsultasi|00||0|0
2026|01|527709|015|08|CD|6212|FAL|07|06|2|004|100| B|Sosialisasi dan Bimbingan Teknis|00||0|0
2026|01|527709|015|08|CD|6212|FAL|07|06|2|004|100| D|Pembinaan Pemda, TKD, dan Penandatanganan BAR|00||0|0
2026|01|527709|015|08|CD|6213|FAC|07|06|2|001|100| A|Pembinaan Jabatan Fungsional Perbendaharaan|00||0|0
2026|01|527709|015|08|CD|6213|FAE|07|06|2|009|100| A|Monev Penyaluran Pembiayaan Ultra Mikro|00||0|0
2026|01|527709|015|08|CD|6213|FAL|07|06|2|003|100| A|Monev Pelaksanaan Anggaran|00||0|0
2026|01|527709|015|08|CD|6214|FAL|07|06|2|002|100| A|Pelaksanaan PencairanPenarikanPengesahan Dana|00||0|0
2026|01|527709|015|08|CD|6214|FAL|07|06|2|002|100| B|PenerbitanPersetujuanRekonsiliasi RekeningSKPPKonfirmasi Penerimaan Negara,dll|00||0|0
2026|01|527709|015|08|CD|6215|FAH|07|06|2|003|100| B|Koordinasi UAKBUN-D KPPN di Kanwil|00||0|0
2026|01|527709|015|08|WA|4715|EBA|07|06|2|001|100| A|TANPA SUB KOMPONEN|00||0|0
2026|01|527709|015|08|WA|4715|EBA|07|06|2|001|100| B|Koordinasi Penyusunan ATK PU|00||0|0
2026|01|527709|015|08|WA|4715|EBA|07|06|2|002|100| A|TANPA SUB KOMPONEN|00||0|0
2026|01|527709|015|08|WA|4715|EBA|07|06|2|994|002| A|Keperluan Seharihari Perkantoran|00||0|0
2026|01|527709|015|08|WA|4715|EBA|07|06|2|994|002| B|Langganan Daya dan Jasa|00||0|0
2026|01|527709|015|08|WA|4715|EBA|07|06|2|994|002| C|Pelaksanaan Operasional Kantor|00||0|0
2026|01|527709|015|08|WA|4715|EBA|07|06|2|994|002| D|Pemeliharaan Peralatan dan Mesin|00||0|0
2026|01|527709|015|08|WA|4715|EBA|07|06|2|994|002| G|Pemelihaan Gedung dan Bangunan|00||0|0
2026|01|527709|015|08|WA|4715|EBA|07|06|2|994|002|HA|Dukungan Tusi-Konsultasi Pencairan Dana|00||0|0
2026|01|527709|015|08|WA|4715|EBA|07|06|2|994|002|HB|Dukungan Tusi-Reviu Belanja Pemerintah|00||0|0
2026|01|527709|015|08|WA|4715|EBA|07|06|2|994|002|HH|Dukungan Pelaksanaan Tusi Prioritas Direktif Presiden|00||0|0
2026|01|527709|015|08|WA|4715|EBA|07|06|2|994|002|TJ|Jasa PemeliharaanAnnual Technical Support (ATS)|00||0|0
2026|01|527709|015|08|WA|4715|EBD|07|06|2|Z36|100| B|Pelaksanaan Manajemen Kinerja, Resiko dan Kepatuhan Internal|00||0|0
2026|01|527709|015|08|WA|4718|BMB|07|06|2|001|100| A|TANPA SUB KOMPONEN|00||0|0
2026|01|527709|015|08|WA|4719|EBA|07|06|2|994|001| A|TANPA SUB KOMPONEN|00||0|0
2026|01|527709|015|08|WA|4719|EBC|07|06|2|001|100|XC|Penyelenggaraan Capacity Building|00||0|0
2026|01|527797|015|08|CD|6212|FAC|08|51|2|001|100| A|Training Modul Aplikasi SAKTI|00||0|0
2026|01|527797|015|08|CD|6212|FAC|08|51|2|001|100| B|FGD dan Bimtek Transfer Keuangan Daerah|00||0|0
2026|01|527797|015|08|CD|6212|FAH|08|51|2|001|100| A|TANPA SUB KOMPONEN|00||0|0
2026|01|527797|015|08|CD|6212|FAL|08|51|2|004|100| A|Konsultasi|00||0|0
2026|01|527797|015|08|CD|6212|FAL|08|51|2|004|100| B|Sosialisasi dan Bimbingan Teknis|00||0|0
2026|01|527797|015|08|CD|6212|FAL|08|51|2|004|100| D|Pembinaan Pemda, TKD, dan Penandatanganan BAR|00||0|0
2026|01|527797|015|08|CD|6213|FAC|08|51|2|001|100| A|Pembinaan Jabatan Fungsional Perbendaharaan|00||0|0
2026|01|527797|015|08|CD|6213|FAL|08|51|2|003|100| A|Monev Pelaksanaan Anggaran|00||0|0
2026|01|527797|015|08|CD|6214|FAL|08|51|2|002|100| A|Pelaksanaan PencairanPenarikanPengesahan Dana|00||0|0
2026|01|527797|015|08|CD|6214|FAL|08|51|2|002|100| B|PenerbitanPersetujuanRekonsiliasi RekeningSKPPKonfirmasi Penerimaan Negara, dll|00||0|0
2026|01|527797|015|08|CD|6215|FAH|08|51|2|003|100| A|Penyusunan Laporan Keuangan Tingkat Kuasa BUN di Daerah|00||0|0
2026|01|527797|015|08|CD|6215|FAH|08|51|2|003|100| B|Koordinasi UAKBUND KPPN di Kanwil|00||0|0
2026|01|527797|015|08|WA|4715|EBA|08|51|2|001|100| A|TANPA SUB KOMPONEN|00||0|0
2026|01|527797|015|08|WA|4715|EBA|08|51|2|001|100| B|Koordinasi Penyusunan ATK PU|00||0|0
2026|01|527797|015|08|WA|4715|EBA|08|51|2|002|100| A|TANPA SUB KOMPONEN|00||0|0
2026|01|527797|015|08|WA|4715|EBA|08|51|2|994|002| A|Keperluan seharihari perkantoran|00||0|0
2026|01|527797|015|08|WA|4715|EBA|08|51|2|994|002| B|Langganan Daya dan Jasa|00||0|0
2026|01|527797|015|08|WA|4715|EBA|08|51|2|994|002| C|Pelaksanaan Operasional Kantor|00||0|0
2026|01|527797|015|08|WA|4715|EBA|08|51|2|994|002| D|Pemeliharaan Peralatan dan Mesin|00||0|0
2026|01|527797|015|08|WA|4715|EBA|08|51|2|994|002| G|Pemeliharaan Gedung dan Bangunan|00||0|0
2026|01|527797|015|08|WA|4715|EBA|08|51|2|994|002|HA|Dukungan Tusi - Konsultasi Pencairan Dana|00||0|0
2026|01|527797|015|08|WA|4715|EBA|08|51|2|994|002|HB|Dukungan Tusi - Reviu Belanja Pemerintah|00||0|0
2026|01|527797|015|08|WA|4715|EBA|08|51|2|994|002|HH|Dukungan Pelaksanaan Tusi Prioritas Direktif Presiden|00||0|0
2026|01|527797|015|08|WA|4715|EBA|08|51|2|994|002|TJ|Jasa PemeliharaanAnnual Technical Support (ATS)|00||0|0
2026|01|527797|015|08|WA|4715|EBD|08|51|2|Z36|100| B|Pelaksanaan Manajemen Kinerja, Resiko dan Kepatuhan Internal|00||0|0
2026|01|527797|015|08|WA|4718|BMB|08|51|2|001|100| A|TANPA SUB KOMPONEN|00||0|0
2026|01|527797|015|08|WA|4718|BMB|08|51|2|002|100| A|TANPA SUB KOMPONEN|00||0|0
2026|01|527797|015|08|WA|4719|EBA|08|51|2|004|100| A|Survey Kepuasan Pengguna Layanan|00||0|0
2026|01|527797|015|08|WA|4719|EBA|08|51|2|994|001| A|TANPA SUB KOMPONEN|00||0|0
2026|01|527797|015|08|WA|4719|EBC|08|51|2|001|100|XC|Penyelenggaraan Capacity Building|00||0|0
2026|01|527780|015|08|CD|6212|FAC|08|55|2|001|100| A|Training Modul Aplikasi SAKTI|00||0|0
2026|01|527780|015|08|CD|6212|FAC|08|55|2|001|100| B|FGD dan Bimtek Transfer Keuangan Daerah|00||0|0
2026|01|527780|015|08|CD|6212|FAH|08|55|2|001|100| A|TANPA SUB KOMPONEN|00||0|0
2026|01|527780|015|08|CD|6212|FAL|08|55|2|004|100| A|Konsultasi|00||0|0
2026|01|527780|015|08|CD|6212|FAL|08|55|2|004|100| B|Sosialisasi dan Bimbingan Teknis|00||0|0
2026|01|527780|015|08|CD|6212|FAL|08|55|2|004|100| D|Pembinaan Pemda, TKD, dan Penandatanganan BA Rekonsiliasi Pajak|00||0|0
2026|01|527780|015|08|CD|6215|FAH|08|55|2|003|100| A|Penyusunan Laporan Keuangan Tingkat Kuasa BUN di Daerah|00||0|0
2026|01|527780|015|08|CD|6215|FAH|08|55|2|003|100| B|Koordinasi UAKBUND KPPN di Kanwil|00||0|0
2026|01|527780|015|08|CD|6213|FAC|08|55|2|001|100| A|Pembinaan Jabatan Fungsional Perbendaharaan|00||0|0
2026|01|527780|015|08|CD|6213|FAL|08|55|2|003|100| A|Monev Pelaksanaan Anggaran|00||0|0
2026|01|527780|015|08|CD|6214|FAL|08|55|2|002|100| A|Pelaksanaan PencairanPenarikanPengesahan Dana|00||0|0
2026|01|527780|015|08|CD|6214|FAL|08|55|2|002|100| B|PenerbitanPersetujuanRekonsiliasi RekeningSKPPKonfirmasi Penerimaan Negara, DLL|00||0|0
2026|01|527780|015|08|WA|4715|EBA|08|55|2|001|100| A|TANPA SUB KOMPONEN|00||0|0
2026|01|527780|015|08|WA|4715|EBA|08|55|2|001|100| B|Koordinasi Penyusunan ATK PU|00||0|0
2026|01|527780|015|08|WA|4715|EBA|08|55|2|002|100| A|TANPA SUB KOMPONEN|00||0|0
2026|01|527780|015|08|WA|4715|EBA|08|55|2|994|002| A|Keperluan SehariHari Perkantoran|00||0|0
2026|01|527780|015|08|WA|4715|EBA|08|55|2|994|002| B|Langganan Daya dan Jasa|00||0|0
2026|01|527780|015|08|WA|4715|EBA|08|55|2|994|002| C|Pelaksanaan Operasional Kantor|00||0|0
2026|01|527780|015|08|WA|4715|EBA|08|55|2|994|002| D|Pemeliharaan Peralatan dan Mesin|00||0|0
2026|01|527780|015|08|WA|4715|EBA|08|55|2|994|002| G|Pemeliharaan Gedung dan Bangunan|00||0|0
2026|01|527780|015|08|WA|4715|EBA|08|55|2|994|002|HA|Dukungan Tusi - Konsultasi Pencairan Dana|00||0|0
2026|01|527780|015|08|WA|4715|EBA|08|55|2|994|002|HB|Dukungan Tusi - Reviu Belanja Pemerintah|00||0|0
2026|01|527780|015|08|WA|4715|EBA|08|55|2|994|002|HH|Dukungan Pelaksaan Tusi Prioritas Direktif Presiden|00||0|0
2026|01|527780|015|08|WA|4715|EBA|08|55|2|994|002|TJ|Jasa Pemeliharaan Annual Technical Support (ATS)|00||0|0
2026|01|527780|015|08|WA|4719|EBC|08|55|2|001|100|XC|Penyelenggaraan Capacity Building|00||0|0
2026|01|527780|015|08|WA|4715|EBB|08|55|2|002|100| A|TANPA SUB KOMPONEN|00||0|0
2026|01|527780|015|08|WA|4718|BMB|08|55|2|002|100| A|TANPA SUB KOMPONEN|00||0|0
2026|01|527780|015|08|WA|4718|BMB|08|55|2|001|100| A|TANPA SUB KOMPONEN|00||0|0
2026|01|527780|015|08|WA|4719|EBA|08|55|2|994|001| A|TANPA SUB KOMPONEN|00||0|0
2026|01|527780|015|08|WA|4719|EBA|08|55|2|004|100| A|Survey Kepuasan Pengguna Layanan|00||0|0
2026|01|527776|015|08|WA|4715|EBB|08|55|2|004|100|RB|Renovasi Rumah Dinas|00||0|0
2026|01|527776|015|08|WA|4715|EBD|08|55|2|Z26|100| A|Rakor Penyusunan Laporan Keuangan Tingkat UAPPAW (Full Cost)|00||0|0
2026|01|527776|015|08|WA|4715|EBD|08|55|2|Z36|100| A|TANPA SUB KOMPONEN|00||0|0
2026|01|527776|015|08|CD|6212|BMB|08|55|2|001|100| A|Profiling UMKM|00||0|0
2026|01|527776|015|08|CD|6212|BMB|08|55|2|001|100| B|Pemberdayaan UMKM  SosialisasiBimtekAsistensi dan BazarPojokRumah UMKM|00||0|0
2026|01|527776|015|08|CD|6212|BMB|08|55|2|001|100| D|Komunikasi Publik  BazarPojokRumah UMKM|00||0|0
2026|01|527776|015|08|CD|6212|FAC|08|55|2|002|100| B|Asistensi  Pembinaan Pengelolaan Keuangan BLU Daerah|00||0|0
2026|01|527776|015|08|CD|6212|FAH|08|55|2|003|100| B|Sosialisasi dan Bimbingan Teknis UAPPAW|00||0|0
2026|01|527776|015|08|CD|6212|FAH|08|55|2|002|100| A|Forum Koordinasi dan Rekonsiliasi Data dengan Bank Indonesia|00||0|0
2026|01|527776|015|08|CD|6212|FAH|08|55|2|002|100| B|Pembinaan SAP pada Pemerintah Daerah|00||0|0
2026|01|527776|015|08|WA|4718|BMB|08|55|2|002|100| A|TANPA SUB KOMPONEN|00||0|0
2026|01|527776|015|08|WA|4718|BMB|08|55|2|001|100| A|TANPA SUB KOMPONEN|00||0|0
2026|01|527776|015|08|WA|4719|EBA|08|55|2|003|100| B|Koordinasi Inovasi layanan|00||0|0
2026|01|527776|015|08|WA|4719|EBA|08|55|2|994|001| A|TANPA SUB KOMPONEN|00||0|0
2026|01|527776|015|08|WA|4719|EBA|08|55|2|005|100| A|Monitoring dan Evaluasi Implementasi ISO|00||0|0
2026|01|527776|015|08|WA|4719|EBA|08|55|2|005|100| B|Pelaksanaan Supervisi Teknis Aplikasi|00||0|0
2026|01|527776|015|08|WA|4719|EBC|08|55|2|001|100|XC|Penyelenggaraan Capacity Building|00||0|0
2026|01|527776|015|08|WA|4722|EBD|08|55|2|001|100| A|Pelaksanaan Manajemen Resiko dan Kepatuhan Internal|00||0|0
2026|01|527776|015|08|WA|4722|EBD|08|55|2|001|100| B|Pemantauan Kode Etik dan Kepatuhan Pegawai|00||0|0
2026|01|527776|015|08|CD|6213|FAL|08|55|2|003|100| A|Pelaksanaan Spending Review|00||0|0
2026|01|527776|015|08|CD|6213|FAL|08|55|2|003|100| C|Review Pelaksanaan Anggaran|00||0|0
2026|01|527776|015|08|CD|6213|FAL|08|55|2|003|100| E|Pengumpulan InformasiPenajaman Data Fiskal RegionalPenyusunan KFR|00||0|0
2026|01|527776|015|08|CD|6213|FAL|08|55|2|003|100| F|Publikasi Kajian Fiskal Regional (Full Cost)|00||0|0
2026|01|527776|015|08|CD|6213|FAL|08|55|2|003|100| G|Pengumpulan Konfirmasi Informasi Pengelolaan Keuangan Daerah dan Penyusunan Profil Keuangan Daerah|00||0|0
2026|01|527776|015|08|CD|6213|FAL|08|55|2|003|100| H|Monitoring atas Dana Transfer dan Dana Desa|00||0|0
2026|01|527776|015|08|CD|6212|FAL|08|55|2|001|100| A|Sosialisasi PeraturanKebijakan Pelaksanaan Anggaran|00||0|0
2026|01|527776|015|08|CD|6212|FAL|08|55|2|001|100| B|Pengkoordinasian Kerjasama Ekonomi dan Keuangan Daerah|00||0|0
2026|01|527776|015|08|CD|6212|FAL|08|55|2|001|100| D|Penyerahan DIPA|00||0|0
2026|01|527776|015|08|CD|6215|FAH|08|55|2|003|100| A|Pembinaan UAKBUN D (KPPN)|00||0|0
2026|01|527776|015|08|CD|6215|FAH|08|55|2|003|100| B|Koordinasi UAKBUND (KPPN)|00||0|0
2026|01|527776|015|08|CD|6215|FAH|08|55|2|001|100| A|Koordinasi Laporan Keuangan Pemerintah Daerah danatau BLUD|00||0|0
2026|01|527776|015|08|CD|6215|FAH|08|55|2|001|100| B|Penyusunan Laporan Statistik Keuangan Pemerintah Tingkat Wilayah|00||0|0
2026|01|527776|015|08|CD|6213|ABA|08|55|2|001|100| A|Penyusunan Analisis Potensi Pembiayaan dan Pelaksanaan MoU DJPb dan PT SMI di Daerah|00||0|0
2026|01|527776|015|08|CD|6213|FAE|08|55|2|009|100| B|Monitoring dan  Evaluasi KURPenerusan Pinjaman|00||0|0
2026|01|527776|015|08|CD|6213|FAE|08|55|2|009|100| D|FGD Analisa Fasilitas Likuiditas Pembiayaan Perumahan (FLPP)|00||0|0
2026|01|527776|015|08|CD|6213|FAE|08|55|2|008|100| A|Koordinasi Pelaksanaan Tugas RCE  ALCo|00||0|0
2026|01|527776|015|08|WA|4715|EBA|08|55|2|001|100| A|TANPA SUB KOMPONEN|00||0|0
2026|01|527776|015|08|WA|4715|EBA|08|55|2|001|100| B|Koordinasi Penyusunan ATK PU|00||0|0
2026|01|527776|015|08|WA|4715|EBA|08|55|2|002|100| A|TANPA SUB KOMPONEN|00||0|0
2026|01|527776|015|08|WA|4715|EBA|08|55|2|994|002| A|Keperluan Seharihari Perkantoran|00||0|0
2026|01|527776|015|08|WA|4715|EBA|08|55|2|994|002| B|Langganan Daya dan Jasa|00||0|0
2026|01|527776|015|08|WA|4715|EBA|08|55|2|994|002| C|Pelaksanaan Operasional Kantor|00||0|0
2026|01|527776|015|08|WA|4715|EBA|08|55|2|994|002| D|Pemeliharaan Peralatan dan Mesin|00||0|0
2026|01|527776|015|08|WA|4715|EBA|08|55|2|994|002| G|Pemeliharaan Gedung dan Bangunan|00||0|0
2026|01|527776|015|08|WA|4715|EBA|08|55|2|994|002|HB|Dukungan Tusi - Reviu Belanja Pemerintah|00||0|0
2026|01|527776|015|08|WA|4715|EBA|08|55|2|994|002|HC|Dukungan Tusi - Government Financial Statistic (GFS)|00||0|0
2026|01|527776|015|08|WA|4715|EBA|08|55|2|994|002|HD|Dukungan Tusi - Rekomendasi Pengelolaan Organisasi|00||0|0
2026|01|527776|015|08|WA|4715|EBA|08|55|2|994|002|HH|Dukungan Pelaksaan Tusi Prioritas Direktif Presiden|00||0|0
2026|01|527776|015|08|WA|4715|EBA|08|55|2|994|002|TJ|Jasa Pemeliharaan Annual Technical Support (ATS)|00||0|0
2026|01|527819|015|08|CD|6212|BMB|08|53|2|001|100| A|Profiling UMKM|00||0|0
2026|01|527819|015|08|CD|6212|FAC|08|53|2|001|100| A|Training Modul Aplikasi SAKTI|00||0|0
2026|01|527819|015|08|CD|6212|FAC|08|53|2|001|100| B|FGD dan Bimtek Transfer Keuangan Daerah|00||0|0
2026|01|527819|015|08|CD|6212|FAH|08|53|2|001|100| A|TANPA SUB KOMPONEN|00||0|0
2026|01|527819|015|08|CD|6212|FAL|08|53|2|004|100| A|Konsultasi|00||0|0
2026|01|527819|015|08|CD|6212|FAL|08|53|2|004|100| B|Sosialisasi dan Bimbingan Teknis|00||0|0
2026|01|527819|015|08|CD|6212|FAL|08|53|2|004|100| D|Pembinaan Pemda, TKD, dan Penandatanganan BAR|00||0|0
2026|01|527819|015|08|CD|6213|FAC|08|53|2|001|100| A|Pembinaan Jabatan Fungsional Perbendaharaan|00||0|0
2026|01|527819|015|08|CD|6213|FAE|08|53|2|009|100| A|Monev Penyaluran Pembiayaan Ultra Mikro|00||0|0
2026|01|527819|015|08|CD|6213|FAL|08|53|2|003|100| A|Monev Pelaksanaan Anggaran|00||0|0
2026|01|527819|015|08|CD|6214|FAL|08|53|2|002|100| A|Pelaksanaan Pencairan/Penarikan/Pengesahan Dana|00||0|0
2026|01|527819|015|08|CD|6214|FAL|08|53|2|002|100| B|Penerbitan/Persetujuan/Rekonsiliasi Rekening/SKPP/Konfirmasi Penerimaan Negara, dll|00||0|0
2026|01|527819|015|08|CD|6215|FAH|08|53|2|003|100| A|Penyusunan Laporan Keuangan Tingkat Kuasa BUN Daerah|00||0|0
2026|01|527819|015|08|WA|4715|EBA|08|53|2|001|100| A|TANPA SUB KOMPONEN|00||0|0
2026|01|527819|015|08|WA|4715|EBA|08|53|2|001|100| B|Koordinasi Penyusunan ATK PU|00||0|0
2026|01|527819|015|08|WA|4715|EBA|08|53|2|002|100| A|TANPA SUB KOMPONEN|00||0|0
2026|01|527819|015|08|WA|4715|EBA|08|53|2|994|002| A|Keperluan Sehari-hari Perkantoran|00||0|0
2026|01|527819|015|08|WA|4715|EBA|08|53|2|994|002| B|Langganan Daya dan Jasa|00||0|0
2026|01|527819|015|08|WA|4715|EBA|08|53|2|994|002| C|Pelaksanaan Operasional Kantor|00||0|0
2026|01|527819|015|08|WA|4715|EBA|08|53|2|994|002| D|Pemeliharaan Peralatan dan Mesin|00||0|0
2026|01|527819|015|08|WA|4715|EBA|08|53|2|994|002| G|Pemeliharaan Gedung dan Bangunan|00||0|0
2026|01|527819|015|08|WA|4715|EBA|08|53|2|994|002|HA|Dukungan Tusi - Konsultasi Pencairan Dana|00||0|0
2026|01|527819|015|08|WA|4715|EBA|08|53|2|994|002|HB|Dukungan Tusi - Reviu Belanja Pemerintah|00||0|0
2026|01|527819|015|08|WA|4715|EBA|08|53|2|994|002|HH|Dukungan Pelaksanaan Tusi Prioritas Direktif Presiden|00||0|0
2026|01|527819|015|08|WA|4715|EBA|08|53|2|994|002|TJ|Jasa Pemeliharaan/ Annual Technical Support (ATS)|00||0|0
2026|01|527819|015|08|WA|4715|EBD|08|53|2|Z36|100| B|Pelaksanaan Manajemen Kinerja, Risiko, dan Kepatuhan Internal|00||0|0
2026|01|527819|015|08|WA|4718|BMB|08|53|2|002|100| A|TANPA SUB KOMPONEN|00||0|0
2026|01|527819|015|08|WA|4718|BMB|08|53|2|001|100| A|TANPA SUB KOMPONEN|00||0|0
2026|01|527819|015|08|WA|4719|EBA|08|53|2|994|001| A|TANPA SUB KOMPONEN|00||0|0
2026|01|527819|015|08|WA|4719|EBA|08|53|2|004|100| A|Survey Kepuasan Pengguna Layanan|00||0|0
2026|01|527819|015|08|WA|4719|EBC|08|53|2|001|100|XC|Penyelenggaraan Capacity Building|00||0|0
2026|01|527802|015|08|CD|6212|BMB|08|14|2|001|100| A|Profiling UMKM|00||0|0
2026|01|527802|015|08|CD|6212|FAC|08|14|2|001|100| A|Training Modul Aplikasi SAKTI|00||0|0
2026|01|527802|015|08|CD|6212|FAC|08|14|2|001|100| B|FGD dan Bimtek Transfer Keuangan Daerah|00||0|0
2026|01|527802|015|08|CD|6212|FAH|08|14|2|001|100| A|TANPA SUB KOMPONEN|00||0|0
2026|01|527802|015|08|CD|6212|FAL|08|14|2|004|100| A|Konsultasi|00||0|0
2026|01|527802|015|08|CD|6212|FAL|08|14|2|004|100| B|Sosialisasi dan Bimbingan Teknis|00||0|0
2026|01|527802|015|08|CD|6212|FAL|08|14|2|004|100| D|Pembinaan Pemda, TKD, dan Penandatanganan BAR|00||0|0
2026|01|527802|015|08|CD|6213|FAC|08|14|2|001|100| A|Pembinaan Jabatan Fungsional Perbendaharaan|00||0|0
2026|01|527802|015|08|CD|6213|FAE|08|14|2|009|100| A|Monev Penyaluran Pembiayaan Ultra Mikro|00||0|0
2026|01|527802|015|08|CD|6213|FAL|08|14|2|003|100| A|Monev Pelaksanaan Anggaran|00||0|0
2026|01|527802|015|08|CD|6214|FAL|08|14|2|002|100| A|Pelaksanaan PencairanPenarikanPengesahan Dana|00||0|0
2026|01|527802|015|08|CD|6214|FAL|08|14|2|002|100| B|PenerbitanPersetujuanRekonsiliasi RekeningSKPPKonfirmasi Penerimaan Negara, dll|00||0|0
2026|01|527802|015|08|CD|6215|FAH|08|14|2|003|100| A|Penyusunan Laporan Keuangan Tingkat Kuasa BUN di Daerah|00||0|0
2026|01|527802|015|08|WA|4715|EBA|08|14|2|001|100| A|TANPA SUB KOMPONEN|00||0|0
2026|01|527802|015|08|WA|4715|EBA|08|14|2|001|100| B|Koordinasi Penyusunan ATK PU|00||0|0
2026|01|527802|015|08|WA|4715|EBA|08|14|2|002|100| A|TANPA SUB KOMPONEN|00||0|0
2026|01|527802|015|08|WA|4715|EBA|08|14|2|994|002| A|Keperluan Seharihari Perkantoran|00||0|0
2026|01|527802|015|08|WA|4715|EBA|08|14|2|994|002| B|Langganan Daya dan Jasa|00||0|0
2026|01|527802|015|08|WA|4715|EBA|08|14|2|994|002| C|Pelaksanaan Operasional Kantor|00||0|0
2026|01|527802|015|08|WA|4715|EBA|08|14|2|994|002| D|Pemeliharaan Peralatan dan Mesin|00||0|0
2026|01|527802|015|08|WA|4715|EBA|08|14|2|994|002| G|Pemeliharaan Gedung dan Bangunan|00||0|0
2026|01|527802|015|08|WA|4715|EBA|08|14|2|994|002|HA|Dukungan Tusi- Konsultasi Pencairan Dana|00||0|0
2026|01|527802|015|08|WA|4715|EBA|08|14|2|994|002|HB|Dukungan Tusi - Reviu Belanja Pemerintah|00||0|0
2026|01|527802|015|08|WA|4715|EBA|08|14|2|994|002|HH|Dukungan Pelaksaan Tusi Prioritas Direktif Presiden|00||0|0
2026|01|527802|015|08|WA|4715|EBA|08|14|2|994|002|TJ|Jasa Pemeliharaan Annual Technical Support (ATS)|00||0|0
2026|01|527802|015|08|WA|4715|EBD|08|14|2|Z36|100| B|Pelaksanaan Manajemen Kinerja, Risiko dan Kepatuhan Internal|00||0|0
2026|01|527802|015|08|WA|4718|BMB|08|14|2|002|100| A|TANPA SUB KOMPONEN|00||0|0
2026|01|527802|015|08|WA|4718|BMB|08|14|2|001|100| A|TANPA SUB KOMPONEN|00||0|0
2026|01|527802|015|08|WA|4719|EBA|08|14|2|994|001| A|TANPA SUB KOMPONEN|00||0|0
2026|01|527802|015|08|WA|4719|EBA|08|14|2|004|100| A|Survey Kepuasan Pengguna Layanan|00||0|0
2026|01|527802|015|08|WA|4719|EBC|08|14|2|001|100|XC|Penyelenggaraan Capacity Building|00||0|0
2026|01|527823|015|08|CD|6212|FAC|08|02|2|001|100| A|Training Modul Aplikasi SAKTI|00||0|0
2026|01|527823|015|08|CD|6212|FAC|08|02|2|001|100| B|FGD dan Bimtek Transfer Keuangan Daerah|00||0|0
2026|01|527823|015|08|CD|6212|FAH|08|02|2|001|100| A|TANPA SUB KOMPONEN|00||0|0
2026|01|527823|015|08|CD|6212|FAL|08|02|2|004|100| A|Konsultasi|00||0|0
2026|01|527823|015|08|CD|6212|FAL|08|02|2|004|100| B|Sosialisasi dan Bimbingan Teknis|00||0|0
2026|01|527823|015|08|CD|6212|FAL|08|02|2|004|100| D|Pembinaan Pemda, TKD, dan Penandatanganan BAR|00||0|0
2026|01|527823|015|08|CD|6213|FAC|08|02|2|001|100| A|Pembinaan Jabatan Fungsional Perbendaharaan|00||0|0
2026|01|527823|015|08|CD|6213|FAL|08|02|2|003|100| A|Monev Pelaksanaan Anggaran|00||0|0
2026|01|527823|015|08|WA|4715|EBA|08|02|2|001|100| A|TANPA SUB KOMPONEN|00||0|0
2026|01|527823|015|08|WA|4715|EBA|08|02|2|002|100| A|TANPA SUB KOMPONEN|00||0|0
2026|01|527823|015|08|WA|4715|EBA|08|02|2|994|002| A|Keperluan Seharihari Perkantoran|00||0|0
2026|01|527823|015|08|WA|4715|EBA|08|02|2|994|002| B|Langganan Daya dan Jasa|00||0|0
2026|01|527823|015|08|WA|4715|EBA|08|02|2|994|002| C|Pelaksanaan Operasional Kantor|00||0|0
2026|01|527823|015|08|WA|4715|EBA|08|02|2|994|002| D|Pemeliharaan Peralatan dan Mesin|00||0|0
2026|01|527823|015|08|WA|4715|EBA|08|02|2|994|002| E|Pemeliharaan Gedung dan Bangunan|00||0|0
2026|01|527823|015|08|WA|4715|EBA|08|02|2|994|002|HA|Dukungan Tusi - Konsultasi Pencairan Dana|00||0|0
2026|01|527823|015|08|WA|4715|EBA|08|02|2|994|002|HB|Dukungan Tusi - Reviu Belanja Pemerintah|00||0|0
2026|01|527823|015|08|WA|4715|EBA|08|02|2|994|002|HH|Dukungan Pelaksaan Tusi Prioritas Direktif Presiden |00||0|0
2026|01|527823|015|08|WA|4715|EBA|08|02|2|994|002|TJ|Jasa Pemeliharaan Annual Technical Support (ATS)|00||0|0
2026|01|527823|015|08|WA|4715|EBD|08|02|2|Z36|100| B|Pelaksanaan Manajemen Kinerja, Resiko dan Kepatuhan Internal|00||0|0
2026|01|527823|015|08|WA|4718|BMB|08|02|2|002|100| A|TANPA SUB KOMPONEN|00||0|0
2026|01|527823|015|08|WA|4718|BMB|08|02|2|001|100| A|TANPA SUB KOMPONEN|00||0|0
2026|01|527823|015|08|WA|4719|EBA|08|02|2|994|001| A|TANPA SUB KOMPONEN|00||0|0
2026|01|527823|015|08|WA|4719|EBA|08|02|2|004|100| A|Survey Kepuasan Pengguna Layanan|00||0|0
2026|01|527823|015|08|WA|4719|EBC|08|02|2|001|100|XC|Penyelenggaraan Capacity Building|00||0|0
2026|01|527865|015|08|CD|6212|BMB|09|04|2|001|100| A|Profilling UMKM|00||0|0
2026|01|527865|015|08|CD|6212|FAC|09|04|2|001|100| A|Training Modul Aplikasi SAKTI|00||0|0
2026|01|527865|015|08|CD|6212|FAC|09|04|2|001|100| B|FGD dan Bimtek Transfer Keuangan Daerah|00||0|0
2026|01|527865|015|08|CD|6212|FAH|09|04|2|001|100| A|TANPA SUB KOMPONEN|00||0|0
2026|01|527865|015|08|CD|6213|FAL|09|04|2|003|100| A|Monev Pelaksanaan Anggaran|00||0|0
2026|01|527865|015|08|CD|6214|FAL|09|04|2|002|100| A|Pelaksanaan PencairanPenarikanPengesahan Dana|00||0|0
2026|01|527865|015|08|CD|6214|FAL|09|04|2|002|100| B|PenerbitanPersetujuanRekonsiliasi RekeningSKPPKonfirmasi Penerimaan Negara, dll|00||0|0
2026|01|527865|015|08|CD|6215|FAH|09|04|2|003|100| A|Penyusunan Laporan Keuangan Tingkat Kuasa BUN di Daerah|00||0|0
2026|01|527865|015|08|CD|6215|FAH|09|04|2|003|100| B|Koordinasi UAKBUND KPPN di Kanwil|00||0|0
2026|01|527865|015|08|WA|4715|EBA|09|04|2|001|100| A|TANPA SUB KOMPONEN|00||0|0
2026|01|527865|015|08|WA|4715|EBA|09|04|2|002|100| A|TANPA SUB KOMPONEN|00||0|0
2026|01|527865|015|08|WA|4715|EBA|09|04|2|994|002| A|Keperluan Seharihari Perkantoran|00||0|0
2026|01|527865|015|08|WA|4715|EBA|09|04|2|994|002| B|Langganan Daya dan Jasa|00||0|0
2026|01|527865|015|08|WA|4715|EBA|09|04|2|994|002| C|Pelaksanaan Operasional Kantor|00||0|0
2026|01|527865|015|08|WA|4715|EBA|09|04|2|994|002| D|Pemeliharaan Peralatan dan Mesin|00||0|0
2026|01|527865|015|08|WA|4715|EBA|09|04|2|994|002| E|Pemeliharaan Gedung dan Bangunan|00||0|0
2026|01|527865|015|08|WA|4715|EBA|09|04|2|994|002|HA|Dukungan Tusi - Konsultasi Pencairan Dana|00||0|0
2026|01|527865|015|08|WA|4715|EBA|09|04|2|994|002|HB|Dukungan Tusi - Reviu Belanja Pemerintah|00||0|0
2026|01|527865|015|08|WA|4715|EBA|09|04|2|994|002|HH|Dukungan Pelaksanaan Tusi Prioritas Direktif Presiden|00||0|0
2026|01|527865|015|08|WA|4715|EBA|09|04|2|994|002|TJ|Jasa PemeliharaanAnnual Technical Support (ATS)|00||0|0
2026|01|527865|015|08|WA|4715|EBD|09|04|2|Z36|100| B|Pelaksanaan Manajemen Kinerja, Resiko dan Kepatuhan Internal|00||0|0
2026|01|527865|015|08|WA|4718|BMB|09|04|2|001|100| A|TANPA SUB KOMPONEN|00||0|0
2026|01|527865|015|08|WA|4718|BMB|09|04|2|002|100| A|TANPA SUB KOMPONEN|00||0|0
2026|01|527865|015|08|WA|4719|EBA|09|04|2|004|100| A|Survey Kepuasan Pengguna Layanan|00||0|0
2026|01|527865|015|08|WA|4719|EBA|09|04|2|994|001| A|TANPA SUB KOMPONEN|00||0|0
2026|01|527865|015|08|WA|4719|EBC|09|04|2|001|100|XC|Penyelenggaraan Capacity Building|00||0|0
2026|01|527865|015|08|CD|6212|FAL|09|04|2|004|100| A|Konsultasi|00||0|0
2026|01|527865|015|08|CD|6212|FAL|09|04|2|004|100| B|Sosialisasi dan Bimbingan Teknis|00||0|0
2026|01|527865|015|08|CD|6212|FAL|09|04|2|004|100| D|Pembinaan Pemda, TKD, dan Penandatanganan BA Rekonsiliasi Pajak|00||0|0
2026|01|527865|015|08|CD|6213|FAC|09|04|2|001|100| A|Pembinaan Jabatan Fungsional Perbendaharaan|00||0|0
2026|01|527844|015|08|CD|6212|BMB|09|51|2|001|100| A|Profiling UMKM|00||0|0
2026|01|527844|015|08|CD|6212|FAC|09|51|2|001|100| A|Training Modul Aplikasi SAKTI|00||0|0
2026|01|527844|015|08|CD|6212|FAC|09|51|2|001|100| B|FGD Dan BimtekTransfer Keuangan Daerah|00||0|0
2026|01|527844|015|08|CD|6212|FAH|09|51|2|001|100| A|TANPA SUB KOMPONEN|00||0|0
2026|01|527844|015|08|CD|6212|FAL|09|51|2|004|100| A|Konsultasi|00||0|0
2026|01|527844|015|08|CD|6212|FAL|09|51|2|004|100| B|Sosialisasi dan Bimbingan Teknis|00||0|0
2026|01|527844|015|08|CD|6212|FAL|09|51|2|004|100| D|Pembinaan Pemda, TKD, dan Penandatanganan BAR|00||0|0
2026|01|527844|015|08|CD|6213|FAC|09|51|2|001|100| A|Pembinaan Jabatan Fungsional Perbendaharaan|00||0|0
2026|01|527844|015|08|CD|6213|FAL|09|51|2|003|100| A|Monev Pelaksanaan Anggaran|00||0|0
2026|01|527844|015|08|CD|6214|FAL|09|51|2|002|100| A|Pelaksanaan PencairanPenarikanPengesahan Dana|00||0|0
2026|01|527844|015|08|CD|6214|FAL|09|51|2|002|100| B|PenerbitanPersetujuanRekonsiliasi RekeningKonfirmasi Penerimaan Negara dll|00||0|0
2026|01|527844|015|08|CD|6215|FAH|09|51|2|003|100| A|Penyusunan Laporan Keuangan Tingkat Kuasa BUN di Daerah|00||0|0
2026|01|527844|015|08|WA|4715|EBA|09|51|2|001|100| A|TANPA SUB KOMPONEN|00||0|0
2026|01|527844|015|08|WA|4715|EBA|09|51|2|001|100| B|Koordinasi Penyusunan ATK PU|00||0|0
2026|01|527844|015|08|WA|4715|EBA|09|51|2|002|100| A|TANPA SUB KOMPONEN|00||0|0
2026|01|527844|015|08|WA|4715|EBA|09|51|2|994|002| A|Keperluan Sehari Hari Perkantoran|00||0|0
2026|01|527844|015|08|WA|4715|EBA|09|51|2|994|002| B|Langganan Daya dan Jasa|00||0|0
2026|01|527844|015|08|WA|4715|EBA|09|51|2|994|002| C|Pelaksanaan Operasional Kantor|00||0|0
2026|01|527844|015|08|WA|4715|EBA|09|51|2|994|002| D|Pemeliharaan Peralatan dan Mesin|00||0|0
2026|01|527844|015|08|WA|4715|EBA|09|51|2|994|002| G|Pemeliharaan Gedung dan Bangunan|00||0|0
2026|01|527844|015|08|WA|4715|EBA|09|51|2|994|002|HA|Dukungan Tusi - Konsultasi Pencairan Dana|00||0|0
2026|01|527844|015|08|WA|4715|EBA|09|51|2|994|002|HB|Dukungan Tusi - Reviu Belanja Pemerintah|00||0|0
2026|01|527844|015|08|WA|4715|EBA|09|51|2|994|002|HH|Dukungan Pelaksanaan Tusi Prioritas Direktif Presiden|00||0|0
2026|01|527844|015|08|WA|4715|EBA|09|51|2|994|002|TJ|Jasa PemeliharaanAnnual Technical Support (ATS)|00||0|0
2026|01|527844|015|08|WA|4715|EBB|09|51|2|002|100| A|TANPA SUB KOMPONEN|00||0|0
2026|01|527844|015|08|WA|4718|BMB|09|51|2|002|100| A|TANPA SUB KOMPONEN|00||0|0
2026|01|527844|015|08|WA|4718|BMB|09|51|2|001|100| A|TANPA SUB KOMPONEN|00||0|0
2026|01|527844|015|08|WA|4719|EBA|09|51|2|994|001| A|TANPA SUB KOMPONEN|00||0|0
2026|01|527844|015|08|WA|4719|EBA|09|51|2|004|100| A|Survey Kepuasan Pengguna Layanan|00||0|0
2026|01|527844|015|08|WA|4719|EBC|09|51|2|001|100|XC|Penyelenggaraan Capacity Building|00||0|0
2026|01|527872|015|08|CD|6212|FAC|09|53|2|001|100| A|Training Modul Aplikasi SAKTI|00||0|0
2026|01|527872|015|08|CD|6212|FAC|09|53|2|001|100| B|FGD dan Bimtek Transfer Keuangan Daerah|00||0|0
2026|01|527872|015|08|CD|6212|FAH|09|53|2|001|100| A|TANPA SUB KOMPONEN|00||0|0
2026|01|527872|015|08|CD|6212|FAL|09|53|2|004|100| A|Konsultasi|00||0|0
2026|01|527872|015|08|CD|6212|FAL|09|53|2|004|100| B|Sosialisasi dan Bimbingan Teknis|00||0|0
2026|01|527872|015|08|CD|6212|FAL|09|53|2|004|100| D|Pembinaan Pemda, TKD, dan Penandatanganan BA Rekonsiliasi Pajak|00||0|0
2026|01|527872|015|08|CD|6213|FAC|09|53|2|001|100| A|Pembinaan Jabatan Fungsional Perbendaharaan|00||0|0
2026|01|527872|015|08|CD|6214|FAL|09|53|2|002|100| A|Pelaksanaan PencairanPenarikanPengesahan Dana|00||0|0
2026|01|527872|015|08|CD|6214|FAL|09|53|2|002|100| B|PenerbitanPersetujuanRekonsiliasi RekeningSKPPKonfirmasi Penerimaan Negara, dll|00||0|0
2026|01|527872|015|08|CD|6215|FAH|09|53|2|003|100| A|Penyusunan Laporan Keuangan Tingkat Kuasa BUN di Daerah|00||0|0
2026|01|527872|015|08|CD|6215|FAH|09|53|2|003|100| B|Koordinasi UAKBUND KPPN di Kanwil|00||0|0
2026|01|527872|015|08|WA|4715|EBA|09|53|2|001|100| A|TANPA SUB KOMPONEN|00||0|0
2026|01|527872|015|08|WA|4715|EBA|09|53|2|002|100| A|TANPA SUB KOMPONEN|00||0|0
2026|01|527872|015|08|WA|4715|EBA|09|53|2|994|002| A|Keperluan seharihari perkantoran|00||0|0
2026|01|527872|015|08|WA|4715|EBA|09|53|2|994|002| B|Langganan Daya dan Jasa|00||0|0
2026|01|527872|015|08|WA|4715|EBA|09|53|2|994|002| C|Pelaksanaan Operasional Kantor|00||0|0
2026|01|527872|015|08|WA|4715|EBA|09|53|2|994|002| D|Pemeliharaan Peralatan dan Mesin|00||0|0
2026|01|527872|015|08|WA|4715|EBA|09|53|2|994|002| G|Pemeliharaan Gedung dan Bangunan|00||0|0
2026|01|527872|015|08|WA|4715|EBA|09|53|2|994|002|HA|Dukungan Tusi - Konsultasi Pencairan Dana|00||0|0
2026|01|527872|015|08|WA|4715|EBA|09|53|2|994|002|HB|Dukungan Tusi - Reviu Belanja Pemerintah|00||0|0
2026|01|527872|015|08|WA|4715|EBA|09|53|2|994|002|HH|Dukungan Pelaksaan Tusi Prioritas Direktif Presiden|00||0|0
2026|01|527872|015|08|WA|4715|EBA|09|53|2|994|002|TJ|Jasa PemeliharaanAnnual Technical Support (ATS)|00||0|0
2026|01|527872|015|08|WA|4715|EBD|09|53|2|Z36|100| B|Pelaksanaan Manajemen Kinerja, Resiko, dan Kepatuhan Internal|00||0|0
2026|01|527872|015|08|WA|4718|BMB|09|53|2|001|100| A|TANPA SUB KOMPONEN|00||0|0
2026|01|527872|015|08|WA|4718|BMB|09|53|2|002|100| A|TANPA SUB KOMPONEN|00||0|0
2026|01|527872|015|08|WA|4719|EBA|09|53|2|004|100| A|Survey Kepuasan Pengguna Layanan|00||0|0
2026|01|527872|015|08|WA|4719|EBA|09|53|2|994|001| A|TANPA SUB KOMPONEN|00||0|0
2026|01|527872|015|08|WA|4719|EBC|09|53|2|001|100|XC|Penyelenggaraan Capacity Building|00||0|0
2026|01|527851|015|08|WA|4715|EBB|32|52|2|002|100| A|TANPA SUB KOMPONEN|00||0|0
2026|01|527851|015|08|WA|4718|BMB|32|52|2|002|100| A|TANPA SUB KOMPONEN|00||0|0
2026|01|527851|015|08|WA|4718|BMB|32|52|2|001|100| A|TANPA SUB KOMPONEN|00||0|0
2026|01|527851|015|08|WA|4719|EBA|32|52|2|004|100| A|Survey Kepuasan Pengguna Layanan|00||0|0
2026|01|527851|015|08|WA|4719|EBA|32|52|2|994|001| A|TANPA SUB KOMPONEN|00||0|0
2026|01|527851|015|08|WA|4719|EBC|32|52|2|001|100|XC|Penyelenggaraan Capacity Building|00||0|0
2026|01|527851|015|08|CD|6212|BMB|32|52|2|001|100| A|Profiling UMKM|00||0|0
2026|01|527851|015|08|CD|6212|FAC|32|52|2|001|100| A|Training Modul Aplikasi SAKTI|00||0|0
2026|01|527851|015|08|CD|6212|FAC|32|52|2|001|100| B|FGD dan Bimtek Transfer Keuangan Daerah|00||0|0
2026|01|527851|015|08|CD|6212|FAH|32|52|2|001|100| A|TANPA SUB KOMPONEN|00||0|0
2026|01|527851|015|08|CD|6212|FAL|32|52|2|004|100| A|Konsultasi|00||0|0
2026|01|527851|015|08|CD|6212|FAL|32|52|2|004|100| B|Sosialisasi dan Bimbingan Teknis|00||0|0
2026|01|527851|015|08|CD|6212|FAL|32|52|2|004|100| D|Pembinaan Pemda, TKD, dan Penandatanganan BAR|00||0|0
2026|01|527851|015|08|CD|6213|FAC|32|52|2|001|100| A|Pembinaan Jabatan Fungsional Perbendaharaan|00||0|0
2026|01|527851|015|08|CD|6213|FAE|32|52|2|009|100| A|Monev Penyaluran Pembiayaan Ultra Mikro|00||0|0
2026|01|527851|015|08|CD|6213|FAL|32|52|2|003|100| A|Monev Pelaksanaan Anggaran|00||0|0
2026|01|527851|015|08|CD|6214|FAL|32|52|2|002|100| A|Pelaksanaan PencairanPenarikanPengesahan Dana|00||0|0
2026|01|527851|015|08|CD|6214|FAL|32|52|2|002|100| B|PenerbitanPersetujuanRekonsiliasi RekeningSKPPKonfirmasi Penerimaan Negara, dll|00||0|0
2026|01|527851|015|08|CD|6215|FAH|32|52|2|003|100| A|Penyusunan Laporan Keuangan Tingkat Kuasa BUN di Daerah|00||0|0
2026|01|527851|015|08|WA|4715|EBA|32|52|2|001|100| A|TANPA SUB KOMPONEN|00||0|0
2026|01|527851|015|08|WA|4715|EBA|32|52|2|002|100| A|TANPA SUB KOMPONEN|00||0|0
2026|01|527851|015|08|WA|4715|EBA|32|52|2|994|002| A|Keperluan Seharihari Perkantoran|00||0|0
2026|01|527851|015|08|WA|4715|EBA|32|52|2|994|002| B|Langganan Daya dan Jasa|00||0|0
2026|01|527851|015|08|WA|4715|EBA|32|52|2|994|002| C|Pelaksanaan Operasional Kantor|00||0|0
2026|01|527851|015|08|WA|4715|EBA|32|52|2|994|002| D|Pemeliharaan Peralatan dan Mesin|00||0|0
2026|01|527851|015|08|WA|4715|EBA|32|52|2|994|002|HA|Dukungan Tusi - Konsultasi Pencairan Dana|00||0|0
2026|01|527851|015|08|WA|4715|EBA|32|52|2|994|002|HB|Dukungan Tusi - Reviu Belanja Pemerintah|00||0|0
2026|01|527851|015|08|WA|4715|EBA|32|52|2|994|002|HH|Dukungan Pelaksaan Tusi Prioritas Direktif Presiden|00||0|0
2026|01|527851|015|08|WA|4715|EBA|32|52|2|994|002|TI|Langganan Internet Filial|00||0|0
2026|01|527851|015|08|WA|4715|EBA|32|52|2|994|002|TJ|Jasa PemeliharaanAnnual Technical Support (ATS)|00||0|0
2026|01|527912|015|08|CD|6212|FAC|10|03|2|001|100| A|Training Modul Aplikasi SAKTI|00||0|0
2026|01|527912|015|08|CD|6212|FAC|10|03|2|001|100| B|FGD dan Bimtek Transfer Keuangan Daerah|00||0|0
2026|01|527912|015|08|CD|6212|FAH|10|03|2|001|100| A|TANPA SUB KOMPONEN|00||0|0
2026|01|527912|015|08|CD|6212|FAL|10|03|2|004|100| A|Konsultasi|00||0|0
2026|01|527912|015|08|CD|6212|FAL|10|03|2|004|100| B|Sosialisasi dan Bimbingan Teknis|00||0|0
2026|01|527912|015|08|CD|6212|FAL|10|03|2|004|100| D|Pembinaan Pemda, TKD, dan Penandatanganan BAR|00||0|0
2026|01|527912|015|08|CD|6213|FAC|10|03|2|001|100| A|Pembinaan Jabatan Fungsional Perbendaharaan|00||0|0
2026|01|527912|015|08|CD|6213|FAL|10|03|2|003|100| A|Monev Pelaksanaan Anggaran|00||0|0
2026|01|527912|015|08|CD|6214|FAL|10|03|2|002|100| A|Pelaksanaan PencairanPenarikanPengesahan Dana|00||0|0
2026|01|527912|015|08|CD|6214|FAL|10|03|2|002|100| B|PenerbitanPersetujuanRekonsiliasi RekeningSKPPKonfirmasi Penerimaan Negara, dll|00||0|0
2026|01|527912|015|08|CD|6215|FAH|10|03|2|003|100| A|Penyusunan Laporan Keuangan Tingkat Kuasa BUN di Daerah|00||0|0
2026|01|527912|015|08|WA|4715|EBA|10|03|2|001|100| A|TANPA SUB KOMPONEN|00||0|0
2026|01|527912|015|08|WA|4715|EBA|10|03|2|001|100| B|Koordinasi Penyusunan ATK PU|00||0|0
2026|01|527912|015|08|WA|4715|EBA|10|03|2|002|100| A|TANPA SUB KOMPONEN|00||0|0
2026|01|527912|015|08|WA|4715|EBA|10|03|2|994|002| A|Keperluan Seharihari Perkantoran|00||0|0
2026|01|527912|015|08|WA|4715|EBA|10|03|2|994|002| B|Langganan Daya dan Jasa|00||0|0
2026|01|527912|015|08|WA|4715|EBA|10|03|2|994|002| C|Pelaksanaan Operasional Kantor|00||0|0
2026|01|527912|015|08|WA|4715|EBA|10|03|2|994|002| D|Pemeliharaan Peralatan dan Mesin|00||0|0
2026|01|527912|015|08|WA|4715|EBA|10|03|2|994|002| G|Pemeliharaan Gedung dan Bangunan|00||0|0
2026|01|527912|015|08|WA|4715|EBA|10|03|2|994|002|HA|Dukungan Tusi-Konsultasi Pencairan Dana|00||0|0
2026|01|527912|015|08|WA|4715|EBA|10|03|2|994|002|HB|Dukungan Tusi-Reviu Belanja Pemerintah|00||0|0
2026|01|527912|015|08|WA|4715|EBA|10|03|2|994|002|HH|Dukungan Pelaksanaan Tusi Prioritas Direktif Presiden|00||0|0
2026|01|527912|015|08|WA|4715|EBA|10|03|2|994|002|TJ|Jasa PemeliharaanAnnual Technical Support (ATS)|00||0|0
2026|01|527912|015|08|WA|4715|EBD|10|03|2|Z36|100| B|Pelaksanaan Manajemen Kinerja, Resiko dan Kepatuhan Internal|00||0|0
2026|01|527912|015|08|WA|4718|BMB|10|03|2|002|100| A|TANPA SUB KOMPONEN|00||0|0
2026|01|527912|015|08|WA|4718|BMB|10|03|2|001|100| A|TANPA SUB KOMPONEN|00||0|0
2026|01|527912|015|08|WA|4719|EBA|10|03|2|994|001| A|TANPA SUB KOMPONEN|00||0|0
2026|01|527912|015|08|WA|4719|EBA|10|03|2|004|100| A|Survey Kepuasan Pengguna Layanan|00||0|0
2026|01|527912|015|08|WA|4719|EBC|10|03|2|001|100|XC|Penyelenggaraan Capacity Building|00||0|0
2026|01|527890|015|08|CD|6212|BMB|10|51|2|001|100| A|Profilling UMKM|00||0|0
2026|01|527890|015|08|CD|6212|FAC|10|51|2|001|100| A|Training Modul Aplikasi SAKTI|00||0|0
2026|01|527890|015|08|CD|6212|FAC|10|51|2|001|100| B|FGD dan Bimtek Transfer Keuangan Daerah|00||0|0
2026|01|527890|015|08|CD|6212|FAH|10|51|2|001|100| A|TANPA SUB KOMPONEN|00||0|0
2026|01|527890|015|08|CD|6212|FAL|10|51|2|004|100| A|Konsultasi|00||0|0
2026|01|527890|015|08|CD|6212|FAL|10|51|2|004|100| B|Sosialisasi dan Bimbingan Teknis|00||0|0
2026|01|527890|015|08|CD|6212|FAL|10|51|2|004|100| D|Pembinaan Pemda, TKD, dan Penandatanganan BAR|00||0|0
2026|01|527890|015|08|CD|6213|FAC|10|51|2|001|100| A|Pembinaan Jabatan Fungsional Perbendaharaan|00||0|0
2026|01|527890|015|08|CD|6213|FAE|10|51|2|009|100| A|Monev Penyaluran Pembiayaan Ultra Mikro|00||0|0
2026|01|527890|015|08|CD|6213|FAL|10|51|2|003|100| A|Monev Pelaksanaan Anggaran|00||0|0
2026|01|527890|015|08|CD|6214|FAL|10|51|2|002|100| A|Pelaksanaan PencairanPenarikanPengesahan Dana|00||0|0
2026|01|527890|015|08|CD|6214|FAL|10|51|2|002|100| B|PenerbitanPersetujuanRekonsiliasi RekeningSKPPKonfirmasi Penerimaan Negara, dll|00||0|0
2026|01|527890|015|08|CD|6215|FAH|10|51|2|003|100| A|Penyusunan Laporan Keuangan Tingkat Kuasa BUN di Daerah|00||0|0
2026|01|527890|015|08|WA|4715|EBA|10|51|2|001|100| A|TANPA SUB KOMPONEN|00||0|0
2026|01|527890|015|08|WA|4715|EBA|10|51|2|002|100| A|TANPA SUB KOMPONEN|00||0|0
2026|01|527890|015|08|WA|4715|EBA|10|51|2|994|002| A|Keperluan Seharihari Perkantoran|00||0|0
2026|01|527890|015|08|WA|4715|EBA|10|51|2|994|002| B|Langganan Daya dan Jasa|00||0|0
2026|01|527890|015|08|WA|4715|EBA|10|51|2|994|002| C|Pelaksanaan Operasional Kantor|00||0|0
2026|01|527890|015|08|WA|4715|EBA|10|51|2|994|002| D|Pemeliharaan Peralatan dan Mesin|00||0|0
2026|01|527890|015|08|WA|4715|EBA|10|51|2|994|002| G|Pemeliharaan Gedung dan Bangunan|00||0|0
2026|01|527890|015|08|WA|4715|EBA|10|51|2|994|002|HA|Dukungan Tusi - Konsultasi Pencairan Dana|00||0|0
2026|01|527890|015|08|WA|4715|EBA|10|51|2|994|002|HB|Dukungan Tusi - Reviu Belanja Pemerintah|00||0|0
2026|01|527890|015|08|WA|4715|EBA|10|51|2|994|002|HH|Dukungan Pelaksaan Tusi Prioritas Direktif Presiden|00||0|0
2026|01|527890|015|08|WA|4715|EBA|10|51|2|994|002|TJ|Jasa PemeliharaanAnnual Technical Support (ATS)|00||0|0
2026|01|527890|015|08|WA|4715|EBB|10|51|2|002|100| A|TANPA SUB KOMPONEN|00||0|0
2026|01|527890|015|08|WA|4715|EBD|10|51|2|Z36|100| B|Pelaksanaan Manajemen Kinerja, Resiko dan Kepatuhan Internal|00||0|0
2026|01|527890|015|08|WA|4718|BMB|10|51|2|002|100| A|TANPA SUB KOMPONEN|00||0|0
2026|01|527890|015|08|WA|4718|BMB|10|51|2|001|100| A|TANPA SUB KOMPONEN|00||0|0
2026|01|527890|015|08|WA|4719|EBA|10|51|2|994|001| A|TANPA SUB KOMPONEN|00||0|0
2026|01|527890|015|08|WA|4719|EBA|10|51|2|004|100| A|Survey Kepuasan Pengguna Layanan|00||0|0
2026|01|527890|015|08|WA|4719|EBC|10|51|2|001|100|XC|Penyelenggaraan Capacity Building|00||0|0
2026|01|527908|015|08|CD|6212|BMB|10|05|2|001|100| A|Profiling UMKM|00||0|0
2026|01|527908|015|08|CD|6212|FAC|10|05|2|001|100| A|Training Modul Aplikasi SAKTI|00||0|0
2026|01|527908|015|08|CD|6212|FAC|10|05|2|001|100| B|FGD dan Bimtek Transfer Keuangan Daerah|00||0|0
2026|01|527908|015|08|CD|6212|FAH|10|05|2|001|100| A|TANPA SUB KOMPONEN|00||0|0
2026|01|527908|015|08|CD|6212|FAL|10|05|2|004|100| A|Konsultasi|00||0|0
2026|01|527908|015|08|CD|6212|FAL|10|05|2|004|100| B|Sosialisasi dan Bimbingan Teknis|00||0|0
2026|01|527908|015|08|CD|6212|FAL|10|05|2|004|100| C|Pembinaan Satker|00||0|0
2026|01|527908|015|08|CD|6213|FAC|10|05|2|001|100| A|Pembinaan Jabatan Fungsional Perbendaharaan|00||0|0
2026|01|527908|015|08|CD|6213|FAE|10|05|2|009|100| A|Monev Penyaluran Pembiayaan Ultra Mikro|00||0|0
2026|01|527908|015|08|CD|6213|FAL|10|05|2|003|100| A|Monev Pelaksanaan Anggaran|00||0|0
2026|01|527908|015|08|CD|6214|FAL|10|05|2|002|100| A|Pelaksanaan PencairanPenarikanPengesahan Dana|00||0|0
2026|01|527908|015|08|CD|6214|FAL|10|05|2|002|100| B|PenerbitanPersetujuanRekonsiliasi RekeningSKPPKonfirmasi Penerimaan Negara, dll|00||0|0
2026|01|527908|015|08|CD|6215|FAH|10|05|2|003|100| A|Penyusunan Laporan Keuangan Tingkat Kuasa BUN di Daerah|00||0|0
2026|01|527908|015|08|WA|4715|EBA|10|05|2|001|100| A|TANPA SUB KOMPONEN|00||0|0
2026|01|527908|015|08|WA|4715|EBA|10|05|2|002|100| A|TANPA SUB KOMPONEN|00||0|0
2026|01|527908|015|08|WA|4715|EBA|10|05|2|994|002| A|Keperluan Seharihari Perkantoran|00||0|0
2026|01|527908|015|08|WA|4715|EBA|10|05|2|994|002| B|Langganan Daya dan Jasa|00||0|0
2026|01|527908|015|08|WA|4715|EBA|10|05|2|994|002| C|Pelaksanaan Operasional Kantor|00||0|0
2026|01|527908|015|08|WA|4715|EBA|10|05|2|994|002| D|Pemeliharaan Peralatan dan Mesin|00||0|0
2026|01|527908|015|08|WA|4715|EBA|10|05|2|994|002| G|Pemeliharaan Gedung dan Bangunan|00||0|0
2026|01|527908|015|08|WA|4715|EBA|10|05|2|994|002|HA|Dukungan Tusi - Konsultasi Pencairan Dana|00||0|0
2026|01|527908|015|08|WA|4715|EBA|10|05|2|994|002|HB|Dukungan Tusi - Reviu Belanja Pemerintah|00||0|0
2026|01|527908|015|08|WA|4715|EBA|10|05|2|994|002|HH|Dukungan Pelaksaan Tusi Prioritas Direktif Presiden|00||0|0
2026|01|527908|015|08|WA|4715|EBA|10|05|2|994|002|TJ|Jasa PemeliharaanAnnual Technical Support (ATS)|00||0|0
2026|01|527908|015|08|WA|4715|EBD|10|05|2|Z36|100| B|Pelaksanaan Manajemen Kinerja, Resiko dan Kepatuhan Internal|00||0|0
2026|01|527908|015|08|WA|4718|BMB|10|05|2|002|100| A|TANPA SUB KOMPONEN|00||0|0
2026|01|527908|015|08|WA|4718|BMB|10|05|2|001|100| A|TANPA SUB KOMPONEN|00||0|0
2026|01|527908|015|08|WA|4719|EBA|10|05|2|994|001| A|TANPA SUB KOMPONEN|00||0|0
2026|01|527908|015|08|WA|4719|EBA|10|05|2|004|100| A|Survey Kepuasan Pengguna Layanan|00||0|0
2026|01|527908|015|08|WA|4719|EBC|10|05|2|001|100|XC|Penyelenggaraan Capacity Building|00||0|0
2026|01|527940|015|08|CD|6212|FAC|11|51|2|001|100| A|Training Modul Aplikasi SAKTI|00||0|0
2026|01|527940|015|08|CD|6212|FAC|11|51|2|001|100| B|FGD dan Bimtek Transfer Keuangan Daerah|00||0|0
2026|01|527940|015|08|CD|6212|FAH|11|51|2|001|100| A|TANPA SUB KOMPONEN|00||0|0
2026|01|527940|015|08|CD|6212|FAL|11|51|2|004|100| A|Konsultasi|00||0|0
2026|01|527940|015|08|CD|6212|FAL|11|51|2|004|100| B|Sosialisasi dan Bimbingan Teknis|00||0|0
2026|01|527940|015|08|CD|6212|FAL|11|51|2|004|100| D|Pembinaan Pemda, TKD, dan Penandatanganan BAR|00||0|0
2026|01|527940|015|08|CD|6213|FAC|11|51|2|001|100| A|Pembinaan Jabatan Fungsional Perbendaharaan|00||0|0
2026|01|527940|015|08|CD|6213|FAL|11|51|2|003|100| A|Monev Pelaksanaan Anggaran|00||0|0
2026|01|527940|015|08|CD|6214|FAL|11|51|2|002|100| A|Pelaksanaan PencairanPenarikanPengesahan Dana|00||0|0
2026|01|527940|015|08|CD|6214|FAL|11|51|2|002|100| B|PenerbitanPersetujuanRekonsiliasi RekeningSKPPKonfirmasi Penerimaan Negara, dll|00||0|0
2026|01|527940|015|08|CD|6215|FAH|11|51|2|003|100| A|Penyusunan Laporan Keuangan Tingkat Kuasa BUN di Daerah|00||0|0
2026|01|527940|015|08|WA|4715|EBA|11|51|2|001|100| A|TANPA SUB KOMPONEN|00||0|0
2026|01|527940|015|08|WA|4715|EBA|11|51|2|002|100| A|TANPA SUB KOMPONEN|00||0|0
2026|01|527940|015|08|WA|4715|EBA|11|51|2|994|002| A|Keperluan Seharihari Perkantoran|00||0|0
2026|01|527940|015|08|WA|4715|EBA|11|51|2|994|002| B|Langganan Daya dan Jasa|00||0|0
2026|01|527940|015|08|WA|4715|EBA|11|51|2|994|002| C|Pelaksanaan Operasional Kantor|00||0|0
2026|01|527940|015|08|WA|4715|EBA|11|51|2|994|002| D|Pemeliharaan Peralatan dan Mesin|00||0|0
2026|01|527940|015|08|WA|4715|EBA|11|51|2|994|002|HA|Dukungan Tusi-Konsultasi Pencairan Dana|00||0|0
2026|01|527940|015|08|WA|4715|EBA|11|51|2|994|002|HB|Dukungan Tusi - Reviu Belanja Pemerintah|00||0|0
2026|01|527940|015|08|WA|4715|EBA|11|51|2|994|002|HH|Dukungan Pelaksaan Tusi Prioritas Direktif Presiden|00||0|0
2026|01|527940|015|08|WA|4715|EBA|11|51|2|994|002|TJ|Jasa PemeliharaanAnnual Technical Support (ATS)|00||0|0
2026|01|527940|015|08|WA|4718|BMB|11|51|2|001|100| A|TANPA SUB KOMPONEN|00||0|0
2026|01|527940|015|08|WA|4718|BMB|11|51|2|002|100| A|TANPA SUB KOMPONEN|00||0|0
2026|01|527940|015|08|WA|4719|EBA|11|51|2|994|001| A|TANPA SUB KOMPONEN|00||0|0
2026|01|527940|015|08|WA|4719|EBC|11|51|2|001|100|XC|Penyelenggaraan Capacity Building|00||0|0
2026|01|527933|015|08|CD|6212|FAC|11|51|2|002|100| A|Pembinaan Satker BLU|00||0|0
2026|01|527933|015|08|CD|6212|FAC|11|51|2|002|100| B|AsistensiPembinaan Pengelolaan Keuangan BLU Daerah|00||0|0
2026|01|527933|015|08|CD|6212|FAH|11|51|2|003|100| A|Pendampingan Penyusunan dan Penyelesaian Permasalahan Laporan Keuangan UAPPAW|00||0|0
2026|01|527933|015|08|CD|6212|FAH|11|51|2|003|100| B|Sosialisasi dan Bimbingan Teknis UAPPAW|00||0|0
2026|01|527933|015|08|CD|6212|FAH|11|51|2|002|100| A|Forum Koordinasi dan Rekonsiliasi Data dengan Bank Indonesia|00||0|0
2026|01|527933|015|08|CD|6212|FAH|11|51|2|002|100| B|Pembinaan SAP pada Pemerintah Daerah|00||0|0
2026|01|527933|015|08|CD|6212|FAH|11|51|2|002|100| C|SosialisasiBimtekWorkshopFGD dengan Pemda|00||0|0
2026|01|527933|015|08|CD|6212|FAL|11|51|2|001|100| A|Sosialisasi PeraturanKebijakan Pelaksanaan Anggaran|00||0|0
2026|01|527933|015|08|CD|6212|FAL|11|51|2|001|100| B|Pengkoordinasian Kerjasama Ekonomi dan Keuangan Daerah|00||0|0
2026|01|527933|015|08|CD|6212|FAL|11|51|2|001|100| C|Pembinaan dan Bimtek Pengelolaan Keuangan Daerah|00||0|0
2026|01|527933|015|08|CD|6212|FAL|11|51|2|001|100| D|Penyerahan DIPA|00||0|0
2026|01|527933|015|08|CD|6213|ABA|11|51|2|001|100| A|Penyusunan Analisis Potensi Pembiayaan dan Pelaksanaan MoU DJPb dan PT SMI di Daerah|00||0|0
2026|01|527933|015|08|CD|6213|FAE|11|51|2|009|100| B|Monitoring dan  Evaluasi KURPenerusan Pinjaman|00||0|0
2026|01|527933|015|08|CD|6213|FAE|11|51|2|008|100| A|Koordinasi Pelaksanaan Tugas RCE  ALCo|00||0|0
2026|01|527933|015|08|CD|6213|FAL|11|51|2|003|100| A|Pelaksanaan Spending Review|00||0|0
2026|01|527933|015|08|CD|6213|FAL|11|51|2|003|100| C|Review Pelaksanaan Anggaran|00||0|0
2026|01|527933|015|08|CD|6213|FAL|11|51|2|003|100| D|Monitoring dan Evaluasi Pelaksanaan Anggaran|00||0|0
2026|01|527933|015|08|CD|6213|FAL|11|51|2|003|100| E|Pengumpulan InformasiPenajaman Data Fiskal RegionalPenyusunan KFR|00||0|0
2026|01|527933|015|08|CD|6213|FAL|11|51|2|003|100| F|Publikasi Kajian Fiskal Regional|00||0|0
2026|01|527933|015|08|CD|6213|FAL|11|51|2|003|100| G|Pengumpulan Konfirmasi Informasi Pengelolaan Keuangan Daerah dan Penyusunan Profil Keuangan Daerah|00||0|0
2026|01|527933|015|08|CD|6213|FAL|11|51|2|003|100| H|Monitoring atas Dana Transfer dan Dana Desa|00||0|0
2026|01|527933|015|08|CD|6215|FAH|11|51|2|003|100| A|Pembinaan UAKBUN D (KPPN)|00||0|0
2026|01|527933|015|08|CD|6215|FAH|11|51|2|003|100| B|Koordinasi UAKBUND (KPPN)|00||0|0
2026|01|527933|015|08|CD|6215|FAH|11|51|2|001|100| A|Koordinasi Laporan Keuangan Pemerintah Daerah danatau BLUD|00||0|0
2026|01|527933|015|08|CD|6215|FAH|11|51|2|001|100| B|Penyusunan Laporan Statistik Keuangan Pemerintah Tingkat Wilayah|00||0|0
2026|01|527933|015|08|CD|6216|FAE|11|51|2|002|100| A|Pelaksanaan Survei Bahan Sumbangan Standar Biaya Masukan|00||0|0
2026|01|527933|015|08|WA|4715|EBA|11|51|2|001|100| A|TANPA SUB KOMPONEN|00||0|0
2026|01|527933|015|08|WA|4715|EBA|11|51|2|002|100| A|TANPA SUB KOMPONEN|00||0|0
2026|01|527933|015|08|WA|4715|EBA|11|51|2|994|002| A|Keperluan Seharihari Perkantoran|00||0|0
2026|01|527933|015|08|WA|4715|EBA|11|51|2|994|002| B|Langganan Daya dan Jasa|00||0|0
2026|01|527933|015|08|WA|4715|EBA|11|51|2|994|002| C|Pelaksanaan Operasional Kantor|00||0|0
2026|01|527933|015|08|WA|4715|EBA|11|51|2|994|002| D|Pemeliharaan Peralatan dan Mesin|00||0|0
2026|01|527933|015|08|WA|4715|EBA|11|51|2|994|002| G|Pemeliharaan Gedung dan Bangunan|00||0|0
2026|01|527933|015|08|WA|4715|EBA|11|51|2|994|002|HB|Dukungan Tusi - Reviu Belanja Pemerintah|00||0|0
2026|01|527933|015|08|WA|4715|EBA|11|51|2|994|002|HC|Dukungan Tusi - Government Financial Statistic (GFS)|00||0|0
2026|01|527933|015|08|WA|4715|EBA|11|51|2|994|002|HD|Dukungan Tusi - Rekomendasi Pengelolaan Organisasi|00||0|0
2026|01|527933|015|08|WA|4715|EBA|11|51|2|994|002|HH|Dukungan Pelaksaan Tusi Prioritas Direktif Presiden|00||0|0
2026|01|527933|015|08|WA|4715|EBA|11|51|2|994|002|TJ|Jasa PemeliharaanAnnual Technical Support (ATS)|00||0|0
2026|01|527933|015|08|WA|4715|EBD|11|51|2|Z36|100| A|Rakor Penyusunan Laporan Keuangan Tingkat UAPPAW|00||0|0
2026|01|527933|015|08|WA|4715|EBD|11|51|2|Z26|100| A|Rakor Penyusunan Laporan Keungan Tingkat UAPPAW|00||0|0
2026|01|527933|015|08|WA|4718|BMB|11|51|2|002|100| A|TANPA SUB KOMPONEN|00||0|0
2026|01|527933|015|08|WA|4718|BMB|11|51|2|001|100| A|TANPA SUB KOMPONEN|00||0|0
2026|01|527933|015|08|WA|4719|EBA|11|51|2|003|100| A|Pelaksanaan Supervisi Proses Bisnis KPPN|00||0|0
2026|01|527933|015|08|WA|4719|EBA|11|51|2|003|100| B|Koordinasi Inovasi Layanan|00||0|0
2026|01|527933|015|08|WA|4719|EBA|11|51|2|994|001| A|TANPA SUB KOMPONEN|00||0|0
2026|01|527933|015|08|WA|4719|EBA|11|51|2|005|100| A|Monitoring dan Evaluasi Implementasi ISO|00||0|0
2026|01|527933|015|08|WA|4719|EBA|11|51|2|005|100| B|Pelaksanaan Supervisi Teknis Aplikasi|00||0|0
2026|01|527933|015|08|WA|4719|EBC|11|51|2|001|100|XC|Penyelenggaraan Capacity Building|00||0|0
2026|01|527933|015|08|WA|4722|EBD|11|51|2|001|100| A|Pelaksanaan Manajemen Resiko dan Kepatuhan Internal|00||0|0
2026|01|527933|015|08|WA|4722|EBD|11|51|2|001|100| B|Pemantauan Kode Etik dan Kepatuhan Pegawai|00||0|0
2026|01|527933|015|08|CD|6212|BMB|11|51|2|001|100| A|Profiling UMKM|00||0|0
2026|01|527933|015|08|CD|6212|BMB|11|51|2|001|100| B|Pemberdayaan UMKM  SosialisasiBimtekAsistensi dan BazarPojokRumah UMKM|00||0|0
2026|01|527933|015|08|CD|6212|BMB|11|51|2|001|100| C|Monitoring dan Evaluasi|00||0|0
2026|01|527933|015|08|CD|6212|BMB|11|51|2|001|100| D|Komunikasi Publik  BazarPojokRumah UMKM|00||0|0
2026|01|527954|015|08|CD|6212|BMB|30|51|2|001|100| A|Profiling UMKM|00||0|0
2026|01|527954|015|08|CD|6212|FAC|30|51|2|001|100| A|Training Modul Aplikasi SAKTI|00||0|0
2026|01|527954|015|08|CD|6212|FAC|30|51|2|001|100| B|FGD dan Bimtek Transfer Keuangan Daerah|00||0|0
2026|01|527954|015|08|CD|6212|FAH|30|51|2|001|100| A|TANPA SUB KOMPONEN|00||0|0
2026|01|527954|015|08|CD|6212|FAL|30|51|2|004|100| A|Konsultasi|00||0|0
2026|01|527954|015|08|CD|6212|FAL|30|51|2|004|100| B|Sosialisasi dan Bimbingan Teknis|00||0|0
2026|01|527954|015|08|CD|6212|FAL|30|51|2|004|100| D|Pembinaan Pemda, TKD, dan Penandatanganan BA Rekonsililasi Pajak|00||0|0
2026|01|527954|015|08|CD|6213|FAC|30|51|2|001|100| A|Pembinaan Jabatan Fungsional Perbendaharaan|00||0|0
2026|01|527954|015|08|CD|6214|FAL|30|51|2|002|100| A|Pelaksanaan PencairanPenarikanPengesahan Dana|00||0|0
2026|01|527954|015|08|CD|6214|FAL|30|51|2|002|100| B|PenerbitanPersetujuanRekonsiliasi RekeningSKPPKonfirmasi Penerimaan Negara, dll|00||0|0
2026|01|527954|015|08|CD|6215|FAH|30|51|2|003|100| A|Penyusunan Laporan Keuangan Tingkat Kuasa BUN di Daerah|00||0|0
2026|01|527954|015|08|WA|4715|EBA|30|51|2|001|100| A|TANPA SUB KOMPONEN|00||0|0
2026|01|527954|015|08|WA|4715|EBA|30|51|2|001|100| B|Koordinasi Penyusunan ATK PU|00||0|0
2026|01|527954|015|08|WA|4715|EBA|30|51|2|002|100| A|TANPA SUB KOMPONEN|00||0|0
2026|01|527954|015|08|WA|4715|EBA|30|51|2|994|002| A|Keperluan Seharihari Perkantoran|00||0|0
2026|01|527954|015|08|WA|4715|EBA|30|51|2|994|002| B|Langganan Daya dan Jasa|00||0|0
2026|01|527954|015|08|WA|4715|EBA|30|51|2|994|002| C|Pelaksanaan Operasional Kantor|00||0|0
2026|01|527954|015|08|WA|4715|EBA|30|51|2|994|002| D|Pemeliharaan Peralatan dan Mesin|00||0|0
2026|01|527954|015|08|WA|4715|EBA|30|51|2|994|002| G|Pemeliharaan Gedung dan Bangunan|00||0|0
2026|01|527954|015|08|WA|4715|EBA|30|51|2|994|002|HA|Dukungan Tusi - Konsultasi Pencairan Dana|00||0|0
2026|01|527954|015|08|WA|4715|EBA|30|51|2|994|002|HB|Dukungan Tusi - Reviu Belanja Pemerintah|00||0|0
2026|01|527954|015|08|WA|4715|EBA|30|51|2|994|002|HH|Dukungan Pelaksaan Tusi Prioritas Direktif Presiden|00||0|0
2026|01|527954|015|08|WA|4715|EBA|30|51|2|994|002|TJ|Jasa Pemeliharaan Annual Technical Support (ATS)|00||0|0
2026|01|527954|015|08|WA|4715|EBB|30|51|2|002|100| A|TANPA SUB KOMPONEN|41||0|0
2026|01|527954|015|08|WA|4715|EBD|30|51|2|Z36|100| B|Pelaksanaan Manajemen Kinerja, Resiko dan Kepatuhan Internal|00||0|0
2026|01|527954|015|08|WA|4718|BMB|30|51|2|001|100| A|TANPA SUB KOMPONEN|00||0|0
2026|01|527954|015|08|WA|4718|BMB|30|51|2|002|100| A|TANPA SUB KOMPONEN|00||0|0
2026|01|527954|015|08|WA|4719|EBA|30|51|2|004|100| A|Survey Kepuasan Pengguna Layanan|00||0|0
2026|01|527954|015|08|WA|4719|EBA|30|51|2|994|001| A|TANPA SUB KOMPONEN|00||0|0
2026|01|527954|015|08|WA|4719|EBC|30|51|2|001|100|XC|Penyelenggaraan Capacity Building|00||0|0
2026|01|527975|015|08|CD|6212|BMB|11|04|2|001|100| A|Profiling UMKM|00||0|0
2026|01|527975|015|08|CD|6212|FAC|11|04|2|001|100| A|Training Modul Aplikasi SAKTI|00||0|0
2026|01|527975|015|08|CD|6212|FAC|11|04|2|001|100| B|FGD dan Bimtek Transfer Keuangan Daerah|00||0|0
2026|01|527975|015|08|CD|6212|FAH|11|04|2|001|100| A|TANPA SUB KOMPONEN|00||0|0
2026|01|527975|015|08|CD|6212|FAL|11|04|2|004|100| A|Konsultasi|00||0|0
2026|01|527975|015|08|CD|6212|FAL|11|04|2|004|100| B|Sosialisasi dan Bimbingan Teknis|00||0|0
2026|01|527975|015|08|CD|6212|FAL|11|04|2|004|100| D|Pembinaan Pemda, TKD, dan Penandatanganan BAR|00||0|0
2026|01|527975|015|08|CD|6213|FAC|11|04|2|001|100| A|Pembinaan Jabatan Fungsional Perbendaharaan|00||0|0
2026|01|527975|015|08|CD|6213|FAE|11|04|2|009|100| A|Monev Penyaluran Pembiayaan Ultra Mikro|00||0|0
2026|01|527975|015|08|CD|6213|FAL|11|04|2|003|100| A|Monev Pelaksanaan Anggaran|00||0|0
2026|01|527975|015|08|CD|6214|FAL|11|04|2|002|100| A|Pelaksanaan PencairanPenarikanPengesahan Dana|00||0|0
2026|01|527975|015|08|CD|6214|FAL|11|04|2|002|100| B|PenerbitanPersetujuanRekonsiliasi RekeningSKPPKonfirmasi Penerimaan Negara,dll|00||0|0
2026|01|527975|015|08|CD|6215|FAH|11|04|2|003|100| A|Penyusunan Laporan Keuangan Tingkat Kuasa BUN di Daerah|00||0|0
2026|01|527975|015|08|CD|6215|FAH|11|04|2|003|100| B|TANPA SUB KOMPONEN|00||0|0
2026|01|527975|015|08|WA|4715|EBA|11|04|2|001|100| A|TANPA SUB KOMPONEN|00||0|0
2026|01|527975|015|08|WA|4715|EBA|11|04|2|001|100| B|Koordinasi Penyusunan ATK PU|00||0|0
2026|01|527975|015|08|WA|4715|EBA|11|04|2|002|100| A|TANPA SUB KOMPONEN|00||0|0
2026|01|527975|015|08|WA|4715|EBA|11|04|2|994|002| A|Keperluan Seharihari Perkantoran|00||0|0
2026|01|527975|015|08|WA|4715|EBA|11|04|2|994|002| B|Langganan Daya dan Jasa|00||0|0
2026|01|527975|015|08|WA|4715|EBA|11|04|2|994|002| C|Pelaksanaan Operasional Kantor|00||0|0
2026|01|527975|015|08|WA|4715|EBA|11|04|2|994|002| D|Pemeliharaan Peralatan dan Mesin|00||0|0
2026|01|527975|015|08|WA|4715|EBA|11|04|2|994|002| G|Pemeliharaan Gedung dan Bangunan|00||0|0
2026|01|527975|015|08|WA|4715|EBA|11|04|2|994|002|HA|Dukungan Tusi - Konsultasi Pencairan Dana|00||0|0
2026|01|527975|015|08|WA|4715|EBA|11|04|2|994|002|HB|Dukungan Tusi - Reviu Belanja Pemerintah|00||0|0
2026|01|527975|015|08|WA|4715|EBA|11|04|2|994|002|HH|Dukungan Tusi - Prioritas Direktif Presiden|00||0|0
2026|01|527975|015|08|WA|4715|EBA|11|04|2|994|002|TJ|Jasa PemeliharaanAnnual Technical Support (ATS)|00||0|0
2026|01|527975|015|08|WA|4715|EBD|11|04|2|Z36|100| B|Pelaksanaan Manajemen kinerja, Resiko, dan Kepatuhan Internal|00||0|0
2026|01|527975|015|08|WA|4718|BMB|11|04|2|002|100| A|TANPA SUB KOMPONEN|00||0|0
2026|01|527975|015|08|WA|4718|BMB|11|04|2|001|100| A|TANPA SUB KOMPONEN|00||0|0
2026|01|527975|015|08|WA|4719|EBA|11|04|2|994|001| A|TANPA SUB KOMPONEN|00||0|0
2026|01|527975|015|08|WA|4719|EBA|11|04|2|004|100| A|Survey Kepuasan Pengguna Layanan|00||0|0
2026|01|527975|015|08|WA|4719|EBC|11|04|2|001|100|XC|Penyelenggaraan Capacity Building|00||0|0
2026|01|527961|015|08|CD|6212|BMB|11|55|2|001|100| A|Profiling UMKM|00||0|0
2026|01|527961|015|08|CD|6212|FAC|11|55|2|001|100| A|Training Modul Aplikasi SAKTI|00||0|0
2026|01|527961|015|08|CD|6212|FAC|11|55|2|001|100| B|FGD dan Bimtek Transfer Keuangan Daerah|00||0|0
2026|01|527961|015|08|CD|6212|FAH|11|55|2|001|100| A|TANPA SUB KOMPONEN|00||0|0
2026|01|527961|015|08|CD|6212|FAL|11|55|2|004|100| A|Konsultasi|00||0|0
2026|01|527961|015|08|CD|6212|FAL|11|55|2|004|100| B|Sosialisasi dan Bimbingan Teknis|00||0|0
2026|01|527961|015|08|CD|6212|FAL|11|55|2|004|100| D|Pembinaan Pemda, TKD, dan Penandatanganan BAR|00||0|0
2026|01|527961|015|08|CD|6213|FAC|11|55|2|001|100| A|Pembinaan Jabatan Fungsional Perbendaharaan|00||0|0
2026|01|527961|015|08|CD|6213|FAE|11|55|2|009|100| A|Monev Penyaluran Pembiayaan Ultra Mikro|00||0|0
2026|01|527961|015|08|CD|6213|FAL|11|55|2|003|100| A|Monev Pelaksanaan Anggaran|00||0|0
2026|01|527961|015|08|CD|6214|FAL|11|55|2|002|100| A|Pelaksanaan PencairanPenarikanPengesahan Dana|00||0|0
2026|01|527961|015|08|CD|6214|FAL|11|55|2|002|100| B|PenerbitanPersetujuanRekonsiliasi RekeningSKPPKonfirmasi Penerimaan Negara, dll|00||0|0
2026|01|527961|015|08|CD|6215|FAH|11|55|2|003|100| A|Penyusunan Laporan Keuangan Tingkat Kuasa BUN di Daerah|00||0|0
2026|01|527961|015|08|WA|4715|EBA|11|55|2|001|100| A|TANPA SUB KOMPONEN|00||0|0
2026|01|527961|015|08|WA|4715|EBA|11|55|2|002|100| A|TANPA SUB KOMPONEN|00||0|0
2026|01|527961|015|08|WA|4715|EBA|11|55|2|994|002| A|Keperluan Seharihari Perkantoran|00||0|0
2026|01|527961|015|08|WA|4715|EBA|11|55|2|994|002| B|Langganan Daya dan Jasa|00||0|0
2026|01|527961|015|08|WA|4715|EBA|11|55|2|994|002| C|Pelaksanaan Operasional Kantor|00||0|0
2026|01|527961|015|08|WA|4715|EBA|11|55|2|994|002| D|Pemeliharaan Peralatan dan Mesin|00||0|0
2026|01|527961|015|08|WA|4715|EBA|11|55|2|994|002| G|Pemeliharaan Gedung dan Bangunan|00||0|0
2026|01|527961|015|08|WA|4715|EBA|11|55|2|994|002|HA|Dukungan Tusi - Konsultasi Pencairan Dana|00||0|0
2026|01|527961|015|08|WA|4715|EBA|11|55|2|994|002|HB|Dukungan Tusi - Reviu Belanja Pemerintah|00||0|0
2026|01|527961|015|08|WA|4715|EBA|11|55|2|994|002|HH|Dukungan Pelaksanaan Tusi Prioritas Direktif Presiden|00||0|0
2026|01|527961|015|08|WA|4715|EBA|11|55|2|994|002|TJ|Jasa PemeliharaanAnnual Technical Support (ATS)|00||0|0
2026|01|527961|015|08|WA|4715|EBD|11|55|2|Z36|100| B|Pelaksanaan Manajemen Kinerja, Resiko dan Kepatuhan Internal|00||0|0
2026|01|527961|015|08|WA|4718|BMB|11|55|2|002|100| A|TANPA SUB KOMPONEN|00||0|0
2026|01|527961|015|08|WA|4718|BMB|11|55|2|001|100| A|TANPA SUB KOMPONEN|00||0|0
2026|01|527961|015|08|WA|4719|EBA|11|55|2|994|001| A|TANPA SUB KOMPONEN|00||0|0
2026|01|527961|015|08|WA|4719|EBA|11|55|2|004|100| A|Survey Kepuasan Pengguna Layanan|00||0|0
2026|01|527961|015|08|WA|4719|EBC|11|55|2|001|100|XC|Penyelenggaraan Capacity Building|00||0|0
2026|01|527982|015|08|CD|6212|BMB|30|01|2|001|100| A|Profiling UMKM|00||0|0
2026|01|527982|015|08|CD|6212|FAC|30|01|2|001|100| A|Training Modul Aplikasi SAKTI|00||0|0
2026|01|527982|015|08|CD|6212|FAC|30|01|2|001|100| B|FGD dan Bimtek Transfer Keuangan Daerah|00||0|0
2026|01|527982|015|08|CD|6212|FAH|30|01|2|001|100| A|TANPA SUB KOMPONEN|00||0|0
2026|01|527982|015|08|CD|6212|FAL|30|01|2|004|100| A|Konsultasi|00||0|0
2026|01|527982|015|08|CD|6212|FAL|30|01|2|004|100| B|Sosialisasi dan Bimbingan Teknis|00||0|0
2026|01|527982|015|08|CD|6212|FAL|30|01|2|004|100| D|Pembinaan Pemda, TKD, dan Penandatanganan BAR|00||0|0
2026|01|527982|015|08|CD|6213|FAC|30|01|2|001|100| A|Pembinaan Jabatan Fungsional Perbendaharaan|00||0|0
2026|01|527982|015|08|CD|6213|FAE|30|01|2|009|100| A|Monev Penyaluran Pembiayaan Ultra Mikro|00||0|0
2026|01|527982|015|08|CD|6213|FAL|30|01|2|003|100| A|Monev Pelaksanaan Anggaran|00||0|0
2026|01|527982|015|08|CD|6214|FAL|30|01|2|002|100| A|Pelaksanaan PencairanPenarikanPengesahan Dana|00||0|0
2026|01|527982|015|08|CD|6214|FAL|30|01|2|002|100| B|PenerbitanPersetujuanRekonsiliasi RekeningSKPPKonfirmasi Penerimaan Negara, dll|00||0|0
2026|01|527982|015|08|CD|6215|FAH|30|01|2|003|100| A|Penyusunan Laporan Keuangan Tingkat Kuasa BUN di Daerah|00||0|0
2026|01|527982|015|08|CD|6215|FAH|30|01|2|003|100| B|Koordinasi UAKBUND KPPN di Kanwil (Cross Program)|00||0|0
2026|01|527982|015|08|WA|4715|EBA|30|01|2|001|100| A|TANPA SUB KOMPONEN|00||0|0
2026|01|527982|015|08|WA|4715|EBA|30|01|2|001|100| B|Koordinasi Penyusunan ATK PU|00||0|0
2026|01|527982|015|08|WA|4715|EBA|30|01|2|002|100| A|TANPA SUB KOMPONEN|00||0|0
2026|01|527982|015|08|WA|4715|EBA|30|01|2|994|002| A|Keperluan Seharihari Perkantoran|00||0|0
2026|01|527982|015|08|WA|4715|EBA|30|01|2|994|002| B|Langganan Daya dan Jasa|00||0|0
2026|01|527982|015|08|WA|4715|EBA|30|01|2|994|002| C|Pelaksanaan Operasional Kantor|00||0|0
2026|01|527982|015|08|WA|4715|EBA|30|01|2|994|002| D|Pemeliharaan Peralatan dan Mesin|00||0|0
2026|01|527982|015|08|WA|4715|EBA|30|01|2|994|002| G|Pemeliharaan Gedung dan Bangunan|00||0|0
2026|01|527982|015|08|WA|4715|EBA|30|01|2|994|002|HA|Dukungan Tusi - Konsultasi Pencairan Dana|00||0|0
2026|01|527982|015|08|WA|4715|EBA|30|01|2|994|002|HB|Dukungan Tusi - Reviu Belanja Pemerintah|00||0|0
2026|01|527982|015|08|WA|4715|EBA|30|01|2|994|002|HH|Dukungan Pelaksaan Tusi Prioritas Direktif Presiden|00||0|0
2026|01|527982|015|08|WA|4715|EBA|30|01|2|994|002|TJ|Jasa Pemeliharaan Annual Technical Support (ATS)|00||0|0
2026|01|527982|015|08|WA|4715|EBD|30|01|2|Z36|100| B|Pelaksanaan Manajemen Kinerja, Resiko dan Kepatuhan Internal|00||0|0
2026|01|527982|015|08|WA|4718|BMB|30|01|2|002|100| A|TANPA SUB KOMPONEN|00||0|0
2026|01|527982|015|08|WA|4718|BMB|30|01|2|001|100| A|TANPA SUB KOMPONEN|00||0|0
2026|01|527982|015|08|WA|4719|EBA|30|01|2|994|001| A|TANPA SUB KOMPONEN|00||0|0
2026|01|527982|015|08|WA|4719|EBA|30|01|2|004|100| A|Survey Kepuasan Pengguna Layanan|00||0|0
2026|01|527982|015|08|WA|4719|EBC|30|01|2|001|100|XC|Penyelenggaraan Capacity Building|00||0|0
2026|01|528001|015|08|CD|6212|BMB|12|51|2|001|100| B|Pemberdayaan UMKM  SosialisasiBimtekAsistensi dan BazarPojokRumah UMKM|00||0|0
2026|01|528001|015|08|CD|6212|BMB|12|51|2|001|100| D|Komunikasi Publik  BazarPojokRumah UMKM|00||0|0
2026|01|528001|015|08|CD|6212|FAH|12|51|2|002|100| A|Forum Koordinasi dan Rekonsiliasi Data dengan Bank Indonesia|00||0|0
2026|01|528001|015|08|CD|6212|FAH|12|51|2|002|100| B|Pembinaan SAP pada Pemerintah Daerah|00||0|0
2026|01|528001|015|08|CD|6212|FAH|12|51|2|002|100| C|SosialisasiBimtekWorkshopFGD dengan Pemda|00||0|0
2026|01|528001|015|08|CD|6212|FAL|12|51|2|001|100| B|Pengkoordinasian Kerjasama Ekonomi dan Keuangan Daerah|00||0|0
2026|01|528001|015|08|CD|6212|FAL|12|51|2|001|100| D|Penyerahan DIPA|00||0|0
2026|01|528001|015|08|CD|6213|ABA|12|51|2|001|100| A|Penyusunan Analisis Potensi Pembiayaan dan Pelaksanaan MoU DJPb dan PT SMI di Daerah|00||0|0
2026|01|528001|015|08|CD|6213|FAE|12|51|2|008|100| A|Koordinasi Pelaksanaan Tugas RCE  ALCo|00||0|0
2026|01|528001|015|08|CD|6213|FAL|12|51|2|003|100| A|Pelaksanaan Spending Review|00||0|0
2026|01|528001|015|08|CD|6213|FAL|12|51|2|003|100| C|Review Pelaksanaan Anggaran|00||0|0
2026|01|528001|015|08|CD|6213|FAL|12|51|2|003|100| D|Monitoring dan Evaluasi Pelaksanaan Anggaran|00||0|0
2026|01|528001|015|08|CD|6213|FAL|12|51|2|003|100| E|Pengumpulan InformasiPenajaman Data Fiskal RegionalPenyusunan KFR|00||0|0
2026|01|528001|015|08|CD|6213|FAL|12|51|2|003|100| F|Publikasi Kajian Fiskal Regional|00||0|0
2026|01|528001|015|08|CD|6213|FAL|12|51|2|003|100| H|Monitoring atas Dana Transfer dan Dana Desa|00||0|0
2026|01|528001|015|08|CD|6215|FAH|12|51|2|003|100| A|Pembinaan UAKBUN D (KPPN)|00||0|0
2026|01|528001|015|08|CD|6215|FAH|12|51|2|003|100| B|Koordinasi UAKBUND (KPPN)|00||0|0
2026|01|528001|015|08|CD|6215|FAH|12|51|2|001|100| A|Koordinasi Laporan Keuangan Pemerintah Daerah danatau BLUD|00||0|0
2026|01|528001|015|08|CD|6215|FAH|12|51|2|001|100| B|Penyusunan Laporan Statistik Keuangan Pemerintah Tingkat Wilayah|00||0|0
2026|01|528001|015|08|WA|4715|EBA|12|51|2|001|100| A|TANPA SUB KOMPONEN|00||0|0
2026|01|528001|015|08|WA|4715|EBA|12|51|2|001|100| B|Koordinasi Penyusunan ATK PU|00||0|0
2026|01|528001|015|08|WA|4715|EBA|12|51|2|002|100| A|TANPA SUB KOMPONEN|00||0|0
2026|01|528001|015|08|WA|4715|EBA|12|51|2|994|002| A|Keperluan Seharihari Perkantoran|00||0|0
2026|01|528001|015|08|WA|4715|EBA|12|51|2|994|002| B|Langganan Daya dan Jasa|00||0|0
2026|01|528001|015|08|WA|4715|EBA|12|51|2|994|002| C|Pelaksanaan Operasional Kantor|00||0|0
2026|01|528001|015|08|WA|4715|EBA|12|51|2|994|002| D|Pemeliharaan Peralatan dan Mesin|00||0|0
2026|01|528001|015|08|WA|4715|EBA|12|51|2|994|002| G|Pemeliharaan Gedung dan Bangunan|00||0|0
2026|01|528001|015|08|WA|4715|EBA|12|51|2|994|002|HB|Dukungan Tusi-Reviu Belanja Pemerintah|00||0|0
2026|01|528001|015|08|WA|4715|EBA|12|51|2|994|002|HC|Dukungan Tusi - Government Financial Statistic (GFS)|00||0|0
2026|01|528001|015|08|WA|4715|EBA|12|51|2|994|002|HD|Dukungan Tusi - Rekomendasi Pengelolaan Organisasi|00||0|0
2026|01|528001|015|08|WA|4715|EBA|12|51|2|994|002|HH|Dukungan Pelaksaan Tusi Prioritas Direktif Presiden|00||0|0
2026|01|528001|015|08|WA|4715|EBA|12|51|2|994|002|TJ|Jasa Pemeliharaan Annual Technical Support (ATS)|00||0|0
2026|01|528001|015|08|WA|4715|EBD|12|51|2|Z36|100| A|TANPA SUB KOMPONEN|00||0|0
2026|01|528001|015|08|WA|4715|EBD|12|51|2|Z26|100| A|Rakor Penyusunan Laporan Keuangan Tingkat UAPPAW|00||0|0
2026|01|528001|015|08|WA|4718|BMB|12|51|2|002|100| A|TANPA SUB KOMPONEN|00||0|0
2026|01|528001|015|08|WA|4718|BMB|12|51|2|001|100| A|TANPA SUB KOMPONEN|00||0|0
2026|01|528001|015|08|WA|4719|EBA|12|51|2|003|100| B|Koordinasi Inovasi layanan|00||0|0
2026|01|528001|015|08|WA|4719|EBA|12|51|2|994|001| A|TANPA SUB KOMPONEN|00||0|0
2026|01|528001|015|08|WA|4719|EBA|12|51|2|005|100| A|Monitoring dan Evaluasi Implementasi ISO|00||0|0
2026|01|528001|015|08|WA|4719|EBC|12|51|2|001|100|XC|Penyelenggaraan Capacity Building|00||0|0
2026|01|528001|015|08|WA|4722|EBD|12|51|2|001|100| A|Pelaksanaan Manajemen Resiko dan Kepatuhan Internal|00||0|0
2026|01|528001|015|08|WA|4722|EBD|12|51|2|001|100| B|Pemantauan Kode Etik dan Kepatuhan Pegawai|00||0|0
2026|01|528015|015|08|CD|6212|FAC|12|51|2|001|100| A|Training Modul Aplikasi SAKTI|00||0|0
2026|01|528015|015|08|CD|6212|FAC|12|51|2|001|100| B|FGD dan Bimtek Transfer Keuangan Daerah|00||0|0
2026|01|528015|015|08|CD|6212|FAH|12|51|2|001|100| A|TANPA SUB KOMPONEN|00||0|0
2026|01|528015|015|08|CD|6212|FAL|12|51|2|004|100| A|Konsultasi|00||0|0
2026|01|528015|015|08|CD|6212|FAL|12|51|2|004|100| B|Sosialisasi dan Bimbingan Teknis|00||0|0
2026|01|528015|015|08|CD|6212|FAL|12|51|2|004|100| C|Pembinaan Pemda, TKD, dan Penandatanganan BAR|00||0|0
2026|01|528015|015|08|CD|6213|FAC|12|51|2|001|100| A|Pembinaan Jabatan Fungsional Perbendaharaan|00||0|0
2026|01|528015|015|08|CD|6214|FAL|12|51|2|002|100| A|Pelaksanaan PencairanPenarikanPengesahan Dana|00||0|0
2026|01|528015|015|08|CD|6214|FAL|12|51|2|002|100| B|PenerbitanPersetujuanRekonsiliasi RekeningSKPPKonfirmasi Penerimaan Negara, dll|00||0|0
2026|01|528015|015|08|CD|6215|FAH|12|51|2|003|100| A|Penyusunan Laporan Keuangan Tingkat Kuasa BUN di Daerah|00||0|0
2026|01|528015|015|08|WA|4715|EBA|12|51|2|001|100| A|TANPA SUB KOMPONEN|00||0|0
2026|01|528015|015|08|WA|4715|EBA|12|51|2|002|100| A|TANPA SUB KOMPONEN|00||0|0
2026|01|528015|015|08|WA|4715|EBA|12|51|2|994|002| A|Keperluan Seharihari Perkantoran|00||0|0
2026|01|528015|015|08|WA|4715|EBA|12|51|2|994|002| B|Langganan Daya dan Jasa|00||0|0
2026|01|528015|015|08|WA|4715|EBA|12|51|2|994|002| C|Pelaksanaan Operasional Kantor|00||0|0
2026|01|528015|015|08|WA|4715|EBA|12|51|2|994|002| D|Pemeliharaan Peralatan dan Mesin|00||0|0
2026|01|528015|015|08|WA|4715|EBA|12|51|2|994|002| G|Pemeliharaan Gedung dan Bangunan|00||0|0
2026|01|528015|015|08|WA|4715|EBA|12|51|2|994|002|HA|Dukungan Tusi - Konsultasi Pencairan Dana|00||0|0
2026|01|528015|015|08|WA|4715|EBA|12|51|2|994|002|HB|Dukungan Tusi - Reviu Belanja Pemerintah|00||0|0
2026|01|528015|015|08|WA|4715|EBA|12|51|2|994|002|HH|Dukungan Pelaksanaan Tusi Prioritas Direktif Presiden|00||0|0
2026|01|528015|015|08|WA|4715|EBA|12|51|2|994|002|TJ|Jasa Pemeliharaan Annual Technical Support (ATS)|00||0|0
2026|01|528015|015|08|WA|4715|EBB|12|51|2|002|100| A|TANPA SUB KOMPONEN|00||0|0
2026|01|528015|015|08|WA|4715|EBD|12|51|2|Z36|100| B|Pelaksanaan Manajemen Kinerja, Resiko dan Kepatuhan Internal|00||0|0
2026|01|528015|015|08|WA|4718|BMB|12|51|2|002|100| A|TANPA SUB KOMPONEN|00||0|0
2026|01|528015|015|08|WA|4718|BMB|12|51|2|001|100| A|TANPA SUB KOMPONEN|00||0|0
2026|01|528015|015|08|WA|4719|EBA|12|51|2|994|001| A|TANPA SUB KOMPONEN|00||0|0
2026|01|528015|015|08|WA|4719|EBA|12|51|2|004|100| A|Survey Kepuasan Pengguna Layanan|00||0|0
2026|01|528015|015|08|WA|4719|EBC|12|51|2|001|100|XC|Penyelenggaraan Capacity Building|00||0|0
2026|01|528022|015|08|CD|6212|BMB|12|03|2|001|100| A|Profiling UMKM|00||0|0
2026|01|528022|015|08|CD|6212|FAC|12|03|2|001|100| A|Training Modul Aplikasi SAKTI|00||0|0
2026|01|528022|015|08|CD|6212|FAC|12|03|2|001|100| B|FGD dan Bimtek Transfer Keuangan Daerah|00||0|0
2026|01|528022|015|08|CD|6212|FAH|12|03|2|001|100| A|TANPA SUB KOMPONEN|00||0|0
2026|01|528022|015|08|CD|6212|FAL|12|03|2|004|100| A|Konsultasi|00||0|0
2026|01|528022|015|08|CD|6212|FAL|12|03|2|004|100| B|Sosialisasi dan Bimbingan Teknis|00||0|0
2026|01|528022|015|08|CD|6212|FAL|12|03|2|004|100| D|Pembinaan Pemda, TKD, dan Penandatanganan BA Rekonsiliasi Pajak|00||0|0
2026|01|528022|015|08|CD|6213|FAC|12|03|2|001|100| A|Pembinaan Jabatan Fungsional Perbendaharaan|00||0|0
2026|01|528022|015|08|CD|6213|FAE|12|03|2|009|100| A|Monev Penyaluran Pembiayaan Ultra Mikro|00||0|0
2026|01|528022|015|08|CD|6213|FAL|12|03|2|003|100| A|Monev Pelaksanaan Anggaran|00||0|0
2026|01|528022|015|08|CD|6214|FAL|12|03|2|002|100| A|Pelaksanaan Pencairan/Penarikan/Pengesahan Dana|00||0|0
2026|01|528022|015|08|CD|6214|FAL|12|03|2|002|100| B|Penerbitan/Persetujuan/Rekonsiliasi Rekening/SKPP/Konfirmasi Penerimaan Negara, DLL|00||0|0
2026|01|528022|015|08|CD|6215|FAH|12|03|2|003|100| A|Penyusunan Laporan Keuangan Tingkat Kuasa BUN di Daerah|00||0|0
2026|01|528022|015|08|WA|4715|EBA|12|03|2|001|100| A|Tanpa Sub Komponen|00||0|0
2026|01|528022|015|08|WA|4715|EBA|12|03|2|002|100| A|Tanpa Sub Komponen|00||0|0
2026|01|528022|015|08|WA|4715|EBA|12|03|2|994|002| A|Keperluan Sehari-Hari Perkantoran|00||0|0
2026|01|528022|015|08|WA|4715|EBA|12|03|2|994|002| B|Langganan Daya dan Jasa|00||0|0
2026|01|528022|015|08|WA|4715|EBA|12|03|2|994|002| C|Pelaksanaan Operasional Kantor|00||0|0
2026|01|528022|015|08|WA|4715|EBA|12|03|2|994|002| D|Pemeliharaan Peralatan dan Mesin|00||0|0
2026|01|528022|015|08|WA|4715|EBA|12|03|2|994|002| G|Pemeliharaan Gedung dan Bangunan|00||0|0
2026|01|528022|015|08|WA|4715|EBA|12|03|2|994|002|HA|Dukungan Tusi - Konsultasi Pencairan Dana|00||0|0
2026|01|528022|015|08|WA|4715|EBA|12|03|2|994|002|HB|Dukungan Tusi - Reviu Belanja Pemerintah|00||0|0
2026|01|528022|015|08|WA|4715|EBA|12|03|2|994|002|HH|Dukungan Pelaksanaan Tusi Prioritas Direktif Presiden|00||0|0
2026|01|528022|015|08|WA|4715|EBA|12|03|2|994|002|TJ|Jasa Pemeliharaan/ Annual Technical Support (ATS)|00||0|0
2026|01|528022|015|08|WA|4715|EBD|12|03|2|Z36|100| B|Pelaksanaan Manajemen Kinerja, Risiko, dan Kepatuhan Internal|00||0|0
2026|01|528022|015|08|WA|4718|BMB|12|03|2|002|100| A|TANPA SUB KOMPONEN|00||0|0
2026|01|528022|015|08|WA|4718|BMB|12|03|2|001|100| A|TANPA SUB KOMPONEN|00||0|0
2026|01|528022|015|08|WA|4719|EBA|12|03|2|994|001| A|TANPA SUB KOMPONEN|00||0|0
2026|01|528022|015|08|WA|4719|EBA|12|03|2|004|100| A|Survey Kepuasan Pengguna Layanan|00||0|0
2026|01|528022|015|08|WA|4719|EBC|12|03|2|001|100|XC|Penyelenggaraan Capacity Building|00||0|0
2026|01|528036|015|08|CD|6212|BMB|12|52|2|001|100| A|Profiling UMKM|00||0|0
2026|01|528036|015|08|CD|6212|FAC|12|52|2|001|100| A|Training Modul Aplikasi SAKTI|00||0|0
2026|01|528036|015|08|CD|6212|FAC|12|52|2|001|100| B|FGD dan  Bimtek Transfer Keuangan Daerah|00||0|0
2026|01|528036|015|08|CD|6212|FAH|12|52|2|001|100| A|TANPA SUB KOMPONEN|00||0|0
2026|01|528036|015|08|CD|6212|FAL|12|52|2|004|100| A|Konsultasi|00||0|0
2026|01|528036|015|08|CD|6212|FAL|12|52|2|004|100| B|Sosialisasi dan Bimbingan Teknis|00||0|0
2026|01|528036|015|08|CD|6212|FAL|12|52|2|004|100| D|Pembinaan Pemda, TKD, dan Penandatanganan BAR|00||0|0
2026|01|528036|015|08|CD|6213|FAC|12|52|2|001|100| A|Pembinaan Jabatan Fungsional Perbendaharaan|00||0|0
2026|01|528036|015|08|CD|6213|FAE|12|52|2|009|100| A|Monev Penyaluran Pembiayaan Ultra Mikro|00||0|0
2026|01|528036|015|08|CD|6213|FAL|12|52|2|003|100| A|Monev Pelaksanaan Anggaran|00||0|0
2026|01|528036|015|08|CD|6214|FAL|12|52|2|002|100| A|Pelaksanaan Pencairan/Penarikan/Pengesahan Dana|00||0|0
2026|01|528036|015|08|CD|6214|FAL|12|52|2|002|100| B|Penerbitan/Persetujuan/Rekonsiliasi Rekening/SKPP/Konfirmasi Penerimaan Negara|00||0|0
2026|01|528036|015|08|CD|6215|FAH|12|52|2|003|100| A|Penyusunan Laporan Keuangan Tingkat Kuasa BUN di Daerah|00||0|0
2026|01|528036|015|08|CD|6215|FAH|12|52|2|003|100| B|Koordinasi UAKBUN-D KPPN di Kanwil|00||0|0
2026|01|528036|015|08|WA|4715|EBA|12|52|2|001|100| A|TANPA SUB KOMPONEN|00||0|0
2026|01|528036|015|08|WA|4715|EBA|12|52|2|001|100| B|Koordinasi Penyusunan ATK PU|00||0|0
2026|01|528036|015|08|WA|4715|EBA|12|52|2|002|100| A|TANPA SUB KOMPONEN|00||0|0
2026|01|528036|015|08|WA|4715|EBA|12|52|2|994|002| A|Keperluan Sehari-Hari Perkantoran|00||0|0
2026|01|528036|015|08|WA|4715|EBA|12|52|2|994|002| B|Langganan Daya dan Jasa|00||0|0
2026|01|528036|015|08|WA|4715|EBA|12|52|2|994|002| C|Pelaksanaan Operasional Kantor|00||0|0
2026|01|528036|015|08|WA|4715|EBA|12|52|2|994|002| D|Pemeliharaan Peralatan dan Mesin|00||0|0
2026|01|528036|015|08|WA|4715|EBA|12|52|2|994|002| G|Pemeliharaan Gedung dan Bangunan|00||0|0
2026|01|528036|015|08|WA|4715|EBA|12|52|2|994|002|HA|Dukungan Tusi-Konsultasi Pencairan Dana|00||0|0
2026|01|528036|015|08|WA|4715|EBA|12|52|2|994|002|HB|Dukungan Tusi-Reviu Belanja Pemerintah|00||0|0
2026|01|528036|015|08|WA|4715|EBA|12|52|2|994|002|HH|Dukungan Pelaksanaan Tusi Prioritas Direktif Presiden|00||0|0
2026|01|528036|015|08|WA|4715|EBA|12|52|2|994|002|TJ|Jasa Pemeliharaan/ Annual Technical Support (ATS)|00||0|0
2026|01|528036|015|08|WA|4715|EBD|12|52|2|Z36|100| B|Pelaksanaan Manajemen Kinerja, Resiko dan Kepatuhan Internal|00||0|0
2026|01|528036|015|08|WA|4718|BMB|12|52|2|001|100| A|TANPA SUB KOMPONEN|00||0|0
2026|01|528036|015|08|WA|4718|BMB|12|52|2|002|100| A|TANPA SUB KOMPONEN|00||0|0
2026|01|528036|015|08|WA|4719|EBA|12|52|2|004|100| A|Survey Kepuasan Pengguna Layanan|00||0|0
2026|01|528036|015|08|WA|4719|EBA|12|52|2|994|001| A|TANPA SUB KOMPONEN|00||0|0
2026|01|528036|015|08|WA|4719|EBC|12|52|2|001|100|XC|Penyelenggaraan Capacity Building|00||0|0
2026|01|528036|015|08|WA|4715|EBB|12|52|2|002|100| A|TANPA SUB KOMPONEN|00||0|0
2026|01|528061|015|08|CD|6212|BMB|13|51|2|001|100| A|Profiling UMKM|00||0|0
2026|01|528061|015|08|CD|6212|FAC|13|51|2|001|100| A|Training Modul Aplikasi SAKTI|00||0|0
2026|01|528061|015|08|CD|6212|FAC|13|51|2|001|100| B|FGD dan Bimtek Transfer Keuangan Daerah|00||0|0
2026|01|528061|015|08|CD|6212|FAH|13|51|2|001|100| A|TANPA SUB KOMPONEN|00||0|0
2026|01|528061|015|08|CD|6212|FAL|13|51|2|004|100| A|Konsultasi|00||0|0
2026|01|528061|015|08|CD|6212|FAL|13|51|2|004|100| B|Sosialisasi dan Bimbingan Teknis|00||0|0
2026|01|528061|015|08|CD|6212|FAL|13|51|2|004|100| D|Pembinaan Pemda, TKD, dan Penandatanganan BAR|00||0|0
2026|01|528061|015|08|CD|6213|FAC|13|51|2|001|100| A|Pembinaan Jabatan Fungsional Perbendaharaan|00||0|0
2026|01|528061|015|08|CD|6213|FAE|13|51|2|009|100| A|Monev Penyaluran Pembiayaan Ultra Mikro|00||0|0
2026|01|528061|015|08|CD|6213|FAL|13|51|2|003|100| A|Monev Pelaksanaan Anggaran|00||0|0
2026|01|528061|015|08|CD|6214|FAL|13|51|2|002|100| A|Pelaksanaan PencairanPenarikanPengesahan Dana|00||0|0
2026|01|528061|015|08|CD|6214|FAL|13|51|2|002|100| B|PenerbitanPersetujuanRekonsiliasi RekeningSKPPKonfirmasi Penerimaan Negara, dll|00||0|0
2026|01|528061|015|08|CD|6215|FAH|13|51|2|003|100| A|Penyusunan Laporan Keuangan Tingkat Kuasa BUN di Daerah|00||0|0
2026|01|528061|015|08|WA|4715|EBA|13|51|2|001|100| A|TANPA SUB KOMPONEN|00||0|0
2026|01|528061|015|08|WA|4715|EBA|13|51|2|002|100| A|TANPA SUB KOMPONEN|00||0|0
2026|01|528061|015|08|WA|4715|EBA|13|51|2|994|002| A|Keperluan Seharihari Perkantoran|00||0|0
2026|01|528061|015|08|WA|4715|EBA|13|51|2|994|002| B|Langganan Daya dan Jasa|00||0|0
2026|01|528061|015|08|WA|4715|EBA|13|51|2|994|002| C|Pelaksanaan Operasional Kantor|00||0|0
2026|01|528061|015|08|WA|4715|EBA|13|51|2|994|002| D|Pemeliharaan Peralatan dan Mesin|00||0|0
2026|01|528061|015|08|WA|4715|EBA|13|51|2|994|002| E|Pemeliharaan Gedung dan Bangunan|00||0|0
2026|01|528061|015|08|WA|4715|EBA|13|51|2|994|002|HH|Dukungan Pelaksaan Tusi Prioritas Direktif Presiden|00||0|0
2026|01|528061|015|08|WA|4715|EBA|13|51|2|994|002|TJ|Jasa PemeliharaanAnnual Technical Support (ATS)|00||0|0
2026|01|528061|015|08|WA|4715|EBB|13|51|2|002|100| A|TANPA SUB KOMPONEN|00||0|0
2026|01|528061|015|08|WA|4718|BMB|13|51|2|001|100| A|TANPA SUB KOMPONEN|00||0|0
2026|01|528061|015|08|WA|4718|BMB|13|51|2|002|100| A|TANPA SUB KOMPONEN|00||0|0
2026|01|528061|015|08|WA|4719|EBA|13|51|2|004|100| A|Survey Kepuasan Pengguna Layanan|00||0|0
2026|01|528061|015|08|WA|4719|EBA|13|51|2|994|001| A|TANPA SUB KOMPONEN|00||0|0
2026|01|528061|015|08|WA|4719|EBC|13|51|2|001|100|XC|Penyelenggaraan Capacity Building|00||0|0
2026|01|528057|015|08|CD|6212|BMB|13|51|2|001|100| A|Profiling UMKM|00||0|0
2026|01|528057|015|08|CD|6212|BMB|13|51|2|001|100| B|Pemberdayaan UMKM  SosialisasiBimtekAsistensi dan BazarPojokRumah UMKM|00||0|0
2026|01|528057|015|08|CD|6212|BMB|13|51|2|001|100| C|Monitoring dan Evaluasi|00||0|0
2026|01|528057|015|08|CD|6212|BMB|13|51|2|001|100| D|Komunikasi Publik  BazarPojokRumah UMKM|00||0|0
2026|01|528057|015|08|CD|6212|FAC|13|51|2|002|100| B|Asistensi  Pembinaan Pengelolaan Keuangan BLU Daerah|00||0|0
2026|01|528057|015|08|CD|6212|FAH|13|51|2|003|100| A|Pendampingan Penyusunan dan Penyelesaian Permasalahan Laporan Keuangan UAPPAW dan BLU|00||0|0
2026|01|528057|015|08|CD|6212|FAH|13|51|2|003|100| B|Sosialisasi dan Bimbingan Teknis UAPPAW|00||0|0
2026|01|528057|015|08|CD|6212|FAH|13|51|2|002|100| A|Forum Koordinasi dan Rekonsiliasi Data dengan Bank Indonesia|00||0|0
2026|01|528057|015|08|CD|6212|FAH|13|51|2|002|100| B|Pembinaan SAP pada Pemerintah Daerah|00||0|0
2026|01|528057|015|08|CD|6212|FAH|13|51|2|002|100| C|SosialisasiBimtekWorkshopFGD dengan Pemda|00||0|0
2026|01|528057|015|08|CD|6212|FAL|13|51|2|001|100| A|Sosialisasi PeraturanKebijakan Pelaksanaan Anggaran|00||0|0
2026|01|528057|015|08|CD|6212|FAL|13|51|2|001|100| B|Pengkoordinasian Kerjasama Ekonomi dan Keuangan Daerah|00||0|0
2026|01|528057|015|08|CD|6212|FAL|13|51|2|001|100| C|Pembinaan dan Bimtek Pengelolaan Keuangan Daerah|00||0|0
2026|01|528057|015|08|CD|6212|FAL|13|51|2|001|100| D|Penyerahan DIPA|00||0|0
2026|01|528057|015|08|CD|6213|ABA|13|51|2|001|100| A|Penyusunan Analisis Potensi Pembiayaan dan Pelaksanaan MoU DJPb dan PT SMI di Daerah|00||0|0
2026|01|528057|015|08|CD|6213|FAE|13|51|2|009|100| B|Monitoring dan  Evaluasi KURPenerusan Pinjaman|00||0|0
2026|01|528057|015|08|CD|6213|FAE|13|51|2|009|100| C|Monev Site Visit Fasilitas Likuiditas Pembiayaan Perumahan (FLPP)|00||0|0
2026|01|528057|015|08|CD|6213|FAE|13|51|2|009|100| D|FGD Analisa Fasilitas Likuiditas Pembiayaan Perumahan (FLPP)|00||0|0
2026|01|528057|015|08|CD|6213|FAE|13|51|2|008|100| A|Koordinasi Pelaksanaan Tugas RCE  ALCo|00||0|0
2026|01|528057|015|08|CD|6213|FAL|13|51|2|003|100| A|Pelaksanaan Spending Review|00||0|0
2026|01|528057|015|08|CD|6213|FAL|13|51|2|003|100| C|Review Pelaksanaan Anggaran|00||0|0
2026|01|528057|015|08|CD|6213|FAL|13|51|2|003|100| D|Monitoring dan Evaluasi Pelaksanaan Anggaran|00||0|0
2026|01|528057|015|08|CD|6213|FAL|13|51|2|003|100| E|Pengumpulan InformasiPenajaman Data Fiskal RegionalPenyusunan KFR|00||0|0
2026|01|528057|015|08|CD|6213|FAL|13|51|2|003|100| F|Publikasi Kajian Fiskal Regional|00||0|0
2026|01|528057|015|08|CD|6213|FAL|13|51|2|003|100| G|Pengumpulan Konfirmasi Informasi Pengelolaan Keuangan Daerah dan Penyusunan Profil Keuangan Daerah|00||0|0
2026|01|528057|015|08|CD|6213|FAL|13|51|2|003|100| H|Monitoring atas Dana Transfer dan Dana Desa|00||0|0
2026|01|528057|015|08|CD|6215|FAH|13|51|2|003|100| B|Koordinasi UAKBUND (KPPN)|00||0|0
2026|01|528057|015|08|CD|6215|FAH|13|51|2|001|100| A|Koordinasi Laporan Keuangan Pemerintah Daerah danatau BLUD|00||0|0
2026|01|528057|015|08|CD|6215|FAH|13|51|2|001|100| B|Penyusunan Laporan Statistik Keuangan Pemerintah Tingkat Wilayah|00||0|0
2026|01|528057|015|08|CD|6216|FAE|13|51|2|002|100| A|Pelaksanaan Survei Bahan Sumbangan Standar Biaya Masukan|00||0|0
2026|01|528057|015|08|WA|4715|EBA|13|51|2|001|100| A|TANPA SUB KOMPONEN|00||0|0
2026|01|528057|015|08|WA|4715|EBA|13|51|2|001|100| B|Koordinasi Penyusunan ATK PU|00||0|0
2026|01|528057|015|08|WA|4715|EBA|13|51|2|002|100| A|TANPA SUB KOMPONEN|00||0|0
2026|01|528057|015|08|WA|4715|EBA|13|51|2|994|002| A|Keperluan Seharihari Perkantoran|00||0|0
2026|01|528057|015|08|WA|4715|EBA|13|51|2|994|002| B|Langganan Daya dan Jasa|00||0|0
2026|01|528057|015|08|WA|4715|EBA|13|51|2|994|002| C|Pelaksanaan Operasional Kantor|00||0|0
2026|01|528057|015|08|WA|4715|EBA|13|51|2|994|002| D|Pemeliharaan Peralatan dan Mesin|00||0|0
2026|01|528057|015|08|WA|4715|EBA|13|51|2|994|002| E|Pemeliharaan Gedung dan Bangunan|00||0|0
2026|01|528057|015|08|WA|4715|EBA|13|51|2|994|002|HB|Dukungan Tusi - Reviu Belanja Pemerintah|00||0|0
2026|01|528057|015|08|WA|4715|EBA|13|51|2|994|002|HC|Dukungan Tusi - Government Financial Statistic (GFS)|00||0|0
2026|01|528057|015|08|WA|4715|EBA|13|51|2|994|002|HD|Dukungan Tusi - Rekomendasi Pengelolaan Organisasi|00||0|0
2026|01|528057|015|08|WA|4715|EBA|13|51|2|994|002|HH|Dukungan Pelaksanaan Tusi Prioritas Direktif Presiden |00||0|0
2026|01|528057|015|08|WA|4715|EBA|13|51|2|994|002|TJ|Jasa PemeliharaanAnnual Technical Support (ATS)|00||0|0
2026|01|528057|015|08|WA|4715|EBB|13|51|2|004|100|RB|Renovasi Rumah DInas|00||0|0
2026|01|528057|015|08|WA|4715|EBD|13|51|2|Z36|100| A|TANPA SUB KOMPONEN|00||0|0
2026|01|528057|015|08|WA|4715|EBD|13|51|2|Z26|100| A|Rakor Penyusunan Laporan Keuangan Tingkat UAPPAW|00||0|0
2026|01|528057|015|08|WA|4718|BMB|13|51|2|002|100| A|TANPA SUB KOMPONEN|00||0|0
2026|01|528057|015|08|WA|4718|BMB|13|51|2|001|100| A|TANPA SUB KOMPONEN|00||0|0
2026|01|528057|015|08|WA|4719|EBA|13|51|2|994|001| A|TANPA SUB KOMPONEN|00||0|0
2026|01|528057|015|08|WA|4719|EBA|13|51|2|003|100| B|Koordinasi Inovasi Layanan|00||0|0
2026|01|528057|015|08|WA|4719|EBC|13|51|2|001|100|XC|Penyelenggaraan Capacity Building|00||0|0
2026|01|528057|015|08|WA|4722|EBD|13|51|2|001|100| A|Pelaksanaan Manajemen Resiko dan Kepatuhan Internal|00||0|0
2026|01|528104|015|08|CD|6212|FAC|13|05|2|001|100| A|Training Modul Aplikasi SAKTI|00||0|0
2026|01|528104|015|08|CD|6212|FAC|13|05|2|001|100| B|FGD dan Bimtek Transfer Keuangan Daerah|00||0|0
2026|01|528104|015|08|CD|6212|FAH|13|05|2|001|100| A|TANPA SUB KOMPONEN|00||0|0
2026|01|528104|015|08|CD|6212|FAL|13|05|2|004|100| A|Konsultasi|00||0|0
2026|01|528104|015|08|CD|6212|FAL|13|05|2|004|100| B|Sosialisasi dan Bimbingan Teknis|00||0|0
2026|01|528104|015|08|CD|6213|FAC|13|05|2|001|100| A|Pembinaan Jabatan Fungsional Perbendaharaan|00||0|0
2026|01|528104|015|08|CD|6213|FAL|13|05|2|003|100| A|Monev Pelaksanaan Anggaran|00||0|0
2026|01|528104|015|08|CD|6214|FAL|13|05|2|002|100| A|Pelaksanaan PencairanPenarikanPengesahan Dana|00||0|0
2026|01|528104|015|08|CD|6214|FAL|13|05|2|002|100| B|PenerbitanPersetujuanRekonsiliasi RekeningSKPPKonfirmasi Penerimaan Negara, dll|00||0|0
2026|01|528104|015|08|CD|6215|FAH|13|05|2|003|100| A|Penyusunan Laporan Keuangan Tingkat Kuasa BUN di Daerah|00||0|0
2026|01|528104|015|08|WA|4715|EBA|13|05|2|001|100| A|TANPA SUB KOMPONEN|00||0|0
2026|01|528104|015|08|WA|4715|EBA|13|05|2|002|100| A|TANPA SUB KOMPONEN|00||0|0
2026|01|528104|015|08|WA|4715|EBA|13|05|2|994|002| A|Keperluan Seharihari Perkantoran|00||0|0
2026|01|528104|015|08|WA|4715|EBA|13|05|2|994|002| B|Langganan Daya dan Jasa|00||0|0
2026|01|528104|015|08|WA|4715|EBA|13|05|2|994|002| C|Pelaksanaan Operasional Kantor|00||0|0
2026|01|528104|015|08|WA|4715|EBA|13|05|2|994|002| D|Pemeliharaan Peralatan dan Mesin|00||0|0
2026|01|528104|015|08|WA|4715|EBA|13|05|2|994|002| E|Pemeliharaan Gedung dan Bangunan|00||0|0
2026|01|528104|015|08|WA|4715|EBA|13|05|2|994|002|HA|Dukungan Tusi - Konsultasi Pencairan Dana|00||0|0
2026|01|528104|015|08|WA|4715|EBA|13|05|2|994|002|HB|Dukungan Tusi - Reviu Belanja Pemerintah|00||0|0
2026|01|528104|015|08|WA|4715|EBA|13|05|2|994|002|HH|Dukungan Pelaksanaan Tusi Prioritas Direktif Presiden|00||0|0
2026|01|528104|015|08|WA|4715|EBA|13|05|2|994|002|TJ|Jasa PemeliharaanAnnual Technical Support (ATS)|00||0|0
2026|01|528104|015|08|WA|4715|EBD|13|05|2|Z36|100| B|Pelaksanaan Manajemen Kinerja, Resiko dan Kepatuhan Internal|00||0|0
2026|01|528104|015|08|WA|4718|BMB|13|05|2|001|100| A|TANPA SUB KOMPONEN|00||0|0
2026|01|528104|015|08|WA|4718|BMB|13|05|2|002|100| A|TANPA SUB KOMPONEN|00||0|0
2026|01|528104|015|08|WA|4719|EBA|13|05|2|994|001| A|TANPA SUB KOMPONEN|00||0|0
2026|01|528104|015|08|WA|4719|EBA|13|05|2|004|100| A|Survey Kepuasan Pengguna Layanan|00||0|0
2026|01|528104|015|08|WA|4719|EBC|13|05|2|001|100| A|Peningkatan Kapasitas SDM|00||0|0
2026|01|528099|015|08|CD|6212|FAC|13|52|2|001|100| A|Training Modul Aplikasi SAKTI|00||0|0
2026|01|528099|015|08|CD|6212|FAC|13|52|2|001|100| B|FGD dan Bimtek Transfer Keuangan Daerah|00||0|0
2026|01|528099|015|08|CD|6212|FAH|13|52|2|001|100| A|TANPA SUB KOMPONEN|00||0|0
2026|01|528099|015|08|CD|6212|FAL|13|52|2|004|100| A|Konsultasi|00||0|0
2026|01|528099|015|08|CD|6212|FAL|13|52|2|004|100| B|Sosialisasi dan Bimbingan Teknis|00||0|0
2026|01|528099|015|08|CD|6212|FAL|13|52|2|004|100| C|Pembinaan Satker|00||0|0
2026|01|528099|015|08|CD|6212|FAL|13|52|2|004|100| D|Pembinaan Pemda, TKD, dan Penandatanganan BAR|00||0|0
2026|01|528099|015|08|CD|6213|FAC|13|52|2|001|100| A|Pembinaan Jabatan Fungsional Perbendaharaan|00||0|0
2026|01|528099|015|08|CD|6213|FAE|13|52|2|009|100| A|Monev Penyaluran Pembiayaan Ultra Mikro|00||0|0
2026|01|528099|015|08|CD|6213|FAL|13|52|2|003|100| A|Monev Pelaksanaan Anggaran|00||0|0
2026|01|528099|015|08|CD|6214|FAL|13|52|2|002|100| A|Pelaksanaan PencairanPenarikanPengesahan Dana|00||0|0
2026|01|528099|015|08|CD|6214|FAL|13|52|2|002|100| B|PenerbitanPersetujuanRekonsiliasi RekeningSKPPKonfirmasi Penerimaan Negara, dll|00||0|0
2026|01|528099|015|08|CD|6215|FAH|13|52|2|003|100| A|Penyusunan Laporan Keuangan Tingkat Kuasa BUN di Daerah|00||0|0
2026|01|528099|015|08|WA|4715|EBA|13|52|2|001|100| A|TANPA SUB KOMPONEN|00||0|0
2026|01|528099|015|08|WA|4715|EBA|13|52|2|994|002| A|Keperluan Seharihari Perkantoran|00||0|0
2026|01|528099|015|08|WA|4715|EBA|13|52|2|994|002| B|Langganan Daya dan Jasa|00||0|0
2026|01|528099|015|08|WA|4715|EBA|13|52|2|994|002| C|Pelaksanaan Operasional Kantor|00||0|0
2026|01|528099|015|08|WA|4715|EBA|13|52|2|994|002| D|Pemeliharaan Peralatan dan Mesin|00||0|0
2026|01|528099|015|08|WA|4715|EBA|13|52|2|994|002| E|Pemeliharaan Gedung dan Bangunan|00||0|0
2026|01|528099|015|08|WA|4715|EBA|13|52|2|994|002|HA|Dukungan Tusi - Konsultasi Pencairan Dana|00||0|0
2026|01|528099|015|08|WA|4715|EBA|13|52|2|994|002|HB|Dukungan Tusi - Reviu Belanja Pemerintah|00||0|0
2026|01|528099|015|08|WA|4715|EBA|13|52|2|994|002|HH|Dukungan Pelaksanaan Tusi Prioritas Direktif Presiden|00||0|0
2026|01|528099|015|08|WA|4715|EBA|13|52|2|994|002|TJ|Jasa PemeliharaanAnnual Technical Support (ATS)|00||0|0
2026|01|528099|015|08|WA|4715|EBB|13|52|2|004|100|RB|Renovasi Rumah Dinas|00||0|0
2026|01|528099|015|08|WA|4715|EBD|13|52|2|Z36|100| B|Pelaksanaan Manajemen Kinerja, Resiko dan Kepatuhan Internal|00||0|0
2026|01|528099|015|08|WA|4718|BMB|13|52|2|002|100| A|TANPA SUB KOMPONEN|00||0|0
2026|01|528099|015|08|WA|4718|BMB|13|52|2|001|100| A|TANPA SUB KOMPONEN|00||0|0
2026|01|528099|015|08|WA|4719|EBA|13|52|2|994|001| A|TANPA SUB KOMPONEN|00||0|0
2026|01|528099|015|08|WA|4719|EBA|13|52|2|004|100| A|Survey Kepuasan Pengguna Layanan|00||0|0
2026|01|528099|015|08|WA|4719|EBC|13|52|2|001|100| A|Peningkatan Kapasitas SDM|00||0|0
2026|01|528125|015|08|CD|6212|FAC|14|51|2|001|100| A|Training Modul Aplikasi SAKTI|00||0|0
2026|01|528125|015|08|CD|6212|FAC|14|51|2|001|100| B|FGD dan Bimtek Transfer Keuangan Daerah|00||0|0
2026|01|528125|015|08|CD|6212|FAH|14|51|2|001|100| A|TANPA SUB KOMPONEN|00||0|0
2026|01|528125|015|08|CD|6212|FAL|14|51|2|004|100| A|Konsultasi|00||0|0
2026|01|528125|015|08|CD|6212|FAL|14|51|2|004|100| B|Sosialisasi dan Bimbingan Teknis|00||0|0
2026|01|528125|015|08|CD|6212|FAL|14|51|2|004|100| D|Pembinaan Pemda, TKD, dan Penandatanganan BAR|00||0|0
2026|01|528125|015|08|CD|6213|FAC|14|51|2|001|100| A|Pembinaan Jabatan Fungsional Perbendaharaan|00||0|0
2026|01|528125|015|08|CD|6213|FAL|14|51|2|003|100| A|Monev Pelaksanaan Anggaran|00||0|0
2026|01|528125|015|08|CD|6214|FAL|14|51|2|002|100| A|Pelaksanaan PencairanPenarikanPengesahan Dana|00||0|0
2026|01|528125|015|08|CD|6214|FAL|14|51|2|002|100| B|PenerbitanPersetujuanRekonsiliasi RekeningSKPPKonfirmasi Penerimaan Negara, dll|00||0|0
2026|01|528125|015|08|CD|6215|FAH|14|51|2|003|100| A|Penyusunan Laporan Keuangan Tingkat Kuasa BUN di Daerah|00||0|0
2026|01|528125|015|08|WA|4715|EBA|14|51|2|001|100| A|TANPA SUB KOMPONEN|00||0|0
2026|01|528125|015|08|WA|4715|EBA|14|51|2|001|100| B|Koordinasi Penyusunan ATK PU|00||0|0
2026|01|528125|015|08|WA|4715|EBA|14|51|2|002|100| A|TANPA SUB KOMPONEN|00||0|0
2026|01|528125|015|08|WA|4715|EBA|14|51|2|994|002| A|Keperluan Seharihari Perkantoran|00||0|0
2026|01|528125|015|08|WA|4715|EBA|14|51|2|994|002| B|Langganan Daya dan Jasa|00||0|0
2026|01|528125|015|08|WA|4715|EBA|14|51|2|994|002| C|Pelaksanaan Operasional Kantor|00||0|0
2026|01|528125|015|08|WA|4715|EBA|14|51|2|994|002| D|Pemeliharaan Peralatan dan Mesin|00||0|0
2026|01|528125|015|08|WA|4715|EBA|14|51|2|994|002| G|Pemeliharaan Gedung dan Bangunan|00||0|0
2026|01|528125|015|08|WA|4715|EBA|14|51|2|994|002|HA|Dukungan Tusi - Konsultasi Pencairan Dana|00||0|0
2026|01|528125|015|08|WA|4715|EBA|14|51|2|994|002|HB|Dukungan Tusi - Reviu Belanja Pemerintah|00||0|0
2026|01|528125|015|08|WA|4715|EBA|14|51|2|994|002|HE|Dukungan Tusi - WBK WBBM|00||0|0
2026|01|528125|015|08|WA|4715|EBA|14|51|2|994|002|HH|Dukungan Pelaksaan Tusi Prioritas Direktif Presiden |00||0|0
2026|01|528125|015|08|WA|4715|EBA|14|51|2|994|002|TJ|Jasa PemeliharaanAnnual Technical Support (ATS)|00||0|0
2026|01|528125|015|08|WA|4715|EBB|14|51|2|002|100| A|TANPA SUB KOMPONEN|00||0|0
2026|01|528125|015|08|WA|4718|BMB|14|51|2|002|100| A|TANPA SUB KOMPONEN|00||0|0
2026|01|528125|015|08|WA|4718|BMB|14|51|2|001|100| A|TANPA SUB KOMPONEN|00||0|0
2026|01|528125|015|08|WA|4719|EBA|14|51|2|994|001| A|TANPA SUB KOMPONEN|00||0|0
2026|01|528125|015|08|WA|4719|EBA|14|51|2|004|100| A|Survey Kepuasan Pengguna Layanan|00||0|0
2026|01|528125|015|08|WA|4719|EBC|14|51|2|001|100|XC|Penyelenggaraan Capacity Building|00||0|0
2026|01|528082|015|08|CD|6212|BMB|13|06|2|001|100| A|Profiling UMKM|00||0|0
2026|01|528082|015|08|CD|6212|FAC|13|06|2|001|100| A|Training Modul Aplikasi SAKTI|00||0|0
2026|01|528082|015|08|CD|6212|FAC|13|06|2|001|100| B|FGD dan Bimtek Transfer Keuangan Daerah|00||0|0
2026|01|528082|015|08|CD|6212|FAH|13|06|2|001|100| A|TANPA SUB KOMPONEN|00||0|0
2026|01|528082|015|08|CD|6212|FAL|13|06|2|004|100| A|Konsultasi|00||0|0
2026|01|528082|015|08|CD|6212|FAL|13|06|2|004|100| B|Sosialisasi dan Bimbingan Teknis|00||0|0
2026|01|528082|015|08|CD|6212|FAL|13|06|2|004|100| D|Pembinaan Pemda, TKD, dan Penandatanganan BA Rekonsiliasi Pajak|00||0|0
2026|01|528082|015|08|CD|6213|FAC|13|06|2|001|100| A|Pembinaan Jabatan Fungsional Perbendaharaan|00||0|0
2026|01|528082|015|08|CD|6213|FAE|13|06|2|009|100| A|Monev Penyaluran Pembiayaan Ultra Mikro|00||0|0
2026|01|528082|015|08|CD|6213|FAL|13|06|2|003|100| A|Monev Pelaksanaan Anggaran|00||0|0
2026|01|528082|015|08|CD|6214|FAL|13|06|2|002|100| A|Pelaksanaan PencairanPenarikanPengesahan Dana|00||0|0
2026|01|528082|015|08|CD|6214|FAL|13|06|2|002|100| B|PenerbitanPersetujuanRekonsiliasi RekeningSKPPKonfirmasi Penerimaan Negara, dll|00||0|0
2026|01|528082|015|08|CD|6215|FAH|13|06|2|003|100| A|Penyusunan Laporan Keuangan Tingkat Kuasa BUN di Daerah|00||0|0
2026|01|528082|015|08|WA|4715|EBA|13|06|2|001|100| A|TANPA SUB KOMPONEN|00||0|0
2026|01|528082|015|08|WA|4715|EBA|13|06|2|001|100| B|Koordinasi Penyusunan ATK PU|00||0|0
2026|01|528082|015|08|WA|4715|EBA|13|06|2|002|100| A|TANPA SUB KOMPONEN|00||0|0
2026|01|528082|015|08|WA|4715|EBA|13|06|2|994|002| A|Keperluan Seharihari Perkantoran|00||0|0
2026|01|528082|015|08|WA|4715|EBA|13|06|2|994|002| B|Langganan Daya dan Jasa|00||0|0
2026|01|528082|015|08|WA|4715|EBA|13|06|2|994|002| C|Pelaksanaan Operasional Kantor|00||0|0
2026|01|528082|015|08|WA|4715|EBA|13|06|2|994|002| D|Pemeliharaan Peralatan dan Mesin|00||0|0
2026|01|528082|015|08|WA|4715|EBA|13|06|2|994|002| E|Pemeliharaan Gedung dan Bangunan|00||0|0
2026|01|528082|015|08|WA|4715|EBA|13|06|2|994|002|HA|Dukungan Tusi - Konsultasi Pencairan Dana|00||0|0
2026|01|528082|015|08|WA|4715|EBA|13|06|2|994|002|HB|Dukungan Tusi - Reviu Belanja Pemerintah|00||0|0
2026|01|528082|015|08|WA|4715|EBA|13|06|2|994|002|HH|Dukungan Pelaksanaan Tusi Prioritas Direktif Presiden|00||0|0
2026|01|528082|015|08|WA|4715|EBA|13|06|2|994|002|TJ|Jasa PemeliharaanAnnual Technical Support (ATS)|00||0|0
2026|01|528082|015|08|WA|4715|EBD|13|06|2|Z36|100| B|Pelaksanaan Manajemen Kinerja, Resiko dan Kepatuhan Internal|00||0|0
2026|01|528082|015|08|WA|4718|BMB|13|06|2|002|100| A|TANPA SUB KOMPONEN|00||0|0
2026|01|528082|015|08|WA|4718|BMB|13|06|2|001|100| A|TANPA SUB KOMPONEN|00||0|0
2026|01|528082|015|08|WA|4719|EBA|13|06|2|994|001| A|TANPA SUB KOMPONEN|00||0|0
2026|01|528082|015|08|WA|4719|EBA|13|06|2|004|100| A|Survey Kepuasan Pengguna Layanan|00||0|0
2026|01|528082|015|08|WA|4719|EBC|13|06|2|001|100| A|Peningkatan Kapasitas SDM|00||0|0
2026|01|528078|015|08|CD|6212|BMB|13|03|2|001|100| A|Profiling UMKM|00||0|0
2026|01|528078|015|08|CD|6212|FAC|13|03|2|001|100| A|Training Modul Aplikasi SAKTI|00||0|0
2026|01|528078|015|08|CD|6212|FAC|13|03|2|001|100| B|FGD dan Bimtek Transfer Keuangan Daerah|00||0|0
2026|01|528078|015|08|CD|6212|FAH|13|03|2|001|100| A|TANPA SUB KOMPONEN|00||0|0
2026|01|528078|015|08|CD|6212|FAL|13|03|2|004|100| A|Konsultasi|00||0|0
2026|01|528078|015|08|CD|6212|FAL|13|03|2|004|100| B|Sosialisasi dan Bimbingan Teknis|00||0|0
2026|01|528078|015|08|CD|6212|FAL|13|03|2|004|100| D|Pembinaan Pemda, TKD, dan Penandatanganan BAR|00||0|0
2026|01|528078|015|08|CD|6213|FAC|13|03|2|001|100| A|Pembinaan Jabatan Fungsional Perbendaharaan|00||0|0
2026|01|528078|015|08|CD|6213|FAE|13|03|2|009|100| A|Monev Penyaluran Pembiayaan Ultra Mikro|00||0|0
2026|01|528078|015|08|CD|6213|FAL|13|03|2|003|100| A|Monev Pelaksanaan Anggaran|00||0|0
2026|01|528078|015|08|CD|6214|FAL|13|03|2|002|100| A|Pelaksanaan PencairanPenarikanRepaymentPengesahan Dana|00||0|0
2026|01|528078|015|08|CD|6214|FAL|13|03|2|002|100| B|PenerbitanPersetujuanRekonsiliasi RekeningSKPPKonfirmasi Penerimaan Negara, dll|00||0|0
2026|01|528078|015|08|CD|6215|FAH|13|03|2|003|100| A|Penyusunan Laporan Keuangan Tingkat Kuasa BUN di Daerah|00||0|0
2026|01|528078|015|08|CD|6215|FAH|13|03|2|003|100| B|Koordinasi UAKBUND KPPN di Kanwil|00||0|0
2026|01|528078|015|08|WA|4715|EBA|13|03|2|001|100| A|TANPA SUB KOMPONEN|00||0|0
2026|01|528078|015|08|WA|4715|EBA|13|03|2|001|100| B|Koordinasi Penyusunan ATK PU|00||0|0
2026|01|528078|015|08|WA|4715|EBA|13|03|2|002|100| A|TANPA SUB KOMPONEN|00||0|0
2026|01|528078|015|08|WA|4715|EBA|13|03|2|994|002| A|Keperluan Seharihari Perkantoran|00||0|0
2026|01|528078|015|08|WA|4715|EBA|13|03|2|994|002| B|Langganan Daya dan Jasa|00||0|0
2026|01|528078|015|08|WA|4715|EBA|13|03|2|994|002| C|Pelaksanaan Operasional Kantor|00||0|0
2026|01|528078|015|08|WA|4715|EBA|13|03|2|994|002| D|Pemeliharaan Peralatan dan Mesin|00||0|0
2026|01|528078|015|08|WA|4715|EBA|13|03|2|994|002| G|Pemeliharaan Gedung dan Bangunan|00||0|0
2026|01|528078|015|08|WA|4715|EBA|13|03|2|994|002|HA|Dukungan Tusi - Konsultasi Pencairan Dana|00||0|0
2026|01|528078|015|08|WA|4715|EBA|13|03|2|994|002|HB|Dukungan Tusi - Reviu Belanja Pemerintah|00||0|0
2026|01|528078|015|08|WA|4715|EBA|13|03|2|994|002|HH|Dukungan Pelaksaan Tusi Prioritas Direktif Presiden |00||0|0
2026|01|528078|015|08|WA|4715|EBA|13|03|2|994|002|TJ|Jasa PemeliharaanAnnual Technical Support (ATS)|00||0|0
2026|01|528078|015|08|WA|4715|EBB|13|03|2|002|100| A|TANPA SUB KOMPONEN|00||0|0
2026|01|528078|015|08|WA|4715|EBD|13|03|2|Z36|100| B|Pelaksanaan Manajemen Kinerja, Resiko dan Kepatuhan Internal|00||0|0
2026|01|528078|015|08|WA|4718|BMB|13|03|2|002|100| A|TANPA SUB KOMPONEN|00||0|0
2026|01|528078|015|08|WA|4718|BMB|13|03|2|001|100| A|TANPA SUB KOMPONEN|00||0|0
2026|01|528078|015|08|WA|4719|EBA|13|03|2|994|001| A|TANPA SUB KOMPONEN|00||0|0
2026|01|528078|015|08|WA|4719|EBA|13|03|2|004|100| A|Survey Kepuasan Pengguna Layanan|00||0|0
2026|01|528078|015|08|WA|4719|EBC|13|03|2|001|100| A|Peningkatan Kapasitas SDM|00||0|0
2026|01|528146|015|08|CD|6212|FAC|14|03|2|001|100| A|Training Modul Aplikasi SAKTI|00||0|0
2026|01|528146|015|08|CD|6212|FAC|14|03|2|001|100| B|FGD dan Bimtek Transfer Keuangan Daerah|00||0|0
2026|01|528146|015|08|CD|6212|FAH|14|03|2|001|100| A|TANPA SUB KOMPONEN|00||0|0
2026|01|528146|015|08|CD|6212|FAL|14|03|2|004|100| A|Konsultasi|00||0|0
2026|01|528146|015|08|CD|6212|FAL|14|03|2|004|100| B|Sosialisasi dan Bimbingan Teknis|00||0|0
2026|01|528146|015|08|CD|6212|FAL|14|03|2|004|100| D|Pembinaan Pemda, TKD, dan Penandatanganan BAR|00||0|0
2026|01|528146|015|08|CD|6213|FAC|14|03|2|001|100| A|Pembinaan Jabatan Fungsional Perbendaharaan|00||0|0
2026|01|528146|015|08|CD|6213|FAL|14|03|2|003|100| A|TANPA SUB KOMPONEN|00||0|0
2026|01|528146|015|08|CD|6214|FAL|14|03|2|002|100| A|Pelaksanaan PencairanPenarikanPengesahan Dana|00||0|0
2026|01|528146|015|08|CD|6214|FAL|14|03|2|002|100| B|PenerbitanPersetujuanRekonsiliasi RekeningSKPPKonfirmasi Penerimaan Negara, dll|00||0|0
2026|01|528146|015|08|CD|6215|FAH|14|03|2|003|100| A|Penyusunan Laporan Keuangan Tingkat Kuasa BUN di Daerah|00||0|0
2026|01|528146|015|08|WA|4715|EBA|14|03|2|001|100| A|TANPA SUB KOMPONEN|00||0|0
2026|01|528146|015|08|WA|4715|EBA|14|03|2|001|100| B|TANPA SUB KOMPONEN|00||0|0
2026|01|528146|015|08|WA|4715|EBA|14|03|2|002|100| A|TANPA SUB KOMPONEN|00||0|0
2026|01|528146|015|08|WA|4715|EBA|14|03|2|994|002| A|Keperluan Seharihari Perkantoran|00||0|0
2026|01|528146|015|08|WA|4715|EBA|14|03|2|994|002| B|Langganan Daya dan Jasa|00||0|0
2026|01|528146|015|08|WA|4715|EBA|14|03|2|994|002| C|Pelaksanaan Operasional Kantor|00||0|0
2026|01|528146|015|08|WA|4715|EBA|14|03|2|994|002| D|Pemeliharaan Peralatan dan Mesin|00||0|0
2026|01|528146|015|08|WA|4715|EBA|14|03|2|994|002| G|Pemeliharaan Gedung dan Bangunan|00||0|0
2026|01|528146|015|08|WA|4715|EBA|14|03|2|994|002|HA|Dukungan Tusi - Konsultasi Pencairan Dana|00||0|0
2026|01|528146|015|08|WA|4715|EBA|14|03|2|994|002|HB|Dukungan Tusi - Reviu Belanja Pemerintah|00||0|0
2026|01|528146|015|08|WA|4715|EBA|14|03|2|994|002|HH|Dukungan Pelaksaan Tusi Prioritas Direktif Presiden |00||0|0
2026|01|528146|015|08|WA|4715|EBA|14|03|2|994|002|TJ|Jasa PemeliharaanAnnual Technical Support (ATS)|00||0|0
2026|01|528146|015|08|WA|4715|EBD|14|03|2|Z36|100| B|Pelaksanaan Manajemen Kinerja, Resiko dan Kepatuhan Internal|00||0|0
2026|01|528146|015|08|WA|4718|BMB|14|03|2|001|100| A|TANPA SUB KOMPONEN|00||0|0
2026|01|528146|015|08|WA|4718|BMB|14|03|2|002|100| A|TANPA SUB KOMPONEN|00||0|0
2026|01|528146|015|08|WA|4719|EBA|14|03|2|004|100| A|Survey Kepuasan Pengguna Layanan|00||0|0
2026|01|528146|015|08|WA|4719|EBA|14|03|2|994|001| A|TANPA SUB KOMPONEN|00||0|0
2026|01|528146|015|08|WA|4719|EBC|14|03|2|001|100|XC|Penyelenggaraan Capacity Building|00||0|0
2026|01|528150|015|08|CD|6212|BMB|14|05|2|001|100| A|Profiling UMKM|00||0|0
2026|01|528150|015|08|CD|6212|FAC|14|05|2|001|100| A|Training Modul Aplikasi SAKTI|00||0|0
2026|01|528150|015|08|CD|6212|FAC|14|05|2|001|100| B|FGD dan Bimtek Transfer Keuangan Daerah|00||0|0
2026|01|528150|015|08|CD|6212|FAH|14|05|2|001|100| A|TANPA SUB KOMPONEN|00||0|0
2026|01|528150|015|08|CD|6212|FAL|14|05|2|004|100| A|Konsultasi|00||0|0
2026|01|528150|015|08|CD|6212|FAL|14|05|2|004|100| B|Sosialisasi dan Bimbingan Teknis|00||0|0
2026|01|528150|015|08|CD|6212|FAL|14|05|2|004|100| D|Pembinaan Pemda, TKD, dan Penandatanganan BAR|00||0|0
2026|01|528150|015|08|CD|6213|FAC|14|05|2|001|100| A|Pembinaan Jabatan Fungsional Perbendaharaan|00||0|0
2026|01|528150|015|08|CD|6213|FAL|14|05|2|003|100| A|Monev Pelaksanaan Anggaran|00||0|0
2026|01|528150|015|08|CD|6214|FAL|14|05|2|002|100| A|Pelaksanaan Pencairan/Penarikan/Pengesahan Dana|00||0|0
2026|01|528150|015|08|CD|6214|FAL|14|05|2|002|100| B|Penerbitan/Persetujuan/Rekonsiliasi Rekening/SKPP/Konfirmasi Penerimaan Negara, dll|00||0|0
2026|01|528150|015|08|CD|6215|FAH|14|05|2|003|100| A|Penyusunan Laporan Keuangan Tingkat Kuasa BUN di Daerah|00||0|0
2026|01|528150|015|08|WA|4715|EBA|14|05|2|001|100| A|TANPA SUB KOMPONEN|00||0|0
2026|01|528150|015|08|WA|4715|EBA|14|05|2|002|100| A|TANPA SUB KOMPONEN|00||0|0
2026|01|528150|015|08|WA|4715|EBA|14|05|2|994|002| A|Keperluan Sehari-hari Perkantoran|00||0|0
2026|01|528150|015|08|WA|4715|EBA|14|05|2|994|002| B|Langganan Daya dan Jasa|00||0|0
2026|01|528150|015|08|WA|4715|EBA|14|05|2|994|002| C|Pelaksanaan Operasional Kantor|00||0|0
2026|01|528150|015|08|WA|4715|EBA|14|05|2|994|002| D|Pemeliharaan Peralatan dan Mesin|00||0|0
2026|01|528150|015|08|WA|4715|EBA|14|05|2|994|002| G|Pemeliharaan Gedung dan Bangunan|00||0|0
2026|01|528150|015|08|WA|4715|EBA|14|05|2|994|002|HA|Dukungan Tusi - Konsultasi Pencairan Dana|00||0|0
2026|01|528150|015|08|WA|4715|EBA|14|05|2|994|002|HB|Dukungan Tusi - Reviu Belanja Pemerintah|00||0|0
2026|01|528150|015|08|WA|4715|EBA|14|05|2|994|002|HH|Dukungan Pel aksaan Tusi  Prioritas Direktif Presiden|00||0|0
2026|01|528150|015|08|WA|4715|EBA|14|05|2|994|002|TJ|Jasa Pemeliharaan/Annual Technical Support (ATS)|00||0|0
2026|01|528150|015|08|WA|4715|EBD|14|05|2|Z36|100| B|Pelaksanaan Manajemen Kinerja, Resiko dan Kepatuhan Internal|00||0|0
2026|01|528150|015|08|WA|4718|BMB|14|05|2|001|100| A|TANPA SUB KOMPONEN|00||0|0
2026|01|528150|015|08|WA|4718|BMB|14|05|2|002|100| A|TANPA SUB KOMPONEN|00||0|0
2026|01|528150|015|08|WA|4719|EBA|14|05|2|004|100| A|Survey Kepuasan Pengguna Layanan|00||0|0
2026|01|528150|015|08|WA|4719|EBA|14|05|2|994|001| A|TANPA SUB KOMPONEN|00||0|0
2026|01|528150|015|08|WA|4719|EBC|14|05|2|001|100|XC|Penyelenggaraan Capacity Building|00||0|0
2026|01|528188|015|08|CD|6212|BMB|15|51|2|001|100| A|Profiling UMKM|00||0|0
2026|01|528188|015|08|CD|6212|FAC|15|51|2|001|100| A|Training Modul Aplikasi SAKTI|00||0|0
2026|01|528188|015|08|CD|6212|FAC|15|51|2|001|100| B|FGD dan Bimtek Transfer Keuangan Daerah|00||0|0
2026|01|528188|015|08|CD|6212|FAH|15|51|2|001|100| A|TANPA SUB KOMPONEN|00||0|0
2026|01|528188|015|08|CD|6212|FAL|15|51|2|004|100| A|Konsultasi|00||0|0
2026|01|528188|015|08|CD|6212|FAL|15|51|2|004|100| B|Sosialisasi dan Bimbingan Teknis|00||0|0
2026|01|528188|015|08|CD|6212|FAL|15|51|2|004|100| C|Pembinaan Satker|00||0|0
2026|01|528188|015|08|CD|6212|FAL|15|51|2|004|100| D|Pembinaan Pemda, TKD, dan Penandatanganan BAR|00||0|0
2026|01|528188|015|08|CD|6213|FAC|15|51|2|001|100| A|Pembinaan Jabatan Fungsional Perbendaharaan|00||0|0
2026|01|528188|015|08|CD|6213|FAE|15|51|2|009|100| A|Monev Penyaluran Pembiayaan Ultra MIkro|00||0|0
2026|01|528188|015|08|CD|6213|FAL|15|51|2|003|100| A|Monev Pelaksanaan Anggaran|00||0|0
2026|01|528188|015|08|CD|6214|FAL|15|51|2|002|100| A|Pelaksanaan PencairanPenarikanPengesahan Dana|00||0|0
2026|01|528188|015|08|CD|6214|FAL|15|51|2|002|100| B|PenerbitanPersetujuanRekonsiliasi RekeningSKPPKonfirmasi Penerimaan Negara, dll|00||0|0
2026|01|528188|015|08|CD|6215|FAH|15|51|2|003|100| A|Penyusunan Laporan Keuangan Tingkat Kuasa BUN di Daerah|00||0|0
2026|01|528188|015|08|WA|4715|EBA|15|51|2|001|100| A|TANPA SUB KOMPONEN|00||0|0
2026|01|528188|015|08|WA|4715|EBA|15|51|2|001|100| B|Koordinasi Penyusunan ATK PU|00||0|0
2026|01|528188|015|08|WA|4715|EBA|15|51|2|002|100| A|TANPA SUB KOMPONEN|00||0|0
2026|01|528188|015|08|WA|4715|EBA|15|51|2|994|002| A|Keperluan Seharihari Perkantoran|00||0|0
2026|01|528188|015|08|WA|4715|EBA|15|51|2|994|002| B|Langganan Daya dan Jasa|00||0|0
2026|01|528188|015|08|WA|4715|EBA|15|51|2|994|002| C|Pelaksanaan Operasional Kantor|00||0|0
2026|01|528188|015|08|WA|4715|EBA|15|51|2|994|002| D|Pemeliharaan Peralatan dan Mesin|00||0|0
2026|01|528188|015|08|WA|4715|EBA|15|51|2|994|002| G|Pemeliharaan Gedung dan Bangunan|00||0|0
2026|01|528188|015|08|WA|4715|EBA|15|51|2|994|002|HA|Dukungan Tusi - Konsultasi Pencairan Dana|00||0|0
2026|01|528188|015|08|WA|4715|EBA|15|51|2|994|002|HB|Dukungan Tusi - Reviu Belanja Pemerintah|00||0|0
2026|01|528188|015|08|WA|4715|EBA|15|51|2|994|002|HH|Dukungan Pelaksaan Tusi Prioritas Direktif Presiden |00||0|0
2026|01|528188|015|08|WA|4715|EBA|15|51|2|994|002|TJ|Jasa Pemeliharaan Annual Technical Support (ATS)|00||0|0
2026|01|528188|015|08|WA|4715|EBB|15|51|2|002|100| A|Air Purifier  Eco Office|00||0|0
2026|01|528188|015|08|WA|4718|BMB|15|51|2|001|100| A|TANPA SUB KOMPONEN|00||0|0
2026|01|528188|015|08|WA|4718|BMB|15|51|2|002|100| A|TANPA SUB KOMPONEN|00||0|0
2026|01|528188|015|08|WA|4719|EBA|15|51|2|004|100| A|Survey Kepuasan Pengguna Layanan|00||0|0
2026|01|528188|015|08|WA|4719|EBA|15|51|2|994|001| A|TANPA SUB KOMPONEN|00||0|0
2026|01|528188|015|08|WA|4719|EBC|15|51|2|001|100| A|Peningkatan Kapasitas SDM|00||0|0
2026|01|528200|015|08|CD|6212|BMB|15|05|2|001|100| A|Profiling UMKM|00||0|0
2026|01|528200|015|08|CD|6212|FAC|15|05|2|001|100| A|Training Modul Aplikasi SAKTI|00||0|0
2026|01|528200|015|08|CD|6212|FAC|15|05|2|001|100| B|FGD dan Bimtek Transfer Keuangan Daerah|00||0|0
2026|01|528200|015|08|CD|6212|FAH|15|05|2|001|100| A|TANPA SUB KOMPONEN|00||0|0
2026|01|528200|015|08|CD|6212|FAL|15|05|2|004|100| A|Konsultasi|00||0|0
2026|01|528200|015|08|CD|6212|FAL|15|05|2|004|100| B|Sosialisasi dan Bimbingan Teknis|00||0|0
2026|01|528200|015|08|CD|6212|FAL|15|05|2|004|100| D|Pembinaan Pemda, TKD, dan Penandatanganan BA Rekonsiliasi Pajak|00||0|0
2026|01|528200|015|08|CD|6213|FAC|15|05|2|001|100| A|Pembinaan Jabatan Fungsional Perbendaharaan|00||0|0
2026|01|528200|015|08|CD|6213|FAL|15|05|2|003|100| A|Monev Pelaksanaan Anggaran|00||0|0
2026|01|528200|015|08|CD|6214|FAL|15|05|2|002|100| A|Pelaksanaan PencairanPenarikanPengesahan Dana|00||0|0
2026|01|528200|015|08|CD|6214|FAL|15|05|2|002|100| B|PenerbitanPersetujuanRekonsiliasi RekeningSKPPKonfirmasi Penerimaan Negara|00||0|0
2026|01|528200|015|08|CD|6215|FAH|15|05|2|003|100| A|Penyusunan Laporan Keuangan Tingkat Kuasa BUN di Daerah|00||0|0
2026|01|528200|015|08|CD|6215|FAH|15|05|2|003|100| B|Koordinasi UAKBUND KPPN di Kanwil|00||0|0
2026|01|528200|015|08|WA|4715|EBA|15|05|2|001|100| A|TANPA SUB KOMPONEN|00||0|0
2026|01|528200|015|08|WA|4715|EBA|15|05|2|001|100| B|Koordinasi Penyusunan ATK PU|00||0|0
2026|01|528200|015|08|WA|4715|EBA|15|05|2|002|100| A|TANPA SUB KOMPONEN|00||0|0
2026|01|528200|015|08|WA|4715|EBA|15|05|2|994|002| A|Keperluan Seharihari Perkantoran|00||0|0
2026|01|528200|015|08|WA|4715|EBA|15|05|2|994|002| B|Langganan Daya dan Jasa|00||0|0
2026|01|528200|015|08|WA|4715|EBA|15|05|2|994|002| C|Pelaksanaan Operasional Kantor|00||0|0
2026|01|528200|015|08|WA|4715|EBA|15|05|2|994|002| D|Pemeliharaan Peralatan dan Mesin|00||0|0
2026|01|528200|015|08|WA|4715|EBA|15|05|2|994|002| G|Pemeliharaan Gedung dan Bangunan|00||0|0
2026|01|528200|015|08|WA|4715|EBA|15|05|2|994|002|HA|Dukungan Tusi - Konsultasi Pencairan Dana|00||0|0
2026|01|528200|015|08|WA|4715|EBA|15|05|2|994|002|HB|Dukungan Tusi - Reviu Belanja Pemerintah|00||0|0
2026|01|528200|015|08|WA|4715|EBA|15|05|2|994|002|HH|Dukungan Pelaksaan Tusi Prioritas Direktif Presiden|00||0|0
2026|01|528200|015|08|WA|4715|EBA|15|05|2|994|002|TJ|Jasa Pemeliharaan Annual Technical Support (ATS)|00||0|0
2026|01|528200|015|08|WA|4715|EBD|15|05|2|Z36|100| B|Pelaksanaan Manajemen Kinerja, Resiko dan Kepatuhan Internal|00||0|0
2026|01|528200|015|08|WA|4718|BMB|15|05|2|002|100| A|TANPA SUB KOMPONEN|00||0|0
2026|01|528200|015|08|WA|4718|BMB|15|05|2|001|100| A|TANPA SUB KOMPONEN|00||0|0
2026|01|528200|015|08|WA|4719|EBA|15|05|2|994|001| A|TANPA SUB KOMPONEN|00||0|0
2026|01|528200|015|08|WA|4719|EBA|15|05|2|004|100| A|Survey Kepuasan Pengguna Layanan|00||0|0
2026|01|528200|015|08|WA|4719|EBC|15|05|2|001|100|XC|Penyelenggaraan Capacity Building|00||0|0
2026|01|528171|015|08|CD|6212|BMB|15|51|2|001|100| A|Profiling UMKM|00||0|0
2026|01|528171|015|08|CD|6212|BMB|15|51|2|001|100| B|Pemberdayaan UMKM  SosialisasiBimtekAsistensi dan BazarPojokRumah UMKM|00||0|0
2026|01|528171|015|08|CD|6212|BMB|15|51|2|001|100| D|Komunikasi Publik  BazarPojokRumah UMKM|00||0|0
2026|01|528171|015|08|CD|6212|FAH|15|51|2|003|100| A|Pendampingan Penyusunan dan Penyelesaian Permasalahan Laporan Keuangan UAPPAW dan BLU|00||0|0
2026|01|528171|015|08|CD|6212|FAH|15|51|2|002|100| B|Pembinaan SAP pada Pemerintah Daerah|00||0|0
2026|01|528171|015|08|CD|6212|FAH|15|51|2|002|100| C|SosialisasiBimtekWorkshopFGD dengan Pemda|00||0|0
2026|01|528171|015|08|CD|6212|FAL|15|51|2|001|100| A|Sosialisasi PeraturanKebijakan Pelaksanaan Anggaran|00||0|0
2026|01|528171|015|08|CD|6212|FAL|15|51|2|001|100| B|Pengkoordinasian Kerjasama Ekonomi dan Keuangan Daerah|00||0|0
2026|01|528171|015|08|CD|6212|FAL|15|51|2|001|100| C|Pembinaan dan Bimtek Pengelolaan Keuangan Daerah|00||0|0
2026|01|528171|015|08|CD|6212|FAL|15|51|2|001|100| D|Penyerahan DIPA|00||0|0
2026|01|528171|015|08|CD|6213|ABA|15|51|2|001|100| A|Penyusunan Analisis Potensi Pembiayaan dan Pelaksanaan MoU DJPb dan PT SMI di Daerah|00||0|0
2026|01|528171|015|08|CD|6213|FAE|15|51|2|008|100| A|Koordinasi Pelaksanaan Tugas RCE  ALCo|00||0|0
2026|01|528171|015|08|CD|6213|FAL|15|51|2|003|100| A|Pelaksanaan Spending Review|00||0|0
2026|01|528171|015|08|CD|6213|FAL|15|51|2|003|100| C|Review Pelaksanaan Anggaran|00||0|0
2026|01|528171|015|08|CD|6213|FAL|15|51|2|003|100| E|Pengumpulan InformasiPenajaman Data Fiskal RegionalPenyusunan KFR|00||0|0
2026|01|528171|015|08|CD|6213|FAL|15|51|2|003|100| F|Publikasi Kajian Fiskal Regional|00||0|0
2026|01|528171|015|08|CD|6213|FAL|15|51|2|003|100| G|Pengumpulan Konfirmasi Informasi Pengelolaan Keuangan Daerah dan Penyusunan Profil Keuangan Daerah|00||0|0
2026|01|528171|015|08|CD|6213|FAL|15|51|2|003|100| H|Monitoring atas Dana Transfer dan Dana Desa|00||0|0
2026|01|528171|015|08|CD|6215|FAH|15|51|2|003|100| B|Koordinasi UAKBUND (KPPN)|00||0|0
2026|01|528171|015|08|CD|6215|FAH|15|51|2|001|100| B|Penyusunan Laporan Statistik Keuangan Pemerintah Tingkat Wilayah|00||0|0
2026|01|528171|015|08|WA|4715|EBA|15|51|2|001|100| A|TANPA SUB KOMPONEN|00||0|0
2026|01|528171|015|08|WA|4715|EBA|15|51|2|001|100| B|TANPA SUB KOMPONEN|00||0|0
2026|01|528171|015|08|WA|4715|EBA|15|51|2|002|100| A|TANPA SUB KOMPONEN|00||0|0
2026|01|528171|015|08|WA|4715|EBA|15|51|2|994|002| A|Keperluan Seharihari Perkantoran|00||0|0
2026|01|528171|015|08|WA|4715|EBA|15|51|2|994|002| B|Langganan Daya dan Jasa|00||0|0
2026|01|528171|015|08|WA|4715|EBA|15|51|2|994|002| C|Pelaksanaan Operasional Kantor|00||0|0
2026|01|528171|015|08|WA|4715|EBA|15|51|2|994|002| D|Pemeliharaan Peralatan dan Mesin|00||0|0
2026|01|528171|015|08|WA|4715|EBA|15|51|2|994|002| G|Pemeliharaan Gedung dan Bangunan|00||0|0
2026|01|528171|015|08|WA|4715|EBA|15|51|2|994|002|HB|Dukungan Tusi - Reviu Belanja Pemerintah|00||0|0
2026|01|528171|015|08|WA|4715|EBA|15|51|2|994|002|HC|Dukungan Tusi - Government Financial Statistic (GFS)|00||0|0
2026|01|528171|015|08|WA|4715|EBA|15|51|2|994|002|HD|Dukungan Tusi - Rekomendasi Pengelolaan Organisasi|00||0|0
2026|01|528171|015|08|WA|4715|EBA|15|51|2|994|002|HE|Dukungan Tusi - WBK WBBM|00||0|0
2026|01|528171|015|08|WA|4715|EBA|15|51|2|994|002|HF|Dukungan Pelaksanaan Tusi Prioritas Direktif Presiden|00||0|0
2026|01|528171|015|08|WA|4715|EBA|15|51|2|994|002|TF|LisensiSoftwarePerangkat LunakTools|00||0|0
2026|01|528171|015|08|WA|4715|EBD|15|51|2|Z36|100| A|TANPA SUB KOMPONEN|00||0|0
2026|01|528171|015|08|WA|4715|EBD|15|51|2|Z26|100| A|Rakor Penyusunan Laporan Keuangan Tingkat UAPPAW|00||0|0
2026|01|528171|015|08|WA|4718|BMB|15|51|2|002|100| A|TANPA SUB KOMPONEN|00||0|0
2026|01|528171|015|08|WA|4718|BMB|15|51|2|001|100| A|TANPA SUB KOMPONEN|00||0|0
2026|01|528171|015|08|WA|4719|EBA|15|51|2|994|001| A|TANPA SUB KOMPONEN|00||0|0
2026|01|528171|015|08|WA|4719|EBA|15|51|2|003|100| B|Koordinasi Inovasi layanan|00||0|0
2026|01|528171|015|08|WA|4719|EBC|15|51|2|001|100|XC|Penyelenggaraan Capacity Building|00||0|0
2026|01|528171|015|08|WA|4722|EBD|15|51|2|001|100| A|Pelaksanaan Manajemen Resiko dan Kepatuhan Internal|00||0|0
2026|01|528277|015|08|CD|6212|BMB|17|51|2|001|100| A|Profiling UMKM|00||0|0
2026|01|528277|015|08|CD|6212|FAC|17|51|2|001|100| A|Training Modul Aplikasi SAKTI|00||0|0
2026|01|528277|015|08|CD|6212|FAC|17|51|2|001|100| B|FGD dan BimtekTransfer Keuangan Daerah|00||0|0
2026|01|528277|015|08|CD|6212|FAH|17|51|2|001|100| A|TANPA SUB KOMPONEN|00||0|0
2026|01|528277|015|08|CD|6212|FAL|17|51|2|004|100| A|Konsultasi|00||0|0
2026|01|528277|015|08|CD|6212|FAL|17|51|2|004|100| B|Sosialisasi dan Bimbingan Teknis|00||0|0
2026|01|528277|015|08|CD|6212|FAL|17|51|2|004|100| D|Pembinaan Pemda, TKD, dan Penandatanganan BAR|00||0|0
2026|01|528277|015|08|CD|6213|FAC|17|51|2|001|100| A|Pembinaan Jabatan Fungsional Perbendaharaan|00||0|0
2026|01|528277|015|08|CD|6213|FAE|17|51|2|009|100| A|Monev Penyaluran Pembiayaan Ultra Mikro|00||0|0
2026|01|528277|015|08|CD|6213|FAL|17|51|2|003|100| A|Monev Pelaksanaan Anggaran|00||0|0
2026|01|528277|015|08|CD|6214|FAL|17|51|2|002|100| A|Pelaksanaan PencairanPenarikanPengesahan Dana|00||0|0
2026|01|528277|015|08|CD|6214|FAL|17|51|2|002|100| B|PenerbitanPersetujuanRekonsiliasi RekeningSKPPKonfirmasi Penerimaan Negara, dll|00||0|0
2026|01|528277|015|08|CD|6215|FAH|17|51|2|003|100| A|Penyusunan Laporan Keuangan TingkatKuasa BUN di Daerah|00||0|0
2026|01|528277|015|08|WA|4715|EBA|17|51|2|001|100| A|TANPA SUB KOMPONEN|00||0|0
2026|01|528277|015|08|WA|4715|EBA|17|51|2|001|100| B|KOORDINASI PENYUSUNAN ATK PU|00||0|0
2026|01|528277|015|08|WA|4715|EBA|17|51|2|002|100| A|TANPA SUB KOMPONEN|00||0|0
2026|01|528277|015|08|WA|4715|EBA|17|51|2|994|002| A|Keperluan Seharihari Perkantoran|00||0|0
2026|01|528277|015|08|WA|4715|EBA|17|51|2|994|002| B|Langganan Daya dan Jasa|00||0|0
2026|01|528277|015|08|WA|4715|EBA|17|51|2|994|002| C|Pelaksanaan Operasional Kantor|00||0|0
2026|01|528277|015|08|WA|4715|EBA|17|51|2|994|002| D|Pemeliharaan Peralatan dan Mesin|00||0|0
2026|01|528277|015|08|WA|4715|EBA|17|51|2|994|002| G|Pemeliharaan Gedung dan Bangunan|00||0|0
2026|01|528277|015|08|WA|4715|EBA|17|51|2|994|002|HA|Dukungan Tusi - Konsultasi Pencairan Dana|00||0|0
2026|01|528277|015|08|WA|4715|EBA|17|51|2|994|002|HB|Dukungan Tusi - Reviu Belanja Pemerintah|00||0|0
2026|01|528277|015|08|WA|4715|EBA|17|51|2|994|002|HH|Dukungan Pelaksanaan Tusi Prioritas Direktif Presiden|00||0|0
2026|01|528277|015|08|WA|4715|EBA|17|51|2|994|002|TJ|Jasa PemeliharaanAnnual Technical Support (ATS)|00||0|0
2026|01|528277|015|08|WA|4715|EBB|17|51|2|002|100| A|TANPA SUB KOMPONEN|00||0|0
2026|01|528277|015|08|WA|4715|EBD|17|51|2|Z36|100| B|Pelaksanaa Manajemen Kinerja, Resiko dan Kepatuhan Internal|00||0|0
2026|01|528277|015|08|WA|4718|BMB|17|51|2|002|100| A|TANPA SUB KOMPONEN|00||0|0
2026|01|528277|015|08|WA|4718|BMB|17|51|2|001|100| A|TANPA SUB KOMPONEN|00||0|0
2026|01|528277|015|08|WA|4719|EBA|17|51|2|994|001| A|TANPA SUB KOMPONEN|00||0|0
2026|01|528277|015|08|WA|4719|EBA|17|51|2|004|100| A|Survey Kepuasan Pengguna Layanan|00||0|0
2026|01|528277|015|08|WA|4719|EBC|17|51|2|001|100|XC|Penyelenggaraan Capacity Building|00||0|0
2026|01|528235|015|08|CD|6212|BMB|35|51|2|001|100| A|Profiling UMKM|00||0|0
2026|01|528235|015|08|CD|6212|FAC|35|51|2|001|100| A|Training Modul Aplikasi SAKTI|00||0|0
2026|01|528235|015|08|CD|6212|FAC|35|51|2|001|100| B|FGD dan Bimtek Transfer Keuangan Daerah|00||0|0
2026|01|528235|015|08|CD|6212|FAH|35|51|2|001|100| A|TANPA SUB KOMPONEN|00||0|0
2026|01|528235|015|08|CD|6212|FAL|35|51|2|004|100| A|Konsultasi|00||0|0
2026|01|528235|015|08|CD|6212|FAL|35|51|2|004|100| B|Sosialisasi dan Bimbingan Teknis|00||0|0
2026|01|528235|015|08|CD|6212|FAL|35|51|2|004|100| D|Pembinaan Pemda, TKD, dan Penandatanganan BAR|00||0|0
2026|01|528235|015|08|CD|6213|FAC|35|51|2|001|100| A|Pembinaan Jabatan Fungsional Perbendaharaan|00||0|0
2026|01|528235|015|08|CD|6213|FAE|35|51|2|009|100| A|Monev Penyaluran Pembiayaan Ultra Mikro|00||0|0
2026|01|528235|015|08|CD|6213|FAL|35|51|2|003|100| A|Monev Pelaksanaan Anggaran|00||0|0
2026|01|528235|015|08|CD|6214|FAL|35|51|2|002|100| A|Pelaksanaan PencairanPenarikanPengesahan Dana|00||0|0
2026|01|528235|015|08|CD|6214|FAL|35|51|2|002|100| B|PenerbitanPersetujuanRekonsiliasi RekeningSKPPKonfirmasi Penerimaan Negara, dll|00||0|0
2026|01|528235|015|08|CD|6215|FAH|35|51|2|003|100| A|Penyusunan Laporan Keuangan Tingkat Kuasa BUN di Daerah|00||0|0
2026|01|528235|015|08|CD|6215|FAH|35|51|2|003|100| B|Koordinasi UAKBUND KPPN di Kanwil (Cross Program)|00||0|0
2026|01|528235|015|08|WA|4715|EBA|35|51|2|001|100| A|TANPA SUB KOMPONEN|00||0|0
2026|01|528235|015|08|WA|4715|EBA|35|51|2|001|100| B|Koordinasi Penyusunan ATK PU|00||0|0
2026|01|528235|015|08|WA|4715|EBA|35|51|2|002|100| A|TANPA SUB KOMPONEN|00||0|0
2026|01|528235|015|08|WA|4715|EBA|35|51|2|994|002| A|Keperluan Seharihari Perkantoran|00||0|0
2026|01|528235|015|08|WA|4715|EBA|35|51|2|994|002| B|Langganan Daya dan Jasa|00||0|0
2026|01|528235|015|08|WA|4715|EBA|35|51|2|994|002| C|Pelaksanaan Operasional Kantor|00||0|0
2026|01|528235|015|08|WA|4715|EBA|35|51|2|994|002| D|Pemeliharaan Peralatan dan Mesin|00||0|0
2026|01|528235|015|08|WA|4715|EBA|35|51|2|994|002| G|Pemeliharaan Gedung dan Bangunan|00||0|0
2026|01|528235|015|08|WA|4715|EBA|35|51|2|994|002|HA|Dukungan Tusi - Konsultasi Pencairan Dana|00||0|0
2026|01|528235|015|08|WA|4715|EBA|35|51|2|994|002|HB|Dukungan Tusi - Reviu Belanja Pemerintah|00||0|0
2026|01|528235|015|08|WA|4715|EBA|35|51|2|994|002|HH|Dukungan Pelaksaan Tusi Prioritas Direktif Presiden|00||0|0
2026|01|528235|015|08|WA|4715|EBA|35|51|2|994|002|TJ|Jasa PemeliharaanAnnual Technical Support (ATS)|00||0|0
2026|01|528235|015|08|WA|4715|EBD|35|51|2|Z36|100| B|Pelaksanaan Manajemen Kinerja, Resiko dan Kepatuhan Internal|00||0|0
2026|01|528235|015|08|WA|4718|BMB|35|51|2|002|100| A|TANPA SUB KOMPONEN|00||0|0
2026|01|528235|015|08|WA|4718|BMB|35|51|2|001|100| A|TANPA SUB KOMPONEN|00||0|0
2026|01|528235|015|08|WA|4719|EBA|35|51|2|994|001| A|TANPA SUB KOMPONEN|00||0|0
2026|01|528235|015|08|WA|4719|EBA|35|51|2|004|100| A|Survey Kepuasan Pengguna Layanan|00||0|0
2026|01|528235|015|08|WA|4719|EBC|35|51|2|001|100|XC|Penyelenggaraan Capacity Building|00||0|0
2026|01|528242|015|08|CD|6212|BMB|16|52|2|001|100| A|Profiling UMKM|00||0|0
2026|01|528242|015|08|CD|6212|FAC|16|52|2|001|100| A|Training Modul Aplikasi SAKTI|00||0|0
2026|01|528242|015|08|CD|6212|FAC|16|52|2|001|100| B|FGD dan Bimtek Transfer Keuangan Daerah|00||0|0
2026|01|528242|015|08|CD|6212|FAH|16|52|2|001|100| A|TANPA SUB KOMPONEN|00||0|0
2026|01|528242|015|08|CD|6212|FAL|16|52|2|004|100| A|Konsultasi|00||0|0
2026|01|528242|015|08|CD|6212|FAL|16|52|2|004|100| B|Sosialisasi dan Bimbingan Teknis|00||0|0
2026|01|528242|015|08|CD|6212|FAL|16|52|2|004|100| D|Pembinaan Pemda, TKD, dan Penandatanganan BAR|00||0|0
2026|01|528242|015|08|CD|6213|FAC|16|52|2|001|100| A|Pembinaan Jabatan Fungsional Perbendaharaan|00||0|0
2026|01|528242|015|08|CD|6213|FAE|16|52|2|009|100| A|Monev Penyaluran Pembiayaan Ultra Mikro|00||0|0
2026|01|528242|015|08|CD|6213|FAL|16|52|2|003|100| A|Monev Pelaksanaan Anggaran|00||0|0
2026|01|528242|015|08|CD|6214|FAL|16|52|2|002|100| A|Pelaksanaan PencairanPenarikanPengesahan Dana|00||0|0
2026|01|528242|015|08|CD|6214|FAL|16|52|2|002|100| B|PenerbitanPersetujuanRekonsiliasi RekeningSKPPKonfirmasi Penerimaan Negara, dll|00||0|0
2026|01|528242|015|08|CD|6215|FAH|16|52|2|003|100| A|Penyusunan Laporan Keuangan Tingkat Kuasa BUN di Daerah|00||0|0
2026|01|528242|015|08|WA|4715|EBA|16|52|2|001|100| A|TANPA SUB KOMPONEN|00||0|0
2026|01|528242|015|08|WA|4715|EBA|16|52|2|001|100| B|Koordinasi Penyusunan ATK PU|00||0|0
2026|01|528242|015|08|WA|4715|EBA|16|52|2|002|100| A|TANPA SUB KOMPONEN|00||0|0
2026|01|528242|015|08|WA|4715|EBA|16|52|2|994|002| A|Keperluan Seharihari Perkantoran|00||0|0
2026|01|528242|015|08|WA|4715|EBA|16|52|2|994|002| B|Langganan Daya dan Jasa|00||0|0
2026|01|528242|015|08|WA|4715|EBA|16|52|2|994|002| C|Pelaksanaan Operasional Kantor|00||0|0
2026|01|528242|015|08|WA|4715|EBA|16|52|2|994|002| D|Pemeliharaan Peralatan dan Mesin|00||0|0
2026|01|528242|015|08|WA|4715|EBA|16|52|2|994|002| G|Pemeliharaan Gedung dan Bangunan|00||0|0
2026|01|528242|015|08|WA|4715|EBA|16|52|2|994|002|HA|Dukungan Tusi-Konsultasi Pencairan Dana|00||0|0
2026|01|528242|015|08|WA|4715|EBA|16|52|2|994|002|HB|Dukungan Tusi-Reviu Belanja Pemerintah|00||0|0
2026|01|528242|015|08|WA|4715|EBA|16|52|2|994|002|HH|Dukungan Tusi-Prioritas Direktif Presiden|00||0|0
2026|01|528242|015|08|WA|4715|EBA|16|52|2|994|002|TJ|Jasa PemeliharaanAnnual Technical Support (ATS)|00||0|0
2026|01|528242|015|08|WA|4718|BMB|16|52|2|002|100| A|TANPA SUB KOMPONEN|00||0|0
2026|01|528242|015|08|WA|4718|BMB|16|52|2|001|100| A|TANPA SUB KOMPONEN|00||0|0
2026|01|528242|015|08|WA|4719|EBA|16|52|2|994|001| A|TANPA SUB KOMPONEN|00||0|0
2026|01|528242|015|08|WA|4719|EBA|16|52|2|004|100| A|Survey Kepuasan Pengguna Layanan|00||0|0
2026|01|528242|015|08|WA|4719|EBC|16|52|2|001|100|XC|Penyelenggaraan Capacity Building|00||0|0
2026|01|528221|015|08|CD|6212|BMB|16|51|2|001|100| A|Profilling UMKM|00||0|0
2026|01|528221|015|08|CD|6212|FAC|16|51|2|001|100| A|Training Modul Aplikasi SAKTI|00||0|0
2026|01|528221|015|08|CD|6212|FAC|16|51|2|001|100| B|FGD dan Bimtek Transfer Keuangan Daerah|00||0|0
2026|01|528221|015|08|CD|6212|FAH|16|51|2|001|100| A|TANPA SUB KOMPONEN|00||0|0
2026|01|528221|015|08|CD|6212|FAL|16|51|2|004|100| A|Konsultasi|00||0|0
2026|01|528221|015|08|CD|6212|FAL|16|51|2|004|100| B|Sosialisasi dan Bimbingan Teknis|00||0|0
2026|01|528221|015|08|CD|6212|FAL|16|51|2|004|100| C|Pembinaan Satker|00||0|0
2026|01|528221|015|08|CD|6212|FAL|16|51|2|004|100| D|Pembinaan Pemda, TKD, dan Penandatanganan BAR|00||0|0
2026|01|528221|015|08|CD|6213|FAC|16|51|2|001|100| A|Pembinaan Jabatan Fungsional Perbendaharaan|00||0|0
2026|01|528221|015|08|CD|6213|FAE|16|51|2|009|100| A|Monev Penyaluran Pembiayaan Ultra Mikro|00||0|0
2026|01|528221|015|08|CD|6213|FAL|16|51|2|003|100| A|Monev Pelaksanaan Anggaran|00||0|0
2026|01|528221|015|08|CD|6214|FAL|16|51|2|002|100| A|Pelaksanaan PencairanPenarikanPengesahan Dana|00||0|0
2026|01|528221|015|08|CD|6214|FAL|16|51|2|002|100| B|PenerbitanPersetujuanRekonsiliasi RekeningSKPPKonfirmasi Penerimaan Negara, dll|00||0|0
2026|01|528221|015|08|CD|6215|FAH|16|51|2|003|100| A|Penyusunan Laporan Keuangan Tingkat Kuasa BUN di Daerah|00||0|0
2026|01|528221|015|08|CD|6215|FAH|16|51|2|003|100| B|Koordinasi UAKBUND KPPN di Kanwil|00||0|0
2026|01|528221|015|08|WA|4715|EBA|16|51|2|001|100| A|TANPA SUB KOMPONEN|00||0|0
2026|01|528221|015|08|WA|4715|EBA|16|51|2|001|100| B|Koordinasi Penyusunan ATK PU|00||0|0
2026|01|528221|015|08|WA|4715|EBA|16|51|2|002|100| A|TANPA SUB KOMPONEN|00||0|0
2026|01|528221|015|08|WA|4715|EBA|16|51|2|994|002| A|Keperluan Seharihari Perkantoran|00||0|0
2026|01|528221|015|08|WA|4715|EBA|16|51|2|994|002| B|Langganan Daya dan Jasa|00||0|0
2026|01|528221|015|08|WA|4715|EBA|16|51|2|994|002| C|Pelaksanaan Operasional Kantor|00||0|0
2026|01|528221|015|08|WA|4715|EBA|16|51|2|994|002| D|Pemeliharaan Peralatan dan Mesin|00||0|0
2026|01|528221|015|08|WA|4715|EBA|16|51|2|994|002| G|Pemeliharaan Gedung dan Bangunan|00||0|0
2026|01|528221|015|08|WA|4715|EBA|16|51|2|994|002|HA|Dukungan Tusi - Konsultasi Pencairan Dana|00||0|0
2026|01|528221|015|08|WA|4715|EBA|16|51|2|994|002|HB|Dukungan Tusi - Reviu Belanja Pemerintah|00||0|0
2026|01|528221|015|08|WA|4715|EBA|16|51|2|994|002|HE|Dukungan Tusi - WBK WBBM|00||0|0
2026|01|528221|015|08|WA|4715|EBA|16|51|2|994|002|HH|Dukungan Pelaksaan Tusi Prioritas Direktif Presiden |00||0|0
2026|01|528221|015|08|WA|4715|EBA|16|51|2|994|002|TJ|Jasa PemeliharaanAnnual Technical Support (ATS)|00||0|0
2026|01|528221|015|08|WA|4715|EBB|16|51|2|002|100| A|TANPA SUB KOMPONEN|00||0|0
2026|01|528221|015|08|WA|4715|EBD|16|51|2|Z36|100| B|Pelaksanaan Manajemen Kinerja, Resiko dan Kepatuhan Internal|00||0|0
2026|01|528221|015|08|WA|4718|BMB|16|51|2|002|100| A|TANPA SUB KOMPONEN|00||0|0
2026|01|528221|015|08|WA|4718|BMB|16|51|2|001|100| A|TANPA SUB KOMPONEN|00||0|0
2026|01|528221|015|08|WA|4719|EBA|16|51|2|994|001| A|TANPA SUB KOMPONEN|00||0|0
2026|01|528221|015|08|WA|4719|EBA|16|51|2|004|100| A|Survey Kepuasan Pengguna Layanan|00||0|0
2026|01|528221|015|08|WA|4719|EBC|16|51|2|001|100|XC|Penyelenggaraan Capacity Building|00||0|0
2026|01|528260|015|08|CD|6212|BMB|17|51|2|001|100| A|Profiling UMKM|00||0|0
2026|01|528260|015|08|CD|6212|BMB|17|51|2|001|100| B|Pemberdayaan UMKM  SosialisasiBimtekAsistensi dan BazarPojokRumah UMKM|00||0|0
2026|01|528260|015|08|CD|6212|BMB|17|51|2|001|100| C|Monitoring dan Evaluasi|00||0|0
2026|01|528260|015|08|CD|6212|BMB|17|51|2|001|100| D|Komunikasi Publik  BazarPojokRumah UMKM|00||0|0
2026|01|528260|015|08|CD|6212|FAC|17|51|2|002|100| A|Pembinaan Satker BLU|00||0|0
2026|01|528260|015|08|CD|6212|FAC|17|51|2|002|100| B|AsistensiPembinaan Pengelolaan Keuangan BLU Daerah|00||0|0
2026|01|528260|015|08|CD|6212|FAH|17|51|2|003|100| A|Pendampingan Penyusunan dan Penyelesaian Permasalahan Laporan Keuangan UAPPAW dan UAKPA|00||0|0
2026|01|528260|015|08|CD|6212|FAH|17|51|2|003|100| B|Sosialisasi dan Bimbingan Teknis UAPPAW|00||0|0
2026|01|528260|015|08|CD|6212|FAH|17|51|2|002|100| A|Forum Koordinasi dan Rekonsiliasi Data dengan Bank Indonesia|00||0|0
2026|01|528260|015|08|CD|6212|FAH|17|51|2|002|100| B|Pembinaan SAP pada Pemerintah Daerah|00||0|0
2026|01|528260|015|08|CD|6212|FAH|17|51|2|002|100| C|SosialisasiBimtekWorkshopFGD dengan Pemda|00||0|0
2026|01|528260|015|08|CD|6212|FAL|17|51|2|001|100| A|Sosialisasi PeraturanKebijakan Pelaksanaan Anggaran|00||0|0
2026|01|528260|015|08|CD|6212|FAL|17|51|2|001|100| B|Pengkoordinasian Kerjasama Ekonomi dan Keuangan Daerah|00||0|0
2026|01|528260|015|08|CD|6212|FAL|17|51|2|001|100| C|Pembinaan dan Bimtek Pengelolaan Keuangan Daerah|00||0|0
2026|01|528260|015|08|CD|6212|FAL|17|51|2|001|100| D|Penyerahan DIPA|00||0|0
2026|01|528260|015|08|CD|6213|ABA|17|51|2|001|100| A|Penyusunan Analisis Potensi Pembiayaan dan Pelaksanaan MoU DJPb dan PT SMI di Daerah|00||0|0
2026|01|528260|015|08|CD|6213|FAE|17|51|2|008|100| A|Koordinasi Pelaksanaan Tugas RCE  ALCo|00||0|0
2026|01|528260|015|08|CD|6213|FAE|17|51|2|009|100| B|Monitoring dan Evaluasi KURPenerusan Pinjaman|00||0|0
2026|01|528260|015|08|CD|6213|FAE|17|51|2|009|100| C|Monev Site Visit Fasilitas Likuiditas Pembiayaan Perumahan (FLPP)|00||0|0
2026|01|528260|015|08|CD|6213|FAE|17|51|2|009|100| D|FGD Analisa Fasilitas Likuiditas Pembiayaan Perumahan (FLPP)|00||0|0
2026|01|528260|015|08|CD|6213|FAL|17|51|2|003|100| C|Review Pelaksanaan Anggaran|00||0|0
2026|01|528260|015|08|CD|6213|FAL|17|51|2|003|100| E|Pengumpulan InformasiPenajaman Data Fiskal REgionalPenyusunan KFR|00||0|0
2026|01|528260|015|08|CD|6213|FAL|17|51|2|003|100| F|Publikasi Kajian Fiskal Regional|00||0|0
2026|01|528260|015|08|CD|6213|FAL|17|51|2|003|100| G|Pengumpulan Konfirmasi Informasi Pengelolaan Keuangan Daerah dan Penyusunan Profil Keuangan Daerah|00||0|0
2026|01|528260|015|08|CD|6213|FAL|17|51|2|003|100| H|Monitoring atas Dana Transfer dan Dana Desa|00||0|0
2026|01|528260|015|08|CD|6215|FAH|17|51|2|003|100| A|Pembinaan UAKBUN D (KPPN)|00||0|0
2026|01|528260|015|08|CD|6215|FAH|17|51|2|003|100| B|Koordinasi UAKBUND (KPPN)|00||0|0
2026|01|528260|015|08|CD|6215|FAH|17|51|2|001|100| B|Penyusunan Laporan Statistik Keuangan Pemerintah Tingkat Wilayah|00||0|0
2026|01|528260|015|08|CD|6216|FAE|17|51|2|002|100| A|Pelaksanaan Survei Bahan Sumbangan Standar Biaya Masukan|00||0|0
2026|01|528260|015|08|WA|4715|EBA|17|51|2|001|100| A|TANPA SUB KOMPONEN|00||0|0
2026|01|528260|015|08|WA|4715|EBA|17|51|2|001|100| B|Koordinasi Penyusuyan ATK PU|00||0|0
2026|01|528260|015|08|WA|4715|EBA|17|51|2|002|100| A|TANPA SUB KOMPONEN|00||0|0
2026|01|528260|015|08|WA|4715|EBA|17|51|2|994|002| A|Keperluan Seharihari Perkantoran|00||0|0
2026|01|528260|015|08|WA|4715|EBA|17|51|2|994|002| B|Langganan Daya dan Jasa|00||0|0
2026|01|528260|015|08|WA|4715|EBA|17|51|2|994|002| C|Pelaksanaan Operasional Kantor|00||0|0
2026|01|528260|015|08|WA|4715|EBA|17|51|2|994|002| D|Pemeliharaan Peralatan dan Mesin|00||0|0
2026|01|528260|015|08|WA|4715|EBA|17|51|2|994|002| G|Pemeliharaan Gedung dan Bangunan|00||0|0
2026|01|528260|015|08|WA|4715|EBA|17|51|2|994|002|HB|Dukungan Tusi - Reviu Belanja Pemerintah|00||0|0
2026|01|528260|015|08|WA|4715|EBA|17|51|2|994|002|HC|Dukungan Tusi - Government Financial Statistic (GFS)|00||0|0
2026|01|528260|015|08|WA|4715|EBA|17|51|2|994|002|HD|Dukungan Tusi - Rekomendasi Pengelolaan Organisasi|00||0|0
2026|01|528260|015|08|WA|4715|EBA|17|51|2|994|002|HH|Dukungan Pelaksanaan Tusi Prioritas Direktif Presiden|00||0|0
2026|01|528260|015|08|WA|4715|EBD|17|51|2|Z36|100| A|TANPA SUB KOMPONEN|00||0|0
2026|01|528260|015|08|WA|4715|EBD|17|51|2|Z26|100| A|Rakor Penyusunan Laporan Keuangan Tingkat UAPPAW|00||0|0
2026|01|528260|015|08|WA|4718|BMB|17|51|2|002|100| A|TANPA SUB KOMPONEN|00||0|0
2026|01|528260|015|08|WA|4718|BMB|17|51|2|001|100| A|TANPA SUB KOMPONEN|00||0|0
2026|01|528260|015|08|WA|4719|EBA|17|51|2|003|100| B|Koordinasi Inovasi layanan|00||0|0
2026|01|528260|015|08|WA|4719|EBA|17|51|2|994|001| A|TANPA SUB KOMPONEN|00||0|0
2026|01|528260|015|08|WA|4719|EBA|17|51|2|005|100| A|Monitoring dan Evaluasi Implementasi ISO|00||0|0
2026|01|528260|015|08|WA|4719|EBA|17|51|2|005|100| B|Pelaksanaan Supervisi Teknis Aplikasi|00||0|0
2026|01|528260|015|08|WA|4719|EBC|17|51|2|001|100|XC|Penyelenggaraan Capacity Building|00||0|0
2026|01|528260|015|08|WA|4722|EBD|17|51|2|001|100| A|Pelaksanaan Manajemen Resiko dan Kepatuhan Internal|00||0|0
2026|01|528260|015|08|WA|4722|EBD|17|51|2|001|100| B|Pemanfaatan Kode Etik dan Kepatuhan Pegawai|00||0|0
2026|01|528331|015|08|CD|6212|FAC|18|01|2|001|100| A|Training Modul Aplikasi SAKTI|00||0|0
2026|01|528331|015|08|CD|6212|FAH|18|01|2|001|100| A|TANPA SUB KOMPONEN|00||0|0
2026|01|528331|015|08|CD|6212|FAL|18|01|2|004|100| A|Konsultasi|00||0|0
2026|01|528331|015|08|CD|6212|FAL|18|01|2|004|100| B|Sosialisasi dan Bimbingan Teknis|00||0|0
2026|01|528331|015|08|CD|6212|FAL|18|01|2|004|100| D|Pembinaan Pemda, TKD, dan Penandatanganan BAR|00||0|0
2026|01|528331|015|08|CD|6213|FAC|18|01|2|001|100| A|Pembinaan Jabatan Fungsional Perbendaharaan|00||0|0
2026|01|528331|015|08|CD|6213|FAL|18|01|2|003|100| A|Monev Pelaksanaan Anggaran|00||0|0
2026|01|528331|015|08|CD|6214|FAL|18|01|2|002|100| A|Pelaksanaan PencairanPenarikanPengesahan Dana|00||0|0
2026|01|528331|015|08|CD|6214|FAL|18|01|2|002|100| B|PenerbitanPersetujuanRekonsiliasi RekeningSKPPKonfirmasi Penerimaan Negara, dll|00||0|0
2026|01|528331|015|08|WA|4718|BMB|18|01|2|002|100| A|TANPA SUB KOMPONEN|00||0|0
2026|01|528331|015|08|WA|4718|BMB|18|01|2|001|100| A|TANPA SUB KOMPONEN|00||0|0
2026|01|528331|015|08|CD|6215|FAH|18|01|2|003|100| A|Penyusunan Laporan Keuangan Tingkat Kuasa BUN di Daerah|00||0|0
2026|01|528331|015|08|WA|4715|EBA|18|01|2|001|100| A|TANPA SUB KOMPONEN|00||0|0
2026|01|528331|015|08|WA|4715|EBA|18|01|2|002|100| A|TANPA SUB KOMPONEN|00||0|0
2026|01|528331|015|08|WA|4715|EBA|18|01|2|994|002| A|Keperluan Seharihari Perkantoran|00||0|0
2026|01|528331|015|08|WA|4715|EBA|18|01|2|994|002| B|Langganan Daya dan Jasa|00||0|0
2026|01|528331|015|08|WA|4715|EBA|18|01|2|994|002| C|Pelaksanaan Operasional Kantor|00||0|0
2026|01|528331|015|08|WA|4715|EBA|18|01|2|994|002| D|Pemeliharaan Peralatan dan Mesin|00||0|0
2026|01|528331|015|08|WA|4715|EBA|18|01|2|994|002| G|Pemeliharaan Gedung dan Bangunan|00||0|0
2026|01|528331|015|08|WA|4715|EBA|18|01|2|994|002|HA|Dukungan TUSI-Konsultasi Pencairan Dana|00||0|0
2026|01|528331|015|08|WA|4715|EBA|18|01|2|994|002|HB|Dukungan Tusi-Reviu Belanja Pemerintah|00||0|0
2026|01|528331|015|08|WA|4715|EBA|18|01|2|994|002|HH|Dukungan Pelaksanaan Tusi Prioritas Direktif Presiden|00||0|0
2026|01|528331|015|08|WA|4715|EBA|18|01|2|994|002|TJ|Jasa PemeliharaanAnnual Technical Support (ATS)|00||0|0
2026|01|528331|015|08|WA|4719|EBA|18|01|2|994|001| A|TANPA SUB KOMPONEN|00||0|0
2026|01|528331|015|08|WA|4719|EBA|18|01|2|004|100| A|Survey Kepuasan Pengguna Layanan|00||0|0
2026|01|528331|015|08|WA|4719|EBC|18|01|2|001|100|XC|Penyelenggaraan Capacity Building|00||0|0
2026|01|528324|015|08|CD|6212|FAC|18|04|2|001|100| A|Training Modul Aplikasi SAKTI|00||0|0
2026|01|528324|015|08|CD|6212|FAC|18|04|2|001|100| B|FGD dan Bimtek Transfer Keuangan Daerah|00||0|0
2026|01|528324|015|08|CD|6212|FAH|18|04|2|001|100| A|TANPA SUB KOMPONEN|00||0|0
2026|01|528324|015|08|CD|6212|FAL|18|04|2|004|100| A|Konsultasi|00||0|0
2026|01|528324|015|08|CD|6212|FAL|18|04|2|004|100| B|Sosialisasi dan Bimbingan Teknis|00||0|0
2026|01|528324|015|08|CD|6212|FAL|18|04|2|004|100| D|Pembinaan Pemda, TKD, dan Penandatanganan BA Rekonsiliasi Pajak|00||0|0
2026|01|528324|015|08|CD|6213|FAC|18|04|2|001|100| A|Pembinaan Jabatan Fungsional Perbendaharaan|00||0|0
2026|01|528324|015|08|CD|6213|FAE|18|04|2|009|100| A|Monev Penyaluran Pembiayaan Ultra Mikro|00||0|0
2026|01|528324|015|08|CD|6213|FAL|18|04|2|003|100| A|Monev Pelaksanaan Anggaran|00||0|0
2026|01|528324|015|08|CD|6214|FAL|18|04|2|002|100| A|Pelaksanaan PencairanPenarikanPengesahan Dana|00||0|0
2026|01|528324|015|08|CD|6214|FAL|18|04|2|002|100| B|PenerbitanPersetujuanRekonsiliasi RekeningSKPPKonfirmasi Penerimaan Negara, dll|00||0|0
2026|01|528324|015|08|CD|6215|FAH|18|04|2|003|100| A|Penyusunan Laporan Keuangan Tingkat Kuasa BUN di Daerah|00||0|0
2026|01|528324|015|08|WA|4715|EBA|18|04|2|001|100| A|TANPA SUB KOMPONEN|00||0|0
2026|01|528324|015|08|WA|4715|EBA|18|04|2|001|100| B|Koordinasi Penyusunan ATK PU|00||0|0
2026|01|528324|015|08|WA|4715|EBA|18|04|2|002|100| A|TANPA SUB KOMPONEN|00||0|0
2026|01|528324|015|08|WA|4715|EBA|18|04|2|994|002| A|Keperluan Seharihari Perkantoran|00||0|0
2026|01|528324|015|08|WA|4715|EBA|18|04|2|994|002| B|Langganan Daya dan Jasa|00||0|0
2026|01|528324|015|08|WA|4715|EBA|18|04|2|994|002| C|Pelaksanaan Operasional Kantor|00||0|0
2026|01|528324|015|08|WA|4715|EBA|18|04|2|994|002| D|Pemeliharaan Peralatan dan Mesin|00||0|0
2026|01|528324|015|08|WA|4715|EBA|18|04|2|994|002| G|Pemeliharaan Gedung dan Bangunan|00||0|0
2026|01|528324|015|08|WA|4715|EBA|18|04|2|994|002|HA|Dukungan Tusi - Konsultasi Pencairan Dana|00||0|0
2026|01|528324|015|08|WA|4715|EBA|18|04|2|994|002|HB|Dukungan Tusi - Reviu Belanja Pemerintah|00||0|0
2026|01|528324|015|08|WA|4715|EBA|18|04|2|994|002|HH|Dukungan Pelaksanaan Tusi Prioritas Direktif Presiden|00||0|0
2026|01|528324|015|08|WA|4715|EBA|18|04|2|994|002|TJ|Jasa PemeliharaanAnnual Technical Support (ATS)|00||0|0
2026|01|528324|015|08|WA|4718|BMB|18|04|2|002|100| A|TANPA SUB KOMPONEN|00||0|0
2026|01|528324|015|08|WA|4718|BMB|18|04|2|001|100| A|TANPA SUB KOMPONEN|00||0|0
2026|01|528324|015|08|WA|4719|EBA|18|04|2|994|001| A|TANPA SUB KOMPONEN|00||0|0
2026|01|528324|015|08|WA|4719|EBA|18|04|2|004|100| A|Survey Kepuasan Pengguna Layanan|00||0|0
2026|01|528324|015|08|WA|4719|EBC|18|04|2|001|100|XC|Penyelenggaraan Capacity Building|00||0|0
2026|01|528310|015|08|CD|6212|BMB|18|51|2|001|100| A|Profiling UMKM|00||0|0
2026|01|528310|015|08|CD|6212|FAC|18|51|2|001|100| A|Training Modul Aplikasi SAKTI|00||0|0
2026|01|528310|015|08|CD|6212|FAC|18|51|2|001|100| B|FGD dan Bimtek Transfer Keuangan Daerah|00||0|0
2026|01|528310|015|08|CD|6212|FAH|18|51|2|001|100| A|TANPA SUB KOMPONEN|00||0|0
2026|01|528310|015|08|CD|6212|FAL|18|51|2|004|100| A|Konsultasi|00||0|0
2026|01|528310|015|08|CD|6212|FAL|18|51|2|004|100| B|Sosialisasi dan Bimbingan Teknis|00||0|0
2026|01|528310|015|08|CD|6212|FAL|18|51|2|004|100| D|Pembinaan Pemda, TKD, dan Penandatanganan BAR Rekonsiliasi Pajak|00||0|0
2026|01|528310|015|08|CD|6213|FAC|18|51|2|001|100| A|Pembinaan Jabatan Fungsional Perbendaharaan|00||0|0
2026|01|528310|015|08|CD|6213|FAE|18|51|2|009|100| A|Monev Penyaluran Pembinaan Ultra Mikro|00||0|0
2026|01|528310|015|08|CD|6213|FAL|18|51|2|003|100| A|TANPA SUB KOMPONEN|00||0|0
2026|01|528310|015|08|CD|6214|FAL|18|51|2|002|100| A|Pelaksanaan Pencairan PenarikanPengesahan Dana|00||0|0
2026|01|528310|015|08|CD|6214|FAL|18|51|2|002|100| B|PenerbitanPersetujuanRekonsiliasi RekeningSKPPKonfirmasi Penerimaan Negara, dll|00||0|0
2026|01|528310|015|08|CD|6215|FAH|18|51|2|003|100| A|Penyusunan Laporan Keuangan Tingkat Kuasa BUN di Daerah|00||0|0
2026|01|528310|015|08|WA|4715|EBA|18|51|2|001|100| A|TANPA SUB KOMPONEN|00||0|0
2026|01|528310|015|08|WA|4715|EBA|18|51|2|002|100| A|TANPA SUB KOMPONEN|00||0|0
2026|01|528310|015|08|WA|4715|EBA|18|51|2|994|002| A|Keperluan Seharihari Perkantoran|00||0|0
2026|01|528310|015|08|WA|4715|EBA|18|51|2|994|002| B|Langganan Daya dan Jasa|00||0|0
2026|01|528310|015|08|WA|4715|EBA|18|51|2|994|002| C|Pelaksanaan Operasional Kantor|00||0|0
2026|01|528310|015|08|WA|4715|EBA|18|51|2|994|002| D|Pemeliharaan Peralatan dan Mesin|00||0|0
2026|01|528310|015|08|WA|4715|EBA|18|51|2|994|002| G|Pemeliharaan Gedung dan Bangunan|00||0|0
2026|01|528310|015|08|WA|4715|EBA|18|51|2|994|002|HA|Dukungan Tusi - Konsultasi Pencairan Dana|00||0|0
2026|01|528310|015|08|WA|4715|EBA|18|51|2|994|002|HB|Dukungan Tusi - Reviu Belanja Pemerintah|00||0|0
2026|01|528310|015|08|WA|4715|EBA|18|51|2|994|002|HH|Dukungan Pelaksanaan Tusi Prioritas Direktif Presiden|00||0|0
2026|01|528310|015|08|WA|4715|EBA|18|51|2|994|002|TJ|Jasa PemeliharaanAnnual Technical Support (ATS)|00||0|0
2026|01|528310|015|08|WA|4715|EBB|18|51|2|002|100| A|TANPA SUB KOMPONEN|00||0|0
2026|01|528310|015|08|WA|4718|BMB|18|51|2|002|100| A|TANPA SUB KOMPONEN|00||0|0
2026|01|528310|015|08|WA|4718|BMB|18|51|2|001|100| A|TANPA SUB KOMPONEN|00||0|0
2026|01|528310|015|08|WA|4719|EBA|18|51|2|994|001| A|TANPA SUB KOMPONEN|00||0|0
2026|01|528310|015|08|WA|4719|EBA|18|51|2|004|100| A|Survey Kepuasan Pengguna Layanan|00||0|0
2026|01|528310|015|08|WA|4719|EBC|18|51|2|001|100|XC|Penyelenggaraan Capacity Building|00||0|0
2026|01|528345|015|08|CD|6212|FAC|18|03|2|001|100| A|Training Modul Aplikasi Sakti|00||0|0
2026|01|528345|015|08|CD|6212|FAC|18|03|2|001|100| B|FGD dan Bimtek Transfer Keuangan Daerah|00||0|0
2026|01|528345|015|08|CD|6212|FAH|18|03|2|001|100| A|TANPA SUB KOMPONEN|00||0|0
2026|01|528345|015|08|CD|6212|FAL|18|03|2|004|100| A|Konsultasi|00||0|0
2026|01|528345|015|08|CD|6212|FAL|18|03|2|004|100| B|Sosialisasi dan Bimbingan Teknis|00||0|0
2026|01|528345|015|08|CD|6212|FAL|18|03|2|004|100| D|Pembinaan Pemda. TKD, dan Penandatanganan BAR|00||0|0
2026|01|528345|015|08|CD|6213|FAC|18|03|2|001|100| A|Pembinaan Jabatan Fungsional Perbendaharaan|00||0|0
2026|01|528345|015|08|CD|6213|FAL|18|03|2|003|100| A|Monev Pelaksanaan Anggaran|00||0|0
2026|01|528345|015|08|CD|6214|FAL|18|03|2|002|100| A|Pelaksanaan Pencairan Penarikan Pengesahan Dana|00||0|0
2026|01|528345|015|08|CD|6214|FAL|18|03|2|002|100| B|Penerbitan Persetujuan Rekonsiliasi Rekening SKPP Konfirmasi Penerimaan Negara, dll|00||0|0
2026|01|528345|015|08|CD|6215|FAH|18|03|2|003|100| A|Penyusunan Laporan Keuangan Tingkat Kuasa BUN di Daerah|00||0|0
2026|01|528345|015|08|WA|4715|EBA|18|03|2|001|100| A|TANPA SUB KOMPONEN|00||0|0
2026|01|528345|015|08|WA|4715|EBA|18|03|2|001|100| B|KOORDINASI PENYUSUNAN ATK PU|00||0|0
2026|01|528345|015|08|WA|4715|EBA|18|03|2|002|100| A|TANPA SUB KOMPONEN|00||0|0
2026|01|528345|015|08|WA|4715|EBA|18|03|2|994|002| A|Keperluan Seharihari Pekantoran|00||0|0
2026|01|528345|015|08|WA|4715|EBA|18|03|2|994|002| B|Langganan Daya dan Jasa|00||0|0
2026|01|528345|015|08|WA|4715|EBA|18|03|2|994|002| C|Pelaksanaan Operasional Kantor|00||0|0
2026|01|528345|015|08|WA|4715|EBA|18|03|2|994|002| D|Pemeliharaan Peralatan dan Mesin|00||0|0
2026|01|528345|015|08|WA|4715|EBA|18|03|2|994|002| G|Pemelihaaan Gedung dan Bangunan|00||0|0
2026|01|528345|015|08|WA|4715|EBA|18|03|2|994|002|HA|Dukungan Tusi - Konsultasi Pencairan Dana|00||0|0
2026|01|528345|015|08|WA|4715|EBA|18|03|2|994|002|HB|Dukungan Tusi - Reviu Belanja Pemerintah|00||0|0
2026|01|528345|015|08|WA|4715|EBA|18|03|2|994|002|HH|Dukungan Pelaksanaan Tusi Prioritas Direktif Presiden|00||0|0
2026|01|528345|015|08|WA|4715|EBA|18|03|2|994|002|TJ|Jasa PemeliharaanAnnual Technical Support (ATS)|00||0|0
2026|01|528345|015|08|WA|4715|EBD|18|03|2|Z36|100| B|Pelaksanaan Manajemen Kinerja, Risiko, dan Kepatuhan Internal|00||0|0
2026|01|528345|015|08|WA|4718|BMB|18|03|2|001|100| A|TANPA SUB KOMPONEN|00||0|0
2026|01|528345|015|08|WA|4718|BMB|18|03|2|002|100| A|TANPA SUB KOMPONEN|00||0|0
2026|01|528345|015|08|WA|4719|EBA|18|03|2|004|100| A|Survey Kepuasan Pengguna Layanan|00||0|0
2026|01|528345|015|08|WA|4719|EBA|18|03|2|994|001| A|TANPA SUB KOMPONEN|00||0|0
2026|01|528345|015|08|WA|4719|EBC|18|03|2|001|100|XC|Penyelenggaraan Capacity Building|00||0|0
2026|01|528281|015|08|CD|6212|BMB|31|51|2|001|100| A|Profiling UMKM|00||0|0
2026|01|528281|015|08|CD|6212|FAC|31|51|2|001|100| A|Training Modul Aplikasi SAKTI|00||0|0
2026|01|528281|015|08|CD|6212|FAC|31|51|2|001|100| B|FGD dan Bimtek Transfer Keuangan Daerah|00||0|0
2026|01|528281|015|08|CD|6212|FAH|31|51|2|001|100| A|TANPA SUB KOMPONEN|00||0|0
2026|01|528281|015|08|CD|6212|FAL|31|51|2|004|100| A|Konsultasi|00||0|0
2026|01|528281|015|08|CD|6212|FAL|31|51|2|004|100| B|Sosialisasi dan Bimbingan Teknis|00||0|0
2026|01|528281|015|08|CD|6212|FAL|31|51|2|004|100| D|Pembinaan Pemda, TKD, dan Penandatangan BAR|00||0|0
2026|01|528281|015|08|CD|6213|FAC|31|51|2|001|100| A|Pembinaan Jabatan Fungsional Perbendaharaan|00||0|0
2026|01|528281|015|08|CD|6213|FAE|31|51|2|009|100| A|Monev Penyaluran Pembiayaan Ultra Mikro|00||0|0
2026|01|528281|015|08|CD|6213|FAL|31|51|2|003|100| A|Monev Pelaksanaan Anggaran|00||0|0
2026|01|528281|015|08|CD|6214|FAL|31|51|2|002|100| A|Pelaksanaan PencairanPenarikanPengesahan Dana|00||0|0
2026|01|528281|015|08|CD|6214|FAL|31|51|2|002|100| B|PenerbitanPersetujuanRekonsiliasi RekeningSKPPKonfirmasi Penerimaan Negara, dll|00||0|0
2026|01|528281|015|08|CD|6215|FAH|31|51|2|003|100| A|Penyusunan Laporan Keuangan Tingkat Kuasa BUN di Daerah|00||0|0
2026|01|528281|015|08|CD|6215|FAH|31|51|2|003|100| B|Koordinasi UAKBUND KPPN di Kanwil|00||0|0
2026|01|528281|015|08|WA|4715|EBA|31|51|2|001|100| A|TANPA SUB KOMPONEN|00||0|0
2026|01|528281|015|08|WA|4715|EBA|31|51|2|002|100| A|TANPA SUB KOMPONEN|00||0|0
2026|01|528281|015|08|WA|4715|EBA|31|51|2|994|002| A|Keperluan Seharihari perkantoran|00||0|0
2026|01|528281|015|08|WA|4715|EBA|31|51|2|994|002| B|Langganan Daya dan Jasa|00||0|0
2026|01|528281|015|08|WA|4715|EBA|31|51|2|994|002| C|Pelaksanaan Operasional Kantor|00||0|0
2026|01|528281|015|08|WA|4715|EBA|31|51|2|994|002| D|Pemeliharaan Peralatan dan Mesin|00||0|0
2026|01|528281|015|08|WA|4715|EBA|31|51|2|994|002| G|Pemeliharaan Gedung dan Bangunan|00||0|0
2026|01|528281|015|08|WA|4715|EBA|31|51|2|994|002|HA|Dukungan Tusi - Konsultasi Pencairan Dana|00||0|0
2026|01|528281|015|08|WA|4715|EBA|31|51|2|994|002|HB|Dukungan Tusi - Reviu Belanja Pemerintah|00||0|0
2026|01|528281|015|08|WA|4715|EBA|31|51|2|994|002|HH|Dukungan Pelaksanaan Tusi Prioritas Direktif Presiden|00||0|0
2026|01|528281|015|08|WA|4715|EBA|31|51|2|994|002|TJ|Jasa Pemeliharaan Annual Technical Support (ATS)|00||0|0
2026|01|528281|015|08|WA|4715|EBB|31|51|2|002|100| A|TANPA SUB KOMPONEN|00||0|0
2026|01|528281|015|08|WA|4718|BMB|31|51|2|001|100| A|TANPA SUB KOMPONEN|00||0|0
2026|01|528281|015|08|WA|4718|BMB|31|51|2|002|100| A|TANPA SUB KOMPONEN|00||0|0
2026|01|528281|015|08|WA|4719|EBA|31|51|2|004|100| A|Survey Kepuasan Pengguna Layanan|00||0|0
2026|01|528281|015|08|WA|4719|EBA|31|51|2|994|001| A|TANPA SUB KOMPONEN|00||0|0
2026|01|528281|015|08|WA|4719|EBC|31|51|2|001|100|XC|Penyelenggaraan Capacity Building|00||0|0
2026|01|528387|015|08|CD|6212|BMB|19|52|2|001|100| A|Profiling UMKM|00||0|0
2026|01|528387|015|08|CD|6212|FAC|19|52|2|001|100| A|Training Modul Aplikasi SAKTI|00||0|0
2026|01|528387|015|08|CD|6212|FAC|19|52|2|001|100| B|FGD dan Bimtek Transfer Keuangan Daerah|00||0|0
2026|01|528387|015|08|CD|6212|FAH|19|52|2|001|100| A|TANPA SUB KOMPONEN|00||0|0
2026|01|528387|015|08|CD|6212|FAL|19|52|2|004|100| A|Konsultasi|00||0|0
2026|01|528387|015|08|CD|6212|FAL|19|52|2|004|100| B|Sosialisasi dan Bimbingan Teknis|00||0|0
2026|01|528387|015|08|CD|6212|FAL|19|52|2|004|100| D|Pembinaan Pemda, TKD, dan Penandatanganan BAR|00||0|0
2026|01|528387|015|08|CD|6213|FAC|19|52|2|001|100| A|Pembinaan Jabatan Fungsional Perbendaharaan|00||0|0
2026|01|528387|015|08|CD|6213|FAL|19|52|2|003|100| A|Monev Pelaksanaan Anggaran|00||0|0
2026|01|528387|015|08|CD|6214|FAL|19|52|2|002|100| A|Pelaksanaan PencairanPenarikanPengesahan Dana|00||0|0
2026|01|528387|015|08|CD|6214|FAL|19|52|2|002|100| B|PenerbitanPersetujuanRekonsiliasi RekeningSKPPKonfirmasi Penerimaan Negara, dll|00||0|0
2026|01|528387|015|08|CD|6215|FAH|19|52|2|003|100| A|Penyusunan Laporan Keuangan Tingkat Kuasa BUN di Daerah|00||0|0
2026|01|528387|015|08|WA|4715|EBA|19|52|2|001|100| A|TANPA SUB KOMPONEN|00||0|0
2026|01|528387|015|08|WA|4715|EBA|19|52|2|001|100| B|Koordinasi Penyusunan ATK PU|00||0|0
2026|01|528387|015|08|WA|4715|EBA|19|52|2|002|100| A|TANPA SUB KOMPONEN|00||0|0
2026|01|528387|015|08|WA|4715|EBA|19|52|2|994|002| A|Keperluan Seharihari Perkantoran|00||0|0
2026|01|528387|015|08|WA|4715|EBA|19|52|2|994|002| B|Langganan Daya dan Jasa|00||0|0
2026|01|528387|015|08|WA|4715|EBA|19|52|2|994|002| C|Pelaksanaan Operasional Kantor|00||0|0
2026|01|528387|015|08|WA|4715|EBA|19|52|2|994|002| D|Pemeliharaan Peralatan dan Mesin|00||0|0
2026|01|528387|015|08|WA|4715|EBA|19|52|2|994|002| G|Pemeliharaan Gedung dan Bangunan|00||0|0
2026|01|528387|015|08|WA|4715|EBA|19|52|2|994|002|HA|Dukungan Tusi - Konsultasi Pencairan Dana|00||0|0
2026|01|528387|015|08|WA|4715|EBA|19|52|2|994|002|HB|Dukungan Tusi - Reviu Belanja Pemerintah|00||0|0
2026|01|528387|015|08|WA|4715|EBA|19|52|2|994|002|HH|Dukungan Pelaksanaan Tusi Prioritas Direktif Presiden|00||0|0
2026|01|528387|015|08|WA|4715|EBA|19|52|2|994|002|TJ|Jasa PemeliharaanAnnual Technical Support (ATS)|00||0|0
2026|01|528387|015|08|WA|4718|BMB|19|52|2|002|100| A|TANPA SUB KOMPONEN|00||0|0
2026|01|528387|015|08|WA|4718|BMB|19|52|2|001|100| A|TANPA SUB KOMPONEN|00||0|0
2026|01|528387|015|08|WA|4719|EBA|19|52|2|994|001| A|TANPA SUB KOMPONEN|00||0|0
2026|01|528387|015|08|WA|4719|EBA|19|52|2|004|100| A|Survey Kepuasan Pengguna Layanan|00||0|0
2026|01|528387|015|08|WA|4719|EBC|19|52|2|001|100|XC|Penyelenggaraan Capacity Building|00||0|0
2026|01|528391|015|08|CD|6212|BMB|19|12|2|001|100| A|Profiling UMKM|00||0|0
2026|01|528391|015|08|CD|6212|FAC|19|12|2|001|100| A|Training Modul Aplikasi SAKTI|00||0|0
2026|01|528391|015|08|CD|6212|FAC|19|12|2|001|100| B|FGD dan Bimtek Transfer Keuangan Daerah|00||0|0
2026|01|528391|015|08|CD|6212|FAH|19|12|2|001|100| A|TANPA SUB KOMPONEN|00||0|0
2026|01|528391|015|08|CD|6212|FAL|19|12|2|004|100| A|Konsultasi|00||0|0
2026|01|528391|015|08|CD|6212|FAL|19|12|2|004|100| B|Sosialisasi dan Bimbingan Teknis|00||0|0
2026|01|528391|015|08|CD|6212|FAL|19|12|2|004|100| D|Pembinaan Pemda, TKD, dan Penandatanganan BAR|00||0|0
2026|01|528391|015|08|CD|6213|FAC|19|12|2|001|100| A|Pembinaan Jabatan Fungsional Perbendaharaan|00||0|0
2026|01|528391|015|08|CD|6213|FAE|19|12|2|009|100| A|Monev Penyaluran Pembiayaan Ultra Mikro|00||0|0
2026|01|528391|015|08|CD|6213|FAL|19|12|2|003|100| A|Monev Pelaksanaan Anggaran|00||0|0
2026|01|528391|015|08|CD|6214|FAL|19|12|2|002|100| A|Pelaksanaan Pencairan/Penarikan/Pengesahan Dana|00||0|0
2026|01|528391|015|08|CD|6214|FAL|19|12|2|002|100| B|Penerbitan/Persetujuan/Rekonsiliasi Rekening/SKPP/Konfirmasi Penerimaan Negara, dll|00||0|0
2026|01|528391|015|08|CD|6215|FAH|19|12|2|003|100| A|Penyusunan Laporan Keuangan Tingkat Kuasa BUN di Daerah|00||0|0
2026|01|528391|015|08|WA|4715|EBA|19|12|2|001|100| A|TANPA SUB KOMPONEN|00||0|0
2026|01|528391|015|08|WA|4715|EBA|19|12|2|002|100| A|TANPA SUB KOMPONEN|00||0|0
2026|01|528391|015|08|WA|4715|EBA|19|12|2|994|002| A|Keperluan Sehari-hari Perkantoran|00||0|0
2026|01|528391|015|08|WA|4715|EBA|19|12|2|994|002| B|Langganan Daya dan Jasa|00||0|0
2026|01|528391|015|08|WA|4715|EBA|19|12|2|994|002| C|Pelaksanaan Operasional Kantor|00||0|0
2026|01|528391|015|08|WA|4715|EBA|19|12|2|994|002| D|Pemeliharaan Peralatan dan Mesin|00||0|0
2026|01|528391|015|08|WA|4715|EBA|19|12|2|994|002| G|Pemeliharaan Gedung dan Bangunan|00||0|0
2026|01|528391|015|08|WA|4715|EBA|19|12|2|994|002|HB|Dukungan Tusi - Reviu Belanja Pemerintah|00||0|0
2026|01|528391|015|08|WA|4715|EBA|19|12|2|994|002|HH|Dukungan Pelaksanaan Tusi Prioritas Direktif Presiden|00||0|0
2026|01|528391|015|08|WA|4715|EBA|19|12|2|994|002|TJ|Jasa Pemeliharaan/Annual Technical Support (ATS)|00||0|0
2026|01|528391|015|08|WA|4715|EBD|19|12|2|Z36|100| B|Pelaksanaan Manajemen Kinerja, Resiko dan Kepatuhan Internal|00||0|0
2026|01|528391|015|08|WA|4718|BMB|19|12|2|002|100| A|TANPA SUB KOMPONEN|00||0|0
2026|01|528391|015|08|WA|4718|BMB|19|12|2|001|100| A|TANPA SUB KOMPONEN|00||0|0
2026|01|528391|015|08|WA|4719|EBA|19|12|2|994|001| A|TANPA SUB KOMPONEN|00||0|0
2026|01|528391|015|08|WA|4719|EBA|19|12|2|004|100| A|Survey Kepuasan Pengguna Layanan|00||0|0
2026|01|528391|015|08|WA|4719|EBC|19|12|2|001|100|XC|Penyelenggaraan Capacity Building|00||0|0
2026|01|528409|015|08|CD|6212|FAL|19|53|2|004|100| A|Konsultasi|00||0|0
2026|01|528409|015|08|CD|6212|FAL|19|53|2|004|100| B|Sosialisasi dan Bimbingan Teknis|00||0|0
2026|01|528409|015|08|CD|6212|FAL|19|53|2|004|100| D|Pembinaan Pemda, TKD, dan Penandatanganan BAR|00||0|0
2026|01|528409|015|08|CD|6213|FAC|19|53|2|001|100| A|Pembinaan Jabatan Fungsional Perbendaharaan|00||0|0
2026|01|528409|015|08|CD|6213|FAL|19|53|2|003|100| A|Monev  Pelaksanaan Anggaran|00||0|0
2026|01|528409|015|08|CD|6214|FAL|19|53|2|002|100| A|Pelaksanaan Pencairan/Penarikan/Pengesahan Dana|00||0|0
2026|01|528409|015|08|CD|6214|FAL|19|53|2|002|100| B|Penerbitan/Persetujuan/Rekonsiliasi Rekening/SKPP/Konfirmasi Penerimaan Negara, dll|00||0|0
2026|01|528409|015|08|CD|6215|FAH|19|53|2|003|100| A|Penyusunan Laporan Keuangan Tingkat Kuasa BUN di Daerah|00||0|0
2026|01|528409|015|08|WA|4715|EBA|19|53|2|001|100| A|TANPA SUB KOMPONEN|00||0|0
2026|01|528409|015|08|WA|4715|EBA|19|53|2|001|100| B|Koordinasi Penyusunan ATK PU|00||0|0
2026|01|528409|015|08|WA|4715|EBA|19|53|2|002|100| A|TANPA SUB KOMPONEN|00||0|0
2026|01|528409|015|08|WA|4715|EBA|19|53|2|994|002| A|Keperluan Sehari-hari Perkantoran|00||0|0
2026|01|528409|015|08|WA|4715|EBA|19|53|2|994|002| B|Langganan Daya dan Jasa|00||0|0
2026|01|528409|015|08|WA|4715|EBA|19|53|2|994|002| C|Pelaksanaan Operasional|00||0|0
2026|01|528409|015|08|WA|4715|EBA|19|53|2|994|002| D|Pemeliharaan Peralatan dan Mesin|00||0|0
2026|01|528409|015|08|WA|4715|EBA|19|53|2|994|002| G|Pemeliharaan Gedung dan Bangunan|00||0|0
2026|01|528409|015|08|WA|4715|EBA|19|53|2|994|002|HA|Dukungan Tusi - Konsultasi Pencairan Dana|00||0|0
2026|01|528409|015|08|WA|4715|EBA|19|53|2|994|002|HB|Dukungan Tusi - Reviu Belanja Pemerintah|00||0|0
2026|01|528409|015|08|WA|4715|EBA|19|53|2|994|002|HH|Dukungan Pelaksanaan Tusi Prioritas Direktif Presiden |00||0|0
2026|01|528409|015|08|WA|4715|EBA|19|53|2|994|002|TJ|Laptop/Notebook/Tablet|00||0|0
2026|01|528409|015|08|WA|4715|EBD|19|53|2|Z36|100| B|Pelaksanaan Manajemen Kinerja, Resiko dan Kepatuhan Internal|00||0|0
2026|01|528409|015|08|WA|4718|BMB|19|53|2|002|100| A|TANPA SUB KOMPONEN|00||0|0
2026|01|528409|015|08|WA|4718|BMB|19|53|2|001|100| A|TANPA SUB KOMPONEN|00||0|0
2026|01|528409|015|08|WA|4719|EBA|19|53|2|994|001| A|TANPA SUB KOMPONEN|00||0|0
2026|01|528409|015|08|WA|4719|EBA|19|53|2|004|100| A|Survey Kepuasan Pengguna Layanan|00||0|0
2026|01|528409|015|08|WA|4719|EBC|19|53|2|001|100|XC|Penyelenggaraan Capacity Building|00||0|0
2026|01|528409|015|08|CD|6212|FAC|19|53|2|001|100| A|Training Modul Aplikasi SAKTI|00||0|0
2026|01|528409|015|08|CD|6212|FAC|19|53|2|001|100| B|FGD dan Bimtek Transfer Keuangan Daerah|00||0|0
2026|01|528409|015|08|CD|6212|FAH|19|53|2|001|100| A|TANPA SUB KOMPONEN|00||0|0
2026|01|528370|015|08|CD|6212|BMB|19|51|2|001|100| A|Profiling UMKM|00||0|0
2026|01|528370|015|08|CD|6212|FAC|19|51|2|001|100| A|Training Modul Aplikasi SAKTI|00||0|0
2026|01|528370|015|08|CD|6212|FAC|19|51|2|001|100| B|FGD dan Bimtek Transfer Keuangan Daerah|00||0|0
2026|01|528370|015|08|CD|6212|FAH|19|51|2|001|100| A|TANPA SUB KOMPONEN|00||0|0
2026|01|528370|015|08|CD|6212|FAL|19|51|2|004|100| A|Konsultasi|00||0|0
2026|01|528370|015|08|CD|6212|FAL|19|51|2|004|100| B|Sosialisasi dan Bimbingan Teknis|00||0|0
2026|01|528370|015|08|CD|6212|FAL|19|51|2|004|100| D|Pembinaan Pemda, TKD, dan Penandatanganan BAR|00||0|0
2026|01|528370|015|08|CD|6213|FAC|19|51|2|001|100| A|TANPA SUB KOMPONEN|00||0|0
2026|01|528370|015|08|CD|6213|FAE|19|51|2|009|100| A|Monev Penyaluran Pembiayaan Ultra Mikro|00||0|0
2026|01|528370|015|08|CD|6213|FAL|19|51|2|003|100| A|Monev Pelaksanaan Anggaran|00||0|0
2026|01|528370|015|08|CD|6214|FAL|19|51|2|002|100| A|Pelaksanaan PencairanPenarikanPengesahan Dana|00||0|0
2026|01|528370|015|08|CD|6214|FAL|19|51|2|002|100| B|PenerbitanPersetujuanRekonsiliasi RekeningSKPPKonfirmasi Penerimaan Negara, dll|00||0|0
2026|01|528370|015|08|CD|6215|FAH|19|51|2|003|100| A|Penyusunan Laporan Keuangan Tingkat Kuasa BUN di Daerah|00||0|0
2026|01|528370|015|08|CD|6215|FAH|19|51|2|003|100| B|Koordinasi UAKBUND KPPN di Kanwil|00||0|0
2026|01|528370|015|08|WA|4715|EBA|19|51|2|001|100| A|TANPA SUB KOMPONEN|00||0|0
2026|01|528370|015|08|WA|4715|EBA|19|51|2|001|100| B|Koordinasi Penyusunan ATK PU|00||0|0
2026|01|528370|015|08|WA|4715|EBA|19|51|2|002|100| A|TANPA SUB KOMPONEN|00||0|0
2026|01|528370|015|08|WA|4715|EBA|19|51|2|994|002| A|Keperluan Seharihari Perkantoran|00||0|0
2026|01|528370|015|08|WA|4715|EBA|19|51|2|994|002| B|Langganan Daya dan Jasa|00||0|0
2026|01|528370|015|08|WA|4715|EBA|19|51|2|994|002| C|Pelaksanaan Operasional Kantor|00||0|0
2026|01|528370|015|08|WA|4715|EBA|19|51|2|994|002| D|Pemeliharaan Peralatan dan Mesin|00||0|0
2026|01|528370|015|08|WA|4715|EBA|19|51|2|994|002| G|Pemeliharaan Gedung dan Bangunan|00||0|0
2026|01|528370|015|08|WA|4715|EBA|19|51|2|994|002|HA|Dukungan Tusi - Konsultasi Pencairan Dana|00||0|0
2026|01|528370|015|08|WA|4715|EBA|19|51|2|994|002|HB|Dukungan Tusi - Reviu Belanja Pemerintah|00||0|0
2026|01|528370|015|08|WA|4715|EBA|19|51|2|994|002|HH|Dukungan Pelaksaan Tusi Prioritas Direktif Presiden|00||0|0
2026|01|528370|015|08|WA|4715|EBA|19|51|2|994|002|TJ|Jasa Pemeliharaan/Annual Technical Support (ATS)|00||0|0
2026|01|528370|015|08|WA|4715|EBB|19|51|2|002|100| A|TANPA SUB KOMPONEN|00||0|0
2026|01|528370|015|08|WA|4715|EBB|19|51|2|004|100| A|TANPA SUB KOMPONEN|00||0|0
2026|01|528370|015|08|WA|4715|EBD|19|51|2|Z36|100| B|Pelaksanaan Manajemen Kinerja, Resiko dan Kepatuhan Internal|00||0|0
2026|01|528370|015|08|WA|4718|BMB|19|51|2|001|100| A|TANPA SUB KOMPONEN|00||0|0
2026|01|528370|015|08|WA|4718|BMB|19|51|2|002|100| A|TANPA SUB KOMPONEN|00||0|0
2026|01|528370|015|08|WA|4719|EBA|19|51|2|004|100| A|Survey Kepuasan Pengguna Layanan|00||0|0
2026|01|528370|015|08|WA|4719|EBA|19|51|2|994|001| A|TANPA SUB KOMPONEN|00||0|0
2026|01|528370|015|08|WA|4719|EBC|19|51|2|001|100|XC|Penyelenggaraan Capacity Building|00||0|0
2026|01|528366|015|08|CD|6212|BMB|19|51|2|001|100| A|Profiling UMKM|00||0|0
2026|01|528366|015|08|CD|6212|BMB|19|51|2|001|100| B|Pemberdayaan UMKM  SosialisasiBimtekAsistensi dan BazarPojokRumah UMKM|00||0|0
2026|01|528366|015|08|CD|6212|BMB|19|51|2|001|100| C|Monitoring dan Evaluasi|00||0|0
2026|01|528366|015|08|CD|6212|BMB|19|51|2|001|100| D|Komunikasi Publik  BazarPojokRumah UMKM|00||0|0
2026|01|528366|015|08|CD|6212|FAC|19|51|2|002|100| A|Pembinaan Satker BLU|00||0|0
2026|01|528366|015|08|CD|6212|FAC|19|51|2|002|100| B|Asistensi  Pembinaan Pengelolaan Keuangan BLU Daerah|00||0|0
2026|01|528366|015|08|CD|6212|FAH|19|51|2|002|100| B|Pembinaan SAP pada Pemerintah Daerah|00||0|0
2026|01|528366|015|08|CD|6212|FAL|19|51|2|001|100| A|Sosialisasi PeraturanKebijakan Pelaksanaan Anggaran|00||0|0
2026|01|528366|015|08|CD|6212|FAL|19|51|2|001|100| B|Pengkoordinasian Kerjasama Ekonomi dan Keuangan Daerah|00||0|0
2026|01|528366|015|08|CD|6212|FAL|19|51|2|001|100| C|Pembinaan dan Bimtek Pengelolaan Keuangan Daerah|00||0|0
2026|01|528366|015|08|CD|6212|FAL|19|51|2|001|100| D|Penyerahan DIPA|00||0|0
2026|01|528366|015|08|CD|6213|ABA|19|51|2|001|100| A|Penyusunan Analisis Potensi Pembiayaan dan Pelaksanaan MoU DJPb dan PT SMI di Daerah|00||0|0
2026|01|528366|015|08|CD|6213|FAE|19|51|2|008|100| A|Koordinasi Pelaksanaan Tugas RCE  ALCo|00||0|0
2026|01|528366|015|08|CD|6213|FAE|19|51|2|009|100| B|Monitoring dan  Evaluasi KURPenerusan Pinjaman|00||0|0
2026|01|528366|015|08|CD|6213|FAL|19|51|2|003|100| A|Pelaksanaan Spending Review|00||0|0
2026|01|528366|015|08|CD|6213|FAL|19|51|2|003|100| C|Review Pelaksanaan Anggaran|00||0|0
2026|01|528366|015|08|CD|6213|FAL|19|51|2|003|100| D|Monitoring dan Evaluasi Pelaksanaan Anggaran|00||0|0
2026|01|528366|015|08|CD|6213|FAL|19|51|2|003|100| E|Pengumpulan InformasiPenajaman Data Fiskal RegionalPenyusunan KFR|00||0|0
2026|01|528366|015|08|CD|6213|FAL|19|51|2|003|100| F|Publikasi Kajian Fiskal Regional (Full Cost)|00||0|0
2026|01|528366|015|08|CD|6213|FAL|19|51|2|003|100| G|Pengumpulan Konfirmasi Informasi Pengelolaan Keuangan Daerah dan Penyusunan Profil Keuangan Daerah|00||0|0
2026|01|528366|015|08|CD|6213|FAL|19|51|2|003|100| H|Monitoring atas Dana Transfer dan Dana Desa|00||0|0
2026|01|528366|015|08|CD|6215|FAH|19|51|2|003|100| A|Pembinaan UAKBUN D (KPPN)|00||0|0
2026|01|528366|015|08|CD|6215|FAH|19|51|2|001|100| A|Koordinasi Laporan Keuangan Pemerintah Daerah danatau BLUD|00||0|0
2026|01|528366|015|08|WA|4715|EBA|19|51|2|001|100| A|TANPA SUB KOMPONEN|00||0|0
2026|01|528366|015|08|WA|4715|EBA|19|51|2|002|100| A|TANPA SUB KOMPONEN|00||0|0
2026|01|528366|015|08|WA|4715|EBA|19|51|2|994|002| A|Keperluan Seharihari Perkantoran|00||0|0
2026|01|528366|015|08|WA|4715|EBA|19|51|2|994|002| B|Langganan Daya dan Jasa|00||0|0
2026|01|528366|015|08|WA|4715|EBA|19|51|2|994|002| C|Pelaksanaan Operasional Kantor|00||0|0
2026|01|528366|015|08|WA|4715|EBA|19|51|2|994|002| D|Pemeliharaan Peralatan dan Mesin|00||0|0
2026|01|528366|015|08|WA|4715|EBA|19|51|2|994|002| G|Pemeliharaan Gedung dan Bangunan|00||0|0
2026|01|528366|015|08|WA|4715|EBA|19|51|2|994|002|HB|Dukungan Tusi - Reviu Belanja Pemerintah|00||0|0
2026|01|528366|015|08|WA|4715|EBA|19|51|2|994|002|HC|Dukungan Tusi - Government Financial Statistic (GFS)|00||0|0
2026|01|528366|015|08|WA|4715|EBA|19|51|2|994|002|HD|Dukungan Tusi - Rekomendasi Pengelolaan Organisasi|00||0|0
2026|01|528366|015|08|WA|4715|EBA|19|51|2|994|002|HH|Dukungan Pelaksanaan Tusi Prioritas Direktif Presiden|00||0|0
2026|01|528366|015|08|WA|4715|EBA|19|51|2|994|002|TJ|Jasa PemeliharaanAnnual Technical Support (ATS)|00||0|0
2026|01|528366|015|08|WA|4715|EBB|19|51|2|002|100| A|TANPA SUB KOMPONEN|00||0|0
2026|01|528366|015|08|WA|4715|EBD|19|51|2|Z36|100| A|TANPA SUB KOMPONEN|00||0|0
2026|01|528366|015|08|WA|4715|EBD|19|51|2|Z26|100| A|Rakor Penyusunan Laporan Keuangan Tingkat UAPPAW (Full Cost)|00||0|0
2026|01|528366|015|08|WA|4718|BMB|19|51|2|002|100| A|TANPA SUB KOMPONEN|00||0|0
2026|01|528366|015|08|WA|4718|BMB|19|51|2|001|100| A|TANPA SUB KOMPONEN|00||0|0
2026|01|528366|015|08|WA|4719|EBA|19|51|2|003|100| A|Pelaksanaan Supervisi Proses Bisnis KPPN|00||0|0
2026|01|528366|015|08|WA|4719|EBA|19|51|2|003|100| B|Koordinasi Inovasi layanan|00||0|0
2026|01|528366|015|08|WA|4719|EBA|19|51|2|994|001| A|TANPA SUB KOMPONEN|00||0|0
2026|01|528366|015|08|WA|4719|EBA|19|51|2|005|100| B|Pelaksanaan Supervisi Teknis Aplikasi|00||0|0
2026|01|528366|015|08|WA|4719|EBC|19|51|2|001|100|XC|Penyelenggaraan Capacity Building|00||0|0
2026|01|528366|015|08|WA|4722|EBD|19|51|2|001|100| A|Pelaksanaan Manajemen Resiko dan Kepatuhan Internal|00||0|0
2026|01|528413|015|08|CD|6212|BMB|34|01|2|001|100| A|Profiling UMKM|00||0|0
2026|01|528413|015|08|CD|6212|FAC|34|01|2|001|100| A|Training Modul Aplikasi SAKTI|00||0|0
2026|01|528413|015|08|CD|6212|FAC|34|01|2|001|100| B|FGD dan Bimtek Transfer Keuangan Daerah|00||0|0
2026|01|528413|015|08|CD|6212|FAH|34|01|2|001|100| A|TANPA SUB KOMPONEN|00||0|0
2026|01|528413|015|08|CD|6212|FAL|34|01|2|004|100| A|Konsultasi|00||0|0
2026|01|528413|015|08|CD|6212|FAL|34|01|2|004|100| B|Sosialisasi dan Bimbingan Teknis|00||0|0
2026|01|528413|015|08|CD|6212|FAL|34|01|2|004|100| C|Pembinaan Satker|00||0|0
2026|01|528413|015|08|CD|6212|FAL|34|01|2|004|100| D|Pembinaan Pemda, TKD, dan Penandatanganan BAR|00||0|0
2026|01|528413|015|08|CD|6213|FAC|34|01|2|001|100| A|Pembinaan Jabatan Fungsional Perbendaharaan|00||0|0
2026|01|528413|015|08|CD|6213|FAE|34|01|2|009|100| A|Monev Penyaluran Pembiayaan Ultra Mikro|00||0|0
2026|01|528413|015|08|CD|6213|FAL|34|01|2|003|100| A|Monev Pelaksanaan Anggaran|00||0|0
2026|01|528413|015|08|CD|6214|FAL|34|01|2|002|100| B|PenerbitanPersetujuanRekonsiliasi RekeningSKPPKonfirmasi Penerimaan Negara, dll|00||0|0
2026|01|528413|015|08|CD|6215|FAH|34|01|2|003|100| A|Penyusunan Laporan Keuangan Tingkat Kuasa BUN di Daerah|00||0|0
2026|01|528413|015|08|WA|4715|EBA|34|01|2|001|100| A|TANPA SUB KOMPONEN|00||0|0
2026|01|528413|015|08|WA|4715|EBA|34|01|2|002|100| A|TANPA SUB KOMPONEN|00||0|0
2026|01|528413|015|08|WA|4715|EBA|34|01|2|994|002| A|Keperluan Seharihari Perkantoran|00||0|0
2026|01|528413|015|08|WA|4715|EBA|34|01|2|994|002| B|Langganan Daya dan Jasa|00||0|0
2026|01|528413|015|08|WA|4715|EBA|34|01|2|994|002| C|Pelaksanaan Operasional Kantor|00||0|0
2026|01|528413|015|08|WA|4715|EBA|34|01|2|994|002| D|Pemeliharaan Peralatan dan Mesin|00||0|0
2026|01|528413|015|08|WA|4715|EBA|34|01|2|994|002| G|Pemeliharaan Gedung dan Bangunan|00||0|0
2026|01|528413|015|08|WA|4715|EBA|34|01|2|994|002|HA|Dukungan Tusi - Konsultasi Pencairan Dana|00||0|0
2026|01|528413|015|08|WA|4715|EBA|34|01|2|994|002|HB|Dukungan Tusi - Reviu Belanja Pemerintah|00||0|0
2026|01|528413|015|08|WA|4715|EBA|34|01|2|994|002|TJ|Jasa Pemeliharaan Annual Technical Support (ATS)|00||0|0
2026|01|528413|015|08|WA|4715|EBD|34|01|2|Z36|100| B|Pelaksanaan Manajemen Kinerja, Resiko, dan Kepatuhan Internal|00||0|0
2026|01|528413|015|08|WA|4718|BMB|34|01|2|002|100| A|TANPA SUB KOMPONEN|00||0|0
2026|01|528413|015|08|WA|4718|BMB|34|01|2|001|100| A|TANPA SUB KOMPONEN|00||0|0
2026|01|528413|015|08|WA|4719|EBA|34|01|2|994|001| A|TANPA SUB KOMPONEN|00||0|0
2026|01|528413|015|08|WA|4719|EBA|34|01|2|004|100| A|Survey Kepuasan Pengguna Layanan|00||0|0
2026|01|528413|015|08|WA|4719|EBC|34|01|2|001|100|XC|Penyelenggaraan Capacity Building|00||0|0
2026|01|528455|015|08|CD|6212|FAH|20|52|2|001|100| A|TANPA SUB KOMPONEN|00||0|0
2026|01|528455|015|08|CD|6212|FAL|20|52|2|004|100| A|Konsultasi|00||0|0
2026|01|528455|015|08|CD|6212|FAL|20|52|2|004|100| B|Sosialisasi dan Bimbingan Teknis|00||0|0
2026|01|528455|015|08|CD|6212|FAL|20|52|2|004|100| D|Pembinaan Pemda, TKD, dan Penandatanganan BAR|00||0|0
2026|01|528455|015|08|CD|6213|FAC|20|52|2|001|100| A|Pembinaan Jabatan Fungsional Perbendaharaan|00||0|0
2026|01|528455|015|08|CD|6213|FAE|20|52|2|009|100| A|Monev Penyaluran Pembiayaan Ultra Mikro|00||0|0
2026|01|528455|015|08|CD|6213|FAL|20|52|2|003|100| A|Monev Pelaksanaan Anggaran|00||0|0
2026|01|528455|015|08|CD|6214|FAL|20|52|2|002|100| A|Pelaksanaan PencairanPenarikanPengesahan Dana|00||0|0
2026|01|528455|015|08|CD|6214|FAL|20|52|2|002|100| B|PenerbitanPersetujuanRekonsiliasi RekeningSKPPKonfirmasi Penerimaan Negara, dll|00||0|0
2026|01|528455|015|08|CD|6215|FAH|20|52|2|003|100| A|Penyusunan Laporan Keuangan Tingkat Kuasa BUN di Daerah|00||0|0
2026|01|528455|015|08|WA|4715|EBA|20|52|2|001|100| A|TANPA SUB KOMPONEN|00||0|0
2026|01|528455|015|08|WA|4715|EBA|20|52|2|001|100| B|Koordinasi Penyusunan ATK PU|00||0|0
2026|01|528455|015|08|WA|4715|EBA|20|52|2|002|100| A|TANPA SUB KOMPONEN|00||0|0
2026|01|528455|015|08|WA|4715|EBA|20|52|2|994|002| A|Keperluan Seharihari Perkantoran|00||0|0
2026|01|528455|015|08|WA|4715|EBA|20|52|2|994|002| B|Langganan Daya dan Jasa|00||0|0
2026|01|528455|015|08|WA|4715|EBA|20|52|2|994|002| C|Pelaksanaan Operasional Kantor|00||0|0
2026|01|528455|015|08|WA|4715|EBA|20|52|2|994|002| D|Pemeliharaan Peralatan dan Mesin|00||0|0
2026|01|528455|015|08|WA|4715|EBA|20|52|2|994|002| G|Pemeliharaan Gedung dan Bangunan|00||0|0
2026|01|528455|015|08|WA|4715|EBA|20|52|2|994|002|HA|Dukungan Tusi - Konsultasi Pencairan Dana|00||0|0
2026|01|528455|015|08|WA|4715|EBA|20|52|2|994|002|HB|Dukungan Tusi - Reviu Belanja Pemerintah|00||0|0
2026|01|528455|015|08|WA|4715|EBA|20|52|2|994|002|HH|Dukungan Pelaksaan Tusi Prioritas Direktif Presiden |00||0|0
2026|01|528455|015|08|WA|4715|EBA|20|52|2|994|002|TJ|Jasa Pemeliharaan Annual Technical Support (ATS)|00||0|0
2026|01|528455|015|08|WA|4715|EBD|20|52|2|Z36|100| B|Pelaksanaan Manajemen Kinerja, Resiko dan Kepatuhan Internal|00||0|0
2026|01|528455|015|08|WA|4718|BMB|20|52|2|002|100| A|TANPA SUB KOMPONEN|00||0|0
2026|01|528455|015|08|WA|4718|BMB|20|52|2|001|100| A|TANPA SUB KOMPONEN|00||0|0
2026|01|528455|015|08|WA|4719|EBA|20|52|2|004|100| A|Survey Kepuasan Pengguna Layanan|00||0|0
2026|01|528455|015|08|WA|4719|EBA|20|52|2|994|001| A|TANPA SUB KOMPONEN|00||0|0
2026|01|528455|015|08|WA|4719|EBC|20|52|2|001|100|XC|Penyelenggaraan Capacity Building|00||0|0
2026|01|528455|015|08|CD|6212|FAC|20|52|2|001|100| A|Training Modul Aplikasi SAKTI|00||0|0
2026|01|528455|015|08|CD|6212|FAC|20|52|2|001|100| B|FGD dan Bimtek Transfer Keuangan Daerah|00||0|0
2026|01|528420|015|08|CD|6212|FAC|19|05|2|001|100| A|Training Modul Aplikasi SAKTI|00||0|0
2026|01|528420|015|08|CD|6212|FAC|19|05|2|001|100| B|FGD dan Bimtek Transfer Keuangan Daerah|00||0|0
2026|01|528420|015|08|CD|6212|FAH|19|05|2|001|100| A|TANPA SUB KOMPONEN|00||0|0
2026|01|528420|015|08|CD|6212|FAL|19|05|2|004|100| A|Konsultasi|00||0|0
2026|01|528420|015|08|CD|6212|FAL|19|05|2|004|100| B|Sosialisasi dan Bimbingan Teknis|00||0|0
2026|01|528420|015|08|CD|6212|FAL|19|05|2|004|100| D|Pembinaan Pemda, TKD, dan Penandatanganan BAR|00||0|0
2026|01|528420|015|08|CD|6213|FAC|19|05|2|001|100| A|Pembinaan Jabatan Fungsional Perbendaharaan|00||0|0
2026|01|528420|015|08|CD|6214|FAL|19|05|2|002|100| A|Pelaksanaan Pencairan/Penarikan/Pengesahan Dana|00||0|0
2026|01|528420|015|08|CD|6214|FAL|19|05|2|002|100| B|Penerbitan/Persetujuan/Rekonsiliasi Rekening/SKPP/Konfirmasi Penerimaan Negara, dll|00||0|0
2026|01|528420|015|08|CD|6215|FAH|19|05|2|003|100| A|Penyusunan Laporan Keuangan Tingkat Kuasa BUN di Daerah|00||0|0
2026|01|528420|015|08|WA|4715|EBA|19|05|2|001|100| A|TANPA SUB KOMPONEN|00||0|0
2026|01|528420|015|08|WA|4715|EBA|19|05|2|001|100| B|Koordinasi Penyusunan ATK PU|00||0|0
2026|01|528420|015|08|WA|4715|EBA|19|05|2|002|100| A|TANPA SUB KOMPONEN|00||0|0
2026|01|528420|015|08|WA|4715|EBA|19|05|2|994|002| A|Keperluan Sehari-hari Perkantoran|00||0|0
2026|01|528420|015|08|WA|4715|EBA|19|05|2|994|002| B|Langganan Daya dan Jasa|00||0|0
2026|01|528420|015|08|WA|4715|EBA|19|05|2|994|002| C|Pelaksanaan Operasional Kantor|00||0|0
2026|01|528420|015|08|WA|4715|EBA|19|05|2|994|002| D|Pemeliharaan Peralatan dan Mesin|00||0|0
2026|01|528420|015|08|WA|4715|EBA|19|05|2|994|002| G|Pemeliharaan Gedung dan Bangunan|00||0|0
2026|01|528420|015|08|WA|4715|EBA|19|05|2|994|002|HA|Dukungan Tusi - Konsultasi Pencairan Dana|00||0|0
2026|01|528420|015|08|WA|4715|EBA|19|05|2|994|002|HB|Dukungan Tusi - Reviu Belanja Pemerintah|00||0|0
2026|01|528420|015|08|WA|4715|EBA|19|05|2|994|002|HH|Dukungan Pelaksanaan Tusi Prioritas Direktif Presiden|00||0|0
2026|01|528420|015|08|WA|4715|EBA|19|05|2|994|002|TJ|Jasa Pemeliharaan/Annual Technical Support (ATS)|00||0|0
2026|01|528420|015|08|WA|4715|EBD|19|05|2|Z36|100| B|Pelaksanaan Manajemen Kinerja, Resiko dan Kepatuhan Internal|00||0|0
2026|01|528420|015|08|WA|4718|BMB|19|05|2|001|100| A|TANPA SUB KOMPONEN|00||0|0
2026|01|528420|015|08|WA|4718|BMB|19|05|2|002|100| A|TANPA SUB KOMPONEN|00||0|0
2026|01|528420|015|08|WA|4719|EBA|19|05|2|994|001| A|TANPA SUB KOMPONEN|00||0|0
2026|01|528420|015|08|WA|4719|EBA|19|05|2|004|100| A|Survey Kepuasan Pengguna Layanan|00||0|0
2026|01|528420|015|08|WA|4719|EBC|19|05|2|001|100|XC|Penyelenggaraan Capacity Building|00||0|0
2026|01|528441|015|08|CD|6212|FAC|20|51|2|001|100| A|Training Modul Aplikasi SAKTI|00||0|0
2026|01|528441|015|08|CD|6212|FAC|20|51|2|001|100| B|FGD dan Bimtek Transfer Keuangan Daerah|00||0|0
2026|01|528441|015|08|CD|6212|FAH|20|51|2|001|100| A|TANPA SUB KOMPONEN|00||0|0
2026|01|528441|015|08|CD|6212|FAL|20|51|2|004|100| A|Konsultasi|00||0|0
2026|01|528441|015|08|CD|6212|FAL|20|51|2|004|100| B|Sosialisasi dan Bimbingan Teknis|00||0|0
2026|01|528441|015|08|CD|6212|FAL|20|51|2|004|100| D|Pembinaan Pemda, TKD, dan Penandatangan BAR|00||0|0
2026|01|528441|015|08|CD|6213|FAC|20|51|2|001|100| A|Pembinaan Jabatan Fungsional Perbendaharaan|00||0|0
2026|01|528441|015|08|CD|6213|FAE|20|51|2|009|100| A|Monev Penyaluran Pembiayaan Ultra Mikro|00||0|0
2026|01|528441|015|08|CD|6213|FAL|20|51|2|003|100| A|Monev Pelaksanaan Anggaran|00||0|0
2026|01|528441|015|08|CD|6214|FAL|20|51|2|002|100| A|Pelaksanaan PencairanPenarikanPengesahan Dana|00||0|0
2026|01|528441|015|08|CD|6214|FAL|20|51|2|002|100| B|PenerbitanPersetujuanRekonsiliasi RekeningSKPPKonfirmasi Penerimaan Negara|00||0|0
2026|01|528441|015|08|CD|6215|FAH|20|51|2|003|100| A|Penyusunan Laporan Keuangan Tingkat Kuasa BUN di Daerah|00||0|0
2026|01|528441|015|08|WA|4715|EBA|20|51|2|001|100| A|TANPA SUB KOMPONEN|00||0|0
2026|01|528441|015|08|WA|4715|EBA|20|51|2|002|100| A|TANPA SUB KOMPONEN|00||0|0
2026|01|528441|015|08|WA|4715|EBA|20|51|2|994|002| A|Keperluan Sehari-hari Perkantoran|00||0|0
2026|01|528441|015|08|WA|4715|EBA|20|51|2|994|002| B|Langganan Daya dan Jasa|00||0|0
2026|01|528441|015|08|WA|4715|EBA|20|51|2|994|002| C|Pelaksanaan Operasional|00||0|0
2026|01|528441|015|08|WA|4715|EBA|20|51|2|994|002| D|Pemeliharaan Peralatan dan Mesin|00||0|0
2026|01|528441|015|08|WA|4715|EBA|20|51|2|994|002| G|Pemeliharaan Gedung dan Bangunan|00||0|0
2026|01|528441|015|08|WA|4715|EBA|20|51|2|994|002|HA|Dukungan Tusi - Konsultasi Pencairan Dana|00||0|0
2026|01|528441|015|08|WA|4715|EBA|20|51|2|994|002|HB|Dukungan Tusi - Reviu Belanja Pemerintah|00||0|0
2026|01|528441|015|08|WA|4715|EBA|20|51|2|994|002|HH|Dukungan Pelaksanaan Tusi Prioritas Direktif Presiden|00||0|0
2026|01|528441|015|08|WA|4715|EBA|20|51|2|994|002|TJ|Jasa Pemeliharaan Annual Technical Support (ATS)|00||0|0
2026|01|528441|015|08|WA|4715|EBB|20|51|2|002|100| A|TANPA SUB KOMPONEN|00||0|0
2026|01|528441|015|08|WA|4715|EBD|20|51|2|Z36|100| B|Pelaksanaan Manajemen Kinerja, Resiko dan Kepatuhan Internal|00||0|0
2026|01|528441|015|08|WA|4718|BMB|20|51|2|001|100| A|TANPA SUB KOMPONEN|00||0|0
2026|01|528441|015|08|WA|4718|BMB|20|51|2|002|100| A|TANPA SUB KOMPONEN|00||0|0
2026|01|528441|015|08|WA|4719|EBA|20|51|2|004|100| A|Survey Kepuasan Pengguna Layanan|00||0|0
2026|01|528441|015|08|WA|4719|EBA|20|51|2|994|001| A|TANPA SUB KOMPONEN|00||0|0
2026|01|528441|015|08|WA|4719|EBC|20|51|2|001|100|XC|Penyelenggaraan Capacity Building|00||0|0
2026|01|528476|015|08|CD|6212|BMB|21|51|2|001|100| A|Profiling UMKM|00||0|0
2026|01|528476|015|08|CD|6212|BMB|21|51|2|001|100| B|Pemberdayaan UMKM  SosialisasiBimtekAsistensi dan BazarPojokRumah UMKM|00||0|0
2026|01|528476|015|08|CD|6212|BMB|21|51|2|001|100| C|Monitoring dan Evaluasi|00||0|0
2026|01|528476|015|08|CD|6212|BMB|21|51|2|001|100| D|Komunikasi Publik  BazarPojokRumah UMKM|00||0|0
2026|01|528476|015|08|CD|6212|FAC|21|51|2|002|100| A|Pembinaan Satker BLU|00||0|0
2026|01|528476|015|08|CD|6212|FAC|21|51|2|002|100| B|Asistensi  Pembinaan Pengelolaan Keuangan BLU Daerah|00||0|0
2026|01|528476|015|08|CD|6212|FAH|21|51|2|002|100| A|Forum Koordinasi dan Rekonsiliasi Data dengan Bank Indonesia|00||0|0
2026|01|528476|015|08|CD|6212|FAH|21|51|2|002|100| B|Pembinaan SAP pada Pemerintah Daerah|00||0|0
2026|01|528476|015|08|CD|6212|FAH|21|51|2|002|100| C|SosialisasiBimtekWorkshopFGD dengan Pemda|00||0|0
2026|01|528476|015|08|CD|6212|FAH|21|51|2|003|100| A|Pendampingan Penyusunan dan Penyelesaian Permasalahan Laporan Keuangan UAPPAW dan BLU|00||0|0
2026|01|528476|015|08|CD|6212|FAH|21|51|2|003|100| B|Sosialisasi dan Bimbingan Teknis UAPPAW|00||0|0
2026|01|528476|015|08|CD|6212|FAL|21|51|2|001|100| A|Sosialisasi PeraturanKebijakan Pelaksanaan Anggaran|00||0|0
2026|01|528476|015|08|CD|6212|FAL|21|51|2|001|100| B|Pengkoordinasian Kerjasama Ekonomi dan Keuangan Daerah|00||0|0
2026|01|528476|015|08|CD|6212|FAL|21|51|2|001|100| C|Pembinaan dan Bimtek Pengelolaan Keuangan Daerah|00||0|0
2026|01|528476|015|08|CD|6212|FAL|21|51|2|001|100| D|Penyerahan DIPA|00||0|0
2026|01|528476|015|08|CD|6213|ABA|21|51|2|001|100| A|Penyusunan Analisis Potensi Pembiayaan dan Pelaksanaan MoU DJPb dan PT SMI di Daerah|00||0|0
2026|01|528476|015|08|CD|6213|FAE|21|51|2|008|100| A|Koordinasi Pelaksanaan Tugas RCE  ALCo|00||0|0
2026|01|528476|015|08|CD|6213|FAE|21|51|2|009|100| B|Monitoring dan  Evaluasi KURPenerusan Pinjaman|00||0|0
2026|01|528476|015|08|CD|6213|FAL|21|51|2|003|100| A|Pelaksanaan Spending Review|00||0|0
2026|01|528476|015|08|CD|6213|FAL|21|51|2|003|100| C|Review Pelaksanaan Anggaran|00||0|0
2026|01|528476|015|08|CD|6213|FAL|21|51|2|003|100| D|Monitoring dan Evaluasi Pelaksanaan Anggaran|00||0|0
2026|01|528476|015|08|CD|6213|FAL|21|51|2|003|100| E|Pengumpulan InformasiPenajaman Data Fiskal RegionalPenyusunan KFR|00||0|0
2026|01|528476|015|08|CD|6213|FAL|21|51|2|003|100| F|Publikasi Kajian Fiskal Regional (Full Cost)|00||0|0
2026|01|528476|015|08|CD|6213|FAL|21|51|2|003|100| G|Pengumpulan Konfirmasi Informasi Pengelolaan Keuangan Daerah dan Penyusunan Profil Keuangan Daerah|00||0|0
2026|01|528476|015|08|CD|6213|FAL|21|51|2|003|100| H|Monitoring atas Dana Transfer dan Dana Desa|00||0|0
2026|01|528476|015|08|CD|6215|FAH|21|51|2|001|100| A|Koordinasi Laporan Keuangan Pemerintah Daerah danatau BLUD|00||0|0
2026|01|528476|015|08|CD|6215|FAH|21|51|2|001|100| B|Penyusunan Laporan Statistik Keuangan Pemerintah Tingkat Wilayah|00||0|0
2026|01|528476|015|08|CD|6215|FAH|21|51|2|003|100| A|Pembinaan UAKBUN D (KPPN)|00||0|0
2026|01|528476|015|08|CD|6215|FAH|21|51|2|003|100| B|Koordinasi UAKBUND (KPPN) (Cross Program)|00||0|0
2026|01|528476|015|08|CD|6216|FAE|21|51|2|002|100| A|Pelaksanaan Survei Bahan Sumbangan Standar Biaya Masukan|00||0|0
2026|01|528476|015|08|WA|4715|EBA|21|51|2|001|100| A|TANPA SUB KOMPONEN|00||0|0
2026|01|528476|015|08|WA|4715|EBA|21|51|2|002|100| A|TANPA SUB KOMPONEN|00||0|0
2026|01|528476|015|08|WA|4715|EBA|21|51|2|994|002| A|Keperluan Seharihari Perkantoran|00||0|0
2026|01|528476|015|08|WA|4715|EBA|21|51|2|994|002| B|Langganan Daya dan Jasa|00||0|0
2026|01|528476|015|08|WA|4715|EBA|21|51|2|994|002| C|Pelaksanaan Operasional Kantor|00||0|0
2026|01|528476|015|08|WA|4715|EBA|21|51|2|994|002| D|Pemeliharaan Peralatan dan Mesin|00||0|0
2026|01|528476|015|08|WA|4715|EBA|21|51|2|994|002| G|Pemeliharaan Gedung dan Bangunan|00||0|0
2026|01|528476|015|08|WA|4715|EBA|21|51|2|994|002|HB|Dukungan Tusi - Reviu Belanja Pemerintah|00||0|0
2026|01|528476|015|08|WA|4715|EBA|21|51|2|994|002|HC|Dukungan Tusi - Goverment Financial Statistic (GFS)|00||0|0
2026|01|528476|015|08|WA|4715|EBA|21|51|2|994|002|HD|Dukungan Tusi - Rekomendasi Pengelolaan Organisasi|00||0|0
2026|01|528476|015|08|WA|4715|EBA|21|51|2|994|002|HH|Dukungan Pelaksanaan Tusi Prioritas Direktif Presiden|00||0|0
2026|01|528476|015|08|WA|4715|EBA|21|51|2|994|002|TJ|Jasa PemeliharaanAnnual Technical Support (ATS)|00||0|0
2026|01|528476|015|08|WA|4715|EBB|21|51|2|002|100| A|TANPA SUB KOMPONEN|00||0|0
2026|01|528476|015|08|WA|4715|EBB|21|51|2|004|100|GB|Renovasi GedungBangunan kantor|00||0|0
2026|01|528476|015|08|WA|4715|EBB|21|51|2|004|100|GL|Bangunan Lainnya|00||0|0
2026|01|528476|015|08|WA|4715|EBD|21|51|2|Z26|100| A|Rakor Penyusunan Laporan Keuangan Tingkat UAPPAW (Full Cost)|00||0|0
2026|01|528476|015|08|WA|4715|EBD|21|51|2|Z36|100| A|TANPA SUB KOMPONEN|00||0|0
2026|01|528476|015|08|WA|4718|BMB|21|51|2|001|100| A|TANPA SUB KOMPONEN|00||0|0
2026|01|528476|015|08|WA|4718|BMB|21|51|2|002|100| A|TANPA SUB KOMPONEN|00||0|0
2026|01|528476|015|08|WA|4719|EBA|21|51|2|003|100| A|Pelaksanaan Supervisi Proses Bisnis KPPN|00||0|0
2026|01|528476|015|08|WA|4719|EBA|21|51|2|003|100| B|Koordinasi Inovasi Layanan|00||0|0
2026|01|528476|015|08|WA|4719|EBA|21|51|2|005|100| B|Pelaksanaan Supervisi Teknis Aplikasi|00||0|0
2026|01|528476|015|08|WA|4719|EBA|21|51|2|994|001| A|TANPA SUB KOMPONEN|00||0|0
2026|01|528476|015|08|WA|4719|EBC|21|51|2|001|100|XC|Penyelenggaraan Capacity Building|00||0|0
2026|01|528476|015|08|WA|4722|EBD|21|51|2|001|100| A|Pelaksanaan Manajemen Resiko dan Kepatuhan Internal|00||0|0
2026|01|528480|015|08|CD|6212|BMB|21|51|2|001|100| A|Profiling UMKM|00||0|0
2026|01|528480|015|08|CD|6213|FAC|21|51|2|001|100| A|Pembinaan Jabatan Fungsional Perbendaharaan|00||0|0
2026|01|528480|015|08|CD|6213|FAE|21|51|2|009|100| A|Monev Penyaluran Pembiayaan Ultra Mikro|00||0|0
2026|01|528480|015|08|CD|6213|FAL|21|51|2|003|100| A|Monev Pelaksanaan Anggaran|00||0|0
2026|01|528480|015|08|CD|6214|FAL|21|51|2|002|100| A|Pelaksanaan PencairanPenarikanPengesahan Dana|00||0|0
2026|01|528480|015|08|CD|6214|FAL|21|51|2|002|100| B|PenerbitanPersetujuanRekonsiliasi RekeningSKPPKonfirmasi Penerimaan Negara, dll|00||0|0
2026|01|528480|015|08|CD|6215|FAH|21|51|2|003|100| A|Penyusunan Laporan Keuangan Tingkat Kuasa BUN di Daerah|00||0|0
2026|01|528480|015|08|CD|6215|FAH|21|51|2|003|100| B|Koordinasi UAKBUND KPPN di Kanwil (Cross Program)|00||0|0
2026|01|528480|015|08|WA|4715|EBA|21|51|2|001|100| A|TANPA SUB KOMPONEN|00||0|0
2026|01|528480|015|08|WA|4715|EBA|21|51|2|001|100| B|Koordinasi Penyusunan ATK PU|00||0|0
2026|01|528480|015|08|WA|4715|EBA|21|51|2|002|100| A|TANPA SUB KOMPONEN|00||0|0
2026|01|528480|015|08|WA|4715|EBA|21|51|2|994|002| A|Keperluan Seharihari Perkantoran|00||0|0
2026|01|528480|015|08|WA|4715|EBA|21|51|2|994|002| B|Langganan Daya dan Jasa|00||0|0
2026|01|528480|015|08|WA|4715|EBA|21|51|2|994|002| C|Pelaksanaan Operasional Kantor|00||0|0
2026|01|528480|015|08|WA|4715|EBA|21|51|2|994|002| D|Pemeliharaan Peralatan dan Mesin|00||0|0
2026|01|528480|015|08|WA|4715|EBA|21|51|2|994|002| E|Sewa Gedung Kantor|00||0|0
2026|01|528480|015|08|WA|4715|EBA|21|51|2|994|002| G|Pemeliharaan Gedung dan Bangunan|00||0|0
2026|01|528480|015|08|WA|4715|EBA|21|51|2|994|002|HA|Dukungan Tusi - Konsultasi Pencairan Dana|00||0|0
2026|01|528480|015|08|WA|4715|EBA|21|51|2|994|002|HB|Dukungan Tusi - Reviu Belanja Pemerintah|00||0|0
2026|01|528480|015|08|WA|4715|EBA|21|51|2|994|002|HH|Dukungan Pelaksanaan Tusi Prioritas Direktif Presiden|00||0|0
2026|01|528480|015|08|WA|4715|EBA|21|51|2|994|002|TJ|Jasa PemeliharaanAnnual Technical Support (ATS)|00||0|0
2026|01|528480|015|08|WA|4719|EBA|21|51|2|004|100| A|Survey Kepuasan Pengguna Layanan|00||0|0
2026|01|528480|015|08|WA|4719|EBA|21|51|2|994|001| A|TANPA SUB KOMPONEN|00||0|0
2026|01|528480|015|08|CD|6212|FAC|21|51|2|001|100| A|Training Modul Aplikasi SAKTI|00||0|0
2026|01|528480|015|08|CD|6212|FAC|21|51|2|001|100| B|FGD dan Bimtek Transfer Keuangan Daerah|00||0|0
2026|01|528480|015|08|CD|6212|FAH|21|51|2|001|100| A|TANPA SUB KOMPONEN|00||0|0
2026|01|528480|015|08|CD|6212|FAL|21|51|2|004|100| A|Konsultasi|00||0|0
2026|01|528480|015|08|CD|6212|FAL|21|51|2|004|100| B|Sosialisasi dan Bimbingan Teknis|00||0|0
2026|01|528480|015|08|CD|6212|FAL|21|51|2|004|100| D|Pembinaan Pemda, TKD, dan Penandatanganan BAR|00||0|0
2026|01|528480|015|08|WA|4715|EBD|21|51|2|Z36|100| B|Pelaksanaan Manajemen Kinerja, Resiko dan Kepatuhan Internal|00||0|0
2026|01|528480|015|08|WA|4718|BMB|21|51|2|001|100| A|TANPA SUB KOMPONEN|00||0|0
2026|01|528480|015|08|WA|4718|BMB|21|51|2|002|100| A|TANPA SUB KOMPONEN|00||0|0
2026|01|528480|015|08|WA|4719|EBC|21|51|2|001|100|XC|Penyelenggaraan Capacity Building|00||0|0
2026|01|528551|015|08|CD|6212|BMB|22|51|2|001|100| A|Profiling UMKM|00||0|0
2026|01|528551|015|08|CD|6212|FAC|22|51|2|001|100| A|Training Modul Aplikasi SAKTI|00||0|0
2026|01|528551|015|08|CD|6212|FAC|22|51|2|001|100| B|FGD dan Bimtek Transfer Keuangan Daerah|00||0|0
2026|01|528551|015|08|CD|6212|FAH|22|51|2|001|100| A|TANPA SUB KOMPONEN|00||0|0
2026|01|528551|015|08|CD|6212|FAL|22|51|2|004|100| A|Konsultasi|00||0|0
2026|01|528551|015|08|CD|6212|FAL|22|51|2|004|100| B|Sosialisasi dan Bimbingan Teknis|00||0|0
2026|01|528551|015|08|CD|6212|FAL|22|51|2|004|100| D|Pembinaan Pemda, TKD, dan Penandatanganan BAR|00||0|0
2026|01|528551|015|08|CD|6213|FAC|22|51|2|001|100| A|Pembinaan Jabatan Fungsional Perbendaharaan|00||0|0
2026|01|528551|015|08|CD|6213|FAE|22|51|2|009|100| A|Monev Penyaluran Pembiayaan Ultra M|00||0|0
2026|01|528551|015|08|CD|6213|FAL|22|51|2|003|100| A|Monev Pelaksanaan Anggaran|00||0|0
2026|01|528551|015|08|CD|6214|FAL|22|51|2|002|100| A|Pelaksanaan PencairanPenarikanRepaymentPengesahan Dana|00||0|0
2026|01|528551|015|08|CD|6214|FAL|22|51|2|002|100| B|PenerbitanPersetujuanRekonsiliasi RekeningSKPPKonfirmasi Penerimaan Negara, dll|00||0|0
2026|01|528551|015|08|CD|6215|FAH|22|51|2|003|100| A|Penyusunan Laporan Keuangan Tingkat Kuasa BUN di Daerah|00||0|0
2026|01|528551|015|08|WA|4715|EBA|22|51|2|001|100| A|TANPA SUB KOMPONEN|00||0|0
2026|01|528551|015|08|WA|4715|EBA|22|51|2|002|100| A|TANPA SUB KOMPONEN|00||0|0
2026|01|528551|015|08|WA|4715|EBA|22|51|2|994|002| A|Keperluan Seharihari perkantoran|00||0|0
2026|01|528551|015|08|WA|4715|EBA|22|51|2|994|002| B|Langganan Daya dan Jasa|00||0|0
2026|01|528551|015|08|WA|4715|EBA|22|51|2|994|002| C|Pelaksanaan Operasional Perkantoran|00||0|0
2026|01|528551|015|08|WA|4715|EBA|22|51|2|994|002| D|Pemeliharaan Peralatan dan Mesin|00||0|0
2026|01|528551|015|08|WA|4715|EBA|22|51|2|994|002|HA|Dukungan Tusi - Konsultasi Pencairan Dana|00||0|0
2026|01|528551|015|08|WA|4715|EBA|22|51|2|994|002|HB|Dukungan Tusi - Reviu Belanja Pemerintah|00||0|0
2026|01|528551|015|08|WA|4715|EBA|22|51|2|994|002|HH|Dukungan Tusi - Prioritas Direktif Presiden|00||0|0
2026|01|528551|015|08|WA|4715|EBA|22|51|2|994|002|TJ|Jasa PemeliharaanAnnual Technical Support (ATS)|00||0|0
2026|01|528551|015|08|WA|4715|EBD|22|51|2|Z36|100| A|Perumusan Kebijakan Pengelolaa Kinerja Organisasi|00||0|0
2026|01|528551|015|08|WA|4718|BMB|22|51|2|002|100| A|TANPA SUB KOMPONEN|00||0|0
2026|01|528551|015|08|WA|4718|BMB|22|51|2|001|100| A|TANPA SUB KOMPONEN|00||0|0
2026|01|528551|015|08|WA|4719|EBA|22|51|2|994|001| A|TANPA SUB KOMPONEN|00||0|0
2026|01|528551|015|08|WA|4719|EBA|22|51|2|004|100| A|Survey Kepuasan Pengguna Layanan|00||0|0
2026|01|528551|015|08|WA|4719|EBC|22|51|2|001|100|XC|Penyelenggaraan Capacity Building|00||0|0
2026|01|528497|015|08|CD|6212|BMB|28|51|2|001|100| A|Profiling UMKM|00||0|0
2026|01|528497|015|08|CD|6212|FAC|28|51|2|001|100| A|Training Modul Aplikasi SAKTI|00||0|0
2026|01|528497|015|08|CD|6212|FAC|28|51|2|001|100| B|FGD dan Bimtek Transfer Keuangan Daerah|00||0|0
2026|01|528497|015|08|CD|6212|FAH|28|51|2|001|100| A|TANPA SUB KOMPONEN|00||0|0
2026|01|528497|015|08|CD|6212|FAL|28|51|2|004|100| A|Konsultasi|00||0|0
2026|01|528497|015|08|CD|6212|FAL|28|51|2|004|100| B|Sosialisasi dan Bimbingan Teknis|00||0|0
2026|01|528497|015|08|CD|6212|FAL|28|51|2|004|100| D|Pembinaan Pemda, TKD, dan Penandatanganan BAR|00||0|0
2026|01|528497|015|08|CD|6213|FAC|28|51|2|001|100| A|Pembinaan Jabatan Fungsional Perbendaharaan|00||0|0
2026|01|528497|015|08|CD|6213|FAL|28|51|2|003|100| A|Monev Pelaksanaan Anggaran|00||0|0
2026|01|528497|015|08|CD|6214|FAL|28|51|2|002|100| A|Pelaksanaan PencairanPenarikanPengesahan Dana|00||0|0
2026|01|528497|015|08|CD|6214|FAL|28|51|2|002|100| B|PenerbitanPersetujuanRekonsiliasi RekeningSKPPKonfirmasi Penerimaan Negara, DLL|00||0|0
2026|01|528497|015|08|CD|6215|FAH|28|51|2|003|100| A|Penyusunan Laporan Keuangan Tingkat Kuasa BUN di Daerah|00||0|0
2026|01|528497|015|08|WA|4715|EBA|28|51|2|001|100| A|TANPA SUB KOMPONEN|00||0|0
2026|01|528497|015|08|WA|4715|EBA|28|51|2|001|100| B|Koordinasi Penyusunan ATK PU|00||0|0
2026|01|528497|015|08|WA|4715|EBA|28|51|2|002|100| A|TANPA SUB KOMPONEN|00||0|0
2026|01|528497|015|08|WA|4715|EBA|28|51|2|994|002| A|Keperluan SehariHari Perkantoran|00||0|0
2026|01|528497|015|08|WA|4715|EBA|28|51|2|994|002| B|Langganan Daya dan Jasa|00||0|0
2026|01|528497|015|08|WA|4715|EBA|28|51|2|994|002| C|Pelaksanaan Operasional Kantor|00||0|0
2026|01|528497|015|08|WA|4715|EBA|28|51|2|994|002| D|Pemeliharaan Peralatan dan Mesin|00||0|0
2026|01|528497|015|08|WA|4715|EBA|28|51|2|994|002| G|Pemeliharaan Gedung dan Bangunan|00||0|0
2026|01|528497|015|08|WA|4715|EBA|28|51|2|994|002|HA|Dukungan Tusi - Konsultasi Pencairan Dana|00||0|0
2026|01|528497|015|08|WA|4715|EBA|28|51|2|994|002|HB|Dukungan Tusi - Reviu Belanja Pemerintah|00||0|0
2026|01|528497|015|08|WA|4715|EBA|28|51|2|994|002|HH|Dukungan Pelaksanaan Tusi Prioritas Direktif Presiden|00||0|0
2026|01|528497|015|08|WA|4715|EBA|28|51|2|994|002|TJ|Jasa PemeliharaanAnnual Technical Support (ATS)|00||0|0
2026|01|528497|015|08|WA|4715|EBB|28|51|2|002|100| A|TANPA SUB KOMPONEN|00||0|0
2026|01|528497|015|08|WA|4715|EBD|28|51|2|Z36|100| B|Pelaksanaan Manajemen Resiko dan Kepatuhan Internal|00||0|0
2026|01|528497|015|08|WA|4718|BMB|28|51|2|002|100| A|TANPA SUB KOMPONEN|00||0|0
2026|01|528497|015|08|WA|4718|BMB|28|51|2|001|100| A|PembinaanEdukasi Publik|00||0|0
2026|01|528497|015|08|WA|4719|EBA|28|51|2|994|001| A|TANPA SUB KOMPONEN|00||0|0
2026|01|528497|015|08|WA|4719|EBA|28|51|2|004|100| A|Survey Kepuasan Pengguna Layanan|00||0|0
2026|01|528497|015|08|WA|4719|EBC|28|51|2|001|100|XC|Penyelenggaraan Capacity Building|00||0|0
2026|01|528544|015|08|CD|6212|BMB|22|51|2|001|100| A|Profiling UMKM|00||0|0
2026|01|528544|015|08|CD|6212|BMB|22|51|2|001|100| B|Pemberdayaan UMKM  SosialisasiBimtekAsistensi dan BazarPojokRumah UMKM|00||0|0
2026|01|528544|015|08|CD|6212|BMB|22|51|2|001|100| C|Monitoring dan Evaluasi|00||0|0
2026|01|528544|015|08|CD|6212|BMB|22|51|2|001|100| D|Komunikasi Publik  BazarPojokRumah UMKM|00||0|0
2026|01|528544|015|08|CD|6212|FAC|22|51|2|002|100| A|Pembinaan Satker BLU|00||0|0
2026|01|528544|015|08|CD|6212|FAC|22|51|2|002|100| B|Asistensi  Pembinaan Pengelolaan Keuangan BLU Daerah|00||0|0
2026|01|528544|015|08|CD|6212|FAH|22|51|2|003|100| A|Pendampingan Penyusunan dan Penyelesaian Permasalahan Laporan Keuangan UAPPAW dan BLU|00||0|0
2026|01|528544|015|08|CD|6212|FAH|22|51|2|002|100| B|Pembinaan SAP pada Pemerintah Daerah|00||0|0
2026|01|528544|015|08|CD|6212|FAH|22|51|2|002|100| C|SosialisasiBimtekWorkshopFGD dengan Pemda|00||0|0
2026|01|528544|015|08|CD|6212|FAL|22|51|2|001|100| A|Sosialisasi PeraturanKebijakan Pelaksanaan Anggaran|00||0|0
2026|01|528544|015|08|CD|6212|FAL|22|51|2|001|100| B|Pengkoordinasian Kerjasama Ekonomi dan Keuangan Daerah|00||0|0
2026|01|528544|015|08|CD|6212|FAL|22|51|2|001|100| C|Pembinaan dan Bimtek Pengelolaan Keuangan Daerah|00||0|0
2026|01|528544|015|08|CD|6212|FAL|22|51|2|001|100| D|Penyerahan DIPA|00||0|0
2026|01|528544|015|08|CD|6213|ABA|22|51|2|001|100| A|Penyusunan Analisis Potensi Pembiayaan dan Pelaksanaan MoU DJPb dan PT SMI di Daerah|00||0|0
2026|01|528544|015|08|CD|6213|FAE|22|51|2|009|100| B|Monitoring dan Evaluasi KURPenerusan Pinjaman|00||0|0
2026|01|528544|015|08|CD|6213|FAE|22|51|2|008|100| A|Koordinasi Pelaksanaan Tugas RCE  ALCo|00||0|0
2026|01|528544|015|08|CD|6213|FAL|22|51|2|003|100| A|Pelaksanaan Spending Review|00||0|0
2026|01|528544|015|08|CD|6213|FAL|22|51|2|003|100| C|Review Pelaksanaan Anggaran|00||0|0
2026|01|528544|015|08|CD|6213|FAL|22|51|2|003|100| D|Monitoring dan Evaluasi Pelaksanaan Anggaran|00||0|0
2026|01|528544|015|08|CD|6213|FAL|22|51|2|003|100| E|Pengumpulan InformasiPenajaman Data Fiskal RegionalPenyusunan KFR|00||0|0
2026|01|528544|015|08|CD|6213|FAL|22|51|2|003|100| F|Publikasi Kajian Fiskal Regional|00||0|0
2026|01|528544|015|08|CD|6213|FAL|22|51|2|003|100| G|Pengumpulan Konfirmasi Informasi Pengelolaan Keuangan Daerah dan Penyusunan Profil Keuangan Daerah|00||0|0
2026|01|528544|015|08|CD|6213|FAL|22|51|2|003|100| H|Monitoring atas Dana Transfer dan Dana Desa|00||0|0
2026|01|528544|015|08|CD|6215|FAH|22|51|2|003|100| B|Koordinasi UAKBUND (KPPN)|00||0|0
2026|01|528544|015|08|CD|6215|FAH|22|51|2|001|100| A|Koordinasi Laporan Keuangan Pemerintah Daerah danatau BLUD|00||0|0
2026|01|528544|015|08|CD|6215|FAH|22|51|2|001|100| B|Penyusunan Laporan Statistik Keuangan Pemerintah Tingkat Wilayah|00||0|0
2026|01|528544|015|08|CD|6216|FAE|22|51|2|002|100| A|Pelaksanaan Survei Bahan Sumbangan Standar Biaya Masukan|00||0|0
2026|01|528544|015|08|WA|4715|EBA|22|51|2|001|100| A|TANPA SUB KOMPONEN|00||0|0
2026|01|528544|015|08|WA|4715|EBA|22|51|2|001|100| B|Koordinasi Penyusunan ATK PU|00||0|0
2026|01|528544|015|08|WA|4715|EBA|22|51|2|002|100| A|TANPA SUB KOMPONEN|00||0|0
2026|01|528544|015|08|WA|4715|EBA|22|51|2|994|002| A|Keperluan Seharihari Perkantoran|00||0|0
2026|01|528544|015|08|WA|4715|EBA|22|51|2|994|002| B|Langganan Daya dan Jasa|00||0|0
2026|01|528544|015|08|WA|4715|EBA|22|51|2|994|002| C|Pelaksanaan Operasional Kantor|00||0|0
2026|01|528544|015|08|WA|4715|EBA|22|51|2|994|002| D|Pemeliharaan Peralatan dan Mesin|00||0|0
2026|01|528544|015|08|WA|4715|EBA|22|51|2|994|002| G|Pemeliharaan Gedung dan Bangunan|00||0|0
2026|01|528544|015|08|WA|4715|EBA|22|51|2|994|002|HB|Dukungan Tusi - Reviu Belanja Pemerintah|00||0|0
2026|01|528544|015|08|WA|4715|EBA|22|51|2|994|002|HC|Dukungan Tusi - Government Financial Statistic (GFS)|00||0|0
2026|01|528544|015|08|WA|4715|EBA|22|51|2|994|002|HD|Dukungan Tusi - Rekomendasi Pengelolaan Organisasi|00||0|0
2026|01|528544|015|08|WA|4715|EBA|22|51|2|994|002|HH|Dukungan Pelaksanaan Tusi Prioritas Direktif Presiden|00||0|0
2026|01|528544|015|08|WA|4715|EBA|22|51|2|994|002|TJ|Jasa PemeliharaanAnnual Technical Support (ATS)|00||0|0
2026|01|528544|015|08|WA|4715|EBB|22|51|2|002|100| A|TANPA SUB KOMPONEN|00||0|0
2026|01|528544|015|08|WA|4715|EBB|22|51|2|004|100| A|TANPA SUB KOMPONEN|00||0|0
2026|01|528544|015|08|WA|4715|EBB|22|51|2|004|100|RB|Renovasi Rumah Dinas|00||0|0
2026|01|528544|015|08|WA|4715|EBD|22|51|2|Z36|100| A|TANPA SUB KOMPONEN|00||0|0
2026|01|528544|015|08|WA|4715|EBD|22|51|2|Z26|100| A|Rakor Penyusunan Laporan Keuangan Tingkat UAPPAW|00||0|0
2026|01|528544|015|08|WA|4718|BMB|22|51|2|002|100| A|TANPA SUB KOMPONEN|00||0|0
2026|01|528544|015|08|WA|4718|BMB|22|51|2|001|100| A|TANPA SUB KOMPONEN|00||0|0
2026|01|528544|015|08|WA|4719|EBA|22|51|2|003|100| A|Pelaksanaan Supervisi Proses Bisnis KPPN|00||0|0
2026|01|528544|015|08|WA|4719|EBA|22|51|2|003|100| B|Koordinasi Inovasi layanan|00||0|0
2026|01|528544|015|08|WA|4719|EBA|22|51|2|994|001| A|TANPA SUB KOMPONEN|00||0|0
2026|01|528544|015|08|WA|4719|EBA|22|51|2|005|100| A|Monitoring dan Evaluasi Implementasi ISO|00||0|0
2026|01|528544|015|08|WA|4719|EBA|22|51|2|005|100| B|Pelaksanaan Supervisi Teknis Aplikasi|00||0|0
2026|01|528544|015|08|WA|4719|EBC|22|51|2|001|100|XC|Penyelenggaraan Capacity Building|00||0|0
2026|01|528544|015|08|WA|4722|EBD|22|51|2|001|100| A|Pelaksanaan Manajemen Resiko dan Kepatuhan Internal|00||0|0
2026|01|528502|015|08|CD|6212|FAC|21|02|2|001|100| A|Training Modul Aplikasi SAKTI|00||0|0
2026|01|528502|015|08|CD|6212|FAC|21|02|2|001|100| B|FGD dan Bimtek Transfer Keuangan Daerah|00||0|0
2026|01|528502|015|08|CD|6212|FAH|21|02|2|001|100| A|TANPA SUB KOMPONEN|00||0|0
2026|01|528502|015|08|CD|6212|FAL|21|02|2|004|100| A|Konsultasi|00||0|0
2026|01|528502|015|08|CD|6212|FAL|21|02|2|004|100| B|Sosialisasi dan Bimbingan Teknis|00||0|0
2026|01|528502|015|08|CD|6213|FAC|21|02|2|001|100| A|Pembinaan Jabatan Fungsional Perbendaharaan|00||0|0
2026|01|528502|015|08|CD|6213|FAE|21|02|2|009|100| A|Monev Penyaluran Pembiayaan Ultra Mikro|00||0|0
2026|01|528502|015|08|CD|6213|FAL|21|02|2|003|100| A|Monev Pelaksanaan Anggaran|00||0|0
2026|01|528502|015|08|CD|6214|FAL|21|02|2|002|100| A|Pelaksanaan PencairanPenarikanPengesahan Dana|00||0|0
2026|01|528502|015|08|CD|6214|FAL|21|02|2|002|100| B|PenerbitanPersetujuanRekonsiliasi RekeningSKPPKonfirmasi Penerimaan Negara, DLL|00||0|0
2026|01|528502|015|08|CD|6215|FAH|21|02|2|003|100| A|Penyusunan Laporan Keuangan Tingkat Kuasa BUN di Daerah|00||0|0
2026|01|528502|015|08|WA|4715|EBA|21|02|2|001|100| A|TANPA SUB KOMPONEN|00||0|0
2026|01|528502|015|08|WA|4715|EBA|21|02|2|001|100| B|Koordinasi Penyusunan ATK PU|00||0|0
2026|01|528502|015|08|WA|4715|EBA|21|02|2|002|100| A|TANPA SUB KOMPONEN|00||0|0
2026|01|528502|015|08|WA|4715|EBA|21|02|2|994|002| A|Keperluan SehariHari Perkantoran|00||0|0
2026|01|528502|015|08|WA|4715|EBA|21|02|2|994|002| B|Langganan Daya dan Jasa|00||0|0
2026|01|528502|015|08|WA|4715|EBA|21|02|2|994|002| C|Pelaksanaan Operasional Kantor|00||0|0
2026|01|528502|015|08|WA|4715|EBA|21|02|2|994|002| D|Pemeliharaan Peralatan dan Mesin|00||0|0
2026|01|528502|015|08|WA|4715|EBA|21|02|2|994|002| G|Pemeliharaan Gedung dan Bangunan|00||0|0
2026|01|528502|015|08|WA|4715|EBA|21|02|2|994|002|HA|Dukungan Tusi - Konsultasi Pencairan Dana|00||0|0
2026|01|528502|015|08|WA|4715|EBA|21|02|2|994|002|HB|Dukungan Tusi - Reviu Belanja Pemerintah|00||0|0
2026|01|528502|015|08|WA|4715|EBA|21|02|2|994|002|HH|Dukungan Pelaksanaan Tusi Prioritas Direktif Presiden|00||0|0
2026|01|528502|015|08|WA|4715|EBA|21|02|2|994|002|TJ|Jasa PemeliharaanAnnual Technical Support (ATS)|00||0|0
2026|01|528502|015|08|WA|4715|EBD|21|02|2|Z36|100| B|Pelaksanaan Manajemen Resiko dan Kepatuhan Internal|00||0|0
2026|01|528502|015|08|WA|4718|BMB|21|02|2|001|100| A|TANPA SUB KOMPONEN|00||0|0
2026|01|528502|015|08|WA|4718|BMB|21|02|2|002|100| A|TANPA SUB KOMPONEN|00||0|0
2026|01|528502|015|08|WA|4719|EBA|21|02|2|004|100| A|Survey Kepuasan Pengguna Layanan|00||0|0
2026|01|528502|015|08|WA|4719|EBA|21|02|2|994|001| A|TANPA SUB KOMPONEN|00||0|0
2026|01|528502|015|08|WA|4719|EBC|21|02|2|001|100| A|Peningkatan Kapasitas SDM|00||0|0
2026|01|528565|015|08|CD|6212|BMB|22|01|2|001|100| A|TANPA SUB KOMPONEN|00||0|0
2026|01|528565|015|08|CD|6212|FAC|22|01|2|001|100| A|Training Modul Aplikasi SAKTI|00||0|0
2026|01|528565|015|08|CD|6212|FAC|22|01|2|001|100| B|FGD dan Bimtek Transfer Keuangan Daerah|00||0|0
2026|01|528565|015|08|CD|6212|FAH|22|01|2|001|100| A|TANPA SUB KOMPONEN|00||0|0
2026|01|528565|015|08|CD|6212|FAL|22|01|2|004|100| A|Konsultasi|00||0|0
2026|01|528565|015|08|CD|6212|FAL|22|01|2|004|100| B|Sosialisasi dan Bimbingan Teknis|00||0|0
2026|01|528565|015|08|CD|6212|FAL|22|01|2|004|100| C|Pembinaan Satker|00||0|0
2026|01|528565|015|08|CD|6212|FAL|22|01|2|004|100| D|Pembinaan Pemda, TKD, dan Penandatanganan BAR|00||0|0
2026|01|528565|015|08|CD|6213|FAC|22|01|2|001|100| A|Pembinaan Jabatan Fungsional Perbendaharaan|00||0|0
2026|01|528565|015|08|CD|6213|FAE|22|01|2|009|100| A|Monev Penyaluran Pembiayaan Ultra Mikro|00||0|0
2026|01|528565|015|08|CD|6213|FAL|22|01|2|003|100| A|Monev Pelaksanaan Anggaran|00||0|0
2026|01|528565|015|08|CD|6214|FAL|22|01|2|002|100| A|Pelaksanaan Pencairan/Penarikan/Pengesahan Dana|00||0|0
2026|01|528565|015|08|CD|6214|FAL|22|01|2|002|100| B|Penerbitan/Persetujuan/Rekonsiliasi Rekening/SKPP/Konfirmasi Penerimaan Negara|00||0|0
2026|01|528565|015|08|CD|6215|FAH|22|01|2|003|100| A|Penyusunan Laporan Keuangan Tingkat Kuasa BUN di Daerah|00||0|0
2026|01|528565|015|08|CD|6215|FAH|22|01|2|003|100| B|Koordinasi UAKBUN-D KPPN di Kanwil|00||0|0
2026|01|528565|015|08|WA|4715|EBA|22|01|2|001|100| A|TANPA SUB KOMPONEN|00||0|0
2026|01|528565|015|08|WA|4715|EBA|22|01|2|001|100| B|TANPA SUB KOMPONEN|00||0|0
2026|01|528565|015|08|WA|4715|EBA|22|01|2|002|100| A|TANPA SUB KOMPONEN|00||0|0
2026|01|528565|015|08|WA|4715|EBA|22|01|2|994|002| A|Keperluan Sehari-Hari Perkantoran|00||0|0
2026|01|528565|015|08|WA|4715|EBA|22|01|2|994|002| B|Langganan Daya dan Jasa|00||0|0
2026|01|528565|015|08|WA|4715|EBA|22|01|2|994|002| C|Pelaksanaan Operasional Kantor|00||0|0
2026|01|528565|015|08|WA|4715|EBA|22|01|2|994|002| D|Pemeliharaan Peralatan dan Mesin|00||0|0
2026|01|528565|015|08|WA|4715|EBA|22|01|2|994|002| G|Pemeliharaan Gedung dan Bangunan|00||0|0
2026|01|528565|015|08|WA|4715|EBA|22|01|2|994|002|HA|Dukungan Tusi - Konsultasi Pencairan Dana|00||0|0
2026|01|528565|015|08|WA|4715|EBA|22|01|2|994|002|HB|Dukungan Tusi - Reviu Belanja Pemerintah|00||0|0
2026|01|528565|015|08|WA|4715|EBA|22|01|2|994|002|HH|Dukungan Pelaksaan Tusi Prioritas Direktif Presiden|00||0|0
2026|01|528565|015|08|WA|4715|EBA|22|01|2|994|002|TJ|Jasa Pemeliharaan/Annual Technical Support (ATS)|00||0|0
2026|01|528565|015|08|WA|4715|EBD|22|01|2|Z36|100| B|Pelaksanaan Manajemen Kinerja, Resiko dan Kepatuhan Internal|00||0|0
2026|01|528565|015|08|WA|4718|BMB|22|01|2|002|100| A|TANPA SUB KOMPONEN|00||0|0
2026|01|528565|015|08|WA|4718|BMB|22|01|2|001|100| A|TANPA SUB KOMPONEN|00||0|0
2026|01|528565|015|08|WA|4719|EBA|22|01|2|994|001| A|TANPA SUB KOMPONEN|00||0|0
2026|01|528565|015|08|WA|4719|EBA|22|01|2|004|100| A|Survey Kepuasan Pengguna Layanan|00||0|0
2026|01|528565|015|08|WA|4719|EBC|22|01|2|001|100|XC|Penyelenggaraan Capacity Building|00||0|0
2026|01|528590|015|08|CD|6212|BMB|23|52|2|001|100| A|Profiling UMKM|00||0|0
2026|01|528590|015|08|CD|6212|FAC|23|52|2|001|100| A|Training Modul Aplikasi Sakti|00||0|0
2026|01|528590|015|08|CD|6212|FAC|23|52|2|001|100| B|FGD dan Bimtek Transfer Keuangan Daerah|00||0|0
2026|01|528590|015|08|CD|6212|FAH|23|52|2|001|100| A|TANPA SUB KOMPONEN|00||0|0
2026|01|528590|015|08|CD|6212|FAL|23|52|2|004|100| A|Konsultasi|00||0|0
2026|01|528590|015|08|CD|6212|FAL|23|52|2|004|100| B|Sosialisasi dan Bimbingan Teknis|00||0|0
2026|01|528590|015|08|CD|6212|FAL|23|52|2|004|100| D|Pembinaan Pemda, TKD, dan Penandatangan BA Rekonsiliasi Pajak|00||0|0
2026|01|528590|015|08|CD|6213|FAC|23|52|2|001|100| A|TANPA SUB KOMPONEN|00||0|0
2026|01|528590|015|08|CD|6213|FAE|23|52|2|009|100| A|Monev Penyaluran Pembiayaan Ultra Mikro|00||0|0
2026|01|528590|015|08|CD|6213|FAL|23|52|2|003|100| A|Monev Pelaksanaan Anggaran|00||0|0
2026|01|528590|015|08|CD|6214|FAL|23|52|2|002|100| A|Pelaksanaan PencairanPenarikanPengesahan Dana|00||0|0
2026|01|528590|015|08|CD|6214|FAL|23|52|2|002|100| B|PenerbitanPersetujuanRekonsiliasi RekeningSKPPKonfirmasi Penerimaan Negara, dll|00||0|0
2026|01|528590|015|08|CD|6215|FAH|23|52|2|003|100| A|Penyusunan Laporan Keuangan Tingkat Kuasa BUN di Daerah|00||0|0
2026|01|528590|015|08|WA|4715|EBA|23|52|2|001|100| A|TANPA SUB KOMPONEN|00||0|0
2026|01|528590|015|08|WA|4715|EBA|23|52|2|001|100| B|Koordinasi Penyusunan ATK PU|00||0|0
2026|01|528590|015|08|WA|4715|EBA|23|52|2|002|100| A|TANPA SUB KOMPONEN|00||0|0
2026|01|528590|015|08|WA|4715|EBA|23|52|2|994|002| A|Keperluan Seharihari Perkantoran|00||0|0
2026|01|528590|015|08|WA|4715|EBA|23|52|2|994|002| B|Langganan Daya dan Jasa|00||0|0
2026|01|528590|015|08|WA|4715|EBA|23|52|2|994|002| C|Pelaksanaan Operasional Kantor|00||0|0
2026|01|528590|015|08|WA|4715|EBA|23|52|2|994|002| D|Pemeliharaan Peralatan dan Mesin|00||0|0
2026|01|528590|015|08|WA|4715|EBA|23|52|2|994|002| E|Pemeliharaan Gedung dan Bangunan|00||0|0
2026|01|528590|015|08|WA|4715|EBA|23|52|2|994|002| F|Tunggakan Honor Desember 2025|00||0|0
2026|01|528590|015|08|WA|4715|EBA|23|52|2|994|002|HA|Dukungan Tusi - Konsultasi Pencairan Dana|00||0|0
2026|01|528590|015|08|WA|4715|EBA|23|52|2|994|002|HB|Dukungan Tusi - Reviu Belanja Pemerintah|00||0|0
2026|01|528590|015|08|WA|4715|EBA|23|52|2|994|002|HH|Dukungan Pelaksanaan Tusi Prioritas Direktif Presiden|00||0|0
2026|01|528590|015|08|WA|4715|EBA|23|52|2|994|002|TJ|Jasa PemeliharaanAnnual Technical Support (ATS)|00||0|0
2026|01|528590|015|08|WA|4715|EBB|23|52|2|002|100| A|Peralatan Fasilitas Perkantoran|00||0|0
2026|01|528590|015|08|WA|4715|EBD|23|52|2|Z36|100| B|Pelaksanaan Manajemen Kinerja, Resiko dan Kepatuhan Internal|00||0|0
2026|01|528590|015|08|WA|4718|BMB|23|52|2|002|100| A|TANPA SUB KOMPONEN|00||0|0
2026|01|528590|015|08|WA|4718|BMB|23|52|2|001|100| A|TANPA SUB KOMPONEN|00||0|0
2026|01|528590|015|08|WA|4719|EBA|23|52|2|994|001| A|TANPA SUB KOMPONEN|00||0|0
2026|01|528590|015|08|WA|4719|EBA|23|52|2|004|100| A|Survey Kepuasan Pengguna Layanan|00||0|0
2026|01|528590|015|08|WA|4719|EBC|23|52|2|001|100|XC|Penyelenggaraan Capacity Building|00||0|0
2026|01|528608|015|08|CD|6212|FAC|23|05|2|001|100| A|Training Modul Aplikasi SAKTI|00||0|0
2026|01|528608|015|08|CD|6212|FAH|23|05|2|001|100| A|TANPA SUB KOMPONEN|00||0|0
2026|01|528608|015|08|CD|6212|FAL|23|05|2|004|100| A|Konsultasi|00||0|0
2026|01|528608|015|08|CD|6212|FAL|23|05|2|004|100| B|Sosialisasi dan Bimbingan Teknis|00||0|0
2026|01|528608|015|08|CD|6212|FAL|23|05|2|004|100| C|Pembinaan Satker|00||0|0
2026|01|528608|015|08|CD|6212|FAL|23|05|2|004|100| D|Pembinaan Pemda, TKD, dan Penandatanganan BA Rekonsiliasi Pajak|00||0|0
2026|01|528608|015|08|CD|6213|FAC|23|05|2|001|100| A|Pembinaan Jabatan Fungsional Perbendaharaan|00||0|0
2026|01|528608|015|08|CD|6213|FAE|23|05|2|009|100| A|Monev Penyaluran Pembiayaan Ultra Mikro|00||0|0
2026|01|528608|015|08|CD|6213|FAL|23|05|2|003|100| A|Monev Pelaksanaan Anggaran|00||0|0
2026|01|528608|015|08|CD|6214|FAL|23|05|2|002|100| A|Pelaksanaan PencairanPenarikanPengesahan Dana|00||0|0
2026|01|528608|015|08|CD|6214|FAL|23|05|2|002|100| B|PenerbitanPersetujuanRekonsiliasi RekeningSKPPKonfirmasi Penerimaan Negara, dll|00||0|0
2026|01|528608|015|08|CD|6215|FAH|23|05|2|003|100| B|Koordinasi UAKBUND KPPN di Kanwil|00||0|0
2026|01|528608|015|08|WA|4715|EBA|23|05|2|001|100| A|TANPA SUB KOMPONEN|00||0|0
2026|01|528608|015|08|WA|4715|EBA|23|05|2|001|100| B|Koordinasi Penyusunan ATK PU|00||0|0
2026|01|528608|015|08|WA|4715|EBA|23|05|2|002|100| A|TANPA SUB KOMPONEN|00||0|0
2026|01|528608|015|08|WA|4715|EBA|23|05|2|994|002| A|Keperluan Seharihari Perkantoran|00||0|0
2026|01|528608|015|08|WA|4715|EBA|23|05|2|994|002| B|Langganan Daya dan Jasa|00||0|0
2026|01|528608|015|08|WA|4715|EBA|23|05|2|994|002| C|Pelaksanaan Operasional Kantor|00||0|0
2026|01|528608|015|08|WA|4715|EBA|23|05|2|994|002| D|Pemeliharaan Peralatan dan Mesin|00||0|0
2026|01|528608|015|08|WA|4715|EBA|23|05|2|994|002| E|Pemeliharaan Gedung dan Bangunan|00||0|0
2026|01|528608|015|08|WA|4715|EBA|23|05|2|994|002|HA|Dukungan Tusi - Konsultasi Pencairan Dana|00||0|0
2026|01|528608|015|08|WA|4715|EBA|23|05|2|994|002|HB|Dukungan Tusi - Reviu Belanja Pemerintah|00||0|0
2026|01|528608|015|08|WA|4715|EBA|23|05|2|994|002|HE|Dukungan Tusi - WBK WBBM|00||0|0
2026|01|528608|015|08|WA|4715|EBA|23|05|2|994|002|HH|Dukungan Pelaksanaan Tusi Prioritas Direktif Presiden|00||0|0
2026|01|528608|015|08|WA|4715|EBA|23|05|2|994|002|TJ|Jasa PemeliharaanAnnual Technical Support (ATS)|00||0|0
2026|01|528608|015|08|WA|4715|EBB|23|05|2|004|100|RB|Renovasi Rumah Dinas|00||0|0
2026|01|528608|015|08|WA|4715|EBD|23|05|2|Z36|100| B|Pelaksanaan Manajemen Kinerja, Resiko dan Kepatuhan Internal|00||0|0
2026|01|528608|015|08|WA|4718|BMB|23|05|2|001|100| A|TANPA SUB KOMPONEN|00||0|0
2026|01|528608|015|08|WA|4718|BMB|23|05|2|002|100| A|TANPA SUB KOMPONEN|00||0|0
2026|01|528608|015|08|WA|4719|EBA|23|05|2|004|100| A|Survey Kepuasan Pengguna Layanan|00||0|0
2026|01|528608|015|08|WA|4719|EBA|23|05|2|994|001| A|TANPA SUB KOMPONEN|00||0|0
2026|01|528608|015|08|WA|4719|EBC|23|05|2|001|100|XC|Penyelenggaraan Capacity Building|00||0|0
2026|01|528586|015|08|CD|6212|FAC|23|51|2|001|100| A|Training Modul Aplikasi SAKTI|00||0|0
2026|01|528586|015|08|CD|6212|FAC|23|51|2|001|100| B|FGD dan Bimtek Transfer Keuangan Daerah|00||0|0
2026|01|528586|015|08|CD|6212|FAH|23|51|2|001|100| A|TANPA SUB KOMPONEN|00||0|0
2026|01|528586|015|08|CD|6212|FAL|23|51|2|004|100| A|Konsultasi|00||0|0
2026|01|528586|015|08|CD|6212|FAL|23|51|2|004|100| B|Sosialisasi dan Bimbingan Teknis|00||0|0
2026|01|528586|015|08|CD|6212|FAL|23|51|2|004|100| D|Pembinaan Pemda, TKD, dan Penandatanganan BAR|00||0|0
2026|01|528586|015|08|CD|6213|FAC|23|51|2|001|100| A|Pembinaan Jabatan Fungsional Perbendaharaan|00||0|0
2026|01|528586|015|08|CD|6213|FAL|23|51|2|003|100| A|Monev Pelaksanaan Anggaran|00||0|0
2026|01|528586|015|08|CD|6214|FAL|23|51|2|002|100| A|Pelaksanaan PencairanPenarikanPengesahan Dana|00||0|0
2026|01|528586|015|08|CD|6214|FAL|23|51|2|002|100| B|PenerbitanPersetujuanRekonsiliasi RekeningSKPPKonfirmasi Penerimaan Negara, dll|00||0|0
2026|01|528586|015|08|CD|6215|FAH|23|51|2|003|100| A|Penyusunan Laporan Keuangan Tingkat Kuasa BUN di Daerah|00||0|0
2026|01|528586|015|08|WA|4715|EBA|23|51|2|001|100| A|TANPA SUB KOMPONEN|00||0|0
2026|01|528586|015|08|WA|4715|EBA|23|51|2|994|002| A|Keperluan Seharihari Perkantoran|00||0|0
2026|01|528586|015|08|WA|4715|EBA|23|51|2|994|002| B|Langganan Daya dan Jasa|00||0|0
2026|01|528586|015|08|WA|4715|EBA|23|51|2|994|002| C|Pelaksanaan Operasional Kantor|00||0|0
2026|01|528586|015|08|WA|4715|EBA|23|51|2|994|002| D|Pemeliharaan Peralatan dan Mesin|00||0|0
2026|01|528586|015|08|WA|4715|EBA|23|51|2|994|002| G|Pemeliharaan Gedung dan Bangunan|00||0|0
2026|01|528586|015|08|WA|4715|EBA|23|51|2|994|002|HB|Dukungan Tusi - Reviu Belanja Pemerintah|00||0|0
2026|01|528586|015|08|WA|4715|EBA|23|51|2|994|002|HH|Dukungan Pelaksanaan Tusi Prioritas Direktif Presiden|00||0|0
2026|01|528586|015|08|WA|4715|EBA|23|51|2|994|002|TJ|Jasa PemeliharaanAnnual Technical Support (ATS)|00||0|0
2026|01|528586|015|08|WA|4715|EBB|23|51|2|002|100| A|TANPA SUB KOMPONEN|00||0|0
2026|01|528586|015|08|WA|4715|EBD|23|51|2|Z36|100| B|Pelaksanaan Manajemen Kinerja, Risiko, dan Kepatuhan Internal|00||0|0
2026|01|528586|015|08|WA|4718|BMB|23|51|2|001|100| A|TANPA SUB KOMPONEN|00||0|0
2026|01|528586|015|08|WA|4718|BMB|23|51|2|002|100| A|TANPA SUB KOMPONEN|00||0|0
2026|01|528586|015|08|WA|4719|EBA|23|51|2|994|001| A|TANPA SUB KOMPONEN|00||0|0
2026|01|528586|015|08|WA|4719|EBA|23|51|2|004|100| A|Survey Kepuasan Pengguna Layanan|00||0|0
2026|01|528586|015|08|WA|4719|EBC|23|51|2|001|100|XC|Penyelenggaraan Capacity Building|00||0|0
2026|01|528629|015|08|CD|6213|FAL|24|51|2|003|100| A|Pelaksanaan Spending Review|00||0|0
2026|01|528629|015|08|CD|6213|FAL|24|51|2|003|100| C|Review Pelaksanaan Anggaran|00||0|0
2026|01|528629|015|08|CD|6213|FAL|24|51|2|003|100| D|Monitoring dan Evaluasi Pelaksanaan Anggaran|00||0|0
2026|01|528629|015|08|CD|6213|FAL|24|51|2|003|100| E|Pengumpulan InformasiPenajaman Data Fiskal RegionalPenyusunan KFR|00||0|0
2026|01|528629|015|08|CD|6213|FAL|24|51|2|003|100| F|Publikasi Kajian Fiskal Regional (Full Cost)|00||0|0
2026|01|528629|015|08|CD|6213|FAL|24|51|2|003|100| G|Pengumpulan Konfirmasi Informasi Pengelolaan Keuangan Daerah dan Penyusunan Profil Keuangan Daerah|00||0|0
2026|01|528629|015|08|CD|6213|FAL|24|51|2|003|100| H|Monitoring atas Dana Transfer dan Dana Desa|00||0|0
2026|01|528629|015|08|CD|6215|FAH|24|51|2|001|100| B|Penyusunan Laporan Statistik Keuangan Pemerintah Tingkat Wilayah|00||0|0
2026|01|528629|015|08|CD|6215|FAH|24|51|2|003|100| B|Koordinasi UAKBUND (KPPN) (Cross Program)|00||0|0
2026|01|528629|015|08|WA|4715|EBA|24|51|2|001|100| A|TANPA SUB KOMPONEN|00||0|0
2026|01|528629|015|08|WA|4715|EBA|24|51|2|001|100| B|Koordinasi Penyusunan ATK PU|00||0|0
2026|01|528629|015|08|WA|4715|EBA|24|51|2|002|100| A|TANPA SUB KOMPONEN|00||0|0
2026|01|528629|015|08|WA|4715|EBA|24|51|2|994|002| A|Keperluan Seharihari Perkantoran|00||0|0
2026|01|528629|015|08|WA|4715|EBA|24|51|2|994|002| B|Langganan Daya dan Jasa|00||0|0
2026|01|528629|015|08|WA|4715|EBA|24|51|2|994|002| C|Pelaksanaan Operasional Kantor|00||0|0
2026|01|528629|015|08|WA|4715|EBA|24|51|2|994|002| D|Pemeliharaan Peralatan dan Mesin|00||0|0
2026|01|528629|015|08|WA|4715|EBA|24|51|2|994|002| G|Pemeliharaan Gedung dan Bangunan|00||0|0
2026|01|528629|015|08|WA|4715|EBA|24|51|2|994|002|HB|Dukungan Tusi - Reviu Belanja Pemerintah|00||0|0
2026|01|528629|015|08|WA|4715|EBA|24|51|2|994|002|HC|Dukungan Tusi - Government Financial Statistic (GFS)|00||0|0
2026|01|528629|015|08|WA|4715|EBA|24|51|2|994|002|HD|Dukungan Tusi - Rekomendasi Pengelolaan Organisasi|00||0|0
2026|01|528629|015|08|WA|4715|EBA|24|51|2|994|002|HH|Dukungan Pelaksaan Tusi Prioritas Direktif Presiden|00||0|0
2026|01|528629|015|08|WA|4715|EBA|24|51|2|994|002|TJ|Jasa PemeliharaanAnnual Technical Support (ATS)|00||0|0
2026|01|528629|015|08|WA|4715|EBB|24|51|2|004|100|GL|Bangunan Lainnya|00||0|0
2026|01|528629|015|08|WA|4715|EBD|24|51|2|Z36|100| A|TANPA SUB KOMPONEN|00||0|0
2026|01|528629|015|08|WA|4715|EBD|24|51|2|Z26|100| A|Rakor Penyusunan Laporan Keuangan Tingkat UAPPAW (Full Cost)|00||0|0
2026|01|528629|015|08|WA|4718|BMB|24|51|2|002|100| A|TANPA SUB KOMPONEN|00||0|0
2026|01|528629|015|08|WA|4718|BMB|24|51|2|001|100| A|TANPA SUB KOMPONEN|00||0|0
2026|01|528629|015|08|WA|4719|EBA|24|51|2|994|001| A|TANPA SUB KOMPONEN|00||0|0
2026|01|528629|015|08|WA|4719|EBA|24|51|2|003|100| A|Pelaksanaan Supervisi Proses Bisnis KPPN|00||0|0
2026|01|528629|015|08|WA|4719|EBA|24|51|2|003|100| B|Koordinasi Inovasi layanan|00||0|0
2026|01|528629|015|08|WA|4719|EBC|24|51|2|001|100|XC|Penyelenggaraan Capacity Building|00||0|0
2026|01|528629|015|08|WA|4722|EBD|24|51|2|001|100| A|Pelaksanaan Manajemen Resiko dan Kepatuhan Internal|00||0|0
2026|01|528629|015|08|WA|4722|EBD|24|51|2|001|100| B|Pemantauan Kode Etik dan Kepatuhan Pegawai|00||0|0
2026|01|528629|015|08|CD|6212|BMB|24|51|2|001|100| A|Profiling UMKM|00||0|0
2026|01|528629|015|08|CD|6212|BMB|24|51|2|001|100| B|Pemberdayaan UMKM  SosialisasiBimtekAsistensi dan BazarPojokRumah UMKM|00||0|0
2026|01|528629|015|08|CD|6212|BMB|24|51|2|001|100| D|Komunikasi Publik  BazarPojokRumah UMKM|00||0|0
2026|01|528629|015|08|CD|6212|FAC|24|51|2|002|100| B|Asistensi  Pembinaan Pengelolaan Keuangan BLU Daerah|00||0|0
2026|01|528629|015|08|CD|6212|FAH|24|51|2|003|100| B|Sosialisasi dan Bimbingan Teknis UAPPAW|00||0|0
2026|01|528629|015|08|CD|6212|FAH|24|51|2|002|100| A|Forum Koordinasi dan Rekonsiliasi Data dengan Bank Indonesia|00||0|0
2026|01|528629|015|08|CD|6212|FAH|24|51|2|002|100| B|Pembinaan SAP pada Pemerintah Daerah|00||0|0
2026|01|528629|015|08|CD|6212|FAH|24|51|2|002|100| C|SosialisasiBimtekWorkshopFGD dengan Pemda|00||0|0
2026|01|528629|015|08|CD|6212|FAL|24|51|2|001|100| A|Sosialisasi PeraturanKebijakan Pelaksanaan Anggaran|00||0|0
2026|01|528629|015|08|CD|6212|FAL|24|51|2|001|100| B|Pengkoordinasian Kerjasama Ekonomi dan Keuangan Daerah|00||0|0
2026|01|528629|015|08|CD|6212|FAL|24|51|2|001|100| C|Pembinaan dan Bimtek Pengelolaan Keuangan Daerah|00||0|0
2026|01|528629|015|08|CD|6212|FAL|24|51|2|001|100| D|Penyerahan DIPA|00||0|0
2026|01|528629|015|08|CD|6213|ABA|24|51|2|001|100| A|Penyusunan Analisis Potensi Pembiayaan dan Pelaksanaan MoU DJPb dan PT SMI di Daerah|00||0|0
2026|01|528629|015|08|CD|6213|FAE|24|51|2|009|100| B|Monitoring dan Evaluasi KUR/Penerusan Pinjaman|00||0|0
2026|01|528629|015|08|CD|6213|FAE|24|51|2|008|100| A|Koordinasi Pelaksanaan Tugas RCE  ALCo|00||0|0
2026|01|528654|015|08|CD|6212|BMB|24|11|2|001|100| A|Profiling UMKM|00||0|0
2026|01|528654|015|08|CD|6212|FAC|24|11|2|001|100| A|Training Modul Aplikasi SAKTI|00||0|0
2026|01|528654|015|08|CD|6212|FAC|24|11|2|001|100| B|FGD dan Bimtek Transfer Keuangan Daerah|00||0|0
2026|01|528654|015|08|CD|6212|FAH|24|11|2|001|100| A|TANPA SUB KOMPONEN|00||0|0
2026|01|528654|015|08|CD|6212|FAL|24|11|2|004|100| A|Konsultasi|00||0|0
2026|01|528654|015|08|CD|6212|FAL|24|11|2|004|100| B|Sosialisasi dan Bimbingan Teknis|00||0|0
2026|01|528654|015|08|CD|6212|FAL|24|11|2|004|100| D|Pembinaan Pemda, TKD, dan Penandatanganan BAR|00||0|0
2026|01|528654|015|08|CD|6213|FAC|24|11|2|001|100| A|Pembinaan Jabatan Fungsional Perbendaharaan|00||0|0
2026|01|528654|015|08|CD|6213|FAE|24|11|2|009|100| A|Monev Penyaluran Pembiayaan Ultra Mikro|00||0|0
2026|01|528654|015|08|CD|6213|FAL|24|11|2|003|100| A|Monev Pelaksanaan Anggaran|00||0|0
2026|01|528654|015|08|CD|6214|FAL|24|11|2|002|100| A|Pelaksanaan Pencairan/Penarikan/Pengesahan Dana|00||0|0
2026|01|528654|015|08|CD|6214|FAL|24|11|2|002|100| B|Penerbitan/Persetujuan/Rekonsiliasi Rekening/SKPP/Konfirmasi Penerimaan Negara, dll|00||0|0
2026|01|528654|015|08|CD|6215|FAH|24|11|2|003|100| A|Penyusunan Laporan Keuangan Tingkat Kuasa BUN di Daerah|00||0|0
2026|01|528654|015|08|WA|4715|EBA|24|11|2|001|100| A|TANPA SUB KOMPONEN|00||0|0
2026|01|528654|015|08|WA|4715|EBA|24|11|2|994|002| A|Keperluan Sehari-hari Perkantoran|00||0|0
2026|01|528654|015|08|WA|4715|EBA|24|11|2|994|002| B|Langganan Daya dan Jasa|00||0|0
2026|01|528654|015|08|WA|4715|EBA|24|11|2|994|002| C|Pelaksanaan Operasional Kantor|00||0|0
2026|01|528654|015|08|WA|4715|EBA|24|11|2|994|002| D|Pemeliharaan Peralatan dan Mesin|00||0|0
2026|01|528654|015|08|WA|4715|EBA|24|11|2|994|002| G|Pemeliharaan Gedung dan Bangunan|00||0|0
2026|01|528654|015|08|WA|4715|EBA|24|11|2|994|002|HA|Dukungan Tusi - Konsultasi Pencairan Dana|00||0|0
2026|01|528654|015|08|WA|4715|EBA|24|11|2|994|002|HB|Dukungan Tusi - Reviu Belanja Pemerintah|00||0|0
2026|01|528654|015|08|WA|4715|EBA|24|11|2|994|002|HH|Dukungan Pelaksaan Tusi Prioritas Direktif Presiden|00||0|0
2026|01|528654|015|08|WA|4715|EBA|24|11|2|994|002|TJ|Jasa Pemeliharaan/Annual Technical Support (ATS)|00||0|0
2026|01|528654|015|08|WA|4715|EBD|24|11|2|Z36|100| B|Pelaksanaan Manajemen Kinerja, Resiko dan Kepatuhan Internal|00||0|0
2026|01|528654|015|08|WA|4718|BMB|24|11|2|002|100| A|TANPA SUB KOMPONEN|00||0|0
2026|01|528654|015|08|WA|4718|BMB|24|11|2|001|100| A|TANPA SUB KOMPONEN|00||0|0
2026|01|528654|015|08|WA|4719|EBA|24|11|2|994|001| A|TANPA SUB KOMPONEN|00||0|0
2026|01|528654|015|08|WA|4719|EBA|24|11|2|004|100| A|Survey Kepuasan Pengguna Layanan|00||0|0
2026|01|528654|015|08|WA|4719|EBC|24|11|2|001|100|XC|Penyelenggaraan Capacity Building|00||0|0
2026|01|528633|015|08|CD|6212|BMB|24|51|2|001|100| A|Profilling UMKM|00||0|0
2026|01|528633|015|08|CD|6212|FAC|24|51|2|001|100| A|Training Modul Aplikasi SAKTI|00||0|0
2026|01|528633|015|08|CD|6212|FAC|24|51|2|001|100| B|FGD dan Bimtek Transfer Keuangan Daerah|00||0|0
2026|01|528633|015|08|CD|6212|FAH|24|51|2|001|100| A|TANPA SUB KOMPONEN|00||0|0
2026|01|528633|015|08|CD|6212|FAL|24|51|2|004|100| A|Konsultasi|00||0|0
2026|01|528633|015|08|CD|6212|FAL|24|51|2|004|100| B|Sosialisasi dan Bimbingan Teknis|00||0|0
2026|01|528633|015|08|CD|6212|FAL|24|51|2|004|100| D|Pembinaan PEMDA, TKD, dan Penandatangan BAR|00||0|0
2026|01|528633|015|08|CD|6213|FAC|24|51|2|001|100| A|Pembinaan Jabatan Fungsional Perbendaharaan|00||0|0
2026|01|528633|015|08|CD|6213|FAL|24|51|2|003|100| A|Monev Pelaksanaan Anggaran|00||0|0
2026|01|528633|015|08|CD|6214|FAL|24|51|2|002|100| A|Pelaksanaan PencairanPenarikanPengesahan Dana|00||0|0
2026|01|528633|015|08|CD|6214|FAL|24|51|2|002|100| B|PenerbitanPersetujuanRekonsiliasi RekeningSKPPKonfirmasi Penerimaan Negara,dll|00||0|0
2026|01|528633|015|08|CD|6215|FAH|24|51|2|003|100| A|Penyusunan Laporan Keuangan Tingkat Kuasa BUN di Daerah|00||0|0
2026|01|528633|015|08|WA|4715|EBA|24|51|2|001|100| A|TANPA SUB KOMPONEN|00||0|0
2026|01|528633|015|08|WA|4715|EBA|24|51|2|001|100| B|Koordinasi Penyusunan ATK PU|00||0|0
2026|01|528633|015|08|WA|4715|EBA|24|51|2|002|100| A|TANPA SUB KOMPONEN|00||0|0
2026|01|528633|015|08|WA|4715|EBA|24|51|2|994|002| A|Keperluan Seharihari Perkantoran|00||0|0
2026|01|528633|015|08|WA|4715|EBA|24|51|2|994|002| B|Langganan Daya dan Jasa|00||0|0
2026|01|528633|015|08|WA|4715|EBA|24|51|2|994|002| C|Pelaksanaan Operasional Kantor|00||0|0
2026|01|528633|015|08|WA|4715|EBA|24|51|2|994|002| D|Pemeliharaan Peralatan dan Mesin|00||0|0
2026|01|528633|015|08|WA|4715|EBA|24|51|2|994|002|HA|Dukungan Tusi - Konsultasi Pencairan Dana|00||0|0
2026|01|528633|015|08|WA|4715|EBA|24|51|2|994|002|HB|Dukungan Tusi - Reviu Belanja Pemerintah|00||0|0
2026|01|528633|015|08|WA|4715|EBA|24|51|2|994|002|HH|Dukungan Pelaksanaan Tusi Prioritas Direktif Presiden|00||0|0
2026|01|528633|015|08|WA|4715|EBA|24|51|2|994|002|TJ|Jasa PemeliharaanAnnual Technical Support (ATS)|00||0|0
2026|01|528633|015|08|WA|4715|EBD|24|51|2|Z36|100| B|Pelaksanaan Manajemen Kinerja, Resiko dan Kepatuhan Internal|00||0|0
2026|01|528633|015|08|WA|4718|BMB|24|51|2|002|100| A|TANPA SUB KOMPONEN|00||0|0
2026|01|528633|015|08|WA|4718|BMB|24|51|2|001|100| A|TANPA SUB KOMPONEN|00||0|0
2026|01|528633|015|08|WA|4719|EBA|24|51|2|994|001| A|TANPA SUB KOMPONEN|00||0|0
2026|01|528633|015|08|WA|4719|EBA|24|51|2|004|100| A|Survey Kepuasan Pengguna Layanan|00||0|0
2026|01|528633|015|08|WA|4719|EBC|24|51|2|001|100|XC|Penyelenggaraan Capacity Building|00||0|0
2026|01|528743|015|08|CD|6212|BMB|25|07|2|001|100| A|Profiling UMKM|00||0|0
2026|01|528743|015|08|CD|6212|FAC|25|07|2|001|100| A|Training Modul Aplikasi SAKTI|00||0|0
2026|01|528743|015|08|CD|6212|FAC|25|07|2|001|100| B|FGD dan Bimtek Transfer Keuangan Daerah|00||0|0
2026|01|528743|015|08|CD|6212|FAH|25|07|2|001|100| A|TANPA SUB KOMPONEN|00||0|0
2026|01|528743|015|08|CD|6212|FAL|25|07|2|004|100| A|Konsultasi|00||0|0
2026|01|528743|015|08|CD|6212|FAL|25|07|2|004|100| B|Sosialisasi dan Bimbingan Teknis|00||0|0
2026|01|528743|015|08|CD|6212|FAL|25|07|2|004|100| D|Pembinaan Pemda, TKD, dan Penandatangan BAR|00||0|0
2026|01|528743|015|08|CD|6213|FAC|25|07|2|001|100| A|Pembinaan Jabatan Fungsional Perbendaharaan|00||0|0
2026|01|528743|015|08|CD|6213|FAE|25|07|2|009|100| A|Monev Penyaluran Pembiayaan Ultra Mikro|00||0|0
2026|01|528743|015|08|CD|6213|FAL|25|07|2|003|100| A|Monev Pelaksanaan Anggaran|00||0|0
2026|01|528743|015|08|CD|6214|FAL|25|07|2|002|100| A|Pelaksanaan PencairanPenarikanPengesahan Dana|00||0|0
2026|01|528743|015|08|CD|6214|FAL|25|07|2|002|100| B|PenerbitanPersetujuanRekonsiliasi RekeningSKPPKonfirmasi Penerimaan Negara, dll|00||0|0
2026|01|528743|015|08|CD|6215|FAH|25|07|2|003|100| A|Penyusunan Laporan Keuangan Tingkat Kuasa BUN di Daerah|00||0|0
2026|01|528743|015|08|WA|4715|EBA|25|07|2|001|100| A|TANPA SUB KOMPONEN|00||0|0
2026|01|528743|015|08|WA|4715|EBA|25|07|2|002|100| A|TANPA SUB KOMPONEN|00||0|0
2026|01|528743|015|08|WA|4715|EBA|25|07|2|994|002| A|Keperluan Seharihari Perkantoran|00||0|0
2026|01|528743|015|08|WA|4715|EBA|25|07|2|994|002| B|Langganan Daya dan Jasa|00||0|0
2026|01|528743|015|08|WA|4715|EBA|25|07|2|994|002| C|Pelaksanaan Operasional Kantor|00||0|0
2026|01|528743|015|08|WA|4715|EBA|25|07|2|994|002| D|Pemeliharaan Peralatan dan Mesin|00||0|0
2026|01|528743|015|08|WA|4715|EBA|25|07|2|994|002| E|Pemeliharaan Gedung dan Bangunan|00||0|0
2026|01|528743|015|08|WA|4715|EBA|25|07|2|994|002|HA|Dukungan Tusi - Konsultasi Pencairan Dana|00||0|0
2026|01|528743|015|08|WA|4715|EBA|25|07|2|994|002|HB|Dukungan Tusi - Reviu Belanja Pemerintah|00||0|0
2026|01|528743|015|08|WA|4715|EBA|25|07|2|994|002|HC|Penyusunan Laporan Keuangan/Barang|00||0|0
2026|01|528743|015|08|WA|4715|EBA|25|07|2|994|002|HF|Dukungan Tusi - Badan Pengarah Papua|00||0|0
2026|01|528743|015|08|WA|4715|EBA|25|07|2|994|002|TJ|Jasa PemeliharaanAnnual Technical Support (ATS)|00||0|0
2026|01|528743|015|08|WA|4715|EBB|25|07|2|002|100| A|TANPA SUB KOMPONEN|00||0|0
2026|01|528743|015|08|WA|4715|EBB|25|07|2|004|100|GB|Rehabilitasi GedungBangunan Kantor|00||0|0
2026|01|528743|015|08|WA|4715|EBB|25|07|2|004|100|RB|Renovasi Rumah Dinas|00||0|0
2026|01|528743|015|08|WA|4715|EBD|25|07|2|Z36|100| B|Pelaksanaan Manajemen Kinerja, Resiko, dan Kepatuhan Internal|00||0|0
2026|01|528743|015|08|WA|4718|BMB|25|07|2|002|100| A|TANPA SUB KOMPONEN|00||0|0
2026|01|528743|015|08|WA|4718|BMB|25|07|2|001|100| A|TANPA SUB KOMPONEN|00||0|0
2026|01|528743|015|08|WA|4719|EBA|25|07|2|994|001| A|TANPA SUB KOMPONEN|00||0|0
2026|01|528743|015|08|WA|4719|EBA|25|07|2|004|100| A|Survey Kepuasan Pengguna Layanan|00||0|0
2026|01|528743|015|08|WA|4719|EBC|25|07|2|001|100| A|Peningkaatan Kapasitas SDM|00||0|0
2026|01|528743|015|08|WA|6990|ABA|25|07|2|001|100|WA|Monitoring Dana Otsus ke Pemda Prov. Papua Selatan|00||0|0
2026|01|528743|015|08|WA|6990|EBA|25|07|2|994|002| A|Keperluan SehariHari Perkantoran|00||0|0
2026|01|528661|015|08|CD|6212|BMB|24|10|2|001|100|AA|Profiling UMKM - KPPN Induk|00||0|0
2026|01|528661|015|08|CD|6212|BMB|24|10|2|001|100|BA|Profiling UMKM - KPPN Unit|00||0|0
2026|01|528661|015|08|CD|6212|FAC|24|10|2|001|100|AA|TRAINING MODUL APLIKASI SAKTI - KPPN Induk|00||0|0
2026|01|528661|015|08|CD|6212|FAC|24|10|2|001|100|AB|FGD DAN BIMTEK TRANSFER KEUANGAN DAERAH - KPPN Induk|00||0|0
2026|01|528661|015|08|CD|6212|FAC|24|10|2|001|100|BA|TRAINING MODUL APLIKASI SAKTI - KPPN Unit|00||0|0
2026|01|528661|015|08|CD|6212|FAC|24|10|2|001|100|BB|FGD DAN BIMTEK TRANSFER KEUANGAN DAERAH - KPPN Unit|00||0|0
2026|01|528661|015|08|CD|6212|FAH|24|10|2|001|100|AA|TANPA SUB KOMPONEN - KPPN Induk|00||0|0
2026|01|528661|015|08|CD|6212|FAL|24|10|2|004|100|AA|KONSULTASI - KPPN Induk|00||0|0
2026|01|528661|015|08|CD|6212|FAL|24|10|2|004|100|AB|SOSIALISASI DAN BIMBINGAN TEKNIS - KPPN Induk|00||0|0
2026|01|528661|015|08|CD|6212|FAL|24|10|2|004|100|AD|Pembinaan Pemda, TKD, dan Penandatanganan BA Rekonsiliasi Pajak - KPPN Induk|00||0|0
2026|01|528661|015|08|CD|6212|FAL|24|10|2|004|100|BA|KONSULTASI - KPPN Unit|00||0|0
2026|01|528661|015|08|CD|6212|FAL|24|10|2|004|100|BB|SOSIALISASI DAN BIMBINGAN TEKNIS - KPPN Unit|00||0|0
2026|01|528661|015|08|CD|6212|FAL|24|10|2|004|100|BD|PEMBINAAN PEMDA, TKD, DAN PENANDATANGANAN BAR - KPPN Unit|00||0|0
2026|01|528661|015|08|CD|6213|FAC|24|10|2|001|100|AA|PEMBINAAN JABATAN FUNGSIONAL PERBENDAHARAAN - KPPN Induk|00||0|0
2026|01|528661|015|08|CD|6213|FAC|24|10|2|001|100|BA|PEMBINAAN JABATAN FUNGSIONAL PERBENDAHARAAN - KPPN Unit|00||0|0
2026|01|528661|015|08|CD|6213|FAE|24|10|2|009|100|AA|Monev Penyaluran Pembiayaan Ultra Mikro - KPPN Induk|00||0|0
2026|01|528661|015|08|CD|6213|FAL|24|10|2|003|100|AA|MONEV PELAKSANAAN ANGGARAN - KPPN Induk|00||0|0
2026|01|528661|015|08|CD|6214|FAL|24|10|2|002|100|AA|PELAKSANAAN PENCAIRAN/PENARIKAN/PENGESAHAN DANA - KPPN Induk|00||0|0
2026|01|528661|015|08|CD|6214|FAL|24|10|2|002|100|AB|PENERBITAN/PERSETUJUAN/REKONSILIASI REKENING/SKPP/KONFIRMASI PENERIMAAN NEGARA, DLL - KPPN Induk|00||0|0
2026|01|528661|015|08|CD|6214|FAL|24|10|2|002|100|BA|PELAKSANAAN PENCAIRAN/PENARIKAN/PENGESAHAN DANA - KPPN Unit|00||0|0
2026|01|528661|015|08|CD|6214|FAL|24|10|2|002|100|BB|PENERBITAN/PERSETUJUAN/REKONSILIASI REKENING/SKPP/KONFIRMASI PENERIMAAN NEGARA, DLL - KPPN Unit|00||0|0
2026|01|528661|015|08|CD|6215|FAH|24|10|2|003|100|AA|PENYUSUNAN LAPORAN KEUANGAN TINGKAT KUASA BUN DI DAERAH - KPPN Induk|00||0|0
2026|01|528661|015|08|CD|6215|FAH|24|10|2|003|100|BA|PENYUSUNAN LAPORAN KEUANGAN TINGKAT KUASA BUN DI DAERAH - KPPN Unit|00||0|0
2026|01|528661|015|08|WA|4715|EBA|24|10|2|001|100|AA|TANPA SUB KOMPONEN - KPPN Induk|00||0|0
2026|01|528661|015|08|WA|4715|EBA|24|10|2|001|100|BA|TANPA SUB KOMPONEN - KPPN Unit|00||0|0
2026|01|528661|015|08|WA|4715|EBA|24|10|2|002|100|AA|TANPA SUB KOMPONEN - KPPN Induk|00||0|0
2026|01|528661|015|08|WA|4715|EBA|24|10|2|002|100|AB|Monitoring Pejabat/Petugas Pengelola Keuangan - KPPN Induk|00||0|0
2026|01|528661|015|08|WA|4715|EBA|24|10|2|002|100|BA|TANPA SUB KOMPONEN-KPPN UNIT|00||0|0
2026|01|528661|015|08|WA|4715|EBA|24|10|2|994|002|AA|KEPERLUAN SEHARI-HARI PERKANTORAN - KPPN Induk|00||0|0
2026|01|528661|015|08|WA|4715|EBA|24|10|2|994|002|AB|LANGGANAN DAYA DAN JASA - KPPN Induk|00||0|0
2026|01|528661|015|08|WA|4715|EBA|24|10|2|994|002|AC|PELAKSANAAN OPERASIONAL KANTOR - KPPN Induk|00||0|0
2026|01|528661|015|08|WA|4715|EBA|24|10|2|994|002|AD|PEMELIHARAAN PERALATAN DAN MESIN - KPPN Induk|00||0|0
2026|01|528661|015|08|WA|4715|EBA|24|10|2|994|002|AE|PEMELIHARAAN GEDUNG DAN BANGUNAN - KPPN Induk|00||0|0
2026|01|528661|015|08|WA|4715|EBA|24|10|2|994|002|BA|KEPERLUAN SEHARI-HARI PERKANTORAN - KPPN Unit|00||0|0
2026|01|528661|015|08|WA|4715|EBA|24|10|2|994|002|BB|Langganan Daya dan Jasa - KPPN Unit|00||0|0
2026|01|528661|015|08|WA|4715|EBA|24|10|2|994|002|BC|PELAKSANAAN OPERASIONAL KANTOR - KPPN Unit|00||0|0
2026|01|528661|015|08|WA|4715|EBA|24|10|2|994|002|BD|PEMELIHARAAN PERALATAN DAN MESIN - KPPN Unit|00||0|0
2026|01|528661|015|08|WA|4715|EBA|24|10|2|994|002|BE|Pemeliharaan Gedung dan Bangunan - KPPN Unit|00||0|0
2026|01|528661|015|08|WA|4715|EBA|24|10|2|994|002|HA|Dukungan Tusi - Konsultasi Pencairan Dana|00||0|0
2026|01|528661|015|08|WA|4715|EBA|24|10|2|994|002|HB|Dukungan Tusi - Reviu Belanja Pemerintah|00||0|0
2026|01|528661|015|08|WA|4715|EBA|24|10|2|994|002|HE|Dukungan Tusi - WBK WBBM - KPPN Induk|00||0|0
2026|01|528661|015|08|WA|4715|EBA|24|10|2|994|002|HH|Dukungan Pelaksanaan Tusi Prioritas Direktif Presiden|00||0|0
2026|01|528661|015|08|WA|4715|EBA|24|10|2|994|002|TJ|Jasa Pemeliharaan/Annual Technical Support (ATS)|00||0|0
2026|01|528661|015|08|WA|4715|EBD|24|10|2|Z36|100|AB|PELAKSANAAN MANAJEMEN KINERJA, RESIKO, DAN KEPATUHAN INTERNAL - KPPN Induk|00||0|0
2026|01|528661|015|08|WA|4715|EBD|24|10|2|Z36|100|BB|PELAKSANAAN MANAJEMEN KINERJA, RESIKO, DAN KEPATUHAN INTERNAL - KPPN Unit|00||0|0
2026|01|528661|015|08|WA|4718|BMB|24|10|2|002|100|AA|TANPA SUB KOMPONEN - KPPN Induk|00||0|0
2026|01|528661|015|08|WA|4718|BMB|24|10|2|002|100|BA|TANPA SUB KOMPONEN - KPPN Unit|00||0|0
2026|01|528661|015|08|WA|4718|BMB|24|10|2|001|100|AA|TANPA SUB KOMPONEN - KPPN Induk|00||0|0
2026|01|528661|015|08|WA|4718|BMB|24|10|2|001|100|BA|TANPA SUB KOMPONEN - KPPN Unit|00||0|0
2026|01|528661|015|08|WA|4719|EBA|24|10|2|994|001|AA|TANPA SUB KOMPONEN - KPPN Induk|00||0|0
2026|01|528661|015|08|WA|4719|EBA|24|10|2|994|001|BA|TANPA SUB KOMPONEN - KPPN Unit|00||0|0
2026|01|528661|015|08|WA|4719|EBA|24|10|2|004|100|AA|SURVEY KEPUASAN PENGGUNA LAYANAN - KPPN Induk|00||0|0
2026|01|528661|015|08|WA|4719|EBA|24|10|2|004|100|BA|SURVEY KEPUASAN PENGGUNA LAYANAN - KPPN Unit|00||0|0
2026|01|528661|015|08|WA|4719|EBC|24|10|2|001|100|XC|Penyelenggaraan Capacity Building|00||0|0
2026|01|528661|015|08|WA|4715|EBB|24|10|2|004|100| A|TANPA SUB KOMPONEN|00||0|0
2026|01|528682|015|08|CD|6212|BMB|25|51|2|001|100| B|Pemberdayaan UMKM  SosialisasiBimtekAsistensi dan BazarPojokRumah UMKM|00||0|0
2026|01|528682|015|08|CD|6212|BMB|25|51|2|001|100| D|Komunikasi Publik  BazarPojokRumah UMKM|00||0|0
2026|01|528682|015|08|CD|6212|FAC|25|51|2|002|100| A|Pembinaan Satker BLU|00||0|0
2026|01|528682|015|08|CD|6212|FAC|25|51|2|002|100| B|Asistensi  Pembinaan Pengelolaan Keuangan BLU Daerah|00||0|0
2026|01|528682|015|08|CD|6212|FAH|25|51|2|002|100| C|SosialisasiBimtekWorkshopFGD dengan Pemda|00||0|0
2026|01|528682|015|08|CD|6212|FAL|25|51|2|001|100| B|Pengkoordinasian Kerjasama Ekonomi dan Keuangan Daerah|00||0|0
2026|01|528682|015|08|CD|6212|FAL|25|51|2|001|100| D|Penyerahan DIPA|00||0|0
2026|01|528682|015|08|CD|6213|ABA|25|51|2|001|100| A|Penyusunan Analisis Potensi Pembiayaan dan Pelaksanaan MoU DJPb dan PT SMI di Daerah|00||0|0
2026|01|528682|015|08|CD|6213|FAE|25|51|2|008|100| A|Koordinasi Pelaksanaan Tugas RCE  ALCo|00||0|0
2026|01|528682|015|08|CD|6213|FAE|25|51|2|009|100| B|Monitoring dan  Evaluasi KURPenerusan Pinjaman|00||0|0
2026|01|528682|015|08|CD|6213|FAE|25|51|2|009|100| D|FGD Analisa Fasilitas Likuiditas Pembiayaan Perumahan (FLPP)|00||0|0
2026|01|528682|015|08|CD|6213|FAL|25|51|2|003|100| A|Pelaksanaan Spending Review|00||0|0
2026|01|528682|015|08|CD|6213|FAL|25|51|2|003|100| C|Review Pelaksanaan Anggaran|00||0|0
2026|01|528682|015|08|CD|6213|FAL|25|51|2|003|100| D|Monitoring dan Evaluasi Pelaksanaan Anggaran|00||0|0
2026|01|528682|015|08|CD|6213|FAL|25|51|2|003|100| E|Pengumpulan InformasiPenajaman Data Fiskal RegionalPenyusunan KFR|00||0|0
2026|01|528682|015|08|CD|6213|FAL|25|51|2|003|100| F|Publikasi Kajian Fiskal Regional|00||0|0
2026|01|528682|015|08|CD|6213|FAL|25|51|2|003|100| H|Monitoring atas Dana Transfer dan Dana Desa|00||0|0
2026|01|528682|015|08|CD|6215|FAH|25|51|2|001|100| A|Koordinasi Laporan Keuangan Pemerintah Daerah danatau BLUD|00||0|0
2026|01|528682|015|08|CD|6215|FAH|25|51|2|003|100| A|Pembinaan UAKBUN D (KPPN)|00||0|0
2026|01|528682|015|08|CD|6215|FAH|25|51|2|003|100| B|Koordinasi UAKBUND (KPPN)|00||0|0
2026|01|528682|015|08|WA|4715|EBA|25|51|2|001|100| A|TANPA SUB KOMPONEN|00||0|0
2026|01|528682|015|08|WA|4715|EBA|25|51|2|001|100| B|Koordinasi Penyusunan ATK PU|00||0|0
2026|01|528682|015|08|WA|4715|EBA|25|51|2|002|100| A|TANPA SUB KOMPONEN|00||0|0
2026|01|528682|015|08|WA|4715|EBA|25|51|2|994|002| A|Keperluan Seharihari Perkantoran|00||0|0
2026|01|528682|015|08|WA|4715|EBA|25|51|2|994|002| B|Langganan Daya dan Jasa|00||0|0
2026|01|528682|015|08|WA|4715|EBA|25|51|2|994|002| C|Pelaksanaan Operasional Kantor|00||0|0
2026|01|528682|015|08|WA|4715|EBA|25|51|2|994|002| D|Pemeliharaan Peralatan dan Mesin|00||0|0
2026|01|528682|015|08|WA|4715|EBA|25|51|2|994|002| E|Pemeliharaan Gedung dan Bangunan|00||0|0
2026|01|528682|015|08|WA|4715|EBA|25|51|2|994|002| F|Honorarium Operasional Satuan Kerja Ongkos Angkut Beras|00||0|0
2026|01|528682|015|08|WA|4715|EBA|25|51|2|994|002|HB|Dukungan Tusi - Reviu Belanja Pemerintah|00||0|0
2026|01|528682|015|08|WA|4715|EBA|25|51|2|994|002|HC|Dukungan Tusi - Government Financial Statistic (GFS)|00||0|0
2026|01|528682|015|08|WA|4715|EBA|25|51|2|994|002|HD|Dukungan Tusi - Rekomendasi Pengelolaan Organisasi|00||0|0
2026|01|528682|015|08|WA|4715|EBA|25|51|2|994|002|HF|Dukungan Tusi - Protokoler Kanwil/Badan Pengarah Papua/Komite Eksekutif/Kelompok Kerja|00||0|0
2026|01|528682|015|08|WA|4715|EBB|25|51|2|004|100| A|TANPA SUB KOMPONEN|00||0|0
2026|01|528682|015|08|WA|4715|EBD|25|51|2|Z26|100| A|Rakor Penyusunan Laporan Keuangan Tingkat UAPPAW|00||0|0
2026|01|528682|015|08|WA|4715|EBD|25|51|2|Z36|100| A|TANPA SUB KOMPONEN|00||0|0
2026|01|528682|015|08|WA|4718|BMB|25|51|2|001|100| A|TANPA SUB KOMPONEN|00||0|0
2026|01|528682|015|08|WA|4718|BMB|25|51|2|002|100| A|TANPA SUB KOMPONEN|00||0|0
2026|01|528682|015|08|WA|4719|EBA|25|51|2|003|100| A|Pelaksanaan Supervisi Proses Bisnis KPPN|00||0|0
2026|01|528682|015|08|WA|4719|EBA|25|51|2|003|100| B|Koordinasi Inovasi layanan|00||0|0
2026|01|528682|015|08|WA|4719|EBA|25|51|2|994|001| A|TANPA SUB KOMPONEN|00||0|0
2026|01|528682|015|08|WA|4719|EBC|25|51|2|001|100|XC|Penyelenggaraan Capacity Building|00||0|0
2026|01|528682|015|08|WA|4722|EBD|25|51|2|001|100| A|Pelaksanaan Manajemen Resiko dan Kepatuhan Internal|00||0|0
2026|01|528682|015|08|WA|4722|EBD|25|51|2|001|100| B|Pemantauan Kode Etik dan Kepatuhan Pegawai|00||0|0
2026|01|528682|015|08|WA|6990|ABA|25|51|2|001|100|FA|Pokja Papua|00||0|0
2026|01|528682|015|08|WA|6990|ABA|25|51|2|001|100|FB|Monitoring Dana Otsus ke PemdaSHEK|00||0|0
2026|01|528682|015|08|WA|6990|ABA|25|51|2|001|100|KP|ABT  Dukungan Tusi Badan Pengarah Papua|00||0|0
2026|01|528682|015|08|WA|6990|ABA|25|51|2|001|100|QA|Focus Group Discussion Badan Pengarah Papua|00||0|0
2026|01|528682|015|08|WA|6990|ABA|25|51|2|001|100|QB|Penyusunan Rekomendasi Badan Pengarah Papua|00||0|0
2026|01|528682|015|08|WA|6990|ABA|25|51|2|001|100|QC|Monitoring dan Evaluasi Sekretaris Eksekutif|00||0|0
2026|01|528682|015|08|WA|6990|ABA|25|51|2|001|100|QD|Kebutuhan Rekrutmen Anggota Pokja|00||0|0
2026|01|528682|015|08|WA|6990|EBA|25|51|2|002|100| A|TANPA SUB KOMPONEN|00||0|0
2026|01|528682|015|08|WA|6990|EBA|25|51|2|002|100|KE|Komite Eksekutif|00||0|0
2026|01|528682|015|08|WA|6990|EBA|25|51|2|002|100|KP|Rapat Koordinasi BPP|00||0|0
2026|01|528682|015|08|WA|6990|EBA|25|51|2|994|001| A|TANPA SUB KOMPONEN|00||0|0
2026|01|528682|015|08|WA|6990|EBA|25|51|2|994|002| A|Keperluan SehariHari Perkantoran|00||0|0
2026|01|528682|015|08|WA|6990|EBA|25|51|2|994|002| B|Langganan Daya dan Jasa|00||0|0
2026|01|528682|015|08|WA|6990|EBA|25|51|2|994|002| C|Pelaksanaan Operasional Kantor|00||0|0
2026|01|528682|015|08|WA|6990|EBA|25|51|2|994|002| D|Jasa Pemeliharaan Peralatan BPP|00||0|0
2026|01|528682|015|08|WA|6990|EBA|25|51|2|994|002| E|Pemeliharaan Gedung dan Bangunan|00||0|0
2026|01|528750|015|08|CD|6212|BMB|25|10|2|001|100| A|Profiling UMKM|00||0|0
2026|01|528750|015|08|CD|6212|FAC|25|10|2|001|100| A|Training Modul Aplikasi SAKTI|00||0|0
2026|01|528750|015|08|CD|6212|FAC|25|10|2|001|100| B|FGD dan Bimtek Transfer Keuangan Daerah|00||0|0
2026|01|528750|015|08|CD|6212|FAH|25|10|2|001|100| A|TANPA SUB KOMPONEN|00||0|0
2026|01|528750|015|08|CD|6212|FAL|25|10|2|004|100| A|Konsultasi|00||0|0
2026|01|528750|015|08|CD|6212|FAL|25|10|2|004|100| B|Sosialisasi dan Bimbingan Teknis|00||0|0
2026|01|528750|015|08|CD|6212|FAL|25|10|2|004|100| D|Pembinaan Pemda, TKD, dan Penandatanganan BAR|00||0|0
2026|01|528750|015|08|CD|6213|FAC|25|10|2|001|100| A|Pembinaan Jabatan Fungsional Perbendaharaan|00||0|0
2026|01|528750|015|08|CD|6213|FAE|25|10|2|009|100| A|Monev Penyaluran Pembiayaan Ultra Mikro|00||0|0
2026|01|528750|015|08|CD|6213|FAL|25|10|2|003|100| A|Monev Pelaksanaan Anggaran|00||0|0
2026|01|528750|015|08|CD|6214|FAL|25|10|2|002|100| A|Pelaksanaan PencairanPenarikanPengesahan Dana|00||0|0
2026|01|528750|015|08|CD|6214|FAL|25|10|2|002|100| B|PenerbitanPersetujuanRekonsiliasi RekeningSKPPKonfirmasi Penerimaan Negara, dll|00||0|0
2026|01|528750|015|08|CD|6215|FAH|25|10|2|003|100| A|Penyusunan Laporan Keuangan Tingkat Kuasa BUN di Daerah|00||0|0
2026|01|528750|015|08|WA|4715|EBA|25|10|2|001|100| A|TANPA SUB KOMPONEN|00||0|0
2026|01|528750|015|08|WA|4715|EBA|25|10|2|001|100| B|Koordinasi Penyusunan ATK PU|00||0|0
2026|01|528750|015|08|WA|4715|EBA|25|10|2|994|002| A|Keperluan Seharihari Perkantoran|00||0|0
2026|01|528750|015|08|WA|4715|EBA|25|10|2|994|002| B|Langganan Daya dan Jasa|00||0|0
2026|01|528750|015|08|WA|4715|EBA|25|10|2|994|002| C|Pelaksanaan Operasional Kantor|00||0|0
2026|01|528750|015|08|WA|4715|EBA|25|10|2|994|002| D|Pemeliharaan Peralatan dan Mesin|00||0|0
2026|01|528750|015|08|WA|4715|EBA|25|10|2|994|002| G|Pemeliharaan Gedung dan Bangunan|00||0|0
2026|01|528750|015|08|WA|4715|EBA|25|10|2|994|002|HA|Dukungan Tusi - Konsultasi Pencairan Dana|00||0|0
2026|01|528750|015|08|WA|4715|EBA|25|10|2|994|002|HB|Dukungan Tusi - Reviu Belanja Pemerintah|00||0|0
2026|01|528750|015|08|WA|4715|EBA|25|10|2|994|002|HF|Dukungan Tusi - Badan Pengarah Papua|00||0|0
2026|01|528750|015|08|WA|4715|EBA|25|10|2|994|002|TJ|Jasa PemeliharaanAnnual Technical Support (ATS)|00||0|0
2026|01|528750|015|08|WA|4715|EBA|25|10|2|002|100| A|TANPA SUB KOMPONEN|00||0|0
2026|01|528750|015|08|WA|4715|EBB|25|10|2|002|100|PL|Peralatan Fasilitas Perkantoran|00||0|0
2026|01|528750|015|08|WA|4715|EBB|25|10|2|004|100|GB|Pembangunan Gedung  Renovasi Kantor|00||0|0
2026|01|528750|015|08|WA|4715|EBB|25|10|2|004|100|RA|Pembangunan Rumah Dinas|00||0|0
2026|01|528750|015|08|WA|4715|EBD|25|10|2|Z36|100| B|Pelaksanaan Manajemen Kinerja, Resiko dan Kepatuhan Internal|00||0|0
2026|01|528750|015|08|WA|4718|BMB|25|10|2|002|100| A|TANPA SUB KOMPONEN|00||0|0
2026|01|528750|015|08|WA|4718|BMB|25|10|2|001|100| A|TANPA SUB KOMPONEN|00||0|0
2026|01|528750|015|08|WA|4719|EBA|25|10|2|994|001| A|TANPA SUB KOMPONEN|00||0|0
2026|01|528750|015|08|WA|4719|EBA|25|10|2|004|100| A|Survey Kepuasan Pengguna Layanan|00||0|0
2026|01|528750|015|08|WA|4719|EBC|25|10|2|001|100|XC|Penyelenggaraan Capacity Building|00||0|0
2026|01|528750|015|08|WA|6990|ABA|25|10|2|001|100|UA|Monitoring Dana Otsus ke Pemda Prov. Papua Tengah  SHEK|00||0|0
2026|01|528792|015|08|CD|6212|BMB|26|02|2|001|100| A|Profiling UMKM|00||0|0
2026|01|528792|015|08|CD|6212|FAC|26|02|2|001|100| A|Training Modul Aplikasi SAKTI|00||0|0
2026|01|528792|015|08|CD|6212|FAC|26|02|2|001|100| B|FGD dan Bimtek Transfer Keuangan Daerah|00||0|0
2026|01|528792|015|08|CD|6212|FAH|26|02|2|001|100| A|TANPA SUB KOMPONEN|00||0|0
2026|01|528792|015|08|CD|6212|FAL|26|02|2|004|100| A|Konsultasi|00||0|0
2026|01|528792|015|08|CD|6212|FAL|26|02|2|004|100| B|Sosialisasi dan Bimbingan Teknis|00||0|0
2026|01|528792|015|08|CD|6212|FAL|26|02|2|004|100| D|Pembinaan Pemda, TKD, dan Penandatanganan BAR|00||0|0
2026|01|528792|015|08|CD|6213|FAC|26|02|2|001|100| A|Pembinaan Jabatan Fungsional Perbendaharaan|00||0|0
2026|01|528792|015|08|CD|6213|FAL|26|02|2|003|100| A|Monev Pelaksanaan Anggaran|00||0|0
2026|01|528792|015|08|CD|6214|FAL|26|02|2|002|100| A|Pelaksanaan PencairanPenarikanPengesahan Dana|00||0|0
2026|01|528792|015|08|CD|6214|FAL|26|02|2|002|100| B|PenerbitanPersetujuanRekonsiliasi RekeningSKPPKonfirmasi Penerimaan Negara, dll|00||0|0
2026|01|528792|015|08|CD|6215|FAH|26|02|2|003|100| A|Penyusunan Laporan Keuangan Tingkat Kuasa BUN di Daerah|00||0|0
2026|01|528792|015|08|WA|4715|EBA|26|02|2|001|100| A|TANPA SUB KOMPONEN|00||0|0
2026|01|528792|015|08|WA|4715|EBA|26|02|2|001|100| B|Koordinasi Penyusunan ATK PU|00||0|0
2026|01|528792|015|08|WA|4715|EBA|26|02|2|002|100| A|TANPA SUB KOMPONEN|00||0|0
2026|01|528792|015|08|WA|4715|EBA|26|02|2|994|002| A|Keperluan Seharihari Perkantoran|00||0|0
2026|01|528792|015|08|WA|4715|EBA|26|02|2|994|002| B|Langganan Daya dan Jasa|00||0|0
2026|01|528792|015|08|WA|4715|EBA|26|02|2|994|002| C|Pelaksanaan Operasional Kantor|00||0|0
2026|01|528792|015|08|WA|4715|EBA|26|02|2|994|002| D|Pemeliharaan Peralatan dan Mesin|00||0|0
2026|01|528792|015|08|WA|4715|EBA|26|02|2|994|002| G|Pemeliharaan Gedung dan Bangunan|00||0|0
2026|01|528792|015|08|WA|4715|EBA|26|02|2|994|002|HA|Dukungan Tusi - Konsultasi Pencairan Dana|00||0|0
2026|01|528792|015|08|WA|4715|EBA|26|02|2|994|002|HB|Dukungan Tusi - Reviu Belanja Pemerintah|00||0|0
2026|01|528792|015|08|WA|4715|EBA|26|02|2|994|002|HE|Dukungan Tusi - WBK WBBM|00||0|0
2026|01|528792|015|08|WA|4715|EBA|26|02|2|994|002|HH|Dukungan Pelaksaan Tusi Prioritas Direktif Presiden|00||0|0
2026|01|528792|015|08|WA|4715|EBA|26|02|2|994|002|TJ|Jasa PemeliharaanAnnual Technical Support (ATS)|00||0|0
2026|01|528792|015|08|WA|4715|EBD|26|02|2|Z36|100| B|Pelaksanaan Manajemen Kinerja, Resiko dan Kepatuhan Internal|00||0|0
2026|01|528792|015|08|WA|4718|BMB|26|02|2|002|100| A|TANPA SUB KOMPONEN|00||0|0
2026|01|528792|015|08|WA|4718|BMB|26|02|2|001|100| A|TANPA SUB KOMPONEN|00||0|0
2026|01|528792|015|08|WA|4719|EBA|26|02|2|994|001| A|TANPA SUB KOMPONEN|00||0|0
2026|01|528792|015|08|WA|4719|EBA|26|02|2|004|100| A|Survey Kepuasan Pengguna Layanan|00||0|0
2026|01|528792|015|08|WA|4719|EBC|26|02|2|001|100|XC|Penyelenggaraan Capacity Building|00||0|0
2026|01|528785|015|08|CD|6212|FAC|26|51|2|001|100| A|Training Modul Aplikasi SAKTI|00||0|0
2026|01|528785|015|08|CD|6212|FAC|26|51|2|001|100| B|FGD dan Bimtek Transfer Keuangan Daerah|00||0|0
2026|01|528785|015|08|CD|6212|FAH|26|51|2|001|100| A|TANPA SUB KOMPONEN|00||0|0
2026|01|528785|015|08|CD|6212|FAL|26|51|2|004|100| A|Konsultasi|00||0|0
2026|01|528785|015|08|CD|6212|FAL|26|51|2|004|100| B|Sosialisasi dan Bimbingan Teknis|00||0|0
2026|01|528785|015|08|CD|6212|FAL|26|51|2|004|100| D|Pembinaan Pemda, TKD, dan Penandatanganan BA Rekonsiliasi Pajak|00||0|0
2026|01|528785|015|08|CD|6213|FAC|26|51|2|001|100| A|Pembinaan Jabatan Fungsional Perbendaharaan|00||0|0
2026|01|528785|015|08|CD|6213|FAE|26|51|2|009|100| A|Monev Penyaluran Pembiayaan Ultra Mikro|00||0|0
2026|01|528785|015|08|CD|6213|FAL|26|51|2|003|100| A|Monev Pelaksanaan Anggaran|00||0|0
2026|01|528785|015|08|CD|6214|FAL|26|51|2|002|100| A|Pelaksanaan PencairanPenarikanPengesahan Dana|00||0|0
2026|01|528785|015|08|CD|6214|FAL|26|51|2|002|100| B|PenerbitanPersetujuanRekonsiliasi RekeningSKPPKonfirmasi Penerimaan Negara dll|00||0|0
2026|01|528785|015|08|CD|6215|FAH|26|51|2|003|100| A|Penyusunan Laporan Keuangan Tingkat Kuasa BUN di Daerah|00||0|0
2026|01|528785|015|08|WA|4715|EBA|26|51|2|001|100| A|TANPA SUB KOMPONEN|00||0|0
2026|01|528785|015|08|WA|4715|EBA|26|51|2|001|100| B|Koordinasi Penyusunan ATK PU|00||0|0
2026|01|528785|015|08|WA|4715|EBA|26|51|2|002|100| A|TANPA SUB KOMPONEN|00||0|0
2026|01|528785|015|08|WA|4715|EBA|26|51|2|994|002| A|Keperluan Seharihari Perkantoran|00||0|0
2026|01|528785|015|08|WA|4715|EBA|26|51|2|994|002| B|Langganan Daya dan Jasa|00||0|0
2026|01|528785|015|08|WA|4715|EBA|26|51|2|994|002| C|Pelaksanaan Operasional Kantor|00||0|0
2026|01|528785|015|08|WA|4715|EBA|26|51|2|994|002| D|Pemeliharaan Peralatan dan Mesin|00||0|0
2026|01|528785|015|08|WA|4715|EBA|26|51|2|994|002| G|Pemeliharaan Gedung dan Bangunan|00||0|0
2026|01|528785|015|08|WA|4715|EBA|26|51|2|994|002|HA|Dukungan Tusi - Konsultasi Pencairan Dana|00||0|0
2026|01|528785|015|08|WA|4715|EBA|26|51|2|994|002|HB|Dukungan Tusi - Reviu Belanja Pemerintah|00||0|0
2026|01|528785|015|08|WA|4715|EBA|26|51|2|994|002|HH|Dukungan Pelaksanaan Tusi Prioritas Direktif Presiden |00||0|0
2026|01|528785|015|08|WA|4715|EBA|26|51|2|994|002|TJ|Jasa PemeliharaanAnnual Technical Support (ATS)|00||0|0
2026|01|528785|015|08|WA|4715|EBB|26|51|2|002|100| A|TANPA SUB KOMPONEN|00||0|0
2026|01|528785|015|08|WA|4715|EBD|26|51|2|Z36|100| B|Pelaksanaan Manajemen Kinerja, Resiko dan Kepatuhan Internal|00||0|0
2026|01|528785|015|08|WA|4718|BMB|26|51|2|002|100| A|TANPA SUB KOMPONEN|00||0|0
2026|01|528785|015|08|WA|4718|BMB|26|51|2|001|100| A|TANPA SUB KOMPONEN|00||0|0
2026|01|528785|015|08|WA|4719|EBA|26|51|2|994|001| A|TANPA SUB KOMPONEN|00||0|0
2026|01|528785|015|08|WA|4719|EBA|26|51|2|004|100| A|Survey Kepuasan Pengguna Layanan|00||0|0
2026|01|528785|015|08|WA|4719|EBC|26|51|2|001|100|XC|Penyelenggaraan Capacity Building|00||0|0
2026|01|539032|015|08|WA|4715|EBB|32|51|2|002|100| A|TANPA SUB KOMPONEN|00||0|0
2026|01|539032|015|08|WA|4718|BMB|32|51|2|001|100| A|TANPA SUB KOMPONEN|00||0|0
2026|01|539032|015|08|WA|4718|BMB|32|51|2|002|100| A|TANPA SUB KOMPONEN|00||0|0
2026|01|539032|015|08|WA|4719|EBA|32|51|2|004|100| A|Survey Kepuasan Pengguna Layanan|00||0|0
2026|01|539032|015|08|WA|4719|EBA|32|51|2|994|001| A|TANPA SUB KOMPONEN|00||0|0
2026|01|539032|015|08|WA|4719|EBC|32|51|2|001|100| A|Peningkatan Kapasitas SDM|00||0|0
2026|01|539032|015|08|CD|6212|BMB|32|51|2|001|100| A|Profiling UMKM|00||0|0
2026|01|539032|015|08|CD|6212|FAC|32|51|2|001|100| A|Training Modul Aplikasi SAKTI|00||0|0
2026|01|539032|015|08|CD|6212|FAC|32|51|2|001|100| B|FGD dan Bimtek Transfer Keuangan Daerah|00||0|0
2026|01|539032|015|08|CD|6212|FAH|32|51|2|001|100| A|TANPA SUB KOMPONEN|00||0|0
2026|01|539032|015|08|CD|6212|FAL|32|51|2|004|100| A|Konsultasi|00||0|0
2026|01|539032|015|08|CD|6212|FAL|32|51|2|004|100| B|Sosialisasi dan Bimbingan Teknis|00||0|0
2026|01|539032|015|08|CD|6212|FAL|32|51|2|004|100| D|Pembinaan Pemda, TKD, dan Penandatanganan BAR|00||0|0
2026|01|539032|015|08|CD|6213|FAC|32|51|2|001|100| A|Pembinaan Jabatan Fungsional Perbendaharaan|00||0|0
2026|01|539032|015|08|CD|6213|FAE|32|51|2|009|100| A|Monev Penyaluran Pembiayaan Ultra Mikro|00||0|0
2026|01|539032|015|08|CD|6213|FAL|32|51|2|003|100| A|Monev Pelaksanaan Anggaran|00||0|0
2026|01|539032|015|08|CD|6214|FAL|32|51|2|002|100| A|Pelaksanaan PencairanPenarikanPengesahan Dana|00||0|0
2026|01|539032|015|08|CD|6214|FAL|32|51|2|002|100| B|PenerbitanPersetujuanRekonsiliasi RekeningSKPPKonfirmasi Penerimaan Negara|00||0|0
2026|01|539032|015|08|CD|6215|FAH|32|51|2|003|100| A|Penyesuaian Laporan Keuangan Tingkat Kuasa BUN di Daerah|00||0|0
2026|01|539032|015|08|WA|4715|EBA|32|51|2|001|100| A|TANPA SUB KOMPONEN|00||0|0
2026|01|539032|015|08|WA|4715|EBA|32|51|2|002|100| A|TANPA SUB KOMPONEN|00||0|0
2026|01|539032|015|08|WA|4715|EBA|32|51|2|994|002| A|Keperluan Seharihari Perkantoran|00||0|0
2026|01|539032|015|08|WA|4715|EBA|32|51|2|994|002| B|Langganan Daya dan Jasa|00||0|0
2026|01|539032|015|08|WA|4715|EBA|32|51|2|994|002| C|Pelaksanaan Operasional Kantor|00||0|0
2026|01|539032|015|08|WA|4715|EBA|32|51|2|994|002| D|Pemeliharaan Peralatan dan Mesin|00||0|0
2026|01|539032|015|08|WA|4715|EBA|32|51|2|994|002| G|Pemeliharaan Gedung dan Bangunan|00||0|0
2026|01|539032|015|08|WA|4715|EBA|32|51|2|994|002|HA|Dukungan Tusi - Konsultasi Pencairan Dana|00||0|0
2026|01|539032|015|08|WA|4715|EBA|32|51|2|994|002|HB|Dukungan Tusi - Reviu Belanja Pemerintah|00||0|0
2026|01|539032|015|08|WA|4715|EBA|32|51|2|994|002|HH|Dukungan Pelaksanaan Tusi Prioritas Direktif Presiden|00||0|0
2026|01|539032|015|08|WA|4715|EBA|32|51|2|994|002|TJ|Jasa PemeliharaanAnnual Technical Support (ATS)|00||0|0
2026|01|579330|015|08|CD|6212|BMB|01|54|2|001|100| A|Profiling UMKM|00||0|0
2026|01|579330|015|08|CD|6212|FAC|01|54|2|001|100| A|Training Modul Aplikasi SAKTI|00||0|0
2026|01|579330|015|08|CD|6212|FAH|01|54|2|001|100| A|TANPA SUB KOMPONEN|00||0|0
2026|01|579330|015|08|CD|6212|FAL|01|54|2|004|100| A|Konsultasi|00||0|0
2026|01|579330|015|08|CD|6212|FAL|01|54|2|004|100| B|Sosialisasi dan Bimbingan Teknis|00||0|0
2026|01|579330|015|08|CD|6213|FAC|01|54|2|001|100| A|Pembinaan Jabatan Fungsional Perbendaharaan|00||0|0
2026|01|579330|015|08|CD|6213|FAE|01|54|2|009|100| A|Monev Penyaluran Pembiayaan Ultra Mikro|00||0|0
2026|01|579330|015|08|CD|6213|FAL|01|54|2|003|100| A|Monev Pelaksanaan Anggaran|00||0|0
2026|01|579330|015|08|CD|6214|FAL|01|54|2|002|100| A|Pelaksanaan PencairanPenarikanPengesahan Dana|00||0|0
2026|01|579330|015|08|CD|6214|FAL|01|54|2|002|100| B|PenerbitanPersetujuanRekonsiliasi RekeningSKPPKonfirmasi Penerimaan Negara, DLL|00||0|0
2026|01|579330|015|08|CD|6215|FAH|01|54|2|003|100| A|Penyusunan Laporan Keuangan Tingkat Kuasa BUN di Daerah|00||0|0
2026|01|579330|015|08|WA|4715|EBA|01|54|2|001|100| A|TANPA SUB KOMPONEN|00||0|0
2026|01|579330|015|08|WA|4715|EBA|01|54|2|001|100| B|Koordinasi Penyusunan ATK PU|00||0|0
2026|01|579330|015|08|WA|4715|EBA|01|54|2|994|002| A|Keperluan SehariHari Perkantoran|00||0|0
2026|01|579330|015|08|WA|4715|EBA|01|54|2|994|002| B|Langganan Daya dan Jasa|00||0|0
2026|01|579330|015|08|WA|4715|EBA|01|54|2|994|002| C|Pelaksanaan Operasional Kantor|00||0|0
2026|01|579330|015|08|WA|4715|EBA|01|54|2|994|002| D|Pemeliharaan Peralatan dan Mesin|00||0|0
2026|01|579330|015|08|WA|4715|EBA|01|54|2|994|002| G|Pemeliharaan Gedung dan Bangunan|00||0|0
2026|01|579330|015|08|WA|4715|EBA|01|54|2|994|002|HB|Dukungan Tusi -Reviu Belanja Pemerintah|00||0|0
2026|01|579330|015|08|WA|4715|EBA|01|54|2|994|002|TJ|Jasa PemeliharaanAnnual Technical Support (ATS)|00||0|0
2026|01|579330|015|08|WA|4715|EBA|01|54|2|002|100| A|TANPA SUB KOMPONEN|00||0|0
2026|01|579330|015|08|WA|4715|EBB|01|54|2|002|100| A|Pengadaan Peralatan Fasilitas Perkantoran|00||0|0
2026|01|579330|015|08|WA|4715|EBB|01|54|2|004|100|GB|Renovasi Gedung  Bangunan Kantor|00||0|0
2026|01|579330|015|08|WA|4718|BMB|01|54|2|002|100| A|TANPA SUB KOMPONEN|00||0|0
2026|01|579330|015|08|WA|4718|BMB|01|54|2|001|100| A|Pembinaan dan Edukasi Publik|00||0|0
2026|01|579330|015|08|WA|4719|EBA|01|54|2|994|001| A|TANPA SUB KOMPONEN|00||0|0
2026|01|579330|015|08|WA|4719|EBA|01|54|2|004|100| A|TANPA SUB KOMPONEN|00||0|0
2026|01|579330|015|08|WA|4719|EBC|01|54|2|001|100|XC|Penyelenggaraan Capacity Building|00||0|0
2026|01|613750|015|08|CD|6212|BMB|26|51|2|001|100| A|Profiling UMKM|00||0|0
2026|01|613750|015|08|CD|6212|BMB|26|51|2|001|100| B|Pemberdayaan UMKM  SosialisasiBimtekAsistensi dan BazarPojokRumah UMKM|00||0|0
2026|01|613750|015|08|CD|6212|BMB|26|51|2|001|100| D|Komunikasi Publik  BazarPojokRumah UMKM|00||0|0
2026|01|613750|015|08|CD|6212|FAC|26|51|2|002|100| A|Pembinaan Satker BLU|00||0|0
2026|01|613750|015|08|CD|6212|FAC|26|51|2|002|100| B|Asistensi  Pembinaan Pengelolaan Keuangan BLU Daerah|00||0|0
2026|01|613750|015|08|CD|6212|FAH|26|51|2|003|100| B|Sosialisasi dan Bimbingan Teknis UAPPAW|00||0|0
2026|01|613750|015|08|CD|6212|FAH|26|51|2|002|100| A|Forum Koordinasi dan Rekonsiliasi Data dengan Bank Indonesia|00||0|0
2026|01|613750|015|08|CD|6212|FAH|26|51|2|002|100| B|Pembinaan SAP pada Pemerintah Daerah|00||0|0
2026|01|613750|015|08|CD|6212|FAH|26|51|2|002|100| C|SosialisasiBimtekWorkshopFGD dengan Pemda|00||0|0
2026|01|613750|015|08|CD|6212|FAL|26|51|2|001|100| B|Pengkoordinasian Kerjasama Ekonomi dan Keuangan Daerah|00||0|0
2026|01|613750|015|08|CD|6212|FAL|26|51|2|001|100| D|Penyerahan DIPA|00||0|0
2026|01|613750|015|08|CD|6213|ABA|26|51|2|001|100| A|Penyusunan Analisis Potensi Pembiayaan dan Pelaksanaan MoU DJPb dan PT SMI di Daerah|00||0|0
2026|01|613750|015|08|CD|6213|FAE|26|51|2|008|100| A|Koordinasi Pelaksanaan Tugas RCE  ALCo|00||0|0
2026|01|613750|015|08|CD|6213|FAE|26|51|2|009|100| B|Monitoring dan  Evaluasi KURPenerusan Pinjaman|00||0|0
2026|01|613750|015|08|CD|6213|FAE|26|51|2|009|100| D|FGD Analisa Fasilitas Likuiditas Pembiayaan Perumahan (FLPP)|00||0|0
2026|01|613750|015|08|CD|6213|FAL|26|51|2|003|100| A|Pelaksanaan Spending Review|00||0|0
2026|01|613750|015|08|CD|6213|FAL|26|51|2|003|100| C|Review Pelaksanaan Anggaran|00||0|0
2026|01|613750|015|08|CD|6213|FAL|26|51|2|003|100| D|Monitoring dan Evaluasi Pelaksanaan Anggaran|00||0|0
2026|01|613750|015|08|CD|6213|FAL|26|51|2|003|100| E|Pengumpulan InformasiPenajaman Data Fiskal RegionalPenyusunan KFR|00||0|0
2026|01|613750|015|08|CD|6213|FAL|26|51|2|003|100| F|Publikasi Kajian Fiskal Regional|00||0|0
2026|01|613750|015|08|CD|6213|FAL|26|51|2|003|100| G|Pengumpulan Konfirmasi Informasi Pengelolaan Keuangan Daerah dan Penyusunan Profil Keuangan Daerah|00||0|0
2026|01|613750|015|08|CD|6213|FAL|26|51|2|003|100| H|Monitoring atas Dana Transfer dan Dana Desa|00||0|0
2026|01|613750|015|08|CD|6215|FAH|26|51|2|003|100| B|Koordinasi UAKBUND (KPPN)|00||0|0
2026|01|613750|015|08|CD|6215|FAH|26|51|2|001|100| A|Koordinasi Laporan Keuangan Pemerintah Daerah danatau BLUD|00||0|0
2026|01|613750|015|08|CD|6215|FAH|26|51|2|001|100| B|Penyusunan Laporan Statistik Keuangan Pemerintah Tingkat Wilayah|00||0|0
2026|01|613750|015|08|WA|4715|EBA|26|51|2|001|100| A|TANPA SUB KOMPONEN|00||0|0
2026|01|613750|015|08|WA|4715|EBA|26|51|2|001|100| B|Koordinasi Penyusunan ATK PU|00||0|0
2026|01|613750|015|08|WA|4715|EBA|26|51|2|002|100| A|TANPA SUB KOMPONEN|00||0|0
2026|01|613750|015|08|WA|4715|EBA|26|51|2|994|002| A|Keperluan Seharihari Perkantoran|00||0|0
2026|01|613750|015|08|WA|4715|EBA|26|51|2|994|002| B|Langganan Daya dan Jasa|00||0|0
2026|01|613750|015|08|WA|4715|EBA|26|51|2|994|002| C|Pelaksanaan Operasional Kantor|00||0|0
2026|01|613750|015|08|WA|4715|EBA|26|51|2|994|002| D|Pemeliharaan Peralatan dan Mesin|00||0|0
2026|01|613750|015|08|WA|4715|EBA|26|51|2|994|002| G|Pemeliharaan Gedung dan Bangunan|00||0|0
2026|01|613750|015|08|WA|4715|EBA|26|51|2|994|002|HB|Dukungan Tusi - Reviu Belanja Pemerintah|00||0|0
2026|01|613750|015|08|WA|4715|EBA|26|51|2|994|002|HC|Dukungan Tusi - Government Financial Statistic (GFS)|00||0|0
2026|01|613750|015|08|WA|4715|EBA|26|51|2|994|002|HD|Dukungan Tusi - Rekomendasi Pengelolaan Organisasi|00||0|0
2026|01|613750|015|08|WA|4715|EBA|26|51|2|994|002|HE|Dukungan Tusi - WBK WBBM|00||0|0
2026|01|613750|015|08|WA|4715|EBA|26|51|2|994|002|HH|Dukungan Pelaksaan Tusi Prioritas Direktif Presiden|00||0|0
2026|01|613750|015|08|WA|4715|EBA|26|51|2|994|002|TJ|Jasa PemeliharaanAnnual Technical Support (ATS)|00||0|0
2026|01|613750|015|08|WA|4715|EBD|26|51|2|Z26|100| A|Rakor Penyusunan Laporan Keuangan Tingkat UAPPAW|00||0|0
2026|01|613750|015|08|WA|4715|EBD|26|51|2|Z36|100| A|TANPA SUB KOMPONEN|00||0|0
2026|01|613750|015|08|WA|4718|BMB|26|51|2|001|100| A|TANPA SUB KOMPONEN|00||0|0
2026|01|613750|015|08|WA|4718|BMB|26|51|2|002|100| A|TANPA SUB KOMPONEN|00||0|0
2026|01|613750|015|08|WA|4719|EBA|26|51|2|003|100| B|Koordinasi Inovasi layanan|00||0|0
2026|01|613750|015|08|WA|4719|EBA|26|51|2|994|001| A|TANPA SUB KOMPONEN|00||0|0
2026|01|613750|015|08|WA|4719|EBA|26|51|2|005|100| B|Pelaksanaan Supervisi Teknis Aplikasi|00||0|0
2026|01|613750|015|08|WA|4719|EBC|26|51|2|001|100|XC|Penyelenggaraan Capacity Building|00||0|0
2026|01|613750|015|08|WA|4722|EBD|26|51|2|001|100| A|Pelaksanaan Manajemen Resiko dan Kepatuhan Internal|00||0|0
2026|01|613750|015|08|WA|4722|EBD|26|51|2|001|100| B|Pemantauan Kode Etik dan Kepatuhan Pegawai|00||0|0
2026|01|613739|015|08|CD|6212|BMB|09|51|2|001|100| A|Profiling UMKM|00||0|0
2026|01|613739|015|08|CD|6212|BMB|09|51|2|001|100| B|Pemberdayaan UMKM  SosialisasiBimtekAsistensi dan BazarPojokRumah UMKM|00||0|0
2026|01|613739|015|08|CD|6212|BMB|09|51|2|001|100| D|Komunikasi Publik  BazarPojokRumah UMKM|00||0|0
2026|01|613739|015|08|CD|6212|FAC|09|51|2|002|100| B|Asistensi  Pembinaan Pengelolaan Keuangan BLU Daerah|00||0|0
2026|01|613739|015|08|CD|6212|FAH|09|51|2|002|100| A|Forum Koordinasi dan Rekonsiliasi Data dengan Bank Indonesia|00||0|0
2026|01|613739|015|08|CD|6212|FAH|09|51|2|002|100| C|SosialisasiBimtekWorkshopFGD dengan Pemda|00||0|0
2026|01|613739|015|08|CD|6212|FAL|09|51|2|001|100| B|Pengkoordinasian Kerjasama Ekonomi dan Keuangan Daerah|00||0|0
2026|01|613739|015|08|CD|6212|FAL|09|51|2|001|100| D|Penyerahan DIPA|00||0|0
2026|01|613739|015|08|CD|6213|ABA|09|51|2|001|100| A|Penyusunan Analisis Potensi Pembiayaan dan Pelaksanaan MoU DJPb dan PT SMI di Daerah|00||0|0
2026|01|613739|015|08|CD|6213|FAE|09|51|2|008|100| A|Koordinasi Pelaksanaan Tugas RCE  ALCo|00||0|0
2026|01|613739|015|08|CD|6213|FAL|09|51|2|003|100| A|Pelaksanaan Spending Review|00||0|0
2026|01|613739|015|08|CD|6213|FAL|09|51|2|003|100| C|Review Pelaksanaan Anggaran|00||0|0
2026|01|613739|015|08|CD|6213|FAL|09|51|2|003|100| D|Monitoring dan Evaluasi Pelaksanaan Anggaran|00||0|0
2026|01|613739|015|08|CD|6213|FAL|09|51|2|003|100| E|Pengumpulan InformasiPenajaman Data Fiskal RegionalPenyusunan KFR|00||0|0
2026|01|613739|015|08|CD|6213|FAL|09|51|2|003|100| F|Publikasi Kajian Fiskal Regional|00||0|0
2026|01|613739|015|08|CD|6213|FAL|09|51|2|003|100| G|Pengumpulan Konfirmasi Informasi Pengelolaan Keuangan Daerah dan Penyusunan Profil Keuangan Daerah|00||0|0
2026|01|613739|015|08|CD|6215|FAH|09|51|2|001|100| A|Koordinasi Laporan Keuangan Pemerintah Daerah danatau BLUD|00||0|0
2026|01|613739|015|08|CD|6215|FAH|09|51|2|001|100| B|Penyusunan Laporan Statistik Keuangan Pemerintah Tingkat Wilayah|00||0|0
2026|01|613739|015|08|CD|6215|FAH|09|51|2|003|100| B|Koordinasi UAKBUND (KPPN)|00||0|0
2026|01|613739|015|08|WA|4715|EBA|09|51|2|001|100| A|TANPA SUB KOMPONEN|00||0|0
2026|01|613739|015|08|WA|4715|EBA|09|51|2|001|100| B|Koordinasi Penyusunan ATK PU|00||0|0
2026|01|613739|015|08|WA|4715|EBA|09|51|2|002|100| A|TANPA SUB KOMPONEN|00||0|0
2026|01|613739|015|08|WA|4715|EBA|09|51|2|994|002| A|Keperluan Seharihari Perkantoran|00||0|0
2026|01|613739|015|08|WA|4715|EBA|09|51|2|994|002| B|Langganan Daya dan Jasa|00||0|0
2026|01|613739|015|08|WA|4715|EBA|09|51|2|994|002| C|Pelaksanaan Operasional Kantor|00||0|0
2026|01|613739|015|08|WA|4715|EBA|09|51|2|994|002| D|Pemeliharaan Peralatan dan Mesin|00||0|0
2026|01|613739|015|08|WA|4715|EBA|09|51|2|994|002| G|Pemeliharaan Gedung dan Bangunan|00||0|0
2026|01|613739|015|08|WA|4715|EBA|09|51|2|994|002|HB|Dukungan Tusi - Reviu Belanja Pemerintah|00||0|0
2026|01|613739|015|08|WA|4715|EBA|09|51|2|994|002|HC|Dukungan Tusi - Government Financial Statistic (GFS)|00||0|0
2026|01|613739|015|08|WA|4715|EBA|09|51|2|994|002|HD|Dukungan Tusi - Rekomendasi Pengelolaan Organisasi|00||0|0
2026|01|613739|015|08|WA|4715|EBA|09|51|2|994|002|HH|Dukungan Pelaksanaan Tusi Prioritas Direktif Presiden|00||0|0
2026|01|613739|015|08|WA|4715|EBA|09|51|2|994|002|TJ|Jasa PemeliharaanAnnual Technical Support (ATS)|00||0|0
2026|01|613739|015|08|WA|4715|EBD|09|51|2|Z26|100| A|Rakor Penyusunan Laporan Keuangan Tingkat UAPPAW|00||0|0
2026|01|613739|015|08|WA|4715|EBD|09|51|2|Z36|100| A|TANPA SUB KOMPONEN|00||0|0
2026|01|613739|015|08|WA|4718|BMB|09|51|2|001|100| A|TANPA SUB KOMPONEN|00||0|0
2026|01|613739|015|08|WA|4718|BMB|09|51|2|002|100| A|TANPA SUB KOMPONEN|00||0|0
2026|01|613739|015|08|WA|4719|EBA|09|51|2|003|100| A|Pelaksanaan Supervisi Proses Bisnis KPPN|00||0|0
2026|01|613739|015|08|WA|4719|EBA|09|51|2|003|100| B|Koordinasi Inovasi layanan|00||0|0
2026|01|613739|015|08|WA|4719|EBA|09|51|2|005|100| B|Pelaksanaan Supervisi Teknis Aplikasi|00||0|0
2026|01|613739|015|08|WA|4719|EBA|09|51|2|994|001| A|TANPA SUB KOMPONEN|00||0|0
2026|01|613739|015|08|WA|4719|EBC|09|51|2|001|100|XC|Penyelenggaraan Capacity Building|00||0|0
2026|01|613739|015|08|WA|4722|EBD|09|51|2|001|100| A|Pelaksanaan Manajemen Resiko dan Kepatuhan Internal|00||0|0
2026|01|613764|015|08|CD|6212|BMB|14|51|2|001|100| A|Profiling UMKM|00||0|0
2026|01|613764|015|08|CD|6212|BMB|14|51|2|001|100| B|Pemberdayaan UMKM  SosialisasiBimtekAsistensi dan BazarPojokRumah UMKM|00||0|0
2026|01|613764|015|08|CD|6212|BMB|14|51|2|001|100| D|Komunikasi Publik  BazarPojokRumah UMKM|00||0|0
2026|01|613764|015|08|CD|6212|FAH|14|51|2|003|100| B|Sosialisasi dan Bimbingan Teknis UAPPAW|00||0|0
2026|01|613764|015|08|CD|6212|FAH|14|51|2|002|100| A|Forum Koordinasi dan Rekonsiliasi Data dengan Bank Indonesia|00||0|0
2026|01|613764|015|08|CD|6212|FAH|14|51|2|002|100| C|SosialisasiBimtekWorkshopFGD dengan Pemda|00||0|0
2026|01|613764|015|08|CD|6212|FAL|14|51|2|001|100| B|Pengkoordinasian Kerjasama Ekonomi dan Keuangan Daerah|00||0|0
2026|01|613764|015|08|CD|6212|FAL|14|51|2|001|100| D|Penyerahan DIPA|00||0|0
2026|01|613764|015|08|CD|6213|ABA|14|51|2|001|100| A|Penyusunan Analisis Potensi Pembiayaan dan Pelaksanaan MoU DJPb dan PT SMI di Daerah|00||0|0
2026|01|613764|015|08|CD|6213|FAE|14|51|2|009|100| C|Monev Site Visit Fasilitas Likuiditas Pembiayaan Perumahan (FLPP)|00||0|0
2026|01|613764|015|08|CD|6213|FAE|14|51|2|009|100| D|FGD Analisa Fasilitas Likuiditas Pembiayaan Perumahan (FLPP)|00||0|0
2026|01|613764|015|08|CD|6213|FAE|14|51|2|008|100| A|Koordinasi Pelaksanaan Tugas RCE  ALCo|00||0|0
2026|01|613764|015|08|CD|6213|FAL|14|51|2|003|100| A|Pelaksanaan Spending Review|00||0|0
2026|01|613764|015|08|CD|6213|FAL|14|51|2|003|100| C|Review Pelaksanaan Anggaran|00||0|0
2026|01|613764|015|08|CD|6213|FAL|14|51|2|003|100| D|Monitoring dan Evaluasi Pelaksanaan Anggaran|00||0|0
2026|01|613764|015|08|CD|6213|FAL|14|51|2|003|100| E|Pengumpulan InformasiPenajaman Data Fiskal RegionalPenyusunan KFR|00||0|0
2026|01|613764|015|08|CD|6213|FAL|14|51|2|003|100| F|Publikasi Kajian Fiskal Regional|00||0|0
2026|01|613764|015|08|CD|6213|FAL|14|51|2|003|100| G|Pengumpulan Konfirmasi Informasi Pengelolaan Keuangan Daerah dan Penyusunan Profil Keuangan Daerah|00||0|0
2026|01|613764|015|08|CD|6215|FAH|14|51|2|003|100| A|Pembinaan UAKBUN D (KPPN)|00||0|0
2026|01|613764|015|08|CD|6215|FAH|14|51|2|003|100| B|Koordinasi UAKBUND (KPPN)|00||0|0
2026|01|613764|015|08|CD|6215|FAH|14|51|2|001|100| A|Koordinasi Laporan Keuangan Pemerintah Daerah danatau BLUD|00||0|0
2026|01|613764|015|08|CD|6215|FAH|14|51|2|001|100| B|Penyusunan Laporan Statistik Keuangan Pemerintah Tingkat Wilayah|00||0|0
2026|01|613764|015|08|WA|4715|EBA|14|51|2|001|100| A|TANPA SUB KOMPONEN|00||0|0
2026|01|613764|015|08|WA|4715|EBA|14|51|2|002|100| A|TANPA SUB KOMPONEN|00||0|0
2026|01|613764|015|08|WA|4715|EBA|14|51|2|994|002| A|Keperluan Seharihari Perkantoran|00||0|0
2026|01|613764|015|08|WA|4715|EBA|14|51|2|994|002| B|Langganan Daya dan Jasa|00||0|0
2026|01|613764|015|08|WA|4715|EBA|14|51|2|994|002| C|Pelaksanaan Operasional Kantor|00||0|0
2026|01|613764|015|08|WA|4715|EBA|14|51|2|994|002| D|Pemeliharaan Peralatan dan Mesin|00||0|0
2026|01|613764|015|08|WA|4715|EBA|14|51|2|994|002| G|Pemeliharaan Gedung dan Bangunan|00||0|0
2026|01|613764|015|08|WA|4715|EBA|14|51|2|994|002|HB|Dukungan Tusi - Reviu Belanja Pemerintah|00||0|0
2026|01|613764|015|08|WA|4715|EBA|14|51|2|994|002|HC|Dukungan Tusi - Government Financial Statistic (GFS)|00||0|0
2026|01|613764|015|08|WA|4715|EBA|14|51|2|994|002|HD|Dukungan Tusi - Rekomendasi Pengelolaan Organisasi|00||0|0
2026|01|613764|015|08|WA|4715|EBA|14|51|2|994|002|HH|Dukungan Pelaksanaan Tusi Prioritas Direktif Presiden |00||0|0
2026|01|613764|015|08|WA|4715|EBD|14|51|2|Z36|100| A|TANPA SUB KOMPONEN|00||0|0
2026|01|613764|015|08|WA|4715|EBD|14|51|2|Z26|100| A|Rakor Penyusunan Laporan Keuangan Tingkat UAPPAW|00||0|0
2026|01|613764|015|08|WA|4718|BMB|14|51|2|001|100| A|TANPA SUB KOMPONEN|00||0|0
2026|01|613764|015|08|WA|4718|BMB|14|51|2|002|100| A|TANPA SUB KOMPONEN|00||0|0
2026|01|613764|015|08|WA|4719|EBA|14|51|2|994|001| A|TANPA SUB KOMPONEN|00||0|0
2026|01|613764|015|08|WA|4719|EBA|14|51|2|003|100| B|Koordinasi Inovasi layanan|00||0|0
2026|01|613764|015|08|WA|4719|EBC|14|51|2|001|100|XC|Penyelenggaraan Capacity Building|00||0|0
2026|01|613764|015|08|WA|4722|EBD|14|51|2|001|100| A|Pelaksanaan Manajemen Resiko dan Kepatuhan Internal|00||0|0
2026|01|613743|015|08|CD|6212|BMB|10|51|2|001|100| A|Profiling UMKM|00||0|0
2026|01|613743|015|08|CD|6212|BMB|10|51|2|001|100| B|Pemberdayaan UMKM  SosialisasiBimtekAsistensi dan BazarPojokRumah UMKM|00||0|0
2026|01|613743|015|08|CD|6212|BMB|10|51|2|001|100| C|Monitoring dan Evaluasi|00||0|0
2026|01|613743|015|08|CD|6212|BMB|10|51|2|001|100| D|Komunikasi Publik  BazarPojokRumah UMKM|00||0|0
2026|01|613743|015|08|CD|6212|FAC|10|51|2|002|100| A|Pembinaan Satker BLU|00||0|0
2026|01|613743|015|08|CD|6212|FAC|10|51|2|002|100| B|Asistensi  Pembinaan Pengelolaan Keuangan BLU Daerah|00||0|0
2026|01|613743|015|08|CD|6212|FAH|10|51|2|003|100| A|Pendampingan Penyusunan dan Penyelesaian Permasalahan Laporan Keuangan UAPPAW dan BLU|00||0|0
2026|01|613743|015|08|CD|6212|FAH|10|51|2|003|100| B|Sosialisasi dan Bimbingan Teknis UAPPAW|00||0|0
2026|01|613743|015|08|CD|6212|FAH|10|51|2|002|100| A|Forum Koordinasi dan Rekonsiliasi Data dengan Bank Indonesia|00||0|0
2026|01|613743|015|08|CD|6212|FAH|10|51|2|002|100| B|Pembinaan SAP pada Pemerintah Daerah|00||0|0
2026|01|613743|015|08|CD|6212|FAH|10|51|2|002|100| C|SosialisasiBimtekWorkshopFGD dengan Pemda|00||0|0
2026|01|613743|015|08|CD|6212|FAL|10|51|2|001|100| A|Sosialisasi PeraturanKebijakan Pelaksanaan Anggaran|00||0|0
2026|01|613743|015|08|CD|6212|FAL|10|51|2|001|100| B|Pengkoordinasian Kerjasama Ekonomi dan Keuangan Daerah|00||0|0
2026|01|613743|015|08|CD|6212|FAL|10|51|2|001|100| C|Pembinaan dan Bimtek Pengelolaan Keuangan Daerah|00||0|0
2026|01|613743|015|08|CD|6212|FAL|10|51|2|001|100| D|Penyerahan DIPA|00||0|0
2026|01|613743|015|08|CD|6213|ABA|10|51|2|001|100| A|Penyusunan Analisis Potensi Pembiayaan dan Pelaksanaan MoU DJPb dan PT SMI di Daerah|00||0|0
2026|01|613743|015|08|CD|6213|FAE|10|51|2|008|100| A|Koordinasi Pelaksanaan Tugas RCE  ALCo|00||0|0
2026|01|613743|015|08|CD|6213|FAE|10|51|2|009|100| B|Monitoring dan Evaluasi KURPenerusan Pinjaman|00||0|0
2026|01|613743|015|08|CD|6213|FAL|10|51|2|003|100| A|Pelaksanaan Spending Review|00||0|0
2026|01|613743|015|08|CD|6213|FAL|10|51|2|003|100| C|Review Pelaksanaan Anggaran|00||0|0
2026|01|613743|015|08|CD|6213|FAL|10|51|2|003|100| E|Pengumpulan InformasiPenajaman Data Fiskal RegionalPenyusunan KFR|00||0|0
2026|01|613743|015|08|CD|6213|FAL|10|51|2|003|100| F|Publikasi Kajian Fiskal Regional (Full Cost)|00||0|0
2026|01|613743|015|08|CD|6213|FAL|10|51|2|003|100| G|Pengumpulan Konfirmasi Informasi Pengelolaan Keuangan Daerah dan Penyusunan Profil Keuangan Daerah|00||0|0
2026|01|613743|015|08|CD|6213|FAL|10|51|2|003|100| H|Monitoring atas Dana Transfer dan Dana Desa|00||0|0
2026|01|613743|015|08|CD|6215|FAH|10|51|2|003|100| B|Koordinasi UAKBUND (KPPN) (Cross Program)|00||0|0
2026|01|613743|015|08|CD|6215|FAH|10|51|2|001|100| A|Koordinasi Laporan Keuangan Pemerintah Daerah danatau BLUD|00||0|0
2026|01|613743|015|08|CD|6215|FAH|10|51|2|001|100| B|Penyusunan Laporan Statistik Keuangan Pemerintah Tingkat Wilayah|00||0|0
2026|01|613743|015|08|CD|6216|FAE|10|51|2|002|100| A|Pelaksanaan Survei Bahan Sumbangan Standar Biaya Masukan|00||0|0
2026|01|613743|015|08|WA|4715|EBA|10|51|2|001|100| A|TANPA SUB KOMPONEN|00||0|0
2026|01|613743|015|08|WA|4715|EBA|10|51|2|001|100| B|Koordinasi Penyusunan ATK PU|00||0|0
2026|01|613743|015|08|WA|4715|EBA|10|51|2|002|100| A|TANPA SUB KOMPONEN|00||0|0
2026|01|613743|015|08|WA|4715|EBA|10|51|2|994|002| A|Keperluan Seharihari Perkantoran|00||0|0
2026|01|613743|015|08|WA|4715|EBA|10|51|2|994|002| B|Langganan Daya dan Jasa|00||0|0
2026|01|613743|015|08|WA|4715|EBA|10|51|2|994|002| C|Pelaksanaan Operasional Kantor|00||0|0
2026|01|613743|015|08|WA|4715|EBA|10|51|2|994|002| D|Pemeliharaan Peralatan dan Mesin|00||0|0
2026|01|613743|015|08|WA|4715|EBA|10|51|2|994|002| G|Pemeliharaan Gedung dan Bangunan|00||0|0
2026|01|613743|015|08|WA|4715|EBA|10|51|2|994|002|HB|Dukungan Tusi-Reviu Belanja Pemerintah|00||0|0
2026|01|613743|015|08|WA|4715|EBA|10|51|2|994|002|HC|Dukungan Tusi-Government Financial Statistic (GFS)|00||0|0
2026|01|613743|015|08|WA|4715|EBA|10|51|2|994|002|HD|Dukungan Tusi-Rekomendasi Pengelolaan Organisasi|00||0|0
2026|01|613743|015|08|WA|4715|EBA|10|51|2|994|002|HH|Dukungan Pelaksaan Tusi Prioritas Direktif Presiden |00||0|0
2026|01|613743|015|08|WA|4715|EBA|10|51|2|994|002|TJ|Jasa PemeliharaanAnnual Technical Support (ATS)|00||0|0
2026|01|613743|015|08|WA|4715|EBD|10|51|2|Z36|100| A|TANPA SUB KOMPONEN|00||0|0
2026|01|613743|015|08|WA|4715|EBD|10|51|2|Z26|100| A|Rakor Penyusunan Laporan Keuangan Tingkat UAPPAW (Full Cost)|00||0|0
2026|01|613743|015|08|WA|4718|BMB|10|51|2|002|100| A|TANPA SUB KOMPONEN|00||0|0
2026|01|613743|015|08|WA|4718|BMB|10|51|2|001|100| A|TANPA SUB KOMPONEN|00||0|0
2026|01|613743|015|08|WA|4719|EBA|10|51|2|003|100| A|Pelaksanaan Supervisi Proses Bisnis KPPN|00||0|0
2026|01|613743|015|08|WA|4719|EBA|10|51|2|003|100| B|Koordinasi Inovasi layanan|00||0|0
2026|01|613743|015|08|WA|4719|EBA|10|51|2|994|001| A|TANPA SUB KOMPONEN|00||0|0
2026|01|613743|015|08|WA|4719|EBA|10|51|2|005|100| A|Monitoring dan Evaluasi Implementasi ISO|00||0|0
2026|01|613743|015|08|WA|4719|EBA|10|51|2|005|100| B|Pelaksanaan Supervisi Teknis Aplikasi|00||0|0
2026|01|613743|015|08|WA|4719|EBC|10|51|2|001|100|XC|Penyelenggaraan Capacity Building|00||0|0
2026|01|613743|015|08|WA|4722|EBD|10|51|2|001|100| A|Pelaksanaan Manajemen Resiko dan Kepatuhan Internal|00||0|0
2026|01|613743|015|08|WA|4722|EBD|10|51|2|001|100| B|Pemantauan Kode Etik dan Kepatuhan Pegawai|00||0|0
2026|01|613771|015|08|CD|6212|BMB|16|51|2|001|100| A|Profiling UMKM|00||0|0
2026|01|613771|015|08|CD|6212|BMB|16|51|2|001|100| B|Pemberdayaan UMKM  SosialisasiBimtekAsistensi dan BazarPojokRumah UMKM|00||0|0
2026|01|613771|015|08|CD|6212|BMB|16|51|2|001|100| C|Monitoring dan Evaluasi|00||0|0
2026|01|613771|015|08|CD|6212|BMB|16|51|2|001|100| D|Komunikasi Publik  BazarPojokRumah UMKM|00||0|0
2026|01|613771|015|08|CD|6212|FAC|16|51|2|002|100| A|Pembinaan Satker BLU|00||0|0
2026|01|613771|015|08|CD|6212|FAH|16|51|2|002|100| A|Forum Koordinasi dan Rekonsiliasi Data dengan Bank Indonesia|00||0|0
2026|01|613771|015|08|CD|6212|FAH|16|51|2|002|100| B|Pembinaan SAP pada Pemerintah Daerah|00||0|0
2026|01|613771|015|08|CD|6212|FAH|16|51|2|002|100| C|SosialisasiBimtekWorkshopFGD dengan PEMDA|00||0|0
2026|01|613771|015|08|CD|6212|FAH|16|51|2|003|100| A|Pendampingan Penyusunan dan Penyelesaian Permasalahan Laporang Keuangan UAPPAW|00||0|0
2026|01|613771|015|08|CD|6212|FAL|16|51|2|001|100| A|Sosialisasi PeraturanKebijakan Pelaksanaan Anggaran|00||0|0
2026|01|613771|015|08|CD|6212|FAL|16|51|2|001|100| B|Pengkoordinasian Kerjasama Ekonomi dan Keuangan Daerah|00||0|0
2026|01|613771|015|08|CD|6212|FAL|16|51|2|001|100| D|Penyerahan DIPA|00||0|0
2026|01|613771|015|08|CD|6213|ABA|16|51|2|001|100| A|Penyusunan Analisis Potensi Pembiayaan dan Pelaksanaan MoU DJPb dan PT SMI di Daerah|00||0|0
2026|01|613771|015|08|CD|6213|FAE|16|51|2|009|100| B|Monitoring dan  Evaluasi KURPenerusan Pinjaman|00||0|0
2026|01|613771|015|08|CD|6213|FAE|16|51|2|009|100| D|FGD Analisa Fasilitas Likuiditas Pembiayaan Perumahan (FLPP)|00||0|0
2026|01|613771|015|08|CD|6213|FAE|16|51|2|008|100| A|Koordinasi Pelaksanaan Tugas RCE  ALCo|00||0|0
2026|01|613771|015|08|CD|6213|FAL|16|51|2|003|100| A|Pelaksanaan Spending Review|00||0|0
2026|01|613771|015|08|CD|6213|FAL|16|51|2|003|100| C|Review Pelaksanaan Anggaran|00||0|0
2026|01|613771|015|08|CD|6213|FAL|16|51|2|003|100| D|Monitoring dan Evaluasi Pelaksanaan Anggaran|00||0|0
2026|01|613771|015|08|CD|6213|FAL|16|51|2|003|100| E|Pengumpulan InformasiPenajaman Data Fiskal RegionalPenyusunan KFR|00||0|0
2026|01|613771|015|08|CD|6213|FAL|16|51|2|003|100| F|Publikasi Kajian Fiskal Regional (Full Cost)|00||0|0
2026|01|613771|015|08|CD|6213|FAL|16|51|2|003|100| G|Pengumpulan Konfirmasi Informasi Pengelolaan Keuangan Daerah dan Penyusunan Profil Keuangan Daerah|00||0|0
2026|01|613771|015|08|CD|6213|FAL|16|51|2|003|100| H|Monitoring atas Dana Transfer dan Dana Desa|00||0|0
2026|01|613771|015|08|CD|6215|FAH|16|51|2|003|100| A|Pembinaan UAKBUN D (KPPN)|00||0|0
2026|01|613771|015|08|CD|6215|FAH|16|51|2|003|100| B|Koordinasi UAKBUDD (KPPN)|00||0|0
2026|01|613771|015|08|CD|6215|FAH|16|51|2|001|100| A|Koordinasi Laporan Keuangan Pemerintah Daerah danatau BLUD|00||0|0
2026|01|613771|015|08|CD|6215|FAH|16|51|2|001|100| B|Penyusunan Laporan Statistik Keuangan Pemerintah Tingkat Wilayah|00||0|0
2026|01|613771|015|08|CD|6216|FAE|16|51|2|002|100| A|Pelaksanaan Survei Bahan Sumbangan Standar Biaya Masukan|00||0|0
2026|01|613771|015|08|WA|4715|EBA|16|51|2|001|100| A|TANPA SUB KOMPONEN|00||0|0
2026|01|613771|015|08|WA|4715|EBA|16|51|2|001|100| B|Koordinasi Penyusunan ATK PU|00||0|0
2026|01|613771|015|08|WA|4715|EBA|16|51|2|002|100| A|TANPA SUB KOMPONEN|00||0|0
2026|01|613771|015|08|WA|4715|EBA|16|51|2|994|002| A|Keperluan Seharihari Perkantoran|00||0|0
2026|01|613771|015|08|WA|4715|EBA|16|51|2|994|002| B|Langganan Daya dan Jasa|00||0|0
2026|01|613771|015|08|WA|4715|EBA|16|51|2|994|002| C|Pelaksanaan Operasional Kantor|00||0|0
2026|01|613771|015|08|WA|4715|EBA|16|51|2|994|002| D|Pemeliharaan Peralatan dan Mesin|00||0|0
2026|01|613771|015|08|WA|4715|EBA|16|51|2|994|002| G|Pemeliharaan Gedung dan Bangunan|00||0|0
2026|01|613771|015|08|WA|4715|EBA|16|51|2|994|002|HB|Dukungan Tusi - Reviu Belanja Pemerintah|00||0|0
2026|01|613771|015|08|WA|4715|EBA|16|51|2|994|002|HC|Dukungan Tusi - Government Financial Statistic (GFS)|00||0|0
2026|01|613771|015|08|WA|4715|EBA|16|51|2|994|002|HD|Dukungan Tusi - Rekomendasi Pengelolaan Organisasi|00||0|0
2026|01|613771|015|08|WA|4715|EBA|16|51|2|994|002|HH|Dukungan Pelaksanaan Tusi Prioritas Direktif Presiden|00||0|0
2026|01|613771|015|08|WA|4715|EBA|16|51|2|994|002|TJ|Jasa PemeliharaanAnnual Technical Support (ATS)|00||0|0
2026|01|613771|015|08|WA|4715|EBD|16|51|2|Z36|100| A|TANPA SUB KOMPONEN|00||0|0
2026|01|613771|015|08|WA|4715|EBD|16|51|2|Z26|100| A|Rakor Penyusunan Laporan Keuangan Tingkat UAPPAW|00||0|0
2026|01|613771|015|08|WA|4718|BMB|16|51|2|002|100| A|TANPA SUB KOMPONEN|00||0|0
2026|01|613771|015|08|WA|4718|BMB|16|51|2|001|100| A|TANPA SUB KOMPONEN|00||0|0
2026|01|613771|015|08|WA|4719|EBA|16|51|2|003|100| A|Pelaksanaan Supervisi Proses Bisnis KPPN|00||0|0
2026|01|613771|015|08|WA|4719|EBA|16|51|2|003|100| B|Koordinasi Inovasi Layanan|00||0|0
2026|01|613771|015|08|WA|4719|EBA|16|51|2|994|001| A|TANPA SUB KOMPONEN|00||0|0
2026|01|613771|015|08|WA|4719|EBA|16|51|2|005|100| A|Monitoring dan Evaluasi Implementasi ISO|00||0|0
2026|01|613771|015|08|WA|4719|EBA|16|51|2|005|100| B|Pelaksanaan Supervisi Teknis Aplikasi|00||0|0
2026|01|613771|015|08|WA|4719|EBC|16|51|2|001|100|XC|Penyelenggaraan Capacity Building|00||0|0
2026|01|613771|015|08|WA|4722|EBD|16|51|2|001|100| A|Pelaksanaan Manajemen Resiko dan Kepatuhan Internal|00||0|0
2026|01|613771|015|08|WA|4722|EBD|16|51|2|001|100| B|Pemantauan Kode Etik dan Kepatuhan Pegawai|00||0|0
2026|01|613771|015|08|WA|4715|EBB|16|51|2|002|100| A|TANPA SUB KOMPONEN|00||0|0
2026|01|613785|015|08|CD|6212|BMB|23|51|2|001|100| A|Profiling UMKM|00||0|0
2026|01|613785|015|08|CD|6212|BMB|23|51|2|001|100| B|Pemberdayaan UMKM  SosialisasiBimtekAsistensi dan BazarPojokRumah UMKM|00||0|0
2026|01|613785|015|08|CD|6212|BMB|23|51|2|001|100| C|Monitoring dan Evaluasi|00||0|0
2026|01|613785|015|08|CD|6212|BMB|23|51|2|001|100| D|Komunikasi Publik  BazarPojokRumah UMKM|00||0|0
2026|01|613785|015|08|CD|6212|FAC|23|51|2|002|100| A|Pembinaan Satker BLU|00||0|0
2026|01|613785|015|08|CD|6212|FAC|23|51|2|002|100| B|Asistensi  Pembinaan Pengelolaan Keuangan BLU Daerah|00||0|0
2026|01|613785|015|08|CD|6212|FAH|23|51|2|003|100| A|Pendampingan Penyusunan dan Penyelesaian Permasalahan Laporan Keuangan UAPPAW dan BLU|00||0|0
2026|01|613785|015|08|CD|6212|FAH|23|51|2|002|100| A|Forum Koordinasi dan Rekonsiliasi Data dengan Bank Indonesia|00||0|0
2026|01|613785|015|08|CD|6212|FAH|23|51|2|002|100| B|Pembinaan SAP pada Pemerintah Daerah|00||0|0
2026|01|613785|015|08|CD|6212|FAH|23|51|2|002|100| C|SosialisasiBimtekWorkshopFGD dengan Pemda|00||0|0
2026|01|613785|015|08|CD|6212|FAL|23|51|2|001|100| A|Sosialisasi PeraturanKebijakan Pelaksanaan Anggaran|00||0|0
2026|01|613785|015|08|CD|6212|FAL|23|51|2|001|100| B|Pengkoordinasian Kerjasama Ekonomi dan Keuangan Daerah|00||0|0
2026|01|613785|015|08|CD|6212|FAL|23|51|2|001|100| D|Penyerahan DIPA|00||0|0
2026|01|613785|015|08|CD|6213|ABA|23|51|2|001|100| A|Penyusunan Analisis Potensi Pembiayaan dan Pelaksanaan MoU DJPb dan PT SMI di Daerah|00||0|0
2026|01|613785|015|08|CD|6213|FAE|23|51|2|009|100| B|Monitoring dan  Evaluasi KUR/Penerusan Pinjaman|00||0|0
2026|01|613785|015|08|CD|6213|FAE|23|51|2|008|100| A|Koordinasi Pelaksanaan Tugas RCE  ALCo|00||0|0
2026|01|613785|015|08|CD|6213|FAL|23|51|2|003|100| A|Pelaksanaan Spending Review|00||0|0
2026|01|613785|015|08|CD|6213|FAL|23|51|2|003|100| C|Review Pelaksanaan Anggaran|00||0|0
2026|01|613785|015|08|CD|6213|FAL|23|51|2|003|100| E|Pengumpulan InformasiPenajaman Data Fiskal RegionalPenyusunan KFR|00||0|0
2026|01|613785|015|08|CD|6213|FAL|23|51|2|003|100| F|Publikasi Kajian Fiskal Regional|00||0|0
2026|01|613785|015|08|CD|6213|FAL|23|51|2|003|100| G|Pengumpulan Konfirmasi Informasi Pengelolaan Keuangan Daerah dan Penyusunan Profil Keuangan Daerah|00||0|0
2026|01|613785|015|08|CD|6215|FAH|23|51|2|003|100| B|Koordinasi UAKBUND (KPPN)|00||0|0
2026|01|613785|015|08|CD|6215|FAH|23|51|2|001|100| B|Penyusunan Laporan Statistik Keuangan Pemerintah Tingkat Wilayah|00||0|0
2026|01|613785|015|08|WA|4715|EBA|23|51|2|001|100| A|TANPA SUB KOMPONEN|00||0|0
2026|01|613785|015|08|WA|4715|EBA|23|51|2|001|100| B|Koordinasi Penyusunan ATK PU|00||0|0
2026|01|613785|015|08|WA|4715|EBA|23|51|2|002|100| A|TANPA SUB KOMPONEN|00||0|0
2026|01|613785|015|08|WA|4715|EBA|23|51|2|994|002| A|Keperluan Seharihari Perkantoran|00||0|0
2026|01|613785|015|08|WA|4715|EBA|23|51|2|994|002| B|Langganan Daya dan Jasa|00||0|0
2026|01|613785|015|08|WA|4715|EBA|23|51|2|994|002| C|Pelaksanaan Operasional Kantor|00||0|0
2026|01|613785|015|08|WA|4715|EBA|23|51|2|994|002| D|Pemeliharaan Peralatan dan Mesin|00||0|0
2026|01|613785|015|08|WA|4715|EBA|23|51|2|994|002| E|Pemeliharaan Gedung dan Bangunan|00||0|0
2026|01|613785|015|08|WA|4715|EBA|23|51|2|994|002|HB|Dukungan Tusi - Reviu Belanja Pemerintah|00||0|0
2026|01|613785|015|08|WA|4715|EBA|23|51|2|994|002|HC|Dukungan Tusi - Government Financial Statistic (GFS)|00||0|0
2026|01|613785|015|08|WA|4715|EBA|23|51|2|994|002|HD|Dukungan Tusi - Rekomendasi Pengelolaan Organisasi|00||0|0
2026|01|613785|015|08|WA|4715|EBA|23|51|2|994|002|HH|Dukungan Pelaksanaan Tusi Prioritas Direktif Presiden|00||0|0
2026|01|613785|015|08|WA|4715|EBA|23|51|2|994|002|TJ|Jasa PemeliharaanAnnual Technical Support (ATS)|00||0|0
2026|01|613785|015|08|WA|4715|EBD|23|51|2|Z36|100| A|TANPA SUB KOMPONEN|00||0|0
2026|01|613785|015|08|WA|4715|EBD|23|51|2|Z26|100| A|Rakor Penyusunan Laporan Keuangan Tingkat UAPPAW|00||0|0
2026|01|613785|015|08|WA|4718|BMB|23|51|2|002|100| A|TANPA SUB KOMPONEN|00||0|0
2026|01|613785|015|08|WA|4718|BMB|23|51|2|001|100| A|TANPA SUB KOMPONEN|00||0|0
2026|01|613785|015|08|WA|4719|EBA|23|51|2|994|001| A|TANPA SUB KOMPONEN|00||0|0
2026|01|613785|015|08|WA|4719|EBA|23|51|2|003|100| B|Koordinasi Inovasi layanan|00||0|0
2026|01|613785|015|08|WA|4719|EBC|23|51|2|001|100|XC|Penyelenggaraan Capacity Building|00||0|0
2026|01|613785|015|08|WA|4722|EBD|23|51|2|001|100| A|Pelaksanaan Manajemen Resiko dan Kepatuhan Internal|00||0|0
2026|01|613785|015|08|WA|4722|EBD|23|51|2|001|100| B|Pemantauan Kode Etik dan Kepatuhan Pegawai|00||0|0
2026|01|613832|015|08|CD|6212|BMB|25|12|2|001|100| A|Profilling UMKM|00||0|0
2026|01|613832|015|08|CD|6212|FAC|25|12|2|001|100| A|Training Modul Aplikasi SAKTI|00||0|0
2026|01|613832|015|08|CD|6212|FAC|25|12|2|001|100| B|FGD dan Bimtek Transfer Keuangan Daerah|00||0|0
2026|01|613832|015|08|CD|6212|FAH|25|12|2|001|100| A|TANPA SUB KOMPONEN|00||0|0
2026|01|613832|015|08|CD|6212|FAL|25|12|2|004|100| A|KONSULTASI|00||0|0
2026|01|613832|015|08|CD|6212|FAL|25|12|2|004|100| B|Sosialisasi dan Bimbingan Teknis|00||0|0
2026|01|613832|015|08|CD|6212|FAL|25|12|2|004|100| D|Pembinaan Pemda, TKD, dan Penandatanganan BAR|00||0|0
2026|01|613832|015|08|CD|6213|FAC|25|12|2|001|100| A|Pembinaan Jabatan Fungsional Perbendaharaan|00||0|0
2026|01|613832|015|08|CD|6213|FAE|25|12|2|009|100| A|Monev Penyaluran Pembiayaan Ultra Mikro|00||0|0
2026|01|613832|015|08|CD|6213|FAL|25|12|2|003|100| A|Monev Pelaksanaan Anggaran|00||0|0
2026|01|613832|015|08|CD|6214|FAL|25|12|2|002|100| A|Pelaksanaan PencairanPenarikanPengesahan Dana|00||0|0
2026|01|613832|015|08|CD|6214|FAL|25|12|2|002|100| B|PenerbitanPersetujuanRekonsiliasi RekeningSKPPKonfirmasi Penerimaan Negara, dll|00||0|0
2026|01|613832|015|08|CD|6215|FAH|25|12|2|003|100| A|Penyusunan Laporan Keuangan Tingkat Kuasa BUN di Daerah|00||0|0
2026|01|613832|015|08|WA|4715|EBA|25|12|2|001|100| A|TANPA SUB KOMPONEN|00||0|0
2026|01|613832|015|08|WA|4715|EBA|25|12|2|002|100| A|TANPA SUB KOMPONEN|00||0|0
2026|01|613832|015|08|WA|4715|EBA|25|12|2|994|002| A|Keperluan Seharihari Perkantoran|00||0|0
2026|01|613832|015|08|WA|4715|EBA|25|12|2|994|002| B|Langganan Daya dan Jasa|00||0|0
2026|01|613832|015|08|WA|4715|EBA|25|12|2|994|002| C|Pelaksanaan Operasional Kantor|00||0|0
2026|01|613832|015|08|WA|4715|EBA|25|12|2|994|002| D|Pemeliharaan Peralatan dan Mesin|00||0|0
2026|01|613832|015|08|WA|4715|EBA|25|12|2|994|002| E|Pemeliharaan Gedung dan Bangunan|00||0|0
2026|01|613832|015|08|WA|4715|EBA|25|12|2|994|002|HA|Dukungan Tusi - Konsultasi Pencairan Dana|00||0|0
2026|01|613832|015|08|WA|4715|EBA|25|12|2|994|002|HB|Dukungan Tusi - Reviu Belanja Pemerintah|00||0|0
2026|01|613832|015|08|WA|4715|EBA|25|12|2|994|002|TJ|Jasa PemeliharaanAnnual Technical Support (ATS)|00||0|0
2026|01|613832|015|08|WA|4715|EBB|25|12|2|002|100| A|TANPA SUB KOMPONEN|00||0|0
2026|01|613832|015|08|WA|4715|EBB|25|12|2|004|100|RC|Rekonstruksi Rumah Dinas|00||0|0
2026|01|613832|015|08|WA|4715|EBD|25|12|2|Z36|100| B|Pelaksanaan Manajemen Kinerja, Resiko dan Kepatuhan Internal|00||0|0
2026|01|613832|015|08|WA|4718|BMB|25|12|2|001|100| A|TANPA SUB KOMPONEN|00||0|0
2026|01|613832|015|08|WA|4718|BMB|25|12|2|002|100| A|TANPA SUB KOMPONEN|00||0|0
2026|01|613832|015|08|WA|4719|EBA|25|12|2|004|100| A|Survey Kepuasan Pengguna Layanan|00||0|0
2026|01|613832|015|08|WA|4719|EBA|25|12|2|994|001| A|TANPA SUB KOMPONEN|00||0|0
2026|01|613832|015|08|WA|4719|EBC|25|12|2|001|100| A|Peningkatan Kapasitas SDM|00||0|0
2026|01|613792|015|08|CD|6213|ABA|20|51|2|001|100| A|Penyusunan Analisis Potensi Pembiayaan dan Pelaksanaan MoU DJPb dan PT SMI di Daerah|00||0|0
2026|01|613792|015|08|CD|6213|FAE|20|51|2|008|100| A|Koordinasi Pelaksanaan Tugas RCE  ALCo|00||0|0
2026|01|613792|015|08|CD|6213|FAE|20|51|2|009|100| D|FGD Analisa Fasilitas Likuiditas Pembiayan Perumahan (FLPP)|00||0|0
2026|01|613792|015|08|CD|6213|FAL|20|51|2|003|100| A|Pelaksanaan Spending Review|00||0|0
2026|01|613792|015|08|CD|6213|FAL|20|51|2|003|100| C|Review Pelaksanaan Anggaran|00||0|0
2026|01|613792|015|08|CD|6213|FAL|20|51|2|003|100| D|Monitoring dan Evaluasi Pelaksanaan Anggaran|00||0|0
2026|01|613792|015|08|CD|6213|FAL|20|51|2|003|100| E|Pengumpulan InformasiPenajaman Data Fiskal RegionalPenyusunan KFR|00||0|0
2026|01|613792|015|08|CD|6213|FAL|20|51|2|003|100| F|Publikasi Kajian Fiskal Regional (Full Cost)|00||0|0
2026|01|613792|015|08|CD|6213|FAL|20|51|2|003|100| G|Pengumpulan Konfirmasi Informasi Pengelolaan Keuangan Daerah dan Penyusunan Profil Keuangan Daerah|00||0|0
2026|01|613792|015|08|CD|6213|FAL|20|51|2|003|100| H|Monitoring atas Dana Transfer dan Dana Desa|00||0|0
2026|01|613792|015|08|CD|6215|FAH|20|51|2|001|100| A|Koordinasi Laporan Keuangan Pemerintah Daerah danatau BLUD|00||0|0
2026|01|613792|015|08|CD|6215|FAH|20|51|2|001|100| B|Penyusunan Laporan Statistik Keuangan Pemerintah Tingkat Wilayah|00||0|0
2026|01|613792|015|08|CD|6215|FAH|20|51|2|003|100| B|Koordinasi UAKBUND (KPPN) (Cross Program)|00||0|0
2026|01|613792|015|08|WA|4715|EBA|20|51|2|001|100| A|TANPA SUB KOMPONEN|00||0|0
2026|01|613792|015|08|WA|4715|EBA|20|51|2|001|100| B|Koordinasi Penyusunan ATK PU|00||0|0
2026|01|613792|015|08|WA|4715|EBA|20|51|2|002|100| A|TANPA SUB KOMPONEN|00||0|0
2026|01|613792|015|08|WA|4715|EBA|20|51|2|994|002| A|Keperluan Seharihari Perkantoran|00||0|0
2026|01|613792|015|08|WA|4715|EBA|20|51|2|994|002| B|Langganan Daya dan Jasa|00||0|0
2026|01|613792|015|08|WA|4715|EBA|20|51|2|994|002| C|Pelaksanaan Operasional Kantor|00||0|0
2026|01|613792|015|08|WA|4715|EBA|20|51|2|994|002| D|Pemeliharaan Peralatan dan Mesin|00||0|0
2026|01|613792|015|08|WA|4715|EBA|20|51|2|994|002| G|Pemeliharaan Gedung dan Bangunan|00||0|0
2026|01|613792|015|08|WA|4715|EBA|20|51|2|994|002|HB|Dukungan Tusi - Reviu Belanja Pemerintah|00||0|0
2026|01|613792|015|08|WA|4715|EBA|20|51|2|994|002|HC|Dukungan Tusi - Government Financial Statistic (GFS)|00||0|0
2026|01|613792|015|08|WA|4715|EBA|20|51|2|994|002|HD|Dukungan Tusi - Rekomendasi Pengelolaan Organisasi|00||0|0
2026|01|613792|015|08|WA|4715|EBA|20|51|2|994|002|HH|Dukungan Pelaksaan Tusi Prioritas Direktif Presiden |00||0|0
2026|01|613792|015|08|WA|4715|EBA|20|51|2|994|002|TJ|Jasa Pemeliharaan Annual Technical Support (ATS)|00||0|0
2026|01|613792|015|08|CD|6212|BMB|20|51|2|001|100| C|Monitoring dan Evaluasi|00||0|0
2026|01|613792|015|08|CD|6212|BMB|20|51|2|001|100| D|Komunikasi PublikBazarPojokRumah UMKM|00||0|0
2026|01|613792|015|08|CD|6212|FAC|20|51|2|002|100| A|Pembinaan Satker BLU|00||0|0
2026|01|613792|015|08|CD|6212|FAC|20|51|2|002|100| B|Asistensi / Pembinaan Pengelolaan Keuangan BLU Daerah|00||0|0
2026|01|613792|015|08|CD|6212|FAH|20|51|2|002|100| A|Forum Koordinasi dan Rekonsiliasi Data dengan Bank Indonesia|00||0|0
2026|01|613792|015|08|CD|6212|FAH|20|51|2|002|100| C|SosialisasiBimtekWorkshopFGD dengan Pemda|00||0|0
2026|01|613792|015|08|CD|6212|FAH|20|51|2|003|100| A|Pendampingan Penyusunan dan Penyelesaian Permasalahan Laporan Keuangan UAPPAW dan BLU|00||0|0
2026|01|613792|015|08|CD|6212|FAH|20|51|2|003|100| B|Sosialisasi dan Bimbingan Teknis UAPPAW|00||0|0
2026|01|613792|015|08|CD|6212|FAL|20|51|2|001|100| A|Sosialisasi PeraturanKebijakan Pelaksanaan Anggaran|00||0|0
2026|01|613792|015|08|CD|6212|FAL|20|51|2|001|100| B|Pengkoordinasian Kerjasama Ekonomi dan Keuangan Daerah|00||0|0
2026|01|613792|015|08|CD|6212|FAL|20|51|2|001|100| D|Penyerahan DIPA|00||0|0
2026|01|613792|015|08|WA|4715|EBB|20|51|2|004|100| A|TANPA SUB KOMPONEN|00||0|0
2026|01|613792|015|08|WA|4715|EBD|20|51|2|Z26|100| A|Rakor Penyusunan Laporan Keuangan Tingkat UAPPAW (Fullcost)|00||0|0
2026|01|613792|015|08|WA|4715|EBD|20|51|2|Z36|100| A|TANPA SUB KOMPONEN|00||0|0
2026|01|613792|015|08|WA|4718|BMB|20|51|2|001|100| A|TANPA SUB KOMPONEN|00||0|0
2026|01|613792|015|08|WA|4718|BMB|20|51|2|002|100| A|TANPA SUB KOMPONEN|00||0|0
2026|01|613792|015|08|WA|4719|EBA|20|51|2|003|100| A|Pelaksanaan Supervisi Proses Bisnis KPPN|00||0|0
2026|01|613792|015|08|WA|4719|EBA|20|51|2|003|100| B|Koordinasi Inovasi Layanan|00||0|0
2026|01|613792|015|08|WA|4719|EBA|20|51|2|994|001| A|TANPA SUB KOMPONEN|00||0|0
2026|01|613792|015|08|WA|4719|EBC|20|51|2|001|100|XC|Penyelenggaraan Capacity Building|00||0|0
2026|01|613792|015|08|WA|4722|EBD|20|51|2|001|100| A|Pelaksanaan Manajemen Resiko dan Kepatuhan Internal|00||0|0
2026|01|613807|015|08|CD|6212|BMB|18|51|2|001|100| B|Pemberdayaan UMKM  SosialisasiBimtekAsistensi dan BazarPojokRumah UMKM|00||0|0
2026|01|613807|015|08|CD|6212|BMB|18|51|2|001|100| C|Monitoring dan Evaluasi|00||0|0
2026|01|613807|015|08|CD|6212|BMB|18|51|2|001|100| D|Komunikasi Publik  BazarPojokRumah UMKM|00||0|0
2026|01|613807|015|08|CD|6212|FAC|18|51|2|002|100| B|AsistensiPembinaan Pengelolaan Keuangan BLU Daerah|00||0|0
2026|01|613807|015|08|CD|6212|FAH|18|51|2|003|100| A|Pendampingan Penyusunan dan Penyelesaian Permasalahan Laporan Keuangan UAPPAW dan BLU|00||0|0
2026|01|613807|015|08|CD|6212|FAH|18|51|2|003|100| B|Sosialisasi dan Bimbingan Teknis UAPPAW|00||0|0
2026|01|613807|015|08|CD|6212|FAH|18|51|2|002|100| A|Forum Koordinasi dan Rekonsiliasi Data dengan Bank Indonesia|00||0|0
2026|01|613807|015|08|CD|6212|FAH|18|51|2|002|100| B|Pembinaan SAP pada Pemerintah Daerah|00||0|0
2026|01|613807|015|08|CD|6212|FAH|18|51|2|002|100| C|SosialisasiBimtekWorkshopFGD dengan Pemda|00||0|0
2026|01|613807|015|08|CD|6212|FAL|18|51|2|001|100| A|Sosialisasi PeraturanKebijakan Pelaksanaan Anggaran|00||0|0
2026|01|613807|015|08|CD|6212|FAL|18|51|2|001|100| B|Pengkoordinasian Kerjasama Ekonomi dan Keuangan Daerah|00||0|0
2026|01|613807|015|08|CD|6213|ABA|18|51|2|001|100| A|Penyusunan Analisis Potensi Pembiayaan dan Pelaksanaan MoU DJPb dan PT SMI di Daerah|00||0|0
2026|01|613807|015|08|CD|6213|FAE|18|51|2|008|100| A|Koordinasi Pelaksanaan Tugas RCE  ALCo|00||0|0
2026|01|613807|015|08|CD|6213|FAL|18|51|2|003|100| A|Pelaksanaan Spending Review|00||0|0
2026|01|613807|015|08|CD|6213|FAL|18|51|2|003|100| C|Review Pelaksanaan Anggaran|00||0|0
2026|01|613807|015|08|CD|6213|FAL|18|51|2|003|100| E|Pengumpulan InformasiPenajaman Data Fiskal RegionalPenyusunan KFR|00||0|0
2026|01|613807|015|08|CD|6213|FAL|18|51|2|003|100| F|Publikasi Kajian Fiskal Regional|00||0|0
2026|01|613807|015|08|CD|6213|FAL|18|51|2|003|100| G|Pengumpulan Konfirmasi Informasi Pengelolaan Keuangan Daerah dan Penyusunan Profil Keuangan Daerah|00||0|0
2026|01|613807|015|08|CD|6215|FAH|18|51|2|003|100| B|Koordinasi UAKBUND (KPPN)|00||0|0
2026|01|613807|015|08|CD|6215|FAH|18|51|2|001|100| B|Penyusunan Laporan Statistik Keuangan Pemerintah Tingkat Wilayah|00||0|0
2026|01|613807|015|08|WA|4715|EBA|18|51|2|001|100| A|TANPA SUB KOMPONEN|00||0|0
2026|01|613807|015|08|WA|4715|EBA|18|51|2|001|100| B|Koordinasi Penyusunan ATK PU|00||0|0
2026|01|613807|015|08|WA|4715|EBA|18|51|2|002|100| A|TANPA SUB KOMPONEN|00||0|0
2026|01|613807|015|08|WA|4715|EBA|18|51|2|994|002| A|Keperluan Seharihari Perkantoran|00||0|0
2026|01|613807|015|08|WA|4715|EBA|18|51|2|994|002| B|Langganan Daya dan Jasa|00||0|0
2026|01|613807|015|08|WA|4715|EBA|18|51|2|994|002| C|Pelaksanaan Operasional Kantor|00||0|0
2026|01|613807|015|08|WA|4715|EBA|18|51|2|994|002| D|Pemeliharaan Peralatan dan Mesin|00||0|0
2026|01|613807|015|08|WA|4715|EBA|18|51|2|994|002| G|Pemeliharaan Gedung dan Bangunan|00||0|0
2026|01|613807|015|08|WA|4715|EBA|18|51|2|994|002| H|Belanja Jasa|00||0|0
2026|01|613807|015|08|WA|4715|EBA|18|51|2|994|002|HB|Dukungan Tusi - Reviu Belanja Pemerintah|00||0|0
2026|01|613807|015|08|WA|4715|EBA|18|51|2|994|002|HC|Dukungan Tusi - Government Financial Statistic (GFS)|00||0|0
2026|01|613807|015|08|WA|4715|EBA|18|51|2|994|002|HD|Dukungan Tusi - Rekomendasi Pengelolaan Organisasi|00||0|0
2026|01|613807|015|08|WA|4715|EBA|18|51|2|994|002|HH|Dukungan Pelaksaan Tusi Prioritas Direktif Presiden|00||0|0
2026|01|613807|015|08|WA|4715|EBA|18|51|2|994|002|TJ|Jasa PemeliharaanAnnual Technical Support (ATS)|00||0|0
2026|01|613807|015|08|WA|4715|EBD|18|51|2|Z26|100| A|Rakor Penyusunan Laporan Keuangan Tingkat UAPPAW|00||0|0
2026|01|613807|015|08|WA|4715|EBD|18|51|2|Z36|100| A|TANPA SUB KOMPONEN|00||0|0
2026|01|613807|015|08|WA|4718|BMB|18|51|2|002|100| A|TANPA SUB KOMPONEN|00||0|0
2026|01|613807|015|08|WA|4718|BMB|18|51|2|001|100| A|TANPA SUB KOMPONEN|00||0|0
2026|01|613807|015|08|WA|4719|EBA|18|51|2|994|001| A|TANPA SUB KOMPONEN|00||0|0
2026|01|613807|015|08|WA|4719|EBA|18|51|2|003|100| B|Koordinasi Inovasi layanan|00||0|0
2026|01|613807|015|08|WA|4719|EBC|18|51|2|001|100|XC|Penyelenggaraan Capacity Building|00||0|0
2026|01|613807|015|08|WA|4722|EBD|18|51|2|001|100| A|Pelaksanaan Manajemen Resiko dan Kepatuhan Internal|00||0|0
2026|01|634256|015|08|CD|6212|BMB|30|51|2|001|100| A|Profiling UMKM|00||0|0
2026|01|634256|015|08|CD|6212|BMB|30|51|2|001|100| B|Pemberdayaan UMKM  SosialisasiBimtekAsistensi dan BazarPojokRumah|00||0|0
2026|01|634256|015|08|CD|6212|BMB|30|51|2|001|100| C|Monitoring dan Evaluasi|00||0|0
2026|01|634256|015|08|CD|6212|BMB|30|51|2|001|100| D|Komunikasi Publik  BazarPojokRumah UMKM|00||0|0
2026|01|634256|015|08|CD|6212|FAC|30|51|2|002|100| A|Pembinaan Satker BLU|00||0|0
2026|01|634256|015|08|CD|6212|FAC|30|51|2|002|100| B|AsistensiPembinaan Pengelolaan Keuangan BLU Daerah|00||0|0
2026|01|634256|015|08|CD|6212|FAH|30|51|2|003|100| A|Pendampingan Penyusunan dan Penyelesaian Permasalahan Laporan Keuangan UAPPAW|00||0|0
2026|01|634256|015|08|CD|6212|FAH|30|51|2|003|100| B|Sosialisasi dan Bimbingan Teknis UAPPAW|00||0|0
2026|01|634256|015|08|CD|6212|FAH|30|51|2|002|100| A|Forum Koordinasi dan Rekonsiliasi Data dengan Bank Indonesia|00||0|0
2026|01|634256|015|08|CD|6212|FAH|30|51|2|002|100| C|SosialisasiBimtekWorkshopFGD dengan Pemda|00||0|0
2026|01|634256|015|08|CD|6212|FAL|30|51|2|001|100| A|Sosialisasi PeraturanKebijakan Pelaksanaan Anggaran|00||0|0
2026|01|634256|015|08|CD|6212|FAL|30|51|2|001|100| B|Pengkoordinasian Kerjasama Ekonomi dan Keuangan Daerah|00||0|0
2026|01|634256|015|08|CD|6212|FAL|30|51|2|001|100| C|Pembinaan dan Bimtek Pengelolaan Keuangan Daerah|00||0|0
2026|01|634256|015|08|CD|6212|FAL|30|51|2|001|100| D|Penyerahan DIPA|00||0|0
2026|01|634256|015|08|CD|6213|ABA|30|51|2|001|100| A|Penyusunan Analisis Potensi Pembiayaan dan Pelaksanaan MoU DJPb dan PT SMI di Daerah|00||0|0
2026|01|634256|015|08|CD|6213|FAE|30|51|2|009|100| A|Monitoring dan  Evaluasi KURPenerusan Pinjaman|00||0|0
2026|01|634256|015|08|CD|6213|FAE|30|51|2|009|100| C|FGD Analisa Fasilitas Likuiditas Pembiayaan Perumahan (FLPP)|00||0|0
2026|01|634256|015|08|CD|6213|FAE|30|51|2|008|100| A|Koordinasi Pelaksanaan Tugas RCE  ALCo|00||0|0
2026|01|634256|015|08|CD|6213|FAL|30|51|2|003|100| A|Pelaksanaan Spending Review|00||0|0
2026|01|634256|015|08|CD|6213|FAL|30|51|2|003|100| B|Review Pelaksanaan Anggaran|00||0|0
2026|01|634256|015|08|CD|6213|FAL|30|51|2|003|100| C|Monitoring dan Evaluasi Pelaksanaan Anggaran|00||0|0
2026|01|634256|015|08|CD|6213|FAL|30|51|2|003|100| D|Pengumpulan InformasiPenajaman Data Fiskal RegionalPenyusunan KFR|00||0|0
2026|01|634256|015|08|CD|6213|FAL|30|51|2|003|100| E|Publikasi Kajian Fiskal Regional|00||0|0
2026|01|634256|015|08|CD|6213|FAL|30|51|2|003|100| F|Pengumpulan Konfirmasi Informasi Pengelolaan Keuangan Daerah dan Penyusunan Profil Keuangan Daerah|00||0|0
2026|01|634256|015|08|CD|6213|FAL|30|51|2|003|100| G|Monitoring atas Dana Transfer dan Dana Desa|00||0|0
2026|01|634256|015|08|CD|6215|FAH|30|51|2|003|100| A|Pembinaan UAKBUN D (KKPN)|00||0|0
2026|01|634256|015|08|CD|6215|FAH|30|51|2|003|100| B|Koordinasi UAKBUND (KPPN)|00||0|0
2026|01|634256|015|08|CD|6215|FAH|30|51|2|001|100| B|Penyusunan Laporan Statistik Keuangan Pemerintah Tingkat Wilayah|00||0|0
2026|01|634256|015|08|WA|4715|EBA|30|51|2|001|100| A|TANPA SUB KOMPONEN|00||0|0
2026|01|634256|015|08|WA|4715|EBA|30|51|2|001|100| B|Koordinasi Penyusunan ATK PU|00||0|0
2026|01|634256|015|08|WA|4715|EBA|30|51|2|002|100| A|TANPA SUB KOMPONEN|00||0|0
2026|01|634256|015|08|WA|4715|EBA|30|51|2|994|002| A|Keperluan Seharihari Perkantoran|00||0|0
2026|01|634256|015|08|WA|4715|EBA|30|51|2|994|002| B|Langganan Daya dan Jasa|00||0|0
2026|01|634256|015|08|WA|4715|EBA|30|51|2|994|002| C|Pelaksanaan Operasional Kantor|00||0|0
2026|01|634256|015|08|WA|4715|EBA|30|51|2|994|002| D|Pemeliharaan Peralatan dan Mesin|00||0|0
2026|01|634256|015|08|WA|4715|EBA|30|51|2|994|002| G|Pemeliharaan Gedung dan Bangunan|00||0|0
2026|01|634256|015|08|WA|4715|EBA|30|51|2|994|002|HB|Dukungan Tusi-Reviu Belanja pemerintah|00||0|0
2026|01|634256|015|08|WA|4715|EBA|30|51|2|994|002|HC|Dukungan Tusi-Government Financial Statistic (GFS)|00||0|0
2026|01|634256|015|08|WA|4715|EBA|30|51|2|994|002|HD|Dukungan Tusi-Rekomendasi Pengelolaan Organisasi|00||0|0
2026|01|634256|015|08|WA|4715|EBA|30|51|2|994|002|HH|Dukungan Pelaksanaan Tusi Prioritas Direktif Presiden|00||0|0
2026|01|634256|015|08|WA|4715|EBA|30|51|2|994|002|TJ|Jasa Pemeliharaan Annual Technical Support (ATS)|00||0|0
2026|01|634256|015|08|WA|4715|EBD|30|51|2|Z36|100| A|TANPA SUB KOMPONEN|00||0|0
2026|01|634256|015|08|WA|4715|EBD|30|51|2|Z26|100| A|Rakor Penyusunan Laporan Keuangan Tingkat UAPPAW|00||0|0
2026|01|634256|015|08|WA|4718|BMB|30|51|2|002|100| A|TANPA SUB KOMPONEN|00||0|0
2026|01|634256|015|08|WA|4718|BMB|30|51|2|001|100| A|TANPA SUB KOMPONEN|00||0|0
2026|01|634256|015|08|WA|4719|EBA|30|51|2|003|100| A|Pelaksanaan Supervisi Proses Bisnis KPPN|00||0|0
2026|01|634256|015|08|WA|4719|EBA|30|51|2|003|100| B|Koordinasi Inovasi Layanan|00||0|0
2026|01|634256|015|08|WA|4719|EBA|30|51|2|994|001| A|TANPA SUB KOMPONEN|00||0|0
2026|01|634256|015|08|WA|4719|EBA|30|51|2|005|100| A|Monitoring dan Evaluasi Implementasi ISO|00||0|0
2026|01|634256|015|08|WA|4719|EBA|30|51|2|005|100| B|Pelaksanaan Supervisi Teknis Aplikasi|00||0|0
2026|01|634256|015|08|WA|4719|EBC|30|51|2|001|100|XC|Penyelenggaraan Capacity Building|00||0|0
2026|01|634256|015|08|WA|4722|EBD|30|51|2|001|100| A|Pelaksanaan Manajemen Risiko dan Kepatuhan Internal|00||0|0
2026|01|634497|015|08|CD|6212|BMB|10|02|2|001|100| A|Profiling UMKM|00||0|0
2026|01|634497|015|08|CD|6212|FAC|10|02|2|001|100| A|Training Modul Aplikasi SAKTI|00||0|0
2026|01|634497|015|08|CD|6212|FAC|10|02|2|001|100| B|FGD dan Bimtek Transfer Keuangan Daerah|00||0|0
2026|01|634497|015|08|CD|6212|FAH|10|02|2|001|100| A|TANPA SUB KOMPONEN|00||0|0
2026|01|634497|015|08|CD|6212|FAL|10|02|2|004|100| A|Konsultasi|00||0|0
2026|01|634497|015|08|CD|6212|FAL|10|02|2|004|100| B|Sosialisasi dan Bimbingan Teknis|00||0|0
2026|01|634497|015|08|CD|6212|FAL|10|02|2|004|100| D|Pembinaan Pemda, TKD, dan Penandatanganan BA Rekonsiliasi Pajak|00||0|0
2026|01|634497|015|08|CD|6213|FAC|10|02|2|001|100| A|Pembinaan Jabatan Fungsional Perbendaharaan|00||0|0
2026|01|634497|015|08|CD|6213|FAE|10|02|2|009|100| A|Monev Penyaluran Pembiayaan Ultra Mikro|00||0|0
2026|01|634497|015|08|CD|6213|FAL|10|02|2|003|100| A|Monev Pelaksanaan Anggaran|00||0|0
2026|01|634497|015|08|CD|6214|FAL|10|02|2|002|100| A|Pelaksanaan PencairanPenarikanPengesahan Dana|00||0|0
2026|01|634497|015|08|CD|6214|FAL|10|02|2|002|100| B|PenerbitanPersetujuanRekonsiliasi RekeningSKPPKonfirmasi Penerimaan Negara, dll|00||0|0
2026|01|634497|015|08|CD|6215|FAH|10|02|2|003|100| A|Penyusunan Laporan Keuangan Tingkat Kuasa BUN di Daerah|00||0|0
2026|01|634497|015|08|WA|4715|EBA|10|02|2|001|100| A|TANPA SUB KOMPONEN|00||0|0
2026|01|634497|015|08|WA|4715|EBA|10|02|2|001|100| B|Koordinasi Penyusunan ATK PU|00||0|0
2026|01|634497|015|08|WA|4715|EBA|10|02|2|002|100| A|TANPA SUB KOMPONEN|00||0|0
2026|01|634497|015|08|WA|4715|EBA|10|02|2|994|002| A|Keperluan Seharihari Perkantoran|00||0|0
2026|01|634497|015|08|WA|4715|EBA|10|02|2|994|002| B|Langganan Daya dan Jasa|00||0|0
2026|01|634497|015|08|WA|4715|EBA|10|02|2|994|002| C|Pelaksanaan Operasional Kantor|00||0|0
2026|01|634497|015|08|WA|4715|EBA|10|02|2|994|002| D|Pemeliharaan Peralatan dan Mesin|00||0|0
2026|01|634497|015|08|WA|4715|EBA|10|02|2|994|002| G|Pemeliharaan Gedung dan Bangunan|00||0|0
2026|01|634497|015|08|WA|4715|EBA|10|02|2|994|002|HA|Dukungan Tusi - Konsultasi Pencairan Dana|00||0|0
2026|01|634497|015|08|WA|4715|EBA|10|02|2|994|002|HB|Dukungan Tusi - Reviu Belanja Pemerintah|00||0|0
2026|01|634497|015|08|WA|4715|EBA|10|02|2|994|002|HH|Dukungan Program Prioritas Presiden - Monitoring dan Evaluasi (Monev)  Program Prioritas Presiden (Makan Bergizi Gratis/MBG, Koperasi Desa Merah Putih/KDMP, dan Sekolah Rakyat/SR) |00||0|0
2026|01|634497|015|08|WA|4715|EBA|10|02|2|994|002|TJ|Jasa PemeliharaanAnnual Technical Support (ATS)|00||0|0
2026|01|634497|015|08|WA|4718|BMB|10|02|2|002|100| A|TANPA SUB KOMPONEN|00||0|0
2026|01|634497|015|08|WA|4718|BMB|10|02|2|001|100| A|TANPA SUB KOMPONEN|00||0|0
2026|01|634497|015|08|WA|4719|EBA|10|02|2|994|001| A|TANPA SUB KOMPONEN|00||0|0
2026|01|634497|015|08|WA|4719|EBA|10|02|2|004|100| A|Survey Kepuasan Pengguna Layanan|00||0|0
2026|01|634497|015|08|WA|4719|EBC|10|02|2|001|100|XC|Penyelenggaraan Capacity Building|00||0|0
2026|01|634530|015|08|CD|6212|FAC|11|06|2|001|100| A|Training Modul Aplikasi SAKTI|00||0|0
2026|01|634530|015|08|CD|6212|FAC|11|06|2|001|100| B|FGD dan Bimtek Transfer Keuangan Daerah|00||0|0
2026|01|634530|015|08|CD|6212|FAH|11|06|2|001|100| A|TANPA SUB KOMPONEN|00||0|0
2026|01|634530|015|08|CD|6212|FAL|11|06|2|004|100| A|Konsultasi|00||0|0
2026|01|634530|015|08|CD|6212|FAL|11|06|2|004|100| B|Sosialisasi dan Bimbingan Teknis|00||0|0
2026|01|634530|015|08|CD|6212|FAL|11|06|2|004|100| D|Pembinaan Pemda, TKD, dan Penandatangan BA Rekonsiliasi Pajak|00||0|0
2026|01|634530|015|08|CD|6213|FAC|11|06|2|001|100| A|Pembinaan Jabatan Fungsional Perbendaharaan|00||0|0
2026|01|634530|015|08|CD|6213|FAL|11|06|2|003|100| A|Monev Pelaksanaan Anggaran|00||0|0
2026|01|634530|015|08|CD|6214|FAL|11|06|2|002|100| A|Pelaksanaan Pencairan Penarikan Pengesahan Dana|00||0|0
2026|01|634530|015|08|CD|6214|FAL|11|06|2|002|100| B|Penerbitan Persetujuan Rekonsiliasi Rekening SKPP Konfirmasi Penerimaan Negara, dll|00||0|0
2026|01|634530|015|08|CD|6215|FAH|11|06|2|003|100| A|Penyusunan Laporan Keuangan Tingkat Kuasa BUN di Daerah|00||0|0
2026|01|634530|015|08|CD|6215|FAH|11|06|2|003|100| B|Koordinasi UAKBUND KPPN di Kanwil|00||0|0
2026|01|634530|015|08|WA|4715|EBA|11|06|2|001|100| A|TANPA SUB KOMPONEN|00||0|0
2026|01|634530|015|08|WA|4715|EBA|11|06|2|001|100| B|Koordinasi Penyusunan ATK PU|00||0|0
2026|01|634530|015|08|WA|4715|EBA|11|06|2|002|100| A|TANPA SUB KOMPONEN|00||0|0
2026|01|634530|015|08|WA|4715|EBA|11|06|2|994|002| A|Keperluan Seharihari Perkantoran|00||0|0
2026|01|634530|015|08|WA|4715|EBA|11|06|2|994|002| B|Langganan Daya dan Jasa|00||0|0
2026|01|634530|015|08|WA|4715|EBA|11|06|2|994|002| C|Pelaksanaan Operasional Kantor|00||0|0
2026|01|634530|015|08|WA|4715|EBA|11|06|2|994|002| D|Pemeliharaan Kendaraan Peralatan dan Mesin|00||0|0
2026|01|634530|015|08|WA|4715|EBA|11|06|2|994|002| G|Pemeliharaan Gedung dan Bangunan|00||0|0
2026|01|634530|015|08|WA|4715|EBA|11|06|2|994|002|HA|Dukungan Tusi - Konsultasi Pencairan Dana|00||0|0
2026|01|634530|015|08|WA|4715|EBA|11|06|2|994|002|HB|Dukungan Tusi - Reviu Belanja Pemerintah|00||0|0
2026|01|634530|015|08|WA|4715|EBA|11|06|2|994|002|HH|Dukungan Pelaksanaan Tusi Prioritas Direktif Presiden|00||0|0
2026|01|634530|015|08|WA|4715|EBA|11|06|2|994|002|TJ|Jasa PemeliharaanAnnual Technical Support (ATS)|00||0|0
2026|01|634530|015|08|WA|4715|EBD|11|06|2|Z36|100| B|Pelaksanaan Manajemen Kinerja, Resiko dan Kepatuhan Internal|00||0|0
2026|01|634530|015|08|WA|4718|BMB|11|06|2|001|100| A|TANPA SUB KOMPONEN|00||0|0
2026|01|634530|015|08|WA|4718|BMB|11|06|2|002|100| A|TANPA SUB KOMPONEN|00||0|0
2026|01|634530|015|08|WA|4719|EBA|11|06|2|004|100| A|Survey Kepuasan Pengguna Layanan|00||0|0
2026|01|634530|015|08|WA|4719|EBA|11|06|2|994|001| A|TANPA SUB KOMPONEN|00||0|0
2026|01|634530|015|08|WA|4719|EBC|11|06|2|001|100|XC|Penyelenggaraan Capacity Building|00||0|0
2026|01|634260|015|08|CD|6212|BMB|29|53|2|001|100| A|Profiling UMKM|00||0|0
2026|01|634260|015|08|CD|6212|BMB|29|53|2|001|100| B|Pemberdayaan UMKM  SosialisasiBimtekAsistensi dan BazarPojokRumah UMKM|00||0|0
2026|01|634260|015|08|CD|6212|BMB|29|53|2|001|100| C|MONITORING DAN EVALUASI|00||0|0
2026|01|634260|015|08|CD|6212|BMB|29|53|2|001|100| D|Komunikasi Publik  BazarPojokRumah UMKM|00||0|0
2026|01|634260|015|08|CD|6212|FAC|29|53|2|002|100| B|Asistensi  Pembinaan Pengelolaan Keuangan BLU Daerah|00||0|0
2026|01|634260|015|08|CD|6212|FAH|29|53|2|003|100| B|Sosialisasi dan Bimbingan Teknis UAPPAW|00||0|0
2026|01|634260|015|08|CD|6212|FAH|29|53|2|002|100| B|Pembinaan SAP pada Pemerintah Daerah|00||0|0
2026|01|634260|015|08|CD|6212|FAL|29|53|2|001|100| A|Sosialisasi PeraturanKebijakan Pelaksanaan Anggaran|00||0|0
2026|01|634260|015|08|CD|6212|FAL|29|53|2|001|100| B|Pengkoordinasian Kerjasama Ekonomi dan Keuangan Daerah|00||0|0
2026|01|634260|015|08|CD|6212|FAL|29|53|2|001|100| C|Pembinaan dan Bimtek Pengelolaan Keuangan Daerah|00||0|0
2026|01|634260|015|08|CD|6212|FAL|29|53|2|001|100| D|Penyerahan DIPA|00||0|0
2026|01|634260|015|08|CD|6213|ABA|29|53|2|001|100| A|Penyusunan Analisis Potensi Pembiayaan dan Pelaksanaan MoU DJPb dan PT SMI di Daerah|00||0|0
2026|01|634260|015|08|CD|6213|FAE|29|53|2|009|100| C|Monev Site Visit Fasilitas Likuiditas Pembiayaan Perumahan (FLPP)|00||0|0
2026|01|634260|015|08|CD|6213|FAE|29|53|2|008|100| A|Koordinasi Pelaksanaan Tugas RCE  ALCo|00||0|0
2026|01|634260|015|08|CD|6213|FAL|29|53|2|003|100| C|Review Pelaksanaan Anggaran|00||0|0
2026|01|634260|015|08|CD|6213|FAL|29|53|2|003|100| D|Monitoring dan Evaluasi Pelaksanaan Anggaran|00||0|0
2026|01|634260|015|08|CD|6213|FAL|29|53|2|003|100| E|Pengumpulan InformasiPenajaman Data Fiskal RegionalPenyusunan KFR|00||0|0
2026|01|634260|015|08|CD|6213|FAL|29|53|2|003|100| F|Publikasi Kajian Fiskal Regional|00||0|0
2026|01|634260|015|08|CD|6213|FAL|29|53|2|003|100| G|Pengumpulan Konfirmasi Informasi Pengelolaan Keuangan Daerah dan Penyusunan Profil Keuangan Daerah|00||0|0
2026|01|634260|015|08|CD|6213|FAL|29|53|2|003|100| H|Monitoring atas Dana Transfer dan Dana Desa|00||0|0
2026|01|634260|015|08|CD|6215|FAH|29|53|2|003|100| A|Pembinaan UAKBUN D (KPPN)|00||0|0
2026|01|634260|015|08|CD|6215|FAH|29|53|2|003|100| B|Penyusunan Laporan Statistik Keuangan Pemerintah Tingkat Wilayah|00||0|0
2026|01|634260|015|08|CD|6215|FAH|29|53|2|001|100| B|Penyusunan Laporan Statistik Keuangan Pemerintah Tingkat Wilayah|00||0|0
2026|01|634260|015|08|WA|4715|EBA|29|53|2|001|100| A|TANPA SUB KOMPONEN|00||0|0
2026|01|634260|015|08|WA|4715|EBA|29|53|2|001|100| B|Koordinasi Penyusunan ATK PU|00||0|0
2026|01|634260|015|08|WA|4715|EBA|29|53|2|002|100| A|TANPA SUB KOMPONEN|00||0|0
2026|01|634260|015|08|WA|4715|EBA|29|53|2|994|002| A|Keperluan Seharihari Perkantoran|00||0|0
2026|01|634260|015|08|WA|4715|EBA|29|53|2|994|002| B|Langganan Daya dan Jasa|00||0|0
2026|01|634260|015|08|WA|4715|EBA|29|53|2|994|002| C|Pelaksanaan Operasional Kantor|00||0|0
2026|01|634260|015|08|WA|4715|EBA|29|53|2|994|002| D|Pemeliharaan Peralatan dan Mesin|00||0|0
2026|01|634260|015|08|WA|4715|EBA|29|53|2|994|002| G|Pemeliharaan Gedung dan Bangunan|00||0|0
2026|01|634260|015|08|WA|4715|EBA|29|53|2|994|002|HB|Dukungan Tusi - Reviu Belanja Pemerintah|00||0|0
2026|01|634260|015|08|WA|4715|EBA|29|53|2|994|002|HC|Dukungan Tusi - Government Financial Statistic (GFS)|00||0|0
2026|01|634260|015|08|WA|4715|EBA|29|53|2|994|002|HD|Dukungan Tusi - Rekomendasi Pengelolaan Organisasi|00||0|0
2026|01|634260|015|08|WA|4715|EBA|29|53|2|994|002|HH|Dukungan Pelaksaan Tusi Prioritas Direktif Presiden |00||0|0
2026|01|634260|015|08|WA|4715|EBA|29|53|2|994|002|TJ|Jasa Pemeliharaan Annual Technical Support (ATS)|00||0|0
2026|01|634260|015|08|WA|4715|EBD|29|53|2|Z36|100| A|TANPA SUB KOMPONEN|00||0|0
2026|01|634260|015|08|WA|4715|EBD|29|53|2|Z26|100| A|Rakor Penyusunan Laporan Keuangan Tingkat UAPPAW|00||0|0
2026|01|634260|015|08|WA|4718|BMB|29|53|2|002|100| A|TANPA SUB KOMPONEN|00||0|0
2026|01|634260|015|08|WA|4718|BMB|29|53|2|001|100| A|TANPA SUB KOMPONEN|00||0|0
2026|01|634260|015|08|WA|4719|EBA|29|53|2|003|100| A|Pelaksanaan Supervisi Proses Bisnis KPPN|00||0|0
2026|01|634260|015|08|WA|4719|EBA|29|53|2|003|100| B|Koordinasi Inovasi layanan|00||0|0
2026|01|634260|015|08|WA|4719|EBA|29|53|2|994|001| A|TANPA SUB KOMPONEN|00||0|0
2026|01|634260|015|08|WA|4719|EBA|29|53|2|005|100| A|Monitoring dan Evaluasi Implementasi ISO|00||0|0
2026|01|634260|015|08|WA|4719|EBA|29|53|2|005|100| B|Pelaksanaan Supervisi Teknis Aplikasi|00||0|0
2026|01|634260|015|08|WA|4719|EBC|29|53|2|001|100|XC|Penyelenggaraan Capacity Building|00||0|0
2026|01|634260|015|08|WA|4722|EBD|29|53|2|001|100| A|Pelaksanaan Manajemen Resiko dan Kepatuhan Internal|00||0|0
2026|01|634277|015|08|CD|6212|BMB|04|51|2|001|100| A|Profiling UMKM|00||0|0
2026|01|634277|015|08|CD|6212|BMB|04|51|2|001|100| B|Pemberdayaan UMKM  SosialisasiBimtekAsistensi dan BazarPojokRumah UMKM|00||0|0
2026|01|634277|015|08|CD|6212|BMB|04|51|2|001|100| C|Monitoring dan Evaluasi|00||0|0
2026|01|634277|015|08|CD|6212|BMB|04|51|2|001|100| D|Komunikasi Publik  BazarPojokRumah UMKM|00||0|0
2026|01|634277|015|08|CD|6212|FAC|04|51|2|002|100| A|Pembinaan Satker BLU|00||0|0
2026|01|634277|015|08|CD|6212|FAH|04|51|2|003|100| B|Sosialisasi dan Bimbingan Teknis UAPPAW|00||0|0
2026|01|634277|015|08|CD|6212|FAH|04|51|2|002|100| A|Forum Koordinasi dan Rekonsiliasi Data dengan Bank Indonesia|00||0|0
2026|01|634277|015|08|CD|6212|FAH|04|51|2|002|100| B|Pembinaan SAP pada Pemerintah Daerah|00||0|0
2026|01|634277|015|08|CD|6212|FAH|04|51|2|002|100| C|SosialisasiBimtekWorkshopFGD dengan PEMDA|00||0|0
2026|01|634277|015|08|CD|6212|FAL|04|51|2|001|100| A|Sosialisasi PeraturanKebijakan Pelaksanaan Anggaran|00||0|0
2026|01|634277|015|08|CD|6212|FAL|04|51|2|001|100| B|Pengkoordinasian Kerjasama Ekonomi dan Keuangan Daerah|00||0|0
2026|01|634277|015|08|CD|6212|FAL|04|51|2|001|100| D|Penyerahan DIPA|00||0|0
2026|01|634277|015|08|CD|6213|ABA|04|51|2|001|100| A|Penyusunan Analisis Potensi Pembiayaan dan Pelaksanaan MoU DJPb dan PT SMI di Daerah|00||0|0
2026|01|634277|015|08|CD|6213|FAE|04|51|2|009|100| B|Monitoring dan  Evaluasi KURPenerusan Pinjaman|00||0|0
2026|01|634277|015|08|CD|6213|FAE|04|51|2|008|100| A|Koordinasi Pelaksanaan Tugas RCE dan ALCo|00||0|0
2026|01|634277|015|08|CD|6213|FAL|04|51|2|003|100| A|Pelaksanaan Spending Review|00||0|0
2026|01|634277|015|08|CD|6213|FAL|04|51|2|003|100| C|Review Pelaksanaan Anggaran|00||0|0
2026|01|634277|015|08|CD|6213|FAL|04|51|2|003|100| E|Pengumpulan InformasiPenajaman Data Fiskal RegionalPenyaluran KFR|00||0|0
2026|01|634277|015|08|CD|6213|FAL|04|51|2|003|100| F|Publikasi Kajian Fiskal Regional|00||0|0
2026|01|634277|015|08|CD|6215|FAH|04|51|2|003|100| B|Koordinasi UAKBUND (KPPN)|00||0|0
2026|01|634277|015|08|CD|6215|FAH|04|51|2|001|100| A|Koordinasi Laporan Keuangan Pemerintah Daerah danatau BLUD|00||0|0
2026|01|634277|015|08|CD|6215|FAH|04|51|2|001|100| B|Penyusunan Laporan Statistik Keuangan Pemerintah Tingkat Wilayah|00||0|0
2026|01|634277|015|08|WA|4715|EBA|04|51|2|001|100| A|TANPA SUB KOMPONEN|00||0|0
2026|01|634277|015|08|WA|4715|EBA|04|51|2|001|100| B|Koordinasi Penyusunan ATK PU|00||0|0
2026|01|634277|015|08|WA|4715|EBA|04|51|2|002|100| A|TANPA SUB KOMPONEN|00||0|0
2026|01|634277|015|08|WA|4715|EBA|04|51|2|994|002| A|Keperluan SehariHari Perkantoran|00||0|0
2026|01|634277|015|08|WA|4715|EBA|04|51|2|994|002| B|Langganan Daya dan Jasa|00||0|0
2026|01|634277|015|08|WA|4715|EBA|04|51|2|994|002| C|Pelaksanaan Operasional Kantor|00||0|0
2026|01|634277|015|08|WA|4715|EBA|04|51|2|994|002| D|Pemeliharaan Peralatan dan Mesin|00||0|0
2026|01|634277|015|08|WA|4715|EBA|04|51|2|994|002| G|Pemeliharaan Gedung dan Bangunan|00||0|0
2026|01|634277|015|08|WA|4715|EBA|04|51|2|994|002|HB|Dukungan Tusi-Reviu Belanja Pemerintah|00||0|0
2026|01|634277|015|08|WA|4715|EBA|04|51|2|994|002|HC|Dukungan Tusi-Goverment Financial Statistic(GFS)|00||0|0
2026|01|634277|015|08|WA|4715|EBA|04|51|2|994|002|HD|Dukungan Tusi-Rekomendasi Pengelolaan Organisasi|00||0|0
2026|01|634277|015|08|WA|4715|EBA|04|51|2|994|002|HH|Dukungan Pelaksaan Tusi Prioritas Direktif Presiden|00||0|0
2026|01|634277|015|08|WA|4715|EBA|04|51|2|994|002|TJ|Jasa PemeliharaanAnnual Technical Support (ATS)|00||0|0
2026|01|634277|015|08|WA|4715|EBB|04|51|2|004|100|GB|Renovasi GedungBangunan Kantor|41||0|0
2026|01|634277|015|08|WA|4715|EBD|04|51|2|Z26|100| A|Rakor Penyusunan Laporan Keuangan Tingkat UAPPAW|00||0|0
2026|01|634277|015|08|WA|4715|EBD|04|51|2|Z36|100| A|TANPA SUB KOMPONEN|00||0|0
2026|01|634277|015|08|WA|4718|BMB|04|51|2|002|100| A|TANPA SUB KOMPONEN|00||0|0
2026|01|634277|015|08|WA|4718|BMB|04|51|2|001|100| A|TANPA SUB KOMPONEN|00||0|0
2026|01|634277|015|08|WA|4719|EBA|04|51|2|003|100| B|Koordinasi Inovasi Layanan|00||0|0
2026|01|634277|015|08|WA|4719|EBA|04|51|2|994|001| A|TANPA SUB KOMPONEN|00||0|0
2026|01|634277|015|08|WA|4719|EBA|04|51|2|005|100| B|Pelaksanaan Supervisi Teksnis Aplikasi|00||0|0
2026|01|634277|015|08|WA|4719|EBC|04|51|2|001|100|XC|Penyelenggaraan Capacity Building|00||0|0
2026|01|634277|015|08|WA|4722|EBD|04|51|2|001|100| A|Pelaksanaan Manajemen Resiko dan Kepatuhan Internal|00||0|0
2026|01|634572|015|08|CD|6212|FAC|12|04|2|001|100| A|Training Modul Aplikasi SAKTI|00||0|0
2026|01|634572|015|08|CD|6212|FAC|12|04|2|001|100| B|FGD dan Bimtek Transfer Keuangan Daerah|00||0|0
2026|01|634572|015|08|CD|6212|FAH|12|04|2|001|100| A|TANPA SUB KOMPONEN|00||0|0
2026|01|634572|015|08|CD|6212|FAL|12|04|2|004|100| A|Konsultasi|00||0|0
2026|01|634572|015|08|CD|6212|FAL|12|04|2|004|100| B|Sosialisasi dan Bimbingan Teknis|00||0|0
2026|01|634572|015|08|CD|6212|FAL|12|04|2|004|100| D|Pembinaan Pemda, TKD, dan Penandatanganan BAR|00||0|0
2026|01|634572|015|08|CD|6213|FAC|12|04|2|001|100| A|Pembinaan Jabatan Fungsional Perbendaharaan|00||0|0
2026|01|634572|015|08|CD|6213|FAL|12|04|2|003|100| A|Monev Pelaksanaan Anggaran|00||0|0
2026|01|634572|015|08|CD|6214|FAL|12|04|2|002|100| A|Pelaksanaan PencairanPenarikanPengesahan Dana|00||0|0
2026|01|634572|015|08|CD|6214|FAL|12|04|2|002|100| B|PenerbitanPersetujuanRekonsiliasi RekeningSKPPKonfirmasi Penerimaan Negara, dll|00||0|0
2026|01|634572|015|08|CD|6215|FAH|12|04|2|003|100| A|Penyusunan Laporan Keuangan Tingkat Kuasa BUN di Daerah|00||0|0
2026|01|634572|015|08|WA|4715|EBA|12|04|2|001|100| A|TANPA SUB KOMPONEN|00||0|0
2026|01|634572|015|08|WA|4715|EBA|12|04|2|002|100| A|TANPA SUB KOMPONEN|00||0|0
2026|01|634572|015|08|WA|4715|EBA|12|04|2|994|002| A|Keperluan Seharihari Perkantoran|00||0|0
2026|01|634572|015|08|WA|4715|EBA|12|04|2|994|002| B|Langganan Daya dan Jasa|00||0|0
2026|01|634572|015|08|WA|4715|EBA|12|04|2|994|002| C|Pelaksanaan Operasional Kantor|00||0|0
2026|01|634572|015|08|WA|4715|EBA|12|04|2|994|002| D|Pemeliharaan Peralatan dan Mesin|00||0|0
2026|01|634572|015|08|WA|4715|EBA|12|04|2|994|002| G|Pemeliharaan Gedung dan Bangunan|00||0|0
2026|01|634572|015|08|WA|4715|EBA|12|04|2|994|002|HA|Dukungan Tusi - Konsultasi Pencairan Dana|00||0|0
2026|01|634572|015|08|WA|4715|EBA|12|04|2|994|002|HB|Dukungan Tusi - Reviu Belanja Pemerintah|00||0|0
2026|01|634572|015|08|WA|4715|EBA|12|04|2|994|002|HH|Dukungan Pelaksaan Tusi Prioritas Direktif Presiden|00||0|0
2026|01|634572|015|08|WA|4715|EBA|12|04|2|994|002|TJ|Jasa PemeliharaanAnnual Technical Support (ATS)|00||0|0
2026|01|634572|015|08|WA|4715|EBD|12|04|2|Z36|100| B|Pelaksanaan Manajemen Kinerja, Resiko, dan Kepatuhan Internal|00||0|0
2026|01|634572|015|08|WA|4718|BMB|12|04|2|002|100| A|TANPA SUB KOMPONEN|00||0|0
2026|01|634572|015|08|WA|4718|BMB|12|04|2|001|100| A|TANPA SUB KOMPONEN|00||0|0
2026|01|634572|015|08|WA|4719|EBA|12|04|2|994|001| A|TANPA SUB KOMPONEN|00||0|0
2026|01|634572|015|08|WA|4719|EBA|12|04|2|004|100| A|Survey Kepuasaan Pengguna Layanan|00||0|0
2026|01|634572|015|08|WA|4719|EBC|12|04|2|001|100|XC|Penyelenggaraan Capacity Building|00||0|0
2026|01|634608|015|08|CD|6212|BMB|26|03|2|001|100| A|Profiling UMKM|00||0|0
2026|01|634608|015|08|CD|6212|FAC|26|03|2|001|100| A|Training Modul Aplikasi SAKTI|00||0|0
2026|01|634608|015|08|CD|6212|FAC|26|03|2|001|100| B|FGD dan Bimtek Transfer Keuangan Daerah|00||0|0
2026|01|634608|015|08|CD|6212|FAH|26|03|2|001|100| A|TANPA SUB KOMPONEN|00||0|0
2026|01|634608|015|08|CD|6212|FAL|26|03|2|004|100| A|Konsultasi|00||0|0
2026|01|634608|015|08|CD|6212|FAL|26|03|2|004|100| B|Sosialisasi dan Bimbingan Teknis|00||0|0
2026|01|634608|015|08|CD|6212|FAL|26|03|2|004|100| D|Pembinaan Pemda, TKD, dan Penandatanganan BA Rekonsiliasi Pajak|00||0|0
2026|01|634608|015|08|CD|6213|FAC|26|03|2|001|100| A|Pembinaan Jabatan Fungsional Perbendaharaan|00||0|0
2026|01|634608|015|08|CD|6213|FAL|26|03|2|003|100| A|Monev Pelaksanaan Anggaran|00||0|0
2026|01|634608|015|08|CD|6214|FAL|26|03|2|002|100| A|Pelaksanaan Pencairan/Penarikan/Pengesahan Dana|00||0|0
2026|01|634608|015|08|CD|6214|FAL|26|03|2|002|100| B|Penerbitan/Persetujuan/Rekonsiliasi Rekening/SKPP/Konfirmasi Penerimaan Negara, dll|00||0|0
2026|01|634608|015|08|CD|6215|FAH|26|03|2|003|100| A|Penyusunan Laporan Keuangan Tingkat Kuasa BUN di Daerah|00||0|0
2026|01|634608|015|08|WA|4715|EBA|26|03|2|001|100| A|TANPA SUB KOMPONEN|00||0|0
2026|01|634608|015|08|WA|4715|EBA|26|03|2|001|100| B|Koordinasi Penyusunan ATK PU|00||0|0
2026|01|634608|015|08|WA|4715|EBA|26|03|2|002|100| A|TANPA SUB KOMPONEN|00||0|0
2026|01|634608|015|08|WA|4715|EBA|26|03|2|994|002| A|Keperluan Sehari-hari Perkantoran|00||0|0
2026|01|634608|015|08|WA|4715|EBA|26|03|2|994|002| B|Langganan Daya dan Jasa|00||0|0
2026|01|634608|015|08|WA|4715|EBA|26|03|2|994|002| C|Pelaksanaan Operasional Kantor|00||0|0
2026|01|634608|015|08|WA|4715|EBA|26|03|2|994|002| D|Pemeliharaan Peralatan dan Mesin|00||0|0
2026|01|634608|015|08|WA|4715|EBA|26|03|2|994|002| G|Pemeliharaan Gedung dan Bangunan|00||0|0
2026|01|634608|015|08|WA|4715|EBA|26|03|2|994|002|HA|Dukungan Tusi -  Konsultasi Pencairan Dana|00||0|0
2026|01|634608|015|08|WA|4715|EBA|26|03|2|994|002|HB|Dukungan Tusi - Review Belanja Pemerintah|00||0|0
2026|01|634608|015|08|WA|4715|EBA|26|03|2|994|002|HH|Dukungan Pelaksanaan Tusi Prioritas Direktif Presiden|00||0|0
2026|01|634608|015|08|WA|4715|EBD|26|03|2|Z36|100| B|Pelaksanaan Manajemen Kinerja, Resiko dan Kepatuhan Internal|00||0|0
2026|01|634608|015|08|WA|4718|BMB|26|03|2|001|100| A|TANPA SUB KOMPONEN|11||0|0
2026|01|634608|015|08|WA|4718|BMB|26|03|2|002|100| A|TANPA SUB KOMPONEN|11||0|0
2026|01|634608|015|08|WA|4719|EBA|26|03|2|004|100| A|Survey Kepuasan Pengguna Layanan|00||0|0
2026|01|634608|015|08|WA|4719|EBA|26|03|2|994|001| A|TANPA SUB KOMPONEN|00||0|0
2026|01|634608|015|08|WA|4719|EBC|26|03|2|001|100|XC|Penyelenggaraan Capacity Building|00||0|0
2026|01|634633|015|08|CD|6212|BMB|29|51|2|001|100| A|Profiling UMKM|00||0|0
2026|01|634633|015|08|CD|6212|FAC|29|51|2|001|100| A|Training Modul Aplikasi SAKTI|00||0|0
2026|01|634633|015|08|CD|6212|FAC|29|51|2|001|100| B|FGD dan Bimtek Transfer Keuangan Daerah|00||0|0
2026|01|634633|015|08|CD|6212|FAH|29|51|2|001|100| A|TANPA SUB KOMPONEN|00||0|0
2026|01|634633|015|08|CD|6212|FAL|29|51|2|004|100| A|Konsultasi|00||0|0
2026|01|634633|015|08|CD|6212|FAL|29|51|2|004|100| B|Sosialisasi dan Bimbingan Teknis|00||0|0
2026|01|634633|015|08|CD|6213|FAC|29|51|2|001|100| A|Pembinaan Jabatan Fungsional Perbendaharaan|00||0|0
2026|01|634633|015|08|CD|6214|FAL|29|51|2|002|100| A|Pelaksanaan PencairanPenarikanPengesahan Dana|00||0|0
2026|01|634633|015|08|CD|6214|FAL|29|51|2|002|100| B|PenerbitanPersetujuanRekonsiliasi RekeningSKPPKonfirmasi Penerimaan Negara, dll|00||0|0
2026|01|634633|015|08|CD|6215|FAH|29|51|2|003|100| A|Penyusunan Laporan Keuangan Tingkat Kuasa BUN di Daerah|00||0|0
2026|01|634633|015|08|WA|4715|EBA|29|51|2|001|100| A|TANPA SUB KOMPONEN|00||0|0
2026|01|634633|015|08|WA|4715|EBA|29|51|2|001|100| B|Koordinasi Penyusunan ATK PU|00||0|0
2026|01|634633|015|08|WA|4715|EBA|29|51|2|002|100| A|TANPA SUB KOMPONEN|00||0|0
2026|01|634633|015|08|WA|4715|EBA|29|51|2|994|002| A|Keperluan Seharihari Perkantoran|00||0|0
2026|01|634633|015|08|WA|4715|EBA|29|51|2|994|002| B|Langganan Daya dan Jasa|00||0|0
2026|01|634633|015|08|WA|4715|EBA|29|51|2|994|002| C|Pelaksanaan Operasional Kantor|00||0|0
2026|01|634633|015|08|WA|4715|EBA|29|51|2|994|002| D|Pemeliharaan Peralatan dan Mesin|00||0|0
2026|01|634633|015|08|WA|4715|EBA|29|51|2|994|002| G|Pemeliharaan Gedung dan Bangunan|00||0|0
2026|01|634633|015|08|WA|4715|EBA|29|51|2|994|002|HA|Dukungan Tusi - Konsultasi Pencairan Dana|00||0|0
2026|01|634633|015|08|WA|4715|EBA|29|51|2|994|002|HB|Dukungan Tusi - Reviu Belanja Pemerintah|00||0|0
2026|01|634633|015|08|WA|4715|EBA|29|51|2|994|002|HH|Dukungan Pelaksaan Tusi Prioritas Direktif Presiden |00||0|0
2026|01|634633|015|08|WA|4715|EBA|29|51|2|994|002|TJ|Jasa Pemeliharaan Annual Technical Support (ATS)|00||0|0
2026|01|634633|015|08|WA|4715|EBB|29|51|2|002|100| A|TANPA SUB KOMPONEN|00||0|0
2026|01|634633|015|08|WA|4715|EBD|29|51|2|Z36|100| B|Pelaksanaan Manajemen Kinerja, Resiko dan Kepatuhan Internal|00||0|0
2026|01|634633|015|08|WA|4718|BMB|29|51|2|002|100| A|TANPA SUB KOMPONEN|00||0|0
2026|01|634633|015|08|WA|4718|BMB|29|51|2|001|100| A|TANPA SUB KOMPONEN|00||0|0
2026|01|634633|015|08|WA|4719|EBA|29|51|2|994|001| A|TANPA SUB KOMPONEN|00||0|0
2026|01|634633|015|08|WA|4719|EBA|29|51|2|004|100| A|Survey Kepuasan Pengguna Layanan|00||0|0
2026|01|634633|015|08|WA|4719|EBC|29|51|2|001|100|XC|Penyelenggaraan Capacity Building|00||0|0
2026|01|634661|015|08|CD|6212|BMB|02|18|2|001|100| A|Profiling UMKM|00||0|0
2026|01|634661|015|08|CD|6212|FAC|02|18|2|001|100| A|Training Modul Aplikasi SAKTI|00||0|0
2026|01|634661|015|08|CD|6212|FAC|02|18|2|001|100| B|FGD dan Bimtek Transfer Keuangan Daerah|00||0|0
2026|01|634661|015|08|CD|6212|FAH|02|18|2|001|100| A|TANPA SUB KOMPONEN|00||0|0
2026|01|634661|015|08|CD|6212|FAL|02|18|2|004|100| A|Konsultasi|00||0|0
2026|01|634661|015|08|CD|6212|FAL|02|18|2|004|100| B|Sosialisasi dan Bimbingan Teknis|00||0|0
2026|01|634661|015|08|CD|6212|FAL|02|18|2|004|100| D|Pembinaan Pemda, TKD, dan Penandatanganan BAR|00||0|0
2026|01|634661|015|08|CD|6213|FAC|02|18|2|001|100| A|Pembinaan Jabatan Fungsional Perbendaharaan|00||0|0
2026|01|634661|015|08|CD|6213|FAE|02|18|2|009|100| A|Monev Penyaluran Pembiayaan Ultra Mikro|00||0|0
2026|01|634661|015|08|CD|6213|FAL|02|18|2|003|100| A|Monev Pelaksanaan Anggaran|00||0|0
2026|01|634661|015|08|CD|6214|FAL|02|18|2|002|100| A|Pelaksanaan PencairanPenarikanPengesahan Dana|00||0|0
2026|01|634661|015|08|CD|6214|FAL|02|18|2|002|100| B|PenerbitanPersetujuanRekonsiliasi RekeningSKPPKonfirmasi Penerimaan Negara, dll|00||0|0
2026|01|634661|015|08|CD|6215|FAH|02|18|2|003|100| A|Penyusunan Laporan Keuangan Tingkat Kuasa BUN di Daerah|00||0|0
2026|01|634661|015|08|WA|4715|EBA|02|18|2|001|100| A|TANPA SUB KOMPONEN|00||0|0
2026|01|634661|015|08|WA|4715|EBA|02|18|2|002|100| A|TANPA SUB KOMPONEN|00||0|0
2026|01|634661|015|08|WA|4715|EBA|02|18|2|994|002| A|Keperluan Seharihari Perkantoran|00||0|0
2026|01|634661|015|08|WA|4715|EBA|02|18|2|994|002| B|Langganan Daya dan Jasa|00||0|0
2026|01|634661|015|08|WA|4715|EBA|02|18|2|994|002| C|Pelaksanaan Operasional Kantor|00||0|0
2026|01|634661|015|08|WA|4715|EBA|02|18|2|994|002| D|Pemeliharaan Peralatan dan Mesin|00||0|0
2026|01|634661|015|08|WA|4715|EBA|02|18|2|994|002| G|Pemeliharaan Gedung dan Bangunan|00||0|0
2026|01|634661|015|08|WA|4715|EBA|02|18|2|994|002|HA|Dukungan Tusi - Konsultasi Pencairan Dana|00||0|0
2026|01|634661|015|08|WA|4715|EBA|02|18|2|994|002|HB|Dukungan Tusi - Reviu Belanja Pemerintah|00||0|0
2026|01|634661|015|08|WA|4715|EBA|02|18|2|994|002|HH|Dukungan Pelaksanaan Tusi Prioritas Direktif Presiden|00||0|0
2026|01|634661|015|08|WA|4715|EBA|02|18|2|994|002|TJ|Jasa PemeliharaanAnnual Technical Support (ATS)|00||0|0
2026|01|634661|015|08|WA|4715|EBD|02|18|2|Z36|100| B|Pelaksanaan Manajemen Kinerja, Resiko dan Kepatuhan Internal|00||0|0
2026|01|634661|015|08|WA|4718|BMB|02|18|2|001|100| A|TANPA SUB KOMPONEN|00||0|0
2026|01|634661|015|08|WA|4718|BMB|02|18|2|002|100| A|TANPA SUB KOMPONEN|00||0|0
2026|01|634661|015|08|WA|4719|EBA|02|18|2|004|100| A|Survey Kepuasan Pengguna Layanan|00||0|0
2026|01|634661|015|08|WA|4719|EBA|02|18|2|994|001| A|TANPA SUB KOMPONEN|00||0|0
2026|01|634661|015|08|WA|4719|EBC|02|18|2|001|100|XC|Penyelenggaraan Capacity Building|00||0|0
2026|01|634722|015|08|CD|6212|BMB|03|24|2|001|100| A|Profiling UMKM|00||0|0
2026|01|634722|015|08|CD|6212|FAC|03|24|2|001|100| A|Training Modul Aplikasi SAKTI|00||0|0
2026|01|634722|015|08|CD|6212|FAC|03|24|2|001|100| B|FGD dan Bimtek Transfer Keuangan Daerah|00||0|0
2026|01|634722|015|08|CD|6212|FAH|03|24|2|001|100| A|TANPA SUB KOMPONEN|00||0|0
2026|01|634722|015|08|CD|6212|FAL|03|24|2|004|100| A|Konsultasi|00||0|0
2026|01|634722|015|08|CD|6212|FAL|03|24|2|004|100| B|Sosialisasi dan BimbinganTeknis|00||0|0
2026|01|634722|015|08|CD|6212|FAL|03|24|2|004|100| D|Pembinaan Pemda, TKD, dan Penandatanganan BAR|00||0|0
2026|01|634722|015|08|CD|6213|FAC|03|24|2|001|100| A|Pembinaan Jabatan Fungsional Perbendaharaan|00||0|0
2026|01|634722|015|08|CD|6213|FAE|03|24|2|009|100| A|Monev Penyaluran Pembiayaan Ultra Mikro|00||0|0
2026|01|634722|015|08|CD|6213|FAL|03|24|2|003|100| A|Monev Pelaksanaan Anggaran|00||0|0
2026|01|634722|015|08|CD|6214|FAL|03|24|2|002|100| A|Pelaksanaan Pencairanpenarikanpengesahan dana|00||0|0
2026|01|634722|015|08|CD|6214|FAL|03|24|2|002|100| B|PenerbitanPersetujuanRekonsiliasi RekeningSKPPKonfirmasi Penerimaan Negara, dll|00||0|0
2026|01|634722|015|08|CD|6215|FAH|03|24|2|003|100| A|Penyusunan  Laporan Keuangan Tingkat Kuasa BUN di Daerah|00||0|0
2026|01|634722|015|08|WA|4715|EBA|03|24|2|001|100| A|TANPA SUB KOMPONEN|00||0|0
2026|01|634722|015|08|WA|4715|EBA|03|24|2|002|100|AA|TANPA SUB KOMPONEN|00||0|0
2026|01|634722|015|08|WA|4715|EBA|03|24|2|994|002| A|Keperluan Seharihari Perkantoran|00||0|0
2026|01|634722|015|08|WA|4715|EBA|03|24|2|994|002| B|Langganan Daya dan Jasa|00||0|0
2026|01|634722|015|08|WA|4715|EBA|03|24|2|994|002| C|Pelaksanaan Operasional Kantor|00||0|0
2026|01|634722|015|08|WA|4715|EBA|03|24|2|994|002| D|Pemeliharaan Peralatan dan Mesin|00||0|0
2026|01|634722|015|08|WA|4715|EBA|03|24|2|994|002| G|Pemeliharaan Gedung dan Bangunan|00||0|0
2026|01|634722|015|08|WA|4715|EBA|03|24|2|994|002|HA|Dukungan Tusi - Konsultasi Pencairan Dana|00||0|0
2026|01|634722|015|08|WA|4715|EBA|03|24|2|994|002|HB|Dukungan Tusi - Review Belanja Pemerintah|00||0|0
2026|01|634722|015|08|WA|4715|EBA|03|24|2|994|002|HH|Dukungan Pelaksanaan Tusi Prioritas Direktif Presiden |00||0|0
2026|01|634722|015|08|WA|4715|EBA|03|24|2|994|002|TJ|Jasa PemeliharaanAnnual Technical Support (ATS)|00||0|0
2026|01|634722|015|08|WA|4715|EBD|03|24|2|Z36|100| B|Pelaksanaan Management Kinerja, Resiko dan Kepatuhan Internal|00||0|0
2026|01|634722|015|08|WA|4718|BMB|03|24|2|001|100| A|TANPA SUB KOMPONEN|00||0|0
2026|01|634722|015|08|WA|4718|BMB|03|24|2|002|100| A|TANPA SUB KOMPONEN|00||0|0
2026|01|634722|015|08|WA|4719|EBA|03|24|2|004|100| A|Survey Kepuasan Pengguna Layanan|00||0|0
2026|01|634722|015|08|WA|4719|EBA|03|24|2|994|001| A|TANPA SUB KOMPONEN|00||0|0
2026|01|634722|015|08|WA|4719|EBC|03|24|2|001|100|XC|Penyelenggaraan Capacity Building|00||0|0
2026|01|634409|015|08|CD|6212|BMB|08|06|2|001|100| A|Profiling UMKM|00||0|0
2026|01|634409|015|08|CD|6212|FAC|08|06|2|001|100| A|Training Modul Aplikasi SAKTI|00||0|0
2026|01|634409|015|08|CD|6212|FAC|08|06|2|001|100| B|FGD dan Bimtek Transfer Keuangan Daerah|00||0|0
2026|01|634409|015|08|CD|6212|FAH|08|06|2|001|100| A|TANPA SUB KOMPONEN|00||0|0
2026|01|634409|015|08|CD|6212|FAL|08|06|2|004|100| A|Konsultasi|00||0|0
2026|01|634409|015|08|CD|6212|FAL|08|06|2|004|100| B|Sosialisasi dan Bimbingan Teknis|00||0|0
2026|01|634409|015|08|CD|6212|FAL|08|06|2|004|100| D|Pembinaan Pemda, TKD, dan Penandatanganan BAR|00||0|0
2026|01|634409|015|08|CD|6213|FAC|08|06|2|001|100| A|Pembinaan Jabatan Fungsional Perbendaharaan|00||0|0
2026|01|634409|015|08|CD|6213|FAE|08|06|2|009|100| A|Monev Penyaluran Pembiyaan Ultra Mikro|00||0|0
2026|01|634409|015|08|CD|6213|FAL|08|06|2|003|100| A|Monev Pelaksanaan Anggaran|00||0|0
2026|01|634409|015|08|CD|6214|FAL|08|06|2|002|100| A|Pelaksanaan PencairanPenarikanPengesahan Dana|00||0|0
2026|01|634409|015|08|CD|6214|FAL|08|06|2|002|100| B|PenerbitanPersetujuanRekonsiliasi RekeningSKPPKonfirmasi Penerimaan Negara, dll|00||0|0
2026|01|634409|015|08|CD|6215|FAH|08|06|2|003|100| A|Penyusunan Laporan Keuangan Tingkat Kuasa BUN di Daerah|00||0|0
2026|01|634409|015|08|WA|4715|EBA|08|06|2|001|100| A|TANPA SUB KOMPONEN|00||0|0
2026|01|634409|015|08|WA|4715|EBA|08|06|2|001|100| B|Koordinasi Penyusunan ATK PU|00||0|0
2026|01|634409|015|08|WA|4715|EBA|08|06|2|002|100| A|TANPA SUB KOMPONEN|00||0|0
2026|01|634409|015|08|WA|4715|EBA|08|06|2|994|002| A|Keperluan Seharihari perkantoran|00||0|0
2026|01|634409|015|08|WA|4715|EBA|08|06|2|994|002| B|Langganan Daya dan Jasa|00||0|0
2026|01|634409|015|08|WA|4715|EBA|08|06|2|994|002| C|Pelaksanaan Operasional Kantor|00||0|0
2026|01|634409|015|08|WA|4715|EBA|08|06|2|994|002| D|Pemeliharaan Peralatan dan Mesin|00||0|0
2026|01|634409|015|08|WA|4715|EBA|08|06|2|994|002| G|Pemeliharaan Gedung dan Bangunan|00||0|0
2026|01|634409|015|08|WA|4715|EBA|08|06|2|994|002|HA|Dukungan Tusi - Konsultasi Pencairan Dana|00||0|0
2026|01|634409|015|08|WA|4715|EBA|08|06|2|994|002|HB|Dukungan Tusi - Reviu Belanja Pemerintah|00||0|0
2026|01|634409|015|08|WA|4715|EBA|08|06|2|994|002|HH|Dukungan Pelaksanaan Tusi Prioritas Direktif Presiden|00||0|0
2026|01|634409|015|08|WA|4715|EBA|08|06|2|994|002|TJ|Jasa PemeliharaanAnnual Technical Support (ATS)|00||0|0
2026|01|634409|015|08|WA|4715|EBD|08|06|2|Z36|100| B|Pelaksaan Manajemen Kinerja, Resiko, dan Kepatuhan Inrernal|00||0|0
2026|01|634409|015|08|WA|4718|BMB|08|06|2|002|100| A|TANPA SUB KOMPONEN|00||0|0
2026|01|634409|015|08|WA|4718|BMB|08|06|2|001|100| A|TANPA SUB KOMPONEN|00||0|0
2026|01|634409|015|08|WA|4719|EBA|08|06|2|994|001| A|TANPA SUB KOMPONEN|00||0|0
2026|01|634409|015|08|WA|4719|EBA|08|06|2|004|100| A|Survey Kepuasan Pengguna Layanan|00||0|0
2026|01|634409|015|08|WA|4719|EBC|08|06|2|001|100|XC|Penyelenggaraan Capacity Building|00||0|0
2026|01|634792|015|08|CD|6212|FAC|04|03|2|001|100| A|Training Modul Aplikasi SAKTI|00||0|0
2026|01|634792|015|08|CD|6212|FAC|04|03|2|001|100| B|FGD dan Bimtek Transfer Keuangan Daerah|00||0|0
2026|01|634792|015|08|CD|6212|FAH|04|03|2|001|100| A|TANPA SUB KOMPONEN|00||0|0
2026|01|634792|015|08|CD|6212|FAL|04|03|2|004|100| A|Konsultasi|00||0|0
2026|01|634792|015|08|CD|6212|FAL|04|03|2|004|100| B|Sosialisasi dan Bimbingan Teknis|00||0|0
2026|01|634792|015|08|CD|6212|FAL|04|03|2|004|100| D|Pembinaan Pemda, TKD, dan Penandatanganan BAR|00||0|0
2026|01|634792|015|08|CD|6213|FAC|04|03|2|001|100| A|Pembinaan Jabatan Fungsional Perbendaharaan|00||0|0
2026|01|634792|015|08|CD|6214|FAL|04|03|2|002|100| A|Pelaksanaan PencairanPenarikanPengesahan Dana|00||0|0
2026|01|634792|015|08|CD|6214|FAL|04|03|2|002|100| B|PenerbitanPersetujuanRekonsiliasi RekeningSKPPKonfirmasi Penerimaan Negara, dll|00||0|0
2026|01|634792|015|08|CD|6215|FAH|04|03|2|003|100| A|Penyusunan Laporan Keuangan Tingkat Kuasa BUN di Daerah|00||0|0
2026|01|634792|015|08|CD|6215|FAH|04|03|2|003|100| B|Koordinasi UAKBUND KPPN di Kanwil|00||0|0
2026|01|634792|015|08|WA|4715|EBA|04|03|2|001|100| A|TANPA SUB KOMPONEN|00||0|0
2026|01|634792|015|08|WA|4715|EBA|04|03|2|002|100| A|TANPA SUB KOMPONEN|00||0|0
2026|01|634792|015|08|WA|4715|EBA|04|03|2|994|002| A|Keperluan Seharihari Perkantoran|00||0|0
2026|01|634792|015|08|WA|4715|EBA|04|03|2|994|002| B|Langganan Daya dan Jasa|00||0|0
2026|01|634792|015|08|WA|4715|EBA|04|03|2|994|002| C|Pelaksanaan Operasional Kantor|00||0|0
2026|01|634792|015|08|WA|4715|EBA|04|03|2|994|002| D|Pemeliharaan Peralatan dan Mesin|00||0|0
2026|01|634792|015|08|WA|4715|EBA|04|03|2|994|002| G|Pemeliharaan Gedung dan Bangunan|00||0|0
2026|01|634792|015|08|WA|4715|EBA|04|03|2|994|002|HA|Dukungan Tusi - Konsultasi Pencairan Dana|00||0|0
2026|01|634792|015|08|WA|4715|EBA|04|03|2|994|002|HB|Dukungan Tusi - Reviu Belanja Pemerintah|00||0|0
2026|01|634792|015|08|WA|4715|EBA|04|03|2|994|002|HE|Dukungan Tusi - WBK WBBM|00||0|0
2026|01|634792|015|08|WA|4715|EBA|04|03|2|994|002|HH|Dukungan Pelaksaan Tusi Prioritas Direktif Presiden|00||0|0
2026|01|634792|015|08|WA|4715|EBA|04|03|2|994|002|TJ|Jasa PemeliharaanAnnual Technical Support (ATS)|00||0|0
2026|01|634792|015|08|WA|4715|EBD|04|03|2|Z36|100| B|Pelaksanaan Manajemen Kinerja, Resiko dan Kepatuhan Internal|00||0|0
2026|01|634792|015|08|WA|4718|BMB|04|03|2|001|100| A|TANPA SUB KOMPONEN|00||0|0
2026|01|634792|015|08|WA|4718|BMB|04|03|2|002|100| A|TANPA SUB KOMPONEN|00||0|0
2026|01|634792|015|08|WA|4719|EBA|04|03|2|994|001| A|TANPA SUB KOMPONEN|00||0|0
2026|01|634792|015|08|WA|4719|EBA|04|03|2|004|100| A|Survey Kepuasan Pengguna Layanan|00||0|0
2026|01|634792|015|08|WA|4719|EBC|04|03|2|001|100| A|Peningkatan Kapasitas SDM|00||0|0
2026|01|634984|015|08|CD|6212|BMB|16|04|2|001|100| A|TANPA SUB KOMPONEN|00||0|0
2026|01|634984|015|08|CD|6212|FAC|16|04|2|001|100| A|Training Modul Aplikasi SAKTI|00||0|0
2026|01|634984|015|08|CD|6212|FAC|16|04|2|001|100| B|FGD dan Bimtek Transfer Keuangan Daerah|00||0|0
2026|01|634984|015|08|CD|6212|FAH|16|04|2|001|100| A|TANPA SUB KOMPONEN|00||0|0
2026|01|634984|015|08|CD|6212|FAL|16|04|2|004|100| A|Konsultasi|00||0|0
2026|01|634984|015|08|CD|6212|FAL|16|04|2|004|100| B|Sosialisasi dan Bimbingan Teknis|00||0|0
2026|01|634984|015|08|CD|6212|FAL|16|04|2|004|100| D|Pembinaan Pemda, TKD, dan Penandatanganan BAR|00||0|0
2026|01|634984|015|08|CD|6213|FAC|16|04|2|001|100| A|Pembinaan Jabatan Fungsional Perbendaharaan|00||0|0
2026|01|634984|015|08|CD|6213|FAE|16|04|2|009|100| A|Monev Penyaluran Pembiayaan Ultra Mikro|00||0|0
2026|01|634984|015|08|CD|6213|FAL|16|04|2|003|100| A|Monev Pelaksanaan Anggaran|00||0|0
2026|01|634984|015|08|CD|6214|FAL|16|04|2|002|100| A|Pelaksanaan PencairanPenarikanPengesahan Dana|00||0|0
2026|01|634984|015|08|CD|6214|FAL|16|04|2|002|100| B|PenerbitanPersetujuanRekonsiliasi RekeningSKPPKonfirmasi Penerimaan Negara, dll|00||0|0
2026|01|634984|015|08|CD|6215|FAH|16|04|2|003|100| A|Penyusunan Laporan Keuangan Tingkat Kuasa BUN di Daerah|00||0|0
2026|01|634984|015|08|CD|6215|FAH|16|04|2|003|100| B|Koordinasi UAKBUN-D KPPN di Kanwil|00||0|0
2026|01|634984|015|08|WA|4715|EBA|16|04|2|001|100| A|TANPA SUB KOMPONEN|00||0|0
2026|01|634984|015|08|WA|4715|EBA|16|04|2|002|100| A|TANPA SUB KOMPONEN|00||0|0
2026|01|634984|015|08|WA|4715|EBA|16|04|2|994|002| A|Keperluan Seharihari Perkantoran|00||0|0
2026|01|634984|015|08|WA|4715|EBA|16|04|2|994|002| B|Langganan Daya dan Jasa|00||0|0
2026|01|634984|015|08|WA|4715|EBA|16|04|2|994|002| C|Pelaksanaan Operasional Kantor|00||0|0
2026|01|634984|015|08|WA|4715|EBA|16|04|2|994|002| D|Pemeliharaan Peralatan dan Mesin|00||0|0
2026|01|634984|015|08|WA|4715|EBA|16|04|2|994|002| G|Pemeliharaan Gedung dan Bangunan|00||0|0
2026|01|634984|015|08|WA|4715|EBA|16|04|2|994|002|HA|Dukungan Tusi - Konsultasi Pencairan Dana|00||0|0
2026|01|634984|015|08|WA|4715|EBA|16|04|2|994|002|HB|Dukungan Tusi - Reviu Belanja Pemerintah|00||0|0
2026|01|634984|015|08|WA|4715|EBA|16|04|2|994|002|HH|Dukungan Pelaksaan Tusi Prioritas Direktif Presiden|00||0|0
2026|01|634984|015|08|WA|4715|EBA|16|04|2|994|002|TJ|Jasa PemeliharaanAnnual Technical Support (ATS)|00||0|0
2026|01|634984|015|08|WA|4718|BMB|16|04|2|002|100| A|TANPA SUB KOMPONEN|00||0|0
2026|01|634984|015|08|WA|4718|BMB|16|04|2|001|100| A|TANPA SUB KOMPONEN|00||0|0
2026|01|634984|015|08|WA|4719|EBA|16|04|2|994|001| A|TANPA SUB KOMPONEN|00||0|0
2026|01|634984|015|08|WA|4719|EBA|16|04|2|004|100| A|Survey Kepuasan Pengguna Layanan|00||0|0
2026|01|634984|015|08|WA|4719|EBC|16|04|2|001|100|XC|Penyelenggaraan Capacity Building|00||0|0
2026|01|634991|015|08|CD|6212|BMB|35|02|2|001|100| A|Profilling UMKM|00||0|0
2026|01|634991|015|08|CD|6212|FAC|35|02|2|001|100| A|Training Modul Aplikasi SAKTI|00||0|0
2026|01|634991|015|08|CD|6212|FAC|35|02|2|001|100| B|FGD dan Bimtek Transfer Keuangan Daerah|00||0|0
2026|01|634991|015|08|CD|6212|FAH|35|02|2|001|100| A|TANPA SUB KOMPONEN|00||0|0
2026|01|634991|015|08|CD|6212|FAL|35|02|2|004|100| A|Konsultasi|00||0|0
2026|01|634991|015|08|CD|6212|FAL|35|02|2|004|100| B|Sosialisasi dan Bimbingan Teknis|00||0|0
2026|01|634991|015|08|CD|6212|FAL|35|02|2|004|100| D|Pembinaan Pemda, TKD, dan Penandatanganan BAR|00||0|0
2026|01|634991|015|08|CD|6213|FAC|35|02|2|001|100| A|Pembinaan Jabatan Fungsional Perbendaharaan|00||0|0
2026|01|634991|015|08|CD|6213|FAE|35|02|2|009|100| A|Monev Penyaluran Pembiayaan Ultra Mikro|00||0|0
2026|01|634991|015|08|CD|6213|FAL|35|02|2|003|100| A|Monev Pelaksanaan Anggaran|00||0|0
2026|01|634991|015|08|CD|6214|FAL|35|02|2|002|100| A|Pelaksanaan PencairanPenarikanPengesahan Dana|00||0|0
2026|01|634991|015|08|CD|6214|FAL|35|02|2|002|100| B|PenerbitanPersetujuanRekonsiliasi RekeningSKPPKonfirmasi Penerimaan Negara, dll|00||0|0
2026|01|634991|015|08|CD|6215|FAH|35|02|2|003|100| A|Penyusunan Laporan Keuangan Tingkat Kuasa BUN di Daerah|00||0|0
2026|01|634991|015|08|WA|4715|EBA|35|02|2|001|100| A|TANPA SUB KOMPONEN|00||0|0
2026|01|634991|015|08|WA|4715|EBA|35|02|2|002|100| A|TANPA SUB KOMPONEN|00||0|0
2026|01|634991|015|08|WA|4715|EBA|35|02|2|994|002| A|Keperluan Seharihari Perkantoran|00||0|0
2026|01|634991|015|08|WA|4715|EBA|35|02|2|994|002| B|Langganan Daya dan Jasa|00||0|0
2026|01|634991|015|08|WA|4715|EBA|35|02|2|994|002| C|Pelaksanaan Operasional Kantor|00||0|0
2026|01|634991|015|08|WA|4715|EBA|35|02|2|994|002| D|Pemeliharaan Peralatan dan Mesin|00||0|0
2026|01|634991|015|08|WA|4715|EBA|35|02|2|994|002| G|Pemeliharaan Gedung dan Bangunan|00||0|0
2026|01|634991|015|08|WA|4715|EBA|35|02|2|994|002|HA|Dukungan Tusi - Konsultasi Pencairan Dana|00||0|0
2026|01|634991|015|08|WA|4715|EBA|35|02|2|994|002|HB|Dukungan Tusi - Reviu Belanja Pemerintah|00||0|0
2026|01|634991|015|08|WA|4715|EBA|35|02|2|994|002|HH|Dukungan Pelaksanaan Tusi Prioritas Direktif Presiden|00||0|0
2026|01|634991|015|08|WA|4715|EBA|35|02|2|994|002|TJ|Jasa PemeliharaanAnnual Technical Support (ATS)|00||0|0
2026|01|634991|015|08|WA|4715|EBD|35|02|2|Z36|100| B|Pelaksanaan Manajemen Kinerja, Resiko dan Kepatuhan Internal|00||0|0
2026|01|634991|015|08|WA|4718|BMB|35|02|2|001|100| A|TANPA SUB KOMPONEN|00||0|0
2026|01|634991|015|08|WA|4718|BMB|35|02|2|002|100| A|TANPA SUB KOMPONEN|00||0|0
2026|01|634991|015|08|WA|4719|EBA|35|02|2|004|100| A|Survey Kepuasan Pengguna Layanan|00||0|0
2026|01|634991|015|08|WA|4719|EBA|35|02|2|994|001| A|TANPA SUB KOMPONEN|00||0|0
2026|01|634991|015|08|WA|4719|EBC|35|02|2|001|100|XC|Penyelenggaraan Capacity Building|00||0|0
2026|01|634860|015|08|CD|6212|BMB|05|56|2|001|100| A|Profiling UMKM|00||0|0
2026|01|634860|015|08|CD|6212|FAC|05|56|2|001|100| A|Training Modul Aplikasi SAKTI|00||0|0
2026|01|634860|015|08|CD|6212|FAC|05|56|2|001|100| B|FGD dan Bimtek Transfer Keuangan Daerah|00||0|0
2026|01|634860|015|08|CD|6212|FAH|05|56|2|001|100| A|TANPA SUB KOMPONEN|00||0|0
2026|01|634860|015|08|CD|6212|FAL|05|56|2|004|100| A|KonsultasI|00||0|0
2026|01|634860|015|08|CD|6212|FAL|05|56|2|004|100| B|Sosialisasi dan Bimbingan Teknis|00||0|0
2026|01|634860|015|08|CD|6212|FAL|05|56|2|004|100| D|Pembinaan Pemda, TKD, dan Penandatanganan BAR|00||0|0
2026|01|634860|015|08|CD|6213|FAC|05|56|2|001|100| A|Pembinaan Jabatan Fungsional Perbendaharaan|00||0|0
2026|01|634860|015|08|CD|6213|FAL|05|56|2|003|100| A|Monev Pelaksanaan Anggaran|00||0|0
2026|01|634860|015|08|CD|6214|FAL|05|56|2|002|100| A|Pelaksanaan Pencairan/Penarikan/Pengesahan Dana|00||0|0
2026|01|634860|015|08|CD|6214|FAL|05|56|2|002|100| B|Penerbitan/Persetujuan/Rekonsiliasi Rekening/SKPP/Konfirmasi Penerimaan Negara, dll|00||0|0
2026|01|634860|015|08|CD|6215|FAH|05|56|2|003|100| A|Penyusunan Laporan Keuangan Tingkat Kuasa BUN di Daerah|00||0|0
2026|01|634860|015|08|WA|4715|EBA|05|56|2|001|100| A|TANPA SUB KOMPONEN|00||0|0
2026|01|634860|015|08|WA|4715|EBA|05|56|2|002|100| A|TANPA SUB KOMPONEN|00||0|0
2026|01|634860|015|08|WA|4715|EBA|05|56|2|994|002| A|Keperluan Sehari-hari Perkantoran|00||0|0
2026|01|634860|015|08|WA|4715|EBA|05|56|2|994|002| B|Langganan Daya dan Jasa|00||0|0
2026|01|634860|015|08|WA|4715|EBA|05|56|2|994|002| C|Pelaksanaan Operasional Kantor|00||0|0
2026|01|634860|015|08|WA|4715|EBA|05|56|2|994|002| D|Pemeliharaan Peralatan dan Mesin|00||0|0
2026|01|634860|015|08|WA|4715|EBA|05|56|2|994|002| G|Pemeliharaan Gedung dan Bangunan|00||0|0
2026|01|634860|015|08|WA|4715|EBA|05|56|2|994|002|HA|Dukungan Tusi - Konsultasi Pencairan Dana|00||0|0
2026|01|634860|015|08|WA|4715|EBA|05|56|2|994|002|HB|Dukungan Tusi - Reviu Belanja Pemerintah|00||0|0
2026|01|634860|015|08|WA|4715|EBA|05|56|2|994|002|HH|Dukungan Pelaksaan Tusi Prioritas Direktif Presiden |00||0|0
2026|01|634860|015|08|WA|4715|EBA|05|56|2|994|002|TJ|Jasa Pemeliharaan/ Annual Technical Support (ATS)|00||0|0
2026|01|634860|015|08|WA|4715|EBD|05|56|2|Z36|100| B|Pelaksanaan Manajemen Kinerja, Resiko dan Kepatuhan Internal|00||0|0
2026|01|634860|015|08|WA|4718|BMB|05|56|2|002|100| A|TANPA SUB KOMPONEN|00||0|0
2026|01|634860|015|08|WA|4718|BMB|05|56|2|001|100| A|TANPA SUB KOMPONEN|00||0|0
2026|01|634860|015|08|WA|4719|EBA|05|56|2|994|001| A|TANPA SUB KOMPONEN|00||0|0
2026|01|634860|015|08|WA|4719|EBA|05|56|2|004|100| A|Survey Kepuasan Pengguna Layanan|00||0|0
2026|01|634860|015|08|WA|4719|EBC|05|56|2|001|100| A|Peningkatan Kapasitas SDM|00||0|0
2026|01|634963|015|08|CD|6212|FAH|15|07|2|001|100| A|TANPA SUB KOMPONEN|00||0|0
2026|01|634963|015|08|CD|6212|FAL|15|07|2|004|100| A|Konsultasi|00||0|0
2026|01|634963|015|08|CD|6212|FAL|15|07|2|004|100| B|Sosialisasi dan Bimbingan Teknis|00||0|0
2026|01|634963|015|08|CD|6212|FAL|15|07|2|004|100| C|Pembinaan Satker|00||0|0
2026|01|634963|015|08|CD|6212|FAL|15|07|2|004|100| D|Pembinaan Pemda, TKD, dan Penandatanganan BA Rekonsiliasi Pajak|00||0|0
2026|01|634963|015|08|CD|6213|FAC|15|07|2|001|100| A|Pembinaan Jabatan Fungsional Perbendaharaan|00||0|0
2026|01|634963|015|08|CD|6213|FAE|15|07|2|009|100| A|Monev Penyaluran Pembiayaan Ultra Mikro|00||0|0
2026|01|634963|015|08|CD|6213|FAL|15|07|2|003|100| A|Monev Pelaksanaan Anggaran|00||0|0
2026|01|634963|015|08|CD|6214|FAL|15|07|2|002|100| A|Pelaksanaan Pencairan/Penarikan/Pengesahan Dana|00||0|0
2026|01|634963|015|08|CD|6214|FAL|15|07|2|002|100| B|Penerbitan/Persetujuan/Rekonsiliasi Rekening/SKPP/Konfirmasi Penerimaan Negara, dll|00||0|0
2026|01|634963|015|08|CD|6215|FAH|15|07|2|003|100| A|Penyusunan Laporan Keuangan Tingkat Kuasa BUN di Daerah|00||0|0
2026|01|634963|015|08|WA|4715|EBA|15|07|2|001|100| A|TANPA SUB KOMPONEN|00||0|0
2026|01|634963|015|08|WA|4715|EBA|15|07|2|001|100| B|Koordinasi Penyusunan ATK PU|00||0|0
2026|01|634963|015|08|WA|4715|EBA|15|07|2|002|100| A|TANPA SUB KOMPONEN|00||0|0
2026|01|634963|015|08|WA|4715|EBA|15|07|2|994|002| A|Keperluan Sehari-hari Perkantoran|00||0|0
2026|01|634963|015|08|WA|4715|EBA|15|07|2|994|002| B|Langganan Daya dan Jasa|00||0|0
2026|01|634963|015|08|WA|4715|EBA|15|07|2|994|002| C|Pelaksanaan Operasional Kantor|00||0|0
2026|01|634963|015|08|WA|4715|EBA|15|07|2|994|002| D|Pemeliharaan Peralatan dan Mesin|00||0|0
2026|01|634963|015|08|WA|4715|EBA|15|07|2|994|002| G|Pemeliharaan Gedung dan Bangunan|00||0|0
2026|01|634963|015|08|WA|4715|EBA|15|07|2|994|002|HA|Dukungan Tusi - Konsultasi Pencairan Dana|00||0|0
2026|01|634963|015|08|WA|4715|EBA|15|07|2|994|002|HB|Dukungan Tusi - Reviu Belanja Pemerintah|00||0|0
2026|01|634963|015|08|WA|4715|EBA|15|07|2|994|002|HH|Dukungan Pelaksanaan Tusi Prioritas Direktif Presiden|00||0|0
2026|01|634963|015|08|WA|4715|EBA|15|07|2|994|002|TJ|Jasa Pemeliharaan/ Annual Technical Support (ATS)|00||0|0
2026|01|634963|015|08|WA|4715|EBD|15|07|2|Z36|100| B|Pelaksanaan Manajemen Kinerja, Resiko, dan Kepatuhan Internal|00||0|0
2026|01|634963|015|08|WA|4718|BMB|15|07|2|001|100| A|TANPA SUB KOMPONEN|00||0|0
2026|01|634963|015|08|WA|4718|BMB|15|07|2|002|100| A|TANPA SUB KOMPONEN|00||0|0
2026|01|634963|015|08|WA|4719|EBA|15|07|2|004|100| A|Survey Kepuasan Pengguna Layanan|00||0|0
2026|01|634963|015|08|WA|4719|EBA|15|07|2|994|001| A|TANPA SUB KOMPONEN|00||0|0
2026|01|634963|015|08|WA|4719|EBC|15|07|2|001|100|XC|Penyelenggaraan Capacity Building|00||0|0
2026|01|634963|015|08|CD|6212|BMB|15|07|2|001|100| A|Profiling UMKM|00||0|0
2026|01|634963|015|08|CD|6212|FAC|15|07|2|001|100| A|Training Modul Aplikasi SAKTI|00||0|0
2026|01|634963|015|08|CD|6212|FAC|15|07|2|001|100| B|FGD dan Bimtek Transfer Keuangan Daerah|00||0|0
2026|01|635045|015|08|CD|6212|FAC|22|05|2|001|100| A|Training Modul Aplikasi SAKTI|00||0|0
2026|01|635045|015|08|CD|6212|FAC|22|05|2|001|100| B|FGD dan Bimtek Transfer Keuangan Daerah|00||0|0
2026|01|635045|015|08|CD|6212|FAH|22|05|2|001|100| A|TANPA SUB KOMPONEN|00||0|0
2026|01|635045|015|08|CD|6212|FAL|22|05|2|004|100| A|Konsultasi|00||0|0
2026|01|635045|015|08|CD|6212|FAL|22|05|2|004|100| B|Sosialisasi dan Bimbingan Teknis|00||0|0
2026|01|635045|015|08|CD|6212|FAL|22|05|2|004|100| C|Pembinaan Satker|00||0|0
2026|01|635045|015|08|CD|6212|FAL|22|05|2|004|100| D|Pembinaan Pemda, TKD, dan Penandatanganan BAR|00||0|0
2026|01|635045|015|08|CD|6213|FAC|22|05|2|001|100| A|Pembinaan Jabatan Fungsional Perbendaharaan|00||0|0
2026|01|635045|015|08|CD|6213|FAL|22|05|2|003|100| A|Monev Pelaksanaan Anggaran|00||0|0
2026|01|635045|015|08|WA|4715|EBD|22|05|2|Z36|100| B|Pelaksanaan Manajemen Kinerja, Resiko dan Kepatuhan Internal|00||0|0
2026|01|635045|015|08|CD|6214|FAL|22|05|2|002|100| B|PenerbitanPersetujuanRekonsiliasi RekeningSKPPKonfirmasi Penerimaan Negara, dll|00||0|0
2026|01|635045|015|08|CD|6215|FAH|22|05|2|003|100| A|Penyusunan Laporan Keuangan Tingkat Kuasa BUN di Daerah|00||0|0
2026|01|635045|015|08|CD|6215|FAH|22|05|2|003|100| B|Koordinasi UAKBUND KPPN di Kanwil (Cross Program)|00||0|0
2026|01|635045|015|08|WA|4715|EBA|22|05|2|001|100| A|TANPA SUB KOMPONEN|00||0|0
2026|01|635045|015|08|WA|4715|EBA|22|05|2|001|100| B|Koordinasi Penyusunan ATK PU|00||0|0
2026|01|635045|015|08|WA|4715|EBA|22|05|2|002|100| A|TANPA SUB KOMPONEN|00||0|0
2026|01|635045|015|08|WA|4715|EBA|22|05|2|994|002| A|Keperluan Seharihari Perkantoran|00||0|0
2026|01|635045|015|08|WA|4715|EBA|22|05|2|994|002| B|Langganan Daya dan Jasa|00||0|0
2026|01|635045|015|08|WA|4715|EBA|22|05|2|994|002| C|Pelaksanaan Operasional Kantor|00||0|0
2026|01|635045|015|08|WA|4715|EBA|22|05|2|994|002| D|Pemeliharaan Peralatan dan Mesin|00||0|0
2026|01|635045|015|08|WA|4715|EBA|22|05|2|994|002| G|Pemeliharaan Gedung dan Bangunan|00||0|0
2026|01|635045|015|08|WA|4715|EBA|22|05|2|994|002|HA|Dukungan Tusi - Konsultasi Pencairan Dana|00||0|0
2026|01|635045|015|08|WA|4715|EBA|22|05|2|994|002|HB|Dukungan Tusi - Reviu Belanja Pemerintah|00||0|0
2026|01|635045|015|08|WA|4715|EBA|22|05|2|994|002|HH|Dukungan Pelaksanaan Tusi Prioritas Direktif Presiden|00||0|0
2026|01|635045|015|08|WA|4715|EBA|22|05|2|994|002|TJ|Jasa PemeliharaanAnnual Technical Support (ATS)|00||0|0
2026|01|635045|015|08|WA|4718|BMB|22|05|2|001|100| A|TANPA SUB KOMPONEN|00||0|0
2026|01|635045|015|08|WA|4718|BMB|22|05|2|002|100| A|TANPA SUB KOMPONEN|00||0|0
2026|01|635045|015|08|WA|4719|EBA|22|05|2|004|100| A|Survey Kepuasan Pengguna Layanan|00||0|0
2026|01|635045|015|08|WA|4719|EBA|22|05|2|994|001| A|TANPA SUB KOMPONEN|00||0|0
2026|01|635045|015|08|WA|4719|EBC|22|05|2|001|100|XC|Penyelenggaraan Capacity Building|00||0|0
2026|01|635120|015|08|CD|6212|FAC|19|14|2|001|100| A|Training Modul Aplikasi SAKTI|00||0|0
2026|01|635120|015|08|CD|6212|FAC|19|14|2|001|100| B|FGD dan Bimtek Transfer Keuangan Daerah|00||0|0
2026|01|635120|015|08|CD|6212|FAH|19|14|2|001|100| A|TANPA SUB KOMPONEN|00||0|0
2026|01|635120|015|08|CD|6212|FAL|19|14|2|004|100| A|Konsultasi|00||0|0
2026|01|635120|015|08|CD|6212|FAL|19|14|2|004|100| B|Sosialisasi dan Bimbingan Teknis|00||0|0
2026|01|635120|015|08|CD|6212|FAL|19|14|2|004|100| C|Pembinaan Satker|00||0|0
2026|01|635120|015|08|CD|6212|FAL|19|14|2|004|100| D|Pembinaan Pemda, TKD, dan Penandatanganan BAR|00||0|0
2026|01|635120|015|08|CD|6213|FAC|19|14|2|001|100| A|Pembinaan Jabatan Fungsional Perbendaharaan|00||0|0
2026|01|635120|015|08|CD|6213|FAL|19|14|2|003|100| A|Monev Pelaksanaan Anggaran|00||0|0
2026|01|635120|015|08|CD|6214|FAL|19|14|2|002|100| A|Pelaksanaan PencairanPenarikanPengesahan Dana|00||0|0
2026|01|635120|015|08|CD|6214|FAL|19|14|2|002|100| B|PenerbitanPersetujuanRekonsiliasi RekeningSKPPKonfirmasi Penerimaan Negara, dll|00||0|0
2026|01|635120|015|08|CD|6215|FAH|19|14|2|003|100| A|Penyusunan Laporan Keuangan Tingkat Kuasa BUN di Daerah|00||0|0
2026|01|635120|015|08|WA|4715|EBA|19|14|2|001|100| A|TANPA SUB KOMPONEN|00||0|0
2026|01|635120|015|08|WA|4715|EBA|19|14|2|001|100| B|Koordinasi Penyusunana ATK PU|00||0|0
2026|01|635120|015|08|WA|4715|EBA|19|14|2|002|100| A|TANPA SUB KOMPONEN|00||0|0
2026|01|635120|015|08|WA|4715|EBA|19|14|2|994|002| A|Keperluan Seharihari Perkantoran|00||0|0
2026|01|635120|015|08|WA|4715|EBA|19|14|2|994|002| B|Langganan Daya dan Jasa|00||0|0
2026|01|635120|015|08|WA|4715|EBA|19|14|2|994|002| C|Pelaksanaan Operasional Kantor|00||0|0
2026|01|635120|015|08|WA|4715|EBA|19|14|2|994|002| D|Pemeliharaan Peralatan dan Mesin|00||0|0
2026|01|635120|015|08|WA|4715|EBA|19|14|2|994|002| G|Pemeliharaan Gedung dan Bangunan|00||0|0
2026|01|635120|015|08|WA|4715|EBA|19|14|2|994|002|HA|Dukungan Tusi - Konsultasi Pencairan Dana|00||0|0
2026|01|635120|015|08|WA|4715|EBA|19|14|2|994|002|HB|Dukungan Tusi - Reviu Belanja Pemerintah|00||0|0
2026|01|635120|015|08|WA|4715|EBA|19|14|2|994|002|HH|Dukungan Pelaksanaan Tusi Prioritas Direktif Presiden|00||0|0
2026|01|635120|015|08|WA|4715|EBA|19|14|2|994|002|TJ|Jasa PemeliharaanAnnual Technical Support (ATS)|00||0|0
2026|01|635120|015|08|WA|4715|EBD|19|14|2|Z36|100| B|Pelaksanaan Manajemen Kinerja, Resiko dan Kepatuhan Internal|00||0|0
2026|01|635120|015|08|WA|4718|BMB|19|14|2|002|100| A|TANPA SUB KOMPONEN|00||0|0
2026|01|635120|015|08|WA|4718|BMB|19|14|2|001|100| A|TANPA SUB KOMPONEN|00||0|0
2026|01|635120|015|08|WA|4719|EBA|19|14|2|994|001| A|TANPA SUB KOMPONEN|00||0|0
2026|01|635120|015|08|WA|4719|EBA|19|14|2|004|100| A|Survey Kepuasan Pengguna Layanan|00||0|0
2026|01|635120|015|08|WA|4719|EBC|19|14|2|001|100|XC|Penyelenggaraan Capacity Building|00||0|0
2026|01|635155|015|08|CD|6212|FAC|20|03|2|001|100| A|Training Modul Aplikasi SAKTI|00||0|0
2026|01|635155|015|08|CD|6212|FAC|20|03|2|001|100| B|FGD dan Bimtek Transfer Keuangan Daerah|00||0|0
2026|01|635155|015|08|CD|6212|FAH|20|03|2|001|100| A|TANPA SUB KOMPONEN|00||0|0
2026|01|635155|015|08|CD|6212|FAL|20|03|2|004|100| A|Konsultasi|00||0|0
2026|01|635155|015|08|CD|6212|FAL|20|03|2|004|100| B|Sosialisasi dan Bimbingan Teknis|00||0|0
2026|01|635155|015|08|CD|6212|FAL|20|03|2|004|100| D|Pembinaan Pemda, TKD dan Penandatanganan BAR|00||0|0
2026|01|635155|015|08|CD|6213|FAC|20|03|2|001|100| A|Pembinaan Jabatan Fungsional Perbendaharaan|00||0|0
2026|01|635155|015|08|CD|6213|FAL|20|03|2|003|100| A|Monev Pelaksanaan Anggaran|00||0|0
2026|01|635155|015|08|CD|6214|FAL|20|03|2|002|100| A|Pelaksanaan PencairanPenarikanPengesahan Dana|00||0|0
2026|01|635155|015|08|CD|6214|FAL|20|03|2|002|100| B|PenerbitanPersetujuanRekonsiliasi RekeningSKPPKonfirmasi Penerimaan Negara dll|00||0|0
2026|01|635155|015|08|CD|6215|FAH|20|03|2|003|100| A|Penyusunan Laporan Keuangan Tingkat Kuasa BUN di Daerah|00||0|0
2026|01|635155|015|08|WA|4715|EBA|20|03|2|001|100| A|TANPA SUB KOMPONEN|00||0|0
2026|01|635155|015|08|WA|4715|EBA|20|03|2|001|100| B|Koordinasi Penyusunan ATK PU|00||0|0
2026|01|635155|015|08|WA|4715|EBA|20|03|2|002|100| A|TANPA SUB KOMPONEN|00||0|0
2026|01|635155|015|08|WA|4715|EBA|20|03|2|994|002| A|Keperluan Seharihari Perkantoran|00||0|0
2026|01|635155|015|08|WA|4715|EBA|20|03|2|994|002| B|Langganan Daya dan Jasa|00||0|0
2026|01|635155|015|08|WA|4715|EBA|20|03|2|994|002| C|Pelaksanaan Operasional Kantor|00||0|0
2026|01|635155|015|08|WA|4715|EBA|20|03|2|994|002| D|Pemeliharaan Peralatan dan Mesin|00||0|0
2026|01|635155|015|08|WA|4715|EBA|20|03|2|994|002| G|Pemeliharaan Gedung dan Bangunan|00||0|0
2026|01|635155|015|08|WA|4715|EBA|20|03|2|994|002|HA|Dukungan Tusi - Konsultasi Pencairan Dana|00||0|0
2026|01|635155|015|08|WA|4715|EBA|20|03|2|994|002|HB|Dukungan Tusi - Reviu Belanja Pemerintah|00||0|0
2026|01|635155|015|08|WA|4715|EBA|20|03|2|994|002|HH|Dukungan Pelaksaan Tusi Prioritas Direktif Presiden |00||0|0
2026|01|635155|015|08|WA|4715|EBA|20|03|2|994|002|TJ|Jasa PemeliharaanAnnual Technical Support (ATS)|00||0|0
2026|01|635155|015|08|WA|4715|EBD|20|03|2|Z36|100| B|Pelaksanaan Manajemen Kinerja, Resiko dan Kepatuhan Internal|00||0|0
2026|01|635155|015|08|WA|4718|BMB|20|03|2|001|100| A|TANPA SUB KOMPONEN|00||0|0
2026|01|635155|015|08|WA|4718|BMB|20|03|2|002|100| A|TANPA SUB KOMPONEN|00||0|0
2026|01|635155|015|08|WA|4719|EBA|20|03|2|004|100| A|TANPA SUB KOMPONEN|00||0|0
2026|01|635155|015|08|WA|4719|EBA|20|03|2|994|001| A|TANPA SUB KOMPONEN|00||0|0
2026|01|635155|015|08|WA|4719|EBC|20|03|2|001|100|XC|Penyelenggaraan Capacity Building|00||0|0
2026|01|635162|015|08|CD|6212|BMB|20|04|2|001|100| A|Profling UMKM|00||0|0
2026|01|635162|015|08|CD|6212|FAC|20|04|2|001|100| A|Training Modul Aplikasi SAKTI|00||0|0
2026|01|635162|015|08|CD|6212|FAC|20|04|2|001|100| B|FGD dan Bimtek Transfer Keuangan Daerah|00||0|0
2026|01|635162|015|08|CD|6212|FAH|20|04|2|001|100| A|TANPA SUB KOMPONEN|00||0|0
2026|01|635162|015|08|CD|6212|FAL|20|04|2|004|100| A|Konsultasi|00||0|0
2026|01|635162|015|08|CD|6212|FAL|20|04|2|004|100| B|Sosialisasi dan Bimbingan Teknis|00||0|0
2026|01|635162|015|08|CD|6212|FAL|20|04|2|004|100| D|Pembinaan Pemda, TKD, Penandatanganan BA Rekonsiliasi Pajak|00||0|0
2026|01|635162|015|08|CD|6213|FAC|20|04|2|001|100| A|Pembinaan Jabatan Fungsional Perbendaharaan|00||0|0
2026|01|635162|015|08|CD|6213|FAL|20|04|2|003|100| A|Monev Pelaksanaan Anggaran|00||0|0
2026|01|635162|015|08|CD|6214|FAL|20|04|2|002|100| A|Pelaksanaan PecairanPenarikanPengesahan Dana|00||0|0
2026|01|635162|015|08|CD|6214|FAL|20|04|2|002|100| B|PenerbitanPersetujuanRekonsiliasi RekeningSKPPKonfirmasi Penerimaan Negara, dll|00||0|0
2026|01|635162|015|08|CD|6215|FAH|20|04|2|003|100| A|Penyusunan Laporan Keuangan Tingkat Kuasa BUN di Daerah|00||0|0
2026|01|635162|015|08|WA|4715|EBA|20|04|2|001|100| A|TANPA SUB KOMPONEN|00||0|0
2026|01|635162|015|08|WA|4715|EBA|20|04|2|002|100| A|TANPA SUB KOMPONEN|00||0|0
2026|01|635162|015|08|WA|4715|EBA|20|04|2|994|002| A|Keperluan Seharihari Perkantoran|00||0|0
2026|01|635162|015|08|WA|4715|EBA|20|04|2|994|002| B|Langganan Daya dan Jasa|00||0|0
2026|01|635162|015|08|WA|4715|EBA|20|04|2|994|002| C|Pelaksanaan Operasional Kantor|00||0|0
2026|01|635162|015|08|WA|4715|EBA|20|04|2|994|002| D|Pemeliharaan Peralatan dan Mesin|00||0|0
2026|01|635162|015|08|WA|4715|EBA|20|04|2|994|002| G|Pemeliharaan Gedung dan Bangunan|00||0|0
2026|01|635162|015|08|WA|4715|EBA|20|04|2|994|002|HA|Dukungan Tusi Konsultasi Pencairan Dana|00||0|0
2026|01|635162|015|08|WA|4715|EBA|20|04|2|994|002|HB|Dukungan Tusi Reviu Belanja Pemerintah|00||0|0
2026|01|635162|015|08|WA|4715|EBA|20|04|2|994|002|HH|Dukungan Pelaksanaan Tusi Prioritas Direktif Presiden|00||0|0
2026|01|635162|015|08|WA|4715|EBA|20|04|2|994|002|TJ|Jasa Pemeliharaan Annual Technical Support (ATS)|00||0|0
2026|01|635162|015|08|WA|4715|EBD|20|04|2|Z36|100| B|Pelaksanaan Manajemen Kinerja, Resiko, dan Kepatuhan Internal|00||0|0
2026|01|635162|015|08|WA|4718|BMB|20|04|2|002|100| A|TANPA SUB KOMPONEN|00||0|0
2026|01|635162|015|08|WA|4718|BMB|20|04|2|001|100| A|TANPA SUB KOMPONEN|00||0|0
2026|01|635162|015|08|WA|4719|EBA|20|04|2|004|100| A|Survey Kepuasan Penggunaan Layanan|00||0|0
2026|01|635162|015|08|WA|4719|EBA|20|04|2|994|001| A|TANPA SUB KOMPONEN|00||0|0
2026|01|635162|015|08|WA|4719|EBC|20|04|2|001|100|XC|Penyelenggaraan Capacity Building|00||0|0
2026|01|635197|015|08|CD|6212|BMB|17|03|2|001|100| A|Profiling UMKM|00||0|0
2026|01|635197|015|08|CD|6212|FAC|17|03|2|001|100| A|Training Modul Aplikasi SAKTI|00||0|0
2026|01|635197|015|08|CD|6212|FAC|17|03|2|001|100| B|FGD dan Bimtek Transfer Keuangan Daerah|00||0|0
2026|01|635197|015|08|CD|6212|FAH|17|03|2|001|100| A|TANPA SUB KOMPONEN|00||0|0
2026|01|635197|015|08|CD|6212|FAL|17|03|2|004|100| A|Konsultasi|00||0|0
2026|01|635197|015|08|CD|6212|FAL|17|03|2|004|100| B|Sosialisasi dan Bimbingan Teknis|00||0|0
2026|01|635197|015|08|CD|6212|FAL|17|03|2|004|100| D|Pembinaan Pemda, TKD, dan Penandatanganan BAR|00||0|0
2026|01|635197|015|08|CD|6213|FAC|17|03|2|001|100| A|Pembinaan Jabatan Fungsional Perbendaharaan|00||0|0
2026|01|635197|015|08|CD|6213|FAE|17|03|2|009|100| A|Monev Penyaluran Pembiayaan Ultra Mikro|00||0|0
2026|01|635197|015|08|CD|6213|FAL|17|03|2|003|100| A|Monev Pelaksanaan Anggaran|00||0|0
2026|01|635197|015|08|CD|6214|FAL|17|03|2|002|100| A|Pelaksanaan PencairanPenarikanPengesahan Dana|00||0|0
2026|01|635197|015|08|CD|6214|FAL|17|03|2|002|100| B|PenerbitanPersetujuanRekonsiliasi RekeningSKPPKonfirmasi Penerimaan Negara, dll|00||0|0
2026|01|635197|015|08|CD|6215|FAH|17|03|2|003|100| A|Penyusunan Laporan Keuangan Tingkat Kuasa BUN di Daerah|00||0|0
2026|01|635197|015|08|WA|4715|EBA|17|03|2|001|100| A|TANPA SUB KOMPONEN|00||0|0
2026|01|635197|015|08|WA|4715|EBA|17|03|2|002|100| A|TANPA SUB KOMPONEN|00||0|0
2026|01|635197|015|08|WA|4715|EBA|17|03|2|994|002| A|Keperluan Seharihari Perkantoran|00||0|0
2026|01|635197|015|08|WA|4715|EBA|17|03|2|994|002| B|Langganan Daya dan Jasa|00||0|0
2026|01|635197|015|08|WA|4715|EBA|17|03|2|994|002| C|Pelaksanaan Operasional Kantor|00||0|0
2026|01|635197|015|08|WA|4715|EBA|17|03|2|994|002| D|Pemeliharaan Peralatan dan Mesin|00||0|0
2026|01|635197|015|08|WA|4715|EBA|17|03|2|994|002| G|Pemeliharaan Gedung dan Bangunan|00||0|0
2026|01|635197|015|08|WA|4715|EBA|17|03|2|994|002|HA|Dukungan Tusi - Konsultasi Pencairan Dana|00||0|0
2026|01|635197|015|08|WA|4715|EBA|17|03|2|994|002|HB|Dukungan Tusi - Reviu Belanja Pemerintah|00||0|0
2026|01|635197|015|08|WA|4715|EBA|17|03|2|994|002|HH|Dukungan Pelaksanaan Tusi Prioritas Direktif Presiden|00||0|0
2026|01|635197|015|08|WA|4715|EBD|17|03|2|Z36|100| B|Pelaksanaan Manajemen Kinerja, Resiko dan Kepatuhan Internal|00||0|0
2026|01|635197|015|08|WA|4718|BMB|17|03|2|002|100| A|TANPA SUB KOMPONEN|00||0|0
2026|01|635197|015|08|WA|4718|BMB|17|03|2|001|100| A|TANPA SUB KOMPONEN|00||0|0
2026|01|635197|015|08|WA|4719|EBA|17|03|2|994|001| A|TANPA SUB KOMPONEN|00||0|0
2026|01|635197|015|08|WA|4719|EBA|17|03|2|004|100| A|Survey Kepuasan Pengguna Layanan|00||0|0
2026|01|635197|015|08|WA|4719|EBC|17|03|2|001|100|XC|Penyelenggaraan Capacity Building|00||0|0
2026|01|648790|015|08|CD|6212|FAC|02|13|2|001|100| A|Training Modul Aplikasi SAKTI|00||0|0
2026|01|648790|015|08|CD|6212|FAC|02|13|2|001|100| B|FGD dan Bimtek Transfer Keuangan Daerah|00||0|0
2026|01|648790|015|08|CD|6212|FAH|02|13|2|001|100| A|TANPA SUB KOMPONEN|00||0|0
2026|01|648790|015|08|CD|6212|FAL|02|13|2|004|100| A|Konsultasi|00||0|0
2026|01|648790|015|08|CD|6212|FAL|02|13|2|004|100| B|Sosialisasi dan Bimbingan Teknis|00||0|0
2026|01|648790|015|08|CD|6212|FAL|02|13|2|004|100| D|Pembinaan Pemda, TKD, dan Penandatanganan BAR|00||0|0
2026|01|648790|015|08|CD|6213|FAC|02|13|2|001|100| A|Pembinaan Jabatan Fungsional Perbendaharaan|00||0|0
2026|01|648790|015|08|CD|6213|FAE|02|13|2|009|100| A|Monev Penyaluran Pembiayaan Ultra Mikro|00||0|0
2026|01|648790|015|08|CD|6213|FAL|02|13|2|003|100| A|Monev Pelaksanaan Anggaran|00||0|0
2026|01|648790|015|08|CD|6214|FAL|02|13|2|002|100| A|Pelaksanaan PencairanPenarikanPengesahan Dana|00||0|0
2026|01|648790|015|08|CD|6214|FAL|02|13|2|002|100| B|PenerbitanPersetujuanRekonsiliasi RekeningSKPPKonfirmasi Penerimaan Negara, dlL|00||0|0
2026|01|648790|015|08|CD|6215|FAH|02|13|2|003|100| A|Penyusunan Laporan Keuangan Tingkat Kuasa BUN di Daerah|00||0|0
2026|01|648790|015|08|CD|6215|FAH|02|13|2|003|100| B|Koordinasi UAKBUND KPPN di Kanwil|00||0|0
2026|01|648790|015|08|WA|4715|EBA|02|13|2|001|100| A|TANPA SUB KOMPONEN|00||0|0
2026|01|648790|015|08|WA|4715|EBA|02|13|2|001|100| B|Koordinasi Penyusunan ATK PU|00||0|0
2026|01|648790|015|08|WA|4715|EBA|02|13|2|002|100| A|TANPA SUB KOMPONEN|00||0|0
2026|01|648790|015|08|WA|4715|EBA|02|13|2|994|002| A|Keperluan Seharihari Perkantoran|00||0|0
2026|01|648790|015|08|WA|4715|EBA|02|13|2|994|002| B|Langganan Daya dan Jasa|00||0|0
2026|01|648790|015|08|WA|4715|EBA|02|13|2|994|002| C|Pelaksanaan Operasional Kantor|00||0|0
2026|01|648790|015|08|WA|4715|EBA|02|13|2|994|002| D|Pemeliharaan Peralatan dan Mesin|00||0|0
2026|01|648790|015|08|WA|4715|EBA|02|13|2|994|002| G|Pemeliharaan Gedung dan Bangunan|00||0|0
2026|01|648790|015|08|WA|4715|EBA|02|13|2|994|002|HA|Dukungan Tusi - Konsultasi Pencairan Dana|00||0|0
2026|01|648790|015|08|WA|4715|EBA|02|13|2|994|002|HB|Dukungan Tusi - Reviu Belanja Pemerintah|00||0|0
2026|01|648790|015|08|WA|4715|EBA|02|13|2|994|002|HH|Dukungan Pelaksanaan Tusi Prioritas Direktif Presiden|00||0|0
2026|01|648790|015|08|WA|4715|EBA|02|13|2|994|002|TJ|Jasa PemeliharaanAnnual Technical Support (ATS)|00||0|0
2026|01|648790|015|08|WA|4715|EBD|02|13|2|Z36|100| B|Pelaksanaan Manajemen Kinerja, Resiko dan Kepatuhan Internal|00||0|0
2026|01|648790|015|08|WA|4718|BMB|02|13|2|002|100| A|TANPA SUB KOMPONEN|00||0|0
2026|01|648790|015|08|WA|4718|BMB|02|13|2|001|100| A|TANPA SUB KOMPONEN|00||0|0
2026|01|648790|015|08|WA|4719|EBA|02|13|2|994|001| A|TANPA SUB KOMPONEN|00||0|0
2026|01|648790|015|08|WA|4719|EBA|02|13|2|004|100| A|Survey Kepuasan Pengguna Layanan|00||0|0
2026|01|648790|015|08|WA|4719|EBC|02|13|2|001|100|XC|Penyelenggaraan Capacity Building|00||0|0
2026|01|648762|015|08|CD|6212|FAC|10|06|2|001|100| A|Training Modul Aplikasi SAKTI|00||0|0
2026|01|648762|015|08|CD|6212|FAC|10|06|2|001|100| B|FGD dan Bimtek Transfer Keuangan Daerah|00||0|0
2026|01|648762|015|08|CD|6212|FAH|10|06|2|001|100| A|TANPA SUB KOMPONEN|00||0|0
2026|01|648762|015|08|CD|6212|FAL|10|06|2|004|100| A|Konsultasi|00||0|0
2026|01|648762|015|08|CD|6212|FAL|10|06|2|004|100| B|Sosialisasi dan Bimbingan Teknis|00||0|0
2026|01|648762|015|08|CD|6212|FAL|10|06|2|004|100| C|Pembinaan Satker|00||0|0
2026|01|648762|015|08|CD|6212|FAL|10|06|2|004|100| D|Pembinaan Pemda, TKD, dan Penandatanganan BA Rekonsiliasi Pajak|00||0|0
2026|01|648762|015|08|CD|6213|FAC|10|06|2|001|100| A|Pembinaan Jabatan Fungsional Perbendaharaan|00||0|0
2026|01|648762|015|08|CD|6213|FAE|10|06|2|009|100| A|Monev Penyaluran Pembiayaan Ultra Mikro|00||0|0
2026|01|648762|015|08|CD|6213|FAL|10|06|2|003|100| A|Monev Pelaksanaan Anggaran|00||0|0
2026|01|648762|015|08|CD|6214|FAL|10|06|2|002|100| A|Pelaksanaan PencairanPenarikanPengesahan Dana|00||0|0
2026|01|648762|015|08|CD|6214|FAL|10|06|2|002|100| B|PenerbitanPersetujuanRekonsiliasi RekeningSKPPKonfirmasi Penerimaan Negara, dll|00||0|0
2026|01|648762|015|08|CD|6215|FAH|10|06|2|003|100| A|Penyusunan Laporan Keuangan Tingkat Kuasa BUN di Daerah|00||0|0
2026|01|648762|015|08|WA|4715|EBA|10|06|2|001|100| A|TANPA SUB KOMPONEN|00||0|0
2026|01|648762|015|08|WA|4715|EBA|10|06|2|001|100| B|Koordinasi Penyusunan ATK PU|00||0|0
2026|01|648762|015|08|WA|4715|EBA|10|06|2|002|100| A|TANPA SUB KOMPONEN|00||0|0
2026|01|648762|015|08|WA|4715|EBA|10|06|2|994|002| A|Keperluan Seharihari Perkantoran|00||0|0
2026|01|648762|015|08|WA|4715|EBA|10|06|2|994|002| B|Langganan Daya dan Jasa|00||0|0
2026|01|648762|015|08|WA|4715|EBA|10|06|2|994|002| C|Pelaksanaan Operasional Kantor|00||0|0
2026|01|648762|015|08|WA|4715|EBA|10|06|2|994|002| D|Pemeliharaan Peralatan dan Mesin|00||0|0
2026|01|648762|015|08|WA|4715|EBA|10|06|2|994|002| G|Pemeliharaan Gedung dan Bangunan|00||0|0
2026|01|648762|015|08|WA|4715|EBA|10|06|2|994|002|HA|Dukungan Tusi - Konsultasi Pencairan Dana|00||0|0
2026|01|648762|015|08|WA|4715|EBA|10|06|2|994|002|HB|Dukungan Tusi - Reviu Belanja Pemerintah|00||0|0
2026|01|648762|015|08|WA|4715|EBA|10|06|2|994|002|HH|Dukungan Pelaksanaan Tusi Prioritas Direktif Presiden|00||0|0
2026|01|648762|015|08|WA|4715|EBA|10|06|2|994|002|TJ|Jasa PemeliharaanAnnual Technical Support (ATS)|00||0|0
2026|01|648762|015|08|WA|4715|EBD|10|06|2|Z36|100| B|Pelaksanaan Manajemen Kinerja, Resiko dan Kepatuhan Internal|00||0|0
2026|01|648762|015|08|WA|4718|BMB|10|06|2|001|100| A|TANPA SUB KOMPONEN|00||0|0
2026|01|648762|015|08|WA|4718|BMB|10|06|2|002|100| A|TANPA SUB KOMPONEN|00||0|0
2026|01|648762|015|08|WA|4719|EBA|10|06|2|004|100| A|Survey Kepuasan Pengguna Layanan|00||0|0
2026|01|648762|015|08|WA|4719|EBA|10|06|2|994|001| A|TANPA SUB KOMPONEN|00||0|0
2026|01|648762|015|08|WA|4719|EBC|10|06|2|001|100|XC|Penyelenggaraan Capacity Building|00||0|0
2026|01|648783|015|08|CD|6212|FAC|29|03|2|001|100| A|Training Modul Aplikasi SAKTI|00||0|0
2026|01|648783|015|08|CD|6212|FAC|29|03|2|001|100| B|FGD dan Bimtek Transfer Keuangan Daerah|00||0|0
2026|01|648783|015|08|CD|6212|FAH|29|03|2|001|100| A|TANPA SUB KOMPONEN|00||0|0
2026|01|648783|015|08|CD|6212|FAL|29|03|2|004|100| A|Konsultasi|00||0|0
2026|01|648783|015|08|CD|6212|FAL|29|03|2|004|100| B|Sosialisasi dan Bimbingan Teknis|00||0|0
2026|01|648783|015|08|CD|6213|FAC|29|03|2|001|100| A|Pembinaan Jabatan Fungsional Perbendaharaan|00||0|0
2026|01|648783|015|08|CD|6214|FAL|29|03|2|002|100| A|Pelaksanaan PencairanPenarikanPengesahan Dana|00||0|0
2026|01|648783|015|08|CD|6214|FAL|29|03|2|002|100| B|PenerbitanPersetujuanRekonsiliasi RekeningSKPPKonfirmasi Penerimaan Negara, dll|00||0|0
2026|01|648783|015|08|CD|6215|FAH|29|03|2|003|100| A|Penyusunan Laporan Keuangan Tingkat Kuasa BUN di Daerah|00||0|0
2026|01|648783|015|08|WA|4715|EBA|29|03|2|001|100| A|TANPA SUB KOMPONEN|00||0|0
2026|01|648783|015|08|WA|4715|EBA|29|03|2|001|100| B|Koordinasi Penyusunan ATK PU|00||0|0
2026|01|648783|015|08|WA|4715|EBA|29|03|2|002|100| A|TANPA SUB KOMPONEN|00||0|0
2026|01|648783|015|08|WA|4715|EBA|29|03|2|994|002| A|Keperluan Seharihari Perkantoran|00||0|0
2026|01|648783|015|08|WA|4715|EBA|29|03|2|994|002| B|Langganan Daya dan Jasa|00||0|0
2026|01|648783|015|08|WA|4715|EBA|29|03|2|994|002| C|Pelaksanaan Operasional Kantor|00||0|0
2026|01|648783|015|08|WA|4715|EBA|29|03|2|994|002| D|Pemeliharaan Peralatan dan Mesin|00||0|0
2026|01|648783|015|08|WA|4715|EBA|29|03|2|994|002| F|Sewa Lainnya|00||0|0
2026|01|648783|015|08|WA|4715|EBA|29|03|2|994|002| G|Pemeliharaan Gedung dan Bangunan|00||0|0
2026|01|648783|015|08|WA|4715|EBA|29|03|2|994|002|HA|Dukungan Tusi - Konsultasi Pencairan Dana|00||0|0
2026|01|648783|015|08|WA|4715|EBA|29|03|2|994|002|HB|Dukungan Tusi - Reviu Belanja Pemerintah|00||0|0
2026|01|648783|015|08|WA|4715|EBA|29|03|2|994|002|HH|Dukungan Pelaksanaan Tusi Prioritas Direktif Presiden|00||0|0
2026|01|648783|015|08|WA|4715|EBA|29|03|2|994|002|TJ|Jasa PemeliharaanAnnual Technical Support (ATS)|00||0|0
2026|01|648783|015|08|WA|4715|EBD|29|03|2|Z36|100| B|Pelaksanaan Manajemen Kinerja, Resiko dan Kepatuhan Internal|00||0|0
2026|01|648783|015|08|WA|4718|BMB|29|03|2|002|100| A|TANPA SUB KOMPONEN|00||0|0
2026|01|648783|015|08|WA|4718|BMB|29|03|2|001|100| A|TANPA SUB KOMPONEN|00||0|0
2026|01|648783|015|08|WA|4719|EBA|29|03|2|994|001| A|TANPA SUB KOMPONEN|00||0|0
2026|01|648783|015|08|WA|4719|EBA|29|03|2|004|100| A|Survey Kepuasan Pengguna Layanan|00||0|0
2026|01|648783|015|08|WA|4719|EBC|29|03|2|001|100|XC|Penyelenggaraan Capacity Building|00||0|0
2026|01|648779|015|08|CD|6212|FAC|11|03|2|001|100| A|Training Modul Aplikasi SAKTI|00||0|0
2026|01|648779|015|08|CD|6212|FAC|11|03|2|001|100| B|FGD dan Bimtek Transfer Keuangan Daerah|00||0|0
2026|01|648779|015|08|CD|6212|FAH|11|03|2|001|100| A|TANPA SUB KOMPONEN|00||0|0
2026|01|648779|015|08|CD|6212|FAL|11|03|2|004|100| A|Konsultasi|00||0|0
2026|01|648779|015|08|CD|6212|FAL|11|03|2|004|100| B|Sosialisasi dan Bimbingan Teknis|00||0|0
2026|01|648779|015|08|CD|6212|FAL|11|03|2|004|100| C|Pembinaan Pemda, TKD, dan Penandatanganan BA Rekonsiliasi Pajak|00||0|0
2026|01|648779|015|08|CD|6213|FAC|11|03|2|001|100| A|Pembinaan Jabatan Fungsional Perbendaharaan|00||0|0
2026|01|648779|015|08|CD|6213|FAL|11|03|2|003|100| A|Monev Pelaksanaan Anggaran|00||0|0
2026|01|648779|015|08|CD|6214|FAL|11|03|2|002|100| A|Pelaksanaan Pencairan/Penarikan/Pengesahan Dana|00||0|0
2026|01|648779|015|08|CD|6214|FAL|11|03|2|002|100| B|Penerbitan/Persetujuan/Rekonsiliasi Rekening/SKPP/Konfirmasi Penerimaan Negara, dll|00||0|0
2026|01|648779|015|08|CD|6215|FAH|11|03|2|003|100| A|Penyusunan Laporan Keuangan Tingkat Kuasa BUN di Daerah|00||0|0
2026|01|648779|015|08|WA|4715|EBA|11|03|2|001|100| A|TANPA SUB KOMPONEN|00||0|0
2026|01|648779|015|08|WA|4715|EBA|11|03|2|001|100| B|Koordinasi Penyusunan ATK PU|00||0|0
2026|01|648779|015|08|WA|4715|EBA|11|03|2|002|100| A|TANPA SUB KOMPONEN|00||0|0
2026|01|648779|015|08|WA|4715|EBA|11|03|2|994|002| A|Keperluan Sehari-hari Perkantoran|00||0|0
2026|01|648779|015|08|WA|4715|EBA|11|03|2|994|002| B|Langganan Daya dan Jasa|00||0|0
2026|01|648779|015|08|WA|4715|EBA|11|03|2|994|002| C|Pelaksanaan Operasional Kantor|00||0|0
2026|01|648779|015|08|WA|4715|EBA|11|03|2|994|002| D|Pemeliharaan Peralatan dan Mesin|00||0|0
2026|01|648779|015|08|WA|4715|EBA|11|03|2|994|002| G|Pemeliharaan Gedung dan Bangunan|00||0|0
2026|01|648779|015|08|WA|4715|EBA|11|03|2|994|002|HA|Dukungan Tusi - Konsultasi Pencairan Dana|00||0|0
2026|01|648779|015|08|WA|4715|EBA|11|03|2|994|002|HB|Dukungan Tusi - Reviu Belanja Pemerintah|00||0|0
2026|01|648779|015|08|WA|4715|EBA|11|03|2|994|002|HH|Dukungan Pelaksaan Tusi Prioritas Direktif Presiden|00||0|0
2026|01|648779|015|08|WA|4715|EBA|11|03|2|994|002|TJ|Jasa Pemeliharaan/Annual Technical Support (ATS)|00||0|0
2026|01|648779|015|08|WA|4715|EBD|11|03|2|Z36|100| B|Pelaksanaan Manajemen Kinerja, Resiko dan Kepatuhan Internal|00||0|0
2026|01|648779|015|08|WA|4718|BMB|11|03|2|002|100| A|TANPA SUB KOMPONEN|00||0|0
2026|01|648779|015|08|WA|4718|BMB|11|03|2|001|100| A|TANPA SUB KOMPONEN|00||0|0
2026|01|648779|015|08|WA|4719|EBA|11|03|2|994|001| A|TANPA SUB KOMPONEN|00||0|0
2026|01|648779|015|08|WA|4719|EBA|11|03|2|004|100| A|Survey Kepuasan Pengguna Layanan|00||0|0
2026|01|648779|015|08|WA|4719|EBC|11|03|2|001|100|XC|Penyelenggaraan Capacity Building|00||0|0
2026|01|648741|015|08|CD|6212|BMB|31|51|2|001|100| A|Profiling UMKM|00||0|0
2026|01|648741|015|08|CD|6212|BMB|31|51|2|001|100| B|Pemberdayaan UMKM  SosialisasiBimtekAsistensi dan BazarPojokRumah UMKM|00||0|0
2026|01|648741|015|08|CD|6212|BMB|31|51|2|001|100| C|Monitoring dan Evaluasi|00||0|0
2026|01|648741|015|08|CD|6212|BMB|31|51|2|001|100| D|Komunikasi Publik  BazarPojokRumah UMKM|00||0|0
2026|01|648741|015|08|CD|6212|FAC|31|51|2|002|100| A|Pembinaan Satker BLU|00||0|0
2026|01|648741|015|08|CD|6212|FAC|31|51|2|002|100| B|Asistensi  Pembinaan Pengelolaan Keuangan BLU Daerah|00||0|0
2026|01|648741|015|08|CD|6212|FAH|31|51|2|003|100| A|Pendampingan Penyusunan dan Penyelesaian Permasalahan Laporan Keuangan UAPPAW dan BLU|00||0|0
2026|01|648741|015|08|CD|6212|FAH|31|51|2|003|100| B|Sosialisasi dan Bimbingan Teknis UAPPAW|00||0|0
2026|01|648741|015|08|CD|6212|FAH|31|51|2|002|100| A|Forum Koordinasi dan Rekonsiliasi Data dengan Bank Indonesia|00||0|0
2026|01|648741|015|08|CD|6212|FAH|31|51|2|002|100| B|Pembinaan SAP pada Pemerintah Daerah|00||0|0
2026|01|648741|015|08|CD|6212|FAH|31|51|2|002|100| C|SosialisasiBimtekWorkshopFGD dengan Pemda|00||0|0
2026|01|648741|015|08|CD|6212|FAL|31|51|2|001|100| A|Sosialisasi PeraturanKebijakan Pelaksanaan Anggaran|00||0|0
2026|01|648741|015|08|CD|6212|FAL|31|51|2|001|100| B|Pengkoordinasian Kerjasama Ekonomi dan Keuangan Daerah|00||0|0
2026|01|648741|015|08|CD|6212|FAL|31|51|2|001|100| C|Pembinaan dan Bimtek Pengelolaan Keuangan Daerah|00||0|0
2026|01|648741|015|08|CD|6212|FAL|31|51|2|001|100| D|Penyerahan DIPA|00||0|0
2026|01|648741|015|08|CD|6213|ABA|31|51|2|001|100| A|Penyusunan Analisis Potensi Pembiayaan dan Pelaksanaan MoU DJPb dan PT SMI di Daerah|00||0|0
2026|01|648741|015|08|CD|6213|FAE|31|51|2|009|100| B|Monitoring dan Evaluasi KURPenerusan Pinjaman|00||0|0
2026|01|648741|015|08|CD|6213|FAE|31|51|2|009|100| D|FGD Analisa Fasilitas Likuiditas Pembiayaan Perumahan (FLPP)|00||0|0
2026|01|648741|015|08|CD|6213|FAE|31|51|2|008|100| A|Koordinasi Pelaksanaan Tugas RCE  ALCo|00||0|0
2026|01|648741|015|08|CD|6213|FAL|31|51|2|003|100| A|Pelaksanaan Spending Review|00||0|0
2026|01|648741|015|08|CD|6213|FAL|31|51|2|003|100| C|Review Pelaksanaan Anggaran|00||0|0
2026|01|648741|015|08|CD|6213|FAL|31|51|2|003|100| D|Monitoring dan Evaluasi Pelaksanaan Anggaran|00||0|0
2026|01|648741|015|08|CD|6213|FAL|31|51|2|003|100| E|Pengumpulan InformasiPenajaman Data Fiskal RegionalPenyusunan KFR|00||0|0
2026|01|648741|015|08|CD|6213|FAL|31|51|2|003|100| F|Publikasi Kajian Fiskal Regional (Full Cost)|00||0|0
2026|01|648741|015|08|CD|6213|FAL|31|51|2|003|100| G|Pengumpulan Konfirmasi Informasi Pengelolaan Keuangan Daerah dan Penyusunan Profil Keuangan Daerah|00||0|0
2026|01|648741|015|08|CD|6213|FAL|31|51|2|003|100| H|Monitoring atas Dana Transfer dan Dana Desa|00||0|0
2026|01|648741|015|08|CD|6215|FAH|31|51|2|003|100| A|Pembinaan UAKBUN D (KPPN)|00||0|0
2026|01|648741|015|08|CD|6215|FAH|31|51|2|003|100| B|Koordinasi UAKBUND (KPPN) (Cross Program)|00||0|0
2026|01|648741|015|08|CD|6215|FAH|31|51|2|001|100| A|Koordinasi Laporan Keuangan Pemerintah Daerah danatau BLUD|00||0|0
2026|01|648741|015|08|CD|6215|FAH|31|51|2|001|100| B|Penyusunan Laporan Statistik Keuangan Pemerintah Tingkat Wilayah|00||0|0
2026|01|648741|015|08|CD|6216|FAE|31|51|2|002|100| A|Pelaksanaan Survei Bahan Sumbangan Standar Biaya Masukan|00||0|0
2026|01|648741|015|08|WA|4715|EBA|31|51|2|001|100| A|TANPA SUB KOMPONEN|00||0|0
2026|01|648741|015|08|WA|4715|EBA|31|51|2|001|100| B|Koordinasi Penyusunan ATK PU|00||0|0
2026|01|648741|015|08|WA|4715|EBA|31|51|2|002|100| A|TANPA SUB KOMPONEN|00||0|0
2026|01|648741|015|08|WA|4715|EBA|31|51|2|994|002| A|Keperluan Seharihari Perkantoran|00||0|0
2026|01|648741|015|08|WA|4715|EBA|31|51|2|994|002| B|Langganan Daya dan Jasa|00||0|0
2026|01|648741|015|08|WA|4715|EBA|31|51|2|994|002| C|Pelaksanaan Operasional Kantor|00||0|0
2026|01|648741|015|08|WA|4715|EBA|31|51|2|994|002| D|Pemeliharaan Peralatan dan Mesin|00||0|0
2026|01|648741|015|08|WA|4715|EBA|31|51|2|994|002| G|Pemeliharaan Gedung dan Bangunan|00||0|0
2026|01|648741|015|08|WA|4715|EBA|31|51|2|994|002|HB|Dukungan Tusi - Reviu Belanja Pemerintah|00||0|0
2026|01|648741|015|08|WA|4715|EBA|31|51|2|994|002|HC|Dukungan Tusi - Government Financial Statistic (GFS)|00||0|0
2026|01|648741|015|08|WA|4715|EBA|31|51|2|994|002|HD|Dukungan Tusi - Rekomendasi Pengelolaan Organisasi|00||0|0
2026|01|648741|015|08|WA|4715|EBA|31|51|2|994|002|HE|Monev Dukungan Program Prioritas Presiden (MBG/KDPM/SR)|00||0|0
2026|01|648741|015|08|WA|4715|EBA|31|51|2|994|002|TJ|Jasa Pemeliharaan Annual Technical Support (ATS)|00||0|0
2026|01|648741|015|08|WA|4715|EBD|31|51|2|Z36|100| A|TANPA SUB KOMPONEN|00||0|0
2026|01|648741|015|08|WA|4715|EBD|31|51|2|Z26|100| A|Rakor Penyusunan Laporan Keuangan Tingkat UAPPAW (Full Cost)|00||0|0
2026|01|648741|015|08|WA|4718|BMB|31|51|2|002|100| A|TANPA SUB KOMPONEN|00||0|0
2026|01|648741|015|08|WA|4718|BMB|31|51|2|001|100| A|TANPA SUB KOMPONEN|00||0|0
2026|01|648741|015|08|WA|4719|EBA|31|51|2|003|100| A|Pelaksanaan Supervisi Proses Bisnis KPPN|00||0|0
2026|01|648741|015|08|WA|4719|EBA|31|51|2|003|100| B|Koordinasi Inovasi layanan|00||0|0
2026|01|648741|015|08|WA|4719|EBA|31|51|2|994|001| A|TANPA SUB KOMPONEN|00||0|0
2026|01|648741|015|08|WA|4719|EBA|31|51|2|005|100| A|Monitoring dan Evaluasi Implementasi ISO|00||0|0
2026|01|648741|015|08|WA|4719|EBA|31|51|2|005|100| B|Pelaksanaan Supervisi Teknis Aplikasi|00||0|0
2026|01|648741|015|08|WA|4719|EBC|31|51|2|001|100|XC|Penyelenggaraan Capacity Building|00||0|0
2026|01|648741|015|08|WA|4722|EBD|31|51|2|001|100| A|Pelaksanaan Manajemen Resiko dan Kepatuhan Internal|00||0|0
2026|01|648741|015|08|WA|4722|EBD|31|51|2|001|100| B|Pemantauan Kode Etik dan Kepatuhan Pegawai|00||0|0
2026|01|648805|015|08|CD|6212|BMB|03|26|2|001|100| A|Profiling UMKM|00||0|0
2026|01|648805|015|08|CD|6212|FAC|03|26|2|001|100| A|TANPA SUB KOMPONEN|00||0|0
2026|01|648805|015|08|CD|6212|FAC|03|26|2|001|100| B|FGD dan Bimtek Transfer Keuangan Daerah|00||0|0
2026|01|648805|015|08|CD|6212|FAH|03|26|2|001|100| A|TANPA SUB KOMPONEN|00||0|0
2026|01|648805|015|08|CD|6212|FAL|03|26|2|004|100| A|Konsultasi|00||0|0
2026|01|648805|015|08|CD|6212|FAL|03|26|2|004|100| B|Sosialisasi dan Bimbingan Teknis|00||0|0
2026|01|648805|015|08|CD|6212|FAL|03|26|2|004|100| D|Pembinaan Pemda, TKD, dan Penandatanganan BAR|00||0|0
2026|01|648805|015|08|CD|6213|FAC|03|26|2|001|100| A|Pembinaan Jabatan Fungsional Perbendaharaan|00||0|0
2026|01|648805|015|08|CD|6213|FAL|03|26|2|003|100| A|Monev Pelaksanaan Anggaran|00||0|0
2026|01|648805|015|08|CD|6214|FAL|03|26|2|002|100| A|Pelaksanaan PencairanPenarikanPengesahan Dana|00||0|0
2026|01|648805|015|08|CD|6214|FAL|03|26|2|002|100| B|PenerbitanPersetujuanRekonsiliasi RekeningSKPPKonfirmasi Penerimaan Negara|00||0|0
2026|01|648805|015|08|CD|6215|FAH|03|26|2|003|100| A|Penyusunan Laporan Keuangan Tingkat Kuasa BUN di Daerah|00||0|0
2026|01|648805|015|08|WA|4715|EBA|03|26|2|001|100| A|TANPA SUB KOMPONEN|00||0|0
2026|01|648805|015|08|WA|4715|EBA|03|26|2|001|100| B|Koordinasi Penyusunan ATK PU|00||0|0
2026|01|648805|015|08|WA|4715|EBA|03|26|2|002|100| A|TANPA SUB KOMPONEN|00||0|0
2026|01|648805|015|08|WA|4715|EBA|03|26|2|994|002| A|Keperluan Seharihari Perkantoran|00||0|0
2026|01|648805|015|08|WA|4715|EBA|03|26|2|994|002| B|Langganan Daya dan Jasa|00||0|0
2026|01|648805|015|08|WA|4715|EBA|03|26|2|994|002| C|Pelaksanaan Operasional Kantor|00||0|0
2026|01|648805|015|08|WA|4715|EBA|03|26|2|994|002| D|Pemeliharaan Peralatan dan Mesin|00||0|0
2026|01|648805|015|08|WA|4715|EBA|03|26|2|994|002| G|Pemeliharaan Gedung dan Bangunan|00||0|0
2026|01|648805|015|08|WA|4715|EBA|03|26|2|994|002|HA|Dukungan Tusi - Konsultasi Pencairan Dana|00||0|0
2026|01|648805|015|08|WA|4715|EBA|03|26|2|994|002|HB|Dukungan Tusi - Reviu Belanja Pemerintah|00||0|0
2026|01|648805|015|08|WA|4715|EBA|03|26|2|994|002|HE|Dukungan Tusi - WBK WBBM|00||0|0
2026|01|648805|015|08|WA|4715|EBA|03|26|2|994|002|HH|Dukungan Pelaksaan Tusi Prioritas Direktif Presiden|00||0|0
2026|01|648805|015|08|WA|4715|EBA|03|26|2|994|002|TJ|Jasa PemeliharaanAnnual Technical Support (ATS)|00||0|0
2026|01|648805|015|08|WA|4718|BMB|03|26|2|002|100| A|TANPA SUB KOMPONEN|00||0|0
2026|01|648805|015|08|WA|4718|BMB|03|26|2|001|100| A|TANPA SUB KOMPONEN|00||0|0
2026|01|648805|015|08|WA|4719|EBA|03|26|2|004|100| A|Survey Kepuasan Pengguna Layanan|00||0|0
2026|01|648805|015|08|WA|4719|EBA|03|26|2|994|001| A|TANPA SUB KOMPONEN|00||0|0
2026|01|648805|015|08|WA|4719|EBC|03|26|2|001|100|XC|Penyelenggaraan Capacity Building|00||0|0
2026|01|648826|015|08|CD|6212|FAC|03|18|2|001|100| A|Training Modul Aplikasi SAKTI|00||0|0
2026|01|648826|015|08|CD|6212|FAC|03|18|2|001|100| B|FGD dan Bimtek Transfer Keuangan Daerah|00||0|0
2026|01|648826|015|08|CD|6212|FAH|03|18|2|001|100| A|TANPA SUB KOMPONEN|00||0|0
2026|01|648826|015|08|CD|6212|FAL|03|18|2|004|100| A|Konsultasi|00||0|0
2026|01|648826|015|08|CD|6212|FAL|03|18|2|004|100| B|Sosialisasi dan Bimbingan Teknis|00||0|0
2026|01|648826|015|08|CD|6212|FAL|03|18|2|004|100| C|Pembinaan Satker|00||0|0
2026|01|648826|015|08|CD|6212|FAL|03|18|2|004|100| D|Pembinaan Pemda, TKD, dan Penandatanganan BAR|00||0|0
2026|01|648826|015|08|CD|6213|FAC|03|18|2|001|100| A|Pembinaan Jabatan Fungsional Perbendaharaan|00||0|0
2026|01|648826|015|08|CD|6213|FAE|03|18|2|009|100| A|Monev Penyaluran Pembiayaan Ultra Mikro|00||0|0
2026|01|648826|015|08|CD|6213|FAL|03|18|2|003|100| A|Monev Pelaksanaan Anggaran|00||0|0
2026|01|648826|015|08|CD|6214|FAL|03|18|2|002|100| A|Pelaksanaan PencairanPenarikanPengesahan Dana|00||0|0
2026|01|648826|015|08|CD|6214|FAL|03|18|2|002|100| B|PenerbitanPersetujuanRekonsiliasi RekeningSKPPKonfirmasi Penerimaan Negara,dll|00||0|0
2026|01|648826|015|08|CD|6215|FAH|03|18|2|003|100| A|Penyusunan Laporan Keuangan Tingkat Kuasa BUN di Daerah|00||0|0
2026|01|648826|015|08|WA|4715|EBA|03|18|2|001|100| A|TANPA SUB KOMPONEN|00||0|0
2026|01|648826|015|08|WA|4715|EBA|03|18|2|001|100| B|TANPA SUB KOMPONEN|00||0|0
2026|01|648826|015|08|WA|4715|EBA|03|18|2|002|100| A|TANPA SUB KOMPONEN|00||0|0
2026|01|648826|015|08|WA|4715|EBA|03|18|2|994|002| A|Keperluan Seharihari Perkantoran|00||0|0
2026|01|648826|015|08|WA|4715|EBA|03|18|2|994|002| B|Langganan Daya dan Jasa|00||0|0
2026|01|648826|015|08|WA|4715|EBA|03|18|2|994|002| C|Pelaksanaan Operasional Kantor|00||0|0
2026|01|648826|015|08|WA|4715|EBA|03|18|2|994|002| D|Pemeliharaan Peralatan dan Mesin|00||0|0
2026|01|648826|015|08|WA|4715|EBA|03|18|2|994|002| G|Pemeliharaan Gedung dan Bangunan|00||0|0
2026|01|648826|015|08|WA|4715|EBA|03|18|2|994|002|HA|Dukungan Tusi - Konsultasi Pencairan Dana|00||0|0
2026|01|648826|015|08|WA|4715|EBA|03|18|2|994|002|HB|Dukungan tusi - Reviu Belanja Pemerintah|00||0|0
2026|01|648826|015|08|WA|4715|EBA|03|18|2|994|002|HH|Dukungan Pelaksanaan Tusi Prioritas Direktif Presiden|00||0|0
2026|01|648826|015|08|WA|4715|EBA|03|18|2|994|002|TJ|Jasa PemeliharaanAnnual Technical Support (ATS)|00||0|0
2026|01|648826|015|08|WA|4718|BMB|03|18|2|002|100| A|TANPA SUB KOMPONEN|00||0|0
2026|01|648826|015|08|WA|4718|BMB|03|18|2|001|100| A|TANPA SUB KOMPONEN|00||0|0
2026|01|648826|015|08|WA|4719|EBA|03|18|2|994|001| A|TANPA SUB KOMPONEN|00||0|0
2026|01|648826|015|08|WA|4719|EBA|03|18|2|004|100| A|Survey Kepuasan Pengguna Layanan|00||0|0
2026|01|648826|015|08|WA|4719|EBC|03|18|2|001|100|XC|Penyelenggaraan Capacity Building|00||0|0
2026|01|648812|015|08|CD|6212|BMB|03|04|2|001|100| A|Profilig UMKM|00||0|0
2026|01|648812|015|08|CD|6212|FAC|03|04|2|001|100| A|Training Modul Aplikasi SAKTI|00||0|0
2026|01|648812|015|08|CD|6212|FAC|03|04|2|001|100| B|FGD dan Bimtek Transfer Keuangan Daerah|00||0|0
2026|01|648812|015|08|CD|6212|FAH|03|04|2|001|100| A|TANPA SUB KOMPONEN|00||0|0
2026|01|648812|015|08|CD|6212|FAL|03|04|2|004|100| A|Konsultasi|00||0|0
2026|01|648812|015|08|CD|6212|FAL|03|04|2|004|100| B|Sosialisasi dan Bimbingan Teknis|00||0|0
2026|01|648812|015|08|CD|6212|FAL|03|04|2|004|100| D|Pembinaan Pemda, TKD dan Penandatanganan BAR|00||0|0
2026|01|648812|015|08|CD|6213|FAC|03|04|2|001|100| A|Pembinaan Jabatan Fungsional Perbendaharaan|00||0|0
2026|01|648812|015|08|CD|6213|FAE|03|04|2|009|100| A|Monev Penyaluran Pembiayaan Ultra Mikro|00||0|0
2026|01|648812|015|08|CD|6213|FAL|03|04|2|003|100| A|Monev Pelaksanaan Anggaran|00||0|0
2026|01|648812|015|08|CD|6214|FAL|03|04|2|002|100| A|Pelaksanaan Pencairan/ Penarikan/ Pengesahan Dana|00||0|0
2026|01|648812|015|08|CD|6214|FAL|03|04|2|002|100| B|Penerbitan/ Persetujuan/ Rekonsiliasi/ SKPP/ Konfirmasi Penerimaan Negara|00||0|0
2026|01|648812|015|08|CD|6215|FAH|03|04|2|003|100| A|Penyusunan Laporan Keuangan Tingkat Kuasa BUN di Daerah|00||0|0
2026|01|648812|015|08|WA|4715|EBA|03|04|2|001|100| A|TANPA SUB KOMPONEN|00||0|0
2026|01|648812|015|08|WA|4715|EBA|03|04|2|001|100| B|Koordinasi Penyusunan ATK PU|00||0|0
2026|01|648812|015|08|WA|4715|EBA|03|04|2|002|100| A|TANPA SUB KOMPONEN|00||0|0
2026|01|648812|015|08|WA|4715|EBA|03|04|2|994|002| A|Keperluan Sehari-hari Perkantoran|00||0|0
2026|01|648812|015|08|WA|4715|EBA|03|04|2|994|002| B|Langganan Daya dan Jasa|00||0|0
2026|01|648812|015|08|WA|4715|EBA|03|04|2|994|002| C|Pelaksanaan Operasional Kantor|00||0|0
2026|01|648812|015|08|WA|4715|EBA|03|04|2|994|002| D|Pemeliharaan Peralatan dan Mesin|00||0|0
2026|01|648812|015|08|WA|4715|EBA|03|04|2|994|002| G|Pemeliharaan Gedung dan Bangunan|00||0|0
2026|01|648812|015|08|WA|4715|EBA|03|04|2|994|002|HA|Dukungan Tusi - Konsultasi Pencairan Dana|00||0|0
2026|01|648812|015|08|WA|4715|EBA|03|04|2|994|002|HB|Dukungan Tusi - Reviu Belanja Pemerintah|00||0|0
2026|01|648812|015|08|WA|4715|EBA|03|04|2|994|002|HH|Dukungan Pelaksanaan Tusi Prioritas Direktif Presiden|00||0|0
2026|01|648812|015|08|WA|4715|EBA|03|04|2|994|002|TJ|Jasa Pemeliharaan/Annual Technical Support (ATS)|00||0|0
2026|01|648812|015|08|WA|4718|BMB|03|04|2|002|100| A|TANPA SUB KOMPONEN|00||0|0
2026|01|648812|015|08|WA|4718|BMB|03|04|2|001|100| A|TANPA SUB KOMPONEN|00||0|0
2026|01|648812|015|08|WA|4719|EBA|03|04|2|004|100| A|Survey Kepuasan Pengguna Layanan|00||0|0
2026|01|648812|015|08|WA|4719|EBA|03|04|2|994|001| A|TANPA SUB KOMPONEN|00||0|0
2026|01|648812|015|08|WA|4719|EBC|03|04|2|001|100|XC|Penyelenggaraan Capacity Building|00||0|0
2026|01|648830|015|08|CD|6212|BMB|05|03|2|001|100| A|Profiling UMKM|00||0|0
2026|01|648830|015|08|CD|6212|FAC|05|03|2|001|100| A|Training Modul Aplikasi SAKTI|00||0|0
2026|01|648830|015|08|CD|6212|FAC|05|03|2|001|100| B|FGD DAN BIMTEK TRANSFER KEUANGAN DAERAH|00||0|0
2026|01|648830|015|08|CD|6212|FAH|05|03|2|001|100| A|TANPA SUB KOMPONEN|00||0|0
2026|01|648830|015|08|CD|6212|FAL|05|03|2|004|100| A|Konsultasi|00||0|0
2026|01|648830|015|08|CD|6212|FAL|05|03|2|004|100| B|Sosialisasi dan Bimbingan Teknis|00||0|0
2026|01|648830|015|08|CD|6212|FAL|05|03|2|004|100| D|Pembinaan Pemda, TKD, dan Penandatanganan BAR|00||0|0
2026|01|648830|015|08|CD|6213|FAC|05|03|2|001|100| A|Pembinaan Jabatan Fungsional Perbendaharaan|00||0|0
2026|01|648830|015|08|CD|6213|FAE|05|03|2|009|100| A|Monev Penyaluran Pembiayaan Ultra Mikro|00||0|0
2026|01|648830|015|08|CD|6213|FAL|05|03|2|003|100| A|Monev Pelaksanaan Anggaran|00||0|0
2026|01|648830|015|08|CD|6214|FAL|05|03|2|002|100| A|Pelaksanaan PencairanPenarikanPengesahan Dana|00||0|0
2026|01|648830|015|08|CD|6214|FAL|05|03|2|002|100| B|PenerbitanPersetujuanRekonsiliasi RekeningSKPPKonfirmasi Penerimaan Negara, dll|00||0|0
2026|01|648830|015|08|CD|6215|FAH|05|03|2|003|100| A|DokumentasiPencetakanPenggandaan|00||0|0
2026|01|648830|015|08|WA|4715|EBA|05|03|2|001|100| A|TANPA SUB KOMPONEN|00||0|0
2026|01|648830|015|08|WA|4715|EBA|05|03|2|001|100| B|Koordinasi Penyusunan ATK PU|00||0|0
2026|01|648830|015|08|WA|4715|EBA|05|03|2|002|100| A|TANPA SUB KOMPONEN|00||0|0
2026|01|648830|015|08|WA|4715|EBA|05|03|2|994|002| A|Keperluan Seharihari Perkantoran|00||0|0
2026|01|648830|015|08|WA|4715|EBA|05|03|2|994|002| B|Langganan Daya dan Jasa|00||0|0
2026|01|648830|015|08|WA|4715|EBA|05|03|2|994|002| C|Pelaksanaan Operasional Kantor|00||0|0
2026|01|648830|015|08|WA|4715|EBA|05|03|2|994|002| D|Pemeliharaan Peralatan dan Mesin|00||0|0
2026|01|648830|015|08|WA|4715|EBA|05|03|2|994|002| G|Pemeliharaan Gedung dan Bangunan|00||0|0
2026|01|648830|015|08|WA|4715|EBA|05|03|2|994|002|HA|Dukungan Tusi-Konsultasi Pencairan Dana|00||0|0
2026|01|648830|015|08|WA|4715|EBA|05|03|2|994|002|HB|Dukungan Tusi-Reviu Belanja Pemerintah|00||0|0
2026|01|648830|015|08|WA|4715|EBA|05|03|2|994|002|HH|Dukungan Pelaksanaan Tusi Prioritas Direktif Presiden|00||0|0
2026|01|648830|015|08|WA|4715|EBA|05|03|2|994|002|TJ|Jasa Pemeliharaan/Annual Technical Support (ATS)|00||0|0
2026|01|648830|015|08|WA|4715|EBD|05|03|2|Z36|100| B|Pelaksanaan Manajemen Kinerja, Resiko dan Kepatuhan Internal|00||0|0
2026|01|648830|015|08|WA|4718|BMB|05|03|2|002|100| A|TANPA SUB KOMPONEN|00||0|0
2026|01|648830|015|08|WA|4718|BMB|05|03|2|001|100| A|TANPA SUB KOMPONEN|00||0|0
2026|01|648830|015|08|WA|4719|EBA|05|03|2|994|001| A|TANPA SUB KOMPONEN|00||0|0
2026|01|648830|015|08|WA|4719|EBA|05|03|2|004|100| A|Survey Kepuasan Pengguna Layanan|00||0|0
2026|01|648830|015|08|WA|4719|EBC|05|03|2|001|100|XC|Penyelenggaraan Capacity Building|00||0|0
2026|01|648847|015|08|CD|6212|BMB|23|03|2|001|100| A|Profiling UMKM|00||0|0
2026|01|648847|015|08|CD|6212|FAC|23|03|2|001|100| A|Training Modul Aplikasi SAKTI|00||0|0
2026|01|648847|015|08|CD|6212|FAC|23|03|2|001|100| B|FGD dan Bimtek Transfer Keuangan Daerah|00||0|0
2026|01|648847|015|08|CD|6212|FAH|23|03|2|001|100| A|TANPA SUB KOMPONEN|00||0|0
2026|01|648847|015|08|CD|6212|FAL|23|03|2|004|100| A|Konsultasi|00||0|0
2026|01|648847|015|08|CD|6212|FAL|23|03|2|004|100| B|Sosialisasi dan Bimbingan Teknis|00||0|0
2026|01|648847|015|08|CD|6212|FAL|23|03|2|004|100| D|Pembinaan Pemda, TKD, dan Penandatanganan BAR|00||0|0
2026|01|648847|015|08|CD|6213|FAC|23|03|2|001|100| A|Pembinaan Jabatan Fungsional Perbendaharaan|00||0|0
2026|01|648847|015|08|CD|6213|FAE|23|03|2|009|100| A|Monev Penyaluran Pembiayaan Ultra Mikro|00||0|0
2026|01|648847|015|08|CD|6213|FAL|23|03|2|003|100| A|Monev Pelaksanaan Anggaran|00||0|0
2026|01|648847|015|08|CD|6214|FAL|23|03|2|002|100| A|Pelaksanaan PencairanPenarikanPengesahan Dana|00||0|0
2026|01|648847|015|08|CD|6214|FAL|23|03|2|002|100| B|PenerbitanPersetujuanRekonsiliasi RekeningSKPPKonfirmasi Penerimaan Negara, dll|00||0|0
2026|01|648847|015|08|CD|6215|FAH|23|03|2|003|100| A|Penyusunan Laporan Keuangan Tingkat Kuasa BUN di Daerah|00||0|0
2026|01|648847|015|08|CD|6215|FAH|23|03|2|003|100| B|Koordinasi UAKBUND KPPN di Kanwil|00||0|0
2026|01|648847|015|08|WA|4715|EBA|23|03|2|001|100| A|TANPA SUB KOMPONEN|00||0|0
2026|01|648847|015|08|WA|4715|EBA|23|03|2|001|100| B|Koordinasi Penyusunan ATK PU|00||0|0
2026|01|648847|015|08|WA|4715|EBA|23|03|2|002|100| A|TANPA SUB KOMPONEN|00||0|0
2026|01|648847|015|08|WA|4715|EBA|23|03|2|994|002| A|Keperluan Seharihari Perkantoran|00||0|0
2026|01|648847|015|08|WA|4715|EBA|23|03|2|994|002| B|Langganan Daya dan Jasa|00||0|0
2026|01|648847|015|08|WA|4715|EBA|23|03|2|994|002| C|Pelaksanaan Operasional Kantor|00||0|0
2026|01|648847|015|08|WA|4715|EBA|23|03|2|994|002| D|Pemeliharaan Peralatan dan Mesin|00||0|0
2026|01|648847|015|08|WA|4715|EBA|23|03|2|994|002| G|Pemeliharaan Gedung dan Bangunan|00||0|0
2026|01|648847|015|08|WA|4715|EBA|23|03|2|994|002|HA|Dukungan Tusi - Konsultasi Pencairan Dana|00||0|0
2026|01|648847|015|08|WA|4715|EBA|23|03|2|994|002|HB|Dukungan Tusi - Reviu Belanja Pemerintah|00||0|0
2026|01|648847|015|08|WA|4715|EBA|23|03|2|994|002|HH|Dukungan Pelaksanaan Tusi Prioritas Direktif Presiden|00||0|0
2026|01|648847|015|08|WA|4715|EBA|23|03|2|994|002|TJ|Jasa PemeliharaanAnnual Technical Support (ATS)|00||0|0
2026|01|648847|015|08|WA|4715|EBD|23|03|2|Z36|100| B|Pelaksanaan Manajemen Kinerja, Resiko dan Kepatuhan Internal|00||0|0
2026|01|648847|015|08|WA|4718|BMB|23|03|2|001|100| A|TANPA SUB KOMPONEN|00||0|0
2026|01|648847|015|08|WA|4718|BMB|23|03|2|002|100| A|TANPA SUB KOMPONEN|00||0|0
2026|01|648847|015|08|WA|4719|EBA|23|03|2|004|100| A|Survey Kepuasan Pengguna Layanan|00||0|0
2026|01|648847|015|08|WA|4719|EBA|23|03|2|994|001| A|TANPA SUB KOMPONEN|00||0|0
2026|01|648847|015|08|WA|4719|EBC|23|03|2|001|100|XC|Penyelenggaraan Capacity Building|00||0|0
2026|01|648847|015|08|WA|4715|EBB|23|03|2|004|100| A|Rehabilitasi Gedung dan Bangunan|00||0|0
2026|01|648851|015|08|CD|6212|BMB|19|06|2|001|100| A|TANPA SUB KOMPONEN|00||0|0
2026|01|648851|015|08|CD|6212|FAC|19|06|2|001|100| A|Training Modul Aplikasi SAKTI|00||0|0
2026|01|648851|015|08|CD|6212|FAC|19|06|2|001|100| B|FGD dan Bimtek Transfer Keuangan Daerah|00||0|0
2026|01|648851|015|08|CD|6212|FAH|19|06|2|001|100| A|TANPA SUB KOMPONEN|00||0|0
2026|01|648851|015|08|CD|6212|FAL|19|06|2|004|100| A|Konsultasi|00||0|0
2026|01|648851|015|08|CD|6212|FAL|19|06|2|004|100| B|Sosialisasai dan Bimbingan Teknis|00||0|0
2026|01|648851|015|08|CD|6212|FAL|19|06|2|004|100| D|Pembinaan Pemda, TKD, dan Penandatanganan BAR|00||0|0
2026|01|648851|015|08|CD|6213|FAC|19|06|2|001|100| A|Pembinaan Jabatan Fungsional Perbendaharaan|00||0|0
2026|01|648851|015|08|CD|6213|FAL|19|06|2|003|100| A|Monev Pelaksanaan Anggaran|00||0|0
2026|01|648851|015|08|CD|6214|FAL|19|06|2|002|100| A|Pelaksanaan PencairanPenarikanPengesahan Dana|00||0|0
2026|01|648851|015|08|CD|6214|FAL|19|06|2|002|100| B|PenerbitanPersetujuanRekonsiliasi RekeningSKPPKonfirmasi Penerimaan Negara, dll|00||0|0
2026|01|648851|015|08|CD|6215|FAH|19|06|2|003|100| A|Penyusunan Laporan Keuangan Tingkat Kuasa BUN di Daerah|00||0|0
2026|01|648851|015|08|WA|4715|EBA|19|06|2|001|100| A|TANPA SUB KOMPONEN|00||0|0
2026|01|648851|015|08|WA|4715|EBA|19|06|2|002|100| A|TANPA SUB KOMPONEN|00||0|0
2026|01|648851|015|08|WA|4715|EBA|19|06|2|994|002| A|Keperluan Seharihari Perkantoran|00||0|0
2026|01|648851|015|08|WA|4715|EBA|19|06|2|994|002| B|Langganan Daya dan Jasa|00||0|0
2026|01|648851|015|08|WA|4715|EBA|19|06|2|994|002| C|Pelaksanaan Operasional Kantor|00||0|0
2026|01|648851|015|08|WA|4715|EBA|19|06|2|994|002| D|Pemeliharaan Peralatan dan Mesin|00||0|0
2026|01|648851|015|08|WA|4715|EBA|19|06|2|994|002| G|Pemeliharaan Gedung dan Bangunan|00||0|0
2026|01|648851|015|08|WA|4715|EBA|19|06|2|994|002|HA|Dukungan Tusi - Konsultasi Pencairan Dana|00||0|0
2026|01|648851|015|08|WA|4715|EBA|19|06|2|994|002|HB|Dukungan Tusi - Reviu Belanja Pemerintah|00||0|0
2026|01|648851|015|08|WA|4715|EBA|19|06|2|994|002|HH|Dukungan Pelaksanaan Tusi Prioritas Presiden (MBG, KDMP, dan SR)|00||0|0
2026|01|648851|015|08|WA|4715|EBA|19|06|2|994|002|TJ|Jasa Pemeliharaan Annual Technical Support (ATS)|00||0|0
2026|01|648851|015|08|WA|4715|EBD|19|06|2|Z36|100| B|Pelaksanaan Manajemen Resiko dan Kepatuhan Internal|00||0|0
2026|01|648851|015|08|WA|4718|BMB|19|06|2|001|100| A|TANPA SUB KOMPONEN|00||0|0
2026|01|648851|015|08|WA|4718|BMB|19|06|2|002|100| A|TANPA SUB KOMPONEN|00||0|0
2026|01|648851|015|08|WA|4719|EBA|19|06|2|004|100| A|Survey Kepuasan Pengguna Layanan|00||0|0
2026|01|648851|015|08|WA|4719|EBA|19|06|2|994|001| A|TANPA SUB KOMPONEN|00||0|0
2026|01|648851|015|08|WA|4719|EBC|19|06|2|001|100|XC|Penyelenggaraan Capacity Building|00||0|0
2026|01|648893|015|08|CD|6212|FAC|13|02|2|001|100| A|Training Modul Aplikasi SAKTI|00||0|0
2026|01|648893|015|08|CD|6212|FAC|13|02|2|001|100| B|FGD dan Bimtek Transfer Keuangan Daerah|00||0|0
2026|01|648893|015|08|CD|6212|FAH|13|02|2|001|100| A|TANPA SUB KOMPONEN|00||0|0
2026|01|648893|015|08|CD|6212|FAL|13|02|2|004|100| A|Konsultasi|00||0|0
2026|01|648893|015|08|CD|6212|FAL|13|02|2|004|100| B|Sosialisasi dan Bimbingan Teknis|00||0|0
2026|01|648893|015|08|CD|6212|FAL|13|02|2|004|100| C|Pembinaan Satker|00||0|0
2026|01|648893|015|08|CD|6212|FAL|13|02|2|004|100| D|Pembinaan Pemda, TKD, dan Penandatanganan BAR|00||0|0
2026|01|648893|015|08|CD|6213|FAC|13|02|2|001|100| A|Pembinaan Jabatan Fungsional Perbendaharaan|00||0|0
2026|01|648893|015|08|CD|6213|FAL|13|02|2|003|100| A|Monev Pelaksanaan Anggaran|00||0|0
2026|01|648893|015|08|CD|6214|FAL|13|02|2|002|100| A|Pelaksanaan PencairanPenarikanPengesahan Dana|00||0|0
2026|01|648893|015|08|CD|6214|FAL|13|02|2|002|100| B|PenerbitanPersetujuanRekonsiliasi RekeningSKPPKonfirmasi Penerimaan Negara, dll|00||0|0
2026|01|648893|015|08|CD|6215|FAH|13|02|2|003|100| A|Penyusunan Laporan Keuangan Tingkat Kuasa BUN di Daerah|00||0|0
2026|01|648893|015|08|WA|4715|EBA|13|02|2|001|100| A|TANPA SUB KOMPONEN|00||0|0
2026|01|648893|015|08|WA|4715|EBA|13|02|2|002|100| A|TANPA SUB KOMPONEN|00||0|0
2026|01|648893|015|08|WA|4715|EBA|13|02|2|994|002| A|Keperluan Seharihari Perkantoran|00||0|0
2026|01|648893|015|08|WA|4715|EBA|13|02|2|994|002| B|Langganan Daya dan Jasa|00||0|0
2026|01|648893|015|08|WA|4715|EBA|13|02|2|994|002| C|Pelaksanaan Operasional Kantor|00||0|0
2026|01|648893|015|08|WA|4715|EBA|13|02|2|994|002| D|Pemeliharaan Peralatan dan Mesin|00||0|0
2026|01|648893|015|08|WA|4715|EBA|13|02|2|994|002| E|Pemeliharaan Gedung dan Bangunan|00||0|0
2026|01|648893|015|08|WA|4715|EBA|13|02|2|994|002|HA|Dukungan Tusi - Konsultasi Pencairan Dana|00||0|0
2026|01|648893|015|08|WA|4715|EBA|13|02|2|994|002|HB|Dukungan Tusi - Reviu Belanja Pemerintah|00||0|0
2026|01|648893|015|08|WA|4715|EBA|13|02|2|994|002|HH|Dukungan Pelaksanaan Tusi Prioritas Direktif Presiden|00||0|0
2026|01|648893|015|08|WA|4715|EBA|13|02|2|994|002|TJ|Jasa PemeliharaanAnnual Technical Support (ATS)|00||0|0
2026|01|648893|015|08|WA|4715|EBD|13|02|2|Z36|100| B|Pelaksanaan Manajemen Kinerja, Resiko dan Kepatuhan Internal|00||0|0
2026|01|648893|015|08|WA|4718|BMB|13|02|2|002|100| A|TANPA SUB KOMPONEN|00||0|0
2026|01|648893|015|08|WA|4718|BMB|13|02|2|001|100| A|TANPA SUB KOMPONEN|00||0|0
2026|01|648893|015|08|WA|4719|EBA|13|02|2|994|001| A|TANPA SUB KOMPONEN|00||0|0
2026|01|648893|015|08|WA|4719|EBA|13|02|2|004|100| A|Survey Kepuasan Pengguna Layanan|00||0|0
2026|01|648893|015|08|WA|4719|EBC|13|02|2|001|100|XC|Penyelenggaraan Capacity Building|00||0|0
2026|01|648889|015|08|CD|6212|FAC|05|28|2|001|100| B|FGD dan Bimtek Transfer Keuangan Daerah|00||0|0
2026|01|648889|015|08|CD|6212|FAH|05|28|2|001|100| A|TANPA SUB KOMPONEN|00||0|0
2026|01|648889|015|08|CD|6212|FAL|05|28|2|004|100| A|Konsultasi|00||0|0
2026|01|648889|015|08|CD|6212|FAL|05|28|2|004|100| B|Sosialisasi dan Bimbingan Teknis|00||0|0
2026|01|648889|015|08|CD|6213|FAC|05|28|2|001|100| A|Pembinaan Jabatan Fungsional Perbendaharaan|00||0|0
2026|01|648889|015|08|CD|6213|FAL|05|28|2|003|100| A|Monev Pelaksanaan Anggaran|00||0|0
2026|01|648889|015|08|CD|6214|FAL|05|28|2|002|100| A|Pelaksanaan PencairanPenarikanPengesahan Dana|00||0|0
2026|01|648889|015|08|CD|6214|FAL|05|28|2|002|100| B|PenerbitanPersetujuanRekonsiliasi RekeningSKPPKonfirmasi Penerimaan Negara,dll|00||0|0
2026|01|648889|015|08|CD|6215|FAH|05|28|2|003|100| A|Penyusunan Laporan Keuangan Tingkat Kuasa BUN di Daerah|00||0|0
2026|01|648889|015|08|CD|6215|FAH|05|28|2|003|100| B|Koordinasi UAKBUN-D KPPN di Kanwil|00||0|0
2026|01|648889|015|08|WA|4715|EBA|05|28|2|001|100| A|TANPA SUB KOMPONEN|00||0|0
2026|01|648889|015|08|WA|4715|EBA|05|28|2|001|100| B|Koordinasi Penyusunan ATK PU|00||0|0
2026|01|648889|015|08|WA|4715|EBA|05|28|2|002|100| A|TANPA SUB KOMPONEN|00||0|0
2026|01|648889|015|08|WA|4715|EBA|05|28|2|994|002| A|Keperluan Seharihari Perkantoran|00||0|0
2026|01|648889|015|08|WA|4715|EBA|05|28|2|994|002| B|Langganan Daya dan Jasa|00||0|0
2026|01|648889|015|08|WA|4715|EBA|05|28|2|994|002| C|Pelaksanaan Operasional Kantor|00||0|0
2026|01|648889|015|08|WA|4715|EBA|05|28|2|994|002| D|Pemeliharaan Peralatan dan Mesin|00||0|0
2026|01|648889|015|08|WA|4715|EBA|05|28|2|994|002| G|Pemeliharaan Gedung dan Bangunan|00||0|0
2026|01|648889|015|08|WA|4715|EBA|05|28|2|994|002|HA|Dukungan Tusi Pencairan Dana|00||0|0
2026|01|648889|015|08|WA|4715|EBA|05|28|2|994|002|HB|Dukungan Tusi - Reviu Belanja Pemerintah|00||0|0
2026|01|648889|015|08|WA|4715|EBA|05|28|2|994|002|HH|Dukungan Pelaksaan Tusi Prioritas Direktif Presiden |00||0|0
2026|01|648889|015|08|WA|4715|EBA|05|28|2|994|002|TJ|Jasa Pemeliharaan Annual Technical Support (ATS)|00||0|0
2026|01|648889|015|08|WA|4718|BMB|05|28|2|002|100| A|TANPA SUB KOMPONEN|00||0|0
2026|01|648889|015|08|WA|4718|BMB|05|28|2|001|100| A|TANPA SUB KOMPONEN|00||0|0
2026|01|648889|015|08|WA|4719|EBA|05|28|2|994|001| A|TANPA SUB KOMPONEN|00||0|0
2026|01|648889|015|08|WA|4719|EBA|05|28|2|004|100| A|Survey Kepuasan Pengguna Layanan|00||0|0
2026|01|648889|015|08|WA|4719|EBC|05|28|2|001|100|XC|Penyelenggaraan Capacity Building|00||0|0
2026|01|648868|015|08|CD|6212|BMB|14|04|2|001|100| A|Profiling UMKM|00||0|0
2026|01|648868|015|08|CD|6212|FAC|14|04|2|001|100| A|Training Modul Aplikasi SAKTI|00||0|0
2026|01|648868|015|08|CD|6212|FAC|14|04|2|001|100| B|FGD dan Bimtek Transfer Keuangan Daerah|00||0|0
2026|01|648868|015|08|CD|6212|FAH|14|04|2|001|100| A|TANPA SUB KOMPONEN|00||0|0
2026|01|648868|015|08|CD|6212|FAL|14|04|2|004|100| A|Konsultasi|00||0|0
2026|01|648868|015|08|CD|6212|FAL|14|04|2|004|100| B|Sosialisasi dan Bimbingan Teknis|00||0|0
2026|01|648868|015|08|CD|6212|FAL|14|04|2|004|100| D|Pembinaan Pemda, TKD, dan Penandatanganan BAR|00||0|0
2026|01|648868|015|08|CD|6213|FAC|14|04|2|001|100| A|Pembinaan Jabatan Fungsional Perbendaharaan|00||0|0
2026|01|648868|015|08|CD|6213|FAE|14|04|2|009|100| A|Monev Penyaluran Pembiayaan Ultra Mikro|00||0|0
2026|01|648868|015|08|CD|6213|FAL|14|04|2|003|100| A|Monev Pelaksanaan Anggaran|00||0|0
2026|01|648868|015|08|CD|6214|FAL|14|04|2|002|100| A|Pelaksanaan Pencairan/Penarikan/Pengesahan Dana|00||0|0
2026|01|648868|015|08|CD|6214|FAL|14|04|2|002|100| B|Penerbitan/Persetujuan/Rekonsiliasi Rekening/SKPP/Konfirmasi Penerimaan Negara, dll|00||0|0
2026|01|648868|015|08|CD|6215|FAH|14|04|2|003|100| A|Penyusunan Laporan Keuangan Tingkat Kuasa BUN di Daerah|00||0|0
2026|01|648868|015|08|WA|4715|EBA|14|04|2|001|100| A|TANPA SUB KOMPONEN|00||0|0
2026|01|648868|015|08|WA|4715|EBA|14|04|2|002|100| A|TANPA SUB KOMPONEN|00||0|0
2026|01|648868|015|08|WA|4715|EBA|14|04|2|994|002| A|Keperluan Sehari-hari Perkantoran|00||0|0
2026|01|648868|015|08|WA|4715|EBA|14|04|2|994|002| B|Langganan Daya dan Jasa|00||0|0
2026|01|648868|015|08|WA|4715|EBA|14|04|2|994|002| C|Pelaksanaan Operasional Kantor|00||0|0
2026|01|648868|015|08|WA|4715|EBA|14|04|2|994|002| D|Pemeliharaan Peralatan dan Mesin|00||0|0
2026|01|648868|015|08|WA|4715|EBA|14|04|2|994|002| G|Pemeliharaan Gedung dan Bangunan|00||0|0
2026|01|648868|015|08|WA|4715|EBA|14|04|2|994|002|HA|Dukungan Tusi - Konsultasi Pencairan Dana|00||0|0
2026|01|648868|015|08|WA|4715|EBA|14|04|2|994|002|HB|Dukungan Tusi - Reviu Belanja Pemerintah|00||0|0
2026|01|648868|015|08|WA|4715|EBA|14|04|2|994|002|HH|Dukungan Pelaksaan Tusi Prioritas Direktif Presiden|00||0|0
2026|01|648868|015|08|WA|4715|EBA|14|04|2|994|002|TJ|Jasa Pemeliharaan/Annual Technical Support (ATS)|00||0|0
2026|01|648868|015|08|WA|4715|EBD|14|04|2|Z36|100| B|Pelaksanaan Manajemen Kinerja, Resiko dan Kepatuhan Internal|00||0|0
2026|01|648868|015|08|WA|4718|BMB|14|04|2|002|100| A|TANPA SUB KOMPONEN|00||0|0
2026|01|648868|015|08|WA|4718|BMB|14|04|2|001|100| A|TANPA SUB KOMPONEN|00||0|0
2026|01|648868|015|08|WA|4719|EBA|14|04|2|994|001| A|TANPA SUB KOMPONEN|00||0|0
2026|01|648868|015|08|WA|4719|EBA|14|04|2|004|100| A|Survey Kepuasan Pengguna Layanan|00||0|0
2026|01|648868|015|08|WA|4719|EBC|14|04|2|001|100|XC|Penyelenggaraan Capacity Building|00||0|0
2026|01|648872|015|08|CD|6212|BMB|15|02|2|001|100|AA|Profiling UMKM   UMi KPPN Induk|00||0|0
2026|01|648872|015|08|CD|6212|FAC|15|02|2|001|100|AA|Training Modul Aplikasi SAKTI  KPPN Induk|00||0|0
2026|01|648872|015|08|CD|6212|FAC|15|02|2|001|100|AB|FGD dan Bimtek Transfer Keuangan Daerah  KPPN Induk|00||0|0
2026|01|648872|015|08|CD|6212|FAC|15|02|2|001|100|BA|Training Modul Aplikasi SAKTI  KPPN Unit|00||0|0
2026|01|648872|015|08|CD|6212|FAC|15|02|2|001|100|BB|FGD dan Bimtek Transfer Keuangan Daerah  KPPN Unit|00||0|0
2026|01|648872|015|08|CD|6212|FAH|15|02|2|001|100|AA|TANPA SUB KOMPONENKPPN Induk|00||0|0
2026|01|648872|015|08|CD|6212|FAH|15|02|2|001|100|BA|TANPA SUB KOMPONEN  KPPN Unit|00||0|0
2026|01|648872|015|08|CD|6212|FAL|15|02|2|004|100|AA|KonsultasiKPPN Induk|00||0|0
2026|01|648872|015|08|CD|6212|FAL|15|02|2|004|100|AB|Sosialisasi dan Bimbingan Teknis  KPPN Induk|00||0|0
2026|01|648872|015|08|CD|6212|FAL|15|02|2|004|100|AC|Pembinaan Satker - KPPN Induk|00||0|0
2026|01|648872|015|08|CD|6212|FAL|15|02|2|004|100|AD|Pembinaan Pemda, TKD, dan Penandatanganan BA Rekonsiliasi Pajak  KPPN Induk|00||0|0
2026|01|648872|015|08|CD|6212|FAL|15|02|2|004|100|BA|Konsultasi  KPPN Unit|00||0|0
2026|01|648872|015|08|CD|6212|FAL|15|02|2|004|100|BB|Sosialisasi dan Bimbingan Teknis  KPPN Unit|00||0|0
2026|01|648872|015|08|CD|6212|FAL|15|02|2|004|100|BC|Pembinaan Satker - KPPN Unit|00||0|0
2026|01|648872|015|08|CD|6212|FAL|15|02|2|004|100|BD|Pembinaan Pemda, TKD, dan Penandatanganan BAR  KPPN Unit|00||0|0
2026|01|648872|015|08|CD|6213|FAC|15|02|2|001|100|AA|Pembinaan Jabatan Fungsional Perbendaharaan  KPPN Induk|00||0|0
2026|01|648872|015|08|CD|6213|FAC|15|02|2|001|100|BA|Pembinaan Jabatan Fungsional Perbendaharaan  KPPN Unit|00||0|0
2026|01|648872|015|08|CD|6213|FAL|15|02|2|003|100|AA|Monev Pelaksanaan Anggaran  KPPN Induk|00||0|0
2026|01|648872|015|08|CD|6213|FAL|15|02|2|003|100|BA|Monev Pelaksanaan Anggaran  KPPN Unit|00||0|0
2026|01|648872|015|08|CD|6214|FAL|15|02|2|002|100|AA|Pelaksanaan PencairanPenarikanPengesahan Dana  KPPN Induk|00||0|0
2026|01|648872|015|08|CD|6214|FAL|15|02|2|002|100|AB|PenerbitanPersetujuanRekonsiliasi RekeningSKPPKonfirmasi Penerimaan Negara, dll  KPPN Induk|00||0|0
2026|01|648872|015|08|CD|6214|FAL|15|02|2|002|100|BA|Pelaksanaan PencairanPenarikanPengesahan Dana  KPPN Unit|00||0|0
2026|01|648872|015|08|CD|6214|FAL|15|02|2|002|100|BB|PenerbitanPersetujuanRekonsiliasi RekeningSKPPKonfirmasi Penerimaan Negara, dll  KPPN Unit|00||0|0
2026|01|648872|015|08|CD|6215|FAH|15|02|2|003|100|AB|Koordinasi UAKBUND KPPN di KanwilKPPN Induk|00||0|0
2026|01|648872|015|08|CD|6215|FAH|15|02|2|003|100|BA|Penyusunan Laporan Keuangan Tingkat Kuasa BUN di DaerahKPPN Unit|00||0|0
2026|01|648872|015|08|WA|4715|EBA|15|02|2|001|100|AA|TANPA SUB KOMPONEN  KPPN Induk|00||0|0
2026|01|648872|015|08|WA|4715|EBA|15|02|2|001|100|AB|Koordinasi Penyusunan ATK PU  KPPN Induk|00||0|0
2026|01|648872|015|08|WA|4715|EBA|15|02|2|001|100|BA|TANPA SUB KOMPONEN  KPPN Unit|00||0|0
2026|01|648872|015|08|WA|4715|EBA|15|02|2|002|100|AA|TANPA SUB KOMPONENKPPN Induk|00||0|0
2026|01|648872|015|08|WA|4715|EBA|15|02|2|002|100|AB|Monitoring PejabatPetugas Pengelola Keuangan|00||0|0
2026|01|648872|015|08|WA|4715|EBA|15|02|2|002|100|BA|TANPA SUB KOMPONEN  KPPN Unit|00||0|0
2026|01|648872|015|08|WA|4715|EBA|15|02|2|994|002|AA|Keperluan Seharihari Perkantoran  KPPN Induk|00||0|0
2026|01|648872|015|08|WA|4715|EBA|15|02|2|994|002|AB|Langganan Daya dan Jasa  KPPN Induk|00||0|0
2026|01|648872|015|08|WA|4715|EBA|15|02|2|994|002|AC|Pelaksanaan Operasional Kantor  KPPN Induk|00||0|0
2026|01|648872|015|08|WA|4715|EBA|15|02|2|994|002|AD|Pemeliharaan Peralatan dan Mesin  KPPN Induk|00||0|0
2026|01|648872|015|08|WA|4715|EBA|15|02|2|994|002|AE|Pemeliharaan Gedung dan Bangunan  KPPN Induk|00||0|0
2026|01|648872|015|08|WA|4715|EBA|15|02|2|994|002|BA|Keperluan Seharihari Perkantoran  KPPN Unit|00||0|0
2026|01|648872|015|08|WA|4715|EBA|15|02|2|994|002|BB|Langganan Daya dan Jasa  KPPN Unit|00||0|0
2026|01|648872|015|08|WA|4715|EBA|15|02|2|994|002|BC|Pelaksanaan Operasional Kantor  KPPN Unit|00||0|0
2026|01|648872|015|08|WA|4715|EBA|15|02|2|994|002|BD|Pemeliharaan Peralatan dan Mesin  KPPN Unit|00||0|0
2026|01|648872|015|08|WA|4715|EBA|15|02|2|994|002|BE|Pemeliharaan Gedung dan Bangunan  KPPN Unit|00||0|0
2026|01|648872|015|08|WA|4715|EBA|15|02|2|994|002|HA|Dukungan Tusi - Konsultasi Pencairan Dana|00||0|0
2026|01|648872|015|08|WA|4715|EBA|15|02|2|994|002|HB|Dukungan Tusi - Reviu Belanja Pemerintah|00||0|0
2026|01|648872|015|08|WA|4715|EBA|15|02|2|994|002|HH|Dukungan Pelaksaan Tusi Prioritas Direktif Presiden KPPN Induk|00||0|0
2026|01|648872|015|08|WA|4715|EBA|15|02|2|994|002|HI|Dukungan Pelaksaan Tusi Prioritas Direktif Presiden KPPN Unit|00||0|0
2026|01|648872|015|08|WA|4715|EBA|15|02|2|994|002|TJ|Jasa PemeliharaanAnnual Technical Support (ATS)|00||0|0
2026|01|648872|015|08|WA|4715|EBD|15|02|2|Z36|100|AB|Pelaksanaan Manajemen Kinerja, Resiko dan Kepatuhan Internal|00||0|0
2026|01|648872|015|08|WA|4718|BMB|15|02|2|002|100|BA|TANPA SUB KOMPONEN  KPPN Unit|00||0|0
2026|01|648872|015|08|WA|4718|BMB|15|02|2|001|100|AA|TANPA SUB KOMPONEN|00||0|0
2026|01|648872|015|08|WA|4719|EBA|15|02|2|994|001|AA|TANPA SUB KOMPONEN|00||0|0
2026|01|648872|015|08|WA|4719|EBA|15|02|2|994|001|BA|TANPA SUB KOMPONEN  KPPN Unit|00||0|0
2026|01|648872|015|08|WA|4719|EBA|15|02|2|004|100|AA|Survey Kepuasan Pengguna LayananKPPN Induk|00||0|0
2026|01|648872|015|08|WA|4719|EBA|15|02|2|004|100|BA|Survey Kepuasan Pengguna Layanan  KPPN Unit|00||0|0
2026|01|648872|015|08|WA|4719|EBC|15|02|2|001|100|XC|Penyelenggaraan Capacity Building|00||0|0
2026|01|652449|015|08|CD|6212|FAC|02|57|2|001|100| A|Training Modul Aplikasi SAKTI|00||0|0
2026|01|652449|015|08|CD|6212|FAC|02|57|2|001|100| B|FGD dan Bimtek Transfer Keuangan Daerah|00||0|0
2026|01|652449|015|08|CD|6212|FAH|02|57|2|001|100| A|TANPA SUB KOMPONEN|00||0|0
2026|01|652449|015|08|CD|6212|FAL|02|57|2|004|100| A|Konsultasi|00||0|0
2026|01|652449|015|08|CD|6212|FAL|02|57|2|004|100| B|Sosialisasi dan Bimbingan Teknis|00||0|0
2026|01|652449|015|08|CD|6212|FAL|02|57|2|004|100| D|Pembinaan Pemda,TKD dan penandatanganan BA Rekonsiliasi Pajak|00||0|0
2026|01|652449|015|08|CD|6213|FAC|02|57|2|001|100| A|Pembinaan Jabatan Fungsional Perbendaharaan|00||0|0
2026|01|652449|015|08|CD|6214|FAL|02|57|2|002|100| A|Pelaksanaan Pencairan/Penarikan/Pengesahan Dana|00||0|0
2026|01|652449|015|08|CD|6214|FAL|02|57|2|002|100| B|Penerbitan/Persetujuan/Rekonsiliasi Rekening/SKPP/Konfirmasi Penerimaan Negara dll|00||0|0
2026|01|652449|015|08|CD|6215|FAH|02|57|2|003|100| A|Penyusunan Laporan Keuangan Tingkat Kuasa BUN di Daerah|00||0|0
2026|01|652449|015|08|WA|4715|EBA|02|57|2|001|100| A|TANPA SUB KOMPONEN|00||0|0
2026|01|652449|015|08|WA|4715|EBA|02|57|2|002|100| A|TANPA SUB KOMPONEN|00||0|0
2026|01|652449|015|08|WA|4715|EBA|02|57|2|994|002| A|Keperluan Sehari-hari Perkantoran|00||0|0
2026|01|652449|015|08|WA|4715|EBA|02|57|2|994|002| B|Langganan Daya dan Jasa|00||0|0
2026|01|652449|015|08|WA|4715|EBA|02|57|2|994|002| C|Pelaksanaan Operasional Kantor|00||0|0
2026|01|652449|015|08|WA|4715|EBA|02|57|2|994|002| D|Biaya Pemeliharaan Peralatan dan Mesin|00||0|0
2026|01|652449|015|08|WA|4715|EBA|02|57|2|994|002| G|Biaya pemeliharaan gedung dan bangunan|00||0|0
2026|01|652449|015|08|WA|4715|EBA|02|57|2|994|002|HA|Dukungan Tusi Konsultasi Pencairan Dana|00||0|0
2026|01|652449|015|08|WA|4715|EBA|02|57|2|994|002|HB|Dukungan Tusi Review Belanja Pemerintah|00||0|0
2026|01|652449|015|08|WA|4715|EBA|02|57|2|994|002|HH|Dukungan Pelaksanaan Tusi Prioritas Direktif Presiden|00||0|0
2026|01|652449|015|08|WA|4715|EBA|02|57|2|994|002|TJ|Jasa Pemeliharaan/Annual Technical Support (ATS)|00||0|0
2026|01|652449|015|08|WA|4715|EBD|02|57|2|Z36|100| B|Pelaksanaan Managemen Kinerja, Resiko dan Kepatuhan Internal|00||0|0
2026|01|652449|015|08|WA|4718|BMB|02|57|2|002|100| A|TANPA SUB KOMPONEN|00||0|0
2026|01|652449|015|08|WA|4718|BMB|02|57|2|001|100| A|TANPA SUB KOMPONEN|00||0|0
2026|01|652449|015|08|WA|4719|EBA|02|57|2|994|001| A|TANPA SUB KOMPONEN|00||0|0
2026|01|652449|015|08|WA|4719|EBA|02|57|2|004|100| A|Survey Kepuasan Pengguna Layanan|00||0|0
2026|01|652449|015|08|WA|4719|EBC|02|57|2|001|100|XC|Penyelenggaraan Capacity Building|00||0|0
2026|01|652460|015|08|CD|6212|BMB|21|01|2|001|100| A|Profiling UMKM|00||0|0
2026|01|652460|015|08|CD|6212|FAC|21|01|2|001|100| A|Training Modul Aplikasi SAKTI|00||0|0
2026|01|652460|015|08|CD|6212|FAC|21|01|2|001|100| B|FGD dan Bimtek Transfer Keuangan Daerah|00||0|0
2026|01|652460|015|08|CD|6212|FAH|21|01|2|001|100| A|TANPA SUB KOMPONEN|00||0|0
2026|01|652460|015|08|CD|6212|FAL|21|01|2|004|100| A|Konsultasi|00||0|0
2026|01|652460|015|08|CD|6212|FAL|21|01|2|004|100| B|Sosialisasi dan Bimbingan Teknis|00||0|0
2026|01|652460|015|08|CD|6212|FAL|21|01|2|004|100| D|Pembinaan Pemda, TKD, dan Penandatanganan BAR|00||0|0
2026|01|652460|015|08|CD|6213|FAC|21|01|2|001|100| A|Pembinaan Jabatan Fungsional Perbendaharaan|00||0|0
2026|01|652460|015|08|CD|6213|FAL|21|01|2|003|100| A|Monev Pelaksanaan Anggaran|00||0|0
2026|01|652460|015|08|CD|6214|FAL|21|01|2|002|100| A|Pelaksanaan PencairanPenarikanPengesahan Dana|00||0|0
2026|01|652460|015|08|CD|6214|FAL|21|01|2|002|100| B|PenerbitanPersetujuanRekonsiliasi RekeningSKPPKonfirmasi Penerimaan Negara, dll|00||0|0
2026|01|652460|015|08|CD|6215|FAH|21|01|2|003|100| A|Penyusunan Laporan Keuangan Tingkat Kuasa BUN di Daerah|00||0|0
2026|01|652460|015|08|CD|6215|FAH|21|01|2|003|100| B|Koordinasi UAKBUND KPPN di Kanwil (Cross Program)|00||0|0
2026|01|652460|015|08|WA|4715|EBA|21|01|2|001|100| A|TANPA SUB KOMPONEN|00||0|0
2026|01|652460|015|08|WA|4715|EBA|21|01|2|001|100| B|Koordinasi Penyusunan ATK PU|00||0|0
2026|01|652460|015|08|WA|4715|EBA|21|01|2|002|100| A|TANPA SUB KOMPONEN|00||0|0
2026|01|652460|015|08|WA|4715|EBA|21|01|2|994|002| A|Keperluan Seharihari Perkantoran|00||0|0
2026|01|652460|015|08|WA|4715|EBA|21|01|2|994|002| B|Langganan Daya dan Jasa|00||0|0
2026|01|652460|015|08|WA|4715|EBA|21|01|2|994|002| C|Pelaksanaan Operasional Kantor|00||0|0
2026|01|652460|015|08|WA|4715|EBA|21|01|2|994|002| D|Pemeliharaan Peralatan dan Mesin|00||0|0
2026|01|652460|015|08|WA|4715|EBA|21|01|2|994|002| G|Pemeliharaan Gedung dan Bangunan|00||0|0
2026|01|652460|015|08|WA|4715|EBA|21|01|2|994|002|HA|Dukungan Tusi - Konsultasi Pencairan Dana|00||0|0
2026|01|652460|015|08|WA|4715|EBA|21|01|2|994|002|HB|Dukungan Tusi - Reviu Belanja Pemerintah|00||0|0
2026|01|652460|015|08|WA|4715|EBA|21|01|2|994|002|HH|Dukungan Pelaksanaan Tusi Prioritas Direktif Presiden|00||0|0
2026|01|652460|015|08|WA|4715|EBA|21|01|2|994|002|TJ|Jasa PemeliharaanAnnual Technical Support (ATS)|00||0|0
2026|01|652460|015|08|WA|4715|EBD|21|01|2|Z36|100| B|Pelaksanaan Manajemen Kinerja, Resiko dan Kepatuhan Internal|00||0|0
2026|01|652460|015|08|WA|4718|BMB|21|01|2|002|100| A|TANPA SUB KOMPONEN|00||0|0
2026|01|652460|015|08|WA|4718|BMB|21|01|2|001|100| A|TANPA SUB KOMPONEN|00||0|0
2026|01|652460|015|08|WA|4719|EBA|21|01|2|994|001| A|TANPA SUB KOMPONEN|00||0|0
2026|01|652460|015|08|WA|4719|EBA|21|01|2|004|100| A|Survey Kepuasan Pengguna Layanan|00||0|0
2026|01|652460|015|08|WA|4719|EBC|21|01|2|001|100| A|Peningkatan Kapasitas SDM|00||0|0
2026|01|662770|015|08|CD|6212|BMB|24|07|2|001|100| A|Profiling UMKM|00||0|0
2026|01|662770|015|08|CD|6212|FAC|24|07|2|001|100| A|Training Modul Aplikasi SAKTI|00||0|0
2026|01|662770|015|08|CD|6212|FAC|24|07|2|001|100| B|FGD dan Bimtek Transfer Keuangan Daerah|00||0|0
2026|01|662770|015|08|CD|6212|FAH|24|07|2|001|100| A|TANPA SUB KOMPONEN|00||0|0
2026|01|662770|015|08|CD|6212|FAL|24|07|2|004|100| A|Konsultasi|00||0|0
2026|01|662770|015|08|CD|6212|FAL|24|07|2|004|100| B|Sosialisasi dan Bimbingan Teknis|00||0|0
2026|01|662770|015|08|CD|6212|FAL|24|07|2|004|100| D|Pembinaan Pemda, TKD, dan Penandatanganan BA Rekonsiliasi Pajak|00||0|0
2026|01|662770|015|08|CD|6213|FAC|24|07|2|001|100| A|Pembinaan Jabatan Fungsional Perbendaharaan|00||0|0
2026|01|662770|015|08|CD|6213|FAE|24|07|2|009|100| A|Monev Penyaluran Pembiayaan Ultra Mikro|00||0|0
2026|01|662770|015|08|CD|6213|FAL|24|07|2|003|100| A|Monev Pelaksanaan Anggaran|00||0|0
2026|01|662770|015|08|CD|6214|FAL|24|07|2|002|100| A|Pelaksanaan PencairanPenarikanPengesahan Dana|00||0|0
2026|01|662770|015|08|CD|6214|FAL|24|07|2|002|100| B|PenerbitanPersetujuanRekonsiliasi RekeningSKPPKonfirmasi Penerimaan Negara, dll|00||0|0
2026|01|662770|015|08|CD|6215|FAH|24|07|2|003|100| A|Penyusunan Laporan Keuangan Tingkat Kuasa BUN di Daerah|00||0|0
2026|01|662770|015|08|WA|4715|EBA|24|07|2|001|100| A|TANPA SUB KOMPONEN|00||0|0
2026|01|662770|015|08|WA|4715|EBA|24|07|2|002|100| A|TANPA SUB KOMPONEN|00||0|0
2026|01|662770|015|08|WA|4715|EBA|24|07|2|994|002| A|Keperluan Seharihari Perkantoran|00||0|0
2026|01|662770|015|08|WA|4715|EBA|24|07|2|994|002| B|Langganan Daya dan Jasa|00||0|0
2026|01|662770|015|08|WA|4715|EBA|24|07|2|994|002| C|Pelaksanaan Operasional Kantor|00||0|0
2026|01|662770|015|08|WA|4715|EBA|24|07|2|994|002| D|Pemeliharaan Peralatan dan Mesin|00||0|0
2026|01|662770|015|08|WA|4715|EBA|24|07|2|994|002| G|Pemeliharaan Gedung dan Bangunan|00||0|0
2026|01|662770|015|08|WA|4715|EBA|24|07|2|994|002|HA|Dukungan Tusi - Konsultasi Pencairan Dana|00||0|0
2026|01|662770|015|08|WA|4715|EBA|24|07|2|994|002|HB|Dukungan Tusi - Reviu Belanja Pemerintah|00||0|0
2026|01|662770|015|08|WA|4715|EBA|24|07|2|994|002|HH|Dukungan Pelaksaan Tusi Prioritas Direktif Presiden|00||0|0
2026|01|662770|015|08|WA|4715|EBA|24|07|2|994|002|TJ|Jasa PemeliharaanAnnual Technical Support (ATS)|00||0|0
2026|01|662770|015|08|WA|4715|EBD|24|07|2|Z36|100| B|Pelaksanaan Manajemen Kinerja, Resiko dan Kepatuhan Internal|00||0|0
2026|01|662770|015|08|WA|4718|BMB|24|07|2|001|100| A|TANPA SUB KOMPONEN|00||0|0
2026|01|662770|015|08|WA|4718|BMB|24|07|2|002|100| A|TANPA SUB KOMPONEN|00||0|0
2026|01|662770|015|08|WA|4719|EBA|24|07|2|004|100| A|Survey Kepuasan Pengguna Layanan|00||0|0
2026|01|662770|015|08|WA|4719|EBA|24|07|2|994|001| A|TANPA SUB KOMPONEN|00||0|0
2026|01|662770|015|08|WA|4719|EBC|24|07|2|001|100|XC|Penyelenggaraan Capacity Building|00||0|0
2026|01|652453|015|08|CD|6212|BMB|24|02|2|001|100| A|Profiling UMKM|00||0|0
2026|01|652453|015|08|CD|6212|FAC|24|02|2|001|100| A|Training Modul Aplikasi SAKTI|00||0|0
2026|01|652453|015|08|CD|6212|FAC|24|02|2|001|100| B|FGD dan Bimtek Transfer Keuangan Daerah|00||0|0
2026|01|652453|015|08|CD|6212|FAH|24|02|2|001|100| A|TANPA SUB KOMPONEN|00||0|0
2026|01|652453|015|08|CD|6212|FAL|24|02|2|004|100| A|Konsultasi|00||0|0
2026|01|652453|015|08|CD|6212|FAL|24|02|2|004|100| B|Sosialisasi dan Bimbingan Teknis|00||0|0
2026|01|652453|015|08|CD|6212|FAL|24|02|2|004|100| D|Pembinaan Pemda, TKD, dan Penandatanganan BAR|00||0|0
2026|01|652453|015|08|CD|6213|FAC|24|02|2|001|100| A|Pembinaan Jabatan Fungsional Perbendaharaan|00||0|0
2026|01|652453|015|08|CD|6213|FAE|24|02|2|009|100| A|Monev Penyaluran Pembiayaan Ultra Mikro|00||0|0
2026|01|652453|015|08|CD|6213|FAL|24|02|2|003|100| A|Monev Pelaksanaan Anggaran|00||0|0
2026|01|652453|015|08|CD|6214|FAL|24|02|2|002|100| A|Pelaksanaan PencairanPenarikanRepaymentPengesahan Dana|00||0|0
2026|01|652453|015|08|CD|6214|FAL|24|02|2|002|100| B|PenerbitanPersetujuanRekonsiliasi RekeningSKPPKonfirmasi Penerimaan Negara, dll|00||0|0
2026|01|652453|015|08|CD|6215|FAH|24|02|2|003|100| A|Penyusunan Laporan Keuangan Tingkat Kuasa BUN di Daerah|00||0|0
2026|01|652453|015|08|WA|4715|EBA|24|02|2|001|100| A|TANPA SUB KOMPONEN|00||0|0
2026|01|652453|015|08|WA|4715|EBA|24|02|2|001|100| B|Koordinasi Penyusunan ATK PU|00||0|0
2026|01|652453|015|08|WA|4715|EBA|24|02|2|002|100| A|TANPA SUB KOMPONEN|00||0|0
2026|01|652453|015|08|WA|4715|EBA|24|02|2|994|002| A|Keperluan Seharihari Perkantoran|00||0|0
2026|01|652453|015|08|WA|4715|EBA|24|02|2|994|002| B|Langganan Daya dan Jasa|00||0|0
2026|01|652453|015|08|WA|4715|EBA|24|02|2|994|002| C|Pelaksanaan Operasional Kantor|00||0|0
2026|01|652453|015|08|WA|4715|EBA|24|02|2|994|002| D|Pemeliharaan Peralatan dan Mesin|00||0|0
2026|01|652453|015|08|WA|4715|EBA|24|02|2|994|002| G|Pemeliharaan Gedung dan Bangunan|00||0|0
2026|01|652453|015|08|WA|4715|EBA|24|02|2|994|002|HA|Dukungan Tusi - Konsultasi Pencairan Dana|00||0|0
2026|01|652453|015|08|WA|4715|EBA|24|02|2|994|002|HB|Dukungan Tusi - Reviu Belanja Pemerintah|00||0|0
2026|01|652453|015|08|WA|4715|EBA|24|02|2|994|002|HH|Dukungan Pelaksanaan Tusi Prioritas Direktif Presiden|00||0|0
2026|01|652453|015|08|WA|4715|EBA|24|02|2|994|002|TJ|Jasa PemeliharaanAnnual Technical Support (ATS)|00||0|0
2026|01|652453|015|08|WA|4715|EBD|24|02|2|Z36|100| B|Pelaksanaan Manajemen Kinerja, Resiko dan Kepatuhan Internal|00||0|0
2026|01|652453|015|08|WA|4718|BMB|24|02|2|002|100| A|TANPA SUB KOMPONEN|00||0|0
2026|01|652453|015|08|WA|4718|BMB|24|02|2|001|100| A|TANPA SUB KOMPONEN|00||0|0
2026|01|652453|015|08|WA|4719|EBA|24|02|2|994|001| A|TANPA SUB KOMPONEN|00||0|0
2026|01|652453|015|08|WA|4719|EBA|24|02|2|004|100| A|Survey Kepuasan Pengguna Layanan|00||0|0
2026|01|652453|015|08|WA|4719|EBC|24|02|2|001|100|XC|Penyelenggaraan Capacity Building|00||0|0
2026|01|662787|015|08|CD|6212|BMB|28|51|2|001|100| A|Profiling UMKM|00||0|0
2026|01|662787|015|08|CD|6212|BMB|28|51|2|001|100| B|Pemberdayaan UMKM  SosialisasiBimtekAsistensi dan BazarPojokRumah UMKM|00||0|0
2026|01|662787|015|08|CD|6212|BMB|28|51|2|001|100| C|Monitoring dan Evaluasi|00||0|0
2026|01|662787|015|08|CD|6212|BMB|28|51|2|001|100| D|Komunikasi Publik  BazarPojokRumah UMKM|00||0|0
2026|01|662787|015|08|CD|6212|FAC|28|51|2|002|100| A|Pembinaan Satker BLU|00||0|0
2026|01|662787|015|08|CD|6212|FAC|28|51|2|002|100| B|AsistensiPembinaan Pengelolaan Keuangan BLU Daerah|00||0|0
2026|01|662787|015|08|CD|6212|FAH|28|51|2|003|100| A|Pendampingan Penyusunan dan Penyelesaian Permasalahan Laporan Keuangan UAPPAW dan BLU|00||0|0
2026|01|662787|015|08|CD|6212|FAH|28|51|2|003|100| B|Sosialisasi dan Bimbingan Teknis UAPPAW|00||0|0
2026|01|662787|015|08|CD|6212|FAH|28|51|2|002|100| A|Forum Koordinasi dan Rekonsiliasi Data dengan Bank Indonesia|00||0|0
2026|01|662787|015|08|CD|6212|FAH|28|51|2|002|100| B|Pembinaan SAP pada Pemerintah Daerah|00||0|0
2026|01|662787|015|08|CD|6212|FAH|28|51|2|002|100| C|SosialisasiBimtekWorkshopFGD dengan Pemda|00||0|0
2026|01|662787|015|08|CD|6212|FAL|28|51|2|001|100| A|Sosialisasi PeraturanKebijakan Pelaksanaan Anggaran|00||0|0
2026|01|662787|015|08|CD|6212|FAL|28|51|2|001|100| B|Pengkoordinasian Kerjasama Ekonomi dan Keuangan Daerah|00||0|0
2026|01|662787|015|08|CD|6212|FAL|28|51|2|001|100| C|Pembinaan dan Bimtek Pengelolaan Keuangan Daerah|00||0|0
2026|01|662787|015|08|CD|6212|FAL|28|51|2|001|100| D|Penyerahan DIPA|00||0|0
2026|01|662787|015|08|CD|6213|ABA|28|51|2|001|100| A|Penyusunan Analisis Potensi Pembiayaan dan Pelaksanaan MoU DJPb dan PT SMI di Daerah|00||0|0
2026|01|662787|015|08|CD|6213|FAE|28|51|2|009|100| B|Monitoring dan  Evaluasi KURPenerusan Pinjaman|00||0|0
2026|01|662787|015|08|CD|6213|FAE|28|51|2|009|100| D|FGD Analisa Fasilitas Likuiditas Pembiayaan Perumahan (FLPP)|00||0|0
2026|01|662787|015|08|CD|6213|FAE|28|51|2|008|100| A|Koordinasi Pelaksanaan Tugas RCE  ALCo|00||0|0
2026|01|662787|015|08|CD|6213|FAL|28|51|2|003|100| A|Pelaksanaan Spending Review|00||0|0
2026|01|662787|015|08|CD|6213|FAL|28|51|2|003|100| C|Review Pelaksanaan Anggaran|00||0|0
2026|01|662787|015|08|CD|6213|FAL|28|51|2|003|100| D|Monitoring dan Evaluasi Pelaksanaan Anggaran|00||0|0
2026|01|662787|015|08|CD|6213|FAL|28|51|2|003|100| E|Pengumpulan InformasiPenajaman Data Fiskal RegionalPenyusunan KFR|00||0|0
2026|01|662787|015|08|CD|6213|FAL|28|51|2|003|100| F|Publikasi Kajian Fiskal Regional|00||0|0
2026|01|662787|015|08|CD|6213|FAL|28|51|2|003|100| G|Pengumpulan Konfirmasi Informasi Pengelolaan Keuangan Daerah dan Penyusunan Profil Keuangan Daerah|00||0|0
2026|01|662787|015|08|CD|6213|FAL|28|51|2|003|100| H|Monitoring atas Dana Transfer dan Dana Desa|00||0|0
2026|01|662787|015|08|CD|6215|FAH|28|51|2|003|100| A|Pembinaan UAKBUN D (KPPN)|00||0|0
2026|01|662787|015|08|CD|6215|FAH|28|51|2|003|100| B|Koordinasi UAKBUND (KPPN)|00||0|0
2026|01|662787|015|08|CD|6215|FAH|28|51|2|001|100| A|Koordinasi Laporan Keuangan Pemerintah Daerah dan atau BLUD|00||0|0
2026|01|662787|015|08|CD|6215|FAH|28|51|2|001|100| B|Penyusunan Laporan Statistik Keuangan Pemerintah Tingkat Wilayah|00||0|0
2026|01|662787|015|08|CD|6216|FAE|28|51|2|002|100| A|Pelaksanaan Survei Bahan Sumbangan Standar Biaya Masukan|00||0|0
2026|01|662787|015|08|WA|4715|EBA|28|51|2|001|100| A|TANPA SUB KOMPONEN|00||0|0
2026|01|662787|015|08|WA|4715|EBA|28|51|2|001|100| B|Koordinasi Penyusunan ATK PU|00||0|0
2026|01|662787|015|08|WA|4715|EBA|28|51|2|002|100| A|TANPA SUB KOMPONEN|00||0|0
2026|01|662787|015|08|WA|4715|EBA|28|51|2|994|002| A|Keperluan Seharihari Perkantoran|00||0|0
2026|01|662787|015|08|WA|4715|EBA|28|51|2|994|002| B|Langganan Daya dan Jasa|00||0|0
2026|01|662787|015|08|WA|4715|EBA|28|51|2|994|002| C|Pelaksanaan Operasional Kantor|00||0|0
2026|01|662787|015|08|WA|4715|EBA|28|51|2|994|002| D|Pemeliharaan Peralatan dan Mesin|00||0|0
2026|01|662787|015|08|WA|4715|EBA|28|51|2|994|002| G|Pemeliharaan Gedung dan Bangunan|00||0|0
2026|01|662787|015|08|WA|4715|EBA|28|51|2|994|002|HB|Dukungan Tusi - Reviu Belanja Pemerintah|00||0|0
2026|01|662787|015|08|WA|4715|EBA|28|51|2|994|002|HC|Dukungan Tusi - Government Financial Statistic (GFS)|00||0|0
2026|01|662787|015|08|WA|4715|EBA|28|51|2|994|002|HD|Dukungan Tusi - Rekomendasi Pengelolaan Organisasi|00||0|0
2026|01|662787|015|08|WA|4715|EBA|28|51|2|994|002|HH|Dukungan Pelaksaan Tusi Prioritas Direktif Presiden|00||0|0
2026|01|662787|015|08|WA|4715|EBA|28|51|2|994|002|TJ|Jasa PemeliharaanAnnual Technical Support (ATS)|00||0|0
2026|01|662787|015|08|WA|4715|EBB|28|51|2|004|100|RB|Renovasi Rumah Dinas|00||0|0
2026|01|662787|015|08|WA|4715|EBD|28|51|2|Z36|100| A|TANPA SUB KOMPONEN|00||0|0
2026|01|662787|015|08|WA|4715|EBD|28|51|2|Z26|100| A|Rakor Penyusunan Laporan Keuangan Tingkat UAPPAW|00||0|0
2026|01|662787|015|08|WA|4718|BMB|28|51|2|002|100| A|TANPA SUB KOMPONEN|00||0|0
2026|01|662787|015|08|WA|4718|BMB|28|51|2|001|100| A|TANPA SUB KOMPONEN|00||0|0
2026|01|662787|015|08|WA|4719|EBA|28|51|2|003|100| A|Pelaksanaan Supervisi Proses Bisnis KPPN|00||0|0
2026|01|662787|015|08|WA|4719|EBA|28|51|2|003|100| B|Koordinasi Inovasi layanan|00||0|0
2026|01|662787|015|08|WA|4719|EBA|28|51|2|994|001| A|TANPA SUB KOMPONEN|00||0|0
2026|01|662787|015|08|WA|4719|EBA|28|51|2|005|100| A|Monitoring dan Evaluasi Implementasi ISO|00||0|0
2026|01|662787|015|08|WA|4719|EBA|28|51|2|005|100| B|Pelaksanaan Supervisi Teknis Aplikasi|00||0|0
2026|01|662787|015|08|WA|4719|EBC|28|51|2|001|100|XC|Penyelenggaraan Capacity Building|00||0|0
2026|01|662787|015|08|WA|4722|EBD|28|51|2|001|100| A|Pelaksanaan Manajemen Resiko dan Kepatuhan Internal|00||0|0
2026|01|662787|015|08|WA|4722|EBD|28|51|2|001|100| B|Pemantauan Kode Etik dan Kepatuhan Pegawai|00||0|0
2026|01|662789|015|08|CD|6212|BMB|35|01|2|001|100| A|Profiling UMKM|00||0|0
2026|01|662789|015|08|CD|6212|FAC|35|01|2|001|100| A|Training Modul Aplikasi SAKTI|00||0|0
2026|01|662789|015|08|CD|6212|FAC|35|01|2|001|100| B|FGD dan Bimtek Transfer Keuangan Daerah|00||0|0
2026|01|662789|015|08|CD|6212|FAH|35|01|2|001|100| A|TANPA SUB KOMPONEN|00||0|0
2026|01|662789|015|08|CD|6212|FAL|35|01|2|004|100| A|Konsultasi|00||0|0
2026|01|662789|015|08|CD|6212|FAL|35|01|2|004|100| B|Sosialisasi dan Bimbingan Teknis|00||0|0
2026|01|662789|015|08|CD|6212|FAL|35|01|2|004|100| D|Pembinaan Pemda, TKD, dan Penandatanganan BA Rekonsiliasi Pajak|00||0|0
2026|01|662789|015|08|CD|6213|FAC|35|01|2|001|100| A|Pembinaan Jabatan Fungsional Perbendaharaan|00||0|0
2026|01|662789|015|08|CD|6213|FAE|35|01|2|009|100| A|Monev Penyaluran Pembiayaan Ultra Mikro|00||0|0
2026|01|662789|015|08|CD|6213|FAL|35|01|2|003|100| A|Monev Pelaksanaan Anggaran|00||0|0
2026|01|662789|015|08|CD|6214|FAL|35|01|2|002|100| A|Pelaksanaan PencairanPenarikanRepaymentPengesahan Dana|00||0|0
2026|01|662789|015|08|CD|6214|FAL|35|01|2|002|100| B|PenerbitanPersetujuanRekonsiliasi RekeningSKPPKonfirmasi Penerimaan Negara, dll|00||0|0
2026|01|662789|015|08|CD|6215|FAH|35|01|2|003|100| A|Penyusunan Laporan Keuangan Tingkat Kuasa BUN di Daerah|00||0|0
2026|01|662789|015|08|CD|6215|FAH|35|01|2|003|100| B|Koordinasi UAKBUND KPPN di Kanwil|00||0|0
2026|01|662789|015|08|WA|4715|EBA|35|01|2|001|100| A|TANPA SUB KOMPONEN|00||0|0
2026|01|662789|015|08|WA|4715|EBA|35|01|2|001|100| B|TANPA SUB KOMPONEN|00||0|0
2026|01|662789|015|08|WA|4715|EBA|35|01|2|002|100| A|TANPA SUB KOMPONEN|00||0|0
2026|01|662789|015|08|WA|4715|EBA|35|01|2|994|002| A|Keperluan Seharihari Perkantoran|00||0|0
2026|01|662789|015|08|WA|4715|EBA|35|01|2|994|002| B|Langganan Daya dan Jasa|00||0|0
2026|01|662789|015|08|WA|4715|EBA|35|01|2|994|002| C|Pelaksanaan Operasional Kantor|00||0|0
2026|01|662789|015|08|WA|4715|EBA|35|01|2|994|002| D|Pemeliharaan Peralatan dan Mesin|00||0|0
2026|01|662789|015|08|WA|4715|EBA|35|01|2|994|002|HA|Dukungan Tusi - Konsultasi Pencairan Dana|00||0|0
2026|01|662789|015|08|WA|4715|EBA|35|01|2|994|002|HB|Dukungan Tusi - Reviu Belanja Pemerintah|00||0|0
2026|01|662789|015|08|WA|4715|EBA|35|01|2|994|002|HH|Dukungan Pelaksanaan Tusi Prioritas Direktif Presiden|00||0|0
2026|01|662789|015|08|WA|4715|EBA|35|01|2|994|002|TJ|Jasa PemeliharaanAnnual Technical Support (ATS)|00||0|0
2026|01|662789|015|08|WA|4715|EBB|35|01|2|002|100| A|TANPA SUB KOMPONEN|00||0|0
2026|01|662789|015|08|WA|4715|EBD|35|01|2|Z36|100| B|Pelaksanaan Manajemen Kinerja, Resiko dan Kepatuhan Internal|00||0|0
2026|01|662789|015|08|WA|4718|BMB|35|01|2|001|100| A|TANPA SUB KOMPONEN|00||0|0
2026|01|662789|015|08|WA|4718|BMB|35|01|2|002|100| A|TANPA SUB KOMPONEN|00||0|0
2026|01|662789|015|08|WA|4719|EBA|35|01|2|004|100| A|Survey Kepuasan Pengguna Layanan|00||0|0
2026|01|662789|015|08|WA|4719|EBA|35|01|2|994|001| A|TANPA SUB KOMPONEN|00||0|0
2026|01|662789|015|08|WA|4719|EBC|35|01|2|001|100|XC|Penyelenggaraan Capacity Building|00||0|0
2026|01|662788|015|08|CD|6212|BMB|35|01|2|001|100| A|Profiling UMKM|00||0|0
2026|01|662788|015|08|CD|6212|BMB|35|01|2|001|100| B|Pemberdayaan UMKM  SosialisasiBimtekAsistensi dan BazarPojokRumah UMKM|00||0|0
2026|01|662788|015|08|CD|6212|BMB|35|01|2|001|100| C|Monitoring dan Evaluasi|00||0|0
2026|01|662788|015|08|CD|6212|BMB|35|01|2|001|100| D|Komunikasi Publik  BazarPojokRumah UMKM|00||0|0
2026|01|662788|015|08|CD|6212|FAC|35|01|2|002|100| B|Asistensi  Pembinaan Pengelolaan Keuangan BLU Daerah|00||0|0
2026|01|662788|015|08|CD|6212|FAH|35|01|2|002|100| A|Forum Koordinasi dan Rekonsiliasi Data dengan Bank Indonesia|00||0|0
2026|01|662788|015|08|CD|6212|FAH|35|01|2|002|100| B|Pembinaan SAP pada Pemerintah Daerah|00||0|0
2026|01|662788|015|08|CD|6212|FAH|35|01|2|002|100| C|SosialisasiBimtekWorkshopFGD dengan Pemda|00||0|0
2026|01|662788|015|08|CD|6212|FAH|35|01|2|003|100| A|Pendampingan Penyusunan dan Penyelesaian Permasalahan Laporan Keuangan UAPPAW dan BLU|00||0|0
2026|01|662788|015|08|CD|6212|FAH|35|01|2|003|100| B|Sosialisasi dan Bimbingan Teknis UAPPAW|00||0|0
2026|01|662788|015|08|CD|6212|FAL|35|01|2|001|100| B|Pengkoordinasian Kerjasama Ekonomi dan Keuangan Daerah|00||0|0
2026|01|662788|015|08|CD|6212|FAL|35|01|2|001|100| C|Pembinaan dan Bimtek Pengelolaan Keuangan Daerah|00||0|0
2026|01|662788|015|08|CD|6212|FAL|35|01|2|001|100| D|Penyerahan DIPA|00||0|0
2026|01|662788|015|08|CD|6213|ABA|35|01|2|001|100| A|Penyusunan Analisis Potensi Pembiayaan dan Pelaksanaan MoU DJPb dan PT SMI di Daerah|00||0|0
2026|01|662788|015|08|CD|6213|FAE|35|01|2|008|100| A|Koordinasi Pelaksanaan Tugas RCE  ALCo|00||0|0
2026|01|662788|015|08|CD|6213|FAE|35|01|2|009|100| B|Monitoring dan  Evaluasi KURPenerusan Pinjaman|00||0|0
2026|01|662788|015|08|CD|6213|FAE|35|01|2|009|100| D|FGD Analisa Fasilitas Likuiditas Pembiayaan Perumahan (FLPP)|00||0|0
2026|01|662788|015|08|CD|6213|FAL|35|01|2|003|100| A|Pelaksanaan Spending Review|00||0|0
2026|01|662788|015|08|CD|6213|FAL|35|01|2|003|100| C|Review Pelaksanaan Anggaran|00||0|0
2026|01|662788|015|08|CD|6213|FAL|35|01|2|003|100| D|Monitoring dan Evaluasi Pelaksanaan Anggaran|00||0|0
2026|01|662788|015|08|CD|6213|FAL|35|01|2|003|100| E|Pengumpulan InformasiPenajaman Data Fiskal RegionalPenyusunan KFR|00||0|0
2026|01|662788|015|08|CD|6213|FAL|35|01|2|003|100| F|Publikasi Kajian Fiskal Regional (Full Cost KPPN ditanggung Kanwil)|00||0|0
2026|01|662788|015|08|CD|6213|FAL|35|01|2|003|100| G|Pengumpulan Konfirmasi Informasi Pengelolaan Keuangan Daerah dan Penyusunan Profil Keuangan Daerah|00||0|0
2026|01|662788|015|08|CD|6213|FAL|35|01|2|003|100| H|Monitoring atas Dana Transfer dan Dana Desa|00||0|0
2026|01|662788|015|08|CD|6215|FAH|35|01|2|001|100| A|Koordinasi Laporan Keuangan Pemerintah Daerah danatau BLUD|00||0|0
2026|01|662788|015|08|CD|6215|FAH|35|01|2|001|100| B|Penyusunan Laporan Statistik Keuangan Pemerintah Tingkat Wilayah|00||0|0
2026|01|662788|015|08|CD|6215|FAH|35|01|2|003|100| A|Pembinaan UAKBUN D (KPPN)|00||0|0
2026|01|662788|015|08|CD|6215|FAH|35|01|2|003|100| B|Koordinasi UAKBUND (KPPN) (Cross Program)|00||0|0
2026|01|662788|015|08|CD|6216|FAE|35|01|2|002|100| A|Pelaksanaan Survei Bahan Sumbangan Standar Biaya Masukan|00||0|0
2026|01|662788|015|08|WA|4715|EBA|35|01|2|001|100| A|TANPA SUB KOMPONEN|00||0|0
2026|01|662788|015|08|WA|4715|EBA|35|01|2|001|100| B|Koordinasi Penyusunan ATK PU|00||0|0
2026|01|662788|015|08|WA|4715|EBA|35|01|2|002|100| A|TANPA SUB KOMPONEN|00||0|0
2026|01|662788|015|08|WA|4715|EBA|35|01|2|994|002| A|Keperluan Seharihari Perkantoran|00||0|0
2026|01|662788|015|08|WA|4715|EBA|35|01|2|994|002| B|Langganan Daya dan Jasa|00||0|0
2026|01|662788|015|08|WA|4715|EBA|35|01|2|994|002| C|Pelaksanaan Operasional Kantor|00||0|0
2026|01|662788|015|08|WA|4715|EBA|35|01|2|994|002| D|Pemeliharaan Peralatan dan Mesin|00||0|0
2026|01|662788|015|08|WA|4715|EBA|35|01|2|994|002| G|Pemeliharaan Gedung dan Bangunan|00||0|0
2026|01|662788|015|08|WA|4715|EBA|35|01|2|994|002| H|Pelaksanaan Non Operasional Kantor|00||0|0
2026|01|662788|015|08|WA|4715|EBA|35|01|2|994|002|HB|Dukungan Tusi - Reviu Belanja Pemerintah|00||0|0
2026|01|662788|015|08|WA|4715|EBA|35|01|2|994|002|HC|Dukungan Tusi - Government Financial Statistic (GFS)|00||0|0
2026|01|662788|015|08|WA|4715|EBA|35|01|2|994|002|HD|Dukungan Tusi - Rekomendasi Pengelolaan Organisasi|00||0|0
2026|01|662788|015|08|WA|4715|EBA|35|01|2|994|002|HH|Dukungan Pelaksanaan Tusi Prioritas Direktif Presiden|00||0|0
2026|01|662788|015|08|WA|4715|EBA|35|01|2|994|002|TJ|Jasa PemeliharaanAnnual Technical Support (ATS)|00||0|0
2026|01|662788|015|08|WA|4715|EBD|35|01|2|Z36|100| A|Tanpa Sub Komponen|00||0|0
2026|01|662788|015|08|WA|4715|EBD|35|01|2|Z26|100| A|Rakor Penyusunan Laporan Keuangan Tingkat UAPPAW (Full Cost)|00||0|0
2026|01|662788|015|08|WA|4718|BMB|35|01|2|002|100| A|TANPA SUB KOMPONEN|00||0|0
2026|01|662788|015|08|WA|4718|BMB|35|01|2|001|100| A|TANPA SUB KOMPONEN|00||0|0
2026|01|662788|015|08|WA|4719|EBA|35|01|2|003|100| A|Pelaksanaan Supervisi Proses Bisnis KPPN|00||0|0
2026|01|662788|015|08|WA|4719|EBA|35|01|2|003|100| B|Koordinasi Inovasi layanan|00||0|0
2026|01|662788|015|08|WA|4719|EBA|35|01|2|994|001| A|TANPA SUB KOMPONEN|00||0|0
2026|01|662788|015|08|WA|4719|EBA|35|01|2|005|100| B|Pelaksanaan Supervisi Teknis Aplikasi|00||0|0
2026|01|662788|015|08|WA|4719|EBC|35|01|2|001|100|XC|Penyelenggaraan Capacity Building|00||0|0
2026|01|662788|015|08|WA|4722|EBD|35|01|2|001|100| A|Pelaksanaan Manajemen Resiko dan Kepatuhan Internal|00||0|0
2026|01|662788|015|08|WA|4715|EBB|35|01|2|002|100| A|BMGB - Belanja Modal Peralatan Fasilitas Perkantoran|00||0|0
