thang|kdjendok|kdsatker|kddept|kdunit|kdprogram|kdgiat|kdoutput|kdlokasi|kdkabkota|kddekon|kdsoutput|kdkmpnen|kdskmpnen|kdakun|kdkppn|kdbeban|kdjnsban|kdctarik|register|carahitung|header1|header2|kdheader|noitem|nmitem|vol1|sat1|vol2|sat2|vol3|sat3|vol4|sat4|volkeg|satkeg|hargasat|jumlah|jumlah2|paguphln|pagurmp|pagurkp|kdblokir|blokirphln|blokirrmp|blokirrkp|rphblokir|kdcopy|kdabt|kdsbu|volsbk|volrkakl|blnkontrak|nokontrak|tgkontrak|nilkontrak|januari|pebruari|maret|april|mei|juni|juli|agustus|september|oktober|nopember|desember|jmltunda|kdluncuran|jmlabt|norev|kdubah|kurs|indexjm|kdib
2026|01|527010|015|08|CD|6212|AEF|01|51|1|001|100|JA|521211|019|A|0|0| |0|01||1|1|Workshop SAP pada APIP KL|0||0||0||0||0||0|0|0|0|0|0||0|0|0|0||| |0|0|| |-  -|0|0|0|0|0|0|0|0|0|0|0|0|0|0||0|||1|0|00
2026|01|527010|015|08|CD|6212|AEF|01|51|1|001|100|JA|521211|019|A|0|0| |0|04||1|10|Sosialisasi SAP Berbasis Akrual pada Pemda|0||0||0||0||0||0|0|0|0|0|0||0|0|0|0||| |0|0|| |-  -|0|0|0|0|0|0|0|0|0|0|0|0|0|0||0|||1|0|00
2026|01|527010|015|08|CD|6212|AEF|01|51|1|001|100|JA|521211|019|A|0|0| |0|04|||11|KDM  Makan Rapat|34|ORG|2|FR|0||0||68|OF|35912|2442000|0|0|0|0||0|0|0|0||| |0|0|| |-  -|0|203000|203000|203000|203000|203000|203000|203000|203000|203000|203000|203000|209000|0||0|||1|0|00
2026|01|527010|015|08|CD|6212|AEF|01|51|1|001|100|JA|521211|019|A|0|0| |0|04|||12|KDM  KudapanSnack Rapat|33|ORG|2|FR|0||0||66|OF|15122|998000|0|0|0|0||0|0|0|0||| |0|0|| |-  -|0|83000|83000|83000|83000|83000|83000|83000|83000|83000|83000|83000|85000|0||0|||1|0|00
2026|01|527010|015|08|CD|6212|AEF|01|51|1|001|100|JA|521211|019|A|0|0| |0|05||1|13|Sosialisasi SAP Berbasis Akrual pada KL Pusat|0||0||0||0||0||0|0|0|0|0|0||0|0|0|0||| |0|0|| |-  -|0|0|0|0|0|0|0|0|0|0|0|0|0|0||0|||1|0|00
2026|01|527010|015|08|CD|6212|AEF|01|51|1|001|100|JA|521211|019|A|0|0| |0|05|||14|KDM  Makan Rapat|34|ORG|2|FR|0||0||68|OF|35912|2442000|0|0|0|0||0|0|0|0||| |0|0|| |-  -|0|203000|203000|203000|203000|203000|203000|203000|203000|203000|203000|203000|209000|0||0|||1|0|00
2026|01|527010|015|08|CD|6212|AEF|01|51|1|001|100|JA|521211|019|A|0|0| |0|05|||15|KDM  KudapanSnack Rapat|34|ORG|2|FR|0||0||68|OF|15118|1028000|0|0|0|0||0|0|0|0||| |0|0|| |-  -|0|85000|85000|85000|85000|85000|85000|85000|85000|85000|85000|85000|93000|0||0|||1|0|00
2026|01|527010|015|08|CD|6212|AEF|01|51|1|001|100|JA|521211|019|A|0|0| |0|01|||2|KDM  Makan Rapat|25|ORG|1|FR|0||0||25|OF|35920|898000|0|0|0|0||0|0|0|0||| |0|0|| |-  -|0|74000|74000|74000|74000|74000|74000|74000|74000|74000|74000|74000|84000|0||0|||1|0|00
2026|01|527010|015|08|CD|6212|AEF|01|51|1|001|100|JA|521211|019|A|0|0| |0|01|||3|KDM  KudapanSnack Rapat|25|ORG|1|FR|0||0||25|OF|15120|378000|0|0|0|0||0|0|0|0||| |0|0|| |-  -|0|31000|31000|31000|31000|31000|31000|31000|31000|31000|31000|31000|37000|0||0|||1|0|00
2026|01|527010|015|08|CD|6212|AEF|01|51|1|001|100|JA|521211|019|A|0|0| |0|02||1|4|Workshop Standar Akuntansi Pemerintah Daerah (SAPD)|0||0||0||0||0||0|0|0|0|0|0||0|0|0|0||| |0|0|| |-  -|0|0|0|0|0|0|0|0|0|0|0|0|0|0||0|||1|0|00
2026|01|527010|015|08|CD|6212|AEF|01|51|1|001|100|JA|521211|019|A|0|0| |0|02|||5|KDM  Makan Rapat|23|ORG|1|FR|0||0||23|OF|35914|826000|0|0|0|0||0|0|0|0||| |0|0|| |-  -|0|68000|68000|68000|68000|68000|68000|68000|68000|68000|68000|68000|78000|0||0|||1|0|00
2026|01|527010|015|08|CD|6212|AEF|01|51|1|001|100|JA|521211|019|A|0|0| |0|02|||6|KDM  KudapanSnack Rapat|23|ORG|1|FR|0||0||23|OF|15131|348000|0|0|0|0||0|0|0|0||| |0|0|| |-  -|0|29000|29000|29000|29000|29000|29000|29000|29000|29000|29000|29000|29000|0||0|||1|0|00
2026|01|527010|015|08|CD|6212|AEF|01|51|1|001|100|JA|521211|019|A|0|0| |0|03||1|7|Training of Trainers SAP pada KL|0||0||0||0||0||0|0|0|0|0|0||0|0|0|0||| |0|0|| |-  -|0|0|0|0|0|0|0|0|0|0|0|0|0|0||0|||1|0|00
2026|01|527010|015|08|CD|6212|AEF|01|51|1|001|100|JA|521211|019|A|0|0| |0|03|||8|KDM  Makan Rapat|25|ORG|1|FR|0||0||25|OF|35920|898000|0|0|0|0||0|0|0|0||| |0|0|| |-  -|0|74000|74000|74000|74000|74000|74000|74000|74000|74000|74000|74000|84000|0||0|||1|0|00
2026|01|527010|015|08|CD|6212|AEF|01|51|1|001|100|JA|521211|019|A|0|0| |0|03|||9|KDM  KudapanSnack Rapat|25|ORG|1|FR|0||0||25|OF|15120|378000|0|0|0|0||0|0|0|0||| |0|0|| |-  -|0|31000|31000|31000|31000|31000|31000|31000|31000|31000|31000|31000|37000|0||0|||1|0|00
2026|01|527010|015|08|CD|6212|AEF|01|51|1|001|100|JA|522151|019|A|0|0| |0||||1|Honorarium Narasumber|1|ORG|2|JAM|2|FR|0||4|OJ|792000|3168000|0|0|0|0||0|0|0|0||| |0|0|| |-  -|0|264000|264000|264000|264000|264000|264000|264000|264000|264000|264000|264000|264000|0||0|||1|0|00
2026|01|527010|015|08|CD|6212|AEF|01|51|1|001|100|JA|524111|019|A|0|0| |0|01||1|1|Sosialisasi SAP Berbasis Akrual pada Pemda|0||0||0||0||0||0|0|0|0|0|0||0|0|0|0||| |0|0|| |-  -|0|0|0|0|0|0|0|0|0|0|0|0|0|0||0|||1|0|00
2026|01|527010|015|08|CD|6212|AEF|01|51|1|001|100|JA|524111|019|A|0|0| |0|01|||2|Akomodasi|2|ORG|2|HR|1|FR|0||4|OHF|542500|2170000|0|0|0|0||0|0|0|0||| |0|0|| |-  -|0|180000|180000|180000|180000|180000|180000|180000|180000|180000|180000|180000|190000|0||0|||1|0|00
2026|01|527010|015|08|CD|6212|AEF|01|51|1|001|100|JA|524111|019|A|0|0| |0|01|||3|Transport|2|ORG|1|FR|0||0||2|OF|932000|1864000|0|0|0|0||0|0|0|0||| |0|0|| |-  -|0|155000|155000|155000|155000|155000|155000|155000|155000|155000|155000|155000|159000|0||0|||1|0|00
2026|01|527010|015|08|CD|6212|AEF|01|51|1|001|100|JA|524111|019|A|0|0| |0|01|||4|Uang Saku Harian|2|ORG|3|HR|1|FR|0||6|OHF|284334|1706000|0|0|0|0||0|0|0|0||| |0|0|| |-  -|0|142000|142000|142000|142000|142000|142000|142000|142000|142000|142000|142000|144000|0||0|||1|0|00
2026|01|527010|015|08|CD|6212|AEF|01|51|1|001|100|JA|524111|019|A|0|0| |0|02||1|5|Sosialisasi SAP Berbasis Akrual pada KL Pusat|0||0||0||0||0||0|0|0|0|0|0||0|0|0|0||| |0|0|| |-  -|0|0|0|0|0|0|0|0|0|0|0|0|0|0||0|||1|0|00
2026|01|527010|015|08|CD|6212|AEF|01|51|1|001|100|JA|524111|019|A|0|0| |0|02|||6|Akomodasi|3|ORG|2|HR|3|FR|0||18|OHF|464945|8369000|0|0|0|0||0|0|0|0||| |0|0|| |-  -|0|697000|697000|697000|697000|697000|697000|697000|697000|697000|697000|697000|702000|0||0|||1|0|00
2026|01|527010|015|08|CD|6212|AEF|01|51|1|001|100|JA|524111|019|A|0|0| |0|02|||7|Transport|3|ORG|3|FR|0||0||9|OF|852445|7672000|0|0|0|0||0|0|0|0||| |0|0|| |-  -|0|639000|639000|639000|639000|639000|639000|639000|639000|639000|639000|639000|643000|0||0|||1|0|00
2026|01|527010|015|08|CD|6212|AEF|01|51|1|001|100|JA|524111|019|A|0|0| |0|02|||8|Uang Saku Harian|3|ORG|3|HR|3|FR|0||27|OHF|275075|7427000|0|0|0|0||0|0|0|0||| |0|0|| |-  -|0|618000|618000|618000|618000|618000|618000|618000|618000|618000|618000|618000|629000|0||0|||1|0|00
2026|01|527010|015|08|CD|6212|AEF|01|51|1|001|100|JA|524114|019|A|0|0| |0|01||1|1|Workshop Standar Akuntansi Pemerintah Daerah (SAPD)|0||0||0||0||0||0|0|0|0|0|0||0|0|0|0||| |0|0|| |-  -|0|0|0|0|0|0|0|0|0|0|0|0|0|0||0|||1|0|00
2026|01|527010|015|08|CD|6212|AEF|01|51|1|001|100|JA|524114|019|A|0|0| |0|01|||2|Transport Narasumber|2|ORG|1|FR|0||0||2|OF|116000|232000|0|0|0|0||0|0|0|0||| |0|0|| |-  -|0|19000|19000|19000|19000|19000|19000|19000|19000|19000|19000|19000|23000|0||0|||1|0|00
2026|01|527010|015|08|CD|6212|AEF|01|51|1|001|100|JA|524114|019|A|0|0| |0|01|||3|Transport Panitia dan Peserta Internal|25|ORG|1|FR|0||0||25|OF|116240|2906000|0|0|0|0||0|0|0|0||| |0|0|| |-  -|0|242000|242000|242000|242000|242000|242000|242000|242000|242000|242000|242000|244000|0||0|||1|0|00
2026|01|527010|015|08|CD|6212|AEF|01|51|1|001|100|JA|524114|019|A|0|0| |0|01|||4|Uang Saku Peserta|20|ORG|3|HR|1|FR|0||60|OHF|100734|6044000|0|0|0|0||0|0|0|0||| |0|0|| |-  -|0|503000|503000|503000|503000|503000|503000|503000|503000|503000|503000|503000|511000|0||0|||1|0|00
2026|01|527010|015|08|CD|6212|AEF|01|51|1|001|100|JA|524114|019|A|0|0| |0|01|||5|Uang Saku Panitia dan Peserta Internal|25|ORG|3|HR|1|FR|0||75|OHF|100734|7555000|0|0|0|0||0|0|0|0||| |0|0|| |-  -|0|629000|629000|629000|629000|629000|629000|629000|629000|629000|629000|629000|636000|0||0|||1|0|00
2026|01|527010|015|08|CD|6212|AEF|01|51|1|001|100|JA|524114|019|A|0|0| |0|01|||6|Uang Saku Narasumber|2|ORG|2|HR|1|FR|0||4|OHF|100750|403000|0|0|0|0||0|0|0|0||| |0|0|| |-  -|0|33000|33000|33000|33000|33000|33000|33000|33000|33000|33000|33000|40000|0||0|||1|0|00
2026|01|527010|015|08|CD|6212|AEF|01|51|1|001|100|JA|524114|019|A|0|0| |0|01|||7|Transport Peserta|20|ORG|1|FR|0||0||20|OF|1898650|37973000|0|0|0|0||0|0|0|0||| |0|0|| |-  -|0|3164000|3164000|3164000|3164000|3164000|3164000|3164000|3164000|3164000|3164000|3164000|3169000|0||0|||1|0|00
2026|01|527010|015|08|CD|6212|AEF|01|51|1|001|100|JB|521211|019|A|0|0| |0||||1|KDM  KudapanSnack Rapat|40|ORG|2|FR|0||0||80|OF|15125|1210000|0|0|0|0||0|0|0|0||| |0|0|| |-  -|0|100000|100000|100000|100000|100000|100000|100000|100000|100000|100000|100000|110000|0||0|||1|0|00
2026|01|527010|015|08|CD|6212|AEF|01|51|1|001|100|JC|521211|019|A|0|0| |0||||1|KDM  Makan Rapat Menter KeuanganEselon I|130|ORG|1|FR|0||0||130|OF|74339|9664000|0|0|0|0||0|0|0|0||| |0|0|| |-  -|0|805000|805000|805000|805000|805000|805000|805000|805000|805000|805000|805000|809000|0||0|||1|0|00
2026|01|527010|015|08|CD|6212|AEF|01|51|1|001|100|JC|521211|019|A|0|0| |0||||2|KDM  KudapanSnack Rapat Menteri  Setara  Eselon I|130|ORG|1|FR|0||0||130|OF|33393|4341000|0|0|0|0||0|0|0|0||| |0|0|| |-  -|0|361000|361000|361000|361000|361000|361000|361000|361000|361000|361000|361000|370000|0||0|||1|0|00
2026|01|527010|015|08|CD|6212|AEF|01|51|1|001|100|JC|522191|019|A|0|0| |0||||1|Biaya Penyelenggaraan Kegiatan Rapat Rangkaian Rakernas|1|PKT|1|FR|0||0||1|FR|168000000|168000000|0|0|0|0||0|0|0|0||| |0|0|| |-  -|0|14000000|14000000|14000000|14000000|14000000|14000000|14000000|14000000|14000000|14000000|14000000|14000000|0||0|||1|0|00
2026|01|527010|015|08|CD|6212|AEF|01|51|1|001|100|JC|524111|019|A|0|0| |0||||1|Akomodasi|16|ORG|2|HR|1|FR|0||32|OHF|387438|12398000|0|0|0|0||0|0|0|0||| |0|0|| |-  -|0|1033000|1033000|1033000|1033000|1033000|1033000|1033000|1033000|1033000|1033000|1033000|1035000|0||0|||1|0|00
2026|01|527010|015|08|CD|6212|AEF|01|51|1|001|100|JC|524111|019|A|0|0| |0||||2|Transport|16|ORG|1|FR|0||0||16|OF|1330500|21288000|0|0|0|0||0|0|0|0||| |0|0|| |-  -|0|1774000|1774000|1774000|1774000|1774000|1774000|1774000|1774000|1774000|1774000|1774000|1774000|0||0|||1|0|00
2026|01|527010|015|08|CD|6212|AEF|01|51|1|001|100|JC|524111|019|A|0|0| |0||||3|Uang Saku Harian|16|ORG|3|HR|1|FR|0||48|OHF|164271|7885000|0|0|0|0||0|0|0|0||| |0|0|| |-  -|0|657000|657000|657000|657000|657000|657000|657000|657000|657000|657000|657000|658000|0||0|||1|0|00
2026|01|527010|015|08|CD|6212|AEF|01|51|1|001|100|JD|521211|019|A|0|0| |0||||1|CTK  Pencetakan LKPP Berbahasa Inggris|20|Buku|1|FR|0||0||20|Eks|252000|5040000|0|0|0|0||0|0|0|0||| |0|0|| |-  -|0|420000|420000|420000|420000|420000|420000|420000|420000|420000|420000|420000|420000|0||0|||1|0|00
2026|01|527010|015|08|CD|6212|AEF|01|51|1|001|100|JD|521211|019|A|0|0| |0||||2|CTK  Publikasi LKPP dan LKBUN Tahun 2025|1|Media|1|FR|0||0||1|Media|63000000|63000000|0|0|0|0||0|0|0|0||| |0|0|| |-  -|0|5250000|5250000|5250000|5250000|5250000|5250000|5250000|5250000|5250000|5250000|5250000|5250000|0||0|||1|0|00
2026|01|527010|015|08|CD|6212|AEF|01|51|1|001|100|JD|522191|019|A|0|0| |0||||1|Penerjemah|500|HAL|1|FR|0||0||500|HAL|158792|79396000|0|0|0|0||0|0|0|0||| |0|0|| |-  -|0|6616000|6616000|6616000|6616000|6616000|6616000|6616000|6616000|6616000|6616000|6616000|6620000|0||0|||1|0|00
2026|01|527010|015|08|CD|6212|AEF|01|51|1|005|100|HA|522151|019|A|0|0| |0||||1|Narasumber Tenaga Profesional|0||0||0||0||3|OJ|1496000|4488000|0|0|0|0||0|0|0|0||| |0|0|| |-  -|0|442216|442216|442216|442216|442216|442216|442216|442216|442216|442216|65840|0|0||0|||1|0|00
2026|01|527010|015|08|CD|6212|AEF|01|51|1|005|100|HB|522151|019|A|0|0| |0||||1|Narasumber Tenaga Profesional|0||0||0||0||9|OJ|1496000|13464000|0|0|0|0||0|0|0|0||| |0|0|| |-  -|0|1326649|1326649|1326649|1326649|1326649|1326649|1326649|1326649|1326649|1326649|197510|0|0||0|||1|0|00
2026|01|527010|015|08|CD|6212|AEF|01|51|1|005|100|HB|524111|019|A|0|0| |0||||1|3. Biaya Penginapan|0||0||0||0||12|OH|464917|5579000|0|0|0|0||0|0|0|0||| |0|0|| |-  -|0|549716|549716|549716|549716|549716|549716|549716|549716|549716|549716|81840|0|0||0|||1|0|00
2026|01|527010|015|08|CD|6212|AEF|01|51|1|005|100|HB|524111|019|A|0|0| |0||||2|1. Tiket PP|0||0||0||0||6|OK|2557167|15343000|0|0|0|0||0|0|0|0||| |0|0|| |-  -|0|1511792|1511792|1511792|1511792|1511792|1511792|1511792|1511792|1511792|1511792|225080|0|0||0|||1|0|00
2026|01|527010|015|08|CD|6212|AEF|01|51|1|005|100|HB|524111|019|A|0|0| |0||||3|2. Uang Harian|0||0||0||0||18|OH|271223|4882000|0|0|0|0||0|0|0|0||| |0|0|| |-  -|0|481038|481038|481038|481038|481038|481038|481038|481038|481038|481038|71620|0|0||0|||1|0|00
2026|01|527010|015|08|CD|6212|AEF|01|51|1|005|100|HB|524113|019|A|0|0| |0||||1|1. Transport Lokal|0||0||0||0||12|OK|131750|1581000|0|0|0|0||0|0|0|0||| |0|0|| |-  -|0|155781|155781|155781|155781|155781|155781|155781|155781|155781|155781|23190|0|0||0|||1|0|00
2026|01|527010|015|08|CD|6212|AEF|01|51|1|005|100|HC|524111|019|A|0|0| |0|01||1|1|Monitoring dan evaluasi pelaksanaan Implementasi Sistem EWS Terpadu|0||0||0||0||0||0|0|0|0|0|0||0|0|0|0||| |0|0|| |-  -|0|0|0|0|0|0|0|0|0|0|0|0|0|0||0|||1|0|00
2026|01|527010|015|08|CD|6212|AEF|01|51|1|005|100|HC|524111|019|A|0|0| |0|01|||2|2. Uang Harian|0||0||0||0||12| OH|232500|2790000|0|0|0|0||0|0|0|0||| |0|0|| |-  -|0|274907|274907|274907|274907|274907|274907|274907|274907|274907|274907|40930|0|0||0|||1|0|00
2026|01|527010|015|08|CD|6212|AEF|01|51|1|005|100|HC|524111|019|A|0|0| |0|01|||3|3. Biaya Penginapan|0||0||0||0||8|OH|397500|3180000|0|0|0|0||0|0|0|0||| |0|0|| |-  -|0|313335|313335|313335|313335|313335|313335|313335|313335|313335|313335|46650|0|0||0|||1|0|00
2026|01|527010|015|08|CD|6212|AEF|01|51|1|005|100|HC|524111|019|A|0|0| |0|01|||4|1. Tiket  PP|0||0||0||0||4|OK|2634750|10539000|0|0|0|0||0|0|0|0||| |0|0|| |-  -|0|1038440|1038440|1038440|1038440|1038440|1038440|1038440|1038440|1038440|1038440|154600|0|0||0|||1|0|00
2026|01|527010|015|08|CD|6212|AEF|01|51|1|005|100|HC|524119|019|A|0|0| |0||||1|3. Biaya Penginapan|0||0||0||0||30|OH|811000|24330000|0|0|0|0||0|0|0|0||| |0|0|| |-  -|0|2397309|2397309|2397309|2397309|2397309|2397309|2397309|2397309|2397309|2397309|356910|0|0||0|||1|0|00
2026|01|527010|015|08|CD|6212|AEF|01|51|1|005|100|HC|524119|019|A|0|0| |0||||2|2. Uang Harian|0||0||0||0||45|OH|130000|5850000|0|0|0|0||0|0|0|0||| |0|0|| |-  -|0|576418|576418|576418|576418|576418|576418|576418|576418|576418|576418|85820|0|0||0|||1|0|00
2026|01|527010|015|08|CD|6212|AEF|01|51|1|005|100|HC|524119|019|A|0|0| |0||||3|1. Transport|0||0||0||0||15|OK|300000|4500000|0|0|0|0||0|0|0|0||| |0|0|| |-  -|0|443399|443399|443399|443399|443399|443399|443399|443399|443399|443399|66010|0|0||0|||1|0|00
2026|01|527010|015|08|CD|6212|AEF|01|51|1|004|100|HA|522151|019|A|0|0| |0||||1|Narasumber Tenaga Profesional|0||0||0||0||2|OJ|1496000|2992000|0|0|0|0||0|0|0|0||| |0|0|| |-  -|0|293934|293934|293934|293934|293934|293934|293934|293934|293934|293934|52660|0|0||0|||1|0|00
2026|01|527010|015|08|CD|6212|AEF|01|51|1|004|100|HB|522151|019|A|0|0| |0||||1|Honorarium Narasumber (MenteriPejabat Setingkat Menteri)|0||0||0||0||6|OJ|1276000|7656000|0|0|0|0||0|0|0|0||| |0|0|| |-  -|0|752126|752126|752126|752126|752126|752126|752126|752126|752126|752126|134740|0|0||0|||1|0|00
2026|01|527010|015|08|CD|6212|AEF|01|51|1|004|100|HB|524111|019|A|0|0| |0||||1|3. Biaya Penginapan|0||0||0||0||24|OH|542438|13018000|0|0|0|0||0|0|0|0||| |0|0|| |-  -|0|1278889|1278889|1278889|1278889|1278889|1278889|1278889|1278889|1278889|1278889|229110|0|0||0|||1|0|00
2026|01|527010|015|08|CD|6212|AEF|01|51|1|004|100|HB|524111|019|A|0|0| |0||||2|2. Uang Harian|0||0||0||0||36|OH|286709|10321000|0|0|0|0||0|0|0|0||| |0|0|| |-  -|0|1013936|1013936|1013936|1013936|1013936|1013936|1013936|1013936|1013936|1013936|181640|0|0||0|||1|0|00
2026|01|527010|015|08|CD|6212|AEF|01|51|1|004|100|HB|524111|019|A|0|0| |0||||3|1. Transport PP|0||0||0||0||12|OK|2402188|28826000|0|0|0|0||0|0|0|0||| |0|0|| |-  -|0|2831868|2831868|2831868|2831868|2831868|2831868|2831868|2831868|2831868|2831868|507320|0|0||0|||1|0|00
2026|01|527010|015|08|CD|6212|AEF|01|51|1|004|100|HB|524113|019|A|0|0| |0||||1|1. Transport Lokal|0||0||0||0||4|OK|131750|527000|0|0|0|0||0|0|0|0||| |0|0|| |-  -|0|51773|51773|51773|51773|51773|51773|51773|51773|51773|51773|9270|0|0||0|||1|0|00
2026|01|527010|015|08|CD|6212|AEF|01|51|1|004|100|HB|524113|019|A|0|0| |0||||2|2. Uang Harian|0||0||0||0||4|OH|130125|520000|0|0|0|0||0|0|0|0||| |0|0|| |-  -|0|51085|51085|51085|51085|51085|51085|51085|51085|51085|51085|9150|0|0||0|||1|0|00
2026|01|527010|015|08|CD|6212|AEF|01|51|1|004|100|HC|522151|019|A|0|0| |0|01||1|1|Workshop Pengelolaan Risiko Investasi|0||0||0||0||0||0|0|0|0|0|0||0|0|0|0||| |0|0|| |-  -|0|0|0|0|0|0|0|0|0|0|0|0|0|0||0|||1|0|00
2026|01|527010|015|08|CD|6212|AEF|01|51|1|004|100|HC|522151|019|A|0|0| |0|01|||2|Narasumber Tenaga Profesional|2|ORG|2|JAM|1|FREK|0||4|OJ|1408000|5632000|0|0|0|0||0|0|0|0||| |0|0|| |-  -|0|553288|553288|553288|553288|553288|553288|553288|553288|553288|553288|99120|0|0||0|||1|0|00
2026|01|527010|015|08|CD|6212|AEF|01|51|1|004|100|HC|524111|019|A|0|0| |0|01||1|1|Perjalanan Dinas dalam rangka pembinaan dan pengembangan lembaga investasi pemerintah kantor vertikal|0||0||0||0||0||0|0|0|0|0|0||0|0|0|0||| |0|0|| |-  -|0|0|0|0|0|0|0|0|0|0|0|0|0|0||0|||1|0|00
2026|01|527010|015|08|CD|6212|AEF|01|51|1|004|100|HC|524111|019|A|0|0| |0|01|||2|Tiket PP|3|ORG|1|LOK|1|FREK|0||3|OK|2115334|6346000|0|0|0|0||0|0|0|0||| |0|0|| |-  -|0|623431|623431|623431|623431|623431|623431|623431|623431|623431|623431|111690|0|0||0|||1|0|00
2026|01|527010|015|08|CD|6212|AEF|01|51|1|004|100|HC|524111|019|A|0|0| |0|01|||3|Uang Harian|3|ORG|1|LOK|1|FREK|3|HARI|9|OH|232445|2092000|0|0|0|0||0|0|0|0||| |0|0|| |-  -|0|205518|205518|205518|205518|205518|205518|205518|205518|205518|205518|36820|0|0||0|||1|0|00
2026|01|527010|015|08|CD|6212|AEF|01|51|1|004|100|HC|524111|019|A|0|0| |0|01|||4|Biaya Penginapan|3|ORG|1|LOK|1|FREK|2|HARI|6|OH|542500|3255000|0|0|0|0||0|0|0|0||| |0|0|| |-  -|0|319771|319771|319771|319771|319771|319771|319771|319771|319771|319771|57290|0|0||0|||1|0|00
2026|01|527010|015|08|CD|6212|AEF|01|51|1|004|100|HC|524113|019|A|0|0| |0|01||1|1|Perjalanan dinas dalam rangka pelaksanaan Pembinaan ke BLU dibawah DJPb|0||0||0||0||0||0|0|0|0|0|0||0|0|0|0||| |0|0|| |-  -|0|0|0|0|0|0|0|0|0|0|0|0|0|0||0|||1|0|00
2026|01|527010|015|08|CD|6212|AEF|01|51|1|004|100|HC|524113|019|A|0|0| |0|01|||2|Transport Lokal|15|ORG|4|HARI|2|FREK|0||120|OK|131734|15808000|0|0|0|0||0|0|0|0||| |0|0|| |-  -|0|1552979|1552979|1552979|1552979|1552979|1552979|1552979|1552979|1552979|1552979|278210|0|0||0|||1|0|00
2026|01|527010|015|08|CD|6212|AEF|01|51|1|004|100|HC|524113|019|A|0|0| |0|01|||3|Uang Harian|15|ORG|4|HARI|2|FREK|0||120|OH|116234|13948000|0|0|0|0||0|0|0|0||| |0|0|| |-  -|0|1370252|1370252|1370252|1370252|1370252|1370252|1370252|1370252|1370252|1370252|245480|0|0||0|||1|0|00
2026|01|527010|015|08|CD|6212|AEF|01|51|1|004|100|HD|522151|019|A|0|0| |0|01||1|1|Sosialisasi PP Pemberian Pinjaman|0||0||0||0||0||0|0|0|0|0|0||0|0|0|0||| |0|0|| |-  -|0|0|0|0|0|0|0|0|0|0|0|0|0|0||0|||1|0|00
2026|01|527010|015|08|CD|6212|AEF|01|51|1|004|100|HD|522151|019|A|0|0| |0|01|||2|Narasumber Tenaga Profesional|3|ORG|3|JAM|1|FREK|0||9|OJ|1496000|13464000|0|0|0|0||0|0|0|0||| |0|0|| |-  -|0|1322704|1322704|1322704|1322704|1322704|1322704|1322704|1322704|1322704|1322704|236960|0|0||0|||1|0|00
2026|01|527010|015|08|CD|6212|AEF|01|51|1|004|100|HE|522151|019|A|0|0| |0||||1|Honor Narasumber Tenaga Profesional|1|ORG|3|JAM|2|FREK|0||6|OJ|1496000|8976000|0|0|0|0||0|0|0|0||| |0|0|| |-  -|0|881803|881803|881803|881803|881803|881803|881803|881803|881803|881803|157970|0|0||0|||1|0|00
2026|01|527010|015|08|CD|6212|AEF|01|51|1|004|100|HG|524111|019|A|0|0| |0|01||1|1|Monitoring dan evaluasi pelaksanaan kredit program dan subsidi bunga|0||0||0||0||0||0|0|0|0|0|0||0|0|0|0||| |0|0|| |-  -|0|0|0|0|0|0|0|0|0|0|0|0|0|0||0|||1|0|00
2026|01|527010|015|08|CD|6212|AEF|01|51|1|004|100|HG|524111|019|A|0|0| |0|01|||2|Tiket PP|2|ORG|4|LOK|3|FREK|0||24|OK|1484800|35635000|0|0|0|0||0|0|0|0||| |0|0|| |-  -|0|3500784|3500784|3500784|3500784|3500784|3500784|3500784|3500784|3500784|3500784|627160|0|0||0|||1|0|00
2026|01|527010|015|08|CD|6212|AEF|01|51|1|004|100|HG|524111|019|A|0|0| |0|01|||3|Uang Harian|2|ORG|4|LOK|3|FREK|3|HARI|72|OH|232473|16738000|0|0|0|0||0|0|0|0||| |0|0|| |-  -|0|1644342|1644342|1644342|1644342|1644342|1644342|1644342|1644342|1644342|1644342|294580|0|0||0|||1|0|00
2026|01|527010|015|08|CD|6212|AEF|01|51|1|004|100|HG|524111|019|A|0|0| |0|01|||4|Biaya Penginapan|2|ORG|4|LOK|3|FREK|2|HARI|48|OH|397521|19081000|0|0|0|0||0|0|0|0||| |0|0|| |-  -|0|1874517|1874517|1874517|1874517|1874517|1874517|1874517|1874517|1874517|1874517|335830|0|0||0|||1|0|00
2026|01|527010|015|08|CD|6212|AEF|01|51|1|002|100|SA|521211|019|A|0|0| |0||||1|KDM  Konsumsi snack|38|org|18|frek|0||0||684|OF|13860|9480000|0|0|0|0||0|0|0|0||| |0|0|| |-  -|0|790000|790000|790000|790000|790000|790000|790000|790000|790000|790000|790000|790000|0||0|||1|0|00
2026|01|527010|015|08|CD|6212|AEF|01|51|1|002|100|SA|521211|019|A|0|0| |0||||2|KDM  Konsumsi Makan|30|org|20|frek|0||0||600|OF|26539|15923000|0|0|0|0||0|0|0|0||| |0|0|| |-  -|0|1326000|1326000|1326000|1326000|1326000|1326000|1326000|1326000|1326000|1326000|1326000|1337000|0||0|||1|0|00
2026|01|527010|015|08|CD|6212|AEF|01|51|1|002|100|SA|522151|019|A|0|0| |0||||1|Honor Narasumber Eselon III KL Lain|2|ORG|2|JAM|3|FREK|0||12|OJ|792000|9504000|0|0|0|0||0|0|0|0||| |0|0|| |-  -|0|792000|792000|792000|792000|792000|792000|792000|792000|792000|792000|792000|792000|0||0|||1|0|00
2026|01|527010|015|08|CD|6212|AEF|01|51|1|002|100|SA|524111|019|A|0|0| |0||||1|Akomodasi|5|ORG|2|HR|1|FREK|6|LOK|60|OHFL|464934|27896000|0|0|0|0||0|0|0|0||| |0|0|| |-  -|0|2324000|2324000|2324000|2324000|2324000|2324000|2324000|2324000|2324000|2324000|2324000|2332000|0||0|||1|0|00
2026|01|527010|015|08|CD|6212|AEF|01|51|1|002|100|SA|524111|019|A|0|0| |0||||2|Transportasi|5|org|2|lok|6|frek|0||60|OK|742350|44541000|0|0|0|0||0|0|0|0||| |0|0|| |-  -|0|3711000|3711000|3711000|3711000|3711000|3711000|3711000|3711000|3711000|3711000|3711000|3720000|0||0|||1|0|00
2026|01|527010|015|08|CD|6212|AEF|01|51|1|002|100|SA|524111|019|A|0|0| |0||||3|Uang Harian|5|org|3|hr|6|lok|0||90|OH|333212|29989000|0|0|0|0||0|0|0|0||| |0|0|| |-  -|0|2499000|2499000|2499000|2499000|2499000|2499000|2499000|2499000|2499000|2499000|2499000|2500000|0||0|||1|0|00
2026|01|527010|015|08|CD|6212|AEF|01|51|1|002|100|SA|524113|019|A|0|0| |0||||1|Transport|1|org|5|frek|0||0||5|OF|116200|581000|0|0|0|0||0|0|0|0||| |0|0|| |-  -|0|48000|48000|48000|48000|48000|48000|48000|48000|48000|48000|48000|53000|0||0|||1|0|00
2026|01|527010|015|08|CD|6212|AEF|01|51|1|002|100|SA|524114|019|A|0|0| |0||||1|Transportasi|35|org|1|frek|0||0||35|OK|116229|4068000|0|0|0|0||0|0|0|0||| |0|0|| |-  -|0|339000|339000|339000|339000|339000|339000|339000|339000|339000|339000|339000|339000|0||0|||1|0|00
2026|01|527010|015|08|CD|6212|AEF|01|51|1|002|100|SA|524114|019|A|0|0| |0||||2|Biaya Paket Fullboard Pejabat  Eselon III Ke Bawah|35|org|2|frek|1|hr|0||70|OHF|927558|64929000|0|0|0|0||0|0|0|0||| |0|0|| |-  -|0|5410000|5410000|5410000|5410000|5410000|5410000|5410000|5410000|5410000|5410000|5410000|5419000|0||0|||1|0|00
2026|01|527010|015|08|CD|6212|AEF|01|51|1|002|100|SA|524114|019|A|0|0| |0||||3|Uang Harian Fullboard|35|org|3|hr|0||0||105|OHF|100734|10577000|0|0|0|0||0|0|0|0||| |0|0|| |-  -|0|881000|881000|881000|881000|881000|881000|881000|881000|881000|881000|881000|886000|0||0|||1|0|00
2026|01|527010|015|08|CD|6212|FAC|01|51|1|004|100|IA|521211|019|A|0|0| |0||||1|KDM  Konsumsi Rapat Snack|100|ORG|3|FR|0||0||300|OF|15120|4536000|0|0|0|0||0|0|0|0||| |0|0|| |-  -|0|378000|378000|378000|378000|378000|378000|378000|378000|378000|378000|378000|378000|0||0|||1|0|00
2026|01|527010|015|08|CD|6212|FAC|01|51|1|004|100|IA|521211|019|A|0|0| |0||||2|KDM  Konsumsi Rapat Makan|100|ORG|3|FR|0||0||300|OF|35910|10773000|0|0|0|0||0|0|0|0||| |0|0|| |-  -|0|897000|897000|897000|897000|897000|897000|897000|897000|897000|897000|897000|906000|0||0|||1|0|00
2026|01|527010|015|08|CD|6212|FAC|01|51|1|005|100|FA|521211|019|A|0|0| |0||||1|CTK  Pengadaan Plakat Penghargaan Penyaluran DAK Fisik, Dana BOS, dan Dana Desa|3|BUAH|5|KATEG|0||0||15|BUAH|472467|7087000|0|0|0|0||0|0|0|0||| |0|0|| |-  -|0|590000|590000|590000|590000|590000|590000|590000|590000|590000|590000|590000|597000|0||0|||1|0|00
2026|01|527010|015|08|CD|6212|FAC|01|51|1|005|100|FA|521211|019|A|0|0| |0||||2|CTK  Penggandaan Laporan Monev Penyaluran DAK Fisik, Dana BOS, dan Dana Desa|15|EKS|1|FREK|0||0||15|EKS|390600|5859000|0|0|0|0||0|0|0|0||| |0|0|| |-  -|0|488000|488000|488000|488000|488000|488000|488000|488000|488000|488000|488000|491000|0||0|||1|0|00
2026|01|527010|015|08|CD|6212|FAC|01|51|1|005|100|FA|521211|019|A|0|0| |0||||3|CTK  Penggandaan Laporan Keuangan Penyaluran DAK Fisik, Dana BOS, dan Dana Desa|15|EKS|1|FREK|0||0||15|EKS|390600|5859000|0|0|0|0||0|0|0|0||| |0|0|| |-  -|0|488000|488000|488000|488000|488000|488000|488000|488000|488000|488000|488000|491000|0||0|||1|0|00
2026|01|527010|015|08|CD|6212|FAC|01|51|1|005|100|FA|522151|019|A|0|0| |0||||1|Honorarium Narasumber|2|ORG|2|JAM|2|FREK|0||8|OJ|880000|7040000|0|0|0|0||0|0|0|0||| |0|0|| |-  -|0|586000|586000|586000|586000|586000|586000|586000|586000|586000|586000|586000|594000|0||0|||1|0|00
2026|01|527010|015|08|CD|6212|FAC|01|51|1|005|100|FA|524111|019|A|0|0| |0||||1|Penginapan|3|ORG|1|LOK|2|HARI|1|FREK|6|OH|620000|3720000|0|0|0|0||0|0|0|0||| |0|0|| |-  -|0|310000|310000|310000|310000|310000|310000|310000|310000|310000|310000|310000|310000|0||0|||1|0|00
2026|01|527010|015|08|CD|6212|FAC|01|51|1|005|100|FA|524111|019|A|0|0| |0||||2|Uang Harian Luar Kota|3|ORG|1|LOK|3|HARI|1|FREK|9|OH|266556|2399000|0|0|0|0||0|0|0|0||| |0|0|| |-  -|0|199000|199000|199000|199000|199000|199000|199000|199000|199000|199000|199000|210000|0||0|||1|0|00
2026|01|527010|015|08|CD|6212|FAC|01|51|1|005|100|FA|524111|019|A|0|0| |0||||3|Uang Transport Luar Kota|3|ORG|1|LOK|1|FREK|0||3|OK|961667|2885000|0|0|0|0||0|0|0|0||| |0|0|| |-  -|0|240000|240000|240000|240000|240000|240000|240000|240000|240000|240000|240000|245000|0||0|||1|0|00
2026|01|527010|015|08|CD|6212|FAC|01|51|1|005|100|FA|524114|019|A|0|0| |0||||1|Uang Transport Luar Kota|4|ORG|4|FREK|0||0||16|OK|162750|2604000|0|0|0|0||0|0|0|0||| |0|0|| |-  -|0|217000|217000|217000|217000|217000|217000|217000|217000|217000|217000|217000|217000|0||0|||1|0|00
2026|01|527010|015|08|CD|6212|FAC|01|51|1|005|100|FA|524114|019|A|0|0| |0||||2|Uang Transport Dalam Kota|32|ORG|4|FREK|0||0||128|OK|131735|16862000|0|0|0|0||0|0|0|0||| |0|0|| |-  -|0|1405000|1405000|1405000|1405000|1405000|1405000|1405000|1405000|1405000|1405000|1405000|1407000|0||0|||1|0|00
2026|01|527010|015|08|CD|6212|FAC|01|51|1|005|100|FA|524114|019|A|0|0| |0||||3|Uang Harian Luar Kota|4|ORG|4|HARI|4|FREK|0||64|OH|100735|6447000|0|0|0|0||0|0|0|0||| |0|0|| |-  -|0|537000|537000|537000|537000|537000|537000|537000|537000|537000|537000|537000|540000|0||0|||1|0|00
2026|01|527010|015|08|CD|6212|FAC|01|51|1|005|100|FA|524114|019|A|0|0| |0||||4|Uang Harian Dalam Kota|32|ORG|4|HARI|4|FREK|0||512|OH|100737|51577000|0|0|0|0||0|0|0|0||| |0|0|| |-  -|0|4298000|4298000|4298000|4298000|4298000|4298000|4298000|4298000|4298000|4298000|4298000|4299000|0||0|||1|0|00
2026|01|527010|015|08|CD|6212|FAC|01|51|1|005|100|FA|524114|019|A|0|0| |0||||5|Biaya Paket Kegiatan RapatPertemuan Full Board Dalam Kota|36|ORG|3|HARI|4|FREK|0||432|OP|926005|400034000|0|0|0|0||0|0|0|0||| |0|0|| |-  -|0|33336000|33336000|33336000|33336000|33336000|33336000|33336000|33336000|33336000|33336000|33336000|33338000|0||0|||1|0|00
2026|01|527010|015|08|CD|6212|FAC|01|51|1|003|100|IA|521211|019|A|0|0| |0|01||1|1|FGDSosialisasiEdukasi Satker BLU|0||0||0||0||0||0|0|0|0|0|0||0|0|0|0||| |0|0|| |-  -|0|0|0|0|0|0|0|0|0|0|0|0|0|0||0|||1|0|00
2026|01|527010|015|08|CD|6212|FAC|01|51|1|003|100|IA|521211|019|A|0|0| |0|01|||2|KDM  Konsumsi Rapat Snack|100|ORG|4|FR|0||0||400|OF|11030|4412000|0|0|0|0||0|0|0|0||| |0|0|| |-  -|0|367000|367000|367000|367000|367000|367000|367000|367000|367000|367000|367000|375000|0||0|||1|0|00
2026|01|527010|015|08|CD|6212|FAC|01|51|1|003|100|IA|521211|019|A|0|0| |0|01|||3|KDM  Konsumsi Rapat Makan|100|ORG|4|FR|0||0||400|OF|40000|16000000|0|0|0|0||0|0|0|0||| |0|0|| |-  -|0|1333000|1333000|1333000|1333000|1333000|1333000|1333000|1333000|1333000|1333000|1333000|1337000|0||0|||1|0|00
2026|01|527010|015|08|CD|6212|FAC|01|51|1|003|100|IA|522151|019|A|0|0| |0|01||1|1|FGDSosialisasiEdukasi Satker BLU|0||0||0||0||0||0|0|0|0|0|0||0|0|0|0||| |0|0|| |-  -|0|0|0|0|0|0|0|0|0|0|0|0|0|0||0|||1|0|00
2026|01|527010|015|08|CD|6212|FAC|01|51|1|003|100|IA|522151|019|A|0|0| |0|01|||2|Honor Narasumber PakarPraktisiProfesional|3|ORG|3|JAM|4|FR|0||36|OJ|997334|35904000|0|0|0|0||0|0|0|0||| |0|0|| |-  -|0|2992000|2992000|2992000|2992000|2992000|2992000|2992000|2992000|2992000|2992000|2992000|2992000|0||0|||1|0|00
2026|01|527010|015|08|CD|6212|FAC|01|51|1|003|100|IB|524111|019|A|0|0| |0|01||1|1|ASISTENSI PEMBINAAN BLU DAN BLUD|0||0||0||0||0||0|0|0|0|0|0||0|0|0|0||| |0|0|| |-  -|0|0|0|0|0|0|0|0|0|0|0|0|0|0||0|||1|0|00
2026|01|527010|015|08|CD|6212|FAC|01|51|1|003|100|IB|524111|019|A|0|0| |0|01|||2|Uang Harian|2|ORG|3|HARI|5|FR|0||30|OH|200000|6000000|0|0|0|0||0|0|0|0||| |0|0|| |-  -|0|500000|500000|500000|500000|500000|500000|500000|500000|500000|500000|500000|500000|0||0|||1|0|00
2026|01|527010|015|08|CD|6212|FAC|01|51|1|003|100|IB|524111|019|A|0|0| |0|01|||3|Biaya Penginapan|2|ORG|2|HARI|5|FR|0||20|OH|637250|12745000|0|0|0|0||0|0|0|0||| |0|0|| |-  -|0|1062000|1062000|1062000|1062000|1062000|1062000|1062000|1062000|1062000|1062000|1062000|1063000|0||0|||1|0|00
2026|01|527010|015|08|CD|6212|FAC|01|51|1|003|100|IB|524111|019|A|0|0| |0|01|||4|Biaya Transport|2|ORG|5|FR|0||0||10|OH|2000000|20000000|0|0|0|0||0|0|0|0||| |0|0|| |-  -|0|1666000|1666000|1666000|1666000|1666000|1666000|1666000|1666000|1666000|1666000|1666000|1674000|0||0|||1|0|00
2026|01|527010|015|08|CD|6212|FAC|01|51|1|008|100|SA|521211|019|A|0|0| |0||||1|KDM  Snack|20|org|20|fr|0||0||400|OF|13860|5544000|0|0|0|0||0|0|0|0||| |0|0|| |-  -|0|462000|462000|462000|462000|462000|462000|462000|462000|462000|462000|462000|462000|0||0|||1|0|00
2026|01|527010|015|08|CD|6212|FAC|01|51|1|008|100|SA|521211|019|A|0|0| |0||||2|KDM  Makan|20|org|10|fr|0||0||200|OF|29610|5922000|0|0|0|0||0|0|0|0||| |0|0|| |-  -|0|493000|493000|493000|493000|493000|493000|493000|493000|493000|493000|493000|499000|0||0|||1|0|00
2026|01|527010|015|08|CD|6212|FAC|01|51|1|008|100|SA|522151|019|A|0|0| |0||||1|Honor Narasumber Eselon III KL Lain|2|ORG|2|JAM|3|FREK|0||12|OJ|792000|9504000|0|0|0|0||0|0|0|0||| |0|0|| |-  -|0|792000|792000|792000|792000|792000|792000|792000|792000|792000|792000|792000|792000|0||0|||1|0|00
2026|01|527010|015|08|CD|6212|FAC|01|51|1|008|100|SA|524111|019|A|0|0| |0||||1|Akomodasi|10|oeg|2|hr|2|fr|2|lok|80|OHFL|464938|37195000|0|0|0|0||0|0|0|0||| |0|0|| |-  -|0|3099000|3099000|3099000|3099000|3099000|3099000|3099000|3099000|3099000|3099000|3099000|3106000|0||0|||1|0|00
2026|01|527010|015|08|CD|6212|FAC|01|51|1|008|100|SA|524111|019|A|0|0| |0||||2|Transportasi|10|org|2|fr|2|lok|0||40|OK|742325|29693000|0|0|0|0||0|0|0|0||| |0|0|| |-  -|0|2474000|2474000|2474000|2474000|2474000|2474000|2474000|2474000|2474000|2474000|2474000|2479000|0||0|||1|0|00
2026|01|527010|015|08|CD|6212|FAC|01|51|1|008|100|SA|524111|019|A|0|0| |0||||3|Uang Harian|10|org|3|hr|2|fr|2|lok|120|OHFL|333209|39985000|0|0|0|0||0|0|0|0||| |0|0|| |-  -|0|3332000|3332000|3332000|3332000|3332000|3332000|3332000|3332000|3332000|3332000|3332000|3333000|0||0|||1|0|00
2026|01|527010|015|08|CD|6212|FAC|01|51|1|008|100|SA|524113|019|A|0|0| |0||||1|Transportasi|5|org|1|fr|1|lok|0||5|OFL|116200|581000|0|0|0|0||0|0|0|0||| |0|0|| |-  -|0|48000|48000|48000|48000|48000|48000|48000|48000|48000|48000|48000|53000|0||0|||1|0|00
2026|01|527010|015|08|CD|6212|FAC|01|51|1|008|100|SB|521211|019|A|0|0| |0||||1|KDM  Snack|30|org|10|fr|0||0||300|OF|13860|4158000|0|0|0|0||0|0|0|0||| |0|0|| |-  -|0|346000|346000|346000|346000|346000|346000|346000|346000|346000|346000|346000|352000|0||0|||1|0|00
2026|01|527010|015|08|CD|6212|FAC|01|51|1|008|100|SB|521211|019|A|0|0| |0||||2|KDM  Makan|30|org|5|fr|0||0||150|OF|29607|4441000|0|0|0|0||0|0|0|0||| |0|0|| |-  -|0|370000|370000|370000|370000|370000|370000|370000|370000|370000|370000|370000|371000|0||0|||1|0|00
2026|01|527010|015|08|CD|6212|FAC|01|51|1|008|100|SB|522151|019|A|0|0| |0||||1|Honor Narasumber Eselon III KL Lain|2|org|2|jam|3|fr|0||12|OJ|807334|9688000|0|0|0|0||0|0|0|0||| |0|0|| |-  -|0|807000|807000|807000|807000|807000|807000|807000|807000|807000|807000|807000|811000|0||0|||1|0|00
2026|01|527010|015|08|CD|6212|FAC|01|51|1|008|100|SB|524111|019|A|0|0| |0||||1|Akomodasi|6|org|3|hr|2|fr|1|lok|36|OHFL|387445|13948000|0|0|0|0||0|0|0|0||| |0|0|| |-  -|0|1162000|1162000|1162000|1162000|1162000|1162000|1162000|1162000|1162000|1162000|1162000|1166000|0||0|||1|0|00
2026|01|527010|015|08|CD|6212|FAC|01|51|1|008|100|SB|524111|019|A|0|0| |0||||2|Transportasi|6|org|1|fr|2|lok|0||12|OK|271250|3255000|0|0|0|0||0|0|0|0||| |0|0|| |-  -|0|271000|271000|271000|271000|271000|271000|271000|271000|271000|271000|271000|274000|0||0|||1|0|00
2026|01|527010|015|08|CD|6212|FAC|01|51|1|008|100|SB|524111|019|A|0|0| |0||||3|Uang Harian|6|org|3|hr|2|fr|1|lok|36|OHFL|232473|8369000|0|0|0|0||0|0|0|0||| |0|0|| |-  -|0|697000|697000|697000|697000|697000|697000|697000|697000|697000|697000|697000|702000|0||0|||1|0|00
2026|01|527010|015|08|CD|6212|FAC|01|51|1|008|100|SC|521211|019|A|0|0| |0||||1|KDM  Snack|25|org|2|fr|0||0||50|OF|13860|693000|0|0|0|0||0|0|0|0||| |0|0|| |-  -|0|57000|57000|57000|57000|57000|57000|57000|57000|57000|57000|57000|66000|0||0|||1|0|00
2026|01|527010|015|08|CD|6212|FAC|01|51|1|008|100|SC|521211|019|A|0|0| |0||||2|KDM  Makan|25|org|1|fr|0||0||25|OF|29600|740000|0|0|0|0||0|0|0|0||| |0|0|| |-  -|0|61000|61000|61000|61000|61000|61000|61000|61000|61000|61000|61000|69000|0||0|||1|0|00
2026|01|527010|015|08|CD|6212|FAC|01|51|1|001|100|LA|521211|019|A|0|0| |0||||1|KDM  Konsumsi Snack|30|ORG|1|LOK|36|FR|0||1080|OK|15121|16330000|0|0|0|0||0|0|0|0||| |0|0|| |-  -|0|1360000|1360000|1360000|1360000|1360000|1360000|1360000|1360000|1360000|1360000|1360000|1370000|0||0|||1|0|00
2026|01|527010|015|08|CD|6212|FAC|01|51|1|001|100|LA|521211|019|A|0|0| |0||||2|KDM  Konsumsi Makan|30|ORG|1|LOK|36|FR|0||1080|OK|35911|38783000|0|0|0|0||0|0|0|0||| |0|0|| |-  -|0|3231000|3231000|3231000|3231000|3231000|3231000|3231000|3231000|3231000|3231000|3231000|3242000|0||0|||1|0|00
2026|01|527010|015|08|CD|6212|FAC|01|51|1|001|100|LA|522151|019|A|0|0| |0|01||1|1|Honor Narasumber Evaluasi Implementasi Kepuasan Pengguna Layanan Sistem IT|0||0||0||0||0||0|0|0|0|0|0||0|0|0|0||| |0|0|| |-  -|0|0|0|0|0|0|0|0|0|0|0|0|0|0||0|||1|0|00
2026|01|527010|015|08|CD|6212|FAC|01|51|1|001|100|LA|522151|019|A|0|0| |0|01|||2|Narasumber AkademisiProfesional|3|KEG|5|ORG|5|JAM|3|HR|225|OJ|792000|178200000|0|0|0|0||0|0|0|0||| |0|0|| |-  -|0|14850000|14850000|14850000|14850000|14850000|14850000|14850000|14850000|14850000|14850000|14850000|14850000|0||0|||1|0|00
2026|01|527010|015|08|CD|6212|FAC|01|51|1|001|100|LA|524111|019|A|0|0| |0||||1|Akomodasi|4|ORG|3|HR|2|FR|3|LOK|72|OH|658667|47424000|0|0|0|0||0|0|0|0||| |0|0|| |-  -|0|3952000|3952000|3952000|3952000|3952000|3952000|3952000|3952000|3952000|3952000|3952000|3952000|0||0|||1|0|00
2026|01|527010|015|08|CD|6212|FAC|01|51|1|001|100|LA|524111|019|A|0|0| |0||||2|Uang Harian|4|ORG|4|HR|2|FR|3|LOK|96|OH|294459|28268000|0|0|0|0||0|0|0|0||| |0|0|| |-  -|0|2355000|2355000|2355000|2355000|2355000|2355000|2355000|2355000|2355000|2355000|2355000|2363000|0||0|||1|0|00
2026|01|527010|015|08|CD|6212|FAC|01|51|1|001|100|LA|524111|019|A|0|0| |0||||3|Transport|4|ORG|2|FR|3|LOK|0||24|OK|2712167|65092000|0|0|0|0||0|0|0|0||| |0|0|| |-  -|0|5424000|5424000|5424000|5424000|5424000|5424000|5424000|5424000|5424000|5424000|5424000|5428000|0||0|||1|0|00
2026|01|527010|015|08|CD|6212|FAC|01|51|1|001|100|LA|524113|019|A|0|0| |0||||1|Uang Harian|3|ORG|3|HR|1|FR|3|LOK|27|OH|130186|3515000|0|0|0|0||0|0|0|0||| |0|0|| |-  -|0|292000|292000|292000|292000|292000|292000|292000|292000|292000|292000|292000|303000|0||0|||1|0|00
2026|01|527010|015|08|CD|6212|FAC|01|51|1|001|100|LA|524113|019|A|0|0| |0||||2|Transport|3|ORG|3|HR|1|FR|3|LOK|27|OK|131741|3557000|0|0|0|0||0|0|0|0||| |0|0|| |-  -|0|296000|296000|296000|296000|296000|296000|296000|296000|296000|296000|296000|301000|0||0|||1|0|00
2026|01|527010|015|08|CD|6212|FAC|01|51|1|007|100|IA|521211|019|A|0|0| |0||||1|KDM  Konsumsi Rapat Snack|20|ORG|4|FR|0||0||80|OF|16375|1310000|0|0|0|0||0|0|0|0||| |0|0|| |-  -|0|154102|154102|154102|154102|154102|154102|154102|154102|77184|0|0|0|0||0|||1|0|00
2026|01|527010|015|08|CD|6212|FAC|01|51|1|007|100|IA|521211|019|A|0|0| |0||||2|KDM  Konsumsi Rapat Makan|20|ORG|4|FR|0||0||80|OF|46000|3680000|0|0|0|0||0|0|0|0||| |0|0|| |-  -|0|432898|432898|432898|432898|432898|432898|432898|432898|216816|0|0|0|0||0|||1|0|00
2026|01|527010|015|08|CD|6212|FAH|01|51|1|001|100|JA|524111|019|A|0|0| |0||||1|Transport|3|ORG|4|FR|0||0||12|OF|1184084|14209000|0|0|0|0||0|0|0|0||| |0|0|| |-  -|0|1184000|1184000|1184000|1184000|1184000|1184000|1184000|1184000|1184000|1184000|1184000|1185000|0||0|||1|0|00
2026|01|527010|015|08|CD|6212|FAH|01|51|1|001|100|JA|524111|019|A|0|0| |0||||2|Akomodasi|3|ORG|2|HR|4|FR|0||24|OH|464959|11159000|0|0|0|0||0|0|0|0||| |0|0|| |-  -|0|929000|929000|929000|929000|929000|929000|929000|929000|929000|929000|929000|940000|0||0|||1|0|00
2026|01|527010|015|08|CD|6212|FAH|01|51|1|001|100|JA|524111|019|A|0|0| |0||||3|Uang Saku Harian|3|ORG|3|HR|4|FR|0||36|OH|359556|12944000|0|0|0|0||0|0|0|0||| |0|0|| |-  -|0|1078000|1078000|1078000|1078000|1078000|1078000|1078000|1078000|1078000|1078000|1078000|1086000|0||0|||1|0|00
2026|01|527010|015|08|CD|6212|FAH|01|51|1|003|100|JA|521211|019|A|0|0| |0|01||1|1|Penyuluhan SAI Tingkat UAPAUAPPA Eselon I KL dan Bidang PAPK Kanwil DJPb|0||0||0||0||0||0|0|0|0|0|0||0|0|0|0||| |0|0|| |-  -|0|0|0|0|0|0|0|0|0|0|0|0|0|0||0|||1|0|00
2026|01|527010|015|08|CD|6212|FAH|01|51|1|003|100|JA|521211|019|A|0|0| |0|01|||2|KDM  Konsumsi Makan|32|ORG|4|FR|0||0||128|OF|33000|4224000|0|0|0|0||0|0|0|0||| |0|0|| |-  -|0|287775|287775|287775|287775|287775|287775|287775|287775|287775|287775|287775|1058475|0||0|||1|0|00
2026|01|527010|015|08|CD|6212|FAH|01|51|1|003|100|JA|521211|019|A|0|0| |0|01|||3|KDM  Konsumsi Snack|32|ORG|4|FR|0||0||128|OF|18023|2306000|0|0|0|0||0|0|0|0||| |0|0|| |-  -|0|157104|157104|157104|157104|157104|157104|157104|157104|157104|157104|157104|577856|0||0|||1|0|00
2026|01|527010|015|08|CD|6212|FAH|01|51|1|003|100|JA|524114|019|A|0|0| |0||||1|Transport Panitia dan Narsum|40|ORG|1|HR|1|FR|0||40|OF|124375|4975000|0|0|0|0||0|0|0|0||| |0|0|| |-  -|0|338940|338940|338940|338940|338940|338940|338940|338940|338940|338940|338940|1246660|0||0|||1|0|00
2026|01|527010|015|08|CD|6212|FAH|01|51|1|003|100|JA|524114|019|A|0|0| |0||||2|Uang Saku Panitia dan Narsum|40|ORG|1|HR|1|FR|0||40|OF|50000|2000000|0|0|0|0||0|0|0|0||| |0|0|| |-  -|0|136257|136257|136257|136257|136257|136257|136257|136257|136257|136257|136257|501173|0||0|||1|0|00
2026|01|527010|015|08|CD|6212|FAH|01|51|1|003|100|JB|521211|019|A|0|0| |0||||1|KDM  Konsumsi Makan|25|ORG|3|FR|0||0||75|OF|33000|2475000|0|0|0|0||0|0|0|0||| |0|0|| |-  -|0|168618|168618|168618|168618|168618|168618|168618|168618|168618|168618|168618|620202|0||0|||1|0|00
2026|01|527010|015|08|CD|6212|FAH|01|51|1|003|100|JB|521211|019|A|0|0| |0||||2|KDM  Konsumsi Snack|25|ORG|2|KALI|3|FR|0||150|OF|15000|2250000|0|0|0|0||0|0|0|0||| |0|0|| |-  -|0|153289|153289|153289|153289|153289|153289|153289|153289|153289|153289|153289|563821|0||0|||1|0|00
2026|01|527010|015|08|CD|6212|FAH|01|51|1|003|100|JB|521211|019|A|0|0| |0||||3|Bahan Habis Pakai dan Dokumantasi|1|PKT|1|FR|0||0||1|PKT|284000|284000|0|0|0|0||0|0|0|0||| |0|0|| |-  -|0|19349|19349|19349|19349|19349|19349|19349|19349|19349|19349|19349|71161|0||0|||1|0|00
2026|01|527010|015|08|CD|6212|FAH|01|51|1|003|100|JB|524111|019|A|0|0| |0||||1|Transport|2|ORG|2|FR|0||0||4|OF|1500000|6000000|0|0|0|0||0|0|0|0||| |0|0|| |-  -|0|408771|408771|408771|408771|408771|408771|408771|408771|408771|408771|408771|1503519|0||0|||1|0|00
2026|01|527010|015|08|CD|6212|FAH|01|51|1|003|100|JB|524111|019|A|0|0| |0||||2|Akomodasi|2|ORG|2|HR|2|FR|0||8|OH|619125|4953000|0|0|0|0||0|0|0|0||| |0|0|| |-  -|0|337441|337441|337441|337441|337441|337441|337441|337441|337441|337441|337441|1241149|0||0|||1|0|00
2026|01|527010|015|08|CD|6212|FAH|01|51|1|003|100|JB|524111|019|A|0|0| |0||||3|Uang Saku Harian|2|ORG|3|HR|2|FR|0||12|OH|300000|3600000|0|0|0|0||0|0|0|0||| |0|0|| |-  -|0|245263|245263|245263|245263|245263|245263|245263|245263|245263|245263|245263|902107|0||0|||1|0|00
2026|01|527010|015|08|CD|6212|FAH|01|51|1|003|100|JC|521211|019|A|0|0| |0||||1|KDM  Konsumsi Makan Rapat|31|ORG|1|FR|0||0||31|OF|33000|1023000|0|0|0|0||0|0|0|0||| |0|0|| |-  -|0|69696|69696|69696|69696|69696|69696|69696|69696|69696|69696|69696|256344|0||0|||1|0|00
2026|01|527010|015|08|CD|6212|FAH|01|51|1|003|100|JC|521211|019|A|0|0| |0||||2|KDM  Snack Rapat|31|ORG|1|FR|0||0||31|OF|18033|559000|0|0|0|0||0|0|0|0||| |0|0|| |-  -|0|38084|38084|38084|38084|38084|38084|38084|38084|38084|38084|38084|140076|0||0|||1|0|00
2026|01|527010|015|08|CD|6212|FAH|01|51|1|003|100|JC|524111|019|A|0|0| |0|01||1|1|Monitoring Tindak Lanjut Pemerintah terhadap Pemeriksaan Temuan BPK atas LKPP|0||0||0||0||0||0|0|0|0|0|0||0|0|0|0||| |0|0|| |-  -|0|0|0|0|0|0|0|0|0|0|0|0|0|0||0|||1|0|00
2026|01|527010|015|08|CD|6212|FAH|01|51|1|003|100|JC|524111|019|A|0|0| |0|01|||2|Transport|2|ORG|4|FR|0||0||8|OF|1964375|15715000|0|0|0|0||0|0|0|0||| |0|0|| |-  -|0|1070640|1070640|1070640|1070640|1070640|1070640|1070640|1070640|1070640|1070640|1070640|3937960|0||0|||1|0|00
2026|01|527010|015|08|CD|6212|FAH|01|51|1|003|100|JC|524111|019|A|0|0| |0|01|||3|Akomodasi|3|ORG|2|HR|4|FR|0||24|OH|646375|15513000|0|0|0|0||0|0|0|0||| |0|0|| |-  -|0|1056878|1056878|1056878|1056878|1056878|1056878|1056878|1056878|1056878|1056878|1056878|3887342|0||0|||1|0|00
2026|01|527010|015|08|CD|6212|FAH|01|51|1|003|100|JC|524111|019|A|0|0| |0|01|||4|Uang Saku Harian|3|ORG|3|HR|4|FR|0||36|OH|150000|5400000|0|0|0|0||0|0|0|0||| |0|0|| |-  -|0|367894|367894|367894|367894|367894|367894|367894|367894|367894|367894|367894|1353166|0||0|||1|0|00
2026|01|527010|015|08|CD|6212|FAH|01|51|1|002|100|JA|522151|019|A|0|0| |0||||1|Honorarium Narasumber|1|ORG|3|JAM|1|FR|0||3|OJ|950334|2851000|0|0|0|0||0|0|0|0||| |0|0|| |-  -|0|291000|291000|291000|291000|291000|291000|291000|291000|291000|232000|0|0|0||0|||1|0|00
2026|01|527010|015|08|CD|6212|FAL|01|51|1|002|100|OB|521211|019|A|0|0| |0|01||1|1|Analisis Meeting Oleh Chief Economist Perbankan dan Perusahaan Sekuritas|0||0||0||0||0||0|0|0|0|0|0||0|0|0|0||| |0|0|| |-  -|0|0|0|0|0|0|0|0|0|0|0|0|0|0||0|||1|0|00
2026|01|527010|015|08|CD|6212|FAL|01|51|1|002|100|OB|521211|019|A|0|0| |0|01|||2|KDM  Snack Rapat|100|ORG|4|KEG|0||0||400|OK|13860|5544000|0|0|0|0||0|0|0|0||| |0|0|| |-  -|0|391941|391941|391941|391941|391941|391941|391941|391941|391941|391941|391941|1232649|0||0|||1|0|00
2026|01|527010|015|08|CD|6212|FAL|01|51|1|002|100|OB|521211|019|A|0|0| |0|02||1|3|FGD Risk And Portfolio Management|0||0||0||0||0||0|0|0|0|0|0||0|0|0|0||| |0|0|| |-  -|0|0|0|0|0|0|0|0|0|0|0|0|0|0||0|||1|0|00
2026|01|527010|015|08|CD|6212|FAL|01|51|1|002|100|OB|521211|019|A|0|0| |0|02|||4|KDM  Snack Rapat|100|ORG|4|KEG|0||0||400|OK|13860|5544000|0|0|0|0||0|0|0|0||| |0|0|| |-  -|0|391941|391941|391941|391941|391941|391941|391941|391941|391941|391941|391941|1232649|0||0|||1|0|00
2026|01|527010|015|08|CD|6212|FAL|01|51|1|002|100|OB|522151|019|A|0|0| |0|01||1|1|Analisis Meeting Oleh Chief Economist Perbankan dan Perusahaan Sekuritas|0||0||0||0||0||0|0|0|0|0|0||0|0|0|0||| |0|0|| |-  -|0|0|0|0|0|0|0|0|0|0|0|0|0|0||0|||1|0|00
2026|01|527010|015|08|CD|6212|FAL|01|51|1|002|100|OB|522151|019|A|0|0| |0|01|||2|Narasumber Eselon II yang disetarakan|1|ORG|2|JAM|4|KEG|0||8|OJ|880000|7040000|0|0|0|0||0|0|0|0||| |0|0|| |-  -|0|497703|497703|497703|497703|497703|497703|497703|497703|497703|497703|497703|1565267|0||0|||1|0|00
2026|01|527010|015|08|CD|6212|FAL|01|51|1|002|100|OB|522151|019|A|0|0| |0|02||1|3|FGD Risk And Portfolio Management|0||0||0||0||0||0|0|0|0|0|0||0|0|0|0||| |0|0|| |-  -|0|0|0|0|0|0|0|0|0|0|0|0|0|0||0|||1|0|00
2026|01|527010|015|08|CD|6212|FAL|01|51|1|002|100|OB|522151|019|A|0|0| |0|02|||4|Narasumber Eselon II yang disetarakan|1|ORG|2|JAM|4|KEG|0||8|OJ|880000|7040000|0|0|0|0||0|0|0|0||| |0|0|| |-  -|0|497703|497703|497703|497703|497703|497703|497703|497703|497703|497703|497703|1565267|0||0|||1|0|00
2026|01|527010|015|08|CD|6212|FAL|01|51|1|002|100|OC|521211|019|A|0|0| |0||||1|KDM  Snack Rapat|20|ORG|1|KEG|0||0||20|OK|17250|345000|0|0|0|0||0|0|0|0||| |0|0|| |-  -|0|24390|24390|24390|24390|24390|24390|24390|24390|24390|24390|24390|76710|0||0|||1|0|00
2026|01|527010|015|08|CD|6212|FAL|01|51|1|002|100|OC|521211|019|A|0|0| |0||||2|KDM  Makan Rapat|20|ORG|1|KEG|0||0||20|OK|30000|600000|0|0|0|0||0|0|0|0||| |0|0|| |-  -|0|42418|42418|42418|42418|42418|42418|42418|42418|42418|42418|42418|133402|0||0|||1|0|00
2026|01|527010|015|08|CD|6212|FAL|01|51|1|002|100|OC|524111|019|A|0|0| |0||||1| Akomodasi|2|ORG|2|HR|1|KEG|0||4|OH|605250|2421000|0|0|0|0||0|0|0|0||| |0|0|| |-  -|0|171156|171156|171156|171156|171156|171156|171156|171156|171156|171156|171156|538284|0||0|||1|0|00
2026|01|527010|015|08|CD|6212|FAL|01|51|1|002|100|OC|524111|019|A|0|0| |0||||2|Tiket|2|ORG|1|KEG|1|FR|0||2|OH|2500000|5000000|0|0|0|0||0|0|0|0||| |0|0|| |-  -|0|353483|353483|353483|353483|353483|353483|353483|353483|353483|353483|353483|1111687|0||0|||1|0|00
2026|01|527010|015|08|CD|6212|FAL|01|51|1|002|100|OC|524111|019|A|0|0| |0||||3|Uang Harian|2|ORG|3|HR|1|KEG|0||6|OH|300000|1800000|0|0|0|0||0|0|0|0||| |0|0|| |-  -|0|127254|127254|127254|127254|127254|127254|127254|127254|127254|127254|127254|400206|0||0|||1|0|00
2026|01|527010|015|08|CD|6212|FAL|01|51|1|002|100|OD|524111|019|A|0|0| |0||||1| Akomodasi|2|ORG|2|HR|2|KEG|2|LOK|16|OH|1109000|17744000|0|0|0|0||0|0|0|0||| |0|0|| |-  -|0|1254439|1254439|1254439|1254439|1254439|1254439|1254439|1254439|1254439|1254439|1254439|3945171|0||0|||1|0|00
2026|01|527010|015|08|CD|6212|FAL|01|51|1|002|100|OD|524111|019|A|0|0| |0||||2|Tiket|2|ORG|2|KEG|2|LOK|0||8|OH|2500000|20000000|0|0|0|0||0|0|0|0||| |0|0|| |-  -|0|1413930|1413930|1413930|1413930|1413930|1413930|1413930|1413930|1413930|1413930|1413930|4446770|0||0|||1|0|00
2026|01|527010|015|08|CD|6212|FAL|01|51|1|002|100|OD|524111|019|A|0|0| |0||||3|Uang Harian|2|ORG|3|HR|2|KEG|2|LOK|24|OH|300000|7200000|0|0|0|0||0|0|0|0||| |0|0|| |-  -|0|509015|509015|509015|509015|509015|509015|509015|509015|509015|509015|509015|1600835|0||0|||1|0|00
2026|01|527010|015|08|CD|6212|FAL|01|51|1|002|100|OE|521211|019|A|0|0| |0||||1|CTK  Banner Kegiatan|1|BUAH|1|KEG|0||0||1|BUAH|723000|723000|0|0|0|0||0|0|0|0||| |0|0|| |-  -|0|51114|51114|51114|51114|51114|51114|51114|51114|51114|51114|51114|160746|0||0|||1|0|00
2026|01|527010|015|08|CD|6212|FAL|01|51|1|002|100|OE|521211|019|A|0|0| |0||||2|CTK  Dokumentasi|1|BUAH|1|KEG|0||0||1|BUAH|500000|500000|0|0|0|0||0|0|0|0||| |0|0|| |-  -|0|35348|35348|35348|35348|35348|35348|35348|35348|35348|35348|35348|111172|0||0|||1|0|00
2026|01|527010|015|08|CD|6212|FAL|01|51|1|002|100|OE|521211|019|A|0|0| |0||||3|KDM  Snack Rapat|20|ORG|1|KEG|0||0||20|OK|34850|697000|0|0|0|0||0|0|0|0||| |0|0|| |-  -|0|49275|49275|49275|49275|49275|49275|49275|49275|49275|49275|49275|154975|0||0|||1|0|00
2026|01|527010|015|08|CD|6212|FAL|01|51|1|002|100|OE|521211|019|A|0|0| |0||||4|KDM  Makan Rapat|20|ORG|1|KEG|0||0||20|OK|30000|600000|0|0|0|0||0|0|0|0||| |0|0|| |-  -|0|42418|42418|42418|42418|42418|42418|42418|42418|42418|42418|42418|133402|0||0|||1|0|00
2026|01|527010|015|08|CD|6212|FAL|01|51|1|002|100|OE|524111|019|A|0|0| |0||||1| Akomodasi|5|ORG|2|HR|1|KEG|1|LOK|10|OH|634000|6340000|0|0|0|0||0|0|0|0||| |0|0|| |-  -|0|448216|448216|448216|448216|448216|448216|448216|448216|448216|448216|448216|1409624|0||0|||1|0|00
2026|01|527010|015|08|CD|6212|FAL|01|51|1|002|100|OE|524111|019|A|0|0| |0||||2|Tiket|5|ORG|2|KEG|1|LOK|0||10|OH|2500000|25000000|0|0|0|0||0|0|0|0||| |0|0|| |-  -|0|1767413|1767413|1767413|1767413|1767413|1767413|1767413|1767413|1767413|1767413|1767413|5558457|0||0|||1|0|00
2026|01|527010|015|08|CD|6212|FAL|01|51|1|002|100|OE|524111|019|A|0|0| |0||||3|Uang Harian|5|ORG|3|HR|1|KEG|1|LOK|15|OH|300000|4500000|0|0|0|0||0|0|0|0||| |0|0|| |-  -|0|318134|318134|318134|318134|318134|318134|318134|318134|318134|318134|318134|1000526|0||0|||1|0|00
2026|01|527010|015|08|CD|6212|FAL|01|51|1|002|100|OE|524113|019|A|0|0| |0||||1|Transport Dalam Kota|2|ORG|2|KEG|2|HR|2|FR|16|OK|126438|2023000|0|0|0|0||0|0|0|0||| |0|0|| |-  -|0|143019|143019|143019|143019|143019|143019|143019|143019|143019|143019|143019|449791|0||0|||1|0|00
2026|01|527010|015|08|CD|6212|FAL|01|51|1|002|100|OE|524113|019|A|0|0| |0||||2|Uang Harian Dalam Kota Lebih Dari 8 Jam|2|ORG|2|KEG|2|HR|2|FR|16|OH|120000|1920000|0|0|0|0||0|0|0|0||| |0|0|| |-  -|0|135737|135737|135737|135737|135737|135737|135737|135737|135737|135737|135737|426893|0||0|||1|0|00
2026|01|527010|015|08|CD|6212|FAL|01|51|1|002|100|OF|524111|019|A|0|0| |0||||1| Akomodasi|2|ORG|3|HR|1|KEG|1|LOK|6|OH|813500|4881000|0|0|0|0||0|0|0|0||| |0|0|| |-  -|0|345070|345070|345070|345070|345070|345070|345070|345070|345070|345070|345070|1085230|0||0|||1|0|00
2026|01|527010|015|08|CD|6212|FAL|01|51|1|002|100|OF|524111|019|A|0|0| |0||||2|Tiket|2|ORG|1|KEG|1|LOK|0||2|OH|2500000|5000000|0|0|0|0||0|0|0|0||| |0|0|| |-  -|0|353483|353483|353483|353483|353483|353483|353483|353483|353483|353483|353483|1111687|0||0|||1|0|00
2026|01|527010|015|08|CD|6212|FAL|01|51|1|002|100|OF|524111|019|A|0|0| |0||||3|Uang Harian|2|ORG|2|HR|1|KEG|1|LOK|4|OH|300000|1200000|0|0|0|0||0|0|0|0||| |0|0|| |-  -|0|84836|84836|84836|84836|84836|84836|84836|84836|84836|84836|84836|266804|0||0|||1|0|00
2026|01|527010|015|08|CD|6212|FAL|01|51|1|002|100|OF|524113|019|A|0|0| |0||||1|Transport Dalam Kota|6|ORG|1|KEG|1|HR|5|FR|30|OK|124734|3742000|0|0|0|0||0|0|0|0||| |0|0|| |-  -|0|264546|264546|264546|264546|264546|264546|264546|264546|264546|264546|264546|831994|0||0|||1|0|00
2026|01|527010|015|08|CD|6212|FAL|01|51|1|002|100|OF|524113|019|A|0|0| |0||||2|Uang Harian Dalam Kota Lebih Dari 8 Jam|5|ORG|1|KEG|1|HR|5|FR|25|OH|120000|3000000|0|0|0|0||0|0|0|0||| |0|0|| |-  -|0|212090|212090|212090|212090|212090|212090|212090|212090|212090|212090|212090|667010|0||0|||1|0|00
2026|01|527010|015|08|CD|6212|FAL|01|51|1|002|100|OG|521211|019|A|0|0| |0|01||1|1|FGD  Pengembangan RCE dan TDR|0||0||0||0||0||0|0|0|0|0|0||0|0|0|0||| |0|0|| |-  -|0|0|0|0|0|0|0|0|0|0|0|0|0|0||0|||1|0|00
2026|01|527010|015|08|CD|6212|FAL|01|51|1|002|100|OG|521211|019|A|0|0| |0|01|||2|KDM  Snack Rapat|25|ORG|2|KEG|2|FR|0||100|OK|13860|1386000|0|0|0|0||0|0|0|0||| |0|0|| |-  -|0|97985|97985|97985|97985|97985|97985|97985|97985|97985|97985|97985|308165|0||0|||1|0|00
2026|01|527010|015|08|CD|6212|FAL|01|51|1|002|100|OG|521211|019|A|0|0| |0|01|||3|KDM  Makan Rapat|25|ORG|2|KEG|2|FR|0||100|OK|33390|3339000|0|0|0|0||0|0|0|0||| |0|0|| |-  -|0|236056|236056|236056|236056|236056|236056|236056|236056|236056|236056|236056|742384|0||0|||1|0|00
2026|01|527010|015|08|CD|6212|FAL|01|51|1|002|100|OG|524111|019|A|0|0| |0|01||1|1|Pengembangan RCE dan TDR|0||0||0||0||0||0|0|0|0|0|0||0|0|0|0||| |0|0|| |-  -|0|0|0|0|0|0|0|0|0|0|0|0|0|0||0|||1|0|00
2026|01|527010|015|08|CD|6212|FAL|01|51|1|002|100|OG|524111|019|A|0|0| |0|01|||2| Akomodasi|3|ORG|2|HR|2|KEG|1|LOK|12|OH|740917|8891000|0|0|0|0||0|0|0|0||| |0|0|| |-  -|0|628563|628563|628563|628563|628563|628563|628563|628563|628563|628563|628563|1976807|0||0|||1|0|00
2026|01|527010|015|08|CD|6212|FAL|01|51|1|002|100|OG|524111|019|A|0|0| |0|01|||3|Tiket|3|ORG|1|KEG|2|LOK|0||6|OH|2500000|15000000|0|0|0|0||0|0|0|0||| |0|0|| |-  -|0|1060448|1060448|1060448|1060448|1060448|1060448|1060448|1060448|1060448|1060448|1060448|3335072|0||0|||1|0|00
2026|01|527010|015|08|CD|6212|FAL|01|51|1|002|100|OG|524111|019|A|0|0| |0|01|||4|Uang Harian|3|ORG|3|HR|2|KEG|1|LOK|18|OH|300000|5400000|0|0|0|0||0|0|0|0||| |0|0|| |-  -|0|381761|381761|381761|381761|381761|381761|381761|381761|381761|381761|381761|1200629|0||0|||1|0|00
2026|01|527010|015|08|CD|6212|FAL|01|51|1|002|100|OH|524111|019|A|0|0| |0|01||1|1|Pembinaan Bendahara Instansi Pada Kanwil dan KPPN|0||0||0||0||0||0|0|0|0|0|0||0|0|0|0||| |0|0|| |-  -|0|0|0|0|0|0|0|0|0|0|0|0|0|0||0|||1|0|00
2026|01|527010|015|08|CD|6212|FAL|01|51|1|002|100|OH|524111|019|A|0|0| |0|01|||2| Akomodasi|3|ORG|2|HR|1|KEG|1|LOK|6|OH|750000|4500000|0|0|0|0||0|0|0|0||| |0|0|| |-  -|0|318134|318134|318134|318134|318134|318134|318134|318134|318134|318134|318134|1000526|0||0|||1|0|00
2026|01|527010|015|08|CD|6212|FAL|01|51|1|002|100|OH|524111|019|A|0|0| |0|01|||3|Tiket|3|ORG|1|KEG|1|LOK|0||3|OH|2500000|7500000|0|0|0|0||0|0|0|0||| |0|0|| |-  -|0|530224|530224|530224|530224|530224|530224|530224|530224|530224|530224|530224|1667536|0||0|||1|0|00
2026|01|527010|015|08|CD|6212|FAL|01|51|1|002|100|OH|524111|019|A|0|0| |0|01|||4|Uang Harian|3|ORG|3|HR|1|KEG|1|LOK|9|OH|294445|2650000|0|0|0|0||0|0|0|0||| |0|0|| |-  -|0|187346|187346|187346|187346|187346|187346|187346|187346|187346|187346|187346|589194|0||0|||1|0|00
2026|01|527010|015|08|CD|6212|FAL|01|51|1|002|100|OJ|521211|019|A|0|0| |0|01||1|1|FGD  Pengembangan RCE dan TDR|0||0||0||0||0||0|0|0|0|0|0||0|0|0|0||| |0|0|| |-  -|0|0|0|0|0|0|0|0|0|0|0|0|0|0||0|||1|0|00
2026|01|527010|015|08|CD|6212|FAL|01|51|1|002|100|OJ|521211|019|A|0|0| |0|01|||2|KDM  Snack Rapat|20|ORG|1|KEG|1|FR|0||20|OK|13850|277000|0|0|0|0||0|0|0|0||| |0|0|| |-  -|0|19583|19583|19583|19583|19583|19583|19583|19583|19583|19583|19583|61587|0||0|||1|0|00
2026|01|527010|015|08|CD|6212|FAL|01|51|1|002|100|OJ|521211|019|A|0|0| |0|01|||3|KDM  Makan Rapat|20|ORG|1|KEG|1|FR|0||20|OK|33400|668000|0|0|0|0||0|0|0|0||| |0|0|| |-  -|0|47225|47225|47225|47225|47225|47225|47225|47225|47225|47225|47225|148525|0||0|||1|0|00
2026|01|527010|015|08|CD|6212|FAL|01|51|1|002|100|OJ|524111|019|A|0|0| |0||||1| Akomodasi|1|ORG|2|HR|1|KEG|1|LOK|2|OH|663000|1326000|0|0|0|0||0|0|0|0||| |0|0|| |-  -|0|93744|93744|93744|93744|93744|93744|93744|93744|93744|93744|93744|294816|0||0|||1|0|00
2026|01|527010|015|08|CD|6212|FAL|01|51|1|002|100|OJ|524111|019|A|0|0| |0||||2|Tiket|1|ORG|1|KEG|1|LOK|0||1|OH|2500000|2500000|0|0|0|0||0|0|0|0||| |0|0|| |-  -|0|176741|176741|176741|176741|176741|176741|176741|176741|176741|176741|176741|555849|0||0|||1|0|00
2026|01|527010|015|08|CD|6212|FAL|01|51|1|002|100|OJ|524111|019|A|0|0| |0||||3|Uang Harian|1|ORG|3|HR|1|KEG|1|LOK|3|OH|300000|900000|0|0|0|0||0|0|0|0||| |0|0|| |-  -|0|63627|63627|63627|63627|63627|63627|63627|63627|63627|63627|63627|200103|0||0|||1|0|00
2026|01|527010|015|08|CD|6212|FAL|01|51|1|002|100|OJ|524113|019|A|0|0| |0||||1|Transport Dalam Kota|3|ORG|1|KEG|2|HR|1|FR|6|OK|126334|758000|0|0|0|0||0|0|0|0||| |0|0|| |-  -|0|53588|53588|53588|53588|53588|53588|53588|53588|53588|53588|53588|168532|0||0|||1|0|00
2026|01|527010|015|08|CD|6212|FAL|01|51|1|002|100|OJ|524113|019|A|0|0| |0||||2|Uang Harian Dalam Kota Lebih Dari 8 Jam|3|ORG|1|KEG|2|HR|1|FR|6|OH|120000|720000|0|0|0|0||0|0|0|0||| |0|0|| |-  -|0|50901|50901|50901|50901|50901|50901|50901|50901|50901|50901|50901|160089|0||0|||1|0|00
2026|01|527010|015|08|CD|6212|FAN|01|51|1|ZZ1|ZZ1|CA|524111|019|A|0|0| |0||||1|Pemenuhan Prioritas Direktif Presiden|0||0||0||0||1|PKT|66916090000|66916090000|0|0|0|0||0|0|0|0||| |0|0|| |-  -|0|0|0|0|0|0|0|0|0|0|0|0|66916090000|0||0|||1|0|42
2026|01|527010|015|08|CD|6212|UAL|01|51|1|208|100|OE|521211|019|A|0|0| |0|01||1|1|FGD|0||0||0||0||0||0|0|0|0|0|0||0|0|0|0||| |0|0|| |-  -|0|0|0|0|0|0|0|0|0|0|0|0|0|0||0|||1|0|00
2026|01|527010|015|08|CD|6212|UAL|01|51|1|208|100|OE|521211|019|A|0|0| |0|01|||2|CTK  Banner Kegiatan|1|BUAH|1|KEG|0||0||1|BUAH|630000|630000|0|0|0|0||0|0|0|0||| |0|0|| |-  -|0|52000|52000|52000|52000|52000|52000|52000|52000|52000|52000|52000|58000|0||0|||1|0|00
2026|01|527010|015|08|CD|6212|UAL|01|51|1|208|100|OE|521211|019|A|0|0| |0|01|||3|KDM  Snack Rapat|20|ORG|2|KEG|1|FR|0||40|OK|13850|554000|0|0|0|0||0|0|0|0||| |0|0|| |-  -|0|46000|46000|46000|46000|46000|46000|46000|46000|46000|46000|46000|48000|0||0|||1|0|00
2026|01|527010|015|08|CD|6212|UAL|01|51|1|208|100|OE|521211|019|A|0|0| |0|01|||4|KDM  Makan Rapat|20|ORG|2|KEG|1|FR|0||40|OK|33400|1336000|0|0|0|0||0|0|0|0||| |0|0|| |-  -|0|111000|111000|111000|111000|111000|111000|111000|111000|111000|111000|111000|115000|0||0|||1|0|00
2026|01|527010|015|08|CD|6212|UAL|01|51|1|208|100|OE|524111|019|A|0|0| |0||||1| Akomodasi|3|ORG|2|HR|1|KEG|4|LOK|24|OH|387459|9299000|0|0|0|0||0|0|0|0||| |0|0|| |-  -|0|774000|774000|774000|774000|774000|774000|774000|774000|774000|774000|774000|785000|0||0|||1|0|00
2026|01|527010|015|08|CD|6212|UAL|01|51|1|208|100|OE|524111|019|A|0|0| |0||||2|Tiket|3|ORG|1|KEG|4|LOK|0||12|OH|2324667|27896000|0|0|0|0||0|0|0|0||| |0|0|| |-  -|0|2324000|2324000|2324000|2324000|2324000|2324000|2324000|2324000|2324000|2324000|2324000|2332000|0||0|||1|0|00
2026|01|527010|015|08|CD|6212|UAL|01|51|1|208|100|OE|524111|019|A|0|0| |0||||3|Uang Harian|3|ORG|3|HR|1|KEG|4|LOK|36|OH|348695|12553000|0|0|0|0||0|0|0|0||| |0|0|| |-  -|0|1046000|1046000|1046000|1046000|1046000|1046000|1046000|1046000|1046000|1046000|1046000|1047000|0||0|||1|0|00
2026|01|527010|015|08|CD|6212|UAL|01|51|1|208|100|OE|524113|019|A|0|0| |0||||1|Transport Dalam Kota|2|ORG|2|KEG|2|HR|1|FR|8|OK|116250|930000|0|0|0|0||0|0|0|0||| |0|0|| |-  -|0|77000|77000|77000|77000|77000|77000|77000|77000|77000|77000|77000|83000|0||0|||1|0|00
2026|01|527010|015|08|CD|6212|UAL|01|51|1|208|100|OE|524113|019|A|0|0| |0||||2|Uang Harian Dalam Kota Lebih Dari 8 Jam|3|ORG|2|KEG|2|HR|1|FR|12|OH|130167|1562000|0|0|0|0||0|0|0|0||| |0|0|| |-  -|0|130000|130000|130000|130000|130000|130000|130000|130000|130000|130000|130000|132000|0||0|||1|0|00
2026|01|527010|015|08|CD|6213|FAE|01|51|1|001|100|MA|521211|019|A|0|0| |0|01||1|1|Penyusunan Kajian Terkait Regional Chief Economist dan Financial Advisor|0||0||0||0||0||0|0|0|0|0|0||0|0|0|0||| |0|0|| |-  -|0|0|0|0|0|0|0|0|0|0|0|0|0|0||0|||1|0|00
2026|01|527010|015|08|CD|6213|FAE|01|51|1|001|100|MA|521211|019|A|0|0| |0|01|01|2|2|Konsumsi|0||0||0||0||0||0|0|0|0|0|0||0|0|0|0||| |0|0|| |-  -|0|0|0|0|0|0|0|0|0|0|0|0|0|0||0|||1|0|00
2026|01|527010|015|08|CD|6213|FAE|01|51|1|001|100|MA|521211|019|A|0|0| |0|01|01||3|KDM  Makan Rapat|20|orang|5|Hari|13|Frek|0||1300|OHF|33390|43407000|0|0|0|0||0|0|0|0||| |0|0|| |-  -|0|3617000|3617000|3617000|3617000|3617000|3617000|3617000|3617000|3617000|3617000|3617000|3620000|0||0|||1|0|00
2026|01|527010|015|08|CD|6213|FAE|01|51|1|001|100|MA|521211|019|A|0|0| |0|01|01||4|KDM  Snack Rapat|20|Orang|5|Hari|13|Frek|0||1300|OHF|15120|19656000|0|0|0|0||0|0|0|0||| |0|0|| |-  -|0|1638000|1638000|1638000|1638000|1638000|1638000|1638000|1638000|1638000|1638000|1638000|1638000|0||0|||1|0|00
2026|01|527010|015|08|CD|6213|FAE|01|51|1|001|100|MA|524111|019|A|0|0| |0|01||1|1|Monev Regional Chief Economistt dan Financial Advisor|0||0||0||0||0||0|0|0|0|0|0||0|0|0|0||| |0|0|| |-  -|0|0|0|0|0|0|0|0|0|0|0|0|0|0||0|||1|0|00
2026|01|527010|015|08|CD|6213|FAE|01|51|1|001|100|MA|524111|019|A|0|0| |0|01|||2|Penginapan|3|Orang|2|Hari|6|Frek|0||36|OHF|503695|18133000|0|0|0|0||0|0|0|0||| |0|0|| |-  -|0|1511000|1511000|1511000|1511000|1511000|1511000|1511000|1511000|1511000|1511000|1511000|1512000|0||0|||1|0|00
2026|01|527010|015|08|CD|6213|FAE|01|51|1|001|100|MA|524111|019|A|0|0| |0|01|||3|Transport|3|Orang|1|PP|6|Frek|0||18|OHP|2712167|48819000|0|0|0|0||0|0|0|0||| |0|0|| |-  -|0|4068000|4068000|4068000|4068000|4068000|4068000|4068000|4068000|4068000|4068000|4068000|4071000|0||0|||1|0|00
2026|01|527010|015|08|CD|6213|FAE|01|51|1|001|100|MA|524111|019|A|0|0| |0|01|||4|Uang Harian|3|Orang|3|Hari|6|Frek|0||54|OHF|247963|13390000|0|0|0|0||0|0|0|0||| |0|0|| |-  -|0|1115000|1115000|1115000|1115000|1115000|1115000|1115000|1115000|1115000|1115000|1115000|1125000|0||0|||1|0|00
2026|01|527010|015|08|CD|6213|FAE|01|51|1|001|100|OB|521211|019|A|0|0| |0||||1|KDM  Snack Rapat|20|ORG|1|KEG|0|0|0||20|OK|12600|252000|0|0|0|0||0|0|0|0||| |0|0|| |-  -|0|21000|21000|21000|21000|21000|21000|21000|21000|21000|21000|21000|21000|0||0|||1|0|00
2026|01|527010|015|08|CD|6213|FAE|01|51|1|001|100|OB|521211|019|A|0|0| |0||||2|KDM  Makan Rapat|20|ORG|1|FREK|1|KEG|0|0|20|OK|34650|693000|0|0|0|0||0|0|0|0||| |0|0|| |-  -|0|57000|57000|57000|57000|57000|57000|57000|57000|57000|57000|57000|66000|0||0|||1|0|00
2026|01|527010|015|08|CD|6213|FAE|01|51|1|001|100|OB|524114|019|A|0|0| |0||||1|Transport Dalam Kota|20|ORG|1|FR|1|KEG|1|LOK|20|OH|116250|2325000|0|0|0|0||0|0|0|0||| |0|0|| |-  -|0|193000|193000|193000|193000|193000|193000|193000|193000|193000|193000|193000|202000|0||0|||1|0|00
2026|01|527010|015|08|CD|6213|FAE|01|51|1|001|100|OB|524114|019|A|0|0| |0||||2|Paket Fullboard Es.III ke bawah|20|ORG|2|HR|1|Paket|0||40|OP|813650|32546000|0|0|0|0||0|0|0|0||| |0|0|| |-  -|0|2712000|2712000|2712000|2712000|2712000|2712000|2712000|2712000|2712000|2712000|2712000|2714000|0||0|||1|0|00
2026|01|527010|015|08|CD|6213|FAE|01|51|1|001|100|OB|524114|019|A|0|0| |0||||3|Uang Saku|20|ORG|3|HR|1|KEG|1|LOK|60|OH|100734|6044000|0|0|0|0||0|0|0|0||| |0|0|| |-  -|0|503000|503000|503000|503000|503000|503000|503000|503000|503000|503000|503000|511000|0||0|||1|0|00
2026|01|527010|015|08|CD|6213|FAE|01|51|1|001|100|OD|521211|019|A|0|0| |0||||1|KDM  Snack Rapat|20|ORG|4|KEG|0|0|0||80|OK|13863|1109000|0|0|0|0||0|0|0|0||| |0|0|| |-  -|0|92000|92000|92000|92000|92000|92000|92000|92000|92000|92000|92000|97000|0||0|||1|0|00
2026|01|527010|015|08|CD|6213|FAE|01|51|1|001|100|OD|521211|019|A|0|0| |0||||2|KDM  Makan Rapat|20|ORG|1|FREK|4|KEG|0|0|80|OK|33388|2671000|0|0|0|0||0|0|0|0||| |0|0|| |-  -|0|222000|222000|222000|222000|222000|222000|222000|222000|222000|222000|222000|229000|0||0|||1|0|00
2026|01|527010|015|08|CD|6213|FAE|01|51|1|001|100|OD|524111|019|A|0|0| |0||||1| Akomodasi|2|ORG|2|HR|2|KEG|1|LOK|8|OH|426250|3410000|0|0|0|0||0|0|0|0||| |0|0|| |-  -|0|284000|284000|284000|284000|284000|284000|284000|284000|284000|284000|284000|286000|0||0|||1|0|00
2026|01|527010|015|08|CD|6213|FAE|01|51|1|001|100|OD|524111|019|A|0|0| |0||||2|Tiket|2|ORG|2|KEG|2|LOK|0||8|OH|2712125|21697000|0|0|0|0||0|0|0|0||| |0|0|| |-  -|0|1808000|1808000|1808000|1808000|1808000|1808000|1808000|1808000|1808000|1808000|1808000|1809000|0||0|||1|0|00
2026|01|527010|015|08|CD|6213|FAE|01|51|1|001|100|OD|524111|019|A|0|0| |0||||3|Uang Harian|2|ORG|3|HR|2|KEG|1|LOK|12|OH|464917|5579000|0|0|0|0||0|0|0|0||| |0|0|| |-  -|0|464000|464000|464000|464000|464000|464000|464000|464000|464000|464000|464000|475000|0||0|||1|0|00
2026|01|527010|015|08|CD|6213|FAE|01|51|1|001|100|OD|524113|019|A|0|0| |0||||1|Transport Dalam Kota|6|ORG|2|KEG|2|HR|1|FR|24|OK|116250|2790000|0|0|0|0||0|0|0|0||| |0|0|| |-  -|0|232000|232000|232000|232000|232000|232000|232000|232000|232000|232000|232000|238000|0||0|||1|0|00
2026|01|527010|015|08|CD|6213|FAE|01|51|1|001|100|OD|524113|019|A|0|0| |0||||2|Uang Harian Dalam Kota Lebih Dari 8 Jam|6|ORG|2|KEG|2|HR|1|FR|24|OH|130167|3124000|0|0|0|0||0|0|0|0||| |0|0|| |-  -|0|260000|260000|260000|260000|260000|260000|260000|260000|260000|260000|260000|264000|0||0|||1|0|00
2026|01|527010|015|08|CD|6213|FAE|01|51|1|002|100|SA|524111|019|A|0|0| |0||||1|Akomodasi|4|ORG|2|hr|1|fr|1|lok|8|OH|900000|7200000|0|0|0|0||0|0|0|0||| |0|0|| |-  -|0|702222|702222|702222|702222|702222|702222|702222|702222|702222|702222|177780|0|0||0|||1|0|00
2026|01|527010|015|08|CD|6213|FAE|01|51|1|002|100|SA|524111|019|A|0|0| |0||||2|Transportasi|4|org|1|fr|1|lok|0||4|OK|3250750|13003000|0|0|0|0||0|0|0|0||| |0|0|| |-  -|0|1268193|1268193|1268193|1268193|1268193|1268193|1268193|1268193|1268193|1268193|321070|0|0||0|||1|0|00
2026|01|527010|015|08|CD|6213|FAE|01|51|1|002|100|SA|524111|019|A|0|0| |0||||3|Uang Harian|4|org|3|hr|1|fr|1|lok|12|OH|344000|4128000|0|0|0|0||0|0|0|0||| |0|0|| |-  -|0|402607|402607|402607|402607|402607|402607|402607|402607|402607|402607|101930|0|0||0|||1|0|00
2026|01|527010|015|08|CD|6213|FAE|01|51|1|002|100|SB|521211|019|A|0|0| |0||||1|KDM  Snack Rapat|25|org|8|fr|0||0||200|OF|12600|2520000|0|0|0|0||0|0|0|0||| |0|0|| |-  -|0|245778|245778|245778|245778|245778|245778|245778|245778|245778|245778|62220|0|0||0|||1|0|00
2026|01|527010|015|08|CD|6213|FAE|01|51|1|002|100|SB|521211|019|A|0|0| |0||||2|KDM  Makan Rapat|25|ORG|8|fr|0||0||200|OF|29340|5868000|0|0|0|0||0|0|0|0||| |0|0|| |-  -|0|572311|572311|572311|572311|572311|572311|572311|572311|572311|572311|144890|0|0||0|||1|0|00
2026|01|527010|015|08|CD|6213|FAE|01|51|1|002|100|SB|524111|019|A|0|0| |0||||1|Akomodasi|3|org|2|hr|1|fr|5|lok|30|OHFL|387434|11623000|0|0|0|0||0|0|0|0||| |0|0|| |-  -|0|1133601|1133601|1133601|1133601|1133601|1133601|1133601|1133601|1133601|1133601|286990|0|0||0|||1|0|00
2026|01|527010|015|08|CD|6213|FAE|01|51|1|002|100|SB|524111|019|A|0|0| |0||||2|Transportasi|3|org|1|fr|5|lok|0||15|OK|3099600|46494000|0|0|0|0||0|0|0|0||| |0|0|| |-  -|0|4534598|4534598|4534598|4534598|4534598|4534598|4534598|4534598|4534598|4534598|1148020|0|0||0|||1|0|00
2026|01|527010|015|08|CD|6213|FAE|01|51|1|002|100|SB|524111|019|A|0|0| |0||||3|Uang Harian|3|org|3|hr|1|fr|5|lok|45|OHFL|309956|13948000|0|0|0|0||0|0|0|0||| |0|0|| |-  -|0|1360360|1360360|1360360|1360360|1360360|1360360|1360360|1360360|1360360|1360360|344400|0|0||0|||1|0|00
2026|01|527010|015|08|CD|6213|FAE|01|51|1|002|100|SB|524113|019|A|0|0| |0||||1|Transportasi|1|org|10|fr|0||0||10|OK|116200|1162000|0|0|0|0||0|0|0|0||| |0|0|| |-  -|0|113330|113330|113330|113330|113330|113330|113330|113330|113330|113330|28700|0|0||0|||1|0|00
2026|01|527010|015|08|CD|6213|FAE|01|51|1|009|100|HA|524111|019|A|0|0| |0|01||1|1|Monitoring dan evaluasi pelaksanaan kredit program dan subsidi bunga|0||0||0||0||0||0|0|0|0|0|0||0|0|0|0||| |0|0|| |-  -|0|0|0|0|0|0|0|0|0|0|0|0|0|0||0|||1|0|00
2026|01|527010|015|08|CD|6213|FAE|01|51|1|009|100|HA|524111|019|A|0|0| |0|01|||2|Tiket PP|4|ORG|2|LOK|2|FREK|0||16|OK|2092250|33476000|0|0|0|0||0|0|0|0||| |0|0|| |-  -|0|3700218|3700218|3700218|3700218|3700218|3700218|3700218|3700218|3700218|174038|0|0|0||0|||1|0|00
2026|01|527010|015|08|CD|6213|FAE|01|51|1|009|100|HA|524111|019|A|0|0| |0|01|||3|Uang Harian|4|ORG|2|LOK|2|FREK|3|HARI|48|OH|302209|14506000|0|0|0|0||0|0|0|0||| |0|0|| |-  -|0|1603398|1603398|1603398|1603398|1603398|1603398|1603398|1603398|1603398|75418|0|0|0||0|||1|0|00
2026|01|527010|015|08|CD|6213|FAE|01|51|1|009|100|HA|524111|019|A|0|0| |0|01|||4|Biaya Penginapan|4|ORG|2|LOK|2|FREK|2|HARI|32|OH|697407|22317000|0|0|0|0||0|0|0|0||| |0|0|| |-  -|0|2466775|2466775|2466775|2466775|2466775|2466775|2466775|2466775|2466775|116025|0|0|0||0|||1|0|00
2026|01|527010|015|08|CD|6213|FAE|01|51|1|009|100|HA|524111|019|A|0|0| |0|02||1|5|Monitoring Penerusan Pinjaman Kepada BUMNPTBHL|0||0||0||0||0||0|0|0|0|0|0||0|0|0|0||| |0|0|| |-  -|0|0|0|0|0|0|0|0|0|0|0|0|0|0||0|||1|0|00
2026|01|527010|015|08|CD|6213|FAE|01|51|1|009|100|HA|524111|019|A|0|0| |0|02|||6|Tiket PP|4|ORG|2|LOK|2|FREK|0||16|OK|1549813|24797000|0|0|0|0||0|0|0|0||| |0|0|| |-  -|0|2740898|2740898|2740898|2740898|2740898|2740898|2740898|2740898|2740898|128918|0|0|0||0|||1|0|00
2026|01|527010|015|08|CD|6213|FAE|01|51|1|009|100|HA|524111|019|A|0|0| |0|02|||7|Uang Harian|4|ORG|2|LOK|2|FREK|3|HARI|48|OH|232480|11159000|0|0|0|0||0|0|0|0||| |0|0|| |-  -|0|1233443|1233443|1233443|1233443|1233443|1233443|1233443|1233443|1233443|58013|0|0|0||0|||1|0|00
2026|01|527010|015|08|CD|6213|FAE|01|51|1|009|100|HA|524111|019|A|0|0| |0|02|||8|Biaya Penginapan|4|ORG|2|LOK|2|FREK|2|HARI|32|OH|441688|14134000|0|0|0|0||0|0|0|0||| |0|0|| |-  -|0|1562280|1562280|1562280|1562280|1562280|1562280|1562280|1562280|1562280|73480|0|0|0||0|||1|0|00
2026|01|527010|015|08|CD|6213|FAE|01|51|1|009|100|HA|524113|019|A|0|0| |0|01||1|1|Monitoring dan evaluasi pelaksanaan kredit program dan subsidi bunga|0||0||0||0||0||0|0|0|0|0|0||0|0|0|0||| |0|0|| |-  -|0|0|0|0|0|0|0|0|0|0|0|0|0|0||0|||1|0|00
2026|01|527010|015|08|CD|6213|FAE|01|51|1|009|100|HA|524113|019|A|0|0| |0|01|||2|Transport Lokal|4|ORG|1|HARI|5|FREK|0||20|OK|131750|2635000|0|0|0|0||0|0|0|0||| |0|0|| |-  -|0|291256|291256|291256|291256|291256|291256|291256|291256|291256|13696|0|0|0||0|||1|0|00
2026|01|527010|015|08|CD|6213|FAE|01|51|1|009|100|HB|524111|019|A|0|0| |0|01||1|1|Monev penyelesaian piutang negara pada PemdaBUMD dan Monev Early Warning System pada BUMD|0||0||0||0||0||0|0|0|0|0|0||0|0|0|0||| |0|0|| |-  -|0|0|0|0|0|0|0|0|0|0|0|0|0|0||0|||1|0|00
2026|01|527010|015|08|CD|6213|FAE|01|51|1|009|100|HB|524111|019|A|0|0| |0|01|||2|Tiket PP|1|ORG|4|LOK|1|FREK|0||4|OK|600000|2400000|0|0|0|0||0|0|0|0||| |0|0|| |-  -|0|265280|265280|265280|265280|265280|265280|265280|265280|265280|12480|0|0|0||0|||1|0|00
2026|01|527010|015|08|CD|6213|FAE|01|51|1|009|100|HB|524111|019|A|0|0| |0|01|||3|Uang Harian|1|ORG|4|LOK|1|FREK|3|HARI|12|OH|232463|2789000|0|0|0|0||0|0|0|0||| |0|0|| |-  -|0|308278|308278|308278|308278|308278|308278|308278|308278|308278|14498|0|0|0||0|||1|0|00
2026|01|527010|015|08|CD|6213|FAE|01|51|1|009|100|HB|524111|019|A|0|0| |0|01|||4|Biaya Penginapan|1|ORG|4|LOK|1|FREK|2|HARI|8|OH|427000|3416000|0|0|0|0||0|0|0|0||| |0|0|| |-  -|0|377582|377582|377582|377582|377582|377582|377582|377582|377582|17762|0|0|0||0|||1|0|00
2026|01|527010|015|08|CD|6213|FAE|01|51|1|009|100|HB|524111|019|A|0|0| |0|02||1|5|Monitoring dan Penyelesaian Permasalahan Hukum|0||0||0||0||0||0|0|0|0|0|0||0|0|0|0||| |0|0|| |-  -|0|0|0|0|0|0|0|0|0|0|0|0|0|0||0|||1|0|00
2026|01|527010|015|08|CD|6213|FAE|01|51|1|009|100|HB|524111|019|A|0|0| |0|02|||6|Tiket PP|2|ORG|1|LOK|5|FREK|0||10|OK|1651200|16512000|0|0|0|0||0|0|0|0||| |0|0|| |-  -|0|1825129|1825129|1825129|1825129|1825129|1825129|1825129|1825129|1825129|85839|0|0|0||0|||1|0|00
2026|01|527010|015|08|CD|6213|FAE|01|51|1|009|100|HB|524111|019|A|0|0| |0|02|||7|Uang Harian|2|ORG|1|LOK|5|FREK|3|HARI|30|OH|278767|8363000|0|0|0|0||0|0|0|0||| |0|0|| |-  -|0|924391|924391|924391|924391|924391|924391|924391|924391|924391|43481|0|0|0||0|||1|0|00
2026|01|527010|015|08|CD|6213|FAE|01|51|1|009|100|HB|524111|019|A|0|0| |0|02|||8|Biaya Penginapan|2|ORG|1|LOK|5|FREK|2|HARI|20|OH|464950|9299000|0|0|0|0||0|0|0|0||| |0|0|| |-  -|0|1027851|1027851|1027851|1027851|1027851|1027851|1027851|1027851|1027851|48341|0|0|0||0|||1|0|00
2026|01|527010|015|08|CD|6213|FAE|01|51|1|009|100|HB|524113|019|A|0|0| |0|01||1|1|Monev Penyelesaian Piutang Negara pada Pemda dan Monev Penyaluran Investasi|0||0||0||0||0||0|0|0|0|0|0||0|0|0|0||| |0|0|| |-  -|0|0|0|0|0|0|0|0|0|0|0|0|0|0||0|||1|0|00
2026|01|527010|015|08|CD|6213|FAE|01|51|1|009|100|HB|524113|019|A|0|0| |0|01|||2|Transport Lokal|5|ORG|3|LOK|1|FREK|0||15|OK|131734|1976000|0|0|0|0||0|0|0|0||| |0|0|| |-  -|0|218414|218414|218414|218414|218414|218414|218414|218414|218414|10274|0|0|0||0|||1|0|00
2026|01|527010|015|08|CD|6213|FAE|01|51|1|009|100|HB|524113|019|A|0|0| |0|01|||3|Uang Harian|5|ORG|3|LOK|1|FREK|1|HARI|15|OH|130200|1953000|0|0|0|0||0|0|0|0||| |0|0|| |-  -|0|215872|215872|215872|215872|215872|215872|215872|215872|215872|10152|0|0|0||0|||1|0|00
2026|01|527010|015|08|CD|6213|FAE|01|51|1|009|100|HB|524113|019|A|0|0| |0|02||1|4|Monitoring dan Penyelesaian Permasalahan Hukum|0||0||0||0||0||0|0|0|0|0|0||0|0|0|0||| |0|0|| |-  -|0|0|0|0|0|0|0|0|0|0|0|0|0|0||0|||1|0|00
2026|01|527010|015|08|CD|6213|FAE|01|51|1|009|100|HB|524113|019|A|0|0| |0|02|||5|Transport Lokal|3|ORG|7|LOK|1|FREK|0||21|OK|131715|2766000|0|0|0|0||0|0|0|0||| |0|0|| |-  -|0|305736|305736|305736|305736|305736|305736|305736|305736|305736|14376|0|0|0||0|||1|0|00
2026|01|527010|015|08|CD|6213|FAE|01|51|1|009|100|HB|524113|019|A|0|0| |0|02|||6|Uang Harian|3|ORG|7|LOK|1|FREK|0||21|OH|130191|2734000|0|0|0|0||0|0|0|0||| |0|0|| |-  -|0|302198|302198|302198|302198|302198|302198|302198|302198|302198|14218|0|0|0||0|||1|0|00
2026|01|527010|015|08|CD|6213|FAE|01|51|1|004|100|OA|521211|019|A|0|0| |0||||1|KDM  Snack Rapat|20|ORG|4|KEG|1|FR|0||80|OK|13863|1109000|0|0|0|0||0|0|0|0||| |0|0|| |-  -|0|72383|72383|72383|72383|72383|72383|72383|72383|72383|72383|72383|312787|0||0|||1|0|00
2026|01|527010|015|08|CD|6213|FAE|01|51|1|004|100|OA|521211|019|A|0|0| |0||||2|KDM  Makan Rapat|20|ORG|4|KEG|1|FR|0||80|OK|33388|2671000|0|0|0|0||0|0|0|0||| |0|0|| |-  -|0|174332|174332|174332|174332|174332|174332|174332|174332|174332|174332|174332|753348|0||0|||1|0|00
2026|01|527010|015|08|CD|6213|FAE|01|51|1|004|100|OB|521211|019|A|0|0| |0|01||1|1|FGD|0||0||0||0||0||0|0|0|0|0|0||0|0|0|0||| |0|0|| |-  -|0|0|0|0|0|0|0|0|0|0|0|0|0|0||0|||1|0|00
2026|01|527010|015|08|CD|6213|FAE|01|51|1|004|100|OB|521211|019|A|0|0| |0|01|||2|CTK  Banner Kegiatan|1|BUAH|1|KEG|0||0||1|BUAH|801000|801000|0|0|0|0||0|0|0|0||| |0|0|| |-  -|0|52280|52280|52280|52280|52280|52280|52280|52280|52280|52280|52280|225920|0||0|||1|0|00
2026|01|527010|015|08|CD|6213|FAE|01|51|1|004|100|OB|521211|019|A|0|0| |0|01|||3|KDM  Snack Rapat|20|ORG|1|KEG|1|FR|0||20|OK|13850|277000|0|0|0|0||0|0|0|0||| |0|0|| |-  -|0|18079|18079|18079|18079|18079|18079|18079|18079|18079|18079|18079|78131|0||0|||1|0|00
2026|01|527010|015|08|CD|6213|FAE|01|51|1|004|100|OB|521211|019|A|0|0| |0|01|||4|KDM  Makan Rapat|20|ORG|1|KEG|1|FR|0||20|OK|33400|668000|0|0|0|0||0|0|0|0||| |0|0|| |-  -|0|43599|43599|43599|43599|43599|43599|43599|43599|43599|43599|43599|188411|0||0|||1|0|00
2026|01|527010|015|08|CD|6213|FAE|01|51|1|004|100|OB|524111|019|A|0|0| |0||||1| Akomodasi|3|ORG|3|HR|1|KEG|1|LOK|9|OH|575000|5175000|0|0|0|0||0|0|0|0||| |0|0|| |-  -|0|337764|337764|337764|337764|337764|337764|337764|337764|337764|337764|337764|1459596|0||0|||1|0|00
2026|01|527010|015|08|CD|6213|FAE|01|51|1|004|100|OB|524111|019|A|0|0| |0||||2|Transport|3|ORG|1|KEG|1|LOK|0||3|OH|618667|1856000|0|0|0|0||0|0|0|0||| |0|0|| |-  -|0|121138|121138|121138|121138|121138|121138|121138|121138|121138|121138|121138|523482|0||0|||1|0|00
2026|01|527010|015|08|CD|6213|FAE|01|51|1|004|100|OB|524111|019|A|0|0| |0||||3|Uang Harian|3|ORG|4|HR|1|KEG|1|LOK|12|OH|344000|4128000|0|0|0|0||0|0|0|0||| |0|0|| |-  -|0|269428|269428|269428|269428|269428|269428|269428|269428|269428|269428|269428|1164292|0||0|||1|0|00
2026|01|527010|015|08|CD|6213|FAE|01|51|1|004|100|OB|524113|019|A|0|0| |0||||1|Transport Dalam Kota|6|ORG|2|KEG|2|HR|1|FR|24|OK|116250|2790000|0|0|0|0||0|0|0|0||| |0|0|| |-  -|0|182099|182099|182099|182099|182099|182099|182099|182099|182099|182099|182099|786911|0||0|||1|0|00
2026|01|527010|015|08|CD|6213|FAE|01|51|1|004|100|OB|524113|019|A|0|0| |0||||2|Uang Harian Dalam Kota Lebih Dari 8 Jam|6|ORG|2|KEG|2|HR|1|FR|24|OH|130167|3124000|0|0|0|0||0|0|0|0||| |0|0|| |-  -|0|203898|203898|203898|203898|203898|203898|203898|203898|203898|203898|203898|881122|0||0|||1|0|00
2026|01|527010|015|08|CD|6213|FAE|01|51|1|003|100|IA|524111|019|A|0|0| |0||||1|Uang Harian|3|ORG|3|HR|20|FR|0||180|OH|344000|61920000|0|0|0|0||0|0|0|0||| |0|0|| |-  -|0|4293600|4293600|4293600|4293600|4293600|4293600|4293600|4293600|4293600|4293600|4293600|14690400|0||0|||1|0|00
2026|01|527010|015|08|CD|6213|FAE|01|51|1|003|100|IA|524111|019|A|0|0| |0||||2|Biaya Penginapan|3|ORG|4|HR|20|FR|0||240|OH|575000|138000000|0|0|0|0||0|0|0|0||| |0|0|| |-  -|0|9569071|9569071|9569071|9569071|9569071|9569071|9569071|9569071|9569071|9569071|9569071|32740219|0||0|||1|0|00
2026|01|527010|015|08|CD|6213|FAE|01|51|1|003|100|IA|524111|019|A|0|0| |0||||3| Biaya Transport|3|ORG|20|FR|0||0||60|OK|929950|55797000|0|0|0|0||0|0|0|0||| |0|0|| |-  -|0|3869025|3869025|3869025|3869025|3869025|3869025|3869025|3869025|3869025|3869025|3869025|13237725|0||0|||1|0|00
2026|01|527010|015|08|CD|6213|FAE|01|51|1|003|100|IA|524113|019|A|0|0| |0|01||1|1|SATKER BLU DALAM KOTA|0||0||0||0||0||0|0|0|0|0|0||0|0|0|0||| |0|0|| |-  -|0|0|0|0|0|0|0|0|0|0|0|0|0|0||0|||1|0|00
2026|01|527010|015|08|CD|6213|FAE|01|51|1|003|100|IA|524113|019|A|0|0| |0|01|||2|Uang Harian|3|ORG|3|HR|8|FR|0||72|OH|130181|9373000|0|0|0|0||0|0|0|0||| |0|0|| |-  -|0|649934|649934|649934|649934|649934|649934|649934|649934|649934|649934|649934|2223726|0||0|||1|0|00
2026|01|527010|015|08|CD|6213|FAE|01|51|1|003|100|IA|524113|019|A|0|0| |0|01|||3|Uang Transport|3|ORG|8|FR|0||0||24|OK|131750|3162000|0|0|0|0||0|0|0|0||| |0|0|| |-  -|0|219257|219257|219257|219257|219257|219257|219257|219257|219257|219257|219257|750173|0||0|||1|0|00
2026|01|527010|015|08|CD|6213|FAE|01|51|1|003|100|IB|524111|019|A|0|0| |0||||1|Uang Harian|3|ORG|3|HR|2|FR|0||18|OH|232445|4184000|0|0|0|0||0|0|0|0||| |0|0|| |-  -|0|290123|290123|290123|290123|290123|290123|290123|290123|290123|290123|290123|992647|0||0|||1|0|00
2026|01|527010|015|08|CD|6213|FAE|01|51|1|003|100|IB|524111|019|A|0|0| |0||||2|Biaya Penginapan|3|ORG|2|HR|2|FR|0||12|OH|310000|3720000|0|0|0|0||0|0|0|0||| |0|0|| |-  -|0|257949|257949|257949|257949|257949|257949|257949|257949|257949|257949|257949|882561|0||0|||1|0|00
2026|01|527010|015|08|CD|6213|FAE|01|51|1|003|100|IB|524111|019|A|0|0| |0||||3|Biaya Transport|3|ORG|2|FR|0||0||6|OK|2324667|13948000|0|0|0|0||0|0|0|0||| |0|0|| |-  -|0|967170|967170|967170|967170|967170|967170|967170|967170|967170|967170|967170|3309130|0||0|||1|0|00
2026|01|527010|015|08|CD|6213|FAE|01|51|1|003|100|IC|521211|019|A|0|0| |0||||1|CTK  Bahan Pendukung|90|ORG|1|FR|0||0||90|OF|252000|22680000|0|0|0|0||0|0|0|0||| |0|0|| |-  -|0|1572656|1572656|1572656|1572656|1572656|1572656|1572656|1572656|1572656|1572656|1572656|5380784|0||0|||1|0|00
2026|01|527010|015|08|CD|6213|FAE|01|51|1|003|100|IC|522151|019|A|0|0| |0||||1|Honor Narasumber Pejabat Eselon II yang disetarakan|10|ORG|5|JAM|6|FR|0||300|OJ|880000|264000000|0|0|0|0||0|0|0|0||| |0|0|| |-  -|0|18306048|18306048|18306048|18306048|18306048|18306048|18306048|18306048|18306048|18306048|18306048|62633472|0||0|||1|0|00
2026|01|527010|015|08|CD|6213|FAE|01|51|1|003|100|IC|524111|019|A|0|0| |0||||1|Uang Harian|2|ORG|3|HR|2|FR|0||12|OH|232500|2790000|0|0|0|0||0|0|0|0||| |0|0|| |-  -|0|193462|193462|193462|193462|193462|193462|193462|193462|193462|193462|193462|661918|0||0|||1|0|00
2026|01|527010|015|08|CD|6213|FAE|01|51|1|003|100|IC|524111|019|A|0|0| |0||||2|Biaya Penginapan|2|ORG|2|HR|2|FR|0||8|OH|387500|3100000|0|0|0|0||0|0|0|0||| |0|0|| |-  -|0|214957|214957|214957|214957|214957|214957|214957|214957|214957|214957|214957|735473|0||0|||1|0|00
2026|01|527010|015|08|CD|6213|FAE|01|51|1|003|100|IC|524111|019|A|0|0| |0||||3| Biaya Transport|2|ORG|2|FR|0||0||4|OK|2054750|8219000|0|0|0|0||0|0|0|0||| |0|0|| |-  -|0|569914|569914|569914|569914|569914|569914|569914|569914|569914|569914|569914|1949946|0||0|||1|0|00
2026|01|527010|015|08|CD|6213|FAE|01|51|1|003|100|ID|524111|019|A|0|0| |0||||1|Uang Harian|3|ORG|4|HR|2|FR|0||24|OH|213084|5114000|0|0|0|0||0|0|0|0||| |0|0|| |-  -|0|354610|354610|354610|354610|354610|354610|354610|354610|354610|354610|354610|1213290|0||0|||1|0|00
2026|01|527010|015|08|CD|6213|FAE|01|51|1|003|100|ID|524111|019|A|0|0| |0||||2|Biaya Penginapan|3|ORG|3|HR|2|FR|0||18|OH|309945|5579000|0|0|0|0||0|0|0|0||| |0|0|| |-  -|0|386854|386854|386854|386854|386854|386854|386854|386854|386854|386854|386854|1323606|0||0|||1|0|00
2026|01|527010|015|08|CD|6213|FAE|01|51|1|003|100|ID|524111|019|A|0|0| |0||||3|Biaya Transport|3|ORG|2|FR|0||0||6|OK|1782334|10694000|0|0|0|0||0|0|0|0||| |0|0|| |-  -|0|741534|741534|741534|741534|741534|741534|741534|741534|741534|741534|741534|2537126|0||0|||1|0|00
2026|01|527010|015|08|CD|6213|FAE|01|51|1|003|100|ID|524113|019|A|0|0| |0||||1|Uang Harian|4|ORG|3|HR|2|FR|0||24|OH|130167|3124000|0|0|0|0||0|0|0|0||| |0|0|| |-  -|0|216622|216622|216622|216622|216622|216622|216622|216622|216622|216622|216622|741158|0||0|||1|0|00
2026|01|527010|015|08|CD|6213|FAE|01|51|1|003|100|ID|524113|019|A|0|0| |0||||2|Uang Transport|4|ORG|2|FR|0||0||8|OK|131750|1054000|0|0|0|0||0|0|0|0||| |0|0|| |-  -|0|73086|73086|73086|73086|73086|73086|73086|73086|73086|73086|73086|250054|0||0|||1|0|00
2026|01|527010|015|08|CD|6213|FAE|01|51|1|003|100|IE|524111|019|A|0|0| |0||||1|Uang Harian|2|ORG|3|HR|7|FR|0||42|OH|309953|13018000|0|0|0|0||0|0|0|0||| |0|0|| |-  -|0|902682|902682|902682|902682|902682|902682|902682|902682|902682|902682|902682|3088498|0||0|||1|0|00
2026|01|527010|015|08|CD|6213|FAE|01|51|1|003|100|IE|524111|019|A|0|0| |0||||2|Biaya Penginapan|2|ORG|2|HR|7|FR|0||28|OH|464929|13018000|0|0|0|0||0|0|0|0||| |0|0|| |-  -|0|902682|902682|902682|902682|902682|902682|902682|902682|902682|902682|902682|3088498|0||0|||1|0|00
2026|01|527010|015|08|CD|6213|FAE|01|51|1|003|100|IE|524111|019|A|0|0| |0||||3|Biaya Transport|2|ORG|7|FR|0||0||14|OK|2712143|37970000|0|0|0|0||0|0|0|0||| |0|0|| |-  -|0|2632881|2632881|2632881|2632881|2632881|2632881|2632881|2632881|2632881|2632881|2632881|9008309|0||0|||1|0|00
2026|01|527010|015|08|CD|6213|FAE|01|51|1|003|100|IF|524111|019|A|0|0| |0||||1|Uang Harian|3|ORG|3|HR|3|FR|0||27|OH|309963|8369000|0|0|0|0||0|0|0|0||| |0|0|| |-  -|0|580316|580316|580316|580316|580316|580316|580316|580316|580316|580316|580316|1985524|0||0|||1|0|00
2026|01|527010|015|08|CD|6213|FAE|01|51|1|003|100|IF|524111|019|A|0|0| |0||||2|Biaya Penginapan|3|ORG|2|HR|3|FR|0||18|OH|464945|8369000|0|0|0|0||0|0|0|0||| |0|0|| |-  -|0|580316|580316|580316|580316|580316|580316|580316|580316|580316|580316|580316|1985524|0||0|||1|0|00
2026|01|527010|015|08|CD|6213|FAE|01|51|1|003|100|IF|524111|019|A|0|0| |0||||3|Biaya Transport|3|ORG|3|FR|0||0||9|OK|2324667|20922000|0|0|0|0||0|0|0|0||| |0|0|| |-  -|0|1450754|1450754|1450754|1450754|1450754|1450754|1450754|1450754|1450754|1450754|1450754|4963706|0||0|||1|0|00
2026|01|527010|015|08|CD|6213|FAE|01|51|1|003|100|MA|524113|019|A|0|0| |0|01||1|1|Penyusunan Kajian dan Pelaksanaan Tupoksi|0||0||0||0||0||0|0|0|0|0|0||0|0|0|0||| |0|0|| |-  -|0|0|0|0|0|0|0|0|0|0|0|0|0|0||0|||1|0|00
2026|01|527010|015|08|CD|6213|FAE|01|51|1|003|100|MA|524113|019|A|0|0| |0|01|||2|Transport Lokal|2|Orang|1|Hari|5|Keg|0||10|OK|116200|1162000|0|0|0|0||0|0|0|0||| |0|0|| |-  -|0|80574|80574|80574|80574|80574|80574|80574|80574|80574|80574|80574|275686|0||0|||1|0|00
2026|01|527010|015|08|CD|6213|FAE|01|51|1|003|100|MA|524114|019|A|0|0| |0||||1|Transport Panitia dan Peserta Pusat|30|Orang|1|PP|2|Frek|0||60|OHF|116234|6974000|0|0|0|0||0|0|0|0||| |0|0|| |-  -|0|483585|483585|483585|483585|483585|483585|483585|483585|483585|483585|483585|1654565|0||0|||1|0|00
2026|01|527010|015|08|CD|6213|FAE|01|51|1|003|100|MA|524114|019|A|0|0| |0||||2|Uang Saku Harian Peserta dan Panitia Dalam Kota|30|Orang|2|Hari|1|Frek|0||60|OHF|116234|6974000|0|0|0|0||0|0|0|0||| |0|0|| |-  -|0|483585|483585|483585|483585|483585|483585|483585|483585|483585|483585|483585|1654565|0||0|||1|0|00
2026|01|527010|015|08|CD|6213|FAE|01|51|1|003|100|MA|524114|019|A|0|0| |0||||3|Akomodasi Peserta dan Panitia|30|Orang|1|Hari|1|Frek|0||30|OHF|697400|20922000|0|0|0|0||0|0|0|0||| |0|0|| |-  -|0|1450753|1450753|1450753|1450753|1450753|1450753|1450753|1450753|1450753|1450753|1450753|4963717|0||0|||1|0|00
2026|01|527010|015|08|CD|6213|FAH|01|51|1|001|100|JA|521211|019|A|0|0| |0|01||1|1|Monitoring Implementasi SAP pada Pemda|0||0||0||0||0||0|0|0|0|0|0||0|0|0|0||| |0|0|| |-  -|0|0|0|0|0|0|0|0|0|0|0|0|0|0||0|||1|0|00
2026|01|527010|015|08|CD|6213|FAH|01|51|1|001|100|JA|521211|019|A|0|0| |0|01|||2|KDM  Makan Rapat|5|ORG|1|FR|0||0||5|OF|57000|285000|0|0|0|0||0|0|0|0||| |0|0|| |-  -|0|29544|29544|29544|29544|29544|29544|29544|29544|29544|19104|0|0|0||0|||1|0|00
2026|01|527010|015|08|CD|6213|FAH|01|51|1|001|100|JA|521211|019|A|0|0| |0|01|||3|KDM  Snack Rapat|5|ORG|1|FR|0||0||5|OF|24000|120000|0|0|0|0||0|0|0|0||| |0|0|| |-  -|0|12439|12439|12439|12439|12439|12439|12439|12439|12439|8049|0|0|0||0|||1|0|00
2026|01|527010|015|08|CD|6213|FAH|01|51|1|001|100|JA|521211|019|A|0|0| |0|01|||4|CTK  ATK, Bahan Habis Pakai dan Dokumentasi|1|PKT|1|FR|0||0||1|PKT|199000|199000|0|0|0|0||0|0|0|0||| |0|0|| |-  -|0|20629|20629|20629|20629|20629|20629|20629|20629|20629|13339|0|0|0||0|||1|0|00
2026|01|527010|015|08|CD|6213|FAH|01|51|1|001|100|JA|524111|019|A|0|0| |0|01||1|1|Monitoring Implementasi SAP pada Pemda|0||0||0||0||0||0|0|0|0|0|0||0|0|0|0||| |0|0|| |-  -|0|0|0|0|0|0|0|0|0|0|0|0|0|0||0|||1|0|00
2026|01|527010|015|08|CD|6213|FAH|01|51|1|001|100|JA|524111|019|A|0|0| |0|01|||2|Transportasi|2|ORG|1|FR|0||0||2|OF|519000|1038000|0|0|0|0||0|0|0|0||| |0|0|| |-  -|0|107601|107601|107601|107601|107601|107601|107601|107601|107601|69591|0|0|0||0|||1|0|00
2026|01|527010|015|08|CD|6213|FAH|01|51|1|001|100|JA|524111|019|A|0|0| |0|01|||3|Akomodasi|2|ORG|1|HR|1|FR|0||2|OH|700000|1400000|0|0|0|0||0|0|0|0||| |0|0|| |-  -|0|145126|145126|145126|145126|145126|145126|145126|145126|145126|93866|0|0|0||0|||1|0|00
2026|01|527010|015|08|CD|6213|FAH|01|51|1|001|100|JA|524111|019|A|0|0| |0|01|||4|Uang Saku Harian|2|ORG|2|HR|1|FR|0||4|OH|300000|1200000|0|0|0|0||0|0|0|0||| |0|0|| |-  -|0|124394|124394|124394|124394|124394|124394|124394|124394|124394|80454|0|0|0||0|||1|0|00
2026|01|527010|015|08|CD|6213|FAH|01|51|1|001|100|JB|521211|019|A|0|0| |0||||1|CTK  Pencetakan Laporan Tindak Lanjut Temuan LHP BPK|25|EKS|1|FR|0||0||25|EKS|63000|1575000|0|0|0|0||0|0|0|0||| |0|0|| |-  -|0|163267|163267|163267|163267|163267|163267|163267|163267|163267|105597|0|0|0||0|||1|0|00
2026|01|527010|015|08|CD|6213|FAL|01|51|1|003|100|CA|521211|019|A|0|0| |0||||1|KDM  Makan Rapat|12|ORG|34|LOK|4|FR|0||1632|OF|32028|52269000|0|0|0|0||0|0|0|0||| |0|0|| |-  -|0|4355000|4355000|4355000|4355000|4355000|4355000|4355000|4355000|4355000|4355000|4355000|4364000|0||0|||1|0|00
2026|01|527010|015|08|CD|6213|FAL|01|51|1|003|100|CA|521211|019|A|0|0| |0||||2|KDM  Snack Rapat|12|ORG|34|LOK|4|FR|0||1632|OF|13652|22280000|0|0|0|0||0|0|0|0||| |0|0|| |-  -|0|1856000|1856000|1856000|1856000|1856000|1856000|1856000|1856000|1856000|1856000|1856000|1864000|0||0|||1|0|00
2026|01|527010|015|08|CD|6213|FAL|01|51|1|003|100|CA|522151|019|A|0|0| |0||||1|Honorarium Profesional|17|ORG|3|JAM|12|FR|0||612|OJ|1320664|808246000|0|0|0|0||0|0|0|0||| |0|0|| |-  -|0|67353000|67353000|67353000|67353000|67353000|67353000|67353000|67353000|67353000|67353000|67353000|67363000|0||0|||1|0|00
2026|01|527010|015|08|CD|6213|FAL|01|51|1|003|100|CA|524111|019|A|0|0| |0||||1|Transport|3|ORG|3|LOK|4|FR|0||36|OF|2303723|82934000|0|0|0|0||0|0|0|0||| |0|0|| |-  -|0|6911000|6911000|6911000|6911000|6911000|6911000|6911000|6911000|6911000|6911000|6911000|6913000|0||0|||1|0|00
2026|01|527010|015|08|CD|6213|FAL|01|51|1|003|100|CA|524111|019|A|0|0| |0||||2|Akomodasi|3|ORG|2|HR|3|LOK|4|FR|72|OH|524750|37782000|0|0|0|0||0|0|0|0||| |0|0|| |-  -|0|3148000|3148000|3148000|3148000|3148000|3148000|3148000|3148000|3148000|3148000|3148000|3154000|0||0|||1|0|00
2026|01|527010|015|08|CD|6213|FAL|01|51|1|003|100|CA|524111|019|A|0|0| |0||||3|Uang Saku Harian|3|ORG|3|HR|3|LOK|4|FR|108|OH|222658|24047000|0|0|0|0||0|0|0|0||| |0|0|| |-  -|0|2003000|2003000|2003000|2003000|2003000|2003000|2003000|2003000|2003000|2003000|2003000|2014000|0||0|||1|0|00
2026|01|527010|015|08|CD|6213|FAL|01|51|1|003|100|FA|521211|019|A|0|0| |0||||1|KDM  Makan Rapat|30|ORG|1|HARI|4|FREK|0||120|OK|35909|4309000|0|0|0|0||0|0|0|0||| |0|0|| |-  -|0|359000|359000|359000|359000|359000|359000|359000|359000|359000|359000|359000|360000|0||0|||1|0|00
2026|01|527010|015|08|CD|6213|FAL|01|51|1|003|100|FA|521211|019|A|0|0| |0||||2|KDM  Snack Rapat|30|ORG|1|HARI|4|FREK|0||120|OK|15117|1814000|0|0|0|0||0|0|0|0||| |0|0|| |-  -|0|151000|151000|151000|151000|151000|151000|151000|151000|151000|151000|151000|153000|0||0|||1|0|00
2026|01|527010|015|08|CD|6213|FAL|01|51|1|003|100|FA|521211|019|A|0|0| |0||||3|CTK  Pencetakan Laporan Spending Review|1|LAP|15|BUAH|0||0||15|BUAH|378000|5670000|0|0|0|0||0|0|0|0||| |0|0|| |-  -|0|472000|472000|472000|472000|472000|472000|472000|472000|472000|472000|472000|478000|0||0|||1|0|00
2026|01|527010|015|08|CD|6213|FAL|01|51|1|003|100|FB|521211|019|A|0|0| |0||||1|CTK  Pencetakan Laporan Khatuliswa KFR Gabungan|1|LAP|10|BUAH|0||0||10|BUAH|378000|3780000|0|0|0|0||0|0|0|0||| |0|0|| |-  -|0|315000|315000|315000|315000|315000|315000|315000|315000|315000|315000|315000|315000|0||0|||1|0|00
2026|01|527010|015|08|CD|6213|FAL|01|51|1|003|100|FB|521211|019|A|0|0| |0||||2|CTK  Pengadaan Plakat untuk KFR Terbaik|3|BUAH|1|KATEG|0||0||3|BUAH|504000|1512000|0|0|0|0||0|0|0|0||| |0|0|| |-  -|0|126000|126000|126000|126000|126000|126000|126000|126000|126000|126000|126000|126000|0||0|||1|0|00
2026|01|527010|015|08|CD|6213|FAL|01|51|1|003|100|FB|521211|019|A|0|0| |0||||3|KDM  Makan Rapat|30|ORG|1|HARI|2|FREK|0||60|OK|35917|2155000|0|0|0|0||0|0|0|0||| |0|0|| |-  -|0|179000|179000|179000|179000|179000|179000|179000|179000|179000|179000|179000|186000|0||0|||1|0|00
2026|01|527010|015|08|CD|6213|FAL|01|51|1|003|100|FB|521211|019|A|0|0| |0||||4|KDM  Snack Rapat|30|ORG|1|HARI|2|FREK|0||60|OK|15117|907000|0|0|0|0||0|0|0|0||| |0|0|| |-  -|0|75000|75000|75000|75000|75000|75000|75000|75000|75000|75000|75000|82000|0||0|||1|0|00
2026|01|527010|015|08|CD|6213|FAL|01|51|1|003|100|FB|521213|019|A|0|0| |0||||1|Honorarium Tim Penilai KFR|4|ORG|6|BLN|0||0||24|OB|409500|9828000|0|0|0|0||0|0|0|0||| |0|0|| |-  -|0|819000|819000|819000|819000|819000|819000|819000|819000|819000|819000|819000|819000|0||0|||1|0|00
2026|01|527010|015|08|CD|6213|FAL|01|51|1|003|100|FC|521211|019|A|0|0| |0||||1|KDM  Makan Rapat|30|ORG|1|HARI|26|FREK|0||780|OK|35911|28010000|0|0|0|0||0|0|0|0||| |0|0|| |-  -|0|2334000|2334000|2334000|2334000|2334000|2334000|2334000|2334000|2334000|2334000|2334000|2336000|0||0|||1|0|00
2026|01|527010|015|08|CD|6213|FAL|01|51|1|003|100|FC|521211|019|A|0|0| |0||||2|KDM  Snack Rapat|30|ORG|1|HARI|26|FREK|0||780|OK|15121|11794000|0|0|0|0||0|0|0|0||| |0|0|| |-  -|0|982000|982000|982000|982000|982000|982000|982000|982000|982000|982000|982000|992000|0||0|||1|0|00
2026|01|527010|015|08|CD|6213|FAL|01|51|1|003|100|FC|521211|019|A|0|0| |0||||3|CTK  Pencetakan Reviu Pelaksanaan Anggaran|2|LAP|5|EKS|0||0||10|EKS|504000|5040000|0|0|0|0||0|0|0|0||| |0|0|| |-  -|0|420000|420000|420000|420000|420000|420000|420000|420000|420000|420000|420000|420000|0||0|||1|0|00
2026|01|527010|015|08|CD|6214|AED|01|51|1|002|100|HA|521211|019|A|0|0| |0||||1|KDM  Makan Rapat|15|ORG|1|KEG|0||0||15|OK|45000|675000|0|0|0|0||0|0|0|0||| |0|0|| |-  -|0|0|0|0|0|0|675000|0|0|0|0|0|0|0||0|||1|0|00
2026|01|527010|015|08|CD|6214|AED|01|51|1|002|100|HA|521211|019|A|0|0| |0||||2|KDM  Snack Rapat|15|ORG|1|KEG|0||0||15|OK|23000|345000|0|0|0|0||0|0|0|0||| |0|0|| |-  -|0|0|0|0|0|0|345000|0|0|0|0|0|0|0||0|||1|0|00
2026|01|527010|015|08|CD|6214|FAE|01|51|1|001|100|HA|522151|019|A|0|0| |0||||1|Narsum Profesional|3|ORG|1|LOK|1|JAM|0||3|OJ|1496000|4488000|0|0|0|0||0|0|0|0||| |0|0|| |-  -|0|252654|252654|252654|252654|252654|252654|252654|252654|252654|252654|252654|1708806|0||0|||1|0|00
2026|01|527010|015|08|CD|6214|FAE|01|51|1|001|100|HA|524111|019|A|0|0| |0|01||1|1|Perjalanan Dinas dalam rangka Pemetaan Mitigasi Risiko Investasi|0||0||0||0||0||0|0|0|0|0|0||0|0|0|0||| |0|0|| |-  -|0|0|0|0|0|0|0|0|0|0|0|0|0|0||0|||1|0|00
2026|01|527010|015|08|CD|6214|FAE|01|51|1|001|100|HA|524111|019|A|0|0| |0|01|||2|Tiket PP|1|ORG|1|LOK|1|FREK|0||1|OK|2325000|2325000|0|0|0|0||0|0|0|0||| |0|0|| |-  -|0|130887|130887|130887|130887|130887|130887|130887|130887|130887|130887|130887|885243|0||0|||1|0|00
2026|01|527010|015|08|CD|6214|FAE|01|51|1|001|100|HA|524111|019|A|0|0| |0|01|||3|Uang Harian|1|ORG|3|HARI|1|FREK|0||3|OH|266667|800000|0|0|0|0||0|0|0|0||| |0|0|| |-  -|0|45036|45036|45036|45036|45036|45036|45036|45036|45036|45036|45036|304604|0||0|||1|0|00
2026|01|527010|015|08|CD|6214|FAE|01|51|1|001|100|HA|524111|019|A|0|0| |0|01|||4|Biaya Penginapan|1|ORG|2|HARI|1|FREK|0||2|OH|387500|775000|0|0|0|0||0|0|0|0||| |0|0|| |-  -|0|43629|43629|43629|43629|43629|43629|43629|43629|43629|43629|43629|295081|0||0|||1|0|00
2026|01|527010|015|08|CD|6214|FAE|01|51|1|001|100|HA|524113|019|A|0|0| |0||||1|Transport Dalam Kota|4|ORG|1|HARI|10|FREK|0||40|OK|131725|5269000|0|0|0|0||0|0|0|0||| |0|0|| |-  -|0|296621|296621|296621|296621|296621|296621|296621|296621|296621|296621|296621|2006169|0||0|||1|0|00
2026|01|527010|015|08|CD|6214|FAE|01|51|1|001|100|HA|524114|019|A|0|0| |0|01||1|1|2. Uang Harian|0||0||0||0||0||0|0|0|0|0|0||0|0|0|0||| |0|0|| |-  -|0|0|0|0|0|0|0|0|0|0|0|0|0|0||0|||1|0|00
2026|01|527010|015|08|CD|6214|FAE|01|51|1|001|100|HA|524114|019|A|0|0| |0|01|||2|2. Uang Harian|0||0||0||0||102|OH|130000|13260000|0|0|0|0||0|0|0|0||| |0|0|| |-  -|0|746479|746479|746479|746479|746479|746479|746479|746479|746479|746479|746479|5048731|0||0|||1|0|00
2026|01|527010|015|08|CD|6214|FAE|01|51|1|001|100|HA|524114|019|A|0|0| |0|02||1|3|3. Akomodasi  Fullday Di Jakarta|0||0||0||0||0||0|0|0|0|0|0||0|0|0|0||| |0|0|| |-  -|0|0|0|0|0|0|0|0|0|0|0|0|0|0||0|||1|0|00
2026|01|527010|015|08|CD|6214|FAE|01|51|1|001|100|HA|524114|019|A|0|0| |0|02|||4|1. Paket Fullday|0||0||0||0||51|OH|1197000|61047000|0|0|0|0||0|0|0|0||| |0|0|| |-  -|0|3436673|3436673|3436673|3436673|3436673|3436673|3436673|3436673|3436673|3436673|3436673|23243597|0||0|||1|0|00
2026|01|527010|015|08|CD|6214|FAE|01|51|1|001|100|HA|524114|019|A|0|0| |0|03||1|5|1 Transport Dalam Kota FGD Analisa Program FLPP  Dit. SMI  Fullday di Jakarta|0||0||0||0||0||0|0|0|0|0|0||0|0|0|0||| |0|0|| |-  -|0|0|0|0|0|0|0|0|0|0|0|0|0|0||0|||1|0|00
2026|01|527010|015|08|CD|6214|FAE|01|51|1|001|100|HA|524114|019|A|0|0| |0|03|||6|1. Transport PP|0||0||0||0||51|OK|170000|8670000|0|0|0|0||0|0|0|0||| |0|0|| |-  -|0|488082|488082|488082|488082|488082|488082|488082|488082|488082|488082|488082|3301098|0||0|||1|0|00
2026|01|527010|015|08|CD|6214|FAE|01|51|1|001|100|HB|524111|019|A|0|0| |0||||1|Tiket PP|2|ORG|2|LOK|2|FREK|0||8|OK|2131000|17048000|0|0|0|0||0|0|0|0||| |0|0|| |-  -|0|959726|959726|959726|959726|959726|959726|959726|959726|959726|959726|959726|6491014|0||0|||1|0|00
2026|01|527010|015|08|CD|6214|FAE|01|51|1|001|100|HB|524111|019|A|0|0| |0||||2|Uang Harian|2|ORG|1|LOK|2|FREK|3|HARI|12|OH|232500|2790000|0|0|0|0||0|0|0|0||| |0|0|| |-  -|0|157065|157065|157065|157065|157065|157065|157065|157065|157065|157065|157065|1062285|0||0|||1|0|00
2026|01|527010|015|08|CD|6214|FAE|01|51|1|001|100|HB|524111|019|A|0|0| |0||||3|Biaya Penginapan|2|ORG|2|LOK|1|FREK|2|HARI|8|OH|387500|3100000|0|0|0|0||0|0|0|0||| |0|0|| |-  -|0|174516|174516|174516|174516|174516|174516|174516|174516|174516|174516|174516|1180324|0||0|||1|0|00
2026|01|527010|015|08|CD|6214|FAE|01|51|1|001|100|HC|524111|019|A|0|0| |0||||1|Tiket PP.|4|ORG|2|LOK|2|FREK|0||16|OK|1704750|27276000|0|0|0|0||0|0|0|0||| |0|0|| |-  -|0|1535517|1535517|1535517|1535517|1535517|1535517|1535517|1535517|1535517|1535517|1535517|10385313|0||0|||1|0|00
2026|01|527010|015|08|CD|6214|FAE|01|51|1|001|100|HC|524111|019|A|0|0| |0||||2|Uang Harian|2|ORG|2|LOK|2|FREK|3|HARI|24|OH|232459|5579000|0|0|0|0||0|0|0|0||| |0|0|| |-  -|0|314073|314073|314073|314073|314073|314073|314073|314073|314073|314073|314073|2124197|0||0|||1|0|00
2026|01|527010|015|08|CD|6214|FAE|01|51|1|001|100|HC|524111|019|A|0|0| |0||||3|Biaya Penginapan|4|ORG|2|LOK|1|FREK|2|HARI|16|OH|397125|6354000|0|0|0|0||0|0|0|0||| |0|0|| |-  -|0|357702|357702|357702|357702|357702|357702|357702|357702|357702|357702|357702|2419278|0||0|||1|0|00
2026|01|527010|015|08|CD|6214|FAE|01|51|1|001|100|HC|524113|019|A|0|0| |0||||1|Transport Lokal Penyelesaian Pinjaman TSL pada BDL, BBO dan BBKU|4|ORG|1|HARI|9|FREK|0||36|OK|131723|4742000|0|0|0|0||0|0|0|0||| |0|0|| |-  -|0|266953|266953|266953|266953|266953|266953|266953|266953|266953|266953|266953|1805517|0||0|||1|0|00
2026|01|527010|015|08|CD|6214|FAE|01|51|1|001|100|HD|524111|019|A|0|0| |0|01||1|1|Perjalanan Dinas dalam rangka Monitoring Kinerja Penerusan Pinjaman|0||0||0||0||0||0|0|0|0|0|0||0|0|0|0||| |0|0|| |-  -|0|0|0|0|0|0|0|0|0|0|0|0|0|0||0|||1|0|00
2026|01|527010|015|08|CD|6214|FAE|01|51|1|001|100|HD|524111|019|A|0|0| |0|01|||2|Tiket PP|1|ORG|2|LOK|1|FREK|0||2|OK|1401000|2802000|0|0|0|0||0|0|0|0||| |0|0|| |-  -|0|157740|157740|157740|157740|157740|157740|157740|157740|157740|157740|157740|1066860|0||0|||1|0|00
2026|01|527010|015|08|CD|6214|FAE|01|51|1|001|100|HD|524111|019|A|0|0| |0|01|||3|Uang Harian|2|ORG|1|LOK|1|FREK|3|HARI|6|OH|266500|1599000|0|0|0|0||0|0|0|0||| |0|0|| |-  -|0|90017|90017|90017|90017|90017|90017|90017|90017|90017|90017|90017|608813|0||0|||1|0|00
2026|01|527010|015|08|CD|6214|FAE|01|51|1|001|100|HD|524111|019|A|0|0| |0|01|||4|Biaya Penginapan|2|ORG|1|LOK|1|FREK|2|HARI|4|OH|736250|2945000|0|0|0|0||0|0|0|0||| |0|0|| |-  -|0|165790|165790|165790|165790|165790|165790|165790|165790|165790|165790|165790|1121310|0||0|||1|0|00
2026|01|527010|015|08|CD|6214|FAE|01|51|1|001|100|HE|521211|019|A|0|0| |0|01||1|1|Konsumsi Rapat|0||0||0||0||0||0|0|0|0|0|0||0|0|0|0||| |0|0|| |-  -|0|0|0|0|0|0|0|0|0|0|0|0|0|0||0|||1|0|00
2026|01|527010|015|08|CD|6214|FAE|01|51|1|001|100|HE|521211|019|A|0|0| |0|01|||2|KDM  Snack Rapat|58|ORG|28|FREK|1|HARI|0||1624|OK|22000|35728000|0|0|0|0||0|0|0|0||| |0|0|| |-  -|0|2011327|2011327|2011327|2011327|2011327|2011327|2011327|2011327|2011327|2011327|2011327|13603403|0||0|||1|0|00
2026|01|527010|015|08|CD|6214|FAE|01|51|1|001|100|HE|521211|019|A|0|0| |0|01|||3|KDM  Makan Rapat|0||0||0||0||1624|OK|49466|80332000|0|0|0|0||0|0|0|0||| |0|0|| |-  -|0|4522333|4522333|4522333|4522333|4522333|4522333|4522333|4522333|4522333|4522333|4522333|30586337|0||0|||1|0|00
2026|01|527010|015|08|CD|6214|FAE|01|51|1|001|100|HE|522151|019|A|0|0| |0||||1|Narasumber Tenaga Profesional|2|ORG|3|JAM|0||0||6|OJ|1496000|8976000|0|0|0|0||0|0|0|0||| |0|0|| |-  -|0|505309|505309|505309|505309|505309|505309|505309|505309|505309|505309|505309|3417601|0||0|||1|0|00
2026|01|527010|015|08|CD|6214|FAE|01|51|1|001|100|HE|524111|019|A|0|0| |0||||1|Tiket PP|10|ORG|6|LOK|1|FREK|0||60|OK|2324700|139482000|0|0|0|0||0|0|0|0||| |0|0|| |-  -|0|7852214|7852214|7852214|7852214|7852214|7852214|7852214|7852214|7852214|7852214|7852214|53107646|0||0|||1|0|00
2026|01|527010|015|08|CD|6214|FAE|01|51|1|001|100|HE|524111|019|A|0|0| |0||||2|Uang Harian|10|ORG|6|LOK|1|FREK|3|HARI|180|OH|232473|41845000|0|0|0|0||0|0|0|0||| |0|0|| |-  -|0|2355687|2355687|2355687|2355687|2355687|2355687|2355687|2355687|2355687|2355687|2355687|15932443|0||0|||1|0|00
2026|01|527010|015|08|CD|6214|FAE|01|51|1|001|100|HE|524111|019|A|0|0| |0||||3|Biaya Penginapan|10|ORG|6|LOK|1|FREK|2|HARI|120|OH|399042|47885000|0|0|0|0||0|0|0|0||| |0|0|| |-  -|0|2695712|2695712|2695712|2695712|2695712|2695712|2695712|2695712|2695712|2695712|2695712|18232168|0||0|||1|0|00
2026|01|527010|015|08|CD|6214|FAE|01|51|1|001|100|HE|524119|019|A|0|0| |0||||1|Transport|105|ORG|2|FREK|0||0||210|OK|804095|168859000|0|0|0|0||0|0|0|0||| |0|0|| |-  -|0|9506007|9506007|9506007|9506007|9506007|9506007|9506007|9506007|9506007|9506007|9506007|64292923|0||0|||1|0|00
2026|01|527010|015|08|CD|6214|FAE|01|51|1|001|100|HE|524119|019|A|0|0| |0||||2|Uang Harian|105|ORG|1|FREK|3|HARI|0||315|OH|130000|40950000|0|0|0|0||0|0|0|0||| |0|0|| |-  -|0|2305302|2305302|2305302|2305302|2305302|2305302|2305302|2305302|2305302|2305302|2305302|15591678|0||0|||1|0|00
2026|01|527010|015|08|CD|6214|FAE|01|51|1|001|100|HF|524111|019|A|0|0| |0|01||1|1|Site Visit Potensi Investasi di Daerah (Kantor Pusat dan Kanwil DJPb)|0||0||0||0||0||0|0|0|0|0|0||0|0|0|0||| |0|0|| |-  -|0|0|0|0|0|0|0|0|0|0|0|0|0|0||0|||1|0|00
2026|01|527010|015|08|CD|6214|FAE|01|51|1|001|100|HF|524111|019|A|0|0| |0|01|||2|Tiket PP|4|ORG|1|LOK|1|FREK|0||4|OK|2498239|9992000|0|0|0|0||0|0|0|0||| |0|0|| |-  -|0|562505|562505|562505|562505|562505|562505|562505|562505|562505|562505|562505|3804445|0||0|||1|0|00
2026|01|527010|015|08|CD|6214|FAE|01|51|1|001|100|HF|524111|019|A|0|0| |0|01|||3|Uang Harian|4|ORG|1|LOK|1|FREK|3|HARI|12|OH|232459|2789000|0|0|0|0||0|0|0|0||| |0|0|| |-  -|0|157008|157008|157008|157008|157008|157008|157008|157008|157008|157008|157008|1061912|0||0|||1|0|00
2026|01|527010|015|08|CD|6214|FAE|01|51|1|001|100|HF|524111|019|A|0|0| |0|01|||4|Biaya Penginapan|4|ORG|1|LOK|1|FREK|2|HARI|8|OH|542438|4339000|0|0|0|0||0|0|0|0||| |0|0|| |-  -|0|244266|244266|244266|244266|244266|244266|244266|244266|244266|244266|244266|1652074|0||0|||1|0|00
2026|01|527010|015|08|CD|6214|FAE|01|51|1|001|100|HF|524113|019|A|0|0| |0|01||1|1|Site Visit Potensi Investasi di Daerah (Pegawai Kanwil DJPb)|0||0||0||0||0||0|0|0|0|0|0||0|0|0|0||| |0|0|| |-  -|0|0|0|0|0|0|0|0|0|0|0|0|0|0||0|||1|0|00
2026|01|527010|015|08|CD|6214|FAE|01|51|1|001|100|HF|524113|019|A|0|0| |0|01|||2|Transport Lokal|1|ORG|3|LOK|2|HARI|1|FREK|6|OK|131667|790000|0|0|0|0||0|0|0|0||| |0|0|| |-  -|0|44473|44473|44473|44473|44473|44473|44473|44473|44473|44473|44473|300797|0||0|||1|0|00
2026|01|527010|015|08|CD|6214|FAE|01|51|1|001|100|HF|524113|019|A|0|0| |0|01|||3|Uang Harian|2|ORG|1|LOK|2|HARI|1|FREK|4|OH|130250|521000|0|0|0|0||0|0|0|0||| |0|0|| |-  -|0|29330|29330|29330|29330|29330|29330|29330|29330|29330|29330|29330|198370|0||0|||1|0|00
2026|01|527010|015|08|CD|6214|FAE|01|51|1|001|100|MA|521211|019|A|0|0| |0|01||1|1|Penyusunan Kajian Kelembagaan|0||0||0||0||0||0|0|0|0|0|0||0|0|0|0||| |0|0|| |-  -|0|0|0|0|0|0|0|0|0|0|0|0|0|0||0|||1|0|00
2026|01|527010|015|08|CD|6214|FAE|01|51|1|001|100|MA|521211|019|A|0|0| |0|01|01|2|2|Konsumsi|0||0||0||0||0||0|0|0|0|0|0||0|0|0|0||| |0|0|| |-  -|0|0|0|0|0|0|0|0|0|0|0|0|0|0||0|||1|0|00
2026|01|527010|015|08|CD|6214|FAE|01|51|1|001|100|MA|521211|019|A|0|0| |0|01|01||3|KDM  Makan Rapat|15|orang|5|Hari|13|Frek|0||975|OHF|33390|32555000|0|0|0|0||0|0|0|0||| |0|0|| |-  -|0|1832701|1832701|1832701|1832701|1832701|1832701|1832701|1832701|1832701|1832701|1832701|12395289|0||0|||1|0|00
2026|01|527010|015|08|CD|6214|FAE|01|51|1|001|100|MA|521211|019|A|0|0| |0|01|01||4|KDM  Snack Rapat|15|Orang|5|Hari|13|Frek|0||975|OHF|15120|14742000|0|0|0|0||0|0|0|0||| |0|0|| |-  -|0|829909|829909|829909|829909|829909|829909|829909|829909|829909|829909|829909|5613001|0||0|||1|0|00
2026|01|527010|015|08|CD|6214|FAE|01|51|1|001|100|MA|521211|019|A|0|0| |0|01|02|2|5|ATK dan Barang Habis Pakai|0||0||0||0||0||0|0|0|0|0|0||0|0|0|0||| |0|0|| |-  -|0|0|0|0|0|0|0|0|0|0|0|0|0|0||0|||1|0|00
2026|01|527010|015|08|CD|6214|FAE|01|51|1|001|100|MA|521211|019|A|0|0| |0|01|02||6|CTK  ATK dan Barang Habis Pakai|1|Paket|12|F|0||0||12|F|555500|6666000|0|0|0|0||0|0|0|0||| |0|0|| |-  -|0|375266|375266|375266|375266|375266|375266|375266|375266|375266|375266|375266|2538074|0||0|||1|0|00
2026|01|527010|015|08|CD|6214|FAE|01|51|1|001|100|MA|522151|019|A|0|0| |0|01||1|1|Honorarium Narasumber KajianPenelitianRapatSeminarFGDSosialisasi|0||0||0||0||0||0|0|0|0|0|0||0|0|0|0||| |0|0|| |-  -|0|0|0|0|0|0|0|0|0|0|0|0|0|0||0|||1|0|00
2026|01|527010|015|08|CD|6214|FAE|01|51|1|001|100|MA|522151|019|A|0|0| |0|01|||2|Narasumber Profesional|8|Orang|2|Jam|1|Frek|0||16|OJ|1496000|23936000|0|0|0|0||0|0|0|0||| |0|0|| |-  -|0|1347490|1347490|1347490|1347490|1347490|1347490|1347490|1347490|1347490|1347490|1347490|9113610|0||0|||1|0|00
2026|01|527010|015|08|CD|6214|FAL|01|51|1|003|100|OA|521211|019|A|0|0| |0|01||1|1|Tim Koordinasi Mata Uang Mitra Kerja Bersama Bank Indonesia|0||0||0||0||0||0|0|0|0|0|0||0|0|0|0||| |0|0|| |-  -|0|0|0|0|0|0|0|0|0|0|0|0|0|0||0|||1|0|00
2026|01|527010|015|08|CD|6214|FAL|01|51|1|003|100|OA|521211|019|A|0|0| |0|01|||2|KDM  Snack Rapat|25|ORG|4|KEG|1|FR|0||100|OK|13860|1386000|0|0|0|0||0|0|0|0||| |0|0|| |-  -|0|115000|115000|115000|115000|115000|115000|115000|115000|115000|115000|115000|121000|0||0|||1|0|00
2026|01|527010|015|08|CD|6214|FAL|01|51|1|003|100|OA|521211|019|A|0|0| |0|01|||3|KDM  Makan Rapat|25|ORG|4|KEG|1|FR|0||100|OK|33390|3339000|0|0|0|0||0|0|0|0||| |0|0|| |-  -|0|278000|278000|278000|278000|278000|278000|278000|278000|278000|278000|278000|281000|0||0|||1|0|00
2026|01|527010|015|08|CD|6214|FAL|01|51|1|003|100|OA|521211|019|A|0|0| |0|02||1|4|Rapat Dalam Kantor dalam rangka CPIN, Pengelolaan Valas, Penempatan Uang, dan SBN|0||0||0||0||0||0|0|0|0|0|0||0|0|0|0||| |0|0|| |-  -|0|0|0|0|0|0|0|0|0|0|0|0|0|0||0|||1|0|00
2026|01|527010|015|08|CD|6214|FAL|01|51|1|003|100|OA|521211|019|A|0|0| |0|02|||5|KDM  Snack Rapat|25|ORG|4|KEG|1|FR|0||100|OK|13860|1386000|0|0|0|0||0|0|0|0||| |0|0|| |-  -|0|115000|115000|115000|115000|115000|115000|115000|115000|115000|115000|115000|121000|0||0|||1|0|00
2026|01|527010|015|08|CD|6214|FAL|01|51|1|003|100|OA|521211|019|A|0|0| |0|02|||6|KDM  Makan Rapat|25|ORG|4|KEG|1|FR|0||100|OK|33390|3339000|0|0|0|0||0|0|0|0||| |0|0|| |-  -|0|278000|278000|278000|278000|278000|278000|278000|278000|278000|278000|278000|281000|0||0|||1|0|00
2026|01|527010|015|08|CD|6214|FAL|01|51|1|003|100|OD|521211|019|A|0|0| |0|01||1|1|Pembahasan dan Penyelesaian Pengelolaan Kas Negara|0||0||0||0||0||0|0|0|0|0|0||0|0|0|0||| |0|0|| |-  -|0|0|0|0|0|0|0|0|0|0|0|0|0|0||0|||1|0|00
2026|01|527010|015|08|CD|6214|FAL|01|51|1|003|100|OD|521211|019|A|0|0| |0|01|||2|KDM  Snack Rapat|10|ORG|3|KEG|6|SUB|12|BLN|2160|OK|15120|32659000|0|0|0|0||0|0|0|0||| |0|0|| |-  -|0|2721000|2721000|2721000|2721000|2721000|2721000|2721000|2721000|2721000|2721000|2721000|2728000|0||0|||1|0|00
2026|01|527010|015|08|CD|6214|FAL|01|51|1|003|100|OD|521211|019|A|0|0| |0|01|||3|KDM  Makan Rapat|10|ORG|3|KEG|6|SUB|12|BLN|2160|OK|35911|77567000|0|0|0|0||0|0|0|0||| |0|0|| |-  -|0|6463000|6463000|6463000|6463000|6463000|6463000|6463000|6463000|6463000|6463000|6463000|6474000|0||0|||1|0|00
2026|01|527010|015|08|CD|6214|FAL|01|51|1|003|100|OD|521211|019|A|0|0| |0|01|01|2|4|Penyediaan Bahan Penunjang Kegiatan terkait Pengelolaan Kas Negara|0||0||0||0||0||0|0|0|0|0|0||0|0|0|0||| |0|0|| |-  -|0|0|0|0|0|0|0|0|0|0|0|0|0|0||0|||1|0|00
2026|01|527010|015|08|CD|6214|FAL|01|51|1|003|100|OD|521211|019|A|0|0| |0|01|01||5|CTK  Pencetakan Buku|10|JILID|10|BLN|0||0||100|JILID|83849|8384000|0|0|0|0||0|0|0|0||| |0|0|| |-  -|0|698000|698000|698000|698000|698000|698000|698000|698000|698000|698000|698000|706000|0||0|||1|0|00
2026|01|527010|015|08|CD|6214|UAE|01|51|1|203|100|HA|522151|019|A|0|0| |0||||1|1. Honor Narasumber Tenaga Profesional|0||0||0||0||6|OJ|1496000|8976000|0|0|0|0||0|0|0|0||| |0|0|| |-  -|0|803516|803516|803516|803516|803516|803516|803516|803516|803516|803516|803516|137324|0||0|||1|0|00
2026|01|527010|015|08|CD|6214|UAE|01|51|1|203|100|HA|524111|019|A|0|0| |0||||1|3. Biaya Penginapan|0||0||0||0||22|OH|426182|9376000|0|0|0|0||0|0|0|0||| |0|0|| |-  -|0|839323|839323|839323|839323|839323|839323|839323|839323|839323|839323|839323|143447|0||0|||1|0|00
2026|01|527010|015|08|CD|6214|UAE|01|51|1|203|100|HA|524111|019|A|0|0| |0||||2|2. Uang Harian|0||0||0||0||33|OH|271213|8950000|0|0|0|0||0|0|0|0||| |0|0|| |-  -|0|801188|801188|801188|801188|801188|801188|801188|801188|801188|801188|801188|136932|0||0|||1|0|00
2026|01|527010|015|08|CD|6214|UAE|01|51|1|203|100|HA|524111|019|A|0|0| |0||||3|1. Biaya Transport|0||0||0||0||11|OK|2518455|27703000|0|0|0|0||0|0|0|0||| |0|0|| |-  -|0|2479924|2479924|2479924|2479924|2479924|2479924|2479924|2479924|2479924|2479924|2479924|423836|0||0|||1|0|00
2026|01|527010|015|08|CD|6214|UAE|01|51|1|203|100|HB|524111|019|A|0|0| |0||||1|3. Biaya Penginapan|0||0||0||0||54|OH|426200|23014000|0|0|0|0||0|0|0|0||| |0|0|| |-  -|0|2060173|2060173|2060173|2060173|2060173|2060173|2060173|2060173|2060173|2060173|2060173|352097|0||0|||1|0|00
2026|01|527010|015|08|CD|6214|UAE|01|51|1|203|100|HB|524111|019|A|0|0| |0||||2|2. Uang Harian|0||0||0||0||81|OH|271212|21968000|0|0|0|0||0|0|0|0||| |0|0|| |-  -|0|1966537|1966537|1966537|1966537|1966537|1966537|1966537|1966537|1966537|1966537|1966537|336093|0||0|||1|0|00
2026|01|527010|015|08|CD|6214|UAE|01|51|1|203|100|HB|524111|019|A|0|0| |0||||3|1. Biaya Transport|0||0||0||0||27|OK|1913855|51674000|0|0|0|0||0|0|0|0||| |0|0|| |-  -|0|4625767|4625767|4625767|4625767|4625767|4625767|4625767|4625767|4625767|4625767|4625767|790563|0||0|||1|0|00
2026|01|527010|015|08|CD|6214|UAE|01|51|1|203|100|HB|524113|019|A|0|0| |0||||1|2. Uang Harian|0||0||0||0||50|OH|130180|6509000|0|0|0|0||0|0|0|0||| |0|0|| |-  -|0|582674|582674|582674|582674|582674|582674|582674|582674|582674|582674|582674|99586|0||0|||1|0|00
2026|01|527010|015|08|CD|6214|UAE|01|51|1|203|100|HB|524113|019|A|0|0| |0||||2|1. Transport Lokal|0||0||0||0||50|OK|131740|6587000|0|0|0|0||0|0|0|0||| |0|0|| |-  -|0|589657|589657|589657|589657|589657|589657|589657|589657|589657|589657|589657|100773|0||0|||1|0|00
2026|01|527010|015|08|CD|6214|UAE|01|51|1|203|100|HD|524114|019|A|0|0| |0||||1|3. Biaya Penginapan|0||0||0||0||66|OH|927561|61219000|0|0|0|0||0|0|0|0||| |0|0|| |-  -|0|5480219|5480219|5480219|5480219|5480219|5480219|5480219|5480219|5480219|5480219|5480219|936591|0||0|||1|0|00
2026|01|527010|015|08|CD|6214|UAE|01|51|1|203|100|HD|524114|019|A|0|0| |0||||2|2. Uang Harian|0||0||0||0||99|OH|100738|9973000|0|0|0|0||0|0|0|0||| |0|0|| |-  -|0|892766|892766|892766|892766|892766|892766|892766|892766|892766|892766|892766|152574|0||0|||1|0|00
2026|01|527010|015|08|CD|6214|UAE|01|51|1|203|100|HD|524114|019|A|0|0| |0||||3|1. Biaya Transport|0||0||0||0||33| OK|345031|11386000|0|0|0|0||0|0|0|0||| |0|0|| |-  -|0|1019255|1019255|1019255|1019255|1019255|1019255|1019255|1019255|1019255|1019255|1019255|174195|0||0|||1|0|00
2026|01|527010|015|08|CD|6215|FAH|01|51|1|004|100|JA|521211|019|A|0|0| |0|01||1|1|Koordinasi Penyusunan LKPP TA 2025|0||0||0||0||0||0|0|0|0|0|0||0|0|0|0||| |0|0|| |-  -|0|0|0|0|0|0|0|0|0|0|0|0|0|0||0|||1|0|00
2026|01|527010|015|08|CD|6215|FAH|01|51|1|004|100|JA|521211|019|A|0|0| |0|03||1|10|Penyusunan LKPP Audited TA 2025|0||0||0||0||0||0|0|0|0|0|0||0|0|0|0||| |0|0|| |-  -|0|0|0|0|0|0|0|0|0|0|0|0|0|0||0|||1|0|00
2026|01|527010|015|08|CD|6215|FAH|01|51|1|004|100|JA|521211|019|A|0|0| |0|03|||11|KDM  Makan Rapat|32|ORG|4|FR|0||0||128|OF|35907|4596000|0|0|0|0||0|0|0|0||| |0|0|| |-  -|0|383000|383000|383000|383000|383000|383000|383000|383000|383000|383000|383000|383000|0||0|||1|0|00
2026|01|527010|015|08|CD|6215|FAH|01|51|1|004|100|JA|521211|019|A|0|0| |0|03|||12|KDM  Snack Rapat|33|ORG|4|FR|0||0||132|OF|15122|1996000|0|0|0|0||0|0|0|0||| |0|0|| |-  -|0|166000|166000|166000|166000|166000|166000|166000|166000|166000|166000|166000|170000|0||0|||1|0|00
2026|01|527010|015|08|CD|6215|FAH|01|51|1|004|100|JA|521211|019|A|0|0| |0|03|||13|CTK  Pencetakan LKPP Audited TA 2025|85|EKS|1|FR|0||0||85|EKS|182695|15529000|0|0|0|0||0|0|0|0||| |0|0|| |-  -|0|1294000|1294000|1294000|1294000|1294000|1294000|1294000|1294000|1294000|1294000|1294000|1295000|0||0|||1|0|00
2026|01|527010|015|08|CD|6215|FAH|01|51|1|004|100|JA|521211|019|A|0|0| |0|03|||14|CTK  Pencetakan Tanggapan Pemerintah atas LHP BPK terhadap LKPP|85|EKS|1|FR|0||0||85|EKS|63000|5355000|0|0|0|0||0|0|0|0||| |0|0|| |-  -|0|446000|446000|446000|446000|446000|446000|446000|446000|446000|446000|446000|449000|0||0|||1|0|00
2026|01|527010|015|08|CD|6215|FAH|01|51|1|004|100|JA|521211|019|A|0|0| |0|01|||2|KDM  Konsumsi Rapat MenteriEselon I|25|ORG|1|FR|0||0||25|OF|74320|1858000|0|0|0|0||0|0|0|0||| |0|0|| |-  -|0|154000|154000|154000|154000|154000|154000|154000|154000|154000|154000|154000|164000|0||0|||1|0|00
2026|01|527010|015|08|CD|6215|FAH|01|51|1|004|100|JA|521211|019|A|0|0| |0|01|||3|KDM  Snack Rapat MenteriEselon I|25|ORG|1|FR|0||0||25|OF|33400|835000|0|0|0|0||0|0|0|0||| |0|0|| |-  -|0|69000|69000|69000|69000|69000|69000|69000|69000|69000|69000|69000|76000|0||0|||1|0|00
2026|01|527010|015|08|CD|6215|FAH|01|51|1|004|100|JA|521211|019|A|0|0| |0|02||1|4|Penyusunan LKPP Unaudited TA 2025, Entry Meeting, dan Rekonsiliasi Tiga Pihak (Tripartit)|0||0||0||0||0||0|0|0|0|0|0||0|0|0|0||| |0|0|| |-  -|0|0|0|0|0|0|0|0|0|0|0|0|0|0||0|||1|0|00
2026|01|527010|015|08|CD|6215|FAH|01|51|1|004|100|JA|521211|019|A|0|0| |0|02|||5|KDM  Konsumsi Entry Meeting Menteri Keuangan dengan BPK RI|20|ORG|1|FR|0||0||20|OF|74350|1487000|0|0|0|0||0|0|0|0||| |0|0|| |-  -|0|123000|123000|123000|123000|123000|123000|123000|123000|123000|123000|123000|134000|0||0|||1|0|00
2026|01|527010|015|08|CD|6215|FAH|01|51|1|004|100|JA|521211|019|A|0|0| |0|02|||6|KDM  Snack Entry Meeting Menteri Keuangan dengan BPK RI|20|ORG|1|FR|0||0||20|OF|33400|668000|0|0|0|0||0|0|0|0||| |0|0|| |-  -|0|55000|55000|55000|55000|55000|55000|55000|55000|55000|55000|55000|63000|0||0|||1|0|00
2026|01|527010|015|08|CD|6215|FAH|01|51|1|004|100|JA|521211|019|A|0|0| |0|02|||7|KDM  Makan Rapat|20|ORG|4|FR|0||0||80|OF|35913|2873000|0|0|0|0||0|0|0|0||| |0|0|| |-  -|0|239000|239000|239000|239000|239000|239000|239000|239000|239000|239000|239000|244000|0||0|||1|0|00
2026|01|527010|015|08|CD|6215|FAH|01|51|1|004|100|JA|521211|019|A|0|0| |0|02|||8|KDM  Snack Rapat|20|ORG|4|FR|0||0||80|OF|15125|1210000|0|0|0|0||0|0|0|0||| |0|0|| |-  -|0|100000|100000|100000|100000|100000|100000|100000|100000|100000|100000|100000|110000|0||0|||1|0|00
2026|01|527010|015|08|CD|6215|FAH|01|51|1|004|100|JA|521211|019|A|0|0| |0|02|||9|CTK  Pencetakan LKPP Unaudited TA 2025|20|EKS|1|FR|0||0||20|EKS|129450|2589000|0|0|0|0||0|0|0|0||| |0|0|| |-  -|0|215000|215000|215000|215000|215000|215000|215000|215000|215000|215000|215000|224000|0||0|||1|0|00
2026|01|527010|015|08|CD|6215|FAH|01|51|1|004|100|JA|524111|019|A|0|0| |0|01||1|1|Pendampingan Audit BPK di Luar Kota|0||0||0||0||0||0|0|0|0|0|0||0|0|0|0||| |0|0|| |-  -|0|0|0|0|0|0|0|0|0|0|0|0|0|0||0|||1|0|00
2026|01|527010|015|08|CD|6215|FAH|01|51|1|004|100|JA|524111|019|A|0|0| |0|01|||2|Transport|3|ORG|3|FR|0||0||9|OF|2733889|24605000|0|0|0|0||0|0|0|0||| |0|0|| |-  -|0|2050000|2050000|2050000|2050000|2050000|2050000|2050000|2050000|2050000|2050000|2050000|2055000|0||0|||1|0|00
2026|01|527010|015|08|CD|6215|FAH|01|51|1|004|100|JA|524111|019|A|0|0| |0|01|||3|Uang Harian|3|ORG|3|HR|3|FR|0||27|OH|359556|9708000|0|0|0|0||0|0|0|0||| |0|0|| |-  -|0|809000|809000|809000|809000|809000|809000|809000|809000|809000|809000|809000|809000|0||0|||1|0|00
2026|01|527010|015|08|CD|6215|FAH|01|51|1|004|100|JA|524111|019|A|0|0| |0|01|||4|Akomodasi|3|ORG|2|HR|3|FR|0||18|OH|542445|9764000|0|0|0|0||0|0|0|0||| |0|0|| |-  -|0|813000|813000|813000|813000|813000|813000|813000|813000|813000|813000|813000|821000|0||0|||1|0|00
2026|01|527010|015|08|CD|6215|FAH|01|51|1|004|100|JA|524113|019|A|0|0| |0|01||1|1|Pendampingan Audit BPK di Dalam Kota|0||0||0||0||0||0|0|0|0|0|0||0|0|0|0||| |0|0|| |-  -|0|0|0|0|0|0|0|0|0|0|0|0|0|0||0|||1|0|00
2026|01|527010|015|08|CD|6215|FAH|01|51|1|004|100|JA|524113|019|A|0|0| |0|01|||2|Transport|2|ORG|2|FR|0||0||4|OF|116250|465000|0|0|0|0||0|0|0|0||| |0|0|| |-  -|0|38000|38000|38000|38000|38000|38000|38000|38000|38000|38000|38000|47000|0||0|||1|0|00
2026|01|527010|015|08|CD|6215|FAH|01|51|1|004|100|JA|524113|019|A|0|0| |0|01|||3|Uang Harian  8 Jam|2|ORG|1|HR|2|FR|0||4|OH|105500|422000|0|0|0|0||0|0|0|0||| |0|0|| |-  -|0|35000|35000|35000|35000|35000|35000|35000|35000|35000|35000|35000|37000|0||0|||1|0|00
2026|01|527010|015|08|CD|6215|FAH|01|51|1|004|100|JA|524114|019|A|0|0| |0|01||1|1|Penyusunan LKPP Unaudited TA 2025|0||0||0||0||0||0|0|0|0|0|0||0|0|0|0||| |0|0|| |-  -|0|0|0|0|0|0|0|0|0|0|0|0|0|0||0|||1|0|00
2026|01|527010|015|08|CD|6215|FAH|01|51|1|004|100|JA|524114|019|A|0|0| |0|01|||2|Transport|16|ORG|1|FR|0||0||16|OF|131750|2108000|0|0|0|0||0|0|0|0||| |0|0|| |-  -|0|175000|175000|175000|175000|175000|175000|175000|175000|175000|175000|175000|183000|0||0|||1|0|00
2026|01|527010|015|08|CD|6215|FAH|01|51|1|004|100|JA|524114|019|A|0|0| |0|01|||3|Uang Saku|16|ORG|3|HR|1|FR|0||48|OH|100730|4835000|0|0|0|0||0|0|0|0||| |0|0|| |-  -|0|402000|402000|402000|402000|402000|402000|402000|402000|402000|402000|402000|413000|0||0|||1|0|00
2026|01|527010|015|08|CD|6215|FAH|01|51|1|004|100|JA|524114|019|A|0|0| |0|02||1|4|Penyusunan LKPP Audited TA 2025|0||0||0||0||0||0|0|0|0|0|0||0|0|0|0||| |0|0|| |-  -|0|0|0|0|0|0|0|0|0|0|0|0|0|0||0|||1|0|00
2026|01|527010|015|08|CD|6215|FAH|01|51|1|004|100|JA|524114|019|A|0|0| |0|02|||5|Transport|16|ORG|1|FR|0||0||16|OF|131750|2108000|0|0|0|0||0|0|0|0||| |0|0|| |-  -|0|175000|175000|175000|175000|175000|175000|175000|175000|175000|175000|175000|183000|0||0|||1|0|00
2026|01|527010|015|08|CD|6215|FAH|01|51|1|004|100|JA|524114|019|A|0|0| |0|02|||6|Uang Saku|16|ORG|3|HR|1|FR|0||48|OH|100730|4835000|0|0|0|0||0|0|0|0||| |0|0|| |-  -|0|402000|402000|402000|402000|402000|402000|402000|402000|402000|402000|402000|413000|0||0|||1|0|00
2026|01|527010|015|08|CD|6215|FAH|01|51|1|004|100|JA|524114|019|A|0|0| |0|02|||7|Uang Saku|1|ORG|1|HR|1|FR|0||1|OH|87000|87000|0|0|0|0||0|0|0|0||| |0|0|| |-  -|0|7000|7000|7000|7000|7000|7000|7000|7000|7000|7000|7000|10000|0||0|||1|0|00
2026|01|527010|015|08|CD|6215|FAH|01|51|1|004|100|JB|521211|019|A|0|0| |0||||1|CTK  ATK dan Dokumentasi|20|ORG|1|FR|0||0||20|OF|78750|1575000|0|0|0|0||0|0|0|0||| |0|0|| |-  -|0|131000|131000|131000|131000|131000|131000|131000|131000|131000|131000|131000|134000|0||0|||1|0|00
2026|01|527010|015|08|CD|6215|FAH|01|51|1|004|100|JC|521211|019|A|0|0| |0||||1|KDM  Makan Rapat|20|ORG|2|FR|0||0||40|OF|35150|1406000|0|0|0|0||0|0|0|0||| |0|0|| |-  -|0|117000|117000|117000|117000|117000|117000|117000|117000|117000|117000|117000|119000|0||0|||1|0|00
2026|01|527010|015|08|CD|6215|FAH|01|51|1|004|100|JC|521211|019|A|0|0| |0||||2|KDM  Snack Rapat|19|ORG|2|FR|0||0||38|OF|14500|551000|0|0|0|0||0|0|0|0||| |0|0|| |-  -|0|45000|45000|45000|45000|45000|45000|45000|45000|45000|45000|45000|56000|0||0|||1|0|00
2026|01|527010|015|08|CD|6215|FAH|01|51|1|003|100|JA|521211|019|A|0|0| |0|01||1|1|Rapat KoordinasiKonsolidasiFinalisasiAnalisis LK dan Rekomendasi Temuan BPK|0||0||0||0||0||0|0|0|0|0|0||0|0|0|0||| |0|0|| |-  -|0|0|0|0|0|0|0|0|0|0|0|0|0|0||0|||1|0|00
2026|01|527010|015|08|CD|6215|FAH|01|51|1|003|100|JA|521211|019|A|0|0| |0|01|||2|KDM  Makan Rapat|23|ORG|2|FR|0||0||46|OF|35914|1652000|0|0|0|0||0|0|0|0||| |0|0|| |-  -|0|137000|137000|137000|137000|137000|137000|137000|137000|137000|137000|137000|145000|0||0|||1|0|00
2026|01|527010|015|08|CD|6215|FAH|01|51|1|003|100|JA|521211|019|A|0|0| |0|01|||3|KDM  Snack Rapat|23|ORG|2|FR|0||0||46|OF|15131|696000|0|0|0|0||0|0|0|0||| |0|0|| |-  -|0|58000|58000|58000|58000|58000|58000|58000|58000|58000|58000|58000|58000|0||0|||1|0|00
2026|01|527010|015|08|CD|6215|FAH|01|51|1|003|100|JA|524113|019|A|0|0| |0||||1|Transport Lokal|2|ORG|4|FR|0||0||8|OF|104625|837000|0|0|0|0||0|0|0|0||| |0|0|| |-  -|0|69000|69000|69000|69000|69000|69000|69000|69000|69000|69000|69000|78000|0||0|||1|0|00
2026|01|527010|015|08|CD|6215|FAH|01|51|1|003|100|JA|524114|019|A|0|0| |0|01||1|1|Penyusunan Laporan Keuangan BUN Unaudited TA 2025|0||0||0||0||0||0|0|0|0|0|0||0|0|0|0||| |0|0|| |-  -|0|0|0|0|0|0|0|0|0|0|0|0|0|0||0|||1|0|00
2026|01|527010|015|08|CD|6215|FAH|01|51|1|003|100|JA|524114|019|A|0|0| |0|01|||2|Transport Peserta|14|ORG|1|FR|0||0||14|OF|117786|1649000|0|0|0|0||0|0|0|0||| |0|0|| |-  -|0|137000|137000|137000|137000|137000|137000|137000|137000|137000|137000|137000|142000|0||0|||1|0|00
2026|01|527010|015|08|CD|6215|FAH|01|51|1|003|100|JA|524114|019|A|0|0| |0|01|||3|Uang Saku Peserta|14|ORG|2|HR|1|FR|0||28|OH|100750|2821000|0|0|0|0||0|0|0|0||| |0|0|| |-  -|0|235000|235000|235000|235000|235000|235000|235000|235000|235000|235000|235000|236000|0||0|||1|0|00
2026|01|527010|015|08|CD|6215|FAH|01|51|1|003|100|JA|524114|019|A|0|0| |0|01|||4|Uang Saku Narasumber|14|ORG|2|HR|1|FR|0||28|OH|100750|2821000|0|0|0|0||0|0|0|0||| |0|0|| |-  -|0|235000|235000|235000|235000|235000|235000|235000|235000|235000|235000|235000|236000|0||0|||1|0|00
2026|01|527010|015|08|CD|6215|FAH|01|51|1|003|100|JA|524114|019|A|0|0| |0|02||1|5|Penyusunan Laporan Keuangan BUN Audited TA 2025|0||0||0||0||0||0|0|0|0|0|0||0|0|0|0||| |0|0|| |-  -|0|0|0|0|0|0|0|0|0|0|0|0|0|0||0|||1|0|00
2026|01|527010|015|08|CD|6215|FAH|01|51|1|003|100|JA|524114|019|A|0|0| |0|02|||6|Transport Peserta|13|ORG|1|FR|0||0||13|OF|117770|1531000|0|0|0|0||0|0|0|0||| |0|0|| |-  -|0|127000|127000|127000|127000|127000|127000|127000|127000|127000|127000|127000|134000|0||0|||1|0|00
2026|01|527010|015|08|CD|6215|FAH|01|51|1|003|100|JA|524114|019|A|0|0| |0|02|||7|Uang Saku Peserta|13|ORG|2|HR|1|FR|0||26|OH|100731|2619000|0|0|0|0||0|0|0|0||| |0|0|| |-  -|0|218000|218000|218000|218000|218000|218000|218000|218000|218000|218000|218000|221000|0||0|||1|0|00
2026|01|527010|015|08|CD|6215|FAH|01|51|1|003|100|JA|524114|019|A|0|0| |0|02|||8|Uang Saku Peserta|13|ORG|2|HR|1|FR|0||26|OH|100731|2619000|0|0|0|0||0|0|0|0||| |0|0|| |-  -|0|218000|218000|218000|218000|218000|218000|218000|218000|218000|218000|218000|221000|0||0|||1|0|00
2026|01|527010|015|08|CD|6215|FAH|01|51|1|003|100|JA|524114|019|A|0|0| |0|02|||9|Uang Saku Peserta|2|ORG|1|HR|1|FR|0||2|OH|100500|201000|0|0|0|0||0|0|0|0||| |0|0|| |-  -|0|16000|16000|16000|16000|16000|16000|16000|16000|16000|16000|16000|25000|0||0|||1|0|00
2026|01|527010|015|08|CD|6215|FAH|01|51|1|003|100|JB|521211|019|A|0|0| |0|01||1|1|Penyusunan Laporan Keuangan BUN Semester I TA 2026|0||0||0||0||0||0|0|0|0|0|0||0|0|0|0||| |0|0|| |-  -|0|0|0|0|0|0|0|0|0|0|0|0|0|0||0|||1|0|00
2026|01|527010|015|08|CD|6215|FAH|01|51|1|003|100|JB|521211|019|A|0|0| |0|01|||2|CTK  ATK dan Bahan Habis Pakai|1|PKT|1|FR|0||0||1|PKT|653000|653000|0|0|0|0||0|0|0|0||| |0|0|| |-  -|0|54000|54000|54000|54000|54000|54000|54000|54000|54000|54000|54000|59000|0||0|||1|0|00
2026|01|527010|015|08|CD|6215|FAH|01|51|1|003|100|OA|521211|019|A|0|0| |0||||1|KDM  Makan Rapat|25|ORG|4|KEG|0||0||100|OK|33390|3339000|0|0|0|0||0|0|0|0||| |0|0|| |-  -|0|278000|278000|278000|278000|278000|278000|278000|278000|278000|278000|278000|281000|0||0|||1|0|00
2026|01|527010|015|08|CD|6215|FAH|01|51|1|003|100|OA|521211|019|A|0|0| |0||||2|KDM  Snack Rapat|25|ORG|4|KEG|0||0||100|OK|15120|1512000|0|0|0|0||0|0|0|0||| |0|0|| |-  -|0|126000|126000|126000|126000|126000|126000|126000|126000|126000|126000|126000|126000|0||0|||1|0|00
2026|01|527010|015|08|CD|6215|FAH|01|51|1|003|100|OA|521211|019|A|0|0| |0||||3|KDM  Makan Rapat Biasa (Penyusunan Buku Merah)|60|ORG|2|KEG|0||0||120|OK|33392|4007000|0|0|0|0||0|0|0|0||| |0|0|| |-  -|0|333000|333000|333000|333000|333000|333000|333000|333000|333000|333000|333000|344000|0||0|||1|0|00
2026|01|527010|015|08|CD|6215|FAH|01|51|1|003|100|OA|521211|019|A|0|0| |0||||4|KDM  Snack Rapat Biasa (Penyusunan Buku Merah)|60|ORG|2|KEG|0||0||120|OK|15117|1814000|0|0|0|0||0|0|0|0||| |0|0|| |-  -|0|151000|151000|151000|151000|151000|151000|151000|151000|151000|151000|151000|153000|0||0|||1|0|00
2026|01|527010|015|08|CD|6215|FAH|01|51|1|003|100|OB|521211|019|A|0|0| |0||||1|CTK  Bahan Penunjang Kegiatan|0||0||0||0||1|KEG|630000|630000|0|0|0|0||0|0|0|0||| |0|0|| |-  -|0|52000|52000|52000|52000|52000|52000|52000|52000|52000|52000|52000|58000|0||0|||1|0|00
2026|01|527010|015|08|CD|6215|FAH|01|51|1|003|100|OB|524111|019|A|0|0| |0||||1|Akomodasi|3|ORG|2|LOK|2|HR|0||12|OF|658667|7904000|0|0|0|0||0|0|0|0||| |0|0|| |-  -|0|658000|658000|658000|658000|658000|658000|658000|658000|658000|658000|658000|666000|0||0|||1|0|00
2026|01|527010|015|08|CD|6215|FAH|01|51|1|003|100|OB|524111|019|A|0|0| |0||||2|Transport|3|ORG|2|LOK|1|FR|0||6|OF|2712167|16273000|0|0|0|0||0|0|0|0||| |0|0|| |-  -|0|1356000|1356000|1356000|1356000|1356000|1356000|1356000|1356000|1356000|1356000|1356000|1357000|0||0|||1|0|00
2026|01|527010|015|08|CD|6215|FAH|01|51|1|003|100|OB|524111|019|A|0|0| |0||||3|Uang Harian|3|ORG|3|HR|2|LOK|0||18|OH|260389|4687000|0|0|0|0||0|0|0|0||| |0|0|| |-  -|0|390000|390000|390000|390000|390000|390000|390000|390000|390000|390000|390000|397000|0||0|||1|0|00
2026|01|527010|015|08|CD|6215|FAH|01|51|1|001|100|JA|521211|019|A|0|0| |0|01||1|1|Penyusunan Statistik Keuangan Pemerintah|0||0||0||0||0||0|0|0|0|0|0||0|0|0|0||| |0|0|| |-  -|0|0|0|0|0|0|0|0|0|0|0|0|0|0||0|||1|0|00
2026|01|527010|015|08|CD|6215|FAH|01|51|1|001|100|JA|521211|019|A|0|0| |0|01|||2|KDM  Makan Rapat|40|ORG|1|FR|0||0||40|OF|31500|1260000|0|0|0|0||0|0|0|0||| |0|0|| |-  -|0|105000|105000|105000|105000|105000|105000|105000|105000|105000|105000|105000|105000|0||0|||1|0|00
2026|01|527010|015|08|CD|6215|FAH|01|51|1|001|100|JA|521211|019|A|0|0| |0|01|||3|KDM  Snack Rapat|50|ORG|2|FR|0||0||100|OF|13860|1386000|0|0|0|0||0|0|0|0||| |0|0|| |-  -|0|115000|115000|115000|115000|115000|115000|115000|115000|115000|115000|115000|121000|0||0|||1|0|00
2026|01|527010|015|08|CD|6215|FAH|01|51|1|001|100|JA|521211|019|A|0|0| |0|01|||4|CTK  Pencetakan Laporan Keuangan Sektor Publik|50|EKS|2|FR|0||0||100|EKS|144320|14432000|0|0|0|0||0|0|0|0||| |0|0|| |-  -|0|1202000|1202000|1202000|1202000|1202000|1202000|1202000|1202000|1202000|1202000|1202000|1210000|0||0|||1|0|00
2026|01|527010|015|08|CD|6215|FAH|01|51|1|001|100|JA|521211|019|A|0|0| |0|01|||5|CTK  ATKBahan|1|PKT|1|FR|0||0||1|PKT|424000|424000|0|0|0|0||0|0|0|0||| |0|0|| |-  -|0|35000|35000|35000|35000|35000|35000|35000|35000|35000|35000|35000|39000|0||0|||1|0|00
2026|01|527010|015|08|CD|6215|FAH|01|51|1|001|100|JA|524111|019|A|0|0| |0||||1|Akomodasi|1|ORG|1|HR|1|FR|0||1|OF|542000|542000|0|0|0|0||0|0|0|0||| |0|0|| |-  -|0|45000|45000|45000|45000|45000|45000|45000|45000|45000|45000|45000|47000|0||0|||1|0|00
2026|01|527010|015|08|CD|6215|FAH|01|51|1|001|100|JA|524111|019|A|0|0| |0||||2|Transport|1|ORG|1|FR|0||0||1|OF|1010000|1010000|0|0|0|0||0|0|0|0||| |0|0|| |-  -|0|84000|84000|84000|84000|84000|84000|84000|84000|84000|84000|84000|86000|0||0|||1|0|00
2026|01|527010|015|08|CD|6215|FAH|01|51|1|001|100|JA|524111|019|A|0|0| |0||||3|Uang Saku Harian|1|ORG|2|HR|1|FR|0||2|OF|297500|595000|0|0|0|0||0|0|0|0||| |0|0|| |-  -|0|49000|49000|49000|49000|49000|49000|49000|49000|49000|49000|49000|56000|0||0|||1|0|00
2026|01|527010|015|08|CD|6215|FAH|01|51|1|005|100|HA|524111|019|A|0|0| |0||||1|Tiket PP|2|ORG|1|HARI|1|FREK|0||2|OK|2324500|4649000|0|0|0|0||0|0|0|0||| |0|0|| |-  -|0|387000|387000|387000|387000|387000|387000|387000|387000|387000|387000|387000|392000|0||0|||1|0|00
2026|01|527010|015|08|CD|6215|FAH|01|51|1|005|100|HA|524111|019|A|0|0| |0||||2|Uang Harian|3|ORG|2|HARI|1|FREK|0||6|OH|279000|1674000|0|0|0|0||0|0|0|0||| |0|0|| |-  -|0|139000|139000|139000|139000|139000|139000|139000|139000|139000|139000|139000|145000|0||0|||1|0|00
2026|01|527010|015|08|CD|6215|FAH|01|51|1|005|100|HA|524111|019|A|0|0| |0||||3|Biaya Penginapan|2|ORG|2|HARI|1|FREK|0||4|OH|387500|1550000|0|0|0|0||0|0|0|0||| |0|0|| |-  -|0|129000|129000|129000|129000|129000|129000|129000|129000|129000|129000|129000|131000|0||0|||1|0|00
2026|01|527010|015|08|CD|6215|FAH|01|51|1|005|100|HA|524113|019|A|0|0| |0|01||1|1|Kegiatan Penyediaan Kebutuhan Besaran Anggaran Investasi Pemerintah|0||0||0||0||0||0|0|0|0|0|0||0|0|0|0||| |0|0|| |-  -|0|0|0|0|0|0|0|0|0|0|0|0|0|0||0|||1|0|00
2026|01|527010|015|08|CD|6215|FAH|01|51|1|005|100|HA|524113|019|A|0|0| |0|01|||2|Transport Lokal|6|ORG|1|LOK|1|HARI|3|FREK|18|OK|131723|2371000|0|0|0|0||0|0|0|0||| |0|0|| |-  -|0|197000|197000|197000|197000|197000|197000|197000|197000|197000|197000|197000|204000|0||0|||1|0|00
2026|01|527010|015|08|CD|6215|FAH|01|51|1|005|100|HA|524113|019|A|0|0| |0|01|||3|Uang Harian|2|ORG|1|LOK|2|HARI|1|FREK|4|OH|130250|521000|0|0|0|0||0|0|0|0||| |0|0|| |-  -|0|43000|43000|43000|43000|43000|43000|43000|43000|43000|43000|43000|48000|0||0|||1|0|00
2026|01|527010|015|08|CD|6216|AAA|01|51|1|A01|100|JA|521211|019|A|0|0| |0||||1|KDM  Makan Rapat|12|ORG|5|FR|0||0||60|OF|35917|2155000|0|0|0|0||0|0|0|0||| |0|0|| |-  -|0|179000|179000|179000|179000|179000|179000|179000|179000|179000|179000|179000|186000|0||0|||1|0|00
2026|01|527010|015|08|CD|6216|AAA|01|51|1|A01|100|JA|521211|019|A|0|0| |0||||2|CTK  Pencetakan Jawaban Menteri Keuangan atas Pertanyaan DPR RI|52|EKS|1|FR|0||0||52|EKS|63000|3276000|0|0|0|0||0|0|0|0||| |0|0|| |-  -|0|273000|273000|273000|273000|273000|273000|273000|273000|273000|273000|273000|273000|0||0|||1|0|00
2026|01|527010|015|08|CD|6216|AAA|01|51|1|A01|100|JA|521211|019|A|0|0| |0||||3|CTK  Pencetakan Penjelasan Pemerintah atas RUU PP APBN TA 2025|52|EKS|1|FR|0||0||52|EKS|63000|3276000|0|0|0|0||0|0|0|0||| |0|0|| |-  -|0|273000|273000|273000|273000|273000|273000|273000|273000|273000|273000|273000|273000|0||0|||1|0|00
2026|01|527010|015|08|CD|6216|AAA|01|51|1|A01|100|JA|521211|019|A|0|0| |0||||4|CTK  Pencetakan Draft RUU PP APBN TA 2025|52|EKS|1|FR|0||0||52|EKS|63000|3276000|0|0|0|0||0|0|0|0||| |0|0|| |-  -|0|273000|273000|273000|273000|273000|273000|273000|273000|273000|273000|273000|273000|0||0|||1|0|00
2026|01|527010|015|08|CD|6216|AAA|01|51|1|A01|100|JA|521211|019|A|0|0| |0||||5|CTK  Pencetakan UU PP APBN TA 2025|52|EKS|1|FR|0||0||52|EKS|63000|3276000|0|0|0|0||0|0|0|0||| |0|0|| |-  -|0|273000|273000|273000|273000|273000|273000|273000|273000|273000|273000|273000|273000|0||0|||1|0|00
2026|01|527010|015|08|CD|6216|AAA|01|51|1|A01|100|JB|521213|019|A|0|0| |0||||1|Tim Pengarah|14|ORG|7|BLN|0||0||98|OB|682500|66885000|0|0|0|0||0|0|0|0||| |0|0|| |-  -|0|5573000|5573000|5573000|5573000|5573000|5573000|5573000|5573000|5573000|5573000|5573000|5582000|0||0|||1|0|00
2026|01|527010|015|08|CD|6216|AAA|01|51|1|A01|100|JB|521213|019|A|0|0| |0||||2|Ketua Tim Pelaksana|1|ORG|7|BLN|0||0||7|OB|546000|3822000|0|0|0|0||0|0|0|0||| |0|0|| |-  -|0|318000|318000|318000|318000|318000|318000|318000|318000|318000|318000|318000|324000|0||0|||1|0|00
2026|01|527010|015|08|CD|6216|AAA|01|51|1|A01|100|JB|521213|019|A|0|0| |0||||3|Wakil Ketua Tim Pelaksana|1|ORG|7|BLN|0||0||7|OB|464143|3249000|0|0|0|0||0|0|0|0||| |0|0|| |-  -|0|270000|270000|270000|270000|270000|270000|270000|270000|270000|270000|270000|279000|0||0|||1|0|00
2026|01|527010|015|08|CD|6216|AAA|01|51|1|A01|100|JB|521213|019|A|0|0| |0||||4|Anggota Tim Pelaksana|64|ORG|7|BLN|0||0||448|OB|409500|183456000|0|0|0|0||0|0|0|0||| |0|0|| |-  -|0|15288000|15288000|15288000|15288000|15288000|15288000|15288000|15288000|15288000|15288000|15288000|15288000|0||0|||1|0|00
2026|01|527010|015|08|CD|6216|AAA|01|51|1|A01|100|JB|521213|019|A|0|0| |0||||5|Ketua Tim Sekretariat|1|ORG|7|BLN|0||0||7|OB|136429|955000|0|0|0|0||0|0|0|0||| |0|0|| |-  -|0|79000|79000|79000|79000|79000|79000|79000|79000|79000|79000|79000|86000|0||0|||1|0|00
2026|01|527010|015|08|CD|6216|AAA|01|51|1|A01|100|JB|521213|019|A|0|0| |0||||6|Anggota Tim Sekretariat|6|ORG|7|BLN|0||0||42|OB|120120|5045000|0|0|0|0||0|0|0|0||| |0|0|| |-  -|0|420000|420000|420000|420000|420000|420000|420000|420000|420000|420000|420000|425000|0||0|||1|0|00
2026|01|527010|015|08|CD|6216|AAA|01|51|1|A01|100|JB|524113|019|A|0|0| |0||||1|Transport Dalam Kota Pembahasan RUU|10|ORG|5|FR|0||0||50|OH|131740|6587000|0|0|0|0||0|0|0|0||| |0|0|| |-  -|0|548000|548000|548000|548000|548000|548000|548000|548000|548000|548000|548000|559000|0||0|||1|0|00
2026|01|527010|015|08|CD|6216|AAA|01|51|1|A01|100|JB|524113|019|A|0|0| |0||||2|Uang Harian  8 Jam|10|ORG|1|HR|5|FR|0||50|OHF|128480|6424000|0|0|0|0||0|0|0|0||| |0|0|| |-  -|0|535000|535000|535000|535000|535000|535000|535000|535000|535000|535000|535000|539000|0||0|||1|0|00
2026|01|527010|015|08|CD|6216|AAC|01|51|1|B01|100|SA|521211|019|A|0|0| |0||||1|KDM  Konsumsi FGD snack|40|ORG|2|fr|0||0||80|OF|15125|1210000|0|0|0|0||0|0|0|0||| |0|0|| |-  -|0|100000|100000|100000|100000|100000|100000|100000|100000|100000|100000|100000|110000|0||0|||1|0|00
2026|01|527010|015|08|CD|6216|AAC|01|51|1|B01|100|SA|521211|019|A|0|0| |0||||2|KDM  Konsumsi FGD makan|40|org|2|fr|0||0||80|OF|33388|2671000|0|0|0|0||0|0|0|0||| |0|0|| |-  -|0|222000|222000|222000|222000|222000|222000|222000|222000|222000|222000|222000|229000|0||0|||1|0|00
2026|01|527010|015|08|CD|6216|AAC|01|51|1|B01|100|SA|521211|019|A|0|0| |0||||3|KDM  Snack Rapat|25|org|15|fr|0||0||375|OF|15120|5670000|0|0|0|0||0|0|0|0||| |0|0|| |-  -|0|472000|472000|472000|472000|472000|472000|472000|472000|472000|472000|472000|478000|0||0|||1|0|00
2026|01|527010|015|08|CD|6216|AAC|01|51|1|B01|100|SA|521211|019|A|0|0| |0||||4|KDM  Makan Rapat|25|org|15|fr|0||0||375|OF|33390|12521000|0|0|0|0||0|0|0|0||| |0|0|| |-  -|0|1043000|1043000|1043000|1043000|1043000|1043000|1043000|1043000|1043000|1043000|1043000|1048000|0||0|||1|0|00
2026|01|527010|015|08|CD|6216|AAC|01|51|1|B01|100|SA|521211|019|A|0|0| |0||||5|CTK  Pencetakan|1|PKT|2|fr|0||0||2|OF|630000|1260000|0|0|0|0||0|0|0|0||| |0|0|| |-  -|0|105000|105000|105000|105000|105000|105000|105000|105000|105000|105000|105000|105000|0||0|||1|0|00
2026|01|527010|015|08|CD|6216|AAC|01|51|1|B01|100|SA|522151|019|A|0|0| |0||||1|Honorarium Narasumber dari KL lain (Es II)|6|org|2|jam|0||0||12|OJ|880000|10560000|0|0|0|0||0|0|0|0||| |0|0|| |-  -|0|880000|880000|880000|880000|880000|880000|880000|880000|880000|880000|880000|880000|0||0|||1|0|00
2026|01|527010|015|08|CD|6216|AAC|01|51|1|B01|100|SA|522151|019|A|0|0| |0||||2|Honorarium Narasumberdari KL lain (Es IIIIV)|1|org|3|jam|0||0||3|OJ|792000|2376000|0|0|0|0||0|0|0|0||| |0|0|| |-  -|0|198000|198000|198000|198000|198000|198000|198000|198000|198000|198000|198000|198000|0||0|||1|0|00
2026|01|527010|015|08|CD|6216|AAC|01|51|1|B01|100|SA|524111|019|A|0|0| |0||||1|Akomodasi|6|org|2|hr|1|fr|1|lok|12|OHFL|728417|8741000|0|0|0|0||0|0|0|0||| |0|0|| |-  -|0|728000|728000|728000|728000|728000|728000|728000|728000|728000|728000|728000|733000|0||0|||1|0|00
2026|01|527010|015|08|CD|6216|AAC|01|51|1|B01|100|SA|524111|019|A|0|0| |0||||2|Uang Harian|6|org|3|hr|1|fr|1|lok|18|OHFL|263445|4742000|0|0|0|0||0|0|0|0||| |0|0|| |-  -|0|395000|395000|395000|395000|395000|395000|395000|395000|395000|395000|395000|397000|0||0|||1|0|00
2026|01|527010|015|08|CD|6216|AAC|01|51|1|B01|100|SA|524111|019|A|0|0| |0||||3|Transportasi|6|org|1|fr|1|lok|0||6|OK|1472334|8834000|0|0|0|0||0|0|0|0||| |0|0|| |-  -|0|736000|736000|736000|736000|736000|736000|736000|736000|736000|736000|736000|738000|0||0|||1|0|00
2026|01|527010|015|08|CD|6216|AAG|01|51|1|D01|100|IA|521211|019|A|0|0| |0|01||1|1|RAPAT PEMBAHASAN|0||0||0||0||0||0|0|0|0|0|0||0|0|0|0||| |0|0|| |-  -|0|0|0|0|0|0|0|0|0|0|0|0|0|0||0|||1|0|00
2026|01|527010|015|08|CD|6216|AAG|01|51|1|D01|100|IA|521211|019|A|0|0| |0|01|||2|KDM  Snack Rapat|20|ORG|3|FR|12|BLN|0||720|OF|15120|10886000|0|0|0|0||0|0|0|0||| |0|0|| |-  -|0|907000|907000|907000|907000|907000|907000|907000|907000|907000|907000|907000|909000|0||0|||1|0|00
2026|01|527010|015|08|CD|6216|AAG|01|51|1|D01|100|IA|521211|019|A|0|0| |0|01|||3|KDM  Makan Rapat|20|ORG|3|FR|12|BLN|0||720|OF|35910|25855000|0|0|0|0||0|0|0|0||| |0|0|| |-  -|0|2154000|2154000|2154000|2154000|2154000|2154000|2154000|2154000|2154000|2154000|2154000|2161000|0||0|||1|0|00
2026|01|527010|015|08|CD|6216|AAG|01|51|1|D01|100|IA|521213|019|A|0|0| |0|01||1|1|TIM PENETAPAN STATUS SATKER BLU|0||0||0||0||0||0|0|0|0|0|0||0|0|0|0||| |0|0|| |-  -|0|0|0|0|0|0|0|0|0|0|0|0|0|0||0|||1|0|00
2026|01|527010|015|08|CD|6216|AAG|01|51|1|D01|100|IA|521213|019|A|0|0| |0|01|||2|Anggota|12|ORG|12|BLN|0||0||144|OB|455000|65520000|0|0|0|0||0|0|0|0||| |0|0|| |-  -|0|5460000|5460000|5460000|5460000|5460000|5460000|5460000|5460000|5460000|5460000|5460000|5460000|0||0|||1|0|00
2026|01|527010|015|08|CD|6216|AAG|01|51|1|D01|100|IB|521211|019|A|0|0| |0|01||1|1|RAPAT PEMBAHASAN|0||0||0||0||0||0|0|0|0|0|0||0|0|0|0||| |0|0|| |-  -|0|0|0|0|0|0|0|0|0|0|0|0|0|0||0|||1|0|00
2026|01|527010|015|08|CD|6216|AAG|01|51|1|D01|100|IB|521211|019|A|0|0| |0|01|||2|KDM  Snack Rapat|20|ORG|5|FR|12|BLN|0||1200|OF|15120|18144000|0|0|0|0||0|0|0|0||| |0|0|| |-  -|0|1512000|1512000|1512000|1512000|1512000|1512000|1512000|1512000|1512000|1512000|1512000|1512000|0||0|||1|0|00
2026|01|527010|015|08|CD|6216|AAG|01|51|1|D01|100|IB|521213|019|A|0|0| |0|01||1|1|TIM PENETAPAN TARIF dan REMUNERASI SATKER BLU|0||0||0||0||0||0|0|0|0|0|0||0|0|0|0||| |0|0|| |-  -|0|0|0|0|0|0|0|0|0|0|0|0|0|0||0|||1|0|00
2026|01|527010|015|08|CD|6216|AAG|01|51|1|D01|100|IB|521213|019|A|0|0| |0|01|||2|Anggota Tim Teknis|12|ORG|12|BLN|0||0||144|OB|455000|65520000|0|0|0|0||0|0|0|0||| |0|0|| |-  -|0|5460000|5460000|5460000|5460000|5460000|5460000|5460000|5460000|5460000|5460000|5460000|5460000|0||0|||1|0|00
2026|01|527010|015|08|CD|6216|AAG|01|51|1|E02|100|HA|522151|019|A|0|0| |0||||1|Narasumber Tenaga Profesional|2|ORG|2|JAM|1|FREK|0||4|OJ|1496000|5984000|0|0|0|0||0|0|0|0||| |0|0|| |-  -|0|498000|498000|498000|498000|498000|498000|498000|498000|498000|498000|498000|506000|0||0|||1|0|00
2026|01|527010|015|08|CD|6216|AAG|01|51|1|E01|100|FA|521211|019|A|0|0| |0||||1|KDM  Makan Rapat|30|ORG|1|HARI|5|FREK|0||150|OK|35907|5386000|0|0|0|0||0|0|0|0||| |0|0|| |-  -|0|448000|448000|448000|448000|448000|448000|448000|448000|448000|448000|448000|458000|0||0|||1|0|00
2026|01|527010|015|08|CD|6216|AAG|01|51|1|E01|100|FA|521211|019|A|0|0| |0||||2|KDM  Snack Rapat|30|ORG|1|HARI|5|FREK|0||150|OK|15120|2268000|0|0|0|0||0|0|0|0||| |0|0|| |-  -|0|189000|189000|189000|189000|189000|189000|189000|189000|189000|189000|189000|189000|0||0|||1|0|00
2026|01|527010|015|08|CD|6216|AAG|01|51|1|E01|100|FA|524111|019|A|0|0| |0||||1|Penginapan|5|ORG|7|LOK|2|HARI|1|FREK|70|OH|660215|46215000|0|0|0|0||0|0|0|0||| |0|0|| |-  -|0|3851000|3851000|3851000|3851000|3851000|3851000|3851000|3851000|3851000|3851000|3851000|3854000|0||0|||1|0|00
2026|01|527010|015|08|CD|6216|AAG|01|51|1|E01|100|FA|524111|019|A|0|0| |0||||2|Uang Transport Luar Kota|5|ORG|7|LOK|1|FREK|0||35|OK|2169715|75940000|0|0|0|0||0|0|0|0||| |0|0|| |-  -|0|6328000|6328000|6328000|6328000|6328000|6328000|6328000|6328000|6328000|6328000|6328000|6332000|0||0|||1|0|00
2026|01|527010|015|08|CD|6216|AAG|01|51|1|E01|100|FA|524111|019|A|0|0| |0||||3|Uang Harian Luar Kota|5|ORG|7|LOK|3|HARI|1|FREK|105|OH|278962|29291000|0|0|0|0||0|0|0|0||| |0|0|| |-  -|0|2440000|2440000|2440000|2440000|2440000|2440000|2440000|2440000|2440000|2440000|2440000|2451000|0||0|||1|0|00
2026|01|527010|015|08|CD|6216|AAH|01|51|1|F01|100|JA|521211|019|A|0|0| |0||||1|CTK  Pencetakan dan Penggandaan Buku Panduan Teknis|70|BUKU|1|FR|0||0||70|BUKU|94500|6615000|0|0|0|0||0|0|0|0||| |0|0|| |-  -|0|551000|551000|551000|551000|551000|551000|551000|551000|551000|551000|551000|554000|0||0|||1|0|00
2026|01|527010|015|08|CD|6216|AAH|01|51|1|F01|100|JA|521213|019|A|0|0| |0||||1|Penanggung Jawab|1|ORG|2|OTR|0||0||2|OTR|273000|546000|0|0|0|0||0|0|0|0||| |0|0|| |-  -|0|45000|45000|45000|45000|45000|45000|45000|45000|45000|45000|45000|51000|0||0|||1|0|00
2026|01|527010|015|08|CD|6216|AAH|01|51|1|F01|100|JA|521213|019|A|0|0| |0||||2|Redaktur|1|ORG|2|OTR|0||0||2|OTR|218500|437000|0|0|0|0||0|0|0|0||| |0|0|| |-  -|0|36000|36000|36000|36000|36000|36000|36000|36000|36000|36000|36000|41000|0||0|||1|0|00
2026|01|527010|015|08|CD|6216|AAH|01|51|1|F01|100|JA|521213|019|A|0|0| |0||||3|Penyunting Editor|20|ORG|2|OTR|0||0||40|OTR|163800|6552000|0|0|0|0||0|0|0|0||| |0|0|| |-  -|0|546000|546000|546000|546000|546000|546000|546000|546000|546000|546000|546000|546000|0||0|||1|0|00
2026|01|527010|015|08|CD|6216|AAH|01|51|1|F01|100|JA|521213|019|A|0|0| |0||||4|Pembuat Artikel|47|ORG|2|OTR|0||0||94|OTR|109203|10265000|0|0|0|0||0|0|0|0||| |0|0|| |-  -|0|855000|855000|855000|855000|855000|855000|855000|855000|855000|855000|855000|860000|0||0|||1|0|00
2026|01|527010|015|08|CD|6216|AAH|01|51|1|F01|100|JA|521213|019|A|0|0| |0||||5|Desain Grafis|4|ORG|2|OTR|0||0||8|OTR|98250|786000|0|0|0|0||0|0|0|0||| |0|0|| |-  -|0|65000|65000|65000|65000|65000|65000|65000|65000|65000|65000|65000|71000|0||0|||1|0|00
2026|01|527010|015|08|CD|6216|AAH|01|51|1|F01|100|JA|521213|019|A|0|0| |0||||6|Sekretaris|6|ORG|2|OTR|0||0||12|OTR|81917|983000|0|0|0|0||0|0|0|0||| |0|0|| |-  -|0|81000|81000|81000|81000|81000|81000|81000|81000|81000|81000|81000|92000|0||0|||1|0|00
2026|01|527010|015|08|CD|6216|AAH|01|51|1|F01|100|JB|524111|019|A|0|0| |0||||1|Transport|2|ORG|2|FR|0||0||4|OH|930750|3723000|0|0|0|0||0|0|0|0||| |0|0|| |-  -|0|310000|310000|310000|310000|310000|310000|310000|310000|310000|310000|310000|313000|0||0|||1|0|00
2026|01|527010|015|08|CD|6216|AAH|01|51|1|F01|100|JB|524111|019|A|0|0| |0||||2|Akomodasi|2|ORG|2|HR|2|FR|0||8|OH|465000|3720000|0|0|0|0||0|0|0|0||| |0|0|| |-  -|0|310000|310000|310000|310000|310000|310000|310000|310000|310000|310000|310000|310000|0||0|||1|0|00
2026|01|527010|015|08|CD|6216|AAH|01|51|1|F01|100|JB|524111|019|A|0|0| |0||||3|Uang Saku Harian|2|ORG|3|HR|2|FR|0||12|OH|291334|3496000|0|0|0|0||0|0|0|0||| |0|0|| |-  -|0|291000|291000|291000|291000|291000|291000|291000|291000|291000|291000|291000|295000|0||0|||1|0|00
2026|01|527010|015|08|CD|6216|AAH|01|51|1|F01|100|JB|524114|019|A|0|0| |0|01||1|1|Rapat Evaluasi dan Tinjut Temuan BPK atas Pengembangan SAPP|0||0||0||0||0||0|0|0|0|0|0||0|0|0|0||| |0|0|| |-  -|0|0|0|0|0|0|0|0|0|0|0|0|0|0||0|||1|0|00
2026|01|527010|015|08|CD|6216|AAH|01|51|1|F01|100|JB|524114|019|A|0|0| |0|01|||2|Transport|12|ORG|2|FR|0||0||24|OF|120125|2883000|0|0|0|0||0|0|0|0||| |0|0|| |-  -|0|240000|240000|240000|240000|240000|240000|240000|240000|240000|240000|240000|243000|0||0|||1|0|00
2026|01|527010|015|08|CD|6216|AAH|01|51|1|F01|100|JB|524114|019|A|0|0| |0|01|||3|Uang Saku|12|ORG|3|HR|2|FR|0||72|OH|100737|7253000|0|0|0|0||0|0|0|0||| |0|0|| |-  -|0|604000|604000|604000|604000|604000|604000|604000|604000|604000|604000|604000|609000|0||0|||1|0|00
2026|01|527010|015|08|CD|6216|AAH|01|51|1|F01|100|JB|524114|019|A|0|0| |0|02||1|4|Rapat Pengembangan SAPP Tahun 2026|0||0||0||0||0||0|0|0|0|0|0||0|0|0|0||| |0|0|| |-  -|0|0|0|0|0|0|0|0|0|0|0|0|0|0||0|||1|0|00
2026|01|527010|015|08|CD|6216|AAH|01|51|1|F01|100|JB|524114|019|A|0|0| |0|02|||5|Transport|12|ORG|1|FR|0||0||12|OF|116584|1399000|0|0|0|0||0|0|0|0||| |0|0|| |-  -|0|116000|116000|116000|116000|116000|116000|116000|116000|116000|116000|116000|123000|0||0|||1|0|00
2026|01|527010|015|08|CD|6216|AAH|01|51|1|F01|100|JB|524114|019|A|0|0| |0|02|||6|Uang Saku Harian|12|ORG|2|HR|1|FR|0||24|OH|89875|2157000|0|0|0|0||0|0|0|0||| |0|0|| |-  -|0|179000|179000|179000|179000|179000|179000|179000|179000|179000|179000|179000|188000|0||0|||1|0|00
2026|01|527010|015|08|CD|6216|AAH|01|51|1|F01|100|JC|521211|019|A|0|0| |0|01||1|1|FGD Pembahasan Draft Peraturan|0||0||0||0||0||0|0|0|0|0|0||0|0|0|0||| |0|0|| |-  -|0|0|0|0|0|0|0|0|0|0|0|0|0|0||0|||1|0|00
2026|01|527010|015|08|CD|6216|AAH|01|51|1|F01|100|JC|521211|019|A|0|0| |0|04|||10|KDM  Snack Rapat|26|ORG|4|FR|0||0||104|OF|15116|1572000|0|0|0|0||0|0|0|0||| |0|0|| |-  -|0|131000|131000|131000|131000|131000|131000|131000|131000|131000|131000|131000|131000|0||0|||1|0|00
2026|01|527010|015|08|CD|6216|AAH|01|51|1|F01|100|JC|521211|019|A|0|0| |0|01|||2|KDM  Makan Rapat|24|ORG|3|FR|0||0||72|OF|35917|2586000|0|0|0|0||0|0|0|0||| |0|0|| |-  -|0|215000|215000|215000|215000|215000|215000|215000|215000|215000|215000|215000|221000|0||0|||1|0|00
2026|01|527010|015|08|CD|6216|AAH|01|51|1|F01|100|JC|521211|019|A|0|0| |0|01|||3|KDM  Snack Rapat|24|ORG|3|FR|0||0||72|OF|15125|1089000|0|0|0|0||0|0|0|0||| |0|0|| |-  -|0|90000|90000|90000|90000|90000|90000|90000|90000|90000|90000|90000|99000|0||0|||1|0|00
2026|01|527010|015|08|CD|6216|AAH|01|51|1|F01|100|JC|521211|019|A|0|0| |0|02||1|4|Rapat Finalisasi Peraturan SAPP|0||0||0||0||0||0|0|0|0|0|0||0|0|0|0||| |0|0|| |-  -|0|0|0|0|0|0|0|0|0|0|0|0|0|0||0|||1|0|00
2026|01|527010|015|08|CD|6216|AAH|01|51|1|F01|100|JC|521211|019|A|0|0| |0|02|||5|CTK  Penggandaan dan Pencetakan Peraturan|35|EKS|1|FR|0||0||35|EKS|100800|3528000|0|0|0|0||0|0|0|0||| |0|0|| |-  -|0|294000|294000|294000|294000|294000|294000|294000|294000|294000|294000|294000|294000|0||0|||1|0|00
2026|01|527010|015|08|CD|6216|AAH|01|51|1|F01|100|JC|521211|019|A|0|0| |0|03||1|6|Limited Hearing Uji Publik Peraturan SAPP|0||0||0||0||0||0|0|0|0|0|0||0|0|0|0||| |0|0|| |-  -|0|0|0|0|0|0|0|0|0|0|0|0|0|0||0|||1|0|00
2026|01|527010|015|08|CD|6216|AAH|01|51|1|F01|100|JC|521211|019|A|0|0| |0|03|||7|CTK  ATK, Bahan Habis Pakai dan Dokumentasi|1|PKT|1|FR|0||0||1|PKT|378000|378000|0|0|0|0||0|0|0|0||| |0|0|| |-  -|0|31000|31000|31000|31000|31000|31000|31000|31000|31000|31000|31000|37000|0||0|||1|0|00
2026|01|527010|015|08|CD|6216|AAH|01|51|1|F01|100|JC|521211|019|A|0|0| |0|04||1|8|Rapat Pembahasan Draft Peraturan|0||0||0||0||0||0|0|0|0|0|0||0|0|0|0||| |0|0|| |-  -|0|0|0|0|0|0|0|0|0|0|0|0|0|0||0|||1|0|00
2026|01|527010|015|08|CD|6216|AAH|01|51|1|F01|100|JC|521211|019|A|0|0| |0|04|||9|KDM  Makan Rapat|26|ORG|4|FR|0||0||104|OF|35914|3735000|0|0|0|0||0|0|0|0||| |0|0|| |-  -|0|311000|311000|311000|311000|311000|311000|311000|311000|311000|311000|311000|314000|0||0|||1|0|00
2026|01|527010|015|08|CD|6216|AAH|01|51|1|F01|100|JC|522151|019|A|0|0| |0|01||1|1|Persiapan dan Perumusan Peraturan SAPP|0||0||0||0||0||0|0|0|0|0|0||0|0|0|0||| |0|0|| |-  -|0|0|0|0|0|0|0|0|0|0|0|0|0|0||0|||1|0|00
2026|01|527010|015|08|CD|6216|AAH|01|51|1|F01|100|JC|522151|019|A|0|0| |0|01|||2|Biaya Narasumber|1|ORG|2|JAM|1|FR|0||2|OJ|616000|1232000|0|0|0|0||0|0|0|0||| |0|0|| |-  -|0|102000|102000|102000|102000|102000|102000|102000|102000|102000|102000|102000|110000|0||0|||1|0|00
2026|01|527010|015|08|CD|6216|AAH|01|51|1|F01|100|JC|522151|019|A|0|0| |0|01|||3|Biaya Narasumber Profesional|1|ORG|2|JAM|1|FR|0||2|OJ|1232000|2464000|0|0|0|0||0|0|0|0||| |0|0|| |-  -|0|205000|205000|205000|205000|205000|205000|205000|205000|205000|205000|205000|209000|0||0|||1|0|00
2026|01|527010|015|08|CD|6216|AAH|01|51|1|F01|100|JC|522151|019|A|0|0| |0|02||1|4|FGD Pembahasan Draft Peraturan|0||0||0||0||0||0|0|0|0|0|0||0|0|0|0||| |0|0|| |-  -|0|0|0|0|0|0|0|0|0|0|0|0|0|0||0|||1|0|00
2026|01|527010|015|08|CD|6216|AAH|01|51|1|F01|100|JC|522151|019|A|0|0| |0|02|||5|Biaya Narasumber|1|ORG|2|JAM|1|FR|0||2|OJ|616000|1232000|0|0|0|0||0|0|0|0||| |0|0|| |-  -|0|102000|102000|102000|102000|102000|102000|102000|102000|102000|102000|102000|110000|0||0|||1|0|00
2026|01|527010|015|08|CD|6216|AAH|01|51|1|F01|100|JC|522151|019|A|0|0| |0|02|||6|Biaya Narasumber Profesional|1|ORG|2|JAM|1|FR|0||2|OJ|1232000|2464000|0|0|0|0||0|0|0|0||| |0|0|| |-  -|0|205000|205000|205000|205000|205000|205000|205000|205000|205000|205000|205000|209000|0||0|||1|0|00
2026|01|527010|015|08|CD|6216|AAH|01|51|1|F01|100|JC|524111|019|A|0|0| |0||||1|Transport|3|ORG|1|FR|0||0||3|OH|1312667|3938000|0|0|0|0||0|0|0|0||| |0|0|| |-  -|0|328000|328000|328000|328000|328000|328000|328000|328000|328000|328000|328000|330000|0||0|||1|0|00
2026|01|527010|015|08|CD|6216|AAH|01|51|1|F01|100|JC|524111|019|A|0|0| |0||||2|Akomodasi|3|ORG|2|HR|1|FR|0||6|OH|465000|2790000|0|0|0|0||0|0|0|0||| |0|0|| |-  -|0|232000|232000|232000|232000|232000|232000|232000|232000|232000|232000|232000|238000|0||0|||1|0|00
2026|01|527010|015|08|CD|6216|AAH|01|51|1|F01|100|JC|524111|019|A|0|0| |0||||3|Uang Saku Harian|3|ORG|3|HR|1|FR|0||9|OH|359556|3236000|0|0|0|0||0|0|0|0||| |0|0|| |-  -|0|269000|269000|269000|269000|269000|269000|269000|269000|269000|269000|269000|277000|0||0|||1|0|00
2026|01|527010|015|08|CD|6216|AAH|01|51|1|F04|100|IA|521211|019|A|0|0| |0||||1|KDM  Snack Rapat|10|ORG|2|FR|12|BLN|0||240|OF|15121|3629000|0|0|0|0||0|0|0|0||| |0|0|| |-  -|0|302000|302000|302000|302000|302000|302000|302000|302000|302000|302000|302000|307000|0||0|||1|0|00
2026|01|527010|015|08|CD|6216|AAH|01|51|1|F04|100|IA|521211|019|A|0|0| |0||||2|KDM  Makan Rapat|10|ORG|2|FR|12|BLN|0||240|OF|35909|8618000|0|0|0|0||0|0|0|0||| |0|0|| |-  -|0|718000|718000|718000|718000|718000|718000|718000|718000|718000|718000|718000|720000|0||0|||1|0|00
2026|01|527010|015|08|CD|6216|AAH|01|51|1|F04|100|IB|521211|019|A|0|0| |0|01||1|1|RAPAT PEMBAHASAN|0||0||0||0||0||0|0|0|0|0|0||0|0|0|0||| |0|0|| |-  -|0|0|0|0|0|0|0|0|0|0|0|0|0|0||0|||1|0|00
2026|01|527010|015|08|CD|6216|AAH|01|51|1|F04|100|IB|521211|019|A|0|0| |0|01|||2|KDM  Snack Rapat|10|ORG|2|FR|12|BLN|0||240|OF|15121|3629000|0|0|0|0||0|0|0|0||| |0|0|| |-  -|0|302000|302000|302000|302000|302000|302000|302000|302000|302000|302000|302000|307000|0||0|||1|0|00
2026|01|527010|015|08|CD|6216|AAH|01|51|1|F04|100|IB|521211|019|A|0|0| |0|01|||3|KDM  Makan Rapat|10|ORG|2|FR|12|BLN|0||240|OF|35909|8618000|0|0|0|0||0|0|0|0||| |0|0|| |-  -|0|718000|718000|718000|718000|718000|718000|718000|718000|718000|718000|718000|720000|0||0|||1|0|00
2026|01|527010|015|08|CD|6216|AAH|01|51|1|F04|100|IB|522151|019|A|0|0| |0|01||1|1|SEMINARSHARING SESSION|0||0||0||0||0||0|0|0|0|0|0||0|0|0|0||| |0|0|| |-  -|0|0|0|0|0|0|0|0|0|0|0|0|0|0||0|||1|0|00
2026|01|527010|015|08|CD|6216|AAH|01|51|1|F04|100|IB|522151|019|A|0|0| |0|01|||2|Honor Narasumber Pejabat Eselon II yang disetarakan|2|ORG|2|JAM|3|FR|0||12|OJ|880000|10560000|0|0|0|0||0|0|0|0||| |0|0|| |-  -|0|880000|880000|880000|880000|880000|880000|880000|880000|880000|880000|880000|880000|0||0|||1|0|00
2026|01|527010|015|08|CD|6216|AAH|01|51|1|F04|100|IB|524119|019|A|0|0| |0||||1|Akomodasi Fullboard Es II|3|ORG|2|HR|2|FR|0||12|OH|867084|10405000|0|0|0|0||0|0|0|0||| |0|0|| |-  -|0|867000|867000|867000|867000|867000|867000|867000|867000|867000|867000|867000|868000|0||0|||1|0|00
2026|01|527010|015|08|CD|6216|AAH|01|51|1|F04|100|IB|524119|019|A|0|0| |0||||2|Akomodasi Fullboard Es III kebawah|27|ORG|2|HR|2|FR|0||108|OH|779547|84191000|0|0|0|0||0|0|0|0||| |0|0|| |-  -|0|7015000|7015000|7015000|7015000|7015000|7015000|7015000|7015000|7015000|7015000|7015000|7026000|0||0|||1|0|00
2026|01|527010|015|08|CD|6216|AAH|01|51|1|F04|100|IB|524119|019|A|0|0| |0||||3|Uang Saku|30|ORG|3|HR|2|FR|0||180|OH|100739|18133000|0|0|0|0||0|0|0|0||| |0|0|| |-  -|0|1511000|1511000|1511000|1511000|1511000|1511000|1511000|1511000|1511000|1511000|1511000|1512000|0||0|||1|0|00
2026|01|527010|015|08|CD|6216|AAH|01|51|1|F04|100|IB|524119|019|A|0|0| |0||||4|Biaya Transport|30|ORG|2|FR|0||0||60|OK|464934|27896000|0|0|0|0||0|0|0|0||| |0|0|| |-  -|0|2324000|2324000|2324000|2324000|2324000|2324000|2324000|2324000|2324000|2324000|2324000|2332000|0||0|||1|0|00
2026|01|527010|015|08|CD|6216|AAH|01|51|1|F03|100|OB|521211|019|A|0|0| |0||||1|KDM  Snack Rapat|30|ORG|1|KEG|0||0||30|OK|13867|416000|0|0|0|0||0|0|0|0||| |0|0|| |-  -|0|34000|34000|34000|34000|34000|34000|34000|34000|34000|34000|34000|42000|0||0|||1|0|00
2026|01|527010|015|08|CD|6216|AAH|01|51|1|F03|100|OB|521211|019|A|0|0| |0||||2|KDM  Makan Rapat|30|ORG|1|KEG|0||0||30|OK|33400|1002000|0|0|0|0||0|0|0|0||| |0|0|| |-  -|0|83000|83000|83000|83000|83000|83000|83000|83000|83000|83000|83000|89000|0||0|||1|0|00
2026|01|527010|015|08|CD|6216|AAH|01|51|1|F03|100|OB|524114|019|A|0|0| |0||||1|Transport Dalam Kota|25|ORG|1|FR|1|KEG|1|LOK|25|OH|116240|2906000|0|0|0|0||0|0|0|0||| |0|0|| |-  -|0|242000|242000|242000|242000|242000|242000|242000|242000|242000|242000|242000|244000|0||0|||1|0|00
2026|01|527010|015|08|CD|6216|AAH|01|51|1|F03|100|OB|524114|019|A|0|0| |0||||2|Paket Fullboard Dalam Kota|25|ORG|2|HR|1|Paket|0||50|OP|813640|40682000|0|0|0|0||0|0|0|0||| |0|0|| |-  -|0|3390000|3390000|3390000|3390000|3390000|3390000|3390000|3390000|3390000|3390000|3390000|3392000|0||0|||1|0|00
2026|01|527010|015|08|CD|6216|AAH|01|51|1|F03|100|OB|524114|019|A|0|0| |0||||3|Uang Saku|25|ORG|3|HR|1|KEG|1|LOK|75|OH|100734|7555000|0|0|0|0||0|0|0|0||| |0|0|| |-  -|0|629000|629000|629000|629000|629000|629000|629000|629000|629000|629000|629000|636000|0||0|||1|0|00
2026|01|527010|015|08|CD|6216|AAH|01|51|1|F02|100|SA|521211|019|A|0|0| |0||||1|KDM  Snack Rapat|25|ORG|18|fr|0||0||450|OF|15120|6804000|0|0|0|0||0|0|0|0||| |0|0|| |-  -|0|567000|567000|567000|567000|567000|567000|567000|567000|567000|567000|567000|567000|0||0|||1|0|00
2026|01|527010|015|08|CD|6216|AAH|01|51|1|F02|100|SA|521211|019|A|0|0| |0||||2|KDM  Makan Rapat|25|org|18|fr|0||0||450|OF|33389|15025000|0|0|0|0||0|0|0|0||| |0|0|| |-  -|0|1252000|1252000|1252000|1252000|1252000|1252000|1252000|1252000|1252000|1252000|1252000|1253000|0||0|||1|0|00
2026|01|527010|015|08|CD|6216|AAH|01|51|1|F02|100|SA|521211|019|A|0|0| |0||||3|KDM  Konsumsi FGD snack|40|org|1|fr|0||0||40|OF|15125|605000|0|0|0|0||0|0|0|0||| |0|0|| |-  -|0|50000|50000|50000|50000|50000|50000|50000|50000|50000|50000|50000|55000|0||0|||1|0|00
2026|01|527010|015|08|CD|6216|AAH|01|51|1|F02|100|SA|521211|019|A|0|0| |0||||4|KDM  Konsumsi FGD makan|40|org|1|fr|0||0||40|OF|33400|1336000|0|0|0|0||0|0|0|0||| |0|0|| |-  -|0|111000|111000|111000|111000|111000|111000|111000|111000|111000|111000|111000|115000|0||0|||1|0|00
2026|01|527010|015|08|CD|6216|AAH|01|51|1|F02|100|SA|522151|019|A|0|0| |0||||1|Honorarium Narasumber dari KL lain (Es IIIIV)|1|org|3|jam|0||0||3|OJ|792000|2376000|0|0|0|0||0|0|0|0||| |0|0|| |-  -|0|198000|198000|198000|198000|198000|198000|198000|198000|198000|198000|198000|198000|0||0|||1|0|00
2026|01|527010|015|08|CD|6216|AAH|01|51|1|F02|100|SA|522151|019|A|0|0| |0||||2|Honorarium Narasumber dari KL lain (Es II)|2|org|3|jam|0||0||6|OJ|880000|5280000|0|0|0|0||0|0|0|0||| |0|0|| |-  -|0|440000|440000|440000|440000|440000|440000|440000|440000|440000|440000|440000|440000|0||0|||1|0|00
2026|01|527010|015|08|CD|6216|AAH|01|51|1|F02|100|SA|524111|019|A|0|0| |0||||1|Akomodasi|3|org|2|hr|1|fr|3|lok|18|OHFL|680389|12247000|0|0|0|0||0|0|0|0||| |0|0|| |-  -|0|1020000|1020000|1020000|1020000|1020000|1020000|1020000|1020000|1020000|1020000|1020000|1027000|0||0|||1|0|00
2026|01|527010|015|08|CD|6216|AAH|01|51|1|F02|100|SA|524111|019|A|0|0| |0||||2|Uang Harian|3|org|3|hr|1|fr|3|lok|27|OHFL|246408|6653000|0|0|0|0||0|0|0|0||| |0|0|| |-  -|0|554000|554000|554000|554000|554000|554000|554000|554000|554000|554000|554000|559000|0||0|||1|0|00
2026|01|527010|015|08|CD|6216|AAH|01|51|1|F02|100|SA|524111|019|A|0|0| |0||||3|Trasnportasi|3|org|1|fr|3|lok|0||9|OK|3215889|28943000|0|0|0|0||0|0|0|0||| |0|0|| |-  -|0|2411000|2411000|2411000|2411000|2411000|2411000|2411000|2411000|2411000|2411000|2411000|2422000|0||0|||1|0|00
2026|01|527010|015|08|CD|6216|FAE|01|51|1|001|100|OA|521211|019|A|0|0| |0|01||1|1|Rapat Penyusunan Masukan Pemerintah terkait Pencetakan Uang oleh Bank Indonesia|0||0||0||0||0||0|0|0|0|0|0||0|0|0|0||| |0|0|| |-  -|0|0|0|0|0|0|0|0|0|0|0|0|0|0||0|||1|0|00
2026|01|527010|015|08|CD|6216|FAE|01|51|1|001|100|OA|521211|019|A|0|0| |0|01|||2|KDM  Snack Rapat|40|ORG|1|KEG|4|FR|0||160|OK|12250|1960000|0|0|0|0||0|0|0|0||| |0|0|| |-  -|0|230741|230741|230741|230741|230741|230741|230741|230741|114072|0|0|0|0||0|||1|0|00
2026|01|527010|015|08|CD|6216|FAE|01|51|1|001|100|OA|521211|019|A|0|0| |0|01|||3|KDM  Makan Rapat|40|ORG|1|KEG|4|FR|0||160|OK|35000|5600000|0|0|0|0||0|0|0|0||| |0|0|| |-  -|0|659259|659259|659259|659259|659259|659259|659259|659259|325928|0|0|0|0||0|||1|0|00
2026|01|527010|015|08|CD|6216|FAE|01|51|1|004|100|OA|521211|019|A|0|0| |0|01||1|1|Rekonsiliasi Data Rekening Pemerintah Pusat dengan KL dan Bank|0||0||0||0||0||0|0|0|0|0|0||0|0|0|0||| |0|0|| |-  -|0|0|0|0|0|0|0|0|0|0|0|0|0|0||0|||1|0|00
2026|01|527010|015|08|CD|6216|FAE|01|51|1|004|100|OA|521211|019|A|0|0| |0|03|||10|KDM  Makan Rapat|30|ORG|1|KEG|1|FR|0||30|OK|35900|1077000|0|0|0|0||0|0|0|0||| |0|0|| |-  -|0|79939|79939|79939|79939|79939|79939|79939|79939|79939|79939|79939|197671|0||0|||1|0|00
2026|01|527010|015|08|CD|6216|FAE|01|51|1|004|100|OA|521211|019|A|0|0| |0|01|||2|KDM  Snack Rapat|30|ORG|20|KEG|1|FR|0||600|OK|9184|5510000|0|0|0|0||0|0|0|0||| |0|0|| |-  -|0|408973|408973|408973|408973|408973|408973|408973|408973|408973|408973|408973|1011297|0||0|||1|0|00
2026|01|527010|015|08|CD|6216|FAE|01|51|1|004|100|OA|521211|019|A|0|0| |0|01|||3|KDM  Makan Rapat|30|ORG|20|KEG|1|FR|0||600|OK|21808|13084000|0|0|0|0||0|0|0|0||| |0|0|| |-  -|0|971144|971144|971144|971144|971144|971144|971144|971144|971144|971144|971144|2401416|0||0|||1|0|00
2026|01|527010|015|08|CD|6216|FAE|01|51|1|004|100|OA|521211|019|A|0|0| |0|02||1|4|Rapat pembahasan Peraturan|0||0||0||0||0||0|0|0|0|0|0||0|0|0|0||| |0|0|| |-  -|0|0|0|0|0|0|0|0|0|0|0|0|0|0||0|||1|0|00
2026|01|527010|015|08|CD|6216|FAE|01|51|1|004|100|OA|521211|019|A|0|0| |0|02|||5|KDM  Snack Rapat|30|ORG|10|KEG|1|FR|0||300|OK|15120|4536000|0|0|0|0||0|0|0|0||| |0|0|| |-  -|0|336679|336679|336679|336679|336679|336679|336679|336679|336679|336679|336679|832531|0||0|||1|0|00
2026|01|527010|015|08|CD|6216|FAE|01|51|1|004|100|OA|521211|019|A|0|0| |0|02|||6|KDM  Makan Rapat|30|ORG|10|KEG|1|FR|0||300|OK|35910|10773000|0|0|0|0||0|0|0|0||| |0|0|| |-  -|0|799613|799613|799613|799613|799613|799613|799613|799613|799613|799613|799613|1977257|0||0|||1|0|00
2026|01|527010|015|08|CD|6216|FAE|01|51|1|004|100|OA|521211|019|A|0|0| |0|03||1|7|Sosialisasi Implementasi Restrukturisasi Rekening kepada seluruh KL dan KPPN|0||0||0||0||0||0|0|0|0|0|0||0|0|0|0||| |0|0|| |-  -|0|0|0|0|0|0|0|0|0|0|0|0|0|0||0|||1|0|00
2026|01|527010|015|08|CD|6216|FAE|01|51|1|004|100|OA|521211|019|A|0|0| |0|03|||8|CTK  Pencetakan dan Penjilidan Materi|100|JILID|1|KEG|0||0||100|JILID|161850|16185000|0|0|0|0||0|0|0|0||| |0|0|| |-  -|0|1201312|1201312|1201312|1201312|1201312|1201312|1201312|1201312|1201312|1201312|1201312|2970568|0||0|||1|0|00
2026|01|527010|015|08|CD|6216|FAE|01|51|1|004|100|OA|521211|019|A|0|0| |0|03|||9|KDM  Snack Rapat|30|ORG|1|KEG|1|FR|0||30|OK|15134|454000|0|0|0|0||0|0|0|0||| |0|0|| |-  -|0|33698|33698|33698|33698|33698|33698|33698|33698|33698|33698|33698|83322|0||0|||1|0|00
2026|01|527010|015|08|CD|6216|FAE|01|51|1|004|100|OA|524111|019|A|0|0| |0|01||1|1|Pengelolaan Rekening dalam bentuk Virtual Account ke Bank, Kanwil, dan KPPN|0||0||0||0||0||0|0|0|0|0|0||0|0|0|0||| |0|0|| |-  -|0|0|0|0|0|0|0|0|0|0|0|0|0|0||0|||1|0|00
2026|01|527010|015|08|CD|6216|FAE|01|51|1|004|100|OA|524111|019|A|0|0| |0|01|||2|Akomodasi|5|ORG|2|HR|3|LOK|0||30|OH|619934|18598000|0|0|0|0||0|0|0|0||| |0|0|| |-  -|0|1380414|1380414|1380414|1380414|1380414|1380414|1380414|1380414|1380414|1380414|1380414|3413446|0||0|||1|0|00
2026|01|527010|015|08|CD|6216|FAE|01|51|1|004|100|OA|524111|019|A|0|0| |0|01|||3|Tiket|5|ORG|3|LOK|0||0||15|OF|1549800|23247000|0|0|0|0||0|0|0|0||| |0|0|| |-  -|0|1725480|1725480|1725480|1725480|1725480|1725480|1725480|1725480|1725480|1725480|1725480|4266720|0||0|||1|0|00
2026|01|527010|015|08|CD|6216|FAE|01|51|1|004|100|OA|524111|019|A|0|0| |0|01|||4|Uang Saku|5|ORG|3|HR|3|LOK|0||45|OH|271223|12205000|0|0|0|0||0|0|0|0||| |0|0|| |-  -|0|905901|905901|905901|905901|905901|905901|905901|905901|905901|905901|905901|2240089|0||0|||1|0|00
2026|01|527010|015|08|CD|6216|FAE|01|51|1|004|100|OA|524113|019|A|0|0| |0|01||1|1|Koordinasi Rekening Pemerintah Pusat Pada KL dan Perbankan|0||0||0||0||0||0|0|0|0|0|0||0|0|0|0||| |0|0|| |-  -|0|0|0|0|0|0|0|0|0|0|0|0|0|0||0|||1|0|00
2026|01|527010|015|08|CD|6216|FAE|01|51|1|004|100|OA|524113|019|A|0|0| |0|01|||2|Transport Dalam Kota|2|ORG|10|FR|0||0||20|OK|116250|2325000|0|0|0|0||0|0|0|0||| |0|0|| |-  -|0|172570|172570|172570|172570|172570|172570|172570|172570|172570|172570|172570|426730|0||0|||1|0|00
2026|01|527010|015|08|CD|6216|FAE|01|51|1|004|100|OA|524113|019|A|0|0| |0|01|||3|Uang Harian|2|ORG|10|FR|0||0||20|OH|130200|2604000|0|0|0|0||0|0|0|0||| |0|0|| |-  -|0|193277|193277|193277|193277|193277|193277|193277|193277|193277|193277|193277|477953|0||0|||1|0|00
2026|01|527010|015|08|CD|6216|FAE|01|51|1|003|100|JA|521211|019|A|0|0| |0||||1|KDM  Makan Rapat|9|ORG|1|FR|0||0||9|OF|35889|323000|0|0|0|0||0|0|0|0||| |0|0|| |-  -|0|29834|29834|29834|29834|29834|29834|29834|29834|29834|29834|24660|0|0||0|||1|0|00
2026|01|527010|015|08|CD|6216|FAE|01|51|1|003|100|JA|521211|019|A|0|0| |0||||2|KDM  Snack Rapat|9|ORG|1|FR|0||0||9|OF|15112|136000|0|0|0|0||0|0|0|0||| |0|0|| |-  -|0|12562|12562|12562|12562|12562|12562|12562|12562|12562|12562|10380|0|0||0|||1|0|00
2026|01|527010|015|08|CD|6216|FAE|01|51|1|003|100|JA|522151|019|A|0|0| |0||||1|Honorarium Narasumber|1|ORG|1|JAM|1|FR|0||1|OJ|792000|792000|0|0|0|0||0|0|0|0||| |0|0|| |-  -|0|73154|73154|73154|73154|73154|73154|73154|73154|73154|73154|60460|0|0||0|||1|0|00
2026|01|527010|015|08|CD|6216|FAE|01|51|1|003|100|JA|524111|019|A|0|0| |0||||1|Akomodasi|3|ORG|2|HR|1|FR|0||6|OH|900000|5400000|0|0|0|0||0|0|0|0||| |0|0|| |-  -|0|498777|498777|498777|498777|498777|498777|498777|498777|498777|498777|412230|0|0||0|||1|0|00
2026|01|527010|015|08|CD|6216|FAE|01|51|1|003|100|JA|524111|019|A|0|0| |0||||2|Transport|3|ORG|1|FR|0||0||3|OF|4497334|13492000|0|0|0|0||0|0|0|0||| |0|0|| |-  -|0|1246203|1246203|1246203|1246203|1246203|1246203|1246203|1246203|1246203|1246203|1029970|0|0||0|||1|0|00
2026|01|527010|015|08|CD|6216|FAE|01|51|1|003|100|JA|524111|019|A|0|0| |0||||3|Uang Saku Harian|3|ORG|3|HR|1|FR|0||9|OH|344000|3096000|0|0|0|0||0|0|0|0||| |0|0|| |-  -|0|285965|285965|285965|285965|285965|285965|285965|285965|285965|285965|236350|0|0||0|||1|0|00
2026|01|527010|015|08|CD|6216|FAE|01|51|1|003|100|JA|524113|019|A|0|0| |0|01||1|1|Pengumpulan Bahan Kajian|0||0||0||0||0||0|0|0|0|0|0||0|0|0|0||| |0|0|| |-  -|0|0|0|0|0|0|0|0|0|0|0|0|0|0||0|||1|0|00
2026|01|527010|015|08|CD|6216|FAE|01|51|1|003|100|JA|524113|019|A|0|0| |0|01|||2|Transport Dalam Kota|1|ORG|3|FR|0||0||3|OF|124000|372000|0|0|0|0||0|0|0|0||| |0|0|| |-  -|0|34360|34360|34360|34360|34360|34360|34360|34360|34360|34360|28400|0|0||0|||1|0|00
2026|01|527010|015|08|CD|6216|FAE|01|51|1|003|100|JA|524113|019|A|0|0| |0|01|||3|Uang Saku Harian  8 Jam|1|ORG|0|HR|3|FR|0||3|OH|124000|372000|0|0|0|0||0|0|0|0||| |0|0|| |-  -|0|34360|34360|34360|34360|34360|34360|34360|34360|34360|34360|28400|0|0||0|||1|0|00
2026|01|527010|015|08|CD|6216|FAE|01|51|1|003|100|SA|521211|019|A|0|0| |0||||1|KDM  Snack Rapat|25|org|20|fr|0||0||500|OF|15120|7560000|0|0|0|0||0|0|0|0||| |0|0|| |-  -|0|698287|698287|698287|698287|698287|698287|698287|698287|698287|698287|577130|0|0||0|||1|0|00
2026|01|527010|015|08|CD|6216|FAE|01|51|1|003|100|SA|521211|019|A|0|0| |0||||2|KDM  Makan Rapat|25|org|20|fr|0||0||500|OF|32742|16371000|0|0|0|0||0|0|0|0||| |0|0|| |-  -|0|1512125|1512125|1512125|1512125|1512125|1512125|1512125|1512125|1512125|1512125|1249750|0|0||0|||1|0|00
2026|01|527010|015|08|CD|6216|FAE|01|51|1|003|100|SA|521211|019|A|0|0| |0||||3|CTK  Pencetakan|1|pkt|0||0||0||1|PKT|148000|148000|0|0|0|0||0|0|0|0||| |0|0|| |-  -|0|13670|13670|13670|13670|13670|13670|13670|13670|13670|13670|11300|0|0||0|||1|0|00
2026|01|527010|015|08|CD|6216|FAE|01|51|1|003|100|SB|524111|019|A|0|0| |0||||1|Akomodasi|2|org|2|hr|1|fr|1|lok|4|OHFL|755500|3022000|0|0|0|0||0|0|0|0||| |0|0|| |-  -|0|279130|279130|279130|279130|279130|279130|279130|279130|279130|279130|230700|0|0||0|||1|0|00
2026|01|527010|015|08|CD|6216|FAE|01|51|1|003|100|SB|524111|019|A|0|0| |0||||2|Uang Harian|2|org|3|hr|1|fr|1|lok|6|OHFL|310000|1860000|0|0|0|0||0|0|0|0||| |0|0|| |-  -|0|171801|171801|171801|171801|171801|171801|171801|171801|171801|171801|141990|0|0||0|||1|0|00
2026|01|527010|015|08|CD|6216|FAE|01|51|1|003|100|SB|524111|019|A|0|0| |0||||3|Transportasi|2|org|1|fr|1|lok|0||2|OK|4712000|9424000|0|0|0|0||0|0|0|0||| |0|0|| |-  -|0|870458|870458|870458|870458|870458|870458|870458|870458|870458|870458|719420|0|0||0|||1|0|00
2026|01|527010|015|08|CD|6216|FAE|01|51|1|003|100|SB|524113|019|A|0|0| |0||||1|Transportasi|1|org|5|fr|0||0||5|OK|116200|581000|0|0|0|0||0|0|0|0||| |0|0|| |-  -|0|53665|53665|53665|53665|53665|53665|53665|53665|53665|53665|44350|0|0||0|||1|0|00
2026|01|527010|015|08|CD|6216|FAE|01|51|1|003|100|SC|524111|019|A|0|0| |0||||1|Akomodasi|2|org|3|hr|2|fr|1|lok|12|OHFL|1092584|13111000|0|0|0|0||0|0|0|0||| |0|0|| |-  -|0|1211011|1211011|1211011|1211011|1211011|1211011|1211011|1211011|1211011|1211011|1000890|0|0||0|||1|0|00
2026|01|527010|015|08|CD|6216|FAE|01|51|1|003|100|SC|524111|019|A|0|0| |0||||2|Uang Harian|2|org|4|hr|2|fr|1|lok|16|OHFL|309938|4959000|0|0|0|0||0|0|0|0||| |0|0|| |-  -|0|458043|458043|458043|458043|458043|458043|458043|458043|458043|458043|378570|0|0||0|||1|0|00
2026|01|527010|015|08|CD|6216|FAE|01|51|1|003|100|SC|524111|019|A|0|0| |0||||3|Transportasi|2|org|1|fr|2|lok|0||4|OK|3878750|15515000|0|0|0|0||0|0|0|0||| |0|0|| |-  -|0|1433059|1433059|1433059|1433059|1433059|1433059|1433059|1433059|1433059|1433059|1184410|0|0||0|||1|0|00
2026|01|527010|015|08|CD|6216|FAE|01|51|1|003|100|SD|521211|019|A|0|0| |0||||1|KDM  Snack Rapat|10|org|5|fr|0||0||50|OF|18820|941000|0|0|0|0||0|0|0|0||| |0|0|| |-  -|0|86916|86916|86916|86916|86916|86916|86916|86916|86916|86916|71840|0|0||0|||1|0|00
2026|01|527010|015|08|CD|6216|FAE|01|51|1|003|100|SD|521211|019|A|0|0| |0||||2|KDM  Makan Rapat|10|org|5|fr|0||0||50|OF|43920|2196000|0|0|0|0||0|0|0|0||| |0|0|| |-  -|0|202836|202836|202836|202836|202836|202836|202836|202836|202836|202836|167640|0|0||0|||1|0|00
2026|01|527010|015|08|CD|6216|FAE|01|51|1|003|100|SD|524111|019|A|0|0| |0||||1|Akomodasi|3|org|2|hr|1|fr|1|lok|6|OHFL|697334|4184000|0|0|0|0||0|0|0|0||| |0|0|| |-  -|0|386460|386460|386460|386460|386460|386460|386460|386460|386460|386460|319400|0|0||0|||1|0|00
2026|01|527010|015|08|CD|6216|FAE|01|51|1|003|100|SD|524111|019|A|0|0| |0||||2|Uang Harian|3|org|3|hr|1|fr|1|lok|9|OHFL|279000|2511000|0|0|0|0||0|0|0|0||| |0|0|| |-  -|0|231931|231931|231931|231931|231931|231931|231931|231931|231931|231931|191690|0|0||0|||1|0|00
2026|01|527010|015|08|CD|6216|FAE|01|51|1|003|100|SD|524111|019|A|0|0| |0||||3|Transportasi|3|org|1|fr|1|lok|0||3|OK|2324667|6974000|0|0|0|0||0|0|0|0||| |0|0|| |-  -|0|644161|644161|644161|644161|644161|644161|644161|644161|644161|644161|532390|0|0||0|||1|0|00
2026|01|527010|015|08|CD|6216|FAE|01|51|1|003|100|SD|524113|019|A|0|0| |0||||1|Transport|1|ORG|1|FREK|0||0||1|OF|116000|116000|0|0|0|0||0|0|0|0||| |0|0|| |-  -|0|10714|10714|10714|10714|10714|10714|10714|10714|10714|10714|8860|0|0||0|||1|0|00
2026|01|527010|015|08|CD|6216|FAE|01|51|1|003|100|SE|521211|019|A|0|0| |0||||1|KDM  Snack Rapat|10|org|5|fr|0||0||50|OF|18820|941000|0|0|0|0||0|0|0|0||| |0|0|| |-  -|0|86916|86916|86916|86916|86916|86916|86916|86916|86916|86916|71840|0|0||0|||1|0|00
2026|01|527010|015|08|CD|6216|FAE|01|51|1|003|100|SE|521211|019|A|0|0| |0||||2|KDM  Makan Rapat|10|org|5|fr|0||0||50|OF|43920|2196000|0|0|0|0||0|0|0|0||| |0|0|| |-  -|0|202836|202836|202836|202836|202836|202836|202836|202836|202836|202836|167640|0|0||0|||1|0|00
2026|01|527010|015|08|CD|6216|FAE|01|51|1|003|100|SF|521211|019|A|0|0| |0||||1|KDM  Snack Rapat|10|org|5|fr|0||0||50|OF|15120|756000|0|0|0|0||0|0|0|0||| |0|0|| |-  -|0|69829|69829|69829|69829|69829|69829|69829|69829|69829|69829|57710|0|0||0|||1|0|00
2026|01|527010|015|08|CD|6216|FAE|01|51|1|003|100|SF|521211|019|A|0|0| |0||||2|KDM  Makan Rapat|10|org|5|fr|0||0||50|OF|35280|1764000|0|0|0|0||0|0|0|0||| |0|0|| |-  -|0|162934|162934|162934|162934|162934|162934|162934|162934|162934|162934|134660|0|0||0|||1|0|00
2026|01|527010|015|08|CD|6216|FAE|01|51|1|003|100|SG|521211|019|A|0|0| |0||||1|KDM  Snack Rapat|10|org|5|fr|0||0||50|OF|18820|941000|0|0|0|0||0|0|0|0||| |0|0|| |-  -|0|86916|86916|86916|86916|86916|86916|86916|86916|86916|86916|71840|0|0||0|||1|0|00
2026|01|527010|015|08|CD|6216|FAE|01|51|1|003|100|SG|521211|019|A|0|0| |0||||2|KDM  Makan Rapat|10|org|5|fr|0||0||50|OF|43920|2196000|0|0|0|0||0|0|0|0||| |0|0|| |-  -|0|202836|202836|202836|202836|202836|202836|202836|202836|202836|202836|167640|0|0||0|||1|0|00
2026|01|527010|015|08|CD|6216|FAE|01|51|1|003|100|SG|522151|019|A|0|0| |0||||1|Honorarium Narasumber Praktisi Eksternal (Dosen, Profesor, Peneliti)|4|org|2|jam|2|FR|0||16|OJ|880000|14080000|0|0|0|0||0|0|0|0||| |0|0|| |-  -|0|1300514|1300514|1300514|1300514|1300514|1300514|1300514|1300514|1300514|1300514|1074860|0|0||0|||1|0|00
2026|01|527010|015|08|CD|6216|FAE|01|51|1|003|100|SG|524111|019|A|0|0| |0||||1|Akomodasi|3|org|2|hr|1|fr|1|lok|6|OHFL|697334|4184000|0|0|0|0||0|0|0|0||| |0|0|| |-  -|0|386460|386460|386460|386460|386460|386460|386460|386460|386460|386460|319400|0|0||0|||1|0|00
2026|01|527010|015|08|CD|6216|FAE|01|51|1|003|100|SG|524111|019|A|0|0| |0||||2|Uang Harian|3|org|3|hr|1|fr|1|lok|9|OHFL|279000|2511000|0|0|0|0||0|0|0|0||| |0|0|| |-  -|0|231931|231931|231931|231931|231931|231931|231931|231931|231931|231931|191690|0|0||0|||1|0|00
2026|01|527010|015|08|CD|6216|FAE|01|51|1|003|100|SG|524111|019|A|0|0| |0||||3|Transportasi|3|org|1|fr|1|lok|0||3|OK|2324667|6974000|0|0|0|0||0|0|0|0||| |0|0|| |-  -|0|644161|644161|644161|644161|644161|644161|644161|644161|644161|644161|532390|0|0||0|||1|0|00
2026|01|527010|015|08|CD|6216|FAE|01|51|1|003|100|SH|521211|019|A|0|0| |0||||1|CTK  Pencetakan Jurnal|1|PKT|0||0||0||1|PKT|3780000|3780000|0|0|0|0||0|0|0|0||| |0|0|| |-  -|0|349144|349144|349144|349144|349144|349144|349144|349144|349144|349144|288560|0|0||0|||1|0|00
2026|01|527010|015|08|CD|6216|FAE|01|51|1|003|100|SH|521211|019|A|0|0| |0||||2|KDM  Snack Rapat|10|org|5|fr|0||0||50|OF|15120|756000|0|0|0|0||0|0|0|0||| |0|0|| |-  -|0|69829|69829|69829|69829|69829|69829|69829|69829|69829|69829|57710|0|0||0|||1|0|00
2026|01|527010|015|08|CD|6216|FAE|01|51|1|003|100|SH|521211|019|A|0|0| |0||||3|KDM  Makan Rapat|10|org|5|fr|0||0||50|OF|35280|1764000|0|0|0|0||0|0|0|0||| |0|0|| |-  -|0|162934|162934|162934|162934|162934|162934|162934|162934|162934|162934|134660|0|0||0|||1|0|00
2026|01|527010|015|08|CD|6216|FAE|01|51|1|003|100|SH|521213|019|A|0|0| |0|01||1|1|Jurnal ITRev|0||0||0||0||0||0|0|0|0|0|0||0|0|0|0||| |0|0|| |-  -|0|0|0|0|0|0|0|0|0|0|0|0|0|0||0|||1|0|00
2026|01|527010|015|08|CD|6216|FAE|01|51|1|003|100|SH|521213|019|A|0|0| |0|02||1|10|Jurnal MAPAN|0||0||0||0||0||0|0|0|0|0|0||0|0|0|0||| |0|0|| |-  -|0|0|0|0|0|0|0|0|0|0|0|0|0|0||0|||1|0|00
2026|01|527010|015|08|CD|6216|FAE|01|51|1|003|100|SH|521213|019|A|0|0| |0|02|||11|Sekretaiat|8|org|2|fr|0||0||16|Oter|136500|2184000|0|0|0|0||0|0|0|0||| |0|0|| |-  -|0|201727|201727|201727|201727|201727|201727|201727|201727|201727|201727|166730|0|0||0|||1|0|00
2026|01|527010|015|08|CD|6216|FAE|01|51|1|003|100|SH|521213|019|A|0|0| |0|02|||12|Desain Grafis|2|org|2|fr|0||0||4|Oter|163750|655000|0|0|0|0||0|0|0|0||| |0|0|| |-  -|0|60500|60500|60500|60500|60500|60500|60500|60500|60500|60500|50000|0|0||0|||1|0|00
2026|01|527010|015|08|CD|6216|FAE|01|51|1|003|100|SH|521213|019|A|0|0| |0|02|||13|Dewan Redaksi|5|org|2|fr|0||0||10|Oter|318500|3185000|0|0|0|0||0|0|0|0||| |0|0|| |-  -|0|294186|294186|294186|294186|294186|294186|294186|294186|294186|294186|243140|0|0||0|||1|0|00
2026|01|527010|015|08|CD|6216|FAE|01|51|1|003|100|SH|521213|019|A|0|0| |0|02|||14|Ketua Dewan Redaksi|1|org|2|fr|0||0||2|Oter|364000|728000|0|0|0|0||0|0|0|0||| |0|0|| |-  -|0|67242|67242|67242|67242|67242|67242|67242|67242|67242|67242|55580|0|0||0|||1|0|00
2026|01|527010|015|08|CD|6216|FAE|01|51|1|003|100|SH|521213|019|A|0|0| |0|02|||15|Mitra Bestari|10|org|2|fr|0||0||20|Oter|1365000|27300000|0|0|0|0||0|0|0|0||| |0|0|| |-  -|0|2521593|2521593|2521593|2521593|2521593|2521593|2521593|2521593|2521593|2521593|2084070|0|0||0|||1|0|00
2026|01|527010|015|08|CD|6216|FAE|01|51|1|003|100|SH|521213|019|A|0|0| |0|02|||16|Pembuat Artikel|5|org|20|hlmn|2|frek|0||200|OF|91000|18200000|0|0|0|0||0|0|0|0||| |0|0|| |-  -|0|1681062|1681062|1681062|1681062|1681062|1681062|1681062|1681062|1681062|1681062|1389380|0|0||0|||1|0|00
2026|01|527010|015|08|CD|6216|FAE|01|51|1|003|100|SH|521213|019|A|0|0| |0|02|||17|Penanggung Jawab|2|org|2|fr|0||0||4|Oter|409500|1638000|0|0|0|0||0|0|0|0||| |0|0|| |-  -|0|151296|151296|151296|151296|151296|151296|151296|151296|151296|151296|125040|0|0||0|||1|0|00
2026|01|527010|015|08|CD|6216|FAE|01|51|1|003|100|SH|521213|019|A|0|0| |0|02|||18|Editor|5|org|2|fr|0||0||10|Oter|273000|2730000|0|0|0|0||0|0|0|0||| |0|0|| |-  -|0|252159|252159|252159|252159|252159|252159|252159|252159|252159|252159|208410|0|0||0|||1|0|00
2026|01|527010|015|08|CD|6216|FAE|01|51|1|003|100|SH|521213|019|A|0|0| |0|01|||2|ITRev Sekretariat|8|org|4|fr|0||0||32|Oter|136500|4368000|0|0|0|0||0|0|0|0||| |0|0|| |-  -|0|403455|403455|403455|403455|403455|403455|403455|403455|403455|403455|333450|0|0||0|||1|0|00
2026|01|527010|015|08|CD|6216|FAE|01|51|1|003|100|SH|521213|019|A|0|0| |0|01|||3|ITRev Desain Grafis|2|org|4|fr|0||0||8|Oter|163750|1310000|0|0|0|0||0|0|0|0||| |0|0|| |-  -|0|121000|121000|121000|121000|121000|121000|121000|121000|121000|121000|100000|0|0||0|||1|0|00
2026|01|527010|015|08|CD|6216|FAE|01|51|1|003|100|SH|521213|019|A|0|0| |0|01|||4|ITRev Dewan Redaksi|7|org|4|fr|0||0||28|Oter|318500|8918000|0|0|0|0||0|0|0|0||| |0|0|| |-  -|0|823720|823720|823720|823720|823720|823720|823720|823720|823720|823720|680800|0|0||0|||1|0|00
2026|01|527010|015|08|CD|6216|FAE|01|51|1|003|100|SH|521213|019|A|0|0| |0|01|||5|ITRev Ketua Dewan Redaksi|1|org|4|fr|0||0||4|Oter|364000|1456000|0|0|0|0||0|0|0|0||| |0|0|| |-  -|0|134485|134485|134485|134485|134485|134485|134485|134485|134485|134485|111150|0|0||0|||1|0|00
2026|01|527010|015|08|CD|6216|FAE|01|51|1|003|100|SH|521213|019|A|0|0| |0|01|||6|ITRev Mitra Bestari|14|org|4|fr|0||0||56|Oter|1365000|76440000|0|0|0|0||0|0|0|0||| |0|0|| |-  -|0|7060461|7060461|7060461|7060461|7060461|7060461|7060461|7060461|7060461|7060461|5835390|0|0||0|||1|0|00
2026|01|527010|015|08|CD|6216|FAE|01|51|1|003|100|SH|521213|019|A|0|0| |0|01|||7|ITRev Pembuat Artikel|7|org|20|hlmn|4|fr|0||560|OF|91000|50960000|0|0|0|0||0|0|0|0||| |0|0|| |-  -|0|4706974|4706974|4706974|4706974|4706974|4706974|4706974|4706974|4706974|4706974|3890260|0|0||0|||1|0|00
2026|01|527010|015|08|CD|6216|FAE|01|51|1|003|100|SH|521213|019|A|0|0| |0|01|||8|ITRev Penanggung Jawab|2|org|4|fr|0||0||8|Oter|409500|3276000|0|0|0|0||0|0|0|0||| |0|0|| |-  -|0|302591|302591|302591|302591|302591|302591|302591|302591|302591|302591|250090|0|0||0|||1|0|00
2026|01|527010|015|08|CD|6216|FAE|01|51|1|003|100|SH|521213|019|A|0|0| |0|01|||9|ITRev Editor|7|org|4|fr|0||0||28|Oter|273000|7644000|0|0|0|0||0|0|0|0||| |0|0|| |-  -|0|706046|706046|706046|706046|706046|706046|706046|706046|706046|706046|583540|0|0||0|||1|0|00
2026|01|527010|015|08|CD|6216|FAE|01|51|1|003|100|SH|522151|019|A|0|0| |0||||1|Honorarium Narasumber Praktisi Eksternal (Dosen, Profesor, Peneliti)|5|org|2|jam|4|fr|0||40|OJ|880000|35200000|0|0|0|0||0|0|0|0||| |0|0|| |-  -|0|3251285|3251285|3251285|3251285|3251285|3251285|3251285|3251285|3251285|3251285|2687150|0|0||0|||1|0|00
2026|01|527010|015|08|CD|6216|FAE|01|51|1|003|100|SH|522191|019|A|0|0| |0||||1|Biaya Similarity Check Crossref, DOI System, Plagiarismee Grammarly, Turnitin, dan Proofreading|5|pkt|0||0||0||5|PKT|9920000|49600000|0|0|0|0||0|0|0|0||| |0|0|| |-  -|0|4581356|4581356|4581356|4581356|4581356|4581356|4581356|4581356|4581356|4581356|3786440|0|0||0|||1|0|00
2026|01|527010|015|08|CD|6216|FAE|01|51|1|003|100|SH|524111|019|A|0|0| |0||||1|Akomodasi|2|org|2|hr|1|fr|1|lok|4|OHFL|697500|2790000|0|0|0|0||0|0|0|0||| |0|0|| |-  -|0|257701|257701|257701|257701|257701|257701|257701|257701|257701|257701|212990|0|0||0|||1|0|00
2026|01|527010|015|08|CD|6216|FAE|01|51|1|003|100|SH|524111|019|A|0|0| |0||||2|Uang Harian|2|org|3|hr|1|fr|1|lok|6|OHFL|279000|1674000|0|0|0|0||0|0|0|0||| |0|0|| |-  -|0|154621|154621|154621|154621|154621|154621|154621|154621|154621|154621|127790|0|0||0|||1|0|00
2026|01|527010|015|08|CD|6216|FAE|01|51|1|003|100|SH|524111|019|A|0|0| |0||||3|Transportasi|2|org|1|fr|1|lok|0||2|OK|2421000|4842000|0|0|0|0||0|0|0|0||| |0|0|| |-  -|0|447236|447236|447236|447236|447236|447236|447236|447236|447236|447236|369640|0|0||0|||1|0|00
2026|01|527010|015|08|CD|6216|FAE|01|51|1|003|100|SI|521211|019|A|0|0| |0||||1|KDM  Snack Rapat|25|org|2|fr|0||0||50|OF|14480|724000|0|0|0|0||0|0|0|0||| |0|0|| |-  -|0|66873|66873|66873|66873|66873|66873|66873|66873|66873|66873|55270|0|0||0|||1|0|00
2026|01|527010|015|08|CD|6216|FAE|01|51|1|003|100|SI|521211|019|A|0|0| |0||||2|KDM  Makan Rapat|25|org|3|fr|0||0||75|OF|30240|2268000|0|0|0|0||0|0|0|0||| |0|0|| |-  -|0|209486|209486|209486|209486|209486|209486|209486|209486|209486|209486|173140|0|0||0|||1|0|00
2026|01|527010|015|08|CD|6216|FAE|01|51|1|003|100|SI|522151|019|A|0|0| |0||||1|Honor narasumber profesional|1|org|4|jam|3|fr|0||12|OJ|1496000|17952000|0|0|0|0||0|0|0|0||| |0|0|| |-  -|0|1658155|1658155|1658155|1658155|1658155|1658155|1658155|1658155|1658155|1658155|1370450|0|0||0|||1|0|00
2026|01|527010|015|08|CD|6216|FAE|01|51|1|003|100|SI|522151|019|A|0|0| |0||||2|Honorarium Narasumber Pejabat Es. III KL lain|1|org|4|jam|3|fr|0||12|OJ|880000|10560000|0|0|0|0||0|0|0|0||| |0|0|| |-  -|0|975385|975385|975385|975385|975385|975385|975385|975385|975385|975385|806150|0|0||0|||1|0|00
2026|01|527010|015|08|CD|6216|FAE|01|51|1|003|100|SI|524111|019|A|0|0| |0||||1|Akomodasi Narasumber|2|org|2|hr|1|fr|2|lok|8|OHFL|325500|2604000|0|0|0|0||0|0|0|0||| |0|0|| |-  -|0|240521|240521|240521|240521|240521|240521|240521|240521|240521|240521|198790|0|0||0|||1|0|00
2026|01|527010|015|08|CD|6216|FAE|01|51|1|003|100|SI|524111|019|A|0|0| |0||||2|Uang Harian Narasumber|2|org|2|hr|1|fr|2|lok|8|OHFL|294500|2356000|0|0|0|0||0|0|0|0||| |0|0|| |-  -|0|217614|217614|217614|217614|217614|217614|217614|217614|217614|217614|179860|0|0||0|||1|0|00
2026|01|527010|015|08|CD|6216|FAE|01|51|1|003|100|SI|524111|019|A|0|0| |0||||3|Transportasi Narasumber|2|org|1|fr|2|lok|0||4|OK|2324750|9299000|0|0|0|0||0|0|0|0||| |0|0|| |-  -|0|858912|858912|858912|858912|858912|858912|858912|858912|858912|858912|709880|0|0||0|||1|0|00
2026|01|527010|015|08|CD|6216|FAE|01|51|1|003|100|SI|524111|019|A|0|0| |0||||4|Akomodasi Panitia|4|org|2|hr|1|fr|2|lok|16|OHFL|321000|5136000|0|0|0|0||0|0|0|0||| |0|0|| |-  -|0|474392|474392|474392|474392|474392|474392|474392|474392|474392|474392|392080|0|0||0|||1|0|00
2026|01|527010|015|08|CD|6216|FAE|01|51|1|003|100|SI|524111|019|A|0|0| |0||||5|Uang Harian Panitia|4|org|3|hr|1|fr|2|lok|24|OHFL|294459|7067000|0|0|0|0||0|0|0|0||| |0|0|| |-  -|0|652751|652751|652751|652751|652751|652751|652751|652751|652751|652751|539490|0|0||0|||1|0|00
2026|01|527010|015|08|CD|6216|FAE|01|51|1|003|100|SI|524111|019|A|0|0| |0||||6|Transportasi Panitia|4|org|1|fr|2|lok|0||8|OK|2324750|18598000|0|0|0|0||0|0|0|0||| |0|0|| |-  -|0|1717824|1717824|1717824|1717824|1717824|1717824|1717824|1717824|1717824|1717824|1419760|0|0||0|||1|0|00
2026|01|527010|015|08|CD|6216|FAE|01|51|1|003|100|SJ|521211|019|A|0|0| |0||||1|KDM  Snack Rapat|20|org|15|fr|0||0||300|OF|15120|4536000|0|0|0|0||0|0|0|0||| |0|0|| |-  -|0|418972|418972|418972|418972|418972|418972|418972|418972|418972|418972|346280|0|0||0|||1|0|00
2026|01|527010|015|08|CD|6216|FAE|01|51|1|003|100|SJ|521211|019|A|0|0| |0||||2|KDM  Makan Rapat|20|org|15|fr|0||0||300|OF|35910|10773000|0|0|0|0||0|0|0|0||| |0|0|| |-  -|0|995059|995059|995059|995059|995059|995059|995059|995059|995059|995059|822410|0|0||0|||1|0|00
2026|01|527010|015|08|CD|6216|FAE|01|51|1|003|100|SJ|521211|019|A|0|0| |0||||3|CTK  Penggandaan, Pencetakan Brosur, Leaflet, Spanduk dan Backdrop, dll|1|pkt|0||0||0||1|PKT|7040000|7040000|0|0|0|0||0|0|0|0||| |0|0|| |-  -|0|650257|650257|650257|650257|650257|650257|650257|650257|650257|650257|537430|0|0||0|||1|0|00
2026|01|527010|015|08|CD|6216|FAE|01|51|1|003|100|SJ|522151|019|A|0|0| |0||||1|Honorarium Narasumber Praktisi Eksternal|10|org|1|jam|1|fr|0||10|OJ|1496000|14960000|0|0|0|0||0|0|0|0||| |0|0|| |-  -|0|1381796|1381796|1381796|1381796|1381796|1381796|1381796|1381796|1381796|1381796|1142040|0|0||0|||1|0|00
2026|01|527010|015|08|CD|6216|FAE|01|51|1|003|100|SJ|524111|019|A|0|0| |0||||1|Akomodasi|6|org|2|hr|1|fr|4|lok|48|OHFL|581167|27896000|0|0|0|0||0|0|0|0||| |0|0|| |-  -|0|2576643|2576643|2576643|2576643|2576643|2576643|2576643|2576643|2576643|2576643|2129570|0|0||0|||1|0|00
2026|01|527010|015|08|CD|6216|FAE|01|51|1|003|100|SJ|524111|019|A|0|0| |0||||2|Uang Harian|6|org|3|hr|1|fr|4|lok|72|OHFL|271209|19527000|0|0|0|0||0|0|0|0||| |0|0|| |-  -|0|1803632|1803632|1803632|1803632|1803632|1803632|1803632|1803632|1803632|1803632|1490680|0|0||0|||1|0|00
2026|01|527010|015|08|CD|6216|FAE|01|51|1|003|100|SJ|524111|019|A|0|0| |0||||3|Transportasi|6|org|1|fr|4|lok|0||24|OK|1681542|40357000|0|0|0|0||0|0|0|0||| |0|0|| |-  -|0|3727617|3727617|3727617|3727617|3727617|3727617|3727617|3727617|3727617|3727617|3080830|0|0||0|||1|0|00
2026|01|527010|015|08|CD|6216|FAE|01|51|1|003|100|SJ|524113|019|A|0|0| |0||||1|Transportasi|10|org|2|fr|0||0||20|OK|116250|2325000|0|0|0|0||0|0|0|0||| |0|0|| |-  -|0|214751|214751|214751|214751|214751|214751|214751|214751|214751|214751|177490|0|0||0|||1|0|00
2026|01|527010|015|08|CD|6216|FAE|01|51|1|003|100|SJ|524114|019|A|0|0| |0||||1|paket Fullday|60|org|1|fr|0||0||60|OF|333200|19992000|0|0|0|0||0|0|0|0||| |0|0|| |-  -|0|1846582|1846582|1846582|1846582|1846582|1846582|1846582|1846582|1846582|1846582|1526180|0|0||0|||1|0|00
2026|01|527010|015|08|CD|6216|FAE|01|51|1|003|100|SJ|524114|019|A|0|0| |0||||2|Transportasi|60|org|1|fr|0||0||60|OK|85234|5114000|0|0|0|0||0|0|0|0||| |0|0|| |-  -|0|472360|472360|472360|472360|472360|472360|472360|472360|472360|472360|390400|0|0||0|||1|0|00
2026|01|527010|015|08|WA|4711|EBA|01|51|1|Z04|100|EA|521211|019|A|0|0| |0||||1|KDM  Snack Rapat|10|ORG|1|HR|1|FREK|0||10|OF|13900|139000|0|0|0|0||0|0|0|0||| |0|0|| |-  -|0|11000|11000|11000|11000|11000|11000|11000|11000|11000|11000|11000|18000|0||0|||1|0|00
2026|01|527010|015|08|WA|4711|EBA|01|51|1|Z04|100|EA|521211|019|A|0|0| |0||||2|KDM  Makan Rapat|10|ORG|1|HR|1|FREK|0||10|OF|32800|328000|0|0|0|0||0|0|0|0||| |0|0|| |-  -|0|27000|27000|27000|27000|27000|27000|27000|27000|27000|27000|27000|31000|0||0|||1|0|00
2026|01|527010|015|08|WA|4711|EBA|01|51|1|Z04|100|EA|524111|019|A|0|0| |0||||1|Akomodasi|3|ORG|2|HR|4|FREK|0||24|OF|426209|10229000|0|0|0|0||0|0|0|0||| |0|0|| |-  -|0|852000|852000|852000|852000|852000|852000|852000|852000|852000|852000|852000|857000|0||0|||1|0|00
2026|01|527010|015|08|WA|4711|EBA|01|51|1|Z04|100|EA|524111|019|A|0|0| |0||||2|Transport|3|ORG|4|FREK|0||0||12|OK|2324667|27896000|0|0|0|0||0|0|0|0||| |0|0|| |-  -|0|2324000|2324000|2324000|2324000|2324000|2324000|2324000|2324000|2324000|2324000|2324000|2332000|0||0|||1|0|00
2026|01|527010|015|08|WA|4711|EBA|01|51|1|Z04|100|EA|524111|019|A|0|0| |0||||3|Uang Harian|3|ORG|3|HR|4|FREK|0||36|OH|271223|9764000|0|0|0|0||0|0|0|0||| |0|0|| |-  -|0|813000|813000|813000|813000|813000|813000|813000|813000|813000|813000|813000|821000|0||0|||1|0|00
2026|01|527010|015|08|WA|4711|EBA|01|51|1|Z04|100|SA|524111|019|A|0|0| |0||||1|Akomodasi|1|ORG|2|HR|5|FREK|0||10|OF|503700|5037000|0|0|0|0||0|0|0|0||| |0|0|| |-  -|0|419000|419000|419000|419000|419000|419000|419000|419000|419000|419000|419000|428000|0||0|||1|0|00
2026|01|527010|015|08|WA|4711|EBA|01|51|1|Z04|100|SA|524111|019|A|0|0| |0||||2|Transport|1|ORG|5|FREK|0||0||5|OK|3099600|15498000|0|0|0|0||0|0|0|0||| |0|0|| |-  -|0|1291000|1291000|1291000|1291000|1291000|1291000|1291000|1291000|1291000|1291000|1291000|1297000|0||0|||1|0|00
2026|01|527010|015|08|WA|4711|EBA|01|51|1|Z04|100|SA|524111|019|A|0|0| |0||||3|Uang Harian|1|ORG|3|HR|5|FREK|0||15|OH|359534|5393000|0|0|0|0||0|0|0|0||| |0|0|| |-  -|0|449000|449000|449000|449000|449000|449000|449000|449000|449000|449000|449000|454000|0||0|||1|0|00
2026|01|527010|015|08|WA|4711|EBA|01|51|1|Z04|100|SA|524113|019|A|0|0| |0||||1|Transport|2|org|3|fr|0||0||6|OK|116167|697000|0|0|0|0||0|0|0|0||| |0|0|| |-  -|0|58000|58000|58000|58000|58000|58000|58000|58000|58000|58000|58000|59000|0||0|||1|0|00
2026|01|527010|015|08|WA|4715|EBA|01|51|1|001|100|BA|522151|019|A|0|0| |0||||1|1. Honorarium Narasumber Sumpah|4|ORG|5|FREK|0||0||20|OF|352000|7040000|0|0|0|0||0|0|0|0||| |0|0|| |-  -|0|586000|586000|586000|586000|586000|586000|586000|586000|586000|586000|586000|594000|0||0|||1|0|00
2026|01|527010|015|08|WA|4715|EBA|01|51|1|001|100|DA|521211|019|A|0|0| |0||||1|KDM  Konsumsi Makan Weekly Meeting|25|ORG|40|WEEK|1|KL|0||1000|OK|35910|35910000|0|0|0|0||0|0|0|0||| |0|0|| |-  -|0|2992000|2992000|2992000|2992000|2992000|2992000|2992000|2992000|2992000|2992000|2992000|2998000|0||0|||1|0|00
2026|01|527010|015|08|WA|4715|EBA|01|51|1|001|100|DA|521211|019|A|0|0| |0||||2|KDM  Konsumsi Snack Weekly Meeting|25|ORG|40|WEEK|1|KL|0||1000|OK|15120|15120000|0|0|0|0||0|0|0|0||| |0|0|| |-  -|0|1260000|1260000|1260000|1260000|1260000|1260000|1260000|1260000|1260000|1260000|1260000|1260000|0||0|||1|0|00
2026|01|527010|015|08|WA|4715|EBA|01|51|1|001|100|DA|521211|019|A|0|0| |0||||3|KDM  Konsumsi Makan Kegiatan Rapat Biasa, Sarasehan, Pelantikan, Seremoni|20|ORG|50|HR|1|KL|0||1000|OK|5700|5700000|0|0|0|0||0|0|0|0||| |0|0|| |-  -|0|475000|475000|475000|475000|475000|475000|475000|475000|475000|475000|475000|475000|0||0|||1|0|00
2026|01|527010|015|08|WA|4715|EBA|01|51|1|001|100|DA|521211|019|A|0|0| |0||||4|KDM  Konsumsi Snack Kegiatan Rapat Biasa, Sarasehan, Pelantikan, Seremoni|20|ORG|50|HR|1|KL|0||1000|OK|2400|2400000|0|0|0|0||0|0|0|0||| |0|0|| |-  -|0|200000|200000|200000|200000|200000|200000|200000|200000|200000|200000|200000|200000|0||0|||1|0|00
2026|01|527010|015|08|WA|4715|EBA|01|51|1|001|100|DA|521211|019|A|0|0| |0||||5|Belanja Dukungan Pimpinan Kantor Pusat DJPb|0||0||0||0||1|THN|30000000|30000000|0|0|0|0||0|0|0|0||| |0|0|| |-  -|0|2500000|2500000|2500000|2500000|2500000|2500000|2500000|2500000|2500000|2500000|2500000|2500000|0||0|||1|0|00
2026|01|527010|015|08|WA|4715|EBA|01|51|1|001|100|DA|522141|019|A|0|0| |0||||1|Sewa Tanaman Dalam Gedung|0||0||0||0||1|THN|73000000|73000000|0|0|0|0||0|0|0|0||| |0|0|| |-  -|0|6083000|6083000|6083000|6083000|6083000|6083000|6083000|6083000|6083000|6083000|6083000|6087000|0||0|||1|0|00
2026|01|527010|015|08|WA|4715|EBA|01|51|1|001|100|DA|522191|019|A|0|0| |0||||1|Jasa Perawatan Akuarium|0||0||0||0||1|PKT|366995000|366995000|0|0|0|0||0|0|0|0||| |0|0|| |-  -|0|30582000|30582000|30582000|30582000|30582000|30582000|30582000|30582000|30582000|30582000|30582000|30593000|0||0|||1|0|00
2026|01|527010|015|08|WA|4715|EBA|01|51|1|001|100|DA|522191|019|A|0|0| |0||||2|Jasa Reviu dan Estimator RAB Pekerjaan Konstruksi|0||0||0||0||1|PKT|199467000|199467000|0|0|0|0||0|0|0|0||| |0|0|| |-  -|0|16622000|16622000|16622000|16622000|16622000|16622000|16622000|16622000|16622000|16622000|16622000|16625000|0||0|||1|0|00
2026|01|527010|015|08|WA|4715|EBA|01|51|1|001|100|DA|524111|019|A|0|0| |0||||1|Akomodasi|3|ORG|2|HR|4|KL|0||24|OH|619917|14878000|0|0|0|0||0|0|0|0||| |0|0|| |-  -|0|1239000|1239000|1239000|1239000|1239000|1239000|1239000|1239000|1239000|1239000|1239000|1249000|0||0|||1|0|00
2026|01|527010|015|08|WA|4715|EBA|01|51|1|001|100|DA|524111|019|A|0|0| |0||||2|Transport|3|ORG|4|KL|0||0||12|OK|3693667|44324000|0|0|0|0||0|0|0|0||| |0|0|| |-  -|0|3693000|3693000|3693000|3693000|3693000|3693000|3693000|3693000|3693000|3693000|3693000|3701000|0||0|||1|0|00
2026|01|527010|015|08|WA|4715|EBA|01|51|1|001|100|DA|524111|019|A|0|0| |0||||3|Uang Harian|3|ORG|3|HR|4|KL|0||36|OH|328556|11828000|0|0|0|0||0|0|0|0||| |0|0|| |-  -|0|985000|985000|985000|985000|985000|985000|985000|985000|985000|985000|985000|993000|0||0|||1|0|00
2026|01|527010|015|08|WA|4715|EBA|01|51|1|001|100|DA|524113|019|A|0|0| |0||||1|Transport dalam kota inventarisasi BMN|14|ORG|1|HR|10|KL|0||140|OK|131736|18443000|0|0|0|0||0|0|0|0||| |0|0|| |-  -|0|1536000|1536000|1536000|1536000|1536000|1536000|1536000|1536000|1536000|1536000|1536000|1547000|0||0|||1|0|00
2026|01|527010|015|08|WA|4715|EBA|01|51|1|001|100|HA|521211|019|A|0|0| |0|01||1|1|Konsumsi Rapat|0||0||0||0||0||0|0|0|0|0|0||0|0|0|0||| |0|0|| |-  -|0|0|0|0|0|0|0|0|0|0|0|0|0|0||0|||1|0|00
2026|01|527010|015|08|WA|4715|EBA|01|51|1|001|100|HA|521211|019|A|0|0| |0|01|||2|KDM  Makan Rapat|0||0||0||0||1640|OK|35910|58892000|0|0|0|0||0|0|0|0||| |0|0|| |-  -|0|4907000|4907000|4907000|4907000|4907000|4907000|4907000|4907000|4907000|4907000|4907000|4915000|0||0|||1|0|00
2026|01|527010|015|08|WA|4715|EBA|01|51|1|001|100|HA|521211|019|A|0|0| |0|01|||3|KDM  Snack Rapat|0||0||0||0||1640|OK|15121|24798000|0|0|0|0||0|0|0|0||| |0|0|| |-  -|0|2066000|2066000|2066000|2066000|2066000|2066000|2066000|2066000|2066000|2066000|2066000|2072000|0||0|||1|0|00
2026|01|527010|015|08|WA|4715|EBA|01|51|1|001|100|HA|521211|019|A|0|0| |0|02||1|4|GKM|0||0||0||0||0||0|0|0|0|0|0||0|0|0|0||| |0|0|| |-  -|0|0|0|0|0|0|0|0|0|0|0|0|0|0||0|||1|0|00
2026|01|527010|015|08|WA|4715|EBA|01|51|1|001|100|HA|521211|019|A|0|0| |0|02|||5|KDM  Snack Rapat|0||0||0||0||500|OK|15119|7559000|0|0|0|0||0|0|0|0||| |0|0|| |-  -|0|629000|629000|629000|629000|629000|629000|629000|629000|629000|629000|629000|640000|0||0|||1|0|00
2026|01|527010|015|08|WA|4715|EBA|01|51|1|001|100|HA|521211|019|A|0|0| |0|02|||6|KDM  Makan Rapat|0||0||0||0||500|OK|35084|17542000|0|0|0|0||0|0|0|0||| |0|0|| |-  -|0|1461000|1461000|1461000|1461000|1461000|1461000|1461000|1461000|1461000|1461000|1461000|1471000|0||0|||1|0|00
2026|01|527010|015|08|WA|4715|EBA|01|51|1|001|100|IA|521211|019|A|0|0| |0|01||1|1|PENGELOLAAN KETATA USAHAAN|0||0||0||0||0||0|0|0|0|0|0||0|0|0|0||| |0|0|| |-  -|0|0|0|0|0|0|0|0|0|0|0|0|0|0||0|||1|0|00
2026|01|527010|015|08|WA|4715|EBA|01|51|1|001|100|IA|521211|019|A|0|0| |0|01|||2|KDM  Konsumsi RapatMakan Direktur|5|ORG|15|FR|12|BLN|0||900|OF|35910|32319000|0|0|0|0||0|0|0|0||| |0|0|| |-  -|0|2693000|2693000|2693000|2693000|2693000|2693000|2693000|2693000|2693000|2693000|2693000|2696000|0||0|||1|0|00
2026|01|527010|015|08|WA|4715|EBA|01|51|1|001|100|IA|521211|019|A|0|0| |0|01|||3|KDM  Konsumsi RapatSnack Direktur|5|ORG|15|FR|12|BLN|0||900|OF|15120|13608000|0|0|0|0||0|0|0|0||| |0|0|| |-  -|0|1134000|1134000|1134000|1134000|1134000|1134000|1134000|1134000|1134000|1134000|1134000|1134000|0||0|||1|0|00
2026|01|527010|015|08|WA|4715|EBA|01|51|1|001|100|IA|521211|019|A|0|0| |0|02||1|4|RAPAT KONSULTASI, ASISTENSI DAN PEMBAHASAN KPI SATKER BLU|0||0||0||0||0||0|0|0|0|0|0||0|0|0|0||| |0|0|| |-  -|0|0|0|0|0|0|0|0|0|0|0|0|0|0||0|||1|0|00
2026|01|527010|015|08|WA|4715|EBA|01|51|1|001|100|IA|521211|019|A|0|0| |0|02|||5|KDM  Makan Rapat|5|ORG|15|FR|12|BLN|0||900|OF|35910|32319000|0|0|0|0||0|0|0|0||| |0|0|| |-  -|0|2693000|2693000|2693000|2693000|2693000|2693000|2693000|2693000|2693000|2693000|2693000|2696000|0||0|||1|0|00
2026|01|527010|015|08|WA|4715|EBA|01|51|1|001|100|IA|521211|019|A|0|0| |0|02|||6|KDM  Snack Rapat|5|ORG|15|FR|12|BLN|0||900|OF|15120|13608000|0|0|0|0||0|0|0|0||| |0|0|| |-  -|0|1134000|1134000|1134000|1134000|1134000|1134000|1134000|1134000|1134000|1134000|1134000|1134000|0||0|||1|0|00
2026|01|527010|015|08|WA|4715|EBA|01|51|1|001|100|JA|521211|019|A|0|0| |0||||1|KDM  Makan Rapat|10|ORG|8|FR|12|BLN|0||960|OF|35911|34474000|0|0|0|0||0|0|0|0||| |0|0|| |-  -|0|2872000|2872000|2872000|2872000|2872000|2872000|2872000|2872000|2872000|2872000|2872000|2882000|0||0|||1|0|00
2026|01|527010|015|08|WA|4715|EBA|01|51|1|001|100|JA|521211|019|A|0|0| |0||||2|KDM  Snack Rapat|10|ORG|8|FR|12|BLN|0||960|OF|15120|14515000|0|0|0|0||0|0|0|0||| |0|0|| |-  -|0|1209000|1209000|1209000|1209000|1209000|1209000|1209000|1209000|1209000|1209000|1209000|1216000|0||0|||1|0|00
2026|01|527010|015|08|WA|4715|EBA|01|51|1|001|100|JA|521211|019|A|0|0| |0||||3|CTK  ATKHabis PakaiPenggandaan LaporanBuku (Dukungan Rakernas)|150|EKS|1|FR|0||0||150|EKS|126000|18900000|0|0|0|0||0|0|0|0||| |0|0|| |-  -|0|1575000|1575000|1575000|1575000|1575000|1575000|1575000|1575000|1575000|1575000|1575000|1575000|0||0|||1|0|00
2026|01|527010|015|08|WA|4715|EBA|01|51|1|001|100|JA|521211|019|A|0|0| |0||||4|CTK  ATKHabis PakaiPenggandaan LaporanBuku (Lap Tinjut BPK)|50|EKS|2|FR|0||0||100|EKS|126000|12600000|0|0|0|0||0|0|0|0||| |0|0|| |-  -|0|1050000|1050000|1050000|1050000|1050000|1050000|1050000|1050000|1050000|1050000|1050000|1050000|0||0|||1|0|00
2026|01|527010|015|08|WA|4715|EBA|01|51|1|001|100|JA|521211|019|A|0|0| |0||||5|CTK  ATKHabis PakaiPenggandaan LaporanBuku (LKPP UnauditedAudited)|75|EKS|1|FR|0||0||75|EKS|126000|9450000|0|0|0|0||0|0|0|0||| |0|0|| |-  -|0|787000|787000|787000|787000|787000|787000|787000|787000|787000|787000|787000|793000|0||0|||1|0|00
2026|01|527010|015|08|WA|4715|EBA|01|51|1|001|100|JA|521211|019|A|0|0| |0||||6|CTK  ATKHabis PakaiPenggandaan LaporanBuku (LK BUN UnauditedAudited)|75|EKS|1|FR|0||0||75|EKS|126000|9450000|0|0|0|0||0|0|0|0||| |0|0|| |-  -|0|787000|787000|787000|787000|787000|787000|787000|787000|787000|787000|787000|793000|0||0|||1|0|00
2026|01|527010|015|08|WA|4715|EBA|01|51|1|001|100|JA|521211|019|A|0|0| |0||||7|CTK  ATKHabis PakaiPenggandaan LaporanBuku (LK Akuntansi Pusat, Transaksi khusus, Unit Badan Lainnya, LK BUN Semester I Tahun|75|EKS|1|FR|0||0||75|EKS|126000|9450000|0|0|0|0||0|0|0|0||| |0|0|| |-  -|0|787000|787000|787000|787000|787000|787000|787000|787000|787000|787000|787000|793000|0||0|||1|0|00
2026|01|527010|015|08|WA|4715|EBA|01|51|1|001|100|JA|521211|019|A|0|0| |0||||8|CTK  ATKHabis Pakai Kebutuhan Pegawai Dit. APK)|100|ORG|1|FR|0||0||100|OF|350960|35096000|0|0|0|0||0|0|0|0||| |0|0|| |-  -|0|2924000|2924000|2924000|2924000|2924000|2924000|2924000|2924000|2924000|2924000|2924000|2932000|0||0|||1|0|00
2026|01|527010|015|08|WA|4715|EBA|01|51|1|001|100|JA|524111|019|A|0|0| |0||||1|Transport|2|ORG|5|FR|0||0||10|OF|2289800|22898000|0|0|0|0||0|0|0|0||| |0|0|| |-  -|0|1908000|1908000|1908000|1908000|1908000|1908000|1908000|1908000|1908000|1908000|1908000|1910000|0||0|||1|0|00
2026|01|527010|015|08|WA|4715|EBA|01|51|1|001|100|JA|524111|019|A|0|0| |0||||2|Akomodasi|2|ORG|2|HR|5|FR|0||20|OH|697400|13948000|0|0|0|0||0|0|0|0||| |0|0|| |-  -|0|1162000|1162000|1162000|1162000|1162000|1162000|1162000|1162000|1162000|1162000|1162000|1166000|0||0|||1|0|00
2026|01|527010|015|08|WA|4715|EBA|01|51|1|001|100|JA|524111|019|A|0|0| |0||||3|Uang Saku Harian|2|ORG|3|HR|5|FR|0||30|OH|359567|10787000|0|0|0|0||0|0|0|0||| |0|0|| |-  -|0|898000|898000|898000|898000|898000|898000|898000|898000|898000|898000|898000|909000|0||0|||1|0|00
2026|01|527010|015|08|WA|4715|EBA|01|51|1|001|100|JA|524113|019|A|0|0| |0||||1|Transport Dalam Kota|3|ORG|8|FR|0||0||24|OF|58125|1395000|0|0|0|0||0|0|0|0||| |0|0|| |-  -|0|116000|116000|116000|116000|116000|116000|116000|116000|116000|116000|116000|119000|0||0|||1|0|00
2026|01|527010|015|08|WA|4715|EBA|01|51|1|001|100|JA|524113|019|A|0|0| |0||||2|Uang Saku Dalam Kota  8 Jam|3|ORG|1|HR|8|FR|0||24|OH|65084|1562000|0|0|0|0||0|0|0|0||| |0|0|| |-  -|0|130000|130000|130000|130000|130000|130000|130000|130000|130000|130000|130000|132000|0||0|||1|0|00
2026|01|527010|015|08|WA|4715|EBA|01|51|1|994|002|CA|521115|019|A|0|0| |0|01||1|1|Honorarium Pengelola UAKPA Kantor Pusat DJPb|0||0||0||0||0||0|0|0|0|0|0||0|0|0|0||| |0|0|| |-  -|0|0|0|0|0|0|0|0|0|0|0|0|0|0||0|||1|0|00
2026|01|527010|015|08|WA|4715|EBA|01|51|1|994|002|CA|521115|019|A|0|0| |0|02|||10|Anggota|3|ORG|12|BLN|0||0||36|OB|200000|7200000|0|0|0|0||0|0|0|0||| |0|0|| |-  -|0|594099|594099|594099|594099|594099|594099|594099|594099|594099|594099|594099|664911|0||0|||1|0|00
2026|01|527010|015|08|WA|4715|EBA|01|51|1|994|002|CA|521115|019|A|0|0| |0|03||1|11|Honorarium Pengelola UAPPA Eselon I BUN Belanja Lainlain DJPb|0||0||0||0||0||0|0|0|0|0|0||0|0|0|0||| |0|0|| |-  -|0|0|0|0|0|0|0|0|0|0|0|0|0|0||0|||1|0|00
2026|01|527010|015|08|WA|4715|EBA|01|51|1|994|002|CA|521115|019|A|0|0| |0|03|||12|Penanggung Jawab|1|ORG|12|BLN|0||0||12|OB|270000|3240000|0|0|0|0||0|0|0|0||| |0|0|| |-  -|0|267345|267345|267345|267345|267345|267345|267345|267345|267345|267345|267345|299205|0||0|||1|0|00
2026|01|527010|015|08|WA|4715|EBA|01|51|1|994|002|CA|521115|019|A|0|0| |0|03|||13|Koordinator|1|ORG|12|BLN|0||0||12|OB|240000|2880000|0|0|0|0||0|0|0|0||| |0|0|| |-  -|0|237640|237640|237640|237640|237640|237640|237640|237640|237640|237640|237640|265960|0||0|||1|0|00
2026|01|527010|015|08|WA|4715|EBA|01|51|1|994|002|CA|521115|019|A|0|0| |0|03|||14|Ketua|1|ORG|12|BLN|0||0||12|OB|210000|2520000|0|0|0|0||0|0|0|0||| |0|0|| |-  -|0|207935|207935|207935|207935|207935|207935|207935|207935|207935|207935|207935|232715|0||0|||1|0|00
2026|01|527010|015|08|WA|4715|EBA|01|51|1|994|002|CA|521115|019|A|0|0| |0|03|||15|Anggota|3|ORG|12|BLN|0||0||36|OB|200000|7200000|0|0|0|0||0|0|0|0||| |0|0|| |-  -|0|594099|594099|594099|594099|594099|594099|594099|594099|594099|594099|594099|664911|0||0|||1|0|00
2026|01|527010|015|08|WA|4715|EBA|01|51|1|994|002|CA|521115|019|A|0|0| |0|04||1|16|Honorarium Pengelola Unit Akuntansi dan Pelaporan Keuangan Pembantu BUN Transaksi Khusus|0||0||0||0||0||0|0|0|0|0|0||0|0|0|0||| |0|0|| |-  -|0|0|0|0|0|0|0|0|0|0|0|0|0|0||0|||1|0|00
2026|01|527010|015|08|WA|4715|EBA|01|51|1|994|002|CA|521115|019|A|0|0| |0|04|||17|Penanggung Jawab|1|ORG|12|BLN|0||0||12|OB|270000|3240000|0|0|0|0||0|0|0|0||| |0|0|| |-  -|0|267345|267345|267345|267345|267345|267345|267345|267345|267345|267345|267345|299205|0||0|||1|0|00
2026|01|527010|015|08|WA|4715|EBA|01|51|1|994|002|CA|521115|019|A|0|0| |0|04|||18|Koordinator|1|ORG|12|BLN|0||0||12|OB|240000|2880000|0|0|0|0||0|0|0|0||| |0|0|| |-  -|0|237640|237640|237640|237640|237640|237640|237640|237640|237640|237640|237640|265960|0||0|||1|0|00
2026|01|527010|015|08|WA|4715|EBA|01|51|1|994|002|CA|521115|019|A|0|0| |0|04|||19|Ketua|1|ORG|12|BLN|0||0||12|OB|210000|2520000|0|0|0|0||0|0|0|0||| |0|0|| |-  -|0|207935|207935|207935|207935|207935|207935|207935|207935|207935|207935|207935|232715|0||0|||1|0|00
2026|01|527010|015|08|WA|4715|EBA|01|51|1|994|002|CA|521115|019|A|0|0| |0|01|||2|Penanggung Jawab|1|ORG|12|BLN|0||0||12|OB|200000|2400000|0|0|0|0||0|0|0|0||| |0|0|| |-  -|0|198033|198033|198033|198033|198033|198033|198033|198033|198033|198033|198033|221637|0||0|||1|0|00
2026|01|527010|015|08|WA|4715|EBA|01|51|1|994|002|CA|521115|019|A|0|0| |0|04|||20|Anggota|3|ORG|12|BLN|0||0||36|OB|200000|7200000|0|0|0|0||0|0|0|0||| |0|0|| |-  -|0|594099|594099|594099|594099|594099|594099|594099|594099|594099|594099|594099|664911|0||0|||1|0|00
2026|01|527010|015|08|WA|4715|EBA|01|51|1|994|002|CA|521115|019|A|0|0| |0|05||1|21|Honorarium Pengelola Unit Akuntansi dan Pelaporan Keuangan Belanja Subsidi|0||0||0||0||0||0|0|0|0|0|0||0|0|0|0||| |0|0|| |-  -|0|0|0|0|0|0|0|0|0|0|0|0|0|0||0|||1|0|00
2026|01|527010|015|08|WA|4715|EBA|01|51|1|994|002|CA|521115|019|A|0|0| |0|05|||22|Penanggung Jawab|1|ORG|12|BLN|0||0||12|OB|270000|3240000|0|0|0|0||0|0|0|0||| |0|0|| |-  -|0|267345|267345|267345|267345|267345|267345|267345|267345|267345|267345|267345|299205|0||0|||1|0|00
2026|01|527010|015|08|WA|4715|EBA|01|51|1|994|002|CA|521115|019|A|0|0| |0|05|||23|Koordinator|1|ORG|12|BLN|0||0||12|OB|240000|2880000|0|0|0|0||0|0|0|0||| |0|0|| |-  -|0|237640|237640|237640|237640|237640|237640|237640|237640|237640|237640|237640|265960|0||0|||1|0|00
2026|01|527010|015|08|WA|4715|EBA|01|51|1|994|002|CA|521115|019|A|0|0| |0|05|||24|Ketua|1|ORG|12|BLN|0||0||12|OB|210000|2520000|0|0|0|0||0|0|0|0||| |0|0|| |-  -|0|207935|207935|207935|207935|207935|207935|207935|207935|207935|207935|207935|232715|0||0|||1|0|00
2026|01|527010|015|08|WA|4715|EBA|01|51|1|994|002|CA|521115|019|A|0|0| |0|05|||25|Anggota|3|ORG|12|BLN|0||0||36|OB|200000|7200000|0|0|0|0||0|0|0|0||| |0|0|| |-  -|0|594099|594099|594099|594099|594099|594099|594099|594099|594099|594099|594099|664911|0||0|||1|0|00
2026|01|527010|015|08|WA|4715|EBA|01|51|1|994|002|CA|521115|019|A|0|0| |0|01|||3|Koordinator|1|ORG|12|BLN|0||0||12|OB|200000|2400000|0|0|0|0||0|0|0|0||| |0|0|| |-  -|0|198033|198033|198033|198033|198033|198033|198033|198033|198033|198033|198033|221637|0||0|||1|0|00
2026|01|527010|015|08|WA|4715|EBA|01|51|1|994|002|CA|521115|019|A|0|0| |0|01|||4|Ketua|1|ORG|12|BLN|0||0||12|OB|150000|1800000|0|0|0|0||0|0|0|0||| |0|0|| |-  -|0|148525|148525|148525|148525|148525|148525|148525|148525|148525|148525|148525|166225|0||0|||1|0|00
2026|01|527010|015|08|WA|4715|EBA|01|51|1|994|002|CA|521115|019|A|0|0| |0|01|||5|Anggota|3|ORG|12|BLN|0||0||36|OB|150000|5400000|0|0|0|0||0|0|0|0||| |0|0|| |-  -|0|445575|445575|445575|445575|445575|445575|445575|445575|445575|445575|445575|498675|0||0|||1|0|00
2026|01|527010|015|08|WA|4715|EBA|01|51|1|994|002|CA|521115|019|A|0|0| |0|02||1|6|Honorarium Pengelola UAPPA Eselon I DJPb|0||0||0||0||0||0|0|0|0|0|0||0|0|0|0||| |0|0|| |-  -|0|0|0|0|0|0|0|0|0|0|0|0|0|0||0|||1|0|00
2026|01|527010|015|08|WA|4715|EBA|01|51|1|994|002|CA|521115|019|A|0|0| |0|02|||7|Penanggung Jawab|1|ORG|12|BLN|0||0||12|OB|270000|3240000|0|0|0|0||0|0|0|0||| |0|0|| |-  -|0|267345|267345|267345|267345|267345|267345|267345|267345|267345|267345|267345|299205|0||0|||1|0|00
2026|01|527010|015|08|WA|4715|EBA|01|51|1|994|002|CA|521115|019|A|0|0| |0|02|||8|Koordinator|1|ORG|12|BLN|0||0||12|OB|240000|2880000|0|0|0|0||0|0|0|0||| |0|0|| |-  -|0|237640|237640|237640|237640|237640|237640|237640|237640|237640|237640|237640|265960|0||0|||1|0|00
2026|01|527010|015|08|WA|4715|EBA|01|51|1|994|002|CA|521115|019|A|0|0| |0|02|||9|Ketua|1|ORG|12|BLN|0||0||12|OB|210000|2520000|0|0|0|0||0|0|0|0||| |0|0|| |-  -|0|207935|207935|207935|207935|207935|207935|207935|207935|207935|207935|207935|232715|0||0|||1|0|00
2026|01|527010|015|08|WA|4715|EBA|01|51|1|994|002|CB|521115|019|A|0|0| |0|01||1|1|Pejabat Pengelola Keuangan Satker PPP BUN|0||0||0||0||0||0|0|0|0|0|0||0|0|0|0||| |0|0|| |-  -|0|0|0|0|0|0|0|0|0|0|0|0|0|0||0|||1|0|00
2026|01|527010|015|08|WA|4715|EBA|01|51|1|994|002|CB|521115|019|A|0|0| |0|01|||2|Pejabat KPA|1|ORG|12|BLN|0||0||12|OB|2860000|34320000|0|0|0|0||0|0|0|0||| |0|0|| |-  -|0|2831874|2831874|2831874|2831874|2831874|2831874|2831874|2831874|2831874|2831874|2831874|3169386|0||0|||1|0|00
2026|01|527010|015|08|WA|4715|EBA|01|51|1|994|002|CB|521115|019|A|0|0| |0|01|||3|Pejabat Pembuat Komitmen|7|ORG|12|BLN|0||0||84|OB|2780000|233520000|0|0|0|0||0|0|0|0||| |0|0|| |-  -|0|19268623|19268623|19268623|19268623|19268623|19268623|19268623|19268623|19268623|19268623|19268623|21565147|0||0|||1|0|00
2026|01|527010|015|08|WA|4715|EBA|01|51|1|994|002|CB|521115|019|A|0|0| |0|01|||4|Pejabat Penandatangan SPM|1|ORG|12|BLN|0||0||12|OB|1470000|17640000|0|0|0|0||0|0|0|0||| |0|0|| |-  -|0|1455543|1455543|1455543|1455543|1455543|1455543|1455543|1455543|1455543|1455543|1455543|1629027|0||0|||1|0|00
2026|01|527010|015|08|WA|4715|EBA|01|51|1|994|002|CB|521115|019|A|0|0| |0|01|||5|Bendahara Pengeluaran|1|ORG|12|BLN|0||0||12|OB|1280000|15360000|0|0|0|0||0|0|0|0||| |0|0|| |-  -|0|1267412|1267412|1267412|1267412|1267412|1267412|1267412|1267412|1267412|1267412|1267412|1418468|0||0|||1|0|00
2026|01|527010|015|08|WA|4715|EBA|01|51|1|994|002|CB|521115|019|A|0|0| |0|01|||6|Bendahara Pengeluaran Pembantu|6|ORG|12|BLN|0||0||72|OB|950000|68400000|0|0|0|0||0|0|0|0||| |0|0|| |-  -|0|5643944|5643944|5643944|5643944|5643944|5643944|5643944|5643944|5643944|5643944|5643944|6316616|0||0|||1|0|00
2026|01|527010|015|08|WA|4715|EBA|01|51|1|994|002|CB|521115|019|A|0|0| |0|01|||7|Pejabat Pengadaan BarangJasa|7|ORG|12|BLN|0||0||84|OB|680000|57120000|0|0|0|0||0|0|0|0||| |0|0|| |-  -|0|4713188|4713188|4713188|4713188|4713188|4713188|4713188|4713188|4713188|4713188|4713188|5274932|0||0|||1|0|00
2026|01|527010|015|08|WA|4715|EBA|01|51|1|994|002|CB|521115|019|A|0|0| |0|01|||8|Staf Pengelola Keuangan|15|ORG|12|BLN|0||0||180|OB|950000|171000000|0|0|0|0||0|0|0|0||| |0|0|| |-  -|0|14109860|14109860|14109860|14109860|14109860|14109860|14109860|14109860|14109860|14109860|14109860|15791540|0||0|||1|0|00
2026|01|527010|015|08|WA|4715|EBA|01|51|1|994|002|DA|521111|019|A|0|0| |0||||1|Keperluan sehari hari perkantoran|1367|ORG|1|THN|0||0||1367|OT|1292000|1766164000|0|0|0|0||0|0|0|0||| |0|0|| |-  -|0|143383549|143383549|143383549|143383549|143383549|143383549|143383549|143383549|143383549|143383549|143383549|188944961|0||0|||1|0|00
2026|01|527010|015|08|WA|4715|EBA|01|51|1|994|002|DA|521111|019|A|0|0| |0||||2|Pengadaan alat listrik, keset karpet, underlayer dan barang habis pakai|0||0||0||0||1|THN|566856000|566856000|0|0|0|0||0|0|0|0||| |0|0|| |-  -|0|46019410|46019410|46019410|46019410|46019410|46019410|46019410|46019410|46019410|46019410|46019410|60642490|0||0|||1|0|00
2026|01|527010|015|08|WA|4715|EBA|01|51|1|994|002|DA|521111|019|A|0|0| |0||||3|Honor Petugas Kebersihan|79|ORG|13|BLN|0||0||1027|OB|5721000|5875467000|0|0|0|0||0|0|0|0||| |0|0|| |-  -|0|476991554|476991554|476991554|476991554|476991554|476991554|476991554|476991554|476991554|476991554|476991554|628559906|0||0|||1|0|00
2026|01|527010|015|08|WA|4715|EBA|01|51|1|994|002|DA|521111|019|A|0|0| |0||||4|Honor Pramubhakti|59|ORG|13|BLN|0||0||767|OB|5721000|4388007000|0|0|0|0||0|0|0|0||| |0|0|| |-  -|0|356234199|356234199|356234199|356234199|356234199|356234199|356234199|356234199|356234199|356234199|356234199|469430811|0||0|||1|0|00
2026|01|527010|015|08|WA|4715|EBA|01|51|1|994|002|DA|521111|019|A|0|0| |0||||5|Honor Pengemudi|18|ORG|13|BLN|0||0||234|OB|6294000|1472796000|0|0|0|0||0|0|0|0||| |0|0|| |-  -|0|119566879|119566879|119566879|119566879|119566879|119566879|119566879|119566879|119566879|119566879|119566879|157560331|0||0|||1|0|00
2026|01|527010|015|08|WA|4715|EBA|01|51|1|994|002|DA|521111|019|A|0|0| |0||||6|Honor Satpam|31|ORG|13|BLN|0||0||403|OB|6294000|2536482000|0|0|0|0||0|0|0|0||| |0|0|| |-  -|0|205920736|205920736|205920736|205920736|205920736|205920736|205920736|205920736|205920736|205920736|205920736|271353904|0||0|||1|0|00
2026|01|527010|015|08|WA|4715|EBA|01|51|1|994|002|DA|521111|019|A|0|0| |0||||7|Uang Lembur Satpam, Pengemudi, Pramubhakti dan Petugas Kebersihan|187|ORG|2|JAM|12|HARI|12|BLN|53856|OJ|13000|700128000|0|0|0|0||0|0|0|0||| |0|0|| |-  -|0|56838911|56838911|56838911|56838911|56838911|56838911|56838911|56838911|56838911|56838911|56838911|74899979|0||0|||1|0|00
2026|01|527010|015|08|WA|4715|EBA|01|51|1|994|002|DA|521111|019|A|0|0| |0||||8|Uang Makan Lembur Satpam, Pengemudi, Pramubhakti dan Petugas Kebersihan|187|ORG|6|JAM|12|BLN|0||13464|OH|30000|403920000|0|0|0|0||0|0|0|0||| |0|0|| |-  -|0|32791679|32791679|32791679|32791679|32791679|32791679|32791679|32791679|32791679|32791679|32791679|43211531|0||0|||1|0|00
2026|01|527010|015|08|WA|4715|EBA|01|51|1|994|002|DA|521119|019|A|0|0| |0||||1|Pencetakan bukubuku, modul, makalah, bahan sosialisasi|500|EKS|2|FR|0||0||1000|EKS|77188|77188000|0|0|0|0||0|0|0|0||| |0|0|| |-  -|0|6266400|6266400|6266400|6266400|6266400|6266400|6266400|6266400|6266400|6266400|6266400|8257600|0||0|||1|0|00
2026|01|527010|015|08|WA|4715|EBA|01|51|1|994|002|DA|521119|019|A|0|0| |0||||2|Pencetakan kalender|0||0||0||0||1500|PCS|77189|115783000|0|0|0|0||0|0|0|0||| |0|0|| |-  -|0|9399681|9399681|9399681|9399681|9399681|9399681|9399681|9399681|9399681|9399681|9399681|12386509|0||0|||1|0|00
2026|01|527010|015|08|WA|4715|EBA|01|51|1|994|002|DA|521119|019|A|0|0| |0||||3|Pencetakan majalah treasury|1250|EKS|4|FR|0||0||5000|EKS|30876|154380000|0|0|0|0||0|0|0|0||| |0|0|| |-  -|0|12533124|12533124|12533124|12533124|12533124|12533124|12533124|12533124|12533124|12533124|12533124|16515636|0||0|||1|0|00
2026|01|527010|015|08|WA|4715|EBA|01|51|1|994|002|DA|521119|019|A|0|0| |0||||4|Pencetakan buku agenda kerja|0||0||0||0||1000|PCS|77185|77185000|0|0|0|0||0|0|0|0||| |0|0|| |-  -|0|6266156|6266156|6266156|6266156|6266156|6266156|6266156|6266156|6266156|6266156|6266156|8257284|0||0|||1|0|00
2026|01|527010|015|08|WA|4715|EBA|01|51|1|994|002|DA|521119|019|A|0|0| |0||||5|Pengisian Saldo Uang Elektonik Operasional|20|FR|12|BLN|0||0||240|FR|77188|18525000|0|0|0|0||0|0|0|0||| |0|0|| |-  -|0|1503926|1503926|1503926|1503926|1503926|1503926|1503926|1503926|1503926|1503926|1503926|1981814|0||0|||1|0|00
2026|01|527010|015|08|WA|4715|EBA|01|51|1|994|002|DA|521119|019|A|0|0| |0|01||1|6|Seragam Kantor Pusat DJPb|0||0||0||0||0||0|0|0|0|0|0||0|0|0|0||| |0|0|| |-  -|0|0|0|0|0|0|0|0|0|0|0|0|0|0||0|||1|0|00
2026|01|527010|015|08|WA|4715|EBA|01|51|1|994|002|DA|521119|019|A|0|0| |0|01|||7|Seragam ASN|1367|ORG|2|STEL|0||0||2734|STEL|822739|2249368000|0|0|0|0||0|0|0|0||| |0|0|| |-  -|0|182611789|182611789|182611789|182611789|182611789|182611789|182611789|182611789|182611789|182611789|182611789|240638321|0||0|||1|0|00
2026|01|527010|015|08|WA|4715|EBA|01|51|1|994|002|DA|521119|019|A|0|0| |0|01|||8|Seragam Satpam|31|ORG|2|STEL|0||0||62|STEL|1585000|98270000|0|0|0|0||0|0|0|0||| |0|0|| |-  -|0|7977912|7977912|7977912|7977912|7977912|7977912|7977912|7977912|7977912|7977912|7977912|10512968|0||0|||1|0|00
2026|01|527010|015|08|WA|4715|EBA|01|51|1|994|002|DA|521119|019|A|0|0| |0|01|||9|Seragam Pengemudi, Pramubhaksi, Petugas Kebersihan|156|ORG|2|STEL|0||0||312|STEL|738000|230256000|0|0|0|0||0|0|0|0||| |0|0|| |-  -|0|18693011|18693011|18693011|18693011|18693011|18693011|18693011|18693011|18693011|18693011|18693011|24632879|0||0|||1|0|00
2026|01|527010|015|08|WA|4715|EBA|01|51|1|994|002|DA|521811|019|A|0|0| |0||||1|ATK  Pengadaan ATK dan bahan lainnya|0||0||0||0||12|BLN|20400000|244800000|0|0|0|0||0|0|0|0||| |0|0|| |-  -|0|19873745|19873745|19873745|19873745|19873745|19873745|19873745|19873745|19873745|19873745|19873745|26188805|0||0|||1|0|00
2026|01|527010|015|08|WA|4715|EBA|01|51|1|994|002|DA|521811|019|A|0|0| |0||||2|ATK  Pengadaan supplies komputer|0||0||0||0||12|BLN|34000000|408000000|0|0|0|0||0|0|0|0||| |0|0|| |-  -|0|33122908|33122908|33122908|33122908|33122908|33122908|33122908|33122908|33122908|33122908|33122908|43648012|0||0|||1|0|00
2026|01|527010|015|08|WA|4715|EBA|01|51|1|994|002|DB|521114|019|A|0|0| |0||||1|Biaya pengiriman suratdokumenbukuperalatan dan mesin|0||0||0||0||12|BLN|29450000|353400000|0|0|0|0||0|0|0|0||| |0|0|| |-  -|0|29591687|29591687|29591687|29591687|29591687|29591687|29591687|29591687|29591687|29591687|29591687|27891443|0||0|||1|0|00
2026|01|527010|015|08|WA|4715|EBA|01|51|1|994|002|DB|522111|019|A|0|0| |0||||1|Langganan Listrik|0||0||0||0||12|BLN|1596085084|19153021000|0|0|0|0||0|0|0|0||| |0|0|| |-  -|0|1603764009|1603764009|1603764009|1603764009|1603764009|1603764009|1603764009|1603764009|1603764009|1603764009|1603764009|1511616901|0||0|||1|0|00
2026|01|527010|015|08|WA|4715|EBA|01|51|1|994|002|DB|522112|019|A|0|0| |0||||1|Langganan Telepon|0||0||0||0||12|BLN|186666667|2240000000|0|0|0|0||0|0|0|0||| |0|0|| |-  -|0|187564739|187564739|187564739|187564739|187564739|187564739|187564739|187564739|187564739|187564739|187564739|176787871|0||0|||1|0|00
2026|01|527010|015|08|WA|4715|EBA|01|51|1|994|002|DB|522113|019|A|0|0| |0||||1|Langganan Air|0||0||0||0||12|BLN|100000000|1200000000|0|0|0|0||0|0|0|0||| |0|0|| |-  -|0|100481110|100481110|100481110|100481110|100481110|100481110|100481110|100481110|100481110|100481110|100481110|94707790|0||0|||1|0|00
2026|01|527010|015|08|WA|4715|EBA|01|51|1|994|002|DB|522119|019|A|0|0| |0||||1|Biaya Layanan Payment Gateway via VA dan KKP|0||0||0||0||12|BLN|30000000|360000000|0|0|0|0||0|0|0|0||| |0|0|| |-  -|0|30144333|30144333|30144333|30144333|30144333|30144333|30144333|30144333|30144333|30144333|30144333|28412337|0||0|||1|0|00
2026|01|527010|015|08|WA|4715|EBA|01|51|1|994|002|DC|521115|019|A|0|0| |0||||1|Honorarium KPA|1|ORG|12|BLN|0||0||12|OB|2860000|34320000|0|0|0|0||0|0|0|0||| |0|0|| |-  -|0|2831874|2831874|2831874|2831874|2831874|2831874|2831874|2831874|2831874|2831874|2831874|3169386|0||0|||1|0|00
2026|01|527010|015|08|WA|4715|EBA|01|51|1|994|002|DC|521115|019|A|0|0| |0||||10|Honorarium Staf Pembantu PPK Belanja Barang dan Modal TIK|2|ORG|12|BLN|0||0||24|OB|950000|22800000|0|0|0|0||0|0|0|0||| |0|0|| |-  -|0|1881315|1881315|1881315|1881315|1881315|1881315|1881315|1881315|1881315|1881315|1881315|2105535|0||0|||1|0|00
2026|01|527010|015|08|WA|4715|EBA|01|51|1|994|002|DC|521115|019|A|0|0| |0||||11|Honorarium Staf Pembantu PPK Belanja Barang dan Modal Non TIK|8|ORG|12|BLN|0||0||96|OB|490000|47040000|0|0|0|0||0|0|0|0||| |0|0|| |-  -|0|3881449|3881449|3881449|3881449|3881449|3881449|3881449|3881449|3881449|3881449|3881449|4344061|0||0|||1|0|00
2026|01|527010|015|08|WA|4715|EBA|01|51|1|994|002|DC|521115|019|A|0|0| |0||||12|Honorarium Pengelola SAI|0||0||0||0||12|BLN|1800000|21600000|0|0|0|0||0|0|0|0||| |0|0|| |-  -|0|1782298|1782298|1782298|1782298|1782298|1782298|1782298|1782298|1782298|1782298|1782298|1994722|0||0|||1|0|00
2026|01|527010|015|08|WA|4715|EBA|01|51|1|994|002|DC|521115|019|A|0|0| |0||||13|Honorarium Pejabat Pengadaan BarangJasa|14|ORG|12|BLN|0||0||168|OB|680000|114240000|0|0|0|0||0|0|0|0||| |0|0|| |-  -|0|9426377|9426377|9426377|9426377|9426377|9426377|9426377|9426377|9426377|9426377|9426377|10549853|0||0|||1|0|00
2026|01|527010|015|08|WA|4715|EBA|01|51|1|994|002|DC|521115|019|A|0|0| |0||||14|Honorarium POKJA Pemilihan|5|ORG|5|POKJA|3|PKT|0||75|PKT|760000|57000000|0|0|0|0||0|0|0|0||| |0|0|| |-  -|0|4703287|4703287|4703287|4703287|4703287|4703287|4703287|4703287|4703287|4703287|4703287|5263843|0||0|||1|0|00
2026|01|527010|015|08|WA|4715|EBA|01|51|1|994|002|DC|521115|019|A|0|0| |0||||2|Honorarium Pejabat Penandatangan SPM|1|ORG|12|BLN|0||0||12|OB|1470000|17640000|0|0|0|0||0|0|0|0||| |0|0|| |-  -|0|1455543|1455543|1455543|1455543|1455543|1455543|1455543|1455543|1455543|1455543|1455543|1629027|0||0|||1|0|00
2026|01|527010|015|08|WA|4715|EBA|01|51|1|994|002|DC|521115|019|A|0|0| |0||||3|Honorarium PPK Belanja Pegawai|1|ORG|12|BLN|0||0||12|OB|1750000|21000000|0|0|0|0||0|0|0|0||| |0|0|| |-  -|0|1732790|1732790|1732790|1732790|1732790|1732790|1732790|1732790|1732790|1732790|1732790|1939310|0||0|||1|0|00
2026|01|527010|015|08|WA|4715|EBA|01|51|1|994|002|DC|521115|019|A|0|0| |0||||4|Honorarium PPK Belanja Barang dan Modal TIK|1|ORG|12|BLN|0||0||12|OB|2780000|33360000|0|0|0|0||0|0|0|0||| |0|0|| |-  -|0|2752660|2752660|2752660|2752660|2752660|2752660|2752660|2752660|2752660|2752660|2752660|3080740|0||0|||1|0|00
2026|01|527010|015|08|WA|4715|EBA|01|51|1|994|002|DC|521115|019|A|0|0| |0||||5|Honorarium PPK Belanja Barang dan Modal Non TIK|4|ORG|12|BLN|0||0||48|OB|1750000|84000000|0|0|0|0||0|0|0|0||| |0|0|| |-  -|0|6931159|6931159|6931159|6931159|6931159|6931159|6931159|6931159|6931159|6931159|6931159|7757251|0||0|||1|0|00
2026|01|527010|015|08|WA|4715|EBA|01|51|1|994|002|DC|521115|019|A|0|0| |0||||6|Honorarium Bendahara Pengeluaran|1|ORG|12|BLN|0||0||12|OB|1280000|15360000|0|0|0|0||0|0|0|0||| |0|0|| |-  -|0|1267412|1267412|1267412|1267412|1267412|1267412|1267412|1267412|1267412|1267412|1267412|1418468|0||0|||1|0|00
2026|01|527010|015|08|WA|4715|EBA|01|51|1|994|002|DC|521115|019|A|0|0| |0||||7|Honorarium PPABP|1|ORG|12|BLN|0||0||12|OB|490000|5880000|0|0|0|0||0|0|0|0||| |0|0|| |-  -|0|485181|485181|485181|485181|485181|485181|485181|485181|485181|485181|485181|543009|0||0|||1|0|00
2026|01|527010|015|08|WA|4715|EBA|01|51|1|994|002|DC|521115|019|A|0|0| |0||||8|Honorarium Staf Pembantu KPA|1|ORG|12|BLN|0||0||12|OB|950000|11400000|0|0|0|0||0|0|0|0||| |0|0|| |-  -|0|940657|940657|940657|940657|940657|940657|940657|940657|940657|940657|940657|1052773|0||0|||1|0|00
2026|01|527010|015|08|WA|4715|EBA|01|51|1|994|002|DC|521115|019|A|0|0| |0||||9|Honorarium Staf Pembantu PPK Belanja Pegawai|1|ORG|12|BLN|0||0||12|OB|490000|5880000|0|0|0|0||0|0|0|0||| |0|0|| |-  -|0|485181|485181|485181|485181|485181|485181|485181|485181|485181|485181|485181|543009|0||0|||1|0|00
2026|01|527010|015|08|WA|4715|EBA|01|51|1|994|002|DD|523121|019|A|0|0| |0||||1|Pemeliharaan Kendaraan Pejabat Eselon I|0||0||0||0||1|UNIT|40580000|40580000|0|0|0|0||0|0|0|0||| |0|0|| |-  -|0|3348410|3348410|3348410|3348410|3348410|3348410|3348410|3348410|3348410|3348410|3348410|3747490|0||0|||1|0|00
2026|01|527010|015|08|WA|4715|EBA|01|51|1|994|002|DD|523121|019|A|0|0| |0||||10|Pemeliharaan CCTV|0||0||0||0||40|UNIT|479100|19164000|0|0|0|0||0|0|0|0||| |0|0|| |-  -|0|1581294|1581294|1581294|1581294|1581294|1581294|1581294|1581294|1581294|1581294|1581294|1769766|0||0|||1|0|00
2026|01|527010|015|08|WA|4715|EBA|01|51|1|994|002|DD|523121|019|A|0|0| |0||||11|Pemeliharaan Sound System|0||0||0||0||2|UNIT|479000|958000|0|0|0|0||0|0|0|0||| |0|0|| |-  -|0|79048|79048|79048|79048|79048|79048|79048|79048|79048|79048|79048|88472|0||0|||1|0|00
2026|01|527010|015|08|WA|4715|EBA|01|51|1|994|002|DD|523121|019|A|0|0| |0||||12|Pemeliharaan Genset Kantor Pusat|0||0||0||0||3|UNIT|15221000|45663000|0|0|0|0||0|0|0|0||| |0|0|| |-  -|0|3767828|3767828|3767828|3767828|3767828|3767828|3767828|3767828|3767828|3767828|3767828|4216892|0||0|||1|0|00
2026|01|527010|015|08|WA|4715|EBA|01|51|1|994|002|DD|523121|019|A|0|0| |0||||13|Pemeliharaan Genset Kantor Vertikal|0||0||0||0||2|UNIT|6353000|12706000|0|0|0|0||0|0|0|0||| |0|0|| |-  -|0|1048420|1048420|1048420|1048420|1048420|1048420|1048420|1048420|1048420|1048420|1048420|1173380|0||0|||1|0|00
2026|01|527010|015|08|WA|4715|EBA|01|51|1|994|002|DD|523121|019|A|0|0| |0||||14|Pemeliharaan Televisi|0||0||0||0||5|UNIT|239600|1198000|0|0|0|0||0|0|0|0||| |0|0|| |-  -|0|98852|98852|98852|98852|98852|98852|98852|98852|98852|98852|98852|110628|0||0|||1|0|00
2026|01|527010|015|08|WA|4715|EBA|01|51|1|994|002|DD|523121|019|A|0|0| |0||||15|Pemeliharaan LED|0||0||0||0||1|UNIT|23955000|23955000|0|0|0|0||0|0|0|0||| |0|0|| |-  -|0|1976618|1976618|1976618|1976618|1976618|1976618|1976618|1976618|1976618|1976618|1976618|2212202|0||0|||1|0|00
2026|01|527010|015|08|WA|4715|EBA|01|51|1|994|002|DD|523121|019|A|0|0| |0||||16|Pemeliharaan Mesin Absensi Hand Key|0||0||0||0||41|UNIT|958196|39286000|0|0|0|0||0|0|0|0||| |0|0|| |-  -|0|3241637|3241637|3241637|3241637|3241637|3241637|3241637|3241637|3241637|3241637|3241637|3627993|0||0|||1|0|00
2026|01|527010|015|08|WA|4715|EBA|01|51|1|994|002|DD|523121|019|A|0|0| |0||||17|Pemeliharaan Mesin Fax, Mesin Fotocopy, Copy Board, Alat Cetak, Mesin Penyortir, Lemari Es, Access Door|0||0||0||0||57|UNIT|958193|54617000|0|0|0|0||0|0|0|0||| |0|0|| |-  -|0|4506656|4506656|4506656|4506656|4506656|4506656|4506656|4506656|4506656|4506656|4506656|5043784|0||0|||1|0|00
2026|01|527010|015|08|WA|4715|EBA|01|51|1|994|002|DD|523121|019|A|0|0| |0||||18|Pemeliharaan Meubelair|0||0||0||0||1210|UNIT|95820|115942000|0|0|0|0||0|0|0|0||| |0|0|| |-  -|0|9566815|9566815|9566815|9566815|9566815|9566815|9566815|9566815|9566815|9566815|9566815|10707035|0||0|||1|0|00
2026|01|527010|015|08|WA|4715|EBA|01|51|1|994|002|DD|523121|019|A|0|0| |0||||19|Pemeliharaan Pompa Air|0||0||0||0||12|UNIT|958167|11498000|0|0|0|0||0|0|0|0||| |0|0|| |-  -|0|948744|948744|948744|948744|948744|948744|948744|948744|948744|948744|948744|1061816|0||0|||1|0|00
2026|01|527010|015|08|WA|4715|EBA|01|51|1|994|002|DD|523121|019|A|0|0| |0||||2|Pemeliharaan Kendaraan Pejabat Eselon II|0||0||0||0||9|UNIT|40713889|366425000|0|0|0|0||0|0|0|0||| |0|0|| |-  -|0|30235120|30235120|30235120|30235120|30235120|30235120|30235120|30235120|30235120|30235120|30235120|33838680|0||0|||1|0|00
2026|01|527010|015|08|WA|4715|EBA|01|51|1|994|002|DD|523121|019|A|0|0| |0||||3|Pemeliharaan Kendaraan Roda 4|0||0||0||0||40|UNIT|33537000|1341480000|0|0|0|0||0|0|0|0||| |0|0|| |-  -|0|110690614|110690614|110690614|110690614|110690614|110690614|110690614|110690614|110690614|110690614|110690614|123883246|0||0|||1|0|00
2026|01|527010|015|08|WA|4715|EBA|01|51|1|994|002|DD|523121|019|A|0|0| |0||||4|Pemeliharaan Kendaraan Roda 6|0||0||0||0||2|UNIT|35559000|71118000|0|0|0|0||0|0|0|0||| |0|0|| |-  -|0|5868217|5868217|5868217|5868217|5868217|5868217|5868217|5868217|5868217|5868217|5868217|6567613|0||0|||1|0|00
2026|01|527010|015|08|WA|4715|EBA|01|51|1|994|002|DD|523121|019|A|0|0| |0||||5|Pemeliharaan Kendaraan Roda 2|0||0||0||0||22|UNIT|4311910|94862000|0|0|0|0||0|0|0|0||| |0|0|| |-  -|0|7827424|7827424|7827424|7827424|7827424|7827424|7827424|7827424|7827424|7827424|7827424|8760336|0||0|||1|0|00
2026|01|527010|015|08|WA|4715|EBA|01|51|1|994|002|DD|523121|019|A|0|0| |0||||6|Pemeliharaan AC Sentral|0||0||0||0||15|UNIT|2874600|43119000|0|0|0|0||0|0|0|0||| |0|0|| |-  -|0|3557913|3557913|3557913|3557913|3557913|3557913|3557913|3557913|3557913|3557913|3557913|3981957|0||0|||1|0|00
2026|01|527010|015|08|WA|4715|EBA|01|51|1|994|002|DD|523121|019|A|0|0| |0||||7|Pemeliharaan AC Split|0||0||0||0||3|UNIT|292334|877000|0|0|0|0||0|0|0|0||| |0|0|| |-  -|0|72365|72365|72365|72365|72365|72365|72365|72365|72365|72365|72365|80985|0||0|||1|0|00
2026|01|527010|015|08|WA|4715|EBA|01|51|1|994|002|DD|523121|019|A|0|0| |0||||8|Pemeliharaan Alat Pemadam Kebakaran|0||0||0||0||84|UNIT|95822|8049000|0|0|0|0||0|0|0|0||| |0|0|| |-  -|0|664154|664154|664154|664154|664154|664154|664154|664154|664154|664154|664154|743306|0||0|||1|0|00
2026|01|527010|015|08|WA|4715|EBA|01|51|1|994|002|DD|523121|019|A|0|0| |0||||9|Pemeliharaan LCD Projector|0||0||0||0||48|UNIT|287459|13798000|0|0|0|0||0|0|0|0||| |0|0|| |-  -|0|1138525|1138525|1138525|1138525|1138525|1138525|1138525|1138525|1138525|1138525|1138525|1274225|0||0|||1|0|00
2026|01|527010|015|08|WA|4715|EBA|01|51|1|994|002|DE|523111|019|A|0|0| |0||||1|Gedung Prijadi Praptosuhardjo I  Jl. Lapangan Banteng Timur No. 24 (Bertingkat)|0||0||0||0||10000|M2|157145|1571450000|0|0|0|0||0|0|0|0||| |0|0|| |-  -|0|129666313|129666313|129666313|129666313|129666313|129666313|129666313|129666313|129666313|129666313|129666313|145120557|0||0|||1|0|00
2026|01|527010|015|08|WA|4715|EBA|01|51|1|994|002|DE|523111|019|A|0|0| |0||||10|Gazebo Taman  Jl. Lapangan Banteng Timur No. 24 (Tidak Bertingkat)|0||0||0||0||27|M2|127445|3441000|0|0|0|0||0|0|0|0||| |0|0|| |-  -|0|283930|283930|283930|283930|283930|283930|283930|283930|283930|283930|283930|317770|0||0|||1|0|00
2026|01|527010|015|08|WA|4715|EBA|01|51|1|994|002|DE|523111|019|A|0|0| |0||||11|Gedung DWP  Jl. Budi Utomo No. 2 (Tidak Bertingkat)|0||0||0||0||10|M2|127400|1274000|0|0|0|0||0|0|0|0||| |0|0|| |-  -|0|105123|105123|105123|105123|105123|105123|105123|105123|105123|105123|105123|117647|0||0|||1|0|00
2026|01|527010|015|08|WA|4715|EBA|01|51|1|994|002|DE|523111|019|A|0|0| |0||||12|Halaman Gudang BMN  Jl. Raya Daan Mogot|0||0||0||0||1710|M2|7666|13108000|0|0|0|0||0|0|0|0||| |0|0|| |-  -|0|1081591|1081591|1081591|1081591|1081591|1081591|1081591|1081591|1081591|1081591|1081591|1210499|0||0|||1|0|00
2026|01|527010|015|08|WA|4715|EBA|01|51|1|994|002|DE|523111|019|A|0|0| |0||||13|Halaman Gedung Prijadi Praptosuhardjo I  Jl. Lapangan Banteng Timur No. 24|0||0||0||0||960|M2|7666|7359000|0|0|0|0||0|0|0|0||| |0|0|| |-  -|0|607219|607219|607219|607219|607219|607219|607219|607219|607219|607219|607219|679591|0||0|||1|0|00
2026|01|527010|015|08|WA|4715|EBA|01|51|1|994|002|DE|523111|019|A|0|0| |0||||14|Halaman Gedung Prijadi Praptosuhardjo III A dan III B  Jl. Budi Utomo No.6  Jl. Wahidin II No. 3|0||0||0||0||1287|M2|7666|9866000|0|0|0|0||0|0|0|0||| |0|0|| |-  -|0|814081|814081|814081|814081|814081|814081|814081|814081|814081|814081|814081|911109|0||0|||1|0|00
2026|01|527010|015|08|WA|4715|EBA|01|51|1|994|002|DE|523111|019|A|0|0| |0||||2|Gedung Prijadi Praptosuhardjo III A dan III B   Jl. Budi Utomo No.6Wahidin II No. 3 (Bertingkat)|0||0||0||0||9753|M2|157145|1532635000|0|0|0|0||0|0|0|0||| |0|0|| |-  -|0|126463540|126463540|126463540|126463540|126463540|126463540|126463540|126463540|126463540|126463540|126463540|141536060|0||0|||1|0|00
2026|01|527010|015|08|WA|4715|EBA|01|51|1|994|002|DE|523111|019|A|0|0| |0||||3|Gedung KPPN  Jl. Budi Utomo No.3 (Tidak Bertingkat)|0||0||0||0||250|M2|127426|31856000|0|0|0|0||0|0|0|0||| |0|0|| |-  -|0|2628560|2628560|2628560|2628560|2628560|2628560|2628560|2628560|2628560|2628560|2628560|2941840|0||0|||1|0|00
2026|01|527010|015|08|WA|4715|EBA|01|51|1|994|002|DE|523111|019|A|0|0| |0||||4|Gedung Jusuf Anwar  Jl. Lapangan Banteng Timur No. 1 Blok C (Tidak Bertingkat)|0||0||0||0||6430|M2|127441|819445000|0|0|0|0||0|0|0|0||| |0|0|| |-  -|0|67615522|67615522|67615522|67615522|67615522|67615522|67615522|67615522|67615522|67615522|67615522|75674258|0||0|||1|0|00
2026|01|527010|015|08|WA|4715|EBA|01|51|1|994|002|DE|523111|019|A|0|0| |0||||5|Gedung Prijadi Praptosuhardjo II  Jl. Lapangan Banteng Timur No. 1 (Bertingkat)|0||0||0||0||3822|M2|157145|600608000|0|0|0|0||0|0|0|0||| |0|0|| |-  -|0|49558449|49558449|49558449|49558449|49558449|49558449|49558449|49558449|49558449|49558449|49558449|55465061|0||0|||1|0|00
2026|01|527010|015|08|WA|4715|EBA|01|51|1|994|002|DE|523111|019|A|0|0| |0||||6|Gedung Eks Bawaslu  Jl. Kopi No. 10 (Bertingkat)|0||0||0||0||564|M2|157141|88627000|0|0|0|0||0|0|0|0||| |0|0|| |-  -|0|7312951|7312951|7312951|7312951|7312951|7312951|7312951|7312951|7312951|7312951|7312951|8184539|0||0|||1|0|00
2026|01|527010|015|08|WA|4715|EBA|01|51|1|994|002|DE|523111|019|A|0|0| |0||||7|Gudang Arsip  Jl. Cempaka Baru Timur (Bertingkat)|0||0||0||0||317|M2|157146|49815000|0|0|0|0||0|0|0|0||| |0|0|| |-  -|0|4110425|4110425|4110425|4110425|4110425|4110425|4110425|4110425|4110425|4110425|4110425|4600325|0||0|||1|0|00
2026|01|527010|015|08|WA|4715|EBA|01|51|1|994|002|DE|523111|019|A|0|0| |0||||8|Gudang BMN  Jl. Raya Daan Mogot (Tidak Bertingkat)|0||0||0||0||5855|M2|127441|746167000|0|0|0|0||0|0|0|0||| |0|0|| |-  -|0|61569076|61569076|61569076|61569076|61569076|61569076|61569076|61569076|61569076|61569076|61569076|68907164|0||0|||1|0|00
2026|01|527010|015|08|WA|4715|EBA|01|51|1|994|002|DE|523111|019|A|0|0| |0||||9|Gedung Pondok Bambu  Jl. Pahlawan Revolusi (Tidak Bertingkat)|0||0||0||0||680|M2|127439|86658000|0|0|0|0||0|0|0|0||| |0|0|| |-  -|0|7150481|7150481|7150481|7150481|7150481|7150481|7150481|7150481|7150481|7150481|7150481|8002709|0||0|||1|0|00
2026|01|527010|015|08|WA|4715|EBA|01|51|1|994|002|DE|523119|019|A|0|0| |0||||1|Rumah Negara Golongan I|0||0||0||0||1224|M2|112110|137222000|0|0|0|0||0|0|0|0||| |0|0|| |-  -|0|11322709|11322709|11322709|11322709|11322709|11322709|11322709|11322709|11322709|11322709|11322709|12672201|0||0|||1|0|00
2026|01|527010|015|08|WA|4715|EBA|01|51|1|994|002|DE|523119|019|A|0|0| |0||||2|Halaman Rumah Negara Golongan I|0||0||0||0||818|M2|7650|6257000|0|0|0|0||0|0|0|0||| |0|0|| |-  -|0|516289|516289|516289|516289|516289|516289|516289|516289|516289|516289|516289|577821|0||0|||1|0|00
2026|01|527010|015|08|WA|4715|EBA|01|51|1|994|002|DE|523119|019|A|0|0| |0||||3|Halaman Rumah Negara Golongan II|0||0||0||0||33796|M2|7666|259080000|0|0|0|0||0|0|0|0||| |0|0|| |-  -|0|21377676|21377676|21377676|21377676|21377676|21377676|21377676|21377676|21377676|21377676|21377676|23925564|0||0|||1|0|00
2026|01|527010|015|08|WA|4715|EBA|01|51|1|994|002|HA|521115|019|A|0|0| |0|01||1|1|Honor Penanggung jawab Pengelola Keuangan DIPA Penerusan Pinjaman|0||0||0||0||0||0|0|0|0|0|0||0|0|0|0||| |0|0|| |-  -|0|0|0|0|0|0|0|0|0|0|0|0|0|0||0|||1|0|00
2026|01|527010|015|08|WA|4715|EBA|01|51|1|994|002|HA|521115|019|A|0|0| |0|02|||10|Staff Pengelola Keuangan|4|ORG|12|BLN|0||0||48|OB|1100000|52800000|0|0|0|0||0|0|0|0||| |0|0|| |-  -|0|4356729|4356729|4356729|4356729|4356729|4356729|4356729|4356729|4356729|4356729|4356729|4875981|0||0|||1|0|00
2026|01|527010|015|08|WA|4715|EBA|01|51|1|994|002|HA|521115|019|A|0|0| |0|03||1|11|Honor Penanggung jawab pengelola keuangan DIPA Investasi Pemerintah|0||0||0||0||0||0|0|0|0|0|0||0|0|0|0||| |0|0|| |-  -|0|0|0|0|0|0|0|0|0|0|0|0|0|0||0|||1|0|00
2026|01|527010|015|08|WA|4715|EBA|01|51|1|994|002|HA|521115|019|A|0|0| |0|03|||12|Pejabat KPA|1|ORG|12|BLN|0||0||12|OB|3704500|44454000|0|0|0|0||0|0|0|0||| |0|0|| |-  -|0|3668069|3668069|3668069|3668069|3668069|3668069|3668069|3668069|3668069|3668069|3668069|4105241|0||0|||1|0|00
2026|01|527010|015|08|WA|4715|EBA|01|51|1|994|002|HA|521115|019|A|0|0| |0|03|||13|Pejabat Pembuat Komitmen DPPN|1|ORG|12|BLN|0||0||12|OB|3000000|36000000|0|0|0|0||0|0|0|0||| |0|0|| |-  -|0|2970497|2970497|2970497|2970497|2970497|2970497|2970497|2970497|2970497|2970497|2970497|3324533|0||0|||1|0|00
2026|01|527010|015|08|WA|4715|EBA|01|51|1|994|002|HA|521115|019|A|0|0| |0|03|||14|Pejabat Pembuat Komitmen Dana Bergulir|1|ORG|12|BLN|0||0||12|OB|3000000|36000000|0|0|0|0||0|0|0|0||| |0|0|| |-  -|0|2970497|2970497|2970497|2970497|2970497|2970497|2970497|2970497|2970497|2970497|2970497|3324533|0||0|||1|0|00
2026|01|527010|015|08|WA|4715|EBA|01|51|1|994|002|HA|521115|019|A|0|0| |0|03|||15|Pejabat Penguji dan Penandatangan SPMKPA|1|ORG|12|BLN|0||0||12|OB|2150000|25800000|0|0|0|0||0|0|0|0||| |0|0|| |-  -|0|2128856|2128856|2128856|2128856|2128856|2128856|2128856|2128856|2128856|2128856|2128856|2382584|0||0|||1|0|00
2026|01|527010|015|08|WA|4715|EBA|01|51|1|994|002|HA|521115|019|A|0|0| |0|03|||16|Staff Pengelola Keuangan|5|ORG|12|BLN|0||0||60|OB|1350000|81000000|0|0|0|0||0|0|0|0||| |0|0|| |-  -|0|6683618|6683618|6683618|6683618|6683618|6683618|6683618|6683618|6683618|6683618|6683618|7480202|0||0|||1|0|00
2026|01|527010|015|08|WA|4715|EBA|01|51|1|994|002|HA|521115|019|A|0|0| |0|01|||2|Honorarium Staf  Pengelola (pagu dana di atas  Rp1 triliun)|0||0||0||0||60|OB|1350000|81000000|0|0|0|0||0|0|0|0||| |0|0|| |-  -|0|6683618|6683618|6683618|6683618|6683618|6683618|6683618|6683618|6683618|6683618|6683618|7480202|0||0|||1|0|00
2026|01|527010|015|08|WA|4715|EBA|01|51|1|994|002|HA|521115|019|A|0|0| |0|01|||3|Honorarium Pejabat Pembuat Komitmen (pagu dana di atas  Rp1 triliun)|0||0||0||0||24|OB|3000000|72000000|0|0|0|0||0|0|0|0||| |0|0|| |-  -|0|5940994|5940994|5940994|5940994|5940994|5940994|5940994|5940994|5940994|5940994|5940994|6649066|0||0|||1|0|00
2026|01|527010|015|08|WA|4715|EBA|01|51|1|994|002|HA|521115|019|A|0|0| |0|01|||4|Pejabat KPA|1|ORG|12|BLN|0||0||12|OB|3704500|44454000|0|0|0|0||0|0|0|0||| |0|0|| |-  -|0|3668069|3668069|3668069|3668069|3668069|3668069|3668069|3668069|3668069|3668069|3668069|4105241|0||0|||1|0|00
2026|01|527010|015|08|WA|4715|EBA|01|51|1|994|002|HA|521115|019|A|0|0| |0|01|||5|Pejabat Penguji dan Penandatangan SPMKPA|1|ORG|12|BLN|0||0||12|OB|2150000|25800000|0|0|0|0||0|0|0|0||| |0|0|| |-  -|0|2128856|2128856|2128856|2128856|2128856|2128856|2128856|2128856|2128856|2128856|2128856|2382584|0||0|||1|0|00
2026|01|527010|015|08|WA|4715|EBA|01|51|1|994|002|HA|521115|019|A|0|0| |0|02||1|6|Honor Penanggung jawab Pengelola Keungan DIPA Subsidi dan Transfer|0||0||0||0||0||0|0|0|0|0|0||0|0|0|0||| |0|0|| |-  -|0|0|0|0|0|0|0|0|0|0|0|0|0|0||0|||1|0|00
2026|01|527010|015|08|WA|4715|EBA|01|51|1|994|002|HA|521115|019|A|0|0| |0|02|||7|Pejabat KPA|1|ORG|12|BLN|0||0||12|OB|2900000|34800000|0|0|0|0||0|0|0|0||| |0|0|| |-  -|0|2871480|2871480|2871480|2871480|2871480|2871480|2871480|2871480|2871480|2871480|2871480|3213720|0||0|||1|0|00
2026|01|527010|015|08|WA|4715|EBA|01|51|1|994|002|HA|521115|019|A|0|0| |0|02|||8|Pejabat Pembuat Komitmen|1|ORG|12|BLN|0||0||12|OB|2750000|33000000|0|0|0|0||0|0|0|0||| |0|0|| |-  -|0|2722955|2722955|2722955|2722955|2722955|2722955|2722955|2722955|2722955|2722955|2722955|3047495|0||0|||1|0|00
2026|01|527010|015|08|WA|4715|EBA|01|51|1|994|002|HA|521115|019|A|0|0| |0|02|||9|Pejabat Penguji dan Penandatangan SPMKPA|1|ORG|12|BLN|0||0||12|OB|1600000|19200000|0|0|0|0||0|0|0|0||| |0|0|| |-  -|0|1584265|1584265|1584265|1584265|1584265|1584265|1584265|1584265|1584265|1584265|1584265|1773085|0||0|||1|0|00
2026|01|527010|015|08|WA|4715|EBA|01|51|1|994|002|IA|521111|019|A|0|0| |0|01||1|1|Belanja Keperluan Perkantoran|0||0||0||0||0||0|0|0|0|0|0||0|0|0|0||| |0|0|| |-  -|0|0|0|0|0|0|0|0|0|0|0|0|0|0||0|||1|0|00
2026|01|527010|015|08|WA|4715|EBA|01|51|1|994|002|IA|521111|019|A|0|0| |0|01|||2|Pencetakan dan Penggandaan|2|PAKET|5|SUB|1|FR|0||10|OF|2098920|20989000|0|0|0|0||0|0|0|0||| |0|0|| |-  -|0|1731882|1731882|1731882|1731882|1731882|1731882|1731882|1731882|1731882|1731882|1731882|1938298|0||0|||1|0|00
2026|01|527010|015|08|WA|4715|EBA|01|51|1|994|002|IA|521111|019|A|0|0| |0|01|||3|Biaya Langganan|1|PAKET|4|USER|1|FR|0||4|FR|6000000|24000000|0|0|0|0||0|0|0|0||| |0|0|| |-  -|0|1980331|1980331|1980331|1980331|1980331|1980331|1980331|1980331|1980331|1980331|1980331|2216359|0||0|||1|0|00
2026|01|527010|015|08|WA|4715|EBA|01|51|1|994|002|OA|522119|019|A|0|0| |0||||1|Belanja Jasa Dealing Phone Avaya|1|KEG|1|TAHUN|0||0||1|THN|120000000|120000000|0|0|0|0||0|0|0|0||| |0|0|| |-  -|0|9901656|9901656|9901656|9901656|9901656|9901656|9901656|9901656|9901656|9901656|9901656|11081784|0||0|||1|0|00
2026|01|527010|015|08|WA|4715|EBA|01|51|1|994|002|SA|521115|019|A|0|0| |0||||1|Staf Pengelola Keuangan (Nilai pagu dana di atas Rp 1 triliun)|6|org|12|frek|0||0||72|OF|1720000|123840000|0|0|0|0||0|0|0|0||| |0|0|| |-  -|0|10218509|10218509|10218509|10218509|10218509|10218509|10218509|10218509|10218509|10218509|10218509|11436401|0||0|||1|0|00
2026|01|527010|015|08|WA|4715|EBA|01|51|1|994|002|SA|521115|019|A|0|0| |0||||2|Staf Pengelola UAPPA Barang E1|1|org|12|fr|0||0||12|OF|150000|1800000|0|0|0|0||0|0|0|0||| |0|0|| |-  -|0|148525|148525|148525|148525|148525|148525|148525|148525|148525|148525|148525|166225|0||0|||1|0|00
2026|01|527010|015|08|WA|4715|EBA|01|51|1|994|002|SA|521115|019|A|0|0| |0||||3|Pejabat Kuasa Pengguna Anggaran (Nilai pagu dana di atas Rp 1 triliun)|1|org|12|fr|0||0||12|OF|4430000|53160000|0|0|0|0||0|0|0|0||| |0|0|| |-  -|0|4386434|4386434|4386434|4386434|4386434|4386434|4386434|4386434|4386434|4386434|4386434|4909226|0||0|||1|0|00
2026|01|527010|015|08|WA|4715|EBA|01|51|1|994|002|SA|521115|019|A|0|0| |0||||4|Pejabat Pembuat Komitmen (Nilai pagu dana di atas Rp 1 triliun)|3|org|12|fr|0||0||36|OF|4290000|154440000|0|0|0|0||0|0|0|0||| |0|0|| |-  -|0|12743431|12743431|12743431|12743431|12743431|12743431|12743431|12743431|12743431|12743431|12743431|14262259|0||0|||1|0|00
2026|01|527010|015|08|WA|4715|EBA|01|51|1|994|002|SA|521115|019|A|0|0| |0||||5|Pejabat Penguji Tagihan dan PPSPM (Nilai pagu dana di atas Rp 1 triliun)|1|org|12|fr|0||0||12|OF|2660000|31920000|0|0|0|0||0|0|0|0||| |0|0|| |-  -|0|2633841|2633841|2633841|2633841|2633841|2633841|2633841|2633841|2633841|2633841|2633841|2947749|0||0|||1|0|00
2026|01|527010|015|08|WA|4715|EBA|01|51|1|994|002|SA|521115|019|A|0|0| |0||||6|Penanggung jawab UAPPA Barang E1|2|org|12|fr|0||0||24|OF|200000|4800000|0|0|0|0||0|0|0|0||| |0|0|| |-  -|0|396066|396066|396066|396066|396066|396066|396066|396066|396066|396066|396066|443274|0||0|||1|0|00
2026|01|527010|015|08|WA|4715|EBA|01|51|1|994|002|TJ|523121|019|A|0|0| |0||||1|Pemeliharaan KomputerLaptop|0||0||0||0||3909|UNIT|239551|936404000|0|0|0|0||0|0|0|0||| |0|0|| |-  -|0|77266254|77266254|77266254|77266254|77266254|77266254|77266254|77266254|77266254|77266254|77266254|86475206|0||0|||1|0|00
2026|01|527010|015|08|WA|4715|EBA|01|51|1|994|002|TJ|523121|019|A|0|0| |0||||2|Pemeliharaan Printer|0||0||0||0||1|UNIT|328000|328000|0|0|0|0||0|0|0|0||| |0|0|| |-  -|0|27065|27065|27065|27065|27065|27065|27065|27065|27065|27065|27065|30285|0||0|||1|0|00
2026|01|527010|015|08|WA|4715|EBA|01|51|1|994|002|TJ|523121|019|A|0|0| |0||||3|Pemeliharaan AVR Kantor Pusat|0||0||0||0||11|UNIT|9458819|104047000|0|0|0|0||0|0|0|0||| |0|0|| |-  -|0|8585313|8585313|8585313|8585313|8585313|8585313|8585313|8585313|8585313|8585313|8585313|9608557|0||0|||1|0|00
2026|01|527010|015|08|WA|4715|EBA|01|51|1|994|002|TJ|523121|019|A|0|0| |0||||4|Pemeliharaan UPS Kantor Pusat|0||0||0||0||4|UNIT|191750|767000|0|0|0|0||0|0|0|0||| |0|0|| |-  -|0|63285|63285|63285|63285|63285|63285|63285|63285|63285|63285|63285|70865|0||0|||1|0|00
2026|01|527010|015|08|WA|4715|EBA|01|51|1|994|002|TZ|523199|019|A|0|0| |0||||1|ATS Oracle SPAN|0||0||0||0||1|PAKET|5627800000|5627800000|0|0|0|0||0|0|0|0||| |0|0|| |-  -|0|0|0|0|0|0|5627800000|0|0|0|0|0|0|0||0|||1|0|00
2026|01|527010|015|08|WA|4715|EBA|01|51|1|994|002|TZ|523199|019|A|0|0| |0||||2|ATS Oracle Linux Premier Plus Support SPAN|0||0||0||0||1|PAKET|879300000|879300000|0|0|0|0||0|0|0|0||| |0|0|| |-  -|0|0|0|0|0|0|879300000|0|0|0|0|0|0|0||0|||1|0|00
2026|01|527010|015|08|WA|4715|EBA|01|51|1|994|002|TZ|523199|019|A|0|0| |0||||3|ATS Oracle Multitenant SAKTI Microservices|0||0||0||0||1|PAKET|9856700000|9856700000|0|0|0|0||0|0|0|0||| |0|0|| |-  -|0|0|0|0|0|0|9856700000|0|0|0|0|0|0|0||0|||1|0|00
2026|01|527010|015|08|WA|4715|EBA|01|51|1|994|002|TZ|523199|019|A|0|0| |0||||4|ATS Oracle OLAP SAKTI, DIGIT SuperApps dan Treasury Big Data|0||0||0||0||1|PAKET|13863000000|13863000000|0|0|0|0||0|0|0|0||| |0|0|| |-  -|0|0|0|0|0|0|13863000000|0|0|0|0|0|0|0||0|||1|0|00
2026|01|527010|015|08|WA|4715|EBA|01|51|1|003|100|DA|521211|019|A|0|0| |0||||1|KDM  Konsumsi Makan Pemeriksa|20|ORG|8|HR|1|KL|0||160|OK|35913|5746000|0|0|0|0||0|0|0|0||| |0|0|| |-  -|0|376224|376224|376224|376224|376224|376224|376224|376224|376224|376224|376224|1607536|0||0|||1|0|00
2026|01|527010|015|08|WA|4715|EBA|01|51|1|003|100|DA|521211|019|A|0|0| |0||||2|KDM  Konsumsi Snack Pemeriksa|20|ORG|8|HR|1|KL|0||160|OK|15119|2419000|0|0|0|0||0|0|0|0||| |0|0|| |-  -|0|158386|158386|158386|158386|158386|158386|158386|158386|158386|158386|158386|676754|0||0|||1|0|00
2026|01|527010|015|08|WA|4715|EBA|01|51|1|003|100|DA|524111|019|A|0|0| |0||||1|Akomodasi|2|ORG|2|HR|15|KL|0||60|OH|619917|37195000|0|0|0|0||0|0|0|0||| |0|0|| |-  -|0|2435375|2435375|2435375|2435375|2435375|2435375|2435375|2435375|2435375|2435375|2435375|10405875|0||0|||1|0|00
2026|01|527010|015|08|WA|4715|EBA|01|51|1|003|100|DA|524111|019|A|0|0| |0||||2|Transport|2|ORG|15|KL|0||0||30|OK|1955834|58675000|0|0|0|0||0|0|0|0||| |0|0|| |-  -|0|3841797|3841797|3841797|3841797|3841797|3841797|3841797|3841797|3841797|3841797|3841797|16415233|0||0|||1|0|00
2026|01|527010|015|08|WA|4715|EBA|01|51|1|003|100|DA|524111|019|A|0|0| |0||||3|Uang Harian|2|ORG|3|HR|15|KL|0||90|OH|266567|23991000|0|0|0|0||0|0|0|0||| |0|0|| |-  -|0|1570832|1570832|1570832|1570832|1570832|1570832|1570832|1570832|1570832|1570832|1570832|6711848|0||0|||1|0|00
2026|01|527010|015|08|WA|4715|EBA|01|51|1|003|100|DA|524113|019|A|0|0| |0||||1|Transport Dalam Kota|5|ORG|2|HR|8|KL|0||80|OK|131738|10539000|0|0|0|0||0|0|0|0||| |0|0|| |-  -|0|690050|690050|690050|690050|690050|690050|690050|690050|690050|690050|690050|2948450|0||0|||1|0|00
2026|01|527010|015|08|WA|4715|EBA|01|51|1|003|100|DB|521211|019|A|0|0| |0||||1|KDM  Makan Rapat|20|ORG|15|HR|1|KL|0||300|OK|35910|10773000|0|0|0|0||0|0|0|0||| |0|0|| |-  -|0|705372|705372|705372|705372|705372|705372|705372|705372|705372|705372|705372|3013908|0||0|||1|0|00
2026|01|527010|015|08|WA|4715|EBA|01|51|1|003|100|DB|521211|019|A|0|0| |0||||2|KDM  Snack Rapat|20|ORG|15|HR|1|KL|0||300|OK|15120|4536000|0|0|0|0||0|0|0|0||| |0|0|| |-  -|0|296999|296999|296999|296999|296999|296999|296999|296999|296999|296999|296999|1269011|0||0|||1|0|00
2026|01|527010|015|08|WA|4715|EBA|01|51|1|003|100|DB|524111|019|A|0|0| |0||||1|Akomodasi|2|ORG|2|HR|15|KL|0||60|OH|619917|37195000|0|0|0|0||0|0|0|0||| |0|0|| |-  -|0|2435375|2435375|2435375|2435375|2435375|2435375|2435375|2435375|2435375|2435375|2435375|10405875|0||0|||1|0|00
2026|01|527010|015|08|WA|4715|EBA|01|51|1|003|100|DB|524111|019|A|0|0| |0||||2|Transport|2|ORG|15|KL|0||0||30|OK|1970367|59111000|0|0|0|0||0|0|0|0||| |0|0|| |-  -|0|3870344|3870344|3870344|3870344|3870344|3870344|3870344|3870344|3870344|3870344|3870344|16537216|0||0|||1|0|00
2026|01|527010|015|08|WA|4715|EBA|01|51|1|003|100|DB|524111|019|A|0|0| |0||||3|Uang Harian|2|ORG|3|HR|15|KL|0||90|OH|266567|23991000|0|0|0|0||0|0|0|0||| |0|0|| |-  -|0|1570832|1570832|1570832|1570832|1570832|1570832|1570832|1570832|1570832|1570832|1570832|6711848|0||0|||1|0|00
2026|01|527010|015|08|WA|4715|EBA|01|51|1|003|100|DB|524113|019|A|0|0| |0||||1|Transport Dalam Kota|5|ORG|2|HR|8|KL|0||80|OK|131738|10539000|0|0|0|0||0|0|0|0||| |0|0|| |-  -|0|690050|690050|690050|690050|690050|690050|690050|690050|690050|690050|690050|2948450|0||0|||1|0|00
2026|01|527010|015|08|WA|4715|EBA|01|51|1|003|100|DC|524111|019|A|0|0| |0||||1|Akomodasi|2|ORG|2|HR|5|KL|0||20|OH|619900|12398000|0|0|0|0||0|0|0|0||| |0|0|| |-  -|0|811770|811770|811770|811770|811770|811770|811770|811770|811770|811770|811770|3468530|0||0|||1|0|00
2026|01|527010|015|08|WA|4715|EBA|01|51|1|003|100|DC|524111|019|A|0|0| |0||||2|Transport|2|ORG|5|KL|0||0||10|OK|1991500|19915000|0|0|0|0||0|0|0|0||| |0|0|| |-  -|0|1303952|1303952|1303952|1303952|1303952|1303952|1303952|1303952|1303952|1303952|1303952|5571528|0||0|||1|0|00
2026|01|527010|015|08|WA|4715|EBA|01|51|1|003|100|DC|524111|019|A|0|0| |0||||3|Uang Harian|2|ORG|3|HR|5|KL|0||30|OH|266567|7997000|0|0|0|0||0|0|0|0||| |0|0|| |-  -|0|523611|523611|523611|523611|523611|523611|523611|523611|523611|523611|523611|2237279|0||0|||1|0|00
2026|01|527010|015|08|WA|4715|EBA|01|51|1|003|100|DD|524111|019|A|0|0| |0||||1|Akomodasi|5|ORG|2|HR|3|LOK|2|FR|60|OH|606284|36377000|0|0|0|0||0|0|0|0||| |0|0|| |-  -|0|2381816|2381816|2381816|2381816|2381816|2381816|2381816|2381816|2381816|2381816|2381816|10177024|0||0|||1|0|00
2026|01|527010|015|08|WA|4715|EBA|01|51|1|003|100|DD|524111|019|A|0|0| |0||||2|Transport|5|ORG|3|KL|2|FR|0||30|OK|2652467|79574000|0|0|0|0||0|0|0|0||| |0|0|| |-  -|0|5210177|5210177|5210177|5210177|5210177|5210177|5210177|5210177|5210177|5210177|5210177|22262053|0||0|||1|0|00
2026|01|527010|015|08|WA|4715|EBA|01|51|1|003|100|DD|524111|019|A|0|0| |0||||3|Uang Harian|5|ORG|3|HR|3|KL|2|FR|90|OH|265245|23872000|0|0|0|0||0|0|0|0||| |0|0|| |-  -|0|1563038|1563038|1563038|1563038|1563038|1563038|1563038|1563038|1563038|1563038|1563038|6678582|0||0|||1|0|00
2026|01|527010|015|08|WA|4715|EBA|01|51|1|002|100|AA|521211|019|A|0|0| |0||||1|KDM  Snack Rapat|20|ORG|2|FREK|0||0||40|OK|15125|605000|0|0|0|0||0|0|0|0||| |0|0|| |-  -|0|50000|50000|50000|50000|50000|50000|50000|50000|50000|50000|50000|55000|0||0|||1|0|00
2026|01|527010|015|08|WA|4715|EBA|01|51|1|002|100|AA|521211|019|A|0|0| |0||||2|KDM  Makan Rapat|20|ORG|1|FREK|0||0||20|OK|35900|718000|0|0|0|0||0|0|0|0||| |0|0|| |-  -|0|59000|59000|59000|59000|59000|59000|59000|59000|59000|59000|59000|69000|0||0|||1|0|00
2026|01|527010|015|08|WA|4715|EBA|01|51|1|002|100|AA|524111|019|A|0|0| |0||||1|Akomodasi|2|ORG|4|LOK|2|HR|0||16|OH|515313|8245000|0|0|0|0||0|0|0|0||| |0|0|| |-  -|0|687000|687000|687000|687000|687000|687000|687000|687000|687000|687000|687000|688000|0||0|||1|0|00
2026|01|527010|015|08|WA|4715|EBA|01|51|1|002|100|AA|524111|019|A|0|0| |0||||2|Transport|2|ORG|4|LOK|1|FREK|0||8|OK|2324750|18598000|0|0|0|0||0|0|0|0||| |0|0|| |-  -|0|1549000|1549000|1549000|1549000|1549000|1549000|1549000|1549000|1549000|1549000|1549000|1559000|0||0|||1|0|00
2026|01|527010|015|08|WA|4715|EBA|01|51|1|002|100|AA|524111|019|A|0|0| |0||||3|Uang Saku Harian|2|ORG|4|LOK|3|HR|0||24|OH|271209|6509000|0|0|0|0||0|0|0|0||| |0|0|| |-  -|0|542000|542000|542000|542000|542000|542000|542000|542000|542000|542000|542000|547000|0||0|||1|0|00
2026|01|527010|015|08|WA|4715|EBA|01|51|1|002|100|CA|524111|019|A|0|0| |0|01||1|1|Perjalanan Dinas Direktur Jenderal Perbendaharaan|0||0||0||0||0||0|0|0|0|0|0||0|0|0|0||| |0|0|| |-  -|0|0|0|0|0|0|0|0|0|0|0|0|0|0||0|||1|0|00
2026|01|527010|015|08|WA|4715|EBA|01|51|1|002|100|CA|524111|019|A|0|0| |0|02|||10|Uang Representatif Eselon II|3|ORG|3|HR|10|LOK|0||90|OH|116234|10461000|0|0|0|0||0|0|0|0||| |0|0|| |-  -|0|871000|871000|871000|871000|871000|871000|871000|871000|871000|871000|871000|880000|0||0|||1|0|00
2026|01|527010|015|08|WA|4715|EBA|01|51|1|002|100|CA|524111|019|A|0|0| |0|01|||2|Transport|3|ORG|7|LOK|2|FR|0||42|OK|2712143|113910000|0|0|0|0||0|0|0|0||| |0|0|| |-  -|0|9492000|9492000|9492000|9492000|9492000|9492000|9492000|9492000|9492000|9492000|9492000|9498000|0||0|||1|0|00
2026|01|527010|015|08|WA|4715|EBA|01|51|1|002|100|CA|524111|019|A|0|0| |0|01|||3|Akomodasi|3|ORG|3|HR|7|LOK|2|FR|126|OH|488191|61512000|0|0|0|0||0|0|0|0||| |0|0|| |-  -|0|5126000|5126000|5126000|5126000|5126000|5126000|5126000|5126000|5126000|5126000|5126000|5126000|0||0|||1|0|00
2026|01|527010|015|08|WA|4715|EBA|01|51|1|002|100|CA|524111|019|A|0|0| |0|01|||4|Uang saku harian|3|ORG|4|HR|7|LOK|2|FR|168|OH|297560|49990000|0|0|0|0||0|0|0|0||| |0|0|| |-  -|0|4165000|4165000|4165000|4165000|4165000|4165000|4165000|4165000|4165000|4165000|4165000|4175000|0||0|||1|0|00
2026|01|527010|015|08|WA|4715|EBA|01|51|1|002|100|CA|524111|019|A|0|0| |0|01|||5|Uang Representatif Eselon I|1|ORG|4|HR|7|LOK|2|FR|56|OH|154983|8679000|0|0|0|0||0|0|0|0||| |0|0|| |-  -|0|723000|723000|723000|723000|723000|723000|723000|723000|723000|723000|723000|726000|0||0|||1|0|00
2026|01|527010|015|08|WA|4715|EBA|01|51|1|002|100|CA|524111|019|A|0|0| |0|02||1|6|Perjalanan Dinas Sekretaris Ditjen Perbendaharaan|0||0||0||0||0||0|0|0|0|0|0||0|0|0|0||| |0|0|| |-  -|0|0|0|0|0|0|0|0|0|0|0|0|0|0||0|||1|0|00
2026|01|527010|015|08|WA|4715|EBA|01|51|1|002|100|CA|524111|019|A|0|0| |0|02|||7|Transport|3|ORG|10|LOK|0||0||30|OF|2712134|81364000|0|0|0|0||0|0|0|0||| |0|0|| |-  -|0|6780000|6780000|6780000|6780000|6780000|6780000|6780000|6780000|6780000|6780000|6780000|6784000|0||0|||1|0|00
2026|01|527010|015|08|WA|4715|EBA|01|51|1|002|100|CA|524111|019|A|0|0| |0|02|||8|Akomodasi|3|ORG|3|HR|10|LOK|1|FR|90|OH|488189|43937000|0|0|0|0||0|0|0|0||| |0|0|| |-  -|0|3661000|3661000|3661000|3661000|3661000|3661000|3661000|3661000|3661000|3661000|3661000|3666000|0||0|||1|0|00
2026|01|527010|015|08|WA|4715|EBA|01|51|1|002|100|CA|524111|019|A|0|0| |0|02|||9|Uang saku harian|3|ORG|4|HR|10|LOK|0||120|OH|297559|35707000|0|0|0|0||0|0|0|0||| |0|0|| |-  -|0|2975000|2975000|2975000|2975000|2975000|2975000|2975000|2975000|2975000|2975000|2975000|2982000|0||0|||1|0|00
2026|01|527010|015|08|WA|4715|EBA|01|51|1|002|100|CA|524113|019|A|0|0| |0||||1|Transport lokal|3|ORG|2|FR|12|BLN|0||72|OK|113667|8184000|0|0|0|0||0|0|0|0||| |0|0|| |-  -|0|682000|682000|682000|682000|682000|682000|682000|682000|682000|682000|682000|682000|0||0|||1|0|00
2026|01|527010|015|08|WA|4715|EBA|01|51|1|002|100|CA|524113|019|A|0|0| |0||||2|Uang Harian Lebih dari 8 jam|3|ORG|2|FR|4|BLN|0||24|OH|121250|2910000|0|0|0|0||0|0|0|0||| |0|0|| |-  -|0|242000|242000|242000|242000|242000|242000|242000|242000|242000|242000|242000|248000|0||0|||1|0|00
2026|01|527010|015|08|WA|4715|EBA|01|51|1|002|100|CA|524211|019|A|0|0| |0||||1|Transport|4|ORG|1|KL|0||0||4|OK|13577250|54309000|0|0|0|0||0|0|0|0||| |0|0|| |-  -|0|4525000|4525000|4525000|4525000|4525000|4525000|4525000|4525000|4525000|4525000|4525000|4534000|0||0|||1|0|00
2026|01|527010|015|08|WA|4715|EBA|01|51|1|002|100|CA|524211|019|A|0|0| |0||||2|Akomodasi|4|ORG|4|HR|1|FR|0||16|OH|5683875|90942000|0|0|0|0||0|0|0|0||| |0|0|| |-  -|0|7578000|7578000|7578000|7578000|7578000|7578000|7578000|7578000|7578000|7578000|7578000|7584000|0||0|||1|0|00
2026|01|527010|015|08|WA|4715|EBA|01|51|1|002|100|CA|524211|019|A|0|0| |0||||3|Uang Saku Harian|4|ORG|5|HR|1|FR|0||20|OH|1894650|37893000|0|0|0|0||0|0|0|0||| |0|0|| |-  -|0|3157000|3157000|3157000|3157000|3157000|3157000|3157000|3157000|3157000|3157000|3157000|3166000|0||0|||1|0|00
2026|01|527010|015|08|WA|4715|EBA|01|51|1|002|100|CB|521211|019|A|0|0| |0||||1|KDM  Snack Rapat|20|ORG|4|FR|12|BLN|0||960|OH|14788|14196000|0|0|0|0||0|0|0|0||| |0|0|| |-  -|0|1183000|1183000|1183000|1183000|1183000|1183000|1183000|1183000|1183000|1183000|1183000|1183000|0||0|||1|0|00
2026|01|527010|015|08|WA|4715|EBA|01|51|1|002|100|CB|521211|019|A|0|0| |0||||2|KDM  Makan Rapat|40|ORG|4|FR|12|BLN|0||1920|OH|35120|67430000|0|0|0|0||0|0|0|0||| |0|0|| |-  -|0|5619000|5619000|5619000|5619000|5619000|5619000|5619000|5619000|5619000|5619000|5619000|5621000|0||0|||1|0|00
2026|01|527010|015|08|WA|4715|EBA|01|51|1|002|100|CB|521211|019|A|0|0| |0||||3|CTK  Pencetakan bahan materi laporan|4|EKS|4|FR|12|BLN|0||192|EKS|154037|29575000|0|0|0|0||0|0|0|0||| |0|0|| |-  -|0|2464000|2464000|2464000|2464000|2464000|2464000|2464000|2464000|2464000|2464000|2464000|2471000|0||0|||1|0|00
2026|01|527010|015|08|WA|4715|EBA|01|51|1|002|100|CB|521211|019|A|0|0| |0||||4|CTK  Penggandaan Laminasi laporan|1|PKT|4|FR|12|BLN|0||48|PKT|123230|5915000|0|0|0|0||0|0|0|0||| |0|0|| |-  -|0|492000|492000|492000|492000|492000|492000|492000|492000|492000|492000|492000|503000|0||0|||1|0|00
2026|01|527010|015|08|WA|4715|EBA|01|51|1|002|100|CB|521211|019|A|0|0| |0||||5|CTK  ATK dan Bahan Habis Pakai|0||0||0||0||12|PKT|4621084|55453000|0|0|0|0||0|0|0|0||| |0|0|| |-  -|0|4621000|4621000|4621000|4621000|4621000|4621000|4621000|4621000|4621000|4621000|4621000|4622000|0||0|||1|0|00
2026|01|527010|015|08|WA|4715|EBA|01|51|1|002|100|CB|524111|019|A|0|0| |0||||1|Transport|3|ORG|8|LOK|1|FR|0||24|OK|2273542|54565000|0|0|0|0||0|0|0|0||| |0|0|| |-  -|0|4547000|4547000|4547000|4547000|4547000|4547000|4547000|4547000|4547000|4547000|4547000|4548000|0||0|||1|0|00
2026|01|527010|015|08|WA|4715|EBA|01|51|1|002|100|CB|524111|019|A|0|0| |0||||2|Akomodasi|3|ORG|4|HR|8|LOK|0||96|OH|454709|43652000|0|0|0|0||0|0|0|0||| |0|0|| |-  -|0|3637000|3637000|3637000|3637000|3637000|3637000|3637000|3637000|3637000|3637000|3637000|3645000|0||0|||1|0|00
2026|01|527010|015|08|WA|4715|EBA|01|51|1|002|100|CB|524111|019|A|0|0| |0||||3|Uang Saku Harian|3|ORG|5|HR|8|LOK|0||120|OH|266567|31988000|0|0|0|0||0|0|0|0||| |0|0|| |-  -|0|2665000|2665000|2665000|2665000|2665000|2665000|2665000|2665000|2665000|2665000|2665000|2673000|0||0|||1|0|00
2026|01|527010|015|08|WA|4715|EBA|01|51|1|002|100|CC|521211|019|A|0|0| |0||||1|KDM  Snack Rapat|20|ORG|4|FR|12|BLN|0||960|OH|18411|17674000|0|0|0|0||0|0|0|0||| |0|0|| |-  -|0|1472000|1472000|1472000|1472000|1472000|1472000|1472000|1472000|1472000|1472000|1472000|1482000|0||0|||1|0|00
2026|01|527010|015|08|WA|4715|EBA|01|51|1|002|100|CC|521211|019|A|0|0| |0||||2|KDM  Makan Rapat|40|ORG|4|FR|12|BLN|0||1920|OH|43725|83952000|0|0|0|0||0|0|0|0||| |0|0|| |-  -|0|6996000|6996000|6996000|6996000|6996000|6996000|6996000|6996000|6996000|6996000|6996000|6996000|0||0|||1|0|00
2026|01|527010|015|08|WA|4715|EBA|01|51|1|002|100|CC|521211|019|A|0|0| |0||||3|CTK  Pencetakan bahan materi laporan|4|EKS|4|FR|12|BLN|0||192|EKS|191776|36820000|0|0|0|0||0|0|0|0||| |0|0|| |-  -|0|3068000|3068000|3068000|3068000|3068000|3068000|3068000|3068000|3068000|3068000|3068000|3072000|0||0|||1|0|00
2026|01|527010|015|08|WA|4715|EBA|01|51|1|002|100|CC|521211|019|A|0|0| |0||||4|CTK  Penggandaan Laminasi laporan|1|PKT|4|FR|12|BLN|0||48|PKT|153417|7364000|0|0|0|0||0|0|0|0||| |0|0|| |-  -|0|613000|613000|613000|613000|613000|613000|613000|613000|613000|613000|613000|621000|0||0|||1|0|00
2026|01|527010|015|08|WA|4715|EBA|01|51|1|002|100|CC|521211|019|A|0|0| |0||||5|CTK  ATK dan Bahan Habis Pakai|0||0||0||0||12|PKT|4426917|53123000|0|0|0|0||0|0|0|0||| |0|0|| |-  -|0|4426000|4426000|4426000|4426000|4426000|4426000|4426000|4426000|4426000|4426000|4426000|4437000|0||0|||1|0|00
2026|01|527010|015|08|WA|4715|EBA|01|51|1|002|100|CC|524111|019|A|0|0| |0||||1|Transport|3|ORG|5|LOK|2|FR|0||30|OK|3099600|92988000|0|0|0|0||0|0|0|0||| |0|0|| |-  -|0|7749000|7749000|7749000|7749000|7749000|7749000|7749000|7749000|7749000|7749000|7749000|7749000|0||0|||1|0|00
2026|01|527010|015|08|WA|4715|EBA|01|51|1|002|100|CC|524111|019|A|0|0| |0||||2|Akomodasi|3|ORG|4|HR|5|LOK|2|FR|120|OH|454709|54565000|0|0|0|0||0|0|0|0||| |0|0|| |-  -|0|4547000|4547000|4547000|4547000|4547000|4547000|4547000|4547000|4547000|4547000|4547000|4548000|0||0|||1|0|00
2026|01|527010|015|08|WA|4715|EBA|01|51|1|002|100|CC|524111|019|A|0|0| |0||||3|Uang Saku Harian|3|ORG|5|HR|5|LOK|2|FR|150|OH|297560|44634000|0|0|0|0||0|0|0|0||| |0|0|| |-  -|0|3719000|3719000|3719000|3719000|3719000|3719000|3719000|3719000|3719000|3719000|3719000|3725000|0||0|||1|0|00
2026|01|527010|015|08|WA|4715|EBA|01|51|1|002|100|CD|524111|019|A|0|0| |0||||1|Transport|19|ORG|1|FR|12|BLN|0||228|OK|3623707|826205000|0|0|0|0||0|0|0|0||| |0|0|| |-  -|0|68850000|68850000|68850000|68850000|68850000|68850000|68850000|68850000|68850000|68850000|68850000|68855000|0||0|||1|0|00
2026|01|527010|015|08|WA|4715|EBA|01|51|1|002|100|CD|524111|019|A|0|0| |0||||2|Akomodasi Es 1|1|ORG|4|HR|1|FR|12|BLN|48|OH|3031417|145508000|0|0|0|0||0|0|0|0||| |0|0|| |-  -|0|12125000|12125000|12125000|12125000|12125000|12125000|12125000|12125000|12125000|12125000|12125000|12133000|0||0|||1|0|00
2026|01|527010|015|08|WA|4715|EBA|01|51|1|002|100|CD|524111|019|A|0|0| |0||||3|Akomodasi Es 2|8|ORG|4|HR|1|FR|12|BLN|384|OH|1658183|636742000|0|0|0|0||0|0|0|0||| |0|0|| |-  -|0|53061000|53061000|53061000|53061000|53061000|53061000|53061000|53061000|53061000|53061000|53061000|53071000|0||0|||1|0|00
2026|01|527010|015|08|WA|4715|EBA|01|51|1|002|100|CD|524111|019|A|0|0| |0||||4|Akomodasi Es 3|10|ORG|4|HR|1|FR|12|BLN|480|OH|1142084|548200000|0|0|0|0||0|0|0|0||| |0|0|| |-  -|0|45683000|45683000|45683000|45683000|45683000|45683000|45683000|45683000|45683000|45683000|45683000|45687000|0||0|||1|0|00
2026|01|527010|015|08|WA|4715|EBA|01|51|1|002|100|CD|524111|019|A|0|0| |0||||5|Uang Harian|19|ORG|5|HR|1|FR|12|BLN|1140|OH|266566|303885000|0|0|0|0||0|0|0|0||| |0|0|| |-  -|0|25323000|25323000|25323000|25323000|25323000|25323000|25323000|25323000|25323000|25323000|25323000|25332000|0||0|||1|0|00
2026|01|527010|015|08|WA|4715|EBA|01|51|1|002|100|CD|524111|019|A|0|0| |0||||6|Uang Representasi|9|ORG|5|HR|1|FR|12|BLN|540|OH|135608|73228000|0|0|0|0||0|0|0|0||| |0|0|| |-  -|0|6102000|6102000|6102000|6102000|6102000|6102000|6102000|6102000|6102000|6102000|6102000|6106000|0||0|||1|0|00
2026|01|527010|015|08|WA|4715|EBA|01|51|1|002|100|FA|524111|019|A|0|0| |0||||1|Penginapan|1|ORG|2|HARI|2|FREK|0||4|OH|1534250|6137000|0|0|0|0||0|0|0|0||| |0|0|| |-  -|0|511000|511000|511000|511000|511000|511000|511000|511000|511000|511000|511000|516000|0||0|||1|0|00
2026|01|527010|015|08|WA|4715|EBA|01|51|1|002|100|FA|524111|019|A|0|0| |0||||2|Uang Harian Luar Kota|1|ORG|3|HARI|2|FREK|0||6|OH|359500|2157000|0|0|0|0||0|0|0|0||| |0|0|| |-  -|0|179000|179000|179000|179000|179000|179000|179000|179000|179000|179000|179000|188000|0||0|||1|0|00
2026|01|527010|015|08|WA|4715|EBA|01|51|1|002|100|FA|524111|019|A|0|0| |0||||3|Uang Transport Luar Kota|1|ORG|2|FREK|0||0||2|OK|3099500|6199000|0|0|0|0||0|0|0|0||| |0|0|| |-  -|0|516000|516000|516000|516000|516000|516000|516000|516000|516000|516000|516000|523000|0||0|||1|0|00
2026|01|527010|015|08|WA|4715|EBA|01|51|1|002|100|FA|524111|019|A|0|0| |0||||4|Uang Representatif Pejabat Eselon II|1|ORG|3|HARI|2|FREK|0||6|OH|116167|697000|0|0|0|0||0|0|0|0||| |0|0|| |-  -|0|58000|58000|58000|58000|58000|58000|58000|58000|58000|58000|58000|59000|0||0|||1|0|00
2026|01|527010|015|08|WA|4715|EBA|01|51|1|002|100|FA|524113|019|A|0|0| |0||||1|Uang Representatif Pejabat Eselon II|1|ORG|1|HARI|4|FREK|0||4|OH|58000|232000|0|0|0|0||0|0|0|0||| |0|0|| |-  -|0|19000|19000|19000|19000|19000|19000|19000|19000|19000|19000|19000|23000|0||0|||1|0|00
2026|01|527010|015|08|WA|4715|EBA|01|51|1|002|100|FA|524113|019|A|0|0| |0||||2|Transport Dalam Kota|1|ORG|4|FREK|0||0||4|OK|116250|465000|0|0|0|0||0|0|0|0||| |0|0|| |-  -|0|38000|38000|38000|38000|38000|38000|38000|38000|38000|38000|38000|47000|0||0|||1|0|00
2026|01|527010|015|08|WA|4715|EBA|01|51|1|002|100|FA|524113|019|A|0|0| |0||||3|Uang Harian Dalam Kota Lebih Dari 8 Jam|1|ORG|1|HARI|4|FREK|0||4|OH|130250|521000|0|0|0|0||0|0|0|0||| |0|0|| |-  -|0|43000|43000|43000|43000|43000|43000|43000|43000|43000|43000|43000|48000|0||0|||1|0|00
2026|01|527010|015|08|WA|4715|EBA|01|51|1|002|100|HA|524111|019|A|0|0| |0||||1|Transport|1|ORG|5|LOK|1|FREK|0||5|OK|2921400|14607000|0|0|0|0||0|0|0|0||| |0|0|| |-  -|0|1217000|1217000|1217000|1217000|1217000|1217000|1217000|1217000|1217000|1217000|1217000|1220000|0||0|||1|0|00
2026|01|527010|015|08|WA|4715|EBA|01|51|1|002|100|HA|524111|019|A|0|0| |0||||2|Uang Harian|1|ORG|5|LOK|3|HR|1|FREK|15|OH|271200|4068000|0|0|0|0||0|0|0|0||| |0|0|| |-  -|0|339000|339000|339000|339000|339000|339000|339000|339000|339000|339000|339000|339000|0||0|||1|0|00
2026|01|527010|015|08|WA|4715|EBA|01|51|1|002|100|HA|524111|019|A|0|0| |0||||3|Biaya Penginapan|1|ORG|2|HR|5|LOK|1|FREK|10|OH|542400|5424000|0|0|0|0||0|0|0|0||| |0|0|| |-  -|0|452000|452000|452000|452000|452000|452000|452000|452000|452000|452000|452000|452000|0||0|||1|0|00
2026|01|527010|015|08|WA|4715|EBA|01|51|1|002|100|HA|524113|019|A|0|0| |0||||1|Perjalanan dinas dalam rangka menghadiri rapat dalam kota|2|ORG|10|FREK|0||0||20|OK|131750|2635000|0|0|0|0||0|0|0|0||| |0|0|| |-  -|0|219000|219000|219000|219000|219000|219000|219000|219000|219000|219000|219000|226000|0||0|||1|0|00
2026|01|527010|015|08|WA|4715|EBA|01|51|1|002|100|IA|524111|019|A|0|0| |0||||1|Uang Harian|2|ORG|3|HR|8|FR|0||48|OH|309959|14878000|0|0|0|0||0|0|0|0||| |0|0|| |-  -|0|1239000|1239000|1239000|1239000|1239000|1239000|1239000|1239000|1239000|1239000|1239000|1249000|0||0|||1|0|00
2026|01|527010|015|08|WA|4715|EBA|01|51|1|002|100|IA|524111|019|A|0|0| |0||||2|Biaya Penginapan|2|ORG|2|HR|8|FR|0||32|OH|464938|14878000|0|0|0|0||0|0|0|0||| |0|0|| |-  -|0|1239000|1239000|1239000|1239000|1239000|1239000|1239000|1239000|1239000|1239000|1239000|1249000|0||0|||1|0|00
2026|01|527010|015|08|WA|4715|EBA|01|51|1|002|100|IA|524111|019|A|0|0| |0||||3|Biaya Transport|2|ORG|8|FR|0||0||16|OK|3031125|48498000|0|0|0|0||0|0|0|0||| |0|0|| |-  -|0|4041000|4041000|4041000|4041000|4041000|4041000|4041000|4041000|4041000|4041000|4041000|4047000|0||0|||1|0|00
2026|01|527010|015|08|WA|4715|EBA|01|51|1|002|100|JA|524111|019|A|0|0| |0||||1|Transport|1|ORG|1|FR|0||0||1|OK|4649000|4649000|0|0|0|0||0|0|0|0||| |0|0|| |-  -|0|387000|387000|387000|387000|387000|387000|387000|387000|387000|387000|387000|392000|0||0|||1|0|00
2026|01|527010|015|08|WA|4715|EBA|01|51|1|002|100|JA|524111|019|A|0|0| |0||||2|Akomodasi|1|ORG|2|HR|1|FR|0||2|OH|1162500|2325000|0|0|0|0||0|0|0|0||| |0|0|| |-  -|0|193000|193000|193000|193000|193000|193000|193000|193000|193000|193000|193000|202000|0||0|||1|0|00
2026|01|527010|015|08|WA|4715|EBA|01|51|1|002|100|JA|524111|019|A|0|0| |0||||3|Uang Saku Harian|1|ORG|3|HR|1|FR|0||3|OH|348667|1046000|0|0|0|0||0|0|0|0||| |0|0|| |-  -|0|87000|87000|87000|87000|87000|87000|87000|87000|87000|87000|87000|89000|0||0|||1|0|00
2026|01|527010|015|08|WA|4715|EBA|01|51|1|002|100|JA|524111|019|A|0|0| |0||||4|Uang Representatif Pejabat Eselon II|1|ORG|3|HR|2|FR|0||6|OH|116167|697000|0|0|0|0||0|0|0|0||| |0|0|| |-  -|0|58000|58000|58000|58000|58000|58000|58000|58000|58000|58000|58000|59000|0||0|||1|0|00
2026|01|527010|015|08|WA|4715|EBA|01|51|1|002|100|JA|524113|019|A|0|0| |0||||1|Uang Saku Dalam Kota  8 Jam|1|ORG|1|HR|4|FR|0||4|OH|130250|521000|0|0|0|0||0|0|0|0||| |0|0|| |-  -|0|43000|43000|43000|43000|43000|43000|43000|43000|43000|43000|43000|48000|0||0|||1|0|00
2026|01|527010|015|08|WA|4715|EBA|01|51|1|002|100|JA|524113|019|A|0|0| |0||||2|Uang Representatif Pejabat Eselon II|1|ORG|1|HR|4|FR|0||4|OH|58000|232000|0|0|0|0||0|0|0|0||| |0|0|| |-  -|0|19000|19000|19000|19000|19000|19000|19000|19000|19000|19000|19000|23000|0||0|||1|0|00
2026|01|527010|015|08|WA|4715|EBA|01|51|1|002|100|LA|521211|019|A|0|0| |0||||1|KDM  Konsumsi Makan Rapat|30|ORG|1|KTK|48|FR|0||1440|OK|35910|51710000|0|0|0|0||0|0|0|0||| |0|0|| |-  -|0|4309000|4309000|4309000|4309000|4309000|4309000|4309000|4309000|4309000|4309000|4309000|4311000|0||0|||1|0|00
2026|01|527010|015|08|WA|4715|EBA|01|51|1|002|100|LA|521211|019|A|0|0| |0||||2|KDM  Konsumsi Snack Rapat|30|ORG|1|KTK|48|FR|0||1440|OK|15121|21774000|0|0|0|0||0|0|0|0||| |0|0|| |-  -|0|1814000|1814000|1814000|1814000|1814000|1814000|1814000|1814000|1814000|1814000|1814000|1820000|0||0|||1|0|00
2026|01|527010|015|08|WA|4715|EBA|01|51|1|002|100|LA|524111|019|A|0|0| |0||||1|Transport|2|ORG|1|FR|4|LOK|0||8|OK|2712124|21696000|0|0|0|0||0|0|0|0||| |0|0|| |-  -|0|1808000|1808000|1808000|1808000|1808000|1808000|1808000|1808000|1808000|1808000|1808000|1808000|0||0|||1|0|00
2026|01|527010|015|08|WA|4715|EBA|01|51|1|002|100|LA|524111|019|A|0|0| |0||||2|Akomodasi|2|ORG|3|HR|1|FR|4|LOK|24|OH|658667|15808000|0|0|0|0||0|0|0|0||| |0|0|| |-  -|0|1317000|1317000|1317000|1317000|1317000|1317000|1317000|1317000|1317000|1317000|1317000|1321000|0||0|||1|0|00
2026|01|527010|015|08|WA|4715|EBA|01|51|1|002|100|LA|524111|019|A|0|0| |0||||3|Uang Saku Harian|2|ORG|4|HR|1|FR|4|LOK|32|OH|294469|9423000|0|0|0|0||0|0|0|0||| |0|0|| |-  -|0|785000|785000|785000|785000|785000|785000|785000|785000|785000|785000|785000|788000|0||0|||1|0|00
2026|01|527010|015|08|WA|4715|EBA|01|51|1|002|100|OA|524111|019|A|0|0| |0||||1|Tiket|2|ORG|6|LOK|1|FR|0||12|OK|2712167|32546000|0|0|0|0||0|0|0|0||| |0|0|| |-  -|0|2712000|2712000|2712000|2712000|2712000|2712000|2712000|2712000|2712000|2712000|2712000|2714000|0||0|||1|0|00
2026|01|527010|015|08|WA|4715|EBA|01|51|1|002|100|OA|524111|019|A|0|0| |0||||2|Akomodasi|2|ORG|2|HR|6|LOK|0||24|OH|619917|14878000|0|0|0|0||0|0|0|0||| |0|0|| |-  -|0|1239000|1239000|1239000|1239000|1239000|1239000|1239000|1239000|1239000|1239000|1239000|1249000|0||0|||1|0|00
2026|01|527010|015|08|WA|4715|EBA|01|51|1|002|100|OA|524111|019|A|0|0| |0||||3|Uang Saku Harian|2|ORG|3|HR|6|LOK|0||36|OH|232473|8369000|0|0|0|0||0|0|0|0||| |0|0|| |-  -|0|697000|697000|697000|697000|697000|697000|697000|697000|697000|697000|697000|702000|0||0|||1|0|00
2026|01|527010|015|08|WA|4715|EBA|01|51|1|002|100|SA|524111|019|A|0|0| |0||||1|Trnsportasi|1|ORG|1|LOK|4|FR|0||4|OK|3046250|12185000|0|0|0|0||0|0|0|0||| |0|0|| |-  -|0|1015000|1015000|1015000|1015000|1015000|1015000|1015000|1015000|1015000|1015000|1015000|1020000|0||0|||1|0|00
2026|01|527010|015|08|WA|4715|EBA|01|51|1|002|100|SA|524111|019|A|0|0| |0||||2|Akomodasi|1|ORG|2|HR|1|LOK|4|fr|8|OHFL|503625|4029000|0|0|0|0||0|0|0|0||| |0|0|| |-  -|0|335000|335000|335000|335000|335000|335000|335000|335000|335000|335000|335000|344000|0||0|||1|0|00
2026|01|527010|015|08|WA|4715|EBA|01|51|1|002|100|SA|524111|019|A|0|0| |0||||3|Uang Harian|1|ORG|3|HR|4|LOK|0||12|OH|271250|3255000|0|0|0|0||0|0|0|0||| |0|0|| |-  -|0|271000|271000|271000|271000|271000|271000|271000|271000|271000|271000|271000|274000|0||0|||1|0|00
2026|01|527010|015|08|WA|4715|EBB|01|51|1|004|100|GB|533121|019|A|0|0| |0|01||1|1|Renovasi Gedung Daan Mogot Atap Tahap I|0||0||0||0||0||0|0|0|0|0|0||0|0|0|0||| |0|0|| |-  -|0|0|0|0|0|0|0|0|0|0|0|0|0|0||0|||1|0|00
2026|01|527010|015|08|WA|4715|EBB|01|51|1|004|100|GB|533121|019|A|0|0| |0|02|||10|Biaya Pengelolaan Kegiatan|0||0||0||0||1|PKT|44000000|44000000|0|0|0|0||0|0|0|0||| |0|0|| |-  -|0|0|0|0|0|0|0|0|0|0|0|0|44000000|0||0|||1|0|00
2026|01|527010|015|08|WA|4715|EBB|01|51|1|004|100|GB|533121|019|A|0|0| |0|01|||2|Biaya Konstruksi Fisik  Renovasi Gedung Daan Mogot Tahap I|0||0||0||0||200|m2|2000000|400000000|0|0|0|0||0|0|0|0||| |0|0|| |-  -|0|0|0|0|0|0|0|0|0|0|0|0|400000000|0||0|||1|0|00
2026|01|527010|015|08|WA|4715|EBB|01|51|1|004|100|GB|533121|019|A|0|0| |0|01|||3|Biaya Konsultan Perencanaan|0||0||0||0||1|PKT|64000000|64000000|0|0|0|0||0|0|0|0||| |0|0|| |-  -|0|0|0|0|0|0|0|0|0|0|0|0|64000000|0||0|||1|0|00
2026|01|527010|015|08|WA|4715|EBB|01|51|1|004|100|GB|533121|019|A|0|0| |0|01|||4|Biaya Konsultan Pengawasan|0||0||0||0||1|PKT|40000000|40000000|0|0|0|0||0|0|0|0||| |0|0|| |-  -|0|0|0|0|0|0|0|0|0|0|0|0|40000000|0||0|||1|0|00
2026|01|527010|015|08|WA|4715|EBB|01|51|1|004|100|GB|533121|019|A|0|0| |0|01|||5|Biaya Pengelolaan Kegiatan|0||0||0||0||1|PKT|44000000|44000000|0|0|0|0||0|0|0|0||| |0|0|| |-  -|0|0|0|0|0|0|0|0|0|0|0|0|44000000|0||0|||1|0|00
2026|01|527010|015|08|WA|4715|EBB|01|51|1|004|100|GB|533121|019|A|0|0| |0|02||1|6|Renovasi Kanopi Rooftop Gedung Prijadi II|0||0||0||0||0||0|0|0|0|0|0||0|0|0|0||| |0|0|| |-  -|0|0|0|0|0|0|0|0|0|0|0|0|0|0||0|||1|0|00
2026|01|527010|015|08|WA|4715|EBB|01|51|1|004|100|GB|533121|019|A|0|0| |0|02|||7|Biaya Konstruksi Fisik  Kanopi Rooftop Gedung Prijadi II|0||0||0||0||1440|m2|277778|400000000|0|0|0|0||0|0|0|0||| |0|0|| |-  -|0|0|0|0|0|0|0|0|0|0|0|0|400000000|0||0|||1|0|00
2026|01|527010|015|08|WA|4715|EBB|01|51|1|004|100|GB|533121|019|A|0|0| |0|02|||8|Biaya Konsultan Perencanaan|0||0||0||0||1|PKT|64000000|64000000|0|0|0|0||0|0|0|0||| |0|0|| |-  -|0|0|0|0|0|0|0|0|0|0|0|0|64000000|0||0|||1|0|00
2026|01|527010|015|08|WA|4715|EBB|01|51|1|004|100|GB|533121|019|A|0|0| |0|02|||9|Biaya Konsultan Pengawasan|0||0||0||0||1|PKT|40000000|40000000|0|0|0|0||0|0|0|0||| |0|0|| |-  -|0|0|0|0|0|0|0|0|0|0|0|0|40000000|0||0|||1|0|00
2026|01|527010|015|08|WA|4715|EBB|01|51|1|004|100|RB|533121|019|A|0|0| |0|01||1|1|Renovasi Rumah Dinas Golongan II Tipe D Pondok Gede Jl. A No. 7|0||0||0||0||0||0|0|0|0|0|0||0|0|0|0||| |0|0|| |-  -|0|0|0|0|0|0|0|0|0|0|0|0|0|0||0|||1|0|00
2026|01|527010|015|08|WA|4715|EBB|01|51|1|004|100|RB|533121|019|A|0|0| |0|03|||10|Biaya Konstruksi Fisik  Renovasi Rumah Dinas Jl. Malabar I No. 31|0||0||0||0||112|m2|3571429|400000000|0|0|0|0||0|0|0|0||| |0|0|| |-  -|0|0|0|0|0|0|0|0|0|0|0|0|400000000|0||0|||1|0|00
2026|01|527010|015|08|WA|4715|EBB|01|51|1|004|100|RB|533121|019|A|0|0| |0|03|||11|Biaya Konsultan Perencanaan  Renovasi Rumah Dinas Jl. Malabar I No. 31|0||0||0||0||1|PAKET|74998000|74998000|0|0|0|0||0|0|0|0||| |0|0|| |-  -|0|0|0|0|0|0|0|0|0|0|0|0|74998000|0||0|||1|0|00
2026|01|527010|015|08|WA|4715|EBB|01|51|1|004|100|RB|533121|019|A|0|0| |0|03|||12|Biaya Konsultan Pengawasan  Renovasi Rumah Dinas Jl. Malabar I No. 31|0||0||0||0||1|PAKET|48903000|48903000|0|0|0|0||0|0|0|0||| |0|0|| |-  -|0|0|0|0|0|0|0|0|0|0|0|0|48903000|0||0|||1|0|00
2026|01|527010|015|08|WA|4715|EBB|01|51|1|004|100|RB|533121|019|A|0|0| |0|04||1|13|Renovasi Rumah Dinas Golongan II Tipe D Jl. Ciremai II No. 2|0||0||0||0||0||0|0|0|0|0|0||0|0|0|0||| |0|0|| |-  -|0|0|0|0|0|0|0|0|0|0|0|0|0|0||0|||1|0|00
2026|01|527010|015|08|WA|4715|EBB|01|51|1|004|100|RB|533121|019|A|0|0| |0|04|||14|Biaya Konstruksi Fisik  Renovasi Rumah Dinas Jl. Ciremai II No. 2|0||0||0||0||125|m2|3200000|400000000|0|0|0|0||0|0|0|0||| |0|0|| |-  -|0|0|0|0|0|0|0|0|0|0|0|0|400000000|0||0|||1|0|00
2026|01|527010|015|08|WA|4715|EBB|01|51|1|004|100|RB|533121|019|A|0|0| |0|04|||15|Biaya Konsultan Perencanaan  Renovasi Rumah Dinas Jl. Ciremai II No. 2|0||0||0||0||1|PAKET|74998000|74998000|0|0|0|0||0|0|0|0||| |0|0|| |-  -|0|0|0|0|0|0|0|0|0|0|0|0|74998000|0||0|||1|0|00
2026|01|527010|015|08|WA|4715|EBB|01|51|1|004|100|RB|533121|019|A|0|0| |0|04|||16|Biaya Konsultan Pengawasan  Renovasi Rumah Dinas Jl. Ciremai II No. 2|0||0||0||0||1|PAKET|48903000|48903000|0|0|0|0||0|0|0|0||| |0|0|| |-  -|0|0|0|0|0|0|0|0|0|0|0|0|48903000|0||0|||1|0|00
2026|01|527010|015|08|WA|4715|EBB|01|51|1|004|100|RB|533121|019|A|0|0| |0|05||1|17|Renovasi Rumah Dinas Golongan II Tipe D Jl. Ciremai IV No. 18|0||0||0||0||0||0|0|0|0|0|0||0|0|0|0||| |0|0|| |-  -|0|0|0|0|0|0|0|0|0|0|0|0|0|0||0|||1|0|00
2026|01|527010|015|08|WA|4715|EBB|01|51|1|004|100|RB|533121|019|A|0|0| |0|05|||18|Biaya Konstruksi Fisik  Renovasi Rumah Dinas Jl. Ciremai IV No. 18|0||0||0||0||108|m2|3703704|400000000|0|0|0|0||0|0|0|0||| |0|0|| |-  -|0|0|0|0|0|0|0|0|0|0|0|0|400000000|0||0|||1|0|00
2026|01|527010|015|08|WA|4715|EBB|01|51|1|004|100|RB|533121|019|A|0|0| |0|05|||19|Biaya Konsultan Perencanaan  Renovasi Rumah Dinas Jl. Ciremai IV No. 18|0||0||0||0||1|PAKET|61048000|61048000|0|0|0|0||0|0|0|0||| |0|0|| |-  -|0|0|0|0|0|0|0|0|0|0|0|0|61048000|0||0|||1|0|00
2026|01|527010|015|08|WA|4715|EBB|01|51|1|004|100|RB|533121|019|A|0|0| |0|01|||2|Biaya Konstruksi Fisik  Renovasi Rumah Dinas Pondok Gede Jl. A No. 7|0||0||0||0||174|m2|2183909|380000000|0|0|0|0||0|0|0|0||| |0|0|| |-  -|0|0|0|0|0|0|0|0|0|0|0|0|380000000|0||0|||1|0|00
2026|01|527010|015|08|WA|4715|EBB|01|51|1|004|100|RB|533121|019|A|0|0| |0|05|||20|Biaya Konsultan Pengawasan  Renovasi Rumah Dinas Jl. Ciremai IV No. 18|0||0||0||0||1|PAKET|40955000|40955000|0|0|0|0||0|0|0|0||| |0|0|| |-  -|0|0|0|0|0|0|0|0|0|0|0|0|40955000|0||0|||1|0|00
2026|01|527010|015|08|WA|4715|EBB|01|51|1|004|100|RB|533121|019|A|0|0| |0|06||1|21|Renovasi Rumah Dinas Golongan II Tipe D Jl. Karyawan I No. 6|0||0||0||0||0||0|0|0|0|0|0||0|0|0|0||| |0|0|| |-  -|0|0|0|0|0|0|0|0|0|0|0|0|0|0||0|||1|0|00
2026|01|527010|015|08|WA|4715|EBB|01|51|1|004|100|RB|533121|019|A|0|0| |0|06|||22|Biaya Konstruksi Fisik  Renovasi Rumah Dinas Jl. Karyawan I No. 6|0||0||0||0||97|m2|4123712|400000000|0|0|0|0||0|0|0|0||| |0|0|| |-  -|0|0|0|0|0|0|0|0|0|0|0|0|400000000|0||0|||1|0|00
2026|01|527010|015|08|WA|4715|EBB|01|51|1|004|100|RB|533121|019|A|0|0| |0|06|||23|Biaya Konsultan Perencanaan  Renovasi Rumah Dinas Jl. Karyawan I No. 6|0||0||0||0||1|PAKET|63545000|63545000|0|0|0|0||0|0|0|0||| |0|0|| |-  -|0|0|0|0|0|0|0|0|0|0|0|0|63545000|0||0|||1|0|00
2026|01|527010|015|08|WA|4715|EBB|01|51|1|004|100|RB|533121|019|A|0|0| |0|06|||24|Biaya Konsultan Pengawasan  Renovasi Rumah Dinas Jl. Karyawan I No. 6|0||0||0||0||1|PAKET|42492000|42492000|0|0|0|0||0|0|0|0||| |0|0|| |-  -|0|0|0|0|0|0|0|0|0|0|0|0|42492000|0||0|||1|0|00
2026|01|527010|015|08|WA|4715|EBB|01|51|1|004|100|RB|533121|019|A|0|0| |0|07||1|25|Renovasi Rumah Dinas Golongan II Tipe D Jl. Karyawan I No. 19|0||0||0||0||0||0|0|0|0|0|0||0|0|0|0||| |0|0|| |-  -|0|0|0|0|0|0|0|0|0|0|0|0|0|0||0|||1|0|00
2026|01|527010|015|08|WA|4715|EBB|01|51|1|004|100|RB|533121|019|A|0|0| |0|07|||26|Biaya Konstruksi Fisik  Renovasi Rumah Dinas Jl. Karyawan I No. 19|0||0||0||0||96|m2|4166667|400000000|0|0|0|0||0|0|0|0||| |0|0|| |-  -|0|0|0|0|0|0|0|0|0|0|0|0|400000000|0||0|||1|0|00
2026|01|527010|015|08|WA|4715|EBB|01|51|1|004|100|RB|533121|019|A|0|0| |0|07|||27|Biaya Konsultan Perencanaan  Renovasi Rumah Dinas Jl. Karyawan I No. 19|0||0||0||0||1|PAKET|63332000|63332000|0|0|0|0||0|0|0|0||| |0|0|| |-  -|0|0|0|0|0|0|0|0|0|0|0|0|63332000|0||0|||1|0|00
2026|01|527010|015|08|WA|4715|EBB|01|51|1|004|100|RB|533121|019|A|0|0| |0|07|||28|Biaya Konsultan Pengawasan  Renovasi Rumah Dinas Jl. Karyawan I No. 19|0||0||0||0||1|PAKET|42350000|42350000|0|0|0|0||0|0|0|0||| |0|0|| |-  -|0|0|0|0|0|0|0|0|0|0|0|0|42350000|0||0|||1|0|00
2026|01|527010|015|08|WA|4715|EBB|01|51|1|004|100|RB|533121|019|A|0|0| |0|08||1|29|Renovasi Rumah Dinas Golongan II Tipe D Cempaka Baru Jl. Siaga I No. 5|0||0||0||0||0||0|0|0|0|0|0||0|0|0|0||| |0|0|| |-  -|0|0|0|0|0|0|0|0|0|0|0|0|0|0||0|||1|0|00
2026|01|527010|015|08|WA|4715|EBB|01|51|1|004|100|RB|533121|019|A|0|0| |0|01|||3|Biaya Konsultan Perencanaan  Renovasi Rumah Dinas Pondok Gede Jl. A No. 7|0||0||0||0||1|PAKET|43400000|43400000|0|0|0|0||0|0|0|0||| |0|0|| |-  -|0|0|0|0|0|0|0|0|0|0|0|0|43400000|0||0|||1|0|00
2026|01|527010|015|08|WA|4715|EBB|01|51|1|004|100|RB|533121|019|A|0|0| |0|08|||30|Biaya Konstruksi Fisik  Renovasi Rumah Dinas Cempaka Baru Jl. Siaga I No. 5|0||0||0||0||228|m2|1754386|400000000|0|0|0|0||0|0|0|0||| |0|0|| |-  -|0|0|0|0|0|0|0|0|0|0|0|0|400000000|0||0|||1|0|00
2026|01|527010|015|08|WA|4715|EBB|01|51|1|004|100|RB|533121|019|A|0|0| |0|08|||31|Biaya Konsultan Perencanaan  Renovasi Rumah Dinas Cempaka Baru Jl. Siaga I No. 5|0||0||0||0||1|PAKET|64000000|64000000|0|0|0|0||0|0|0|0||| |0|0|| |-  -|0|0|0|0|0|0|0|0|0|0|0|0|64000000|0||0|||1|0|00
2026|01|527010|015|08|WA|4715|EBB|01|51|1|004|100|RB|533121|019|A|0|0| |0|08|||32|Biaya Konsultan Pengawasan  Renovasi Rumah Dinas Cempaka Baru Jl. Siaga I No. 5|0||0||0||0||1|PAKET|40000000|40000000|0|0|0|0||0|0|0|0||| |0|0|| |-  -|0|0|0|0|0|0|0|0|0|0|0|0|40000000|0||0|||1|0|00
2026|01|527010|015|08|WA|4715|EBB|01|51|1|004|100|RB|533121|019|A|0|0| |0|08|||33|Biaya Pengelolaan Kegiatan  Renovasi Rumah Dinas Cempaka Baru Jl. Siaga I No. 5|0||0||0||0||1|PAKET|44000000|44000000|0|0|0|0||0|0|0|0||| |0|0|| |-  -|0|0|0|0|0|0|0|0|0|0|0|0|44000000|0||0|||1|0|00
2026|01|527010|015|08|WA|4715|EBB|01|51|1|004|100|RB|533121|019|A|0|0| |0|09||1|34|Renovasi Rumah Dinas Golongan II Tipe D Pondok Bambu Jl. Anggaran No. 20A|0||0||0||0||0||0|0|0|0|0|0||0|0|0|0||| |0|0|| |-  -|0|0|0|0|0|0|0|0|0|0|0|0|0|0||0|||1|0|00
2026|01|527010|015|08|WA|4715|EBB|01|51|1|004|100|RB|533121|019|A|0|0| |0|09|||35|Biaya Konstruksi Fisik  Renovasi Rumah Dinas Pondok Bambu Jl. Anggaran No. 20A|0||0||0||0||10|m2|2550000|25500000|0|0|0|0||0|0|0|0||| |0|0|| |-  -|0|0|0|0|0|0|0|0|0|0|0|0|25500000|0||0|||1|0|00
2026|01|527010|015|08|WA|4715|EBB|01|51|1|004|100|RB|533121|019|A|0|0| |0|10||1|36|Renovasi Rumah Dinas Golongan II Tipe D Pondok Bambu Jl. Anggaran No. 23|0||0||0||0||0||0|0|0|0|0|0||0|0|0|0||| |0|0|| |-  -|0|0|0|0|0|0|0|0|0|0|0|0|0|0||0|||1|0|00
2026|01|527010|015|08|WA|4715|EBB|01|51|1|004|100|RB|533121|019|A|0|0| |0|10|||37|Biaya Konstruksi Fisik  Renovasi Rumah Dinas Pondok Bambu Jl. Anggaran No. 23|0||0||0||0||10|m2|2550000|25500000|0|0|0|0||0|0|0|0||| |0|0|| |-  -|0|0|0|0|0|0|0|0|0|0|0|0|25500000|0||0|||1|0|00
2026|01|527010|015|08|WA|4715|EBB|01|51|1|004|100|RB|533121|019|A|0|0| |0|01|||4|Biaya Konsultan Pengawasan  Renovasi Rumah Dinas Pondok Gede Jl. A No. 7|0||0||0||0||1|PAKET|42000000|42000000|0|0|0|0||0|0|0|0||| |0|0|| |-  -|0|0|0|0|0|0|0|0|0|0|0|0|42000000|0||0|||1|0|00
2026|01|527010|015|08|WA|4715|EBB|01|51|1|004|100|RB|533121|019|A|0|0| |0|02||1|5|Renovasi Rumah Dinas Golongan II Tipe D Pondok Gede Jl. B No. 7|0||0||0||0||0||0|0|0|0|0|0||0|0|0|0||| |0|0|| |-  -|0|0|0|0|0|0|0|0|0|0|0|0|0|0||0|||1|0|00
2026|01|527010|015|08|WA|4715|EBB|01|51|1|004|100|RB|533121|019|A|0|0| |0|02|||6|Biaya Konstruksi Fisik  Renovasi Rumah Dinas Pondok Gede Jl. B No. 7|0||0||0||0||84|m2|3642858|306000000|0|0|0|0||0|0|0|0||| |0|0|| |-  -|0|0|0|0|0|0|0|0|0|0|0|0|306000000|0||0|||1|0|00
2026|01|527010|015|08|WA|4715|EBB|01|51|1|004|100|RB|533121|019|A|0|0| |0|02|||7|Biaya Konsultan Perencanaan  Renovasi Rumah Dinas Pondok Gede Jl. B No. 7|0||0||0||0||1|PAKET|37100000|37100000|0|0|0|0||0|0|0|0||| |0|0|| |-  -|0|0|0|0|0|0|0|0|0|0|0|0|37100000|0||0|||1|0|00
2026|01|527010|015|08|WA|4715|EBB|01|51|1|004|100|RB|533121|019|A|0|0| |0|02|||8|Biaya Konsultan Pengawasan  Renovasi Rumah Dinas Pondok Gede Jl. B No. 7|0||0||0||0||1|PAKET|36000000|36000000|0|0|0|0||0|0|0|0||| |0|0|| |-  -|0|0|0|0|0|0|0|0|0|0|0|0|36000000|0||0|||1|0|00
2026|01|527010|015|08|WA|4715|EBB|01|51|1|004|100|RB|533121|019|A|0|0| |0|03||1|9|Renovasi Rumah Dinas Golongan II Tipe D Jl. Malabar I No. 31|0||0||0||0||0||0|0|0|0|0|0||0|0|0|0||| |0|0|| |-  -|0|0|0|0|0|0|0|0|0|0|0|0|0|0||0|||1|0|00
2026|01|527010|015|08|WA|4715|EBB|01|51|1|002|100|CA|532111|019|A|0|0| |0||||1|AVR|0||0||0||0||12|UNIT|107580000|1290960000|0|0|0|0||0|0|0|0||| |0|0|| |-  -|0|64520371|64520371|64520371|64520371|64520371|64520371|64520371|64520371|64520371|64520371|64520371|581235919|0||0|||1|0|00
2026|01|527010|015|08|WA|4715|EBB|01|51|1|002|100|CA|532111|019|A|0|0| |0||||2|Genset|0||0||0||0||27|UNIT|332625371|8980885000|0|0|0|0||0|0|0|0||| |0|0|| |-  -|0|448852043|448852043|448852043|448852043|448852043|448852043|448852043|448852043|448852043|448852043|448852043|4043512527|0||0|||1|0|00
2026|01|527010|015|08|WA|4715|EBB|01|51|1|002|100|CA|532111|019|A|0|0| |0||||3|UPS|0||0||0||0||22|UNIT|102690000|2259180000|0|0|0|0||0|0|0|0||| |0|0|| |-  -|0|112910650|112910650|112910650|112910650|112910650|112910650|112910650|112910650|112910650|112910650|112910650|1017162850|0||0|||1|0|00
2026|01|527010|015|08|WA|4715|EBB|01|51|1|002|100|CA|532111|019|A|0|0| |0||||4|TV 85 inch|0||0||0||0||23|UNIT|39454955|907463000|0|0|0|0||0|0|0|0||| |0|0|| |-  -|0|45353729|45353729|45353729|45353729|45353729|45353729|45353729|45353729|45353729|45353729|45353729|408571981|0||0|||1|0|00
2026|01|527010|015|08|WA|4715|EBB|01|51|1|002|100|DA|532111|019|A|0|0| |0|01||1|1|Kantor Vertikal DJPb|0||0||0||0||0||0|0|0|0|0|0||0|0|0|0||| |0|0|| |-  -|0|0|0|0|0|0|0|0|0|0|0|0|0|0||0|||1|0|00
2026|01|527010|015|08|WA|4715|EBB|01|51|1|002|100|DA|532111|019|A|0|0| |0|03||1|10|Direktorat PA|0||0||0||0||0||0|0|0|0|0|0||0|0|0|0||| |0|0|| |-  -|0|0|0|0|0|0|0|0|0|0|0|0|0|0||0|||1|0|00
2026|01|527010|015|08|WA|4715|EBB|01|51|1|002|100|DA|532111|019|A|0|0| |0|03|||11|Kursi Kerja Pejabat|0||0||0||0||29|UNIT|4000000|116000000|0|0|0|0||0|0|0|0||| |0|0|| |-  -|0|5797517|5797517|5797517|5797517|5797517|5797517|5797517|5797517|5797517|5797517|5797517|52227313|0||0|||1|0|00
2026|01|527010|015|08|WA|4715|EBB|01|51|1|002|100|DA|532111|019|A|0|0| |0|03|||12|Meja Rapat|0||0||0||0||1|UNIT|10000000|10000000|0|0|0|0||0|0|0|0||| |0|0|| |-  -|0|499786|499786|499786|499786|499786|499786|499786|499786|499786|499786|499786|4502354|0||0|||1|0|00
2026|01|527010|015|08|WA|4715|EBB|01|51|1|002|100|DA|532111|019|A|0|0| |0|03|||13|Kursi Rapat|0||0||0||0||8|UNIT|5500000|44000000|0|0|0|0||0|0|0|0||| |0|0|| |-  -|0|2199058|2199058|2199058|2199058|2199058|2199058|2199058|2199058|2199058|2199058|2199058|19810362|0||0|||1|0|00
2026|01|527010|015|08|WA|4715|EBB|01|51|1|002|100|DA|532111|019|A|0|0| |0|03|||14|Meja dan Sofa Tamu|0||0||0||0||2|SET|15000000|30000000|0|0|0|0||0|0|0|0||| |0|0|| |-  -|0|1499358|1499358|1499358|1499358|1499358|1499358|1499358|1499358|1499358|1499358|1499358|13507062|0||0|||1|0|00
2026|01|527010|015|08|WA|4715|EBB|01|51|1|002|100|DA|532111|019|A|0|0| |0|03|||15|Credenza|0||0||0||0||1|UNIT|4000000|4000000|0|0|0|0||0|0|0|0||| |0|0|| |-  -|0|199914|199914|199914|199914|199914|199914|199914|199914|199914|199914|199914|1800946|0||0|||1|0|00
2026|01|527010|015|08|WA|4715|EBB|01|51|1|002|100|DA|532111|019|A|0|0| |0|03|||16|Sofa Ruang Kerja|0||0||0||0||1|SET|10000000|10000000|0|0|0|0||0|0|0|0||| |0|0|| |-  -|0|499786|499786|499786|499786|499786|499786|499786|499786|499786|499786|499786|4502354|0||0|||1|0|00
2026|01|527010|015|08|WA|4715|EBB|01|51|1|002|100|DA|532111|019|A|0|0| |0|03|||17|Nakas|0||0||0||0||1|UNIT|2000000|2000000|0|0|0|0||0|0|0|0||| |0|0|| |-  -|0|99957|99957|99957|99957|99957|99957|99957|99957|99957|99957|99957|900473|0||0|||1|0|00
2026|01|527010|015|08|WA|4715|EBB|01|51|1|002|100|DA|532111|019|A|0|0| |0|03|||18|Loker|0||0||0||0||3|SET|4000000|12000000|0|0|0|0||0|0|0|0||| |0|0|| |-  -|0|599743|599743|599743|599743|599743|599743|599743|599743|599743|599743|599743|5402827|0||0|||1|0|00
2026|01|527010|015|08|WA|4715|EBB|01|51|1|002|100|DA|532111|019|A|0|0| |0|04||1|19|Direktorat PPKBLU|0||0||0||0||0||0|0|0|0|0|0||0|0|0|0||| |0|0|| |-  -|0|0|0|0|0|0|0|0|0|0|0|0|0|0||0|||1|0|00
2026|01|527010|015|08|WA|4715|EBB|01|51|1|002|100|DA|532111|019|A|0|0| |0|01|||2|Genset 250 kVA|0||0||0||0||1|UNIT|1637000000|1637000000|0|0|0|0||0|0|0|0||| |0|0|| |-  -|0|81814965|81814965|81814965|81814965|81814965|81814965|81814965|81814965|81814965|81814965|81814965|737035385|0||0|||1|0|00
2026|01|527010|015|08|WA|4715|EBB|01|51|1|002|100|DA|532111|019|A|0|0| |0|04|||20|Desk Wireless Microphone|0||0||0||0||1|SET|8000000|8000000|0|0|0|0||0|0|0|0||| |0|0|| |-  -|0|399829|399829|399829|399829|399829|399829|399829|399829|399829|399829|399829|3601881|0||0|||1|0|00
2026|01|527010|015|08|WA|4715|EBB|01|51|1|002|100|DA|532111|019|A|0|0| |0|04|||21|Speaker|0||0||0||0||1|SET|6000000|6000000|0|0|0|0||0|0|0|0||| |0|0|| |-  -|0|299872|299872|299872|299872|299872|299872|299872|299872|299872|299872|299872|2701408|0||0|||1|0|00
2026|01|527010|015|08|WA|4715|EBB|01|51|1|002|100|DA|532111|019|A|0|0| |0|04|||22|Mixer Amplifier|0||0||0||0||1|SET|4000000|4000000|0|0|0|0||0|0|0|0||| |0|0|| |-  -|0|199914|199914|199914|199914|199914|199914|199914|199914|199914|199914|199914|1800946|0||0|||1|0|00
2026|01|527010|015|08|WA|4715|EBB|01|51|1|002|100|DA|532111|019|A|0|0| |0|04|||23|Microphone|0||0||0||0||1|SET|2800000|2800000|0|0|0|0||0|0|0|0||| |0|0|| |-  -|0|139940|139940|139940|139940|139940|139940|139940|139940|139940|139940|139940|1260660|0||0|||1|0|00
2026|01|527010|015|08|WA|4715|EBB|01|51|1|002|100|DA|532111|019|A|0|0| |0|05||1|24|Direktorat SITP|0||0||0||0||0||0|0|0|0|0|0||0|0|0|0||| |0|0|| |-  -|0|0|0|0|0|0|0|0|0|0|0|0|0|0||0|||1|0|00
2026|01|527010|015|08|WA|4715|EBB|01|51|1|002|100|DA|532111|019|A|0|0| |0|05|||25|Kulkas  Mini Bar|0||0||0||0||1|UNIT|6000000|6000000|0|0|0|0||0|0|0|0||| |0|0|| |-  -|0|299872|299872|299872|299872|299872|299872|299872|299872|299872|299872|299872|2701408|0||0|||1|0|00
2026|01|527010|015|08|WA|4715|EBB|01|51|1|002|100|DA|532111|019|A|0|0| |0|06||1|26|Kebutuhan Lainnya|0||0||0||0||0||0|0|0|0|0|0||0|0|0|0||| |0|0|| |-  -|0|0|0|0|0|0|0|0|0|0|0|0|0|0||0|||1|0|00
2026|01|527010|015|08|WA|4715|EBB|01|51|1|002|100|DA|532111|019|A|0|0| |0|06|||27|Coffee Maker|0||0||0||0||2|UNIT|14200000|28400000|0|0|0|0||0|0|0|0||| |0|0|| |-  -|0|1419392|1419392|1419392|1419392|1419392|1419392|1419392|1419392|1419392|1419392|1419392|12786688|0||0|||1|0|00
2026|01|527010|015|08|WA|4715|EBB|01|51|1|002|100|DA|532111|019|A|0|0| |0|06|||28|TV 85 inch|0||0||0||0||6|UNIT|31000000|186000000|0|0|0|0||0|0|0|0||| |0|0|| |-  -|0|9296019|9296019|9296019|9296019|9296019|9296019|9296019|9296019|9296019|9296019|9296019|83743791|0||0|||1|0|00
2026|01|527010|015|08|WA|4715|EBB|01|51|1|002|100|DA|532111|019|A|0|0| |0|06|||29|TV 55 inch|0||0||0||0||2|UNIT|11000000|22000000|0|0|0|0||0|0|0|0||| |0|0|| |-  -|0|1099529|1099529|1099529|1099529|1099529|1099529|1099529|1099529|1099529|1099529|1099529|9905181|0||0|||1|0|00
2026|01|527010|015|08|WA|4715|EBB|01|51|1|002|100|DA|532111|019|A|0|0| |0|01|||3|Genset 180 kVA|0||0||0||0||1|UNIT|1052563000|1052563000|0|0|0|0||0|0|0|0||| |0|0|| |-  -|0|52605623|52605623|52605623|52605623|52605623|52605623|52605623|52605623|52605623|52605623|52605623|473901147|0||0|||1|0|00
2026|01|527010|015|08|WA|4715|EBB|01|51|1|002|100|DA|532111|019|A|0|0| |0|06|||30|Drone|0||0||0||0||2|UNIT|31000000|62000000|0|0|0|0||0|0|0|0||| |0|0|| |-  -|0|3098673|3098673|3098673|3098673|3098673|3098673|3098673|3098673|3098673|3098673|3098673|27914597|0||0|||1|0|00
2026|01|527010|015|08|WA|4715|EBB|01|51|1|002|100|DA|532111|019|A|0|0| |0|06|||31|Action Cam|0||0||0||0||3|UNIT|8466667|25400000|0|0|0|0||0|0|0|0||| |0|0|| |-  -|0|1269456|1269456|1269456|1269456|1269456|1269456|1269456|1269456|1269456|1269456|1269456|11435984|0||0|||1|0|00
2026|01|527010|015|08|WA|4715|EBB|01|51|1|002|100|DA|532111|019|A|0|0| |0|06|||32|Sofa|0||0||0||0||1|UNIT|9000000|9000000|0|0|0|0||0|0|0|0||| |0|0|| |-  -|0|449807|449807|449807|449807|449807|449807|449807|449807|449807|449807|449807|4052123|0||0|||1|0|00
2026|01|527010|015|08|WA|4715|EBB|01|51|1|002|100|DA|532111|019|A|0|0| |0|06|||33|Meja|0||0||0||0||2|UNIT|2800000|5600000|0|0|0|0||0|0|0|0||| |0|0|| |-  -|0|279880|279880|279880|279880|279880|279880|279880|279880|279880|279880|279880|2521320|0||0|||1|0|00
2026|01|527010|015|08|WA|4715|EBB|01|51|1|002|100|DA|532111|019|A|0|0| |0|06|||34|Kursi|0||0||0||0||3|UNIT|2000000|6000000|0|0|0|0||0|0|0|0||| |0|0|| |-  -|0|299872|299872|299872|299872|299872|299872|299872|299872|299872|299872|299872|2701408|0||0|||1|0|00
2026|01|527010|015|08|WA|4715|EBB|01|51|1|002|100|DA|532111|019|A|0|0| |0|06|||35|Dispenser|0||0||0||0||2|UNIT|4500000|9000000|0|0|0|0||0|0|0|0||| |0|0|| |-  -|0|449807|449807|449807|449807|449807|449807|449807|449807|449807|449807|449807|4052123|0||0|||1|0|00
2026|01|527010|015|08|WA|4715|EBB|01|51|1|002|100|DA|532111|019|A|0|0| |0|06|||36|Water Heater|0||0||0||0||1|UNIT|4500000|4500000|0|0|0|0||0|0|0|0||| |0|0|| |-  -|0|224904|224904|224904|224904|224904|224904|224904|224904|224904|224904|224904|2026056|0||0|||1|0|00
2026|01|527010|015|08|WA|4715|EBB|01|51|1|002|100|DA|532111|019|A|0|0| |0|06|||37|Mesin Pemotong Rumput|0||0||0||0||1|UNIT|2500000|2500000|0|0|0|0||0|0|0|0||| |0|0|| |-  -|0|124946|124946|124946|124946|124946|124946|124946|124946|124946|124946|124946|1125594|0||0|||1|0|00
2026|01|527010|015|08|WA|4715|EBB|01|51|1|002|100|DA|532111|019|A|0|0| |0|01|||4|Genset 80 kVA|0||0||0||0||3|UNIT|1342266667|4026800000|0|0|0|0||0|0|0|0||| |0|0|| |-  -|0|201253819|201253819|201253819|201253819|201253819|201253819|201253819|201253819|201253819|201253819|201253819|1813007991|0||0|||1|0|00
2026|01|527010|015|08|WA|4715|EBB|01|51|1|002|100|DA|532111|019|A|0|0| |0|01|||5|Genset 60 kVA|0||0||0||0||1|UNIT|839000000|839000000|0|0|0|0||0|0|0|0||| |0|0|| |-  -|0|41932044|41932044|41932044|41932044|41932044|41932044|41932044|41932044|41932044|41932044|41932044|377747516|0||0|||1|0|00
2026|01|527010|015|08|WA|4715|EBB|01|51|1|002|100|DA|532111|019|A|0|0| |0|01|||6|AVR 250 kVA|0||0||0||0||1|UNIT|436500000|436500000|0|0|0|0||0|0|0|0||| |0|0|| |-  -|0|21815658|21815658|21815658|21815658|21815658|21815658|21815658|21815658|21815658|21815658|21815658|196527762|0||0|||1|0|00
2026|01|527010|015|08|WA|4715|EBB|01|51|1|002|100|DA|532111|019|A|0|0| |0|01|||7|AVR 80 kVA|0||0||0||0||2|UNIT|174500000|349000000|0|0|0|0||0|0|0|0||| |0|0|| |-  -|0|17442531|17442531|17442531|17442531|17442531|17442531|17442531|17442531|17442531|17442531|17442531|157132159|0||0|||1|0|00
2026|01|527010|015|08|WA|4715|EBB|01|51|1|002|100|DA|532111|019|A|0|0| |0|02||1|8|Sekretariat DJPb|0||0||0||0||0||0|0|0|0|0|0||0|0|0|0||| |0|0|| |-  -|0|0|0|0|0|0|0|0|0|0|0|0|0|0||0|||1|0|00
2026|01|527010|015|08|WA|4715|EBB|01|51|1|002|100|DA|532111|019|A|0|0| |0|02|||9|Recorder|0||0||0||0||5|UNIT|2500000|12500000|0|0|0|0||0|0|0|0||| |0|0|| |-  -|0|624732|624732|624732|624732|624732|624732|624732|624732|624732|624732|624732|5627948|0||0|||1|0|00
2026|01|527010|015|08|WA|4715|EBD|01|51|1|004|100|CA|521211|019|A|0|0| |0|01||1|1|Pengelolaan Perbendaharaan|0||0||0||0||0||0|0|0|0|0|0||0|0|0|0||| |0|0|| |-  -|0|0|0|0|0|0|0|0|0|0|0|0|0|0||0|||1|0|00
2026|01|527010|015|08|WA|4715|EBD|01|51|1|004|100|CA|521211|019|A|0|0| |0|01|||2|KDM  Makan Rapat|40|ORG|3|FR|0||0||120|OK|35117|4214000|0|0|0|0||0|0|0|0||| |0|0|| |-  -|0|364731|364731|364731|364731|364731|364731|364731|364731|364731|364731|364731|201959|0||0|||1|0|00
2026|01|527010|015|08|WA|4715|EBD|01|51|1|004|100|CA|521211|019|A|0|0| |0|01|||3|KDM  Snack Rapat|40|ORG|3|FR|0||0||120|OK|14784|1774000|0|0|0|0||0|0|0|0||| |0|0|| |-  -|0|153544|153544|153544|153544|153544|153544|153544|153544|153544|153544|153544|85016|0||0|||1|0|00
2026|01|527010|015|08|WA|4715|EBD|01|51|1|004|100|CA|521211|019|A|0|0| |0|02||1|4|Monev IKPA|0||0||0||0||0||0|0|0|0|0|0||0|0|0|0||| |0|0|| |-  -|0|0|0|0|0|0|0|0|0|0|0|0|0|0||0|||1|0|00
2026|01|527010|015|08|WA|4715|EBD|01|51|1|004|100|CA|521211|019|A|0|0| |0|02|||5|KDM  Makan Rapat|25|ORG|2|FR|0||0||50|OK|35120|1756000|0|0|0|0||0|0|0|0||| |0|0|| |-  -|0|151986|151986|151986|151986|151986|151986|151986|151986|151986|151986|151986|84154|0||0|||1|0|00
2026|01|527010|015|08|WA|4715|EBD|01|51|1|004|100|CA|521211|019|A|0|0| |0|02|||6|KDM  Snack Rapat|25|ORG|2|FR|0||0||50|OK|14780|739000|0|0|0|0||0|0|0|0||| |0|0|| |-  -|0|63962|63962|63962|63962|63962|63962|63962|63962|63962|63962|63962|35418|0||0|||1|0|00
2026|01|527010|015|08|WA|4715|EBD|01|51|1|004|100|CA|521211|019|A|0|0| |0|03||1|7|Biaya Administrasi Bank|0||0||0||0||0||0|0|0|0|0|0||0|0|0|0||| |0|0|| |-  -|0|0|0|0|0|0|0|0|0|0|0|0|0|0||0|||1|0|00
2026|01|527010|015|08|WA|4715|EBD|01|51|1|004|100|CA|521211|019|A|0|0| |0|03|||8|CTK  Biaya Administrasi Bank|0||0||0||0||1|THN|6300000|6300000|0|0|0|0||0|0|0|0||| |0|0|| |-  -|0|545279|545279|545279|545279|545279|545279|545279|545279|545279|545279|545279|301931|0||0|||1|0|00
2026|01|527010|015|08|WA|4715|EBD|01|51|1|004|100|CA|521211|019|A|0|0| |0|03|||9|CTK  Biaya Pengawalan PengambilanPenyetoran ke Bank|6|ORG|50|FR|0||0||300|OK|30807|9242000|0|0|0|0||0|0|0|0||| |0|0|| |-  -|0|799916|799916|799916|799916|799916|799916|799916|799916|799916|799916|799916|442924|0||0|||1|0|00
2026|01|527010|015|08|WA|4715|EBD|01|51|1|004|100|CA|524111|019|A|0|0| |0|01||1|1|Pegelolaan TKPKN Ditjen Perbendaharaan|0||0||0||0||0||0|0|0|0|0|0||0|0|0|0||| |0|0|| |-  -|0|0|0|0|0|0|0|0|0|0|0|0|0|0||0|||1|0|00
2026|01|527010|015|08|WA|4715|EBD|01|51|1|004|100|CA|524111|019|A|0|0| |0|01|||2|Transport|4|ORG|7|LOK|1|FR|0||28|OK|2712143|75940000|0|0|0|0||0|0|0|0||| |0|0|| |-  -|0|6572779|6572779|6572779|6572779|6572779|6572779|6572779|6572779|6572779|6572779|6572779|3639431|0||0|||1|0|00
2026|01|527010|015|08|WA|4715|EBD|01|51|1|004|100|CA|524111|019|A|0|0| |0|01|||3|Akomodasi|4|ORG|2|HR|7|LOK|1|FR|56|OH|454697|25463000|0|0|0|0||0|0|0|0||| |0|0|| |-  -|0|2203880|2203880|2203880|2203880|2203880|2203880|2203880|2203880|2203880|2203880|2203880|1220320|0||0|||1|0|00
2026|01|527010|015|08|WA|4715|EBD|01|51|1|004|100|CA|524111|019|A|0|0| |0|01|||4|Uang Saku Harian|4|ORG|3|HR|7|LOK|0||84|OH|227346|19097000|0|0|0|0||0|0|0|0||| |0|0|| |-  -|0|1652889|1652889|1652889|1652889|1652889|1652889|1652889|1652889|1652889|1652889|1652889|915221|0||0|||1|0|00
2026|01|527010|015|08|WA|4715|EBD|01|51|1|004|100|CA|524113|019|A|0|0| |0|01||1|1|Studi Banding Pengelolaan Keuangan dan Perbendaharaan|0||0||0||0||0||0|0|0|0|0|0||0|0|0|0||| |0|0|| |-  -|0|0|0|0|0|0|0|0|0|0|0|0|0|0||0|||1|0|00
2026|01|527010|015|08|WA|4715|EBD|01|51|1|004|100|CA|524113|019|A|0|0| |0|01|||2|Transport Lokal|10|ORG|2|LOK|0||0||20|OK|113700|2274000|0|0|0|0||0|0|0|0||| |0|0|| |-  -|0|196820|196820|196820|196820|196820|196820|196820|196820|196820|196820|196820|108980|0||0|||1|0|00
2026|01|527010|015|08|WA|4715|EBD|01|51|1|004|100|CA|524113|019|A|0|0| |0|01|||3|Uang Harian|10|ORG|2|LOK|0||0||20|OK|127300|2546000|0|0|0|0||0|0|0|0||| |0|0|| |-  -|0|220362|220362|220362|220362|220362|220362|220362|220362|220362|220362|220362|122018|0||0|||1|0|00
2026|01|527010|015|08|WA|4715|EBD|01|51|1|004|100|CB|521211|019|A|0|0| |0||||1|KDM  Makan Rapat|30|ORG|4|FR|0||0||120|OK|35125|4215000|0|0|0|0||0|0|0|0||| |0|0|| |-  -|0|364818|364818|364818|364818|364818|364818|364818|364818|364818|364818|364818|202002|0||0|||1|0|00
2026|01|527010|015|08|WA|4715|EBD|01|51|1|004|100|CB|521211|019|A|0|0| |0||||2|KDM  Snack Rapat|30|ORG|4|FR|0||0||120|OK|14792|1775000|0|0|0|0||0|0|0|0||| |0|0|| |-  -|0|153630|153630|153630|153630|153630|153630|153630|153630|153630|153630|153630|85070|0||0|||1|0|00
2026|01|527010|015|08|WA|4715|EBD|01|51|1|004|100|CB|524111|019|A|0|0| |0||||1|Transport|4|ORG|6|LOK|1|FR|0||24|OK|2712167|65092000|0|0|0|0||0|0|0|0||| |0|0|| |-  -|0|5633860|5633860|5633860|5633860|5633860|5633860|5633860|5633860|5633860|5633860|5633860|3119540|0||0|||1|0|00
2026|01|527010|015|08|WA|4715|EBD|01|51|1|004|100|CB|524111|019|A|0|0| |0||||2|Akomodasi|4|ORG|3|HR|6|LOK|0||72|OH|454709|32739000|0|0|0|0||0|0|0|0||| |0|0|| |-  -|0|2833635|2833635|2833635|2833635|2833635|2833635|2833635|2833635|2833635|2833635|2833635|1569015|0||0|||1|0|00
2026|01|527010|015|08|WA|4715|EBD|01|51|1|004|100|CB|524111|019|A|0|0| |0||||3|Uang Saku Harian|4|ORG|4|HR|6|LOK|0||96|OH|227355|21826000|0|0|0|0||0|0|0|0||| |0|0|| |-  -|0|1889090|1889090|1889090|1889090|1889090|1889090|1889090|1889090|1889090|1889090|1889090|1046010|0||0|||1|0|00
2026|01|527010|015|08|WA|4715|EBD|01|51|1|004|100|CB|524113|019|A|0|0| |0||||1|Transport Lokal|3|ORG|1|HR|6|FR|0||18|OK|113667|2046000|0|0|0|0||0|0|0|0||| |0|0|| |-  -|0|177086|177086|177086|177086|177086|177086|177086|177086|177086|177086|177086|98054|0||0|||1|0|00
2026|01|527010|015|08|WA|4715|EBD|01|51|1|004|100|CC|524111|019|A|0|0| |0||||1|Transport|3|ORG|8|LOK|0||0||24|OK|1937250|46494000|0|0|0|0||0|0|0|0||| |0|0|| |-  -|0|4024161|4024161|4024161|4024161|4024161|4024161|4024161|4024161|4024161|4024161|4024161|2228229|0||0|||1|0|00
2026|01|527010|015|08|WA|4715|EBD|01|51|1|004|100|CC|524111|019|A|0|0| |0||||2|Akomodasi|3|ORG|3|HR|8|LOK|0||72|OH|260695|18770000|0|0|0|0||0|0|0|0||| |0|0|| |-  -|0|1624586|1624586|1624586|1624586|1624586|1624586|1624586|1624586|1624586|1624586|1624586|899554|0||0|||1|0|00
2026|01|527010|015|08|WA|4715|EBD|01|51|1|004|100|CC|524111|019|A|0|0| |0||||3|Uang Saku Harian|3|ORG|2|HR|8|LOK|0||48|OH|519875|24954000|0|0|0|0||0|0|0|0||| |0|0|| |-  -|0|2159825|2159825|2159825|2159825|2159825|2159825|2159825|2159825|2159825|2159825|2159825|1195925|0||0|||1|0|00
2026|01|527010|015|08|WA|4715|EBD|01|51|1|004|100|CD|521211|019|A|0|0| |0||||1|KDM  Makan Rapat|60|ORG|3|HR|1|FR|0||180|OK|35117|6321000|0|0|0|0||0|0|0|0||| |0|0|| |-  -|0|547097|547097|547097|547097|547097|547097|547097|547097|547097|547097|547097|302933|0||0|||1|0|00
2026|01|527010|015|08|WA|4715|EBD|01|51|1|004|100|CD|521211|019|A|0|0| |0||||2|KDM  Snack Rapat|60|ORG|3|HR|1|FR|0||180|OK|14789|2662000|0|0|0|0||0|0|0|0||| |0|0|| |-  -|0|230402|230402|230402|230402|230402|230402|230402|230402|230402|230402|230402|127578|0||0|||1|0|00
2026|01|527010|015|08|WA|4715|EBD|01|51|1|004|100|CD|522151|019|A|0|0| |0||||1|Honorarium Narasumber|2|ORG|2|JAM|0||0||4|OJ|774500|3098000|0|0|0|0||0|0|0|0||| |0|0|| |-  -|0|268139|268139|268139|268139|268139|268139|268139|268139|268139|268139|268139|148471|0||0|||1|0|00
2026|01|527010|015|08|WA|4715|EBD|01|51|1|004|100|CD|524111|019|A|0|0| |0||||1|Transport|10|ORG|5|LOK|1|FR|0||50|OK|3031400|151570000|0|0|0|0||0|0|0|0||| |0|0|| |-  -|0|13118727|13118727|13118727|13118727|13118727|13118727|13118727|13118727|13118727|13118727|13118727|7264003|0||0|||1|0|00
2026|01|527010|015|08|WA|4715|EBD|01|51|1|004|100|CD|524111|019|A|0|0| |0||||2|Akomodasi|10|ORG|3|HR|5|LOK|1|FR|150|OH|378927|56839000|0|0|0|0||0|0|0|0||| |0|0|| |-  -|0|4919544|4919544|4919544|4919544|4919544|4919544|4919544|4919544|4919544|4919544|4919544|2724016|0||0|||1|0|00
2026|01|527010|015|08|WA|4715|EBD|01|51|1|004|100|CD|524111|019|A|0|0| |0||||3|Uang Saku Harian|10|ORG|4|HR|5|LOK|1|FR|200|OH|227355|45471000|0|0|0|0||0|0|0|0||| |0|0|| |-  -|0|3935618|3935618|3935618|3935618|3935618|3935618|3935618|3935618|3935618|3935618|3935618|2179202|0||0|||1|0|00
2026|01|527010|015|08|WA|4715|EBD|01|51|1|004|100|CD|524114|019|A|0|0| |0||||1|Transport|60|ORG|1|FR|0||0||60|OK|113684|6821000|0|0|0|0||0|0|0|0||| |0|0|| |-  -|0|590373|590373|590373|590373|590373|590373|590373|590373|590373|590373|590373|326897|0||0|||1|0|00
2026|01|527010|015|08|WA|4715|EBD|01|51|1|004|100|CD|524114|019|A|0|0| |0||||2|Akomodasi|60|ORG|2|HR|0||0||120|OH|833634|100036000|0|0|0|0||0|0|0|0||| |0|0|| |-  -|0|8658343|8658343|8658343|8658343|8658343|8658343|8658343|8658343|8658343|8658343|8658343|4794227|0||0|||1|0|00
2026|01|527010|015|08|WA|4715|EBD|01|51|1|004|100|CD|524114|019|A|0|0| |0||||3|Uang Harian|60|ORG|3|HR|0||0||180|OH|98523|17734000|0|0|0|0||0|0|0|0||| |0|0|| |-  -|0|1534918|1534918|1534918|1534918|1534918|1534918|1534918|1534918|1534918|1534918|1534918|849902|0||0|||1|0|00
2026|01|527010|015|08|WA|4715|EBD|01|51|1|974|100|DA|521219|019|A|0|0| |0||||1|Pemindahan dan Pembenahan Arsip Aktif Lingkup Unit Pengolah|0||0||0||0||12|BLN|1760000|21120000|0|0|0|0||0|0|0|0||| |0|0|| |-  -|0|911483|911483|911483|911483|911483|911483|911483|911483|911483|911483|911483|11093687|0||0|||1|0|00
2026|01|527010|015|08|WA|4715|EBD|01|51|1|974|100|DA|521219|019|A|0|0| |0||||2|Biaya Permanent Out Pemusnahan Arsip  In Aktif Unit Kearsipan II|0||0||0||0||2|PKT|8800000|17600000|0|0|0|0||0|0|0|0||| |0|0|| |-  -|0|759569|759569|759569|759569|759569|759569|759569|759569|759569|759569|759569|9244741|0||0|||1|0|00
2026|01|527010|015|08|WA|4715|EBD|01|51|1|974|100|DA|521219|019|A|0|0| |0||||3|Pendataan Dan Pengepakan Arsip In Aktif Unit Kearsipan II|0||0||0||0||2|PKT|35200000|70400000|0|0|0|0||0|0|0|0||| |0|0|| |-  -|0|3038276|3038276|3038276|3038276|3038276|3038276|3038276|3038276|3038276|3038276|3038276|36978964|0||0|||1|0|00
2026|01|527010|015|08|WA|4715|EBD|01|51|1|974|100|DA|521219|019|A|0|0| |0||||4|Penataan Arsip In Aktif Unit Kearsipan II|0||0||0||0||2|PKT|22000000|44000000|0|0|0|0||0|0|0|0||| |0|0|| |-  -|0|1898923|1898923|1898923|1898923|1898923|1898923|1898923|1898923|1898923|1898923|1898923|23111847|0||0|||1|0|00
2026|01|527010|015|08|WA|4715|EBD|01|51|1|974|100|DA|521219|019|A|0|0| |0||||5|Penataan Arsip In Aktif Record Centre Tambora (Jl. Kopi)|0||0||0||0||1|PKT|400000000|400000000|0|0|0|0||0|0|0|0||| |0|0|| |-  -|0|17262934|17262934|17262934|17262934|17262934|17262934|17262934|17262934|17262934|17262934|17262934|210107726|0||0|||1|0|00
2026|01|527010|015|08|WA|4715|EBD|01|51|1|974|100|DA|522191|019|A|0|0| |0||||1|Pest Control, Rodent Control dan Fumigasi|0||0||0||0||10000|M2|8800|88000000|0|0|0|0||0|0|0|0||| |0|0|| |-  -|0|3797845|3797845|3797845|3797845|3797845|3797845|3797845|3797845|3797845|3797845|3797845|46223705|0||0|||1|0|00
2026|01|527010|015|08|WA|4715|EBD|01|51|1|974|100|DA|524111|019|A|0|0| |0||||1|Akomodasi|2|ORG|2|HR|6|KL|0||24|OH|619917|14878000|0|0|0|0||0|0|0|0||| |0|0|| |-  -|0|642095|642095|642095|642095|642095|642095|642095|642095|642095|642095|642095|7814955|0||0|||1|0|00
2026|01|527010|015|08|WA|4715|EBD|01|51|1|974|100|DA|524111|019|A|0|0| |0||||2|Transport|2|ORG|6|KL|0||0||12|OK|1094167|13130000|0|0|0|0||0|0|0|0||| |0|0|| |-  -|0|566656|566656|566656|566656|566656|566656|566656|566656|566656|566656|566656|6896784|0||0|||1|0|00
2026|01|527010|015|08|WA|4715|EBD|01|51|1|974|100|DA|524111|019|A|0|0| |0||||3|Uang Harian|2|ORG|3|HR|6|KL|0||36|OH|266556|9596000|0|0|0|0||0|0|0|0||| |0|0|| |-  -|0|414138|414138|414138|414138|414138|414138|414138|414138|414138|414138|414138|5040482|0||0|||1|0|00
2026|01|527010|015|08|WA|4715|EBD|01|51|1|974|100|DA|524113|019|A|0|0| |0||||1|Transport Dalam Kota|8|ORG|1|HR|12|KL|0||96|OK|131730|12646000|0|0|0|0||0|0|0|0||| |0|0|| |-  -|0|545768|545768|545768|545768|545768|545768|545768|545768|545768|545768|545768|6642552|0||0|||1|0|00
2026|01|527010|015|08|WA|4715|EBD|01|51|1|974|100|DB|524111|019|A|0|0| |0||||1|Akomodasi|2|ORG|2|HR|6|KL|0||24|OH|619917|14878000|0|0|0|0||0|0|0|0||| |0|0|| |-  -|0|642095|642095|642095|642095|642095|642095|642095|642095|642095|642095|642095|7814955|0||0|||1|0|00
2026|01|527010|015|08|WA|4715|EBD|01|51|1|974|100|DB|524111|019|A|0|0| |0||||2|Transport|2|ORG|6|KL|0||0||12|OK|1107834|13294000|0|0|0|0||0|0|0|0||| |0|0|| |-  -|0|573734|573734|573734|573734|573734|573734|573734|573734|573734|573734|573734|6982926|0||0|||1|0|00
2026|01|527010|015|08|WA|4715|EBD|01|51|1|974|100|DB|524111|019|A|0|0| |0||||3|Uang Harian|2|ORG|3|HR|6|KL|0||36|OH|266556|9596000|0|0|0|0||0|0|0|0||| |0|0|| |-  -|0|414138|414138|414138|414138|414138|414138|414138|414138|414138|414138|414138|5040482|0||0|||1|0|00
2026|01|527010|015|08|WA|4715|EBD|01|51|1|974|100|DB|524113|019|A|0|0| |0||||1|Transport Dalam Kota|6|ORG|12|KL|0||0||72|OK|131737|9485000|0|0|0|0||0|0|0|0||| |0|0|| |-  -|0|409346|409346|409346|409346|409346|409346|409346|409346|409346|409346|409346|4982194|0||0|||1|0|00
2026|01|527010|015|08|WA|4715|EBD|01|51|1|001|100|CA|521211|019|A|0|0| |0||||1|KDM  Makan Rapat|30|ORG|3|HR|4|FR|0||360|OK|35120|12643000|0|0|0|0||0|0|0|0||| |0|0|| |-  -|0|897748|897748|897748|897748|897748|897748|897748|897748|897748|897748|897748|2767772|0||0|||1|0|00
2026|01|527010|015|08|WA|4715|EBD|01|51|1|001|100|CA|521211|019|A|0|0| |0||||2|KDM  Snack Rapat|30|ORG|3|HR|4|FR|0||360|OK|14787|5323000|0|0|0|0||0|0|0|0||| |0|0|| |-  -|0|377973|377973|377973|377973|377973|377973|377973|377973|377973|377973|377973|1165297|0||0|||1|0|00
2026|01|527010|015|08|WA|4715|EBD|01|51|1|001|100|CA|522151|019|A|0|0| |0||||1|Honorarium Narasumber|2|ORG|4|JAM|2|HR|0||16|OJ|774563|12393000|0|0|0|0||0|0|0|0||| |0|0|| |-  -|0|879996|879996|879996|879996|879996|879996|879996|879996|879996|879996|879996|2713044|0||0|||1|0|00
2026|01|527010|015|08|WA|4715|EBD|01|51|1|001|100|CA|522191|019|A|0|0| |0||||1|Jasa Pendukung Kegiatan|0||0||0||0||1|PKT|6500000|6500000|0|0|0|0||0|0|0|0||| |0|0|| |-  -|0|461549|461549|461549|461549|461549|461549|461549|461549|461549|461549|461549|1422961|0||0|||1|0|00
2026|01|527010|015|08|WA|4715|EBD|01|51|1|001|100|CA|524111|019|A|0|0| |0||||1|Transport|3|ORG|10|LOK|2|FR|0||60|OK|3031417|181885000|0|0|0|0||0|0|0|0||| |0|0|| |-  -|0|12915200|12915200|12915200|12915200|12915200|12915200|12915200|12915200|12915200|12915200|12915200|39817800|0||0|||1|0|00
2026|01|527010|015|08|WA|4715|EBD|01|51|1|001|100|CA|524111|019|A|0|0| |0||||2|Akomodasi|3|ORG|3|HR|10|LOK|2|FR|180|OH|454712|81848000|0|0|0|0||0|0|0|0||| |0|0|| |-  -|0|5811822|5811822|5811822|5811822|5811822|5811822|5811822|5811822|5811822|5811822|5811822|17917958|0||0|||1|0|00
2026|01|527010|015|08|WA|4715|EBD|01|51|1|001|100|CA|524111|019|A|0|0| |0||||3|Uang saku harian|3|ORG|4|HR|10|LOK|2|FR|240|OH|265250|63660000|0|0|0|0||0|0|0|0||| |0|0|| |-  -|0|4520338|4520338|4520338|4520338|4520338|4520338|4520338|4520338|4520338|4520338|4520338|13936282|0||0|||1|0|00
2026|01|527010|015|08|WA|4715|EBD|01|51|1|001|100|CB|521211|019|A|0|0| |0||||1|KDM  Makan Rapat|25|ORG|2|HR|4|FR|0||200|OK|35120|7024000|0|0|0|0||0|0|0|0||| |0|0|| |-  -|0|498757|498757|498757|498757|498757|498757|498757|498757|498757|498757|498757|1537673|0||0|||1|0|00
2026|01|527010|015|08|WA|4715|EBD|01|51|1|001|100|CB|521211|019|A|0|0| |0||||2|KDM  Snack Rapat|25|ORG|2|HR|4|FR|0||200|OK|14785|2957000|0|0|0|0||0|0|0|0||| |0|0|| |-  -|0|209969|209969|209969|209969|209969|209969|209969|209969|209969|209969|209969|647341|0||0|||1|0|00
2026|01|527010|015|08|WA|4715|EBD|01|51|1|001|100|CB|524111|019|A|0|0| |0||||1|Transport|3|ORG|6|LOK|3|FR|0||54|OK|3031408|163696000|0|0|0|0||0|0|0|0||| |0|0|| |-  -|0|11623644|11623644|11623644|11623644|11623644|11623644|11623644|11623644|11623644|11623644|11623644|35835916|0||0|||1|0|00
2026|01|527010|015|08|WA|4715|EBD|01|51|1|001|100|CB|524111|019|A|0|0| |0||||2|Akomodasi|3|ORG|3|HR|6|LOK|3|FR|162|OH|492605|79802000|0|0|0|0||0|0|0|0||| |0|0|| |-  -|0|5666541|5666541|5666541|5666541|5666541|5666541|5666541|5666541|5666541|5666541|5666541|17470049|0||0|||1|0|00
2026|01|527010|015|08|WA|4715|EBD|01|51|1|001|100|CB|524111|019|A|0|0| |0||||3|Uang Saku Harian|3|ORG|4|HR|6|LOK|3|FR|216|OH|265246|57293000|0|0|0|0||0|0|0|0||| |0|0|| |-  -|0|4068233|4068233|4068233|4068233|4068233|4068233|4068233|4068233|4068233|4068233|4068233|12542437|0||0|||1|0|00
2026|01|527010|015|08|WA|4715|EBD|01|51|1|001|100|CB|524113|019|A|0|0| |0||||1|Transport Lokal|3|ORG|2|HR|2|FR|0||12|OK|113667|1364000|0|0|0|0||0|0|0|0||| |0|0|| |-  -|0|96854|96854|96854|96854|96854|96854|96854|96854|96854|96854|96854|298606|0||0|||1|0|00
2026|01|527010|015|08|WA|4715|EBD|01|51|1|001|100|CB|524113|019|A|0|0| |0||||2|Uang Saku Harian Lebih 8 Jam|3|ORG|2|HR|2|FR|0||12|OH|121250|1455000|0|0|0|0||0|0|0|0||| |0|0|| |-  -|0|103316|103316|103316|103316|103316|103316|103316|103316|103316|103316|103316|318524|0||0|||1|0|00
2026|01|527010|015|08|WA|4715|EBD|01|51|1|001|100|CC|521211|019|A|0|0| |0||||1|KDM  Makan Rapat|30|ORG|3|HR|4|FR|0||360|OK|43725|15741000|0|0|0|0||0|0|0|0||| |0|0|| |-  -|0|1117729|1117729|1117729|1117729|1117729|1117729|1117729|1117729|1117729|1117729|1117729|3445981|0||0|||1|0|00
2026|01|527010|015|08|WA|4715|EBD|01|51|1|001|100|CC|521211|019|A|0|0| |0||||2|KDM  Snack Rapat|30|ORG|3|HR|4|FR|0||360|OK|18412|6628000|0|0|0|0||0|0|0|0||| |0|0|| |-  -|0|470638|470638|470638|470638|470638|470638|470638|470638|470638|470638|470638|1450982|0||0|||1|0|00
2026|01|527010|015|08|WA|4715|EBD|01|51|1|001|100|CC|524111|019|A|0|0| |0||||1|Transport|3|ORG|10|LOK|1|FR|0||30|OK|3031400|90942000|0|0|0|0||0|0|0|0||| |0|0|| |-  -|0|6457564|6457564|6457564|6457564|6457564|6457564|6457564|6457564|6457564|6457564|6457564|19908796|0||0|||1|0|00
2026|01|527010|015|08|WA|4715|EBD|01|51|1|001|100|CC|524111|019|A|0|0| |0||||2|Akomodasi|3|ORG|3|HR|10|LOK|1|FR|90|OH|492600|44334000|0|0|0|0||0|0|0|0||| |0|0|| |-  -|0|3148047|3148047|3148047|3148047|3148047|3148047|3148047|3148047|3148047|3148047|3148047|9705483|0||0|||1|0|00
2026|01|527010|015|08|WA|4715|EBD|01|51|1|001|100|CC|524111|019|A|0|0| |0||||3|Uang Saku Harian|3|ORG|4|HR|10|LOK|1|FR|120|OH|265250|31830000|0|0|0|0||0|0|0|0||| |0|0|| |-  -|0|2260169|2260169|2260169|2260169|2260169|2260169|2260169|2260169|2260169|2260169|2260169|6968141|0||0|||1|0|00
2026|01|527010|015|08|WA|4715|EBD|01|51|1|001|100|CC|524113|019|A|0|0| |0||||1|Transport Lokal|3|ORG|2|HR|2|FR|0||12|OK|113667|1364000|0|0|0|0||0|0|0|0||| |0|0|| |-  -|0|96854|96854|96854|96854|96854|96854|96854|96854|96854|96854|96854|298606|0||0|||1|0|00
2026|01|527010|015|08|WA|4715|EBD|01|51|1|001|100|CC|524113|019|A|0|0| |0||||2|Uang Saku Harian Lebih 8 Jam|3|ORG|2|HR|2|FR|0||12|OH|121250|1455000|0|0|0|0||0|0|0|0||| |0|0|| |-  -|0|103316|103316|103316|103316|103316|103316|103316|103316|103316|103316|103316|318524|0||0|||1|0|00
2026|01|527010|015|08|WA|4715|EBD|01|51|1|001|100|CD|521211|019|A|0|0| |0||||1|KDM  Makan Rapat|40|ORG|2|HR|4|FR|0||320|OH|35122|11239000|0|0|0|0||0|0|0|0||| |0|0|| |-  -|0|798053|798053|798053|798053|798053|798053|798053|798053|798053|798053|798053|2460417|0||0|||1|0|00
2026|01|527010|015|08|WA|4715|EBD|01|51|1|001|100|CD|521211|019|A|0|0| |0||||2|KDM  Snack Rapat|40|ORG|2|HR|4|FR|0||320|OH|14788|4732000|0|0|0|0||0|0|0|0||| |0|0|| |-  -|0|336008|336008|336008|336008|336008|336008|336008|336008|336008|336008|336008|1035912|0||0|||1|0|00
2026|01|527010|015|08|WA|4715|EBD|01|51|1|001|100|CD|524111|019|A|0|0| |0||||1|Transport|10|ORG|5|LOK|1|FR|0||50|OK|3031400|151570000|0|0|0|0||0|0|0|0||| |0|0|| |-  -|0|10762607|10762607|10762607|10762607|10762607|10762607|10762607|10762607|10762607|10762607|10762607|33181323|0||0|||1|0|00
2026|01|527010|015|08|WA|4715|EBD|01|51|1|001|100|CD|524111|019|A|0|0| |0||||2|Akomodasi|10|ORG|3|HR|5|LOK|1|FR|150|OH|378927|56839000|0|0|0|0||0|0|0|0||| |0|0|| |-  -|0|4035995|4035995|4035995|4035995|4035995|4035995|4035995|4035995|4035995|4035995|4035995|12443055|0||0|||1|0|00
2026|01|527010|015|08|WA|4715|EBD|01|51|1|001|100|CD|524111|019|A|0|0| |0||||3|Uang Saku Harian|10|ORG|4|HR|5|LOK|1|FR|200|OH|227355|45471000|0|0|0|0||0|0|0|0||| |0|0|| |-  -|0|3228782|3228782|3228782|3228782|3228782|3228782|3228782|3228782|3228782|3228782|3228782|9954398|0||0|||1|0|00
2026|01|527010|015|08|WA|4715|EBD|01|51|1|001|100|CD|524114|019|A|0|0| |0||||1|Akomodasi|100|ORG|3|HR|1|FR|0||300|OH|866024|259807000|0|0|0|0||0|0|0|0||| |0|0|| |-  -|0|18448246|18448246|18448246|18448246|18448246|18448246|18448246|18448246|18448246|18448246|18448246|56876294|0||0|||1|0|00
2026|01|527010|015|08|WA|4715|EBD|01|51|1|001|100|CD|524114|019|A|0|0| |0||||2|Uang Saku Harian|100|ORG|4|HR|1|FR|0||400|OH|98520|39408000|0|0|0|0||0|0|0|0||| |0|0|| |-  -|0|2798264|2798264|2798264|2798264|2798264|2798264|2798264|2798264|2798264|2798264|2798264|8627096|0||0|||1|0|00
2026|01|527010|015|08|WA|4715|EBD|01|51|1|001|100|CD|524114|019|A|0|0| |0||||3|Transport Panitia|100|ORG|1|FR|0||0||100|OK|128830|12883000|0|0|0|0||0|0|0|0||| |0|0|| |-  -|0|914788|914788|914788|914788|914788|914788|914788|914788|914788|914788|914788|2820332|0||0|||1|0|00
2026|01|527010|015|08|WA|4715|EBD|01|51|1|Z36|100|AA|521211|019|A|0|0| |0||||1|KDM  Makan Rapat|10|ORG|4|FREK|0||0||40|OK|35900|1436000|0|0|0|0||0|0|0|0||| |0|0|| |-  -|0|119000|119000|119000|119000|119000|119000|119000|119000|119000|119000|119000|127000|0||0|||1|0|00
2026|01|527010|015|08|WA|4715|EBD|01|51|1|Z36|100|AA|521211|019|A|0|0| |0||||2|KDM  Snack Rapat|10|ORG|4|FREK|0||0||40|OK|15125|605000|0|0|0|0||0|0|0|0||| |0|0|| |-  -|0|50000|50000|50000|50000|50000|50000|50000|50000|50000|50000|50000|55000|0||0|||1|0|00
2026|01|527010|015|08|WA|4715|EBD|01|51|1|Z36|100|AA|524111|019|A|0|0| |0||||1|Akomodasi|2|ORG|16|LOK|2|HR|0||64|OH|387454|24797000|0|0|0|0||0|0|0|0||| |0|0|| |-  -|0|2066000|2066000|2066000|2066000|2066000|2066000|2066000|2066000|2066000|2066000|2066000|2071000|0||0|||1|0|00
2026|01|527010|015|08|WA|4715|EBD|01|51|1|Z36|100|AA|524111|019|A|0|0| |0||||2|Transport|2|ORG|16|LOK|1|FREK|0||32|OK|1859750|59512000|0|0|0|0||0|0|0|0||| |0|0|| |-  -|0|4959000|4959000|4959000|4959000|4959000|4959000|4959000|4959000|4959000|4959000|4959000|4963000|0||0|||1|0|00
2026|01|527010|015|08|WA|4715|EBD|01|51|1|Z36|100|AA|524111|019|A|0|0| |0||||3|Uang Saku Harian|2|ORG|16|LOK|3|HR|0||96|OH|309959|29756000|0|0|0|0||0|0|0|0||| |0|0|| |-  -|0|2479000|2479000|2479000|2479000|2479000|2479000|2479000|2479000|2479000|2479000|2479000|2487000|0||0|||1|0|00
2026|01|527010|015|08|WA|4715|EBD|01|51|1|Z36|100|AB|521211|019|A|0|0| |0||||1|KDM  Makan Rapat|25|ORG|3|FREK|0||0||75|OK|35907|2693000|0|0|0|0||0|0|0|0||| |0|0|| |-  -|0|224000|224000|224000|224000|224000|224000|224000|224000|224000|224000|224000|229000|0||0|||1|0|00
2026|01|527010|015|08|WA|4715|EBD|01|51|1|Z36|100|AB|521211|019|A|0|0| |0||||2|KDM  Snack Rapat|25|ORG|3|FREK|0||0||75|OK|15120|1134000|0|0|0|0||0|0|0|0||| |0|0|| |-  -|0|94000|94000|94000|94000|94000|94000|94000|94000|94000|94000|94000|100000|0||0|||1|0|00
2026|01|527010|015|08|WA|4715|EBD|01|51|1|Z36|100|AB|524111|019|A|0|0| |0||||1|Uang Saku Harian|2|ORG|15|LOK|3|HR|0||90|OH|309956|27896000|0|0|0|0||0|0|0|0||| |0|0|| |-  -|0|2324000|2324000|2324000|2324000|2324000|2324000|2324000|2324000|2324000|2324000|2324000|2332000|0||0|||1|0|00
2026|01|527010|015|08|WA|4715|EBD|01|51|1|Z36|100|AB|524111|019|A|0|0| |0||||2|Akomodasi|2|ORG|15|LOK|2|HR|0||60|OH|387450|23247000|0|0|0|0||0|0|0|0||| |0|0|| |-  -|0|1937000|1937000|1937000|1937000|1937000|1937000|1937000|1937000|1937000|1937000|1937000|1940000|0||0|||1|0|00
2026|01|527010|015|08|WA|4715|EBD|01|51|1|Z36|100|AB|524111|019|A|0|0| |0||||3|Transport|2|ORG|15|LOK|1|FREK|0||30|OK|2905867|87176000|0|0|0|0||0|0|0|0||| |0|0|| |-  -|0|7264000|7264000|7264000|7264000|7264000|7264000|7264000|7264000|7264000|7264000|7264000|7272000|0||0|||1|0|00
2026|01|527010|015|08|WA|4715|EBD|01|51|1|Z36|100|AC|521211|019|A|0|0| |0||||1|KDM  Makan Rapat|10|ORG|2|FREK|0||0||20|OF|35900|718000|0|0|0|0||0|0|0|0||| |0|0|| |-  -|0|59000|59000|59000|59000|59000|59000|59000|59000|59000|59000|59000|69000|0||0|||1|0|00
2026|01|527010|015|08|WA|4715|EBD|01|51|1|Z36|100|AC|521211|019|A|0|0| |0||||2|KDM  Snack Rapat|10|ORG|2|FREK|0||0||20|OK|15100|302000|0|0|0|0||0|0|0|0||| |0|0|| |-  -|0|25000|25000|25000|25000|25000|25000|25000|25000|25000|25000|25000|27000|0||0|||1|0|00
2026|01|527010|015|08|WA|4715|EBD|01|51|1|Z36|100|AC|524111|019|A|0|0| |0||||1|Akomodasi|2|ORG|4|LOK|2|HR|0||16|OH|387438|6199000|0|0|0|0||0|0|0|0||| |0|0|| |-  -|0|516000|516000|516000|516000|516000|516000|516000|516000|516000|516000|516000|523000|0||0|||1|0|00
2026|01|527010|015|08|WA|4715|EBD|01|51|1|Z36|100|AC|524111|019|A|0|0| |0||||2|Transport|2|ORG|4|LOK|1|FREK|0||8|OK|3099625|24797000|0|0|0|0||0|0|0|0||| |0|0|| |-  -|0|2066000|2066000|2066000|2066000|2066000|2066000|2066000|2066000|2066000|2066000|2066000|2071000|0||0|||1|0|00
2026|01|527010|015|08|WA|4715|EBD|01|51|1|Z36|100|AC|524111|019|A|0|0| |0||||3|Uang Saku Harian|2|ORG|4|LOK|3|HR|0||24|OH|309959|7439000|0|0|0|0||0|0|0|0||| |0|0|| |-  -|0|619000|619000|619000|619000|619000|619000|619000|619000|619000|619000|619000|630000|0||0|||1|0|00
2026|01|527010|015|08|WA|4715|EBD|01|51|1|Z26|100|CA|521211|019|A|0|0| |0|01||1|1|Laporan Keuangan UnAudited|0||0||0||0||0||0|0|0|0|0|0||0|0|0|0||| |0|0|| |-  -|0|0|0|0|0|0|0|0|0|0|0|0|0|0||0|||1|0|00
2026|01|527010|015|08|WA|4715|EBD|01|51|1|Z26|100|CA|521211|019|A|0|0| |0|01|||2|KDM  Makan Rapat|25|ORG|6|FR|0||0||150|OK|36494|5474000|0|0|0|0||0|0|0|0||| |0|0|| |-  -|0|456000|456000|456000|456000|456000|456000|456000|456000|456000|456000|456000|458000|0||0|||1|0|00
2026|01|527010|015|08|WA|4715|EBD|01|51|1|Z26|100|CA|521211|019|A|0|0| |0|01|||3|KDM  Snack Rapat|25|ORG|6|FR|0||0||150|OK|14780|2217000|0|0|0|0||0|0|0|0||| |0|0|| |-  -|0|184000|184000|184000|184000|184000|184000|184000|184000|184000|184000|184000|193000|0||0|||1|0|00
2026|01|527010|015|08|WA|4715|EBD|01|51|1|Z26|100|CA|521211|019|A|0|0| |0|01|||4|CTK  Pencetakan Laporan dan Dokumentasi Kegiatan|0||0||0||0||1|FR|924000|924000|0|0|0|0||0|0|0|0||| |0|0|| |-  -|0|77000|77000|77000|77000|77000|77000|77000|77000|77000|77000|77000|77000|0||0|||1|0|00
2026|01|527010|015|08|WA|4715|EBD|01|51|1|Z26|100|CA|521211|019|A|0|0| |0|02||1|5|Laporan Keuangan Audited|0||0||0||0||0||0|0|0|0|0|0||0|0|0|0||| |0|0|| |-  -|0|0|0|0|0|0|0|0|0|0|0|0|0|0||0|||1|0|00
2026|01|527010|015|08|WA|4715|EBD|01|51|1|Z26|100|CA|521211|019|A|0|0| |0|02|||6|KDM  Makan Rapat|30|ORG|6|FR|0||0||180|OK|37000|6660000|0|0|0|0||0|0|0|0||| |0|0|| |-  -|0|555000|555000|555000|555000|555000|555000|555000|555000|555000|555000|555000|555000|0||0|||1|0|00
2026|01|527010|015|08|WA|4715|EBD|01|51|1|Z26|100|CA|521211|019|A|0|0| |0|02|||7|KDM  Snack Rapat|35|ORG|6|FR|0||0||210|OK|14786|3105000|0|0|0|0||0|0|0|0||| |0|0|| |-  -|0|258000|258000|258000|258000|258000|258000|258000|258000|258000|258000|258000|267000|0||0|||1|0|00
2026|01|527010|015|08|WA|4715|EBD|01|51|1|Z26|100|CA|521211|019|A|0|0| |0|02|||8|CTK  Pencetakan LKKL Unit Es.I DJPb Audited|1|STKR|1|SET|0||0||1|BUKU|924000|924000|0|0|0|0||0|0|0|0||| |0|0|| |-  -|0|77000|77000|77000|77000|77000|77000|77000|77000|77000|77000|77000|77000|0||0|||1|0|00
2026|01|527010|015|08|WA|4715|EBD|01|51|1|Z26|100|CA|524111|019|A|0|0| |0||||1|Transport|6|ORG|1|FR|0||0||6|OK|2273500|13641000|0|0|0|0||0|0|0|0||| |0|0|| |-  -|0|1136000|1136000|1136000|1136000|1136000|1136000|1136000|1136000|1136000|1136000|1136000|1145000|0||0|||1|0|00
2026|01|527010|015|08|WA|4715|EBD|01|51|1|Z26|100|CA|524111|019|A|0|0| |0||||2|Akomodasi|6|ORG|4|HR|1|FR|0||24|OH|492584|11822000|0|0|0|0||0|0|0|0||| |0|0|| |-  -|0|985000|985000|985000|985000|985000|985000|985000|985000|985000|985000|985000|987000|0||0|||1|0|00
2026|01|527010|015|08|WA|4715|EBD|01|51|1|Z26|100|CA|524111|019|A|0|0| |0||||3|Uang Saku Harian|6|ORG|5|HR|1|FR|0||30|OH|227367|6821000|0|0|0|0||0|0|0|0||| |0|0|| |-  -|0|568000|568000|568000|568000|568000|568000|568000|568000|568000|568000|568000|573000|0||0|||1|0|00
2026|01|527010|015|08|WA|4715|EBD|01|51|1|Z26|100|CA|524113|019|A|0|0| |0||||1|Transport Lokal|3|ORG|1|HR|6|FR|0||18|OK|113667|2046000|0|0|0|0||0|0|0|0||| |0|0|| |-  -|0|170000|170000|170000|170000|170000|170000|170000|170000|170000|170000|170000|176000|0||0|||1|0|00
2026|01|527010|015|08|WA|4715|EBD|01|51|1|Z26|100|CA|524114|019|A|0|0| |0||||1|Transport|120|ORG|1|FR|0||0||120|OK|2907000|348840000|0|0|0|0||0|0|0|0||| |0|0|| |-  -|0|29070000|29070000|29070000|29070000|29070000|29070000|29070000|29070000|29070000|29070000|29070000|29070000|0||0|||1|0|00
2026|01|527010|015|08|WA|4715|EBD|01|51|1|Z26|100|CA|524114|019|A|0|0| |0||||2|Akomodasi|120|ORG|5|HR|0||0||600|OH|1197000|718200000|0|0|0|0||0|0|0|0||| |0|0|| |-  -|0|59850000|59850000|59850000|59850000|59850000|59850000|59850000|59850000|59850000|59850000|59850000|59850000|0||0|||1|0|00
2026|01|527010|015|08|WA|4715|EBD|01|51|1|Z26|100|CA|524114|019|A|0|0| |0||||3|Uang Harian|120|ORG|6|HR|0||0||720|OH|130000|93600000|0|0|0|0||0|0|0|0||| |0|0|| |-  -|0|7800000|7800000|7800000|7800000|7800000|7800000|7800000|7800000|7800000|7800000|7800000|7800000|0||0|||1|0|00
2026|01|527010|015|08|WA|4715|EBD|01|51|1|Z26|100|CB|521211|019|A|0|0| |0|01||1|1|Penyusunan Laporan Keuangan Semester I|0||0||0||0||0||0|0|0|0|0|0||0|0|0|0||| |0|0|| |-  -|0|0|0|0|0|0|0|0|0|0|0|0|0|0||0|||1|0|00
2026|01|527010|015|08|WA|4715|EBD|01|51|1|Z26|100|CB|521211|019|A|0|0| |0|01|||2|KDM  Makan Rapat|30|ORG|5|FR|0||0||150|OK|35120|5268000|0|0|0|0||0|0|0|0||| |0|0|| |-  -|0|439000|439000|439000|439000|439000|439000|439000|439000|439000|439000|439000|439000|0||0|||1|0|00
2026|01|527010|015|08|WA|4715|EBD|01|51|1|Z26|100|CB|521211|019|A|0|0| |0|01|||3|KDM  Snack Rapat|30|ORG|5|FR|0||0||150|OK|14787|2218000|0|0|0|0||0|0|0|0||| |0|0|| |-  -|0|184000|184000|184000|184000|184000|184000|184000|184000|184000|184000|184000|194000|0||0|||1|0|00
2026|01|527010|015|08|WA|4715|EBD|01|51|1|Z26|100|CB|522151|019|A|0|0| |0||||1|Honorarium Narasumber|3|ORG|2|JAM|1|FR|0||6|OJ|774500|4647000|0|0|0|0||0|0|0|0||| |0|0|| |-  -|0|387000|387000|387000|387000|387000|387000|387000|387000|387000|387000|387000|390000|0||0|||1|0|00
2026|01|527010|015|08|WA|4715|EBD|01|51|1|Z26|100|CB|524111|019|A|0|0| |0||||1|Transport|3|ORG|2|FR|0||0||6|OK|2273500|13641000|0|0|0|0||0|0|0|0||| |0|0|| |-  -|0|1136000|1136000|1136000|1136000|1136000|1136000|1136000|1136000|1136000|1136000|1136000|1145000|0||0|||1|0|00
2026|01|527010|015|08|WA|4715|EBD|01|51|1|Z26|100|CB|524111|019|A|0|0| |0||||2|Akomodasi|3|ORG|4|HR|2|FR|0||24|OH|492584|11822000|0|0|0|0||0|0|0|0||| |0|0|| |-  -|0|985000|985000|985000|985000|985000|985000|985000|985000|985000|985000|985000|987000|0||0|||1|0|00
2026|01|527010|015|08|WA|4715|EBD|01|51|1|Z26|100|CB|524111|019|A|0|0| |0||||3|Uang Saku Harian|6|ORG|4|HR|2|FR|0||48|OH|227355|10913000|0|0|0|0||0|0|0|0||| |0|0|| |-  -|0|909000|909000|909000|909000|909000|909000|909000|909000|909000|909000|909000|914000|0||0|||1|0|00
2026|01|527010|015|08|WA|4715|EBD|01|51|1|Z26|100|CC|521211|019|A|0|0| |0||||1|KDM  Makan Rapat|40|ORG|7|FR|0||0||280|OK|35122|9834000|0|0|0|0||0|0|0|0||| |0|0|| |-  -|0|819000|819000|819000|819000|819000|819000|819000|819000|819000|819000|819000|825000|0||0|||1|0|00
2026|01|527010|015|08|WA|4715|EBD|01|51|1|Z26|100|CC|521211|019|A|0|0| |0||||2|KDM  Snack Rapat|40|ORG|7|FR|0||0||280|OK|14786|4140000|0|0|0|0||0|0|0|0||| |0|0|| |-  -|0|345000|345000|345000|345000|345000|345000|345000|345000|345000|345000|345000|345000|0||0|||1|0|00
2026|01|527010|015|08|WA|4715|EBD|01|51|1|Z26|100|CC|524111|019|A|0|0| |0||||1|Transport|2|ORG|3|FR|0||0||6|OK|2273500|13641000|0|0|0|0||0|0|0|0||| |0|0|| |-  -|0|1136000|1136000|1136000|1136000|1136000|1136000|1136000|1136000|1136000|1136000|1136000|1145000|0||0|||1|0|00
2026|01|527010|015|08|WA|4715|EBD|01|51|1|Z26|100|CC|524111|019|A|0|0| |0||||2|Akomodasi|2|ORG|2|HR|3|FR|0||12|OH|492584|5911000|0|0|0|0||0|0|0|0||| |0|0|| |-  -|0|492000|492000|492000|492000|492000|492000|492000|492000|492000|492000|492000|499000|0||0|||1|0|00
2026|01|527010|015|08|WA|4715|EBD|01|51|1|Z26|100|CC|524111|019|A|0|0| |0||||3|Uang Saku Harian|2|ORG|3|HR|3|FR|0||18|OH|227334|4092000|0|0|0|0||0|0|0|0||| |0|0|| |-  -|0|341000|341000|341000|341000|341000|341000|341000|341000|341000|341000|341000|341000|0||0|||1|0|00
2026|01|527010|015|08|WA|4715|EBD|01|51|1|Z26|100|CD|524111|019|A|0|0| |0||||1|Transport|2|ORG|6|FR|0||0||12|OK|4822250|57867000|0|0|0|0||0|0|0|0||| |0|0|| |-  -|0|4822000|4822000|4822000|4822000|4822000|4822000|4822000|4822000|4822000|4822000|4822000|4825000|0||0|||1|0|00
2026|01|527010|015|08|WA|4715|EBD|01|51|1|Z26|100|CD|524111|019|A|0|0| |0||||2|Akomodasi|2|ORG|2|HR|6|FR|0||24|OK|492625|11823000|0|0|0|0||0|0|0|0||| |0|0|| |-  -|0|985000|985000|985000|985000|985000|985000|985000|985000|985000|985000|985000|988000|0||0|||1|0|00
2026|01|527010|015|08|WA|4715|EBD|01|51|1|Z26|100|CD|524111|019|A|0|0| |0||||3|Uang Saku Harian|2|ORG|3|HR|6|FR|0||36|OH|232473|8369000|0|0|0|0||0|0|0|0||| |0|0|| |-  -|0|697000|697000|697000|697000|697000|697000|697000|697000|697000|697000|697000|702000|0||0|||1|0|00
2026|01|527010|015|08|WA|4715|EBD|01|51|1|Z26|100|SA|521211|019|A|0|0| |0||||1|KDM  Makan Rapat|25|org|15|fr|0||0||375|OK|35910|13466000|0|0|0|0||0|0|0|0||| |0|0|| |-  -|0|1122000|1122000|1122000|1122000|1122000|1122000|1122000|1122000|1122000|1122000|1122000|1124000|0||0|||1|0|00
2026|01|527010|015|08|WA|4715|EBD|01|51|1|Z26|100|SA|521211|019|A|0|0| |0||||2|KDM  Snack Rapat|25|org|15|fr|0||0||375|OK|15120|5670000|0|0|0|0||0|0|0|0||| |0|0|| |-  -|0|472000|472000|472000|472000|472000|472000|472000|472000|472000|472000|472000|478000|0||0|||1|0|00
2026|01|527010|015|08|WA|4715|EBD|01|51|1|Z26|100|SA|524111|019|A|0|0| |0||||1|Akomodasi|7|org|2|hari|1|frek|0||14|OH|440143|6162000|0|0|0|0||0|0|0|0||| |0|0|| |-  -|0|513000|513000|513000|513000|513000|513000|513000|513000|513000|513000|513000|519000|0||0|||1|0|00
2026|01|527010|015|08|WA|4715|EBD|01|51|1|Z26|100|SA|524111|019|A|0|0| |0||||2|Transortasi|7|org|1|frek|0||0||7|OK|1345715|9420000|0|0|0|0||0|0|0|0||| |0|0|| |-  -|0|785000|785000|785000|785000|785000|785000|785000|785000|785000|785000|785000|785000|0||0|||1|0|00
2026|01|527010|015|08|WA|4715|EBD|01|51|1|Z26|100|SA|524111|019|A|0|0| |0||||3|Uang Harian|7|org|3|hr|1|frek|0||21|OH|325477|6835000|0|0|0|0||0|0|0|0||| |0|0|| |-  -|0|569000|569000|569000|569000|569000|569000|569000|569000|569000|569000|569000|576000|0||0|||1|0|00
2026|01|527010|015|08|WA|4718|BMB|01|51|1|001|100|DA|521211|019|A|0|0| |0||||1|CTK  Hari Bakti Perbendaharaan|1000|ORG|1|PKT|0||0||1000|PKT|55654|55654000|0|0|0|0||0|0|0|0||| |0|0|| |-  -|0|4637000|4637000|4637000|4637000|4637000|4637000|4637000|4637000|4637000|4637000|4637000|4647000|0||0|||1|0|00
2026|01|527010|015|08|WA|4718|BMB|01|51|1|001|100|DA|521211|019|A|0|0| |0||||2|CTK  HUT RI|1000|ORG|1|PKT|0||0||1000|PKT|8834|8834000|0|0|0|0||0|0|0|0||| |0|0|| |-  -|0|736000|736000|736000|736000|736000|736000|736000|736000|736000|736000|736000|738000|0||0|||1|0|00
2026|01|527010|015|08|WA|4718|BMB|01|51|1|001|100|DA|521211|019|A|0|0| |0||||3|CTK  Hari Oeang|1000|ORG|1|PKT|0||0||1000|PKT|111308|111308000|0|0|0|0||0|0|0|0||| |0|0|| |-  -|0|9275000|9275000|9275000|9275000|9275000|9275000|9275000|9275000|9275000|9275000|9275000|9283000|0||0|||1|0|00
2026|01|527010|015|08|WA|4718|BMB|01|51|1|001|100|DA|521211|019|A|0|0| |0||||4|CTK  Hari Anti Korupsi|1000|ORG|1|PKT|0||0||1000|PKT|55654|55654000|0|0|0|0||0|0|0|0||| |0|0|| |-  -|0|4637000|4637000|4637000|4637000|4637000|4637000|4637000|4637000|4637000|4637000|4637000|4647000|0||0|||1|0|00
2026|01|527010|015|08|WA|4718|BMB|01|51|1|001|100|DA|522191|019|A|0|0| |0||||1|Hari Bakti Perbendaharaan|0||0||0||0||1|PKT|141344000|141344000|0|0|0|0||0|0|0|0||| |0|0|| |-  -|0|11778000|11778000|11778000|11778000|11778000|11778000|11778000|11778000|11778000|11778000|11778000|11786000|0||0|||1|0|00
2026|01|527010|015|08|WA|4718|BMB|01|51|1|001|100|DA|522191|019|A|0|0| |0||||2|HUT RI|0||0||0||0||1|PKT|141344000|141344000|0|0|0|0||0|0|0|0||| |0|0|| |-  -|0|11778000|11778000|11778000|11778000|11778000|11778000|11778000|11778000|11778000|11778000|11778000|11786000|0||0|||1|0|00
2026|01|527010|015|08|WA|4718|BMB|01|51|1|001|100|DA|522191|019|A|0|0| |0||||3|Hari Oeang|0||0||0||0||1|PKT|212016000|212016000|0|0|0|0||0|0|0|0||| |0|0|| |-  -|0|17668000|17668000|17668000|17668000|17668000|17668000|17668000|17668000|17668000|17668000|17668000|17668000|0||0|||1|0|00
2026|01|527010|015|08|WA|4718|BMB|01|51|1|001|100|DA|522191|019|A|0|0| |0||||4|Hari Anti Korupsi|0||0||0||0||1|PKT|141344000|141344000|0|0|0|0||0|0|0|0||| |0|0|| |-  -|0|11778000|11778000|11778000|11778000|11778000|11778000|11778000|11778000|11778000|11778000|11778000|11786000|0||0|||1|0|00
2026|01|527010|015|08|WA|4718|BMB|01|51|1|003|100|AA|521211|019|A|0|0| |0|01||1|1|Workshop Seminar Pengarusutamaan Gender (PUG) DJPB|0||0||0||0||0||0|0|0|0|0|0||0|0|0|0||| |0|0|| |-  -|0|0|0|0|0|0|0|0|0|0|0|0|0|0||0|||1|0|00
2026|01|527010|015|08|WA|4718|BMB|01|51|1|003|100|AA|521211|019|A|0|0| |0|01|||2|KDM  Makan Rapat|57|ORG|2|FR|0||0||114|OF|57492|6554000|0|0|0|0||0|0|0|0||| |0|0|| |-  -|0|623016|623016|623016|623016|623016|623016|623016|623016|623016|623016|323840|0|0||0|||1|0|00
2026|01|527010|015|08|WA|4718|BMB|01|51|1|003|100|AA|521211|019|A|0|0| |0|01|||3|KDM  Snack Rapat|57|ORG|2|FR|0||0||114|OF|24000|2736000|0|0|0|0||0|0|0|0||| |0|0|| |-  -|0|260081|260081|260081|260081|260081|260081|260081|260081|260081|260081|135190|0|0||0|||1|0|00
2026|01|527010|015|08|WA|4718|BMB|01|51|1|003|100|AA|521211|019|A|0|0| |0|02||1|4|Penilaian Implementasi PUG Lingkup Ditjen Perbendaharaan|0||0||0||0||0||0|0|0|0|0|0||0|0|0|0||| |0|0|| |-  -|0|0|0|0|0|0|0|0|0|0|0|0|0|0||0|||1|0|00
2026|01|527010|015|08|WA|4718|BMB|01|51|1|003|100|AA|521211|019|A|0|0| |0|02|||5|KDM  Makan Rapat|90|ORG|1|FR|0||0||90|OF|57000|5130000|0|0|0|0||0|0|0|0||| |0|0|| |-  -|0|487652|487652|487652|487652|487652|487652|487652|487652|487652|487652|253480|0|0||0|||1|0|00
2026|01|527010|015|08|WA|4718|BMB|01|51|1|003|100|AA|521211|019|A|0|0| |0|02|||6|KDM  Snack Rapat|90|ORG|1|FR|0||0||90|OF|24000|2160000|0|0|0|0||0|0|0|0||| |0|0|| |-  -|0|205327|205327|205327|205327|205327|205327|205327|205327|205327|205327|106730|0|0||0|||1|0|00
2026|01|527010|015|08|WA|4718|BMB|01|51|1|003|100|AA|522151|019|A|0|0| |0||||1|Honor Narasumber Eselon II|1|ORG|2|JAM|2|FR|0||4|OJ|1000000|4000000|0|0|0|0||0|0|0|0||| |0|0|| |-  -|0|380235|380235|380235|380235|380235|380235|380235|380235|380235|380235|197650|0|0||0|||1|0|00
2026|01|527010|015|08|WA|4718|BMB|01|51|1|003|100|AA|522151|019|A|0|0| |0||||2|Honor Narasumber Eselon III|2|ORG|3|JAM|1|FR|0||6|OJ|784500|4707000|0|0|0|0||0|0|0|0||| |0|0|| |-  -|0|447442|447442|447442|447442|447442|447442|447442|447442|447442|447442|232580|0|0||0|||1|0|00
2026|01|527010|015|08|WA|4718|BMB|01|51|1|003|100|AA|522191|019|A|0|0| |0||||1|Jasa EO Lomba Implementasi PUG|0||0||0||0||1|PKT|131818000|131818000|0|0|0|0||0|0|0|0||| |0|0|| |-  -|0|12530466|12530466|12530466|12530466|12530466|12530466|12530466|12530466|12530466|12530466|6513340|0|0||0|||1|0|00
2026|01|527010|015|08|WA|4718|BMB|01|51|1|003|100|AA|524111|019|A|0|0| |0||||1|Transport|3|ORG|2|LOK|0||0||6|OK|2053667|12322000|0|0|0|0||0|0|0|0||| |0|0|| |-  -|0|1171315|1171315|1171315|1171315|1171315|1171315|1171315|1171315|1171315|1171315|608850|0|0||0|||1|0|00
2026|01|527010|015|08|WA|4718|BMB|01|51|1|003|100|AA|524111|019|A|0|0| |0||||2|Akomodasi|3|ORG|2|HR|2|FR|0||12|OH|444917|5339000|0|0|0|0||0|0|0|0||| |0|0|| |-  -|0|507519|507519|507519|507519|507519|507519|507519|507519|507519|507519|263810|0|0||0|||1|0|00
2026|01|527010|015|08|WA|4718|BMB|01|51|1|003|100|AA|524111|019|A|0|0| |0||||3|Uang Saku Harian|3|ORG|3|HR|1|FR|0||9|OH|239556|2156000|0|0|0|0||0|0|0|0||| |0|0|| |-  -|0|204947|204947|204947|204947|204947|204947|204947|204947|204947|204947|106530|0|0||0|||1|0|00
2026|01|527010|015|08|WA|4718|BMB|01|51|1|002|100|QA|521211|019|A|0|0| |0||||1|KDM  Konsumsi Makan Rapat|20|ORG|3|FR|0||0||60|OF|57000|3420000|0|0|0|0||0|0|0|0||| |0|0|| |-  -|0|322953|322953|322953|322953|322953|322953|322953|322953|322953|322953|190470|0|0||0|||1|0|00
2026|01|527010|015|08|WA|4718|BMB|01|51|1|002|100|QA|521211|019|A|0|0| |0||||2|KDM  Konsumsi Snack Rapat|20|ORG|3|FR|0||0||60|OF|24000|1440000|0|0|0|0||0|0|0|0||| |0|0|| |-  -|0|135980|135980|135980|135980|135980|135980|135980|135980|135980|135980|80200|0|0||0|||1|0|00
2026|01|527010|015|08|WA|4718|BMB|01|51|1|002|100|QA|522151|019|A|0|0| |0||||1|Honor Narasumber Eselon II KL lain|5|ORG|2|JAM|2|FR|0||20|OJF|900000|18000000|0|0|0|0||0|0|0|0||| |0|0|| |-  -|0|1699753|1699753|1699753|1699753|1699753|1699753|1699753|1699753|1699753|1699753|1002470|0|0||0|||1|0|00
2026|01|527010|015|08|WA|4718|BMB|01|51|1|002|100|QA|524111|019|A|0|0| |0||||1|Akomodasi|3|ORG|2|HR|1|FR|3|LOK|18|OHFL|720000|12960000|0|0|0|0||0|0|0|0||| |0|0|| |-  -|0|1223822|1223822|1223822|1223822|1223822|1223822|1223822|1223822|1223822|1223822|721780|0|0||0|||1|0|00
2026|01|527010|015|08|WA|4718|BMB|01|51|1|002|100|QA|524111|019|A|0|0| |0||||2|Transport|3|ORG|1|FR|3|LOK|0||9|OHFL|3200000|28800000|0|0|0|0||0|0|0|0||| |0|0|| |-  -|0|2719605|2719605|2719605|2719605|2719605|2719605|2719605|2719605|2719605|2719605|1603950|0|0||0|||1|0|00
2026|01|527010|015|08|WA|4718|BMB|01|51|1|002|100|QA|524111|019|A|0|0| |0||||3|Uang Harian|3|ORG|3|HR|1|FR|3|LOK|27|OHFL|344000|9288000|0|0|0|0||0|0|0|0||| |0|0|| |-  -|0|877073|877073|877073|877073|877073|877073|877073|877073|877073|877073|517270|0|0||0|||1|0|00
2026|01|527010|015|08|WA|4718|BMB|01|51|1|002|100|QA|524113|019|A|0|0| |0||||1|Transport Dalam Kota|2|ORG|4|FR|0||0||8|OF|170000|1360000|0|0|0|0||0|0|0|0||| |0|0|| |-  -|0|128426|128426|128426|128426|128426|128426|128426|128426|128426|128426|75740|0|0||0|||1|0|00
2026|01|527010|015|08|WA|4718|BMB|01|51|1|002|100|QA|524114|019|A|0|0| |0||||1|Akomodasi|28|ORG|2|HR|2|FR|0||112|OHF|1197000|134064000|0|0|0|0||0|0|0|0||| |0|0|| |-  -|0|12659763|12659763|12659763|12659763|12659763|12659763|12659763|12659763|12659763|12659763|7466370|0|0||0|||1|0|00
2026|01|527010|015|08|WA|4718|BMB|01|51|1|002|100|QA|524114|019|A|0|0| |0||||2|Uang Harian|28|ORG|3|HR|2|FR|0||168|OHF|130000|21840000|0|0|0|0||0|0|0|0||| |0|0|| |-  -|0|2062367|2062367|2062367|2062367|2062367|2062367|2062367|2062367|2062367|2062367|1216330|0|0||0|||1|0|00
2026|01|527010|015|08|WA|4718|BMB|01|51|1|002|100|QA|524114|019|A|0|0| |0||||3|Transportasi|28|ORG|2|FR|0||0||56|OF|170000|9520000|0|0|0|0||0|0|0|0||| |0|0|| |-  -|0|898981|898981|898981|898981|898981|898981|898981|898981|898981|898981|530190|0|0||0|||1|0|00
2026|01|527010|015|08|WA|4718|BMB|01|51|1|002|100|QA|524119|019|A|0|0| |0||||1|Akomodasi|28|ORG|2|HR|1|FR|0||56|OHF|1006000|56336000|0|0|0|0||0|0|0|0||| |0|0|| |-  -|0|5319850|5319850|5319850|5319850|5319850|5319850|5319850|5319850|5319850|5319850|3137500|0|0||0|||1|0|00
2026|01|527010|015|08|WA|4718|BMB|01|51|1|002|100|QA|524119|019|A|0|0| |0||||2|Uang Harian|28|ORG|3|HR|1|FR|0||84|OHF|130000|10920000|0|0|0|0||0|0|0|0||| |0|0|| |-  -|0|1031184|1031184|1031184|1031184|1031184|1031184|1031184|1031184|1031184|1031184|608160|0|0||0|||1|0|00
2026|01|527010|015|08|WA|4718|BMB|01|51|1|002|100|QA|524119|019|A|0|0| |0||||3|Transportasi|28|ORG|1|FR|0||0||28|OF|600000|16800000|0|0|0|0||0|0|0|0||| |0|0|| |-  -|0|1586436|1586436|1586436|1586436|1586436|1586436|1586436|1586436|1586436|1586436|935640|0|0||0|||1|0|00
2026|01|527010|015|08|WA|4718|BMB|01|51|1|002|100|QB|521211|019|A|0|0| |0||||1|KDM  Konsumsi Snack Rapat|40|ORG|2|FR|0||0||80|OF|24000|1920000|0|0|0|0||0|0|0|0||| |0|0|| |-  -|0|181307|181307|181307|181307|181307|181307|181307|181307|181307|181307|106930|0|0||0|||1|0|00
2026|01|527010|015|08|WA|4718|BMB|01|51|1|002|100|QB|521211|019|A|0|0| |0||||2|KDM  Konsumsi Makan Rapat|40|ORG|2|FR|0||0||80|OF|57000|4560000|0|0|0|0||0|0|0|0||| |0|0|| |-  -|0|430604|430604|430604|430604|430604|430604|430604|430604|430604|430604|253960|0|0||0|||1|0|00
2026|01|527010|015|08|WA|4718|BMB|01|51|1|002|100|QB|521213|019|A|0|0| |0||||1|Honorarium Pembuat Artikel Website DJPb|10|ORG|12|BLN|0||0||120|OB|100000|12000000|0|0|0|0||0|0|0|0|||16.02.02|0|0|| |-  -|0|1133169|1133169|1133169|1133169|1133169|1133169|1133169|1133169|1133169|1133169|668310|0|0||0|||1|0|00
2026|01|527010|015|08|WA|4718|BMB|01|51|1|002|100|QB|521213|019|A|0|0| |0||||2|Honorarium Pembuat Artikel MTI|32|HAL|4|FR|0||0||128|HF|100000|12800000|0|0|0|0||0|0|0|0|||16.02.02|0|0|| |-  -|0|1208713|1208713|1208713|1208713|1208713|1208713|1208713|1208713|1208713|1208713|712870|0|0||0|||1|0|00
2026|01|527010|015|08|WA|4718|BMB|01|51|1|002|100|QB|522151|019|A|0|0| |0||||1|Honorarium Translasi Annual Report|3|ORG|8|HR|0||0||24|OH|900000|21600000|0|0|0|0||0|0|0|0||| |0|0|| |-  -|0|2039704|2039704|2039704|2039704|2039704|2039704|2039704|2039704|2039704|2039704|1202960|0|0||0|||1|0|00
2026|01|527010|015|08|WA|4718|BMB|01|51|1|002|100|QB|522151|019|A|0|0| |0||||2|Honorarium Narasumber Profesional  Strategi Komunikasi|2|ORG|3|JAM|2|FR|0||12|OJF|1700000|20400000|0|0|0|0||0|0|0|0||| |0|0|| |-  -|0|1926387|1926387|1926387|1926387|1926387|1926387|1926387|1926387|1926387|1926387|1136130|0|0||0|||1|0|00
2026|01|527010|015|08|WA|4718|BMB|01|51|1|002|100|QB|524111|019|A|0|0| |0||||1|Akomodasi|3|ORG|2|HR|4|LOK|0||24|OHL|720000|17280000|0|0|0|0||0|0|0|0||| |0|0|| |-  -|0|1631763|1631763|1631763|1631763|1631763|1631763|1631763|1631763|1631763|1631763|962370|0|0||0|||1|0|00
2026|01|527010|015|08|WA|4718|BMB|01|51|1|002|100|QB|524111|019|A|0|0| |0||||2|Transport|3|ORG|4|LOK|0||0||12|OL|3200000|38400000|0|0|0|0||0|0|0|0||| |0|0|| |-  -|0|3626140|3626140|3626140|3626140|3626140|3626140|3626140|3626140|3626140|3626140|2138600|0|0||0|||1|0|00
2026|01|527010|015|08|WA|4718|BMB|01|51|1|002|100|QB|524111|019|A|0|0| |0||||3|Uang Harian|3|ORG|3|HR|4|LOK|0||36|OHFL|344000|12384000|0|0|0|0||0|0|0|0||| |0|0|| |-  -|0|1169430|1169430|1169430|1169430|1169430|1169430|1169430|1169430|1169430|1169430|689700|0|0||0|||1|0|00
2026|01|527010|015|08|WA|4718|BMB|01|51|1|002|100|QB|524113|019|A|0|0| |0||||1|Transportasi Dalam Kota Rapat Agenda Setting Kemenkeu|2|ORG|12|KL|0||0||24|OK|170000|4080000|0|0|0|0||0|0|0|0|||41.01.01|0|0|| |-  -|0|385277|385277|385277|385277|385277|385277|385277|385277|385277|385277|227230|0|0||0|||1|0|00
2026|01|527010|015|08|WA|4718|BMB|01|51|1|002|100|QC|521211|019|A|0|0| |0||||1|KDM  Konsumsi Makan Rapat|40|ORG|2|FR|0||0||80|OK|57000|4560000|0|0|0|0||0|0|0|0|||37.02.13|0|0|| |-  -|0|430604|430604|430604|430604|430604|430604|430604|430604|430604|430604|253960|0|0||0|||1|0|00
2026|01|527010|015|08|WA|4718|BMB|01|51|1|002|100|QC|521211|019|A|0|0| |0||||2|KDM  Konsumsi Snack Rapat|40|ORG|2|FR|0||0||80|OK|24000|1920000|0|0|0|0||0|0|0|0|||37.04.13|0|0|| |-  -|0|181307|181307|181307|181307|181307|181307|181307|181307|181307|181307|106930|0|0||0|||1|0|00
2026|01|527010|015|08|WA|4718|BMB|01|51|1|002|100|QC|522151|019|A|0|0| |0||||1|Honor Narasumber Profesional  Layanan Informasi|2|ORG|3|HR|1|FR|0||6|OHF|1700000|10200000|0|0|0|0||0|0|0|0||| |0|0|| |-  -|0|963194|963194|963194|963194|963194|963194|963194|963194|963194|963194|568060|0|0||0|||1|0|00
2026|01|527010|015|08|WA|4718|BMB|01|51|1|002|100|QC|524111|019|A|0|0| |0|01||1|1|Perjadin Media Visit, Gathering, dan Briefing|0||0||0||0||0||0|0|0|0|0|0||0|0|0|0||| |0|0|| |-  -|0|0|0|0|0|0|0|0|0|0|0|0|0|0||0|||1|0|00
2026|01|527010|015|08|WA|4718|BMB|01|51|1|002|100|QC|524111|019|A|0|0| |0|03|||10|Akomodasi|3|ORG|2|HR|1|LOK|0||6|OHL|720000|4320000|0|0|0|0||0|0|0|0||| |0|0|| |-  -|0|407941|407941|407941|407941|407941|407941|407941|407941|407941|407941|240590|0|0||0|||1|0|00
2026|01|527010|015|08|WA|4718|BMB|01|51|1|002|100|QC|524111|019|A|0|0| |0|03|||11|Transport|3|ORG|1|LOK|0||0||3|OL|3200000|9600000|0|0|0|0||0|0|0|0||| |0|0|| |-  -|0|906535|906535|906535|906535|906535|906535|906535|906535|906535|906535|534650|0|0||0|||1|0|00
2026|01|527010|015|08|WA|4718|BMB|01|51|1|002|100|QC|524111|019|A|0|0| |0|03|||12|Uang Harian|3|ORG|3|HR|1|LOK|0||9|OHFL|344000|3096000|0|0|0|0||0|0|0|0||| |0|0|| |-  -|0|292358|292358|292358|292358|292358|292358|292358|292358|292358|292358|172420|0|0||0|||1|0|00
2026|01|527010|015|08|WA|4718|BMB|01|51|1|002|100|QC|524111|019|A|0|0| |0|04||1|13|Perjadin Monev Keterbukaan Informasi Publik|0||0||0||0||0||0|0|0|0|0|0||0|0|0|0||| |0|0|| |-  -|0|0|0|0|0|0|0|0|0|0|0|0|0|0||0|||1|0|00
2026|01|527010|015|08|WA|4718|BMB|01|51|1|002|100|QC|524111|019|A|0|0| |0|04|||14|Akomodasi|3|ORG|2|HR|3|LOK|0||18|OHL|720000|12960000|0|0|0|0||0|0|0|0||| |0|0|| |-  -|0|1223822|1223822|1223822|1223822|1223822|1223822|1223822|1223822|1223822|1223822|721780|0|0||0|||1|0|00
2026|01|527010|015|08|WA|4718|BMB|01|51|1|002|100|QC|524111|019|A|0|0| |0|04|||15|Transport|3|ORG|3|LOK|0||0||9|OL|3200000|28800000|0|0|0|0||0|0|0|0||| |0|0|| |-  -|0|2719605|2719605|2719605|2719605|2719605|2719605|2719605|2719605|2719605|2719605|1603950|0|0||0|||1|0|00
2026|01|527010|015|08|WA|4718|BMB|01|51|1|002|100|QC|524111|019|A|0|0| |0|04|||16|Uang Harian|3|ORG|3|HR|3|LOK|0||27|OHFL|344000|9288000|0|0|0|0||0|0|0|0||| |0|0|| |-  -|0|877073|877073|877073|877073|877073|877073|877073|877073|877073|877073|517270|0|0||0|||1|0|00
2026|01|527010|015|08|WA|4718|BMB|01|51|1|002|100|QC|524111|019|A|0|0| |0|01|||2|Akomodasi|2|ORG|2|HR|2|LOK|0||8|OHL|720000|5760000|0|0|0|0||0|0|0|0||| |0|0|| |-  -|0|543921|543921|543921|543921|543921|543921|543921|543921|543921|543921|320790|0|0||0|||1|0|00
2026|01|527010|015|08|WA|4718|BMB|01|51|1|002|100|QC|524111|019|A|0|0| |0|01|||3|Transport|2|ORG|2|LOK|0||0||4|OL|3200000|12800000|0|0|0|0||0|0|0|0||| |0|0|| |-  -|0|1208713|1208713|1208713|1208713|1208713|1208713|1208713|1208713|1208713|1208713|712870|0|0||0|||1|0|00
2026|01|527010|015|08|WA|4718|BMB|01|51|1|002|100|QC|524111|019|A|0|0| |0|01|||4|Uang Harian|2|ORG|3|HR|2|LOK|0||12|OHFL|344000|4128000|0|0|0|0||0|0|0|0||| |0|0|| |-  -|0|389810|389810|389810|389810|389810|389810|389810|389810|389810|389810|229900|0|0||0|||1|0|00
2026|01|527010|015|08|WA|4718|BMB|01|51|1|002|100|QC|524111|019|A|0|0| |0|02||1|5|Perjadin Monev Pengelolaan Cagar Budaya dan Liputan Agenda Pimpinan|0||0||0||0||0||0|0|0|0|0|0||0|0|0|0||| |0|0|| |-  -|0|0|0|0|0|0|0|0|0|0|0|0|0|0||0|||1|0|00
2026|01|527010|015|08|WA|4718|BMB|01|51|1|002|100|QC|524111|019|A|0|0| |0|02|||6|Akomodasi|3|ORG|2|HR|2|LOK|0||12|OHL|720000|8640000|0|0|0|0||0|0|0|0||| |0|0|| |-  -|0|815882|815882|815882|815882|815882|815882|815882|815882|815882|815882|481180|0|0||0|||1|0|00
2026|01|527010|015|08|WA|4718|BMB|01|51|1|002|100|QC|524111|019|A|0|0| |0|02|||7|Transport|3|ORG|2|LOK|0||0||6|OL|3200000|19200000|0|0|0|0||0|0|0|0||| |0|0|| |-  -|0|1813070|1813070|1813070|1813070|1813070|1813070|1813070|1813070|1813070|1813070|1069300|0|0||0|||1|0|00
2026|01|527010|015|08|WA|4718|BMB|01|51|1|002|100|QC|524111|019|A|0|0| |0|02|||8|Uang Harian|3|ORG|3|HR|2|LOK|0||18|OHFL|344000|6192000|0|0|0|0||0|0|0|0||| |0|0|| |-  -|0|584715|584715|584715|584715|584715|584715|584715|584715|584715|584715|344850|0|0||0|||1|0|00
2026|01|527010|015|08|WA|4718|BMB|01|51|1|002|100|QC|524111|019|A|0|0| |0|03||1|9|Perjadin Edukasi Publik Treasury Goes to SchoolCampus|0||0||0||0||0||0|0|0|0|0|0||0|0|0|0||| |0|0|| |-  -|0|0|0|0|0|0|0|0|0|0|0|0|0|0||0|||1|0|00
2026|01|527010|015|08|WA|4718|BMB|01|51|1|002|100|QC|524113|019|A|0|0| |0||||1|Transportasi Dalam Kota Kegiatan Media Gathering|15|ORG|2|FR|0||0||30|OK|170000|5100000|0|0|0|0||0|0|0|0|||41.01.01|0|0|| |-  -|0|481597|481597|481597|481597|481597|481597|481597|481597|481597|481597|284030|0|0||0|||1|0|00
2026|01|527010|015|08|WA|4718|BMB|01|51|1|002|100|QC|524113|019|A|0|0| |0||||2|Transportasi Dalam Kota Koordinasi Pengelolaan Informasi Publik|3|ORG|4|KL|0||0||12|OK|170000|2040000|0|0|0|0||0|0|0|0|||41.01.01|0|0|| |-  -|0|192639|192639|192639|192639|192639|192639|192639|192639|192639|192639|113610|0|0||0|||1|0|00
2026|01|527010|015|08|WA|4718|BMB|01|51|1|002|100|QC|524113|019|A|0|0| |0||||3|Transportasi Dalam Kota Lpiutan Agenda Pimpinan Dalam Kota|2|ORG|24|KL|0||0||48|OK|170000|8160000|0|0|0|0||0|0|0|0|||41.01.01|0|0|| |-  -|0|770555|770555|770555|770555|770555|770555|770555|770555|770555|770555|454450|0|0||0|||1|0|00
2026|01|527010|015|08|WA|4719|EBA|01|51|1|004|100|AA|524111|019|A|0|0| |0||||1| Uang Saku Harian|4|ORG|3|HR|2|LOK|0||24|OH|278959|6695000|0|0|0|0||0|0|0|0||| |0|0|| |-  -|0|557000|557000|557000|557000|557000|557000|557000|557000|557000|557000|557000|568000|0||0|||1|0|00
2026|01|527010|015|08|WA|4719|EBA|01|51|1|004|100|AA|524111|019|A|0|0| |0||||2|Transport|4|ORG|1|FREK|2|LOK|0||8|OF|1084875|8679000|0|0|0|0||0|0|0|0||| |0|0|| |-  -|0|723000|723000|723000|723000|723000|723000|723000|723000|723000|723000|723000|726000|0||0|||1|0|00
2026|01|527010|015|08|WA|4719|EBA|01|51|1|004|100|AA|524111|019|A|0|0| |0||||3|Akomodasi|4|ORG|2|HK|2|LOK|0||16|OH|542438|8679000|0|0|0|0||0|0|0|0||| |0|0|| |-  -|0|723000|723000|723000|723000|723000|723000|723000|723000|723000|723000|723000|726000|0||0|||1|0|00
2026|01|527010|015|08|WA|4719|EBA|01|51|1|004|100|AB|521211|019|A|0|0| |0||||1|KDM  Snack Rapat|20|ORG|2|FREK|0||0||40|OF|15125|605000|0|0|0|0||0|0|0|0||| |0|0|| |-  -|0|50000|50000|50000|50000|50000|50000|50000|50000|50000|50000|50000|55000|0||0|||1|0|00
2026|01|527010|015|08|WA|4719|EBA|01|51|1|004|100|AB|521211|019|A|0|0| |0||||2|KDM  Makan Rapat|20|ORG|2|FREK|0||0||40|OF|35900|1436000|0|0|0|0||0|0|0|0||| |0|0|| |-  -|0|119000|119000|119000|119000|119000|119000|119000|119000|119000|119000|119000|127000|0||0|||1|0|00
2026|01|527010|015|08|WA|4719|EBA|01|51|1|004|100|AB|524111|019|A|0|0| |0||||1|Akomodasi|2|ORG|2|HR|10|LOK|0||40|OH|539325|21573000|0|0|0|0||0|0|0|0||| |0|0|| |-  -|0|1797000|1797000|1797000|1797000|1797000|1797000|1797000|1797000|1797000|1797000|1797000|1806000|0||0|||1|0|00
2026|01|527010|015|08|WA|4719|EBA|01|51|1|004|100|AB|524111|019|A|0|0| |0||||2|Transport|2|ORG|1|FREK|10|LOK|0||20|OF|1356050|27121000|0|0|0|0||0|0|0|0||| |0|0|| |-  -|0|2260000|2260000|2260000|2260000|2260000|2260000|2260000|2260000|2260000|2260000|2260000|2261000|0||0|||1|0|00
2026|01|527010|015|08|WA|4719|EBA|01|51|1|004|100|AB|524111|019|A|0|0| |0||||3|Uang Saku Harian|2|ORG|3|HR|10|LOK|0||60|OH|309967|18598000|0|0|0|0||0|0|0|0||| |0|0|| |-  -|0|1549000|1549000|1549000|1549000|1549000|1549000|1549000|1549000|1549000|1549000|1549000|1559000|0||0|||1|0|00
2026|01|527010|015|08|WA|4719|EBA|01|51|1|004|100|AC|522191|019|A|0|0| |0||||1|Audit Surveillance ISO 90012015|1|PKT|1|KEG|0||0||1|PKT|164800000|164800000|0|0|0|0||0|0|0|0||| |0|0|| |-  -|0|13733000|13733000|13733000|13733000|13733000|13733000|13733000|13733000|13733000|13733000|13733000|13737000|0||0|||1|0|00
2026|01|527010|015|08|WA|4719|EBA|01|51|1|004|100|AC|524111|019|A|0|0| |0||||1|Akomodasi|2|ORG|2|HR|8|LOK|0||32|OH|539344|17259000|0|0|0|0||0|0|0|0||| |0|0|| |-  -|0|1438000|1438000|1438000|1438000|1438000|1438000|1438000|1438000|1438000|1438000|1438000|1441000|0||0|||1|0|00
2026|01|527010|015|08|WA|4719|EBA|01|51|1|004|100|AC|524111|019|A|0|0| |0||||2|Transport|2|ORG|1|FREK|8|LOK|0||16|OF|1359938|21759000|0|0|0|0||0|0|0|0||| |0|0|| |-  -|0|1813000|1813000|1813000|1813000|1813000|1813000|1813000|1813000|1813000|1813000|1813000|1816000|0||0|||1|0|00
2026|01|527010|015|08|WA|4719|EBA|01|51|1|004|100|AC|524111|019|A|0|0| |0||||3|Uang Saku Harian|2|ORG|3|HR|8|LOK|0||48|OH|309959|14878000|0|0|0|0||0|0|0|0||| |0|0|| |-  -|0|1239000|1239000|1239000|1239000|1239000|1239000|1239000|1239000|1239000|1239000|1239000|1249000|0||0|||1|0|00
2026|01|527010|015|08|WA|4719|EBA|01|51|1|004|100|AD|524111|019|A|0|0| |0||||1|Akomodasi|3|ORG|2|HR|1|LOK|0||6|OH|541667|3250000|0|0|0|0||0|0|0|0||| |0|0|| |-  -|0|270000|270000|270000|270000|270000|270000|270000|270000|270000|270000|270000|280000|0||0|||1|0|00
2026|01|527010|015|08|WA|4719|EBA|01|51|1|004|100|AD|524111|019|A|0|0| |0||||2|Transport|3|ORG|1|FREK|1|LOK|0||3|OF|2712000|8136000|0|0|0|0||0|0|0|0||| |0|0|| |-  -|0|678000|678000|678000|678000|678000|678000|678000|678000|678000|678000|678000|678000|0||0|||1|0|00
2026|01|527010|015|08|WA|4719|EBA|01|51|1|004|100|AD|524111|019|A|0|0| |0||||3|Uang Saku Harian|3|ORG|3|HR|1|LOK|0||9|OH|279000|2511000|0|0|0|0||0|0|0|0||| |0|0|| |-  -|0|209000|209000|209000|209000|209000|209000|209000|209000|209000|209000|209000|212000|0||0|||1|0|00
2026|01|527010|015|08|WA|4719|EBA|01|51|1|006|100|EA|524111|019|A|0|0| |0|01||1|1|Pendampingan Field Evaluation WBBM|0||0||0||0||0||0|0|0|0|0|0||0|0|0|0||| |0|0|| |-  -|0|0|0|0|0|0|0|0|0|0|0|0|0|0||0|||1|0|00
2026|01|527010|015|08|WA|4719|EBA|01|51|1|006|100|EA|524111|019|A|0|0| |0|03|||10|Akomodasi|2|ORG|2|HR|2|FR|0||8|OF|426250|3410000|0|0|0|0||0|0|0|0||| |0|0|| |-  -|0|284000|284000|284000|284000|284000|284000|284000|284000|284000|284000|284000|286000|0||0|||1|0|00
2026|01|527010|015|08|WA|4719|EBA|01|51|1|006|100|EA|524111|019|A|0|0| |0|03|||11|Transport|2|ORG|2|FR|0||0||4|OF|2712250|10849000|0|0|0|0||0|0|0|0||| |0|0|| |-  -|0|904000|904000|904000|904000|904000|904000|904000|904000|904000|904000|904000|905000|0||0|||1|0|00
2026|01|527010|015|08|WA|4719|EBA|01|51|1|006|100|EA|524111|019|A|0|0| |0|03|||12|Uang harian|2|ORG|3|HR|2|FR|0||12|OH|271250|3255000|0|0|0|0||0|0|0|0||| |0|0|| |-  -|0|271000|271000|271000|271000|271000|271000|271000|271000|271000|271000|271000|274000|0||0|||1|0|00
2026|01|527010|015|08|WA|4719|EBA|01|51|1|006|100|EA|524111|019|A|0|0| |0|01|||2|Akomodasi|1|ORG|2|HR|10|FREK|0||20|OF|426200|8524000|0|0|0|0||0|0|0|0||| |0|0|| |-  -|0|710000|710000|710000|710000|710000|710000|710000|710000|710000|710000|710000|714000|0||0|||1|0|00
2026|01|527010|015|08|WA|4719|EBA|01|51|1|006|100|EA|524111|019|A|0|0| |0|01|||3|Transport|1|ORG|10|FREK|0||0||10|OF|2712100|27121000|0|0|0|0||0|0|0|0||| |0|0|| |-  -|0|2260000|2260000|2260000|2260000|2260000|2260000|2260000|2260000|2260000|2260000|2260000|2261000|0||0|||1|0|00
2026|01|527010|015|08|WA|4719|EBA|01|51|1|006|100|EA|524111|019|A|0|0| |0|01|||4|Uang Harian|1|ORG|3|HR|10|FREK|0||30|OH|271200|8136000|0|0|0|0||0|0|0|0||| |0|0|| |-  -|0|678000|678000|678000|678000|678000|678000|678000|678000|678000|678000|678000|678000|0||0|||1|0|00
2026|01|527010|015|08|WA|4719|EBA|01|51|1|006|100|EA|524111|019|A|0|0| |0|02||1|5|Pendampingan Monev WBBM|0||0||0||0||0||0|0|0|0|0|0||0|0|0|0||| |0|0|| |-  -|0|0|0|0|0|0|0|0|0|0|0|0|0|0||0|||1|0|00
2026|01|527010|015|08|WA|4719|EBA|01|51|1|006|100|EA|524111|019|A|0|0| |0|02|||6|Akomodasi|1|ORG|2|HR|3|FR|0||6|OF|445500|2673000|0|0|0|0||0|0|0|0||| |0|0|| |-  -|0|222000|222000|222000|222000|222000|222000|222000|222000|222000|222000|222000|231000|0||0|||1|0|00
2026|01|527010|015|08|WA|4719|EBA|01|51|1|006|100|EA|524111|019|A|0|0| |0|02|||7|Transport|1|ORG|3|FR|0||0||3|OF|2789667|8369000|0|0|0|0||0|0|0|0||| |0|0|| |-  -|0|697000|697000|697000|697000|697000|697000|697000|697000|697000|697000|697000|702000|0||0|||1|0|00
2026|01|527010|015|08|WA|4719|EBA|01|51|1|006|100|EA|524111|019|A|0|0| |0|02|||8|Uang harian|1|ORG|3|HR|3|FR|0||9|OF|294445|2650000|0|0|0|0||0|0|0|0||| |0|0|| |-  -|0|220000|220000|220000|220000|220000|220000|220000|220000|220000|220000|220000|230000|0||0|||1|0|00
2026|01|527010|015|08|WA|4719|EBA|01|51|1|006|100|EA|524111|019|A|0|0| |0|03||1|9|Pendampingan Monev WBK Catatan Clearance|0||0||0||0||0||0|0|0|0|0|0||0|0|0|0||| |0|0|| |-  -|0|0|0|0|0|0|0|0|0|0|0|0|0|0||0|||1|0|00
2026|01|527010|015|08|WA|4719|EBA|01|51|1|006|100|EA|524113|019|A|0|0| |0||||1|Transport lokal dalam kota|2|ORG|1|HR|2|FREK|0||4|OK|131750|527000|0|0|0|0||0|0|0|0||| |0|0|| |-  -|0|43000|43000|43000|43000|43000|43000|43000|43000|43000|43000|43000|54000|0||0|||1|0|00
2026|01|527010|015|08|WA|4719|EBA|01|51|1|003|100|AA|521211|019|A|0|0| |0||||1|KDM  Makan Rapat|20|ORG|2|FREK|0||0||40|OF|35900|1436000|0|0|0|0||0|0|0|0||| |0|0|| |-  -|0|117336|117336|117336|117336|117336|117336|117336|117336|117336|117336|117336|145304|0||0|||1|0|00
2026|01|527010|015|08|WA|4719|EBA|01|51|1|003|100|AA|521211|019|A|0|0| |0||||2|KDM  Snack Rapat|20|ORG|2|FREK|0||0||40|OF|15125|605000|0|0|0|0||0|0|0|0||| |0|0|| |-  -|0|49435|49435|49435|49435|49435|49435|49435|49435|49435|49435|49435|61215|0||0|||1|0|00
2026|01|527010|015|08|WA|4719|EBA|01|51|1|003|100|AA|524111|019|A|0|0| |0||||1|Akomodasi|2|ORG|2|HR|2|LOK|0||8|OH|542375|4339000|0|0|0|0||0|0|0|0||| |0|0|| |-  -|0|354540|354540|354540|354540|354540|354540|354540|354540|354540|354540|354540|439060|0||0|||1|0|00
2026|01|527010|015|08|WA|4719|EBA|01|51|1|003|100|AA|524111|019|A|0|0| |0||||2|Transport|2|ORG|1|FREK|2|LOK|0||4|OF|2169750|8679000|0|0|0|0||0|0|0|0||| |0|0|| |-  -|0|709162|709162|709162|709162|709162|709162|709162|709162|709162|709162|709162|878218|0||0|||1|0|00
2026|01|527010|015|08|WA|4719|EBA|01|51|1|003|100|AA|524111|019|A|0|0| |0||||3|Uang Saku Harian|2|ORG|3|HR|2|LOK|0||12|OH|290584|3487000|0|0|0|0||0|0|0|0||| |0|0|| |-  -|0|284923|284923|284923|284923|284923|284923|284923|284923|284923|284923|284923|352847|0||0|||1|0|00
2026|01|527010|015|08|WA|4719|EBA|01|51|1|003|100|AB|521211|019|A|0|0| |0||||1|KDM  Snack Rapat|10|ORG|2|FREK|0||0||20|OF|15100|302000|0|0|0|0||0|0|0|0||| |0|0|| |-  -|0|24676|24676|24676|24676|24676|24676|24676|24676|24676|24676|24676|30564|0||0|||1|0|00
2026|01|527010|015|08|WA|4719|EBA|01|51|1|003|100|AB|521211|019|A|0|0| |0||||2|KDM  Makan Rapat|10|ORG|2|FREK|0||0||20|OF|35900|718000|0|0|0|0||0|0|0|0||| |0|0|| |-  -|0|58668|58668|58668|58668|58668|58668|58668|58668|58668|58668|58668|72652|0||0|||1|0|00
2026|01|527010|015|08|WA|4719|EBA|01|51|1|003|100|AB|524111|019|A|0|0| |0||||1|Transport|3|ORG|10|LOK|1|FREK|0||30|OF|2712134|81364000|0|0|0|0||0|0|0|0||| |0|0|| |-  -|0|6927239|6927239|6927239|6927239|6927239|6927239|6927239|6927239|6927239|6927239|6927239|5164371|0||0|||1|0|00
2026|01|527010|015|08|WA|4719|EBA|01|51|1|003|100|AB|524111|019|A|0|0| |0||||2|Uang Harian|3|ORG|10|LOK|3|HR|0||90|OH|278967|25107000|0|0|0|0||0|0|0|0||| |0|0|| |-  -|0|2137582|2137582|2137582|2137582|2137582|2137582|2137582|2137582|2137582|2137582|2137582|1593598|0||0|||1|0|00
2026|01|527010|015|08|WA|4719|EBA|01|51|1|003|100|AB|524111|019|A|0|0| |0||||3|Akomodasi|3|ORG|10|LOK|2|HR|0||60|OH|515317|30919000|0|0|0|0||0|0|0|0||| |0|0|| |-  -|0|2632409|2632409|2632409|2632409|2632409|2632409|2632409|2632409|2632409|2632409|2632409|1962501|0||0|||1|0|00
2026|01|527010|015|08|WA|4719|EBA|01|51|1|003|100|AB|524111|019|A|0|0| |0|01||1|4|Manajemen Keberlangsungan Bisnis DJPb|0||0||0||0||0||0|0|0|0|0|0||0|0|0|0||| |0|0|| |-  -|0|0|0|0|0|0|0|0|0|0|0|0|0|0||0|||1|0|00
2026|01|527010|015|08|WA|4719|EBA|01|51|1|003|100|AB|524111|019|A|0|0| |0|01|||5|Transport|66|ORG|1|LOK|1|FREK|0||66|OF|373485|24650000|0|0|0|0||0|0|0|0||| |0|0|| |-  -|0|2098673|2098673|2098673|2098673|2098673|2098673|2098673|2098673|2098673|2098673|2098673|1564597|0||0|||1|0|00
2026|01|527010|015|08|WA|4719|EBA|01|51|1|003|100|AB|524111|019|A|0|0| |0|01|||6|Uang Harian|66|ORG|1|LOK|4|HR|0||264|OH|272728|72000000|0|0|0|0||0|0|0|0||| |0|0|| |-  -|0|6129999|6129999|6129999|6129999|6129999|6129999|6129999|6129999|6129999|6129999|6129999|4570011|0||0|||1|0|00
2026|01|527010|015|08|WA|4719|EBA|01|51|1|003|100|AC|521211|019|A|0|0| |0||||1|KDM  Makan Rapat|10|ORG|3|FREK|0||0||30|OF|44700|1341000|0|0|0|0||0|0|0|0||| |0|0|| |-  -|0|109573|109573|109573|109573|109573|109573|109573|109573|109573|109573|109573|135697|0||0|||1|0|00
2026|01|527010|015|08|WA|4719|EBA|01|51|1|003|100|AC|521211|019|A|0|0| |0||||2|KDM  Snack Rapat|10|ORG|3|FREK|0||0||30|OF|18834|565000|0|0|0|0||0|0|0|0||| |0|0|| |-  -|0|46166|46166|46166|46166|46166|46166|46166|46166|46166|46166|46166|57174|0||0|||1|0|00
2026|01|527010|015|08|WA|4719|EBA|01|51|1|003|100|AC|524111|019|A|0|0| |0||||1|Uang Harian|3|ORG|10|LOK|3|HR|0||90|OH|266567|23991000|0|0|0|0||0|0|0|0||| |0|0|| |-  -|0|1960306|1960306|1960306|1960306|1960306|1960306|1960306|1960306|1960306|1960306|1960306|2427634|0||0|||1|0|00
2026|01|527010|015|08|WA|4719|EBA|01|51|1|003|100|AC|524111|019|A|0|0| |0||||2|Transport|3|ORG|10|LOK|1|FREK|0||30|OF|2774134|83224000|0|0|0|0||0|0|0|0||| |0|0|| |-  -|0|6800239|6800239|6800239|6800239|6800239|6800239|6800239|6800239|6800239|6800239|6800239|8421371|0||0|||1|0|00
2026|01|527010|015|08|WA|4719|EBA|01|51|1|003|100|AC|524111|019|A|0|0| |0||||3|Akomodasi|3|ORG|10|LOK|2|HR|0||60|OH|515317|30919000|0|0|0|0||0|0|0|0||| |0|0|| |-  -|0|2526394|2526394|2526394|2526394|2526394|2526394|2526394|2526394|2526394|2526394|2526394|3128666|0||0|||1|0|00
2026|01|527010|015|08|WA|4719|EBA|01|51|1|003|100|AC|524119|019|A|0|0| |0||||1|Uang Harian|20|ORG|1|LOK|3|HR|0||60|OH|100734|6044000|0|0|0|0||0|0|0|0||| |0|0|| |-  -|0|493856|493856|493856|493856|493856|493856|493856|493856|493856|493856|493856|611584|0||0|||1|0|00
2026|01|527010|015|08|WA|4719|EBA|01|51|1|003|100|AC|524119|019|A|0|0| |0||||2|Transport Peserta Luar Jakarta|12|ORG|1|LOK|1|KEG|0||12|OF|2905834|34870000|0|0|0|0||0|0|0|0||| |0|0|| |-  -|0|2849230|2849230|2849230|2849230|2849230|2849230|2849230|2849230|2849230|2849230|2849230|3528470|0||0|||1|0|00
2026|01|527010|015|08|WA|4719|EBA|01|51|1|003|100|AC|524119|019|A|0|0| |0||||3|Transport PanitiaPeserta Jakarta|8|ORG|1|LOK|1|FREK|0||8|OF|619875|4959000|0|0|0|0||0|0|0|0||| |0|0|| |-  -|0|405200|405200|405200|405200|405200|405200|405200|405200|405200|405200|405200|501800|0||0|||1|0|00
2026|01|527010|015|08|WA|4719|EBA|01|51|1|003|100|AC|524119|019|A|0|0| |0||||4|Akomodasi|20|ORG|1|LOK|2|HR|0||40|OH|779550|31182000|0|0|0|0||0|0|0|0||| |0|0|| |-  -|0|2547884|2547884|2547884|2547884|2547884|2547884|2547884|2547884|2547884|2547884|2547884|3155276|0||0|||1|0|00
2026|01|527010|015|08|WA|4719|EBA|01|51|1|003|100|AD|521211|019|A|0|0| |0||||1|KDM  Makan Rapat|15|ORG|3|FREK|0||0||45|OF|35912|1616000|0|0|0|0||0|0|0|0||| |0|0|| |-  -|0|132043|132043|132043|132043|132043|132043|132043|132043|132043|132043|132043|163527|0||0|||1|0|00
2026|01|527010|015|08|WA|4719|EBA|01|51|1|003|100|AD|521211|019|A|0|0| |0||||2|KDM  Snack Rapat|15|ORG|3|FREK|0||0||45|OF|15112|680000|0|0|0|0||0|0|0|0||| |0|0|| |-  -|0|55563|55563|55563|55563|55563|55563|55563|55563|55563|55563|55563|68807|0||0|||1|0|00
2026|01|527010|015|08|WA|4719|EBA|01|51|1|003|100|AD|524111|019|A|0|0| |0||||1|Transport|2|ORG|4|LOK|1|FREK|0||8|OF|2069000|16552000|0|0|0|0||0|0|0|0||| |0|0|| |-  -|0|1352465|1352465|1352465|1352465|1352465|1352465|1352465|1352465|1352465|1352465|1352465|1674885|0||0|||1|0|00
2026|01|527010|015|08|WA|4719|EBA|01|51|1|003|100|AD|524111|019|A|0|0| |0||||2|Uang Harian|2|ORG|4|LOK|3|HR|0||24|OH|266584|6398000|0|0|0|0||0|0|0|0||| |0|0|| |-  -|0|522781|522781|522781|522781|522781|522781|522781|522781|522781|522781|522781|647409|0||0|||1|0|00
2026|01|527010|015|08|WA|4719|EBA|01|51|1|003|100|AD|524111|019|A|0|0| |0||||3|Akomodasi|2|ORG|4|LOK|2|HR|0||16|OH|515313|8245000|0|0|0|0||0|0|0|0||| |0|0|| |-  -|0|673700|673700|673700|673700|673700|673700|673700|673700|673700|673700|673700|834300|0||0|||1|0|00
2026|01|527010|015|08|WA|4719|EBA|01|51|1|003|100|AE|521211|019|A|0|0| |0||||1|KDM  Makan Rapat|15|ORG|5|FREK|0||0||75|OF|35907|2693000|0|0|0|0||0|0|0|0||| |0|0|| |-  -|0|220045|220045|220045|220045|220045|220045|220045|220045|220045|220045|220045|272505|0||0|||1|0|00
2026|01|527010|015|08|WA|4719|EBA|01|51|1|003|100|AE|524111|019|A|0|0| |0||||1|Transport|3|ORG|6|LOK|1|FREK|0||18|OH|1751278|31523000|0|0|0|0||0|0|0|0||| |0|0|| |-  -|0|2575747|2575747|2575747|2575747|2575747|2575747|2575747|2575747|2575747|2575747|2575747|3189783|0||0|||1|0|00
2026|01|527010|015|08|WA|4719|EBA|01|51|1|003|100|AE|524111|019|A|0|0| |0||||2|Uang Saku|3|ORG|6|LOK|3|HARI|0||54|OH|278963|15064000|0|0|0|0||0|0|0|0||| |0|0|| |-  -|0|1230881|1230881|1230881|1230881|1230881|1230881|1230881|1230881|1230881|1230881|1230881|1524309|0||0|||1|0|00
2026|01|527010|015|08|WA|4719|EBA|01|51|1|003|100|AE|524111|019|A|0|0| |0||||3|Akomodasi|3|ORG|6|LOK|2|HARI|0||36|OH|531584|19137000|0|0|0|0||0|0|0|0||| |0|0|| |-  -|0|1563686|1563686|1563686|1563686|1563686|1563686|1563686|1563686|1563686|1563686|1563686|1936454|0||0|||1|0|00
2026|01|527010|015|08|WA|4719|EBA|01|51|1|003|100|AF|521211|019|A|0|0| |0||||1|KDM  Makan Rapat|21|ORG|5|FREK|0||0||105|OF|35915|3771000|0|0|0|0||0|0|0|0||| |0|0|| |-  -|0|308129|308129|308129|308129|308129|308129|308129|308129|308129|308129|308129|381581|0||0|||1|0|00
2026|01|527010|015|08|WA|4719|EBA|01|51|1|003|100|AF|524111|019|A|0|0| |0||||1|Akomodasi|3|ORG|5|LOK|2|HARI|0||30|OH|480434|14413000|0|0|0|0||0|0|0|0||| |0|0|| |-  -|0|1177687|1177687|1177687|1177687|1177687|1177687|1177687|1177687|1177687|1177687|1177687|1458443|0||0|||1|0|00
2026|01|527010|015|08|WA|4719|EBA|01|51|1|003|100|AF|524111|019|A|0|0| |0||||2|Transport|3|ORG|5|LOK|1|FREK|0||15|OK|1317334|19760000|0|0|0|0||0|0|0|0||| |0|0|| |-  -|0|1614591|1614591|1614591|1614591|1614591|1614591|1614591|1614591|1614591|1614591|1614591|1999499|0||0|||1|0|00
2026|01|527010|015|08|WA|4719|EBA|01|51|1|003|100|AF|524111|019|A|0|0| |0||||3|Uang Saku Harian|3|ORG|5|LOK|3|HARI|0||45|OH|278956|12553000|0|0|0|0||0|0|0|0||| |0|0|| |-  -|0|1025707|1025707|1025707|1025707|1025707|1025707|1025707|1025707|1025707|1025707|1025707|1270223|0||0|||1|0|00
2026|01|527010|015|08|WA|4719|EBA|01|51|1|003|100|AG|524111|019|A|0|0| |0||||1|Akomodasi|3|ORG|2|LOK|3|HR|0||18|OH|658667|11856000|0|0|0|0||0|0|0|0||| |0|0|| |-  -|0|968755|968755|968755|968755|968755|968755|968755|968755|968755|968755|968755|1199695|0||0|||1|0|00
2026|01|527010|015|08|WA|4719|EBA|01|51|1|003|100|AG|524111|019|A|0|0| |0||||2|Transport|3|ORG|2|LOK|1|FREK|0||6|OK|7361500|44169000|0|0|0|0||0|0|0|0||| |0|0|| |-  -|0|3609052|3609052|3609052|3609052|3609052|3609052|3609052|3609052|3609052|3609052|3609052|4469428|0||0|||1|0|00
2026|01|527010|015|08|WA|4719|EBA|01|51|1|003|100|AG|524111|019|A|0|0| |0||||3|Uang Saku Harian|3|ORG|2|LOK|4|HARI|0||24|OH|278959|6695000|0|0|0|0||0|0|0|0||| |0|0|| |-  -|0|547049|547049|547049|547049|547049|547049|547049|547049|547049|547049|547049|677461|0||0|||1|0|00
2026|01|527010|015|08|WA|4719|EBA|01|51|1|003|100|AH|521211|019|A|0|0| |0||||1|KDM  Makan Rapat|10|ORG|3|FREK|0||0||30|OF|35900|1077000|0|0|0|0||0|0|0|0||| |0|0|| |-  -|0|88002|88002|88002|88002|88002|88002|88002|88002|88002|88002|88002|108978|0||0|||1|0|00
2026|01|527010|015|08|WA|4719|EBA|01|51|1|003|100|AH|521211|019|A|0|0| |0||||2|KDM  Snack Rapat|10|ORG|3|FREK|0||0||30|OF|15134|454000|0|0|0|0||0|0|0|0||| |0|0|| |-  -|0|37096|37096|37096|37096|37096|37096|37096|37096|37096|37096|37096|45944|0||0|||1|0|00
2026|01|527010|015|08|WA|4719|EBA|01|51|1|003|100|AH|524111|019|A|0|0| |0||||1|Akomodasi|2|ORG|6|LOK|2|HR|0||24|OH|619917|14878000|0|0|0|0||0|0|0|0||| |0|0|| |-  -|0|1215683|1215683|1215683|1215683|1215683|1215683|1215683|1215683|1215683|1215683|1215683|1505487|0||0|||1|0|00
2026|01|527010|015|08|WA|4719|EBA|01|51|1|003|100|AH|524111|019|A|0|0| |0||||2|Transport|2|ORG|6|LOK|1|FREK|0||12|OF|2712167|32546000|0|0|0|0||0|0|0|0||| |0|0|| |-  -|0|2659336|2659336|2659336|2659336|2659336|2659336|2659336|2659336|2659336|2659336|2659336|3293304|0||0|||1|0|00
2026|01|527010|015|08|WA|4719|EBA|01|51|1|003|100|AH|524111|019|A|0|0| |0||||3|Uang Saku Harian|2|ORG|6|LOK|3|HR|0||36|OH|282834|10182000|0|0|0|0||0|0|0|0||| |0|0|| |-  -|0|831972|831972|831972|831972|831972|831972|831972|831972|831972|831972|831972|1030308|0||0|||1|0|00
2026|01|527010|015|08|WA|4719|EBA|01|51|1|003|100|AI|521211|019|A|0|0| |0||||1|KDM  Makan Rapat|10|ORG|2|FREK|0||0||20|OF|35900|718000|0|0|0|0||0|0|0|0||| |0|0|| |-  -|0|58668|58668|58668|58668|58668|58668|58668|58668|58668|58668|58668|72652|0||0|||1|0|00
2026|01|527010|015|08|WA|4719|EBA|01|51|1|003|100|AI|521211|019|A|0|0| |0||||2|KDM  Snack Rapat|10|ORG|2|FREK|0||0||20|OF|15100|302000|0|0|0|0||0|0|0|0||| |0|0|| |-  -|0|24676|24676|24676|24676|24676|24676|24676|24676|24676|24676|24676|30564|0||0|||1|0|00
2026|01|527010|015|08|WA|4719|EBA|01|51|1|003|100|AI|524111|019|A|0|0| |0||||1|Akomodasi|3|ORG|4|LOK|2|HR|0||24|OH|619917|14878000|0|0|0|0||0|0|0|0||| |0|0|| |-  -|0|1215683|1215683|1215683|1215683|1215683|1215683|1215683|1215683|1215683|1215683|1215683|1505487|0||0|||1|0|00
2026|01|527010|015|08|WA|4719|EBA|01|51|1|003|100|AI|524111|019|A|0|0| |0||||2|Transport|3|ORG|4|LOK|1|FREK|0||12|OK|3099584|37195000|0|0|0|0||0|0|0|0||| |0|0|| |-  -|0|3039206|3039206|3039206|3039206|3039206|3039206|3039206|3039206|3039206|3039206|3039206|3763734|0||0|||1|0|00
2026|01|527010|015|08|WA|4719|EBA|01|51|1|003|100|AI|524111|019|A|0|0| |0||||3|Uang Saku Harian|3|ORG|4|LOK|3|HARI|0||36|OH|278973|10043000|0|0|0|0||0|0|0|0||| |0|0|| |-  -|0|820614|820614|820614|820614|820614|820614|820614|820614|820614|820614|820614|1016246|0||0|||1|0|00
2026|01|527010|015|08|WA|4719|EBA|01|51|1|003|100|AI|524113|019|A|0|0| |0||||1|Transport|5|ORG|1|LOK|5|FREK|0||25|OF|131720|3293000|0|0|0|0||0|0|0|0||| |0|0|| |-  -|0|269071|269071|269071|269071|269071|269071|269071|269071|269071|269071|269071|333219|0||0|||1|0|00
2026|01|527010|015|08|WA|4719|EBA|01|51|1|003|100|AJ|524111|019|A|0|0| |0||||1|Akomodasi|2|ORG|4|LOK|2|HR|0||16|OH|619938|9919000|0|0|0|0||0|0|0|0||| |0|0|| |-  -|0|810482|810482|810482|810482|810482|810482|810482|810482|810482|810482|810482|1003698|0||0|||1|0|00
2026|01|527010|015|08|WA|4719|EBA|01|51|1|003|100|AJ|524111|019|A|0|0| |0||||2|Transport|2|ORG|4|LOK|1|FREK|0||8|OF|2712125|21697000|0|0|0|0||0|0|0|0||| |0|0|| |-  -|0|1772864|1772864|1772864|1772864|1772864|1772864|1772864|1772864|1772864|1772864|1772864|2195496|0||0|||1|0|00
2026|01|527010|015|08|WA|4719|EBA|01|51|1|003|100|AJ|524111|019|A|0|0| |0||||3|Uang Saku Harian|2|ORG|4|LOK|3|HR|0||24|OH|278959|6695000|0|0|0|0||0|0|0|0||| |0|0|| |-  -|0|547049|547049|547049|547049|547049|547049|547049|547049|547049|547049|547049|677461|0||0|||1|0|00
2026|01|527010|015|08|WA|4719|EBA|01|51|1|003|100|AK|522151|019|A|0|0| |0||||1|Honorarium Narasumber|1|ORG|1|JAM|1|KEG|0||1|OJ|792000|792000|0|0|0|0||0|0|0|0||| |0|0|| |-  -|0|64714|64714|64714|64714|64714|64714|64714|64714|64714|64714|64714|80146|0||0|||1|0|00
2026|01|527010|015|08|WA|4719|EBA|01|51|1|003|100|AK|524111|019|A|0|0| |0||||1|Akomodasi Eselon II Kantor Pusat|4|ORG|2|HR|1|LOK|1|KEG|8|OH|1084875|8679000|0|0|0|0||0|0|0|0||| |0|0|| |-  -|0|709162|709162|709162|709162|709162|709162|709162|709162|709162|709162|709162|878218|0||0|||1|0|00
2026|01|527010|015|08|WA|4719|EBA|01|51|1|003|100|AK|524111|019|A|0|0| |0||||2|Transport|4|ORG|1|LOK|1|KEG|1|FREK|4|OF|2712250|10849000|0|0|0|0||0|0|0|0||| |0|0|| |-  -|0|886473|886473|886473|886473|886473|886473|886473|886473|886473|886473|886473|1097797|0||0|||1|0|00
2026|01|527010|015|08|WA|4719|EBA|01|51|1|003|100|AK|524111|019|A|0|0| |0||||3|Uang Harian|4|ORG|3|HR|1|KEG|0||12|OH|279000|3348000|0|0|0|0||0|0|0|0||| |0|0|| |-  -|0|273565|273565|273565|273565|273565|273565|273565|273565|273565|273565|273565|338785|0||0|||1|0|00
2026|01|527010|015|08|WA|4719|EBA|01|51|1|003|100|AK|524111|019|A|0|0| |0||||4|Uang Representasi Eselon II|2|ORG|3|HR|1|KEG|0||6|OH|116167|697000|0|0|0|0||0|0|0|0||| |0|0|| |-  -|0|56952|56952|56952|56952|56952|56952|56952|56952|56952|56952|56952|70528|0||0|||1|0|00
2026|01|527010|015|08|WA|4719|EBA|01|51|1|003|100|CA|521211|019|A|0|0| |0||||1|KDM  Makan Rapat|50|ORG|2|FR|0||0||100|OF|53529|5353000|0|0|0|0||0|0|0|0||| |0|0|| |-  -|0|437394|437394|437394|437394|437394|437394|437394|437394|437394|437394|437394|541666|0||0|||1|0|00
2026|01|527010|015|08|WA|4719|EBA|01|51|1|003|100|CA|521211|019|A|0|0| |0||||2|KDM  Snack Rapat|50|ORG|2|FR|0||0||100|OF|22538|2254000|0|0|0|0||0|0|0|0||| |0|0|| |-  -|0|184175|184175|184175|184175|184175|184175|184175|184175|184175|184175|184175|228075|0||0|||1|0|00
2026|01|527010|015|08|WA|4719|EBA|01|51|1|003|100|CA|524111|019|A|0|0| |0||||1|Akomodasi|30|ORG|6|LOK|2|HARI|1|FR|360|OH|527539|189914000|0|0|0|0||0|0|0|0||| |0|0|| |-  -|0|15517887|15517887|15517887|15517887|15517887|15517887|15517887|15517887|15517887|15517887|15517887|19217243|0||0|||1|0|00
2026|01|527010|015|08|WA|4719|EBA|01|51|1|003|100|CA|524111|019|A|0|0| |0||||2|Transport|30|ORG|6|LOK|0||0||180|OK|4287128|771683000|0|0|0|0||0|0|0|0||| |0|0|| |-  -|0|63054277|63054277|63054277|63054277|63054277|63054277|63054277|63054277|63054277|63054277|63054277|78085953|0||0|||1|0|00
2026|01|527010|015|08|WA|4719|EBA|01|51|1|003|100|CA|524111|019|A|0|0| |0||||3|Uang Saku Harian|30|ORG|6|LOK|3|HARI|0||540|OH|239152|129142000|0|0|0|0||0|0|0|0||| |0|0|| |-  -|0|10552203|10552203|10552203|10552203|10552203|10552203|10552203|10552203|10552203|10552203|10552203|13067767|0||0|||1|0|00
2026|01|527010|015|08|WA|4719|EBA|01|51|1|003|100|CB|521211|019|A|0|0| |0||||1|KDM  Konsumsi Rapat Melibatkan Menteri dan Es I|475|ORG|1|KEG|0||0||475|OK|110000|52250000|0|0|0|0||0|0|0|0||| |0|0|| |-  -|0|4269351|4269351|4269351|4269351|4269351|4269351|4269351|4269351|4269351|4269351|4269351|5287139|0||0|||1|0|00
2026|01|527010|015|08|WA|4719|EBA|01|51|1|003|100|CB|521211|019|A|0|0| |0||||2|KDM  Snack Rapat Melibatkan Menteri  Pejabat Eselon I|475|ORG|1|KEG|0||0||475|OK|49000|23275000|0|0|0|0||0|0|0|0||| |0|0|| |-  -|0|1901802|1901802|1901802|1901802|1901802|1901802|1901802|1901802|1901802|1901802|1901802|2355178|0||0|||1|0|00
2026|01|527010|015|08|WA|4719|EBA|01|51|1|003|100|CB|522151|019|A|0|0| |0||||1|Honor Narsum Setara Menteri|4|ORG|2|JAM|2|KEG|0||16|OJ|1700000|27200000|0|0|0|0||0|0|0|0||| |0|0|| |-  -|0|2222514|2222514|2222514|2222514|2222514|2222514|2222514|2222514|2222514|2222514|2222514|2752346|0||0|||1|0|00
2026|01|527010|015|08|WA|4719|EBA|01|51|1|003|100|CB|522151|019|A|0|0| |0||||2|Honor Narsum Setara Es I|2|ORG|2|JAM|2|KEG|0||8|OJ|1400000|11200000|0|0|0|0||0|0|0|0||| |0|0|| |-  -|0|915153|915153|915153|915153|915153|915153|915153|915153|915153|915153|915153|1133317|0||0|||1|0|00
2026|01|527010|015|08|WA|4719|EBA|01|51|1|003|100|CB|522151|019|A|0|0| |0||||3|Honor Narsum Setara Es II|2|ORG|2|JAM|2|KEG|0||8|OJ|1000000|8000000|0|0|0|0||0|0|0|0||| |0|0|| |-  -|0|653681|653681|653681|653681|653681|653681|653681|653681|653681|653681|653681|809509|0||0|||1|0|00
2026|01|527010|015|08|WA|4719|EBA|01|51|1|003|100|CB|522191|019|A|0|0| |0||||1|Provider Event Organizer|0||0||0||0||2|PKT|100000000|200000000|0|0|0|0||0|0|0|0||| |0|0|| |-  -|0|16342015|16342015|16342015|16342015|16342015|16342015|16342015|16342015|16342015|16342015|16342015|20237835|0||0|||1|0|00
2026|01|527010|015|08|WA|4719|EBA|01|51|1|003|100|CB|524111|019|A|0|0| |0||||1|Akomodasi|10|ORG|2|HR|2|KEG|0||40|OH|632900|25316000|0|0|0|0||0|0|0|0||| |0|0|| |-  -|0|2068572|2068572|2068572|2068572|2068572|2068572|2068572|2068572|2068572|2068572|2068572|2561708|0||0|||1|0|00
2026|01|527010|015|08|WA|4719|EBA|01|51|1|003|100|CB|524111|019|A|0|0| |0||||2|Transportasi|10|ORG|2|KEG|0||0||20|OH|3745000|74900000|0|0|0|0||0|0|0|0||| |0|0|| |-  -|0|6120085|6120085|6120085|6120085|6120085|6120085|6120085|6120085|6120085|6120085|6120085|7579065|0||0|||1|0|00
2026|01|527010|015|08|WA|4719|EBA|01|51|1|003|100|CB|524111|019|A|0|0| |0||||3|Uang Harian|10|ORG|3|HR|2|KEG|0||60|OH|251667|15100000|0|0|0|0||0|0|0|0||| |0|0|| |-  -|0|1233822|1233822|1233822|1233822|1233822|1233822|1233822|1233822|1233822|1233822|1233822|1527958|0||0|||1|0|00
2026|01|527010|015|08|WA|4719|EBA|01|51|1|003|100|CB|524119|019|A|0|0| |0|01||1|1|KementerianLembaga|0||0||0||0||0||0|0|0|0|0|0||0|0|0|0||| |0|0|| |-  -|0|0|0|0|0|0|0|0|0|0|0|0|0|0||0|||1|0|00
2026|01|527010|015|08|WA|4719|EBA|01|51|1|003|100|CB|524119|019|A|0|0| |0|02|||10|Transport Peserta Pejabat Kanver|242|ORG|2|KEG|0||0||484|OK|2996000|1450064000|0|0|0|0||0|0|0|0||| |0|0|| |-  -|0|118484840|118484840|118484840|118484840|118484840|118484840|118484840|118484840|118484840|118484840|118484840|146730760|0||0|||1|0|00
2026|01|527010|015|08|WA|4719|EBA|01|51|1|003|100|CB|524119|019|A|0|0| |0|02|||11|Uang Saku Harian|242|ORG|2|KEG|3|HR|0||1452|OH|97370|141381000|0|0|0|0||0|0|0|0||| |0|0|| |-  -|0|11552252|11552252|11552252|11552252|11552252|11552252|11552252|11552252|11552252|11552252|11552252|14306228|0||0|||1|0|00
2026|01|527010|015|08|WA|4719|EBA|01|51|1|003|100|CB|524119|019|A|0|0| |0|01|||2|Akomodasi Setara Menteri dan Pejabat Es I dan II|25|ORG|2|HR|2|KEG|0||100|OH|1008900|100890000|0|0|0|0||0|0|0|0||| |0|0|| |-  -|0|8243730|8243730|8243730|8243730|8243730|8243730|8243730|8243730|8243730|8243730|8243730|10208970|0||0|||1|0|00
2026|01|527010|015|08|WA|4719|EBA|01|51|1|003|100|CB|524119|019|A|0|0| |0|01|||3|Akomodasi Setara Pejabat Es III dan Panitia|110|ORG|2|HR|2|KEG|0||440|OH|896553|394483000|0|0|0|0||0|0|0|0||| |0|0|| |-  -|0|32233236|32233236|32233236|32233236|32233236|32233236|32233236|32233236|32233236|32233236|32233236|39917404|0||0|||1|0|00
2026|01|527010|015|08|WA|4719|EBA|01|51|1|003|100|CB|524119|019|A|0|0| |0|01|||4|Transport Peserta Pejabat Kanver|20|ORG|2|KEG|0||0||40|OK|4494000|179760000|0|0|0|0||0|0|0|0||| |0|0|| |-  -|0|14688203|14688203|14688203|14688203|14688203|14688203|14688203|14688203|14688203|14688203|14688203|18189767|0||0|||1|0|00
2026|01|527010|015|08|WA|4719|EBA|01|51|1|003|100|CB|524119|019|A|0|0| |0|01|||5|Transport Peserta Pejabat Pusat|90|ORG|2|KEG|0||0||180|OK|7490000|1348200000|0|0|0|0||0|0|0|0||| |0|0|| |-  -|0|110161525|110161525|110161525|110161525|110161525|110161525|110161525|110161525|110161525|110161525|110161525|136423225|0||0|||1|0|00
2026|01|527010|015|08|WA|4719|EBA|01|51|1|003|100|CB|524119|019|A|0|0| |0|01|||6|Uang Saku Harian|110|ORG|2|KEG|3|HR|0||660|OH|97370|64264000|0|0|0|0||0|0|0|0||| |0|0|| |-  -|0|5251016|5251016|5251016|5251016|5251016|5251016|5251016|5251016|5251016|5251016|5251016|6502824|0||0|||1|0|00
2026|01|527010|015|08|WA|4719|EBA|01|51|1|003|100|CB|524119|019|A|0|0| |0|02||1|7|Anggota BPP dan Pemda|0||0||0||0||0||0|0|0|0|0|0||0|0|0|0||| |0|0|| |-  -|0|0|0|0|0|0|0|0|0|0|0|0|0|0||0|||1|0|00
2026|01|527010|015|08|WA|4719|EBA|01|51|1|003|100|CB|524119|019|A|0|0| |0|02|||8|Akomodasi Peserta Gubernur, OAP dan POKJA|130|ORG|2|HR|2|KEG|0||520|OH|1008904|524630000|0|0|0|0||0|0|0|0||| |0|0|| |-  -|0|42867557|42867557|42867557|42867557|42867557|42867557|42867557|42867557|42867557|42867557|42867557|53086873|0||0|||1|0|00
2026|01|527010|015|08|WA|4719|EBA|01|51|1|003|100|CB|524119|019|A|0|0| |0|02|||9|Akomodasi Pemda dan Tokoh Masyarakat|112|ORG|2|HR|2|KEG|0||448|OH|896554|401656000|0|0|0|0||0|0|0|0||| |0|0|| |-  -|0|32819342|32819342|32819342|32819342|32819342|32819342|32819342|32819342|32819342|32819342|32819342|40643238|0||0|||1|0|00
2026|01|527010|015|08|WA|4719|EBA|01|51|1|003|100|CC|521211|019|A|0|0| |0||||1|KDM  Makan Rapat|150|ORG|2|KEG|4|PROV|0||1200|OK|57000|68400000|0|0|0|0||0|0|0|0||| |0|0|| |-  -|0|5588969|5588969|5588969|5588969|5588969|5588969|5588969|5588969|5588969|5588969|5588969|6921341|0||0|||1|0|00
2026|01|527010|015|08|WA|4719|EBA|01|51|1|003|100|CC|521211|019|A|0|0| |0||||2|KDM  Snack Rapat|150|ORG|2|KEG|4|PROV|0||1200|OK|24000|28800000|0|0|0|0||0|0|0|0||| |0|0|| |-  -|0|2353250|2353250|2353250|2353250|2353250|2353250|2353250|2353250|2353250|2353250|2353250|2914250|0||0|||1|0|00
2026|01|527010|015|08|WA|4719|EBA|01|51|1|003|100|CC|521211|019|A|0|0| |0||||3|CTK  Pendukung Kegiatan|100|ORG|2|KEG|4|PROV|0||800|OK|200000|160000000|0|0|0|0||0|0|0|0||| |0|0|| |-  -|0|13073612|13073612|13073612|13073612|13073612|13073612|13073612|13073612|13073612|13073612|13073612|16190268|0||0|||1|0|00
2026|01|527010|015|08|WA|4719|EBA|01|51|1|003|100|CC|522151|019|A|0|0| |0||||1|Honor Narsum Setara Es I|2|ORG|2|JAM|2|KEG|4|PRV|32|OJ|1400000|44800000|0|0|0|0||0|0|0|0||| |0|0|| |-  -|0|3660611|3660611|3660611|3660611|3660611|3660611|3660611|3660611|3660611|3660611|3660611|4533279|0||0|||1|0|00
2026|01|527010|015|08|WA|4719|EBA|01|51|1|003|100|CC|522151|019|A|0|0| |0||||2|Honor Narsum Setara Es II|2|ORG|2|JAM|2|KEG|4|PROV|32|OJ|1000000|32000000|0|0|0|0||0|0|0|0||| |0|0|| |-  -|0|2614722|2614722|2614722|2614722|2614722|2614722|2614722|2614722|2614722|2614722|2614722|3238058|0||0|||1|0|00
2026|01|527010|015|08|WA|4719|EBA|01|51|1|003|100|CC|522191|019|A|0|0| |0||||1|Provider Event Organizer|1|PKT|0||0||0||1|PKT|93484000|93484000|0|0|0|0||0|0|0|0||| |0|0|| |-  -|0|7638585|7638585|7638585|7638585|7638585|7638585|7638585|7638585|7638585|7638585|7638585|9459565|0||0|||1|0|00
2026|01|527010|015|08|WA|4719|EBA|01|51|1|003|100|CC|524111|019|A|0|0| |0||||1|Akomodasi|20|ORG|2|HR|2|KEG|4|PROV|320|OH|1872500|599200000|0|0|0|0||0|0|0|0||| |0|0|| |-  -|0|48960678|48960678|48960678|48960678|48960678|48960678|48960678|48960678|48960678|48960678|48960678|60632542|0||0|||1|0|00
2026|01|527010|015|08|WA|4719|EBA|01|51|1|003|100|CC|524111|019|A|0|0| |0||||2|Transportasi|20|ORG|2|KEG|4|PROV|0||160|OH|2771300|443408000|0|0|0|0||0|0|0|0||| |0|0|| |-  -|0|36230901|36230901|36230901|36230901|36230901|36230901|36230901|36230901|36230901|36230901|36230901|44868089|0||0|||1|0|00
2026|01|527010|015|08|WA|4719|EBA|01|51|1|003|100|CC|524111|019|A|0|0| |0||||3|Uang Harian|20|ORG|3|HR|2|KEG|4|PROV|480|OH|347536|166817000|0|0|0|0||0|0|0|0||| |0|0|| |-  -|0|13630630|13630630|13630630|13630630|13630630|13630630|13630630|13630630|13630630|13630630|13630630|16880070|0||0|||1|0|00
2026|01|527010|015|08|WA|4719|EBA|01|51|1|003|100|CC|524111|019|A|0|0| |0||||4|Uang Harian Kegiatan Penguatan Kelompok Kerja dan Pemda|100|ORG|3|HR|2|KEG|4|PROV|2400|OH|347536|834086000|0|0|0|0||0|0|0|0||| |0|0|| |-  -|0|68153231|68153231|68153231|68153231|68153231|68153231|68153231|68153231|68153231|68153231|68153231|84400459|0||0|||1|0|00
2026|01|527010|015|08|WA|4719|EBA|01|51|1|003|100|CD|522151|019|A|0|0| |0||||1|Honor Narsum Setara Menteri|4|ORG|2|JAM|2|KEG|0||16|OJ|1400000|22400000|0|0|0|0||0|0|0|0||| |0|0|| |-  -|0|1830306|1830306|1830306|1830306|1830306|1830306|1830306|1830306|1830306|1830306|1830306|2266634|0||0|||1|0|00
2026|01|527010|015|08|WA|4719|EBA|01|51|1|003|100|CD|522151|019|A|0|0| |0||||2|Honor Narsum Setara Es II|2|ORG|2|JAM|2|KEG|0||8|OJ|1000000|8000000|0|0|0|0||0|0|0|0||| |0|0|| |-  -|0|653681|653681|653681|653681|653681|653681|653681|653681|653681|653681|653681|809509|0||0|||1|0|00
2026|01|527010|015|08|WA|4719|EBA|01|51|1|003|100|CD|522191|019|A|0|0| |0||||1|Provider Event Organizer|1|PKT|2|KEG|0||0||2|PKT|100000000|200000000|0|0|0|0||0|0|0|0||| |0|0|| |-  -|0|16342015|16342015|16342015|16342015|16342015|16342015|16342015|16342015|16342015|16342015|16342015|20237835|0||0|||1|0|00
2026|01|527010|015|08|WA|4719|EBA|01|51|1|003|100|CD|524111|019|A|0|0| |0||||1|Akomodasi|10|ORG|2|HR|2|KEG|0||40|OH|632900|25316000|0|0|0|0||0|0|0|0||| |0|0|| |-  -|0|2068572|2068572|2068572|2068572|2068572|2068572|2068572|2068572|2068572|2068572|2068572|2561708|0||0|||1|0|00
2026|01|527010|015|08|WA|4719|EBA|01|51|1|003|100|CD|524111|019|A|0|0| |0||||2|Transportasi|10|ORG|2|KEG|0||0||20|OH|2996000|59920000|0|0|0|0||0|0|0|0||| |0|0|| |-  -|0|4896068|4896068|4896068|4896068|4896068|4896068|4896068|4896068|4896068|4896068|4896068|6063252|0||0|||1|0|00
2026|01|527010|015|08|WA|4719|EBA|01|51|1|003|100|CD|524111|019|A|0|0| |0||||3|Uang Harian|10|ORG|3|HR|2|KEG|0||60|OH|224700|13482000|0|0|0|0||0|0|0|0||| |0|0|| |-  -|0|1101615|1101615|1101615|1101615|1101615|1101615|1101615|1101615|1101615|1101615|1101615|1364235|0||0|||1|0|00
2026|01|527010|015|08|WA|4719|EBA|01|51|1|003|100|CD|524119|019|A|0|0| |0||||1|Akomodasi Pejabat|216|ORG|2|HR|2|KEG|0||864|OH|896554|774622000|0|0|0|0||0|0|0|0||| |0|0|| |-  -|0|63294423|63294423|63294423|63294423|63294423|63294423|63294423|63294423|63294423|63294423|63294423|78383347|0||0|||1|0|00
2026|01|527010|015|08|WA|4719|EBA|01|51|1|003|100|CD|524119|019|A|0|0| |0||||2|Transport Peserta Kanpus|30|ORG|2|KEG|0||0||60|OK|1498000|89880000|0|0|0|0||0|0|0|0||| |0|0|| |-  -|0|7344102|7344102|7344102|7344102|7344102|7344102|7344102|7344102|7344102|7344102|7344102|9094878|0||0|||1|0|00
2026|01|527010|015|08|WA|4719|EBA|01|51|1|003|100|CD|524119|019|A|0|0| |0||||3|Transport Peserta Pejabat Pusat|216|ORG|2|KEG|0||0||432|OK|2097408|906080000|0|0|0|0||0|0|0|0||| |0|0|| |-  -|0|74035866|74035866|74035866|74035866|74035866|74035866|74035866|74035866|74035866|74035866|74035866|91685474|0||0|||1|0|00
2026|01|527010|015|08|WA|4719|EBA|01|51|1|003|100|CD|524119|019|A|0|0| |0||||4|Uang Saku Harian|216|ORG|2|KEG|3|HR|0||1296|OH|97371|126192000|0|0|0|0||0|0|0|0||| |0|0|| |-  -|0|10311158|10311158|10311158|10311158|10311158|10311158|10311158|10311158|10311158|10311158|10311158|12769262|0||0|||1|0|00
2026|01|527010|015|08|WA|4719|EBA|01|51|1|003|100|DA|521211|019|A|0|0| |0||||1|Pendukung Kegiatan|0||0||0||0||1|PKT|200000000|200000000|0|0|0|0||0|0|0|0||| |0|0|| |-  -|0|16342015|16342015|16342015|16342015|16342015|16342015|16342015|16342015|16342015|16342015|16342015|20237835|0||0|||1|0|00
2026|01|527010|015|08|WA|4719|EBA|01|51|1|003|100|DA|524111|019|A|0|0| |0||||1|Akomodasi|60|ORG|2|HR|1|KEG|0||120|OH|799000|95880000|0|0|0|0||0|0|0|0||| |0|0|| |-  -|0|7834362|7834362|7834362|7834362|7834362|7834362|7834362|7834362|7834362|7834362|7834362|9702018|0||0|||1|0|00
2026|01|527010|015|08|WA|4719|EBA|01|51|1|003|100|DA|524111|019|A|0|0| |0||||2|Transportasi|60|ORG|1|KEG|0||0||60|OK|2950600|177036000|0|0|0|0||0|0|0|0||| |0|0|| |-  -|0|14465625|14465625|14465625|14465625|14465625|14465625|14465625|14465625|14465625|14465625|14465625|17914125|0||0|||1|0|00
2026|01|527010|015|08|WA|4719|EBA|01|51|1|003|100|DA|524111|019|A|0|0| |0||||3|Uang Harian|60|ORG|3|HR|1|KEG|0||180|OH|344000|61920000|0|0|0|0||0|0|0|0||| |0|0|| |-  -|0|5059486|5059486|5059486|5059486|5059486|5059486|5059486|5059486|5059486|5059486|5059486|6265654|0||0|||1|0|00
2026|01|527010|015|08|WA|4719|EBA|01|51|1|994|001|CA|511129|019|A|0|0| |0||||1|Belanja Uang Makan PNS Gol.II|348|ORG|20|HR|12|BLN|0||83520|OH|35000|2923200000|0|0|0|0||0|0|0|0||| |0|0|| |-  -|0|243600000|243600000|243600000|243600000|243600000|243600000|243600000|243600000|243600000|243600000|243600000|243600000|0||0|||1|0|00
2026|01|527010|015|08|WA|4719|EBA|01|51|1|994|001|CA|511129|019|A|0|0| |0||||2|Belanja Uang Makan PNS Gol.III|420|ORG|20|HR|12|BLN|0||100800|OH|37000|3729600000|0|0|0|0||0|0|0|0||| |0|0|| |-  -|0|310800000|310800000|310800000|310800000|310800000|310800000|310800000|310800000|310800000|310800000|310800000|310800000|0||0|||1|0|00
2026|01|527010|015|08|WA|4719|EBA|01|51|1|994|001|CA|511129|019|A|0|0| |0||||3|Belanja Uang Makan PNS Gol.IV|86|ORG|20|HR|12|BLN|0||20640|OH|41000|846240000|0|0|0|0||0|0|0|0||| |0|0|| |-  -|0|70520000|70520000|70520000|70520000|70520000|70520000|70520000|70520000|70520000|70520000|70520000|70520000|0||0|||1|0|00
2026|01|527010|015|08|WA|4719|EBA|01|51|1|994|001|CA|512211|019|A|0|0| |0||||1|Uang Lembur Golongan II|375|ORG|2|JAM|6|HR|12|BLN|54000|OJ|21656|1169424000|0|0|0|0||0|0|0|0||| |0|0|| |-  -|0|97452000|97452000|97452000|97452000|97452000|97452000|97452000|97452000|97452000|97452000|97452000|97452000|0||0|||1|0|00
2026|01|527010|015|08|WA|4719|EBA|01|51|1|994|001|CA|512211|019|A|0|0| |0||||2|Uang Lembur Golongan III|463|ORG|2|JAM|8|HR|12|BLN|88896|OJ|27069|2406325000|0|0|0|0||0|0|0|0||| |0|0|| |-  -|0|200527000|200527000|200527000|200527000|200527000|200527000|200527000|200527000|200527000|200527000|200527000|200528000|0||0|||1|0|00
2026|01|527010|015|08|WA|4719|EBA|01|51|1|994|001|CA|512211|019|A|0|0| |0||||3|Uang Lembur Golongan IV|90|ORG|2|JAM|3|HR|12|BLN|6480|OJ|32483|210489000|0|0|0|0||0|0|0|0||| |0|0|| |-  -|0|17540000|17540000|17540000|17540000|17540000|17540000|17540000|17540000|17540000|17540000|17540000|17549000|0||0|||1|0|00
2026|01|527010|015|08|WA|4719|EBA|01|51|1|994|001|CA|512211|019|A|0|0| |0||||4|Uang Makan Lembur Golongan II|200|ORG|4|HR|12|BLN|0||9600|OH|31581|303177000|0|0|0|0||0|0|0|0||| |0|0|| |-  -|0|25264000|25264000|25264000|25264000|25264000|25264000|25264000|25264000|25264000|25264000|25264000|25273000|0||0|||1|0|00
2026|01|527010|015|08|WA|4719|EBA|01|51|1|994|001|CA|512211|019|A|0|0| |0||||5|Uang Makan Lembur Golongan III|298|ORG|4|HR|12|BLN|0||14304|OH|33385|477539000|0|0|0|0||0|0|0|0||| |0|0|| |-  -|0|39794000|39794000|39794000|39794000|39794000|39794000|39794000|39794000|39794000|39794000|39794000|39805000|0||0|||1|0|00
2026|01|527010|015|08|WA|4719|EBA|01|51|1|994|001|CA|512211|019|A|0|0| |0||||6|Uang Makan Lembur Golongan IV|101|ORG|4|HR|12|BLN|0||4848|OH|36994|179346000|0|0|0|0||0|0|0|0||| |0|0|| |-  -|0|14945000|14945000|14945000|14945000|14945000|14945000|14945000|14945000|14945000|14945000|14945000|14951000|0||0|||1|0|00
2026|01|527010|015|08|WA|4719|EBA|01|51|1|994|001|CB|511611|019|A|0|0| |0||||1|Gaji Pokok PPPK|57|ORG|14|BLN|0||0||798|OB|3008501|2400783000|0|0|0|0||0|0|0|0||| |0|0|| |-  -|0|200065000|200065000|200065000|200065000|200065000|200065000|200065000|200065000|200065000|200065000|200065000|200068000|0||0|||1|0|00
2026|01|527010|015|08|WA|4719|EBA|01|51|1|994|001|CB|511619|019|A|0|0| |0||||1|Pembulatan Gaji PPPK|50|ORG|1|THN|0||0||50|OB|11960|598000|0|0|0|0||0|0|0|0||| |0|0|| |-  -|0|49000|49000|49000|49000|49000|49000|49000|49000|49000|49000|49000|59000|0||0|||1|0|00
2026|01|527010|015|08|WA|4719|EBA|01|51|1|994|001|CB|511621|019|A|0|0| |0||||1|Tunjangan SuamiIstri PPPK|23|ORG|14|BLN|0||0||322|OB|300850|96874000|0|0|0|0||0|0|0|0||| |0|0|| |-  -|0|8072000|8072000|8072000|8072000|8072000|8072000|8072000|8072000|8072000|8072000|8072000|8082000|0||0|||1|0|00
2026|01|527010|015|08|WA|4719|EBA|01|51|1|994|001|CB|511622|019|A|0|0| |0||||1|Tunjangan Anak PPPK|20|ORG|14|BLN|0||0||280|OB|60175|16849000|0|0|0|0||0|0|0|0||| |0|0|| |-  -|0|1404000|1404000|1404000|1404000|1404000|1404000|1404000|1404000|1404000|1404000|1404000|1405000|0||0|||1|0|00
2026|01|527010|015|08|WA|4719|EBA|01|51|1|994|001|CB|511624|019|A|0|0| |0||||1|Tunjangan Fungsional PPPK|57|ORG|14|BLN|0||0||798|OB|507115|404677000|0|0|0|0||0|0|0|0||| |0|0|| |-  -|0|33723000|33723000|33723000|33723000|33723000|33723000|33723000|33723000|33723000|33723000|33723000|33724000|0||0|||1|0|00
2026|01|527010|015|08|WA|4719|EBA|01|51|1|994|001|CB|511625|019|A|0|0| |0||||1| Tunjangan Beras PPPK|101|ORG|14|BLN|0||0||1414|OB|67615|95608000|0|0|0|0||0|0|0|0||| |0|0|| |-  -|0|7967000|7967000|7967000|7967000|7967000|7967000|7967000|7967000|7967000|7967000|7967000|7971000|0||0|||1|0|00
2026|01|527010|015|08|WA|4719|EBA|01|51|1|994|001|CB|511628|019|A|0|0| |0||||1|Belanja Uang Makan PPPK|57|ORG|20|HR|12|BLN|0||13680|OH|34747|475338000|0|0|0|0||0|0|0|0||| |0|0|| |-  -|0|39611000|39611000|39611000|39611000|39611000|39611000|39611000|39611000|39611000|39611000|39611000|39617000|0||0|||1|0|00
2026|01|527010|015|08|WA|4719|EBA|01|51|1|994|001|CB|511632|019|A|0|0| |0||||1|Tunjangan Papua PPPK|2|ORG|14|BLN|0||0||28|OB|399118|11175000|0|0|0|0||0|0|0|0||| |0|0|| |-  -|0|931000|931000|931000|931000|931000|931000|931000|931000|931000|931000|931000|934000|0||0|||1|0|00
2026|01|527010|015|08|WA|4719|EBA|01|51|1|994|001|CB|512212|019|A|0|0| |0||||1|Uang Lembur Golongan III|57|ORG|2|JAM|4|HR|12|BLN|5472|OJ|25420|139098000|0|0|0|0||0|0|0|0||| |0|0|| |-  -|0|11591000|11591000|11591000|11591000|11591000|11591000|11591000|11591000|11591000|11591000|11591000|11597000|0||0|||1|0|00
2026|01|527010|015|08|WA|4719|EBA|01|51|1|994|001|CB|512212|019|A|0|0| |0||||2|Uang Makan Lembur Golongan III|57|ORG|4|HR|12|BLN|0||2736|OH|31352|85779000|0|0|0|0||0|0|0|0||| |0|0|| |-  -|0|7148000|7148000|7148000|7148000|7148000|7148000|7148000|7148000|7148000|7148000|7148000|7151000|0||0|||1|0|00
2026|01|527010|015|08|WA|4719|EBA|01|51|1|007|100|EA|522191|019|A|0|0| |0||||1|Belanja Jasa Sertifikasi|2|PKT|1|FREK|0||0||2|PKT|18160000|36320000|0|0|0|0||0|0|0|0||| |0|0|| |-  -|0|3026000|3026000|3026000|3026000|3026000|3026000|3026000|3026000|3026000|3026000|3026000|3034000|0||0|||1|0|00
2026|01|527010|015|08|WA|4719|EBA|01|51|1|007|100|EA|524111|019|A|0|0| |0||||1|Akomodasi|3|ORG|2|HR|3|FREK|0||18|OF|542445|9764000|0|0|0|0||0|0|0|0||| |0|0|| |-  -|0|813000|813000|813000|813000|813000|813000|813000|813000|813000|813000|813000|821000|0||0|||1|0|00
2026|01|527010|015|08|WA|4719|EBA|01|51|1|007|100|EA|524111|019|A|0|0| |0||||2|Transport|3|ORG|3|FREK|0||0||9|OF|2324667|20922000|0|0|0|0||0|0|0|0||| |0|0|| |-  -|0|1743000|1743000|1743000|1743000|1743000|1743000|1743000|1743000|1743000|1743000|1743000|1749000|0||0|||1|0|00
2026|01|527010|015|08|WA|4719|EBA|01|51|1|007|100|EA|524111|019|A|0|0| |0||||3|Uang Harian|3|ORG|3|HR|3|FREK|0||27|OH|271223|7323000|0|0|0|0||0|0|0|0||| |0|0|| |-  -|0|610000|610000|610000|610000|610000|610000|610000|610000|610000|610000|610000|613000|0||0|||1|0|00
2026|01|527010|015|08|WA|4719|EBC|01|51|1|003|100|BA|521211|019|A|0|0| |0|01||1|1|Rapat Koordinasi Penyelesaian Usul Kenaikan Pangkat|0||0||0||0||0||0|0|0|0|0|0||0|0|0|0||| |0|0|| |-  -|0|0|0|0|0|0|0|0|0|0|0|0|0|0||0|||1|0|00
2026|01|527010|015|08|WA|4719|EBC|01|51|1|003|100|BA|521211|019|A|0|0| |0|04||1|10|Rapat Koordinasi Penyelesaian Pensiun|0||0||0||0||0||0|0|0|0|0|0||0|0|0|0||| |0|0|| |-  -|0|0|0|0|0|0|0|0|0|0|0|0|0|0||0|||1|0|00
2026|01|527010|015|08|WA|4719|EBC|01|51|1|003|100|BA|521211|019|A|0|0| |0|04|||11|KDM  Makan Rapat|10|ORG|1|HARI|1|FREK|0||10|OF|34600|346000|0|0|0|0||0|0|0|0||| |0|0|| |-  -|0|28000|28000|28000|28000|28000|28000|28000|28000|28000|28000|28000|38000|0||0|||1|0|00
2026|01|527010|015|08|WA|4719|EBC|01|51|1|003|100|BA|521211|019|A|0|0| |0|04|||12|KDM  Snack Rapat|10|ORG|1|HARI|1|FREK|0||10|OF|13900|139000|0|0|0|0||0|0|0|0||| |0|0|| |-  -|0|11000|11000|11000|11000|11000|11000|11000|11000|11000|11000|11000|18000|0||0|||1|0|00
2026|01|527010|015|08|WA|4719|EBC|01|51|1|003|100|BA|521211|019|A|0|0| |0|05||1|13|Pelantikan dan Pengambilan Sumpah Jabatan|0||0||0||0||0||0|0|0|0|0|0||0|0|0|0||| |0|0|| |-  -|0|0|0|0|0|0|0|0|0|0|0|0|0|0||0|||1|0|00
2026|01|527010|015|08|WA|4719|EBC|01|51|1|003|100|BA|521211|019|A|0|0| |0|05|||14|KDM  Makan Rapat|20|ORG|5|FREK|0||0||100|OF|34650|3465000|0|0|0|0||0|0|0|0||| |0|0|| |-  -|0|288000|288000|288000|288000|288000|288000|288000|288000|288000|288000|288000|297000|0||0|||1|0|00
2026|01|527010|015|08|WA|4719|EBC|01|51|1|003|100|BA|521211|019|A|0|0| |0|05|||15|KDM  Snack Rapat|20|ORG|7|FREK|0||0||140|OF|13858|1940000|0|0|0|0||0|0|0|0||| |0|0|| |-  -|0|161000|161000|161000|161000|161000|161000|161000|161000|161000|161000|161000|169000|0||0|||1|0|00
2026|01|527010|015|08|WA|4719|EBC|01|51|1|003|100|BA|521211|019|A|0|0| |0|05|||16|CTK  Belanja Bahan Sumpah dan Pelantikan Jabatan|20|ORG|5|FREK|0||0||100|OF|34650|3465000|0|0|0|0||0|0|0|0||| |0|0|| |-  -|0|288000|288000|288000|288000|288000|288000|288000|288000|288000|288000|288000|297000|0||0|||1|0|00
2026|01|527010|015|08|WA|4719|EBC|01|51|1|003|100|BA|521211|019|A|0|0| |0|06||1|17|Sosialisasi dan Monitoring Implementasi Human Resources Information System|0||0||0||0||0||0|0|0|0|0|0||0|0|0|0||| |0|0|| |-  -|0|0|0|0|0|0|0|0|0|0|0|0|0|0||0|||1|0|00
2026|01|527010|015|08|WA|4719|EBC|01|51|1|003|100|BA|521211|019|A|0|0| |0|06|||18|KDM  biaya Konsumsi Makan Sosialisasi  Monitoring Implementasi Office Automation|10|ORG|5|LOK|1|HARI|0||50|OF|34640|1732000|0|0|0|0||0|0|0|0||| |0|0|| |-  -|0|144000|144000|144000|144000|144000|144000|144000|144000|144000|144000|144000|148000|0||0|||1|0|00
2026|01|527010|015|08|WA|4719|EBC|01|51|1|003|100|BA|521211|019|A|0|0| |0|06|||19|KDM  Biaya Konsumsi Snack Sosialisasi  Monitoring Implementasi Office Automation|10|ORG|5|LOK|1|HARI|0||50|OF|13860|693000|0|0|0|0||0|0|0|0||| |0|0|| |-  -|0|57000|57000|57000|57000|57000|57000|57000|57000|57000|57000|57000|66000|0||0|||1|0|00
2026|01|527010|015|08|WA|4719|EBC|01|51|1|003|100|BA|521211|019|A|0|0| |0|01|||2|KDM  Makan Rapat|10|ORG|2|HARI|2|FREK|0||40|OF|34650|1386000|0|0|0|0||0|0|0|0||| |0|0|| |-  -|0|115000|115000|115000|115000|115000|115000|115000|115000|115000|115000|115000|121000|0||0|||1|0|00
2026|01|527010|015|08|WA|4719|EBC|01|51|1|003|100|BA|521211|019|A|0|0| |0|01|||3|KDM  Snack Rapat|10|ORG|2|HARI|2|FREK|0||40|OF|13850|554000|0|0|0|0||0|0|0|0||| |0|0|| |-  -|0|46000|46000|46000|46000|46000|46000|46000|46000|46000|46000|46000|48000|0||0|||1|0|00
2026|01|527010|015|08|WA|4719|EBC|01|51|1|003|100|BA|521211|019|A|0|0| |0|02||1|4|Rapat Koordinasi Penyelesaian Penghargaan SLKS|0||0||0||0||0||0|0|0|0|0|0||0|0|0|0||| |0|0|| |-  -|0|0|0|0|0|0|0|0|0|0|0|0|0|0||0|||1|0|00
2026|01|527010|015|08|WA|4719|EBC|01|51|1|003|100|BA|521211|019|A|0|0| |0|02|||5|KDM  Makan Rapat|10|ORG|2|HARI|1|FREK|0||20|OF|13850|277000|0|0|0|0||0|0|0|0||| |0|0|| |-  -|0|23000|23000|23000|23000|23000|23000|23000|23000|23000|23000|23000|24000|0||0|||1|0|00
2026|01|527010|015|08|WA|4719|EBC|01|51|1|003|100|BA|521211|019|A|0|0| |0|02|||6|KDM  Snack Rapat|10|ORG|2|HARI|1|FREK|0||20|OF|13850|277000|0|0|0|0||0|0|0|0||| |0|0|| |-  -|0|23000|23000|23000|23000|23000|23000|23000|23000|23000|23000|23000|24000|0||0|||1|0|00
2026|01|527010|015|08|WA|4719|EBC|01|51|1|003|100|BA|521211|019|A|0|0| |0|03||1|7|Forum Kanreg BKN|0||0||0||0||0||0|0|0|0|0|0||0|0|0|0||| |0|0|| |-  -|0|0|0|0|0|0|0|0|0|0|0|0|0|0||0|||1|0|00
2026|01|527010|015|08|WA|4719|EBC|01|51|1|003|100|BA|521211|019|A|0|0| |0|03|||8|KDM  Makan Rapat|10|ORG|5|LOK|1|HARI|0||50|OF|34640|1732000|0|0|0|0||0|0|0|0||| |0|0|| |-  -|0|144000|144000|144000|144000|144000|144000|144000|144000|144000|144000|144000|148000|0||0|||1|0|00
2026|01|527010|015|08|WA|4719|EBC|01|51|1|003|100|BA|521211|019|A|0|0| |0|03|||9|KDM  Snack Rapat|10|ORG|5|LOK|1|HARI|0||50|OF|13860|693000|0|0|0|0||0|0|0|0||| |0|0|| |-  -|0|57000|57000|57000|57000|57000|57000|57000|57000|57000|57000|57000|66000|0||0|||1|0|00
2026|01|527010|015|08|WA|4719|EBC|01|51|1|003|100|BA|522151|019|A|0|0| |0||||1|1. Honorarium Narasumber UKP|2|ORG|2|JAM|2|FREK|0||8|OJ|880000|7040000|0|0|0|0||0|0|0|0||| |0|0|| |-  -|0|586000|586000|586000|586000|586000|586000|586000|586000|586000|586000|586000|594000|0||0|||1|0|00
2026|01|527010|015|08|WA|4719|EBC|01|51|1|003|100|BA|522151|019|A|0|0| |0||||2|2. Honorarium Narasumber BKN|2|ORG|2|JAM|2|FREK|0||8|OJ|880000|7040000|0|0|0|0||0|0|0|0||| |0|0|| |-  -|0|586000|586000|586000|586000|586000|586000|586000|586000|586000|586000|586000|594000|0||0|||1|0|00
2026|01|527010|015|08|WA|4719|EBC|01|51|1|003|100|BA|522151|019|A|0|0| |0||||3|3. Honorarium Narasumber asistensi pengelolaan SDM bagi instansi vertikal|2|ORG|1|JAM|2|FREK|0||4|OJ|880000|3520000|0|0|0|0||0|0|0|0||| |0|0|| |-  -|0|293000|293000|293000|293000|293000|293000|293000|293000|293000|293000|293000|297000|0||0|||1|0|00
2026|01|527010|015|08|WA|4719|EBC|01|51|1|003|100|BA|524111|019|A|0|0| |0|01||1|1|Asistensi Layanan SDM|0||0||0||0||0||0|0|0|0|0|0||0|0|0|0||| |0|0|| |-  -|0|0|0|0|0|0|0|0|0|0|0|0|0|0||0|||1|0|00
2026|01|527010|015|08|WA|4719|EBC|01|51|1|003|100|BA|524111|019|A|0|0| |0|03|||10|1. Biaya Penginapan Perjadin Asistensi Penegakan Disiplin Pegawai|2|ORG|2|MLM|2|LOK|1|FREK|8|OF|387500|3100000|0|0|0|0||0|0|0|0||| |0|0|| |-  -|0|258000|258000|258000|258000|258000|258000|258000|258000|258000|258000|258000|262000|0||0|||1|0|00
2026|01|527010|015|08|WA|4719|EBC|01|51|1|003|100|BA|524111|019|A|0|0| |0|03|||11|2. Uang Harian Perjadin Perjadin Asistensi Penegakan Disiplin Pegawai|2|ORG|2|HARI|2|LOK|1|FREK|8|OF|232500|1860000|0|0|0|0||0|0|0|0||| |0|0|| |-  -|0|155000|155000|155000|155000|155000|155000|155000|155000|155000|155000|155000|155000|0||0|||1|0|00
2026|01|527010|015|08|WA|4719|EBC|01|51|1|003|100|BA|524111|019|A|0|0| |0|03|||12|3. Biaya Transportasi Perjadin Asistensi Penegakan Disiplin Pegawai|2|ORG|2|LOK|1|FREK|0||4|OF|2905750|11623000|0|0|0|0||0|0|0|0||| |0|0|| |-  -|0|968000|968000|968000|968000|968000|968000|968000|968000|968000|968000|968000|975000|0||0|||1|0|00
2026|01|527010|015|08|WA|4719|EBC|01|51|1|003|100|BA|524111|019|A|0|0| |0|04||1|13|Sosialisasi dan Monitoring Implementasi Human Resources Information System|0||0||0||0||0||0|0|0|0|0|0||0|0|0|0||| |0|0|| |-  -|0|0|0|0|0|0|0|0|0|0|0|0|0|0||0|||1|0|00
2026|01|527010|015|08|WA|4719|EBC|01|51|1|003|100|BA|524111|019|A|0|0| |0|04|||14|1. Biaya Penginapan Perjadin Sosialisasi  Monitoring Implementasi Office Automation|2|ORG|2|MLM|2|LOK|0||8|OF|382750|3062000|0|0|0|0||0|0|0|0||| |0|0|| |-  -|0|255000|255000|255000|255000|255000|255000|255000|255000|255000|255000|255000|257000|0||0|||1|0|00
2026|01|527010|015|08|WA|4719|EBC|01|51|1|003|100|BA|524111|019|A|0|0| |0|04|||15|2. Uang Harian Perjadin Perjadin Sosialisasi  Monitoring Implementasi Office Automation|2|ORG|3|HARI|2|LOK|0||12|OF|232500|2790000|0|0|0|0||0|0|0|0||| |0|0|| |-  -|0|232000|232000|232000|232000|232000|232000|232000|232000|232000|232000|232000|238000|0||0|||1|0|00
2026|01|527010|015|08|WA|4719|EBC|01|51|1|003|100|BA|524111|019|A|0|0| |0|04|||16|3. Biaya Transportasi Perjadin Sosialisasi  Monitoring Implementasi Office Automation|2|ORG|2|LOK|0||0||4|OF|2905750|11623000|0|0|0|0||0|0|0|0||| |0|0|| |-  -|0|968000|968000|968000|968000|968000|968000|968000|968000|968000|968000|968000|975000|0||0|||1|0|00
2026|01|527010|015|08|WA|4719|EBC|01|51|1|003|100|BA|524111|019|A|0|0| |0|01|||2|1. Biaya Penginapan Perjadin Asistensi Layanan SDM|2|ORG|2|MLM|2|LOK|1|FREK|8|OF|387500|3100000|0|0|0|0||0|0|0|0||| |0|0|| |-  -|0|258000|258000|258000|258000|258000|258000|258000|258000|258000|258000|258000|262000|0||0|||1|0|00
2026|01|527010|015|08|WA|4719|EBC|01|51|1|003|100|BA|524111|019|A|0|0| |0|01|||3|2. Uang Harian Perjadin Perjadin Asistensi Layanan SDM|2|ORG|3|HARI|2|LOK|1|FREK|12|OF|232500|2790000|0|0|0|0||0|0|0|0||| |0|0|| |-  -|0|232000|232000|232000|232000|232000|232000|232000|232000|232000|232000|232000|238000|0||0|||1|0|00
2026|01|527010|015|08|WA|4719|EBC|01|51|1|003|100|BA|524111|019|A|0|0| |0|01|||4|3. Biaya Transportasi Perjadin Asistensi Layanan SDM|2|ORG|2|LOK|3|FREK|0||12|OF|2905834|34870000|0|0|0|0||0|0|0|0||| |0|0|| |-  -|0|2905000|2905000|2905000|2905000|2905000|2905000|2905000|2905000|2905000|2905000|2905000|2915000|0||0|||1|0|00
2026|01|527010|015|08|WA|4719|EBC|01|51|1|003|100|BA|524111|019|A|0|0| |0|02||1|5|Rapat Koordinasi Penyelesaian UKP dan Forum Kanreg BKN|0||0||0||0||0||0|0|0|0|0|0||0|0|0|0||| |0|0|| |-  -|0|0|0|0|0|0|0|0|0|0|0|0|0|0||0|||1|0|00
2026|01|527010|015|08|WA|4719|EBC|01|51|1|003|100|BA|524111|019|A|0|0| |0|02|||6|1.  Biaya Penginapan Perjadin PesertaPanitiaNarasumber Forum Kanreg BKN|3|ORG|1|MLM|2|LOK|0||6|OF|387500|2325000|0|0|0|0||0|0|0|0||| |0|0|| |-  -|0|193000|193000|193000|193000|193000|193000|193000|193000|193000|193000|193000|202000|0||0|||1|0|00
2026|01|527010|015|08|WA|4719|EBC|01|51|1|003|100|BA|524111|019|A|0|0| |0|02|||7|2. Uang Harian Perjadin Perjadin PesertaPanitiaNarasumber Forum Kanreg BKN|3|ORG|2|HARI|2|LOK|0||12|OF|232500|2790000|0|0|0|0||0|0|0|0||| |0|0|| |-  -|0|232000|232000|232000|232000|232000|232000|232000|232000|232000|232000|232000|238000|0||0|||1|0|00
2026|01|527010|015|08|WA|4719|EBC|01|51|1|003|100|BA|524111|019|A|0|0| |0|02|||8|3. Biaya Transportasi Perjadin PesertaPanitiaNarasumber Forum Kanreg BKN|3|ORG|2|LOK|0||0||6|OF|1162334|6974000|0|0|0|0||0|0|0|0||| |0|0|| |-  -|0|581000|581000|581000|581000|581000|581000|581000|581000|581000|581000|581000|583000|0||0|||1|0|00
2026|01|527010|015|08|WA|4719|EBC|01|51|1|003|100|BA|524111|019|A|0|0| |0|03||1|9|Asistensi Penegakan Disiplin Pegawai|0||0||0||0||0||0|0|0|0|0|0||0|0|0|0||| |0|0|| |-  -|0|0|0|0|0|0|0|0|0|0|0|0|0|0||0|||1|0|00
2026|01|527010|015|08|WA|4719|EBC|01|51|1|003|100|BA|524113|019|A|0|0| |0||||1|1. Transport Lokal Rohaniwan|6|ORG|5|KEG|0||0||30|OK|116234|3487000|0|0|0|0||0|0|0|0||| |0|0|| |-  -|0|290000|290000|290000|290000|290000|290000|290000|290000|290000|290000|290000|297000|0||0|||1|0|00
2026|01|527010|015|08|WA|4719|EBC|01|51|1|003|100|BB|521211|019|A|0|0| |0||||1|KDM  Biaya Konsumsi makan RDK (Persiapan Monev Penetapan Jabatan dan Peringkat, Mutasi dan Penilaian Kinerja Pegawai)|20|ORG|2|HARI|1|FREK|0||40|OF|31500|1260000|0|0|0|0||0|0|0|0||| |0|0|| |-  -|0|105000|105000|105000|105000|105000|105000|105000|105000|105000|105000|105000|105000|0||0|||1|0|00
2026|01|527010|015|08|WA|4719|EBC|01|51|1|003|100|BB|521211|019|A|0|0| |0||||2|KDM  Biaya Konsumsi Snack RDK (Persiapan Monev Penetapan Jabatan dan Peringkat, Mutasi dan Penilaian Kinerja Pegawai)|20|ORG|2|HARI|1|FREK|0||40|OF|12600|504000|0|0|0|0||0|0|0|0||| |0|0|| |-  -|0|42000|42000|42000|42000|42000|42000|42000|42000|42000|42000|42000|42000|0||0|||1|0|00
2026|01|527010|015|08|WA|4719|EBC|01|51|1|003|100|BB|524111|019|A|0|0| |0|01||1|1|Monev Penetapan Jabatan dan Peringkat, Mutasi dan Penilaian Kinerja Pegawai|0||0||0||0||0||0|0|0|0|0|0||0|0|0|0||| |0|0|| |-  -|0|0|0|0|0|0|0|0|0|0|0|0|0|0||0|||1|0|00
2026|01|527010|015|08|WA|4719|EBC|01|51|1|003|100|BB|524111|019|A|0|0| |0|01|||2|1. Biaya Transportasi (Monev Penetapan Jabatan dan Peringkat, Mutasi dan Penilaian Kinerja Pegawai)|2|ORG|3|LOK|2|FREK|0||12|OF|1793667|21524000|0|0|0|0||0|0|0|0||| |0|0|| |-  -|0|1793000|1793000|1793000|1793000|1793000|1793000|1793000|1793000|1793000|1793000|1793000|1801000|0||0|||1|0|00
2026|01|527010|015|08|WA|4719|EBC|01|51|1|003|100|BB|524111|019|A|0|0| |0|01|||3|2. Uang Harian (Monev Penetapan Jabatan dan Peringkat, Mutasi dan Penilaian Kinerja Pegawai)|2|ORG|3|LOK|2|FREK|3|HARI|36|OF|271223|9764000|0|0|0|0||0|0|0|0||| |0|0|| |-  -|0|813000|813000|813000|813000|813000|813000|813000|813000|813000|813000|813000|821000|0||0|||1|0|00
2026|01|527010|015|08|WA|4719|EBC|01|51|1|003|100|BB|524111|019|A|0|0| |0|01|||4|3. Biaya Penginapan (Monev Penetapan Jabatan dan Peringkat, Mutasi dan Penilaian Kinerja Pegawai)|2|ORG|3|LOK|2|MLM|2|FREK|24|OF|352584|8462000|0|0|0|0||0|0|0|0||| |0|0|| |-  -|0|705000|705000|705000|705000|705000|705000|705000|705000|705000|705000|705000|707000|0||0|||1|0|00
2026|01|527010|015|08|WA|4719|EBC|01|51|1|003|100|CA|524111|019|A|0|0| |0||||1|Pesangon Pindah|300|ORG|3|FR|0||0||900|OF|1332315|1199083000|0|0|0|0||0|0|0|0||| |0|0|| |-  -|0|99923000|99923000|99923000|99923000|99923000|99923000|99923000|99923000|99923000|99923000|99923000|99930000|0||0|||1|0|00
2026|01|527010|015|08|WA|4719|EBC|01|51|1|003|100|CA|524111|019|A|0|0| |0||||2|Biaya Pindah Menetap Pensiun|0||0||0||0||128|ORG|10947407|1401268000|0|0|0|0||0|0|0|0||| |0|0|| |-  -|0|116772000|116772000|116772000|116772000|116772000|116772000|116772000|116772000|116772000|116772000|116772000|116776000|0||0|||1|0|00
2026|01|527010|015|08|WA|4719|EBC|01|51|1|003|100|XA|524111|019|A|0|0| |0||||1|1. Pimpinan Tinggi|10|ORG|2|FREK|0||0||20|OF|30000000|600000000|0|0|0|0||0|0|0|0||| |0|0|| |-  -|0|50000000|50000000|50000000|50000000|50000000|50000000|50000000|50000000|50000000|50000000|50000000|50000000|0||0|||1|0|00
2026|01|527010|015|08|WA|4719|EBC|01|51|1|003|100|XA|524111|019|A|0|0| |0||||2|2. Administrator|30|ORG|2|FREK|0||0||60|OF|25886500|1553190000|0|0|0|0||0|0|0|0||| |0|0|| |-  -|0|129432000|129432000|129432000|129432000|129432000|129432000|129432000|129432000|129432000|129432000|129432000|129438000|0||0|||1|0|00
2026|01|527010|015|08|WA|4719|EBC|01|51|1|003|100|XA|524111|019|A|0|0| |0||||3|3. Pengawas|100|ORG|2|FREK|0||0||200|OF|25500000|5100000000|0|0|0|0||0|0|0|0||| |0|0|| |-  -|0|425000000|425000000|425000000|425000000|425000000|425000000|425000000|425000000|425000000|425000000|425000000|425000000|0||0|||1|0|00
2026|01|527010|015|08|WA|4719|EBC|01|51|1|003|100|XA|524111|019|A|0|0| |0||||4|4. Fungsional|60|ORG|1|FREK|0||0||60|OF|15000000|900000000|0|0|0|0||0|0|0|0||| |0|0|| |-  -|0|75000000|75000000|75000000|75000000|75000000|75000000|75000000|75000000|75000000|75000000|75000000|75000000|0||0|||1|0|00
2026|01|527010|015|08|WA|4719|EBC|01|51|1|003|100|XA|524111|019|A|0|0| |0||||5|5. Pelaksana|125|ORG|1|FREK|0||0||125|OF|15000000|1875000000|0|0|0|0||0|0|0|0||| |0|0|| |-  -|0|156250000|156250000|156250000|156250000|156250000|156250000|156250000|156250000|156250000|156250000|156250000|156250000|0||0|||1|0|00
2026|01|527010|015|08|WA|4719|EBC|01|51|1|003|100|XA|524111|019|A|0|0| |0||||6|6. Penempatan Pegawai Baru|70|ORG|1|FREK|0||0||70|OF|10000000|700000000|0|0|0|0||0|0|0|0||| |0|0|| |-  -|0|58333000|58333000|58333000|58333000|58333000|58333000|58333000|58333000|58333000|58333000|58333000|58337000|0||0|||1|0|00
2026|01|527010|015|08|WA|4719|EBC|01|51|1|003|100|XA|524111|019|A|0|0| |0|01||1|7|PB.13  Kekurangan Mutasi TAYL|0||0||0||0||0||0|0|0|0|0|0||0|0|0|0||| |0|0|| |-  -|0|0|0|0|0|0|0|0|0|0|0|0|0|0||0|||1|0|00
2026|01|527010|015|08|WA|4719|EBC|01|51|1|003|100|XA|524111|019|A|0|0| |0|01|||8|7. PB.13  Kekurangan Biaya Mutasi Tahun Sebelumnya|150|ORG|1|FREK|0||0||150|OF|13688860|2053329000|0|0|0|0||0|0|0|0||| |0|0|| |-  -|0|171110000|171110000|171110000|171110000|171110000|171110000|171110000|171110000|171110000|171110000|171110000|171119000|0||0|||1|0|00
2026|01|527010|015|08|WA|4719|EBC|01|51|1|001|100|BA|521211|019|A|0|0| |0|01||1|1|Pelaksanaan Kegiatan Assessment Center|0||0||0||0||0||0|0|0|0|0|0||0|0|0|0||| |0|0|| |-  -|0|0|0|0|0|0|0|0|0|0|0|0|0|0||0|||1|0|00
2026|01|527010|015|08|WA|4719|EBC|01|51|1|001|100|BA|521211|019|A|0|0| |0|01|||2|KDM  Makan Rapat|10|ORG|10|FREK|1|HARI|0||100|OHF|35910|3591000|0|0|0|0||0|0|0|0||| |0|0|| |-  -|0|299000|299000|299000|299000|299000|299000|299000|299000|299000|299000|299000|302000|0||0|||1|0|00
2026|01|527010|015|08|WA|4719|EBC|01|51|1|001|100|BA|521211|019|A|0|0| |0|01|||3|KDM  Snack Rapat|10|ORG|10|FREK|1|HARI|0||100|OHF|15120|1512000|0|0|0|0||0|0|0|0||| |0|0|| |-  -|0|126000|126000|126000|126000|126000|126000|126000|126000|126000|126000|126000|126000|0||0|||1|0|00
2026|01|527010|015|08|WA|4719|EBC|01|51|1|001|100|BA|521211|019|A|0|0| |0|01|||4|CTK  Biaya Bahan Pendukung|10|UNIT|1|FREK|0||0||10|UF|181100|1811000|0|0|0|0||0|0|0|0||| |0|0|| |-  -|0|150000|150000|150000|150000|150000|150000|150000|150000|150000|150000|150000|161000|0||0|||1|0|00
2026|01|527010|015|08|WA|4719|EBC|01|51|1|001|100|BA|521211|019|A|0|0| |0|02||1|5|Pelaksanaan Kegiatan Perencanaan Strategis SDM|0||0||0||0||0||0|0|0|0|0|0||0|0|0|0||| |0|0|| |-  -|0|0|0|0|0|0|0|0|0|0|0|0|0|0||0|||1|0|00
2026|01|527010|015|08|WA|4719|EBC|01|51|1|001|100|BA|521211|019|A|0|0| |0|02|||6|KDM  Makan Rapat|10|ORG|10|FREK|1|HARI|0||100|OHF|35910|3591000|0|0|0|0||0|0|0|0||| |0|0|| |-  -|0|299000|299000|299000|299000|299000|299000|299000|299000|299000|299000|299000|302000|0||0|||1|0|00
2026|01|527010|015|08|WA|4719|EBC|01|51|1|001|100|BA|521211|019|A|0|0| |0|02|||7|KDM  Snack Rapat|10|ORG|10|FREK|1|HARI|0||100|OHF|15120|1512000|0|0|0|0||0|0|0|0||| |0|0|| |-  -|0|126000|126000|126000|126000|126000|126000|126000|126000|126000|126000|126000|126000|0||0|||1|0|00
2026|01|527010|015|08|WA|4719|EBC|01|51|1|001|100|BA|521211|019|A|0|0| |0|02|||8|CTK  Biaya Bahan Pendukung|10|UNIT|1|FREK|0||0||10|UF|217300|2173000|0|0|0|0||0|0|0|0||| |0|0|| |-  -|0|181000|181000|181000|181000|181000|181000|181000|181000|181000|181000|181000|182000|0||0|||1|0|00
2026|01|527010|015|08|WA|4719|EBC|01|51|1|001|100|BA|522131|019|A|0|0| |0||||1|1. Pengadaan Jasa Evaluasi Potensi Talent Tertentu|25|ORG|1|PKT|0||0||25|OP|1000000|25000000|0|0|0|0||0|0|0|0||| |0|0|| |-  -|0|2083000|2083000|2083000|2083000|2083000|2083000|2083000|2083000|2083000|2083000|2083000|2087000|0||0|||1|0|00
2026|01|527010|015|08|WA|4719|EBC|01|51|1|001|100|BA|522151|019|A|0|0| |0|01||1|1|Pelaksanaan Kegiatan Assessment Center|0||0||0||0||0||0|0|0|0|0|0||0|0|0|0||| |0|0|| |-  -|0|0|0|0|0|0|0|0|0|0|0|0|0|0||0|||1|0|00
2026|01|527010|015|08|WA|4719|EBC|01|51|1|001|100|BA|522151|019|A|0|0| |0|01|||2|1. Honorarium Associate Assessor Kegiatan ReAssessment Center|953|ORG|1|JAM|0||0||953|OJ|748000|712844000|0|0|0|0||0|0|0|0||| |0|0|| |-  -|0|59403000|59403000|59403000|59403000|59403000|59403000|59403000|59403000|59403000|59403000|59403000|59411000|0||0|||1|0|00
2026|01|527010|015|08|WA|4719|EBC|01|51|1|001|100|BA|522151|019|A|0|0| |0|01|||3|2. Honorarium Associate Assessor  Assessor Meeting|955|ORG|1|JAM|0||0||955|OJ|264000|252120000|0|0|0|0||0|0|0|0||| |0|0|| |-  -|0|21010000|21010000|21010000|21010000|21010000|21010000|21010000|21010000|21010000|21010000|21010000|21010000|0||0|||1|0|00
2026|01|527010|015|08|WA|4719|EBC|01|51|1|001|100|BA|522151|019|A|0|0| |0|02||1|4|Pelaksanaan Kegiatan Perencanaan Strategis SDM|0||0||0||0||0||0|0|0|0|0|0||0|0|0|0||| |0|0|| |-  -|0|0|0|0|0|0|0|0|0|0|0|0|0|0||0|||1|0|00
2026|01|527010|015|08|WA|4719|EBC|01|51|1|001|100|BA|522151|019|A|0|0| |0|02|||5|1. Honorarium Narasumber|3|ORG|3|FREK|1|JAM|0||9|OJ|703112|6328000|0|0|0|0||0|0|0|0||| |0|0|| |-  -|0|527000|527000|527000|527000|527000|527000|527000|527000|527000|527000|527000|531000|0||0|||1|0|00
2026|01|527010|015|08|WA|4719|EBC|01|51|1|001|100|BA|524111|019|A|0|0| |0|01||1|1|Pelaksanaan Kegiatan Assessment Center|0||0||0||0||0||0|0|0|0|0|0||0|0|0|0||| |0|0|| |-  -|0|0|0|0|0|0|0|0|0|0|0|0|0|0||0|||1|0|00
2026|01|527010|015|08|WA|4719|EBC|01|51|1|001|100|BA|524111|019|A|0|0| |0|01|||2|1. Biaya Transportasi  Assessment Center|5|ORG|3|FREK|0||0||15|OF|1472334|22085000|0|0|0|0||0|0|0|0||| |0|0|| |-  -|0|1840000|1840000|1840000|1840000|1840000|1840000|1840000|1840000|1840000|1840000|1840000|1845000|0||0|||1|0|00
2026|01|527010|015|08|WA|4719|EBC|01|51|1|001|100|BA|524111|019|A|0|0| |0|01|||3|2. Biaya Uang Saku Assessment Center|5|ORG|3|FREK|3|HARI|0||45|OF|232467|10461000|0|0|0|0||0|0|0|0||| |0|0|| |-  -|0|871000|871000|871000|871000|871000|871000|871000|871000|871000|871000|871000|880000|0||0|||1|0|00
2026|01|527010|015|08|WA|4719|EBC|01|51|1|001|100|BA|524111|019|A|0|0| |0|01|||4|3. Biaya Akomodasi Assessment Center|5|ORG|3|FREK|2|MLM|0||30|OF|387434|11623000|0|0|0|0||0|0|0|0||| |0|0|| |-  -|0|968000|968000|968000|968000|968000|968000|968000|968000|968000|968000|968000|975000|0||0|||1|0|00
2026|01|527010|015|08|WA|4719|EBC|01|51|1|001|100|BA|524111|019|A|0|0| |0|02||1|5|Pelaksanaan Kegiatan Perencanaan Strategis SDM|0||0||0||0||0||0|0|0|0|0|0||0|0|0|0||| |0|0|| |-  -|0|0|0|0|0|0|0|0|0|0|0|0|0|0||0|||1|0|00
2026|01|527010|015|08|WA|4719|EBC|01|51|1|001|100|BA|524111|019|A|0|0| |0|02|||6|1. Biaya Transportasi Program Perencanaan Strategis|2|ORG|2|FREK|0||0||4|OF|1472250|5889000|0|0|0|0||0|0|0|0||| |0|0|| |-  -|0|490000|490000|490000|490000|490000|490000|490000|490000|490000|490000|490000|499000|0||0|||1|0|00
2026|01|527010|015|08|WA|4719|EBC|01|51|1|001|100|BA|524111|019|A|0|0| |0|02|||7|2. Biaya Uang Saku Program Perencanaan Strategis|2|ORG|2|FREK|3|HARI|0||12|OF|232500|2790000|0|0|0|0||0|0|0|0||| |0|0|| |-  -|0|232000|232000|232000|232000|232000|232000|232000|232000|232000|232000|232000|238000|0||0|||1|0|00
2026|01|527010|015|08|WA|4719|EBC|01|51|1|001|100|BA|524111|019|A|0|0| |0|02|||8|3. Biaya Akomodasi Program Perencanaan Strategis|2|ORG|2|FREK|2|MLM|0||8|OF|387500|3100000|0|0|0|0||0|0|0|0||| |0|0|| |-  -|0|258000|258000|258000|258000|258000|258000|258000|258000|258000|258000|258000|262000|0||0|||1|0|00
2026|01|527010|015|08|WA|4719|EBC|01|51|1|001|100|BA|524113|019|A|0|0| |0||||1|1. Transport Lokal Peserta Kegiatan Assessment Center|10|ORG|1|KEG|0||0||10|OK|116200|1162000|0|0|0|0||0|0|0|0||| |0|0|| |-  -|0|96000|96000|96000|96000|96000|96000|96000|96000|96000|96000|96000|106000|0||0|||1|0|00
2026|01|527010|015|08|WA|4719|EBC|01|51|1|001|100|BA|524113|019|A|0|0| |0||||2|2. Uang Saku Peserta Kegiatan Assessment Center|10|ORG|1|FREK|0||0||10|OF|116200|1162000|0|0|0|0||0|0|0|0||| |0|0|| |-  -|0|96000|96000|96000|96000|96000|96000|96000|96000|96000|96000|96000|106000|0||0|||1|0|00
2026|01|527010|015|08|WA|4719|EBC|01|51|1|001|100|BB|521211|019|A|0|0| |0|01||1|1|Pelaksanaan Kegiatan Manajemen Talenta|0||0||0||0||0||0|0|0|0|0|0||0|0|0|0||| |0|0|| |-  -|0|0|0|0|0|0|0|0|0|0|0|0|0|0||0|||1|0|00
2026|01|527010|015|08|WA|4719|EBC|01|51|1|001|100|BB|521211|019|A|0|0| |0|01|||2|KDM  Makan Rapat|10|ORG|10|FREK|1|HARI|0||100|OF|35910|3591000|0|0|0|0||0|0|0|0||| |0|0|| |-  -|0|299000|299000|299000|299000|299000|299000|299000|299000|299000|299000|299000|302000|0||0|||1|0|00
2026|01|527010|015|08|WA|4719|EBC|01|51|1|001|100|BB|521211|019|A|0|0| |0|01|||3|KDM  Snack Rapat|10|ORG|10|FREK|1|HARI|0||100|OF|15120|1512000|0|0|0|0||0|0|0|0||| |0|0|| |-  -|0|126000|126000|126000|126000|126000|126000|126000|126000|126000|126000|126000|126000|0||0|||1|0|00
2026|01|527010|015|08|WA|4719|EBC|01|51|1|001|100|BB|521211|019|A|0|0| |0|01|||4|3. Biaya Bahan Pendukung|20|ORG|2|FREK|0||0||40|OF|275625|11025000|0|0|0|0||0|0|0|0||| |0|0|| |-  -|0|918000|918000|918000|918000|918000|918000|918000|918000|918000|918000|918000|927000|0||0|||1|0|00
2026|01|527010|015|08|WA|4719|EBC|01|51|1|001|100|BB|521211|019|A|0|0| |0|02||1|5|Pelaksanaan Kegiatan Treasury HR Forum|0||0||0||0||0||0|0|0|0|0|0||0|0|0|0||| |0|0|| |-  -|0|0|0|0|0|0|0|0|0|0|0|0|0|0||0|||1|0|00
2026|01|527010|015|08|WA|4719|EBC|01|51|1|001|100|BB|521211|019|A|0|0| |0|02|||6|CTK  Biaya Bahan Pendukung Kegiatan HR Forum|20|ORG|1|FREK|0||0||20|OF|157500|3150000|0|0|0|0||0|0|0|0||| |0|0|| |-  -|0|262000|262000|262000|262000|262000|262000|262000|262000|262000|262000|262000|268000|0||0|||1|0|00
2026|01|527010|015|08|WA|4719|EBC|01|51|1|001|100|BB|522151|019|A|0|0| |0||||1|1. Honorarium Narasumber|2|ORG|2|FREK|2|JAM|0||8|OJ|792000|6336000|0|0|0|0||0|0|0|0||| |0|0|| |-  -|0|528000|528000|528000|528000|528000|528000|528000|528000|528000|528000|528000|528000|0||0|||1|0|00
2026|01|527010|015|08|WA|4719|EBC|01|51|1|001|100|BB|522191|019|A|0|0| |0||||1|1. Biaya Jasa Lainnya Kegiatan Treasury HR Forum|1|PKT|1|FREK|0||0||1|PF|40000000|40000000|0|0|0|0||0|0|0|0||| |0|0|| |-  -|0|3333000|3333000|3333000|3333000|3333000|3333000|3333000|3333000|3333000|3333000|3333000|3337000|0||0|||1|0|00
2026|01|527010|015|08|WA|4719|EBC|01|51|1|001|100|BB|524111|019|A|0|0| |0||||1|1. Biaya Transportasi Pelaksanaan Manajemen Talenta|3|ORG|4|FREK|0||0||12|OF|1549834|18598000|0|0|0|0||0|0|0|0||| |0|0|| |-  -|0|1549000|1549000|1549000|1549000|1549000|1549000|1549000|1549000|1549000|1549000|1549000|1559000|0||0|||1|0|00
2026|01|527010|015|08|WA|4719|EBC|01|51|1|001|100|BB|524111|019|A|0|0| |0||||2|2. Biaya Uang Saku Pelaksanaan Manajemen Talenta|3|ORG|4|FREK|3|HARI|0||36|OF|232473|8369000|0|0|0|0||0|0|0|0||| |0|0|| |-  -|0|697000|697000|697000|697000|697000|697000|697000|697000|697000|697000|697000|702000|0||0|||1|0|00
2026|01|527010|015|08|WA|4719|EBC|01|51|1|001|100|BB|524111|019|A|0|0| |0||||3|3. Biaya Akomodasi Pelaksanaan Manajemen Talenta|3|ORG|4|FREK|2|MLM|0||24|OF|426209|10229000|0|0|0|0||0|0|0|0||| |0|0|| |-  -|0|852000|852000|852000|852000|852000|852000|852000|852000|852000|852000|852000|857000|0||0|||1|0|00
2026|01|527010|015|08|WA|4719|EBC|01|51|1|001|100|BB|524119|019|A|0|0| |0|01||1|1|Pelaksanaan Kegiatan Treasury HR Forum|0||0||0||0||0||0|0|0|0|0|0||0|0|0|0||| |0|0|| |-  -|0|0|0|0|0|0|0|0|0|0|0|0|0|0||0|||1|0|00
2026|01|527010|015|08|WA|4719|EBC|01|51|1|001|100|BB|524119|019|A|0|0| |0|01|||2|1. Biaya Transportasi Panitia dan Peserta|25|ORG|1|FREK|0||0||25|OF|218520|5463000|0|0|0|0||0|0|0|0||| |0|0|| |-  -|0|455000|455000|455000|455000|455000|455000|455000|455000|455000|455000|455000|458000|0||0|||1|0|00
2026|01|527010|015|08|WA|4719|EBC|01|51|1|001|100|BB|524119|019|A|0|0| |0|01|||3|2. Biaya Uang Saku Panitia dan Peserta|25|ORG|1|FREK|3|HARI|0||75|OH|100734|7555000|0|0|0|0||0|0|0|0||| |0|0|| |-  -|0|629000|629000|629000|629000|629000|629000|629000|629000|629000|629000|629000|636000|0||0|||1|0|00
2026|01|527010|015|08|WA|4719|EBC|01|51|1|001|100|BB|524119|019|A|0|0| |0|01|||4|3. Biaya Akomodasi Panitia dan Peserta|25|ORG|1|FREK|3|HARI|0||75|OF|464934|34870000|0|0|0|0||0|0|0|0||| |0|0|| |-  -|0|2905000|2905000|2905000|2905000|2905000|2905000|2905000|2905000|2905000|2905000|2905000|2915000|0||0|||1|0|00
2026|01|527010|015|08|WA|4719|EBC|01|51|1|001|100|BC|521211|019|A|0|0| |0|01||1|1|Kegiatan Persiapan Penilaian KPPc dan PUG|0||0||0||0||0||0|0|0|0|0|0||0|0|0|0||| |0|0|| |-  -|0|0|0|0|0|0|0|0|0|0|0|0|0|0||0|||1|0|00
2026|01|527010|015|08|WA|4719|EBC|01|51|1|001|100|BC|521211|019|A|0|0| |0|03|||10|KDM  Snack Rapat|25|ORG|2|FREK|10|HARI|0||500|UF|13860|6930000|0|0|0|0||0|0|0|0||| |0|0|| |-  -|0|577000|577000|577000|577000|577000|577000|577000|577000|577000|577000|577000|583000|0||0|||1|0|00
2026|01|527010|015|08|WA|4719|EBC|01|51|1|001|100|BC|521211|019|A|0|0| |0|04||1|11|Kegiatan Treasury Wellbeing Program|0||0||0||0||0||0|0|0|0|0|0||0|0|0|0||| |0|0|| |-  -|0|0|0|0|0|0|0|0|0|0|0|0|0|0||0|||1|0|00
2026|01|527010|015|08|WA|4719|EBC|01|51|1|001|100|BC|521211|019|A|0|0| |0|04|||12|KDM  Makan Rapat|30|ORG|2|HARI|4|FREK|0||240|OF|35909|8618000|0|0|0|0||0|0|0|0||| |0|0|| |-  -|0|718000|718000|718000|718000|718000|718000|718000|718000|718000|718000|718000|720000|0||0|||1|0|00
2026|01|527010|015|08|WA|4719|EBC|01|51|1|001|100|BC|521211|019|A|0|0| |0|04|||13|KDM  Snack Rapat|30|ORG|2|HARI|4|FREK|0||240|OF|13859|3326000|0|0|0|0||0|0|0|0||| |0|0|| |-  -|0|277000|277000|277000|277000|277000|277000|277000|277000|277000|277000|277000|279000|0||0|||1|0|00
2026|01|527010|015|08|WA|4719|EBC|01|51|1|001|100|BC|521211|019|A|0|0| |0|05||1|14|Sharing Session Dukungan Pimpinan dan Keprotokolan|0||0||0||0||0||0|0|0|0|0|0||0|0|0|0||| |0|0|| |-  -|0|0|0|0|0|0|0|0|0|0|0|0|0|0||0|||1|0|00
2026|01|527010|015|08|WA|4719|EBC|01|51|1|001|100|BC|521211|019|A|0|0| |0|05|||15|KDM  Makan Rapat|50|ORG|1|HARI|12|FREK|0||600|OF|35910|21546000|0|0|0|0||0|0|0|0||| |0|0|| |-  -|0|1795000|1795000|1795000|1795000|1795000|1795000|1795000|1795000|1795000|1795000|1795000|1801000|0||0|||1|0|00
2026|01|527010|015|08|WA|4719|EBC|01|51|1|001|100|BC|521211|019|A|0|0| |0|05|||16|KDM  Snack Rapat|50|ORG|1|HARI|12|FREK|0||600|OF|13860|8316000|0|0|0|0||0|0|0|0||| |0|0|| |-  -|0|693000|693000|693000|693000|693000|693000|693000|693000|693000|693000|693000|693000|0||0|||1|0|00
2026|01|527010|015|08|WA|4719|EBC|01|51|1|001|100|BC|521211|019|A|0|0| |0|06||1|17|Induksi dan Orientasi Peserta dan Panitia|0||0||0||0||0||0|0|0|0|0|0||0|0|0|0||| |0|0|| |-  -|0|0|0|0|0|0|0|0|0|0|0|0|0|0||0|||1|0|00
2026|01|527010|015|08|WA|4719|EBC|01|51|1|001|100|BC|521211|019|A|0|0| |0|06|||18|KDM  Makan Rapat|50|ORG|1|HARI|12|FREK|0||600|OF|35910|21546000|0|0|0|0||0|0|0|0||| |0|0|| |-  -|0|1795000|1795000|1795000|1795000|1795000|1795000|1795000|1795000|1795000|1795000|1795000|1801000|0||0|||1|0|00
2026|01|527010|015|08|WA|4719|EBC|01|51|1|001|100|BC|521211|019|A|0|0| |0|06|||19|KDM  Snack Rapat|50|ORG|1|HARI|12|FREK|0||600|OF|13860|8316000|0|0|0|0||0|0|0|0||| |0|0|| |-  -|0|693000|693000|693000|693000|693000|693000|693000|693000|693000|693000|693000|693000|0||0|||1|0|00
2026|01|527010|015|08|WA|4719|EBC|01|51|1|001|100|BC|521211|019|A|0|0| |0|01|||2|KDM  Makan Rapat|20|ORG|1|FREK|0|0|0||20|OF|35900|718000|0|0|0|0||0|0|0|0||| |0|0|| |-  -|0|59000|59000|59000|59000|59000|59000|59000|59000|59000|59000|59000|69000|0||0|||1|0|00
2026|01|527010|015|08|WA|4719|EBC|01|51|1|001|100|BC|521211|019|A|0|0| |0|07||1|20|Kegiatan Workshop Eksternal|0||0||0||0||0||0|0|0|0|0|0||0|0|0|0||| |0|0|| |-  -|0|0|0|0|0|0|0|0|0|0|0|0|0|0||0|||1|0|00
2026|01|527010|015|08|WA|4719|EBC|01|51|1|001|100|BC|521211|019|A|0|0| |0|07|||21|CTK  Bahan Dukung Kegiatan Workshop Eksternal|12|UNIT|1|FREK|0||0||12|UF|157500|1890000|0|0|0|0||0|0|0|0||| |0|0|| |-  -|0|157000|157000|157000|157000|157000|157000|157000|157000|157000|157000|157000|163000|0||0|||1|0|00
2026|01|527010|015|08|WA|4719|EBC|01|51|1|001|100|BC|521211|019|A|0|0| |0|01|||3|KDM  Snack Rapat|20|ORG|1|FREK|0|0|0||20|OF|15100|302000|0|0|0|0||0|0|0|0||| |0|0|| |-  -|0|25000|25000|25000|25000|25000|25000|25000|25000|25000|25000|25000|27000|0||0|||1|0|00
2026|01|527010|015|08|WA|4719|EBC|01|51|1|001|100|BC|521211|019|A|0|0| |0|02||1|4|Kegiatan TLounge dan BiOn SDM|0||0||0||0||0||0|0|0|0|0|0||0|0|0|0||| |0|0|| |-  -|0|0|0|0|0|0|0|0|0|0|0|0|0|0||0|||1|0|00
2026|01|527010|015|08|WA|4719|EBC|01|51|1|001|100|BC|521211|019|A|0|0| |0|02|||5|KDM  Makan Rapat|30|ORG|5|FREK|0|0|0||150|OF|35907|5386000|0|0|0|0||0|0|0|0||| |0|0|| |-  -|0|448000|448000|448000|448000|448000|448000|448000|448000|448000|448000|448000|458000|0||0|||1|0|00
2026|01|527010|015|08|WA|4719|EBC|01|51|1|001|100|BC|521211|019|A|0|0| |0|02|||6|KDM  Snack Rapat|30|ORG|5|FREK|0|0|0||150|OF|15120|2268000|0|0|0|0||0|0|0|0||| |0|0|| |-  -|0|189000|189000|189000|189000|189000|189000|189000|189000|189000|189000|189000|189000|0||0|||1|0|00
2026|01|527010|015|08|WA|4719|EBC|01|51|1|001|100|BC|521211|019|A|0|0| |0|02|||7|CTK  Bahan Dukung Kegiatan TLounge dan BiOn SDM|2|UNIT|5|FREK|0||0||10|UF|346500|3465000|0|0|0|0||0|0|0|0||| |0|0|| |-  -|0|288000|288000|288000|288000|288000|288000|288000|288000|288000|288000|288000|297000|0||0|||1|0|00
2026|01|527010|015|08|WA|4719|EBC|01|51|1|001|100|BC|521211|019|A|0|0| |0|03||1|8|Workshop ISO|0||0||0||0||0||0|0|0|0|0|0||0|0|0|0||| |0|0|| |-  -|0|0|0|0|0|0|0|0|0|0|0|0|0|0||0|||1|0|00
2026|01|527010|015|08|WA|4719|EBC|01|51|1|001|100|BC|521211|019|A|0|0| |0|03|||9|KDM  Makan Rapat|25|ORG|2|FREK|10|HARI|0||500|UF|35910|17955000|0|0|0|0||0|0|0|0||| |0|0|| |-  -|0|1496000|1496000|1496000|1496000|1496000|1496000|1496000|1496000|1496000|1496000|1496000|1499000|0||0|||1|0|00
2026|01|527010|015|08|WA|4719|EBC|01|51|1|001|100|BC|522151|019|A|0|0| |0||||1|Honor Narasumber Kegiatan TLounge dan BiOn SDM|1|ORG|3|JAM|6|FREK|0||18|OJ|792000|14256000|0|0|0|0||0|0|0|0||| |0|0|| |-  -|0|1188000|1188000|1188000|1188000|1188000|1188000|1188000|1188000|1188000|1188000|1188000|1188000|0||0|||1|0|00
2026|01|527010|015|08|WA|4719|EBC|01|51|1|001|100|BC|522151|019|A|0|0| |0||||2|Honor Narasumber Kegiatan Talent Beasiswa|1|ORG|2|JAM|5|FREK|0||10|OJ|792000|7920000|0|0|0|0||0|0|0|0||| |0|0|| |-  -|0|660000|660000|660000|660000|660000|660000|660000|660000|660000|660000|660000|660000|0||0|||1|0|00
2026|01|527010|015|08|WA|4719|EBC|01|51|1|001|100|BC|522151|019|A|0|0| |0||||3|Honor Narasumber Kegiatan Workshop Auditor Internal ISO|3|ORG|15|JAM|2|FREK|0||90|OJ|792000|71280000|0|0|0|0||0|0|0|0||| |0|0|| |-  -|0|5940000|5940000|5940000|5940000|5940000|5940000|5940000|5940000|5940000|5940000|5940000|5940000|0||0|||1|0|00
2026|01|527010|015|08|WA|4719|EBC|01|51|1|001|100|BC|522151|019|A|0|0| |0||||4|Honor Narasumber Kegiatan Treasury Wellbeing Program|7|ORG|2|JAM|2|FREK|0||28|OJ|792000|22176000|0|0|0|0||0|0|0|0||| |0|0|| |-  -|0|1848000|1848000|1848000|1848000|1848000|1848000|1848000|1848000|1848000|1848000|1848000|1848000|0||0|||1|0|00
2026|01|527010|015|08|WA|4719|EBC|01|51|1|001|100|BC|522151|019|A|0|0| |0||||5|Honor Narsumber Training Impact Analysis|1|ORG|8|JAM|0||0||8|OJ|792000|6336000|0|0|0|0||0|0|0|0||| |0|0|| |-  -|0|528000|528000|528000|528000|528000|528000|528000|528000|528000|528000|528000|528000|0||0|||1|0|00
2026|01|527010|015|08|WA|4719|EBC|01|51|1|001|100|BC|522191|019|A|0|0| |0||||1|Biaya Jasa Provider Program Induksi dan Orientasi|1|PKT|1|FREK|0||0||1|PF|58954000|58954000|0|0|0|0||0|0|0|0||| |0|0|| |-  -|0|4912000|4912000|4912000|4912000|4912000|4912000|4912000|4912000|4912000|4912000|4912000|4922000|0||0|||1|0|00
2026|01|527010|015|08|WA|4719|EBC|01|51|1|001|100|BC|522191|019|A|0|0| |0||||2|Biaya Jasa Provider Pembekalan Pejabat Administrator dan Pengawas|1|PKT|1|FREK|0||0||1|PF|28740000|28740000|0|0|0|0||0|0|0|0||| |0|0|| |-  -|0|2395000|2395000|2395000|2395000|2395000|2395000|2395000|2395000|2395000|2395000|2395000|2395000|0||0|||1|0|00
2026|01|527010|015|08|WA|4719|EBC|01|51|1|001|100|BC|522191|019|A|0|0| |0||||3|Biaya Jasa Provider Kegiatan Treasury Wellbeing Program|1|PKT|1|FREK|0||0||1|PF|200000000|200000000|0|0|0|0||0|0|0|0||| |0|0|| |-  -|0|16666000|16666000|16666000|16666000|16666000|16666000|16666000|16666000|16666000|16666000|16666000|16674000|0||0|||1|0|00
2026|01|527010|015|08|WA|4719|EBC|01|51|1|001|100|BC|524111|019|A|0|0| |0|01||1|1|Diklatpim III dan IV|0||0||0||0||0||0|0|0|0|0|0||0|0|0|0||| |0|0|| |-  -|0|0|0|0|0|0|0|0|0|0|0|0|0|0||0|||1|0|00
2026|01|527010|015|08|WA|4719|EBC|01|51|1|001|100|BC|524111|019|A|0|0| |0|02|||10|6. Biaya Uang Saku Peserta Pembelajaran Penyusunan Laporan Keuangan LKPP dan LKBUN|25|ORG|5|HARI|0||0||125|OH|39672|4959000|0|0|0|0||0|0|0|0||| |0|0|| |-  -|0|413000|413000|413000|413000|413000|413000|413000|413000|413000|413000|413000|416000|0||0|||1|0|00
2026|01|527010|015|08|WA|4719|EBC|01|51|1|001|100|BC|524111|019|A|0|0| |0|02|||11|7. Biaya Perjalanan Dinas Peserta Pembelajaran Asistensi Pembinaan BLUD|25|ORG|1|FREK|0||0||25|OF|1239840|30996000|0|0|0|0||0|0|0|0||| |0|0|| |-  -|0|2583000|2583000|2583000|2583000|2583000|2583000|2583000|2583000|2583000|2583000|2583000|2583000|0||0|||1|0|00
2026|01|527010|015|08|WA|4719|EBC|01|51|1|001|100|BC|524111|019|A|0|0| |0|02|||12|8. Biaya Uang Saku Peserta Pembelajaran Asistensi Pembinaan BLUD|25|ORG|5|HARI|0||0||125|OH|39672|4959000|0|0|0|0||0|0|0|0||| |0|0|| |-  -|0|413000|413000|413000|413000|413000|413000|413000|413000|413000|413000|413000|416000|0||0|||1|0|00
2026|01|527010|015|08|WA|4719|EBC|01|51|1|001|100|BC|524111|019|A|0|0| |0|02|||13|9. Biaya Perjalanan Dinas Peserta Pembelajaran Penguatan Pengelolaan Keuangan Daerah|25|ORG|1|FREK|0||0||25|OF|1239840|30996000|0|0|0|0||0|0|0|0||| |0|0|| |-  -|0|2583000|2583000|2583000|2583000|2583000|2583000|2583000|2583000|2583000|2583000|2583000|2583000|0||0|||1|0|00
2026|01|527010|015|08|WA|4719|EBC|01|51|1|001|100|BC|524111|019|A|0|0| |0|02|||14|10. Biaya Uang Saku Peserta Pembelajaran Penguatan Pengelolaan Keuangan Daerah|25|ORG|5|HARI|0||0||125|OH|39672|4959000|0|0|0|0||0|0|0|0||| |0|0|| |-  -|0|413000|413000|413000|413000|413000|413000|413000|413000|413000|413000|413000|416000|0||0|||1|0|00
2026|01|527010|015|08|WA|4719|EBC|01|51|1|001|100|BC|524111|019|A|0|0| |0|02|||15|11. Biaya Perjalanan Dinas Peserta Pembelajaran Persiapan Pengadaan BarangJasa Pemerintah|20|ORG|1|FREK|0||0||20|OH|1239850|24797000|0|0|0|0||0|0|0|0||| |0|0|| |-  -|0|2066000|2066000|2066000|2066000|2066000|2066000|2066000|2066000|2066000|2066000|2066000|2071000|0||0|||1|0|00
2026|01|527010|015|08|WA|4719|EBC|01|51|1|001|100|BC|524111|019|A|0|0| |0|02|||16|12. Biaya Uang Saku Peserta Pembelajaran Persiapan Pengadaan BarangJasa Pemerintah|20|ORG|5|HARI|0||0||100|OH|39670|3967000|0|0|0|0||0|0|0|0||| |0|0|| |-  -|0|330000|330000|330000|330000|330000|330000|330000|330000|330000|330000|330000|337000|0||0|||1|0|00
2026|01|527010|015|08|WA|4719|EBC|01|51|1|001|100|BC|524111|019|A|0|0| |0|02|||17|13. Biaya Perjalanan Dinas Peserta Pembelajaran Pelaporan keuangan daerah|25|ORG|1|FREK|0||0||25|OF|1239840|30996000|0|0|0|0||0|0|0|0||| |0|0|| |-  -|0|2583000|2583000|2583000|2583000|2583000|2583000|2583000|2583000|2583000|2583000|2583000|2583000|0||0|||1|0|00
2026|01|527010|015|08|WA|4719|EBC|01|51|1|001|100|BC|524111|019|A|0|0| |0|02|||18|14. Biaya Uang Saku Peserta Pembelajaran Pelaporan keuangan daerah|25|ORG|5|HARI|0||0||125|OH|39672|4959000|0|0|0|0||0|0|0|0||| |0|0|| |-  -|0|413000|413000|413000|413000|413000|413000|413000|413000|413000|413000|413000|416000|0||0|||1|0|00
2026|01|527010|015|08|WA|4719|EBC|01|51|1|001|100|BC|524111|019|A|0|0| |0|02|||19|15. Biaya Perjalanan Dinas Peserta Pembelajaran Pengelolaan BLU SMART|25|ORG|1|FREK|0||0||25|OF|1239840|30996000|0|0|0|0||0|0|0|0||| |0|0|| |-  -|0|2583000|2583000|2583000|2583000|2583000|2583000|2583000|2583000|2583000|2583000|2583000|2583000|0||0|||1|0|00
2026|01|527010|015|08|WA|4719|EBC|01|51|1|001|100|BC|524111|019|A|0|0| |0|01|||2|1. Biaya Perjalanan Dinas Peserta Diklatpim IV|12|ORG|1|FREK|0||0||12|OF|3099584|37195000|0|0|0|0||0|0|0|0||| |0|0|| |-  -|0|3099000|3099000|3099000|3099000|3099000|3099000|3099000|3099000|3099000|3099000|3099000|3106000|0||0|||1|0|00
2026|01|527010|015|08|WA|4719|EBC|01|51|1|001|100|BC|524111|019|A|0|0| |0|02|||20|16. Biaya Uang Saku Peserta Pembelajaran Pengelolaan BLU SMART|25|ORG|5|HARI|0||0||125|OH|39672|4959000|0|0|0|0||0|0|0|0||| |0|0|| |-  -|0|413000|413000|413000|413000|413000|413000|413000|413000|413000|413000|413000|416000|0||0|||1|0|00
2026|01|527010|015|08|WA|4719|EBC|01|51|1|001|100|BC|524111|019|A|0|0| |0|02|||21|17. Biaya Perjalanan Dinas Peserta Pembelajaran Impact Analysis lanjutan|25|ORG|1|FREK|0||0||25|OF|1239840|30996000|0|0|0|0||0|0|0|0||| |0|0|| |-  -|0|2583000|2583000|2583000|2583000|2583000|2583000|2583000|2583000|2583000|2583000|2583000|2583000|0||0|||1|0|00
2026|01|527010|015|08|WA|4719|EBC|01|51|1|001|100|BC|524111|019|A|0|0| |0|02|||22|18. Biaya Uang Saku Peserta Pembelajaran Impact Analysis lanjutan|25|ORG|5|HARI|0||0||125|OH|39672|4959000|0|0|0|0||0|0|0|0||| |0|0|| |-  -|0|413000|413000|413000|413000|413000|413000|413000|413000|413000|413000|413000|416000|0||0|||1|0|00
2026|01|527010|015|08|WA|4719|EBC|01|51|1|001|100|BC|524111|019|A|0|0| |0|02|||23|19. Biaya Perjalanan Dinas Peserta Pembelajaran Penyusunan Laporan Keuangan GFS|25|ORG|1|FREK|0||0||25|OF|1239840|30996000|0|0|0|0||0|0|0|0||| |0|0|| |-  -|0|2583000|2583000|2583000|2583000|2583000|2583000|2583000|2583000|2583000|2583000|2583000|2583000|0||0|||1|0|00
2026|01|527010|015|08|WA|4719|EBC|01|51|1|001|100|BC|524111|019|A|0|0| |0|02|||24|20. Biaya Uang Saku Peserta Pembelajaran Penyusunan Laporan Keuangan GFS|25|ORG|5|HARI|0||0||125|OH|39672|4959000|0|0|0|0||0|0|0|0||| |0|0|| |-  -|0|413000|413000|413000|413000|413000|413000|413000|413000|413000|413000|413000|416000|0||0|||1|0|00
2026|01|527010|015|08|WA|4719|EBC|01|51|1|001|100|BC|524111|019|A|0|0| |0|02|||25|21. Biaya Perjalanan Dinas Peserta Pembelajaran Operasionalisasi Strategi Komunikasi DJPb|25|ORG|1|FREK|0||0||25|OF|1239840|30996000|0|0|0|0||0|0|0|0||| |0|0|| |-  -|0|2583000|2583000|2583000|2583000|2583000|2583000|2583000|2583000|2583000|2583000|2583000|2583000|0||0|||1|0|00
2026|01|527010|015|08|WA|4719|EBC|01|51|1|001|100|BC|524111|019|A|0|0| |0|02|||26|22. Biaya Uang Saku Peserta Pembelajaran Operasionalisasi Strategi Komunikasi DJPb|25|ORG|5|HARI|0||0||125|OF|39672|4959000|0|0|0|0||0|0|0|0||| |0|0|| |-  -|0|413000|413000|413000|413000|413000|413000|413000|413000|413000|413000|413000|416000|0||0|||1|0|00
2026|01|527010|015|08|WA|4719|EBC|01|51|1|001|100|BC|524111|019|A|0|0| |0|03||1|27|DTU Pegawai Baru Tahun 2025|0||0||0||0||0||0|0|0|0|0|0||0|0|0|0||| |0|0|| |-  -|0|0|0|0|0|0|0|0|0|0|0|0|0|0||0|||1|0|00
2026|01|527010|015|08|WA|4719|EBC|01|51|1|001|100|BC|524111|019|A|0|0| |0|03|||28|1. Biaya Perjalanan Dinas Peserta|38|ORG|1|FREK|0||0||38|OF|1394816|53003000|0|0|0|0||0|0|0|0||| |0|0|| |-  -|0|4416000|4416000|4416000|4416000|4416000|4416000|4416000|4416000|4416000|4416000|4416000|4427000|0||0|||1|0|00
2026|01|527010|015|08|WA|4719|EBC|01|51|1|001|100|BC|524111|019|A|0|0| |0|03|||29|2. Biaya Uang Saku Peserta|38|ORG|10|HARI|0||0||380|OH|39674|15076000|0|0|0|0||0|0|0|0||| |0|0|| |-  -|0|1256000|1256000|1256000|1256000|1256000|1256000|1256000|1256000|1256000|1256000|1256000|1260000|0||0|||1|0|00
2026|01|527010|015|08|WA|4719|EBC|01|51|1|001|100|BC|524111|019|A|0|0| |0|01|||3|2. Biaya Uang Saku Peserta Diklatpim IV|12|ORG|5|HARI|0||0||60|OF|100734|6044000|0|0|0|0||0|0|0|0||| |0|0|| |-  -|0|503000|503000|503000|503000|503000|503000|503000|503000|503000|503000|503000|511000|0||0|||1|0|00
2026|01|527010|015|08|WA|4719|EBC|01|51|1|001|100|BC|524111|019|A|0|0| |0|04||1|30|Pelatihan Penguatan Karakter 2025|0||0||0||0||0||0|0|0|0|0|0||0|0|0|0||| |0|0|| |-  -|0|0|0|0|0|0|0|0|0|0|0|0|0|0||0|||1|0|00
2026|01|527010|015|08|WA|4719|EBC|01|51|1|001|100|BC|524111|019|A|0|0| |0|04|||31|1. Biaya Perjalanan Dinas Peserta Pelatihan Penguatan Karakter 2025|40|ORG|1|FREK|0||0||40|OF|1239850|49594000|0|0|0|0||0|0|0|0||| |0|0|| |-  -|0|4132000|4132000|4132000|4132000|4132000|4132000|4132000|4132000|4132000|4132000|4132000|4142000|0||0|||1|0|00
2026|01|527010|015|08|WA|4719|EBC|01|51|1|001|100|BC|524111|019|A|0|0| |0|04|||32|2. Biaya Uang Saku Peserta Pelatihan Penguatan Karakter 2025|40|ORG|5|HARI|0||0||200|OH|39675|7935000|0|0|0|0||0|0|0|0||| |0|0|| |-  -|0|661000|661000|661000|661000|661000|661000|661000|661000|661000|661000|661000|664000|0||0|||1|0|00
2026|01|527010|015|08|WA|4719|EBC|01|51|1|001|100|BC|524111|019|A|0|0| |0|05||1|33|Ujian Dinas (UD) Tahun 2025|0||0||0||0||0||0|0|0|0|0|0||0|0|0|0||| |0|0|| |-  -|0|0|0|0|0|0|0|0|0|0|0|0|0|0||0|||1|0|00
2026|01|527010|015|08|WA|4719|EBC|01|51|1|001|100|BC|524111|019|A|0|0| |0|05|||34|1. Biaya Perjalanan Dinas Peserta Ujian Dinas Tahun 2025|40|ORG|1|FREK|0||0||40|OF|619925|24797000|0|0|0|0||0|0|0|0||| |0|0|| |-  -|0|2066000|2066000|2066000|2066000|2066000|2066000|2066000|2066000|2066000|2066000|2066000|2071000|0||0|||1|0|00
2026|01|527010|015|08|WA|4719|EBC|01|51|1|001|100|BC|524111|019|A|0|0| |0|06||1|35|Ujian Penyesuaian Kenaikan Pangkat (UPKP) Tahun 2025|0||0||0||0||0||0|0|0|0|0|0||0|0|0|0||| |0|0|| |-  -|0|0|0|0|0|0|0|0|0|0|0|0|0|0||0|||1|0|00
2026|01|527010|015|08|WA|4719|EBC|01|51|1|001|100|BC|524111|019|A|0|0| |0|06|||36|1. Biaya Perjalanan Dinas Peserta Ujian Penyesuaian Kenaikan Pangkat (UPKP) Tahun 2025|40|ORG|1|FREK|0||0||40|OF|619925|24797000|0|0|0|0||0|0|0|0||| |0|0|| |-  -|0|2066000|2066000|2066000|2066000|2066000|2066000|2066000|2066000|2066000|2066000|2066000|2071000|0||0|||1|0|00
2026|01|527010|015|08|WA|4719|EBC|01|51|1|001|100|BC|524111|019|A|0|0| |0|07||1|37|Implementasi Learning Organization|0||0||0||0||0||0|0|0|0|0|0||0|0|0|0||| |0|0|| |-  -|0|0|0|0|0|0|0|0|0|0|0|0|0|0||0|||1|0|00
2026|01|527010|015|08|WA|4719|EBC|01|51|1|001|100|BC|524111|019|A|0|0| |0|07|||38|28. Transport dalam rangka Implementasi Learning Organization|30|ORG|1|FREK|0||0||30|OF|1239834|37195000|0|0|0|0||0|0|0|0||| |0|0|| |-  -|0|3099000|3099000|3099000|3099000|3099000|3099000|3099000|3099000|3099000|3099000|3099000|3106000|0||0|||1|0|00
2026|01|527010|015|08|WA|4719|EBC|01|51|1|001|100|BC|524111|019|A|0|0| |0|07|||39|29. Uang Saku dalam rangka Implementasi Learning Organization|30|ORG|1|FREK|3|HARI|0||90|OF|123989|11159000|0|0|0|0||0|0|0|0||| |0|0|| |-  -|0|929000|929000|929000|929000|929000|929000|929000|929000|929000|929000|929000|940000|0||0|||1|0|00
2026|01|527010|015|08|WA|4719|EBC|01|51|1|001|100|BC|524111|019|A|0|0| |0|01|||4|3. Biaya Perjalanan Dinas Peserta DIklatpim III|12|ORG|1|FREK|0||0||12|OF|3099584|37195000|0|0|0|0||0|0|0|0||| |0|0|| |-  -|0|3099000|3099000|3099000|3099000|3099000|3099000|3099000|3099000|3099000|3099000|3099000|3106000|0||0|||1|0|00
2026|01|527010|015|08|WA|4719|EBC|01|51|1|001|100|BC|524111|019|A|0|0| |0|07|||40|30. Akomodasi dalam rangka Implementasi Learning Organization|30|ORG|1|FREK|2|HARI|0||60|OF|154984|9299000|0|0|0|0||0|0|0|0||| |0|0|| |-  -|0|774000|774000|774000|774000|774000|774000|774000|774000|774000|774000|774000|785000|0||0|||1|0|00
2026|01|527010|015|08|WA|4719|EBC|01|51|1|001|100|BC|524111|019|A|0|0| |0|08||1|41|Kegiatan Service Excellent|0||0||0||0||0||0|0|0|0|0|0||0|0|0|0||| |0|0|| |-  -|0|0|0|0|0|0|0|0|0|0|0|0|0|0||0|||1|0|00
2026|01|527010|015|08|WA|4719|EBC|01|51|1|001|100|BC|524111|019|A|0|0| |0|08|||42|31. Transport dalam rangka Kegiatan Service Excellent|15|ORG|1|FREK|0||0||15|OF|1239867|18598000|0|0|0|0||0|0|0|0||| |0|0|| |-  -|0|1549000|1549000|1549000|1549000|1549000|1549000|1549000|1549000|1549000|1549000|1549000|1559000|0||0|||1|0|00
2026|01|527010|015|08|WA|4719|EBC|01|51|1|001|100|BC|524111|019|A|0|0| |0|08|||43|32. Uang Saku dalam rangka Kegiatan Service Excellent|15|ORG|1|FREK|3|HARI|0||45|OF|123978|5579000|0|0|0|0||0|0|0|0||| |0|0|| |-  -|0|464000|464000|464000|464000|464000|464000|464000|464000|464000|464000|464000|475000|0||0|||1|0|00
2026|01|527010|015|08|WA|4719|EBC|01|51|1|001|100|BC|524111|019|A|0|0| |0|08|||44|33. Akomodasi dalam rangka Kegiatan Service Excellent|15|ORG|1|FREK|2|HARI|0||30|OF|154967|4649000|0|0|0|0||0|0|0|0||| |0|0|| |-  -|0|387000|387000|387000|387000|387000|387000|387000|387000|387000|387000|387000|392000|0||0|||1|0|00
2026|01|527010|015|08|WA|4719|EBC|01|51|1|001|100|BC|524111|019|A|0|0| |0|09||1|45|Treasury Wellbeing Program|0||0||0||0||0||0|0|0|0|0|0||0|0|0|0||| |0|0|| |-  -|0|0|0|0|0|0|0|0|0|0|0|0|0|0||0|||1|0|00
2026|01|527010|015|08|WA|4719|EBC|01|51|1|001|100|BC|524111|019|A|0|0| |0|09|||46|1. Transport dalam rangka Kegiatan TWP|4|ORG|4|FREK|3|LOK|0||48|OF|1239834|59512000|0|0|0|0||0|0|0|0||| |0|0|| |-  -|0|4959000|4959000|4959000|4959000|4959000|4959000|4959000|4959000|4959000|4959000|4959000|4963000|0||0|||1|0|00
2026|01|527010|015|08|WA|4719|EBC|01|51|1|001|100|BC|524111|019|A|0|0| |0|09|||47|2. Uang Saku dalam rangka Kegiatan TWP|4|ORG|4|FREK|3|HARI|0||48|OH|154980|7439000|0|0|0|0||0|0|0|0||| |0|0|| |-  -|0|619000|619000|619000|619000|619000|619000|619000|619000|619000|619000|619000|630000|0||0|||1|0|00
2026|01|527010|015|08|WA|4719|EBC|01|51|1|001|100|BC|524111|019|A|0|0| |0|09|||48|3. Akomodasi dalam rangka Kegiatan TWP|4|ORG|4|FREK|2|HARI|0||32|OF|309969|9919000|0|0|0|0||0|0|0|0||| |0|0|| |-  -|0|826000|826000|826000|826000|826000|826000|826000|826000|826000|826000|826000|833000|0||0|||1|0|00
2026|01|527010|015|08|WA|4719|EBC|01|51|1|001|100|BC|524111|019|A|0|0| |0|10||1|49|Training Impact Analysis|0||0||0||0||0||0|0|0|0|0|0||0|0|0|0||| |0|0|| |-  -|0|0|0|0|0|0|0|0|0|0|0|0|0|0||0|||1|0|00
2026|01|527010|015|08|WA|4719|EBC|01|51|1|001|100|BC|524111|019|A|0|0| |0|01|||5|4. Biaya Uang Saku Peserta Diklatpim III|12|ORG|5|HARI|0||0||60|OF|100734|6044000|0|0|0|0||0|0|0|0||| |0|0|| |-  -|0|503000|503000|503000|503000|503000|503000|503000|503000|503000|503000|503000|511000|0||0|||1|0|00
2026|01|527010|015|08|WA|4719|EBC|01|51|1|001|100|BC|524111|019|A|0|0| |0|10|||50|1. Transport dalam rangka Kegiatan TIA|15|ORG|1|FREK|0||0||15|OF|1239867|18598000|0|0|0|0||0|0|0|0||| |0|0|| |-  -|0|1549000|1549000|1549000|1549000|1549000|1549000|1549000|1549000|1549000|1549000|1549000|1559000|0||0|||1|0|00
2026|01|527010|015|08|WA|4719|EBC|01|51|1|001|100|BC|524111|019|A|0|0| |0|10|||51|2. Uang Saku dalam rangka Kegiatan TIA|15|ORG|1|FREK|3|HARI|0||45|OF|123978|5579000|0|0|0|0||0|0|0|0||| |0|0|| |-  -|0|464000|464000|464000|464000|464000|464000|464000|464000|464000|464000|464000|475000|0||0|||1|0|00
2026|01|527010|015|08|WA|4719|EBC|01|51|1|001|100|BC|524111|019|A|0|0| |0|10|||52|3. Akomodasi dalam rangka Kegiatan TIA|15|ORG|1|FREK|2|HARI|0||30|OF|154967|4649000|0|0|0|0||0|0|0|0||| |0|0|| |-  -|0|387000|387000|387000|387000|387000|387000|387000|387000|387000|387000|387000|392000|0||0|||1|0|00
2026|01|527010|015|08|WA|4719|EBC|01|51|1|001|100|BC|524111|019|A|0|0| |0|11||1|53|Secondment Penguatan Kapasitas dan Kompetensi RCE|0||0||0||0||0||0|0|0|0|0|0||0|0|0|0||| |0|0|| |-  -|0|0|0|0|0|0|0|0|0|0|0|0|0|0||0|||1|0|00
2026|01|527010|015|08|WA|4719|EBC|01|51|1|001|100|BC|524111|019|A|0|0| |0|11|||54|1. Biaya Perjalanan Dinas Peserta|4|ORG|1|FREK|6|LOK|0||24|OF|1239834|29756000|0|0|0|0||0|0|0|0||| |0|0|| |-  -|0|2479000|2479000|2479000|2479000|2479000|2479000|2479000|2479000|2479000|2479000|2479000|2487000|0||0|||1|0|00
2026|01|527010|015|08|WA|4719|EBC|01|51|1|001|100|BC|524111|019|A|0|0| |0|11|||55|2. Biaya Uang Saku Peserta Secondment Penguatan Kapasitas dan Kompetensi RCE|4|ORG|13|HR|0||0||52|OF|123981|6447000|0|0|0|0||0|0|0|0||| |0|0|| |-  -|0|537000|537000|537000|537000|537000|537000|537000|537000|537000|537000|537000|540000|0||0|||1|0|00
2026|01|527010|015|08|WA|4719|EBC|01|51|1|001|100|BC|524111|019|A|0|0| |0|11|||56|3. Akomodasi dalam rangka Secondment Penguatan Kapasitas dan Kompetensi RCE|4|ORG|12|HR|6|LOK|0||288|OF|154980|44634000|0|0|0|0||0|0|0|0||| |0|0|| |-  -|0|3719000|3719000|3719000|3719000|3719000|3719000|3719000|3719000|3719000|3719000|3719000|3725000|0||0|||1|0|00
2026|01|527010|015|08|WA|4719|EBC|01|51|1|001|100|BC|524111|019|A|0|0| |0|12||1|57|Pengembangan Kompetensi Berbasis Komunitas|0||0||0||0||0||0|0|0|0|0|0||0|0|0|0||| |0|0|| |-  -|0|0|0|0|0|0|0|0|0|0|0|0|0|0||0|||1|0|00
2026|01|527010|015|08|WA|4719|EBC|01|51|1|001|100|BC|524111|019|A|0|0| |0|12|||58|1. Biaya Perjalanan Dinas Peserta Pengembangan Kompetensi Berbasis Komunitas|40|ORG|1|FREK|0||0||40|OF|619925|24797000|0|0|0|0||0|0|0|0||| |0|0|| |-  -|0|2066000|2066000|2066000|2066000|2066000|2066000|2066000|2066000|2066000|2066000|2066000|2071000|0||0|||1|0|00
2026|01|527010|015|08|WA|4719|EBC|01|51|1|001|100|BC|524111|019|A|0|0| |0|12|||59|2. Biaya Uang Saku Peserta Pengembangan Kompetensi Berbasis Komunitas|40|ORG|5|HR|0||0||200|OH|39675|7935000|0|0|0|0||0|0|0|0||| |0|0|| |-  -|0|661000|661000|661000|661000|661000|661000|661000|661000|661000|661000|661000|664000|0||0|||1|0|00
2026|01|527010|015|08|WA|4719|EBC|01|51|1|001|100|BC|524111|019|A|0|0| |0|02||1|6|Pelatihan, Pembelajaran, dan Diklat Pegawai|0||0||0||0||0||0|0|0|0|0|0||0|0|0|0||| |0|0|| |-  -|0|0|0|0|0|0|0|0|0|0|0|0|0|0||0|||1|0|00
2026|01|527010|015|08|WA|4719|EBC|01|51|1|001|100|BC|524111|019|A|0|0| |0|13||1|60|Pembelajaran DJPb X BPPK|0||0||0||0||0||0|0|0|0|0|0||0|0|0|0||| |0|0|| |-  -|0|0|0|0|0|0|0|0|0|0|0|0|0|0||0|||1|0|00
2026|01|527010|015|08|WA|4719|EBC|01|51|1|001|100|BC|524111|019|A|0|0| |0|13|||61|1. Biaya Perjalanan Dinas Peserta Pembelajaran DJPb X BPPK|25|ORG|1|FREK|0||0||25|OF|1239840|30996000|0|0|0|0||0|0|0|0||| |0|0|| |-  -|0|2583000|2583000|2583000|2583000|2583000|2583000|2583000|2583000|2583000|2583000|2583000|2583000|0||0|||1|0|00
2026|01|527010|015|08|WA|4719|EBC|01|51|1|001|100|BC|524111|019|A|0|0| |0|13|||62|2. Biaya Uang Saku Peserta Pembelajaran DJPb X BPPK|25|ORG|5|HARI|0||0||125|OH|39672|4959000|0|0|0|0||0|0|0|0||| |0|0|| |-  -|0|413000|413000|413000|413000|413000|413000|413000|413000|413000|413000|413000|416000|0||0|||1|0|00
2026|01|527010|015|08|WA|4719|EBC|01|51|1|001|100|BC|524111|019|A|0|0| |0|02|||7|1. Biaya Perjalanan Dinas Peserta Pembelajaran INCRIMA Modul Risk Management|25|ORG|1|FREK|0||0||25|OF|1239840|30996000|0|0|0|0||0|0|0|0||| |0|0|| |-  -|0|2583000|2583000|2583000|2583000|2583000|2583000|2583000|2583000|2583000|2583000|2583000|2583000|0||0|||1|0|00
2026|01|527010|015|08|WA|4719|EBC|01|51|1|001|100|BC|524111|019|A|0|0| |0|02|||8|2. Biaya Uang Saku Peserta Pembelajaran INCRIMA Modul Risk Management|25|ORG|5|HARI|0||0||125|OH|39672|4959000|0|0|0|0||0|0|0|0||| |0|0|| |-  -|0|413000|413000|413000|413000|413000|413000|413000|413000|413000|413000|413000|416000|0||0|||1|0|00
2026|01|527010|015|08|WA|4719|EBC|01|51|1|001|100|BC|524111|019|A|0|0| |0|02|||9|5. Biaya Perjalanan Dinas Peserta Pembelajaran Penyusunan Laporan Keuangan LKPP dan LKBUN|25|ORG|1|FREK|0||0||25|OF|1239840|30996000|0|0|0|0||0|0|0|0||| |0|0|| |-  -|0|2583000|2583000|2583000|2583000|2583000|2583000|2583000|2583000|2583000|2583000|2583000|2583000|0||0|||1|0|00
2026|01|527010|015|08|WA|4719|EBC|01|51|1|001|100|BC|524113|019|A|0|0| |0|01||1|1|Bimtek Pengembangan Kompetensi|0||0||0||0||0||0|0|0|0|0|0||0|0|0|0||| |0|0|| |-  -|0|0|0|0|0|0|0|0|0|0|0|0|0|0||0|||1|0|00
2026|01|527010|015|08|WA|4719|EBC|01|51|1|001|100|BC|524113|019|A|0|0| |0|04|||10|1. Biaya Perjalanan Dinas Peserta Ujian Penyesuaian Kenaikan Pangkat (UPKP) Tahun 2025|40|ORG|1|FREK|0||0||40|OF|46500|1860000|0|0|0|0||0|0|0|0||| |0|0|| |-  -|0|155000|155000|155000|155000|155000|155000|155000|155000|155000|155000|155000|155000|0||0|||1|0|00
2026|01|527010|015|08|WA|4719|EBC|01|51|1|001|100|BC|524113|019|A|0|0| |0|01|||2|1. Transport Lokal Peserta Bimtek Pengembangan Kompetensi|250|ORG|1|KEG|0||0||250|OK|46492|11623000|0|0|0|0||0|0|0|0||| |0|0|| |-  -|0|968000|968000|968000|968000|968000|968000|968000|968000|968000|968000|968000|975000|0||0|||1|0|00
2026|01|527010|015|08|WA|4719|EBC|01|51|1|001|100|BC|524113|019|A|0|0| |0|01|||3|2. Uang saku Peserta Bimtek Peningkatan Kompetensi|250|ORG|1|FREK|5|HARI|0||1250|OF|49594|61992000|0|0|0|0||0|0|0|0||| |0|0|| |-  -|0|5166000|5166000|5166000|5166000|5166000|5166000|5166000|5166000|5166000|5166000|5166000|5166000|0||0|||1|0|00
2026|01|527010|015|08|WA|4719|EBC|01|51|1|001|100|BC|524113|019|A|0|0| |0|02||1|4|Pelatihan Penguatan Karakter 2025|0||0||0||0||0||0|0|0|0|0|0||0|0|0|0||| |0|0|| |-  -|0|0|0|0|0|0|0|0|0|0|0|0|0|0||0|||1|0|00
2026|01|527010|015|08|WA|4719|EBC|01|51|1|001|100|BC|524113|019|A|0|0| |0|02|||5|1. Biaya Perjalanan Dinas Peserta Pelatihan Penguatan Karakter 2025|60|ORG|1|FREK|0||0||60|OF|46500|2790000|0|0|0|0||0|0|0|0||| |0|0|| |-  -|0|232000|232000|232000|232000|232000|232000|232000|232000|232000|232000|232000|238000|0||0|||1|0|00
2026|01|527010|015|08|WA|4719|EBC|01|51|1|001|100|BC|524113|019|A|0|0| |0|02|||6|2. Biaya Uang Saku Peserta Pelatihan Penguatan Karakter 2025|60|ORG|5|HARI|0||0||300|OH|39674|11902000|0|0|0|0||0|0|0|0||| |0|0|| |-  -|0|991000|991000|991000|991000|991000|991000|991000|991000|991000|991000|991000|1001000|0||0|||1|0|00
2026|01|527010|015|08|WA|4719|EBC|01|51|1|001|100|BC|524113|019|A|0|0| |0|03||1|7|Ujian Dinas (UD) Tahun 2025|0||0||0||0||0||0|0|0|0|0|0||0|0|0|0||| |0|0|| |-  -|0|0|0|0|0|0|0|0|0|0|0|0|0|0||0|||1|0|00
2026|01|527010|015|08|WA|4719|EBC|01|51|1|001|100|BC|524113|019|A|0|0| |0|03|||8|1. Biaya Perjalanan Dinas Peserta Ujian Dinas Tahun 2025|40|ORG|1|FREK|0||0||40|OF|46500|1860000|0|0|0|0||0|0|0|0||| |0|0|| |-  -|0|155000|155000|155000|155000|155000|155000|155000|155000|155000|155000|155000|155000|0||0|||1|0|00
2026|01|527010|015|08|WA|4719|EBC|01|51|1|001|100|BC|524113|019|A|0|0| |0|04||1|9|Ujian Penyesuaian Kenaikan Pangkat (UPKP) Tahun 2025|0||0||0||0||0||0|0|0|0|0|0||0|0|0|0||| |0|0|| |-  -|0|0|0|0|0|0|0|0|0|0|0|0|0|0||0|||1|0|00
2026|01|527010|015|08|WA|4719|EBC|01|51|1|001|100|BC|524114|019|A|0|0| |0|01||1|1| Kegiatan Sosialisasi Learning Organization|0||0||0||0||0||0|0|0|0|0|0||0|0|0|0||| |0|0|| |-  -|0|0|0|0|0|0|0|0|0|0|0|0|0|0||0|||1|0|00
2026|01|527010|015|08|WA|4719|EBC|01|51|1|001|100|BC|524114|019|A|0|0| |0|01|||2|1. Transport Panitia dan Peserta Kegiatan Sosialisasi Learning Organization|30|ORG|1|FREK|0||0||30|OF|828367|24851000|0|0|0|0||0|0|0|0||| |0|0|| |-  -|0|2070000|2070000|2070000|2070000|2070000|2070000|2070000|2070000|2070000|2070000|2070000|2081000|0||0|||1|0|00
2026|01|527010|015|08|WA|4719|EBC|01|51|1|001|100|BC|524114|019|A|0|0| |0|01|||3|2. Uang Saku Panitia dan Peserta Kegiatan Sosialisasi Learning Organization|30|ORG|1|FREK|4|HARI|0||120|OF|40292|4835000|0|0|0|0||0|0|0|0||| |0|0|| |-  -|0|402000|402000|402000|402000|402000|402000|402000|402000|402000|402000|402000|413000|0||0|||1|0|00
2026|01|527010|015|08|WA|4719|EBC|01|51|1|001|100|BC|524114|019|A|0|0| |0|01|||4|3. Akomodasi Panitia dan Peserta Kegiatan Sosialisasi Learning Organization|30|ORG|1|FREK|3|HARI|0||90|OF|278967|25107000|0|0|0|0||0|0|0|0||| |0|0|| |-  -|0|2092000|2092000|2092000|2092000|2092000|2092000|2092000|2092000|2092000|2092000|2092000|2095000|0||0|||1|0|00
2026|01|527010|015|08|WA|4719|EBC|01|51|1|001|100|CA|524114|019|A|0|0| |0||||1|Akomodasi|40|ORG|3|HR|2|FR|0||240|OH|1043792|250510000|0|0|0|0||0|0|0|0||| |0|0|| |-  -|0|20875000|20875000|20875000|20875000|20875000|20875000|20875000|20875000|20875000|20875000|20875000|20885000|0||0|||1|0|00
2026|01|527010|015|08|WA|4719|EBC|01|51|1|001|100|CA|524114|019|A|0|0| |0||||2|Uang Harian|40|ORG|4|HR|2|FR|0||320|OH|100738|32236000|0|0|0|0||0|0|0|0||| |0|0|| |-  -|0|2686000|2686000|2686000|2686000|2686000|2686000|2686000|2686000|2686000|2686000|2686000|2690000|0||0|||1|0|00
2026|01|527010|015|08|WA|4719|EBC|01|51|1|001|100|CA|524114|019|A|0|0| |0||||3|Transport Peserta Daerah|40|ORG|2|FR|0||0||80|OK|2942288|235383000|0|0|0|0||0|0|0|0||| |0|0|| |-  -|0|19615000|19615000|19615000|19615000|19615000|19615000|19615000|19615000|19615000|19615000|19615000|19618000|0||0|||1|0|00
2026|01|527010|015|08|WA|4719|EBC|01|51|1|001|100|DA|522151|019|A|0|0| |0||||1|Honor narasumber dari KL lain|5|ORG|2|JAM|2|FR|0||20|OJ|743800|14876000|0|0|0|0||0|0|0|0||| |0|0|| |-  -|0|1239000|1239000|1239000|1239000|1239000|1239000|1239000|1239000|1239000|1239000|1239000|1247000|0||0|||1|0|00
2026|01|527010|015|08|WA|4719|EBC|01|51|1|001|100|DB|522151|019|A|0|0| |0||||1|Honor narasumber dari KL lain|5|ORG|2|JAM|2|FR|0||20|OJ|758150|15163000|0|0|0|0||0|0|0|0||| |0|0|| |-  -|0|1263000|1263000|1263000|1263000|1263000|1263000|1263000|1263000|1263000|1263000|1263000|1270000|0||0|||1|0|00
2026|01|527010|015|08|WA|4719|EBC|01|51|1|001|100|DC|521219|019|A|0|0| |0||||1|Dukungan kegiatan lomba karya media|0||0||0||0||1|PKT|2817000|2817000|0|0|0|0||0|0|0|0||| |0|0|| |-  -|0|234000|234000|234000|234000|234000|234000|234000|234000|234000|234000|234000|243000|0||0|||1|0|00
2026|01|527010|015|08|WA|4719|EBC|01|51|1|001|100|DC|522151|019|A|0|0| |0||||1|Honor narasumber dari KL lain|4|ORG|4|JAM|2|FR|0||32|OJ|1404907|44957000|0|0|0|0||0|0|0|0||| |0|0|| |-  -|0|3746000|3746000|3746000|3746000|3746000|3746000|3746000|3746000|3746000|3746000|3746000|3751000|0||0|||1|0|00
2026|01|527010|015|08|WA|4719|EBC|01|51|1|001|100|DC|524114|019|A|0|0| |0||||1|Akomodasi|30|ORG|1|HR|1|KL|0||30|OH|871067|26132000|0|0|0|0||0|0|0|0||| |0|0|| |-  -|0|2177000|2177000|2177000|2177000|2177000|2177000|2177000|2177000|2177000|2177000|2177000|2185000|0||0|||1|0|00
2026|01|527010|015|08|WA|4719|EBC|01|51|1|001|100|DC|524114|019|A|0|0| |0||||2|Uang Harian|30|ORG|2|HR|1|KL|0||60|OH|94600|5676000|0|0|0|0||0|0|0|0||| |0|0|| |-  -|0|473000|473000|473000|473000|473000|473000|473000|473000|473000|473000|473000|473000|0||0|||1|0|00
2026|01|527010|015|08|WA|4719|EBC|01|51|1|001|100|DC|524114|019|A|0|0| |0||||3|Transport|30|ORG|1|KL|0||0||30|OK|123700|3711000|0|0|0|0||0|0|0|0||| |0|0|| |-  -|0|309000|309000|309000|309000|309000|309000|309000|309000|309000|309000|309000|312000|0||0|||1|0|00
2026|01|527010|015|08|WA|4719|EBC|01|51|1|001|100|DC|524119|019|A|0|0| |0||||1|Akomodasi|45|ORG|2|HR|1|KL|0||90|OH|732078|65887000|0|0|0|0||0|0|0|0||| |0|0|| |-  -|0|5490000|5490000|5490000|5490000|5490000|5490000|5490000|5490000|5490000|5490000|5490000|5497000|0||0|||1|0|00
2026|01|527010|015|08|WA|4719|EBC|01|51|1|001|100|DC|524119|019|A|0|0| |0||||2|Uang Harian|45|ORG|3|HR|1|KL|0||135|OH|94600|12771000|0|0|0|0||0|0|0|0||| |0|0|| |-  -|0|1064000|1064000|1064000|1064000|1064000|1064000|1064000|1064000|1064000|1064000|1064000|1067000|0||0|||1|0|00
2026|01|527010|015|08|WA|4719|EBC|01|51|1|001|100|DC|524119|019|A|0|0| |0||||3|Transport|45|ORG|1|KL|0||0||45|OK|1862112|83795000|0|0|0|0||0|0|0|0||| |0|0|| |-  -|0|6982000|6982000|6982000|6982000|6982000|6982000|6982000|6982000|6982000|6982000|6982000|6993000|0||0|||1|0|00
2026|01|527010|015|08|WA|4719|EBC|01|51|1|001|100|DD|522151|019|A|0|0| |0||||1|Honor narasumber dari KL lain|5|ORG|2|JAM|2|FR|0||20|OJ|758150|15163000|0|0|0|0||0|0|0|0||| |0|0|| |-  -|0|1263000|1263000|1263000|1263000|1263000|1263000|1263000|1263000|1263000|1263000|1263000|1270000|0||0|||1|0|00
2026|01|527010|015|08|WA|4719|EBC|01|51|1|001|100|IA|521211|019|A|0|0| |0||||1|KDM  Makan Rapat|5|ORG|16|FR|12|BLN|0||960|OF|34650|33264000|0|0|0|0||0|0|0|0||| |0|0|| |-  -|0|2772000|2772000|2772000|2772000|2772000|2772000|2772000|2772000|2772000|2772000|2772000|2772000|0||0|||1|0|00
2026|01|527010|015|08|WA|4719|EBC|01|51|1|001|100|IA|521211|019|A|0|0| |0||||2|KDM  Snack Rapat|5|ORG|16|FR|12|BLN|0||960|OF|14806|14213000|0|0|0|0||0|0|0|0||| |0|0|| |-  -|0|1184000|1184000|1184000|1184000|1184000|1184000|1184000|1184000|1184000|1184000|1184000|1189000|0||0|||1|0|00
2026|01|527010|015|08|WA|4719|EBC|01|51|1|001|100|IA|524119|019|A|0|0| |0||||1| Akomodasi Fullboard Es III ke bawah|100|ORG|2|HR|1|FR|0||200|OP|556190|111238000|0|0|0|0||0|0|0|0||| |0|0|| |-  -|0|9269000|9269000|9269000|9269000|9269000|9269000|9269000|9269000|9269000|9269000|9269000|9279000|0||0|||1|0|00
2026|01|527010|015|08|WA|4719|EBC|01|51|1|001|100|IA|524119|019|A|0|0| |0||||2|Uang Harian|100|ORG|3|HR|1|FR|0||300|OH|100737|30221000|0|0|0|0||0|0|0|0||| |0|0|| |-  -|0|2518000|2518000|2518000|2518000|2518000|2518000|2518000|2518000|2518000|2518000|2518000|2523000|0||0|||1|0|00
2026|01|527010|015|08|WA|4719|EBC|01|51|1|001|100|IA|524119|019|A|0|0| |0||||3|Biaya Transport|100|ORG|1|FR|0||0||100|OK|271210|27121000|0|0|0|0||0|0|0|0||| |0|0|| |-  -|0|2260000|2260000|2260000|2260000|2260000|2260000|2260000|2260000|2260000|2260000|2260000|2261000|0||0|||1|0|00
2026|01|527010|015|08|WA|4719|EBC|01|51|1|001|100|JA|522151|019|A|0|0| |0||||1|Honor Narasumber Non Kemenkeu|2|ORG|3|JAM|1|FR|0||6|OJ|792000|4752000|0|0|0|0||0|0|0|0||| |0|0|| |-  -|0|396000|396000|396000|396000|396000|396000|396000|396000|396000|396000|396000|396000|0||0|||1|0|00
2026|01|527010|015|08|WA|4719|EBC|01|51|1|001|100|JA|524119|019|A|0|0| |0||||1|Uang Harian Evaluasi Internal Dit. APK|100|ORG|2|HR|1|FR|0||200|OHF|90665|18133000|0|0|0|0||0|0|0|0||| |0|0|| |-  -|0|1511000|1511000|1511000|1511000|1511000|1511000|1511000|1511000|1511000|1511000|1511000|1512000|0||0|||1|0|00
2026|01|527010|015|08|WA|4719|EBC|01|51|1|001|100|OB|521211|019|A|0|0| |0||||1|KDM  Makan Rapat|120|ORG|3|HR|4|KEG|0||1440|OK|35910|51710000|0|0|0|0||0|0|0|0||| |0|0|| |-  -|0|4309000|4309000|4309000|4309000|4309000|4309000|4309000|4309000|4309000|4309000|4309000|4311000|0||0|||1|0|00
2026|01|527010|015|08|WA|4719|EBC|01|51|1|001|100|OB|521211|019|A|0|0| |0||||2|KDM  Snack Rapat|120|ORG|4|KEG|3|HR|0||1440|OK|15121|21774000|0|0|0|0||0|0|0|0||| |0|0|| |-  -|0|1814000|1814000|1814000|1814000|1814000|1814000|1814000|1814000|1814000|1814000|1814000|1820000|0||0|||1|0|00
2026|01|527010|015|08|WA|4719|EBC|01|51|1|001|100|OB|521211|019|A|0|0| |0||||3|CTK  Penggandaan Bahan rapat|120|ORG|1|PKT|4|KEG|0||480|OK|13387|6425000|0|0|0|0||0|0|0|0||| |0|0|| |-  -|0|535000|535000|535000|535000|535000|535000|535000|535000|535000|535000|535000|540000|0||0|||1|0|00
2026|01|527010|015|08|WA|4719|EBC|01|51|1|001|100|OB|521211|019|A|0|0| |0||||4|CTK  Banner Kegiatan|1|BUAH|1|KEG|0||0||1|BUAH|312000|312000|0|0|0|0||0|0|0|0||| |0|0|| |-  -|0|26000|26000|26000|26000|26000|26000|26000|26000|26000|26000|26000|26000|0||0|||1|0|00
2026|01|527010|015|08|WA|4719|EBC|01|51|1|001|100|OD|521211|019|A|0|0| |0||||1|CTK  Penggandaan Bahan rapat|24|ORG|1|KEG|0||0||24|OK|157500|3780000|0|0|0|0||0|0|0|0||| |0|0|| |-  -|0|315000|315000|315000|315000|315000|315000|315000|315000|315000|315000|315000|315000|0||0|||1|0|00
2026|01|527010|015|08|WA|4719|EBC|01|51|1|001|100|OD|521211|019|A|0|0| |0||||2|CTK  Banner Kegiatan|1|BUAH|1|KEG|0||0||1|BUAH|2059000|2059000|0|0|0|0||0|0|0|0||| |0|0|| |-  -|0|171000|171000|171000|171000|171000|171000|171000|171000|171000|171000|171000|178000|0||0|||1|0|00
2026|01|527010|015|08|WA|4719|EBC|01|51|1|001|100|OD|524114|019|A|0|0| |0||||1|Paket Fullboard Es. II|4|ORG|1|PKT|2|HR|1|FR|8|OP|1007375|8059000|0|0|0|0||0|0|0|0||| |0|0|| |-  -|0|671000|671000|671000|671000|671000|671000|671000|671000|671000|671000|671000|678000|0||0|||1|0|00
2026|01|527010|015|08|WA|4719|EBC|01|51|1|001|100|OD|524114|019|A|0|0| |0||||2|Paket Fullboard Es. III ke bawah|20|ORG|1|PKT|2|HR|1|FR|40|OP|774900|30996000|0|0|0|0||0|0|0|0||| |0|0|| |-  -|0|2583000|2583000|2583000|2583000|2583000|2583000|2583000|2583000|2583000|2583000|2583000|2583000|0||0|||1|0|00
2026|01|527010|015|08|WA|4719|EBC|01|51|1|001|100|OD|524114|019|A|0|0| |0||||3|Transport PP|24|ORG|1|FREK|0||0||24|OF|116250|2790000|0|0|0|0||0|0|0|0||| |0|0|| |-  -|0|232000|232000|232000|232000|232000|232000|232000|232000|232000|232000|232000|238000|0||0|||1|0|00
2026|01|527010|015|08|WA|4719|EBC|01|51|1|001|100|OD|524114|019|A|0|0| |0||||4|Uang Harian|24|ORG|1|FREK|3|HARI|0||72|OF|100737|7253000|0|0|0|0||0|0|0|0||| |0|0|| |-  -|0|604000|604000|604000|604000|604000|604000|604000|604000|604000|604000|604000|609000|0||0|||1|0|00
2026|01|527010|015|08|WA|4719|EBC|01|51|1|001|100|OE|524111|019|A|0|0| |0||||1| Akomodasi|3|ORG|2|HR|2|KEG|1|LOK|12|OH|503667|6044000|0|0|0|0||0|0|0|0||| |0|0|| |-  -|0|503000|503000|503000|503000|503000|503000|503000|503000|503000|503000|503000|511000|0||0|||1|0|00
2026|01|527010|015|08|WA|4719|EBC|01|51|1|001|100|OE|524111|019|A|0|0| |0||||2|Tiket|3|ORG|2|KEG|1|LOK|0||6|OH|2712167|16273000|0|0|0|0||0|0|0|0||| |0|0|| |-  -|0|1356000|1356000|1356000|1356000|1356000|1356000|1356000|1356000|1356000|1356000|1356000|1357000|0||0|||1|0|00
2026|01|527010|015|08|WA|4719|EBC|01|51|1|001|100|OE|524111|019|A|0|0| |0||||3|Uang Harian|3|ORG|2|HR|3|KEG|1|LOK|18|OH|348723|6277000|0|0|0|0||0|0|0|0||| |0|0|| |-  -|0|523000|523000|523000|523000|523000|523000|523000|523000|523000|523000|523000|524000|0||0|||1|0|00
2026|01|527010|015|08|WA|4719|EBC|01|51|1|001|100|OE|524113|019|A|0|0| |0||||1|Transport Dalam Kota|3|ORG|8|KEG|0||0||24|OK|116250|2790000|0|0|0|0||0|0|0|0||| |0|0|| |-  -|0|232000|232000|232000|232000|232000|232000|232000|232000|232000|232000|232000|238000|0||0|||1|0|00
2026|01|527010|015|08|WA|4719|EBC|01|51|1|001|100|OE|524113|019|A|0|0| |0||||2|Uang Harian Dalam Kota Lebih Dari 8 Jam|3|ORG|8|KEG|1|HR|0||24|OH|130167|3124000|0|0|0|0||0|0|0|0||| |0|0|| |-  -|0|260000|260000|260000|260000|260000|260000|260000|260000|260000|260000|260000|264000|0||0|||1|0|00
2026|01|527010|015|08|WA|4719|EBC|01|51|1|001|100|XB|522191|019|A|0|0| |0||||1|Pengembangan Kompetensi SDM TIK DJPb|50|ORG|0||0||0||50|PKT|2000000|100000000|0|0|0|0||0|0|0|0||| |0|0|| |-  -|0|8333000|8333000|8333000|8333000|8333000|8333000|8333000|8333000|8333000|8333000|8333000|8337000|0||0|||1|0|00
2026|01|527010|015|08|WA|4719|EBC|01|51|1|001|100|XB|524113|019|A|0|0| |0||||1|Transport Dalam Kota|4|ORG|3|HR|2|FR|1|LOK|24|OF|131750|3162000|0|0|0|0||0|0|0|0||| |0|0|| |-  -|0|263000|263000|263000|263000|263000|263000|263000|263000|263000|263000|263000|269000|0||0|||1|0|00
2026|01|527010|015|08|WA|4719|EBC|01|51|1|001|100|XB|524113|019|A|0|0| |0||||2|Uang Harian|4|ORG|3|HR|2|FR|1|LOK|24|OH|130167|3124000|0|0|0|0||0|0|0|0||| |0|0|| |-  -|0|260000|260000|260000|260000|260000|260000|260000|260000|260000|260000|260000|264000|0||0|||1|0|00
2026|01|527010|015|08|WA|4719|EBC|01|51|1|001|100|XC|524111|019|A|0|0| |0|01||1|1|PB.12  Bagian SDM|0||0||0||0||0||0|0|0|0|0|0||0|0|0|0||| |0|0|| |-  -|0|0|0|0|0|0|0|0|0|0|0|0|0|0||0|||1|0|00
2026|01|527010|015|08|WA|4719|EBC|01|51|1|001|100|XC|524111|019|A|0|0| |0|01|||2|31. Transport dalam rangka Kegiatan Capacity Building|15|ORG|1|FREK|0||0||15|OF|1394800|20922000|0|0|0|0||0|0|0|0||| |0|0|| |-  -|0|1743000|1743000|1743000|1743000|1743000|1743000|1743000|1743000|1743000|1743000|1743000|1749000|0||0|||1|0|00
2026|01|527010|015|08|WA|4719|EBC|01|51|1|001|100|XC|524111|019|A|0|0| |0|01|||3|32. Uang Saku dalam rangka Kegiatan Capacity Building|15|ORG|1|FREK|3|HARI|0||45|OF|123978|5579000|0|0|0|0||0|0|0|0||| |0|0|| |-  -|0|464000|464000|464000|464000|464000|464000|464000|464000|464000|464000|464000|475000|0||0|||1|0|00
2026|01|527010|015|08|WA|4719|EBC|01|51|1|001|100|XC|524111|019|A|0|0| |0|01|||4|33. Akomodasi dalam rangka Kegiatan Capacity Building|15|ORG|1|FREK|2|HARI|0||30|OF|154967|4649000|0|0|0|0||0|0|0|0||| |0|0|| |-  -|0|387000|387000|387000|387000|387000|387000|387000|387000|387000|387000|387000|392000|0||0|||1|0|00
2026|01|527010|015|08|WA|4719|EBC|01|51|1|004|100|AA|521211|019|A|0|0| |0||||1|KDM  Snack Rapat|5|ORG|1|FREK|0||0||5|OF|15200|76000|0|0|0|0||0|0|0|0||| |0|0|| |-  -|0|6000|6000|6000|6000|6000|6000|6000|6000|6000|6000|6000|10000|0||0|||1|0|00
2026|01|527010|015|08|WA|4719|EBC|01|51|1|004|100|AA|521211|019|A|0|0| |0||||2|KDM  Makan Rapat|5|ORG|1|FREK|0||0||5|OF|36000|180000|0|0|0|0||0|0|0|0||| |0|0|| |-  -|0|15000|15000|15000|15000|15000|15000|15000|15000|15000|15000|15000|15000|0||0|||1|0|00
2026|01|527010|015|08|WA|4719|EBC|01|51|1|004|100|AA|524111|019|A|0|0| |0||||1|Akomodasi|2|ORG|4|LOK|2|HR|0||16|OH|503688|8059000|0|0|0|0||0|0|0|0||| |0|0|| |-  -|0|671000|671000|671000|671000|671000|671000|671000|671000|671000|671000|671000|678000|0||0|||1|0|00
2026|01|527010|015|08|WA|4719|EBC|01|51|1|004|100|AA|524111|019|A|0|0| |0||||2|Transport|2|ORG|4|LOK|1|FREK|0||8|OK|2712125|21697000|0|0|0|0||0|0|0|0||| |0|0|| |-  -|0|1808000|1808000|1808000|1808000|1808000|1808000|1808000|1808000|1808000|1808000|1808000|1809000|0||0|||1|0|00
2026|01|527010|015|08|WA|4719|EBC|01|51|1|004|100|AA|524111|019|A|0|0| |0||||3|Uang Saku Harian|2|ORG|4|LOK|3|HR|0||24|OH|278959|6695000|0|0|0|0||0|0|0|0||| |0|0|| |-  -|0|557000|557000|557000|557000|557000|557000|557000|557000|557000|557000|557000|568000|0||0|||1|0|00
2026|01|527010|015|08|WA|4719|EBC|01|51|1|004|100|BA|521211|019|A|0|0| |0||||1|KDM  Makan Rapat|20|ORG|10|FREK|1|HARI|0||200|OF|33390|6678000|0|0|0|0||0|0|0|0||| |0|0|| |-  -|0|556000|556000|556000|556000|556000|556000|556000|556000|556000|556000|556000|562000|0||0|||1|0|00
2026|01|527010|015|08|WA|4719|EBC|01|51|1|004|100|BA|521211|019|A|0|0| |0||||2|KDM  Snack Rapat|20|ORG|10|FREK|1|HARI|0||200|OF|13860|2772000|0|0|0|0||0|0|0|0||| |0|0|| |-  -|0|231000|231000|231000|231000|231000|231000|231000|231000|231000|231000|231000|231000|0||0|||1|0|00
2026|01|527010|015|08|WA|4719|EBC|01|51|1|004|100|BA|524111|019|A|0|0| |0||||1|1. Biaya Transport Implementasi Jabatan Fungsional|3|ORG|2|FREK|0||0||6|OF|1549834|9299000|0|0|0|0||0|0|0|0||| |0|0|| |-  -|0|774000|774000|774000|774000|774000|774000|774000|774000|774000|774000|774000|785000|0||0|||1|0|00
2026|01|527010|015|08|WA|4719|EBC|01|51|1|004|100|BA|524111|019|A|0|0| |0||||2|2. Biaya Uang Saku Implementasi Jabatan Fungsional|3|ORG|2|FREK|3|HARI|0||18|OF|247945|4463000|0|0|0|0||0|0|0|0||| |0|0|| |-  -|0|371000|371000|371000|371000|371000|371000|371000|371000|371000|371000|371000|382000|0||0|||1|0|00
2026|01|527010|015|08|WA|4719|EBC|01|51|1|004|100|BA|524111|019|A|0|0| |0||||3|3. Biaya Akomodasi Implementasi Jabatan Fungsional|3|ORG|2|FREK|2|MLM|0||12|OF|387417|4649000|0|0|0|0||0|0|0|0||| |0|0|| |-  -|0|387000|387000|387000|387000|387000|387000|387000|387000|387000|387000|387000|392000|0||0|||1|0|00
2026|01|527010|015|08|WA|4722|EBD|01|51|1|001|100|EA|524111|019|A|0|0| |0||||1|Akomodasi|3|ORG|2|HARI|2|FREK|0||12|OF|387417|4649000|0|0|0|0||0|0|0|0||| |0|0|| |-  -|0|387000|387000|387000|387000|387000|387000|387000|387000|387000|387000|387000|392000|0||0|||1|0|00
2026|01|527010|015|08|WA|4722|EBD|01|51|1|001|100|EA|524111|019|A|0|0| |0||||2|Transport|3|ORG|2|FREK|0||0||6|OF|1704834|10229000|0|0|0|0||0|0|0|0||| |0|0|| |-  -|0|852000|852000|852000|852000|852000|852000|852000|852000|852000|852000|852000|857000|0||0|||1|0|00
2026|01|527010|015|08|WA|4722|EBD|01|51|1|001|100|EA|524111|019|A|0|0| |0||||3|Uang Harian|3|ORG|3|HARI|2|FREK|0||18|OH|259612|4673000|0|0|0|0||0|0|0|0||| |0|0|| |-  -|0|389000|389000|389000|389000|389000|389000|389000|389000|389000|389000|389000|394000|0||0|||1|0|00
2026|01|527010|015|08|WA|4722|EBD|01|51|1|001|100|JA|522151|019|A|0|0| |0||||1|Honorarium Narasumber|1|ORG|1|JAM|1|FR|0||1|OJ|792000|792000|0|0|0|0||0|0|0|0||| |0|0|| |-  -|0|66000|66000|66000|66000|66000|66000|66000|66000|66000|66000|66000|66000|0||0|||1|0|00
2026|01|527010|015|08|WA|4722|EBD|01|51|1|001|100|JA|524111|019|A|0|0| |0||||1|Transport|2|ORG|2|FR|0||0||4|OF|795750|3183000|0|0|0|0||0|0|0|0||| |0|0|| |-  -|0|265000|265000|265000|265000|265000|265000|265000|265000|265000|265000|265000|268000|0||0|||1|0|00
2026|01|527010|015|08|WA|4722|EBD|01|51|1|001|100|JA|524111|019|A|0|0| |0||||2|Akomodasi|2|ORG|2|HR|2|FR|0||8|OF|465000|3720000|0|0|0|0||0|0|0|0||| |0|0|| |-  -|0|310000|310000|310000|310000|310000|310000|310000|310000|310000|310000|310000|310000|0||0|||1|0|00
2026|01|527010|015|08|WA|4722|EBD|01|51|1|001|100|JA|524111|019|A|0|0| |0||||3|Uang Saku Harian|2|ORG|3|HR|2|FREK|0||12|OH|310000|3720000|0|0|0|0||0|0|0|0||| |0|0|| |-  -|0|310000|310000|310000|310000|310000|310000|310000|310000|310000|310000|310000|310000|0||0|||1|0|00
2026|01|527010|015|08|WA|4722|EBD|01|51|1|003|100|EA|521211|019|A|0|0| |0||||1|CTK  Plakat Narasumber|1|ORG|1|PKT|0||0||1|PKT|639000|639000|0|0|0|0||0|0|0|0||| |0|0|| |-  -|0|53000|53000|53000|53000|53000|53000|53000|53000|53000|53000|53000|56000|0||0|||1|0|00
2026|01|527010|015|08|WA|4722|EBD|01|51|1|003|100|EA|521211|019|A|0|0| |0||||2|KDM  Snack Rapat|30|ORG|10|FREK|0||0||300|OF|15120|4536000|0|0|0|0||0|0|0|0||| |0|0|| |-  -|0|378000|378000|378000|378000|378000|378000|378000|378000|378000|378000|378000|378000|0||0|||1|0|00
2026|01|527010|015|08|WA|4722|EBD|01|51|1|003|100|EA|521211|019|A|0|0| |0||||3|KDM  Makan Rapat|30|ORG|10|FREK|0||0||300|OF|35910|10773000|0|0|0|0||0|0|0|0||| |0|0|| |-  -|0|897000|897000|897000|897000|897000|897000|897000|897000|897000|897000|897000|906000|0||0|||1|0|00
2026|01|527010|015|08|WA|4722|EBD|01|51|1|003|100|EA|522151|019|A|0|0| |0||||1|Honor Narasumber Non Kemenkeu|2|ORG|1|JAM|1|FREK|0||2|OJ|1525000|3050000|0|0|0|0||0|0|0|0||| |0|0|| |-  -|0|254000|254000|254000|254000|254000|254000|254000|254000|254000|254000|254000|256000|0||0|||1|0|00
2026|01|527010|015|08|WA|4722|EBD|01|51|1|003|100|EA|522151|019|A|0|0| |0||||2|Honor Narasumber PNS Non Kemenkeu|2|ORG|1|JAM|0||0||2|OJ|792000|1584000|0|0|0|0||0|0|0|0||| |0|0|| |-  -|0|132000|132000|132000|132000|132000|132000|132000|132000|132000|132000|132000|132000|0||0|||1|0|00
2026|01|527010|015|08|WA|4722|EBD|01|51|1|003|100|EA|524113|019|A|0|0| |0||||1|Transport lokal dalam kota|6|ORG|1|HR|4|FREK|0||24|OK|131750|3162000|0|0|0|0||0|0|0|0||| |0|0|| |-  -|0|263000|263000|263000|263000|263000|263000|263000|263000|263000|263000|263000|269000|0||0|||1|0|00
2026|01|527010|015|08|WA|4722|EBD|01|51|1|003|100|EB|521211|019|A|0|0| |0||||1|CTK  Plakat Narasumber|1|ORG|1|PKT|0||0||1|PKT|615000|615000|0|0|0|0||0|0|0|0||| |0|0|| |-  -|0|51000|51000|51000|51000|51000|51000|51000|51000|51000|51000|51000|54000|0||0|||1|0|00
2026|01|527010|015|08|WA|4722|EBD|01|51|1|003|100|EB|521211|019|A|0|0| |0||||2|KDM  Snack Rapat Menteri  Pejabat Eselon I|50|ORG|1|FR|0||0||50|OF|33380|1669000|0|0|0|0||0|0|0|0||| |0|0|| |-  -|0|139000|139000|139000|139000|139000|139000|139000|139000|139000|139000|139000|140000|0||0|||1|0|00
2026|01|527010|015|08|WA|4722|EBD|01|51|1|003|100|EB|521211|019|A|0|0| |0||||3|KDM  Makan Rapat Menteri  Pejabat Eselon I|50|ORG|1|FREK|0||0||50|OF|74340|3717000|0|0|0|0||0|0|0|0||| |0|0|| |-  -|0|309000|309000|309000|309000|309000|309000|309000|309000|309000|309000|309000|318000|0||0|||1|0|00
2026|01|527010|015|08|WA|4722|EBD|01|51|1|003|100|EB|522151|019|A|0|0| |0||||1|Honor Narasumber Non Kemenkeu|2|ORG|1|JAM|1|FREK|0||2|OJ|1496000|2992000|0|0|0|0||0|0|0|0||| |0|0|| |-  -|0|249000|249000|249000|249000|249000|249000|249000|249000|249000|249000|249000|253000|0||0|||1|0|00
2026|01|527010|015|08|WA|4722|EBD|01|51|1|003|100|EC|521211|019|A|0|0| |0||||1|KDM  Snack Rapat|10|ORG|1|HR|8|FREK|0||80|OF|15125|1210000|0|0|0|0||0|0|0|0||| |0|0|| |-  -|0|100000|100000|100000|100000|100000|100000|100000|100000|100000|100000|100000|110000|0||0|||1|0|00
2026|01|527010|015|08|WA|4722|EBD|01|51|1|003|100|EC|521211|019|A|0|0| |0||||2|KDM  Makan Rapat|10|ORG|1|HR|8|FREK|0||80|OF|35913|2873000|0|0|0|0||0|0|0|0||| |0|0|| |-  -|0|239000|239000|239000|239000|239000|239000|239000|239000|239000|239000|239000|244000|0||0|||1|0|00
2026|01|527010|015|08|WA|4722|EBD|01|51|1|003|100|EC|524111|019|A|0|0| |0||||1|Akomodasi|4|ORG|3|HR|6|FREK|0||72|OF|542431|39055000|0|0|0|0||0|0|0|0||| |0|0|| |-  -|0|3254000|3254000|3254000|3254000|3254000|3254000|3254000|3254000|3254000|3254000|3254000|3261000|0||0|||1|0|00
2026|01|527010|015|08|WA|4722|EBD|01|51|1|003|100|EC|524111|019|A|0|0| |0||||2|Transport|4|ORG|6|FREK|0||0||24|OF|2324709|55793000|0|0|0|0||0|0|0|0||| |0|0|| |-  -|0|4649000|4649000|4649000|4649000|4649000|4649000|4649000|4649000|4649000|4649000|4649000|4654000|0||0|||1|0|00
2026|01|527010|015|08|WA|4722|EBD|01|51|1|003|100|EC|524111|019|A|0|0| |0||||3|Uang Harian|4|ORG|4|HR|6|FREK|0||96|OH|271219|26037000|0|0|0|0||0|0|0|0||| |0|0|| |-  -|0|2169000|2169000|2169000|2169000|2169000|2169000|2169000|2169000|2169000|2169000|2169000|2178000|0||0|||1|0|00
2026|01|527010|015|08|WA|4722|EBD|01|51|1|003|100|EC|524113|019|A|0|0| |0||||1|Transport lokal dalam kota|2|ORG|3|HR|6|FREK|0||36|OK|131723|4742000|0|0|0|0||0|0|0|0||| |0|0|| |-  -|0|395000|395000|395000|395000|395000|395000|395000|395000|395000|395000|395000|397000|0||0|||1|0|00
2026|01|527010|015|08|WA|4722|EBD|01|51|1|003|100|ED|524111|019|A|0|0| |0||||1|Akomodasi|2|ORG|4|HR|4|FREK|0||32|OF|542438|17358000|0|0|0|0||0|0|0|0||| |0|0|| |-  -|0|1446000|1446000|1446000|1446000|1446000|1446000|1446000|1446000|1446000|1446000|1446000|1452000|0||0|||1|0|00
2026|01|527010|015|08|WA|4722|EBD|01|51|1|003|100|ED|524111|019|A|0|0| |0||||2|Transport|2|ORG|4|FREK|0||0||8|OF|2324750|18598000|0|0|0|0||0|0|0|0||| |0|0|| |-  -|0|1549000|1549000|1549000|1549000|1549000|1549000|1549000|1549000|1549000|1549000|1549000|1559000|0||0|||1|0|00
2026|01|527010|015|08|WA|4722|EBD|01|51|1|003|100|ED|524111|019|A|0|0| |0||||3|Uang Harian|2|ORG|5|HR|4|FREK|0||40|OH|271225|10849000|0|0|0|0||0|0|0|0||| |0|0|| |-  -|0|904000|904000|904000|904000|904000|904000|904000|904000|904000|904000|904000|905000|0||0|||1|0|00
2026|01|527010|015|08|WA|4722|EBD|01|51|1|003|100|EE|521211|019|A|0|0| |0||||1|KDM  Snack Rapat|6|ORG|2|HR|4|FREK|0||48|OF|13855|665000|0|0|0|0||0|0|0|0||| |0|0|| |-  -|0|55000|55000|55000|55000|55000|55000|55000|55000|55000|55000|55000|60000|0||0|||1|0|00
2026|01|527010|015|08|WA|4722|EBD|01|51|1|003|100|EE|521211|019|A|0|0| |0||||2|KDM  Makan Rapat|6|ORG|2|HR|4|FREK|0||48|OF|32750|1572000|0|0|0|0||0|0|0|0||| |0|0|| |-  -|0|131000|131000|131000|131000|131000|131000|131000|131000|131000|131000|131000|131000|0||0|||1|0|00
2026|01|527010|015|08|WA|4722|EBD|01|51|1|003|100|EE|521211|019|A|0|0| |0||||3|CTK  Dukungan Kegiatan Pengumpulan Informasi|2|ORG|3|FREK|0||0||6|OF|75667|454000|0|0|0|0||0|0|0|0||| |0|0|| |-  -|0|37000|37000|37000|37000|37000|37000|37000|37000|37000|37000|37000|47000|0||0|||1|0|00
2026|01|527010|015|08|WA|4722|EBD|01|51|1|003|100|EE|524111|019|A|0|0| |0||||1|Uang Harian|2|ORG|3|HR|3|FREK|0||18|OH|271223|4882000|0|0|0|0||0|0|0|0||| |0|0|| |-  -|0|406000|406000|406000|406000|406000|406000|406000|406000|406000|406000|406000|416000|0||0|||1|0|00
2026|01|527010|015|08|WA|4722|EBD|01|51|1|003|100|EE|524111|019|A|0|0| |0||||2|Akomodasi|2|ORG|2|HR|3|FREK|0||12|OF|441667|5300000|0|0|0|0||0|0|0|0||| |0|0|| |-  -|0|441000|441000|441000|441000|441000|441000|441000|441000|441000|441000|441000|449000|0||0|||1|0|00
2026|01|527010|015|08|WA|4722|EBD|01|51|1|003|100|EE|524111|019|A|0|0| |0||||3|Transport|2|ORG|3|FREK|0||0||6|OF|2324667|13948000|0|0|0|0||0|0|0|0||| |0|0|| |-  -|0|1162000|1162000|1162000|1162000|1162000|1162000|1162000|1162000|1162000|1162000|1162000|1166000|0||0|||1|0|00
2026|01|527010|015|08|WA|4722|EBD|01|51|1|003|100|EE|524113|019|A|0|0| |0||||1|Transport lokal dalam kota|2|ORG|1|HR|2|FREK|0||4|OK|131750|527000|0|0|0|0||0|0|0|0||| |0|0|| |-  -|0|43000|43000|43000|43000|43000|43000|43000|43000|43000|43000|43000|54000|0||0|||1|0|00
2026|01|527010|015|08|WA|4722|EBD|01|51|1|002|100|EA|521211|019|A|0|0| |0||||1|KDM  Snack Rapat|11|ORG|1|HR|1|FREK|0||11|OK|15091|166000|0|0|0|0||0|0|0|0||| |0|0|| |-  -|0|13000|13000|13000|13000|13000|13000|13000|13000|13000|13000|13000|23000|0||0|||1|0|00
2026|01|527010|015|08|WA|4722|EBD|01|51|1|002|100|EA|521211|019|A|0|0| |0||||2|KDM  Makan Rapat|11|ORG|1|HR|1|FREK|0||11|OK|35910|395000|0|0|0|0||0|0|0|0||| |0|0|| |-  -|0|32000|32000|32000|32000|32000|32000|32000|32000|32000|32000|32000|43000|0||0|||1|0|00
2026|01|527010|015|08|WA|4722|EBD|01|51|1|002|100|EA|524111|019|A|0|0| |0||||1|Akomodasi|2|ORG|2|HR|4|FREK|0||16|OF|542438|8679000|0|0|0|0||0|0|0|0||| |0|0|| |-  -|0|723000|723000|723000|723000|723000|723000|723000|723000|723000|723000|723000|726000|0||0|||1|0|00
2026|01|527010|015|08|WA|4722|EBD|01|51|1|002|100|EA|524111|019|A|0|0| |0||||2|Transport|2|ORG|4|FREK|0||0||8|OF|2324750|18598000|0|0|0|0||0|0|0|0||| |0|0|| |-  -|0|1549000|1549000|1549000|1549000|1549000|1549000|1549000|1549000|1549000|1549000|1549000|1559000|0||0|||1|0|00
2026|01|527010|015|08|WA|4722|EBD|01|51|1|002|100|EA|524111|019|A|0|0| |0||||3|Uang Harian|2|ORG|3|HR|4|FREK|0||24|OH|271209|6509000|0|0|0|0||0|0|0|0||| |0|0|| |-  -|0|542000|542000|542000|542000|542000|542000|542000|542000|542000|542000|542000|547000|0||0|||1|0|00
2026|01|527010|015|08|WA|4722|EBD|01|51|1|002|100|EA|524113|019|A|0|0| |0||||1|Transport Lokal|2|ORG|2|HR|2|FR|0||8|OK|118500|948000|0|0|0|0||0|0|0|0||| |0|0|| |-  -|0|79000|79000|79000|79000|79000|79000|79000|79000|79000|79000|79000|79000|0||0|||1|0|00
2026|01|527010|015|08|WA|4722|EBD|01|51|1|002|100|JA|521211|019|A|0|0| |0||||1|CTK  ATK, Cetakan dan Bahan Habis Pakai|6|EKS|4|FR|0||0||24|EKS|63000|1512000|0|0|0|0||0|0|0|0||| |0|0|| |-  -|0|126000|126000|126000|126000|126000|126000|126000|126000|126000|126000|126000|126000|0||0|||1|0|00
2026|01|527010|015|08|WA|4725|CCL|01|51|1|001|005|TJ|523121|019|A|0|0| |0||||1|Extended Warranty IBM|0||0||0||0||1|PKT|19297058000|19297058000|0|0|0|0||0|0|0|0||| |0|0|| |-  -|0|1608088000|1608088000|1608088000|1608088000|1608088000|1608088000|1608088000|1608088000|1608088000|1608088000|1608088000|1608090000|0||0|||1|0|00
2026|01|527010|015|08|WA|4725|CCL|01|51|1|001|005|TJ|523121|019|A|0|0| |0||||2|Extended Warranty Lenovo|0||0||0||0||1|PKT|8837424000|8837424000|0|0|0|0||0|0|0|0||| |0|0|| |-  -|0|736452000|736452000|736452000|736452000|736452000|736452000|736452000|736452000|736452000|736452000|736452000|736452000|0||0|||1|0|00
2026|01|527010|015|08|WA|4725|CCL|01|51|1|001|005|TJ|523199|019|A|0|0| |0||||1|ACS (Advance Customer Services)  ATS (Annual Technical Support) Lisensi Oracle Database Oracle  SPAN|0||0||0||0||1|PKT|47078982000|47078982000|0|0|0|0||0|0|0|0||| |0|0|| |-  -|0|3923248000|3923248000|3923248000|3923248000|3923248000|3923248000|3923248000|3923248000|3923248000|3923248000|3923248000|3923254000|0||0|||1|0|00
2026|01|527010|015|08|WA|4725|CCL|01|51|1|001|005|TJ|523199|019|A|0|0| |0||||2|Renewal License  ATS DB MPN|0||0||0||0||1|PKT|26267346000|26267346000|0|0|0|0||0|0|0|0||| |0|0|| |-  -|0|2188945000|2188945000|2188945000|2188945000|2188945000|2188945000|2188945000|2188945000|2188945000|2188945000|2188945000|2188951000|0||0|||1|0|00
2026|01|527010|015|08|WA|4725|CCL|01|51|1|001|005|TJ|523199|019|A|0|0| |0||||3|Renewal License  ATS Red Hat Enterprise Linux MPN|0||0||0||0||1|PKT|1354997000|1354997000|0|0|0|0||0|0|0|0||| |0|0|| |-  -|0|112916000|112916000|112916000|112916000|112916000|112916000|112916000|112916000|112916000|112916000|112916000|112921000|0||0|||1|0|00
2026|01|527010|015|08|WA|4725|CCL|01|51|1|001|005|TJ|523199|019|A|0|0| |0||||4|ATS DB dan Apps Oracle SOA|0||0||0||0||1|PKT|20110592000|20110592000|0|0|0|0||0|0|0|0||| |0|0|| |-  -|0|1675882000|1675882000|1675882000|1675882000|1675882000|1675882000|1675882000|1675882000|1675882000|1675882000|1675882000|1675890000|0||0|||1|0|00
2026|01|527010|015|08|WA|4725|CCL|01|51|1|003|005|TJ|523121|019|A|0|0| |0||||1|Extended Warranty DELL|0||0||0||0||1|PKT|5589240000|5589240000|0|0|0|0||0|0|0|0||| |0|0|| |-  -|0|465770000|465770000|465770000|465770000|465770000|465770000|465770000|465770000|465770000|465770000|465770000|465770000|0||0|||1|0|00
2026|01|527010|015|08|WA|4725|CCL|01|51|1|003|005|TJ|523121|019|A|0|0| |0||||2|Extended Warranty Hitachi|0||0||0||0||1|PKT|21958020000|21958020000|0|0|0|0||0|0|0|0||| |0|0|| |-  -|0|1829835000|1829835000|1829835000|1829835000|1829835000|1829835000|1829835000|1829835000|1829835000|1829835000|1829835000|1829835000|0||0|||1|0|00
2026|01|527010|015|08|WA|4725|CCL|01|51|1|003|005|TJ|523121|019|A|0|0| |0||||3|Extended Warranty Hewlett Packard Enterprise (HPE)|0||0||0||0||1|PKT|1282935000|1282935000|0|0|0|0||0|0|0|0||| |0|0|| |-  -|0|106911000|106911000|106911000|106911000|106911000|106911000|106911000|106911000|106911000|106911000|106911000|106914000|0||0|||1|0|00
2026|01|527010|015|08|WA|4725|CCL|01|51|1|003|005|TJ|523199|019|A|0|0| |0||||1|Renewal License  ATS DB SIKP|0||0||0||0||1|PKT|22145241000|22145241000|0|0|0|0||0|0|0|0||| |0|0|| |-  -|0|1845436000|1845436000|1845436000|1845436000|1845436000|1845436000|1845436000|1845436000|1845436000|1845436000|1845436000|1845445000|0||0|||1|0|00
2026|01|527010|015|08|WA|4725|CCL|01|51|1|003|005|TJ|523199|019|A|0|0| |0||||2|Renewal License  ATS Red Hat Enterprise Linux  SIKP|0||0||0||0||1|PKT|176119000|176119000|0|0|0|0||0|0|0|0||| |0|0|| |-  -|0|14676000|14676000|14676000|14676000|14676000|14676000|14676000|14676000|14676000|14676000|14676000|14683000|0||0|||1|0|00
2026|01|527010|015|08|WA|4725|CCL|01|51|1|003|005|TJ|523199|019|A|0|0| |0||||3|Renewal License  ATS MySQL|0||0||0||0||1|PKT|448950000|448950000|0|0|0|0||0|0|0|0||| |0|0|| |-  -|0|37412000|37412000|37412000|37412000|37412000|37412000|37412000|37412000|37412000|37412000|37412000|37418000|0||0|||1|0|00
2026|01|527010|015|08|WA|4725|CCL|01|51|1|003|005|TJ|523199|019|A|0|0| |0||||4|Renewal License  ATS Hitachi Data Protection Suite|0||0||0||0||1|PKT|1603920000|1603920000|0|0|0|0||0|0|0|0||| |0|0|| |-  -|0|133660000|133660000|133660000|133660000|133660000|133660000|133660000|133660000|133660000|133660000|133660000|133660000|0||0|||1|0|00
2026|01|527010|015|08|WA|4725|CCL|01|51|1|002|005|TJ|522191|019|A|0|0| |0||||1|Jasa Layanan SMS OTP SAKTISPAN|0||0||0||0||1|PKT|6533163000|6533163000|0|0|0|0||0|0|0|0||| |0|0|| |-  -|0|544430000|544430000|544430000|544430000|544430000|544430000|544430000|544430000|544430000|544430000|544430000|544433000|0||0|||1|0|00
2026|01|527010|015|08|WA|4725|CCL|01|51|1|002|005|TJ|523199|019|A|0|0| |0||||1|Renewal License  ATS DB SAKTI|0||0||0||0||1|PKT|44247488000|44247488000|0|0|0|0||0|0|0|0||| |0|0|| |-  -|0|3687290000|3687290000|3687290000|3687290000|3687290000|3687290000|3687290000|3687290000|3687290000|3687290000|3687290000|3687298000|0||0|||1|0|00
2026|01|527010|015|08|WA|4725|CCL|01|51|1|002|005|TJ|523199|019|A|0|0| |0||||2|Renewal License  ATS DB OLAP SAKTI|0||0||0||0||1|PKT|11798242000|11798242000|0|0|0|0||0|0|0|0||| |0|0|| |-  -|0|983186000|983186000|983186000|983186000|983186000|983186000|983186000|983186000|983186000|983186000|983186000|983196000|0||0|||1|0|00
2026|01|527010|015|08|WA|4725|CCL|01|51|1|002|005|TJ|523199|019|A|0|0| |0||||3|Renewal License  ATS Java App SAKTI|0||0||0||0||1|PKT|70952568000|70952568000|0|0|0|0||0|0|0|0||| |0|0|| |-  -|0|5912714000|5912714000|5912714000|5912714000|5912714000|5912714000|5912714000|5912714000|5912714000|5912714000|5912714000|5912714000|0||0|||1|0|00
2026|01|527010|015|08|WA|4725|CCL|01|51|1|002|005|TJ|523199|019|A|0|0| |0||||4|Renewal License  ATS TIBCO Jaspersoft|0||0||0||0||1|PKT|5920200000|5920200000|0|0|0|0||0|0|0|0||| |0|0|| |-  -|0|493350000|493350000|493350000|493350000|493350000|493350000|493350000|493350000|493350000|493350000|493350000|493350000|0||0|||1|0|00
2026|01|527010|015|08|WA|4725|FAB|01|51|1|003|100|EA|524111|019|A|0|0| |0||||1|Akomodasi|12|ORG|3|HR|2|KL|0||72|OH|531584|38274000|0|0|0|0||0|0|0|0||| |0|0|| |-  -|0|3189000|3189000|3189000|3189000|3189000|3189000|3189000|3189000|3189000|3189000|3189000|3195000|0||0|||1|0|00
2026|01|527010|015|08|WA|4725|FAB|01|51|1|003|100|EA|524111|019|A|0|0| |0||||2|Transport|12|ORG|2|KL|0||0||24|OK|2492084|59810000|0|0|0|0||0|0|0|0||| |0|0|| |-  -|0|4984000|4984000|4984000|4984000|4984000|4984000|4984000|4984000|4984000|4984000|4984000|4986000|0||0|||1|0|00
2026|01|527010|015|08|WA|4725|FAB|01|51|1|003|100|EA|524111|019|A|0|0| |0||||3|Uang Harian|12|ORG|4|HR|2|KL|0||96|OH|266563|25590000|0|0|0|0||0|0|0|0||| |0|0|| |-  -|0|2132000|2132000|2132000|2132000|2132000|2132000|2132000|2132000|2132000|2132000|2132000|2138000|0||0|||1|0|00
2026|01|527010|015|08|WA|4725|FAB|01|51|1|003|100|LA|521211|019|A|0|0| |0||||1|KDM  Makan Rapat|20|ORG|1|KTK|24|FR|0||480|OK|35911|17237000|0|0|0|0||0|0|0|0||| |0|0|| |-  -|0|1436000|1436000|1436000|1436000|1436000|1436000|1436000|1436000|1436000|1436000|1436000|1441000|0||0|||1|0|00
2026|01|527010|015|08|WA|4725|FAB|01|51|1|003|100|LA|521211|019|A|0|0| |0||||2|KDM  Snack Rapat|20|ORG|1|KTK|24|FR|0||480|OK|15121|7258000|0|0|0|0||0|0|0|0||| |0|0|| |-  -|0|604000|604000|604000|604000|604000|604000|604000|604000|604000|604000|604000|614000|0||0|||1|0|00
2026|01|527010|015|08|WA|4725|FAB|01|51|1|003|100|LA|524111|019|A|0|0| |0||||1|Akomodasi|3|ORG|2|HR|3|FR|2|LOK|36|OH|658667|23712000|0|0|0|0||0|0|0|0||| |0|0|| |-  -|0|1976000|1976000|1976000|1976000|1976000|1976000|1976000|1976000|1976000|1976000|1976000|1976000|0||0|||1|0|00
2026|01|527010|015|08|WA|4725|FAB|01|51|1|003|100|LA|524111|019|A|0|0| |0||||2|Uang Harian|3|ORG|3|HR|3|FR|2|LOK|54|OH|294463|15901000|0|0|0|0||0|0|0|0||| |0|0|| |-  -|0|1325000|1325000|1325000|1325000|1325000|1325000|1325000|1325000|1325000|1325000|1325000|1326000|0||0|||1|0|00
2026|01|527010|015|08|WA|4725|FAB|01|51|1|003|100|LA|524111|019|A|0|0| |0||||3|Transport|3|ORG|3|FR|2|LOK|0||18|OF|2712167|48819000|0|0|0|0||0|0|0|0||| |0|0|| |-  -|0|4068000|4068000|4068000|4068000|4068000|4068000|4068000|4068000|4068000|4068000|4068000|4071000|0||0|||1|0|00
2026|01|527010|015|08|WA|4725|FAB|01|51|1|003|100|LA|524113|019|A|0|0| |0||||1|Uang Harian|3|ORG|3|HR|2|FR|1|LOK|18|OH|130167|2343000|0|0|0|0||0|0|0|0||| |0|0|| |-  -|0|195000|195000|195000|195000|195000|195000|195000|195000|195000|195000|195000|198000|0||0|||1|0|00
2026|01|527010|015|08|WA|4725|FAB|01|51|1|003|100|LA|524113|019|A|0|0| |0||||2|Transport|3|ORG|3|HR|2|FR|1|LOK|18|OK|131723|2371000|0|0|0|0||0|0|0|0||| |0|0|| |-  -|0|197000|197000|197000|197000|197000|197000|197000|197000|197000|197000|197000|204000|0||0|||1|0|00
2026|01|527010|015|08|WA|4725|FAB|01|51|1|003|100|TH|522191|019|A|0|0| |0||||1|   Jasa Lainnya Langganan Call Centre HAI  DJPb|12|BLN|0||0||0||12|BLN|15365334|184384000|0|0|0|0||0|0|0|0||| |0|0|| |-  -|0|15365000|15365000|15365000|15365000|15365000|15365000|15365000|15365000|15365000|15365000|15365000|15369000|0||0|||1|0|00
2026|01|527010|015|08|WA|4725|FAB|01|51|1|004|100|LA|521211|019|A|0|0| |0||||1|KDM  Makan Rapat|20|ORG|1|KTK|24|FR|0||480|OK|35911|17237000|0|0|0|0||0|0|0|0||| |0|0|| |-  -|0|1436000|1436000|1436000|1436000|1436000|1436000|1436000|1436000|1436000|1436000|1436000|1441000|0||0|||1|0|00
2026|01|527010|015|08|WA|4725|FAB|01|51|1|004|100|LA|521211|019|A|0|0| |0||||2|KDM  Snack Rapat|20|ORG|1|KTK|24|FR|0||480|OK|15121|7258000|0|0|0|0||0|0|0|0||| |0|0|| |-  -|0|604000|604000|604000|604000|604000|604000|604000|604000|604000|604000|604000|614000|0||0|||1|0|00
2026|01|527010|015|08|WA|4725|FAB|01|51|1|004|100|LA|524111|019|A|0|0| |0||||1|Akomodasi|3|ORG|2|HR|3|FR|2|LOK|36|OH|658667|23712000|0|0|0|0||0|0|0|0||| |0|0|| |-  -|0|1976000|1976000|1976000|1976000|1976000|1976000|1976000|1976000|1976000|1976000|1976000|1976000|0||0|||1|0|00
2026|01|527010|015|08|WA|4725|FAB|01|51|1|004|100|LA|524111|019|A|0|0| |0||||2|Uang Harian|3|ORG|3|HR|3|FR|2|LOK|54|OH|294463|15901000|0|0|0|0||0|0|0|0||| |0|0|| |-  -|0|1325000|1325000|1325000|1325000|1325000|1325000|1325000|1325000|1325000|1325000|1325000|1326000|0||0|||1|0|00
2026|01|527010|015|08|WA|4725|FAB|01|51|1|004|100|LA|524111|019|A|0|0| |0||||3|Transport|3|ORG|3|FR|2|LOK|0||18|OF|2712167|48819000|0|0|0|0||0|0|0|0||| |0|0|| |-  -|0|4068000|4068000|4068000|4068000|4068000|4068000|4068000|4068000|4068000|4068000|4068000|4071000|0||0|||1|0|00
2026|01|527010|015|08|WA|4725|FAB|01|51|1|004|100|LA|524113|019|A|0|0| |0||||1|Uang Harian|3|ORG|3|HR|2|FR|1|LOK|18|OH|130167|2343000|0|0|0|0||0|0|0|0||| |0|0|| |-  -|0|195000|195000|195000|195000|195000|195000|195000|195000|195000|195000|195000|198000|0||0|||1|0|00
2026|01|527010|015|08|WA|4725|FAB|01|51|1|004|100|LA|524113|019|A|0|0| |0||||2|Transport|3|ORG|3|HR|2|FR|1|LOK|18|OK|131723|2371000|0|0|0|0||0|0|0|0||| |0|0|| |-  -|0|197000|197000|197000|197000|197000|197000|197000|197000|197000|197000|197000|204000|0||0|||1|0|00
2026|01|527010|015|08|WA|4725|FAB|01|51|1|006|100|JA|521211|019|A|0|0| |0||||1|CTK  ATK, Habis Pakai, Penggandaan SIKRI|1|PKT|1|FR|0||0||1|OF|105000|105000|0|0|0|0||0|0|0|0||| |0|0|| |-  -|0|8000|8000|8000|8000|8000|8000|8000|8000|8000|8000|8000|17000|0||0|||1|0|00
2026|01|527010|015|08|WA|4725|FAB|01|51|1|006|100|JA|521211|019|A|0|0| |0|03|||10|KDM  Snack Rapat|35|ORG|2|FR|0||0||70|OF|15115|1058000|0|0|0|0||0|0|0|0||| |0|0|| |-  -|0|88000|88000|88000|88000|88000|88000|88000|88000|88000|88000|88000|90000|0||0|||1|0|00
2026|01|527010|015|08|WA|4725|FAB|01|51|1|006|100|JA|521211|019|A|0|0| |0|01||1|2|Rapat Pembahasan Penyediaan Data Pemerintah Daerah dan Interkoneksi SIKDSIKRI (Rapat mengundang DJPK dan Direktorat SITP)|0||0||0||0||0||0|0|0|0|0|0||0|0|0|0||| |0|0|| |-  -|0|0|0|0|0|0|0|0|0|0|0|0|0|0||0|||1|0|00
2026|01|527010|015|08|WA|4725|FAB|01|51|1|006|100|JA|521211|019|A|0|0| |0|01|||3|KDM  Makan Rapat|30|ORG|2|FR|0||0||60|OF|35917|2155000|0|0|0|0||0|0|0|0||| |0|0|| |-  -|0|179000|179000|179000|179000|179000|179000|179000|179000|179000|179000|179000|186000|0||0|||1|0|00
2026|01|527010|015|08|WA|4725|FAB|01|51|1|006|100|JA|521211|019|A|0|0| |0|01|||4|KDM  Snack Rapat|30|ORG|2|FR|0||0||60|OF|15117|907000|0|0|0|0||0|0|0|0||| |0|0|| |-  -|0|75000|75000|75000|75000|75000|75000|75000|75000|75000|75000|75000|82000|0||0|||1|0|00
2026|01|527010|015|08|WA|4725|FAB|01|51|1|006|100|JA|521211|019|A|0|0| |0|02||1|5|Rapat Pembahasan Pengembangan Data Analytics dan Business Intelligence (Rapat mengundang Dit. SITP, dan Pusintek|0||0||0||0||0||0|0|0|0|0|0||0|0|0|0||| |0|0|| |-  -|0|0|0|0|0|0|0|0|0|0|0|0|0|0||0|||1|0|00
2026|01|527010|015|08|WA|4725|FAB|01|51|1|006|100|JA|521211|019|A|0|0| |0|02|||6|KDM  Makan Rapat|30|ORG|2|FR|0||0||60|OF|35917|2155000|0|0|0|0||0|0|0|0||| |0|0|| |-  -|0|179000|179000|179000|179000|179000|179000|179000|179000|179000|179000|179000|186000|0||0|||1|0|00
2026|01|527010|015|08|WA|4725|FAB|01|51|1|006|100|JA|521211|019|A|0|0| |0|02|||7|KDM  Snack Rapat|30|ORG|2|FR|0||0||60|OF|15117|907000|0|0|0|0||0|0|0|0||| |0|0|| |-  -|0|75000|75000|75000|75000|75000|75000|75000|75000|75000|75000|75000|82000|0||0|||1|0|00
2026|01|527010|015|08|WA|4725|FAB|01|51|1|006|100|JA|521211|019|A|0|0| |0|03||1|8|Rapat Pembahasan Pengembangan BAS Konsolidasian dan Pengembangan Media Informasi (Rapat mengundang Kemendagri, DJPK, SITP|0||0||0||0||0||0|0|0|0|0|0||0|0|0|0||| |0|0|| |-  -|0|0|0|0|0|0|0|0|0|0|0|0|0|0||0|||1|0|00
2026|01|527010|015|08|WA|4725|FAB|01|51|1|006|100|JA|521211|019|A|0|0| |0|03|||9|KDM  Makan Rapat|35|ORG|2|FR|0||0||70|OF|35915|2514000|0|0|0|0||0|0|0|0||| |0|0|| |-  -|0|209000|209000|209000|209000|209000|209000|209000|209000|209000|209000|209000|215000|0||0|||1|0|00
2026|01|527010|015|08|WA|4725|FAB|01|51|1|006|100|JA|521213|019|A|0|0| |0||||1|Ketua|1|ORG|8|BLN|0||0||8|OB|819000|6552000|0|0|0|0||0|0|0|0||| |0|0|| |-  -|0|546000|546000|546000|546000|546000|546000|546000|546000|546000|546000|546000|546000|0||0|||1|0|00
2026|01|527010|015|08|WA|4725|FAB|01|51|1|006|100|JA|521213|019|A|0|0| |0||||2|Wakil Ketua|1|ORG|8|BLN|0||0||8|OB|728000|5824000|0|0|0|0||0|0|0|0||| |0|0|| |-  -|0|485000|485000|485000|485000|485000|485000|485000|485000|485000|485000|485000|489000|0||0|||1|0|00
2026|01|527010|015|08|WA|4725|FAB|01|51|1|006|100|JA|521213|019|A|0|0| |0||||3|Sekretaris|1|ORG|8|BLN|0||0||8|OB|637000|5096000|0|0|0|0||0|0|0|0||| |0|0|| |-  -|0|424000|424000|424000|424000|424000|424000|424000|424000|424000|424000|424000|432000|0||0|||1|0|00
2026|01|527010|015|08|WA|4725|FAB|01|51|1|006|100|JA|521213|019|A|0|0| |0||||4|Anggota Pokja|12|ORG|8|BLN|0||0||96|OB|637000|61152000|0|0|0|0||0|0|0|0||| |0|0|| |-  -|0|5096000|5096000|5096000|5096000|5096000|5096000|5096000|5096000|5096000|5096000|5096000|5096000|0||0|||1|0|00
2026|01|527010|015|08|WA|4725|FAB|01|51|1|006|100|JA|522151|019|A|0|0| |0||||1|Honorarium Narasumber|2|ORG|2|JAM|2|FR|0||8|OJ|950375|7603000|0|0|0|0||0|0|0|0||| |0|0|| |-  -|0|633000|633000|633000|633000|633000|633000|633000|633000|633000|633000|633000|640000|0||0|||1|0|00
2026|01|527010|015|08|WA|4725|FAB|01|51|1|006|100|JA|524111|019|A|0|0| |0|01||1|1|Monitoring  Evaluasi Implementasi SIKRI pada Kanwil DJPb, User Acceptance Test (UAT) Dashboard, Pemanfaatan SIKRI untuk mendukung|0||0||0||0||0||0|0|0|0|0|0||0|0|0|0||| |0|0|| |-  -|0|0|0|0|0|0|0|0|0|0|0|0|0|0||0|||1|0|00
2026|01|527010|015|08|WA|4725|FAB|01|51|1|006|100|JA|524111|019|A|0|0| |0|01|||2|Transport|6|ORG|4|FR|0||0||24|OF|1442459|34619000|0|0|0|0||0|0|0|0||| |0|0|| |-  -|0|2884000|2884000|2884000|2884000|2884000|2884000|2884000|2884000|2884000|2884000|2884000|2895000|0||0|||1|0|00
2026|01|527010|015|08|WA|4725|FAB|01|51|1|006|100|JA|524111|019|A|0|0| |0|01|||3|Akomodasi|6|ORG|2|HR|4|FR|0||48|OH|542438|26037000|0|0|0|0||0|0|0|0||| |0|0|| |-  -|0|2169000|2169000|2169000|2169000|2169000|2169000|2169000|2169000|2169000|2169000|2169000|2178000|0||0|||1|0|00
2026|01|527010|015|08|WA|4725|FAB|01|51|1|006|100|JA|524111|019|A|0|0| |0|01|||4|Uang Saku Harian|6|ORG|3|HR|4|FR|0||72|OH|359556|25888000|0|0|0|0||0|0|0|0||| |0|0|| |-  -|0|2157000|2157000|2157000|2157000|2157000|2157000|2157000|2157000|2157000|2157000|2157000|2161000|0||0|||1|0|00
2026|01|527010|015|08|WA|4725|FAB|01|51|1|006|100|JA|524113|019|A|0|0| |0|01||1|1|Monitoring  Evaluasi Implementasi SIKRI pada Kanwil DJPb, User Acceptance Test (UAT) Dashboard, Pemanfaatan SIKRI untuk mendukung|0||0||0||0||0||0|0|0|0|0|0||0|0|0|0||| |0|0|| |-  -|0|0|0|0|0|0|0|0|0|0|0|0|0|0||0|||1|0|00
2026|01|527010|015|08|WA|4725|FAB|01|51|1|006|100|JA|524113|019|A|0|0| |0|01|||2|Transport Dalam Kota|2|ORG|5|FR|0||0||10|OF|127000|1270000|0|0|0|0||0|0|0|0||| |0|0|| |-  -|0|105000|105000|105000|105000|105000|105000|105000|105000|105000|105000|105000|115000|0||0|||1|0|00
2026|01|527010|015|08|WA|4725|FAB|01|51|1|006|100|JA|524113|019|A|0|0| |0|01|||3|Uang Harian  8 Jam|2|ORG|1|HR|5|FR|0||10|OH|116200|1162000|0|0|0|0||0|0|0|0||| |0|0|| |-  -|0|96000|96000|96000|96000|96000|96000|96000|96000|96000|96000|96000|106000|0||0|||1|0|00
2026|01|527010|015|08|WA|4725|FAB|01|51|1|006|100|JA|524114|019|A|0|0| |0|01||1|1|Kegiatan Konsinyering Pemusatan Pemeliharaan  Pengembangan SIKRI sesuai kebutuhan Organisasi, Perluasan Cakupan SIKRI|0||0||0||0||0||0|0|0|0|0|0||0|0|0|0||| |0|0|| |-  -|0|0|0|0|0|0|0|0|0|0|0|0|0|0||0|||1|0|00
2026|01|527010|015|08|WA|4725|FAB|01|51|1|006|100|JA|524114|019|A|0|0| |0|01|||2|Transport|28|ORG|1|FR|0||0||28|OHF|116250|3255000|0|0|0|0||0|0|0|0||| |0|0|| |-  -|0|271000|271000|271000|271000|271000|271000|271000|271000|271000|271000|271000|274000|0||0|||1|0|00
2026|01|527010|015|08|WA|4725|FAB|01|51|1|006|100|JA|524114|019|A|0|0| |0|01|||3|Uang Saku Harian|28|ORG|5|HR|1|FR|0||140|OH|100736|14103000|0|0|0|0||0|0|0|0||| |0|0|| |-  -|0|1175000|1175000|1175000|1175000|1175000|1175000|1175000|1175000|1175000|1175000|1175000|1178000|0||0|||1|0|00
2026|01|527010|015|08|WA|4725|FAB|01|51|1|002|100|LA|521211|019|A|0|0| |0||||1|KDM  Makan Rapat|20|ORG|1|KTK|24|FR|0||480|OK|35911|17237000|0|0|0|0||0|0|0|0||| |0|0|| |-  -|0|1436000|1436000|1436000|1436000|1436000|1436000|1436000|1436000|1436000|1436000|1436000|1441000|0||0|||1|0|00
2026|01|527010|015|08|WA|4725|FAB|01|51|1|002|100|LA|521211|019|A|0|0| |0||||2|KDM  Snack Rapat|20|ORG|1|KTK|24|FR|0||480|OK|15121|7258000|0|0|0|0||0|0|0|0||| |0|0|| |-  -|0|604000|604000|604000|604000|604000|604000|604000|604000|604000|604000|604000|614000|0||0|||1|0|00
2026|01|527010|015|08|WA|4725|FAB|01|51|1|002|100|LA|524111|019|A|0|0| |0||||1|Akomodasi|3|ORG|2|HR|3|FR|2|LOK|36|OH|658667|23712000|0|0|0|0||0|0|0|0||| |0|0|| |-  -|0|1976000|1976000|1976000|1976000|1976000|1976000|1976000|1976000|1976000|1976000|1976000|1976000|0||0|||1|0|00
2026|01|527010|015|08|WA|4725|FAB|01|51|1|002|100|LA|524111|019|A|0|0| |0||||2|Uang Harian|3|ORG|3|HR|3|FR|2|LOK|54|OH|294463|15901000|0|0|0|0||0|0|0|0||| |0|0|| |-  -|0|1325000|1325000|1325000|1325000|1325000|1325000|1325000|1325000|1325000|1325000|1325000|1326000|0||0|||1|0|00
2026|01|527010|015|08|WA|4725|FAB|01|51|1|002|100|LA|524111|019|A|0|0| |0||||3|Transport|3|ORG|3|FR|2|LOK|0||18|OF|2712167|48819000|0|0|0|0||0|0|0|0||| |0|0|| |-  -|0|4068000|4068000|4068000|4068000|4068000|4068000|4068000|4068000|4068000|4068000|4068000|4071000|0||0|||1|0|00
2026|01|527010|015|08|WA|4725|FAB|01|51|1|002|100|LA|524113|019|A|0|0| |0||||1|Uang Harian|3|ORG|3|HR|2|FR|1|LOK|18|OH|130167|2343000|0|0|0|0||0|0|0|0||| |0|0|| |-  -|0|195000|195000|195000|195000|195000|195000|195000|195000|195000|195000|195000|198000|0||0|||1|0|00
2026|01|527010|015|08|WA|4725|FAB|01|51|1|002|100|LA|524113|019|A|0|0| |0||||2|Transport|3|ORG|3|HR|2|FR|1|LOK|18|OK|131723|2371000|0|0|0|0||0|0|0|0||| |0|0|| |-  -|0|197000|197000|197000|197000|197000|197000|197000|197000|197000|197000|197000|204000|0||0|||1|0|00
2026|01|527010|015|08|WA|4725|FAB|01|51|1|002|100|TH|522191|019|A|0|0| |0||||1|   Jasa Lainnya Pendukung Operasional Core System|1|PKT|0||0||0||1|PKT|119237000|119237000|0|0|0|0||0|0|0|0||| |0|0|| |-  -|0|9936000|9936000|9936000|9936000|9936000|9936000|9936000|9936000|9936000|9936000|9936000|9941000|0||0|||1|0|00
2026|01|527010|015|08|WA|4725|FAB|01|51|1|307|100|SA|521211|019|A|0|0| |0||||1|KDM  Snack Rapat|20|org|18|frek|0||0||360|OF|24000|8640000|0|0|0|0||0|0|0|0||| |0|0|| |-  -|0|874667|874667|874667|874667|874667|874667|874667|874667|874667|767997|0|0|0||0|||1|0|00
2026|01|527010|015|08|WA|4725|FAB|01|51|1|307|100|SA|521211|019|A|0|0| |0||||2|KDM  Makan Rapat|20|org|18|fr|0||0||360|OF|57000|20520000|0|0|0|0||0|0|0|0||| |0|0|| |-  -|0|2077335|2077335|2077335|2077335|2077335|2077335|2077335|2077335|2077335|1823985|0|0|0||0|||1|0|00
2026|01|527010|015|08|WA|4725|FAB|01|51|1|307|100|SA|521211|019|A|0|0| |0||||3|CTK  Pencetakan Laporan, Brosur, Leaflet, Spanduk dan Backdrop, dll|1|pkt|0||0||0||1|PKT|7224000|7224000|0|0|0|0||0|0|0|0||| |0|0|| |-  -|0|731319|731319|731319|731319|731319|731319|731319|731319|731319|642129|0|0|0||0|||1|0|00
2026|01|527010|015|08|WA|4725|FAB|01|51|1|307|100|SA|524111|019|A|0|0| |0|01||1|1|Perjalanan Dinas Dalam Rangka Persiapan Pengembangan Layanan|0||0||0||0||0||0|0|0|0|0|0||0|0|0|0||| |0|0|| |-  -|0|0|0|0|0|0|0|0|0|0|0|0|0|0||0|||1|0|00
2026|01|527010|015|08|WA|4725|FAB|01|51|1|307|100|SA|524111|019|A|0|0| |0|02|||10|Akomodasi Eselon IV dan Pelaksana  Penyusunan|2|org|2|hr|1|fr|2|lok|8|OHFL|650000|5200000|0|0|0|0||0|0|0|0||| |0|0|| |-  -|0|526420|526420|526420|526420|526420|526420|526420|526420|526420|462220|0|0|0||0|||1|0|00
2026|01|527010|015|08|WA|4725|FAB|01|51|1|307|100|SA|524111|019|A|0|0| |0|02|||11|Transportasi  Penyusunan|5|org|1|fr|2|lok|0||10|OK|627000|6270000|0|0|0|0||0|0|0|0||| |0|0|| |-  -|0|634741|634741|634741|634741|634741|634741|634741|634741|634741|557331|0|0|0||0|||1|0|00
2026|01|527010|015|08|WA|4725|FAB|01|51|1|307|100|SA|524111|019|A|0|0| |0|02|||12|Uang Harian  Penyusunan|5|org|3|hr|1|fr|2|lok|30|OHFL|300000|9000000|0|0|0|0||0|0|0|0||| |0|0|| |-  -|0|911112|911112|911112|911112|911112|911112|911112|911112|911112|799992|0|0|0||0|||1|0|00
2026|01|527010|015|08|WA|4725|FAB|01|51|1|307|100|SA|524111|019|A|0|0| |0|03||1|13|Perjalanan Dinas Dalam Rangka Monitoring Pelaksanaan Transaksi|0||0||0||0||0||0|0|0|0|0|0||0|0|0|0||| |0|0|| |-  -|0|0|0|0|0|0|0|0|0|0|0|0|0|0||0|||1|0|00
2026|01|527010|015|08|WA|4725|FAB|01|51|1|307|100|SA|524111|019|A|0|0| |0|03|||14|Akomodasi Eselon II|1|org|2|hr|1|fr|2|lok|4|OHFL|1900000|7600000|0|0|0|0||0|0|0|0||| |0|0|| |-  -|0|769383|769383|769383|769383|769383|769383|769383|769383|769383|675553|0|0|0||0|||1|0|00
2026|01|527010|015|08|WA|4725|FAB|01|51|1|307|100|SA|524111|019|A|0|0| |0|03|||15|Akomodasi Eselon III|2|org|2|hr|1|fr|2|lok|8|OHFL|1100000|8800000|0|0|0|0||0|0|0|0||| |0|0|| |-  -|0|890865|890865|890865|890865|890865|890865|890865|890865|890865|782215|0|0|0||0|||1|0|00
2026|01|527010|015|08|WA|4725|FAB|01|51|1|307|100|SA|524111|019|A|0|0| |0|03|||16|Akomodasi Eselon IV dan Pelaksana|2|org|2|hr|1|fr|2|lok|8|OHFL|650000|5200000|0|0|0|0||0|0|0|0||| |0|0|| |-  -|0|526420|526420|526420|526420|526420|526420|526420|526420|526420|462220|0|0|0||0|||1|0|00
2026|01|527010|015|08|WA|4725|FAB|01|51|1|307|100|SA|524111|019|A|0|0| |0|03|||17|Transportasi|5|org|1|fr|2|lok|0||10|OK|628100|6281000|0|0|0|0||0|0|0|0||| |0|0|| |-  -|0|635855|635855|635855|635855|635855|635855|635855|635855|635855|558305|0|0|0||0|||1|0|00
2026|01|527010|015|08|WA|4725|FAB|01|51|1|307|100|SA|524111|019|A|0|0| |0|03|||18|Uang Harian|5|org|3|hr|1|fr|2|lok|30|OHFL|300000|9000000|0|0|0|0||0|0|0|0||| |0|0|| |-  -|0|911112|911112|911112|911112|911112|911112|911112|911112|911112|799992|0|0|0||0|||1|0|00
2026|01|527010|015|08|WA|4725|FAB|01|51|1|307|100|SA|524111|019|A|0|0| |0|01|||2|Akomodasi Eselon II  Pengembangan|1|org|2|hr|1|fr|2|lok|4|OHFL|1900000|7600000|0|0|0|0||0|0|0|0||| |0|0|| |-  -|0|769383|769383|769383|769383|769383|769383|769383|769383|769383|675553|0|0|0||0|||1|0|00
2026|01|527010|015|08|WA|4725|FAB|01|51|1|307|100|SA|524111|019|A|0|0| |0|01|||3|Akomodasi Eselon III  Pengembangan|2|org|2|hr|1|fr|2|lok|8|OHFL|1100000|8800000|0|0|0|0||0|0|0|0||| |0|0|| |-  -|0|890865|890865|890865|890865|890865|890865|890865|890865|890865|782215|0|0|0||0|||1|0|00
2026|01|527010|015|08|WA|4725|FAB|01|51|1|307|100|SA|524111|019|A|0|0| |0|01|||4|Akomodasi Eselon IV dan Pelaksana  Pengembangan|2|org|2|hr|1|fr|2|lok|8|OHFL|650000|5200000|0|0|0|0||0|0|0|0||| |0|0|| |-  -|0|526420|526420|526420|526420|526420|526420|526420|526420|526420|462220|0|0|0||0|||1|0|00
2026|01|527010|015|08|WA|4725|FAB|01|51|1|307|100|SA|524111|019|A|0|0| |0|01|||5|Transportasi  Pengembangan|5|org|1|fr|2|lok|0||10|OK|627000|6270000|0|0|0|0||0|0|0|0||| |0|0|| |-  -|0|634741|634741|634741|634741|634741|634741|634741|634741|634741|557331|0|0|0||0|||1|0|00
2026|01|527010|015|08|WA|4725|FAB|01|51|1|307|100|SA|524111|019|A|0|0| |0|01|||6|Uang Harian  Pengembangan|5|org|3|hr|1|fr|2|lok|30|OHFL|300000|9000000|0|0|0|0||0|0|0|0||| |0|0|| |-  -|0|911112|911112|911112|911112|911112|911112|911112|911112|911112|799992|0|0|0||0|||1|0|00
2026|01|527010|015|08|WA|4725|FAB|01|51|1|307|100|SA|524111|019|A|0|0| |0|02||1|7|Perjalanan Dinas Dalam Rangka Evaluasi Kegiatan dan Penyusunan Laporan Triwulanan|0||0||0||0||0||0|0|0|0|0|0||0|0|0|0||| |0|0|| |-  -|0|0|0|0|0|0|0|0|0|0|0|0|0|0||0|||1|0|00
2026|01|527010|015|08|WA|4725|FAB|01|51|1|307|100|SA|524111|019|A|0|0| |0|02|||8|Akomodasi Eselon II  Penyusunan|1|org|2|hr|1|fr|2|lok|4|OHFL|1900000|7600000|0|0|0|0||0|0|0|0||| |0|0|| |-  -|0|769383|769383|769383|769383|769383|769383|769383|769383|769383|675553|0|0|0||0|||1|0|00
2026|01|527010|015|08|WA|4725|FAB|01|51|1|307|100|SA|524111|019|A|0|0| |0|02|||9|Akomodasi Eselon III  Penyusunan|2|org|2|hr|1|fr|2|lok|8|OHFL|1100000|8800000|0|0|0|0||0|0|0|0||| |0|0|| |-  -|0|890865|890865|890865|890865|890865|890865|890865|890865|890865|782215|0|0|0||0|||1|0|00
2026|01|527010|015|08|WA|4725|FAB|01|51|1|001|100|LA|521211|019|A|0|0| |0||||1|KDM  Makan Rapat|20|ORG|1|KTK|24|FR|0||480|OK|35911|17237000|0|0|0|0||0|0|0|0||| |0|0|| |-  -|0|1436000|1436000|1436000|1436000|1436000|1436000|1436000|1436000|1436000|1436000|1436000|1441000|0||0|||1|0|00
2026|01|527010|015|08|WA|4725|FAB|01|51|1|001|100|LA|521211|019|A|0|0| |0||||2|KDM  Snack Rapat|20|ORG|1|KTK|24|FR|0||480|OK|15121|7258000|0|0|0|0||0|0|0|0||| |0|0|| |-  -|0|604000|604000|604000|604000|604000|604000|604000|604000|604000|604000|604000|614000|0||0|||1|0|00
2026|01|527010|015|08|WA|4725|FAB|01|51|1|001|100|LA|522151|019|A|0|0| |0||||1|Honorarium Narasumber Profesional|2|ORG|2|JAM|2|HR|3|FR|24|OJ|792000|19008000|0|0|0|0||0|0|0|0||| |0|0|| |-  -|0|1584000|1584000|1584000|1584000|1584000|1584000|1584000|1584000|1584000|1584000|1584000|1584000|0||0|||1|0|00
2026|01|527010|015|08|WA|4725|FAB|01|51|1|001|100|LA|524111|019|A|0|0| |0||||1|Akomodasi|3|ORG|2|HR|3|FR|2|LOK|36|OH|658667|23712000|0|0|0|0||0|0|0|0||| |0|0|| |-  -|0|1976000|1976000|1976000|1976000|1976000|1976000|1976000|1976000|1976000|1976000|1976000|1976000|0||0|||1|0|00
2026|01|527010|015|08|WA|4725|FAB|01|51|1|001|100|LA|524111|019|A|0|0| |0||||2|Uang Harian|3|ORG|3|HR|3|FR|2|LOK|54|OH|294463|15901000|0|0|0|0||0|0|0|0||| |0|0|| |-  -|0|1325000|1325000|1325000|1325000|1325000|1325000|1325000|1325000|1325000|1325000|1325000|1326000|0||0|||1|0|00
2026|01|527010|015|08|WA|4725|FAB|01|51|1|001|100|LA|524111|019|A|0|0| |0||||3|Transport|3|ORG|3|FR|2|LOK|0||18|OF|2712167|48819000|0|0|0|0||0|0|0|0||| |0|0|| |-  -|0|4068000|4068000|4068000|4068000|4068000|4068000|4068000|4068000|4068000|4068000|4068000|4071000|0||0|||1|0|00
2026|01|527010|015|08|WA|4725|FAB|01|51|1|001|100|LA|524113|019|A|0|0| |0||||1|Uang Harian|3|ORG|3|HR|2|FR|1|LOK|18|OH|130167|2343000|0|0|0|0||0|0|0|0||| |0|0|| |-  -|0|195000|195000|195000|195000|195000|195000|195000|195000|195000|195000|195000|198000|0||0|||1|0|00
2026|01|527010|015|08|WA|4725|FAB|01|51|1|001|100|LA|524113|019|A|0|0| |0||||2|Transport|3|ORG|3|HR|2|FR|1|LOK|18|OK|131723|2371000|0|0|0|0||0|0|0|0||| |0|0|| |-  -|0|197000|197000|197000|197000|197000|197000|197000|197000|197000|197000|197000|204000|0||0|||1|0|00
2026|01|527010|015|08|WA|4725|FAB|01|51|1|008|100|FA|524111|019|A|0|0| |0||||1|Penginapan|2|ORG|3|LOK|3|HARI|1|FREK|18|OH|658667|11856000|0|0|0|0||0|0|0|0||| |0|0|| |-  -|0|988000|988000|988000|988000|988000|988000|988000|988000|988000|988000|988000|988000|0||0|||1|0|00
2026|01|527010|015|08|WA|4725|FAB|01|51|1|008|100|FA|524111|019|A|0|0| |0||||2|Uang Harian Luar Kota|2|ORG|3|LOK|4|HARI|1|FREK|24|OH|309959|7439000|0|0|0|0||0|0|0|0||| |0|0|| |-  -|0|619000|619000|619000|619000|619000|619000|619000|619000|619000|619000|619000|630000|0||0|||1|0|00
2026|01|527010|015|08|WA|4725|FAB|01|51|1|008|100|FA|524111|019|A|0|0| |0||||3|Uang Transport Luar Kota|2|ORG|3|LOK|1|FREK|0||6|OK|2487500|14925000|0|0|0|0||0|0|0|0||| |0|0|| |-  -|0|1243000|1243000|1243000|1243000|1243000|1243000|1243000|1243000|1243000|1243000|1243000|1252000|0||0|||1|0|00
2026|01|527010|015|08|WA|4725|FAB|01|51|1|008|100|FB|524111|019|A|0|0| |0||||1|Penginapan|2|ORG|3|LOK|3|HARI|1|FREK|18|OH|658667|11856000|0|0|0|0||0|0|0|0||| |0|0|| |-  -|0|988000|988000|988000|988000|988000|988000|988000|988000|988000|988000|988000|988000|0||0|||1|0|00
2026|01|527010|015|08|WA|4725|FAB|01|51|1|008|100|FB|524111|019|A|0|0| |0||||2|Uang Harian Luar Kota|2|ORG|3|LOK|4|HARI|1|FREK|24|OH|309959|7439000|0|0|0|0||0|0|0|0||| |0|0|| |-  -|0|619000|619000|619000|619000|619000|619000|619000|619000|619000|619000|619000|630000|0||0|||1|0|00
2026|01|527010|015|08|WA|4725|FAB|01|51|1|008|100|FB|524111|019|A|0|0| |0||||3|Uang Transport Luar Kota|2|ORG|3|LOK|1|FREK|0||6|OK|2487500|14925000|0|0|0|0||0|0|0|0||| |0|0|| |-  -|0|1243000|1243000|1243000|1243000|1243000|1243000|1243000|1243000|1243000|1243000|1243000|1252000|0||0|||1|0|00
2026|01|528476|015|08|CD|6212|BMB|21|51|2|001|100| A|524113|061|A|0|0| |0||||1|Transport Lokal|5|ORG|1|KEG|0||0||5|OK|127000|635000|0|0|0|0||0|0|0|0||| |0|0|| |-  -|0|28607|42260|0|52353|52353|52353|52353|52353|52353|52353|52353|145309|0||0|||1|0|00
2026|01|528476|015|08|CD|6212|BMB|21|51|2|001|100| B|521211|061|A|0|0| |0||||1|KDM  Konsumsi Makan|30|ORG|2|KEG|0||0||60|OK|57600|3456000|0|0|0|0||0|0|0|0||| |0|0|| |-  -|0|155692|229999|0|284933|284933|284933|284933|284933|284933|284933|284933|790845|0||0|||1|0|00
2026|01|528476|015|08|CD|6212|BMB|21|51|2|001|100| B|521211|061|A|0|0| |0||||2|KDM  Konsumsi Snack|30|ORG|2|KEG|0||0||60|OK|22500|1350000|0|0|0|0||0|0|0|0||| |0|0|| |-  -|0|60817|89843|0|111302|111302|111302|111302|111302|111302|111302|111302|308924|0||0|||1|0|00
2026|01|528476|015|08|CD|6212|BMB|21|51|2|001|100| B|522151|061|A|0|0| |0||||1|Honor Narasumber|2|ORG|2|JAM|2|KEG|0||8|OJ|900000|7200000|0|0|0|0||0|0|0|0||| |0|0|| |-  -|0|324358|479165|0|593611|593611|593611|593611|593611|593611|593611|593611|1647589|0||0|||1|0|00
2026|01|528476|015|08|CD|6212|BMB|21|51|2|001|100| B|524113|061|A|0|0| |0||||1|Transport Lokal Narasumber|2|ORG|1|HR|2|KEG|0||4|OK|131750|527000|0|0|0|0||0|0|0|0||| |0|0|| |-  -|0|23741|35072|0|43449|43449|43449|43449|43449|43449|43449|43449|120595|0||0|||1|0|00
2026|01|528476|015|08|CD|6212|BMB|21|51|2|001|100| B|524113|061|A|0|0| |0||||2|Transport Lokal Peserta Kegiatan|30|ORG|2|KEG|0||0||60|OK|100000|6000000|0|0|0|0||0|0|0|0||| |0|0|| |-  -|0|270298|399304|0|494676|494676|494676|494676|494676|494676|494676|494676|1372990|0||0|||1|0|00
2026|01|528476|015|08|CD|6212|BMB|21|51|2|001|100| C|524113|061|A|0|0| |0||||1|Transport Lokal|2|ORG|2|HR|2|KEG|0||8|OK|131750|1054000|0|0|0|0||0|0|0|0||| |0|0|| |-  -|0|47482|70144|0|86898|86898|86898|86898|86898|86898|86898|86898|241190|0||0|||1|0|00
2026|01|528476|015|08|CD|6212|BMB|21|51|2|001|100| C|524113|061|A|0|0| |0||||2|Uang Harian Dalam Kota Lebih dari 8 Jam|2|ORG|2|HR|2|KEG|0||8|OH|93000|744000|0|0|0|0||0|0|0|0||| |0|0|| |-  -|0|33517|49514|0|61340|61340|61340|61340|61340|61340|61340|61340|170249|0||0|||1|0|00
2026|01|528476|015|08|CD|6212|BMB|21|51|2|001|100| D|521211|061|A|0|0| |0||||1|KDM  Konsumsi Makan|20|ORG|1|KEG|0||0||20|OK|57600|1152000|0|0|0|0||0|0|0|0||| |0|0|| |-  -|0|51897|76666|0|94978|94978|94978|94978|94978|94978|94978|94978|263613|0||0|||1|0|00
2026|01|528476|015|08|CD|6212|BMB|21|51|2|001|100| D|521211|061|A|0|0| |0||||2|KDM  Konsumsi Snack|20|ORG|1|KEG|0||0||20|OK|22500|450000|0|0|0|0||0|0|0|0||| |0|0|| |-  -|0|20272|29948|0|37101|37101|37101|37101|37101|37101|37101|37101|102972|0||0|||1|0|00
2026|01|528476|015|08|CD|6212|BMB|21|51|2|001|100| D|521211|061|A|0|0| |0||||3|CTK  Media Penunjang Kegiatan|1|KEG|1|PKT|0||0||1|OK|1500000|1500000|0|0|0|0||0|0|0|0||| |0|0|| |-  -|0|67574|99826|0|123669|123669|123669|123669|123669|123669|123669|123669|343248|0||0|||1|0|00
2026|01|528476|015|08|CD|6212|BMB|21|51|2|001|100| D|522141|061|A|0|0| |0||||1|Sewa Tenda|0||0||0||0||1|OK|15000000|15000000|0|0|0|0||0|0|0|0||| |0|0|| |-  -|0|675745|998259|0|1236690|1236690|1236690|1236690|1236690|1236690|1236690|1236690|3432476|0||0|||1|0|00
2026|01|528476|015|08|CD|6212|FAC|21|51|2|002|100| A|524111|061|A|0|0| |0||||1|Transport|2|BLU|2|ORG|1|FREK|0||4|OK|1064475|4257000|0|0|0|0||0|0|0|0||| |0|0|| |-  -|0|0|687069|0|353955|353955|353955|353955|353955|353955|353955|353955|738291|0||0|||1|0|00
2026|01|528476|015|08|CD|6212|FAC|21|51|2|002|100| A|524111|061|A|0|0| |0||||2|Akomodasi|2|BLU|2|ORG|1|FREK|2|HR|8|OH|387656|3101000|0|0|0|0||0|0|0|0||| |0|0|| |-  -|0|0|500493|0|257838|257838|257838|257838|257838|257838|257838|257838|537803|0||0|||1|0|00
2026|01|528476|015|08|CD|6212|FAC|21|51|2|002|100| A|524111|061|A|0|0| |0||||3|Uang harian|2|BLU|2|ORG|1|FREK|3|HR|12|OH|176750|2121000|0|0|0|0||0|0|0|0||| |0|0|| |-  -|0|0|342324|0|176354|176354|176354|176354|176354|176354|176354|176354|367844|0||0|||1|0|00
2026|01|528476|015|08|CD|6212|FAC|21|51|2|002|100| A|524113|061|A|0|0| |0||||1|Trasnport Lokal|5|BLU|3|ORG|2|FREK|1|HR|30|OK|131500|3945000|0|0|0|0||0|0|0|0||| |0|0|| |-  -|0|0|636713|0|328013|328013|328013|328013|328013|328013|328013|328013|684183|0||0|||1|0|00
2026|01|528476|015|08|CD|6212|FAC|21|51|2|002|100| B|524111|061|A|0|0| |0||||1|Transport|2|PEMDA|2|ORG|1|FREK|0||4|Ok|1456500|5826000|0|0|0|0||0|0|0|0||| |0|0|| |-  -|0|0|940301|0|484412|484412|484412|484412|484412|484412|484412|484412|1010403|0||0|||1|0|00
2026|01|528476|015|08|CD|6212|FAC|21|51|2|002|100| B|524111|061|A|0|0| |0||||2|Akomodasi|2|PEMDA|2|ORG|1|FREK|1|HR|4|OH|516750|2067000|0|0|0|0||0|0|0|0||| |0|0|| |-  -|0|0|333608|0|171864|171864|171864|171864|171864|171864|171864|171864|358480|0||0|||1|0|00
2026|01|528476|015|08|CD|6212|FAC|21|51|2|002|100| B|524111|061|A|0|0| |0||||3|Uang harian|2|PEMDA|2|ORG|1|FREK|2|HR|8|OH|235625|1885000|0|0|0|0||0|0|0|0||| |0|0|| |-  -|0|0|304234|0|156731|156731|156731|156731|156731|156731|156731|156731|326918|0||0|||1|0|00
2026|01|528476|015|08|CD|6212|FAC|21|51|2|002|100| B|524113|061|A|0|0| |0||||1|Transport Lokal|3|ORG|1|FREK|2|HR|0||6|OK|150000|900000|0|0|0|0||0|0|0|0||| |0|0|| |-  -|0|0|145258|0|74832|74832|74832|74832|74832|74832|74832|74832|156086|0||0|||1|0|00
2026|01|528476|015|08|CD|6212|FAH|21|51|2|003|100| A|524113|061|A|0|0| |0||||1|Transport Lokal|2|ORG|2|FREK|1|HR|0||4|OK|131750|527000|0|0|0|0||0|0|0|0||| |0|0|| |-  -|0|0|0|0|43350|43350|43350|43350|43350|43350|43350|43350|180200|0||0|||1|0|00
2026|01|528476|015|08|CD|6212|FAH|21|51|2|003|100| B|524111|061|A|0|0| |0||||1|Transport|1|ORG|1|FREK|0||0||1|OK|1367000|1367000|0|0|0|0||0|0|0|0||| |0|0|| |-  -|0|0|0|0|112447|112447|112447|112447|112447|112447|112447|112447|467424|0||0|||1|0|00
2026|01|528476|015|08|CD|6212|FAH|21|51|2|003|100| B|524111|061|A|0|0| |0||||2|Akomodasi|1|ORG|1|FREK|2|HR|0||2|OH|446500|893000|0|0|0|0||0|0|0|0||| |0|0|| |-  -|0|0|0|0|73456|73456|73456|73456|73456|73456|73456|73456|305352|0||0|||1|0|00
2026|01|528476|015|08|CD|6212|FAH|21|51|2|003|100| B|524111|061|A|0|0| |0||||3|Uang harian|1|ORG|1|FREK|3|HR|0||3|OH|223334|670000|0|0|0|0||0|0|0|0||| |0|0|| |-  -|0|0|0|0|55113|55113|55113|55113|55113|55113|55113|55113|229096|0||0|||1|0|00
2026|01|528476|015|08|CD|6212|FAH|21|51|2|003|100| B|524113|061|A|0|0| |0||||1|Transport Lokal|2|ORG|1|FREK|0||0||2|OK|131500|263000|0|0|0|0||0|0|0|0||| |0|0|| |-  -|0|0|0|0|21634|21634|21634|21634|21634|21634|21634|21634|89928|0||0|||1|0|00
2026|01|528476|015|08|CD|6212|FAH|21|51|2|002|100| A|521211|061|A|0|0| |0||||1|KDM  Konsumsi Makan Peserta|10|ORG|1|KEG|0||0||10|OK|28600|286000|0|0|0|0||0|0|0|0||| |0|0|| |-  -|0|0|0|0|23675|23675|23675|23675|23675|23675|23675|23675|96600|0||0|||1|0|00
2026|01|528476|015|08|CD|6212|FAH|21|51|2|002|100| A|521211|061|A|0|0| |0||||2|KDM   Konsumsi Snack Peserta|10|ORG|1|KEG|0||0||10|OK|10900|109000|0|0|0|0||0|0|0|0||| |0|0|| |-  -|0|0|0|0|9023|9023|9023|9023|9023|9023|9023|9023|36816|0||0|||1|0|00
2026|01|528476|015|08|CD|6212|FAH|21|51|2|002|100| B|524111|061|A|0|0| |0||||1|Transport|2|ORG|1|FREK|0||0||2|OK|883500|1767000|0|0|0|0||0|0|0|0||| |0|0|| |-  -|0|0|0|0|146273|146273|146273|146273|146273|146273|146273|146273|596816|0||0|||1|0|00
2026|01|528476|015|08|CD|6212|FAH|21|51|2|002|100| B|524111|061|A|0|0| |0||||2|Akomodasi|2|ORG|1|FREK|2|HR|0||4|OH|446250|1785000|0|0|0|0||0|0|0|0||| |0|0|| |-  -|0|0|0|0|147763|147763|147763|147763|147763|147763|147763|147763|602896|0||0|||1|0|00
2026|01|528476|015|08|CD|6212|FAH|21|51|2|002|100| B|524111|061|A|0|0| |0||||3|Uang harian|2|ORG|1|FREK|3|HR|0||6|OH|223167|1339000|0|0|0|0||0|0|0|0||| |0|0|| |-  -|0|0|0|0|110843|110843|110843|110843|110843|110843|110843|110843|452256|0||0|||1|0|00
2026|01|528476|015|08|CD|6212|FAH|21|51|2|002|100| B|524113|061|A|0|0| |0||||1|Transport Lokal Koordinasi Data|2|ORH|2|FREK|0||0||4|OK|131750|527000|0|0|0|0||0|0|0|0||| |0|0|| |-  -|0|0|0|0|43625|43625|43625|43625|43625|43625|43625|43625|178000|0||0|||1|0|00
2026|01|528476|015|08|CD|6212|FAH|21|51|2|002|100| C|522151|061|A|0|0| |0||||1|Honor Narasumber|2|ORG|2|JAM|1|KEG|0||4|OJ|441000|1764000|0|0|0|0||0|0|0|0||| |0|0|| |-  -|0|0|0|0|146025|146025|146025|146025|146025|146025|146025|146025|595800|0||0|||1|0|00
2026|01|528476|015|08|CD|6212|FAH|21|51|2|002|100| C|524113|061|A|0|0| |0||||1|Transport Lokal Narasumber|2|ORG|1|KEG|0||0||2|OK|131500|263000|0|0|0|0||0|0|0|0||| |0|0|| |-  -|0|0|0|0|21771|21771|21771|21771|21771|21771|21771|21771|88832|0||0|||1|0|00
2026|01|528476|015|08|CD|6212|FAL|21|51|2|001|100| A|524111|061|A|0|0| |0||||1|Transport|1|KAB|2|ORG|1|FREK|0||2|OK|1550000|3100000|0|0|0|0||0|0|0|0||| |0|0|| |-  -|0|0|46168|0|257001|257001|257001|257001|257001|257001|257001|257001|997824|0||0|||1|0|00
2026|01|528476|015|08|CD|6212|FAL|21|51|2|001|100| A|524111|061|A|0|0| |0||||2|Akomodasi|1|KAB|2|ORG|1|FREK|1|HR|2|OH|577000|1154000|0|0|0|0||0|0|0|0||| |0|0|| |-  -|0|0|17186|0|95671|95671|95671|95671|95671|95671|95671|95671|371446|0||0|||1|0|00
2026|01|528476|015|08|CD|6212|FAL|21|51|2|001|100| A|524111|061|A|0|0| |0||||3|Uang harian|1|KAB|2|ORG|1|FREK|2|HR|4|OH|235500|942000|0|0|0|0||0|0|0|0||| |0|0|| |-  -|0|0|14029|0|78095|78095|78095|78095|78095|78095|78095|78095|303211|0||0|||1|0|00
2026|01|528476|015|08|CD|6212|FAL|21|51|2|001|100| A|524113|061|A|0|0| |0||||1|Transport Lokal|2|ORG|1|FREK|2|HR|0||4|OK|101750|407000|0|0|0|0||0|0|0|0||| |0|0|| |-  -|0|0|6061|0|33742|33742|33742|33742|33742|33742|33742|33742|131003|0||0|||1|0|00
2026|01|528476|015|08|CD|6212|FAL|21|51|2|001|100| B|521211|061|A|0|0| |0||||1|KDM  Konsumsi Makan Peserta Pemda|12|PEMDA|2|ORG|1|KEG|0||24|OK|43500|1044000|0|0|0|0||0|0|0|0||| |0|0|| |-  -|0|0|15548|0|86551|86551|86551|86551|86551|86551|86551|86551|336044|0||0|||1|0|00
2026|01|528476|015|08|CD|6212|FAL|21|51|2|001|100| B|521211|061|A|0|0| |0||||2|KDM  Konsumsi Snack Peserta Pemda|12|PEMDA|2|ORG|1|KEG|0||24|OK|17000|408000|0|0|0|0||0|0|0|0||| |0|0|| |-  -|0|0|6076|0|33825|33825|33825|33825|33825|33825|33825|33825|131324|0||0|||1|0|00
2026|01|528476|015|08|CD|6212|FAL|21|51|2|001|100| B|521211|061|A|0|0| |0||||3|KDM  Konsumsi Makan Panitia dan Narasumber|20|ORG|1|KEG|0||0||20|OK|43500|870000|0|0|0|0||0|0|0|0||| |0|0|| |-  -|0|0|12957|0|72126|72126|72126|72126|72126|72126|72126|72126|280035|0||0|||1|0|00
2026|01|528476|015|08|CD|6212|FAL|21|51|2|001|100| B|521211|061|A|0|0| |0||||4|KDM  Konsumsi Snack Panitia dan Narasumber|20|ORG|1|KEG|0||0||20|OK|17000|340000|0|0|0|0||0|0|0|0||| |0|0|| |-  -|0|0|5064|0|28187|28187|28187|28187|28187|28187|28187|28187|109440|0||0|||1|0|00
2026|01|528476|015|08|CD|6212|FAL|21|51|2|001|100| B|522151|061|A|0|0| |0||||1|Honor Narasumber (Ekonom KemenkeuEksternal)|1|ORG|2|JAM|1|KEG|0||2|OJ|441000|882000|0|0|0|0||0|0|0|0||| |0|0|| |-  -|0|0|13136|0|73121|73121|73121|73121|73121|73121|73121|73121|283896|0||0|||1|0|00
2026|01|528476|015|08|CD|6212|FAL|21|51|2|001|100| C|524111|061|A|0|0| |0||||1|Transport|1|PEMDA|2|ORG|1|FREK|0||2|OK|1550000|3100000|0|0|0|0||0|0|0|0||| |0|0|| |-  -|0|0|46168|0|257001|257001|257001|257001|257001|257001|257001|257001|997824|0||0|||1|0|00
2026|01|528476|015|08|CD|6212|FAL|21|51|2|001|100| C|524111|061|A|0|0| |0||||2|Akomodasi|1|PEMDA|2|ORG|1|FREK|1|HR|2|OH|517000|1034000|0|0|0|0||0|0|0|0||| |0|0|| |-  -|0|0|15399|0|85722|85722|85722|85722|85722|85722|85722|85722|332825|0||0|||1|0|00
2026|01|528476|015|08|CD|6212|FAL|21|51|2|001|100| C|524111|061|A|0|0| |0||||3|Uang harian|1|PEMDA|2|ORG|1|FREK|2|HR|4|OH|235500|942000|0|0|0|0||0|0|0|0||| |0|0|| |-  -|0|0|14029|0|78095|78095|78095|78095|78095|78095|78095|78095|303211|0||0|||1|0|00
2026|01|528476|015|08|CD|6212|FAL|21|51|2|001|100| C|524113|061|A|0|0| |0||||1|Transport Lokal|2|ORG|1|FREK|2|HR|0||4|OK|131750|527000|0|0|0|0||0|0|0|0||| |0|0|| |-  -|0|0|7849|0|43690|43690|43690|43690|43690|43690|43690|43690|169631|0||0|||1|0|00
2026|01|528476|015|08|CD|6212|FAL|21|51|2|001|100| D|521211|061|A|0|0| |0|01||1|1|Rapat Persiapan Penyerahan DIPA|0||0||0||0||0||0|0|0|0|0|0||0|0|0|0||| |0|0|| |-  -|0|0|0|0|0|0|0|0|0|0|0|0|0|0||0|||1|0|00
2026|01|528476|015|08|CD|6212|FAL|21|51|2|001|100| D|521211|061|A|0|0| |0|02|||10|KDM  Konsumsi Snack Panitia, Peserta Kanwil dan Narasumber|14|ORG|1|KEG|0||0||14|OK|17000|238000|0|0|0|0||0|0|0|0||| |0|0|| |-  -|0|0|3545|0|19731|19731|19731|19731|19731|19731|19731|19731|76607|0||0|||1|0|00
2026|01|528476|015|08|CD|6212|FAL|21|51|2|001|100| D|521211|061|A|0|0| |0|01|||2|KDM  Konsumsi Makan Panitia|14|ORG|1|KEG|0||0||14|OK|43500|609000|0|0|0|0||0|0|0|0||| |0|0|| |-  -|0|0|9070|0|50488|50488|50488|50488|50488|50488|50488|50488|196026|0||0|||1|0|00
2026|01|528476|015|08|CD|6212|FAL|21|51|2|001|100| D|521211|061|A|0|0| |0|01|||3|KDM  Konsumsi Snack Panitia|14|ORG|1|KEG|0||0||14|OK|17000|238000|0|0|0|0||0|0|0|0||| |0|0|| |-  -|0|0|3545|0|19731|19731|19731|19731|19731|19731|19731|19731|76607|0||0|||1|0|00
2026|01|528476|015|08|CD|6212|FAL|21|51|2|001|100| D|521211|061|A|0|0| |0|02||1|4|Pelaksanaan Penyerahan DIPA|0||0||0||0||0||0|0|0|0|0|0||0|0|0|0||| |0|0|| |-  -|0|0|0|0|0|0|0|0|0|0|0|0|0|0||0|||1|0|00
2026|01|528476|015|08|CD|6212|FAL|21|51|2|001|100| D|521211|061|A|0|0| |0|02|||5|KDM  Konsumsi Makan Satker|35|UAPAW|2|ORG|1|KEG|0||70|OK|43515|3046000|0|0|0|0||0|0|0|0||| |0|0|| |-  -|0|0|45364|0|252524|252524|252524|252524|252524|252524|252524|252524|980444|0||0|||1|0|00
2026|01|528476|015|08|CD|6212|FAL|21|51|2|001|100| D|521211|061|A|0|0| |0|02|||6|KDM  Konsumsi Snack Satker|35|UAPAW|2|Org|1|KEG|0||70|OK|17000|1190000|0|0|0|0||0|0|0|0||| |0|0|| |-  -|0|0|17723|0|98655|98655|98655|98655|98655|98655|98655|98655|383037|0||0|||1|0|00
2026|01|528476|015|08|CD|6212|FAL|21|51|2|001|100| D|521211|061|A|0|0| |0|02|||7|KDM  Konsumsi Makan Pemda|12|PEMDA|3|ORG|1|KEG|0||36|OK|43528|1567000|0|0|0|0||0|0|0|0||| |0|0|| |-  -|0|0|23337|0|129910|129910|129910|129910|129910|129910|129910|129910|504383|0||0|||1|0|00
2026|01|528476|015|08|CD|6212|FAL|21|51|2|001|100| D|521211|061|A|0|0| |0|02|||8|KDM  Konsumsi Snack Pemda|12|PEMDA|3|ORG|1|KEG|0||36|OK|17000|612000|0|0|0|0||0|0|0|0||| |0|0|| |-  -|0|0|9114|0|50737|50737|50737|50737|50737|50737|50737|50737|196990|0||0|||1|0|00
2026|01|528476|015|08|CD|6212|FAL|21|51|2|001|100| D|521211|061|A|0|0| |0|02|||9|KDM  Konsumsi Makan Panitia, Peserta Kanwil dan Narasumber|14|ORG|1|KEG|0||0||14|OK|43500|609000|0|0|0|0||0|0|0|0||| |0|0|| |-  -|0|0|9070|0|50488|50488|50488|50488|50488|50488|50488|50488|196026|0||0|||1|0|00
2026|01|528476|015|08|CD|6212|FAL|21|51|2|001|100| D|521213|061|A|0|0| |0||||1|Panitia Kegiatan (Pemprov)|8|ORG|1|KEG|0||0||8|OK|63000|504000|0|0|0|0||0|0|0|0||| |0|0|| |-  -|0|0|7506|0|41783|41783|41783|41783|41783|41783|41783|41783|162230|0||0|||1|0|00
2026|01|528476|015|08|CD|6212|FAL|21|51|2|001|100| D|522151|061|A|0|0| |0||||1|Honor Narasumber (Gubernur)|1|ORG|2|JAM|1|KEG|0||2|OJ|490000|980000|0|0|0|0||0|0|0|0||| |0|0|| |-  -|0|0|14595|0|81245|81245|81245|81245|81245|81245|81245|81245|315445|0||0|||1|0|00
2026|01|528476|015|08|CD|6212|FAL|21|51|2|001|100| D|524113|061|A|0|0| |0||||1|Transport Lokal Panitia|14|ORG|1|KEG|0||0||14|OK|131715|1844000|0|0|0|0||0|0|0|0||| |0|0|| |-  -|0|0|27461|0|152874|152874|152874|152874|152874|152874|152874|152874|593547|0||0|||1|0|00
2026|01|528476|015|08|CD|6213|ABA|21|51|2|001|100| A|522151|061|A|0|0| |0||||1|Honor Narasumber Tenaga Profesional|1|ORG|2|JAM|3|KEG|0||6|OJ|441000|2646000|0|0|0|0||0|0|0|0||| |0|0|| |-  -|0|0|0|0|220268|220268|220268|220268|220268|220268|220268|220268|883856|0||0|||1|0|00
2026|01|528476|015|08|CD|6213|ABA|21|51|2|001|100| A|524111|061|A|0|0| |0|01||1|1|Site Visit Potensi Investasi|0||0||0||0||0||0|0|0|0|0|0||0|0|0|0||| |0|0|| |-  -|0|0|0|0|0|0|0|0|0|0|0|0|0|0||0|||1|0|00
2026|01|528476|015|08|CD|6213|ABA|21|51|2|001|100| A|524111|061|A|0|0| |0|01|||2|Transport|3|ORG|2|LOK|1|FREK|0||6|OK|1170167|7021000|0|0|0|0||0|0|0|0||| |0|0|| |-  -|0|0|0|0|584469|584469|584469|584469|584469|584469|584469|584469|2345248|0||0|||1|0|00
2026|01|528476|015|08|CD|6213|ABA|21|51|2|001|100| A|524111|061|A|0|0| |0|01|||3|Akomodasi|3|ORG|2|LOK|1|FREK|2|HR|12|OH|446334|5356000|0|0|0|0||0|0|0|0||| |0|0|| |-  -|0|0|0|0|445864|445864|445864|445864|445864|445864|445864|445864|1789088|0||0|||1|0|00
2026|01|528476|015|08|CD|6213|ABA|21|51|2|001|100| A|524111|061|A|0|0| |0|01|||4|Uang Harian|3|ORG|2|LOK|1|FREK|3|HR|18|OH|223167|4017000|0|0|0|0||0|0|0|0||| |0|0|| |-  -|0|0|0|0|334398|334398|334398|334398|334398|334398|334398|334398|1341816|0||0|||1|0|00
2026|01|528476|015|08|CD|6213|FAE|21|51|2|009|100| B|524111|061|A|0|0| |0||||1|Transport|2|PEMDA|2|ORG|1|FREK|0||4|OK|1549750|6199000|0|0|0|0||0|0|0|0||| |0|0|| |-  -|0|0|0|0|515722|515722|515722|515722|515722|515722|515722|515722|2073224|0||0|||1|0|00
2026|01|528476|015|08|CD|6213|FAE|21|51|2|009|100| B|524111|061|A|0|0| |0||||2|Akomodasi|2|PEMDA|2|ORG|1|FREK|1|HR|4|OK|1068500|4274000|0|0|0|0||0|0|0|0||| |0|0|| |-  -|0|0|0|0|355573|355573|355573|355573|355573|355573|355573|355573|1429416|0||0|||1|0|00
2026|01|528476|015|08|CD|6213|FAE|21|51|2|009|100| B|524111|061|A|0|0| |0||||3|Uang Harian|2|PEMDA|2|ORG|1|FREK|2|HR|8|OK|235625|1885000|0|0|0|0||0|0|0|0||| |0|0|| |-  -|0|0|0|0|156821|156821|156821|156821|156821|156821|156821|156821|630432|0||0|||1|0|00
2026|01|528476|015|08|CD|6213|FAE|21|51|2|009|100| B|524113|061|A|0|0| |0||||1|Transport Lokal|3|ORG|1|FREK|0||0||3|OK|131667|395000|0|0|0|0||0|0|0|0||| |0|0|| |-  -|0|0|0|0|32862|32862|32862|32862|32862|32862|32862|32862|132104|0||0|||1|0|00
2026|01|528476|015|08|CD|6213|FAE|21|51|2|009|100| C|524111|061|A|0|0| |0||||1|Transport|3|ORG|2|LOK|1|FREK|0||6|OK|1182000|7092000|0|0|0|0||0|0|0|0||| |0|0|| |-  -|0|0|0|0|590015|590015|590015|590015|590015|590015|590015|590015|2371880|0||0|||1|0|00
2026|01|528476|015|08|CD|6213|FAE|21|51|2|009|100| C|524111|061|A|0|0| |0||||2|Akomodasi|3|ORG|2|HR|2|LOK|1|FREK|12|OK|516834|6202000|0|0|0|0||0|0|0|0||| |0|0|| |-  -|0|0|0|0|515972|515972|515972|515972|515972|515972|515972|515972|2074224|0||0|||1|0|00
2026|01|528476|015|08|CD|6213|FAE|21|51|2|009|100| C|524111|061|A|0|0| |0||||3|Uang Harian|3|ORG|3|HR|2|LOK|1|FREK|18|OK|235556|4240000|0|0|0|0||0|0|0|0||| |0|0|| |-  -|0|0|0|0|352744|352744|352744|352744|352744|352744|352744|352744|1418048|0||0|||1|0|00
2026|01|528476|015|08|CD|6213|FAE|21|51|2|009|100| C|524113|061|A|0|0| |0||||1|Transport Lokal|3|ORG|1|LOK|1|FREK|0||3|OK|131667|395000|0|0|0|0||0|0|0|0||| |0|0|| |-  -|0|0|0|0|32862|32862|32862|32862|32862|32862|32862|32862|132104|0||0|||1|0|00
2026|01|528476|015|08|CD|6213|FAE|21|51|2|009|100| D|521211|061|A|0|0| |0||||1|KDM  Konsumsi Makan Peserta|20|ORG|1|LOK|1|KEG|0||20|OK|43500|870000|0|0|0|0||0|0|0|0||| |0|0|| |-  -|0|0|0|0|72379|72379|72379|72379|72379|72379|72379|72379|290968|0||0|||1|0|00
2026|01|528476|015|08|CD|6213|FAE|21|51|2|009|100| D|521211|061|A|0|0| |0||||2|KDM  Konsumsi Snack Peserta|20|ORG|1|LOK|1|KEG|0||20|OK|17000|340000|0|0|0|0||0|0|0|0||| |0|0|| |-  -|0|0|0|0|28286|28286|28286|28286|28286|28286|28286|28286|113712|0||0|||1|0|00
2026|01|528476|015|08|CD|6213|FAE|21|51|2|009|100| D|522151|061|A|0|0| |0||||1| Honor Narasumber|3|ORG|2|JAM|1|FREK|0||6|OJ|833000|4998000|0|0|0|0||0|0|0|0||| |0|0|| |-  -|0|0|0|0|415806|415806|415806|415806|415806|415806|415806|415806|1671552|0||0|||1|0|00
2026|01|528476|015|08|CD|6213|FAE|21|51|2|009|100| D|524113|061|A|0|0| |0||||1|Transport Lokal|20|ORG|1|FREK|0||0||20|OK|131750|2635000|0|0|0|0||0|0|0|0||| |0|0|| |-  -|0|0|0|0|219217|219217|219217|219217|219217|219217|219217|219217|881264|0||0|||1|0|00
2026|01|528476|015|08|CD|6213|FAE|21|51|2|009|100| D|524113|061|A|0|0| |0||||2|Uang Harian|20|ORG|1|HR|1|FREK|0||20|OK|93000|1860000|0|0|0|0||0|0|0|0||| |0|0|| |-  -|0|0|0|0|154741|154741|154741|154741|154741|154741|154741|154741|622072|0||0|||1|0|00
2026|01|528476|015|08|CD|6213|FAE|21|51|2|008|100| A|522151|061|A|0|0| |0||||1|Honor Narasumber Local Expert|1|ORG|2|JAM|2|KEG|0||4|OJ|1000000|4000000|0|0|0|0||0|0|0|0||| |0|0|| |-  -|0|0|316079|264262|333230|333230|333230|333230|333230|333230|333230|333230|753819|0||0|||1|0|00
2026|01|528476|015|08|CD|6213|FAE|21|51|2|008|100| A|522151|061|A|0|0| |0||||2|Honor Local Expert|1|ORG|12|BLN|0||0||12|OB|5100000|61200000|0|0|0|0||0|0|0|0||| |0|0|| |-  -|0|0|4836002|4043215|5098414|5098414|5098414|5098414|5098414|5098414|5098414|5098414|11533471|0||0|||1|0|00
2026|01|528476|015|08|CD|6213|FAE|21|51|2|008|100| A|524111|061|A|0|0| |0||||1|Transport|1|ORG|2|LOK|2|FREK|0||4|OK|1436750|5747000|0|0|0|0||0|0|0|0||| |0|0|| |-  -|0|0|454126|379679|478768|478768|478768|478768|478768|478768|478768|478768|1083051|0||0|||1|0|00
2026|01|528476|015|08|CD|6213|FAE|21|51|2|008|100| A|524111|061|A|0|0| |0||||2|Akomodasi|1|ORG|2|LOK|2|FREK|2|HR|8|OH|446375|3571000|0|0|0|0||0|0|0|0||| |0|0|| |-  -|0|0|282179|235920|297491|297491|297491|297491|297491|297491|297491|297491|672973|0||0|||1|0|00
2026|01|528476|015|08|CD|6213|FAE|21|51|2|008|100| A|524111|061|A|0|0| |0||||3|Uang harian|1|ORG|2|LOK|2|FREK|3|HR|12|OH|223167|2678000|0|0|0|0||0|0|0|0||| |0|0|| |-  -|0|0|211614|176924|223097|223097|223097|223097|223097|223097|223097|223097|504686|0||0|||1|0|00
2026|01|528476|015|08|CD|6213|FAL|21|51|2|003|100| A|521211|061|A|0|0| |0|01||1|1|Penyusunan Spending Review|0||0||0||0||0||0|0|0|0|0|0||0|0|0|0||| |0|0|| |-  -|0|0|0|0|0|0|0|0|0|0|0|0|0|0||0|||1|0|00
2026|01|528476|015|08|CD|6213|FAL|21|51|2|003|100| A|521211|061|A|0|0| |0|01|||2|KDM  Konsumsi Makan Rapat|10|ORG|1|FREK|1|KEG|0||10|OK|52500|525000|0|0|0|0||0|0|0|0||| |0|0|| |-  -|0|6553|30003|2170|43644|43644|43644|43644|43644|43644|43644|43644|137122|0||0|||1|0|00
2026|01|528476|015|08|CD|6213|FAL|21|51|2|003|100| A|521211|061|A|0|0| |0|01|||3|KDM  Konsumsi Snack Rapat|10|ORG|1|FREK|1|KEG|0||10|OK|20500|205000|0|0|0|0||0|0|0|0||| |0|0|| |-  -|0|2559|11715|848|17042|17042|17042|17042|17042|17042|17042|17042|53542|0||0|||1|0|00
2026|01|528476|015|08|CD|6213|FAL|21|51|2|003|100| A|521211|061|A|0|0| |0|01|||4|CTK  PencetakanPenggandaaan|1|KEG|1|PKT|0||0||1|PAKET|480000|480000|0|0|0|0||0|0|0|0||| |0|0|| |-  -|0|5992|27431|1984|39903|39903|39903|39903|39903|39903|39903|39903|125369|0||0|||1|0|00
2026|01|528476|015|08|CD|6213|FAL|21|51|2|003|100| C|521211|061|A|0|0| |0|01||1|1|Pelaksanaan FGD|0||0||0||0||0||0|0|0|0|0|0||0|0|0|0||| |0|0|| |-  -|0|0|0|0|0|0|0|0|0|0|0|0|0|0||0|||1|0|00
2026|01|528476|015|08|CD|6213|FAL|21|51|2|003|100| C|521211|061|A|0|0| |0|01|||2|KDM  Konsumsi Makan Peserta|0|STKR|0|ORG|1|KEG|0||1|OK|1000|1000|0|0|0|0||0|0|0|0||| |0|0|| |-  -|0|12|57|4|83|83|83|83|83|83|83|83|263|0||0|||1|0|00
2026|01|528476|015|08|CD|6213|FAL|21|51|2|003|100| D|524111|061|A|0|0| |0||||1|Transport|4|ORG|1|FREK|0||0||4|OK|1304000|5216000|0|0|0|0||0|0|0|0||| |0|0|| |-  -|0|65108|298086|21564|433609|433609|433609|433609|433609|433609|433609|433609|1362370|0||0|||1|0|00
2026|01|528476|015|08|CD|6213|FAL|21|51|2|003|100| D|524111|061|A|0|0| |0||||2|Akomodasi|4|ORG|1|FREK|2|HR|0||8|OH|387500|3100000|0|0|0|0||0|0|0|0||| |0|0|| |-  -|0|38695|177160|12816|257705|257705|257705|257705|257705|257705|257705|257705|809689|0||0|||1|0|00
2026|01|528476|015|08|CD|6213|FAL|21|51|2|003|100| D|524111|061|A|0|0| |0||||3|Uang harian|4|ORG|1|FREK|3|HR|0||12|OH|176667|2120000|0|0|0|0||0|0|0|0||| |0|0|| |-  -|0|26462|121154|8765|176237|176237|176237|176237|176237|176237|176237|176237|553723|0||0|||1|0|00
2026|01|528476|015|08|CD|6213|FAL|21|51|2|003|100| D|524113|061|A|0|0| |0||||1|Trasnport Lokal|2|ORG|1|FREK|0||1|hr|2|OK|170000|340000|0|0|0|0||0|0|0|0||| |0|0|| |-  -|0|4244|19430|1406|28264|28264|28264|28264|28264|28264|28264|28264|88808|0||0|||1|0|00
2026|01|528476|015|08|CD|6213|FAL|21|51|2|003|100| E|521211|061|A|0|0| |0||||1|KDM  Konsumsi Makan Rapat|20|ORG|2|KEG|0||0||40|OK|43525|1741000|0|0|0|0||0|0|0|0||| |0|0|| |-  -|0|21732|99495|7198|144730|144730|144730|144730|144730|144730|144730|144730|454735|0||0|||1|0|00
2026|01|528476|015|08|CD|6213|FAL|21|51|2|003|100| E|521211|061|A|0|0| |0||||2|KDM  Konsumsi Snack Rapat|20|ORG|2|KEG|0||0||40|OK|17000|680000|0|0|0|0||0|0|0|0||| |0|0|| |-  -|0|8488|38861|2811|56529|56529|56529|56529|56529|56529|56529|56529|177608|0||0|||1|0|00
2026|01|528476|015|08|CD|6213|FAL|21|51|2|003|100| E|522151|061|A|0|0| |0||||1| Honor Narasumber (Ekonom KemenkeuEksternal)|1|ORG|2|JAM|2|KEG|0||4|OJ|490000|1960000|0|0|0|0||0|0|0|0||| |0|0|| |-  -|0|24465|112011|8103|162936|162936|162936|162936|162936|162936|162936|162936|511933|0||0|||1|0|00
2026|01|528476|015|08|CD|6213|FAL|21|51|2|003|100| E|524113|061|A|0|0| |0||||1|Transport Lokal|2|ORG|2|FREK|0||0||4|OK|131750|527000|0|0|0|0||0|0|0|0||| |0|0|| |-  -|0|6578|30117|2179|43810|43810|43810|43810|43810|43810|43810|43810|137646|0||0|||1|0|00
2026|01|528476|015|08|CD|6213|FAL|21|51|2|003|100| F|521211|061|A|0|0| |0|01||1|1|Pelaksanaan Rakor serta Sosialisasi|0||0||0||0||0||0|0|0|0|0|0||0|0|0|0||| |0|0|| |-  -|0|0|0|0|0|0|0|0|0|0|0|0|0|0||0|||1|0|00
2026|01|528476|015|08|CD|6213|FAL|21|51|2|003|100| F|521211|061|A|0|0| |0|01|||2|KDM  Konsumsi Makan Peserta Pemda|6|PEMDA|2|ORG|1|KEG|0||12|OK|43500|522000|0|0|0|0||0|0|0|0||| |0|0|| |-  -|0|6516|29831|2158|43394|43394|43394|43394|43394|43394|43394|43394|136343|0||0|||1|0|00
2026|01|528476|015|08|CD|6213|FAL|21|51|2|003|100| F|521211|061|A|0|0| |0|01|||3|KDM  Konsumsi Snack Peserta Pemda|6|PEMDA|2|ORG|1|KEG|0||12|OK|17000|204000|0|0|0|0||0|0|0|0||| |0|0|| |-  -|0|2546|11658|843|16959|16959|16959|16959|16959|16959|16959|16959|53281|0||0|||1|0|00
2026|01|528476|015|08|CD|6213|FAL|21|51|2|003|100| F|521211|061|A|0|0| |0|01|||4|KDM  Konsumsi Makan Peserta KL Unit Terkait|5|ORG|1|KEG|0||0||5|OK|43600|218000|0|0|0|0||0|0|0|0||| |0|0|| |-  -|0|2721|12458|901|18122|18122|18122|18122|18122|18122|18122|18122|56944|0||0|||1|0|00
2026|01|528476|015|08|CD|6213|FAL|21|51|2|003|100| F|521211|061|A|0|0| |0|01|||5|KDM  Konsumsi Snack Peserta KL Unit Terkait|5|ORG|1|KEG|0||0||5|OK|17000|85000|0|0|0|0||0|0|0|0||| |0|0|| |-  -|0|1061|4858|351|7066|7066|7066|7066|7066|7066|7066|7066|22202|0||0|||1|0|00
2026|01|528476|015|08|CD|6213|FAL|21|51|2|003|100| F|521211|061|A|0|0| |0|01|||6|KDM  Konsumsi Makan Peserta KPPN|4|KPPN|1|ORG|1|KEG|0||4|OK|43500|174000|0|0|0|0||0|0|0|0||| |0|0|| |-  -|0|2172|9944|719|14465|14465|14465|14465|14465|14465|14465|14465|45445|0||0|||1|0|00
2026|01|528476|015|08|CD|6213|FAL|21|51|2|003|100| F|521211|061|A|0|0| |0|01|||7|KDM  Konsumsi Snack Peserta KPPN|4|KPPN|1|ORG|1|KEG|0||4|OK|17000|68000|0|0|0|0||0|0|0|0||| |0|0|| |-  -|0|849|3886|281|5653|5653|5653|5653|5653|5653|5653|5653|17760|0||0|||1|0|00
2026|01|528476|015|08|CD|6213|FAL|21|51|2|003|100| F|521211|061|A|0|0| |0|01|||8|KDM  Konsumsi Makan Panitia dan Narasumber|20|ORG|2|KEG|0||0||40|OK|43525|1741000|0|0|0|0||0|0|0|0||| |0|0|| |-  -|0|21732|99495|7198|144730|144730|144730|144730|144730|144730|144730|144730|454735|0||0|||1|0|00
2026|01|528476|015|08|CD|6213|FAL|21|51|2|003|100| F|521211|061|A|0|0| |0|01|||9|KDM  Konsumsi Snack Panitia dan Narasumber|20|ORG|2|KEG|0||0||40|OK|17000|680000|0|0|0|0||0|0|0|0||| |0|0|| |-  -|0|8488|38861|2811|56529|56529|56529|56529|56529|56529|56529|56529|177608|0||0|||1|0|00
2026|01|528476|015|08|CD|6213|FAL|21|51|2|003|100| F|522151|061|A|0|0| |0||||1|Honor Narasumber setara Pejabat Es. II (Ekonom KemenkeuEksternal)|2|ORG|2|JAM|1|KEG|0||4|OJ|490000|1960000|0|0|0|0||0|0|0|0||| |0|0|| |-  -|0|24465|112011|8103|162936|162936|162936|162936|162936|162936|162936|162936|511933|0||0|||1|0|00
2026|01|528476|015|08|CD|6213|FAL|21|51|2|003|100| F|524111|061|A|0|0| |0||||1|Transport|3|KPPN|1|ORG|1|FREK|0||3|OK|1549667|4649000|0|0|0|0||0|0|0|0||| |0|0|| |-  -|0|58030|265682|19220|386474|386474|386474|386474|386474|386474|386474|386474|1214276|0||0|||1|0|00
2026|01|528476|015|08|CD|6213|FAL|21|51|2|003|100| F|524111|061|A|0|0| |0||||2|Akomodasi|3|KPPN|1|ORG|1|FREK|1|HR|3|OH|517000|1551000|0|0|0|0||0|0|0|0||| |0|0|| |-  -|0|19360|88637|6412|128936|128936|128936|128936|128936|128936|128936|128936|405103|0||0|||1|0|00
2026|01|528476|015|08|CD|6213|FAL|21|51|2|003|100| F|524111|061|A|0|0| |0||||3|Uang Harian|3|KPPN|1|org|1|FREK|2|HR|6|OH|235500|1413000|0|0|0|0||0|0|0|0||| |0|0|| |-  -|0|17638|80751|5842|117464|117464|117464|117464|117464|117464|117464|117464|369057|0||0|||1|0|00
2026|01|528476|015|08|CD|6213|FAL|21|51|2|003|100| F|524113|061|A|0|0| |0||||1|Transport Lokal (Peserta KPPN)|1|KPPN|1|ORG|1|FREK|0||1|OK|132000|132000|0|0|0|0||0|0|0|0||| |0|0|| |-  -|0|1648|7544|546|10973|10973|10973|10973|10973|10973|10973|10973|34478|0||0|||1|0|00
2026|01|528476|015|08|CD|6213|FAL|21|51|2|003|100| G|521211|061|A|0|0| |0||||1|KDM  Konsumsi Makan|20|ORG|1|KEG|0||0||20|OK|40500|810000|0|0|0|0||0|0|0|0||| |0|0|| |-  -|0|10111|46290|3349|67336|67336|67336|67336|67336|67336|67336|67336|211562|0||0|||1|0|00
2026|01|528476|015|08|CD|6213|FAL|21|51|2|003|100| G|521211|061|A|0|0| |0||||2|KDM  Konsumsi Snack|20|ORG|1|KEG|0||0||20|OK|13950|279000|0|0|0|0||0|0|0|0||| |0|0|| |-  -|0|3483|15944|1153|23193|23193|23193|23193|23193|23193|23193|23193|72876|0||0|||1|0|00
2026|01|528476|015|08|CD|6213|FAL|21|51|2|003|100| H|524111|061|A|0|0| |0|01||1|1|Perjalanan Dinas Pembinaan KPPNMonev ke Pemda|0||0||0||0||0||0|0|0|0|0|0||0|0|0|0||| |0|0|| |-  -|0|0|0|0|0|0|0|0|0|0|0|0|0|0||0|||1|0|00
2026|01|528476|015|08|CD|6213|FAL|21|51|2|003|100| H|524111|061|A|0|0| |0|01|||2|Transport|3|PEMDA|2|ORG|2|FREK|0||12|OK|1549834|18598000|0|0|0|0||0|0|0|0||| |0|0|| |-  -|0|232146|1062844|76889|1546063|1546063|1546063|1546063|1546063|1546063|1546063|1546063|4857617|0||0|||1|0|00
2026|01|528476|015|08|CD|6213|FAL|21|51|2|003|100| H|524111|061|A|0|0| |0|01|||3|Akomodasi|3|PEMDA|2|ORG|2|FREK|1|HR|12|OH|516834|6202000|0|0|0|0||0|0|0|0||| |0|0|| |-  -|0|77415|354434|25641|515576|515576|515576|515576|515576|515576|515576|515576|1619902|0||0|||1|0|00
2026|01|528476|015|08|CD|6213|FAL|21|51|2|003|100| H|524111|061|A|0|0| |0|01|||4|Uang Harian|3|PEMDA|2|ORG|2|FREK|2|HR|24|OH|235584|5654000|0|0|0|0||0|0|0|0||| |0|0|| |-  -|0|70575|323117|23375|470020|470020|470020|470020|470020|470020|470020|470020|1476773|0||0|||1|0|00
2026|01|528476|015|08|CD|6213|FAL|21|51|2|003|100| H|524113|061|A|0|0| |0||||1|Transport Lokal|2|ORG|2|FREK|2|HR|0||8|OK|131750|1054000|0|0|0|0||0|0|0|0||| |0|0|| |-  -|0|13156|60234|4358|87619|87619|87619|87619|87619|87619|87619|87619|275300|0||0|||1|0|00
2026|01|528476|015|08|CD|6215|FAH|21|51|2|001|100| A|524111|061|A|0|0| |0|01||1|1|Perjalanan Dinas|0||0||0||0||0||0|0|0|0|0|0||0|0|0|0||| |0|0|| |-  -|0|0|0|0|0|0|0|0|0|0|0|0|0|0||0|||1|0|00
2026|01|528476|015|08|CD|6215|FAH|21|51|2|001|100| A|524111|061|A|0|0| |0|01|||2|Transport|3|PEMDA|2|ORG|1|FREK|0||6|OK|1549834|9299000|0|0|0|0||0|0|0|0||| |0|0|| |-  -|0|0|452586|0|772904|772904|772904|772904|772904|772904|772904|772904|2663182|0||0|||1|0|00
2026|01|528476|015|08|CD|6215|FAH|21|51|2|001|100| A|524111|061|A|0|0| |0|01|||3|Akomodasi|3|PEMDA|2|ORG|1|FREK|1|HR|6|OH|516834|3101000|0|0|0|0||0|0|0|0||| |0|0|| |-  -|0|0|150927|0|257745|257745|257745|257745|257745|257745|257745|257745|888113|0||0|||1|0|00
2026|01|528476|015|08|CD|6215|FAH|21|51|2|001|100| A|524111|061|A|0|0| |0|01|||4|Uang Harian|3|PEMDA|2|ORG|1|FREK|2|HR|12|OH|235584|2827000|0|0|0|0||0|0|0|0||| |0|0|| |-  -|0|0|137591|0|234971|234971|234971|234971|234971|234971|234971|234971|809641|0||0|||1|0|00
2026|01|528476|015|08|CD|6215|FAH|21|51|2|001|100| A|524113|061|A|0|0| |0||||1|Transport Lokal Koordinasi data|2|ORG|1|FREK|0||0||2|OK|131500|263000|0|0|0|0||0|0|0|0||| |0|0|| |-  -|0|0|12800|0|21860|21860|21860|21860|21860|21860|21860|21860|75320|0||0|||1|0|00
2026|01|528476|015|08|CD|6215|FAH|21|51|2|001|100| B|521211|061|A|0|0| |0|01||1|1|Pelaksanaan Kearsipan dan Dokumentasi|0||0||0||0||0||0|0|0|0|0|0||0|0|0|0||| |0|0|| |-  -|0|0|0|0|0|0|0|0|0|0|0|0|0|0||0|||1|0|00
2026|01|528476|015|08|CD|6215|FAH|21|51|2|001|100| B|521211|061|A|0|0| |0|01|||2|CTK  DokumentasiPenggandaanLaminasi|1|THN|0||0||0||1|THN|680000|680000|0|0|0|0||0|0|0|0||| |0|0|| |-  -|0|0|33096|0|56519|56519|56519|56519|56519|56519|56519|56519|194752|0||0|||1|0|00
2026|01|528476|015|08|CD|6215|FAH|21|51|2|003|100| A|524111|061|A|0|0| |0|01||1|1|Perjalanan Dinas|0||0||0||0||0||0|0|0|0|0|0||0|0|0|0||| |0|0|| |-  -|0|0|0|0|0|0|0|0|0|0|0|0|0|0||0|||1|0|00
2026|01|528476|015|08|CD|6215|FAH|21|51|2|003|100| A|524111|061|A|0|0| |0|01|||2|Transport|1|KPPN|2|ORG|1|FREK|0||2|OK|1550000|3100000|0|0|0|0||0|0|0|0||| |0|0|| |-  -|0|0|0|0|256370|256370|256370|256370|256370|256370|256370|256370|1049040|0||0|||1|0|00
2026|01|528476|015|08|CD|6215|FAH|21|51|2|003|100| A|524111|061|A|0|0| |0|01|||3|Akomodasi|1|KPPN|2|ORG|1|FREK|2|HR|4|OH|516750|2067000|0|0|0|0||0|0|0|0||| |0|0|| |-  -|0|0|0|0|170941|170941|170941|170941|170941|170941|170941|170941|699472|0||0|||1|0|00
2026|01|528476|015|08|CD|6215|FAH|21|51|2|003|100| A|524111|061|A|0|0| |0|01|||4|Uang Harian|1|KPPN|2|ORG|1|FREK|3|HR|6|OH|235500|1413000|0|0|0|0||0|0|0|0||| |0|0|| |-  -|0|0|0|0|116855|116855|116855|116855|116855|116855|116855|116855|478160|0||0|||1|0|00
2026|01|528476|015|08|CD|6215|FAH|21|51|2|003|100| A|524113|061|A|0|0| |0||||1|Transport Lokal|1|KPPN|2|ORG|1|FREK|0||2|OK|131500|263000|0|0|0|0||0|0|0|0||| |0|0|| |-  -|0|0|0|0|21750|21750|21750|21750|21750|21750|21750|21750|89000|0||0|||1|0|00
2026|01|528476|015|08|CD|6215|FAH|21|51|2|003|100| B|521211|061|A|0|0| |0||||1|KDM  Konsumsi Makan Peserta KPPN|4|KPPN|1|ORG|1|KEG|0||4|OK|43500|174000|0|0|0|0||0|0|0|0||| |0|0|| |-  -|0|0|0|0|14390|14390|14390|14390|14390|14390|14390|14390|58880|0||0|||1|0|00
2026|01|528476|015|08|CD|6215|FAH|21|51|2|003|100| B|521211|061|A|0|0| |0||||2|KDM  Konsumsi Snack Peserta KPPN|4|KPPN|1|ORG|1|KEG|0||4|OK|17000|68000|0|0|0|0||0|0|0|0||| |0|0|| |-  -|0|0|0|0|5624|5624|5624|5624|5624|5624|5624|5624|23008|0||0|||1|0|00
2026|01|528476|015|08|CD|6215|FAH|21|51|2|003|100| B|521211|061|A|0|0| |0||||3|KDM  Konsumsi Makan Peserta Kanwil|9|ORG|1|KEG|0||0||9|OK|43556|392000|0|0|0|0||0|0|0|0||| |0|0|| |-  -|0|0|0|0|32418|32418|32418|32418|32418|32418|32418|32418|132656|0||0|||1|0|00
2026|01|528476|015|08|CD|6215|FAH|21|51|2|003|100| B|521211|061|A|0|0| |0||||4|KDM  Konsumsi Snack Peserta Kanwil|9|ORG|1|KEG|0||0||9|OK|17000|153000|0|0|0|0||0|0|0|0||| |0|0|| |-  -|0|0|0|0|12652|12652|12652|12652|12652|12652|12652|12652|51784|0||0|||1|0|00
2026|01|528476|015|08|CD|6216|FAE|21|51|2|002|100| A|524111|061|A|0|0| |0||||1|Transport|1|ORG|1|FREK|0||0||1|OK|1029000|1029000|0|0|0|0||0|0|0|0||| |0|0|| |-  -|0|0|0|0|84953|84953|84953|84953|84953|84953|84953|84953|349376|0||0|||1|0|00
2026|01|528476|015|08|CD|6216|FAE|21|51|2|002|100| A|524111|061|A|0|0| |0||||2|Akomodasi|1|ORG|1|FREK|2|HR|0||2|OH|446500|893000|0|0|0|0||0|0|0|0||| |0|0|| |-  -|0|0|0|0|73725|73725|73725|73725|73725|73725|73725|73725|303200|0||0|||1|0|00
2026|01|528476|015|08|CD|6216|FAE|21|51|2|002|100| A|524111|061|A|0|0| |0||||3|Uang Harian|1|ORG|1|FREK|3|HR|0||3|OH|223334|670000|0|0|0|0||0|0|0|0|||27.02.31|0|0|| |-  -|0|0|0|0|55315|55315|55315|55315|55315|55315|55315|55315|227480|0||0|||1|0|00
2026|01|528476|015|08|CD|6216|FAE|21|51|2|002|100| A|524113|061|A|0|0| |0||||1|Transport Lokal|2|ORG|4|FREK|0||0||8|OK|146875|1175000|0|0|0|0||0|0|0|0||| |0|0|| |-  -|0|0|0|0|97007|97007|97007|97007|97007|97007|97007|97007|398944|0||0|||1|0|00
2026|01|528476|015|08|WA|4715|EBA|21|51|2|001|100| A|521811|061|A|0|0| |0||||1|ATK dan Suplies Komputer|1|THN|0||0||0||1|THN|14320000|14320000|0|0|0|0||0|0|0|0||| |0|0|| |-  -|0|640231|1602298|1290788|1191827|1191827|1191827|1191827|1191827|1191827|1191827|1191827|1252067|0||0|||1|0|00
2026|01|528476|015|08|WA|4715|EBA|21|51|2|001|100| A|522151|061|A|0|0| |0||||1| Honor Rohaniawan dalam rangka Pelantikan|3|ORG|2|JAM|0||0||6|OJ|196000|1176000|0|0|0|0||0|0|0|0||| |0|0|| |-  -|0|52578|131585|106003|97876|97876|97876|97876|97876|97876|97876|97876|102826|0||0|||1|0|00
2026|01|528476|015|08|WA|4715|EBA|21|51|2|001|100| B|522151|061|A|0|0| |0||||1|Honor Narasumber (Dinas PU)|2|ORG|1|JAM|0||0||2|OJ|441000|882000|0|0|0|0||0|0|0|0|||09.01.04|0|0|| |-  -|0|39433|98689|79502|73407|73407|73407|73407|73407|73407|73407|73407|77120|0||0|||1|0|00
2026|01|528476|015|08|WA|4715|EBA|21|51|2|001|100| B|524113|061|A|0|0| |0||||1|Transport Penilai|2|ORG|1|FREK|1|HR|0||2|OK|131500|263000|0|0|0|0||0|0|0|0||| |0|0|| |-  -|0|11758|29428|23707|21889|21889|21889|21889|21889|21889|21889|21889|22995|0||0|||1|0|00
2026|01|528476|015|08|WA|4715|EBA|21|51|2|994|002| A|521111|061|A|0|0| |0||||1|Keperluan seharihari perkantoran|1|THN|0||0||0||1|THN|84262000|84262000|0|0|0|0||0|0|0|0||| |0|0|| |-  -|0|2326852|9944116|8970415|7021057|7021057|7021057|7021057|7021057|7021057|7021057|7021057|6852161|0||0|||1|0|00
2026|01|528476|015|08|WA|4715|EBA|21|51|2|994|002| A|521111|061|A|0|0| |0||||2|Honor Satpam|3|ORG|13|BLN|0||0||39|OB|3595000|140205000|0|0|0|0||0|0|0|0||| |0|0|| |-  -|0|3871690|16546187|14926029|11682459|11682459|11682459|11682459|11682459|11682459|11682459|11682459|11401422|0||0|||1|0|00
2026|01|528476|015|08|WA|4715|EBA|21|51|2|994|002| A|521111|061|A|0|0| |0||||3|Honor Pengemudi|1|ORG|13|BLN|0||0||13|OB|3595000|46735000|0|0|0|0||0|0|0|0||| |0|0|| |-  -|0|1290563|5515396|4975343|3894153|3894153|3894153|3894153|3894153|3894153|3894153|3894153|3800474|0||0|||1|0|00
2026|01|528476|015|08|WA|4715|EBA|21|51|2|994|002| A|521111|061|A|0|0| |0||||4|Honor Pramubakti|5|ORG|13|BLN|0||0||65|OB|3268000|212420000|0|0|0|0||0|0|0|0||| |0|0|| |-  -|0|5865870|25068586|22613937|17699711|17699711|17699711|17699711|17699711|17699711|17699711|17699711|17273919|0||0|||1|0|00
2026|01|528476|015|08|WA|4715|EBA|21|51|2|994|002| A|521111|061|A|0|0| |0||||5|Honor Dokter|1|ORG|12|BLN|0||0||12|OB|625000|7500000|0|0|0|0||0|0|0|0||| |0|0|| |-  -|0|207109|885107|798440|624931|624931|624931|624931|624931|624931|624931|624931|609896|0||0|||1|0|00
2026|01|528476|015|08|WA|4715|EBA|21|51|2|994|002| A|521111|061|A|0|0| |0||||6|Uang Lembur PPNPN|9|ORG|2|JAM|96|HR|0||1728|OJ|13000|22464000|0|0|0|0||0|0|0|0||| |0|0|| |-  -|0|620332|2651072|2391486|1871793|1871793|1871793|1871793|1871793|1871793|1871793|1871793|1826766|0||0|||1|0|00
2026|01|528476|015|08|WA|4715|EBA|21|51|2|994|002| A|521111|061|A|0|0| |0||||7|Uang Makan Lembur PPNPN|9|ORG|24|HR|0||0||216|OH|30000|6480000|0|0|0|0||0|0|0|0||| |0|0|| |-  -|0|178942|764732|689852|539940|539940|539940|539940|539940|539940|539940|539940|526954|0||0|||1|0|00
2026|01|528476|015|08|WA|4715|EBA|21|51|2|994|002| A|521111|061|A|0|0| |0||||8|Konsumsi RapatPenerimaan Tamu|50|ORG|10|KEG|0||0||500|OK|50000|25000000|0|0|0|0||0|0|0|0||| |0|0|| |-  -|0|690362|2950356|2661465|2083103|2083103|2083103|2083103|2083103|2083103|2083103|2083103|2032993|0||0|||1|0|00
2026|01|528476|015|08|WA|4715|EBA|21|51|2|994|002| A|521119|061|A|0|0| |0||||1|Peningkatan Kebugaran|1|ORG|12|BLN|0||0||12|OB|105750|1269000|0|0|0|0||0|0|0|0||| |0|0|| |-  -|0|35043|149760|135096|105738|105738|105738|105738|105738|105738|105738|105738|103197|0||0|||1|0|00
2026|01|528476|015|08|WA|4715|EBA|21|51|2|994|002| A|521811|061|A|0|0| |0||||1|Obatobatan|40|PEG|0||0||0||40|PEG|250000|10000000|0|0|0|0||0|0|0|0||| |0|0|| |-  -|0|276145|1180142|1064586|833241|833241|833241|833241|833241|833241|833241|833241|813199|0||0|||1|0|00
2026|01|528476|015|08|WA|4715|EBA|21|51|2|994|002| B|521114|061|A|0|0| |0||||1|PosPengepakanPengirimanPengangkutan|1|THN|0||0||0||1|THN|1121000|1121000|0|0|0|0||0|0|0|0||| |0|0|| |-  -|0|30956|132294|119340|93406|93406|93406|93406|93406|93406|93406|93406|91162|0||0|||1|0|00
2026|01|528476|015|08|WA|4715|EBA|21|51|2|994|002| B|522113|061|A|0|0| |0||||1|Langganan Air|1|THN|0||0||0||1|THN|52395000|52395000|0|0|0|0||0|0|0|0||| |0|0|| |-  -|0|1446861|6183356|5577899|4365768|4365768|4365768|4365768|4365768|4365768|4365768|4365768|4260740|0||0|||1|0|00
2026|01|528476|015|08|WA|4715|EBA|21|51|2|994|002| C|521115|061|A|0|0| |0|01||1|1|Honor Pengelola Keuangan|0||0||0||0||0||0|0|0|0|0|0||0|0|0|0||| |0|0|| |-  -|0|0|0|0|0|0|0|0|0|0|0|0|0|0||0|||1|0|00
2026|01|528476|015|08|WA|4715|EBA|21|51|2|994|002| C|521115|061|A|0|0| |0|02|||10|KetuaWakil Ketua|1|ORG|12|BLN|0||0||12|OB|150000|1800000|0|0|0|0||0|0|0|0||| |0|0|| |-  -|0|49706|212426|191625|149983|149983|149983|149983|149983|149983|149983|149983|146379|0||0|||1|0|00
2026|01|528476|015|08|WA|4715|EBA|21|51|2|994|002| C|521115|061|A|0|0| |0|02|||11|AnggotaPetugas|1|ORG|12|BLN|0||0||12|OB|150000|1800000|0|0|0|0||0|0|0|0||| |0|0|| |-  -|0|49706|212426|191625|149983|149983|149983|149983|149983|149983|149983|149983|146379|0||0|||1|0|00
2026|01|528476|015|08|WA|4715|EBA|21|51|2|994|002| C|521115|061|A|0|0| |0|03||1|12|Honor Output Kegiatan|0||0||0||0||0||0|0|0|0|0|0||0|0|0|0||| |0|0|| |-  -|0|0|0|0|0|0|0|0|0|0|0|0|0|0||0|||1|0|00
2026|01|528476|015|08|WA|4715|EBA|21|51|2|994|002| C|521115|061|A|0|0| |0|03|||13|Honor Pejabat PBJ|1|ORG|12|BLN|0||0||12|OB|680000|8160000|0|0|0|0||0|0|0|0||| |0|0|| |-  -|0|225334|962996|868702|679925|679925|679925|679925|679925|679925|679925|679925|663568|0||0|||1|0|00
2026|01|528476|015|08|WA|4715|EBA|21|51|2|994|002| C|521115|061|A|0|0| |0|03|||14|Honor Penyimpan dan Pengurus BMN|1|ORG|12|BLN|0||0||12|OB|180000|2160000|0|0|0|0||0|0|0|0||| |0|0|| |-  -|0|59647|254911|229951|179980|179980|179980|179980|179980|179980|179980|179980|175651|0||0|||1|0|00
2026|01|528476|015|08|WA|4715|EBA|21|51|2|994|002| C|521115|061|A|0|0| |0|01|||2|KPA|1|ORG|12|BLN|0||0||12|OB|1180000|14160000|0|0|0|0||0|0|0|0||| |0|0|| |-  -|0|391021|1671082|1507454|1179870|1179870|1179870|1179870|1179870|1179870|1179870|1179870|1151483|0||0|||1|0|00
2026|01|528476|015|08|WA|4715|EBA|21|51|2|994|002| C|521115|061|A|0|0| |0|01|||3|PPK|1|ORG|12|BLN|0||0||12|OB|1150000|13800000|0|0|0|0||0|0|0|0||| |0|0|| |-  -|0|381080|1628597|1469129|1149873|1149873|1149873|1149873|1149873|1149873|1149873|1149873|1122210|0||0|||1|0|00
2026|01|528476|015|08|WA|4715|EBA|21|51|2|994|002| C|521115|061|A|0|0| |0|01|||4|PPSPM|1|ORG|12|BLn|0||0||12|OB|470000|5640000|0|0|0|0||0|0|0|0||| |0|0|| |-  -|0|155746|665600|600427|469948|469948|469948|469948|469948|469948|469948|469948|458643|0||0|||1|0|00
2026|01|528476|015|08|WA|4715|EBA|21|51|2|994|002| C|521115|061|A|0|0| |0|01|||5|Bendahara|1|ORG|12|BLN|0||0||12|OB|410000|4920000|0|0|0|0||0|0|0|0||| |0|0|| |-  -|0|135863|580630|523776|409955|409955|409955|409955|409955|409955|409955|409955|400091|0||0|||1|0|00
2026|01|528476|015|08|WA|4715|EBA|21|51|2|994|002| C|521115|061|A|0|0| |0|01|||6|Staff Pengelola Keuangan|2|ORG|12|BLN|0||0||24|OB|300000|7200000|0|0|0|0||0|0|0|0||| |0|0|| |-  -|0|198824|849703|766502|599934|599934|599934|599934|599934|599934|599934|599934|585499|0||0|||1|0|00
2026|01|528476|015|08|WA|4715|EBA|21|51|2|994|002| C|521115|061|A|0|0| |0|02||1|7|Honor Tim SAI|0||0||0||0||0||0|0|0|0|0|0||0|0|0|0||| |0|0|| |-  -|0|0|0|0|0|0|0|0|0|0|0|0|0|0||0|||1|0|00
2026|01|528476|015|08|WA|4715|EBA|21|51|2|994|002| C|521115|061|A|0|0| |0|02|||8|Penanggung Jawab|1|ORG|12|BLN|0||0||12|OB|200000|2400000|0|0|0|0||0|0|0|0||| |0|0|| |-  -|0|66275|283234|255501|199978|199978|199978|199978|199978|199978|199978|199978|195166|0||0|||1|0|00
2026|01|528476|015|08|WA|4715|EBA|21|51|2|994|002| C|521115|061|A|0|0| |0|02|||9|Koordinator|1|ORG|12|BLN|0||0||12|OB|200000|2400000|0|0|0|0||0|0|0|0||| |0|0|| |-  -|0|66275|283234|255501|199978|199978|199978|199978|199978|199978|199978|199978|195166|0||0|||1|0|00
2026|01|528476|015|08|WA|4715|EBA|21|51|2|994|002| C|521119|061|A|0|0| |0||||1|Seragam Pegawai|40|PEG|1|STEL|0||0||40|STEL|723750|28950000|0|0|0|0||0|0|0|0||| |0|0|| |-  -|0|799440|3416512|3081977|2412233|2412233|2412233|2412233|2412233|2412233|2412233|2412233|2354207|0||0|||1|0|00
2026|01|528476|015|08|WA|4715|EBA|21|51|2|994|002| C|521119|061|A|0|0| |0||||2|Seragam Satpam|3|ORG|1|STEL|0||0||3|Stel|2197667|6593000|0|0|0|0||0|0|0|0||| |0|0|| |-  -|0|182062|778068|701882|549356|549356|549356|549356|549356|549356|549356|549356|536140|0||0|||1|0|00
2026|01|528476|015|08|WA|4715|EBA|21|51|2|994|002| C|521119|061|A|0|0| |0||||3|Seragam Pengemudi|1|ORG|1|STEL|0||0||1|STEL|522000|522000|0|0|0|0||0|0|0|0||| |0|0|| |-  -|0|14415|61603|55571|43495|43495|43495|43495|43495|43495|43495|43495|42451|0||0|||1|0|00
2026|01|528476|015|08|WA|4715|EBA|21|51|2|994|002| C|521119|061|A|0|0| |0||||4|Seragam Pramubakti|5|ORG|1|STEL|0||0||5|STEL|522200|2611000|0|0|0|0||0|0|0|0||| |0|0|| |-  -|0|72101|308135|277963|217559|217559|217559|217559|217559|217559|217559|217559|212329|0||0|||1|0|00
2026|01|528476|015|08|WA|4715|EBA|21|51|2|994|002| D|523121|061|A|0|0| |0||||1|Kendaraan Jabatan|1|UNIT|0||0||0||1|UNIT|30868000|30868000|0|0|0|0||0|0|0|0||| |0|0|| |-  -|0|852404|3642864|3286164|2572049|2572049|2572049|2572049|2572049|2572049|2572049|2572049|2510176|0||0|||1|0|00
2026|01|528476|015|08|WA|4715|EBA|21|51|2|994|002| D|523121|061|A|0|0| |0||||2|Kendaraan Roda 4|3|UNIT|0||0||0||3|UNIT|30868334|92605000|0|0|0|0||0|0|0|0||| |0|0|| |-  -|0|2557240|10928709|9858599|7716231|7716231|7716231|7716231|7716231|7716231|7716231|7716231|7530604|0||0|||1|0|00
2026|01|528476|015|08|WA|4715|EBA|21|51|2|994|002| D|523121|061|A|0|0| |0||||3|Kendaraan Roda 2 (Sepeda Motor)|1|UNIT|0||0||0||1|UNIT|5040000|5040000|0|0|0|0||0|0|0|0||| |0|0|| |-  -|0|139177|594792|536551|419954|419954|419954|419954|419954|419954|419954|419954|409848|0||0|||1|0|00
2026|01|528476|015|08|WA|4715|EBA|21|51|2|994|002| D|523121|061|A|0|0| |0||||4|Kendaraan Roda 2 (Sepeda Motor Listrik)|1|UNIT|0||0||0||1|UNIT|3066000|3066000|0|0|0|0||0|0|0|0||| |0|0|| |-  -|0|84666|361832|326402|255472|255472|255472|255472|255472|255472|255472|255472|249324|0||0|||1|0|00
2026|01|528476|015|08|WA|4715|EBA|21|51|2|994|002| D|523121|061|A|0|0| |0||||5|Inventaris Kantor|40|PEG|0||0||0||40|PEG|76650|3066000|0|0|0|0||0|0|0|0||| |0|0|| |-  -|0|84666|361832|326402|255472|255472|255472|255472|255472|255472|255472|255472|249324|0||0|||1|0|00
2026|01|528476|015|08|WA|4715|EBA|21|51|2|994|002| D|523121|061|A|0|0| |0||||6|Tabung Pemadam Api|15|UNIT|0||0||0||15|UNIT|287467|4312000|0|0|0|0||0|0|0|0||| |0|0|| |-  -|0|119074|508877|459050|359294|359294|359294|359294|359294|359294|359294|359294|350647|0||0|||1|0|00
2026|01|528476|015|08|WA|4715|EBA|21|51|2|994|002| D|523121|061|A|0|0| |0||||7|AC Standing Floor SplitCassette|35|UNIT|0||0||0||35|UNIT|479086|16768000|0|0|0|0||0|0|0|0||| |0|0|| |-  -|0|463040|1978863|1785098|1397179|1397179|1397179|1397179|1397179|1397179|1397179|1397179|1363567|0||0|||1|0|00
2026|01|528476|015|08|WA|4715|EBA|21|51|2|994|002| D|523121|061|A|0|0| |0||||8|Genset s.d 50 KVA|2|UNIT|0||0||0||2|UNIT|4856000|9712000|0|0|0|0||0|0|0|0||| |0|0|| |-  -|0|268192|1146154|1033926|809244|809244|809244|809244|809244|809244|809244|809244|789776|0||0|||1|0|00
2026|01|528476|015|08|WA|4715|EBA|21|51|2|994|002| G|523111|061|A|0|0| |0||||1|Pemeliharaan Gedung Kantor Bertingkat|2022|M2|0||0||0||2022|M2|89021|180000000|0|0|0|0||0|0|0|0||| |0|0|| |-  -|0|4970609|21242564|19162549|14998343|14998343|14998343|14998343|14998343|14998343|14998343|14998343|14637534|0||0|||1|0|00
2026|01|528476|015|08|WA|4715|EBA|21|51|2|994|002| G|523111|061|A|0|0| |0||||2|Pemeliharaan Halaman Kantor|157|M2|0||0||0||157|M2|11497|1805000|0|0|0|0||0|0|0|0||| |0|0|| |-  -|0|49844|213016|192158|150400|150400|150400|150400|150400|150400|150400|150400|146782|0||0|||1|0|00
2026|01|528476|015|08|WA|4715|EBA|21|51|2|994|002| G|523119|061|A|0|0| |0||||1|Pemeliharaan GedungBangunan Lainnya Tidak Bertingkat (Maluku)|161|M2|0||0||0||161|M2|89250|14369000|0|0|0|0||0|0|0|0||| |0|0|| |-  -|0|396793|1695747|1529704|1197284|1197284|1197284|1197284|1197284|1197284|1197284|1197284|1168484|0||0|||1|0|00
2026|01|528476|015|08|WA|4715|EBA|21|51|2|994|002| G|523119|061|A|0|0| |0||||2|Rumah Jabatan Kakanwil|278|M2|0||0||0||278|M2|99173|27570000|0|0|0|0||0|0|0|0||| |0|0|| |-  -|0|761332|3253653|2935064|2297246|2297246|2297246|2297246|2297246|2297246|2297246|2297246|2241983|0||0|||1|0|00
2026|01|528476|015|08|WA|4715|EBA|21|51|2|994|002| G|523119|061|A|0|0| |0||||3|Halaman Rujab Kakanwil|603|M2|0||0||0||603|M2|7186|4333000|0|0|0|0||0|0|0|0||| |0|0|| |-  -|0|119654|511356|461285|361043|361043|361043|361043|361043|361043|361043|361043|352361|0||0|||1|0|00
2026|01|528476|015|08|WA|4715|EBA|21|51|2|994|002|TJ|523121|061|A|0|0| |0||||1|PC Laptop|40|UNIT|0||0||0||40|UNIT|104100|4164000|0|0|0|0||0|0|0|0||| |0|0|| |-  -|0|114987|491411|443294|346962|346962|346962|346962|346962|346962|346962|346962|338612|0||0|||1|0|00
2026|01|528476|015|08|WA|4715|EBA|21|51|2|994|002|TJ|523121|061|A|0|0| |0||||2|Printer|19|UNIT|0||0||0||19|UNIT|134843|2562000|0|0|0|0||0|0|0|0||| |0|0|| |-  -|0|70748|302352|272745|213476|213476|213476|213476|213476|213476|213476|213476|208347|0||0|||1|0|00
2026|01|528476|015|08|WA|4715|EBA|21|51|2|002|100| A|524111|061|A|0|0| |0|01||1|1|Konsultasi ke Pusat|0||0||0||0||0||0|0|0|0|0|0||0|0|0|0||| |0|0|| |-  -|0|0|0|0|0|0|0|0|0|0|0|0|0|0||0|||1|0|00
2026|01|528476|015|08|WA|4715|EBA|21|51|2|002|100| A|524111|061|A|0|0| |0|01|||2|Transport|2|ORG|2|FREK|0||0||4|OK|6283750|25135000|0|0|0|0||0|0|0|0||| |0|0|| |-  -|0|0|342343|171171|2092821|2092821|2092821|2092821|2092821|2092821|2092821|2092821|7878918|0||0|||1|0|00
2026|01|528476|015|08|WA|4715|EBA|21|51|2|002|100| A|524111|061|A|0|0| |0|01|||3|Akomodasi|2|ORG|2|FREK|2|HR|0||8|OH|565625|4525000|0|0|0|0||0|0|0|0||| |0|0|| |-  -|0|0|61631|30816|376766|376766|376766|376766|376766|376766|376766|376766|1418425|0||0|||1|0|00
2026|01|528476|015|08|WA|4715|EBA|21|51|2|002|100| A|524111|061|A|0|0| |0|01|||4|Uang Harian|2|ORG|2|FREK|3|HR|0||12|OH|328584|3943000|0|0|0|0||0|0|0|0||| |0|0|| |-  -|0|0|53704|26852|328307|328307|328307|328307|328307|328307|328307|328307|1235988|0||0|||1|0|00
2026|01|528476|015|08|WA|4715|EBA|21|51|2|002|100| A|524111|061|A|0|0| |0|02||1|5| KoordinasiRapatPembinaanKonsultasi|0||0||0||0||0||0|0|0|0|0|0||0|0|0|0||| |0|0|| |-  -|0|0|0|0|0|0|0|0|0|0|0|0|0|0||0|||1|0|00
2026|01|528476|015|08|WA|4715|EBA|21|51|2|002|100| A|524111|061|A|0|0| |0|02|||6|Transport|2|KPPN|2|ORG|1|FREK|0||4|OK|1549750|6199000|0|0|0|0||0|0|0|0||| |0|0|| |-  -|0|0|84431|42216|516149|516149|516149|516149|516149|516149|516149|516149|1943161|0||0|||1|0|00
2026|01|528476|015|08|WA|4715|EBA|21|51|2|002|100| A|524111|061|A|0|0| |0|02|||7|Akomodasi|2|KPPN|2|ORG|1|FREK|2|HR|8|OH|516875|4135000|0|0|0|0||0|0|0|0||| |0|0|| |-  -|0|0|56319|28160|344293|344293|344293|344293|344293|344293|344293|344293|1296177|0||0|||1|0|00
2026|01|528476|015|08|WA|4715|EBA|21|51|2|002|100| A|524111|061|A|0|0| |0|02|||8|Uang Harian|2|KPPN|2|ORG|1|FREK|3|HR|12|OH|235584|2827000|0|0|0|0||0|0|0|0||| |0|0|| |-  -|0|0|38504|19252|235385|235385|235385|235385|235385|235385|235385|235385|886164|0||0|||1|0|00
2026|01|528476|015|08|WA|4715|EBA|21|51|2|002|100| A|524113|061|A|0|0| |0||||1|Transport Lokal dalam rangka Koordinasi|2|ORG|12|FREK|0||0||24|OK|131750|3162000|0|0|0|0||0|0|0|0||| |0|0|| |-  -|0|0|43067|21533|263278|263278|263278|263278|263278|263278|263278|263278|991176|0||0|||1|0|00
2026|01|528476|015|08|WA|4715|EBD|21|51|2|Z36|100| A|521211|061|A|0|0| |0|01||1|1| Rakor Penyusunan Pengelolaan Kinerja dan DKO (Cross Program)|0||0||0||0||0||0|0|0|0|0|0||0|0|0|0||| |0|0|| |-  -|0|0|0|0|0|0|0|0|0|0|0|0|0|0||0|||1|0|00
2026|01|528476|015|08|WA|4715|EBD|21|51|2|Z36|100| A|521211|061|A|0|0| |0|01|||2|KDM  Konsumsi Makan Peserta KPPN|1|KPPN|1|ORG|1|KEG|1|HR|1|OK|1000|1000|0|0|0|0||0|0|0|0||| |0|0|| |-  -|0|0|0|0|83|83|83|83|83|83|83|83|336|0||0|||1|0|00
2026|01|528476|015|08|WA|4715|EBD|21|51|2|Z36|100| A|521211|061|A|0|0| |0|01|||3|KDM  Konsumsi Makan Peserta Kanwil|2|ORG|1|KEG|1|HR|0||2|OK|1000|2000|0|0|0|0||0|0|0|0||| |0|0|| |-  -|0|0|0|0|166|166|166|166|166|166|166|166|672|0||0|||1|0|00
2026|01|528476|015|08|WA|4715|EBD|21|51|2|Z36|100| A|524111|061|A|0|0| |0||||1|Transport|2|ORG|1|KEG|0||0||2|OK|660000|1320000|0|0|0|0||0|0|0|0||| |0|0|| |-  -|0|0|0|0|109844|109844|109844|109844|109844|109844|109844|109844|441248|0||0|||1|0|00
2026|01|528476|015|08|WA|4715|EBD|21|51|2|Z36|100| A|524111|061|A|0|0| |0||||2|Akomodasi|2|ORG|1|KEG|2|HR|0||4|OH|445000|1780000|0|0|0|0||0|0|0|0||| |0|0|| |-  -|0|0|0|0|148123|148123|148123|148123|148123|148123|148123|148123|595016|0||0|||1|0|00
2026|01|528476|015|08|WA|4715|EBD|21|51|2|Z36|100| A|524111|061|A|0|0| |0||||3|Uang Harian|2|ORG|1|KEG|3|HR|0||6|OH|304000|1824000|0|0|0|0||0|0|0|0||| |0|0|| |-  -|0|0|0|0|151784|151784|151784|151784|151784|151784|151784|151784|609728|0||0|||1|0|00
2026|01|528476|015|08|WA|4715|EBD|21|51|2|Z26|100| A|521211|061|A|0|0| |0||||1|KDM  Konsumsi Makan Peserta KPPN|4|KPPN|2|ORG|1|KEG|2|HR|16|OK|43500|696000|0|0|0|0||0|0|0|0||| |0|0|| |-  -|0|0|0|0|57859|57859|57859|57859|57859|57859|57859|57859|233128|0||0|||1|0|00
2026|01|528476|015|08|WA|4715|EBD|21|51|2|Z26|100| A|521211|061|A|0|0| |0||||2|KDM  Konsumsi Snack Peserta KPPN|4|KPPN|2|ORG|1|KEG|2|HR|16|OK|17000|272000|0|0|0|0||0|0|0|0||| |0|0|| |-  -|0|0|0|0|22611|22611|22611|22611|22611|22611|22611|22611|91112|0||0|||1|0|00
2026|01|528476|015|08|WA|4715|EBD|21|51|2|Z26|100| A|521211|061|A|0|0| |0||||3|KDM  Konsumsi Makan Peserta Kanwil|10|ORG|1|KEG|2|HR|0||20|OK|43500|870000|0|0|0|0||0|0|0|0||| |0|0|| |-  -|0|0|0|0|72324|72324|72324|72324|72324|72324|72324|72324|291408|0||0|||1|0|00
2026|01|528476|015|08|WA|4715|EBD|21|51|2|Z26|100| A|521211|061|A|0|0| |0||||4|KDM  Konsumsi Snack Peserta Kanwil|10|ORG|1|KEG|2|HR|0||20|OK|17000|340000|0|0|0|0||0|0|0|0||| |0|0|| |-  -|0|0|0|0|28264|28264|28264|28264|28264|28264|28264|28264|113888|0||0|||1|0|00
2026|01|528476|015|08|WA|4715|EBD|21|51|2|Z26|100| A|524111|061|A|0|0| |0||||1|Transport|3|KPPN|2|ORG|1|FREK|0||6|Ok|1549834|9299000|0|0|0|0||0|0|0|0||| |0|0|| |-  -|0|0|0|0|773030|773030|773030|773030|773030|773030|773030|773030|3114760|0||0|||1|0|00
2026|01|528476|015|08|WA|4715|EBD|21|51|2|Z26|100| A|524111|061|A|0|0| |0||||2|Akomodasi|3|KPPN|2|ORG|1|FREK|2|HR|12|OH|516834|6202000|0|0|0|0||0|0|0|0||| |0|0|| |-  -|0|0|0|0|515575|515575|515575|515575|515575|515575|515575|515575|2077400|0||0|||1|0|00
2026|01|528476|015|08|WA|4715|EBD|21|51|2|Z26|100| A|524111|061|A|0|0| |0||||3|Uang Harian|3|KPPN|2|ORG|1|FREK|3|HR|18|OH|235556|4240000|0|0|0|0||0|0|0|0||| |0|0|| |-  -|0|0|0|0|352473|352473|352473|352473|352473|352473|352473|352473|1420216|0||0|||1|0|00
2026|01|528476|015|08|WA|4715|EBD|21|51|2|Z26|100| A|524113|061|A|0|0| |0||||1|Transport Lokal|1|KPPN|2|ORG|1|FREK|0||2|OK|131500|263000|0|0|0|0||0|0|0|0||| |0|0|| |-  -|0|0|0|0|21863|21863|21863|21863|21863|21863|21863|21863|88096|0||0|||1|0|00
2026|01|528476|015|08|WA|4718|BMB|21|51|2|002|100| A|521211|061|A|0|0| |0||||1|KDM  Konsumsi Makan Peserta Press Conference|20|ORG|12|BLN|0||0||240|OK|43521|10445000|0|0|0|0||0|0|0|0||| |0|0|| |-  -|0|0|0|0|870224|870224|870224|870224|870224|870224|870224|870224|3483208|0||0|||1|0|00
2026|01|528476|015|08|WA|4718|BMB|21|51|2|002|100| A|521211|061|A|0|0| |0||||2|KDM  Konsumsi Snack Peserta Press Conference|20|ORG|12|BLN|0||0||240|OK|17000|4080000|0|0|0|0||0|0|0|0||| |0|0|| |-  -|0|0|0|0|339925|339925|339925|339925|339925|339925|339925|339925|1360600|0||0|||1|0|00
2026|01|528476|015|08|WA|4718|BMB|21|51|2|002|100| A|521211|061|A|0|0| |0||||3|CTK  SpandukBanner|12|BLN|1|PKT|0||0||12|PKT|340000|4080000|0|0|0|0||0|0|0|0||| |0|0|| |-  -|0|0|0|0|339925|339925|339925|339925|339925|339925|339925|339925|1360600|0||0|||1|0|00
2026|01|528476|015|08|WA|4718|BMB|21|51|2|002|100| A|521219|061|A|0|0| |0||||1|Advertorial APBN Kita|4|FREK|1|PKT|0||0||4|PKT|1005000|4020000|0|0|0|0||0|0|0|0||| |0|0|| |-  -|0|0|0|0|334926|334926|334926|334926|334926|334926|334926|334926|1340592|0||0|||1|0|00
2026|01|528476|015|08|WA|4718|BMB|21|51|2|001|100| A|521211|061|A|0|0| |0||||1|KDM  Konsumsi Makan Peserta|50|ORG|2|KEG|0||0||100|OK|43520|4352000|0|0|0|0||0|0|0|0||| |0|0|| |-  -|0|0|0|0|361708|361708|361708|361708|361708|361708|361708|361708|1458336|0||0|||1|0|00
2026|01|528476|015|08|WA|4718|BMB|21|51|2|001|100| A|521211|061|A|0|0| |0||||2|KDM  Konsumsi Snack Peserta|50|ORG|2|KEG|0||0||100|OK|17000|1700000|0|0|0|0||0|0|0|0||| |0|0|| |-  -|0|0|0|0|141292|141292|141292|141292|141292|141292|141292|141292|569664|0||0|||1|0|00
2026|01|528476|015|08|WA|4719|EBA|21|51|2|003|100| A|524111|061|A|0|0| |0||||1|Transport|3|KPPN|4|ORG|1|FREK|0||12|OK|1956250|23475000|0|0|0|0||0|0|0|0||| |0|0|| |-  -|0|0|0|0|1954634|1954634|1954634|1954634|1954634|1954634|1954634|1954634|7837928|0||0|||1|0|00
2026|01|528476|015|08|WA|4719|EBA|21|51|2|003|100| A|524111|061|A|0|0| |0||||2|Akomodasi|3|KPPN|4|ORG|1|FREK|4|hr|48|OH|362500|17400000|0|0|0|0||0|0|0|0||| |0|0|| |-  -|0|0|0|0|1448802|1448802|1448802|1448802|1448802|1448802|1448802|1448802|5809584|0||0|||1|0|00
2026|01|528476|015|08|WA|4719|EBA|21|51|2|003|100| A|524111|061|A|0|0| |0||||3|Uang Harian|3|KPPN|4|ORG|1|FREK|5|HR|60|OH|198750|11925000|0|0|0|0||0|0|0|0||| |0|0|| |-  -|0|0|0|0|992929|992929|992929|992929|992929|992929|992929|992929|3981568|0||0|||1|0|00
2026|01|528476|015|08|WA|4719|EBA|21|51|2|003|100| A|524113|061|A|0|0| |0||||1|Transport Lokal|3|KPPN|7|ORG|1|FREK|2|HR|42|OK|150000|6300000|0|0|0|0||0|0|0|0||| |0|0|| |-  -|0|0|0|0|524566|524566|524566|524566|524566|524566|524566|524566|2103472|0||0|||1|0|00
2026|01|528476|015|08|WA|4719|EBA|21|51|2|003|100| A|524113|061|A|0|0| |0||||2|Uang Harian Dalam Kota lebih dari 8 Jam|1|KPPN|2|ORG|1|FREK|1|HR|2|OK|80500|161000|0|0|0|0||0|0|0|0||| |0|0|| |-  -|0|0|0|0|13406|13406|13406|13406|13406|13406|13406|13406|53752|0||0|||1|0|00
2026|01|528476|015|08|WA|4719|EBA|21|51|2|003|100| B|521211|061|A|0|0| |0|01||1|1|Koordinasi Kanwil Dalam Rangka WBKWBBMKWTKPT|0||0||0||0||0||0|0|0|0|0|0||0|0|0|0||| |0|0|| |-  -|0|0|0|0|0|0|0|0|0|0|0|0|0|0||0|||1|0|00
2026|01|528476|015|08|WA|4719|EBA|21|51|2|003|100| B|521211|061|A|0|0| |0|01|||2|KDM  Konsumsi Peserta KPPN|4|KPPN|2|ORG|2|KEG|0||16|OK|1250|20000|0|0|0|0||0|0|0|0||| |0|0|| |-  -|0|0|0|0|1665|1665|1665|1665|1665|1665|1665|1665|6680|0||0|||1|0|00
2026|01|528476|015|08|WA|4719|EBA|21|51|2|003|100| B|521211|061|A|0|0| |0|01|||3|KDM  Konsumsi Peserta KPPN|4|KPPN|2|ORG|2|KEG|0||16|OK|1250|20000|0|0|0|0||0|0|0|0||| |0|0|| |-  -|0|0|0|0|1665|1665|1665|1665|1665|1665|1665|1665|6680|0||0|||1|0|00
2026|01|528476|015|08|WA|4719|EBA|21|51|2|003|100| B|521211|061|A|0|0| |0|01|||4|KDM  Konsumsi Peserta Kanwil|10|ORG|2|KEG|0||0||20|OK|1000|20000|0|0|0|0||0|0|0|0||| |0|0|| |-  -|0|0|0|0|1665|1665|1665|1665|1665|1665|1665|1665|6680|0||0|||1|0|00
2026|01|528476|015|08|WA|4719|EBA|21|51|2|003|100| B|521211|061|A|0|0| |0|01|||5| KDM Konsumsi Peserta Kanwil|10|ORG|2|KEG|0||0||20|OK|1000|20000|0|0|0|0||0|0|0|0||| |0|0|| |-  -|0|0|0|0|1665|1665|1665|1665|1665|1665|1665|1665|6680|0||0|||1|0|00
2026|01|528476|015|08|WA|4719|EBA|21|51|2|994|001| A|511129|061|A|0|0| |0||||1|Uang Makan Golongan II|12|ORG|19|HR|12|BLN|0||2736|OH|35000|95760000|0|0|0|0||0|0|0|0||| |0|0|| |-  -|0|0|10365892|8854618|7979382|7979382|7979382|7979382|7979382|7979382|7979382|7979382|12704434|0||0|||1|0|00
2026|01|528476|015|08|WA|4719|EBA|21|51|2|994|001| A|511129|061|A|0|0| |0||||2|Uang Makan golongan III|23|ORG|19|HR|12|BLN|0||5244|OH|37000|194028000|0|0|0|0||0|0|0|0||| |0|0|| |-  -|0|0|21003272|17941142|16167748|16167748|16167748|16167748|16167748|16167748|16167748|16167748|25741602|0||0|||1|0|00
2026|01|528476|015|08|WA|4719|EBA|21|51|2|994|001| A|511129|061|A|0|0| |0||||3|Uang makan Golongan IV|5|ORG|19|HR|12|BLN|0||1140|OH|41000|46740000|0|0|0|0||0|0|0|0||| |0|0|| |-  -|0|0|5059543|4321897|3894698|3894698|3894698|3894698|3894698|3894698|3894698|3894698|6200976|0||0|||1|0|00
2026|01|528476|015|08|WA|4719|EBA|21|51|2|994|001| A|512211|061|A|0|0| |0||||1|Uang Lembur Golongan II|12|ORG|2|JAM|30|HR|0||720|OJ|21656|15592000|0|0|0|0||0|0|0|0||| |0|0|| |-  -|0|0|1687813|1441742|1299233|1299233|1299233|1299233|1299233|1299233|1299233|1299233|2068581|0||0|||1|0|00
2026|01|528476|015|08|WA|4719|EBA|21|51|2|994|001| A|512211|061|A|0|0| |0||||2|Uang Lembur Golongan III|23|ORG|2|JAM|30|HR|0||1380|OJ|27069|37355000|0|0|0|0||0|0|0|0||| |0|0|| |-  -|0|0|4043629|3454096|3112676|3112676|3112676|3112676|3112676|3112676|3112676|3112676|4955867|0||0|||1|0|00
2026|01|528476|015|08|WA|4719|EBA|21|51|2|994|001| A|512211|061|A|0|0| |0||||3|Uang Lembur Golongan IV|5|ORG|2|JAM|30|HR|0||300|OJ|32484|9745000|0|0|0|0||0|0|0|0||| |0|0|| |-  -|0|0|1054883|901089|812020|812020|812020|812020|812020|812020|812020|812020|1292868|0||0|||1|0|00
2026|01|528476|015|08|WA|4719|EBA|21|51|2|994|001| A|512211|061|A|0|0| |0||||4|Uang Makan Lembur Golongan II|12|ORG|1|FREK|30|HR|0||360|OH|31581|11369000|0|0|0|0||0|0|0|0||| |0|0|| |-  -|0|0|1230679|1051255|947343|947343|947343|947343|947343|947343|947343|947343|1508322|0||0|||1|0|00
2026|01|528476|015|08|WA|4719|EBA|21|51|2|994|001| A|512211|061|A|0|0| |0||||5|Uang Makan Lembur Golongan III|23|ORG|1|FREK|30|HR|0||690|OH|33386|23036000|0|0|0|0||0|0|0|0||| |0|0|| |-  -|0|0|2493616|2130064|1919518|1919518|1919518|1919518|1919518|1919518|1919518|1919518|3056176|0||0|||1|0|00
2026|01|528476|015|08|WA|4719|EBA|21|51|2|994|001| A|512211|061|A|0|0| |0||||6|Uang makan Lembur Golongan IV|5|ORG|1|FREK|30|HR|0||150|OH|36994|5549000|0|0|0|0||0|0|0|0||| |0|0|| |-  -|0|0|600672|513097|462381|462381|462381|462381|462381|462381|462381|462381|736183|0||0|||1|0|00
2026|01|528476|015|08|WA|4719|EBA|21|51|2|005|100| A|524111|061|A|0|0| |0||||1|Transport|2|ORG|1|FREK|0||0||2|OK|2150000|4300000|0|0|0|0||0|0|0|0||| |0|0|| |-  -|0|0|0|0|357643|357643|357643|357643|357643|357643|357643|357643|1438856|0||0|||1|0|00
2026|01|528476|015|08|WA|4719|EBA|21|51|2|005|100| A|524111|061|A|0|0| |0||||2|Akomodasi|2|ORG|1|FREK|1|HR|0||2|OH|667000|1334000|0|0|0|0||0|0|0|0||| |0|0|| |-  -|0|0|0|0|110953|110953|110953|110953|110953|110953|110953|110953|446376|0||0|||1|0|00
2026|01|528476|015|08|WA|4719|EBA|21|51|2|005|100| A|524111|061|A|0|0| |0||||3|Uang Harian|1|ORG|1|FREK|3|HR|0||3|OH|304000|912000|0|0|0|0||0|0|0|0||| |0|0|| |-  -|0|0|0|0|75854|75854|75854|75854|75854|75854|75854|75854|305168|0||0|||1|0|00
2026|01|528476|015|08|WA|4719|EBA|21|51|2|005|100| A|524113|061|A|0|0| |0||||1|Transport Lokal|2|ORG|1|FREK|0||0||2|OK|20000|40000|0|0|0|0||0|0|0|0||| |0|0|| |-  -|0|0|0|0|3327|3327|3327|3327|3327|3327|3327|3327|13384|0||0|||1|0|00
2026|01|528476|015|08|WA|4719|EBA|21|51|2|005|100| B|524111|061|A|0|0| |0||||1|Transport|2|KPPN|2|ORG|1|FREK|0||4|OK|1640000|6560000|0|0|0|0||0|0|0|0||| |0|0|| |-  -|0|0|0|0|545614|545614|545614|545614|545614|545614|545614|545614|2195088|0||0|||1|0|00
2026|01|528476|015|08|WA|4719|EBA|21|51|2|005|100| B|524111|061|A|0|0| |0||||2|Akomodasi|2|KPPN|2|ORG|1|FREK|2|HR|8|OH|667000|5336000|0|0|0|0||0|0|0|0||| |0|0|| |-  -|0|0|0|0|443811|443811|443811|443811|443811|443811|443811|443811|1785512|0||0|||1|0|00
2026|01|528476|015|08|WA|4719|EBA|21|51|2|005|100| B|524111|061|A|0|0| |0||||3|Uang Harian|2|KPPN|2|ORG|1|FREK|3|HR|12|OH|304000|3648000|0|0|0|0||0|0|0|0||| |0|0|| |-  -|0|0|0|0|303415|303415|303415|303415|303415|303415|303415|303415|1220680|0||0|||1|0|00
2026|01|528476|015|08|WA|4719|EBA|21|51|2|005|100| B|524113|061|A|0|0| |0||||1|Transport Lokal|1|KPPN|2|ORG|1|FREK|4|HR|8|OK|154125|1233000|0|0|0|0||0|0|0|0||| |0|0|| |-  -|0|0|0|0|102552|102552|102552|102552|102552|102552|102552|102552|412584|0||0|||1|0|00
2026|01|528476|015|08|WA|4719|EBA|21|51|2|005|100| B|524113|061|A|0|0| |0||||2|Uang Harian Dalam Kota Lebih dari 8 Jam|1|KPPN|2|ORG|1|FREK|2|HR|4|OK|2500|10000|0|0|0|0||0|0|0|0||| |0|0|| |-  -|0|0|0|0|831|831|831|831|831|831|831|831|3352|0||0|||1|0|00
2026|01|528476|015|08|WA|4719|EBC|21|51|2|001|100|XC|521211|061|A|0|0| |0|01||1|1|In House Training|0||0||0||0||0||0|0|0|0|0|0||0|0|0|0||| |0|0|| |-  -|0|0|0|0|0|0|0|0|0|0|0|0|0|0||0|||1|0|00
2026|01|528476|015|08|WA|4719|EBC|21|51|2|001|100|XC|521211|061|A|0|0| |0|01|||2|KDM  Konsumsi Makan|45|PEG|1|KL|0||0||45|OK|43512|1958000|0|0|0|0||0|0|0|0||| |0|0|| |-  -|0|1063571|0|0|162630|162630|162630|162630|162630|20320|20320|20320|20319|0||0|||1|0|00
2026|01|528476|015|08|WA|4719|EBC|21|51|2|001|100|XC|521211|061|A|0|0| |0|01|||3|KDM  Konsumsi Snack|45|PEG|1|KL|0||0||45|OK|17000|765000|0|0|0|0||0|0|0|0||| |0|0|| |-  -|0|415542|0|0|63540|63540|63540|63540|63540|7939|7939|7939|7941|0||0|||1|0|00
2026|01|528476|015|08|WA|4719|EBC|21|51|2|001|100|XC|521211|061|A|0|0| |0|01|||4|CTK  Barang Habis Pakai|45|PEG|1|FREK|0||0||45|OK|47600|2142000|0|0|0|0||0|0|0|0||| |0|0|| |-  -|0|1163518|0|0|177912|177912|177912|177912|177912|22230|22230|22230|22232|0||0|||1|0|00
2026|01|528476|015|08|WA|4719|EBC|21|51|2|001|100|XC|521211|061|A|0|0| |0|02||1|5|Data Analitik|0||0||0||0||0||0|0|0|0|0|0||0|0|0|0||| |0|0|| |-  -|0|0|0|0|0|0|0|0|0|0|0|0|0|0||0|||1|0|00
2026|01|528476|015|08|WA|4719|EBC|21|51|2|001|100|XC|521211|061|A|0|0| |0|02|||6|KDM  Konsumsi Makan|20|PEG|2|FREK|0||0||40|OK|43525|1741000|0|0|0|0||0|0|0|0||| |0|0|| |-  -|0|945698|0|0|144606|144606|144606|144606|144606|18068|18068|18068|18068|0||0|||1|0|00
2026|01|528476|015|08|WA|4719|EBC|21|51|2|001|100|XC|521211|061|A|0|0| |0|02|||7|KDM  Konsumsi Snack|20|PEG|2|FREK|0||0||40|OK|17000|680000|0|0|0|0||0|0|0|0||| |0|0|| |-  -|0|369371|0|0|56480|56480|56480|56480|56480|7057|7057|7057|7058|0||0|||1|0|00
2026|01|528476|015|08|WA|4719|EBC|21|51|2|001|100|XC|521219|061|A|0|0| |0||||1|Penunjang Kegiatan|1|PAKET|1|KEG|0||0||1|PAKET|918000|918000|0|0|0|0||0|0|0|0||| |0|0|| |-  -|0|498651|0|0|76248|76248|76248|76248|76248|9527|9527|9527|9528|0||0|||1|0|00
2026|01|528476|015|08|WA|4719|EBC|21|51|2|001|100|XC|522141|061|A|0|0| |0||||1|Sewa Tempat Kegiatan|1|PAKET|1|KEG|0||0||1|PAKET|1845000|1845000|0|0|0|0||0|0|0|0||| |0|0|| |-  -|0|1002190|0|0|153244|153244|153244|153244|153244|19147|19147|19147|19149|0||0|||1|0|00
2026|01|528476|015|08|WA|4719|EBC|21|51|2|001|100|XC|522151|061|A|0|0| |0|01||1|1|Peningkatan Kapasitas SDM|0||0||0||0||0||0|0|0|0|0|0||0|0|0|0||| |0|0|| |-  -|0|0|0|0|0|0|0|0|0|0|0|0|0|0||0|||1|0|00
2026|01|528476|015|08|WA|4719|EBC|21|51|2|001|100|XC|522151|061|A|0|0| |0|01|||2|Honorarium Narasumber|1|ORG|2|JAM|3|FREK|0||6|OJ|133500|801000|0|0|0|0||0|0|0|0||| |0|0|| |-  -|0|435097|0|0|66530|66530|66530|66530|66530|8313|8313|8313|8314|0||0|||1|0|00
2026|01|528476|015|08|WA|4719|EBC|21|51|2|001|100|XC|524113|061|A|0|0| |0|01||1|1|Perjalanan Dinas dalam rangka Peningkatan Kapasitas SDM|0||0||0||0||0||0|0|0|0|0|0||0|0|0|0||| |0|0|| |-  -|0|0|0|0|0|0|0|0|0|0|0|0|0|0||0|||1|0|00
2026|01|528476|015|08|WA|4719|EBC|21|51|2|001|100|XC|524113|061|A|0|0| |0|01|||2|Transport Narasumber|1|ORG|3|FREK|0||0||3|OK|131667|395000|0|0|0|0||0|0|0|0||| |0|0|| |-  -|0|214561|0|0|32808|32808|32808|32808|32808|4099|4099|4099|4102|0||0|||1|0|00
2026|01|528476|015|08|WA|4722|EBD|21|51|2|001|100| A|521211|061|A|0|0| |0|01||1|1|Rapat Penyusunan Profil Risiko (Cross Program)|0||0||0||0||0||0|0|0|0|0|0||0|0|0|0||| |0|0|| |-  -|0|0|0|0|0|0|0|0|0|0|0|0|0|0||0|||1|0|00
2026|01|528476|015|08|WA|4722|EBD|21|51|2|001|100| A|521211|061|A|0|0| |0|01|||2|KDM  Konsumsi Snack Peserta KPPN|4|KPPN|2|ORG|2|KEG|0||16|OK|20875|334000|0|0|0|0||0|0|0|0||| |0|0|| |-  -|0|0|0|0|27683|27683|27683|27683|27683|27683|27683|27683|112536|0||0|||1|0|00
2026|01|528476|015|08|WA|4722|EBD|21|51|2|001|100| A|521211|061|A|0|0| |0|01|||3|KDM  Konsumsi Snack Peserta Kanwil|12|ORG|2|KEG|0||0||24|OK|20850|500000|0|0|0|0||0|0|0|0||| |0|0|| |-  -|0|0|0|0|41441|41441|41441|41441|41441|41441|41441|41441|168472|0||0|||1|0|00
2026|01|528476|015|08|WA|4722|EBD|21|51|2|001|100| B|524111|061|A|0|0| |0||||1|Transport|1|KPPN|2|ORG|1|FREK|0||2|OK|2153000|4306000|0|0|0|0||0|0|0|0||| |0|0|| |-  -|0|0|0|0|356893|356893|356893|356893|356893|356893|356893|356893|1450856|0||0|||1|0|00
2026|01|528476|015|08|WA|4722|EBD|21|51|2|001|100| B|524111|061|A|0|0| |0||||2|Akomodasi|1|KPPN|2|ORG|1|FREK|1|HR|2|OH|667000|1334000|0|0|0|0||0|0|0|0||| |0|0|| |-  -|0|0|0|0|110565|110565|110565|110565|110565|110565|110565|110565|449480|0||0|||1|0|00
2026|01|528476|015|08|WA|4722|EBD|21|51|2|001|100| B|524111|061|A|0|0| |0||||3|Uang Harian|1|KPPN|1|ORG|1|FREK|3|HR|3|OH|304000|912000|0|0|0|0||0|0|0|0||| |0|0|| |-  -|0|0|0|0|75589|75589|75589|75589|75589|75589|75589|75589|307288|0||0|||1|0|00
2026|01|528476|015|08|WA|4722|EBD|21|51|2|001|100| B|524113|061|A|0|0| |0||||1|Transport Lokal|1|KPPN|1|ORG|1|FREK|0||1|OK|10000|10000|0|0|0|0||0|0|0|0||| |0|0|| |-  -|0|0|0|0|829|829|829|829|829|829|829|829|3368|0||0|||1|0|00
2026|01|528629|015|08|CD|6212|BMB|24|51|2|001|100| A|524113|039|A|0|0| |0||||1|Transport Lokal|2|ORG|1|KEG|0||0||2|OK|131500|263000|0|0|0|0||0|0|0|0||| |0|0|| |-  -|0|21000|21000|21000|21000|21000|21000|21000|21000|21000|21000|21000|32000|0||0|||1|0|00
2026|01|528629|015|08|CD|6212|BMB|24|51|2|001|100| A|524113|039|A|0|0| |0||||2|Uang Harian Dalam Kota Lebih dari 8 Jam|2|ORG|2|HR|1|KEG|0||4|OH|105500|422000|0|0|0|0||0|0|0|0||| |0|0|| |-  -|0|35000|35000|35000|35000|35000|35000|35000|35000|35000|35000|35000|37000|0||0|||1|0|00
2026|01|528629|015|08|CD|6212|BMB|24|51|2|001|100| B|521211|039|A|0|0| |0||||1|KDM  Konsumsi Makan|30|ORG|2|KEG|0||0||60|OK|46800|2808000|0|0|0|0||0|0|0|0||| |0|0|| |-  -|0|234000|234000|234000|234000|234000|234000|234000|234000|234000|234000|234000|234000|0||0|||1|0|00
2026|01|528629|015|08|CD|6212|BMB|24|51|2|001|100| B|521211|039|A|0|0| |0||||2|KDM  Konsumsi Snack|30|ORG|2|KEG|0||0||60|OK|19800|1188000|0|0|0|0||0|0|0|0||| |0|0|| |-  -|0|99000|99000|99000|99000|99000|99000|99000|99000|99000|99000|99000|99000|0||0|||1|0|00
2026|01|528629|015|08|CD|6212|BMB|24|51|2|001|100| B|521211|039|A|0|0| |0||||3|CTK  Seminar Kit|30|ORG|2|KEG|0||0||60|OK|100000|6000000|0|0|0|0||0|0|0|0||| |0|0|| |-  -|0|500000|500000|500000|500000|500000|500000|500000|500000|500000|500000|500000|500000|0||0|||1|0|00
2026|01|528629|015|08|CD|6212|BMB|24|51|2|001|100| B|522151|039|A|0|0| |0||||1|Honor Narasumber|2|ORG|2|JAM|2|KEG|0||8|OJ|900000|7200000|0|0|0|0||0|0|0|0||| |0|0|| |-  -|0|600000|600000|600000|600000|600000|600000|600000|600000|600000|600000|600000|600000|0||0|||1|0|00
2026|01|528629|015|08|CD|6212|BMB|24|51|2|001|100| B|524113|039|A|0|0| |0||||1|Transport Lokal Narasumber|2|ORG|1|HR|2|KEG|0||4|OK|131750|527000|0|0|0|0||0|0|0|0||| |0|0|| |-  -|0|43000|43000|43000|43000|43000|43000|43000|43000|43000|43000|43000|54000|0||0|||1|0|00
2026|01|528629|015|08|CD|6212|BMB|24|51|2|001|100| C|524113|039|A|0|0| |0||||1|Transport Lokal|2|ORG|2|HR|2|KEG|0||8|OK|131750|1054000|0|0|0|0||0|0|0|0||| |0|0|| |-  -|0|87000|87000|87000|87000|87000|87000|87000|87000|87000|87000|87000|97000|0||0|||1|0|00
2026|01|528629|015|08|CD|6212|BMB|24|51|2|001|100| C|524113|039|A|0|0| |0||||2|Uang Harian Dalam Kota Lebih dari 8 Jam|2|ORG|2|HR|2|KEG|0||8|OH|105375|843000|0|0|0|0||0|0|0|0||| |0|0|| |-  -|0|70000|70000|70000|70000|70000|70000|70000|70000|70000|70000|70000|73000|0||0|||1|0|00
2026|01|528629|015|08|CD|6212|BMB|24|51|2|001|100| D|521211|039|A|0|0| |0||||1|KDM  Konsumsi Makan|20|ORG|1|KEG|0||0||20|OK|46800|936000|0|0|0|0||0|0|0|0||| |0|0|| |-  -|0|78000|78000|78000|78000|78000|78000|78000|78000|78000|78000|78000|78000|0||0|||1|0|00
2026|01|528629|015|08|CD|6212|BMB|24|51|2|001|100| D|521211|039|A|0|0| |0||||2|KDM  Konsumsi Snack|20|ORG|1|KEG|0||0||20|OK|19800|396000|0|0|0|0||0|0|0|0||| |0|0|| |-  -|0|33000|33000|33000|33000|33000|33000|33000|33000|33000|33000|33000|33000|0||0|||1|0|00
2026|01|528629|015|08|CD|6212|BMB|24|51|2|001|100| D|521211|039|A|0|0| |0||||3|CTK  Media Penunjang Kegiatan|1|KEG|1|PKT|0||0||1|OK|1500000|1500000|0|0|0|0||0|0|0|0||| |0|0|| |-  -|0|125000|125000|125000|125000|125000|125000|125000|125000|125000|125000|125000|125000|0||0|||1|0|00
2026|01|528629|015|08|CD|6212|BMB|24|51|2|001|100| D|522141|039|A|0|0| |0||||1|Sewa Tenda|1|PKT|0||0||0||1|PKT|15000000|15000000|0|0|0|0||0|0|0|0||| |0|0|| |-  -|0|1250000|1250000|1250000|1250000|1250000|1250000|1250000|1250000|1250000|1250000|1250000|1250000|0||0|||1|0|00
2026|01|528629|015|08|CD|6212|FAC|24|51|2|002|100| A|524111|039|A|0|0| |0||||1|Transport|2|BLU|2|ORG|1|FREK|0||4|OK|1084750|4339000|0|0|0|0||0|0|0|0||| |0|0|| |-  -|0|361000|361000|361000|361000|361000|361000|361000|361000|361000|361000|361000|368000|0||0|||1|0|00
2026|01|528629|015|08|CD|6212|FAC|24|51|2|002|100| A|524111|039|A|0|0| |0||||2|Akomodasi|2|BLU|2|ORG|1|FREK|2|HR|8|OH|571125|4569000|0|0|0|0||0|0|0|0||| |0|0|| |-  -|0|380000|380000|380000|380000|380000|380000|380000|380000|380000|380000|380000|389000|0||0|||1|0|00
2026|01|528629|015|08|CD|6212|FAC|24|51|2|002|100| A|524111|039|A|0|0| |0||||3|Uang Harian|2|BLU|2|ORG|1|FREK|3|HR|12|OH|266584|3199000|0|0|0|0||0|0|0|0||| |0|0|| |-  -|0|266000|266000|266000|266000|266000|266000|266000|266000|266000|266000|266000|273000|0||0|||1|0|00
2026|01|528629|015|08|CD|6212|FAC|24|51|2|002|100| A|524113|039|A|0|0| |0||||1|Transport Lokal|1|BLU|2|ORG|1|FREK|1|HR|2|OK|131500|263000|0|0|0|0||0|0|0|0||| |0|0|| |-  -|0|21000|21000|21000|21000|21000|21000|21000|21000|21000|21000|21000|32000|0||0|||1|0|00
2026|01|528629|015|08|CD|6212|FAC|24|51|2|002|100| B|524111|039|A|0|0| |0||||1|Transport|5|PEMDA|2|ORG|1|FREK|0||10|OK|1084900|10849000|0|0|0|0||0|0|0|0||| |0|0|| |-  -|0|904000|904000|904000|904000|904000|904000|904000|904000|904000|904000|904000|905000|0||0|||1|0|00
2026|01|528629|015|08|CD|6212|FAC|24|51|2|002|100| B|524111|039|A|0|0| |0||||2|Akomodasi|5|PEMDA|2|ORG|1|FREK|1|HR|10|OH|571100|5711000|0|0|0|0||0|0|0|0||| |0|0|| |-  -|0|475000|475000|475000|475000|475000|475000|475000|475000|475000|475000|475000|486000|0||0|||1|0|00
2026|01|528629|015|08|CD|6212|FAC|24|51|2|002|100| B|524111|039|A|0|0| |0||||3|Uang Harian|5|PEMDA|2|ORG|1|FREK|2|HR|20|OH|266550|5331000|0|0|0|0||0|0|0|0||| |0|0|| |-  -|0|444000|444000|444000|444000|444000|444000|444000|444000|444000|444000|444000|447000|0||0|||1|0|00
2026|01|528629|015|08|CD|6212|FAC|24|51|2|002|100| B|524113|039|A|0|0| |0||||1|Transport Lokal|2|ORG|1|FREK|2|HR|0||4|OK|131750|527000|0|0|0|0||0|0|0|0||| |0|0|| |-  -|0|43000|43000|43000|43000|43000|43000|43000|43000|43000|43000|43000|54000|0||0|||1|0|00
2026|01|528629|015|08|CD|6212|FAH|24|51|2|003|100| A|524113|039|A|0|0| |0||||1|Transport Lokal|2|ORG|2|FREK|1|HR|0||4|OK|131750|527000|0|0|0|0||0|0|0|0||| |0|0|| |-  -|0|45192|45192|45192|45192|45192|45192|45192|45192|45192|45192|45192|29888|0||0|||1|0|00
2026|01|528629|015|08|CD|6212|FAH|24|51|2|003|100| B|524111|039|A|0|0| |0||||1|Transport|1|ORG|1|FREK|0||0||1|OK|1217000|1217000|0|0|0|0||0|0|0|0||| |0|0|| |-  -|0|104361|104361|104361|104361|104361|104361|104361|104361|104361|104361|104361|69029|0||0|||1|0|00
2026|01|528629|015|08|CD|6212|FAH|24|51|2|003|100| B|524111|039|A|0|0| |0||||2|Akomodasi|1|ORG|1|FREK|2|HR|0||2|OH|446500|893000|0|0|0|0||0|0|0|0||| |0|0|| |-  -|0|76577|76577|76577|76577|76577|76577|76577|76577|76577|76577|76577|50653|0||0|||1|0|00
2026|01|528629|015|08|CD|6212|FAH|24|51|2|003|100| B|524111|039|A|0|0| |0||||3|Uang Harian|1|ORG|1|FREK|3|HR|0||3|OH|273334|820000|0|0|0|0||0|0|0|0||| |0|0|| |-  -|0|70317|70317|70317|70317|70317|70317|70317|70317|70317|70317|70317|46513|0||0|||1|0|00
2026|01|528629|015|08|CD|6212|FAH|24|51|2|003|100| B|524113|039|A|0|0| |0||||1|Transport Lokal|2|ORG|1|FREK|0||0||2|OK|131500|263000|0|0|0|0||0|0|0|0||| |0|0|| |-  -|0|22553|22553|22553|22553|22553|22553|22553|22553|22553|22553|22553|14917|0||0|||1|0|00
2026|01|528629|015|08|CD|6212|FAH|24|51|2|002|100| A|521211|039|A|0|0| |0||||1|KDM  Konsumsi Makan Peserta|10|ORG|1|KEG|0||0||10|OK|34000|340000|0|0|0|0||0|0|0|0||| |0|0|| |-  -|0|28000|28000|28000|28000|28000|28000|28000|28000|28000|28000|28000|32000|0||0|||1|0|00
2026|01|528629|015|08|CD|6212|FAH|24|51|2|002|100| A|521211|039|A|0|0| |0||||2|KDM  Konsumsi Snack Peserta|10|ORG|1|KEG|0||0||10|OK|13000|130000|0|0|0|0||0|0|0|0||| |0|0|| |-  -|0|10000|10000|10000|10000|10000|10000|10000|10000|10000|10000|10000|20000|0||0|||1|0|00
2026|01|528629|015|08|CD|6212|FAH|24|51|2|002|100| B|524111|039|A|0|0| |0||||1|Transport|2|ORG|1|FREK|0||0||2|OK|883500|1767000|0|0|0|0||0|0|0|0||| |0|0|| |-  -|0|147000|147000|147000|147000|147000|147000|147000|147000|147000|147000|147000|150000|0||0|||1|0|00
2026|01|528629|015|08|CD|6212|FAH|24|51|2|002|100| B|524111|039|A|0|0| |0||||2|Akomodasi|2|ORG|1|FREK|2|HR|0||4|OH|446250|1785000|0|0|0|0||0|0|0|0||| |0|0|| |-  -|0|148000|148000|148000|148000|148000|148000|148000|148000|148000|148000|148000|157000|0||0|||1|0|00
2026|01|528629|015|08|CD|6212|FAH|24|51|2|002|100| B|524111|039|A|0|0| |0||||3|Uang Harian|2|ORG|1|FREK|3|HR|0||6|OH|223167|1339000|0|0|0|0||0|0|0|0||| |0|0|| |-  -|0|111000|111000|111000|111000|111000|111000|111000|111000|111000|111000|111000|118000|0||0|||1|0|00
2026|01|528629|015|08|CD|6212|FAH|24|51|2|002|100| B|524113|039|A|0|0| |0||||1|Transport Lokal Koordinasi Data|2|ORG|2|FREK|0||0||4|OK|131750|527000|0|0|0|0||0|0|0|0||| |0|0|| |-  -|0|43000|43000|43000|43000|43000|43000|43000|43000|43000|43000|43000|54000|0||0|||1|0|00
2026|01|528629|015|08|CD|6212|FAH|24|51|2|002|100| C|522151|039|A|0|0| |0||||1|Honor Narasumber|2|ORG|2|JAM|1|KEG|0||4|OJ|765000|3060000|0|0|0|0||0|0|0|0||| |0|0|| |-  -|0|255000|255000|255000|255000|255000|255000|255000|255000|255000|255000|255000|255000|0||0|||1|0|00
2026|01|528629|015|08|CD|6212|FAH|24|51|2|002|100| C|524113|039|A|0|0| |0||||1|Transport Lokal Narasumber|2|ORG|1|KEG|0||0||2|OK|131500|263000|0|0|0|0||0|0|0|0||| |0|0|| |-  -|0|21000|21000|21000|21000|21000|21000|21000|21000|21000|21000|21000|32000|0||0|||1|0|00
2026|01|528629|015|08|CD|6212|FAL|24|51|2|001|100| A|524111|039|A|0|0| |0||||1|Transport|3|KAB|2|ORG|1|FREK|0||6|OK|1101500|6609000|0|0|0|0||0|0|0|0||| |0|0|| |-  -|0|546560|546560|546560|546560|546560|546560|546560|546560|546560|546560|546560|596840|0||0|||1|0|00
2026|01|528629|015|08|CD|6212|FAL|24|51|2|001|100| A|524111|039|A|0|0| |0||||2|Akomodasi|3|KAB|2|ORG|1|HR|0||6|OH|562834|3377000|0|0|0|0||0|0|0|0||| |0|0|| |-  -|0|279276|279276|279276|279276|279276|279276|279276|279276|279276|279276|279276|304964|0||0|||1|0|00
2026|01|528629|015|08|CD|6212|FAL|24|51|2|001|100| A|524111|039|A|0|0| |0||||3|Uang Harian|3|KAB|2|ORG|1|FREK|2|HR|12|OH|262417|3149000|0|0|0|0||0|0|0|0||| |0|0|| |-  -|0|260420|260420|260420|260420|260420|260420|260420|260420|260420|260420|260420|284380|0||0|||1|0|00
2026|01|528629|015|08|CD|6212|FAL|24|51|2|001|100| A|524113|039|A|0|0| |0||||1|Transport Lokal|2|ORG|1|FREK|2|HR|0||4|OK|131750|527000|0|0|0|0||0|0|0|0||| |0|0|| |-  -|0|43583|43583|43583|43583|43583|43583|43583|43583|43583|43583|43583|47587|0||0|||1|0|00
2026|01|528629|015|08|CD|6212|FAL|24|51|2|001|100| B|521211|039|A|0|0| |0||||1|KDM  Konsumsi Makan Peserta Pemda|23|PEMDA|2|ORG|1|KEG|0||46|OK|42131|1938000|0|0|0|0||0|0|0|0||| |0|0|| |-  -|0|160271|160271|160271|160271|160271|160271|160271|160271|160271|160271|160271|175019|0||0|||1|0|00
2026|01|528629|015|08|CD|6212|FAL|24|51|2|001|100| B|521211|039|A|0|0| |0||||2|KDM  Konsumsi Snack Peserta Pemda|23|PEMDA|2|ORG|1|KEG|0||46|OK|17827|820000|0|0|0|0||0|0|0|0||| |0|0|| |-  -|0|67814|67814|67814|67814|67814|67814|67814|67814|67814|67814|67814|74046|0||0|||1|0|00
2026|01|528629|015|08|CD|6212|FAL|24|51|2|001|100| B|521211|039|A|0|0| |0||||3|KDM  Konsumsi Makan Panitia dan Narasumber|20|ORG|1|KEG|0||0||20|OK|42100|842000|0|0|0|0||0|0|0|0||| |0|0|| |-  -|0|69633|69633|69633|69633|69633|69633|69633|69633|69633|69633|69633|76037|0||0|||1|0|00
2026|01|528629|015|08|CD|6212|FAL|24|51|2|001|100| B|521211|039|A|0|0| |0||||4|KDM  Konsumsi Snack Panitia dan Narasumber|20|ORG|1|KEG|0||0||20|OK|17800|356000|0|0|0|0||0|0|0|0||| |0|0|| |-  -|0|29441|29441|29441|29441|29441|29441|29441|29441|29441|29441|29441|32149|0||0|||1|0|00
2026|01|528629|015|08|CD|6212|FAL|24|51|2|001|100| B|522151|039|A|0|0| |0||||1|Honor Narasumber (Ekonom KemenkeuEksternal)|1|ORG|2|JAM|1|KEG|0||2|OJ|765000|1530000|0|0|0|0||0|0|0|0||| |0|0|| |-  -|0|126530|126530|126530|126530|126530|126530|126530|126530|126530|126530|126530|138170|0||0|||1|0|00
2026|01|528629|015|08|CD|6212|FAL|24|51|2|001|100| C|524111|039|A|0|0| |0||||1|Transport|1|PEMDA|2|ORG|1|FREK|0||2|OK|1085000|2170000|0|0|0|0||0|0|0|0||| |0|0|| |-  -|0|179458|179458|179458|179458|179458|179458|179458|179458|179458|179458|179458|195962|0||0|||1|0|00
2026|01|528629|015|08|CD|6212|FAL|24|51|2|001|100| C|524111|039|A|0|0| |0||||2|Akomodasi|1|PEMDA|2|ORG|1|FREK|1|HR|2|OH|571000|1142000|0|0|0|0||0|0|0|0||| |0|0|| |-  -|0|94443|94443|94443|94443|94443|94443|94443|94443|94443|94443|94443|103127|0||0|||1|0|00
2026|01|528629|015|08|CD|6212|FAL|24|51|2|001|100| C|524111|039|A|0|0| |0||||3|Uang Harian|1|PEMDA|2|ORG|1|FREK|2|HR|4|OH|266500|1066000|0|0|0|0||0|0|0|0||| |0|0|| |-  -|0|88158|88158|88158|88158|88158|88158|88158|88158|88158|88158|88158|96262|0||0|||1|0|00
2026|01|528629|015|08|CD|6212|FAL|24|51|2|001|100| C|524113|039|A|0|0| |0||||1|Transport Lokal|2|ORG|1|FREK|2|HR|0||4|OK|131750|527000|0|0|0|0||0|0|0|0||| |0|0|| |-  -|0|43583|43583|43583|43583|43583|43583|43583|43583|43583|43583|43583|47587|0||0|||1|0|00
2026|01|528629|015|08|CD|6212|FAL|24|51|2|001|100| D|521211|039|A|0|0| |0|01||1|1|Rapat Persiapan Penyerahan DIPA|0||0||0||0||0||0|0|0|0|0|0||0|0|0|0||| |0|0|| |-  -|0|0|0|0|0|0|0|0|0|0|0|0|0|0||0|||1|0|00
2026|01|528629|015|08|CD|6212|FAL|24|51|2|001|100| D|521211|039|A|0|0| |0|02|||10|KDM  Konsumsi Snack Pemda|23|PEMDA|3|ORG|1|KEG|0||69|OK|17827|1230000|0|0|0|0||0|0|0|0||| |0|0|| |-  -|0|101720|101720|101720|101720|101720|101720|101720|101720|101720|101720|101720|111080|0||0|||1|0|00
2026|01|528629|015|08|CD|6212|FAL|24|51|2|001|100| D|521211|039|A|0|0| |0|01|||2|KDM  Konsumsi Makan Panitia|14|ORG|1|KEG|0||0||14|OK|42143|590000|0|0|0|0||0|0|0|0||| |0|0|| |-  -|0|48793|48793|48793|48793|48793|48793|48793|48793|48793|48793|48793|53277|0||0|||1|0|00
2026|01|528629|015|08|CD|6212|FAL|24|51|2|001|100| D|521211|039|A|0|0| |0|01|||3|KDM  Konsumsi Snack Panitia|14|ORG|1|KEG|0||0||14|OK|17786|249000|0|0|0|0||0|0|0|0||| |0|0|| |-  -|0|20592|20592|20592|20592|20592|20592|20592|20592|20592|20592|20592|22488|0||0|||1|0|00
2026|01|528629|015|08|CD|6212|FAL|24|51|2|001|100| D|521211|039|A|0|0| |0|02||1|4|Pelaksanaan Penyerahan DIPA|0||0||0||0||0||0|0|0|0|0|0||0|0|0|0||| |0|0|| |-  -|0|0|0|0|0|0|0|0|0|0|0|0|0|0||0|||1|0|00
2026|01|528629|015|08|CD|6212|FAL|24|51|2|001|100| D|521211|039|A|0|0| |0|02|||5|KDM  Konsumsi Makan Panitia, Peserta Kanwil dan Narasumber|14|ORG|1|KEG|0||0||14|OK|42143|590000|0|0|0|0||0|0|0|0||| |0|0|| |-  -|0|48793|48793|48793|48793|48793|48793|48793|48793|48793|48793|48793|53277|0||0|||1|0|00
2026|01|528629|015|08|CD|6212|FAL|24|51|2|001|100| D|521211|039|A|0|0| |0|02|||6|KDM  Konsumsi Snack Panitia, Peserta Kanwil dan Narasumber|14|ORG|1|KEG|0||0||14|OK|17786|249000|0|0|0|0||0|0|0|0||| |0|0|| |-  -|0|20592|20592|20592|20592|20592|20592|20592|20592|20592|20592|20592|22488|0||0|||1|0|00
2026|01|528629|015|08|CD|6212|FAL|24|51|2|001|100| D|521211|039|A|0|0| |0|02|||7|KDM  Konsumsi Makan Satker|32|SKTR|2|ORG|1|KEG|0||64|OK|42125|2696000|0|0|0|0||0|0|0|0||| |0|0|| |-  -|0|222958|222958|222958|222958|222958|222958|222958|222958|222958|222958|222958|243462|0||0|||1|0|00
2026|01|528629|015|08|CD|6212|FAL|24|51|2|001|100| D|521211|039|A|0|0| |0|02|||8|KDM  Konsumsi Snack Satker|32|SKTR|2|ORG|1|KEG|0||64|OK|17813|1140000|0|0|0|0||0|0|0|0||| |0|0|| |-  -|0|94277|94277|94277|94277|94277|94277|94277|94277|94277|94277|94277|102953|0||0|||1|0|00
2026|01|528629|015|08|CD|6212|FAL|24|51|2|001|100| D|521211|039|A|0|0| |0|02|||9|KDM  Konsumsi Makan Pemda|23|PEMDA|3|ORG|1|KEG|0||69|OK|42116|2906000|0|0|0|0||0|0|0|0||| |0|0|| |-  -|0|240324|240324|240324|240324|240324|240324|240324|240324|240324|240324|240324|262436|0||0|||1|0|00
2026|01|528629|015|08|CD|6212|FAL|24|51|2|001|100| D|521213|039|A|0|0| |0||||1|Panitia Kegiatan (Pemprov)|8|ORG|1|KEG|0||0||8|OK|60000|480000|0|0|0|0||0|0|0|0||| |0|0|| |-  -|0|39696|39696|39696|39696|39696|39696|39696|39696|39696|39696|39696|43344|0||0|||1|0|00
2026|01|528629|015|08|CD|6212|FAL|24|51|2|001|100| D|522151|039|A|0|0| |0||||1|Honor Narasumber (Gubernur)|1|ORG|2|JAM|1|KEG|0||2|OJ|850000|1700000|0|0|0|0||0|0|0|0||| |0|0|| |-  -|0|140589|140589|140589|140589|140589|140589|140589|140589|140589|140589|140589|153521|0||0|||1|0|00
2026|01|528629|015|08|CD|6212|FAL|24|51|2|001|100| D|524113|039|A|0|0| |0||||1|Transport Lokal Panitia|14|ORG|1|KEG|0||0||14|OK|131715|1844000|0|0|0|0||0|0|0|0||| |0|0|| |-  -|0|152496|152496|152496|152496|152496|152496|152496|152496|152496|152496|152496|166544|0||0|||1|0|00
2026|01|528629|015|08|CD|6213|ABA|24|51|2|001|100| A|522151|039|A|0|0| |0||||1|Honor Narasumber Tenaga Profesional|1|ORG|2|JAM|3|KEG|0||6|OJ|765000|4590000|0|0|0|0||0|0|0|0||| |0|0|| |-  -|0|387604|387604|387604|387604|387604|387604|387604|387604|387604|387604|387604|326356|0||0|||1|0|00
2026|01|528629|015|08|CD|6213|ABA|24|51|2|001|100| A|524111|039|A|0|0| |0|01||1|1|Site Visit Potensi Investasi|0||0||0||0||0||0|0|0|0|0|0||0|0|0|0||| |0|0|| |-  -|0|0|0|0|0|0|0|0|0|0|0|0|0|0||0|||1|0|00
2026|01|528629|015|08|CD|6213|ABA|24|51|2|001|100| A|524111|039|A|0|0| |0|01|||2|Transport|3|ORG|2|LOK|1|FREK|0||6|OK|1170167|7021000|0|0|0|0||0|0|0|0||| |0|0|| |-  -|0|592890|592890|592890|592890|592890|592890|592890|592890|592890|592890|592890|499210|0||0|||1|0|00
2026|01|528629|015|08|CD|6213|ABA|24|51|2|001|100| A|524111|039|A|0|0| |0|01|||3|Akomodasi|3|ORG|2|LOK|1|FREK|2|HR|12|OH|446334|5356000|0|0|0|0||0|0|0|0||| |0|0|| |-  -|0|452289|452289|452289|452289|452289|452289|452289|452289|452289|452289|452289|380821|0||0|||1|0|00
2026|01|528629|015|08|CD|6213|ABA|24|51|2|001|100| A|524111|039|A|0|0| |0|01|||4|Uang Harian|3|ORG|2|LOK|1|FREK|3|HR|18|OH|223167|4017000|0|0|0|0||0|0|0|0||| |0|0|| |-  -|0|339217|339217|339217|339217|339217|339217|339217|339217|339217|339217|339217|285613|0||0|||1|0|00
2026|01|528629|015|08|CD|6213|FAE|24|51|2|009|100| B|524111|039|A|0|0| |0||||1|Transport|2|PEMDA|2|ORG|1|FREK|0||4|OK|1159750|4639000|0|0|0|0||0|0|0|0||| |0|0|| |-  -|0|383030|383030|383030|383030|383030|383030|383030|383030|383030|383030|383030|425670|0||0|||1|0|00
2026|01|528629|015|08|CD|6213|FAE|24|51|2|009|100| B|524111|039|A|0|0| |0||||2|Akomodasi|2|PEMDA|2|ORG|1|FREK|1|HR|4|OK|571000|2284000|0|0|0|0||0|0|0|0||| |0|0|| |-  -|0|188584|188584|188584|188584|188584|188584|188584|188584|188584|188584|188584|209576|0||0|||1|0|00
2026|01|528629|015|08|CD|6213|FAE|24|51|2|009|100| B|524111|039|A|0|0| |0||||3|Uang Harian|2|PEMDA|2|ORG|1|FREK|2|HR|8|OK|266625|2133000|0|0|0|0||0|0|0|0||| |0|0|| |-  -|0|176116|176116|176116|176116|176116|176116|176116|176116|176116|176116|176116|195724|0||0|||1|0|00
2026|01|528629|015|08|CD|6213|FAE|24|51|2|009|100| B|524113|039|A|0|0| |0||||1|Transport Lokal|3|ORG|1|FREK|0||0||3|OK|131667|395000|0|0|0|0||0|0|0|0||| |0|0|| |-  -|0|32614|32614|32614|32614|32614|32614|32614|32614|32614|32614|32614|36246|0||0|||1|0|00
2026|01|528629|015|08|CD|6213|FAE|24|51|2|009|100| C|524111|039|A|0|0| |0||||1|Transport|3|ORG|2|LOK|1|FREK|0||6|OK|1084834|6509000|0|0|0|0||0|0|0|0||| |0|0|| |-  -|0|537430|537430|537430|537430|537430|537430|537430|537430|537430|537430|537430|597270|0||0|||1|0|00
2026|01|528629|015|08|CD|6213|FAE|24|51|2|009|100| C|524111|039|A|0|0| |0||||2|Akomodasi|3|ORG|2|HR|2|LOK|1|FREK|12|OK|571089|6853000|0|0|0|0||0|0|0|0||| |0|0|| |-  -|0|565834|565834|565834|565834|565834|565834|565834|565834|565834|565834|565834|628826|0||0|||1|0|00
2026|01|528629|015|08|CD|6213|FAE|24|51|2|009|100| C|524111|039|A|0|0| |0||||3|Uang Harian|3|ORG|3|HR|2|LOK|1|FREK|18|OK|266556|4798000|0|0|0|0||0|0|0|0||| |0|0|| |-  -|0|396158|396158|396158|396158|396158|396158|396158|396158|396158|396158|396158|440262|0||0|||1|0|00
2026|01|528629|015|08|CD|6213|FAE|24|51|2|009|100| C|524113|039|A|0|0| |0||||1|Transport Lokal|3|ORG|1|LOK|1|FREK|0||3|OK|131667|395000|0|0|0|0||0|0|0|0||| |0|0|| |-  -|0|32614|32614|32614|32614|32614|32614|32614|32614|32614|32614|32614|36246|0||0|||1|0|00
2026|01|528629|015|08|CD|6213|FAE|24|51|2|009|100| D|521211|039|A|0|0| |0||||1|KDM  Konsumsi Makan Peserta|20|ORG|1|LOK|1|KEG|0||20|OK|42100|842000|0|0|0|0||0|0|0|0||| |0|0|| |-  -|0|69522|69522|69522|69522|69522|69522|69522|69522|69522|69522|69522|77258|0||0|||1|0|00
2026|01|528629|015|08|CD|6213|FAE|24|51|2|009|100| D|521211|039|A|0|0| |0||||2|KDM  Konsumsi Snack Peserta|20|ORG|1|LOK|1|KEG|0||20|OK|17800|356000|0|0|0|0||0|0|0|0||| |0|0|| |-  -|0|29394|29394|29394|29394|29394|29394|29394|29394|29394|29394|29394|32666|0||0|||1|0|00
2026|01|528629|015|08|CD|6213|FAE|24|51|2|009|100| D|522151|039|A|0|0| |0||||1|Honor Narasumber|3|ORG|2|JAM|1|FREK|0||6|OJ|1395000|8370000|0|0|0|0||0|0|0|0||| |0|0|| |-  -|0|691088|691088|691088|691088|691088|691088|691088|691088|691088|691088|691088|768032|0||0|||1|0|00
2026|01|528629|015|08|CD|6213|FAE|24|51|2|009|100| D|524113|039|A|0|0| |0||||1|Transport Lokal|20|ORG|1|FREK|0||0||20|OK|131750|2635000|0|0|0|0||0|0|0|0||| |0|0|| |-  -|0|217565|217565|217565|217565|217565|217565|217565|217565|217565|217565|217565|241785|0||0|||1|0|00
2026|01|528629|015|08|CD|6213|FAE|24|51|2|009|100| D|524113|039|A|0|0| |0||||2|Uang Harian|20|ORG|1|HR|1|FREK|0||20|OK|105400|2108000|0|0|0|0||0|0|0|0||| |0|0|| |-  -|0|174051|174051|174051|174051|174051|174051|174051|174051|174051|174051|174051|193439|0||0|||1|0|00
2026|01|528629|015|08|CD|6213|FAE|24|51|2|008|100| A|522151|039|A|0|0| |0||||1|Honor Narasumber Local Expert|1|ORG|2|JAM|2|KEG|0||4|OJ|1000000|4000000|0|0|0|0||0|0|0|0||| |0|0|| |-  -|0|333000|333000|333000|333000|333000|333000|333000|333000|333000|333000|333000|337000|0||0|||1|0|00
2026|01|528629|015|08|CD|6213|FAE|24|51|2|008|100| A|522151|039|A|0|0| |0||||2|Honor Local Expert|1|ORG|12|BLN|0||0||12|OB|5100000|61200000|0|0|0|0||0|0|0|0||| |0|0|| |-  -|0|5100000|5100000|5100000|5100000|5100000|5100000|5100000|5100000|5100000|5100000|5100000|5100000|0||0|||1|0|00
2026|01|528629|015|08|CD|6213|FAE|24|51|2|008|100| A|524111|039|A|0|0| |0||||1|Transport|1|ORG|2|LOK|2|FREK|0||4|OK|1436750|5747000|0|0|0|0||0|0|0|0||| |0|0|| |-  -|0|478000|478000|478000|478000|478000|478000|478000|478000|478000|478000|478000|489000|0||0|||1|0|00
2026|01|528629|015|08|CD|6213|FAE|24|51|2|008|100| A|524111|039|A|0|0| |0||||2|Akomodasi|1|ORG|2|LOK|2|FREK|2|HR|8|OH|446375|3571000|0|0|0|0||0|0|0|0||| |0|0|| |-  -|0|297000|297000|297000|297000|297000|297000|297000|297000|297000|297000|297000|304000|0||0|||1|0|00
2026|01|528629|015|08|CD|6213|FAE|24|51|2|008|100| A|524111|039|A|0|0| |0||||3|Uang Harian|1|ORG|2|LOK|2|FREK|3|HR|12|OH|223167|2678000|0|0|0|0||0|0|0|0||| |0|0|| |-  -|0|223000|223000|223000|223000|223000|223000|223000|223000|223000|223000|223000|225000|0||0|||1|0|00
2026|01|528629|015|08|CD|6213|FAL|24|51|2|003|100| A|521211|039|A|0|0| |0|01||1|1|Penyusunan Spending Review|0||0||0||0||0||0|0|0|0|0|0||0|0|0|0||| |0|0|| |-  -|0|0|0|0|0|0|0|0|0|0|0|0|0|0||0|||1|0|00
2026|01|528629|015|08|CD|6213|FAL|24|51|2|003|100| A|521211|039|A|0|0| |0|01|||2|KDM  Konsumsi Makan Rapat|20|ORG|1|FREK|1|KEG|0||20|OK|42100|842000|0|0|0|0||0|0|0|0||| |0|0|| |-  -|0|70000|70000|70000|70000|70000|70000|70000|70000|70000|70000|70000|72000|0||0|||1|0|00
2026|01|528629|015|08|CD|6213|FAL|24|51|2|003|100| A|521211|039|A|0|0| |0|01|||3|KDM  Konsumsi Snack Rapat|20|ORG|1|FREK|1|KEG|0||20|OK|17800|356000|0|0|0|0||0|0|0|0||| |0|0|| |-  -|0|29000|29000|29000|29000|29000|29000|29000|29000|29000|29000|29000|37000|0||0|||1|0|00
2026|01|528629|015|08|CD|6213|FAL|24|51|2|003|100| C|521211|039|A|0|0| |0|01||1|1|Pelaksanaan FGD|0||0||0||0||0||0|0|0|0|0|0||0|0|0|0||| |0|0|| |-  -|0|0|0|0|0|0|0|0|0|0|0|0|0|0||0|||1|0|00
2026|01|528629|015|08|CD|6213|FAL|24|51|2|003|100| C|521211|039|A|0|0| |0|01|||2|KDM  Konsumsi Makan Panitia|3|ORG|1|KEG|0||0||3|OK|42000|126000|0|0|0|0||0|0|0|0||| |0|0|| |-  -|0|10000|10000|10000|10000|10000|10000|10000|10000|10000|10000|10000|16000|0||0|||1|0|00
2026|01|528629|015|08|CD|6213|FAL|24|51|2|003|100| C|521211|039|A|0|0| |0|01|||3|KDM  Konsumsi Snack Panitia|3|ORG|1|KEG|0||0||3|OK|17667|53000|0|0|0|0||0|0|0|0||| |0|0|| |-  -|0|4000|4000|4000|4000|4000|4000|4000|4000|4000|4000|4000|9000|0||0|||1|0|00
2026|01|528629|015|08|CD|6213|FAL|24|51|2|003|100| C|521211|039|A|0|0| |0|01|||4|KDM  Konsumsi Makan Peserta|30|SKTR|2|ORG|1|KEG|0||60|OK|42117|2527000|0|0|0|0||0|0|0|0||| |0|0|| |-  -|0|210000|210000|210000|210000|210000|210000|210000|210000|210000|210000|210000|217000|0||0|||1|0|00
2026|01|528629|015|08|CD|6213|FAL|24|51|2|003|100| C|521211|039|A|0|0| |0|01|||5|KDM  Konsumsi Snack Peserta|30|SKTR|2|ORG|1|KEG|0||60|OK|17817|1069000|0|0|0|0||0|0|0|0||| |0|0|| |-  -|0|89000|89000|89000|89000|89000|89000|89000|89000|89000|89000|89000|90000|0||0|||1|0|00
2026|01|528629|015|08|CD|6213|FAL|24|51|2|003|100| D|524111|039|A|0|0| |0||||1|Transport|2|ORG|1|FREK|0||0||2|OK|1085000|2170000|0|0|0|0||0|0|0|0||| |0|0|| |-  -|0|180000|180000|180000|180000|180000|180000|180000|180000|180000|180000|180000|190000|0||0|||1|0|00
2026|01|528629|015|08|CD|6213|FAL|24|51|2|003|100| D|524111|039|A|0|0| |0||||2|Akomodasi|2|ORG|1|FREK|2|HR|0||4|OH|571000|2284000|0|0|0|0||0|0|0|0||| |0|0|| |-  -|0|190000|190000|190000|190000|190000|190000|190000|190000|190000|190000|190000|194000|0||0|||1|0|00
2026|01|528629|015|08|CD|6213|FAL|24|51|2|003|100| D|524111|039|A|0|0| |0||||3|Uang Harian|2|ORG|1|FREK|3|HR|0||6|OH|266500|1599000|0|0|0|0||0|0|0|0||| |0|0|| |-  -|0|133000|133000|133000|133000|133000|133000|133000|133000|133000|133000|133000|136000|0||0|||1|0|00
2026|01|528629|015|08|CD|6213|FAL|24|51|2|003|100| D|524113|039|A|0|0| |0||||1|Transport Lokal|2|ORG|1|FREK|0||0||2|OK|131500|263000|0|0|0|0||0|0|0|0||| |0|0|| |-  -|0|21000|21000|21000|21000|21000|21000|21000|21000|21000|21000|21000|32000|0||0|||1|0|00
2026|01|528629|015|08|CD|6213|FAL|24|51|2|003|100| E|521211|039|A|0|0| |0||||1|KDM  Konsumsi Makan Rapat|20|ORG|2|KEG|0||0||40|OK|42125|1685000|0|0|0|0||0|0|0|0||| |0|0|| |-  -|0|140000|140000|140000|140000|140000|140000|140000|140000|140000|140000|140000|145000|0||0|||1|0|00
2026|01|528629|015|08|CD|6213|FAL|24|51|2|003|100| E|521211|039|A|0|0| |0||||2|KDM  Konsumsi Snack Rapat|20|ORG|2|KEG|0||0||40|OK|17825|713000|0|0|0|0||0|0|0|0||| |0|0|| |-  -|0|59000|59000|59000|59000|59000|59000|59000|59000|59000|59000|59000|64000|0||0|||1|0|00
2026|01|528629|015|08|CD|6213|FAL|24|51|2|003|100| E|522151|039|A|0|0| |0||||1|Honor Narasumber (Ekonomi KemenkeuEksternal)|1|ORG|2|JAM|2|KEG|0||4|OJ|850000|3400000|0|0|0|0||0|0|0|0||| |0|0|| |-  -|0|283000|283000|283000|283000|283000|283000|283000|283000|283000|283000|283000|287000|0||0|||1|0|00
2026|01|528629|015|08|CD|6213|FAL|24|51|2|003|100| E|524113|039|A|0|0| |0||||1|Transport Lokal|2|ORG|2|FREK|0||0||4|OK|131750|527000|0|0|0|0||0|0|0|0||| |0|0|| |-  -|0|43000|43000|43000|43000|43000|43000|43000|43000|43000|43000|43000|54000|0||0|||1|0|00
2026|01|528629|015|08|CD|6213|FAL|24|51|2|003|100| F|521211|039|A|0|0| |0|01||1|1|Pelaksanaan Rakor serta Sosialisasi|0||0||0||0||0||0|0|0|0|0|0||0|0|0|0||| |0|0|| |-  -|0|0|0|0|0|0|0|0|0|0|0|0|0|0||0|||1|0|00
2026|01|528629|015|08|CD|6213|FAL|24|51|2|003|100| F|521211|039|A|0|0| |0|01|||2|KDM  Konsumsi Makan Peserta KPPN|6|KPPN|1|ORG|1|KEG|0||6|OK|42167|253000|0|0|0|0||0|0|0|0||| |0|0|| |-  -|0|21000|21000|21000|21000|21000|21000|21000|21000|21000|21000|21000|22000|0||0|||1|0|00
2026|01|528629|015|08|CD|6213|FAL|24|51|2|003|100| F|521211|039|A|0|0| |0|01|||3|KDM  Konsumsi Snack Peserta KPPN|6|KPPN|1|ORG|1|KEG|0||6|OK|17834|107000|0|0|0|0||0|0|0|0||| |0|0|| |-  -|0|8000|8000|8000|8000|8000|8000|8000|8000|8000|8000|8000|19000|0||0|||1|0|00
2026|01|528629|015|08|CD|6213|FAL|24|51|2|003|100| F|521211|039|A|0|0| |0|01|||4|KDM  Konsumsi Makan Panitia dan Narasumber|20|ORG|2|KEG|0||0||40|OK|42125|1685000|0|0|0|0||0|0|0|0||| |0|0|| |-  -|0|140000|140000|140000|140000|140000|140000|140000|140000|140000|140000|140000|145000|0||0|||1|0|00
2026|01|528629|015|08|CD|6213|FAL|24|51|2|003|100| F|521211|039|A|0|0| |0|01|||5|KDM  Konsumsi Snack Panitia dan Narasumber|20|ORG|2|KEG|0||0||40|OK|17825|713000|0|0|0|0||0|0|0|0||| |0|0|| |-  -|0|59000|59000|59000|59000|59000|59000|59000|59000|59000|59000|59000|64000|0||0|||1|0|00
2026|01|528629|015|08|CD|6213|FAL|24|51|2|003|100| F|521211|039|A|0|0| |0|01|||6|KDM  Konsumsi Makan Peserta Pemda|23|PEMDA|1|ORG|1|KEG|0||23|OK|42131|969000|0|0|0|0||0|0|0|0||| |0|0|| |-  -|0|80000|80000|80000|80000|80000|80000|80000|80000|80000|80000|80000|89000|0||0|||1|0|00
2026|01|528629|015|08|CD|6213|FAL|24|51|2|003|100| F|521211|039|A|0|0| |0|01|||7|KDM  Konsumsi Snack Peserta Pemda|23|PEMDA|1|ORG|1|KEG|0||23|OK|17827|410000|0|0|0|0||0|0|0|0||| |0|0|| |-  -|0|34000|34000|34000|34000|34000|34000|34000|34000|34000|34000|34000|36000|0||0|||1|0|00
2026|01|528629|015|08|CD|6213|FAL|24|51|2|003|100| F|521211|039|A|0|0| |0|01|||8|KDM  Konsumsi Makan Peserta KL Unit Terkait|5|ORG|1|KEG|0||0||5|PKT|42200|211000|0|0|0|0||0|0|0|0||| |0|0|| |-  -|0|17000|17000|17000|17000|17000|17000|17000|17000|17000|17000|17000|24000|0||0|||1|0|00
2026|01|528629|015|08|CD|6213|FAL|24|51|2|003|100| F|521211|039|A|0|0| |0|01|||9|KDM  Konsumsi Snack Peserta KL Unit Terkait|5|ORG|1|KEG|0||0||5|PKT|17800|89000|0|0|0|0||0|0|0|0||| |0|0|| |-  -|0|7000|7000|7000|7000|7000|7000|7000|7000|7000|7000|7000|12000|0||0|||1|0|00
2026|01|528629|015|08|CD|6213|FAL|24|51|2|003|100| F|522151|039|A|0|0| |0||||1|Honor Narasumber setara Pejabat Es.II (Ekonomi KemenkeuEksternal)|2|ORG|2|JAM|1|KEG|0||4|OJ|850000|3400000|0|0|0|0||0|0|0|0||| |0|0|| |-  -|0|283000|283000|283000|283000|283000|283000|283000|283000|283000|283000|283000|287000|0||0|||1|0|00
2026|01|528629|015|08|CD|6213|FAL|24|51|2|003|100| F|524111|039|A|0|0| |0||||1|Transport|5|KPPN|1|FREK|1|ORG|0||5|OK|1084800|5424000|0|0|0|0||0|0|0|0||| |0|0|| |-  -|0|452000|452000|452000|452000|452000|452000|452000|452000|452000|452000|452000|452000|0||0|||1|0|00
2026|01|528629|015|08|CD|6213|FAL|24|51|2|003|100| F|524111|039|A|0|0| |0||||2|Akomodasi|5|KPPN|1|FREK|1|HR|1|ORG|5|OH|571200|2856000|0|0|0|0||0|0|0|0||| |0|0|| |-  -|0|238000|238000|238000|238000|238000|238000|238000|238000|238000|238000|238000|238000|0||0|||1|0|00
2026|01|528629|015|08|CD|6213|FAL|24|51|2|003|100| F|524111|039|A|0|0| |0||||3|Uang Harian|5|KPPN|1|FREK|2|HR|1|ORG|10|OH|266600|2666000|0|0|0|0||0|0|0|0||| |0|0|| |-  -|0|222000|222000|222000|222000|222000|222000|222000|222000|222000|222000|222000|224000|0||0|||1|0|00
2026|01|528629|015|08|CD|6213|FAL|24|51|2|003|100| F|524113|039|A|0|0| |0||||1|Transport Lokal (Peserta KPPN)|1|KPPN|1|FREK|1|ORG|0||1|OK|132000|132000|0|0|0|0||0|0|0|0||| |0|0|| |-  -|0|11000|11000|11000|11000|11000|11000|11000|11000|11000|11000|11000|11000|0||0|||1|0|00
2026|01|528629|015|08|CD|6213|FAL|24|51|2|003|100| G|521211|039|A|0|0| |0||||1|KDM  Konsumsi Makan|20|ORG|1|KEG|0||0||20|OK|42100|842000|0|0|0|0||0|0|0|0||| |0|0|| |-  -|0|70000|70000|70000|70000|70000|70000|70000|70000|70000|70000|70000|72000|0||0|||1|0|00
2026|01|528629|015|08|CD|6213|FAL|24|51|2|003|100| G|521211|039|A|0|0| |0||||2|KDM  Konsumsi Snack|20|ORG|1|KEG|0||0||20|OK|17800|356000|0|0|0|0||0|0|0|0||| |0|0|| |-  -|0|29000|29000|29000|29000|29000|29000|29000|29000|29000|29000|29000|37000|0||0|||1|0|00
2026|01|528629|015|08|CD|6213|FAL|24|51|2|003|100| H|524111|039|A|0|0| |0|01||1|1|Perjalanan Dinas Pembinaan KPPNMonev ke Pemda|0||0||0||0||0||0|0|0|0|0|0||0|0|0|0||| |0|0|| |-  -|0|0|0|0|0|0|0|0|0|0|0|0|0|0||0|||1|0|00
2026|01|528629|015|08|CD|6213|FAL|24|51|2|003|100| H|524111|039|A|0|0| |0|01|||2|Transport|6|PEMDA|2|ORG|2|FREK|0||24|OK|1084875|26037000|0|0|0|0||0|0|0|0||| |0|0|| |-  -|0|2169000|2169000|2169000|2169000|2169000|2169000|2169000|2169000|2169000|2169000|2169000|2178000|0||0|||1|0|00
2026|01|528629|015|08|CD|6213|FAL|24|51|2|003|100| H|524111|039|A|0|0| |0|01|||3|Akomodasi|6|PEMDA|2|ORG|2|FREK|1|HR|24|OH|571084|13706000|0|0|0|0||0|0|0|0||| |0|0|| |-  -|0|1142000|1142000|1142000|1142000|1142000|1142000|1142000|1142000|1142000|1142000|1142000|1144000|0||0|||1|0|00
2026|01|528629|015|08|CD|6213|FAL|24|51|2|003|100| H|524111|039|A|0|0| |0|01|||4|Uang Harian|6|PEMDA|2|ORG|2|FREK|2|HR|48|OH|266563|12795000|0|0|0|0||0|0|0|0||| |0|0|| |-  -|0|1066000|1066000|1066000|1066000|1066000|1066000|1066000|1066000|1066000|1066000|1066000|1069000|0||0|||1|0|00
2026|01|528629|015|08|CD|6213|FAL|24|51|2|003|100| H|524113|039|A|0|0| |0||||1|Transport Lokal|2|ORG|2|FREK|2|HR|0||8|OK|131750|1054000|0|0|0|0||0|0|0|0||| |0|0|| |-  -|0|87000|87000|87000|87000|87000|87000|87000|87000|87000|87000|87000|97000|0||0|||1|0|00
2026|01|528629|015|08|CD|6215|FAH|24|51|2|003|100| A|524111|039|A|0|0| |0||||1|Transport|2|KPPN|2|ORG|1|FREK|0||4|OK|1109750|4439000|0|0|0|0||0|0|0|0||| |0|0|| |-  -|0|364313|364313|364313|364313|364313|364313|364313|364313|364313|364313|364313|431557|0||0|||1|0|00
2026|01|528629|015|08|CD|6215|FAH|24|51|2|003|100| A|524111|039|A|0|0| |0||||2|Akomodasi|2|KPPN|2|ORG|1|FREK|2|HR|8|OH|564875|4519000|0|0|0|0||0|0|0|0||| |0|0|| |-  -|0|370879|370879|370879|370879|370879|370879|370879|370879|370879|370879|370879|439331|0||0|||1|0|00
2026|01|528629|015|08|CD|6215|FAH|24|51|2|003|100| A|524111|039|A|0|0| |0||||3|Uang Harian|2|KPPN|2|ORG|1|FREK|3|HR|12|OH|262417|3149000|0|0|0|0||0|0|0|0||| |0|0|| |-  -|0|258442|258442|258442|258442|258442|258442|258442|258442|258442|258442|258442|306138|0||0|||1|0|00
2026|01|528629|015|08|CD|6215|FAH|24|51|2|003|100| A|524113|039|A|0|0| |0||||1|Transport Lokal|1|KPPN|2|ORG|1|FREK|0||2|OK|131500|263000|0|0|0|0||0|0|0|0||| |0|0|| |-  -|0|21585|21585|21585|21585|21585|21585|21585|21585|21585|21585|21585|25565|0||0|||1|0|00
2026|01|528629|015|08|CD|6215|FAH|24|51|2|003|100| B|521211|039|A|0|0| |0||||1|KDM  Konsumsi Makan Peserta KPPN|6|ORG|1|ORG|1|KEG|0||6|OK|42167|253000|0|0|0|0||0|0|0|0||| |0|0|| |-  -|0|20764|20764|20764|20764|20764|20764|20764|20764|20764|20764|20764|24596|0||0|||1|0|00
2026|01|528629|015|08|CD|6215|FAH|24|51|2|003|100| B|521211|039|A|0|0| |0||||2|KDM  Konsumsi Snack Peserta KPPN|6|ORG|1|ORG|1|KEG|0||6|OK|17834|107000|0|0|0|0||0|0|0|0||| |0|0|| |-  -|0|8782|8782|8782|8782|8782|8782|8782|8782|8782|8782|8782|10398|0||0|||1|0|00
2026|01|528629|015|08|CD|6215|FAH|24|51|2|003|100| B|521211|039|A|0|0| |0||||3|KDM  Konsumsi Makan Peserta Kanwil|9|ORG|1|KEG|0||0||9|OK|42112|379000|0|0|0|0||0|0|0|0||| |0|0|| |-  -|0|31105|31105|31105|31105|31105|31105|31105|31105|31105|31105|31105|36845|0||0|||1|0|00
2026|01|528629|015|08|CD|6215|FAH|24|51|2|003|100| B|521211|039|A|0|0| |0||||4|KDM  Konsumsi Snack Peserta Kanwil|9|ORG|1|KEG|0||0||9|OK|17778|160000|0|0|0|0||0|0|0|0||| |0|0|| |-  -|0|13130|13130|13130|13130|13130|13130|13130|13130|13130|13130|13130|15570|0||0|||1|0|00
2026|01|528629|015|08|CD|6215|FAH|24|51|2|001|100| A|524111|039|A|0|0| |0||||1|Transport|6|PEMDA|2|ORG|1|FREK|0||12|OK|1084834|13018000|0|0|0|0||0|0|0|0||| |0|0|| |-  -|0|1084000|1084000|1084000|1084000|1084000|1084000|1084000|1084000|1084000|1084000|1084000|1094000|0||0|||1|0|00
2026|01|528629|015|08|CD|6215|FAH|24|51|2|001|100| A|524111|039|A|0|0| |0||||2|Akomodasi|6|PEMDA|2|ORG|1|FREK|1|HR|12|OH|571084|6853000|0|0|0|0||0|0|0|0||| |0|0|| |-  -|0|571000|571000|571000|571000|571000|571000|571000|571000|571000|571000|571000|572000|0||0|||1|0|00
2026|01|528629|015|08|CD|6215|FAH|24|51|2|001|100| A|524111|039|A|0|0| |0||||3|Uang Harian|6|PEMDA|2|ORG|1|FREK|2|HR|24|OH|266584|6398000|0|0|0|0||0|0|0|0||| |0|0|| |-  -|0|533000|533000|533000|533000|533000|533000|533000|533000|533000|533000|533000|535000|0||0|||1|0|00
2026|01|528629|015|08|CD|6215|FAH|24|51|2|001|100| A|524113|039|A|0|0| |0||||1|Transport Lokal Koordinasi Data|2|ORG|1|FREK|0||0||2|OK|131500|263000|0|0|0|0||0|0|0|0||| |0|0|| |-  -|0|21000|21000|21000|21000|21000|21000|21000|21000|21000|21000|21000|32000|0||0|||1|0|00
2026|01|528629|015|08|CD|6215|FAH|24|51|2|001|100| B|521211|039|A|0|0| |0|01||1|1|Pelaksanaan Kearsipan dan Dokumentasi|0||0||0||0||0||0|0|0|0|0|0||0|0|0|0||| |0|0|| |-  -|0|0|0|0|0|0|0|0|0|0|0|0|0|0||0|||1|0|00
2026|01|528629|015|08|CD|6215|FAH|24|51|2|001|100| B|521211|039|A|0|0| |0|01|||2|CTK  DokumentasiPenggandaanLaminasi|1|THN|0||0||0||1|THN|810000|810000|0|0|0|0||0|0|0|0||| |0|0|| |-  -|0|67000|67000|67000|67000|67000|67000|67000|67000|67000|67000|67000|73000|0||0|||1|0|00
2026|01|528629|015|08|CD|6216|FAE|24|51|2|002|100| A|524111|039|A|0|0| |0||||1|Transport|1|ORG|1|FREK|0||0||1|OK|1150000|1150000|0|0|0|0||0|0|0|0||| |0|0|| |-  -|0|98912|98912|98912|98912|98912|98912|98912|98912|98912|98912|98912|61968|0||0|||1|0|00
2026|01|528629|015|08|CD|6216|FAE|24|51|2|002|100| A|524111|039|A|0|0| |0||||2|Akomodasi|1|ORG|1|FREK|2|HR|0||2|OH|446500|893000|0|0|0|0||0|0|0|0||| |0|0|| |-  -|0|76807|76807|76807|76807|76807|76807|76807|76807|76807|76807|76807|48123|0||0|||1|0|00
2026|01|528629|015|08|CD|6216|FAE|24|51|2|002|100| A|524111|039|A|0|0| |0||||3|Uang Harian|1|ORG|1|FREK|3|HR|0||3|OH|223334|670000|0|0|0|0||0|0|0|0||| |0|0|| |-  -|0|57627|57627|57627|57627|57627|57627|57627|57627|57627|57627|57627|36103|0||0|||1|0|00
2026|01|528629|015|08|CD|6216|FAE|24|51|2|002|100| A|524113|039|A|0|0| |0||||1|Transport Lokal|2|ORG|4|FREK|0||0||8|OK|131750|1054000|0|0|0|0||0|0|0|0||| |0|0|| |-  -|0|90654|90654|90654|90654|90654|90654|90654|90654|90654|90654|90654|56806|0||0|||1|0|00
2026|01|528629|015|08|WA|4715|EBA|24|51|2|001|100| A|521811|039|A|0|0| |0||||1|ATK dan Supplies Komputer|0||0||0||0||1|THN|14320000|14320000|0|0|0|0||0|0|0|0||| |0|0|| |-  -|0|1193000|1193000|1193000|1193000|1193000|1193000|1193000|1193000|1193000|1193000|1193000|1197000|0||0|||1|0|00
2026|01|528629|015|08|WA|4715|EBA|24|51|2|001|100| A|522151|039|A|0|0| |0||||1|Honor Rohaniawan dalam rangka Pelantikan|3|ORG|2|KEG|0||0||6|OJ|340000|2040000|0|0|0|0||0|0|0|0||| |0|0|| |-  -|0|170000|170000|170000|170000|170000|170000|170000|170000|170000|170000|170000|170000|0||0|||1|0|00
2026|01|528629|015|08|WA|4715|EBA|24|51|2|001|100| B|522151|039|A|0|0| |0||||1|Honor Narasumber (Dinas PU)|2|ORG|1|JAM|0||0||2|OJ|765000|1530000|0|0|0|0||0|0|0|0||| |0|0|| |-  -|0|127000|127000|127000|127000|127000|127000|127000|127000|127000|127000|127000|133000|0||0|||1|0|00
2026|01|528629|015|08|WA|4715|EBA|24|51|2|001|100| B|524113|039|A|0|0| |0||||1|Transport Penilai|2|ORG|1|FREK|1|HR|0||2|OK|131500|263000|0|0|0|0||0|0|0|0||| |0|0|| |-  -|0|21000|21000|21000|21000|21000|21000|21000|21000|21000|21000|21000|32000|0||0|||1|0|00
2026|01|528629|015|08|WA|4715|EBA|24|51|2|994|002| A|521111|039|A|0|0| |0||||1|Honor Dokter|1|ORG|12|BLN|0||0||12|OB|625000|7500000|0|0|0|0||0|0|0|0||| |0|0|| |-  -|0|625000|625000|625000|625000|625000|625000|625000|625000|625000|625000|625000|625000|0||0|||1|0|00
2026|01|528629|015|08|WA|4715|EBA|24|51|2|994|002| A|521111|039|A|0|0| |0||||2|Keperluan seharihari perkantoran|43|ORG|1|THN|0||0||43|PEG|1520000|65360000|0|0|0|0||0|0|0|0||| |0|0|| |-  -|0|5446000|5446000|5446000|5446000|5446000|5446000|5446000|5446000|5446000|5446000|5446000|5454000|0||0|||1|0|00
2026|01|528629|015|08|WA|4715|EBA|24|51|2|994|002| A|521111|039|A|0|0| |0||||3|Uang Lembur PPNPN|9|ORG|2|JAM|60|HR|0||1080|OJ|13000|14040000|0|0|0|0||0|0|0|0||| |0|0|| |-  -|0|1170000|1170000|1170000|1170000|1170000|1170000|1170000|1170000|1170000|1170000|1170000|1170000|0||0|||1|0|00
2026|01|528629|015|08|WA|4715|EBA|24|51|2|994|002| A|521111|039|A|0|0| |0||||4|Honor Pengemudi|2|ORG|13|BLN|0||0||26|OB|2716000|70616000|0|0|0|0||0|0|0|0||| |0|0|| |-  -|0|5884000|5884000|5884000|5884000|5884000|5884000|5884000|5884000|5884000|5884000|5884000|5892000|0||0|||1|0|00
2026|01|528629|015|08|WA|4715|EBA|24|51|2|994|002| A|521111|039|A|0|0| |0||||5|Honor Satpam|5|ORG|13|BLN|0||0||65|OB|2716000|176540000|0|0|0|0||0|0|0|0||| |0|0|| |-  -|0|14711000|14711000|14711000|14711000|14711000|14711000|14711000|14711000|14711000|14711000|14711000|14719000|0||0|||1|0|00
2026|01|528629|015|08|WA|4715|EBA|24|51|2|994|002| A|521111|039|A|0|0| |0||||6|Honor Pramubhakti|2|ORG|13|BLN|0||0||26|OB|2469000|64194000|0|0|0|0||0|0|0|0||| |0|0|| |-  -|0|5349000|5349000|5349000|5349000|5349000|5349000|5349000|5349000|5349000|5349000|5349000|5355000|0||0|||1|0|00
2026|01|528629|015|08|WA|4715|EBA|24|51|2|994|002| A|521111|039|A|0|0| |0||||7|Uang Makan Lembur PPNPN|9|ORG|60|HR|0||0||540|OH|30000|16200000|0|0|0|0||0|0|0|0||| |0|0|| |-  -|0|1350000|1350000|1350000|1350000|1350000|1350000|1350000|1350000|1350000|1350000|1350000|1350000|0||0|||1|0|00
2026|01|528629|015|08|WA|4715|EBA|24|51|2|994|002| A|521119|039|A|0|0| |0||||1|Peningkatan Kebugaran|1|ORG|12|BLN|0||0||12|OB|227000|2724000|0|0|0|0||0|0|0|0||| |0|0|| |-  -|0|227000|227000|227000|227000|227000|227000|227000|227000|227000|227000|227000|227000|0||0|||1|0|00
2026|01|528629|015|08|WA|4715|EBA|24|51|2|994|002| A|521811|039|A|0|0| |0||||1|Obatobatan|43|PEG|0||0||0||43|PEG|200000|8600000|0|0|0|0||0|0|0|0||| |0|0|| |-  -|0|716000|716000|716000|716000|716000|716000|716000|716000|716000|716000|716000|724000|0||0|||1|0|00
2026|01|528629|015|08|WA|4715|EBA|24|51|2|994|002| B|521114|039|A|0|0| |0||||1|PosPengepakanPengirimanPengangkutan|1|THN|0||0||0||1|THN|4645000|4645000|0|0|0|0||0|0|0|0||| |0|0|| |-  -|0|387000|387000|387000|387000|387000|387000|387000|387000|387000|387000|387000|388000|0||0|||1|0|00
2026|01|528629|015|08|WA|4715|EBA|24|51|2|994|002| B|522111|039|A|0|0| |0||||1|Langganan Listrik|1|THN|0||0||0||1|THN|8895000|8895000|0|0|0|0||0|0|0|0||| |0|0|| |-  -|0|741000|741000|741000|741000|741000|741000|741000|741000|741000|741000|741000|744000|0||0|||1|0|00
2026|01|528629|015|08|WA|4715|EBA|24|51|2|994|002| B|522112|039|A|0|0| |0||||1|Langganan Telepon|1|THN|0||0||0||1|THN|2035000|2035000|0|0|0|0||0|0|0|0||| |0|0|| |-  -|0|169000|169000|169000|169000|169000|169000|169000|169000|169000|169000|169000|176000|0||0|||1|0|00
2026|01|528629|015|08|WA|4715|EBA|24|51|2|994|002| B|522113|039|A|0|0| |0||||1|Langganan Air|0||0||0||0||1|THN|546000|546000|0|0|0|0||0|0|0|0||| |0|0|| |-  -|0|45000|45000|45000|45000|45000|45000|45000|45000|45000|45000|45000|51000|0||0|||1|0|00
2026|01|528629|015|08|WA|4715|EBA|24|51|2|994|002| C|521115|039|A|0|0| |0|01||1|1|Honor Output Kegiatan|0||0||0||0||0||0|0|0|0|0|0||0|0|0|0||| |0|0|| |-  -|0|0|0|0|0|0|0|0|0|0|0|0|0|0||0|||1|0|00
2026|01|528629|015|08|WA|4715|EBA|24|51|2|994|002| C|521115|039|A|0|0| |0|03|||10|KPA|1|ORG|12|BLN|0||0||12|OB|1180000|14160000|0|0|0|0||0|0|0|0||| |0|0|| |-  -|0|1180000|1180000|1180000|1180000|1180000|1180000|1180000|1180000|1180000|1180000|1180000|1180000|0||0|||1|0|00
2026|01|528629|015|08|WA|4715|EBA|24|51|2|994|002| C|521115|039|A|0|0| |0|03|||11|PPK|1|ORG|12|BLN|0||0||12|OB|1150000|13800000|0|0|0|0||0|0|0|0||| |0|0|| |-  -|0|1150000|1150000|1150000|1150000|1150000|1150000|1150000|1150000|1150000|1150000|1150000|1150000|0||0|||1|0|00
2026|01|528629|015|08|WA|4715|EBA|24|51|2|994|002| C|521115|039|A|0|0| |0|03|||12|PPSPM|1|ORG|12|BLN|0||0||12|OB|470000|5640000|0|0|0|0||0|0|0|0||| |0|0|| |-  -|0|470000|470000|470000|470000|470000|470000|470000|470000|470000|470000|470000|470000|0||0|||1|0|00
2026|01|528629|015|08|WA|4715|EBA|24|51|2|994|002| C|521115|039|A|0|0| |0|03|||13|Bendahara|1|ORG|12|BLN|0||0||12|OB|410000|4920000|0|0|0|0||0|0|0|0||| |0|0|| |-  -|0|410000|410000|410000|410000|410000|410000|410000|410000|410000|410000|410000|410000|0||0|||1|0|00
2026|01|528629|015|08|WA|4715|EBA|24|51|2|994|002| C|521115|039|A|0|0| |0|03|||14|Staf Pengelola Keuangan|2|ORG|12|BLN|0||0||24|OB|300000|7200000|0|0|0|0||0|0|0|0||| |0|0|| |-  -|0|600000|600000|600000|600000|600000|600000|600000|600000|600000|600000|600000|600000|0||0|||1|0|00
2026|01|528629|015|08|WA|4715|EBA|24|51|2|994|002| C|521115|039|A|0|0| |0|01|||2|Honor Pejabat PBJ|1|ORG|12|BLN|0||0||12|OB|680000|8160000|0|0|0|0||0|0|0|0||| |0|0|| |-  -|0|680000|680000|680000|680000|680000|680000|680000|680000|680000|680000|680000|680000|0||0|||1|0|00
2026|01|528629|015|08|WA|4715|EBA|24|51|2|994|002| C|521115|039|A|0|0| |0|01|||3|Honor Penyimpan dan Pengurus BMN|1|ORG|12|BLN|0||0||12|OB|180000|2160000|0|0|0|0||0|0|0|0||| |0|0|| |-  -|0|180000|180000|180000|180000|180000|180000|180000|180000|180000|180000|180000|180000|0||0|||1|0|00
2026|01|528629|015|08|WA|4715|EBA|24|51|2|994|002| C|521115|039|A|0|0| |0|02||1|4|Honor Tim SAI|0||0||0||0||0||0|0|0|0|0|0||0|0|0|0||| |0|0|| |-  -|0|0|0|0|0|0|0|0|0|0|0|0|0|0||0|||1|0|00
2026|01|528629|015|08|WA|4715|EBA|24|51|2|994|002| C|521115|039|A|0|0| |0|02|||5|Penanggung jawab|1|ORG|12|BLN|0||0||12|OB|200000|2400000|0|0|0|0||0|0|0|0||| |0|0|| |-  -|0|200000|200000|200000|200000|200000|200000|200000|200000|200000|200000|200000|200000|0||0|||1|0|00
2026|01|528629|015|08|WA|4715|EBA|24|51|2|994|002| C|521115|039|A|0|0| |0|02|||6|Koordinator|1|ORG|12|BLN|0||0||12|OB|200000|2400000|0|0|0|0||0|0|0|0||| |0|0|| |-  -|0|200000|200000|200000|200000|200000|200000|200000|200000|200000|200000|200000|200000|0||0|||1|0|00
2026|01|528629|015|08|WA|4715|EBA|24|51|2|994|002| C|521115|039|A|0|0| |0|02|||7|Ketuawakil ketua|1|ORG|12|BLN|0||0||12|OB|150000|1800000|0|0|0|0||0|0|0|0||| |0|0|| |-  -|0|150000|150000|150000|150000|150000|150000|150000|150000|150000|150000|150000|150000|0||0|||1|0|00
2026|01|528629|015|08|WA|4715|EBA|24|51|2|994|002| C|521115|039|A|0|0| |0|02|||8|AnggotaPetugas|1|ORG|12|BLN|0||0||12|OB|150000|1800000|0|0|0|0||0|0|0|0||| |0|0|| |-  -|0|150000|150000|150000|150000|150000|150000|150000|150000|150000|150000|150000|150000|0||0|||1|0|00
2026|01|528629|015|08|WA|4715|EBA|24|51|2|994|002| C|521115|039|A|0|0| |0|03||1|9|Honor Pengelola Keuangan|0||0||0||0||0||0|0|0|0|0|0||0|0|0|0||| |0|0|| |-  -|0|0|0|0|0|0|0|0|0|0|0|0|0|0||0|||1|0|00
2026|01|528629|015|08|WA|4715|EBA|24|51|2|994|002| C|521119|039|A|0|0| |0|01||1|1|Pengadaan Seragam|0||0||0||0||0||0|0|0|0|0|0||0|0|0|0||| |0|0|| |-  -|0|0|0|0|0|0|0|0|0|0|0|0|0|0||0|||1|0|00
2026|01|528629|015|08|WA|4715|EBA|24|51|2|994|002| C|521119|039|A|0|0| |0|01|||2|Seragam Pegawai|43|PEG|1|STEL|0||0||43|STEL|673814|28974000|0|0|0|0||0|0|0|0||| |0|0|| |-  -|0|2414000|2414000|2414000|2414000|2414000|2414000|2414000|2414000|2414000|2414000|2414000|2420000|0||0|||1|0|00
2026|01|528629|015|08|WA|4715|EBA|24|51|2|994|002| C|521119|039|A|0|0| |0|01|||3|Seragam Satpam|5|ORG|1|STEL|0||0||5|STEL|2139400|10697000|0|0|0|0||0|0|0|0||| |0|0|| |-  -|0|891000|891000|891000|891000|891000|891000|891000|891000|891000|891000|891000|896000|0||0|||1|0|00
2026|01|528629|015|08|WA|4715|EBA|24|51|2|994|002| C|521119|039|A|0|0| |0|01|||4|Seragam Pengemudi|2|ORG|1|STEL|0||0||2|STEL|605500|1211000|0|0|0|0||0|0|0|0||| |0|0|| |-  -|0|100000|100000|100000|100000|100000|100000|100000|100000|100000|100000|100000|111000|0||0|||1|0|00
2026|01|528629|015|08|WA|4715|EBA|24|51|2|994|002| C|521119|039|A|0|0| |0|01|||5|Seragam Pramubhakti|2|ORG|1|STEL|0||0||2|STEL|605500|1211000|0|0|0|0||0|0|0|0||| |0|0|| |-  -|0|100000|100000|100000|100000|100000|100000|100000|100000|100000|100000|100000|111000|0||0|||1|0|00
2026|01|528629|015|08|WA|4715|EBA|24|51|2|994|002| D|523121|039|A|0|0| |0||||1|Mesin Fotocopy|1|UNIT|0||0||0||1|Unit|958000|958000|0|0|0|0||0|0|0|0||| |0|0|| |-  -|0|79000|79000|79000|79000|79000|79000|79000|79000|79000|79000|79000|89000|0||0|||1|0|00
2026|01|528629|015|08|WA|4715|EBA|24|51|2|994|002| D|523121|039|A|0|0| |0||||2|AC SentralWindowSplitCassette|6|Unit|0||0||0||6|Unit|479167|2875000|0|0|0|0||0|0|0|0||| |0|0|| |-  -|0|239000|239000|239000|239000|239000|239000|239000|239000|239000|239000|239000|246000|0||0|||1|0|00
2026|01|528629|015|08|WA|4715|EBA|24|51|2|994|002| D|523121|039|A|0|0| |0||||3|Inventaris Kantor|43|PEG|0||0||0||43|PEG|76652|3296000|0|0|0|0||0|0|0|0||| |0|0|| |-  -|0|274000|274000|274000|274000|274000|274000|274000|274000|274000|274000|274000|282000|0||0|||1|0|00
2026|01|528629|015|08|WA|4715|EBA|24|51|2|994|002| D|523121|039|A|0|0| |0|01||1|4|Pemeliharaan Kendaraan Dinas Roda 4|0||0||0||0||0||0|0|0|0|0|0||0|0|0|0||| |0|0|| |-  -|0|0|0|0|0|0|0|0|0|0|0|0|0|0||0|||1|0|00
2026|01|528629|015|08|WA|4715|EBA|24|51|2|994|002| D|523121|039|A|0|0| |0|01|||5|Mini Bus (Penumpang 14 Orang Ke Bawah)|1|Unit|0||0||0||1|Unit|29720000|29720000|0|0|0|0||0|0|0|0||| |0|0|| |-  -|0|2476000|2476000|2476000|2476000|2476000|2476000|2476000|2476000|2476000|2476000|2476000|2484000|0||0|||1|0|00
2026|01|528629|015|08|WA|4715|EBA|24|51|2|994|002| G|523111|039|A|0|0| |0|01||1|1|Pemeliharaan Gedung dan Bangunan|0||0||0||0||0||0|0|0|0|0|0||0|0|0|0||| |0|0|| |-  -|0|0|0|0|0|0|0|0|0|0|0|0|0|0||0|||1|0|00
2026|01|528629|015|08|WA|4715|EBA|24|51|2|994|002| G|523111|039|A|0|0| |0|01|||2|Bangunan Gedung Kantor Permanen|400|M2|0||0||0||400|M2|68983|27593000|0|0|0|0||0|0|0|0||| |0|0|| |-  -|0|2299000|2299000|2299000|2299000|2299000|2299000|2299000|2299000|2299000|2299000|2299000|2304000|0||0|||1|0|00
2026|01|528629|015|08|WA|4715|EBA|24|51|2|994|002| G|523111|039|A|0|0| |0|02||1|3|Pemeliharaan Halaman Kantor|0||0||0||0||0||0|0|0|0|0|0||0|0|0|0||| |0|0|| |-  -|0|0|0|0|0|0|0|0|0|0|0|0|0|0||0|||1|0|00
2026|01|528629|015|08|WA|4715|EBA|24|51|2|994|002| G|523111|039|A|0|0| |0|02|||4|Tanah Bangunan Kantor Pemerintah|10052|M2|0||0||0||10052|M2|7666|77058000|0|0|0|0||0|0|0|0||| |0|0|| |-  -|0|6421000|6421000|6421000|6421000|6421000|6421000|6421000|6421000|6421000|6421000|6421000|6427000|0||0|||1|0|00
2026|01|528629|015|08|WA|4715|EBA|24|51|2|994|002|TJ|523121|039|A|0|0| |0||||1|PCLaptop|43|Unit|0||0||0||43|Unit|479094|20601000|0|0|0|0||0|0|0|0||| |0|0|| |-  -|0|1716000|1716000|1716000|1716000|1716000|1716000|1716000|1716000|1716000|1716000|1716000|1725000|0||0|||1|0|00
2026|01|528629|015|08|WA|4715|EBA|24|51|2|994|002|TJ|523121|039|A|0|0| |0||||2|Printer|22|Unit|0||0||0||22|Unit|661137|14545000|0|0|0|0||0|0|0|0||| |0|0|| |-  -|0|1212000|1212000|1212000|1212000|1212000|1212000|1212000|1212000|1212000|1212000|1212000|1213000|0||0|||1|0|00
2026|01|528629|015|08|WA|4715|EBA|24|51|2|994|002|TJ|523121|039|A|0|0| |0||||3|UPS10KVA|0||0||0||0||6|Unit|191667|1150000|0|0|0|0||0|0|0|0||| |0|0|| |-  -|0|95000|95000|95000|95000|95000|95000|95000|95000|95000|95000|95000|105000|0||0|||1|0|00
2026|01|528629|015|08|WA|4715|EBA|24|51|2|002|100| A|524111|039|A|0|0| |0|01||1|1|KoordinasiPembinaanRapatKonsultasi|0||0||0||0||0||0|0|0|0|0|0||0|0|0|0||| |0|0|| |-  -|0|0|0|0|0|0|0|0|0|0|0|0|0|0||0|||1|0|00
2026|01|528629|015|08|WA|4715|EBA|24|51|2|002|100| A|524111|039|A|0|0| |0|01|||2|Transport|3|KPPN|2|ORG|1|FREK|0||6|OK|1084834|6509000|0|0|0|0||0|0|0|0||| |0|0|| |-  -|0|542000|542000|542000|542000|542000|542000|542000|542000|542000|542000|542000|547000|0||0|||1|0|00
2026|01|528629|015|08|WA|4715|EBA|24|51|2|002|100| A|524111|039|A|0|0| |0|01|||3|Akomodasi|3|KPPN|2|ORG|1|FREK|2|HR|12|OH|571084|6853000|0|0|0|0||0|0|0|0||| |0|0|| |-  -|0|571000|571000|571000|571000|571000|571000|571000|571000|571000|571000|571000|572000|0||0|||1|0|00
2026|01|528629|015|08|WA|4715|EBA|24|51|2|002|100| A|524111|039|A|0|0| |0|01|||4|Uang Harian|3|KPPN|2|ORG|1|FREK|3|HR|18|OH|266566|4798000|0|0|0|0||0|0|0|0||| |0|0|| |-  -|0|399000|399000|399000|399000|399000|399000|399000|399000|399000|399000|399000|409000|0||0|||1|0|00
2026|01|528629|015|08|WA|4715|EBA|24|51|2|002|100| A|524111|039|A|0|0| |0|02||1|5|Konsultasi ke Pusat|0||0||0||0||0||0|0|0|0|0|0||0|0|0|0||| |0|0|| |-  -|0|0|0|0|0|0|0|0|0|0|0|0|0|0||0|||1|0|00
2026|01|528629|015|08|WA|4715|EBA|24|51|2|002|100| A|524111|039|A|0|0| |0|02|||6|Transport|2|ORG|2|FREK|0||0||4|OK|4529250|18117000|0|0|0|0||0|0|0|0||| |0|0|| |-  -|0|1509000|1509000|1509000|1509000|1509000|1509000|1509000|1509000|1509000|1509000|1509000|1518000|0||0|||1|0|00
2026|01|528629|015|08|WA|4715|EBA|24|51|2|002|100| A|524111|039|A|0|0| |0|02|||7|Akomodasi|2|ORG|2|FREK|2|HR|0||8|OH|565625|4525000|0|0|0|0||0|0|0|0||| |0|0|| |-  -|0|377000|377000|377000|377000|377000|377000|377000|377000|377000|377000|377000|378000|0||0|||1|0|00
2026|01|528629|015|08|WA|4715|EBA|24|51|2|002|100| A|524111|039|A|0|0| |0|02|||8|Uang Harian|2|ORG|2|FREK|3|HR|0||12|OH|328584|3943000|0|0|0|0||0|0|0|0||| |0|0|| |-  -|0|328000|328000|328000|328000|328000|328000|328000|328000|328000|328000|328000|335000|0||0|||1|0|00
2026|01|528629|015|08|WA|4715|EBA|24|51|2|002|100| A|524113|039|A|0|0| |0||||1|Transport Lokal dalam rangka Koordinasi|2|ORG|12|FREK|0||0||24|OK|131750|3162000|0|0|0|0||0|0|0|0||| |0|0|| |-  -|0|263000|263000|263000|263000|263000|263000|263000|263000|263000|263000|263000|269000|0||0|||1|0|00
2026|01|528629|015|08|WA|4715|EBD|24|51|2|Z36|100| A|521211|039|A|0|0| |0|01||1|1|Rakor Penyusunan Pengelolaan Kinerja dan DKO (Cross Program)|0||0||0||0||0||0|0|0|0|0|0||0|0|0|0||| |0|0|| |-  -|0|0|0|0|0|0|0|0|0|0|0|0|0|0||0|||1|0|00
2026|01|528629|015|08|WA|4715|EBD|24|51|2|Z36|100| A|521211|039|A|0|0| |0|01|||2|KDM  Konsumsi Makan Peserta KPPN|6|KPPN|1|ORG|1|KEG|1|HR|6|OK|42167|253000|0|0|0|0||0|0|0|0||| |0|0|| |-  -|0|21000|21000|21000|21000|21000|21000|21000|21000|21000|21000|21000|22000|0||0|||1|0|00
2026|01|528629|015|08|WA|4715|EBD|24|51|2|Z36|100| A|521211|039|A|0|0| |0|01|||3|KDM  Konsumsi Snack Peserta KPPN|6|KPPN|1|ORG|1|KEG|1|HR|6|OK|17834|107000|0|0|0|0||0|0|0|0||| |0|0|| |-  -|0|8000|8000|8000|8000|8000|8000|8000|8000|8000|8000|8000|19000|0||0|||1|0|00
2026|01|528629|015|08|WA|4715|EBD|24|51|2|Z36|100| A|521211|039|A|0|0| |0|01|||4|KDM  Konsumsi Makan Peserta Kanwil|10|ORG|1|KEG|1|HR|0||10|OK|42100|421000|0|0|0|0||0|0|0|0||| |0|0|| |-  -|0|35000|35000|35000|35000|35000|35000|35000|35000|35000|35000|35000|36000|0||0|||1|0|00
2026|01|528629|015|08|WA|4715|EBD|24|51|2|Z36|100| A|521211|039|A|0|0| |0|01|||5|KDM  Konsumsi Snack Peserta Kanwil|10|ORG|1|KEG|1|HR|0||10|OK|17800|178000|0|0|0|0||0|0|0|0||| |0|0|| |-  -|0|14000|14000|14000|14000|14000|14000|14000|14000|14000|14000|14000|24000|0||0|||1|0|00
2026|01|528629|015|08|WA|4715|EBD|24|51|2|Z36|100| A|521211|039|A|0|0| |0|01|||6|CTK  Pengelolaan Kinerja, DAMS dan ABK|0||0||0||0||12|BLN|405000|4860000|0|0|0|0||0|0|0|0||| |0|0|| |-  -|0|405000|405000|405000|405000|405000|405000|405000|405000|405000|405000|405000|405000|0||0|||1|0|00
2026|01|528629|015|08|WA|4715|EBD|24|51|2|Z26|100| A|521211|039|A|0|0| |0||||1|KDM  Konsumsi Makan Peserta KPPN|6|KPPN|2|ORG|1|KEG|2|HR|24|OK|42125|1011000|0|0|0|0||0|0|0|0||| |0|0|| |-  -|0|84000|84000|84000|84000|84000|84000|84000|84000|84000|84000|84000|87000|0||0|||1|0|00
2026|01|528629|015|08|WA|4715|EBD|24|51|2|Z26|100| A|521211|039|A|0|0| |0||||2|KDM  Konsumsi Snack Peserta KPPN|6|KPPN|2|ORG|1|KEG|2|HR|24|OK|17834|428000|0|0|0|0||0|0|0|0||| |0|0|| |-  -|0|35000|35000|35000|35000|35000|35000|35000|35000|35000|35000|35000|43000|0||0|||1|0|00
2026|01|528629|015|08|WA|4715|EBD|24|51|2|Z26|100| A|521211|039|A|0|0| |0||||3|KDM  Konsumsi Makan Peserta Kanwil|10|ORG|1|KEG|2|HR|0||20|OK|42100|842000|0|0|0|0||0|0|0|0||| |0|0|| |-  -|0|70000|70000|70000|70000|70000|70000|70000|70000|70000|70000|70000|72000|0||0|||1|0|00
2026|01|528629|015|08|WA|4715|EBD|24|51|2|Z26|100| A|521211|039|A|0|0| |0||||4|KDM  Konsumsi Snack Peserta Kanwil|10|ORG|1|KEG|2|HR|0||20|OK|17800|356000|0|0|0|0||0|0|0|0||| |0|0|| |-  -|0|29000|29000|29000|29000|29000|29000|29000|29000|29000|29000|29000|37000|0||0|||1|0|00
2026|01|528629|015|08|WA|4715|EBD|24|51|2|Z26|100| A|524111|039|A|0|0| |0||||1|Transport|5|KPPN|2|ORG|1|FREK|0||10|OK|1084900|10849000|0|0|0|0||0|0|0|0||| |0|0|| |-  -|0|904000|904000|904000|904000|904000|904000|904000|904000|904000|904000|904000|905000|0||0|||1|0|00
2026|01|528629|015|08|WA|4715|EBD|24|51|2|Z26|100| A|524111|039|A|0|0| |0||||2|Akomodasi|5|KPPN|2|ORG|1|FREK|2|HR|20|OH|571100|11422000|0|0|0|0||0|0|0|0||| |0|0|| |-  -|0|951000|951000|951000|951000|951000|951000|951000|951000|951000|951000|951000|961000|0||0|||1|0|00
2026|01|528629|015|08|WA|4715|EBD|24|51|2|Z26|100| A|524111|039|A|0|0| |0||||3|Uang Harian|5|KPPN|2|ORG|1|FREK|3|HR|30|OH|266567|7997000|0|0|0|0||0|0|0|0||| |0|0|| |-  -|0|666000|666000|666000|666000|666000|666000|666000|666000|666000|666000|666000|671000|0||0|||1|0|00
2026|01|528629|015|08|WA|4715|EBD|24|51|2|Z26|100| A|524113|039|A|0|0| |0||||1|Transport Lokal|1|KPPN|2|ORG|1|FREK|0||2|OK|131500|263000|0|0|0|0||0|0|0|0||| |0|0|| |-  -|0|21000|21000|21000|21000|21000|21000|21000|21000|21000|21000|21000|32000|0||0|||1|0|00
2026|01|528629|015|08|WA|4718|BMB|24|51|2|002|100| A|521211|039|A|0|0| |0||||1|KDM  Konsumsi Makan Peserta Press Conference|20|ORG|12|BLN|0||0||240|OK|42121|10109000|0|0|0|0||0|0|0|0||| |0|0|| |-  -|0|842000|842000|842000|842000|842000|842000|842000|842000|842000|842000|842000|847000|0||0|||1|0|00
2026|01|528629|015|08|WA|4718|BMB|24|51|2|002|100| A|521211|039|A|0|0| |0||||2|KDM  Konsumsi Snack Peserta Press Conference|20|ORG|12|BLN|0||0||240|OK|17821|4277000|0|0|0|0||0|0|0|0||| |0|0|| |-  -|0|356000|356000|356000|356000|356000|356000|356000|356000|356000|356000|356000|361000|0||0|||1|0|00
2026|01|528629|015|08|WA|4718|BMB|24|51|2|002|100| A|521211|039|A|0|0| |0||||3|CTK  SpandukBanner|12|BLN|1|PKT|0||0||12|PKT|405000|4860000|0|0|0|0||0|0|0|0||| |0|0|| |-  -|0|405000|405000|405000|405000|405000|405000|405000|405000|405000|405000|405000|405000|0||0|||1|0|00
2026|01|528629|015|08|WA|4718|BMB|24|51|2|002|100| A|521219|039|A|0|0| |0||||1|Advertorial APBN Kita|4|FREK|1|PKT|0||0||4|PKT|1170000|4680000|0|0|0|0||0|0|0|0||| |0|0|| |-  -|0|390000|390000|390000|390000|390000|390000|390000|390000|390000|390000|390000|390000|0||0|||1|0|00
2026|01|528629|015|08|WA|4718|BMB|24|51|2|001|100| A|521211|039|A|0|0| |0||||1|KDM  Konsumsi Makan Peserta|50|ORG|2|KEG|0||0||100|OK|42120|4212000|0|0|0|0||0|0|0|0||| |0|0|| |-  -|0|351000|351000|351000|351000|351000|351000|351000|351000|351000|351000|351000|351000|0||0|||1|0|00
2026|01|528629|015|08|WA|4718|BMB|24|51|2|001|100| A|521211|039|A|0|0| |0||||2|KDM  Konsumsi Snack Peserta|50|ORG|2|KEG|0||0||100|OK|17820|1782000|0|0|0|0||0|0|0|0||| |0|0|| |-  -|0|148000|148000|148000|148000|148000|148000|148000|148000|148000|148000|148000|154000|0||0|||1|0|00
2026|01|528629|015|08|WA|4719|EBA|24|51|2|003|100| A|524111|039|A|0|0| |0||||1|Transport|5|KPPN|4|ORG|1|FREK|0||20|OK|1084850|21697000|0|0|0|0||0|0|0|0||| |0|0|| |-  -|0|1808000|1808000|1808000|1808000|1808000|1808000|1808000|1808000|1808000|1808000|1808000|1809000|0||0|||1|0|00
2026|01|528629|015|08|WA|4719|EBA|24|51|2|003|100| A|524111|039|A|0|0| |0||||2|Akomodasi|5|KPPN|4|ORG|1|FREK|4|HR|80|OH|571100|45688000|0|0|0|0||0|0|0|0||| |0|0|| |-  -|0|3807000|3807000|3807000|3807000|3807000|3807000|3807000|3807000|3807000|3807000|3807000|3811000|0||0|||1|0|00
2026|01|528629|015|08|WA|4719|EBA|24|51|2|003|100| A|524111|039|A|0|0| |0||||3|Uang Harian|5|KPPN|4|ORG|1|FREK|5|HR|100|OH|266570|26657000|0|0|0|0||0|0|0|0||| |0|0|| |-  -|0|2221000|2221000|2221000|2221000|2221000|2221000|2221000|2221000|2221000|2221000|2221000|2226000|0||0|||1|0|00
2026|01|528629|015|08|WA|4719|EBA|24|51|2|003|100| A|524113|039|A|0|0| |0||||1|Transport Lokal|1|KPPN|4|ORG|1|FREK|4|HR|16|OK|131750|2108000|0|0|0|0||0|0|0|0||| |0|0|| |-  -|0|175000|175000|175000|175000|175000|175000|175000|175000|175000|175000|175000|183000|0||0|||1|0|00
2026|01|528629|015|08|WA|4719|EBA|24|51|2|003|100| A|524113|039|A|0|0| |0||||2|Uang Harian Dalam Kota Lebih dari 8 Jam|1|KPPN|4|ORG|1|FREK|4|HR|16|OK|105375|1686000|0|0|0|0||0|0|0|0||| |0|0|| |-  -|0|140000|140000|140000|140000|140000|140000|140000|140000|140000|140000|140000|146000|0||0|||1|0|00
2026|01|528629|015|08|WA|4719|EBA|24|51|2|003|100| B|521211|039|A|0|0| |0|01||1|1|Koordinasi Kanwil Dalam Rangka WBKWBBMKWTKPT (Cross Program)|0||0||0||0||0||0|0|0|0|0|0||0|0|0|0||| |0|0|| |-  -|0|0|0|0|0|0|0|0|0|0|0|0|0|0||0|||1|0|00
2026|01|528629|015|08|WA|4719|EBA|24|51|2|003|100| B|521211|039|A|0|0| |0|01|||2|KDM  Konsumsi Makan Peserta KPPN|6|KPPN|2|ORG|2|KEG|0||24|OK|42125|1011000|0|0|0|0||0|0|0|0||| |0|0|| |-  -|0|84000|84000|84000|84000|84000|84000|84000|84000|84000|84000|84000|87000|0||0|||1|0|00
2026|01|528629|015|08|WA|4719|EBA|24|51|2|003|100| B|521211|039|A|0|0| |0|01|||3|KDM  Konsumsi Snack Peserta KPPN|6|KPPN|2|ORG|2|KEG|0||24|OK|17834|428000|0|0|0|0||0|0|0|0||| |0|0|| |-  -|0|35000|35000|35000|35000|35000|35000|35000|35000|35000|35000|35000|43000|0||0|||1|0|00
2026|01|528629|015|08|WA|4719|EBA|24|51|2|003|100| B|521211|039|A|0|0| |0|01|||4|KDM  Konsumsi Makan Peserta Kanwil|10|ORG|1|KEG|2|HR|0||20|OK|42100|842000|0|0|0|0||0|0|0|0||| |0|0|| |-  -|0|70000|70000|70000|70000|70000|70000|70000|70000|70000|70000|70000|72000|0||0|||1|0|00
2026|01|528629|015|08|WA|4719|EBA|24|51|2|003|100| B|521211|039|A|0|0| |0|01|||5|KDM  Konsumsi Snack Peserta Kanwil|10|ORG|1|KEG|2|HR|0||20|OK|17800|356000|0|0|0|0||0|0|0|0||| |0|0|| |-  -|0|29000|29000|29000|29000|29000|29000|29000|29000|29000|29000|29000|37000|0||0|||1|0|00
2026|01|528629|015|08|WA|4719|EBA|24|51|2|994|001| A|511129|039|A|0|0| |0||||1|Uang Makan Golongan II|10|ORG|19|HR|12|BLN|0||2280|OH|35000|79800000|0|0|0|0||0|0|0|0||| |0|0|| |-  -|0|6650000|6650000|6650000|6650000|6650000|6650000|6650000|6650000|6650000|6650000|6650000|6650000|0||0|||1|0|00
2026|01|528629|015|08|WA|4719|EBA|24|51|2|994|001| A|511129|039|A|0|0| |0||||2|Uang Makan Golongan III|24|ORG|19|HR|12|BLN|0||5472|OH|37000|202464000|0|0|0|0||0|0|0|0||| |0|0|| |-  -|0|16872000|16872000|16872000|16872000|16872000|16872000|16872000|16872000|16872000|16872000|16872000|16872000|0||0|||1|0|00
2026|01|528629|015|08|WA|4719|EBA|24|51|2|994|001| A|511129|039|A|0|0| |0||||3|Uang Makan Golongan IV|9|ORG|19|HR|12|BLN|0||2052|OH|41000|84132000|0|0|0|0||0|0|0|0||| |0|0|| |-  -|0|7011000|7011000|7011000|7011000|7011000|7011000|7011000|7011000|7011000|7011000|7011000|7011000|0||0|||1|0|00
2026|01|528629|015|08|WA|4719|EBA|24|51|2|994|001| A|512211|039|A|0|0| |0||||1|Uang Lembur Golongan II|10|ORG|2|JAM|30|HR|0||600|OJ|21655|12993000|0|0|0|0||0|0|0|0||| |0|0|| |-  -|0|1082000|1082000|1082000|1082000|1082000|1082000|1082000|1082000|1082000|1082000|1082000|1091000|0||0|||1|0|00
2026|01|528629|015|08|WA|4719|EBA|24|51|2|994|001| A|512211|039|A|0|0| |0||||2|Uang Lembur Golongan III|24|ORG|2|JAM|30|HR|0||1440|OJ|27069|38979000|0|0|0|0||0|0|0|0||| |0|0|| |-  -|0|3248000|3248000|3248000|3248000|3248000|3248000|3248000|3248000|3248000|3248000|3248000|3251000|0||0|||1|0|00
2026|01|528629|015|08|WA|4719|EBA|24|51|2|994|001| A|512211|039|A|0|0| |0||||3|Uang Lembur Golongan IV|9|ORG|2|JAM|30|HR|0||540|OJ|32484|17541000|0|0|0|0||0|0|0|0||| |0|0|| |-  -|0|1461000|1461000|1461000|1461000|1461000|1461000|1461000|1461000|1461000|1461000|1461000|1470000|0||0|||1|0|00
2026|01|528629|015|08|WA|4719|EBA|24|51|2|994|001| A|512211|039|A|0|0| |0||||4|Uang Makan Lembur Golongan II|10|ORG|1|FREK|30|HR|0||300|OH|31580|9474000|0|0|0|0||0|0|0|0||| |0|0|| |-  -|0|789000|789000|789000|789000|789000|789000|789000|789000|789000|789000|789000|795000|0||0|||1|0|00
2026|01|528629|015|08|WA|4719|EBA|24|51|2|994|001| A|512211|039|A|0|0| |0||||5|Uang Makan Lembur Golongan III|24|ORG|1|FREK|30|HR|0||720|OH|33385|24037000|0|0|0|0||0|0|0|0||| |0|0|| |-  -|0|2003000|2003000|2003000|2003000|2003000|2003000|2003000|2003000|2003000|2003000|2003000|2004000|0||0|||1|0|00
2026|01|528629|015|08|WA|4719|EBA|24|51|2|994|001| A|512211|039|A|0|0| |0||||6|Uang Makan Lembur Golongan IV|9|ORG|1|FREK|30|HR|0||270|OH|36993|9988000|0|0|0|0||0|0|0|0||| |0|0|| |-  -|0|832000|832000|832000|832000|832000|832000|832000|832000|832000|832000|832000|836000|0||0|||1|0|00
2026|01|528629|015|08|WA|4719|EBA|24|51|2|005|100| A|524111|039|A|0|0| |0||||1|Transport|2|ORG|1|FREK|0||0||2|OK|1085000|2170000|0|0|0|0||0|0|0|0||| |0|0|| |-  -|0|180000|180000|180000|180000|180000|180000|180000|180000|180000|180000|180000|190000|0||0|||1|0|00
2026|01|528629|015|08|WA|4719|EBA|24|51|2|005|100| A|524111|039|A|0|0| |0||||2|Akomodasi|2|ORG|1|FREK|1|HR|0||2|OH|571000|1142000|0|0|0|0||0|0|0|0||| |0|0|| |-  -|0|95000|95000|95000|95000|95000|95000|95000|95000|95000|95000|95000|97000|0||0|||1|0|00
2026|01|528629|015|08|WA|4719|EBA|24|51|2|005|100| A|524111|039|A|0|0| |0||||3|Uang Harian|2|ORG|1|ORG|2|HR|0||4|OH|266500|1066000|0|0|0|0||0|0|0|0||| |0|0|| |-  -|0|88000|88000|88000|88000|88000|88000|88000|88000|88000|88000|88000|98000|0||0|||1|0|00
2026|01|528629|015|08|WA|4719|EBA|24|51|2|005|100| A|524113|039|A|0|0| |0||||1|Transport Lokal|2|ORG|1|FREK|0||0||2|OK|131500|263000|0|0|0|0||0|0|0|0||| |0|0|| |-  -|0|21000|21000|21000|21000|21000|21000|21000|21000|21000|21000|21000|32000|0||0|||1|0|00
2026|01|528629|015|08|WA|4719|EBA|24|51|2|005|100| B|524111|039|A|0|0| |0||||1|Transport|3|KPPN|2|ORG|1|FREK|0||6|OK|1084834|6509000|0|0|0|0||0|0|0|0||| |0|0|| |-  -|0|542000|542000|542000|542000|542000|542000|542000|542000|542000|542000|542000|547000|0||0|||1|0|00
2026|01|528629|015|08|WA|4719|EBA|24|51|2|005|100| B|524111|039|A|0|0| |0||||2|Akomodasi|3|KPPN|2|ORG|1|FREK|2|HR|12|OH|571084|6853000|0|0|0|0||0|0|0|0||| |0|0|| |-  -|0|571000|571000|571000|571000|571000|571000|571000|571000|571000|571000|571000|572000|0||0|||1|0|00
2026|01|528629|015|08|WA|4719|EBA|24|51|2|005|100| B|524111|039|A|0|0| |0||||3|Uang Harian|3|KPPN|2|ORG|1|FREK|3|HR|18|OH|266556|4798000|0|0|0|0||0|0|0|0||| |0|0|| |-  -|0|399000|399000|399000|399000|399000|399000|399000|399000|399000|399000|399000|409000|0||0|||1|0|00
2026|01|528629|015|08|WA|4719|EBA|24|51|2|005|100| B|524113|039|A|0|0| |0||||1|Transport Lokal|1|KPPN|2|ORG|1|FREK|2|HR|4|OK|131750|527000|0|0|0|0||0|0|0|0||| |0|0|| |-  -|0|43000|43000|43000|43000|43000|43000|43000|43000|43000|43000|43000|54000|0||0|||1|0|00
2026|01|528629|015|08|WA|4719|EBA|24|51|2|005|100| B|524113|039|A|0|0| |0||||2|Uang Harian Dalam Kota Lebih dari 8 Jam|1|KPPN|2|ORG|1|FREK|2|HR|4|OK|105500|422000|0|0|0|0||0|0|0|0||| |0|0|| |-  -|0|35000|35000|35000|35000|35000|35000|35000|35000|35000|35000|35000|37000|0||0|||1|0|00
2026|01|528629|015|08|WA|4719|EBC|24|51|2|001|100|XC|521211|039|A|0|0| |0|01||1|1|In House Training|0||0||0||0||0||0|0|0|0|0|0||0|0|0|0||| |0|0|| |-  -|0|0|0|0|0|0|0|0|0|0|0|0|0|0||0|||1|0|00
2026|01|528629|015|08|WA|4719|EBC|24|51|2|001|100|XC|521211|039|A|0|0| |0|01|||2|KDM  Konsumsi Makan|48|ORG|1|KL|0||0||48|OK|42125|2022000|0|0|0|0||0|0|0|0||| |0|0|| |-  -|0|168000|168000|168000|168000|168000|168000|168000|168000|168000|168000|168000|174000|0||0|||1|0|00
2026|01|528629|015|08|WA|4719|EBC|24|51|2|001|100|XC|521211|039|A|0|0| |0|01|||3|KDM  Konsumsi Snack|48|ORG|1|KL|0||0||48|OK|17813|855000|0|0|0|0||0|0|0|0||| |0|0|| |-  -|0|71000|71000|71000|71000|71000|71000|71000|71000|71000|71000|71000|74000|0||0|||1|0|00
2026|01|528629|015|08|WA|4719|EBC|24|51|2|001|100|XC|521211|039|A|0|0| |0|01|||4|CTK  Barang Habis Pakai|48|ORG|1|FREK|0||0||48|OK|40500|1944000|0|0|0|0||0|0|0|0||| |0|0|| |-  -|0|162000|162000|162000|162000|162000|162000|162000|162000|162000|162000|162000|162000|0||0|||1|0|00
2026|01|528629|015|08|WA|4719|EBC|24|51|2|001|100|XC|521211|039|A|0|0| |0|02||1|5|Data Analitik|0||0||0||0||0||0|0|0|0|0|0||0|0|0|0||| |0|0|| |-  -|0|0|0|0|0|0|0|0|0|0|0|0|0|0||0|||1|0|00
2026|01|528629|015|08|WA|4719|EBC|24|51|2|001|100|XC|521211|039|A|0|0| |0|02|||6|KDM  Konsumsi Makan|22|ORG|2|FREK|0||0||44|OK|42117|1853000|0|0|0|0||0|0|0|0||| |0|0|| |-  -|0|154000|154000|154000|154000|154000|154000|154000|154000|154000|154000|154000|159000|0||0|||1|0|00
2026|01|528629|015|08|WA|4719|EBC|24|51|2|001|100|XC|521211|039|A|0|0| |0|02|||7|KDM  Konsumsi Snack|22|ORG|2|FREK|0||0||44|OK|17819|784000|0|0|0|0||0|0|0|0||| |0|0|| |-  -|0|65000|65000|65000|65000|65000|65000|65000|65000|65000|65000|65000|69000|0||0|||1|0|00
2026|01|528629|015|08|WA|4719|EBC|24|51|2|001|100|XC|522151|039|A|0|0| |0|01||1|1|Peningkatan Kapasitas SDM|0||0||0||0||0||0|0|0|0|0|0||0|0|0|0||| |0|0|| |-  -|0|0|0|0|0|0|0|0|0|0|0|0|0|0||0|||1|0|00
2026|01|528629|015|08|WA|4719|EBC|24|51|2|001|100|XC|522151|039|A|0|0| |0|01|||2|Honor Narasumber|1|ORG|2|JAM|3|FREK|0||6|OJ|765000|4590000|0|0|0|0||0|0|0|0||| |0|0|| |-  -|0|382000|382000|382000|382000|382000|382000|382000|382000|382000|382000|382000|388000|0||0|||1|0|00
2026|01|528629|015|08|WA|4719|EBC|24|51|2|001|100|XC|524113|039|A|0|0| |0||||1|Transport Narasumber|1|ORG|3|FREK|0||0||3|OK|131667|395000|0|0|0|0||0|0|0|0||| |0|0|| |-  -|0|32000|32000|32000|32000|32000|32000|32000|32000|32000|32000|32000|43000|0||0|||1|0|00
2026|01|528629|015|08|WA|4722|EBD|24|51|2|001|100| A|521211|039|A|0|0| |0|01||1|1|Rapat Penyusunan Profil Risiko (Cross Program)|0||0||0||0||0||0|0|0|0|0|0||0|0|0|0||| |0|0|| |-  -|0|0|0|0|0|0|0|0|0|0|0|0|0|0||0|||1|0|00
2026|01|528629|015|08|WA|4722|EBD|24|51|2|001|100| A|521211|039|A|0|0| |0|01|||2|KDM  Konsumsi Makan Peserta KPPN|6|KPPN|2|ORG|2|KEG|0||24|OK|42125|1011000|0|0|0|0||0|0|0|0||| |0|0|| |-  -|0|84000|84000|84000|84000|84000|84000|84000|84000|84000|84000|84000|87000|0||0|||1|0|00
2026|01|528629|015|08|WA|4722|EBD|24|51|2|001|100| A|521211|039|A|0|0| |0|01|||3|KDM  Konsumsi Snack Peserta KPPN|6|KPPN|2|ORG|2|KEG|0||24|OK|17834|428000|0|0|0|0||0|0|0|0||| |0|0|| |-  -|0|35000|35000|35000|35000|35000|35000|35000|35000|35000|35000|35000|43000|0||0|||1|0|00
2026|01|528629|015|08|WA|4722|EBD|24|51|2|001|100| A|521211|039|A|0|0| |0|01|||4|KDM  Konsumsi Makan Peserta Kanwil|9|ORG|2|KEG|0||0||18|OK|42112|758000|0|0|0|0||0|0|0|0||| |0|0|| |-  -|0|63000|63000|63000|63000|63000|63000|63000|63000|63000|63000|63000|65000|0||0|||1|0|00
2026|01|528629|015|08|WA|4722|EBD|24|51|2|001|100| A|521211|039|A|0|0| |0|01|||5|KDM  Konsumsi Snack Peserta Kanwil|9|ORG|2|KEG|0||0||18|OK|17834|321000|0|0|0|0||0|0|0|0||| |0|0|| |-  -|0|26000|26000|26000|26000|26000|26000|26000|26000|26000|26000|26000|35000|0||0|||1|0|00
2026|01|528629|015|08|WA|4722|EBD|24|51|2|001|100| B|524111|039|A|0|0| |0||||1|Transport|2|KPPN|2|ORG|1|FREK|0||4|OK|1084750|4339000|0|0|0|0||0|0|0|0||| |0|0|| |-  -|0|361000|361000|361000|361000|361000|361000|361000|361000|361000|361000|361000|368000|0||0|||1|0|00
2026|01|528629|015|08|WA|4722|EBD|24|51|2|001|100| B|524111|039|A|0|0| |0||||2|Akomodasi|2|KPPN|2|ORG|1|FREK|1|HR|4|OH|571000|2284000|0|0|0|0||0|0|0|0||| |0|0|| |-  -|0|190000|190000|190000|190000|190000|190000|190000|190000|190000|190000|190000|194000|0||0|||1|0|00
2026|01|528629|015|08|WA|4722|EBD|24|51|2|001|100| B|524111|039|A|0|0| |0||||3|Uang Harian|2|KPPN|2|ORG|1|FREK|2|HR|8|OH|266625|2133000|0|0|0|0||0|0|0|0||| |0|0|| |-  -|0|177000|177000|177000|177000|177000|177000|177000|177000|177000|177000|177000|186000|0||0|||1|0|00
2026|01|528629|015|08|WA|4722|EBD|24|51|2|001|100| B|524113|039|A|0|0| |0||||1|Transport Lokal|1|KPPN|2|ORG|1|FREK|0||2|OK|131500|263000|0|0|0|0||0|0|0|0||| |0|0|| |-  -|0|21000|21000|21000|21000|21000|21000|21000|21000|21000|21000|21000|32000|0||0|||1|0|00
2026|01|662788|015|08|CD|6212|BMB|35|01|2|001|100| A|524113|185|A|0|0| |0||||1|Transport Lokal|2|ORG|1|KEG|0||0||2|OK|131500|263000|0|0|0|0||0|0|0|0||| |0|0|| |-  -|0|0|0|0|0|0|0|0|0|0|0|0|263000|0||0|||1|0|00
2026|01|662788|015|08|CD|6212|BMB|35|01|2|001|100| A|524113|185|A|0|0| |0||||2|Uang Harian Dalam Kota Lebih dari 8 Jam|2|ORG|2|HR|1|KEG|0||4|OH|105500|422000|0|0|0|0||0|0|0|0||| |0|0|| |-  -|0|0|0|0|0|0|0|0|0|0|0|0|422000|0||0|||1|0|00
2026|01|662788|015|08|CD|6212|BMB|35|01|2|001|100| B|521211|185|A|0|0| |0||||1|KDM  Konsumsi Makan|30|ORG|2|KEG|0||0||60|OK|47700|2862000|0|0|0|0||0|0|0|0||| |0|0|| |-  -|0|0|0|0|0|0|0|0|0|0|0|0|2862000|0||0|||1|0|00
2026|01|662788|015|08|CD|6212|BMB|35|01|2|001|100| B|521211|185|A|0|0| |0||||2|KDM  Konsumsi Snack|30|ORG|2|KEG|0||0||60|OK|19800|1188000|0|0|0|0||0|0|0|0||| |0|0|| |-  -|0|0|0|0|0|0|0|0|0|0|0|0|1188000|0||0|||1|0|00
2026|01|662788|015|08|CD|6212|BMB|35|01|2|001|100| B|521211|185|A|0|0| |0||||3|CTK  Seminar Kit|30|ORG|2|KEG|0||0||60|OK|100000|6000000|0|0|0|0||0|0|0|0||| |0|0|| |-  -|0|0|0|0|0|0|0|0|0|0|0|0|6000000|0||0|||1|0|00
2026|01|662788|015|08|CD|6212|BMB|35|01|2|001|100| B|522151|185|A|0|0| |0||||1|Honor Narasumber|2|ORG|2|JAM|2|KEG|0||8|OJ|900000|7200000|0|0|0|0||0|0|0|0||| |0|0|| |-  -|0|0|0|0|0|0|0|0|0|0|0|0|7200000|0||0|||1|0|00
2026|01|662788|015|08|CD|6212|BMB|35|01|2|001|100| B|524113|185|A|0|0| |0||||1|Transport Lokal Narasumber|2|ORG|1|HR|2|KEG|0||4|OK|131750|527000|0|0|0|0||0|0|0|0||| |0|0|| |-  -|0|0|0|0|0|0|0|0|0|0|0|0|527000|0||0|||1|0|00
2026|01|662788|015|08|CD|6212|BMB|35|01|2|001|100| C|524113|185|A|0|0| |0||||1|Transport Lokal Dalam Kota|2|ORG|2|HR|2|KEG|0||8|OK|131750|1054000|0|0|0|0||0|0|0|0||| |0|0|| |-  -|0|0|0|0|0|0|0|0|0|0|0|0|1054000|0||0|||1|0|00
2026|01|662788|015|08|CD|6212|BMB|35|01|2|001|100| C|524113|185|A|0|0| |0||||2|Uang Harian Dalam Kota Lebih dari 8 Jam|2|ORG|2|HR|2|KEG|0||8|OH|105375|843000|0|0|0|0||0|0|0|0||| |0|0|| |-  -|0|0|0|0|0|0|0|0|0|0|0|0|843000|0||0|||1|0|00
2026|01|662788|015|08|CD|6212|BMB|35|01|2|001|100| D|521211|185|A|0|0| |0||||1|KDM  Konsumsi Makan|20|ORG|1|KEG|0||0||20|OK|47700|954000|0|0|0|0||0|0|0|0||| |0|0|| |-  -|0|0|0|0|0|0|0|0|0|0|0|0|954000|0||0|||1|0|00
2026|01|662788|015|08|CD|6212|BMB|35|01|2|001|100| D|521211|185|A|0|0| |0||||2|KDM  Konsumsi Snack|20|ORG|1|KEG|0||0||20|OK|19800|396000|0|0|0|0||0|0|0|0||| |0|0|| |-  -|0|0|0|0|0|0|0|0|0|0|0|0|396000|0||0|||1|0|00
2026|01|662788|015|08|CD|6212|BMB|35|01|2|001|100| D|521211|185|A|0|0| |0||||3|CTK  Media Penunjang Kesehatan|1|KEG|1|PKT|0||0||1|OK|1500000|1500000|0|0|0|0||0|0|0|0||| |0|0|| |-  -|0|0|0|0|0|0|0|0|0|0|0|0|1500000|0||0|||1|0|00
2026|01|662788|015|08|CD|6212|BMB|35|01|2|001|100| D|522141|185|A|0|0| |0||||1|Sewa Tenda|1|KEG|0||0||0||1|OK|15000000|15000000|0|0|0|0||0|0|0|0||| |0|0|| |-  -|0|0|0|0|0|0|0|0|0|0|0|0|15000000|0||0|||1|0|00
2026|01|662788|015|08|CD|6212|FAC|35|01|2|002|100| A|524111|185|A|0|0| |0||||1|Transport|1|BLU|2|ORG|1|FREK|0||2|OK|581000|1162000|0|0|0|0||0|0|0|0||| |0|0|| |-  -|0|144336|144336|144336|144336|144336|144336|144336|144336|7312|0|0|0|0||0|||1|0|00
2026|01|662788|015|08|CD|6212|FAC|35|01|2|002|100| A|524111|185|A|0|0| |0||||2|Akomodasi|1|BLU|2|ORG|1|FREK|2|HR|4|OH|700500|2802000|0|0|0|0||0|0|0|0||| |0|0|| |-  -|0|348047|348047|348047|348047|348047|348047|348047|348047|17624|0|0|0|0||0|||1|0|00
2026|01|662788|015|08|CD|6212|FAC|35|01|2|002|100| A|524111|185|A|0|0| |0||||3|Uang Harian|1|BLU|2|ORG|1|FREK|3|HR|6|OH|266500|1599000|0|0|0|0||0|0|0|0||| |0|0|| |-  -|0|198618|198618|198618|198618|198618|198618|198618|198618|10056|0|0|0|0||0|||1|0|00
2026|01|662788|015|08|CD|6212|FAC|35|01|2|002|100| A|524113|185|A|0|0| |0||||1|Transport Lokal|1|BLU|2|ORG|1|FREK|1|HR|2|OK|131500|263000|0|0|0|0||0|0|0|0||| |0|0|| |-  -|0|32668|32668|32668|32668|32668|32668|32668|32668|1656|0|0|0|0||0|||1|0|00
2026|01|662788|015|08|CD|6212|FAC|35|01|2|002|100| B|524111|185|A|0|0| |0||||1|Transport|1|PEMDA|2|ORG|1|FREK|0||2|OK|581000|1162000|0|0|0|0||0|0|0|0||| |0|0|| |-  -|0|144336|144336|144336|144336|144336|144336|144336|144336|7312|0|0|0|0||0|||1|0|00
2026|01|662788|015|08|CD|6212|FAC|35|01|2|002|100| B|524111|185|A|0|0| |0||||2|Akomodasi|1|PEMDA|2|ORG|1|FREK|1|HR|2|OK|700500|1401000|0|0|0|0||0|0|0|0||| |0|0|| |-  -|0|174024|174024|174024|174024|174024|174024|174024|174024|8808|0|0|0|0||0|||1|0|00
2026|01|662788|015|08|CD|6212|FAC|35|01|2|002|100| B|524111|185|A|0|0| |0||||3|Uang Harian|1|PEMDA|2|ORG|1|FREK|2|HR|4|OH|266500|1066000|0|0|0|0||0|0|0|0||| |0|0|| |-  -|0|132412|132412|132412|132412|132412|132412|132412|132412|6704|0|0|0|0||0|||1|0|00
2026|01|662788|015|08|CD|6212|FAC|35|01|2|002|100| B|524113|185|A|0|0| |0||||1|Transport Lokal|2|ORG|1|FREK|2|HR|0||4|OK|131750|527000|0|0|0|0||0|0|0|0||| |0|0|| |-  -|0|65461|65461|65461|65461|65461|65461|65461|65461|3312|0|0|0|0||0|||1|0|00
2026|01|662788|015|08|CD|6212|FAH|35|01|2|003|100| A|524113|185|A|0|0| |0||||1|Transport Lokal|2|ORG|2|FREK|1|HR|1||4|OK|131750|527000|0|0|0|0||0|0|0|0||| |0|0|| |-  -|0|157579|157579|157579|54263|0|0|0|0|0|0|0|0|0||0|||1|0|00
2026|01|662788|015|08|CD|6212|FAH|35|01|2|003|100| B|524111|185|A|0|0| |0||||1|Transport|1|KEG|1|ORG|1|FREK|1||1|OK|1247000|1247000|0|0|0|0||0|0|0|0||| |0|0|| |-  -|0|372867|372867|372867|128399|0|0|0|0|0|0|0|0|0||0|||1|0|00
2026|01|662788|015|08|CD|6212|FAH|35|01|2|003|100| B|524111|185|A|0|0| |0||||2|Akomodasi|1|KEG|1|ORG|2|FREK|1|HR|2|OK|506500|1013000|0|0|0|0||0|0|0|0||| |0|0|| |-  -|0|302898|302898|302898|104306|0|0|0|0|0|0|0|0|0||0|||1|0|00
2026|01|662788|015|08|CD|6212|FAH|35|01|2|003|100| B|524111|185|A|0|0| |0||||3|Uang Harian|1|KEG|1|ORG|3|FREK|1|HR|3|OH|223334|670000|0|0|0|0||0|0|0|0||| |0|0|| |-  -|0|200337|200337|200337|68989|0|0|0|0|0|0|0|0|0||0|||1|0|00
2026|01|662788|015|08|CD|6212|FAH|35|01|2|003|100| B|524113|185|A|0|0| |0||||1|Transport Lokal|2|ORG|1|FREK|1|HR|1||2|OK|131500|263000|0|0|0|0||0|0|0|0||| |0|0|| |-  -|0|78640|78640|78640|27080|0|0|0|0|0|0|0|0|0||0|||1|0|00
2026|01|662788|015|08|CD|6212|FAH|35|01|2|002|100| A|521211|185|A|0|0| |0||||1|KDM  Konsumsi Makan Peserta|10|ORG|1|KEG|1||1||10|OK|35300|353000|0|0|0|0||0|0|0|0||| |0|0|| |-  -|0|0|0|8485|50333|50333|50333|50333|50333|50333|38179|0|4338|0||0|||1|0|00
2026|01|662788|015|08|CD|6212|FAH|35|01|2|002|100| A|521211|185|A|0|0| |0||||2|KDM  Konsumsi Snack Peserta|10|ORG|1|KEG|1||1||10|OK|13400|134000|0|0|0|0||0|0|0|0||| |0|0|| |-  -|0|0|0|3221|19107|19107|19107|19107|19107|19107|14493|0|1644|0||0|||1|0|00
2026|01|662788|015|08|CD|6212|FAH|35|01|2|002|100| B|524111|185|A|0|0| |0||||1|Transport|2|KEG|1|ORG|1|FREK|1||2|OK|883500|1767000|0|0|0|0||0|0|0|0||| |0|0|| |-  -|0|0|0|42473|251952|251952|251952|251952|251952|251952|191109|0|21706|0||0|||1|0|00
2026|01|662788|015|08|CD|6212|FAH|35|01|2|002|100| B|524111|185|A|0|0| |0||||2|Akomodasi|2|KEG|1|ORG|2|FREK|1|HR|4|OK|446250|1785000|0|0|0|0||0|0|0|0||| |0|0|| |-  -|0|0|0|42906|254518|254518|254518|254518|254518|254518|193056|0|21930|0||0|||1|0|00
2026|01|662788|015|08|CD|6212|FAH|35|01|2|002|100| B|524111|185|A|0|0| |0||||3|Uang Harian|2|KEG|1|ORG|3|FREK|1|HR|6|OH|223167|1339000|0|0|0|0||0|0|0|0||| |0|0|| |-  -|0|0|0|32185|190924|190924|190924|190924|190924|190924|144819|0|16452|0||0|||1|0|00
2026|01|662788|015|08|CD|6212|FAH|35|01|2|002|100| B|524113|185|A|0|0| |0||||1|Transport Lokal Koordinasi Data|2|ORG|2|FREK|1|HR|1||4|OK|131750|527000|0|0|0|0||0|0|0|0||| |0|0|| |-  -|0|0|0|12667|75143|75143|75143|75143|75143|75143|56998|0|6477|0||0|||1|0|00
2026|01|662788|015|08|CD|6212|FAH|35|01|2|002|100| C|522151|185|A|0|0| |0||||1|Honor Narasumber|2|ORG|2|JAM|1|KEG|0||4|OJ|900000|3600000|0|0|0|0||0|0|0|0||| |0|0|| |-  -|0|0|0|86533|513314|513314|513314|513314|513314|513314|389357|0|44226|0||0|||1|0|00
2026|01|662788|015|08|CD|6212|FAH|35|01|2|002|100| C|524113|185|A|0|0| |0||||1|Transport lokal narasumber|2|ORG|1|FREK|0||0||2|OK|131500|263000|0|0|0|0||0|0|0|0||| |0|0|| |-  -|0|0|0|6322|37500|37500|37500|37500|37500|37500|28444|0|3234|0||0|||1|0|00
2026|01|662788|015|08|CD|6212|FAL|35|01|2|001|100| A|524111|185|A|0|0| |0||||1|Transport|1|LOK|2|ORG|1|FREK|1||2|OK|581000|1162000|0|0|0|0||0|0|0|0||| |0|0|| |-  -|0|239432|239432|239432|239432|204272|0|0|0|0|0|0|0|0||0|||1|0|00
2026|01|662788|015|08|CD|6212|FAL|35|01|2|001|100| A|524111|185|A|0|0| |0||||2|Akomodasi|1|LOK|2|ORG|1|FREK|1|HR|2|OK|700500|1401000|0|0|0|0||0|0|0|0||| |0|0|| |-  -|0|288678|288678|288678|288678|246288|0|0|0|0|0|0|0|0||0|||1|0|00
2026|01|662788|015|08|CD|6212|FAL|35|01|2|001|100| A|524111|185|A|0|0| |0||||3|Uang Harian|1|LOK|2|ORG|1|FREK|2|HR|4|OH|266500|1066000|0|0|0|0||0|0|0|0||| |0|0|| |-  -|0|219651|219651|219651|219651|187396|0|0|0|0|0|0|0|0||0|||1|0|00
2026|01|662788|015|08|CD|6212|FAL|35|01|2|001|100| A|524113|185|A|0|0| |0||||1|Transport Lokal|2|ORG|1|FREK|2|HR|1||4|OK|131750|527000|0|0|0|0||0|0|0|0||| |0|0|| |-  -|0|108589|108589|108589|108589|92644|0|0|0|0|0|0|0|0||0|||1|0|00
2026|01|662788|015|08|CD|6212|FAL|35|01|2|001|100| B|521211|185|A|0|0| |0||||1|KDM  Konsumsi Makan Peserta Pemda|6|PEMDA|2|ORG|1|KEG|0||12|OK|44500|534000|0|0|0|0||0|0|0|0||| |0|0|| |-  -|0|110032|110032|110032|110032|93872|0|0|0|0|0|0|0|0||0|||1|0|00
2026|01|662788|015|08|CD|6212|FAL|35|01|2|001|100| B|521211|185|A|0|0| |0||||2|KDM  Konsumsi Makan Peserta Pemda|6|PEMDA|2|ORG|1|KEG|0||12|OK|18500|222000|0|0|0|0||0|0|0|0||| |0|0|| |-  -|0|45743|45743|45743|45743|39028|0|0|0|0|0|0|0|0||0|||1|0|00
2026|01|662788|015|08|CD|6212|FAL|35|01|2|001|100| B|521211|185|A|0|0| |0||||3|KDM  Konsumsi Makan Panitia dan Narasumber|1|FR|20|ORG|1|KEG|0||20|OK|44500|890000|0|0|0|0||0|0|0|0||| |0|0|| |-  -|0|183386|183386|183386|183386|156456|0|0|0|0|0|0|0|0||0|||1|0|00
2026|01|662788|015|08|CD|6212|FAL|35|01|2|001|100| B|521211|185|A|0|0| |0||||4|KDM  Konsumsi Snack Panitia dan Narasumber|1|FR|20|ORG|1|KEG|0||20|OK|18500|370000|0|0|0|0||0|0|0|0||| |0|0|| |-  -|0|76239|76239|76239|76239|65044|0|0|0|0|0|0|0|0||0|||1|0|00
2026|01|662788|015|08|CD|6212|FAL|35|01|2|001|100| B|522151|185|A|0|0| |0||||1|Honor Narasumber (Ekonom KemenkeuEksternal)|1|ORG|2|JAM|1|KEG|0||2|OJ|900000|1800000|0|0|0|0||0|0|0|0||| |0|0|| |-  -|0|370893|370893|370893|370893|316428|0|0|0|0|0|0|0|0||0|||1|0|00
2026|01|662788|015|08|CD|6212|FAL|35|01|2|001|100| C|524111|185|A|0|0| |0||||1|Transport|1|LOK|2|ORG|1|FREK|0||2|OK|581000|1162000|0|0|0|0||0|0|0|0||| |0|0|| |-  -|0|239432|239432|239432|239432|204272|0|0|0|0|0|0|0|0||0|||1|0|00
2026|01|662788|015|08|CD|6212|FAL|35|01|2|001|100| C|524111|185|A|0|0| |0||||2|Akomodasi|1|LOK|2|ORG|1|FREK|1|HR|2|OK|700500|1401000|0|0|0|0||0|0|0|0||| |0|0|| |-  -|0|288678|288678|288678|288678|246288|0|0|0|0|0|0|0|0||0|||1|0|00
2026|01|662788|015|08|CD|6212|FAL|35|01|2|001|100| C|524111|185|A|0|0| |0||||3|Uang Harian|1|LOK|2|ORG|1|FREK|2|HR|4|OH|266500|1066000|0|0|0|0||0|0|0|0||| |0|0|| |-  -|0|219651|219651|219651|219651|187396|0|0|0|0|0|0|0|0||0|||1|0|00
2026|01|662788|015|08|CD|6212|FAL|35|01|2|001|100| C|524113|185|A|0|0| |0||||1|Transport Lokal Dalam Kota|2|ORG|1|FREK|2|HR|0||4|OK|131750|527000|0|0|0|0||0|0|0|0||| |0|0|| |-  -|0|108589|108589|108589|108589|92644|0|0|0|0|0|0|0|0||0|||1|0|00
2026|01|662788|015|08|CD|6212|FAL|35|01|2|001|100| D|521211|185|A|0|0| |0|01||1|1|Rapat Persiapan Penyerahan DIPA|0||0||0||0||0||0|0|0|0|0|0||0|0|0|0||| |0|0|| |-  -|0|0|0|0|0|0|0|0|0|0|0|0|0|0||0|||1|0|00
2026|01|662788|015|08|CD|6212|FAL|35|01|2|001|100| D|521211|185|A|0|0| |0|02|||10|KDM  Konsumsi Snack Panitia, Peserta Kanwil dan Narasumber|1|FR|10|ORG|1|KEG|0||10|OK|18500|185000|0|0|0|0||0|0|0|0||| |0|0|| |-  -|0|38120|38120|38120|38120|32520|0|0|0|0|0|0|0|0||0|||1|0|00
2026|01|662788|015|08|CD|6212|FAL|35|01|2|001|100| D|521211|185|A|0|0| |0|01|||2|KDM  Konsumsi Makan Panitia|1|FR|10|ORG|1|KEG|0||10|OK|44500|445000|0|0|0|0||0|0|0|0||| |0|0|| |-  -|0|91693|91693|91693|91693|78228|0|0|0|0|0|0|0|0||0|||1|0|00
2026|01|662788|015|08|CD|6212|FAL|35|01|2|001|100| D|521211|185|A|0|0| |0|01|||3|KDM  Konsumsi Snack Panitia|1|FR|10|ORG|1|KEG|0||10|OK|18500|185000|0|0|0|0||0|0|0|0||| |0|0|| |-  -|0|38120|38120|38120|38120|32520|0|0|0|0|0|0|0|0||0|||1|0|00
2026|01|662788|015|08|CD|6212|FAL|35|01|2|001|100| D|521211|185|A|0|0| |0|02||1|4|Pelaksanaan Penyerahan DIPA|0||0||0||0||0||0|0|0|0|0|0||0|0|0|0||| |0|0|| |-  -|0|0|0|0|0|0|0|0|0|0|0|0|0|0||0|||1|0|00
2026|01|662788|015|08|CD|6212|FAL|35|01|2|001|100| D|521211|185|A|0|0| |0|02|||5|KDM  Konsumsi Makan Satker|21|SATKR|2|ORG|1|KEG|0||42|OK|44524|1870000|0|0|0|0||0|0|0|0||| |0|0|| |-  -|0|385317|385317|385317|385317|328732|0|0|0|0|0|0|0|0||0|||1|0|00
2026|01|662788|015|08|CD|6212|FAL|35|01|2|001|100| D|521211|185|A|0|0| |0|02|||6|KDM  Konsumsi Snack Satker|21|SATKR|2|ORG|1|KEG|0||42|OK|18477|776000|0|0|0|0||0|0|0|0||| |0|0|| |-  -|0|159896|159896|159896|159896|136416|0|0|0|0|0|0|0|0||0|||1|0|00
2026|01|662788|015|08|CD|6212|FAL|35|01|2|001|100| D|521211|185|A|0|0| |0|02|||7|KDM  Konsumsi Makan Pemda|6|PEMDA|3|ORG|1|KEG|0||18|OK|44500|801000|0|0|0|0||0|0|0|0||| |0|0|| |-  -|0|165047|165047|165047|165047|140812|0|0|0|0|0|0|0|0||0|||1|0|00
2026|01|662788|015|08|CD|6212|FAL|35|01|2|001|100| D|521211|185|A|0|0| |0|02|||8|KDM  Konsumsi Snack Pemda|6|PEMDA|3|ORG|1|KEG|0||18|OK|18500|333000|0|0|0|0||0|0|0|0||| |0|0|| |-  -|0|68615|68615|68615|68615|58540|0|0|0|0|0|0|0|0||0|||1|0|00
2026|01|662788|015|08|CD|6212|FAL|35|01|2|001|100| D|521211|185|A|0|0| |0|02|||9|KDM Konsumsi Makan Panitia, Peserta Kanwil dan Narasumber|1|FR|10|ORG|1|KEG|0||10|OK|44500|445000|0|0|0|0||0|0|0|0||| |0|0|| |-  -|0|91693|91693|91693|91693|78228|0|0|0|0|0|0|0|0||0|||1|0|00
2026|01|662788|015|08|CD|6212|FAL|35|01|2|001|100| D|521213|185|A|0|0| |0||||1|Panitia Kegiatan (Pemprov)|7|ORG|1|KEG|0||0||7|OK|30000|210000|0|0|0|0||0|0|0|0||| |0|0|| |-  -|0|43271|43271|43271|43271|36916|0|0|0|0|0|0|0|0||0|||1|0|00
2026|01|662788|015|08|CD|6212|FAL|35|01|2|001|100| D|522151|185|A|0|0| |0||||1|Honor Narasumber Gubernur|1|ORG|2|JAM|1|KEG|0||2|OJ|1000000|2000000|0|0|0|0||0|0|0|0||| |0|0|| |-  -|0|412103|412103|412103|412103|351588|0|0|0|0|0|0|0|0||0|||1|0|00
2026|01|662788|015|08|CD|6212|FAL|35|01|2|001|100| D|524113|185|A|0|0| |0||||1|Transport Lokal|10|ORG|1|FREK|1|HR|0||10|OK|131750|1317000|0|0|0|0||0|0|0|0||| |0|0|| |-  -|0|271370|271370|271370|271370|231520|0|0|0|0|0|0|0|0||0|||1|0|00
2026|01|662788|015|08|CD|6213|ABA|35|01|2|001|100| A|522151|185|A|0|0| |0||||1|Honor Narasumber Tenaga Profesional|1|ORG|2|JAM|3|KEG|1||6|OJ|900000|5400000|0|0|0|0||0|0|0|0||| |0|0|| |-  -|0|0|0|0|0|0|0|0|0|0|290392|95145|5014463|0||0|||1|0|00
2026|01|662788|015|08|CD|6213|ABA|35|01|2|001|100| A|524111|185|A|0|0| |0|01||1|1|Site Visit Potensi Investasi|0||0||0||0||0||0|0|0|0|0|0||0|0|0|0||| |0|0|| |-  -|0|0|0|0|0|0|0|0|0|0|0|0|0|0||0|||1|0|00
2026|01|662788|015|08|CD|6213|ABA|35|01|2|001|100| A|524111|185|A|0|0| |0|01|||2|Transport|3|ORG|2|LOK|1|FREK|1||6|OK|1170167|7021000|0|0|0|0||0|0|0|0||| |0|0|| |-  -|0|0|0|0|0|0|0|0|0|0|377563|123707|6519730|0||0|||1|0|00
2026|01|662788|015|08|CD|6213|ABA|35|01|2|001|100| A|524111|185|A|0|0| |0|01|||3|Akomodasi|3|ORG|2|LOK|1|FREK|2|HR|12|OH|446334|5356000|0|0|0|0||0|0|0|0||| |0|0|| |-  -|0|0|0|0|0|0|0|0|0|0|288025|94370|4973605|0||0|||1|0|00
2026|01|662788|015|08|CD|6213|ABA|35|01|2|001|100| A|524111|185|A|0|0| |0|01|||4|Uang Harian|3|ORG|2|LOK|1|FREK|3|HR|18|OH|223167|4017000|0|0|0|0||0|0|0|0||| |0|0|| |-  -|0|0|0|0|0|0|0|0|0|0|216019|70778|3730203|0||0|||1|0|00
2026|01|662788|015|08|CD|6213|FAE|35|01|2|009|100| B|524111|185|A|0|0| |0||||1|Transport|2|LOK|1|ORG|2|FREK|0||4|OK|581250|2325000|0|0|0|0||0|0|0|0||| |0|0|| |-  -|0|372545|372545|372545|372545|372545|372545|89730|0|0|0|0|0|0||0|||1|0|00
2026|01|662788|015|08|CD|6213|FAE|35|01|2|009|100| B|524111|185|A|0|0| |0||||2|Akomodasi|2|LOK|1|ORG|2|FREK|1|HR|4|OK|700500|2802000|0|0|0|0||0|0|0|0||| |0|0|| |-  -|0|448977|448977|448977|448977|448977|448977|108138|0|0|0|0|0|0||0|||1|0|00
2026|01|662788|015|08|CD|6213|FAE|35|01|2|009|100| B|524111|185|A|0|0| |0||||3|Uang Harian|2|LOK|1|ORG|2|FREK|2|HR|8|OH|266625|2133000|0|0|0|0||0|0|0|0||| |0|0|| |-  -|0|341780|341780|341780|341780|341780|341780|82320|0|0|0|0|0|0||0|||1|0|00
2026|01|662788|015|08|CD|6213|FAE|35|01|2|009|100| B|524113|185|A|0|0| |0||||1|Transport Dalam Kota|3|ORG|1|FREK|1|HR|0||3|OK|131667|395000|0|0|0|0||0|0|0|0||| |0|0|| |-  -|0|63293|63293|63293|63293|63293|63293|15242|0|0|0|0|0|0||0|||1|0|00
2026|01|662788|015|08|CD|6213|FAE|35|01|2|009|100| C|524111|185|A|0|0| |0||||1|Transport|2|LOK|3|ORG|1|FREK|0||6|OK|581167|3487000|0|0|0|0||0|0|0|0||| |0|0|| |-  -|0|558737|558737|558737|558737|558737|558737|134578|0|0|0|0|0|0||0|||1|0|00
2026|01|662788|015|08|CD|6213|FAE|35|01|2|009|100| C|524111|185|A|0|0| |0||||2|Akomodasi|2|LOK|3|ORG|1|FREK|2|HR|12|OK|700500|8406000|0|0|0|0||0|0|0|0||| |0|0|| |-  -|0|1346930|1346930|1346930|1346930|1346930|1346930|324420|0|0|0|0|0|0||0|||1|0|00
2026|01|662788|015|08|CD|6213|FAE|35|01|2|009|100| C|524111|185|A|0|0| |0||||3|Uang Harian|2|LOK|3|ORG|1|FREK|3|HR|18|OH|266556|4798000|0|0|0|0||0|0|0|0||| |0|0|| |-  -|0|768805|768805|768805|768805|768805|768805|185170|0|0|0|0|0|0||0|||1|0|00
2026|01|662788|015|08|CD|6213|FAE|35|01|2|009|100| C|524113|185|A|0|0| |0||||1|Transport Dalam Kota|3|ORG|1|FREK|1|LOK|0||3|OK|131667|395000|0|0|0|0||0|0|0|0||| |0|0|| |-  -|0|63293|63293|63293|63293|63293|63293|15242|0|0|0|0|0|0||0|||1|0|00
2026|01|662788|015|08|CD|6213|FAE|35|01|2|009|100| D|521211|185|A|0|0| |0||||1|KDM  Konsumsi Makan Peserta|20|ORG|1|LOK|1|KEG|0||20|OK|44500|890000|0|0|0|0||0|0|0|0||| |0|0|| |-  -|0|142609|142609|142609|142609|142609|142609|34346|0|0|0|0|0|0||0|||1|0|00
2026|01|662788|015|08|CD|6213|FAE|35|01|2|009|100| D|521211|185|A|0|0| |0||||2|KDM  Konsumsi Snack Peserta|20|ORG|1|LOK|1|KEG|0||20|OK|18500|370000|0|0|0|0||0|0|0|0||| |0|0|| |-  -|0|59287|59287|59287|59287|59287|59287|14278|0|0|0|0|0|0||0|||1|0|00
2026|01|662788|015|08|CD|6213|FAE|35|01|2|009|100| D|522151|185|A|0|0| |0||||1|Honor Narasumber|3|ORG|2|JAM|1|FREK|0||6|OJ|1700000|10200000|0|0|0|0||0|0|0|0||| |0|0|| |-  -|0|1634391|1634391|1634391|1634391|1634391|1634391|393654|0|0|0|0|0|0||0|||1|0|00
2026|01|662788|015|08|CD|6213|FAE|35|01|2|009|100| D|524113|185|A|0|0| |0||||1|Transport Dalam Kota|20|ORG|1|FREK|0||0||20|OK|131750|2635000|0|0|0|0||0|0|0|0||| |0|0|| |-  -|0|422218|422218|422218|422218|422218|422218|101692|0|0|0|0|0|0||0|||1|0|00
2026|01|662788|015|08|CD|6213|FAE|35|01|2|009|100| D|524113|185|A|0|0| |0||||2|Uang Harian Dalam Kota Lebih dari 8 Jam|20|ORG|1|HR|1|FREK|0||20|OK|105400|2108000|0|0|0|0||0|0|0|0||| |0|0|| |-  -|0|337772|337772|337772|337772|337772|337772|81368|0|0|0|0|0|0||0|||1|0|00
2026|01|662788|015|08|CD|6213|FAE|35|01|2|008|100| A|522151|185|A|0|0| |0||||1|Honor Narasumber Local Expert|1|ORG|2|JAM|2|KEG|0||4|OJ|1000000|4000000|0|0|0|0||0|0|0|0||| |0|0|| |-  -|0|353050|353050|353050|353050|353050|353050|353050|353050|353050|353050|249744|219756|0||0|||1|0|00
2026|01|662788|015|08|CD|6213|FAE|35|01|2|008|100| A|522151|185|A|0|0| |0||||2|Honor Local Expert|1|ORG|12|BL|1||1||12|OB|5100000|61200000|0|0|0|0||0|0|0|0||| |0|0|| |-  -|0|5401671|5401671|5401671|5401671|5401671|5401671|5401671|5401671|5401671|5401671|3821076|3362214|0||0|||1|0|00
2026|01|662788|015|08|CD|6213|FAE|35|01|2|008|100| A|524111|185|A|0|0| |0||||1|Transport|1|LOK|2|ORG|2|FREK|1||4|OK|1436750|5747000|0|0|0|0||0|0|0|0||| |0|0|| |-  -|0|507245|507245|507245|507245|507245|507245|507245|507245|507245|507245|358819|315731|0||0|||1|0|00
2026|01|662788|015|08|CD|6213|FAE|35|01|2|008|100| A|524111|185|A|0|0| |0||||2|Akomodasi|1|LOK|2|ORG|2|FREK|2|HR|8|OK|446375|3571000|0|0|0|0||0|0|0|0||| |0|0|| |-  -|0|315186|315186|315186|315186|315186|315186|315186|315186|315186|315186|222959|196181|0||0|||1|0|00
2026|01|662788|015|08|CD|6213|FAE|35|01|2|008|100| A|524111|185|A|0|0| |0||||3|Uang Harian|1|LOK|2|ORG|2|FREK|3|HR|12|OH|223167|2678000|0|0|0|0||0|0|0|0||| |0|0|| |-  -|0|236367|236367|236367|236367|236367|236367|236367|236367|236367|236367|167202|147128|0||0|||1|0|00
2026|01|662788|015|08|CD|6213|FAL|35|01|2|003|100| A|521211|185|A|0|0| |0||||1|KDM  Konsumsi Makan Rapat|1|FREK|20|ORG|1|KEG|0||20|OK|44500|890000|0|0|0|0||0|0|0|0||| |0|0|| |-  -|0|152616|152616|152616|152616|152616|124031|0|0|0|0|0|2889|0||0|||1|0|00
2026|01|662788|015|08|CD|6213|FAL|35|01|2|003|100| A|521211|185|A|0|0| |0||||2|KDM  Konsumsi Snack Rapat|1|FREK|20|ORG|1|KEG|0||20|OK|18500|370000|0|0|0|0||0|0|0|0||| |0|0|| |-  -|0|63447|63447|63447|63447|63447|51563|0|0|0|0|0|1202|0||0|||1|0|00
2026|01|662788|015|08|CD|6213|FAL|35|01|2|003|100| C|521211|185|A|0|0| |0||||1|KDM  Konsumsi Makan Peserta|25|UNIT|2|ORG|1|KEG|0||50|OK|44520|2226000|0|0|0|0||0|0|0|0||| |0|0|| |-  -|0|381711|381711|381711|381711|381711|310216|0|0|0|0|0|7229|0||0|||1|0|00
2026|01|662788|015|08|CD|6213|FAL|35|01|2|003|100| C|521211|185|A|0|0| |0||||2|KDM  Konsumsi Makan Peserta|25|UNIT|2|ORG|1|KEG|0||50|OK|18480|924000|0|0|0|0||0|0|0|0||| |0|0|| |-  -|0|158446|158446|158446|158446|158446|128769|0|0|0|0|0|3001|0||0|||1|0|00
2026|01|662788|015|08|CD|6213|FAL|35|01|2|003|100| C|521211|185|A|0|0| |0||||3|KDM  Konsumsi Makan Panitia|1|FR|3|ORG|1|KEG|0||3|OK|44667|134000|0|0|0|0||0|0|0|0||| |0|0|| |-  -|0|22978|22978|22978|22978|22978|18674|0|0|0|0|0|436|0||0|||1|0|00
2026|01|662788|015|08|CD|6213|FAL|35|01|2|003|100| C|521211|185|A|0|0| |0||||4|KDM  Konsumsi Snack Panitia|1|FR|3|ORG|1|KEG|0||3|OK|18334|55000|0|0|0|0||0|0|0|0||| |0|0|| |-  -|0|9431|9431|9431|9431|9431|7665|0|0|0|0|0|180|0||0|||1|0|00
2026|01|662788|015|08|CD|6213|FAL|35|01|2|003|100| D|524111|185|A|0|0| |0||||1|Transport|1|LOK|2|ORG|1|FREK|0||2|OK|581000|1162000|0|0|0|0||0|0|0|0||| |0|0|| |-  -|0|199258|199258|199258|199258|199258|161937|0|0|0|0|0|3773|0||0|||1|0|00
2026|01|662788|015|08|CD|6213|FAL|35|01|2|003|100| D|524111|185|A|0|0| |0||||2|Akomodasi|1|LOK|2|ORG|1|FREK|2|HR|4|OK|700500|2802000|0|0|0|0||0|0|0|0||| |0|0|| |-  -|0|480483|480483|480483|480483|480483|390488|0|0|0|0|0|9097|0||0|||1|0|00
2026|01|662788|015|08|CD|6213|FAL|35|01|2|003|100| D|524111|185|A|0|0| |0||||3|Uang Harian|1|LOK|2|ORG|1|FREK|3|HR|6|OH|266500|1599000|0|0|0|0||0|0|0|0||| |0|0|| |-  -|0|274194|274194|274194|274194|274194|222837|0|0|0|0|0|5193|0||0|||1|0|00
2026|01|662788|015|08|CD|6213|FAL|35|01|2|003|100| D|524113|185|A|0|0| |0||||1|Transport Lokal|1|ORG|2|FREK|1|HR|0||2|OK|131500|263000|0|0|0|0||0|0|0|0||| |0|0|| |-  -|0|45099|45099|45099|45099|45099|36652|0|0|0|0|0|853|0||0|||1|0|00
2026|01|662788|015|08|CD|6213|FAL|35|01|2|003|100| E|521211|185|A|0|0| |0||||1|KDM  Konsumsi Makan Rapat|2|FREK|20|ORG|1|KEG|0||40|OK|44525|1781000|0|0|0|0||0|0|0|0||| |0|0|| |-  -|0|305403|305403|305403|305403|305403|248201|0|0|0|0|0|5784|0||0|||1|0|00
2026|01|662788|015|08|CD|6213|FAL|35|01|2|003|100| E|521211|185|A|0|0| |0||||2|KDM  Konsumsi Snack Rapat|2|FREK|20|ORG|1|KEG|0||40|OK|18475|739000|0|0|0|0||0|0|0|0||| |0|0|| |-  -|0|126723|126723|126723|126723|126723|102987|0|0|0|0|0|2398|0||0|||1|0|00
2026|01|662788|015|08|CD|6213|FAL|35|01|2|003|100| E|522151|185|A|0|0| |0||||1|Honor Narasumber (Ekonom KemenkeuEksternal)|1|ORG|2|JAM|2|KEG|0||4|OJ|1000000|4000000|0|0|0|0||0|0|0|0||| |0|0|| |-  -|0|685914|685914|685914|685914|685914|557441|0|0|0|0|0|12989|0||0|||1|0|00
2026|01|662788|015|08|CD|6213|FAL|35|01|2|003|100| E|524113|185|A|0|0| |0||||1|Transport Lokal|2|ORG|2|FREK|1|HR|0||4|OK|131750|527000|0|0|0|0||0|0|0|0||| |0|0|| |-  -|0|90369|90369|90369|90369|90369|73443|0|0|0|0|0|1712|0||0|||1|0|00
2026|01|662788|015|08|CD|6213|FAL|35|01|2|003|100| F|521211|185|A|0|0| |0|01||1|1|Pelaksanaan Rakor serta Sosialisasi|0||0||0||0||0||0|0|0|0|0|0||0|0|0|0||| |0|0|| |-  -|0|0|0|0|0|0|0|0|0|0|0|0|0|0||0|||1|0|00
2026|01|662788|015|08|CD|6213|FAL|35|01|2|003|100| F|521211|185|A|0|0| |0|01|||2|KDM  Konsumsi Makan Peserta Pemda|6|PEMDA|1|ORG|1|KEG|0||6|OK|44500|267000|0|0|0|0||0|0|0|0||| |0|0|| |-  -|0|45785|45785|45785|45785|45785|37209|0|0|0|0|0|866|0||0|||1|0|00
2026|01|662788|015|08|CD|6213|FAL|35|01|2|003|100| F|521211|185|A|0|0| |0|01|||3|KDM  Konsumsi Snack Peserta Pemda|6|PEMDA|1|ORG|1|KEG|0||6|OK|18500|111000|0|0|0|0||0|0|0|0||| |0|0|| |-  -|0|19034|19034|19034|19034|19034|15469|0|0|0|0|0|361|0||0|||1|0|00
2026|01|662788|015|08|CD|6213|FAL|35|01|2|003|100| F|521211|185|A|0|0| |0|01|||4|KDM  Konsumsi Makan Peserta KL Unit Terkait|1|UNIT|5|ORG|1|KEG|0||5|OK|44600|223000|0|0|0|0||0|0|0|0||| |0|0|| |-  -|0|38240|38240|38240|38240|38240|31077|0|0|0|0|0|723|0||0|||1|0|00
2026|01|662788|015|08|CD|6213|FAL|35|01|2|003|100| F|521211|185|A|0|0| |0|01|||5|KDM  Konsumsi Sanck Peserta KL Unit Terkait|1|UNIT|5|ORG|1|KEG|0||5|OK|18400|92000|0|0|0|0||0|0|0|0||| |0|0|| |-  -|0|15776|15776|15776|15776|15776|12821|0|0|0|0|0|299|0||0|||1|0|00
2026|01|662788|015|08|CD|6213|FAL|35|01|2|003|100| F|521211|185|A|0|0| |0|01|||6|KDM  Konsumsi Makan Peserta KPPN|3|KPPN|1|ORG|1|KEG|0||3|OK|44667|134000|0|0|0|0||0|0|0|0||| |0|0|| |-  -|0|22978|22978|22978|22978|22978|18674|0|0|0|0|0|436|0||0|||1|0|00
2026|01|662788|015|08|CD|6213|FAL|35|01|2|003|100| F|521211|185|A|0|0| |0|01|||7|KDM  Konsumsi Snack Peserta KPPN|3|KPPN|1|ORG|1|KEG|0||3|OK|18334|55000|0|0|0|0||0|0|0|0||| |0|0|| |-  -|0|9431|9431|9431|9431|9431|7665|0|0|0|0|0|180|0||0|||1|0|00
2026|01|662788|015|08|CD|6213|FAL|35|01|2|003|100| F|521211|185|A|0|0| |0|01|||8|KDM  Konsumsi Makan Panitia dan Narasumber|1|FR|15|ORG|2|KEG|0||30|OK|44534|1336000|0|0|0|0||0|0|0|0||| |0|0|| |-  -|0|229095|229095|229095|229095|229095|186185|0|0|0|0|0|4340|0||0|||1|0|00
2026|01|662788|015|08|CD|6213|FAL|35|01|2|003|100| F|521211|185|A|0|0| |0|01|||9|KDM  Konsumsi Snack Panitia dan Narasumber|1|FR|15|ORG|2|KEG|0||30|OK|18467|554000|0|0|0|0||0|0|0|0||| |0|0|| |-  -|0|94999|94999|94999|94999|94999|77206|0|0|0|0|0|1799|0||0|||1|0|00
2026|01|662788|015|08|CD|6213|FAL|35|01|2|003|100| F|522151|185|A|0|0| |0||||1|Honor Narasumber setara Pejabat Es. II|2|ORG|2|JAM|1|KEG|0||4|OJ|1000000|4000000|0|0|0|0||0|0|0|0||| |0|0|| |-  -|0|685914|685914|685914|685914|685914|557441|0|0|0|0|0|12989|0||0|||1|0|00
2026|01|662788|015|08|CD|6213|FAL|35|01|2|003|100| F|524111|185|A|0|0| |0||||1|Transport|2|KPPN|1|ORG|1|FREK|0||2|OK|581000|1162000|0|0|0|0||0|0|0|0||| |0|0|| |-  -|0|199258|199258|199258|199258|199258|161937|0|0|0|0|0|3773|0||0|||1|0|00
2026|01|662788|015|08|CD|6213|FAL|35|01|2|003|100| F|524111|185|A|0|0| |0||||2|Akomodasi|2|KPPN|1|ORG|1|FREK|1|HR|2|OK|700500|1401000|0|0|0|0||0|0|0|0||| |0|0|| |-  -|0|240241|240241|240241|240241|240241|195244|0|0|0|0|0|4551|0||0|||1|0|00
2026|01|662788|015|08|CD|6213|FAL|35|01|2|003|100| F|524111|185|A|0|0| |0||||3|Uang Harian|2|KPPN|1|ORG|1|FREK|2|HR|4|OH|266500|1066000|0|0|0|0||0|0|0|0||| |0|0|| |-  -|0|182796|182796|182796|182796|182796|148558|0|0|0|0|0|3462|0||0|||1|0|00
2026|01|662788|015|08|CD|6213|FAL|35|01|2|003|100| F|524113|185|A|0|0| |0||||1|Transport Lokal|1|ORG|1|FREK|1|HR|0||1|OK|132000|132000|0|0|0|0||0|0|0|0||| |0|0|| |-  -|0|22635|22635|22635|22635|22635|18396|0|0|0|0|0|429|0||0|||1|0|00
2026|01|662788|015|08|CD|6213|FAL|35|01|2|003|100| G|521211|185|A|0|0| |0||||1|KDM  Konsumsi Makan Rapat|1|FREK|15|ORG|1|KEG|0||15|OK|44534|668000|0|0|0|0||0|0|0|0||| |0|0|| |-  -|0|114548|114548|114548|114548|114548|93093|0|0|0|0|0|2167|0||0|||1|0|00
2026|01|662788|015|08|CD|6213|FAL|35|01|2|003|100| G|521211|185|A|0|0| |0||||2|KDM  Konsumsi Snack Rapat|1|FREK|15|ORG|1|KEG|0||15|OK|18467|277000|0|0|0|0||0|0|0|0||| |0|0|| |-  -|0|47500|47500|47500|47500|47500|38603|0|0|0|0|0|897|0||0|||1|0|00
2026|01|662788|015|08|CD|6213|FAL|35|01|2|003|100| H|524111|185|A|0|0| |0|01||1|1|Perjalanan Dinas Pembinaan KPPNMonev ke Pemda|0||0||0||0||0||0|0|0|0|0|0||0|0|0|0||| |0|0|| |-  -|0|0|0|0|0|0|0|0|0|0|0|0|0|0||0|||1|0|00
2026|01|662788|015|08|CD|6213|FAL|35|01|2|003|100| H|524111|185|A|0|0| |0|01|||2|Transport|1|PEMDA|2|ORG|2|FREK|0||4|OK|581250|2325000|0|0|0|0||0|0|0|0||| |0|0|| |-  -|0|398688|398688|398688|398688|398688|324013|0|0|0|0|0|7547|0||0|||1|0|00
2026|01|662788|015|08|CD|6213|FAL|35|01|2|003|100| H|524111|185|A|0|0| |0|01|||3|Akomodasi|1|PEMDA|2|ORG|2|FREK|1|HR|4|OK|700500|2802000|0|0|0|0||0|0|0|0||| |0|0|| |-  -|0|480483|480483|480483|480483|480483|390488|0|0|0|0|0|9097|0||0|||1|0|00
2026|01|662788|015|08|CD|6213|FAL|35|01|2|003|100| H|524111|185|A|0|0| |0|01|||4|Uang Harian|1|PEMDA|2|ORG|2|FREK|2|HR|8|OH|266625|2133000|0|0|0|0||0|0|0|0||| |0|0|| |-  -|0|365764|365764|365764|365764|365764|297256|0|0|0|0|0|6924|0||0|||1|0|00
2026|01|662788|015|08|CD|6213|FAL|35|01|2|003|100| H|524113|185|A|0|0| |0||||1|Transport Lokal|2|ORG|2|FREK|2|HR|0||8|OK|131750|1054000|0|0|0|0||0|0|0|0||| |0|0|| |-  -|0|180738|180738|180738|180738|180738|146886|0|0|0|0|0|3424|0||0|||1|0|00
2026|01|662788|015|08|CD|6215|FAH|35|01|2|003|100| A|524111|185|A|0|0| |0||||1|Transport|1|KPPN|2|ORG|1|FREK|0||2|OK|581000|1162000|0|0|0|0||0|0|0|0||| |0|0|| |-  -|0|134933|134933|134933|134933|134933|134933|134933|134933|0|0|0|82536|0||0|||1|0|00
2026|01|662788|015|08|CD|6215|FAH|35|01|2|003|100| A|524111|185|A|0|0| |0||||2|Akomodasi|1|KPPN|2|ORG|1|FREK|2|HR|4|OK|700500|2802000|0|0|0|0||0|0|0|0||| |0|0|| |-  -|0|325372|325372|325372|325372|325372|325372|325372|325372|0|0|0|199024|0||0|||1|0|00
2026|01|662788|015|08|CD|6215|FAH|35|01|2|003|100| A|524111|185|A|0|0| |0||||3|Uang Harian|1|KPPN|2|ORG|1|FREK|3|HR|6|OH|266500|1599000|0|0|0|0||0|0|0|0||| |0|0|| |-  -|0|185678|185678|185678|185678|185678|185678|185678|185678|0|0|0|113576|0||0|||1|0|00
2026|01|662788|015|08|CD|6215|FAH|35|01|2|003|100| A|524113|185|A|0|0| |0||||1|Transport Lokal|2|ORG|1|FREK|1|HR|0||2|OK|131500|263000|0|0|0|0||0|0|0|0||| |0|0|| |-  -|0|30540|30540|30540|30540|30540|30540|30540|30540|0|0|0|18680|0||0|||1|0|00
2026|01|662788|015|08|CD|6215|FAH|35|01|2|003|100| B|521211|185|A|0|0| |0||||1|KDM  Konsumsi Makan Peserta KPPN|3|KPPN|1|ORG|1|KEG|0||3|OK|44667|134000|0|0|0|0||0|0|0|0||| |0|0|| |-  -|0|15560|15560|15560|15560|15560|15560|15560|15560|0|0|0|9520|0||0|||1|0|00
2026|01|662788|015|08|CD|6215|FAH|35|01|2|003|100| B|521211|185|A|0|0| |0||||2|KDM  Konsumsi Snack Peserta KPPN|3|KPPN|1|ORG|1|KEG|0||3|OK|18334|55000|0|0|0|0||0|0|0|0||| |0|0|| |-  -|0|6387|6387|6387|6387|6387|6387|6387|6387|0|0|0|3904|0||0|||1|0|00
2026|01|662788|015|08|CD|6215|FAH|35|01|2|003|100| B|521211|185|A|0|0| |0||||3|KDM  Konsumsi Makan Peserta Kanwil|8|ORG|1|KEG|0||0||8|OK|44500|356000|0|0|0|0||0|0|0|0||| |0|0|| |-  -|0|41339|41339|41339|41339|41339|41339|41339|41339|0|0|0|25288|0||0|||1|0|00
2026|01|662788|015|08|CD|6215|FAH|35|01|2|003|100| B|521211|185|A|0|0| |0||||4|KDM  Konsumsi Snack Peserta Kanwil|8|ORG|1|KEG|0||0||8|OK|18500|148000|0|0|0|0||0|0|0|0||| |0|0|| |-  -|0|17186|17186|17186|17186|17186|17186|17186|17186|0|0|0|10512|0||0|||1|0|00
2026|01|662788|015|08|CD|6215|FAH|35|01|2|001|100| A|524111|185|A|0|0| |0||||1|Transport|1|PEMDA|2|ORG|1|FREK|0||2|OK|581000|1162000|0|0|0|0||0|0|0|0||| |0|0|| |-  -|0|285589|285589|285589|285589|19644|0|0|0|0|0|0|0|0||0|||1|0|00
2026|01|662788|015|08|CD|6215|FAH|35|01|2|001|100| A|524111|185|A|0|0| |0||||2|Akomodasi|1|PEMDA|2|ORG|1|FREK|1|HR|2|OK|700500|1401000|0|0|0|0||0|0|0|0||| |0|0|| |-  -|0|344328|344328|344328|344328|23688|0|0|0|0|0|0|0|0||0|||1|0|00
2026|01|662788|015|08|CD|6215|FAH|35|01|2|001|100| A|524111|185|A|0|0| |0||||3|Uang Harian|1|PEMDA|2|ORG|1|FREK|2|HR|4|OH|266500|1066000|0|0|0|0||0|0|0|0||| |0|0|| |-  -|0|261994|261994|261994|261994|18024|0|0|0|0|0|0|0|0||0|||1|0|00
2026|01|662788|015|08|CD|6215|FAH|35|01|2|001|100| A|524113|185|A|0|0| |0||||1|Transport Lokal|2|ORG|1|FREK|1|HR|0||2|OK|131500|263000|0|0|0|0||0|0|0|0||| |0|0|| |-  -|0|64638|64638|64638|64638|4448|0|0|0|0|0|0|0|0||0|||1|0|00
2026|01|662788|015|08|CD|6215|FAH|35|01|2|001|100| B|521211|185|A|0|0| |0|01||1|1|Pelaksanaan Kearsipan dan Dokumentasi|0||0||0||0||0||0|0|0|0|0|0||0|0|0|0||| |0|0|| |-  -|0|0|0|0|0|0|0|0|0|0|0|0|0|0||0|||1|0|00
2026|01|662788|015|08|CD|6215|FAH|35|01|2|001|100| B|521211|185|A|0|0| |0|01|||2|CTK  DokumentasiPenggandaanLaminasi|1|THN|0||0||0||1|THN|840000|840000|0|0|0|0||0|0|0|0||| |0|0|| |-  -|0|206450|206450|206450|206450|14200|0|0|0|0|0|0|0|0||0|||1|0|00
2026|01|662788|015|08|CD|6216|FAE|35|01|2|002|100| A|524111|185|A|0|0| |0||||1|Uang Harian|1|ORG|1|FREK|3|HR|0|0|3|ORG|223334|670000|0|0|0|0||0|0|0|0||| |0|0|| |-  -|0|25682|25682|25682|25682|25682|25682|25682|25682|25682|0|0|438862|0||0|||1|0|00
2026|01|662788|015|08|CD|6216|FAE|35|01|2|002|100| A|524111|185|A|0|0| |0||||2|Transport|1|ORG|1|FREK|0|0|0|0|1|ORG|1029000|1029000|0|0|0|0||0|0|0|0||| |0|0|| |-  -|0|39443|39443|39443|39443|39443|39443|39443|39443|39443|0|0|674013|0||0|||1|0|00
2026|01|662788|015|08|CD|6216|FAE|35|01|2|002|100| A|524111|185|A|0|0| |0||||3|Akomodasi|1|ORG|1|FREK|2|HR|0|0|2|FREK|507000|1014000|0|0|0|0||0|0|0|0||| |0|0|| |-  -|0|38868|38868|38868|38868|38868|38868|38868|38868|38868|0|0|664188|0||0|||1|0|00
2026|01|662788|015|08|CD|6216|FAE|35|01|2|002|100| A|524113|185|A|0|0| |0||||1|Transport Lokal|8|ORG|1|FREK|1|HR|0||8|OK|131750|1054000|0|0|0|0||0|0|0|0||| |0|0|| |-  -|0|40401|40401|40401|40401|40401|40401|40401|40401|40401|0|0|690391|0||0|||1|0|00
2026|01|662788|015|08|WA|4715|EBA|35|01|2|001|100| A|521811|185|A|0|0| |0||||1|ATK dan Supplies Komputer|0||0||0||0||1|THN|10240000|10240000|0|0|0|0||0|0|0|0||| |0|0|| |-  -|0|0|1273819|2745432|3110375|3110374|0|0|0|0|0|0|0|0||0|||1|0|00
2026|01|662788|015|08|WA|4715|EBA|35|01|2|001|100| A|522151|185|A|0|0| |0||||1|Honor Rohaniwan dalam rangka Pelantikan|3|ORG|2|KEG|0||0||6|OJ|400000|2400000|0|0|0|0||0|0|0|0||| |0|0|| |-  -|0|0|298551|643461|728994|728994|0|0|0|0|0|0|0|0||0|||1|0|00
2026|01|662788|015|08|WA|4715|EBA|35|01|2|001|100| B|522151|185|A|0|0| |0||||1|Honor Narasumber (Dinas PU)|2|ORG|1|JAM|0||0||2|OJ|900000|1800000|0|0|0|0||0|0|0|0||| |0|0|| |-  -|0|0|223913|482595|546746|546746|0|0|0|0|0|0|0|0||0|||1|0|00
2026|01|662788|015|08|WA|4715|EBA|35|01|2|001|100| B|524113|185|A|0|0| |0||||1|Transport Penilai|2|ORG|1|FREK|1|HR|0||2|OK|131500|263000|0|0|0|0||0|0|0|0||| |0|0|| |-  -|0|0|32716|70512|79885|79887|0|0|0|0|0|0|0|0||0|||1|0|00
2026|01|662788|015|08|WA|4715|EBA|35|01|2|994|002| A|521111|185|A|0|0| |0|01||1|1|Honor Dokter|0||0||0||0||0||0|0|0|0|0|0||0|0|0|0||| |0|0|| |-  -|0|0|0|0|0|0|0|0|0|0|0|0|0|0||0|||1|0|00
2026|01|662788|015|08|WA|4715|EBA|35|01|2|994|002| A|521111|185|A|0|0| |0|04|||10|Uang Lembur PPNPN|10|ORG|60|HR|2|JAM|0||1200|OJ|13000|15600000|0|0|0|0||0|0|0|0||| |0|0|| |-  -|0|2089250|2089250|2089250|2089250|2089250|2089250|2089250|975250|0|0|0|0|0||0|||1|0|00
2026|01|662788|015|08|WA|4715|EBA|35|01|2|994|002| A|521111|185|A|0|0| |0|04|||11|Uang Makan Lembur PPNPN|10|ORG|60|HR|0||0||600|OH|30000|18000000|0|0|0|0||0|0|0|0||| |0|0|| |-  -|0|2410673|2410673|2410673|2410673|2410673|2410673|2410673|1125289|0|0|0|0|0||0|||1|0|00
2026|01|662788|015|08|WA|4715|EBA|35|01|2|994|002| A|521111|185|A|0|0| |0|01|||2|Honor Dokter|1|ORG|12|BLN|0||0||12|OB|625000|7500000|0|0|0|0||0|0|0|0||| |0|0|| |-  -|0|1004447|1004447|1004447|1004447|1004447|1004447|1004447|468871|0|0|0|0|0||0|||1|0|00
2026|01|662788|015|08|WA|4715|EBA|35|01|2|994|002| A|521111|185|A|0|0| |0|02||1|3|Keperluan Perkantoran|0||0||0||0||0||0|0|0|0|0|0||0|0|0|0||| |0|0|| |-  -|0|0|0|0|0|0|0|0|0|0|0|0|0|0||0|||1|0|00
2026|01|662788|015|08|WA|4715|EBA|35|01|2|994|002| A|521111|185|A|0|0| |0|02|||4|Keperluan Seharihari Perkantoran|1|THN|0||0||0||1|THN|60440000|60440000|0|0|0|0||0|0|0|0||| |0|0|| |-  -|0|8094506|8094506|8094506|8094506|8094506|8094506|8094506|3778458|0|0|0|0|0||0|||1|0|00
2026|01|662788|015|08|WA|4715|EBA|35|01|2|994|002| A|521111|185|A|0|0| |0|03||1|5|Honorarium PPNPN|0||0||0||0||0||0|0|0|0|0|0||0|0|0|0||| |0|0|| |-  -|0|0|0|0|0|0|0|0|0|0|0|0|0|0||0|||1|0|00
2026|01|662788|015|08|WA|4715|EBA|35|01|2|994|002| A|521111|185|A|0|0| |0|03|||6|Honor Satpam|6|ORG|13|BLN|0||0||78|OB|4191000|326898000|0|0|0|0||0|0|0|0||| |0|0|| |-  -|0|43780239|43780239|43780239|43780239|43780239|43780239|43780239|20436327|0|0|0|0|0||0|||1|0|00
2026|01|662788|015|08|WA|4715|EBA|35|01|2|994|002| A|521111|185|A|0|0| |0|03|||7|Honor Pengemudi|2|ORG|13|BLN|0||0||26|OB|4191000|108966000|0|0|0|0||0|0|0|0||| |0|0|| |-  -|0|14593413|14593413|14593413|14593413|14593413|14593413|14593413|6812109|0|0|0|0|0||0|||1|0|00
2026|01|662788|015|08|WA|4715|EBA|35|01|2|994|002| A|521111|185|A|0|0| |0|03|||8|Honor Pramubakti|2|ORG|13|BLN|0||0||26|OB|3810000|99060000|0|0|0|0||0|0|0|0||| |0|0|| |-  -|0|13266739|13266739|13266739|13266739|13266739|13266739|13266739|6192827|0|0|0|0|0||0|||1|0|00
2026|01|662788|015|08|WA|4715|EBA|35|01|2|994|002| A|521111|185|A|0|0| |0|04||1|9|Lembur PPNPN|0||0||0||0||0||0|0|0|0|0|0||0|0|0|0||| |0|0|| |-  -|0|0|0|0|0|0|0|0|0|0|0|0|0|0||0|||1|0|00
2026|01|662788|015|08|WA|4715|EBA|35|01|2|994|002| A|521119|185|A|0|0| |0||||1|Peningkatan Kebugaran|1|ORG|12|BLN|0||0||12|OB|227000|2724000|0|0|0|0||0|0|0|0||| |0|0|| |-  -|0|364815|364815|364815|364815|364815|364815|364815|170295|0|0|0|0|0||0|||1|0|00
2026|01|662788|015|08|WA|4715|EBA|35|01|2|994|002| A|521811|185|A|0|0| |0||||1|ObatObatan|39|PEG|1|1|0||0||39|PEG|200000|7800000|0|0|0|0||0|0|0|0||| |0|0|| |-  -|0|1044625|1044625|1044625|1044625|1044625|1044625|1044625|487625|0|0|0|0|0||0|||1|0|00
2026|01|662788|015|08|WA|4715|EBA|35|01|2|994|002| B|521114|185|A|0|0| |0||||1|PosPengepakanPengirimanPengangkutan|0||0||0||0||1|THN|3746000|3746000|0|0|0|0||0|0|0|0||| |0|0|| |-  -|0|501688|501688|501688|501688|501688|501688|501688|234184|0|0|0|0|0||0|||1|0|00
2026|01|662788|015|08|WA|4715|EBA|35|01|2|994|002| B|522113|185|A|0|0| |0||||1|Langganan air|0||0||0||0||1|THN|13850000|13850000|0|0|0|0||0|0|0|0||| |0|0|| |-  -|0|1854879|1854879|1854879|1854879|1854879|1854879|1854879|865847|0|0|0|0|0||0|||1|0|00
2026|01|662788|015|08|WA|4715|EBA|35|01|2|994|002| C|521115|185|A|0|0| |0|01||1|1|Honor Pengelola Keuangan|0||0||0||0||0||0|0|0|0|0|0||0|0|0|0||| |0|0|| |-  -|0|0|0|0|0|0|0|0|0|0|0|0|0|0||0|||1|0|00
2026|01|662788|015|08|WA|4715|EBA|35|01|2|994|002| C|521115|185|A|0|0| |0|02|||10|KetuaWakil Ketua|1|ORG|12|BLN|0||0||12|OB|150000|1800000|0|0|0|0||0|0|0|0||| |0|0|| |-  -|0|241067|241067|241067|241067|241067|241067|241067|112531|0|0|0|0|0||0|||1|0|00
2026|01|662788|015|08|WA|4715|EBA|35|01|2|994|002| C|521115|185|A|0|0| |0|02|||11|AnggotaPetugas|1|ORG|12|BLN|0||0||12|OB|150000|1800000|0|0|0|0||0|0|0|0||| |0|0|| |-  -|0|241067|241067|241067|241067|241067|241067|241067|112531|0|0|0|0|0||0|||1|0|00
2026|01|662788|015|08|WA|4715|EBA|35|01|2|994|002| C|521115|185|A|0|0| |0|03||1|12|Honor Output Kegiatan|0||0||0||0||0||0|0|0|0|0|0||0|0|0|0||| |0|0|| |-  -|0|0|0|0|0|0|0|0|0|0|0|0|0|0||0|||1|0|00
2026|01|662788|015|08|WA|4715|EBA|35|01|2|994|002| C|521115|185|A|0|0| |0|03|||13|Honor Pejabat PBJ|1|ORG|12|BLN|0||0||12|OB|680000|8160000|0|0|0|0||0|0|0|0||| |0|0|| |-  -|0|1092839|1092839|1092839|1092839|1092839|1092839|1092839|510127|0|0|0|0|0||0|||1|0|00
2026|01|662788|015|08|WA|4715|EBA|35|01|2|994|002| C|521115|185|A|0|0| |0|03|||14|Honor Penyimpan dan Pengurus BMN|1|ORG|12|BLN|0||0||12|OB|180000|2160000|0|0|0|0||0|0|0|0||| |0|0|| |-  -|0|289281|289281|289281|289281|289281|289281|289281|135033|0|0|0|0|0||0|||1|0|00
2026|01|662788|015|08|WA|4715|EBA|35|01|2|994|002| C|521115|185|A|0|0| |0|01|||2|KPA|1|ORG|12|BLN|0||0||12|OB|1180000|14160000|0|0|0|0||0|0|0|0||| |0|0|| |-  -|0|1896396|1896396|1896396|1896396|1896396|1896396|1896396|885228|0|0|0|0|0||0|||1|0|00
2026|01|662788|015|08|WA|4715|EBA|35|01|2|994|002| C|521115|185|A|0|0| |0|01|||3|PPK|1|ORG|12|BLN|0||0||12|OB|1150000|13800000|0|0|0|0||0|0|0|0||| |0|0|| |-  -|0|1848183|1848183|1848183|1848183|1848183|1848183|1848183|862719|0|0|0|0|0||0|||1|0|00
2026|01|662788|015|08|WA|4715|EBA|35|01|2|994|002| C|521115|185|A|0|0| |0|01|||4|PPSPM|1|ORG|12|BLN|0||0||12|OB|470000|5640000|0|0|0|0||0|0|0|0||| |0|0|| |-  -|0|755344|755344|755344|755344|755344|755344|755344|352592|0|0|0|0|0||0|||1|0|00
2026|01|662788|015|08|WA|4715|EBA|35|01|2|994|002| C|521115|185|A|0|0| |0|01|||5|Bendahara|1|ORG|12|BLN|0||0||12|OB|410000|4920000|0|0|0|0||0|0|0|0||| |0|0|| |-  -|0|658917|658917|658917|658917|658917|658917|658917|307581|0|0|0|0|0||0|||1|0|00
2026|01|662788|015|08|WA|4715|EBA|35|01|2|994|002| C|521115|185|A|0|0| |0|01|||6|Staff Pengelola Keuangan|2|ORG|12|BLN|0||0||24|OB|300000|7200000|0|0|0|0||0|0|0|0||| |0|0|| |-  -|0|964269|964269|964269|964269|964269|964269|964269|450117|0|0|0|0|0||0|||1|0|00
2026|01|662788|015|08|WA|4715|EBA|35|01|2|994|002| C|521115|185|A|0|0| |0|02||1|7|Honor tim SAI|0||0||0||0||0||0|0|0|0|0|0||0|0|0|0||| |0|0|| |-  -|0|0|0|0|0|0|0|0|0|0|0|0|0|0||0|||1|0|00
2026|01|662788|015|08|WA|4715|EBA|35|01|2|994|002| C|521115|185|A|0|0| |0|02|||8|Penanggung jawab|1|ORG|12|BLN|0||0||12|OB|200000|2400000|0|0|0|0||0|0|0|0||| |0|0|| |-  -|0|321423|321423|321423|321423|321423|321423|321423|150039|0|0|0|0|0||0|||1|0|00
2026|01|662788|015|08|WA|4715|EBA|35|01|2|994|002| C|521115|185|A|0|0| |0|02|||9|Koordinator|1|ORG|12|BLN|0||0||12|OB|200000|2400000|0|0|0|0||0|0|0|0||| |0|0|| |-  -|0|321423|321423|321423|321423|321423|321423|321423|150039|0|0|0|0|0||0|||1|0|00
2026|01|662788|015|08|WA|4715|EBA|35|01|2|994|002| C|521119|185|A|0|0| |0|01||1|1|Pengadaan Seragam|0||0||0||0||0||0|0|0|0|0|0||0|0|0|0||| |0|0|| |-  -|0|0|0|0|0|0|0|0|0|0|0|0|0|0||0|||1|0|00
2026|01|662788|015|08|WA|4715|EBA|35|01|2|994|002| C|521119|185|A|0|0| |0|01|||2|Seragam pegawai|39|ORG|1|STEL|0||0||39|STEL|959872|37435000|0|0|0|0||0|0|0|0||| |0|0|| |-  -|0|5013531|5013531|5013531|5013531|5013531|5013531|5013531|2340283|0|0|0|0|0||0|||1|0|00
2026|01|662788|015|08|WA|4715|EBA|35|01|2|994|002| C|521119|185|A|0|0| |0|01|||3|Seragam satpam|6|ORG|1|STEL|0||0||6|STEL|1924334|11546000|0|0|0|0||0|0|0|0||| |0|0|| |-  -|0|1546313|1546313|1546313|1546313|1546313|1546313|1546313|721809|0|0|0|0|0||0|||1|0|00
2026|01|662788|015|08|WA|4715|EBA|35|01|2|994|002| C|521119|185|A|0|0| |0|01|||4|Seragam pengemudi|2|ORG|1|STEL|0||0||2|STEL|657500|1315000|0|0|0|0||0|0|0|0||| |0|0|| |-  -|0|176113|176113|176113|176113|176113|176113|176113|82209|0|0|0|0|0||0|||1|0|00
2026|01|662788|015|08|WA|4715|EBA|35|01|2|994|002| C|521119|185|A|0|0| |0|01|||5|Seragam pramubakti|2|ORG|1|STEL|0||0||2|STEL|657500|1315000|0|0|0|0||0|0|0|0||| |0|0|| |-  -|0|176113|176113|176113|176113|176113|176113|176113|82209|0|0|0|0|0||0|||1|0|00
2026|01|662788|015|08|WA|4715|EBA|35|01|2|994|002| D|523121|185|A|0|0| |0||||1|Kendaraan Jabatan|0||0||0||0||1|UNIT|30429000|30429000|0|0|0|0||0|0|0|0||| |0|0|| |-  -|0|4075243|4075243|4075243|4075243|4075243|4075243|4075243|1902299|0|0|0|0|0||0|||1|0|00
2026|01|662788|015|08|WA|4715|EBA|35|01|2|994|002| D|523121|185|A|0|0| |0||||2|Kendaraan Roda 4|0||0||0||0||3|UNIT|30428667|91286000|0|0|0|0||0|0|0|0||| |0|0|| |-  -|0|12225596|12225596|12225596|12225596|12225596|12225596|12225596|5706828|0|0|0|0|0||0|||1|0|00
2026|01|662788|015|08|WA|4715|EBA|35|01|2|994|002| D|523121|185|A|0|0| |0||||3|Kendaraan Roda 2|0||0||0||0||1|UNIT|3469000|3469000|0|0|0|0||0|0|0|0||| |0|0|| |-  -|0|464590|464590|464590|464590|464590|464590|464590|216870|0|0|0|0|0||0|||1|0|00
2026|01|662788|015|08|WA|4715|EBA|35|01|2|994|002| D|523121|185|A|0|0| |0||||4|Inventaris Kantor|0||0||0||0||39|ORG|76667|2990000|0|0|0|0||0|0|0|0||| |0|0|| |-  -|0|400440|400440|400440|400440|400440|400440|400440|186920|0|0|0|0|0||0|||1|0|00
2026|01|662788|015|08|WA|4715|EBA|35|01|2|994|002| D|523121|185|A|0|0| |0||||5|Mesin Fotocopy|0||0||0||0||1|UNIT|958000|958000|0|0|0|0||0|0|0|0||| |0|0|| |-  -|0|128301|128301|128301|128301|128301|128301|128301|59893|0|0|0|0|0||0|||1|0|00
2026|01|662788|015|08|WA|4715|EBA|35|01|2|994|002| D|523121|185|A|0|0| |0||||6|Tabung pemadam api|0||0||0||0||10|UNIT|287500|2875000|0|0|0|0||0|0|0|0||| |0|0|| |-  -|0|385038|385038|385038|385038|385038|385038|385038|179734|0|0|0|0|0||0|||1|0|00
2026|01|662788|015|08|WA|4715|EBA|35|01|2|994|002| D|523121|185|A|0|0| |0||||7|AC Standing loorSplitCassette|0||0||0||0||27|UNIT|479112|12936000|0|0|0|0||0|0|0|0||| |0|0|| |-  -|0|1732471|1732471|1732471|1732471|1732471|1732471|1732471|808703|0|0|0|0|0||0|||1|0|00
2026|01|662788|015|08|WA|4715|EBA|35|01|2|994|002| D|523121|185|A|0|0| |0||||8|Genset Khusus|0||0||0||0||1|UNIT|8780000|8780000|0|0|0|0||0|0|0|0||| |0|0|| |-  -|0|1175873|1175873|1175873|1175873|1175873|1175873|1175873|548889|0|0|0|0|0||0|||1|0|00
2026|01|662788|015|08|WA|4715|EBA|35|01|2|994|002| G|523111|185|A|0|0| |0||||1|Pemeliharaan Gedung Kantor Permanen|300|m2|0||0||0||300|m2|91414|27424000|0|0|0|0||0|0|0|0||| |0|0|| |-  -|0|3672795|3672795|3672795|3672795|3672795|3672795|3672795|1714435|0|0|0|0|0||0|||1|0|00
2026|01|662788|015|08|WA|4715|EBA|35|01|2|994|002| G|523119|185|A|0|0| |0||||1|Rumah Negara Golongan I Tipe B Permanen|0||0||0||0||120|M2|101567|12188000|0|0|0|0||0|0|0|0||| |0|0|| |-  -|0|1632294|1632294|1632294|1632294|1632294|1632294|1632294|761942|0|0|0|0|0||0|||1|0|00
2026|01|662788|015|08|WA|4715|EBA|35|01|2|994|002| G|523119|185|A|0|0| |0||||2|Rumah Negara Golongan I Tipe C Permanen|0||0||0||0||70|M2|101572|7110000|0|0|0|0||0|0|0|0||| |0|0|| |-  -|0|952216|952216|952216|952216|952216|952216|952216|444488|0|0|0|0|0||0|||1|0|00
2026|01|662788|015|08|WA|4715|EBA|35|01|2|994|002|TJ|523121|185|A|0|0| |0||||1|Printer|0||0||0||0||15|UNIT|661134|9917000|0|0|0|0||0|0|0|0||| |0|0|| |-  -|0|1328147|1328147|1328147|1328147|1328147|1328147|1328147|619971|0|0|0|0|0||0|||1|0|00
2026|01|662788|015|08|WA|4715|EBA|35|01|2|994|002|TJ|523121|185|A|0|0| |0||||2|PCLaptop|0||0||0||0||39|UNIT|479104|18685000|0|0|0|0||0|0|0|0||| |0|0|| |-  -|0|2502413|2502413|2502413|2502413|2502413|2502413|2502413|1168109|0|0|0|0|0||0|||1|0|00
2026|01|662788|015|08|WA|4715|EBA|35|01|2|994|002|TJ|523121|185|A|0|0| |0||||3|UPS 10KVA|0||0||0||0||3|UNIT|191668|575000|0|0|0|0||0|0|0|0||| |0|0|| |-  -|0|77008|77008|77008|77008|77008|77008|77008|35944|0|0|0|0|0||0|||1|0|00
2026|01|662788|015|08|WA|4715|EBA|35|01|2|002|100| A|524111|185|A|0|0| |0|01||1|1|Konsultasi ke Pusat|0||0||0||0||0||0|0|0|0|0|0||0|0|0|0||| |0|0|| |-  -|0|0|0|0|0|0|0|0|0|0|0|0|0|0||0|||1|0|00
2026|01|662788|015|08|WA|4715|EBA|35|01|2|002|100| A|524111|185|A|0|0| |0|01|||2|Transport|1|KEG|2|ORG|2|FREK|0||4|OK|4126250|16505000|0|0|0|0||0|0|0|0||| |0|0|| |-  -|0|1659902|1659902|1659902|1659902|1659902|1659902|1659902|1659902|1659902|1565882|0|0|0||0|||1|0|00
2026|01|662788|015|08|WA|4715|EBA|35|01|2|002|100| A|524111|185|A|0|0| |0|01|||3|Akomodasi|1|KEG|2|ORG|2|FREK|2|HR|8|OK|565625|4525000|0|0|0|0||0|0|0|0||| |0|0|| |-  -|0|455078|455078|455078|455078|455078|455078|455078|455078|455078|429298|0|0|0||0|||1|0|00
2026|01|662788|015|08|WA|4715|EBA|35|01|2|002|100| A|524111|185|A|0|0| |0|01|||4|Uang Harian|1|KEG|2|ORG|2|FREK|3|HR|12|OH|328584|3943000|0|0|0|0||0|0|0|0||| |0|0|| |-  -|0|396546|396546|396546|396546|396546|396546|396546|396546|396546|374086|0|0|0||0|||1|0|00
2026|01|662788|015|08|WA|4715|EBA|35|01|2|002|100| A|524111|185|A|0|0| |0|02||1|5|KoordinasiRapatPembinaanKonsultasi|0||0||0||0||0||0|0|0|0|0|0||0|0|0|0||| |0|0|| |-  -|0|0|0|0|0|0|0|0|0|0|0|0|0|0||0|||1|0|00
2026|01|662788|015|08|WA|4715|EBA|35|01|2|002|100| A|524111|185|A|0|0| |0|02|||6|Transport|1|KEG|2|ORG|1|FREK|0||2|OK|581000|1162000|0|0|0|0||0|0|0|0||| |0|0|| |-  -|0|116862|116862|116862|116862|116862|116862|116862|116862|116862|110242|0|0|0||0|||1|0|00
2026|01|662788|015|08|WA|4715|EBA|35|01|2|002|100| A|524111|185|A|0|0| |0|02|||7|Akomodasi|1|KEG|2|ORG|1|FREK|2|HR|4|OK|700500|2802000|0|0|0|0||0|0|0|0||| |0|0|| |-  -|0|281796|281796|281796|281796|281796|281796|281796|281796|281796|265836|0|0|0||0|||1|0|00
2026|01|662788|015|08|WA|4715|EBA|35|01|2|002|100| A|524111|185|A|0|0| |0|02|||8|Uang Harian|1|KEG|2|ORG|1|FREK|3|HR|6|OH|266500|1599000|0|0|0|0||0|0|0|0||| |0|0|| |-  -|0|160811|160811|160811|160811|160811|160811|160811|160811|160811|151701|0|0|0||0|||1|0|00
2026|01|662788|015|08|WA|4715|EBA|35|01|2|002|100| A|524113|185|A|0|0| |0||||1|Transport Lokal dalam rangka Koordinasi|2|ORG|12|FREK|1|HR|0||24|OK|131750|3162000|0|0|0|0||0|0|0|0||| |0|0|| |-  -|0|318001|318001|318001|318001|318001|318001|318001|318001|318001|299991|0|0|0||0|||1|0|00
2026|01|662788|015|08|WA|4715|EBD|35|01|2|Z36|100| A|521211|185|A|0|0| |0|01||1|1|Rakor Penyusunan Pengelolaan Kinerja dan DKO (Cross Program)|0||0||0||0||0||0|0|0|0|0|0||0|0|0|0||| |0|0|| |-  -|0|0|0|0|0|0|0|0|0|0|0|0|0|0||0|||1|0|00
2026|01|662788|015|08|WA|4715|EBD|35|01|2|Z36|100| A|521211|185|A|0|0| |0|01|||2|KDM  Konsumsi Makan Peserta KPPN|3|KPPN|1|ORG|1|KEG|1|HR|3|OK|44667|134000|0|0|0|0||0|0|0|0||| |0|0|| |-  -|0|18754|18754|18754|18754|18754|18754|18754|2722|0|0|0|0|0||0|||1|0|00
2026|01|662788|015|08|WA|4715|EBD|35|01|2|Z36|100| A|521211|185|A|0|0| |0|01|||3|KDM  Konsumsi Snack Peserta KPPN|3|KPPN|1|ORG|1|KEG|1|HR|3|OK|18334|55000|0|0|0|0||0|0|0|0||| |0|0|| |-  -|0|7698|7698|7698|7698|7698|7698|7698|1114|0|0|0|0|0||0|||1|0|00
2026|01|662788|015|08|WA|4715|EBD|35|01|2|Z36|100| A|521211|185|A|0|0| |0|01|||4|KDM  Konsumsi Makan Peserta Kanwil|10|ORG|1|KEG|1|HR|0||10|OK|44500|445000|0|0|0|0||0|0|0|0||| |0|0|| |-  -|0|62280|62280|62280|62280|62280|62280|62280|9040|0|0|0|0|0||0|||1|0|00
2026|01|662788|015|08|WA|4715|EBD|35|01|2|Z36|100| A|521211|185|A|0|0| |0|01|||5|KDM  Konsumsi Snack Peserta Kanwil|10|ORG|1|KEG|1|HR|0||10|OK|18500|185000|0|0|0|0||0|0|0|0||| |0|0|| |-  -|0|25892|25892|25892|25892|25892|25892|25892|3756|0|0|0|0|0||0|||1|0|00
2026|01|662788|015|08|WA|4715|EBD|35|01|2|Z36|100| A|521211|185|A|0|0| |0|01|||6|CTK  Pengelolaan Kinerja, DAMS, ABK|0||0||0||0||12|BLN|420000|5040000|0|0|0|0||0|0|0|0||| |0|0|| |-  -|0|705374|705374|705374|705374|705374|705374|705374|102382|0|0|0|0|0||0|||1|0|00
2026|01|662788|015|08|WA|4715|EBD|35|01|2|Z26|100| A|521211|185|A|0|0| |0||||1|KDM  Konsumsi Makan Peserta KPPN|3|KPPN|2|ORG|2|KEG|0||12|OK|44500|534000|0|0|0|0||0|0|0|0||| |0|0|| |-  -|0|64325|64325|64325|64325|64325|64325|64325|64325|19400|0|0|0|0||0|||1|0|00
2026|01|662788|015|08|WA|4715|EBD|35|01|2|Z26|100| A|521211|185|A|0|0| |0||||2|KDM  Konsumsi Snack Peserta KPPN|3|KPPN|2|ORG|2|KEG|0||12|OK|18500|222000|0|0|0|0||0|0|0|0||| |0|0|| |-  -|0|26742|26742|26742|26742|26742|26742|26742|26742|8064|0|0|0|0||0|||1|0|00
2026|01|662788|015|08|WA|4715|EBD|35|01|2|Z26|100| A|521211|185|A|0|0| |0||||3|KDM  Konsumsi Makan Peserta Kanwil|1|KPPN|10|ORG|2|KEG|0||20|OK|44500|890000|0|0|0|0||0|0|0|0||| |0|0|| |-  -|0|107209|107209|107209|107209|107209|107209|107209|107209|32328|0|0|0|0||0|||1|0|00
2026|01|662788|015|08|WA|4715|EBD|35|01|2|Z26|100| A|521211|185|A|0|0| |0||||4|KDM  Konsumsi Snack Peserta Kanwil|1|KPPN|10|ORG|2|KEG|0||20|OK|18500|370000|0|0|0|0||0|0|0|0||| |0|0|| |-  -|0|44570|44570|44570|44570|44570|44570|44570|44570|13440|0|0|0|0||0|||1|0|00
2026|01|662788|015|08|WA|4715|EBD|35|01|2|Z26|100| A|524111|185|A|0|0| |0||||1|Transport|2|KPPN|2|ORG|1|FREK|0||4|OK|581250|2325000|0|0|0|0||0|0|0|0||| |0|0|| |-  -|0|280068|280068|280068|280068|280068|280068|280068|280068|84456|0|0|0|0||0|||1|0|00
2026|01|662788|015|08|WA|4715|EBD|35|01|2|Z26|100| A|524111|185|A|0|0| |0||||2|Akomodasi|2|KPPN|2|ORG|1|FREK|2|HR|8|OK|700500|5604000|0|0|0|0||0|0|0|0||| |0|0|| |-  -|0|675054|675054|675054|675054|675054|675054|675054|675054|203568|0|0|0|0||0|||1|0|00
2026|01|662788|015|08|WA|4715|EBD|35|01|2|Z26|100| A|524111|185|A|0|0| |0||||3|Uang Harian|2|KPPN|2|ORG|1|FREK|3|HR|12|OH|266584|3199000|0|0|0|0||0|0|0|0||| |0|0|| |-  -|0|385350|385350|385350|385350|385350|385350|385350|385350|116200|0|0|0|0||0|||1|0|00
2026|01|662788|015|08|WA|4715|EBD|35|01|2|Z26|100| A|524113|185|A|0|0| |0||||1|Transport Lokal|2|ORG|1|FREK|1|HR|0||2|OK|131500|263000|0|0|0|0||0|0|0|0||| |0|0|| |-  -|0|31681|31681|31681|31681|31681|31681|31681|31681|9552|0|0|0|0||0|||1|0|00
2026|01|662788|015|08|WA|4718|BMB|35|01|2|002|100| A|521211|185|A|0|0| |0||||1|KDM  Konsumsi Makan Peserta Press Conference|12|BLN|20|ORG|1|KEG|0||240|OK|44521|10685000|0|0|0|0||0|0|0|0||| |0|0|| |-  -|0|1831714|1831714|1831714|1831714|1831714|1526430|0|0|0|0|0|0|0||0|||1|0|00
2026|01|662788|015|08|WA|4718|BMB|35|01|2|002|100| A|521211|185|A|0|0| |0||||2|KDM  Konsumsi Snack Peserta Press Conference|12|BLN|20|ORG|1|KEG|0||240|OK|18480|4435000|0|0|0|0||0|0|0|0||| |0|0|| |-  -|0|760286|760286|760286|760286|760286|633570|0|0|0|0|0|0|0||0|||1|0|00
2026|01|662788|015|08|WA|4718|BMB|35|01|2|002|100| A|521211|185|A|0|0| |0||||3|CTK  SpandukBanner|0||0||0||0||12|PKT|420000|5040000|0|0|0|0||0|0|0|0||| |0|0|| |-  -|0|864000|864000|864000|864000|864000|720000|0|0|0|0|0|0|0||0|||1|0|00
2026|01|662788|015|08|WA|4718|BMB|35|01|2|002|100| A|521219|185|A|0|0| |0||||1|Advetorial APBN Kita|0||0||0||0||4|PKT|735000|2940000|0|0|0|0||0|0|0|0||| |0|0|| |-  -|0|504000|504000|504000|504000|504000|420000|0|0|0|0|0|0|0||0|||1|0|00
2026|01|662788|015|08|WA|4718|BMB|35|01|2|001|100| A|521211|185|A|0|0| |0||||1|KDM  Konsumsi Makan Peserta|1|FREK|50|ORG|2|KEG|0||100|OK|44520|4452000|0|0|0|0||0|0|0|0||| |0|0|| |-  -|0|516293|516293|516293|516293|516293|516293|516293|516293|321656|0|0|0|0||0|||1|0|00
2026|01|662788|015|08|WA|4718|BMB|35|01|2|001|100| A|521211|185|A|0|0| |0||||2|KDM  Konsumsi Snack Peserta|1|FREK|50|ORG|2|KEG|0||100|OK|18480|1848000|0|0|0|0||0|0|0|0||| |0|0|| |-  -|0|214311|214311|214311|214311|214311|214311|214311|214311|133512|0|0|0|0||0|||1|0|00
2026|01|662788|015|08|WA|4719|EBA|35|01|2|005|100| A|524111|185|A|0|0| |0||||1|Transport|1|LOK|2|ORG|1|FREK|0||2|OK|581000|1162000|0|0|0|0||0|0|0|0||| |0|0|| |-  -|0|190428|190428|190428|190428|190428|190428|19432|0|0|0|0|0|0||0|||1|0|00
2026|01|662788|015|08|WA|4719|EBA|35|01|2|005|100| A|524111|185|A|0|0| |0||||2|Akomodasi|1|LOK|2|ORG|1|FREK|1|HR|2|OK|700500|1401000|0|0|0|0||0|0|0|0||| |0|0|| |-  -|0|229595|229595|229595|229595|229595|229595|23430|0|0|0|0|0|0||0|||1|0|00
2026|01|662788|015|08|WA|4719|EBA|35|01|2|005|100| A|524111|185|A|0|0| |0||||3|Uang Harian|1|LOK|2|ORG|1|FREK|2|HR|4|OH|266500|1066000|0|0|0|0||0|0|0|0||| |0|0|| |-  -|0|174695|174695|174695|174695|174695|174695|17830|0|0|0|0|0|0||0|||1|0|00
2026|01|662788|015|08|WA|4719|EBA|35|01|2|005|100| A|524113|185|A|0|0| |0||||1|Transport Lokal|2|ORG|1|FREK|1|HR|0||2|OK|131500|263000|0|0|0|0||0|0|0|0||| |0|0|| |-  -|0|43100|43100|43100|43100|43100|43100|4400|0|0|0|0|0|0||0|||1|0|00
2026|01|662788|015|08|WA|4719|EBA|35|01|2|005|100| B|524111|185|A|0|0| |0||||1|Transport|1|KPPN|2|ORG|1|FREK|0||2|OK|581000|1162000|0|0|0|0||0|0|0|0||| |0|0|| |-  -|0|190428|190428|190428|190428|190428|190428|19432|0|0|0|0|0|0||0|||1|0|00
2026|01|662788|015|08|WA|4719|EBA|35|01|2|005|100| B|524111|185|A|0|0| |0||||2|Akomodasi|1|KPPN|2|ORG|1|FREK|2|HR|4|OK|700500|2802000|0|0|0|0||0|0|0|0||| |0|0|| |-  -|0|459190|459190|459190|459190|459190|459190|46860|0|0|0|0|0|0||0|||1|0|00
2026|01|662788|015|08|WA|4719|EBA|35|01|2|005|100| B|524111|185|A|0|0| |0||||3|Uang Harian|1|KPPN|2|ORG|1|FREK|3|HR|6|OH|266500|1599000|0|0|0|0||0|0|0|0||| |0|0|| |-  -|0|262043|262043|262043|262043|262043|262043|26742|0|0|0|0|0|0||0|||1|0|00
2026|01|662788|015|08|WA|4719|EBA|35|01|2|005|100| B|524113|185|A|0|0| |0||||1|Transport Lokal|2|ORG|1|FREK|2|HR|0||4|OK|131750|527000|0|0|0|0||0|0|0|0||| |0|0|| |-  -|0|86364|86364|86364|86364|86364|86364|8816|0|0|0|0|0|0||0|||1|0|00
2026|01|662788|015|08|WA|4719|EBA|35|01|2|005|100| B|524113|185|A|0|0| |0||||2|Uang Harian dalam kota Lebih dari 8 Jam|2|ORG|1|FREK|2|HR|0||4|OK|105500|422000|0|0|0|0||0|0|0|0||| |0|0|| |-  -|0|69157|69157|69157|69157|69157|69157|7058|0|0|0|0|0|0||0|||1|0|00
2026|01|662788|015|08|WA|4719|EBA|35|01|2|003|100| A|524111|185|A|0|0| |0||||1|Transport|2|KPPN|4|ORG|1|FREK|0||8|OK|581125|4649000|0|0|0|0||0|0|0|0||| |0|0|| |-  -|0|515855|515855|515855|515855|515855|515855|515855|515855|515855|6305|0|0|0||0|||1|0|00
2026|01|662788|015|08|WA|4719|EBA|35|01|2|003|100| A|524111|185|A|0|0| |0||||2|Akomodasi|2|KPPN|4|ORG|1|FREK|4|HR|32|OK|700500|22416000|0|0|0|0||0|0|0|0||| |0|0|| |-  -|0|2487291|2487291|2487291|2487291|2487291|2487291|2487291|2487291|2487291|30381|0|0|0||0|||1|0|00
2026|01|662788|015|08|WA|4719|EBA|35|01|2|003|100| A|524111|185|A|0|0| |0||||3|Uang Harian|2|KPPN|4|ORG|1|FREK|5|HR|40|OH|266575|10663000|0|0|0|0||0|0|0|0||| |0|0|| |-  -|0|1183172|1183172|1183172|1183172|1183172|1183172|1183172|1183172|1183172|14452|0|0|0||0|||1|0|00
2026|01|662788|015|08|WA|4719|EBA|35|01|2|003|100| A|524113|185|A|0|0| |0||||1|Transport Lokal|4|ORG|1|FREK|4|HR|0||16|OK|131750|2108000|0|0|0|0||0|0|0|0||| |0|0|| |-  -|0|233905|233905|233905|233905|233905|233905|233905|233905|233905|2855|0|0|0||0|||1|0|00
2026|01|662788|015|08|WA|4719|EBA|35|01|2|003|100| A|524113|185|A|0|0| |0||||2|Uang Harian dalam kota Lebih dari 8 Jam|4|ORG|1|FREK|4|HR|0||16|OK|105375|1686000|0|0|0|0||0|0|0|0||| |0|0|| |-  -|0|187079|187079|187079|187079|187079|187079|187079|187079|187079|2289|0|0|0||0|||1|0|00
2026|01|662788|015|08|WA|4719|EBA|35|01|2|003|100| B|521211|185|A|0|0| |0|01||1|1|Koordinasi Kanwil Dalam Rangka WBKWBBMKWTKPT (Cross Program)|0||0||0||0||0||0|0|0|0|0|0||0|0|0|0||| |0|0|| |-  -|0|0|0|0|0|0|0|0|0|0|0|0|0|0||0|||1|0|00
2026|01|662788|015|08|WA|4719|EBA|35|01|2|003|100| B|521211|185|A|0|0| |0|01|||2|KDM  Konsumsi Makan Peserta KPPN|3|KPPN|2|ORG|2|KEG|0||12|OK|44500|534000|0|0|0|0||0|0|0|0||| |0|0|| |-  -|0|59253|59253|59253|59253|59253|59253|59253|59253|59253|723|0|0|0||0|||1|0|00
2026|01|662788|015|08|WA|4719|EBA|35|01|2|003|100| B|521211|185|A|0|0| |0|01|||3|KDM  Konsumsi Snack Peserta KPPN|3|KPPN|2|ORG|2|KEG|0||12|OK|18500|222000|0|0|0|0||0|0|0|0||| |0|0|| |-  -|0|24633|24633|24633|24633|24633|24633|24633|24633|24633|303|0|0|0||0|||1|0|00
2026|01|662788|015|08|WA|4719|EBA|35|01|2|003|100| B|521211|185|A|0|0| |0|01|||4|KDM  Konsumsi Makan Peserta Kanwil|1|FR|10|ORG|2|KEG|0||20|OK|44500|890000|0|0|0|0||0|0|0|0||| |0|0|| |-  -|0|98755|98755|98755|98755|98755|98755|98755|98755|98755|1205|0|0|0||0|||1|0|00
2026|01|662788|015|08|WA|4719|EBA|35|01|2|003|100| B|521211|185|A|0|0| |0|01|||5|KDM  Konsumsi Snack Peserta Kanwil|1|FR|10|ORG|2|KEG|0||20|OK|18500|370000|0|0|0|0||0|0|0|0||| |0|0|| |-  -|0|41055|41055|41055|41055|41055|41055|41055|41055|41055|505|0|0|0||0|||1|0|00
2026|01|662788|015|08|WA|4719|EBA|35|01|2|994|001| A|511129|185|A|0|0| |0||||1|Uang Makan Golongan II|15|ORG|19|HR|12|BLN|0|0|3420|OH|35000|119700000|0|0|0|0||0|0|0|0||| |0|0|| |-  -|0|10417866|10417866|10417866|10417866|10417866|10417866|10417866|10417866|10417866|10417866|9627850|5893490|0||0|||1|0|00
2026|01|662788|015|08|WA|4719|EBA|35|01|2|994|001| A|511129|185|A|0|0| |0||||2|Uang Makan Golongan III|19|ORG|19|HR|12|BLN|0|0|4332|OH|37000|160284000|0|0|0|0||0|0|0|0||| |0|0|| |-  -|0|13950019|13950019|13950019|13950019|13950019|13950019|13950019|13950019|13950019|13950019|12892150|7891660|0||0|||1|0|00
2026|01|662788|015|08|WA|4719|EBA|35|01|2|994|001| A|511129|185|A|0|0| |0||||3|Uang Makan Golongan IV|5|ORG|19|HR|12|BLN|0|0|1140|OH|41000|46740000|0|0|0|0||0|0|0|0||| |0|0|| |-  -|0|4067929|4067929|4067929|4067929|4067929|4067929|4067929|4067929|4067929|4067929|3759446|2301264|0||0|||1|0|00
2026|01|662788|015|08|WA|4719|EBA|35|01|2|994|001| A|512211|185|A|0|0| |0||||1|Uang Lembur Golongan II|15|ORG|2|JAM|30|HARI|0|0|900|OJ|21656|19490000|0|0|0|0||0|0|0|0||| |0|0|| |-  -|0|1696276|1696276|1696276|1696276|1696276|1696276|1696276|1696276|1696276|1696276|1567642|959598|0||0|||1|0|00
2026|01|662788|015|08|WA|4719|EBA|35|01|2|994|001| A|512211|185|A|0|0| |0||||2|Uang Lembur Golongan III|19|ORG|2|JAM|30|HARI|0|0|1140|OJ|27070|30859000|0|0|0|0||0|0|0|0||| |0|0|| |-  -|0|2685756|2685756|2685756|2685756|2685756|2685756|2685756|2685756|2685756|2685756|2482087|1519353|0||0|||1|0|00
2026|01|662788|015|08|WA|4719|EBA|35|01|2|994|001| A|512211|185|A|0|0| |0||||3|Uang Lembur Golongan IV|5|ORG|2|JAM|30|HARI|0|0|300|OJ|32484|9745000|0|0|0|0||0|0|0|0||| |0|0|| |-  -|0|848138|848138|848138|848138|848138|848138|848138|848138|848138|848138|783821|479799|0||0|||1|0|00
2026|01|662788|015|08|WA|4719|EBA|35|01|2|994|001| A|512211|185|A|0|0| |0||||4|Uang makan Lembur Golongan II|15|ORG|30|HR|1|FREK|0||450|OH|31580|14211000|0|0|0|0||0|0|0|0||| |0|0|| |-  -|0|1236828|1236828|1236828|1236828|1236828|1236828|1236828|1236828|1236828|1236828|1143036|699684|0||0|||1|0|00
2026|01|662788|015|08|WA|4719|EBA|35|01|2|994|001| A|512211|185|A|0|0| |0||||5|Uang makan Lembur Golongan III|19|ORG|30|HR|1|FREK|0||570|OH|33387|19030000|0|0|0|0||0|0|0|0||| |0|0|| |-  -|0|1656241|1656241|1656241|1656241|1656241|1656241|1656241|1656241|1656241|1656241|1530643|936947|0||0|||1|0|00
2026|01|662788|015|08|WA|4719|EBA|35|01|2|994|001| A|512211|185|A|0|0| |0||||6|Uang makan Lembur Golongan IV|5|ORG|30|HR|1|FREK|0||150|OH|36994|5549000|0|0|0|0||0|0|0|0||| |0|0|| |-  -|0|482946|482946|482946|482946|482946|482946|482946|482946|482946|482946|446324|273216|0||0|||1|0|00
2026|01|662788|015|08|WA|4719|EBC|35|01|2|001|100|XC|521211|185|A|0|0| |0|01||1|1|In House Training|0||0||0||0||0||0|0|0|0|0|0||0|0|0|0||| |0|0|| |-  -|0|0|0|0|0|0|0|0|0|0|0|0|0|0||0|||1|0|00
2026|01|662788|015|08|WA|4719|EBC|35|01|2|001|100|XC|521211|185|A|0|0| |0|01|||2|KDM  Konsumsi Makan|44|ORG|1|KEG|0|0|0|0|44|OK|44523|1959000|0|0|0|0||0|0|0|0||| |0|0|| |-  -|0|268579|268579|268579|268579|268579|268579|268579|78947|0|0|0|0|0||0|||1|0|00
2026|01|662788|015|08|WA|4719|EBC|35|01|2|001|100|XC|521211|185|A|0|0| |0|01|||3|KDM  Konsumsi Snack|44|ORG|1|KEG|0|0|0|0|44|OK|18478|813000|0|0|0|0||0|0|0|0||| |0|0|| |-  -|0|111463|111463|111463|111463|111463|111463|111463|32759|0|0|0|0|0||0|||1|0|00
2026|01|662788|015|08|WA|4719|EBC|35|01|2|001|100|XC|521211|185|A|0|0| |0|01|||4|CTK  Barang Habis Pakai|44|ORG|1|KEG|0|0|0|0|44|OK|42000|1848000|0|0|0|0||0|0|0|0||| |0|0|| |-  -|0|253361|253361|253361|253361|253361|253361|253361|74473|0|0|0|0|0||0|||1|0|00
2026|01|662788|015|08|WA|4719|EBC|35|01|2|001|100|XC|521211|185|A|0|0| |0|02||1|5|Data Analitik|0||0||0||0||0||0|0|0|0|0|0||0|0|0|0||| |0|0|| |-  -|0|0|0|0|0|0|0|0|0|0|0|0|0|0||0|||1|0|00
2026|01|662788|015|08|WA|4719|EBC|35|01|2|001|100|XC|521211|185|A|0|0| |0|02|||6|KDM  Konsumsi Makan|20|ORG|2|KEG|0|0|0|0|40|OK|44525|1781000|0|0|0|0||0|0|0|0||| |0|0|| |-  -|0|244176|244176|244176|244176|244176|244176|244176|71768|0|0|0|0|0||0|||1|0|00
2026|01|662788|015|08|WA|4719|EBC|35|01|2|001|100|XC|521211|185|A|0|0| |0|02|||7|KDM  Konsumsi Snack|20|ORG|2|KEG|0|0|0|0|40|OK|18475|739000|0|0|0|0||0|0|0|0||| |0|0|| |-  -|0|101317|101317|101317|101317|101317|101317|101317|29781|0|0|0|0|0||0|||1|0|00
2026|01|662788|015|08|WA|4719|EBC|35|01|2|001|100|XC|522151|185|A|0|0| |0|01||1|1|Peningkatan Kapasitas SDM|0||0||0||0||0||0|0|0|0|0|0||0|0|0|0||| |0|0|| |-  -|0|0|0|0|0|0|0|0|0|0|0|0|0|0||0|||1|0|00
2026|01|662788|015|08|WA|4719|EBC|35|01|2|001|100|XC|522151|185|A|0|0| |0|01|||2|Honor Narasumber|1|ORG|2|JAM|3|KEG|0||6|OJ|900000|5400000|0|0|0|0||0|0|0|0||| |0|0|| |-  -|0|740341|740341|740341|740341|740341|740341|740341|217613|0|0|0|0|0||0|||1|0|00
2026|01|662788|015|08|WA|4719|EBC|35|01|2|001|100|XC|524113|185|A|0|0| |0|01||1|1|Perjalanan Dinas dalam rangka Peningkatan Kapasitas SDM|0||0||0||0||0||0|0|0|0|0|0||0|0|0|0||| |0|0|| |-  -|0|0|0|0|0|0|0|0|0|0|0|0|0|0||0|||1|0|00
2026|01|662788|015|08|WA|4719|EBC|35|01|2|001|100|XC|524113|185|A|0|0| |0|01|||2|Transport lokal narasumber|1|ORG|3|FREK|0||0||3|OK|131668|395000|0|0|0|0||0|0|0|0||| |0|0|| |-  -|0|54155|54155|54155|54155|54155|54155|54155|15915|0|0|0|0|0||0|||1|0|00
2026|01|662788|015|08|WA|4722|EBD|35|01|2|001|100| A|521211|185|A|0|0| |0||||1|KDM  Konsumsi Makan Peserta KPPN|3|KPPN|2|ORG|2|KEG|0||12|OK|44500|534000|0|0|0|0||0|0|0|0||| |0|0|| |-  -|0|70878|70878|70878|70878|70878|70878|70878|37854|0|0|0|0|0||0|||1|0|00
2026|01|662788|015|08|WA|4722|EBD|35|01|2|001|100| A|521211|185|A|0|0| |0||||2|KDM  Konsumsi Snack Peserta KPPN|3|KPPN|2|ORG|2|KEG|0||12|OK|18500|222000|0|0|0|0||0|0|0|0||| |0|0|| |-  -|0|29466|29466|29466|29466|29466|29466|29466|15738|0|0|0|0|0||0|||1|0|00
2026|01|662788|015|08|WA|4722|EBD|35|01|2|001|100| A|521211|185|A|0|0| |0||||3|KDM  Konsumsi Makan Peserta Kanwil|1|FREK|7|ORG|2|KEG|0||14|OK|44500|623000|0|0|0|0||0|0|0|0||| |0|0|| |-  -|0|82691|82691|82691|82691|82691|82691|82691|44163|0|0|0|0|0||0|||1|0|00
2026|01|662788|015|08|WA|4722|EBD|35|01|2|001|100| A|521211|185|A|0|0| |0||||4|KDM  Konsumsi Makan Peserta Kanwil|1|FREK|7|ORG|2|KEG|0||14|OK|18500|259000|0|0|0|0||0|0|0|0||| |0|0|| |-  -|0|34377|34377|34377|34377|34377|34377|34377|18361|0|0|0|0|0||0|||1|0|00
2026|01|662788|015|08|WA|4722|EBD|35|01|2|001|100| B|524111|185|A|0|0| |0||||1|Transport|1|KPPN|2|ORG|1|FREK|0||2|OK|581000|1162000|0|0|0|0||0|0|0|0||| |0|0|| |-  -|0|154232|154232|154232|154232|154232|154232|154232|82376|0|0|0|0|0||0|||1|0|00
2026|01|662788|015|08|WA|4722|EBD|35|01|2|001|100| B|524111|185|A|0|0| |0||||2|Akomodasi|1|KPPN|2|ORG|1|FREK|1|HR|2|OK|700500|1401000|0|0|0|0||0|0|0|0||| |0|0|| |-  -|0|185955|185955|185955|185955|185955|185955|185955|99315|0|0|0|0|0||0|||1|0|00
2026|01|662788|015|08|WA|4722|EBD|35|01|2|001|100| B|524111|185|A|0|0| |0||||3|Uang Harian|1|KPPN|2|ORG|1|FREK|2|HR|4|OH|266500|1066000|0|0|0|0||0|0|0|0||| |0|0|| |-  -|0|141490|141490|141490|141490|141490|141490|141490|75570|0|0|0|0|0||0|||1|0|00
2026|01|662788|015|08|WA|4722|EBD|35|01|2|001|100| B|524113|185|A|0|0| |0||||1|Transport Lokal|2|ORG|1|FREK|1|HR|0||2|OK|131500|263000|0|0|0|0||0|0|0|0||| |0|0|| |-  -|0|34908|34908|34908|34908|34908|34908|34908|18644|0|0|0|0|0||0|||1|0|00
